PP	0	00:00:01.171	Cazyxio_v4.3 (EURUSD,M15)	2026.03.20 06:00:01 | SESSION_WAIT | SYSTEM | Outside session. UTC_hour=6 Waiting.
JR	0	00:00:01.665	Cazyxio_v4.3 (EURUSD,M15)	2026.03.20 06:00:01 | HEARTBEAT | SYSTEM | EA alive. Tick=266400 Equity=44981.60 OpenPos=1 PendingOrders=0 UTC=2026.03.20 06:00 DayOfWeek=5 WeekendCloseActive=NO NewTradeBlocked=YES | 266400.000000
KD	0	00:02:13.351	Cazyxio_v4.3 (EURUSD,M15)	2026.03.20 06:02:13 | HEARTBEAT | SYSTEM | EA alive. Tick=266500 Equity=45008.28 OpenPos=1 PendingOrders=0 UTC=2026.03.20 06:02 DayOfWeek=5 WeekendCloseActive=NO NewTradeBlocked=YES | 266500.000000
IF	0	00:05:30.755	Cazyxio_v4.3 (EURUSD,M15)	2026.03.20 06:05:30 | HEARTBEAT | SYSTEM | EA alive. Tick=266600 Equity=45028.52 OpenPos=1 PendingOrders=0 UTC=2026.03.20 06:05 DayOfWeek=5 WeekendCloseActive=NO NewTradeBlocked=YES | 266600.000000
EI	0	00:08:09.809	Cazyxio_v4.3 (EURUSD,M15)	2026.03.20 06:08:09 | HEARTBEAT | SYSTEM | EA alive. Tick=266700 Equity=45040.48 OpenPos=1 PendingOrders=0 UTC=2026.03.20 06:08 DayOfWeek=5 WeekendCloseActive=NO NewTradeBlocked=YES | 266700.000000
RK	0	00:09:45.829	Cazyxio_v4.3 (EURUSD,M15)	2026.03.20 06:09:45 | HEARTBEAT | SYSTEM | EA alive. Tick=266800 Equity=45034.96 OpenPos=1 PendingOrders=0 UTC=2026.03.20 06:09 DayOfWeek=5 WeekendCloseActive=NO NewTradeBlocked=YES | 266800.000000
NJ	0	00:11:25.799	Cazyxio_v4.3 (EURUSD,M15)	2026.03.20 06:11:25 | HEARTBEAT | SYSTEM | EA alive. Tick=266900 Equity=45029.44 OpenPos=1 PendingOrders=0 UTC=2026.03.20 06:11 DayOfWeek=5 WeekendCloseActive=NO NewTradeBlocked=YES | 266900.000000
ML	0	00:13:19.659	Cazyxio_v4.3 (EURUSD,M15)	2026.03.20 06:13:19 | HEARTBEAT | SYSTEM | EA alive. Tick=267000 Equity=45034.04 OpenPos=1 PendingOrders=0 UTC=2026.03.20 06:13 DayOfWeek=5 WeekendCloseActive=NO NewTradeBlocked=YES | 267000.000000
IN	0	00:15:24.690	Cazyxio_v4.3 (EURUSD,M15)	2026.03.20 06:15:24 | HEARTBEAT | SYSTEM | EA alive. Tick=267100 Equity=45025.76 OpenPos=1 PendingOrders=0 UTC=2026.03.20 06:15 DayOfWeek=5 WeekendCloseActive=NO NewTradeBlocked=YES | 267100.000000
PQ	0	00:17:03.397	Cazyxio_v4.3 (EURUSD,M15)	2026.03.20 06:17:03 | HEARTBEAT | SYSTEM | EA alive. Tick=267200 Equity=45033.12 OpenPos=1 PendingOrders=0 UTC=2026.03.20 06:17 DayOfWeek=5 WeekendCloseActive=NO NewTradeBlocked=YES | 267200.000000
QS	0	00:19:11.734	Cazyxio_v4.3 (EURUSD,M15)	2026.03.20 06:19:11 | HEARTBEAT | SYSTEM | EA alive. Tick=267300 Equity=45038.64 OpenPos=1 PendingOrders=0 UTC=2026.03.20 06:19 DayOfWeek=5 WeekendCloseActive=NO NewTradeBlocked=YES | 267300.000000
FE	0	00:21:08.325	Cazyxio_v4.3 (EURUSD,M15)	2026.03.20 06:21:08 | HEARTBEAT | SYSTEM | EA alive. Tick=267400 Equity=45003.68 OpenPos=1 PendingOrders=0 UTC=2026.03.20 06:21 DayOfWeek=5 WeekendCloseActive=NO NewTradeBlocked=YES | 267400.000000
FD	0	00:22:38.386	Cazyxio_v4.3 (EURUSD,M15)	2026.03.20 06:22:38 | HEARTBEAT | SYSTEM | EA alive. Tick=267500 Equity=45001.84 OpenPos=1 PendingOrders=0 UTC=2026.03.20 06:22 DayOfWeek=5 WeekendCloseActive=NO NewTradeBlocked=YES | 267500.000000
QF	0	00:24:39.976	Cazyxio_v4.3 (EURUSD,M15)	2026.03.20 06:24:39 | HEARTBEAT | SYSTEM | EA alive. Tick=267600 Equity=45018.40 OpenPos=1 PendingOrders=0 UTC=2026.03.20 06:24 DayOfWeek=5 WeekendCloseActive=NO NewTradeBlocked=YES | 267600.000000
HI	0	00:27:44.243	Cazyxio_v4.3 (EURUSD,M15)	2026.03.20 06:27:44 | HEARTBEAT | SYSTEM | EA alive. Tick=267700 Equity=45005.52 OpenPos=1 PendingOrders=0 UTC=2026.03.20 06:27 DayOfWeek=5 WeekendCloseActive=NO NewTradeBlocked=YES | 267700.000000
CK	0	00:30:16.723	Cazyxio_v4.3 (EURUSD,M15)	2026.03.20 06:30:16 | HEARTBEAT | SYSTEM | EA alive. Tick=267800 Equity=45016.56 OpenPos=1 PendingOrders=0 UTC=2026.03.20 06:30 DayOfWeek=5 WeekendCloseActive=NO NewTradeBlocked=YES | 267800.000000
OM	0	00:31:22.945	Cazyxio_v4.3 (EURUSD,M15)	2026.03.20 06:31:22 | HEARTBEAT | SYSTEM | EA alive. Tick=267900 Equity=45003.68 OpenPos=1 PendingOrders=0 UTC=2026.03.20 06:31 DayOfWeek=5 WeekendCloseActive=NO NewTradeBlocked=YES | 267900.000000
DL	0	00:32:29.322	Cazyxio_v4.3 (EURUSD,M15)	2026.03.20 06:32:29 | HEARTBEAT | SYSTEM | EA alive. Tick=268000 Equity=45006.44 OpenPos=1 PendingOrders=0 UTC=2026.03.20 06:32 DayOfWeek=5 WeekendCloseActive=NO NewTradeBlocked=YES | 268000.000000
CN	0	00:33:56.296	Cazyxio_v4.3 (EURUSD,M15)	2026.03.20 06:33:56 | HEARTBEAT | SYSTEM | EA alive. Tick=268100 Equity=45010.12 OpenPos=1 PendingOrders=0 UTC=2026.03.20 06:33 DayOfWeek=5 WeekendCloseActive=NO NewTradeBlocked=YES | 268100.000000
OP	0	00:36:17.402	Cazyxio_v4.3 (EURUSD,M15)	2026.03.20 06:36:17 | HEARTBEAT | SYSTEM | EA alive. Tick=268200 Equity=44996.32 OpenPos=1 PendingOrders=0 UTC=2026.03.20 06:36 DayOfWeek=5 WeekendCloseActive=NO NewTradeBlocked=YES | 268200.000000
OS	0	00:39:02.268	Cazyxio_v4.3 (EURUSD,M15)	2026.03.20 06:39:02 | HEARTBEAT | SYSTEM | EA alive. Tick=268300 Equity=44989.88 OpenPos=1 PendingOrders=0 UTC=2026.03.20 06:39 DayOfWeek=5 WeekendCloseActive=NO NewTradeBlocked=YES | 268300.000000
HE	0	00:40:42.109	Cazyxio_v4.3 (EURUSD,M15)	2026.03.20 06:40:42 | HEARTBEAT | SYSTEM | EA alive. Tick=268400 Equity=44987.12 OpenPos=1 PendingOrders=0 UTC=2026.03.20 06:40 DayOfWeek=5 WeekendCloseActive=NO NewTradeBlocked=YES | 268400.000000
OD	0	00:42:47.153	Cazyxio_v4.3 (EURUSD,M15)	2026.03.20 06:42:47 | HEARTBEAT | SYSTEM | EA alive. Tick=268500 Equity=44961.36 OpenPos=1 PendingOrders=0 UTC=2026.03.20 06:42 DayOfWeek=5 WeekendCloseActive=NO NewTradeBlocked=YES | 268500.000000
FF	0	00:44:23.190	Cazyxio_v4.3 (EURUSD,M15)	2026.03.20 06:44:23 | HEARTBEAT | SYSTEM | EA alive. Tick=268600 Equity=44956.76 OpenPos=1 PendingOrders=0 UTC=2026.03.20 06:44 DayOfWeek=5 WeekendCloseActive=NO NewTradeBlocked=YES | 268600.000000
RH	0	00:46:06.385	Cazyxio_v4.3 (EURUSD,M15)	2026.03.20 06:46:06 | HEARTBEAT | SYSTEM | EA alive. Tick=268700 Equity=44947.56 OpenPos=1 PendingOrders=0 UTC=2026.03.20 06:46 DayOfWeek=5 WeekendCloseActive=NO NewTradeBlocked=YES | 268700.000000
HK	0	00:47:41.906	Cazyxio_v4.3 (EURUSD,M15)	2026.03.20 06:47:41 | HEARTBEAT | SYSTEM | EA alive. Tick=268800 Equity=44950.32 OpenPos=1 PendingOrders=0 UTC=2026.03.20 06:47 DayOfWeek=5 WeekendCloseActive=NO NewTradeBlocked=YES | 268800.000000
RM	0	00:50:08.659	Cazyxio_v4.3 (EURUSD,M15)	2026.03.20 06:50:08 | HEARTBEAT | SYSTEM | EA alive. Tick=268900 Equity=44943.88 OpenPos=1 PendingOrders=0 UTC=2026.03.20 06:50 DayOfWeek=5 WeekendCloseActive=NO NewTradeBlocked=YES | 268900.000000
FO	0	00:53:11.604	Cazyxio_v4.3 (EURUSD,M15)	2026.03.20 06:53:11 | HEARTBEAT | SYSTEM | EA alive. Tick=269000 Equity=44940.20 OpenPos=1 PendingOrders=0 UTC=2026.03.20 06:53 DayOfWeek=5 WeekendCloseActive=NO NewTradeBlocked=YES | 269000.000000
JN	0	00:55:28.814	Cazyxio_v4.3 (EURUSD,M15)	2026.03.20 06:55:28 | HEARTBEAT | SYSTEM | EA alive. Tick=269100 Equity=44933.76 OpenPos=1 PendingOrders=0 UTC=2026.03.20 06:55 DayOfWeek=5 WeekendCloseActive=NO NewTradeBlocked=YES | 269100.000000
NP	0	00:57:22.055	Cazyxio_v4.3 (EURUSD,M15)	2026.03.20 06:57:22 | HEARTBEAT | SYSTEM | EA alive. Tick=269200 Equity=44928.24 OpenPos=1 PendingOrders=0 UTC=2026.03.20 06:57 DayOfWeek=5 WeekendCloseActive=NO NewTradeBlocked=YES | 269200.000000
DS	0	00:58:52.030	Cazyxio_v4.3 (EURUSD,M15)	2026.03.20 06:58:52 | HEARTBEAT | SYSTEM | EA alive. Tick=269300 Equity=44946.64 OpenPos=1 PendingOrders=0 UTC=2026.03.20 06:58 DayOfWeek=5 WeekendCloseActive=NO NewTradeBlocked=YES | 269300.000000
NI	0	01:00:01.032	Cazyxio_v4.3 (EURUSD,M15)	2026.03.20 07:00:01 | SESSION_ACTIVE | SYSTEM | Session now ACTIVE. UTC_hour=7 Trading enabled.
RN	0	01:02:21.398	Cazyxio_v4.3 (EURUSD,M15)	2026.03.20 07:02:21 | GATE_FAIL | GBPUSD | CopyBuffer failed for Daily EMA200.
RN	0	01:04:41.793	Cazyxio_v4.3 (EURUSD,M15)	2026.03.20 07:04:41 | GATE_FAIL | EURUSD | CopyBuffer failed for Daily EMA200.
KN	0	01:07:02.267	Cazyxio_v4.3 (EURUSD,M15)	2026.03.20 07:07:02 | GATE_FAIL | USDJPY | CopyBuffer failed for Daily EMA200.
RJ	0	01:07:02.267	Cazyxio_v4.3 (EURUSD,M15)	2026.03.20 07:07:02 | BAR | AUDUSD | close=0.70789 h4ema200=0.70277 h4slope=UP dailyEMA200=0.67216 adx=18.6 ema50=0.70785 distToEMA50=0.4pips touchSeq=2 atr=0.000569 atrRatio=0.582 dir=LONG spread=19.0 spreadOK=YES atrGate=FAIL touch=PASS momCandle=momClosePos=0.455 momOk=N ema50Ok=Y barRange=0.000440 zeroRangeBar=NO trigger=NO hasPos=YES portRisk=0.49% openPos=1 | 0.707890
OO	0	01:07:02.267	Cazyxio_v4.3 (EURUSD,M15)	2026.03.20 07:07:02 | POSITION_HEALTH | AUDUSD | ticket=4557363 dir=LONG openPrice=0.70361 curPrice=0.70802 unrealPnL=405.72 curR=1.840 MFE=63.4pips MAE=4.5pips timeOpen=999min SL=0.70721 TP=0.71200
IM	0	01:07:02.267	Cazyxio_v4.3 (EURUSD,M15)	2026.03.20 07:07:02 | BAR | GBPJPY | close=212.308 h4ema200=211.076 h4slope=UP dailyEMA200=205.129 adx=17.4 ema50=212.068 distToEMA50=24.0pips touchSeq=0 atr=0.072429 atrRatio=0.416 dir=LONG spread=38.0 spreadOK=NO atrGate=FAIL touch=FAIL momCandle=momClosePos=0.510 momOk=N ema50Ok=Y barRange=0.104000 zeroRangeBar=NO trigger=NO hasPos=NO portRisk=0.49% openPos=1 | 212.308000
EN	0	01:07:02.267	Cazyxio_v4.3 (EURUSD,M15)	2026.03.20 07:07:02 | GATE_FAIL | GBPJPY | Spread too wide. Spread=38.0 Max=30 points.
ND	0	01:07:02.267	Cazyxio_v4.3 (EURUSD,M15)	2026.03.20 07:07:02 | BAR | USDCAD | close=1.37367 h4ema200=1.36738 h4slope=UP dailyEMA200=1.38076 adx=25.1 ema50=1.37319 distToEMA50=4.8pips touchSeq=0 atr=0.000384 atrRatio=0.496 dir=NONE spread=27.0 spreadOK=YES atrGate=FAIL touch=FAIL momCandle= zeroRangeBar=NO trigger=NO hasPos=NO portRisk=0.49% openPos=1 | 1.373670
FS	0	01:07:02.267	Cazyxio_v4.3 (EURUSD,M15)	2026.03.20 07:07:02 | GATE_FAIL | USDCAD | No directional bias. h4slope=UP closeNow=1.37367 h4ema200=1.36738 dailyEMA200=1.38076
JI	0	01:07:18.442	Cazyxio_v4.3 (EURUSD,M15)	2026.03.20 07:07:18 | HEARTBEAT | SYSTEM | EA alive. Tick=269400 Equity=44956.76 OpenPos=1 PendingOrders=0 UTC=2026.03.20 07:07 DayOfWeek=5 WeekendCloseActive=NO NewTradeBlocked=YES | 269400.000000
NH	0	01:08:22.118	Cazyxio_v4.3 (EURUSD,M15)	2026.03.20 07:08:22 | HEARTBEAT | SYSTEM | EA alive. Tick=269500 Equity=44990.80 OpenPos=1 PendingOrders=0 UTC=2026.03.20 07:08 DayOfWeek=5 WeekendCloseActive=NO NewTradeBlocked=YES | 269500.000000
NJ	0	01:09:37.187	Cazyxio_v4.3 (EURUSD,M15)	2026.03.20 07:09:37 | HEARTBEAT | SYSTEM | EA alive. Tick=269600 Equity=44995.40 OpenPos=1 PendingOrders=0 UTC=2026.03.20 07:09 DayOfWeek=5 WeekendCloseActive=NO NewTradeBlocked=YES | 269600.000000
RM	0	01:10:41.081	Cazyxio_v4.3 (EURUSD,M15)	2026.03.20 07:10:41 | HEARTBEAT | SYSTEM | EA alive. Tick=269700 Equity=44992.64 OpenPos=1 PendingOrders=0 UTC=2026.03.20 07:10 DayOfWeek=5 WeekendCloseActive=NO NewTradeBlocked=YES | 269700.000000
DO	0	01:11:51.171	Cazyxio_v4.3 (EURUSD,M15)	2026.03.20 07:11:51 | HEARTBEAT | SYSTEM | EA alive. Tick=269800 Equity=45015.64 OpenPos=1 PendingOrders=0 UTC=2026.03.20 07:11 DayOfWeek=5 WeekendCloseActive=NO NewTradeBlocked=YES | 269800.000000
NQ	0	01:13:01.490	Cazyxio_v4.3 (EURUSD,M15)	2026.03.20 07:13:01 | HEARTBEAT | SYSTEM | EA alive. Tick=269900 Equity=44998.16 OpenPos=1 PendingOrders=0 UTC=2026.03.20 07:13 DayOfWeek=5 WeekendCloseActive=NO NewTradeBlocked=YES | 269900.000000
KP	0	01:14:23.496	Cazyxio_v4.3 (EURUSD,M15)	2026.03.20 07:14:23 | HEARTBEAT | SYSTEM | EA alive. Tick=270000 Equity=45005.52 OpenPos=1 PendingOrders=0 UTC=2026.03.20 07:14 DayOfWeek=5 WeekendCloseActive=NO NewTradeBlocked=YES | 270000.000000
EO	0	01:17:21.456	Cazyxio_v4.3 (EURUSD,M15)	2026.03.20 07:17:21 | GATE_FAIL | GBPUSD | CopyBuffer failed for Daily EMA200.
CN	0	01:19:41.875	Cazyxio_v4.3 (EURUSD,M15)	2026.03.20 07:19:41 | GATE_FAIL | EURUSD | CopyBuffer failed for Daily EMA200.
CI	0	01:22:02.254	Cazyxio_v4.3 (EURUSD,M15)	2026.03.20 07:22:02 | GATE_FAIL | USDJPY | CopyBuffer failed for Daily EMA200.
KG	0	01:22:02.255	Cazyxio_v4.3 (EURUSD,M15)	2026.03.20 07:22:02 | BAR | AUDUSD | close=0.70862 h4ema200=0.70278 h4slope=UP dailyEMA200=0.67217 adx=18.6 ema50=0.70791 distToEMA50=7.1pips touchSeq=0 atr=0.000611 atrRatio=0.624 dir=LONG spread=18.0 spreadOK=YES atrGate=FAIL touch=PASS momCandle=momClosePos=0.923 momOk=Y ema50Ok=Y barRange=0.001300 zeroRangeBar=NO trigger=YES hasPos=YES portRisk=0.49% openPos=1 | 0.708620
NS	0	01:22:02.255	Cazyxio_v4.3 (EURUSD,M15)	2026.03.20 07:22:02 | POSITION_HEALTH | AUDUSD | ticket=4557363 dir=LONG openPrice=0.70361 curPrice=0.70886 unrealPnL=483.00 curR=2.191 MFE=63.4pips MAE=4.5pips timeOpen=1014min SL=0.70721 TP=0.71200
NL	0	01:22:02.383	Cazyxio_v4.3 (EURUSD,M15)	2026.03.20 07:22:02 | TRAIL_MOVED | AUDUSD | BUY trail moved. oldSL=0.70721 newSL=0.70764 bid=0.70886 MFE=0.00634 ticket=4557363
LJ	0	01:22:02.383	Cazyxio_v4.3 (EURUSD,M15)	2026.03.20 07:22:02 | BAR | GBPJPY | close=212.454 h4ema200=211.077 h4slope=UP dailyEMA200=205.130 adx=18.5 ema50=212.087 distToEMA50=36.7pips touchSeq=0 atr=0.079071 atrRatio=0.454 dir=LONG spread=41.0 spreadOK=NO atrGate=FAIL touch=FAIL momCandle=momClosePos=0.784 momOk=Y ema50Ok=Y barRange=0.236000 zeroRangeBar=NO trigger=YES hasPos=NO portRisk=0.49% openPos=1 | 212.454000
LD	0	01:22:02.383	Cazyxio_v4.3 (EURUSD,M15)	2026.03.20 07:22:02 | GATE_FAIL | GBPJPY | Spread too wide. Spread=41.0 Max=30 points.
HI	0	01:22:02.383	Cazyxio_v4.3 (EURUSD,M15)	2026.03.20 07:22:02 | BAR | USDCAD | close=1.37269 h4ema200=1.36737 h4slope=UP dailyEMA200=1.38076 adx=25.0 ema50=1.37315 distToEMA50=4.6pips touchSeq=1 atr=0.000437 atrRatio=0.565 dir=NONE spread=23.0 spreadOK=YES atrGate=FAIL touch=FAIL momCandle= zeroRangeBar=NO trigger=NO hasPos=NO portRisk=0.49% openPos=1 | 1.372690
IF	0	01:22:02.383	Cazyxio_v4.3 (EURUSD,M15)	2026.03.20 07:22:02 | GATE_FAIL | USDCAD | No directional bias. h4slope=UP closeNow=1.37269 h4ema200=1.36737 dailyEMA200=1.38076
NS	0	01:23:00.406	Cazyxio_v4.3 (EURUSD,M15)	2026.03.20 07:23:00 | HEARTBEAT | SYSTEM | EA alive. Tick=270100 Equity=45030.36 OpenPos=1 PendingOrders=0 UTC=2026.03.20 07:23 DayOfWeek=5 WeekendCloseActive=NO NewTradeBlocked=YES | 270100.000000
RE	0	01:24:18.976	Cazyxio_v4.3 (EURUSD,M15)	2026.03.20 07:24:18 | HEARTBEAT | SYSTEM | EA alive. Tick=270200 Equity=45038.64 OpenPos=1 PendingOrders=0 UTC=2026.03.20 07:24 DayOfWeek=5 WeekendCloseActive=NO NewTradeBlocked=YES | 270200.000000
RD	0	01:25:24.722	Cazyxio_v4.3 (EURUSD,M15)	2026.03.20 07:25:24 | HEARTBEAT | SYSTEM | EA alive. Tick=270300 Equity=45003.68 OpenPos=1 PendingOrders=0 UTC=2026.03.20 07:25 DayOfWeek=5 WeekendCloseActive=NO NewTradeBlocked=YES | 270300.000000
GF	0	01:26:23.407	Cazyxio_v4.3 (EURUSD,M15)	2026.03.20 07:26:23 | HEARTBEAT | SYSTEM | EA alive. Tick=270400 Equity=45011.96 OpenPos=1 PendingOrders=0 UTC=2026.03.20 07:26 DayOfWeek=5 WeekendCloseActive=NO NewTradeBlocked=YES | 270400.000000
GI	0	01:27:23.401	Cazyxio_v4.3 (EURUSD,M15)	2026.03.20 07:27:23 | HEARTBEAT | SYSTEM | EA alive. Tick=270500 Equity=45007.36 OpenPos=1 PendingOrders=0 UTC=2026.03.20 07:27 DayOfWeek=5 WeekendCloseActive=NO NewTradeBlocked=YES | 270500.000000
MK	0	01:28:42.159	Cazyxio_v4.3 (EURUSD,M15)	2026.03.20 07:28:42 | HEARTBEAT | SYSTEM | EA alive. Tick=270600 Equity=45028.52 OpenPos=1 PendingOrders=0 UTC=2026.03.20 07:28 DayOfWeek=5 WeekendCloseActive=NO NewTradeBlocked=YES | 270600.000000
CM	0	01:29:49.803	Cazyxio_v4.3 (EURUSD,M15)	2026.03.20 07:29:49 | HEARTBEAT | SYSTEM | EA alive. Tick=270700 Equity=45024.84 OpenPos=1 PendingOrders=0 UTC=2026.03.20 07:29 DayOfWeek=5 WeekendCloseActive=NO NewTradeBlocked=YES | 270700.000000
OQ	0	01:32:21.542	Cazyxio_v4.3 (EURUSD,M15)	2026.03.20 07:32:21 | GATE_FAIL | GBPUSD | CopyBuffer failed for Daily EMA200.
KS	0	01:34:41.923	Cazyxio_v4.3 (EURUSD,M15)	2026.03.20 07:34:41 | GATE_FAIL | EURUSD | CopyBuffer failed for Daily EMA200.
DS	0	01:37:02.383	Cazyxio_v4.3 (EURUSD,M15)	2026.03.20 07:37:02 | GATE_FAIL | USDJPY | CopyBuffer failed for Daily EMA200.
GQ	0	01:37:02.383	Cazyxio_v4.3 (EURUSD,M15)	2026.03.20 07:37:02 | BAR | AUDUSD | close=0.70873 h4ema200=0.70279 h4slope=UP dailyEMA200=0.67217 adx=18.6 ema50=0.70797 distToEMA50=7.6pips touchSeq=0 atr=0.000651 atrRatio=0.665 dir=LONG spread=15.0 spreadOK=YES atrGate=FAIL touch=PASS momCandle=momClosePos=0.412 momOk=N ema50Ok=Y barRange=0.000510 zeroRangeBar=NO trigger=NO hasPos=YES portRisk=0.49% openPos=1 | 0.708730
RI	0	01:37:02.383	Cazyxio_v4.3 (EURUSD,M15)	2026.03.20 07:37:02 | POSITION_HEALTH | AUDUSD | ticket=4557363 dir=LONG openPrice=0.70361 curPrice=0.70941 unrealPnL=533.60 curR=2.420 MFE=63.4pips MAE=4.5pips timeOpen=1029min SL=0.70764 TP=0.71200
DF	0	01:37:02.509	Cazyxio_v4.3 (EURUSD,M15)	2026.03.20 07:37:02 | TRAIL_MOVED | AUDUSD | BUY trail moved. oldSL=0.70764 newSL=0.70811 bid=0.70941 MFE=0.00634 ticket=4557363
NG	0	01:37:02.509	Cazyxio_v4.3 (EURUSD,M15)	2026.03.20 07:37:02 | BAR | GBPJPY | close=212.551 h4ema200=211.078 h4slope=UP dailyEMA200=205.130 adx=18.6 ema50=212.107 distToEMA50=44.4pips touchSeq=0 atr=0.081286 atrRatio=0.467 dir=LONG spread=39.0 spreadOK=NO atrGate=FAIL touch=FAIL momCandle=momClosePos=0.828 momOk=Y ema50Ok=Y barRange=0.122000 zeroRangeBar=NO trigger=YES hasPos=NO portRisk=0.49% openPos=1 | 212.551000
MS	0	01:37:02.509	Cazyxio_v4.3 (EURUSD,M15)	2026.03.20 07:37:02 | GATE_FAIL | GBPJPY | Spread too wide. Spread=39.0 Max=30 points.
RO	0	01:37:02.510	Cazyxio_v4.3 (EURUSD,M15)	2026.03.20 07:37:02 | BAR | USDCAD | close=1.37261 h4ema200=1.36737 h4slope=UP dailyEMA200=1.38075 adx=24.8 ema50=1.37311 distToEMA50=5.0pips touchSeq=2 atr=0.000459 atrRatio=0.593 dir=NONE spread=26.0 spreadOK=YES atrGate=FAIL touch=FAIL momCandle= zeroRangeBar=NO trigger=NO hasPos=NO portRisk=0.49% openPos=1 | 1.372610
LL	0	01:37:02.510	Cazyxio_v4.3 (EURUSD,M15)	2026.03.20 07:37:02 | GATE_FAIL | USDCAD | No directional bias. h4slope=UP closeNow=1.37261 h4ema200=1.36737 dailyEMA200=1.38075
EM	0	01:38:11.953	Cazyxio_v4.3 (EURUSD,M15)	2026.03.20 07:38:11 | HEARTBEAT | SYSTEM | EA alive. Tick=270800 Equity=45056.12 OpenPos=1 PendingOrders=0 UTC=2026.03.20 07:38 DayOfWeek=5 WeekendCloseActive=NO NewTradeBlocked=YES | 270800.000000
IO	0	01:39:54.809	Cazyxio_v4.3 (EURUSD,M15)	2026.03.20 07:39:54 | HEARTBEAT | SYSTEM | EA alive. Tick=270900 Equity=45058.88 OpenPos=1 PendingOrders=0 UTC=2026.03.20 07:39 DayOfWeek=5 WeekendCloseActive=NO NewTradeBlocked=YES | 270900.000000
OQ	0	01:41:11.531	Cazyxio_v4.3 (EURUSD,M15)	2026.03.20 07:41:11 | HEARTBEAT | SYSTEM | EA alive. Tick=271000 Equity=45076.36 OpenPos=1 PendingOrders=0 UTC=2026.03.20 07:41 DayOfWeek=5 WeekendCloseActive=NO NewTradeBlocked=YES | 271000.000000
JP	0	01:42:36.230	Cazyxio_v4.3 (EURUSD,M15)	2026.03.20 07:42:36 | HEARTBEAT | SYSTEM | EA alive. Tick=271100 Equity=45074.52 OpenPos=1 PendingOrders=0 UTC=2026.03.20 07:42 DayOfWeek=5 WeekendCloseActive=NO NewTradeBlocked=YES | 271100.000000
NR	0	01:44:21.081	Cazyxio_v4.3 (EURUSD,M15)	2026.03.20 07:44:21 | HEARTBEAT | SYSTEM | EA alive. Tick=271200 Equity=45080.04 OpenPos=1 PendingOrders=0 UTC=2026.03.20 07:44 DayOfWeek=5 WeekendCloseActive=NO NewTradeBlocked=YES | 271200.000000
PI	0	01:47:24.349	Cazyxio_v4.3 (EURUSD,M15)	2026.03.20 07:47:24 | GATE_FAIL | GBPUSD | CopyBuffer failed for Daily EMA200.
IH	0	01:49:44.684	Cazyxio_v4.3 (EURUSD,M15)	2026.03.20 07:49:44 | GATE_FAIL | EURUSD | CopyBuffer failed for Daily EMA200.
OK	0	01:52:05.108	Cazyxio_v4.3 (EURUSD,M15)	2026.03.20 07:52:05 | GATE_FAIL | USDJPY | CopyBuffer failed for Daily EMA200.
GF	0	01:52:05.108	Cazyxio_v4.3 (EURUSD,M15)	2026.03.20 07:52:05 | BAR | AUDUSD | close=0.70944 h4ema200=0.70279 h4slope=UP dailyEMA200=0.67218 adx=21.2 ema50=0.70803 distToEMA50=14.1pips touchSeq=0 atr=0.000650 atrRatio=0.663 dir=LONG spread=17.0 spreadOK=YES atrGate=FAIL touch=PASS momCandle=momClosePos=0.926 momOk=Y ema50Ok=Y barRange=0.000810 zeroRangeBar=NO trigger=YES hasPos=YES portRisk=0.49% openPos=1 | 0.709440
LR	0	01:52:05.108	Cazyxio_v4.3 (EURUSD,M15)	2026.03.20 07:52:05 | POSITION_HEALTH | AUDUSD | ticket=4557363 dir=LONG openPrice=0.70361 curPrice=0.70954 unrealPnL=545.56 curR=2.474 MFE=63.4pips MAE=4.5pips timeOpen=1044min SL=0.70811 TP=0.71200
GO	0	01:52:05.237	Cazyxio_v4.3 (EURUSD,M15)	2026.03.20 07:52:05 | TRAIL_MOVED | AUDUSD | BUY trail moved. oldSL=0.70811 newSL=0.70824 bid=0.70954 MFE=0.00634 ticket=4557363
KL	0	01:52:05.237	Cazyxio_v4.3 (EURUSD,M15)	2026.03.20 07:52:05 | BAR | GBPJPY | close=212.592 h4ema200=211.078 h4slope=UP dailyEMA200=205.131 adx=18.8 ema50=212.127 distToEMA50=46.5pips touchSeq=0 atr=0.089357 atrRatio=0.514 dir=LONG spread=41.0 spreadOK=NO atrGate=FAIL touch=FAIL momCandle=momClosePos=0.924 momOk=Y ema50Ok=Y barRange=0.105000 zeroRangeBar=NO trigger=YES hasPos=NO portRisk=0.49% openPos=1 | 212.592000
RJ	0	01:52:05.237	Cazyxio_v4.3 (EURUSD,M15)	2026.03.20 07:52:05 | GATE_FAIL | GBPJPY | Spread too wide. Spread=41.0 Max=30 points.
HH	0	01:52:05.237	Cazyxio_v4.3 (EURUSD,M15)	2026.03.20 07:52:05 | BAR | USDCAD | close=1.37230 h4ema200=1.36737 h4slope=UP dailyEMA200=1.38075 adx=25.9 ema50=1.37307 distToEMA50=7.7pips touchSeq=0 atr=0.000469 atrRatio=0.605 dir=NONE spread=21.0 spreadOK=YES atrGate=FAIL touch=FAIL momCandle= zeroRangeBar=NO trigger=NO hasPos=NO portRisk=0.49% openPos=1 | 1.372300
RG	0	01:52:05.237	Cazyxio_v4.3 (EURUSD,M15)	2026.03.20 07:52:05 | GATE_FAIL | USDCAD | No directional bias. h4slope=UP closeNow=1.37230 h4ema200=1.36737 dailyEMA200=1.38075
LR	0	01:53:03.421	Cazyxio_v4.3 (EURUSD,M15)	2026.03.20 07:53:03 | HEARTBEAT | SYSTEM | EA alive. Tick=271300 Equity=45085.56 OpenPos=1 PendingOrders=0 UTC=2026.03.20 07:53 DayOfWeek=5 WeekendCloseActive=NO NewTradeBlocked=YES | 271300.000000
FD	0	01:54:32.688	Cazyxio_v4.3 (EURUSD,M15)	2026.03.20 07:54:32 | HEARTBEAT | SYSTEM | EA alive. Tick=271400 Equity=45069.92 OpenPos=1 PendingOrders=0 UTC=2026.03.20 07:54 DayOfWeek=5 WeekendCloseActive=NO NewTradeBlocked=YES | 271400.000000
MF	0	01:56:06.067	Cazyxio_v4.3 (EURUSD,M15)	2026.03.20 07:56:06 | HEARTBEAT | SYSTEM | EA alive. Tick=271500 Equity=45065.32 OpenPos=1 PendingOrders=0 UTC=2026.03.20 07:56 DayOfWeek=5 WeekendCloseActive=NO NewTradeBlocked=YES | 271500.000000
OI	0	01:57:43.936	Cazyxio_v4.3 (EURUSD,M15)	2026.03.20 07:57:43 | HEARTBEAT | SYSTEM | EA alive. Tick=271600 Equity=45064.40 OpenPos=1 PendingOrders=0 UTC=2026.03.20 07:57 DayOfWeek=5 WeekendCloseActive=NO NewTradeBlocked=YES | 271600.000000
HK	0	01:58:56.968	Cazyxio_v4.3 (EURUSD,M15)	2026.03.20 07:58:56 | HEARTBEAT | SYSTEM | EA alive. Tick=271700 Equity=45043.24 OpenPos=1 PendingOrders=0 UTC=2026.03.20 07:58 DayOfWeek=5 WeekendCloseActive=NO NewTradeBlocked=YES | 271700.000000
RQ	0	02:02:21.733	Cazyxio_v4.3 (EURUSD,M15)	2026.03.20 08:02:21 | GATE_FAIL | EURUSD | CopyBuffer failed for Daily EMA200.
DQ	0	02:04:42.202	Cazyxio_v4.3 (EURUSD,M15)	2026.03.20 08:04:42 | GATE_FAIL | USDJPY | CopyBuffer failed for Daily EMA200.
QS	0	02:04:42.202	Cazyxio_v4.3 (EURUSD,M15)	2026.03.20 08:04:42 | BAR | AUDUSD | close=0.70903 h4ema200=0.70278 h4slope=UP dailyEMA200=0.67217 adx=21.2 ema50=0.70805 distToEMA50=9.8pips touchSeq=0 atr=0.000669 atrRatio=0.681 dir=LONG spread=14.0 spreadOK=YES atrGate=FAIL touch=PASS momCandle=momClosePos=0.141 momOk=N ema50Ok=Y barRange=0.000710 zeroRangeBar=NO trigger=NO hasPos=YES portRisk=0.49% openPos=1 | 0.709030
OK	0	02:04:42.202	Cazyxio_v4.3 (EURUSD,M15)	2026.03.20 08:04:42 | POSITION_HEALTH | AUDUSD | ticket=4557363 dir=LONG openPrice=0.70361 curPrice=0.70905 unrealPnL=500.48 curR=2.270 MFE=63.4pips MAE=4.5pips timeOpen=1057min SL=0.70824 TP=0.71200
QE	0	02:04:42.202	Cazyxio_v4.3 (EURUSD,M15)	2026.03.20 08:04:42 | BAR | GBPJPY | close=212.525 h4ema200=211.079 h4slope=UP dailyEMA200=205.131 adx=18.8 ema50=212.145 distToEMA50=38.0pips touchSeq=0 atr=0.099071 atrRatio=0.571 dir=LONG spread=44.0 spreadOK=NO atrGate=FAIL touch=FAIL momCandle=momClosePos=0.220 momOk=N ema50Ok=Y barRange=0.186000 zeroRangeBar=NO trigger=NO hasPos=NO portRisk=0.49% openPos=1 | 212.525000
QF	0	02:04:42.202	Cazyxio_v4.3 (EURUSD,M15)	2026.03.20 08:04:42 | GATE_FAIL | GBPJPY | Spread too wide. Spread=44.0 Max=30 points.
MK	0	02:04:42.202	Cazyxio_v4.3 (EURUSD,M15)	2026.03.20 08:04:42 | BAR | USDCAD | close=1.37204 h4ema200=1.36736 h4slope=UP dailyEMA200=1.38075 adx=26.5 ema50=1.37302 distToEMA50=9.8pips touchSeq=0 atr=0.000491 atrRatio=0.632 dir=NONE spread=23.0 spreadOK=YES atrGate=FAIL touch=FAIL momCandle= zeroRangeBar=NO trigger=NO hasPos=NO portRisk=0.49% openPos=1 | 1.372040
PH	0	02:04:42.202	Cazyxio_v4.3 (EURUSD,M15)	2026.03.20 08:04:42 | GATE_FAIL | USDCAD | No directional bias. h4slope=UP closeNow=1.37204 h4ema200=1.36736 dailyEMA200=1.38075
EL	0	02:07:02.849	Cazyxio_v4.3 (EURUSD,M15)	2026.03.20 08:07:02 | GATE_FAIL | GBPUSD | CopyBuffer failed for Daily EMA200.
PP	0	02:07:10.649	Cazyxio_v4.3 (EURUSD,M15)	2026.03.20 08:07:10 | HEARTBEAT | SYSTEM | EA alive. Tick=271800 Equity=45024.84 OpenPos=1 PendingOrders=0 UTC=2026.03.20 08:07 DayOfWeek=5 WeekendCloseActive=NO NewTradeBlocked=YES | 271800.000000
QS	0	02:08:02.468	Cazyxio_v4.3 (EURUSD,M15)	2026.03.20 08:08:02 | HEARTBEAT | SYSTEM | EA alive. Tick=271900 Equity=45028.52 OpenPos=1 PendingOrders=0 UTC=2026.03.20 08:08 DayOfWeek=5 WeekendCloseActive=NO NewTradeBlocked=YES | 271900.000000
OE	0	02:08:56.470	Cazyxio_v4.3 (EURUSD,M15)	2026.03.20 08:08:56 | HEARTBEAT | SYSTEM | EA alive. Tick=272000 Equity=45022.08 OpenPos=1 PendingOrders=0 UTC=2026.03.20 08:08 DayOfWeek=5 WeekendCloseActive=NO NewTradeBlocked=YES | 272000.000000
ND	0	02:09:48.742	Cazyxio_v4.3 (EURUSD,M15)	2026.03.20 08:09:48 | HEARTBEAT | SYSTEM | EA alive. Tick=272100 Equity=45030.36 OpenPos=1 PendingOrders=0 UTC=2026.03.20 08:09 DayOfWeek=5 WeekendCloseActive=NO NewTradeBlocked=YES | 272100.000000
OF	0	02:10:39.409	Cazyxio_v4.3 (EURUSD,M15)	2026.03.20 08:10:39 | HEARTBEAT | SYSTEM | EA alive. Tick=272200 Equity=45027.60 OpenPos=1 PendingOrders=0 UTC=2026.03.20 08:10 DayOfWeek=5 WeekendCloseActive=NO NewTradeBlocked=YES | 272200.000000
OH	0	02:11:47.226	Cazyxio_v4.3 (EURUSD,M15)	2026.03.20 08:11:47 | HEARTBEAT | SYSTEM | EA alive. Tick=272300 Equity=45027.60 OpenPos=1 PendingOrders=0 UTC=2026.03.20 08:11 DayOfWeek=5 WeekendCloseActive=NO NewTradeBlocked=YES | 272300.000000
KK	0	02:13:24.916	Cazyxio_v4.3 (EURUSD,M15)	2026.03.20 08:13:24 | HEARTBEAT | SYSTEM | EA alive. Tick=272400 Equity=45049.68 OpenPos=1 PendingOrders=0 UTC=2026.03.20 08:13 DayOfWeek=5 WeekendCloseActive=NO NewTradeBlocked=YES | 272400.000000
EM	0	02:14:35.162	Cazyxio_v4.3 (EURUSD,M15)	2026.03.20 08:14:35 | HEARTBEAT | SYSTEM | EA alive. Tick=272500 Equity=45047.84 OpenPos=1 PendingOrders=0 UTC=2026.03.20 08:14 DayOfWeek=5 WeekendCloseActive=NO NewTradeBlocked=YES | 272500.000000
HR	0	02:17:21.758	Cazyxio_v4.3 (EURUSD,M15)	2026.03.20 08:17:21 | GATE_FAIL | GBPUSD | CopyBuffer failed for Daily EMA200.
GS	0	02:19:42.224	Cazyxio_v4.3 (EURUSD,M15)	2026.03.20 08:19:42 | GATE_FAIL | EURUSD | CopyBuffer failed for Daily EMA200.
MR	0	02:22:02.627	Cazyxio_v4.3 (EURUSD,M15)	2026.03.20 08:22:02 | GATE_FAIL | USDJPY | CopyBuffer failed for Daily EMA200.
KO	0	02:22:02.627	Cazyxio_v4.3 (EURUSD,M15)	2026.03.20 08:22:02 | BAR | AUDUSD | close=0.70912 h4ema200=0.70278 h4slope=UP dailyEMA200=0.67217 adx=21.2 ema50=0.70810 distToEMA50=10.2pips touchSeq=0 atr=0.000658 atrRatio=0.670 dir=LONG spread=15.0 spreadOK=YES atrGate=FAIL touch=PASS momCandle=momClosePos=0.815 momOk=Y ema50Ok=Y barRange=0.000540 zeroRangeBar=NO trigger=YES hasPos=YES portRisk=0.49% openPos=1 | 0.709120
MI	0	02:22:02.627	Cazyxio_v4.3 (EURUSD,M15)	2026.03.20 08:22:02 | POSITION_HEALTH | AUDUSD | ticket=4557363 dir=LONG openPrice=0.70361 curPrice=0.70916 unrealPnL=510.60 curR=2.316 MFE=63.4pips MAE=4.5pips timeOpen=1074min SL=0.70824 TP=0.71200
JJ	0	02:22:02.627	Cazyxio_v4.3 (EURUSD,M15)	2026.03.20 08:22:02 | BAR | GBPJPY | close=212.654 h4ema200=211.078 h4slope=UP dailyEMA200=205.131 adx=18.8 ema50=212.164 distToEMA50=49.0pips touchSeq=0 atr=0.105143 atrRatio=0.607 dir=LONG spread=37.0 spreadOK=NO atrGate=FAIL touch=FAIL momCandle=momClosePos=0.956 momOk=Y ema50Ok=Y barRange=0.136000 zeroRangeBar=NO trigger=YES hasPos=NO portRisk=0.49% openPos=1 | 212.654000
ND	0	02:22:02.627	Cazyxio_v4.3 (EURUSD,M15)	2026.03.20 08:22:02 | GATE_FAIL | GBPJPY | Spread too wide. Spread=37.0 Max=30 points.
QJ	0	02:22:02.627	Cazyxio_v4.3 (EURUSD,M15)	2026.03.20 08:22:02 | BAR | USDCAD | close=1.37174 h4ema200=1.36736 h4slope=UP dailyEMA200=1.38075 adx=27.0 ema50=1.37295 distToEMA50=12.1pips touchSeq=0 atr=0.000520 atrRatio=0.670 dir=NONE spread=23.0 spreadOK=YES atrGate=FAIL touch=FAIL momCandle= zeroRangeBar=NO trigger=NO hasPos=NO portRisk=0.49% openPos=1 | 1.371740
MF	0	02:22:02.627	Cazyxio_v4.3 (EURUSD,M15)	2026.03.20 08:22:02 | GATE_FAIL | USDCAD | No directional bias. h4slope=UP closeNow=1.37174 h4ema200=1.36736 dailyEMA200=1.38075
CS	0	02:23:03.756	Cazyxio_v4.3 (EURUSD,M15)	2026.03.20 08:23:03 | HEARTBEAT | SYSTEM | EA alive. Tick=272600 Equity=45066.24 OpenPos=1 PendingOrders=0 UTC=2026.03.20 08:23 DayOfWeek=5 WeekendCloseActive=NO NewTradeBlocked=YES | 272600.000000
LE	0	02:24:28.424	Cazyxio_v4.3 (EURUSD,M15)	2026.03.20 08:24:28 | HEARTBEAT | SYSTEM | EA alive. Tick=272700 Equity=45074.52 OpenPos=1 PendingOrders=0 UTC=2026.03.20 08:24 DayOfWeek=5 WeekendCloseActive=NO NewTradeBlocked=YES | 272700.000000
HD	0	02:25:41.981	Cazyxio_v4.3 (EURUSD,M15)	2026.03.20 08:25:41 | HEARTBEAT | SYSTEM | EA alive. Tick=272800 Equity=45061.64 OpenPos=1 PendingOrders=0 UTC=2026.03.20 08:25 DayOfWeek=5 WeekendCloseActive=NO NewTradeBlocked=YES | 272800.000000
PF	0	02:27:04.887	Cazyxio_v4.3 (EURUSD,M15)	2026.03.20 08:27:04 | HEARTBEAT | SYSTEM | EA alive. Tick=272900 Equity=45065.32 OpenPos=1 PendingOrders=0 UTC=2026.03.20 08:27 DayOfWeek=5 WeekendCloseActive=NO NewTradeBlocked=YES | 272900.000000
PH	0	02:28:22.639	Cazyxio_v4.3 (EURUSD,M15)	2026.03.20 08:28:22 | HEARTBEAT | SYSTEM | EA alive. Tick=273000 Equity=45056.12 OpenPos=1 PendingOrders=0 UTC=2026.03.20 08:28 DayOfWeek=5 WeekendCloseActive=NO NewTradeBlocked=YES | 273000.000000
MK	0	02:29:27.595	Cazyxio_v4.3 (EURUSD,M15)	2026.03.20 08:29:27 | HEARTBEAT | SYSTEM | EA alive. Tick=273100 Equity=45039.56 OpenPos=1 PendingOrders=0 UTC=2026.03.20 08:29 DayOfWeek=5 WeekendCloseActive=NO NewTradeBlocked=YES | 273100.000000
MQ	0	02:32:21.655	Cazyxio_v4.3 (EURUSD,M15)	2026.03.20 08:32:21 | GATE_FAIL | EURUSD | CopyBuffer failed for Daily EMA200.
NQ	0	02:34:42.097	Cazyxio_v4.3 (EURUSD,M15)	2026.03.20 08:34:42 | GATE_FAIL | USDJPY | CopyBuffer failed for Daily EMA200.
IS	0	02:34:42.097	Cazyxio_v4.3 (EURUSD,M15)	2026.03.20 08:34:42 | BAR | AUDUSD | close=0.70889 h4ema200=0.70278 h4slope=UP dailyEMA200=0.67217 adx=21.2 ema50=0.70812 distToEMA50=7.7pips touchSeq=1 atr=0.000649 atrRatio=0.661 dir=LONG spread=19.0 spreadOK=YES atrGate=FAIL touch=PASS momCandle=momClosePos=0.000 momOk=N ema50Ok=Y barRange=0.000520 zeroRangeBar=NO trigger=NO hasPos=YES portRisk=0.49% openPos=1 | 0.708890
LK	0	02:34:42.097	Cazyxio_v4.3 (EURUSD,M15)	2026.03.20 08:34:42 | POSITION_HEALTH | AUDUSD | ticket=4557363 dir=LONG openPrice=0.70361 curPrice=0.70895 unrealPnL=491.28 curR=2.228 MFE=63.4pips MAE=4.5pips timeOpen=1087min SL=0.70824 TP=0.71200
NE	0	02:34:42.097	Cazyxio_v4.3 (EURUSD,M15)	2026.03.20 08:34:42 | BAR | GBPJPY | close=212.619 h4ema200=211.079 h4slope=UP dailyEMA200=205.132 adx=18.8 ema50=212.185 distToEMA50=43.4pips touchSeq=0 atr=0.107929 atrRatio=0.625 dir=LONG spread=45.0 spreadOK=NO atrGate=FAIL touch=FAIL momCandle=momClosePos=0.402 momOk=N ema50Ok=Y barRange=0.132000 zeroRangeBar=NO trigger=NO hasPos=NO portRisk=0.49% openPos=1 | 212.619000
PG	0	02:34:42.097	Cazyxio_v4.3 (EURUSD,M15)	2026.03.20 08:34:42 | GATE_FAIL | GBPJPY | Spread too wide. Spread=45.0 Max=30 points.
DH	0	02:34:42.097	Cazyxio_v4.3 (EURUSD,M15)	2026.03.20 08:34:42 | BAR | USDCAD | close=1.37155 h4ema200=1.36736 h4slope=UP dailyEMA200=1.38075 adx=27.1 ema50=1.37291 distToEMA50=13.6pips touchSeq=0 atr=0.000536 atrRatio=0.690 dir=NONE spread=25.0 spreadOK=YES atrGate=FAIL touch=FAIL momCandle= zeroRangeBar=NO trigger=NO hasPos=NO portRisk=0.49% openPos=1 | 1.371550
IH	0	02:34:42.097	Cazyxio_v4.3 (EURUSD,M15)	2026.03.20 08:34:42 | GATE_FAIL | USDCAD | No directional bias. h4slope=UP closeNow=1.37155 h4ema200=1.36736 dailyEMA200=1.38075
NL	0	02:37:04.169	Cazyxio_v4.3 (EURUSD,M15)	2026.03.20 08:37:04 | GATE_FAIL | GBPUSD | CopyBuffer failed for Daily EMA200.
HP	0	02:37:47.405	Cazyxio_v4.3 (EURUSD,M15)	2026.03.20 08:37:47 | HEARTBEAT | SYSTEM | EA alive. Tick=273200 Equity=45045.08 OpenPos=1 PendingOrders=0 UTC=2026.03.20 08:37 DayOfWeek=5 WeekendCloseActive=NO NewTradeBlocked=YES | 273200.000000
DS	0	02:39:25.234	Cazyxio_v4.3 (EURUSD,M15)	2026.03.20 08:39:25 | HEARTBEAT | SYSTEM | EA alive. Tick=273300 Equity=45063.48 OpenPos=1 PendingOrders=0 UTC=2026.03.20 08:39 DayOfWeek=5 WeekendCloseActive=NO NewTradeBlocked=YES | 273300.000000
RE	0	02:40:52.449	Cazyxio_v4.3 (EURUSD,M15)	2026.03.20 08:40:52 | HEARTBEAT | SYSTEM | EA alive. Tick=273400 Equity=45069.00 OpenPos=1 PendingOrders=0 UTC=2026.03.20 08:40 DayOfWeek=5 WeekendCloseActive=NO NewTradeBlocked=YES | 273400.000000
QG	0	02:42:23.217	Cazyxio_v4.3 (EURUSD,M15)	2026.03.20 08:42:23 | HEARTBEAT | SYSTEM | EA alive. Tick=273500 Equity=45042.32 OpenPos=1 PendingOrders=0 UTC=2026.03.20 08:42 DayOfWeek=5 WeekendCloseActive=NO NewTradeBlocked=YES | 273500.000000
IF	0	02:43:41.155	Cazyxio_v4.3 (EURUSD,M15)	2026.03.20 08:43:41 | HEARTBEAT | SYSTEM | EA alive. Tick=273600 Equity=45023.00 OpenPos=1 PendingOrders=0 UTC=2026.03.20 08:43 DayOfWeek=5 WeekendCloseActive=NO NewTradeBlocked=YES | 273600.000000
GD	0	02:47:21.697	Cazyxio_v4.3 (EURUSD,M15)	2026.03.20 08:47:21 | GATE_FAIL | EURUSD | CopyBuffer failed for Daily EMA200.
KD	0	02:49:42.148	Cazyxio_v4.3 (EURUSD,M15)	2026.03.20 08:49:42 | GATE_FAIL | USDJPY | CopyBuffer failed for Daily EMA200.
ID	0	02:49:42.149	Cazyxio_v4.3 (EURUSD,M15)	2026.03.20 08:49:42 | BAR | AUDUSD | close=0.70889 h4ema200=0.70278 h4slope=UP dailyEMA200=0.67217 adx=21.2 ema50=0.70813 distToEMA50=7.6pips touchSeq=2 atr=0.000678 atrRatio=0.692 dir=LONG spread=19.0 spreadOK=YES atrGate=FAIL touch=PASS momCandle=momClosePos=0.362 momOk=N ema50Ok=Y barRange=0.000690 zeroRangeBar=NO trigger=NO hasPos=YES portRisk=0.49% openPos=1 | 0.708890
DF	0	02:49:42.149	Cazyxio_v4.3 (EURUSD,M15)	2026.03.20 08:49:42 | POSITION_HEALTH | AUDUSD | ticket=4557363 dir=LONG openPrice=0.70361 curPrice=0.70843 unrealPnL=443.44 curR=2.011 MFE=63.4pips MAE=4.5pips timeOpen=1102min SL=0.70824 TP=0.71200
DJ	0	02:49:42.149	Cazyxio_v4.3 (EURUSD,M15)	2026.03.20 08:49:42 | BAR | GBPJPY | close=212.660 h4ema200=211.079 h4slope=UP dailyEMA200=205.132 adx=18.8 ema50=212.203 distToEMA50=45.7pips touchSeq=0 atr=0.110357 atrRatio=0.642 dir=LONG spread=37.0 spreadOK=NO atrGate=FAIL touch=FAIL momCandle=momClosePos=0.453 momOk=N ema50Ok=Y barRange=0.137000 zeroRangeBar=NO trigger=NO hasPos=NO portRisk=0.49% openPos=1 | 212.660000
MP	0	02:49:42.149	Cazyxio_v4.3 (EURUSD,M15)	2026.03.20 08:49:42 | GATE_FAIL | GBPJPY | Spread too wide. Spread=37.0 Max=30 points.
NM	0	02:49:42.149	Cazyxio_v4.3 (EURUSD,M15)	2026.03.20 08:49:42 | BAR | USDCAD | close=1.37144 h4ema200=1.36736 h4slope=UP dailyEMA200=1.38075 adx=27.1 ema50=1.37285 distToEMA50=14.1pips touchSeq=0 atr=0.000556 atrRatio=0.714 dir=NONE spread=23.0 spreadOK=YES atrGate=FAIL touch=FAIL momCandle= zeroRangeBar=NO trigger=NO hasPos=NO portRisk=0.49% openPos=1 | 1.371440
GM	0	02:49:42.149	Cazyxio_v4.3 (EURUSD,M15)	2026.03.20 08:49:42 | GATE_FAIL | USDCAD | No directional bias. h4slope=UP closeNow=1.37144 h4ema200=1.36736 dailyEMA200=1.38075
NQ	0	02:52:02.790	Cazyxio_v4.3 (EURUSD,M15)	2026.03.20 08:52:02 | GATE_FAIL | GBPUSD | CopyBuffer failed for Daily EMA200.
HO	0	02:52:21.374	Cazyxio_v4.3 (EURUSD,M15)	2026.03.20 08:52:21 | HEARTBEAT | SYSTEM | EA alive. Tick=273700 Equity=45009.20 OpenPos=1 PendingOrders=0 UTC=2026.03.20 08:52 DayOfWeek=5 WeekendCloseActive=NO NewTradeBlocked=YES | 273700.000000
DN	0	02:53:56.112	Cazyxio_v4.3 (EURUSD,M15)	2026.03.20 08:53:56 | HEARTBEAT | SYSTEM | EA alive. Tick=273800 Equity=45008.28 OpenPos=1 PendingOrders=0 UTC=2026.03.20 08:53 DayOfWeek=5 WeekendCloseActive=NO NewTradeBlocked=YES | 273800.000000
LP	0	02:55:52.876	Cazyxio_v4.3 (EURUSD,M15)	2026.03.20 08:55:52 | HEARTBEAT | SYSTEM | EA alive. Tick=273900 Equity=45003.68 OpenPos=1 PendingOrders=0 UTC=2026.03.20 08:55 DayOfWeek=5 WeekendCloseActive=NO NewTradeBlocked=YES | 273900.000000
DR	0	02:57:16.630	Cazyxio_v4.3 (EURUSD,M15)	2026.03.20 08:57:16 | HEARTBEAT | SYSTEM | EA alive. Tick=274000 Equity=45036.80 OpenPos=1 PendingOrders=0 UTC=2026.03.20 08:57 DayOfWeek=5 WeekendCloseActive=NO NewTradeBlocked=YES | 274000.000000
KE	0	02:58:53.872	Cazyxio_v4.3 (EURUSD,M15)	2026.03.20 08:58:53 | HEARTBEAT | SYSTEM | EA alive. Tick=274100 Equity=45019.32 OpenPos=1 PendingOrders=0 UTC=2026.03.20 08:58 DayOfWeek=5 WeekendCloseActive=NO NewTradeBlocked=YES | 274100.000000
NK	0	03:02:21.632	Cazyxio_v4.3 (EURUSD,M15)	2026.03.20 09:02:21 | GATE_FAIL | EURUSD | CopyBuffer failed for Daily EMA200.
FK	0	03:04:42.042	Cazyxio_v4.3 (EURUSD,M15)	2026.03.20 09:04:42 | GATE_FAIL | USDJPY | CopyBuffer failed for Daily EMA200.
FE	0	03:04:42.042	Cazyxio_v4.3 (EURUSD,M15)	2026.03.20 09:04:42 | BAR | AUDUSD | close=0.70856 h4ema200=0.70283 h4slope=UP dailyEMA200=0.67216 adx=22.2 ema50=0.70813 distToEMA50=4.3pips touchSeq=3 atr=0.000687 atrRatio=0.702 dir=LONG spread=18.0 spreadOK=YES atrGate=FAIL touch=PASS momCandle=momClosePos=0.418 momOk=N ema50Ok=Y barRange=0.000670 zeroRangeBar=NO trigger=NO hasPos=NO portRisk=0.00% openPos=1 | 0.708560
HO	0	03:04:42.042	Cazyxio_v4.3 (EURUSD,M15)	2026.03.20 09:04:42 | NEAR_MISS | AUDUSD | ATR near-miss. Ratio=0.702 MinRatio=0.80 Gap=0.098
OR	0	03:04:42.042	Cazyxio_v4.3 (EURUSD,M15)	2026.03.20 09:04:42 | GATE_FAIL | AUDUSD | ATR gate FAIL. ATR=0.000687 ATR_SMA=0.000979 Ratio=0.702 MinRatio=0.80
NQ	0	03:04:42.042	Cazyxio_v4.3 (EURUSD,M15)	2026.03.20 09:04:42 | BAR | GBPJPY | close=212.631 h4ema200=211.094 h4slope=UP dailyEMA200=205.131 adx=22.3 ema50=212.218 distToEMA50=41.3pips touchSeq=0 atr=0.120071 atrRatio=0.701 dir=LONG spread=42.0 spreadOK=NO atrGate=FAIL touch=FAIL momCandle=momClosePos=0.101 momOk=N ema50Ok=Y barRange=0.138000 zeroRangeBar=NO trigger=NO hasPos=NO portRisk=0.00% openPos=1 | 212.631000
MJ	0	03:04:42.042	Cazyxio_v4.3 (EURUSD,M15)	2026.03.20 09:04:42 | GATE_FAIL | GBPJPY | Spread too wide. Spread=42.0 Max=30 points.
KD	0	03:04:42.042	Cazyxio_v4.3 (EURUSD,M15)	2026.03.20 09:04:42 | BAR | USDCAD | close=1.37152 h4ema200=1.36740 h4slope=UP dailyEMA200=1.38075 adx=26.3 ema50=1.37280 distToEMA50=12.8pips touchSeq=0 atr=0.000574 atrRatio=0.737 dir=NONE spread=26.0 spreadOK=YES atrGate=FAIL touch=FAIL momCandle= zeroRangeBar=NO trigger=NO hasPos=NO portRisk=0.00% openPos=1 | 1.371520
CG	0	03:04:42.042	Cazyxio_v4.3 (EURUSD,M15)	2026.03.20 09:04:42 | GATE_FAIL | USDCAD | No directional bias. h4slope=UP closeNow=1.37152 h4ema200=1.36740 dailyEMA200=1.38075
MI	0	03:04:42.042	Cazyxio_v4.3 (EURUSD,M15)	2026.03.20 09:04:42 | SL_HIT | AUDUSD | Stop loss triggered. Profit=425.96 MFE=63.4pips MAE=4.5pips TimeOpen=1117min EntryPrice=0.70361 | Initiating 4-bar cooldown.
OH	0	03:04:42.042	Cazyxio_v4.3 (EURUSD,M15)	2026.03.20 09:04:42 | SL_COOLDOWN | AUDUSD | Cooldown active for 4 bars (60 min). CooldownEnds=2026.03.20 13:04
PJ	0	03:07:02.464	Cazyxio_v4.3 (EURUSD,M15)	2026.03.20 09:07:02 | GATE_FAIL | GBPUSD | CopyBuffer failed for Daily EMA200.
OG	0	03:07:10.432	Cazyxio_v4.3 (EURUSD,M15)	2026.03.20 09:07:10 | HEARTBEAT | SYSTEM | EA alive. Tick=274200 Equity=44972.40 OpenPos=0 PendingOrders=0 UTC=2026.03.20 09:07 DayOfWeek=5 WeekendCloseActive=NO NewTradeBlocked=YES | 274200.000000
CI	0	03:08:37.963	Cazyxio_v4.3 (EURUSD,M15)	2026.03.20 09:08:37 | HEARTBEAT | SYSTEM | EA alive. Tick=274300 Equity=44972.40 OpenPos=0 PendingOrders=0 UTC=2026.03.20 09:08 DayOfWeek=5 WeekendCloseActive=NO NewTradeBlocked=YES | 274300.000000
NK	0	03:09:58.770	Cazyxio_v4.3 (EURUSD,M15)	2026.03.20 09:09:58 | HEARTBEAT | SYSTEM | EA alive. Tick=274400 Equity=44972.40 OpenPos=0 PendingOrders=0 UTC=2026.03.20 09:09 DayOfWeek=5 WeekendCloseActive=NO NewTradeBlocked=YES | 274400.000000
QJ	0	03:11:31.273	Cazyxio_v4.3 (EURUSD,M15)	2026.03.20 09:11:31 | HEARTBEAT | SYSTEM | EA alive. Tick=274500 Equity=44972.40 OpenPos=0 PendingOrders=0 UTC=2026.03.20 09:11 DayOfWeek=5 WeekendCloseActive=NO NewTradeBlocked=YES | 274500.000000
CL	0	03:12:47.041	Cazyxio_v4.3 (EURUSD,M15)	2026.03.20 09:12:47 | HEARTBEAT | SYSTEM | EA alive. Tick=274600 Equity=44972.40 OpenPos=0 PendingOrders=0 UTC=2026.03.20 09:12 DayOfWeek=5 WeekendCloseActive=NO NewTradeBlocked=YES | 274600.000000
HO	0	03:14:05.936	Cazyxio_v4.3 (EURUSD,M15)	2026.03.20 09:14:05 | HEARTBEAT | SYSTEM | EA alive. Tick=274700 Equity=44972.40 OpenPos=0 PendingOrders=0 UTC=2026.03.20 09:14 DayOfWeek=5 WeekendCloseActive=NO NewTradeBlocked=YES | 274700.000000
EM	0	03:17:21.839	Cazyxio_v4.3 (EURUSD,M15)	2026.03.20 09:17:21 | GATE_FAIL | EURUSD | CopyBuffer failed for Daily EMA200.
PL	0	03:19:42.224	Cazyxio_v4.3 (EURUSD,M15)	2026.03.20 09:19:42 | GATE_FAIL | USDJPY | CopyBuffer failed for Daily EMA200.
KP	0	03:19:42.224	Cazyxio_v4.3 (EURUSD,M15)	2026.03.20 09:19:42 | POST_SL_CONTEXT | AUDUSD | Bar 1 after SL hit. SLHitPrice=0.70802 BarClose=0.70820 MoveSinceSL=1.8pips Verdict=CONTINUED_IN_TRADE_DIR (positive=price went our way, negative=continued against us)
MR	0	03:19:42.224	Cazyxio_v4.3 (EURUSD,M15)	2026.03.20 09:19:42 | BAR | AUDUSD | close=0.70820 h4ema200=0.70283 h4slope=UP dailyEMA200=0.67216 adx=22.2 ema50=0.70812 distToEMA50=0.8pips touchSeq=4 atr=0.000707 atrRatio=0.723 dir=LONG spread=20.0 spreadOK=YES atrGate=FAIL touch=PASS momCandle=momClosePos=0.520 momOk=N ema50Ok=Y barRange=0.000980 zeroRangeBar=NO trigger=NO hasPos=NO portRisk=0.00% openPos=0 | 0.708200
PQ	0	03:19:42.224	Cazyxio_v4.3 (EURUSD,M15)	2026.03.20 09:19:42 | NEAR_MISS | AUDUSD | ATR near-miss. Ratio=0.723 MinRatio=0.80 Gap=0.077
PI	0	03:19:42.224	Cazyxio_v4.3 (EURUSD,M15)	2026.03.20 09:19:42 | GATE_FAIL | AUDUSD | ATR gate FAIL. ATR=0.000707 ATR_SMA=0.000978 Ratio=0.723 MinRatio=0.80
MG	0	03:19:42.224	Cazyxio_v4.3 (EURUSD,M15)	2026.03.20 09:19:42 | BAR | GBPJPY | close=212.636 h4ema200=211.094 h4slope=UP dailyEMA200=205.131 adx=22.3 ema50=212.235 distToEMA50=40.1pips touchSeq=0 atr=0.123643 atrRatio=0.726 dir=LONG spread=41.0 spreadOK=NO atrGate=FAIL touch=FAIL momCandle=momClosePos=0.724 momOk=Y ema50Ok=Y barRange=0.152000 zeroRangeBar=NO trigger=YES hasPos=NO portRisk=0.00% openPos=0 | 212.636000
PS	0	03:19:42.224	Cazyxio_v4.3 (EURUSD,M15)	2026.03.20 09:19:42 | GATE_FAIL | GBPJPY | Spread too wide. Spread=41.0 Max=30 points.
LM	0	03:19:42.224	Cazyxio_v4.3 (EURUSD,M15)	2026.03.20 09:19:42 | BAR | USDCAD | close=1.37135 h4ema200=1.36740 h4slope=UP dailyEMA200=1.38075 adx=26.7 ema50=1.37274 distToEMA50=13.9pips touchSeq=0 atr=0.000593 atrRatio=0.761 dir=NONE spread=27.0 spreadOK=YES atrGate=FAIL touch=FAIL momCandle= zeroRangeBar=NO trigger=NO hasPos=NO portRisk=0.00% openPos=0 | 1.371350
LM	0	03:19:42.224	Cazyxio_v4.3 (EURUSD,M15)	2026.03.20 09:19:42 | GATE_FAIL | USDCAD | No directional bias. h4slope=UP closeNow=1.37135 h4ema200=1.36740 dailyEMA200=1.38075
KQ	0	03:22:02.816	Cazyxio_v4.3 (EURUSD,M15)	2026.03.20 09:22:02 | GATE_FAIL | GBPUSD | CopyBuffer failed for Daily EMA200.
KO	0	03:22:04.785	Cazyxio_v4.3 (EURUSD,M15)	2026.03.20 09:22:04 | HEARTBEAT | SYSTEM | EA alive. Tick=274800 Equity=44972.40 OpenPos=0 PendingOrders=0 UTC=2026.03.20 09:22 DayOfWeek=5 WeekendCloseActive=NO NewTradeBlocked=YES | 274800.000000
ON	0	03:23:28.432	Cazyxio_v4.3 (EURUSD,M15)	2026.03.20 09:23:28 | HEARTBEAT | SYSTEM | EA alive. Tick=274900 Equity=44972.40 OpenPos=0 PendingOrders=0 UTC=2026.03.20 09:23 DayOfWeek=5 WeekendCloseActive=NO NewTradeBlocked=YES | 274900.000000
OP	0	03:24:51.509	Cazyxio_v4.3 (EURUSD,M15)	2026.03.20 09:24:51 | HEARTBEAT | SYSTEM | EA alive. Tick=275000 Equity=44972.40 OpenPos=0 PendingOrders=0 UTC=2026.03.20 09:24 DayOfWeek=5 WeekendCloseActive=NO NewTradeBlocked=YES | 275000.000000
JS	0	03:25:58.279	Cazyxio_v4.3 (EURUSD,M15)	2026.03.20 09:25:58 | HEARTBEAT | SYSTEM | EA alive. Tick=275100 Equity=44972.40 OpenPos=0 PendingOrders=0 UTC=2026.03.20 09:25 DayOfWeek=5 WeekendCloseActive=NO NewTradeBlocked=YES | 275100.000000
RE	0	03:27:00.462	Cazyxio_v4.3 (EURUSD,M15)	2026.03.20 09:27:00 | HEARTBEAT | SYSTEM | EA alive. Tick=275200 Equity=44972.40 OpenPos=0 PendingOrders=0 UTC=2026.03.20 09:27 DayOfWeek=5 WeekendCloseActive=NO NewTradeBlocked=YES | 275200.000000
MG	0	03:28:17.101	Cazyxio_v4.3 (EURUSD,M15)	2026.03.20 09:28:17 | HEARTBEAT | SYSTEM | EA alive. Tick=275300 Equity=44972.40 OpenPos=0 PendingOrders=0 UTC=2026.03.20 09:28 DayOfWeek=5 WeekendCloseActive=NO NewTradeBlocked=YES | 275300.000000
JF	0	03:29:38.046	Cazyxio_v4.3 (EURUSD,M15)	2026.03.20 09:29:38 | HEARTBEAT | SYSTEM | EA alive. Tick=275400 Equity=44972.40 OpenPos=0 PendingOrders=0 UTC=2026.03.20 09:29 DayOfWeek=5 WeekendCloseActive=NO NewTradeBlocked=YES | 275400.000000
FE	0	03:32:21.749	Cazyxio_v4.3 (EURUSD,M15)	2026.03.20 09:32:21 | GATE_FAIL | GBPUSD | CopyBuffer failed for Daily EMA200.
CD	0	03:34:42.071	Cazyxio_v4.3 (EURUSD,M15)	2026.03.20 09:34:42 | GATE_FAIL | EURUSD | CopyBuffer failed for Daily EMA200.
LG	0	03:37:02.547	Cazyxio_v4.3 (EURUSD,M15)	2026.03.20 09:37:02 | GATE_FAIL | USDJPY | CopyBuffer failed for Daily EMA200.
QI	0	03:37:02.547	Cazyxio_v4.3 (EURUSD,M15)	2026.03.20 09:37:02 | POST_SL_CONTEXT | AUDUSD | Bar 2 after SL hit. SLHitPrice=0.70802 BarClose=0.70778 MoveSinceSL=-2.4pips Verdict=REVERSED_AGAINST_TRADE (positive=price went our way, negative=continued against us)
OH	0	03:37:02.547	Cazyxio_v4.3 (EURUSD,M15)	2026.03.20 09:37:02 | BAR | AUDUSD | close=0.70778 h4ema200=0.70283 h4slope=UP dailyEMA200=0.67216 adx=22.2 ema50=0.70811 distToEMA50=3.3pips touchSeq=5 atr=0.000691 atrRatio=0.708 dir=LONG spread=18.0 spreadOK=YES atrGate=FAIL touch=PASS momCandle=momClosePos=0.136 momOk=N ema50Ok=Y barRange=0.000590 zeroRangeBar=NO trigger=NO hasPos=NO portRisk=0.00% openPos=0 | 0.707780
LH	0	03:37:02.547	Cazyxio_v4.3 (EURUSD,M15)	2026.03.20 09:37:02 | NEAR_MISS | AUDUSD | ATR near-miss. Ratio=0.708 MinRatio=0.80 Gap=0.092
MG	0	03:37:02.547	Cazyxio_v4.3 (EURUSD,M15)	2026.03.20 09:37:02 | GATE_FAIL | AUDUSD | ATR gate FAIL. ATR=0.000691 ATR_SMA=0.000976 Ratio=0.708 MinRatio=0.80
KL	0	03:37:02.547	Cazyxio_v4.3 (EURUSD,M15)	2026.03.20 09:37:02 | BAR | GBPJPY | close=212.605 h4ema200=211.094 h4slope=UP dailyEMA200=205.131 adx=22.3 ema50=212.249 distToEMA50=35.6pips touchSeq=0 atr=0.125143 atrRatio=0.740 dir=LONG spread=42.0 spreadOK=NO atrGate=FAIL touch=FAIL momCandle=momClosePos=0.262 momOk=N ema50Ok=Y barRange=0.080000 zeroRangeBar=NO trigger=NO hasPos=NO portRisk=0.00% openPos=0 | 212.605000
II	0	03:37:02.547	Cazyxio_v4.3 (EURUSD,M15)	2026.03.20 09:37:02 | GATE_FAIL | GBPJPY | Spread too wide. Spread=42.0 Max=30 points.
JE	0	03:37:02.547	Cazyxio_v4.3 (EURUSD,M15)	2026.03.20 09:37:02 | BAR | USDCAD | close=1.37182 h4ema200=1.36740 h4slope=UP dailyEMA200=1.38075 adx=26.7 ema50=1.37271 distToEMA50=8.9pips touchSeq=0 atr=0.000583 atrRatio=0.749 dir=NONE spread=25.0 spreadOK=YES atrGate=FAIL touch=FAIL momCandle= zeroRangeBar=NO trigger=NO hasPos=NO portRisk=0.00% openPos=0 | 1.371820
RR	0	03:37:02.547	Cazyxio_v4.3 (EURUSD,M15)	2026.03.20 09:37:02 | GATE_FAIL | USDCAD | No directional bias. h4slope=UP closeNow=1.37182 h4ema200=1.36740 dailyEMA200=1.38075
HF	0	03:37:55.993	Cazyxio_v4.3 (EURUSD,M15)	2026.03.20 09:37:55 | HEARTBEAT | SYSTEM | EA alive. Tick=275500 Equity=44972.40 OpenPos=0 PendingOrders=0 UTC=2026.03.20 09:37 DayOfWeek=5 WeekendCloseActive=NO NewTradeBlocked=YES | 275500.000000
DI	0	03:39:01.726	Cazyxio_v4.3 (EURUSD,M15)	2026.03.20 09:39:01 | HEARTBEAT | SYSTEM | EA alive. Tick=275600 Equity=44972.40 OpenPos=0 PendingOrders=0 UTC=2026.03.20 09:39 DayOfWeek=5 WeekendCloseActive=NO NewTradeBlocked=YES | 275600.000000
JK	0	03:40:05.555	Cazyxio_v4.3 (EURUSD,M15)	2026.03.20 09:40:05 | HEARTBEAT | SYSTEM | EA alive. Tick=275700 Equity=44972.40 OpenPos=0 PendingOrders=0 UTC=2026.03.20 09:40 DayOfWeek=5 WeekendCloseActive=NO NewTradeBlocked=YES | 275700.000000
LJ	0	03:41:21.642	Cazyxio_v4.3 (EURUSD,M15)	2026.03.20 09:41:21 | HEARTBEAT | SYSTEM | EA alive. Tick=275800 Equity=44972.40 OpenPos=0 PendingOrders=0 UTC=2026.03.20 09:41 DayOfWeek=5 WeekendCloseActive=NO NewTradeBlocked=YES | 275800.000000
JL	0	03:42:48.029	Cazyxio_v4.3 (EURUSD,M15)	2026.03.20 09:42:48 | HEARTBEAT | SYSTEM | EA alive. Tick=275900 Equity=44972.40 OpenPos=0 PendingOrders=0 UTC=2026.03.20 09:42 DayOfWeek=5 WeekendCloseActive=NO NewTradeBlocked=YES | 275900.000000
DN	0	03:44:07.670	Cazyxio_v4.3 (EURUSD,M15)	2026.03.20 09:44:07 | HEARTBEAT | SYSTEM | EA alive. Tick=276000 Equity=44972.40 OpenPos=0 PendingOrders=0 UTC=2026.03.20 09:44 DayOfWeek=5 WeekendCloseActive=NO NewTradeBlocked=YES | 276000.000000
NL	0	03:47:22.448	Cazyxio_v4.3 (EURUSD,M15)	2026.03.20 09:47:22 | GATE_FAIL | GBPUSD | CopyBuffer failed for Daily EMA200.
NL	0	03:49:42.878	Cazyxio_v4.3 (EURUSD,M15)	2026.03.20 09:49:42 | GATE_FAIL | EURUSD | CopyBuffer failed for Daily EMA200.
NL	0	03:52:03.284	Cazyxio_v4.3 (EURUSD,M15)	2026.03.20 09:52:03 | GATE_FAIL | USDJPY | CopyBuffer failed for Daily EMA200.
GQ	0	03:52:03.284	Cazyxio_v4.3 (EURUSD,M15)	2026.03.20 09:52:03 | POST_SL_CONTEXT | AUDUSD | Bar 3 after SL hit. SLHitPrice=0.70802 BarClose=0.70762 MoveSinceSL=-4.0pips Verdict=REVERSED_AGAINST_TRADE (positive=price went our way, negative=continued against us)
RS	0	03:52:03.284	Cazyxio_v4.3 (EURUSD,M15)	2026.03.20 09:52:03 | BAR | AUDUSD | close=0.70762 h4ema200=0.70282 h4slope=UP dailyEMA200=0.67215 adx=19.4 ema50=0.70805 distToEMA50=4.3pips touchSeq=6 atr=0.000731 atrRatio=0.750 dir=LONG spread=19.0 spreadOK=YES atrGate=FAIL touch=PASS momCandle=momClosePos=0.429 momOk=N ema50Ok=Y barRange=0.000770 zeroRangeBar=NO trigger=NO hasPos=NO portRisk=0.00% openPos=0 | 0.707620
KQ	0	03:52:03.284	Cazyxio_v4.3 (EURUSD,M15)	2026.03.20 09:52:03 | NEAR_MISS | AUDUSD | ATR near-miss. Ratio=0.750 MinRatio=0.80 Gap=0.050
DH	0	03:52:03.284	Cazyxio_v4.3 (EURUSD,M15)	2026.03.20 09:52:03 | GATE_FAIL | AUDUSD | ATR gate FAIL. ATR=0.000731 ATR_SMA=0.000975 Ratio=0.750 MinRatio=0.80
GK	0	03:52:03.284	Cazyxio_v4.3 (EURUSD,M15)	2026.03.20 09:52:03 | BAR | GBPJPY | close=212.618 h4ema200=211.094 h4slope=UP dailyEMA200=205.131 adx=22.3 ema50=212.262 distToEMA50=35.6pips touchSeq=0 atr=0.128000 atrRatio=0.761 dir=LONG spread=41.0 spreadOK=NO atrGate=FAIL touch=FAIL momCandle=momClosePos=0.473 momOk=N ema50Ok=Y barRange=0.112000 zeroRangeBar=NO trigger=NO hasPos=NO portRisk=0.00% openPos=0 | 212.618000
FP	0	03:52:03.284	Cazyxio_v4.3 (EURUSD,M15)	2026.03.20 09:52:03 | GATE_FAIL | GBPJPY | Spread too wide. Spread=41.0 Max=30 points.
LO	0	03:52:03.284	Cazyxio_v4.3 (EURUSD,M15)	2026.03.20 09:52:03 | BAR | USDCAD | close=1.37125 h4ema200=1.36740 h4slope=UP dailyEMA200=1.38075 adx=27.2 ema50=1.37265 distToEMA50=14.0pips touchSeq=0 atr=0.000640 atrRatio=0.822 dir=NONE spread=25.0 spreadOK=YES atrGate=PASS touch=FAIL momCandle= zeroRangeBar=NO trigger=NO hasPos=NO portRisk=0.00% openPos=0 | 1.371250
IJ	0	03:52:03.284	Cazyxio_v4.3 (EURUSD,M15)	2026.03.20 09:52:03 | GATE_FAIL | USDCAD | No directional bias. h4slope=UP closeNow=1.37125 h4ema200=1.36740 dailyEMA200=1.38075
DO	0	03:52:10.770	Cazyxio_v4.3 (EURUSD,M15)	2026.03.20 09:52:10 | HEARTBEAT | SYSTEM | EA alive. Tick=276100 Equity=44972.40 OpenPos=0 PendingOrders=0 UTC=2026.03.20 09:52 DayOfWeek=5 WeekendCloseActive=NO NewTradeBlocked=YES | 276100.000000
LN	0	03:53:07.210	Cazyxio_v4.3 (EURUSD,M15)	2026.03.20 09:53:07 | HEARTBEAT | SYSTEM | EA alive. Tick=276200 Equity=44972.40 OpenPos=0 PendingOrders=0 UTC=2026.03.20 09:53 DayOfWeek=5 WeekendCloseActive=NO NewTradeBlocked=YES | 276200.000000
KP	0	03:53:42.774	Cazyxio_v4.3 (EURUSD,M15)	2026.03.20 09:53:42 | HEARTBEAT | SYSTEM | EA alive. Tick=276300 Equity=44972.40 OpenPos=0 PendingOrders=0 UTC=2026.03.20 09:53 DayOfWeek=5 WeekendCloseActive=NO NewTradeBlocked=YES | 276300.000000
CR	0	03:54:31.551	Cazyxio_v4.3 (EURUSD,M15)	2026.03.20 09:54:31 | HEARTBEAT | SYSTEM | EA alive. Tick=276400 Equity=44972.40 OpenPos=0 PendingOrders=0 UTC=2026.03.20 09:54 DayOfWeek=5 WeekendCloseActive=NO NewTradeBlocked=YES | 276400.000000
JE	0	03:55:23.687	Cazyxio_v4.3 (EURUSD,M15)	2026.03.20 09:55:23 | HEARTBEAT | SYSTEM | EA alive. Tick=276500 Equity=44972.40 OpenPos=0 PendingOrders=0 UTC=2026.03.20 09:55 DayOfWeek=5 WeekendCloseActive=NO NewTradeBlocked=YES | 276500.000000
FG	0	03:56:11.037	Cazyxio_v4.3 (EURUSD,M15)	2026.03.20 09:56:11 | HEARTBEAT | SYSTEM | EA alive. Tick=276600 Equity=44972.40 OpenPos=0 PendingOrders=0 UTC=2026.03.20 09:56 DayOfWeek=5 WeekendCloseActive=NO NewTradeBlocked=YES | 276600.000000
LI	0	03:57:03.779	Cazyxio_v4.3 (EURUSD,M15)	2026.03.20 09:57:03 | HEARTBEAT | SYSTEM | EA alive. Tick=276700 Equity=44972.40 OpenPos=0 PendingOrders=0 UTC=2026.03.20 09:57 DayOfWeek=5 WeekendCloseActive=NO NewTradeBlocked=YES | 276700.000000
LH	0	03:57:50.740	Cazyxio_v4.3 (EURUSD,M15)	2026.03.20 09:57:50 | HEARTBEAT | SYSTEM | EA alive. Tick=276800 Equity=44972.40 OpenPos=0 PendingOrders=0 UTC=2026.03.20 09:57 DayOfWeek=5 WeekendCloseActive=NO NewTradeBlocked=YES | 276800.000000
HJ	0	03:58:47.619	Cazyxio_v4.3 (EURUSD,M15)	2026.03.20 09:58:47 | HEARTBEAT | SYSTEM | EA alive. Tick=276900 Equity=44972.40 OpenPos=0 PendingOrders=0 UTC=2026.03.20 09:58 DayOfWeek=5 WeekendCloseActive=NO NewTradeBlocked=YES | 276900.000000
RM	0	03:59:49.348	Cazyxio_v4.3 (EURUSD,M15)	2026.03.20 09:59:49 | HEARTBEAT | SYSTEM | EA alive. Tick=277000 Equity=44972.40 OpenPos=0 PendingOrders=0 UTC=2026.03.20 09:59 DayOfWeek=5 WeekendCloseActive=NO NewTradeBlocked=YES | 277000.000000
RR	0	04:02:21.799	Cazyxio_v4.3 (EURUSD,M15)	2026.03.20 10:02:21 | GATE_FAIL | GBPUSD | CopyBuffer failed for Daily EMA200.
LR	0	04:04:42.178	Cazyxio_v4.3 (EURUSD,M15)	2026.03.20 10:04:42 | GATE_FAIL | EURUSD | CopyBuffer failed for Daily EMA200.
OR	0	04:07:02.604	Cazyxio_v4.3 (EURUSD,M15)	2026.03.20 10:07:02 | GATE_FAIL | USDJPY | CopyBuffer failed for Daily EMA200.
IP	0	04:07:02.604	Cazyxio_v4.3 (EURUSD,M15)	2026.03.20 10:07:02 | POST_SL_CONTEXT | AUDUSD | Bar 4 after SL hit. SLHitPrice=0.70802 BarClose=0.70641 MoveSinceSL=-16.1pips Verdict=REVERSED_AGAINST_TRADE (positive=price went our way, negative=continued against us)
EN	0	04:07:02.604	Cazyxio_v4.3 (EURUSD,M15)	2026.03.20 10:07:02 | BAR | AUDUSD | close=0.70641 h4ema200=0.70281 h4slope=UP dailyEMA200=0.67214 adx=18.6 ema50=0.70796 distToEMA50=15.5pips touchSeq=0 atr=0.000760 atrRatio=0.780 dir=LONG spread=20.0 spreadOK=YES atrGate=FAIL touch=PASS momCandle=momClosePos=0.127 momOk=N ema50Ok=Y barRange=0.001500 zeroRangeBar=NO trigger=NO hasPos=NO portRisk=0.00% openPos=0 | 0.706410
LG	0	04:07:02.604	Cazyxio_v4.3 (EURUSD,M15)	2026.03.20 10:07:02 | NEAR_MISS | AUDUSD | ATR near-miss. Ratio=0.780 MinRatio=0.80 Gap=0.020
EK	0	04:07:02.604	Cazyxio_v4.3 (EURUSD,M15)	2026.03.20 10:07:02 | GATE_FAIL | AUDUSD | ATR gate FAIL. ATR=0.000760 ATR_SMA=0.000974 Ratio=0.780 MinRatio=0.80
QH	0	04:07:02.604	Cazyxio_v4.3 (EURUSD,M15)	2026.03.20 10:07:02 | BAR | GBPJPY | close=212.529 h4ema200=211.092 h4slope=UP dailyEMA200=205.130 adx=22.3 ema50=212.268 distToEMA50=26.1pips touchSeq=0 atr=0.137714 atrRatio=0.824 dir=LONG spread=43.0 spreadOK=NO atrGate=PASS touch=FAIL momCandle=momClosePos=0.278 momOk=N ema50Ok=Y barRange=0.151000 zeroRangeBar=NO trigger=NO hasPos=NO portRisk=0.00% openPos=0 | 212.529000
MR	0	04:07:02.604	Cazyxio_v4.3 (EURUSD,M15)	2026.03.20 10:07:02 | GATE_FAIL | GBPJPY | Spread too wide. Spread=43.0 Max=30 points.
CQ	0	04:07:02.605	Cazyxio_v4.3 (EURUSD,M15)	2026.03.20 10:07:02 | BAR | USDCAD | close=1.37183 h4ema200=1.36741 h4slope=UP dailyEMA200=1.38075 adx=27.0 ema50=1.37264 distToEMA50=8.1pips touchSeq=0 atr=0.000660 atrRatio=0.848 dir=NONE spread=26.0 spreadOK=YES atrGate=PASS touch=FAIL momCandle= zeroRangeBar=NO trigger=NO hasPos=NO portRisk=0.00% openPos=0 | 1.371830
FO	0	04:07:02.605	Cazyxio_v4.3 (EURUSD,M15)	2026.03.20 10:07:02 | GATE_FAIL | USDCAD | No directional bias. h4slope=UP closeNow=1.37183 h4ema200=1.36741 dailyEMA200=1.38075
IJ	0	04:07:46.578	Cazyxio_v4.3 (EURUSD,M15)	2026.03.20 10:07:46 | HEARTBEAT | SYSTEM | EA alive. Tick=277100 Equity=44972.40 OpenPos=0 PendingOrders=0 UTC=2026.03.20 10:07 DayOfWeek=5 WeekendCloseActive=NO NewTradeBlocked=YES | 277100.000000
HL	0	04:08:40.365	Cazyxio_v4.3 (EURUSD,M15)	2026.03.20 10:08:40 | HEARTBEAT | SYSTEM | EA alive. Tick=277200 Equity=44972.40 OpenPos=0 PendingOrders=0 UTC=2026.03.20 10:08 DayOfWeek=5 WeekendCloseActive=NO NewTradeBlocked=YES | 277200.000000
CN	0	04:09:36.608	Cazyxio_v4.3 (EURUSD,M15)	2026.03.20 10:09:36 | HEARTBEAT | SYSTEM | EA alive. Tick=277300 Equity=44972.40 OpenPos=0 PendingOrders=0 UTC=2026.03.20 10:09 DayOfWeek=5 WeekendCloseActive=NO NewTradeBlocked=YES | 277300.000000
PQ	0	04:10:32.630	Cazyxio_v4.3 (EURUSD,M15)	2026.03.20 10:10:32 | HEARTBEAT | SYSTEM | EA alive. Tick=277400 Equity=44972.40 OpenPos=0 PendingOrders=0 UTC=2026.03.20 10:10 DayOfWeek=5 WeekendCloseActive=NO NewTradeBlocked=YES | 277400.000000
PS	0	04:11:28.781	Cazyxio_v4.3 (EURUSD,M15)	2026.03.20 10:11:28 | HEARTBEAT | SYSTEM | EA alive. Tick=277500 Equity=44972.40 OpenPos=0 PendingOrders=0 UTC=2026.03.20 10:11 DayOfWeek=5 WeekendCloseActive=NO NewTradeBlocked=YES | 277500.000000
NE	0	04:12:14.269	Cazyxio_v4.3 (EURUSD,M15)	2026.03.20 10:12:14 | HEARTBEAT | SYSTEM | EA alive. Tick=277600 Equity=44972.40 OpenPos=0 PendingOrders=0 UTC=2026.03.20 10:12 DayOfWeek=5 WeekendCloseActive=NO NewTradeBlocked=YES | 277600.000000
ED	0	04:13:08.197	Cazyxio_v4.3 (EURUSD,M15)	2026.03.20 10:13:08 | HEARTBEAT | SYSTEM | EA alive. Tick=277700 Equity=44972.40 OpenPos=0 PendingOrders=0 UTC=2026.03.20 10:13 DayOfWeek=5 WeekendCloseActive=NO NewTradeBlocked=YES | 277700.000000
IF	0	04:13:58.702	Cazyxio_v4.3 (EURUSD,M15)	2026.03.20 10:13:58 | HEARTBEAT | SYSTEM | EA alive. Tick=277800 Equity=44972.40 OpenPos=0 PendingOrders=0 UTC=2026.03.20 10:13 DayOfWeek=5 WeekendCloseActive=NO NewTradeBlocked=YES | 277800.000000
MI	0	04:14:52.253	Cazyxio_v4.3 (EURUSD,M15)	2026.03.20 10:14:52 | HEARTBEAT | SYSTEM | EA alive. Tick=277900 Equity=44972.40 OpenPos=0 PendingOrders=0 UTC=2026.03.20 10:14 DayOfWeek=5 WeekendCloseActive=NO NewTradeBlocked=YES | 277900.000000
FG	0	04:17:21.815	Cazyxio_v4.3 (EURUSD,M15)	2026.03.20 10:17:21 | GATE_FAIL | EURUSD | CopyBuffer failed for Daily EMA200.
CF	0	04:19:42.170	Cazyxio_v4.3 (EURUSD,M15)	2026.03.20 10:19:42 | GATE_FAIL | USDJPY | CopyBuffer failed for Daily EMA200.
QK	0	04:19:42.170	Cazyxio_v4.3 (EURUSD,M15)	2026.03.20 10:19:42 | BAR | AUDUSD | close=0.70561 h4ema200=0.70281 h4slope=UP dailyEMA200=0.67214 adx=19.1 ema50=0.70784 distToEMA50=22.3pips touchSeq=0 atr=0.000815 atrRatio=0.838 dir=LONG spread=16.0 spreadOK=YES atrGate=PASS touch=PASS momCandle=momClosePos=0.331 momOk=N ema50Ok=Y barRange=0.001330 zeroRangeBar=NO trigger=NO hasPos=NO portRisk=0.00% openPos=0 | 0.705610
EE	0	04:19:42.170	Cazyxio_v4.3 (EURUSD,M15)	2026.03.20 10:19:42 | GATE_FAIL | AUDUSD | ADX filter FAIL. H4 ADX=19.1 MinLevel=20.0 Market is ranging — no trend to trade.
HO	0	04:19:42.170	Cazyxio_v4.3 (EURUSD,M15)	2026.03.20 10:19:42 | BAR | GBPJPY | close=212.358 h4ema200=211.092 h4slope=UP dailyEMA200=205.129 adx=22.3 ema50=212.268 distToEMA50=9.0pips touchSeq=1 atr=0.143571 atrRatio=0.865 dir=LONG spread=40.0 spreadOK=NO atrGate=PASS touch=FAIL momCandle=momClosePos=0.249 momOk=N ema50Ok=Y barRange=0.265000 zeroRangeBar=NO trigger=NO hasPos=NO portRisk=0.00% openPos=0 | 212.358000
FN	0	04:19:42.170	Cazyxio_v4.3 (EURUSD,M15)	2026.03.20 10:19:42 | GATE_FAIL | GBPJPY | Spread too wide. Spread=40.0 Max=30 points.
PR	0	04:19:42.170	Cazyxio_v4.3 (EURUSD,M15)	2026.03.20 10:19:42 | BAR | USDCAD | close=1.37246 h4ema200=1.36741 h4slope=UP dailyEMA200=1.38076 adx=26.8 ema50=1.37264 distToEMA50=1.8pips touchSeq=1 atr=0.000694 atrRatio=0.892 dir=NONE spread=27.0 spreadOK=YES atrGate=PASS touch=FAIL momCandle= zeroRangeBar=NO trigger=NO hasPos=NO portRisk=0.00% openPos=0 | 1.372460
DP	0	04:19:42.170	Cazyxio_v4.3 (EURUSD,M15)	2026.03.20 10:19:42 | GATE_FAIL | USDCAD | No directional bias. h4slope=UP closeNow=1.37246 h4ema200=1.36741 dailyEMA200=1.38076
GD	0	04:22:02.837	Cazyxio_v4.3 (EURUSD,M15)	2026.03.20 10:22:02 | GATE_FAIL | GBPUSD | CopyBuffer failed for Daily EMA200.
IH	0	04:23:12.406	Cazyxio_v4.3 (EURUSD,M15)	2026.03.20 10:23:12 | HEARTBEAT | SYSTEM | EA alive. Tick=278000 Equity=44972.40 OpenPos=0 PendingOrders=0 UTC=2026.03.20 10:23 DayOfWeek=5 WeekendCloseActive=NO NewTradeBlocked=YES | 278000.000000
PK	0	04:24:44.206	Cazyxio_v4.3 (EURUSD,M15)	2026.03.20 10:24:44 | HEARTBEAT | SYSTEM | EA alive. Tick=278100 Equity=44972.40 OpenPos=0 PendingOrders=0 UTC=2026.03.20 10:24 DayOfWeek=5 WeekendCloseActive=NO NewTradeBlocked=YES | 278100.000000
EM	0	04:26:03.878	Cazyxio_v4.3 (EURUSD,M15)	2026.03.20 10:26:03 | HEARTBEAT | SYSTEM | EA alive. Tick=278200 Equity=44972.40 OpenPos=0 PendingOrders=0 UTC=2026.03.20 10:26 DayOfWeek=5 WeekendCloseActive=NO NewTradeBlocked=YES | 278200.000000
LL	0	04:27:14.744	Cazyxio_v4.3 (EURUSD,M15)	2026.03.20 10:27:14 | HEARTBEAT | SYSTEM | EA alive. Tick=278300 Equity=44972.40 OpenPos=0 PendingOrders=0 UTC=2026.03.20 10:27 DayOfWeek=5 WeekendCloseActive=NO NewTradeBlocked=YES | 278300.000000
GN	0	04:28:30.201	Cazyxio_v4.3 (EURUSD,M15)	2026.03.20 10:28:30 | HEARTBEAT | SYSTEM | EA alive. Tick=278400 Equity=44972.40 OpenPos=0 PendingOrders=0 UTC=2026.03.20 10:28 DayOfWeek=5 WeekendCloseActive=NO NewTradeBlocked=YES | 278400.000000
KP	0	04:29:58.163	Cazyxio_v4.3 (EURUSD,M15)	2026.03.20 10:29:58 | HEARTBEAT | SYSTEM | EA alive. Tick=278500 Equity=44972.40 OpenPos=0 PendingOrders=0 UTC=2026.03.20 10:29 DayOfWeek=5 WeekendCloseActive=NO NewTradeBlocked=YES | 278500.000000
ON	0	04:32:22.743	Cazyxio_v4.3 (EURUSD,M15)	2026.03.20 10:32:22 | GATE_FAIL | GBPUSD | CopyBuffer failed for Daily EMA200.
PN	0	04:34:43.169	Cazyxio_v4.3 (EURUSD,M15)	2026.03.20 10:34:43 | GATE_FAIL | EURUSD | CopyBuffer failed for Daily EMA200.
NN	0	04:37:03.537	Cazyxio_v4.3 (EURUSD,M15)	2026.03.20 10:37:03 | GATE_FAIL | USDJPY | CopyBuffer failed for Daily EMA200.
DE	0	04:37:03.537	Cazyxio_v4.3 (EURUSD,M15)	2026.03.20 10:37:03 | BAR | AUDUSD | close=0.70562 h4ema200=0.70281 h4slope=UP dailyEMA200=0.67214 adx=19.1 ema50=0.70778 distToEMA50=21.6pips touchSeq=0 atr=0.000770 atrRatio=0.793 dir=LONG spread=20.0 spreadOK=YES atrGate=FAIL touch=PASS momCandle=momClosePos=0.621 momOk=N ema50Ok=Y barRange=0.000660 zeroRangeBar=NO trigger=NO hasPos=NO portRisk=0.00% openPos=0 | 0.705620
DR	0	04:37:03.537	Cazyxio_v4.3 (EURUSD,M15)	2026.03.20 10:37:03 | NEAR_MISS | AUDUSD | ATR near-miss. Ratio=0.793 MinRatio=0.80 Gap=0.007
NM	0	04:37:03.537	Cazyxio_v4.3 (EURUSD,M15)	2026.03.20 10:37:03 | GATE_FAIL | AUDUSD | ATR gate FAIL. ATR=0.000770 ATR_SMA=0.000971 Ratio=0.793 MinRatio=0.80
GE	0	04:37:03.537	Cazyxio_v4.3 (EURUSD,M15)	2026.03.20 10:37:03 | BAR | GBPJPY | close=212.353 h4ema200=211.091 h4slope=UP dailyEMA200=205.128 adx=22.3 ema50=212.269 distToEMA50=8.4pips touchSeq=2 atr=0.137643 atrRatio=0.836 dir=LONG spread=39.0 spreadOK=NO atrGate=PASS touch=PASS momCandle=momClosePos=0.367 momOk=N ema50Ok=Y barRange=0.090000 zeroRangeBar=NO trigger=NO hasPos=NO portRisk=0.00% openPos=0 | 212.353000
QG	0	04:37:03.537	Cazyxio_v4.3 (EURUSD,M15)	2026.03.20 10:37:03 | GATE_FAIL | GBPJPY | Spread too wide. Spread=39.0 Max=30 points.
EK	0	04:37:03.537	Cazyxio_v4.3 (EURUSD,M15)	2026.03.20 10:37:03 | BAR | USDCAD | close=1.37232 h4ema200=1.36741 h4slope=UP dailyEMA200=1.38075 adx=26.8 ema50=1.37262 distToEMA50=3.0pips touchSeq=2 atr=0.000638 atrRatio=0.820 dir=NONE spread=28.0 spreadOK=YES atrGate=PASS touch=FAIL momCandle= zeroRangeBar=NO trigger=NO hasPos=NO portRisk=0.00% openPos=0 | 1.372320
EI	0	04:37:03.537	Cazyxio_v4.3 (EURUSD,M15)	2026.03.20 10:37:03 | GATE_FAIL | USDCAD | No directional bias. h4slope=UP closeNow=1.37232 h4ema200=1.36741 dailyEMA200=1.38075
DP	0	04:38:05.957	Cazyxio_v4.3 (EURUSD,M15)	2026.03.20 10:38:05 | HEARTBEAT | SYSTEM | EA alive. Tick=278600 Equity=44972.40 OpenPos=0 PendingOrders=0 UTC=2026.03.20 10:38 DayOfWeek=5 WeekendCloseActive=NO NewTradeBlocked=YES | 278600.000000
DS	0	04:39:05.088	Cazyxio_v4.3 (EURUSD,M15)	2026.03.20 10:39:05 | HEARTBEAT | SYSTEM | EA alive. Tick=278700 Equity=44972.40 OpenPos=0 PendingOrders=0 UTC=2026.03.20 10:39 DayOfWeek=5 WeekendCloseActive=NO NewTradeBlocked=YES | 278700.000000
EE	0	04:39:58.050	Cazyxio_v4.3 (EURUSD,M15)	2026.03.20 10:39:58 | HEARTBEAT | SYSTEM | EA alive. Tick=278800 Equity=44972.40 OpenPos=0 PendingOrders=0 UTC=2026.03.20 10:39 DayOfWeek=5 WeekendCloseActive=NO NewTradeBlocked=YES | 278800.000000
LG	0	04:41:03.597	Cazyxio_v4.3 (EURUSD,M15)	2026.03.20 10:41:03 | HEARTBEAT | SYSTEM | EA alive. Tick=278900 Equity=44972.40 OpenPos=0 PendingOrders=0 UTC=2026.03.20 10:41 DayOfWeek=5 WeekendCloseActive=NO NewTradeBlocked=YES | 278900.000000
PF	0	04:42:08.288	Cazyxio_v4.3 (EURUSD,M15)	2026.03.20 10:42:08 | HEARTBEAT | SYSTEM | EA alive. Tick=279000 Equity=44972.40 OpenPos=0 PendingOrders=0 UTC=2026.03.20 10:42 DayOfWeek=5 WeekendCloseActive=NO NewTradeBlocked=YES | 279000.000000
CH	0	04:43:07.141	Cazyxio_v4.3 (EURUSD,M15)	2026.03.20 10:43:07 | HEARTBEAT | SYSTEM | EA alive. Tick=279100 Equity=44972.40 OpenPos=0 PendingOrders=0 UTC=2026.03.20 10:43 DayOfWeek=5 WeekendCloseActive=NO NewTradeBlocked=YES | 279100.000000
KJ	0	04:44:09.591	Cazyxio_v4.3 (EURUSD,M15)	2026.03.20 10:44:09 | HEARTBEAT | SYSTEM | EA alive. Tick=279200 Equity=44972.40 OpenPos=0 PendingOrders=0 UTC=2026.03.20 10:44 DayOfWeek=5 WeekendCloseActive=NO NewTradeBlocked=YES | 279200.000000
IP	0	04:47:21.941	Cazyxio_v4.3 (EURUSD,M15)	2026.03.20 10:47:21 | GATE_FAIL | GBPUSD | CopyBuffer failed for Daily EMA200.
IP	0	04:49:42.322	Cazyxio_v4.3 (EURUSD,M15)	2026.03.20 10:49:42 | GATE_FAIL | EURUSD | CopyBuffer failed for Daily EMA200.
OP	0	04:52:02.743	Cazyxio_v4.3 (EURUSD,M15)	2026.03.20 10:52:02 | GATE_FAIL | USDJPY | CopyBuffer failed for Daily EMA200.
HS	0	04:52:02.743	Cazyxio_v4.3 (EURUSD,M15)	2026.03.20 10:52:02 | BAR | AUDUSD | close=0.70642 h4ema200=0.70281 h4slope=UP dailyEMA200=0.67214 adx=19.1 ema50=0.70773 distToEMA50=13.1pips touchSeq=0 atr=0.000801 atrRatio=0.827 dir=LONG spread=17.0 spreadOK=YES atrGate=PASS touch=PASS momCandle=momClosePos=0.843 momOk=Y ema50Ok=Y barRange=0.001020 zeroRangeBar=NO trigger=YES hasPos=NO portRisk=0.00% openPos=0 | 0.706420
OJ	0	04:52:02.743	Cazyxio_v4.3 (EURUSD,M15)	2026.03.20 10:52:02 | GATE_FAIL | AUDUSD | ADX filter FAIL. H4 ADX=19.1 MinLevel=20.0 Market is ranging — no trend to trade.
KF	0	04:52:02.743	Cazyxio_v4.3 (EURUSD,M15)	2026.03.20 10:52:02 | BAR | GBPJPY | close=212.349 h4ema200=211.091 h4slope=UP dailyEMA200=205.128 adx=22.3 ema50=212.272 distToEMA50=7.7pips touchSeq=3 atr=0.135643 atrRatio=0.831 dir=LONG spread=40.0 spreadOK=NO atrGate=PASS touch=PASS momCandle=momClosePos=0.740 momOk=Y ema50Ok=Y barRange=0.127000 zeroRangeBar=NO trigger=YES hasPos=NO portRisk=0.00% openPos=0 | 212.349000
NM	0	04:52:02.743	Cazyxio_v4.3 (EURUSD,M15)	2026.03.20 10:52:02 | GATE_FAIL | GBPJPY | Spread too wide. Spread=40.0 Max=30 points.
OP	0	04:52:02.743	Cazyxio_v4.3 (EURUSD,M15)	2026.03.20 10:52:02 | BAR | USDCAD | close=1.37205 h4ema200=1.36741 h4slope=UP dailyEMA200=1.38075 adx=26.8 ema50=1.37260 distToEMA50=5.5pips touchSeq=3 atr=0.000630 atrRatio=0.812 dir=NONE spread=24.0 spreadOK=YES atrGate=PASS touch=FAIL momCandle= zeroRangeBar=NO trigger=NO hasPos=NO portRisk=0.00% openPos=0 | 1.372050
PN	0	04:52:02.743	Cazyxio_v4.3 (EURUSD,M15)	2026.03.20 10:52:02 | GATE_FAIL | USDCAD | No directional bias. h4slope=UP closeNow=1.37205 h4ema200=1.36741 dailyEMA200=1.38075
KK	0	04:52:04.848	Cazyxio_v4.3 (EURUSD,M15)	2026.03.20 10:52:04 | HEARTBEAT | SYSTEM | EA alive. Tick=279300 Equity=44972.40 OpenPos=0 PendingOrders=0 UTC=2026.03.20 10:52 DayOfWeek=5 WeekendCloseActive=NO NewTradeBlocked=YES | 279300.000000
IM	0	04:53:00.836	Cazyxio_v4.3 (EURUSD,M15)	2026.03.20 10:53:00 | HEARTBEAT | SYSTEM | EA alive. Tick=279400 Equity=44972.40 OpenPos=0 PendingOrders=0 UTC=2026.03.20 10:53 DayOfWeek=5 WeekendCloseActive=NO NewTradeBlocked=YES | 279400.000000
FO	0	04:53:59.367	Cazyxio_v4.3 (EURUSD,M15)	2026.03.20 10:53:59 | HEARTBEAT | SYSTEM | EA alive. Tick=279500 Equity=44972.40 OpenPos=0 PendingOrders=0 UTC=2026.03.20 10:53 DayOfWeek=5 WeekendCloseActive=NO NewTradeBlocked=YES | 279500.000000
KN	0	04:55:01.089	Cazyxio_v4.3 (EURUSD,M15)	2026.03.20 10:55:01 | HEARTBEAT | SYSTEM | EA alive. Tick=279600 Equity=44972.40 OpenPos=0 PendingOrders=0 UTC=2026.03.20 10:55 DayOfWeek=5 WeekendCloseActive=NO NewTradeBlocked=YES | 279600.000000
DP	0	04:56:08.265	Cazyxio_v4.3 (EURUSD,M15)	2026.03.20 10:56:08 | HEARTBEAT | SYSTEM | EA alive. Tick=279700 Equity=44972.40 OpenPos=0 PendingOrders=0 UTC=2026.03.20 10:56 DayOfWeek=5 WeekendCloseActive=NO NewTradeBlocked=YES | 279700.000000
IR	0	04:57:17.414	Cazyxio_v4.3 (EURUSD,M15)	2026.03.20 10:57:17 | HEARTBEAT | SYSTEM | EA alive. Tick=279800 Equity=44972.40 OpenPos=0 PendingOrders=0 UTC=2026.03.20 10:57 DayOfWeek=5 WeekendCloseActive=NO NewTradeBlocked=YES | 279800.000000
NE	0	04:58:21.108	Cazyxio_v4.3 (EURUSD,M15)	2026.03.20 10:58:21 | HEARTBEAT | SYSTEM | EA alive. Tick=279900 Equity=44972.40 OpenPos=0 PendingOrders=0 UTC=2026.03.20 10:58 DayOfWeek=5 WeekendCloseActive=NO NewTradeBlocked=YES | 279900.000000
LG	0	04:59:24.352	Cazyxio_v4.3 (EURUSD,M15)	2026.03.20 10:59:24 | HEARTBEAT | SYSTEM | EA alive. Tick=280000 Equity=44972.40 OpenPos=0 PendingOrders=0 UTC=2026.03.20 10:59 DayOfWeek=5 WeekendCloseActive=NO NewTradeBlocked=YES | 280000.000000
GJ	0	05:02:21.850	Cazyxio_v4.3 (EURUSD,M15)	2026.03.20 11:02:21 | GATE_FAIL | EURUSD | CopyBuffer failed for Daily EMA200.
DE	0	05:04:42.274	Cazyxio_v4.3 (EURUSD,M15)	2026.03.20 11:04:42 | GATE_FAIL | USDJPY | CopyBuffer failed for Daily EMA200.
QE	0	05:04:42.274	Cazyxio_v4.3 (EURUSD,M15)	2026.03.20 11:04:42 | BAR | AUDUSD | close=0.70645 h4ema200=0.70282 h4slope=UP dailyEMA200=0.67215 adx=19.1 ema50=0.70771 distToEMA50=12.6pips touchSeq=0 atr=0.000814 atrRatio=0.842 dir=LONG spread=19.0 spreadOK=YES atrGate=PASS touch=PASS momCandle=momClosePos=0.673 momOk=Y ema50Ok=Y barRange=0.000520 zeroRangeBar=NO trigger=YES hasPos=NO portRisk=0.00% openPos=0 | 0.706450
LG	0	05:04:42.274	Cazyxio_v4.3 (EURUSD,M15)	2026.03.20 11:04:42 | GATE_FAIL | AUDUSD | ADX filter FAIL. H4 ADX=19.1 MinLevel=20.0 Market is ranging — no trend to trade.
EL	0	05:04:42.274	Cazyxio_v4.3 (EURUSD,M15)	2026.03.20 11:04:42 | BAR | GBPJPY | close=212.330 h4ema200=211.090 h4slope=UP dailyEMA200=205.128 adx=22.3 ema50=212.273 distToEMA50=5.7pips touchSeq=4 atr=0.134929 atrRatio=0.834 dir=LONG spread=39.0 spreadOK=NO atrGate=PASS touch=PASS momCandle=momClosePos=0.680 momOk=Y ema50Ok=Y barRange=0.103000 zeroRangeBar=NO trigger=YES hasPos=NO portRisk=0.00% openPos=0 | 212.330000
KK	0	05:04:42.274	Cazyxio_v4.3 (EURUSD,M15)	2026.03.20 11:04:42 | GATE_FAIL | GBPJPY | Spread too wide. Spread=39.0 Max=30 points.
NG	0	05:04:42.274	Cazyxio_v4.3 (EURUSD,M15)	2026.03.20 11:04:42 | BAR | USDCAD | close=1.37242 h4ema200=1.36741 h4slope=UP dailyEMA200=1.38075 adx=26.8 ema50=1.37259 distToEMA50=1.7pips touchSeq=4 atr=0.000664 atrRatio=0.855 dir=NONE spread=27.0 spreadOK=YES atrGate=PASS touch=FAIL momCandle= zeroRangeBar=NO trigger=NO hasPos=NO portRisk=0.00% openPos=0 | 1.372420
FE	0	05:04:42.274	Cazyxio_v4.3 (EURUSD,M15)	2026.03.20 11:04:42 | GATE_FAIL | USDCAD | No directional bias. h4slope=UP closeNow=1.37242 h4ema200=1.36741 dailyEMA200=1.38075
LI	0	05:07:04.030	Cazyxio_v4.3 (EURUSD,M15)	2026.03.20 11:07:04 | GATE_FAIL | GBPUSD | CopyBuffer failed for Daily EMA200.
RG	0	05:07:35.781	Cazyxio_v4.3 (EURUSD,M15)	2026.03.20 11:07:35 | HEARTBEAT | SYSTEM | EA alive. Tick=280100 Equity=44972.40 OpenPos=0 PendingOrders=0 UTC=2026.03.20 11:07 DayOfWeek=5 WeekendCloseActive=NO NewTradeBlocked=YES | 280100.000000
MF	0	05:08:54.831	Cazyxio_v4.3 (EURUSD,M15)	2026.03.20 11:08:54 | HEARTBEAT | SYSTEM | EA alive. Tick=280200 Equity=44972.40 OpenPos=0 PendingOrders=0 UTC=2026.03.20 11:08 DayOfWeek=5 WeekendCloseActive=NO NewTradeBlocked=YES | 280200.000000
GH	0	05:10:14.869	Cazyxio_v4.3 (EURUSD,M15)	2026.03.20 11:10:14 | HEARTBEAT | SYSTEM | EA alive. Tick=280300 Equity=44972.40 OpenPos=0 PendingOrders=0 UTC=2026.03.20 11:10 DayOfWeek=5 WeekendCloseActive=NO NewTradeBlocked=YES | 280300.000000
JJ	0	05:11:43.506	Cazyxio_v4.3 (EURUSD,M15)	2026.03.20 11:11:43 | HEARTBEAT | SYSTEM | EA alive. Tick=280400 Equity=44972.40 OpenPos=0 PendingOrders=0 UTC=2026.03.20 11:11 DayOfWeek=5 WeekendCloseActive=NO NewTradeBlocked=YES | 280400.000000
QM	0	05:12:47.223	Cazyxio_v4.3 (EURUSD,M15)	2026.03.20 11:12:47 | HEARTBEAT | SYSTEM | EA alive. Tick=280500 Equity=44972.40 OpenPos=0 PendingOrders=0 UTC=2026.03.20 11:12 DayOfWeek=5 WeekendCloseActive=NO NewTradeBlocked=YES | 280500.000000
FO	0	05:13:49.526	Cazyxio_v4.3 (EURUSD,M15)	2026.03.20 11:13:49 | HEARTBEAT | SYSTEM | EA alive. Tick=280600 Equity=44972.40 OpenPos=0 PendingOrders=0 UTC=2026.03.20 11:13 DayOfWeek=5 WeekendCloseActive=NO NewTradeBlocked=YES | 280600.000000
LN	0	05:14:53.886	Cazyxio_v4.3 (EURUSD,M15)	2026.03.20 11:14:53 | HEARTBEAT | SYSTEM | EA alive. Tick=280700 Equity=44972.40 OpenPos=0 PendingOrders=0 UTC=2026.03.20 11:14 DayOfWeek=5 WeekendCloseActive=NO NewTradeBlocked=YES | 280700.000000
KL	0	05:17:21.869	Cazyxio_v4.3 (EURUSD,M15)	2026.03.20 11:17:21 | GATE_FAIL | EURUSD | CopyBuffer failed for Daily EMA200.
JO	0	05:19:42.302	Cazyxio_v4.3 (EURUSD,M15)	2026.03.20 11:19:42 | GATE_FAIL | USDJPY | CopyBuffer failed for Daily EMA200.
IL	0	05:19:42.302	Cazyxio_v4.3 (EURUSD,M15)	2026.03.20 11:19:42 | BAR | AUDUSD | close=0.70732 h4ema200=0.70283 h4slope=UP dailyEMA200=0.67216 adx=19.1 ema50=0.70771 distToEMA50=3.9pips touchSeq=1 atr=0.000823 atrRatio=0.853 dir=LONG spread=20.0 spreadOK=YES atrGate=PASS touch=PASS momCandle=momClosePos=0.794 momOk=Y ema50Ok=Y barRange=0.001310 zeroRangeBar=NO trigger=YES hasPos=NO portRisk=0.00% openPos=0 | 0.707320
HN	0	05:19:42.302	Cazyxio_v4.3 (EURUSD,M15)	2026.03.20 11:19:42 | GATE_FAIL | AUDUSD | ADX filter FAIL. H4 ADX=19.1 MinLevel=20.0 Market is ranging — no trend to trade.
JG	0	05:19:42.302	Cazyxio_v4.3 (EURUSD,M15)	2026.03.20 11:19:42 | BAR | GBPJPY | close=212.310 h4ema200=211.090 h4slope=UP dailyEMA200=205.128 adx=21.9 ema50=212.274 distToEMA50=3.6pips touchSeq=5 atr=0.133357 atrRatio=0.831 dir=LONG spread=45.0 spreadOK=NO atrGate=PASS touch=PASS momCandle=momClosePos=0.403 momOk=N ema50Ok=Y barRange=0.144000 zeroRangeBar=NO trigger=NO hasPos=NO portRisk=0.00% openPos=0 | 212.310000
DQ	0	05:19:42.302	Cazyxio_v4.3 (EURUSD,M15)	2026.03.20 11:19:42 | GATE_FAIL | GBPJPY | Spread too wide. Spread=45.0 Max=30 points.
EM	0	05:19:42.302	Cazyxio_v4.3 (EURUSD,M15)	2026.03.20 11:19:42 | BAR | USDCAD | close=1.37205 h4ema200=1.36741 h4slope=UP dailyEMA200=1.38075 adx=26.8 ema50=1.37256 distToEMA50=5.1pips touchSeq=5 atr=0.000671 atrRatio=0.865 dir=NONE spread=27.0 spreadOK=YES atrGate=PASS touch=FAIL momCandle= zeroRangeBar=NO trigger=NO hasPos=NO portRisk=0.00% openPos=0 | 1.372050
EK	0	05:19:42.302	Cazyxio_v4.3 (EURUSD,M15)	2026.03.20 11:19:42 | GATE_FAIL | USDCAD | No directional bias. h4slope=UP closeNow=1.37205 h4ema200=1.36741 dailyEMA200=1.38075
OS	0	05:22:02.774	Cazyxio_v4.3 (EURUSD,M15)	2026.03.20 11:22:02 | GATE_FAIL | GBPUSD | CopyBuffer failed for Daily EMA200.
GQ	0	05:22:50.653	Cazyxio_v4.3 (EURUSD,M15)	2026.03.20 11:22:50 | HEARTBEAT | SYSTEM | EA alive. Tick=280800 Equity=44972.40 OpenPos=0 PendingOrders=0 UTC=2026.03.20 11:22 DayOfWeek=5 WeekendCloseActive=NO NewTradeBlocked=YES | 280800.000000
DP	0	05:24:06.867	Cazyxio_v4.3 (EURUSD,M15)	2026.03.20 11:24:06 | HEARTBEAT | SYSTEM | EA alive. Tick=280900 Equity=44972.40 OpenPos=0 PendingOrders=0 UTC=2026.03.20 11:24 DayOfWeek=5 WeekendCloseActive=NO NewTradeBlocked=YES | 280900.000000
IR	0	05:25:14.881	Cazyxio_v4.3 (EURUSD,M15)	2026.03.20 11:25:14 | HEARTBEAT | SYSTEM | EA alive. Tick=281000 Equity=44972.40 OpenPos=0 PendingOrders=0 UTC=2026.03.20 11:25 DayOfWeek=5 WeekendCloseActive=NO NewTradeBlocked=YES | 281000.000000
KE	0	05:26:57.350	Cazyxio_v4.3 (EURUSD,M15)	2026.03.20 11:26:57 | HEARTBEAT | SYSTEM | EA alive. Tick=281100 Equity=44972.40 OpenPos=0 PendingOrders=0 UTC=2026.03.20 11:26 DayOfWeek=5 WeekendCloseActive=NO NewTradeBlocked=YES | 281100.000000
KG	0	05:28:17.925	Cazyxio_v4.3 (EURUSD,M15)	2026.03.20 11:28:17 | HEARTBEAT | SYSTEM | EA alive. Tick=281200 Equity=44972.40 OpenPos=0 PendingOrders=0 UTC=2026.03.20 11:28 DayOfWeek=5 WeekendCloseActive=NO NewTradeBlocked=YES | 281200.000000
MI	0	05:29:26.421	Cazyxio_v4.3 (EURUSD,M15)	2026.03.20 11:29:26 | HEARTBEAT | SYSTEM | EA alive. Tick=281300 Equity=44972.40 OpenPos=0 PendingOrders=0 UTC=2026.03.20 11:29 DayOfWeek=5 WeekendCloseActive=NO NewTradeBlocked=YES | 281300.000000
KE	0	05:32:21.895	Cazyxio_v4.3 (EURUSD,M15)	2026.03.20 11:32:21 | GATE_FAIL | GBPUSD | CopyBuffer failed for Daily EMA200.
HG	0	05:34:42.327	Cazyxio_v4.3 (EURUSD,M15)	2026.03.20 11:34:42 | GATE_FAIL | EURUSD | CopyBuffer failed for Daily EMA200.
LG	0	05:37:02.726	Cazyxio_v4.3 (EURUSD,M15)	2026.03.20 11:37:02 | GATE_FAIL | USDJPY | CopyBuffer failed for Daily EMA200.
OH	0	05:37:02.726	Cazyxio_v4.3 (EURUSD,M15)	2026.03.20 11:37:02 | BAR | AUDUSD | close=0.70751 h4ema200=0.70283 h4slope=UP dailyEMA200=0.67216 adx=19.1 ema50=0.70771 distToEMA50=2.0pips touchSeq=2 atr=0.000826 atrRatio=0.857 dir=LONG spread=19.0 spreadOK=YES atrGate=PASS touch=PASS momCandle=momClosePos=0.540 momOk=N ema50Ok=Y barRange=0.000500 zeroRangeBar=NO trigger=NO hasPos=NO portRisk=0.00% openPos=0 | 0.707510
DE	0	05:37:02.726	Cazyxio_v4.3 (EURUSD,M15)	2026.03.20 11:37:02 | GATE_FAIL | AUDUSD | ADX filter FAIL. H4 ADX=19.1 MinLevel=20.0 Market is ranging — no trend to trade.
GP	0	05:37:02.726	Cazyxio_v4.3 (EURUSD,M15)	2026.03.20 11:37:02 | BAR | GBPJPY | close=212.404 h4ema200=211.092 h4slope=UP dailyEMA200=205.129 adx=21.9 ema50=212.284 distToEMA50=12.0pips touchSeq=6 atr=0.137214 atrRatio=0.860 dir=LONG spread=40.0 spreadOK=NO atrGate=PASS touch=PASS momCandle=momClosePos=0.945 momOk=Y ema50Ok=Y barRange=0.200000 zeroRangeBar=NO trigger=YES hasPos=NO portRisk=0.00% openPos=0 | 212.404000
ON	0	05:37:02.726	Cazyxio_v4.3 (EURUSD,M15)	2026.03.20 11:37:02 | GATE_FAIL | GBPJPY | Spread too wide. Spread=40.0 Max=30 points.
GE	0	05:37:02.726	Cazyxio_v4.3 (EURUSD,M15)	2026.03.20 11:37:02 | BAR | USDCAD | close=1.37219 h4ema200=1.36740 h4slope=UP dailyEMA200=1.38074 adx=26.8 ema50=1.37252 distToEMA50=3.3pips touchSeq=6 atr=0.000711 atrRatio=0.918 dir=NONE spread=26.0 spreadOK=YES atrGate=PASS touch=FAIL momCandle= zeroRangeBar=NO trigger=NO hasPos=NO portRisk=0.00% openPos=0 | 1.372190
JS	0	05:37:02.726	Cazyxio_v4.3 (EURUSD,M15)	2026.03.20 11:37:02 | GATE_FAIL | USDCAD | No directional bias. h4slope=UP closeNow=1.37219 h4ema200=1.36740 dailyEMA200=1.38074
FI	0	05:37:37.753	Cazyxio_v4.3 (EURUSD,M15)	2026.03.20 11:37:37 | HEARTBEAT | SYSTEM | EA alive. Tick=281400 Equity=44972.40 OpenPos=0 PendingOrders=0 UTC=2026.03.20 11:37 DayOfWeek=5 WeekendCloseActive=NO NewTradeBlocked=YES | 281400.000000
PH	0	05:38:57.482	Cazyxio_v4.3 (EURUSD,M15)	2026.03.20 11:38:57 | HEARTBEAT | SYSTEM | EA alive. Tick=281500 Equity=44972.40 OpenPos=0 PendingOrders=0 UTC=2026.03.20 11:38 DayOfWeek=5 WeekendCloseActive=NO NewTradeBlocked=YES | 281500.000000
MJ	0	05:40:08.972	Cazyxio_v4.3 (EURUSD,M15)	2026.03.20 11:40:08 | HEARTBEAT | SYSTEM | EA alive. Tick=281600 Equity=44972.40 OpenPos=0 PendingOrders=0 UTC=2026.03.20 11:40 DayOfWeek=5 WeekendCloseActive=NO NewTradeBlocked=YES | 281600.000000
EL	0	05:41:42.146	Cazyxio_v4.3 (EURUSD,M15)	2026.03.20 11:41:42 | HEARTBEAT | SYSTEM | EA alive. Tick=281700 Equity=44972.40 OpenPos=0 PendingOrders=0 UTC=2026.03.20 11:41 DayOfWeek=5 WeekendCloseActive=NO NewTradeBlocked=YES | 281700.000000
PO	0	05:42:42.588	Cazyxio_v4.3 (EURUSD,M15)	2026.03.20 11:42:42 | HEARTBEAT | SYSTEM | EA alive. Tick=281800 Equity=44972.40 OpenPos=0 PendingOrders=0 UTC=2026.03.20 11:42 DayOfWeek=5 WeekendCloseActive=NO NewTradeBlocked=YES | 281800.000000
IQ	0	05:43:54.742	Cazyxio_v4.3 (EURUSD,M15)	2026.03.20 11:43:54 | HEARTBEAT | SYSTEM | EA alive. Tick=281900 Equity=44972.40 OpenPos=0 PendingOrders=0 UTC=2026.03.20 11:43 DayOfWeek=5 WeekendCloseActive=NO NewTradeBlocked=YES | 281900.000000
PM	0	05:47:22.102	Cazyxio_v4.3 (EURUSD,M15)	2026.03.20 11:47:22 | GATE_FAIL | GBPUSD | CopyBuffer failed for Daily EMA200.
CO	0	05:49:42.504	Cazyxio_v4.3 (EURUSD,M15)	2026.03.20 11:49:42 | GATE_FAIL | EURUSD | CopyBuffer failed for Daily EMA200.
DO	0	05:52:02.889	Cazyxio_v4.3 (EURUSD,M15)	2026.03.20 11:52:02 | GATE_FAIL | USDJPY | CopyBuffer failed for Daily EMA200.
FM	0	05:52:02.889	Cazyxio_v4.3 (EURUSD,M15)	2026.03.20 11:52:02 | BAR | AUDUSD | close=0.70808 h4ema200=0.70282 h4slope=UP dailyEMA200=0.67215 adx=19.1 ema50=0.70771 distToEMA50=3.7pips touchSeq=3 atr=0.000892 atrRatio=0.927 dir=LONG spread=20.0 spreadOK=YES atrGate=PASS touch=PASS momCandle=momClosePos=0.792 momOk=Y ema50Ok=Y barRange=0.001010 zeroRangeBar=NO trigger=YES hasPos=NO portRisk=0.00% openPos=0 | 0.708080
NM	0	05:52:02.889	Cazyxio_v4.3 (EURUSD,M15)	2026.03.20 11:52:02 | GATE_FAIL | AUDUSD | ADX filter FAIL. H4 ADX=19.1 MinLevel=20.0 Market is ranging — no trend to trade.
OH	0	05:52:02.889	Cazyxio_v4.3 (EURUSD,M15)	2026.03.20 11:52:02 | BAR | GBPJPY | close=212.461 h4ema200=211.091 h4slope=UP dailyEMA200=205.128 adx=21.9 ema50=212.288 distToEMA50=17.3pips touchSeq=0 atr=0.139643 atrRatio=0.880 dir=LONG spread=46.0 spreadOK=NO atrGate=PASS touch=PASS momCandle=momClosePos=0.991 momOk=Y ema50Ok=Y barRange=0.106000 zeroRangeBar=NO trigger=YES hasPos=NO portRisk=0.00% openPos=0 | 212.461000
CF	0	05:52:02.889	Cazyxio_v4.3 (EURUSD,M15)	2026.03.20 11:52:02 | GATE_FAIL | GBPJPY | Spread too wide. Spread=46.0 Max=30 points.
EN	0	05:52:02.889	Cazyxio_v4.3 (EURUSD,M15)	2026.03.20 11:52:02 | BAR | USDCAD | close=1.37114 h4ema200=1.36740 h4slope=UP dailyEMA200=1.38075 adx=26.9 ema50=1.37248 distToEMA50=13.4pips touchSeq=0 atr=0.000729 atrRatio=0.941 dir=NONE spread=26.0 spreadOK=YES atrGate=PASS touch=FAIL momCandle= zeroRangeBar=NO trigger=NO hasPos=NO portRisk=0.00% openPos=0 | 1.371140
CK	0	05:52:02.889	Cazyxio_v4.3 (EURUSD,M15)	2026.03.20 11:52:02 | GATE_FAIL | USDCAD | No directional bias. h4slope=UP closeNow=1.37114 h4ema200=1.36740 dailyEMA200=1.38075
GQ	0	05:52:12.623	Cazyxio_v4.3 (EURUSD,M15)	2026.03.20 11:52:12 | HEARTBEAT | SYSTEM | EA alive. Tick=282000 Equity=44972.40 OpenPos=0 PendingOrders=0 UTC=2026.03.20 11:52 DayOfWeek=5 WeekendCloseActive=NO NewTradeBlocked=YES | 282000.000000
KP	0	05:53:08.505	Cazyxio_v4.3 (EURUSD,M15)	2026.03.20 11:53:08 | HEARTBEAT | SYSTEM | EA alive. Tick=282100 Equity=44972.40 OpenPos=0 PendingOrders=0 UTC=2026.03.20 11:53 DayOfWeek=5 WeekendCloseActive=NO NewTradeBlocked=YES | 282100.000000
OR	0	05:54:06.094	Cazyxio_v4.3 (EURUSD,M15)	2026.03.20 11:54:06 | HEARTBEAT | SYSTEM | EA alive. Tick=282200 Equity=44972.40 OpenPos=0 PendingOrders=0 UTC=2026.03.20 11:54 DayOfWeek=5 WeekendCloseActive=NO NewTradeBlocked=YES | 282200.000000
KE	0	05:55:11.516	Cazyxio_v4.3 (EURUSD,M15)	2026.03.20 11:55:11 | HEARTBEAT | SYSTEM | EA alive. Tick=282300 Equity=44972.40 OpenPos=0 PendingOrders=0 UTC=2026.03.20 11:55 DayOfWeek=5 WeekendCloseActive=NO NewTradeBlocked=YES | 282300.000000
NG	0	05:56:20.501	Cazyxio_v4.3 (EURUSD,M15)	2026.03.20 11:56:20 | HEARTBEAT | SYSTEM | EA alive. Tick=282400 Equity=44972.40 OpenPos=0 PendingOrders=0 UTC=2026.03.20 11:56 DayOfWeek=5 WeekendCloseActive=NO NewTradeBlocked=YES | 282400.000000
CI	0	05:57:43.884	Cazyxio_v4.3 (EURUSD,M15)	2026.03.20 11:57:43 | HEARTBEAT | SYSTEM | EA alive. Tick=282500 Equity=44972.40 OpenPos=0 PendingOrders=0 UTC=2026.03.20 11:57 DayOfWeek=5 WeekendCloseActive=NO NewTradeBlocked=YES | 282500.000000
KH	0	05:58:43.692	Cazyxio_v4.3 (EURUSD,M15)	2026.03.20 11:58:43 | HEARTBEAT | SYSTEM | EA alive. Tick=282600 Equity=44972.40 OpenPos=0 PendingOrders=0 UTC=2026.03.20 11:58 DayOfWeek=5 WeekendCloseActive=NO NewTradeBlocked=YES | 282600.000000
KF	0	06:02:21.977	Cazyxio_v4.3 (EURUSD,M15)	2026.03.20 12:02:21 | GATE_FAIL | EURUSD | CopyBuffer failed for Daily EMA200.
KF	0	06:04:42.321	Cazyxio_v4.3 (EURUSD,M15)	2026.03.20 12:04:42 | GATE_FAIL | USDJPY | CopyBuffer failed for Daily EMA200.
KR	0	06:04:42.321	Cazyxio_v4.3 (EURUSD,M15)	2026.03.20 12:04:42 | BAR | AUDUSD | close=0.70788 h4ema200=0.70283 h4slope=UP dailyEMA200=0.67216 adx=19.1 ema50=0.70775 distToEMA50=1.3pips touchSeq=4 atr=0.000876 atrRatio=0.911 dir=LONG spread=18.0 spreadOK=YES atrGate=PASS touch=PASS momCandle=momClosePos=0.734 momOk=Y ema50Ok=Y barRange=0.000940 zeroRangeBar=NO trigger=YES hasPos=NO portRisk=0.00% openPos=0 | 0.707880
ED	0	06:04:42.321	Cazyxio_v4.3 (EURUSD,M15)	2026.03.20 12:04:42 | GATE_FAIL | AUDUSD | ADX filter FAIL. H4 ADX=19.1 MinLevel=20.0 Market is ranging — no trend to trade.
KM	0	06:04:42.321	Cazyxio_v4.3 (EURUSD,M15)	2026.03.20 12:04:42 | BAR | GBPJPY | close=212.391 h4ema200=211.093 h4slope=UP dailyEMA200=205.130 adx=21.9 ema50=212.298 distToEMA50=9.3pips touchSeq=1 atr=0.137357 atrRatio=0.871 dir=LONG spread=42.0 spreadOK=NO atrGate=PASS touch=PASS momCandle=momClosePos=0.535 momOk=N ema50Ok=Y barRange=0.155000 zeroRangeBar=NO trigger=NO hasPos=NO portRisk=0.00% openPos=0 | 212.391000
DO	0	06:04:42.321	Cazyxio_v4.3 (EURUSD,M15)	2026.03.20 12:04:42 | GATE_FAIL | GBPJPY | Spread too wide. Spread=42.0 Max=30 points.
QP	0	06:04:42.321	Cazyxio_v4.3 (EURUSD,M15)	2026.03.20 12:04:42 | BAR | USDCAD | close=1.37087 h4ema200=1.36739 h4slope=UP dailyEMA200=1.38074 adx=27.7 ema50=1.37237 distToEMA50=15.0pips touchSeq=0 atr=0.000729 atrRatio=0.941 dir=NONE spread=25.0 spreadOK=YES atrGate=PASS touch=FAIL momCandle= zeroRangeBar=NO trigger=NO hasPos=NO portRisk=0.00% openPos=0 | 1.370870
DQ	0	06:04:42.321	Cazyxio_v4.3 (EURUSD,M15)	2026.03.20 12:04:42 | GATE_FAIL | USDCAD | No directional bias. h4slope=UP closeNow=1.37087 h4ema200=1.36739 dailyEMA200=1.38074
OE	0	06:07:02.769	Cazyxio_v4.3 (EURUSD,M15)	2026.03.20 12:07:02 | GATE_FAIL | GBPUSD | CopyBuffer failed for Daily EMA200.
RH	0	06:07:07.452	Cazyxio_v4.3 (EURUSD,M15)	2026.03.20 12:07:07 | HEARTBEAT | SYSTEM | EA alive. Tick=282700 Equity=44972.40 OpenPos=0 PendingOrders=0 UTC=2026.03.20 12:07 DayOfWeek=5 WeekendCloseActive=NO NewTradeBlocked=YES | 282700.000000
JJ	0	06:07:59.724	Cazyxio_v4.3 (EURUSD,M15)	2026.03.20 12:07:59 | HEARTBEAT | SYSTEM | EA alive. Tick=282800 Equity=44972.40 OpenPos=0 PendingOrders=0 UTC=2026.03.20 12:07 DayOfWeek=5 WeekendCloseActive=NO NewTradeBlocked=YES | 282800.000000
QL	0	06:08:42.098	Cazyxio_v4.3 (EURUSD,M15)	2026.03.20 12:08:42 | HEARTBEAT | SYSTEM | EA alive. Tick=282900 Equity=44972.40 OpenPos=0 PendingOrders=0 UTC=2026.03.20 12:08 DayOfWeek=5 WeekendCloseActive=NO NewTradeBlocked=YES | 282900.000000
RO	0	06:09:21.920	Cazyxio_v4.3 (EURUSD,M15)	2026.03.20 12:09:21 | HEARTBEAT | SYSTEM | EA alive. Tick=283000 Equity=44972.40 OpenPos=0 PendingOrders=0 UTC=2026.03.20 12:09 DayOfWeek=5 WeekendCloseActive=NO NewTradeBlocked=YES | 283000.000000
IQ	0	06:10:10.994	Cazyxio_v4.3 (EURUSD,M15)	2026.03.20 12:10:10 | HEARTBEAT | SYSTEM | EA alive. Tick=283100 Equity=44972.40 OpenPos=0 PendingOrders=0 UTC=2026.03.20 12:10 DayOfWeek=5 WeekendCloseActive=NO NewTradeBlocked=YES | 283100.000000
PP	0	06:11:00.598	Cazyxio_v4.3 (EURUSD,M15)	2026.03.20 12:11:00 | HEARTBEAT | SYSTEM | EA alive. Tick=283200 Equity=44972.40 OpenPos=0 PendingOrders=0 UTC=2026.03.20 12:11 DayOfWeek=5 WeekendCloseActive=NO NewTradeBlocked=YES | 283200.000000
ER	0	06:11:39.296	Cazyxio_v4.3 (EURUSD,M15)	2026.03.20 12:11:39 | HEARTBEAT | SYSTEM | EA alive. Tick=283300 Equity=44972.40 OpenPos=0 PendingOrders=0 UTC=2026.03.20 12:11 DayOfWeek=5 WeekendCloseActive=NO NewTradeBlocked=YES | 283300.000000
DD	0	06:12:24.340	Cazyxio_v4.3 (EURUSD,M15)	2026.03.20 12:12:24 | HEARTBEAT | SYSTEM | EA alive. Tick=283400 Equity=44972.40 OpenPos=0 PendingOrders=0 UTC=2026.03.20 12:12 DayOfWeek=5 WeekendCloseActive=NO NewTradeBlocked=YES | 283400.000000
FG	0	06:13:23.831	Cazyxio_v4.3 (EURUSD,M15)	2026.03.20 12:13:23 | HEARTBEAT | SYSTEM | EA alive. Tick=283500 Equity=44972.40 OpenPos=0 PendingOrders=0 UTC=2026.03.20 12:13 DayOfWeek=5 WeekendCloseActive=NO NewTradeBlocked=YES | 283500.000000
RI	0	06:14:15.496	Cazyxio_v4.3 (EURUSD,M15)	2026.03.20 12:14:15 | HEARTBEAT | SYSTEM | EA alive. Tick=283600 Equity=44972.40 OpenPos=0 PendingOrders=0 UTC=2026.03.20 12:14 DayOfWeek=5 WeekendCloseActive=NO NewTradeBlocked=YES | 283600.000000
LK	0	06:14:55.964	Cazyxio_v4.3 (EURUSD,M15)	2026.03.20 12:14:55 | HEARTBEAT | SYSTEM | EA alive. Tick=283700 Equity=44972.40 OpenPos=0 PendingOrders=0 UTC=2026.03.20 12:14 DayOfWeek=5 WeekendCloseActive=NO NewTradeBlocked=YES | 283700.000000
MG	0	06:17:22.132	Cazyxio_v4.3 (EURUSD,M15)	2026.03.20 12:17:22 | GATE_FAIL | GBPUSD | CopyBuffer failed for Daily EMA200.
DQ	0	06:19:42.501	Cazyxio_v4.3 (EURUSD,M15)	2026.03.20 12:19:42 | GATE_FAIL | EURUSD | CopyBuffer failed for Daily EMA200.
KQ	0	06:22:02.884	Cazyxio_v4.3 (EURUSD,M15)	2026.03.20 12:22:02 | GATE_FAIL | USDJPY | CopyBuffer failed for Daily EMA200.
MN	0	06:22:02.884	Cazyxio_v4.3 (EURUSD,M15)	2026.03.20 12:22:02 | BAR | AUDUSD | close=0.70820 h4ema200=0.70283 h4slope=UP dailyEMA200=0.67216 adx=19.1 ema50=0.70777 distToEMA50=4.3pips touchSeq=5 atr=0.000911 atrRatio=0.947 dir=LONG spread=19.0 spreadOK=YES atrGate=PASS touch=PASS momCandle=momClosePos=0.604 momOk=N ema50Ok=Y barRange=0.001010 zeroRangeBar=NO trigger=NO hasPos=NO portRisk=0.00% openPos=0 | 0.708200
GK	0	06:22:02.884	Cazyxio_v4.3 (EURUSD,M15)	2026.03.20 12:22:02 | GATE_FAIL | AUDUSD | ADX filter FAIL. H4 ADX=19.1 MinLevel=20.0 Market is ranging — no trend to trade.
CR	0	06:22:02.884	Cazyxio_v4.3 (EURUSD,M15)	2026.03.20 12:22:02 | BAR | GBPJPY | close=212.585 h4ema200=211.092 h4slope=UP dailyEMA200=205.130 adx=21.9 ema50=212.308 distToEMA50=27.7pips touchSeq=0 atr=0.145357 atrRatio=0.924 dir=LONG spread=41.0 spreadOK=NO atrGate=PASS touch=PASS momCandle=momClosePos=0.923 momOk=Y ema50Ok=Y barRange=0.208000 zeroRangeBar=NO trigger=YES hasPos=NO portRisk=0.00% openPos=0 | 212.585000
KL	0	06:22:02.884	Cazyxio_v4.3 (EURUSD,M15)	2026.03.20 12:22:02 | GATE_FAIL | GBPJPY | Spread too wide. Spread=41.0 Max=30 points.
NP	0	06:22:02.884	Cazyxio_v4.3 (EURUSD,M15)	2026.03.20 12:22:02 | BAR | USDCAD | close=1.37030 h4ema200=1.36739 h4slope=UP dailyEMA200=1.38074 adx=28.2 ema50=1.37230 distToEMA50=20.0pips touchSeq=0 atr=0.000772 atrRatio=0.995 dir=NONE spread=26.0 spreadOK=YES atrGate=PASS touch=FAIL momCandle= zeroRangeBar=NO trigger=NO hasPos=NO portRisk=0.00% openPos=0 | 1.370300
FQ	0	06:22:02.884	Cazyxio_v4.3 (EURUSD,M15)	2026.03.20 12:22:02 | GATE_FAIL | USDCAD | No directional bias. h4slope=UP closeNow=1.37030 h4ema200=1.36739 dailyEMA200=1.38074
OH	0	06:22:49.555	Cazyxio_v4.3 (EURUSD,M15)	2026.03.20 12:22:49 | HEARTBEAT | SYSTEM | EA alive. Tick=283800 Equity=44972.40 OpenPos=0 PendingOrders=0 UTC=2026.03.20 12:22 DayOfWeek=5 WeekendCloseActive=NO NewTradeBlocked=YES | 283800.000000
JJ	0	06:23:47.382	Cazyxio_v4.3 (EURUSD,M15)	2026.03.20 12:23:47 | HEARTBEAT | SYSTEM | EA alive. Tick=283900 Equity=44972.40 OpenPos=0 PendingOrders=0 UTC=2026.03.20 12:23 DayOfWeek=5 WeekendCloseActive=NO NewTradeBlocked=YES | 283900.000000
IL	0	06:24:46.041	Cazyxio_v4.3 (EURUSD,M15)	2026.03.20 12:24:46 | HEARTBEAT | SYSTEM | EA alive. Tick=284000 Equity=44972.40 OpenPos=0 PendingOrders=0 UTC=2026.03.20 12:24 DayOfWeek=5 WeekendCloseActive=NO NewTradeBlocked=YES | 284000.000000
PO	0	06:25:51.177	Cazyxio_v4.3 (EURUSD,M15)	2026.03.20 12:25:51 | HEARTBEAT | SYSTEM | EA alive. Tick=284100 Equity=44972.40 OpenPos=0 PendingOrders=0 UTC=2026.03.20 12:25 DayOfWeek=5 WeekendCloseActive=NO NewTradeBlocked=YES | 284100.000000
HQ	0	06:26:50.761	Cazyxio_v4.3 (EURUSD,M15)	2026.03.20 12:26:50 | HEARTBEAT | SYSTEM | EA alive. Tick=284200 Equity=44972.40 OpenPos=0 PendingOrders=0 UTC=2026.03.20 12:26 DayOfWeek=5 WeekendCloseActive=NO NewTradeBlocked=YES | 284200.000000
ES	0	06:28:19.087	Cazyxio_v4.3 (EURUSD,M15)	2026.03.20 12:28:19 | HEARTBEAT | SYSTEM | EA alive. Tick=284300 Equity=44972.40 OpenPos=0 PendingOrders=0 UTC=2026.03.20 12:28 DayOfWeek=5 WeekendCloseActive=NO NewTradeBlocked=YES | 284300.000000
QR	0	06:29:22.989	Cazyxio_v4.3 (EURUSD,M15)	2026.03.20 12:29:22 | HEARTBEAT | SYSTEM | EA alive. Tick=284400 Equity=44972.40 OpenPos=0 PendingOrders=0 UTC=2026.03.20 12:29 DayOfWeek=5 WeekendCloseActive=NO NewTradeBlocked=YES | 284400.000000
QI	0	06:32:22.219	Cazyxio_v4.3 (EURUSD,M15)	2026.03.20 12:32:22 | GATE_FAIL | GBPUSD | CopyBuffer failed for Daily EMA200.
HH	0	06:34:42.619	Cazyxio_v4.3 (EURUSD,M15)	2026.03.20 12:34:42 | GATE_FAIL | EURUSD | CopyBuffer failed for Daily EMA200.
DK	0	06:37:03.012	Cazyxio_v4.3 (EURUSD,M15)	2026.03.20 12:37:03 | GATE_FAIL | USDJPY | CopyBuffer failed for Daily EMA200.
RH	0	06:37:03.012	Cazyxio_v4.3 (EURUSD,M15)	2026.03.20 12:37:03 | BAR | AUDUSD | close=0.70851 h4ema200=0.70283 h4slope=UP dailyEMA200=0.67216 adx=19.1 ema50=0.70780 distToEMA50=7.1pips touchSeq=6 atr=0.000884 atrRatio=0.920 dir=LONG spread=20.0 spreadOK=YES atrGate=PASS touch=PASS momCandle=momClosePos=0.922 momOk=Y ema50Ok=Y barRange=0.000640 zeroRangeBar=NO trigger=YES hasPos=NO portRisk=0.00% openPos=0 | 0.708510
NQ	0	06:37:03.012	Cazyxio_v4.3 (EURUSD,M15)	2026.03.20 12:37:03 | GATE_FAIL | AUDUSD | ADX filter FAIL. H4 ADX=19.1 MinLevel=20.0 Market is ranging — no trend to trade.
FS	0	06:37:03.012	Cazyxio_v4.3 (EURUSD,M15)	2026.03.20 12:37:03 | BAR | GBPJPY | close=212.400 h4ema200=211.092 h4slope=UP dailyEMA200=205.129 adx=21.9 ema50=212.310 distToEMA50=9.0pips touchSeq=1 atr=0.145071 atrRatio=0.924 dir=LONG spread=43.0 spreadOK=NO atrGate=PASS touch=PASS momCandle=momClosePos=0.021 momOk=N ema50Ok=Y barRange=0.192000 zeroRangeBar=NO trigger=NO hasPos=NO portRisk=0.00% openPos=0 | 212.400000
LJ	0	06:37:03.012	Cazyxio_v4.3 (EURUSD,M15)	2026.03.20 12:37:03 | GATE_FAIL | GBPJPY | Spread too wide. Spread=43.0 Max=30 points.
HJ	0	06:37:03.012	Cazyxio_v4.3 (EURUSD,M15)	2026.03.20 12:37:03 | BAR | USDCAD | close=1.37068 h4ema200=1.36740 h4slope=UP dailyEMA200=1.38074 adx=28.2 ema50=1.37225 distToEMA50=15.7pips touchSeq=0 atr=0.000766 atrRatio=0.986 dir=NONE spread=27.0 spreadOK=YES atrGate=PASS touch=FAIL momCandle= zeroRangeBar=NO trigger=NO hasPos=NO portRisk=0.00% openPos=0 | 1.370680
NG	0	06:37:03.012	Cazyxio_v4.3 (EURUSD,M15)	2026.03.20 12:37:03 | GATE_FAIL | USDCAD | No directional bias. h4slope=UP closeNow=1.37068 h4ema200=1.36740 dailyEMA200=1.38074
FR	0	06:37:42.695	Cazyxio_v4.3 (EURUSD,M15)	2026.03.20 12:37:42 | HEARTBEAT | SYSTEM | EA alive. Tick=284500 Equity=44972.40 OpenPos=0 PendingOrders=0 UTC=2026.03.20 12:37 DayOfWeek=5 WeekendCloseActive=NO NewTradeBlocked=YES | 284500.000000
FD	0	06:38:25.803	Cazyxio_v4.3 (EURUSD,M15)	2026.03.20 12:38:25 | HEARTBEAT | SYSTEM | EA alive. Tick=284600 Equity=44972.40 OpenPos=0 PendingOrders=0 UTC=2026.03.20 12:38 DayOfWeek=5 WeekendCloseActive=NO NewTradeBlocked=YES | 284600.000000
IG	0	06:39:03.544	Cazyxio_v4.3 (EURUSD,M15)	2026.03.20 12:39:03 | HEARTBEAT | SYSTEM | EA alive. Tick=284700 Equity=44972.40 OpenPos=0 PendingOrders=0 UTC=2026.03.20 12:39 DayOfWeek=5 WeekendCloseActive=NO NewTradeBlocked=YES | 284700.000000
PI	0	06:39:40.686	Cazyxio_v4.3 (EURUSD,M15)	2026.03.20 12:39:40 | HEARTBEAT | SYSTEM | EA alive. Tick=284800 Equity=44972.40 OpenPos=0 PendingOrders=0 UTC=2026.03.20 12:39 DayOfWeek=5 WeekendCloseActive=NO NewTradeBlocked=YES | 284800.000000
CK	0	06:40:34.980	Cazyxio_v4.3 (EURUSD,M15)	2026.03.20 12:40:34 | HEARTBEAT | SYSTEM | EA alive. Tick=284900 Equity=44972.40 OpenPos=0 PendingOrders=0 UTC=2026.03.20 12:40 DayOfWeek=5 WeekendCloseActive=NO NewTradeBlocked=YES | 284900.000000
PJ	0	06:41:15.672	Cazyxio_v4.3 (EURUSD,M15)	2026.03.20 12:41:15 | HEARTBEAT | SYSTEM | EA alive. Tick=285000 Equity=44972.40 OpenPos=0 PendingOrders=0 UTC=2026.03.20 12:41 DayOfWeek=5 WeekendCloseActive=NO NewTradeBlocked=YES | 285000.000000
EL	0	06:41:58.611	Cazyxio_v4.3 (EURUSD,M15)	2026.03.20 12:41:58 | HEARTBEAT | SYSTEM | EA alive. Tick=285100 Equity=44972.40 OpenPos=0 PendingOrders=0 UTC=2026.03.20 12:41 DayOfWeek=5 WeekendCloseActive=NO NewTradeBlocked=YES | 285100.000000
LN	0	06:42:38.769	Cazyxio_v4.3 (EURUSD,M15)	2026.03.20 12:42:38 | HEARTBEAT | SYSTEM | EA alive. Tick=285200 Equity=44972.40 OpenPos=0 PendingOrders=0 UTC=2026.03.20 12:42 DayOfWeek=5 WeekendCloseActive=NO NewTradeBlocked=YES | 285200.000000
JQ	0	06:43:16.872	Cazyxio_v4.3 (EURUSD,M15)	2026.03.20 12:43:16 | HEARTBEAT | SYSTEM | EA alive. Tick=285300 Equity=44972.40 OpenPos=0 PendingOrders=0 UTC=2026.03.20 12:43 DayOfWeek=5 WeekendCloseActive=NO NewTradeBlocked=YES | 285300.000000
QS	0	06:43:58.659	Cazyxio_v4.3 (EURUSD,M15)	2026.03.20 12:43:58 | HEARTBEAT | SYSTEM | EA alive. Tick=285400 Equity=44972.40 OpenPos=0 PendingOrders=0 UTC=2026.03.20 12:43 DayOfWeek=5 WeekendCloseActive=NO NewTradeBlocked=YES | 285400.000000
NR	0	06:44:38.332	Cazyxio_v4.3 (EURUSD,M15)	2026.03.20 12:44:38 | HEARTBEAT | SYSTEM | EA alive. Tick=285500 Equity=44972.40 OpenPos=0 PendingOrders=0 UTC=2026.03.20 12:44 DayOfWeek=5 WeekendCloseActive=NO NewTradeBlocked=YES | 285500.000000
EH	0	06:47:22.094	Cazyxio_v4.3 (EURUSD,M15)	2026.03.20 12:47:22 | GATE_FAIL | EURUSD | CopyBuffer failed for Daily EMA200.
FK	0	06:49:42.522	Cazyxio_v4.3 (EURUSD,M15)	2026.03.20 12:49:42 | GATE_FAIL | USDJPY | CopyBuffer failed for Daily EMA200.
IE	0	06:49:42.522	Cazyxio_v4.3 (EURUSD,M15)	2026.03.20 12:49:42 | BAR | AUDUSD | close=0.70759 h4ema200=0.70282 h4slope=UP dailyEMA200=0.67215 adx=19.1 ema50=0.70776 distToEMA50=1.7pips touchSeq=7 atr=0.000956 atrRatio=0.994 dir=LONG spread=18.0 spreadOK=YES atrGate=PASS touch=PASS momCandle=momClosePos=0.329 momOk=N ema50Ok=Y barRange=0.001550 zeroRangeBar=NO trigger=NO hasPos=NO portRisk=0.00% openPos=0 | 0.707590
FR	0	06:49:42.522	Cazyxio_v4.3 (EURUSD,M15)	2026.03.20 12:49:42 | GATE_FAIL | AUDUSD | ADX filter FAIL. H4 ADX=19.1 MinLevel=20.0 Market is ranging — no trend to trade.
LS	0	06:49:42.522	Cazyxio_v4.3 (EURUSD,M15)	2026.03.20 12:49:42 | BAR | GBPJPY | close=212.329 h4ema200=211.091 h4slope=UP dailyEMA200=205.128 adx=21.9 ema50=212.308 distToEMA50=2.1pips touchSeq=2 atr=0.147857 atrRatio=0.944 dir=LONG spread=43.0 spreadOK=NO atrGate=PASS touch=PASS momCandle=momClosePos=0.085 momOk=N ema50Ok=Y barRange=0.141000 zeroRangeBar=NO trigger=NO hasPos=NO portRisk=0.00% openPos=0 | 212.329000
DE	0	06:49:42.522	Cazyxio_v4.3 (EURUSD,M15)	2026.03.20 12:49:42 | GATE_FAIL | GBPJPY | Spread too wide. Spread=43.0 Max=30 points.
OI	0	06:49:42.522	Cazyxio_v4.3 (EURUSD,M15)	2026.03.20 12:49:42 | BAR | USDCAD | close=1.37159 h4ema200=1.36740 h4slope=UP dailyEMA200=1.38075 adx=28.2 ema50=1.37225 distToEMA50=6.6pips touchSeq=1 atr=0.000824 atrRatio=1.059 dir=NONE spread=26.0 spreadOK=YES atrGate=PASS touch=FAIL momCandle= zeroRangeBar=NO trigger=NO hasPos=NO portRisk=0.00% openPos=0 | 1.371590
RG	0	06:49:42.522	Cazyxio_v4.3 (EURUSD,M15)	2026.03.20 12:49:42 | GATE_FAIL | USDCAD | No directional bias. h4slope=UP closeNow=1.37159 h4ema200=1.36740 dailyEMA200=1.38075
LO	0	06:52:03.300	Cazyxio_v4.3 (EURUSD,M15)	2026.03.20 12:52:03 | GATE_FAIL | GBPUSD | CopyBuffer failed for Daily EMA200.
JE	0	06:52:29.126	Cazyxio_v4.3 (EURUSD,M15)	2026.03.20 12:52:29 | HEARTBEAT | SYSTEM | EA alive. Tick=285600 Equity=44972.40 OpenPos=0 PendingOrders=0 UTC=2026.03.20 12:52 DayOfWeek=5 WeekendCloseActive=NO NewTradeBlocked=YES | 285600.000000
JD	0	06:53:23.875	Cazyxio_v4.3 (EURUSD,M15)	2026.03.20 12:53:23 | HEARTBEAT | SYSTEM | EA alive. Tick=285700 Equity=44972.40 OpenPos=0 PendingOrders=0 UTC=2026.03.20 12:53 DayOfWeek=5 WeekendCloseActive=NO NewTradeBlocked=YES | 285700.000000
DF	0	06:54:22.045	Cazyxio_v4.3 (EURUSD,M15)	2026.03.20 12:54:22 | HEARTBEAT | SYSTEM | EA alive. Tick=285800 Equity=44972.40 OpenPos=0 PendingOrders=0 UTC=2026.03.20 12:54 DayOfWeek=5 WeekendCloseActive=NO NewTradeBlocked=YES | 285800.000000
IH	0	06:55:14.441	Cazyxio_v4.3 (EURUSD,M15)	2026.03.20 12:55:14 | HEARTBEAT | SYSTEM | EA alive. Tick=285900 Equity=44972.40 OpenPos=0 PendingOrders=0 UTC=2026.03.20 12:55 DayOfWeek=5 WeekendCloseActive=NO NewTradeBlocked=YES | 285900.000000
HK	0	06:55:56.484	Cazyxio_v4.3 (EURUSD,M15)	2026.03.20 12:55:56 | HEARTBEAT | SYSTEM | EA alive. Tick=286000 Equity=44972.40 OpenPos=0 PendingOrders=0 UTC=2026.03.20 12:55 DayOfWeek=5 WeekendCloseActive=NO NewTradeBlocked=YES | 286000.000000
MM	0	06:56:39.749	Cazyxio_v4.3 (EURUSD,M15)	2026.03.20 12:56:39 | HEARTBEAT | SYSTEM | EA alive. Tick=286100 Equity=44972.40 OpenPos=0 PendingOrders=0 UTC=2026.03.20 12:56 DayOfWeek=5 WeekendCloseActive=NO NewTradeBlocked=YES | 286100.000000
NL	0	06:57:31.536	Cazyxio_v4.3 (EURUSD,M15)	2026.03.20 12:57:31 | HEARTBEAT | SYSTEM | EA alive. Tick=286200 Equity=44972.40 OpenPos=0 PendingOrders=0 UTC=2026.03.20 12:57 DayOfWeek=5 WeekendCloseActive=NO NewTradeBlocked=YES | 286200.000000
PN	0	06:58:15.186	Cazyxio_v4.3 (EURUSD,M15)	2026.03.20 12:58:15 | HEARTBEAT | SYSTEM | EA alive. Tick=286300 Equity=44972.40 OpenPos=0 PendingOrders=0 UTC=2026.03.20 12:58 DayOfWeek=5 WeekendCloseActive=NO NewTradeBlocked=YES | 286300.000000
JP	0	06:59:14.358	Cazyxio_v4.3 (EURUSD,M15)	2026.03.20 12:59:14 | HEARTBEAT | SYSTEM | EA alive. Tick=286400 Equity=44972.40 OpenPos=0 PendingOrders=0 UTC=2026.03.20 12:59 DayOfWeek=5 WeekendCloseActive=NO NewTradeBlocked=YES | 286400.000000
NN	0	07:02:22.106	Cazyxio_v4.3 (EURUSD,M15)	2026.03.20 13:02:22 | GATE_FAIL | GBPUSD | CopyBuffer failed for Daily EMA200.
CN	0	07:04:42.506	Cazyxio_v4.3 (EURUSD,M15)	2026.03.20 13:04:42 | GATE_FAIL | EURUSD | CopyBuffer failed for Daily EMA200.
JN	0	07:07:02.973	Cazyxio_v4.3 (EURUSD,M15)	2026.03.20 13:07:02 | GATE_FAIL | USDJPY | CopyBuffer failed for Daily EMA200.
EG	0	07:07:02.973	Cazyxio_v4.3 (EURUSD,M15)	2026.03.20 13:07:02 | BAR | AUDUSD | close=0.70736 h4ema200=0.70286 h4slope=UP dailyEMA200=0.67215 adx=17.4 ema50=0.70771 distToEMA50=3.5pips touchSeq=8 atr=0.000973 atrRatio=1.011 dir=LONG spread=18.0 spreadOK=YES atrGate=PASS touch=PASS momCandle=momClosePos=0.333 momOk=N ema50Ok=Y barRange=0.000690 zeroRangeBar=NO trigger=NO hasPos=NO portRisk=0.00% openPos=0 | 0.707360
GL	0	07:07:02.973	Cazyxio_v4.3 (EURUSD,M15)	2026.03.20 13:07:02 | GATE_FAIL | AUDUSD | ADX filter FAIL. H4 ADX=17.4 MinLevel=20.0 Market is ranging — no trend to trade.
IE	0	07:07:02.973	Cazyxio_v4.3 (EURUSD,M15)	2026.03.20 13:07:02 | BAR | GBPJPY | close=212.344 h4ema200=211.103 h4slope=UP dailyEMA200=205.128 adx=24.5 ema50=212.307 distToEMA50=3.7pips touchSeq=3 atr=0.153214 atrRatio=0.980 dir=LONG spread=40.0 spreadOK=NO atrGate=PASS touch=PASS momCandle=momClosePos=0.479 momOk=N ema50Ok=Y barRange=0.144000 zeroRangeBar=NO trigger=NO hasPos=NO portRisk=0.00% openPos=0 | 212.344000
QG	0	07:07:02.973	Cazyxio_v4.3 (EURUSD,M15)	2026.03.20 13:07:02 | GATE_FAIL | GBPJPY | Spread too wide. Spread=40.0 Max=30 points.
PK	0	07:07:02.973	Cazyxio_v4.3 (EURUSD,M15)	2026.03.20 13:07:02 | BAR | USDCAD | close=1.37133 h4ema200=1.36745 h4slope=UP dailyEMA200=1.38075 adx=29.2 ema50=1.37223 distToEMA50=9.0pips touchSeq=2 atr=0.000854 atrRatio=1.095 dir=NONE spread=24.0 spreadOK=YES atrGate=PASS touch=FAIL momCandle= zeroRangeBar=NO trigger=NO hasPos=NO portRisk=0.00% openPos=0 | 1.371330
MI	0	07:07:02.973	Cazyxio_v4.3 (EURUSD,M15)	2026.03.20 13:07:02 | GATE_FAIL | USDCAD | No directional bias. h4slope=UP closeNow=1.37133 h4ema200=1.36745 dailyEMA200=1.38075
IP	0	07:07:14.144	Cazyxio_v4.3 (EURUSD,M15)	2026.03.20 13:07:14 | HEARTBEAT | SYSTEM | EA alive. Tick=286500 Equity=44972.40 OpenPos=0 PendingOrders=0 UTC=2026.03.20 13:07 DayOfWeek=5 WeekendCloseActive=NO NewTradeBlocked=YES | 286500.000000
FR	0	07:08:09.692	Cazyxio_v4.3 (EURUSD,M15)	2026.03.20 13:08:09 | HEARTBEAT | SYSTEM | EA alive. Tick=286600 Equity=44972.40 OpenPos=0 PendingOrders=0 UTC=2026.03.20 13:08 DayOfWeek=5 WeekendCloseActive=NO NewTradeBlocked=YES | 286600.000000
OE	0	07:09:06.090	Cazyxio_v4.3 (EURUSD,M15)	2026.03.20 13:09:06 | HEARTBEAT | SYSTEM | EA alive. Tick=286700 Equity=44972.40 OpenPos=0 PendingOrders=0 UTC=2026.03.20 13:09 DayOfWeek=5 WeekendCloseActive=NO NewTradeBlocked=YES | 286700.000000
HG	0	07:10:16.701	Cazyxio_v4.3 (EURUSD,M15)	2026.03.20 13:10:16 | HEARTBEAT | SYSTEM | EA alive. Tick=286800 Equity=44972.40 OpenPos=0 PendingOrders=0 UTC=2026.03.20 13:10 DayOfWeek=5 WeekendCloseActive=NO NewTradeBlocked=YES | 286800.000000
FF	0	07:11:26.209	Cazyxio_v4.3 (EURUSD,M15)	2026.03.20 13:11:26 | HEARTBEAT | SYSTEM | EA alive. Tick=286900 Equity=44972.40 OpenPos=0 PendingOrders=0 UTC=2026.03.20 13:11 DayOfWeek=5 WeekendCloseActive=NO NewTradeBlocked=YES | 286900.000000
HH	0	07:12:25.228	Cazyxio_v4.3 (EURUSD,M15)	2026.03.20 13:12:25 | HEARTBEAT | SYSTEM | EA alive. Tick=287000 Equity=44972.40 OpenPos=0 PendingOrders=0 UTC=2026.03.20 13:12 DayOfWeek=5 WeekendCloseActive=NO NewTradeBlocked=YES | 287000.000000
OJ	0	07:13:18.082	Cazyxio_v4.3 (EURUSD,M15)	2026.03.20 13:13:18 | HEARTBEAT | SYSTEM | EA alive. Tick=287100 Equity=44972.40 OpenPos=0 PendingOrders=0 UTC=2026.03.20 13:13 DayOfWeek=5 WeekendCloseActive=NO NewTradeBlocked=YES | 287100.000000
GM	0	07:14:03.649	Cazyxio_v4.3 (EURUSD,M15)	2026.03.20 13:14:03 | HEARTBEAT | SYSTEM | EA alive. Tick=287200 Equity=44972.40 OpenPos=0 PendingOrders=0 UTC=2026.03.20 13:14 DayOfWeek=5 WeekendCloseActive=NO NewTradeBlocked=YES | 287200.000000
KO	0	07:14:52.508	Cazyxio_v4.3 (EURUSD,M15)	2026.03.20 13:14:52 | HEARTBEAT | SYSTEM | EA alive. Tick=287300 Equity=44972.40 OpenPos=0 PendingOrders=0 UTC=2026.03.20 13:14 DayOfWeek=5 WeekendCloseActive=NO NewTradeBlocked=YES | 287300.000000
IL	0	07:17:22.251	Cazyxio_v4.3 (EURUSD,M15)	2026.03.20 13:17:22 | GATE_FAIL | GBPUSD | CopyBuffer failed for Daily EMA200.
OM	0	07:19:42.726	Cazyxio_v4.3 (EURUSD,M15)	2026.03.20 13:19:42 | GATE_FAIL | EURUSD | CopyBuffer failed for Daily EMA200.
DL	0	07:22:03.214	Cazyxio_v4.3 (EURUSD,M15)	2026.03.20 13:22:03 | GATE_FAIL | USDJPY | CopyBuffer failed for Daily EMA200.
CQ	0	07:22:03.214	Cazyxio_v4.3 (EURUSD,M15)	2026.03.20 13:22:03 | BAR | AUDUSD | close=0.70666 h4ema200=0.70286 h4slope=UP dailyEMA200=0.67215 adx=17.4 ema50=0.70768 distToEMA50=10.2pips touchSeq=9 atr=0.000907 atrRatio=0.944 dir=LONG spread=17.0 spreadOK=YES atrGate=PASS touch=PASS momCandle=momClosePos=0.270 momOk=N ema50Ok=Y barRange=0.001150 zeroRangeBar=NO trigger=NO hasPos=NO portRisk=0.00% openPos=0 | 0.706660
KO	0	07:22:03.214	Cazyxio_v4.3 (EURUSD,M15)	2026.03.20 13:22:03 | GATE_FAIL | AUDUSD | ADX filter FAIL. H4 ADX=17.4 MinLevel=20.0 Market is ranging — no trend to trade.
LH	0	07:22:03.214	Cazyxio_v4.3 (EURUSD,M15)	2026.03.20 13:22:03 | BAR | GBPJPY | close=212.241 h4ema200=211.103 h4slope=UP dailyEMA200=205.127 adx=22.6 ema50=212.303 distToEMA50=6.2pips touchSeq=4 atr=0.154500 atrRatio=0.990 dir=LONG spread=38.0 spreadOK=NO atrGate=PASS touch=PASS momCandle=momClosePos=0.397 momOk=N ema50Ok=Y barRange=0.179000 zeroRangeBar=NO trigger=NO hasPos=NO portRisk=0.00% openPos=0 | 212.241000
PP	0	07:22:03.214	Cazyxio_v4.3 (EURUSD,M15)	2026.03.20 13:22:03 | GATE_FAIL | GBPJPY | Spread too wide. Spread=38.0 Max=30 points.
KO	0	07:22:03.214	Cazyxio_v4.3 (EURUSD,M15)	2026.03.20 13:22:03 | BAR | USDCAD | close=1.37089 h4ema200=1.36743 h4slope=UP dailyEMA200=1.38074 adx=29.2 ema50=1.37211 distToEMA50=12.2pips touchSeq=0 atr=0.000873 atrRatio=1.118 dir=NONE spread=20.0 spreadOK=YES atrGate=PASS touch=FAIL momCandle= zeroRangeBar=NO trigger=NO hasPos=NO portRisk=0.00% openPos=0 | 1.370890
JJ	0	07:22:03.214	Cazyxio_v4.3 (EURUSD,M15)	2026.03.20 13:22:03 | GATE_FAIL | USDCAD | No directional bias. h4slope=UP closeNow=1.37089 h4ema200=1.36743 dailyEMA200=1.38074
CO	0	07:23:04.212	Cazyxio_v4.3 (EURUSD,M15)	2026.03.20 13:23:04 | HEARTBEAT | SYSTEM | EA alive. Tick=287400 Equity=44972.40 OpenPos=0 PendingOrders=0 UTC=2026.03.20 13:23 DayOfWeek=5 WeekendCloseActive=NO NewTradeBlocked=YES | 287400.000000
LQ	0	07:23:59.097	Cazyxio_v4.3 (EURUSD,M15)	2026.03.20 13:23:59 | HEARTBEAT | SYSTEM | EA alive. Tick=287500 Equity=44972.40 OpenPos=0 PendingOrders=0 UTC=2026.03.20 13:23 DayOfWeek=5 WeekendCloseActive=NO NewTradeBlocked=YES | 287500.000000
KP	0	07:25:16.627	Cazyxio_v4.3 (EURUSD,M15)	2026.03.20 13:25:16 | HEARTBEAT | SYSTEM | EA alive. Tick=287600 Equity=44972.40 OpenPos=0 PendingOrders=0 UTC=2026.03.20 13:25 DayOfWeek=5 WeekendCloseActive=NO NewTradeBlocked=YES | 287600.000000
NR	0	07:26:03.728	Cazyxio_v4.3 (EURUSD,M15)	2026.03.20 13:26:03 | HEARTBEAT | SYSTEM | EA alive. Tick=287700 Equity=44972.40 OpenPos=0 PendingOrders=0 UTC=2026.03.20 13:26 DayOfWeek=5 WeekendCloseActive=NO NewTradeBlocked=YES | 287700.000000
QE	0	07:27:11.838	Cazyxio_v4.3 (EURUSD,M15)	2026.03.20 13:27:11 | HEARTBEAT | SYSTEM | EA alive. Tick=287800 Equity=44972.40 OpenPos=0 PendingOrders=0 UTC=2026.03.20 13:27 DayOfWeek=5 WeekendCloseActive=NO NewTradeBlocked=YES | 287800.000000
RG	0	07:28:22.920	Cazyxio_v4.3 (EURUSD,M15)	2026.03.20 13:28:22 | HEARTBEAT | SYSTEM | EA alive. Tick=287900 Equity=44972.40 OpenPos=0 PendingOrders=0 UTC=2026.03.20 13:28 DayOfWeek=5 WeekendCloseActive=NO NewTradeBlocked=YES | 287900.000000
MI	0	07:29:27.500	Cazyxio_v4.3 (EURUSD,M15)	2026.03.20 13:29:27 | HEARTBEAT | SYSTEM | EA alive. Tick=288000 Equity=44972.40 OpenPos=0 PendingOrders=0 UTC=2026.03.20 13:29 DayOfWeek=5 WeekendCloseActive=NO NewTradeBlocked=YES | 288000.000000
QD	0	07:32:22.137	Cazyxio_v4.3 (EURUSD,M15)	2026.03.20 13:32:22 | GATE_FAIL | EURUSD | CopyBuffer failed for Daily EMA200.
CG	0	07:34:42.552	Cazyxio_v4.3 (EURUSD,M15)	2026.03.20 13:34:42 | GATE_FAIL | USDJPY | CopyBuffer failed for Daily EMA200.
OJ	0	07:34:42.552	Cazyxio_v4.3 (EURUSD,M15)	2026.03.20 13:34:42 | BAR | AUDUSD | close=0.70603 h4ema200=0.70285 h4slope=UP dailyEMA200=0.67214 adx=17.4 ema50=0.70758 distToEMA50=15.5pips touchSeq=0 atr=0.000887 atrRatio=0.925 dir=LONG spread=20.0 spreadOK=YES atrGate=PASS touch=PASS momCandle=momClosePos=0.061 momOk=N ema50Ok=Y barRange=0.000820 zeroRangeBar=NO trigger=NO hasPos=NO portRisk=0.00% openPos=0 | 0.706030
DE	0	07:34:42.552	Cazyxio_v4.3 (EURUSD,M15)	2026.03.20 13:34:42 | GATE_FAIL | AUDUSD | ADX filter FAIL. H4 ADX=17.4 MinLevel=20.0 Market is ranging — no trend to trade.
PO	0	07:34:42.552	Cazyxio_v4.3 (EURUSD,M15)	2026.03.20 13:34:42 | BAR | GBPJPY | close=212.249 h4ema200=211.103 h4slope=UP dailyEMA200=205.128 adx=22.6 ema50=212.303 distToEMA50=5.4pips touchSeq=5 atr=0.142000 atrRatio=0.913 dir=LONG spread=39.0 spreadOK=NO atrGate=PASS touch=PASS momCandle=momClosePos=0.626 momOk=N ema50Ok=Y barRange=0.107000 zeroRangeBar=NO trigger=NO hasPos=NO portRisk=0.00% openPos=0 | 212.249000
HN	0	07:34:42.552	Cazyxio_v4.3 (EURUSD,M15)	2026.03.20 13:34:42 | GATE_FAIL | GBPJPY | Spread too wide. Spread=39.0 Max=30 points.
PF	0	07:34:42.552	Cazyxio_v4.3 (EURUSD,M15)	2026.03.20 13:34:42 | BAR | USDCAD | close=1.37096 h4ema200=1.36744 h4slope=UP dailyEMA200=1.38074 adx=29.2 ema50=1.37210 distToEMA50=11.4pips touchSeq=0 atr=0.000841 atrRatio=1.077 dir=NONE spread=26.0 spreadOK=YES atrGate=PASS touch=FAIL momCandle= zeroRangeBar=NO trigger=NO hasPos=NO portRisk=0.00% openPos=0 | 1.370960
RS	0	07:34:42.552	Cazyxio_v4.3 (EURUSD,M15)	2026.03.20 13:34:42 | GATE_FAIL | USDCAD | No directional bias. h4slope=UP closeNow=1.37096 h4ema200=1.36744 dailyEMA200=1.38074
HK	0	07:37:02.971	Cazyxio_v4.3 (EURUSD,M15)	2026.03.20 13:37:02 | GATE_FAIL | GBPUSD | CopyBuffer failed for Daily EMA200.
GI	0	07:37:13.895	Cazyxio_v4.3 (EURUSD,M15)	2026.03.20 13:37:13 | HEARTBEAT | SYSTEM | EA alive. Tick=288100 Equity=44972.40 OpenPos=0 PendingOrders=0 UTC=2026.03.20 13:37 DayOfWeek=5 WeekendCloseActive=NO NewTradeBlocked=YES | 288100.000000
LH	0	07:38:02.181	Cazyxio_v4.3 (EURUSD,M15)	2026.03.20 13:38:02 | HEARTBEAT | SYSTEM | EA alive. Tick=288200 Equity=44972.40 OpenPos=0 PendingOrders=0 UTC=2026.03.20 13:38 DayOfWeek=5 WeekendCloseActive=NO NewTradeBlocked=YES | 288200.000000
GJ	0	07:38:41.807	Cazyxio_v4.3 (EURUSD,M15)	2026.03.20 13:38:41 | HEARTBEAT | SYSTEM | EA alive. Tick=288300 Equity=44972.40 OpenPos=0 PendingOrders=0 UTC=2026.03.20 13:38 DayOfWeek=5 WeekendCloseActive=NO NewTradeBlocked=YES | 288300.000000
ML	0	07:39:21.688	Cazyxio_v4.3 (EURUSD,M15)	2026.03.20 13:39:21 | HEARTBEAT | SYSTEM | EA alive. Tick=288400 Equity=44972.40 OpenPos=0 PendingOrders=0 UTC=2026.03.20 13:39 DayOfWeek=5 WeekendCloseActive=NO NewTradeBlocked=YES | 288400.000000
RO	0	07:40:01.986	Cazyxio_v4.3 (EURUSD,M15)	2026.03.20 13:40:01 | HEARTBEAT | SYSTEM | EA alive. Tick=288500 Equity=44972.40 OpenPos=0 PendingOrders=0 UTC=2026.03.20 13:40 DayOfWeek=5 WeekendCloseActive=NO NewTradeBlocked=YES | 288500.000000
NQ	0	07:40:40.841	Cazyxio_v4.3 (EURUSD,M15)	2026.03.20 13:40:40 | HEARTBEAT | SYSTEM | EA alive. Tick=288600 Equity=44972.40 OpenPos=0 PendingOrders=0 UTC=2026.03.20 13:40 DayOfWeek=5 WeekendCloseActive=NO NewTradeBlocked=YES | 288600.000000
NP	0	07:41:27.754	Cazyxio_v4.3 (EURUSD,M15)	2026.03.20 13:41:27 | HEARTBEAT | SYSTEM | EA alive. Tick=288700 Equity=44972.40 OpenPos=0 PendingOrders=0 UTC=2026.03.20 13:41 DayOfWeek=5 WeekendCloseActive=NO NewTradeBlocked=YES | 288700.000000
MR	0	07:42:22.121	Cazyxio_v4.3 (EURUSD,M15)	2026.03.20 13:42:22 | HEARTBEAT | SYSTEM | EA alive. Tick=288800 Equity=44972.40 OpenPos=0 PendingOrders=0 UTC=2026.03.20 13:42 DayOfWeek=5 WeekendCloseActive=NO NewTradeBlocked=YES | 288800.000000
PD	0	07:43:03.842	Cazyxio_v4.3 (EURUSD,M15)	2026.03.20 13:43:03 | HEARTBEAT | SYSTEM | EA alive. Tick=288900 Equity=44972.40 OpenPos=0 PendingOrders=0 UTC=2026.03.20 13:43 DayOfWeek=5 WeekendCloseActive=NO NewTradeBlocked=YES | 288900.000000
KG	0	07:43:45.577	Cazyxio_v4.3 (EURUSD,M15)	2026.03.20 13:43:45 | HEARTBEAT | SYSTEM | EA alive. Tick=289000 Equity=44972.40 OpenPos=0 PendingOrders=0 UTC=2026.03.20 13:43 DayOfWeek=5 WeekendCloseActive=NO NewTradeBlocked=YES | 289000.000000
DI	0	07:44:23.023	Cazyxio_v4.3 (EURUSD,M15)	2026.03.20 13:44:23 | HEARTBEAT | SYSTEM | EA alive. Tick=289100 Equity=44972.40 OpenPos=0 PendingOrders=0 UTC=2026.03.20 13:44 DayOfWeek=5 WeekendCloseActive=NO NewTradeBlocked=YES | 289100.000000
GF	0	07:47:23.422	Cazyxio_v4.3 (EURUSD,M15)	2026.03.20 13:47:23 | GATE_FAIL | GBPUSD | CopyBuffer failed for Daily EMA200.
CG	0	07:49:43.843	Cazyxio_v4.3 (EURUSD,M15)	2026.03.20 13:49:43 | GATE_FAIL | EURUSD | CopyBuffer failed for Daily EMA200.
PF	0	07:52:04.319	Cazyxio_v4.3 (EURUSD,M15)	2026.03.20 13:52:04 | GATE_FAIL | USDJPY | CopyBuffer failed for Daily EMA200.
OE	0	07:52:04.319	Cazyxio_v4.3 (EURUSD,M15)	2026.03.20 13:52:04 | BAR | AUDUSD | close=0.70655 h4ema200=0.70284 h4slope=UP dailyEMA200=0.67213 adx=18.6 ema50=0.70749 distToEMA50=9.4pips touchSeq=1 atr=0.001028 atrRatio=1.072 dir=LONG spread=21.0 spreadOK=YES atrGate=PASS touch=PASS momCandle=momClosePos=0.991 momOk=Y ema50Ok=Y barRange=0.001080 zeroRangeBar=NO trigger=YES hasPos=NO portRisk=0.00% openPos=0 | 0.706550
LE	0	07:52:04.319	Cazyxio_v4.3 (EURUSD,M15)	2026.03.20 13:52:04 | GATE_FAIL | AUDUSD | ADX filter FAIL. H4 ADX=18.6 MinLevel=20.0 Market is ranging — no trend to trade.
JS	0	07:52:04.319	Cazyxio_v4.3 (EURUSD,M15)	2026.03.20 13:52:04 | BAR | GBPJPY | close=212.348 h4ema200=211.103 h4slope=UP dailyEMA200=205.128 adx=23.0 ema50=212.305 distToEMA50=4.3pips touchSeq=6 atr=0.153000 atrRatio=0.986 dir=LONG spread=42.0 spreadOK=NO atrGate=PASS touch=PASS momCandle=momClosePos=0.984 momOk=Y ema50Ok=Y barRange=0.182000 zeroRangeBar=NO trigger=YES hasPos=NO portRisk=0.00% openPos=0 | 212.348000
MN	0	07:52:04.319	Cazyxio_v4.3 (EURUSD,M15)	2026.03.20 13:52:04 | GATE_FAIL | GBPJPY | Spread too wide. Spread=42.0 Max=30 points.
CQ	0	07:52:04.319	Cazyxio_v4.3 (EURUSD,M15)	2026.03.20 13:52:04 | BAR | USDCAD | close=1.37058 h4ema200=1.36744 h4slope=UP dailyEMA200=1.38075 adx=29.2 ema50=1.37205 distToEMA50=14.7pips touchSeq=0 atr=0.000927 atrRatio=1.184 dir=NONE spread=27.0 spreadOK=YES atrGate=PASS touch=FAIL momCandle= zeroRangeBar=NO trigger=NO hasPos=NO portRisk=0.00% openPos=0 | 1.370580
FP	0	07:52:04.319	Cazyxio_v4.3 (EURUSD,M15)	2026.03.20 13:52:04 | GATE_FAIL | USDCAD | No directional bias. h4slope=UP closeNow=1.37058 h4ema200=1.36744 dailyEMA200=1.38075
HI	0	07:52:08.716	Cazyxio_v4.3 (EURUSD,M15)	2026.03.20 13:52:08 | HEARTBEAT | SYSTEM | EA alive. Tick=289200 Equity=44972.40 OpenPos=0 PendingOrders=0 UTC=2026.03.20 13:52 DayOfWeek=5 WeekendCloseActive=NO NewTradeBlocked=YES | 289200.000000
FH	0	07:52:44.837	Cazyxio_v4.3 (EURUSD,M15)	2026.03.20 13:52:44 | HEARTBEAT | SYSTEM | EA alive. Tick=289300 Equity=44972.40 OpenPos=0 PendingOrders=0 UTC=2026.03.20 13:52 DayOfWeek=5 WeekendCloseActive=NO NewTradeBlocked=YES | 289300.000000
RJ	0	07:53:23.766	Cazyxio_v4.3 (EURUSD,M15)	2026.03.20 13:53:23 | HEARTBEAT | SYSTEM | EA alive. Tick=289400 Equity=44972.40 OpenPos=0 PendingOrders=0 UTC=2026.03.20 13:53 DayOfWeek=5 WeekendCloseActive=NO NewTradeBlocked=YES | 289400.000000
HL	0	07:54:11.356	Cazyxio_v4.3 (EURUSD,M15)	2026.03.20 13:54:11 | HEARTBEAT | SYSTEM | EA alive. Tick=289500 Equity=44972.40 OpenPos=0 PendingOrders=0 UTC=2026.03.20 13:54 DayOfWeek=5 WeekendCloseActive=NO NewTradeBlocked=YES | 289500.000000
GO	0	07:54:50.924	Cazyxio_v4.3 (EURUSD,M15)	2026.03.20 13:54:50 | HEARTBEAT | SYSTEM | EA alive. Tick=289600 Equity=44972.40 OpenPos=0 PendingOrders=0 UTC=2026.03.20 13:54 DayOfWeek=5 WeekendCloseActive=NO NewTradeBlocked=YES | 289600.000000
RQ	0	07:55:31.816	Cazyxio_v4.3 (EURUSD,M15)	2026.03.20 13:55:31 | HEARTBEAT | SYSTEM | EA alive. Tick=289700 Equity=44972.40 OpenPos=0 PendingOrders=0 UTC=2026.03.20 13:55 DayOfWeek=5 WeekendCloseActive=NO NewTradeBlocked=YES | 289700.000000
OS	0	07:56:10.108	Cazyxio_v4.3 (EURUSD,M15)	2026.03.20 13:56:10 | HEARTBEAT | SYSTEM | EA alive. Tick=289800 Equity=44972.40 OpenPos=0 PendingOrders=0 UTC=2026.03.20 13:56 DayOfWeek=5 WeekendCloseActive=NO NewTradeBlocked=YES | 289800.000000
HR	0	07:56:54.129	Cazyxio_v4.3 (EURUSD,M15)	2026.03.20 13:56:54 | HEARTBEAT | SYSTEM | EA alive. Tick=289900 Equity=44972.40 OpenPos=0 PendingOrders=0 UTC=2026.03.20 13:56 DayOfWeek=5 WeekendCloseActive=NO NewTradeBlocked=YES | 289900.000000
LD	0	07:57:40.911	Cazyxio_v4.3 (EURUSD,M15)	2026.03.20 13:57:40 | HEARTBEAT | SYSTEM | EA alive. Tick=290000 Equity=44972.40 OpenPos=0 PendingOrders=0 UTC=2026.03.20 13:57 DayOfWeek=5 WeekendCloseActive=NO NewTradeBlocked=YES | 290000.000000
PG	0	07:58:23.293	Cazyxio_v4.3 (EURUSD,M15)	2026.03.20 13:58:23 | HEARTBEAT | SYSTEM | EA alive. Tick=290100 Equity=44972.40 OpenPos=0 PendingOrders=0 UTC=2026.03.20 13:58 DayOfWeek=5 WeekendCloseActive=NO NewTradeBlocked=YES | 290100.000000
NI	0	07:59:02.595	Cazyxio_v4.3 (EURUSD,M15)	2026.03.20 13:59:02 | HEARTBEAT | SYSTEM | EA alive. Tick=290200 Equity=44972.40 OpenPos=0 PendingOrders=0 UTC=2026.03.20 13:59 DayOfWeek=5 WeekendCloseActive=NO NewTradeBlocked=YES | 290200.000000
GK	0	07:59:38.873	Cazyxio_v4.3 (EURUSD,M15)	2026.03.20 13:59:38 | HEARTBEAT | SYSTEM | EA alive. Tick=290300 Equity=44972.40 OpenPos=0 PendingOrders=0 UTC=2026.03.20 13:59 DayOfWeek=5 WeekendCloseActive=NO NewTradeBlocked=YES | 290300.000000
PF	0	08:02:22.349	Cazyxio_v4.3 (EURUSD,M15)	2026.03.20 14:02:22 | GATE_FAIL | EURUSD | CopyBuffer failed for Daily EMA200.
RQ	0	08:04:42.775	Cazyxio_v4.3 (EURUSD,M15)	2026.03.20 14:04:42 | GATE_FAIL | USDJPY | CopyBuffer failed for Daily EMA200.
PL	0	08:04:42.776	Cazyxio_v4.3 (EURUSD,M15)	2026.03.20 14:04:42 | BAR | AUDUSD | close=0.70421 h4ema200=0.70284 h4slope=UP dailyEMA200=0.67212 adx=19.2 ema50=0.70735 distToEMA50=31.4pips touchSeq=0 atr=0.001037 atrRatio=1.082 dir=LONG spread=21.0 spreadOK=YES atrGate=PASS touch=PASS momCandle=momClosePos=0.032 momOk=N ema50Ok=Y barRange=0.002530 zeroRangeBar=NO trigger=NO hasPos=NO portRisk=0.00% openPos=0 | 0.704210
HK	0	08:04:42.776	Cazyxio_v4.3 (EURUSD,M15)	2026.03.20 14:04:42 | GATE_FAIL | AUDUSD | ADX filter FAIL. H4 ADX=19.2 MinLevel=20.0 Market is ranging — no trend to trade.
HM	0	08:04:42.776	Cazyxio_v4.3 (EURUSD,M15)	2026.03.20 14:04:42 | BAR | GBPJPY | close=212.292 h4ema200=211.103 h4slope=UP dailyEMA200=205.128 adx=23.0 ema50=212.304 distToEMA50=1.2pips touchSeq=7 atr=0.154429 atrRatio=0.996 dir=LONG spread=45.0 spreadOK=NO atrGate=PASS touch=PASS momCandle=momClosePos=0.344 momOk=N ema50Ok=Y barRange=0.195000 zeroRangeBar=NO trigger=NO hasPos=NO portRisk=0.00% openPos=0 | 212.292000
EL	0	08:04:42.776	Cazyxio_v4.3 (EURUSD,M15)	2026.03.20 14:04:42 | GATE_FAIL | GBPJPY | Spread too wide. Spread=45.0 Max=30 points.
NS	0	08:04:42.776	Cazyxio_v4.3 (EURUSD,M15)	2026.03.20 14:04:42 | BAR | USDCAD | close=1.37233 h4ema200=1.36744 h4slope=UP dailyEMA200=1.38075 adx=29.2 ema50=1.37207 distToEMA50=2.6pips touchSeq=1 atr=0.001003 atrRatio=1.277 dir=NONE spread=27.0 spreadOK=YES atrGate=PASS touch=FAIL momCandle= zeroRangeBar=NO trigger=NO hasPos=NO portRisk=0.00% openPos=0 | 1.372330
DQ	0	08:04:42.776	Cazyxio_v4.3 (EURUSD,M15)	2026.03.20 14:04:42 | GATE_FAIL | USDCAD | No directional bias. h4slope=UP closeNow=1.37233 h4ema200=1.36744 dailyEMA200=1.38075
FE	0	08:07:04.263	Cazyxio_v4.3 (EURUSD,M15)	2026.03.20 14:07:04 | GATE_FAIL | GBPUSD | CopyBuffer failed for Daily EMA200.
MK	0	08:07:14.066	Cazyxio_v4.3 (EURUSD,M15)	2026.03.20 14:07:14 | HEARTBEAT | SYSTEM | EA alive. Tick=290400 Equity=44972.40 OpenPos=0 PendingOrders=0 UTC=2026.03.20 14:07 DayOfWeek=5 WeekendCloseActive=NO NewTradeBlocked=YES | 290400.000000
EJ	0	08:07:46.673	Cazyxio_v4.3 (EURUSD,M15)	2026.03.20 14:07:46 | HEARTBEAT | SYSTEM | EA alive. Tick=290500 Equity=44972.40 OpenPos=0 PendingOrders=0 UTC=2026.03.20 14:07 DayOfWeek=5 WeekendCloseActive=NO NewTradeBlocked=YES | 290500.000000
CL	0	08:08:22.009	Cazyxio_v4.3 (EURUSD,M15)	2026.03.20 14:08:22 | HEARTBEAT | SYSTEM | EA alive. Tick=290600 Equity=44972.40 OpenPos=0 PendingOrders=0 UTC=2026.03.20 14:08 DayOfWeek=5 WeekendCloseActive=NO NewTradeBlocked=YES | 290600.000000
DN	0	08:09:00.773	Cazyxio_v4.3 (EURUSD,M15)	2026.03.20 14:09:00 | HEARTBEAT | SYSTEM | EA alive. Tick=290700 Equity=44972.40 OpenPos=0 PendingOrders=0 UTC=2026.03.20 14:09 DayOfWeek=5 WeekendCloseActive=NO NewTradeBlocked=YES | 290700.000000
MQ	0	08:09:38.688	Cazyxio_v4.3 (EURUSD,M15)	2026.03.20 14:09:38 | HEARTBEAT | SYSTEM | EA alive. Tick=290800 Equity=44972.40 OpenPos=0 PendingOrders=0 UTC=2026.03.20 14:09 DayOfWeek=5 WeekendCloseActive=NO NewTradeBlocked=YES | 290800.000000
KS	0	08:10:14.754	Cazyxio_v4.3 (EURUSD,M15)	2026.03.20 14:10:14 | HEARTBEAT | SYSTEM | EA alive. Tick=290900 Equity=44972.40 OpenPos=0 PendingOrders=0 UTC=2026.03.20 14:10 DayOfWeek=5 WeekendCloseActive=NO NewTradeBlocked=YES | 290900.000000
NE	0	08:10:54.223	Cazyxio_v4.3 (EURUSD,M15)	2026.03.20 14:10:54 | HEARTBEAT | SYSTEM | EA alive. Tick=291000 Equity=44972.40 OpenPos=0 PendingOrders=0 UTC=2026.03.20 14:10 DayOfWeek=5 WeekendCloseActive=NO NewTradeBlocked=YES | 291000.000000
JD	0	08:11:33.477	Cazyxio_v4.3 (EURUSD,M15)	2026.03.20 14:11:33 | HEARTBEAT | SYSTEM | EA alive. Tick=291100 Equity=44972.40 OpenPos=0 PendingOrders=0 UTC=2026.03.20 14:11 DayOfWeek=5 WeekendCloseActive=NO NewTradeBlocked=YES | 291100.000000
GF	0	08:12:05.749	Cazyxio_v4.3 (EURUSD,M15)	2026.03.20 14:12:05 | HEARTBEAT | SYSTEM | EA alive. Tick=291200 Equity=44972.40 OpenPos=0 PendingOrders=0 UTC=2026.03.20 14:12 DayOfWeek=5 WeekendCloseActive=NO NewTradeBlocked=YES | 291200.000000
JI	0	08:12:39.131	Cazyxio_v4.3 (EURUSD,M15)	2026.03.20 14:12:39 | HEARTBEAT | SYSTEM | EA alive. Tick=291300 Equity=44972.40 OpenPos=0 PendingOrders=0 UTC=2026.03.20 14:12 DayOfWeek=5 WeekendCloseActive=NO NewTradeBlocked=YES | 291300.000000
OK	0	08:13:19.483	Cazyxio_v4.3 (EURUSD,M15)	2026.03.20 14:13:19 | HEARTBEAT | SYSTEM | EA alive. Tick=291400 Equity=44972.40 OpenPos=0 PendingOrders=0 UTC=2026.03.20 14:13 DayOfWeek=5 WeekendCloseActive=NO NewTradeBlocked=YES | 291400.000000
OM	0	08:13:58.252	Cazyxio_v4.3 (EURUSD,M15)	2026.03.20 14:13:58 | HEARTBEAT | SYSTEM | EA alive. Tick=291500 Equity=44972.40 OpenPos=0 PendingOrders=0 UTC=2026.03.20 14:13 DayOfWeek=5 WeekendCloseActive=NO NewTradeBlocked=YES | 291500.000000
LL	0	08:14:38.081	Cazyxio_v4.3 (EURUSD,M15)	2026.03.20 14:14:38 | HEARTBEAT | SYSTEM | EA alive. Tick=291600 Equity=44972.40 OpenPos=0 PendingOrders=0 UTC=2026.03.20 14:14 DayOfWeek=5 WeekendCloseActive=NO NewTradeBlocked=YES | 291600.000000
QS	0	08:17:22.275	Cazyxio_v4.3 (EURUSD,M15)	2026.03.20 14:17:22 | GATE_FAIL | GBPUSD | CopyBuffer failed for Daily EMA200.
JR	0	08:19:42.666	Cazyxio_v4.3 (EURUSD,M15)	2026.03.20 14:19:42 | GATE_FAIL | EURUSD | CopyBuffer failed for Daily EMA200.
NM	0	08:22:03.113	Cazyxio_v4.3 (EURUSD,M15)	2026.03.20 14:22:03 | GATE_FAIL | USDJPY | CopyBuffer failed for Daily EMA200.
DP	0	08:22:03.113	Cazyxio_v4.3 (EURUSD,M15)	2026.03.20 14:22:03 | BAR | AUDUSD | close=0.70340 h4ema200=0.70283 h4slope=UP dailyEMA200=0.67211 adx=19.7 ema50=0.70715 distToEMA50=37.5pips touchSeq=0 atr=0.001100 atrRatio=1.148 dir=LONG spread=20.0 spreadOK=YES atrGate=PASS touch=PASS momCandle=momClosePos=0.090 momOk=N ema50Ok=Y barRange=0.001450 zeroRangeBar=NO trigger=NO hasPos=NO portRisk=0.00% openPos=0 | 0.703400
JO	0	08:22:03.113	Cazyxio_v4.3 (EURUSD,M15)	2026.03.20 14:22:03 | GATE_FAIL | AUDUSD | ADX filter FAIL. H4 ADX=19.7 MinLevel=20.0 Market is ranging — no trend to trade.
DJ	0	08:22:03.113	Cazyxio_v4.3 (EURUSD,M15)	2026.03.20 14:22:03 | BAR | GBPJPY | close=212.021 h4ema200=211.099 h4slope=UP dailyEMA200=205.124 adx=20.4 ema50=212.279 distToEMA50=25.8pips touchSeq=0 atr=0.176000 atrRatio=1.135 dir=LONG spread=47.0 spreadOK=NO atrGate=PASS touch=PASS momCandle=momClosePos=0.093 momOk=N ema50Ok=Y barRange=0.333000 zeroRangeBar=NO trigger=NO hasPos=NO portRisk=0.00% openPos=0 | 212.021000
HP	0	08:22:03.113	Cazyxio_v4.3 (EURUSD,M15)	2026.03.20 14:22:03 | GATE_FAIL | GBPJPY | Spread too wide. Spread=47.0 Max=30 points.
JO	0	08:22:03.113	Cazyxio_v4.3 (EURUSD,M15)	2026.03.20 14:22:03 | BAR | USDCAD | close=1.37217 h4ema200=1.36745 h4slope=UP dailyEMA200=1.38076 adx=29.1 ema50=1.37211 distToEMA50=0.6pips touchSeq=2 atr=0.001059 atrRatio=1.346 dir=NONE spread=25.0 spreadOK=YES atrGate=PASS touch=FAIL momCandle= zeroRangeBar=NO trigger=NO hasPos=NO portRisk=0.00% openPos=0 | 1.372170
CM	0	08:22:03.113	Cazyxio_v4.3 (EURUSD,M15)	2026.03.20 14:22:03 | GATE_FAIL | USDCAD | No directional bias. h4slope=UP closeNow=1.37217 h4ema200=1.36745 dailyEMA200=1.38076
CL	0	08:22:19.566	Cazyxio_v4.3 (EURUSD,M15)	2026.03.20 14:22:19 | HEARTBEAT | SYSTEM | EA alive. Tick=291700 Equity=44972.40 OpenPos=0 PendingOrders=0 UTC=2026.03.20 14:22 DayOfWeek=5 WeekendCloseActive=NO NewTradeBlocked=YES | 291700.000000
KN	0	08:23:04.978	Cazyxio_v4.3 (EURUSD,M15)	2026.03.20 14:23:04 | HEARTBEAT | SYSTEM | EA alive. Tick=291800 Equity=44972.40 OpenPos=0 PendingOrders=0 UTC=2026.03.20 14:23 DayOfWeek=5 WeekendCloseActive=NO NewTradeBlocked=YES | 291800.000000
MP	0	08:23:48.354	Cazyxio_v4.3 (EURUSD,M15)	2026.03.20 14:23:48 | HEARTBEAT | SYSTEM | EA alive. Tick=291900 Equity=44972.40 OpenPos=0 PendingOrders=0 UTC=2026.03.20 14:23 DayOfWeek=5 WeekendCloseActive=NO NewTradeBlocked=YES | 291900.000000
KS	0	08:24:23.195	Cazyxio_v4.3 (EURUSD,M15)	2026.03.20 14:24:23 | HEARTBEAT | SYSTEM | EA alive. Tick=292000 Equity=44972.40 OpenPos=0 PendingOrders=0 UTC=2026.03.20 14:24 DayOfWeek=5 WeekendCloseActive=NO NewTradeBlocked=YES | 292000.000000
KE	0	08:25:00.453	Cazyxio_v4.3 (EURUSD,M15)	2026.03.20 14:25:00 | HEARTBEAT | SYSTEM | EA alive. Tick=292100 Equity=44972.40 OpenPos=0 PendingOrders=0 UTC=2026.03.20 14:25 DayOfWeek=5 WeekendCloseActive=NO NewTradeBlocked=YES | 292100.000000
MD	0	08:25:37.947	Cazyxio_v4.3 (EURUSD,M15)	2026.03.20 14:25:37 | HEARTBEAT | SYSTEM | EA alive. Tick=292200 Equity=44972.40 OpenPos=0 PendingOrders=0 UTC=2026.03.20 14:25 DayOfWeek=5 WeekendCloseActive=NO NewTradeBlocked=YES | 292200.000000
FF	0	08:26:12.512	Cazyxio_v4.3 (EURUSD,M15)	2026.03.20 14:26:12 | HEARTBEAT | SYSTEM | EA alive. Tick=292300 Equity=44972.40 OpenPos=0 PendingOrders=0 UTC=2026.03.20 14:26 DayOfWeek=5 WeekendCloseActive=NO NewTradeBlocked=YES | 292300.000000
CH	0	08:26:56.492	Cazyxio_v4.3 (EURUSD,M15)	2026.03.20 14:26:56 | HEARTBEAT | SYSTEM | EA alive. Tick=292400 Equity=44972.40 OpenPos=0 PendingOrders=0 UTC=2026.03.20 14:26 DayOfWeek=5 WeekendCloseActive=NO NewTradeBlocked=YES | 292400.000000
CK	0	08:27:42.198	Cazyxio_v4.3 (EURUSD,M15)	2026.03.20 14:27:42 | HEARTBEAT | SYSTEM | EA alive. Tick=292500 Equity=44972.40 OpenPos=0 PendingOrders=0 UTC=2026.03.20 14:27 DayOfWeek=5 WeekendCloseActive=NO NewTradeBlocked=YES | 292500.000000
KM	0	08:28:22.937	Cazyxio_v4.3 (EURUSD,M15)	2026.03.20 14:28:22 | HEARTBEAT | SYSTEM | EA alive. Tick=292600 Equity=44972.40 OpenPos=0 PendingOrders=0 UTC=2026.03.20 14:28 DayOfWeek=5 WeekendCloseActive=NO NewTradeBlocked=YES | 292600.000000
MO	0	08:29:14.844	Cazyxio_v4.3 (EURUSD,M15)	2026.03.20 14:29:14 | HEARTBEAT | SYSTEM | EA alive. Tick=292700 Equity=44972.40 OpenPos=0 PendingOrders=0 UTC=2026.03.20 14:29 DayOfWeek=5 WeekendCloseActive=NO NewTradeBlocked=YES | 292700.000000
MN	0	08:29:59.389	Cazyxio_v4.3 (EURUSD,M15)	2026.03.20 14:29:59 | HEARTBEAT | SYSTEM | EA alive. Tick=292800 Equity=44972.40 OpenPos=0 PendingOrders=0 UTC=2026.03.20 14:29 DayOfWeek=5 WeekendCloseActive=NO NewTradeBlocked=YES | 292800.000000
MM	0	08:32:22.464	Cazyxio_v4.3 (EURUSD,M15)	2026.03.20 14:32:22 | GATE_FAIL | GBPUSD | CopyBuffer failed for Daily EMA200.
JL	0	08:34:42.859	Cazyxio_v4.3 (EURUSD,M15)	2026.03.20 14:34:42 | GATE_FAIL | EURUSD | CopyBuffer failed for Daily EMA200.
DO	0	08:37:03.290	Cazyxio_v4.3 (EURUSD,M15)	2026.03.20 14:37:03 | GATE_FAIL | USDJPY | CopyBuffer failed for Daily EMA200.
QR	0	08:37:03.290	Cazyxio_v4.3 (EURUSD,M15)	2026.03.20 14:37:03 | BAR | AUDUSD | close=0.70289 h4ema200=0.70283 h4slope=UP dailyEMA200=0.67211 adx=19.8 ema50=0.70699 distToEMA50=41.0pips touchSeq=0 atr=0.001081 atrRatio=1.130 dir=LONG spread=20.0 spreadOK=YES atrGate=PASS touch=PASS momCandle=momClosePos=0.162 momOk=N ema50Ok=Y barRange=0.000990 zeroRangeBar=NO trigger=NO hasPos=NO portRisk=0.00% openPos=0 | 0.702890
EM	0	08:37:03.290	Cazyxio_v4.3 (EURUSD,M15)	2026.03.20 14:37:03 | GATE_FAIL | AUDUSD | ADX filter FAIL. H4 ADX=19.8 MinLevel=20.0 Market is ranging — no trend to trade.
ED	0	08:37:03.290	Cazyxio_v4.3 (EURUSD,M15)	2026.03.20 14:37:03 | BAR | GBPJPY | close=211.772 h4ema200=211.099 h4slope=UP dailyEMA200=205.124 adx=20.0 ema50=212.259 distToEMA50=48.7pips touchSeq=0 atr=0.187714 atrRatio=1.211 dir=LONG spread=46.0 spreadOK=NO atrGate=PASS touch=PASS momCandle=momClosePos=0.049 momOk=N ema50Ok=Y barRange=0.304000 zeroRangeBar=NO trigger=NO hasPos=NO portRisk=0.00% openPos=0 | 211.772000
EQ	0	08:37:03.290	Cazyxio_v4.3 (EURUSD,M15)	2026.03.20 14:37:03 | GATE_FAIL | GBPJPY | Spread too wide. Spread=46.0 Max=30 points.
JM	0	08:37:03.290	Cazyxio_v4.3 (EURUSD,M15)	2026.03.20 14:37:03 | BAR | USDCAD | close=1.37266 h4ema200=1.36745 h4slope=UP dailyEMA200=1.38076 adx=28.8 ema50=1.37212 distToEMA50=5.4pips touchSeq=3 atr=0.001056 atrRatio=1.341 dir=NONE spread=26.0 spreadOK=YES atrGate=PASS touch=FAIL momCandle= zeroRangeBar=NO trigger=NO hasPos=NO portRisk=0.00% openPos=0 | 1.372660
CK	0	08:37:03.290	Cazyxio_v4.3 (EURUSD,M15)	2026.03.20 14:37:03 | GATE_FAIL | USDCAD | No directional bias. h4slope=UP closeNow=1.37266 h4ema200=1.36745 dailyEMA200=1.38076
DN	0	08:37:39.204	Cazyxio_v4.3 (EURUSD,M15)	2026.03.20 14:37:39 | HEARTBEAT | SYSTEM | EA alive. Tick=292900 Equity=44972.40 OpenPos=0 PendingOrders=0 UTC=2026.03.20 14:37 DayOfWeek=5 WeekendCloseActive=NO NewTradeBlocked=YES | 292900.000000
GP	0	08:38:16.507	Cazyxio_v4.3 (EURUSD,M15)	2026.03.20 14:38:16 | HEARTBEAT | SYSTEM | EA alive. Tick=293000 Equity=44972.40 OpenPos=0 PendingOrders=0 UTC=2026.03.20 14:38 DayOfWeek=5 WeekendCloseActive=NO NewTradeBlocked=YES | 293000.000000
NS	0	08:38:50.700	Cazyxio_v4.3 (EURUSD,M15)	2026.03.20 14:38:50 | HEARTBEAT | SYSTEM | EA alive. Tick=293100 Equity=44972.40 OpenPos=0 PendingOrders=0 UTC=2026.03.20 14:38 DayOfWeek=5 WeekendCloseActive=NO NewTradeBlocked=YES | 293100.000000
KE	0	08:39:30.740	Cazyxio_v4.3 (EURUSD,M15)	2026.03.20 14:39:30 | HEARTBEAT | SYSTEM | EA alive. Tick=293200 Equity=44972.40 OpenPos=0 PendingOrders=0 UTC=2026.03.20 14:39 DayOfWeek=5 WeekendCloseActive=NO NewTradeBlocked=YES | 293200.000000
JG	0	08:40:17.019	Cazyxio_v4.3 (EURUSD,M15)	2026.03.20 14:40:17 | HEARTBEAT | SYSTEM | EA alive. Tick=293300 Equity=44972.40 OpenPos=0 PendingOrders=0 UTC=2026.03.20 14:40 DayOfWeek=5 WeekendCloseActive=NO NewTradeBlocked=YES | 293300.000000
EF	0	08:41:06.057	Cazyxio_v4.3 (EURUSD,M15)	2026.03.20 14:41:06 | HEARTBEAT | SYSTEM | EA alive. Tick=293400 Equity=44972.40 OpenPos=0 PendingOrders=0 UTC=2026.03.20 14:41 DayOfWeek=5 WeekendCloseActive=NO NewTradeBlocked=YES | 293400.000000
GH	0	08:41:53.248	Cazyxio_v4.3 (EURUSD,M15)	2026.03.20 14:41:53 | HEARTBEAT | SYSTEM | EA alive. Tick=293500 Equity=44972.40 OpenPos=0 PendingOrders=0 UTC=2026.03.20 14:41 DayOfWeek=5 WeekendCloseActive=NO NewTradeBlocked=YES | 293500.000000
DJ	0	08:42:51.835	Cazyxio_v4.3 (EURUSD,M15)	2026.03.20 14:42:51 | HEARTBEAT | SYSTEM | EA alive. Tick=293600 Equity=44972.40 OpenPos=0 PendingOrders=0 UTC=2026.03.20 14:42 DayOfWeek=5 WeekendCloseActive=NO NewTradeBlocked=YES | 293600.000000
FM	0	08:43:47.340	Cazyxio_v4.3 (EURUSD,M15)	2026.03.20 14:43:47 | HEARTBEAT | SYSTEM | EA alive. Tick=293700 Equity=44972.40 OpenPos=0 PendingOrders=0 UTC=2026.03.20 14:43 DayOfWeek=5 WeekendCloseActive=NO NewTradeBlocked=YES | 293700.000000
MO	0	08:44:37.869	Cazyxio_v4.3 (EURUSD,M15)	2026.03.20 14:44:37 | HEARTBEAT | SYSTEM | EA alive. Tick=293800 Equity=44972.40 OpenPos=0 PendingOrders=0 UTC=2026.03.20 14:44 DayOfWeek=5 WeekendCloseActive=NO NewTradeBlocked=YES | 293800.000000
CS	0	08:47:22.754	Cazyxio_v4.3 (EURUSD,M15)	2026.03.20 14:47:22 | GATE_FAIL | GBPUSD | CopyBuffer failed for Daily EMA200.
CM	0	08:49:43.119	Cazyxio_v4.3 (EURUSD,M15)	2026.03.20 14:49:43 | GATE_FAIL | EURUSD | CopyBuffer failed for Daily EMA200.
EM	0	08:52:03.543	Cazyxio_v4.3 (EURUSD,M15)	2026.03.20 14:52:03 | GATE_FAIL | USDJPY | CopyBuffer failed for Daily EMA200.
HQ	0	08:52:03.543	Cazyxio_v4.3 (EURUSD,M15)	2026.03.20 14:52:03 | BAR | AUDUSD | close=0.70296 h4ema200=0.70283 h4slope=UP dailyEMA200=0.67211 adx=19.8 ema50=0.70682 distToEMA50=38.6pips touchSeq=0 atr=0.001085 atrRatio=1.138 dir=LONG spread=16.0 spreadOK=YES atrGate=PASS touch=PASS momCandle=momClosePos=0.143 momOk=N ema50Ok=Y barRange=0.000770 zeroRangeBar=NO trigger=NO hasPos=NO portRisk=0.00% openPos=0 | 0.702960
IO	0	08:52:03.544	Cazyxio_v4.3 (EURUSD,M15)	2026.03.20 14:52:03 | GATE_FAIL | AUDUSD | ADX filter FAIL. H4 ADX=19.8 MinLevel=20.0 Market is ranging — no trend to trade.
NK	0	08:52:03.544	Cazyxio_v4.3 (EURUSD,M15)	2026.03.20 14:52:03 | BAR | GBPJPY | close=211.866 h4ema200=211.099 h4slope=UP dailyEMA200=205.123 adx=20.0 ema50=212.240 distToEMA50=37.4pips touchSeq=0 atr=0.179357 atrRatio=1.160 dir=LONG spread=39.0 spreadOK=NO atrGate=PASS touch=PASS momCandle=momClosePos=0.533 momOk=N ema50Ok=Y barRange=0.180000 zeroRangeBar=NO trigger=NO hasPos=NO portRisk=0.00% openPos=0 | 211.866000
EP	0	08:52:03.544	Cazyxio_v4.3 (EURUSD,M15)	2026.03.20 14:52:03 | GATE_FAIL | GBPJPY | Spread too wide. Spread=39.0 Max=30 points.
HL	0	08:52:03.544	Cazyxio_v4.3 (EURUSD,M15)	2026.03.20 14:52:03 | BAR | USDCAD | close=1.37304 h4ema200=1.36746 h4slope=UP dailyEMA200=1.38077 adx=26.7 ema50=1.37221 distToEMA50=8.3pips touchSeq=4 atr=0.001132 atrRatio=1.435 dir=NONE spread=25.0 spreadOK=YES atrGate=PASS touch=FAIL momCandle= zeroRangeBar=NO trigger=NO hasPos=NO portRisk=0.00% openPos=0 | 1.373040
RJ	0	08:52:03.544	Cazyxio_v4.3 (EURUSD,M15)	2026.03.20 14:52:03 | GATE_FAIL | USDCAD | No directional bias. h4slope=UP closeNow=1.37304 h4ema200=1.36746 dailyEMA200=1.38077
CO	0	08:52:24.497	Cazyxio_v4.3 (EURUSD,M15)	2026.03.20 14:52:24 | HEARTBEAT | SYSTEM | EA alive. Tick=293900 Equity=44972.40 OpenPos=0 PendingOrders=0 UTC=2026.03.20 14:52 DayOfWeek=5 WeekendCloseActive=NO NewTradeBlocked=YES | 293900.000000
JN	0	08:53:16.336	Cazyxio_v4.3 (EURUSD,M15)	2026.03.20 14:53:16 | HEARTBEAT | SYSTEM | EA alive. Tick=294000 Equity=44972.40 OpenPos=0 PendingOrders=0 UTC=2026.03.20 14:53 DayOfWeek=5 WeekendCloseActive=NO NewTradeBlocked=YES | 294000.000000
DP	0	08:54:02.256	Cazyxio_v4.3 (EURUSD,M15)	2026.03.20 14:54:02 | HEARTBEAT | SYSTEM | EA alive. Tick=294100 Equity=44972.40 OpenPos=0 PendingOrders=0 UTC=2026.03.20 14:54 DayOfWeek=5 WeekendCloseActive=NO NewTradeBlocked=YES | 294100.000000
GR	0	08:54:46.187	Cazyxio_v4.3 (EURUSD,M15)	2026.03.20 14:54:46 | HEARTBEAT | SYSTEM | EA alive. Tick=294200 Equity=44972.40 OpenPos=0 PendingOrders=0 UTC=2026.03.20 14:54 DayOfWeek=5 WeekendCloseActive=NO NewTradeBlocked=YES | 294200.000000
JE	0	08:55:27.165	Cazyxio_v4.3 (EURUSD,M15)	2026.03.20 14:55:27 | HEARTBEAT | SYSTEM | EA alive. Tick=294300 Equity=44972.40 OpenPos=0 PendingOrders=0 UTC=2026.03.20 14:55 DayOfWeek=5 WeekendCloseActive=NO NewTradeBlocked=YES | 294300.000000
MG	0	08:56:07.161	Cazyxio_v4.3 (EURUSD,M15)	2026.03.20 14:56:07 | HEARTBEAT | SYSTEM | EA alive. Tick=294400 Equity=44972.40 OpenPos=0 PendingOrders=0 UTC=2026.03.20 14:56 DayOfWeek=5 WeekendCloseActive=NO NewTradeBlocked=YES | 294400.000000
JI	0	08:56:55.148	Cazyxio_v4.3 (EURUSD,M15)	2026.03.20 14:56:55 | HEARTBEAT | SYSTEM | EA alive. Tick=294500 Equity=44972.40 OpenPos=0 PendingOrders=0 UTC=2026.03.20 14:56 DayOfWeek=5 WeekendCloseActive=NO NewTradeBlocked=YES | 294500.000000
CH	0	08:57:52.199	Cazyxio_v4.3 (EURUSD,M15)	2026.03.20 14:57:52 | HEARTBEAT | SYSTEM | EA alive. Tick=294600 Equity=44972.40 OpenPos=0 PendingOrders=0 UTC=2026.03.20 14:57 DayOfWeek=5 WeekendCloseActive=NO NewTradeBlocked=YES | 294600.000000
NJ	0	08:58:31.218	Cazyxio_v4.3 (EURUSD,M15)	2026.03.20 14:58:31 | HEARTBEAT | SYSTEM | EA alive. Tick=294700 Equity=44972.40 OpenPos=0 PendingOrders=0 UTC=2026.03.20 14:58 DayOfWeek=5 WeekendCloseActive=NO NewTradeBlocked=YES | 294700.000000
LM	0	08:59:12.277	Cazyxio_v4.3 (EURUSD,M15)	2026.03.20 14:59:12 | HEARTBEAT | SYSTEM | EA alive. Tick=294800 Equity=44972.40 OpenPos=0 PendingOrders=0 UTC=2026.03.20 14:59 DayOfWeek=5 WeekendCloseActive=NO NewTradeBlocked=YES | 294800.000000
CO	0	08:59:57.049	Cazyxio_v4.3 (EURUSD,M15)	2026.03.20 14:59:57 | HEARTBEAT | SYSTEM | EA alive. Tick=294900 Equity=44972.40 OpenPos=0 PendingOrders=0 UTC=2026.03.20 14:59 DayOfWeek=5 WeekendCloseActive=NO NewTradeBlocked=YES | 294900.000000
IM	0	09:02:22.469	Cazyxio_v4.3 (EURUSD,M15)	2026.03.20 15:02:22 | GATE_FAIL | EURUSD | CopyBuffer failed for Daily EMA200.
DM	0	09:04:42.885	Cazyxio_v4.3 (EURUSD,M15)	2026.03.20 15:04:42 | GATE_FAIL | USDJPY | CopyBuffer failed for Daily EMA200.
IL	0	09:04:42.885	Cazyxio_v4.3 (EURUSD,M15)	2026.03.20 15:04:42 | BAR | AUDUSD | close=0.70341 h4ema200=0.70283 h4slope=UP dailyEMA200=0.67212 adx=19.9 ema50=0.70671 distToEMA50=33.0pips touchSeq=0 atr=0.001101 atrRatio=1.160 dir=LONG spread=21.0 spreadOK=YES atrGate=PASS touch=PASS momCandle=momClosePos=0.896 momOk=Y ema50Ok=Y barRange=0.000960 zeroRangeBar=NO trigger=YES hasPos=NO portRisk=0.00% openPos=0 | 0.703410
LO	0	09:04:42.885	Cazyxio_v4.3 (EURUSD,M15)	2026.03.20 15:04:42 | GATE_FAIL | AUDUSD | ADX filter FAIL. H4 ADX=19.9 MinLevel=20.0 Market is ranging — no trend to trade.
IK	0	09:04:42.885	Cazyxio_v4.3 (EURUSD,M15)	2026.03.20 15:04:42 | BAR | GBPJPY | close=211.752 h4ema200=211.098 h4slope=UP dailyEMA200=205.123 adx=20.0 ema50=212.221 distToEMA50=46.9pips touchSeq=0 atr=0.185714 atrRatio=1.204 dir=LONG spread=42.0 spreadOK=NO atrGate=PASS touch=PASS momCandle=momClosePos=0.052 momOk=N ema50Ok=Y barRange=0.154000 zeroRangeBar=NO trigger=NO hasPos=NO portRisk=0.00% openPos=0 | 211.752000
GP	0	09:04:42.885	Cazyxio_v4.3 (EURUSD,M15)	2026.03.20 15:04:42 | GATE_FAIL | GBPJPY | Spread too wide. Spread=42.0 Max=30 points.
JO	0	09:04:42.885	Cazyxio_v4.3 (EURUSD,M15)	2026.03.20 15:04:42 | BAR | USDCAD | close=1.37292 h4ema200=1.36746 h4slope=UP dailyEMA200=1.38076 adx=26.7 ema50=1.37221 distToEMA50=7.1pips touchSeq=5 atr=0.001119 atrRatio=1.419 dir=NONE spread=27.0 spreadOK=YES atrGate=PASS touch=FAIL momCandle= zeroRangeBar=NO trigger=NO hasPos=NO portRisk=0.00% openPos=0 | 1.372920
MM	0	09:04:42.885	Cazyxio_v4.3 (EURUSD,M15)	2026.03.20 15:04:42 | GATE_FAIL | USDCAD | No directional bias. h4slope=UP closeNow=1.37292 h4ema200=1.36746 dailyEMA200=1.38076
CQ	0	09:07:03.475	Cazyxio_v4.3 (EURUSD,M15)	2026.03.20 15:07:03 | GATE_FAIL | GBPUSD | CopyBuffer failed for Daily EMA200.
FO	0	09:07:39.497	Cazyxio_v4.3 (EURUSD,M15)	2026.03.20 15:07:39 | HEARTBEAT | SYSTEM | EA alive. Tick=295000 Equity=44972.40 OpenPos=0 PendingOrders=0 UTC=2026.03.20 15:07 DayOfWeek=5 WeekendCloseActive=NO NewTradeBlocked=YES | 295000.000000
GQ	0	09:08:30.224	Cazyxio_v4.3 (EURUSD,M15)	2026.03.20 15:08:30 | HEARTBEAT | SYSTEM | EA alive. Tick=295100 Equity=44972.40 OpenPos=0 PendingOrders=0 UTC=2026.03.20 15:08 DayOfWeek=5 WeekendCloseActive=NO NewTradeBlocked=YES | 295100.000000
GP	0	09:09:15.861	Cazyxio_v4.3 (EURUSD,M15)	2026.03.20 15:09:15 | HEARTBEAT | SYSTEM | EA alive. Tick=295200 Equity=44972.40 OpenPos=0 PendingOrders=0 UTC=2026.03.20 15:09 DayOfWeek=5 WeekendCloseActive=NO NewTradeBlocked=YES | 295200.000000
DR	0	09:09:50.567	Cazyxio_v4.3 (EURUSD,M15)	2026.03.20 15:09:50 | HEARTBEAT | SYSTEM | EA alive. Tick=295300 Equity=44972.40 OpenPos=0 PendingOrders=0 UTC=2026.03.20 15:09 DayOfWeek=5 WeekendCloseActive=NO NewTradeBlocked=YES | 295300.000000
IE	0	09:10:30.670	Cazyxio_v4.3 (EURUSD,M15)	2026.03.20 15:10:30 | HEARTBEAT | SYSTEM | EA alive. Tick=295400 Equity=44972.40 OpenPos=0 PendingOrders=0 UTC=2026.03.20 15:10 DayOfWeek=5 WeekendCloseActive=NO NewTradeBlocked=YES | 295400.000000
LG	0	09:11:12.191	Cazyxio_v4.3 (EURUSD,M15)	2026.03.20 15:11:12 | HEARTBEAT | SYSTEM | EA alive. Tick=295500 Equity=44972.40 OpenPos=0 PendingOrders=0 UTC=2026.03.20 15:11 DayOfWeek=5 WeekendCloseActive=NO NewTradeBlocked=YES | 295500.000000
KI	0	09:11:51.165	Cazyxio_v4.3 (EURUSD,M15)	2026.03.20 15:11:51 | HEARTBEAT | SYSTEM | EA alive. Tick=295600 Equity=44972.40 OpenPos=0 PendingOrders=0 UTC=2026.03.20 15:11 DayOfWeek=5 WeekendCloseActive=NO NewTradeBlocked=YES | 295600.000000
CH	0	09:12:43.061	Cazyxio_v4.3 (EURUSD,M15)	2026.03.20 15:12:43 | HEARTBEAT | SYSTEM | EA alive. Tick=295700 Equity=44972.40 OpenPos=0 PendingOrders=0 UTC=2026.03.20 15:12 DayOfWeek=5 WeekendCloseActive=NO NewTradeBlocked=YES | 295700.000000
LJ	0	09:13:25.041	Cazyxio_v4.3 (EURUSD,M15)	2026.03.20 15:13:25 | HEARTBEAT | SYSTEM | EA alive. Tick=295800 Equity=44972.40 OpenPos=0 PendingOrders=0 UTC=2026.03.20 15:13 DayOfWeek=5 WeekendCloseActive=NO NewTradeBlocked=YES | 295800.000000
EL	0	09:14:05.069	Cazyxio_v4.3 (EURUSD,M15)	2026.03.20 15:14:05 | HEARTBEAT | SYSTEM | EA alive. Tick=295900 Equity=44972.40 OpenPos=0 PendingOrders=0 UTC=2026.03.20 15:14 DayOfWeek=5 WeekendCloseActive=NO NewTradeBlocked=YES | 295900.000000
DO	0	09:14:41.336	Cazyxio_v4.3 (EURUSD,M15)	2026.03.20 15:14:41 | HEARTBEAT | SYSTEM | EA alive. Tick=296000 Equity=44972.40 OpenPos=0 PendingOrders=0 UTC=2026.03.20 15:14 DayOfWeek=5 WeekendCloseActive=NO NewTradeBlocked=YES | 296000.000000
PL	0	09:17:22.515	Cazyxio_v4.3 (EURUSD,M15)	2026.03.20 15:17:22 | GATE_FAIL | GBPUSD | CopyBuffer failed for Daily EMA200.
DM	0	09:19:42.983	Cazyxio_v4.3 (EURUSD,M15)	2026.03.20 15:19:42 | GATE_FAIL | EURUSD | CopyBuffer failed for Daily EMA200.
KL	0	09:22:03.453	Cazyxio_v4.3 (EURUSD,M15)	2026.03.20 15:22:03 | GATE_FAIL | USDJPY | CopyBuffer failed for Daily EMA200.
QL	0	09:22:03.453	Cazyxio_v4.3 (EURUSD,M15)	2026.03.20 15:22:03 | BAR | AUDUSD | close=0.70458 h4ema200=0.70283 h4slope=UP dailyEMA200=0.67212 adx=19.9 ema50=0.70664 distToEMA50=20.6pips touchSeq=0 atr=0.001144 atrRatio=1.209 dir=LONG spread=19.0 spreadOK=YES atrGate=PASS touch=PASS momCandle=momClosePos=0.924 momOk=Y ema50Ok=Y barRange=0.001450 zeroRangeBar=NO trigger=YES hasPos=NO portRisk=0.00% openPos=0 | 0.704580
GO	0	09:22:03.453	Cazyxio_v4.3 (EURUSD,M15)	2026.03.20 15:22:03 | GATE_FAIL | AUDUSD | ADX filter FAIL. H4 ADX=19.9 MinLevel=20.0 Market is ranging — no trend to trade.
CF	0	09:22:03.453	Cazyxio_v4.3 (EURUSD,M15)	2026.03.20 15:22:03 | BAR | GBPJPY | close=211.952 h4ema200=211.101 h4slope=UP dailyEMA200=205.125 adx=20.0 ema50=212.219 distToEMA50=26.7pips touchSeq=0 atr=0.189643 atrRatio=1.234 dir=LONG spread=43.0 spreadOK=NO atrGate=PASS touch=PASS momCandle=momClosePos=0.926 momOk=Y ema50Ok=Y barRange=0.230000 zeroRangeBar=NO trigger=YES hasPos=NO portRisk=0.00% openPos=0 | 211.952000
MP	0	09:22:03.453	Cazyxio_v4.3 (EURUSD,M15)	2026.03.20 15:22:03 | GATE_FAIL | GBPJPY | Spread too wide. Spread=43.0 Max=30 points.
DL	0	09:22:03.453	Cazyxio_v4.3 (EURUSD,M15)	2026.03.20 15:22:03 | BAR | USDCAD | close=1.37263 h4ema200=1.36745 h4slope=UP dailyEMA200=1.38076 adx=26.7 ema50=1.37221 distToEMA50=4.2pips touchSeq=6 atr=0.001138 atrRatio=1.444 dir=NONE spread=25.0 spreadOK=YES atrGate=PASS touch=FAIL momCandle= zeroRangeBar=NO trigger=NO hasPos=NO portRisk=0.00% openPos=0 | 1.372630
KJ	0	09:22:03.453	Cazyxio_v4.3 (EURUSD,M15)	2026.03.20 15:22:03 | GATE_FAIL | USDCAD | No directional bias. h4slope=UP closeNow=1.37263 h4ema200=1.36745 dailyEMA200=1.38076
IO	0	09:22:20.833	Cazyxio_v4.3 (EURUSD,M15)	2026.03.20 15:22:20 | HEARTBEAT | SYSTEM | EA alive. Tick=296100 Equity=44972.40 OpenPos=0 PendingOrders=0 UTC=2026.03.20 15:22 DayOfWeek=5 WeekendCloseActive=NO NewTradeBlocked=YES | 296100.000000
NQ	0	09:23:06.516	Cazyxio_v4.3 (EURUSD,M15)	2026.03.20 15:23:06 | HEARTBEAT | SYSTEM | EA alive. Tick=296200 Equity=44972.40 OpenPos=0 PendingOrders=0 UTC=2026.03.20 15:23 DayOfWeek=5 WeekendCloseActive=NO NewTradeBlocked=YES | 296200.000000
KP	0	09:23:41.748	Cazyxio_v4.3 (EURUSD,M15)	2026.03.20 15:23:41 | HEARTBEAT | SYSTEM | EA alive. Tick=296300 Equity=44972.40 OpenPos=0 PendingOrders=0 UTC=2026.03.20 15:23 DayOfWeek=5 WeekendCloseActive=NO NewTradeBlocked=YES | 296300.000000
HR	0	09:24:10.690	Cazyxio_v4.3 (EURUSD,M15)	2026.03.20 15:24:10 | HEARTBEAT | SYSTEM | EA alive. Tick=296400 Equity=44972.40 OpenPos=0 PendingOrders=0 UTC=2026.03.20 15:24 DayOfWeek=5 WeekendCloseActive=NO NewTradeBlocked=YES | 296400.000000
DE	0	09:24:42.247	Cazyxio_v4.3 (EURUSD,M15)	2026.03.20 15:24:42 | HEARTBEAT | SYSTEM | EA alive. Tick=296500 Equity=44972.40 OpenPos=0 PendingOrders=0 UTC=2026.03.20 15:24 DayOfWeek=5 WeekendCloseActive=NO NewTradeBlocked=YES | 296500.000000
FG	0	09:25:14.015	Cazyxio_v4.3 (EURUSD,M15)	2026.03.20 15:25:14 | HEARTBEAT | SYSTEM | EA alive. Tick=296600 Equity=44972.40 OpenPos=0 PendingOrders=0 UTC=2026.03.20 15:25 DayOfWeek=5 WeekendCloseActive=NO NewTradeBlocked=YES | 296600.000000
FI	0	09:25:49.860	Cazyxio_v4.3 (EURUSD,M15)	2026.03.20 15:25:49 | HEARTBEAT | SYSTEM | EA alive. Tick=296700 Equity=44972.40 OpenPos=0 PendingOrders=0 UTC=2026.03.20 15:25 DayOfWeek=5 WeekendCloseActive=NO NewTradeBlocked=YES | 296700.000000
DH	0	09:26:26.405	Cazyxio_v4.3 (EURUSD,M15)	2026.03.20 15:26:26 | HEARTBEAT | SYSTEM | EA alive. Tick=296800 Equity=44972.40 OpenPos=0 PendingOrders=0 UTC=2026.03.20 15:26 DayOfWeek=5 WeekendCloseActive=NO NewTradeBlocked=YES | 296800.000000
LJ	0	09:26:59.829	Cazyxio_v4.3 (EURUSD,M15)	2026.03.20 15:26:59 | HEARTBEAT | SYSTEM | EA alive. Tick=296900 Equity=44972.40 OpenPos=0 PendingOrders=0 UTC=2026.03.20 15:26 DayOfWeek=5 WeekendCloseActive=NO NewTradeBlocked=YES | 296900.000000
PL	0	09:27:35.110	Cazyxio_v4.3 (EURUSD,M15)	2026.03.20 15:27:35 | HEARTBEAT | SYSTEM | EA alive. Tick=297000 Equity=44972.40 OpenPos=0 PendingOrders=0 UTC=2026.03.20 15:27 DayOfWeek=5 WeekendCloseActive=NO NewTradeBlocked=YES | 297000.000000
LO	0	09:28:08.089	Cazyxio_v4.3 (EURUSD,M15)	2026.03.20 15:28:08 | HEARTBEAT | SYSTEM | EA alive. Tick=297100 Equity=44972.40 OpenPos=0 PendingOrders=0 UTC=2026.03.20 15:28 DayOfWeek=5 WeekendCloseActive=NO NewTradeBlocked=YES | 297100.000000
JQ	0	09:28:40.155	Cazyxio_v4.3 (EURUSD,M15)	2026.03.20 15:28:40 | HEARTBEAT | SYSTEM | EA alive. Tick=297200 Equity=44972.40 OpenPos=0 PendingOrders=0 UTC=2026.03.20 15:28 DayOfWeek=5 WeekendCloseActive=NO NewTradeBlocked=YES | 297200.000000
QP	0	09:29:16.333	Cazyxio_v4.3 (EURUSD,M15)	2026.03.20 15:29:16 | HEARTBEAT | SYSTEM | EA alive. Tick=297300 Equity=44972.40 OpenPos=0 PendingOrders=0 UTC=2026.03.20 15:29 DayOfWeek=5 WeekendCloseActive=NO NewTradeBlocked=YES | 297300.000000
DR	0	09:29:56.208	Cazyxio_v4.3 (EURUSD,M15)	2026.03.20 15:29:56 | HEARTBEAT | SYSTEM | EA alive. Tick=297400 Equity=44972.40 OpenPos=0 PendingOrders=0 UTC=2026.03.20 15:29 DayOfWeek=5 WeekendCloseActive=NO NewTradeBlocked=YES | 297400.000000
GI	0	09:32:22.439	Cazyxio_v4.3 (EURUSD,M15)	2026.03.20 15:32:22 | GATE_FAIL | GBPUSD | CopyBuffer failed for Daily EMA200.
RH	0	09:34:42.921	Cazyxio_v4.3 (EURUSD,M15)	2026.03.20 15:34:42 | GATE_FAIL | EURUSD | CopyBuffer failed for Daily EMA200.
NK	0	09:37:03.340	Cazyxio_v4.3 (EURUSD,M15)	2026.03.20 15:37:03 | GATE_FAIL | USDJPY | CopyBuffer failed for Daily EMA200.
RF	0	09:37:03.340	Cazyxio_v4.3 (EURUSD,M15)	2026.03.20 15:37:03 | BAR | AUDUSD | close=0.70394 h4ema200=0.70284 h4slope=UP dailyEMA200=0.67212 adx=19.9 ema50=0.70654 distToEMA50=26.0pips touchSeq=0 atr=0.001189 atrRatio=1.262 dir=LONG spread=20.0 spreadOK=YES atrGate=PASS touch=PASS momCandle=momClosePos=0.224 momOk=N ema50Ok=Y barRange=0.001650 zeroRangeBar=NO trigger=NO hasPos=NO portRisk=0.00% openPos=0 | 0.703940
DR	0	09:37:03.340	Cazyxio_v4.3 (EURUSD,M15)	2026.03.20 15:37:03 | GATE_FAIL | AUDUSD | ADX filter FAIL. H4 ADX=19.9 MinLevel=20.0 Market is ranging — no trend to trade.
LP	0	09:37:03.340	Cazyxio_v4.3 (EURUSD,M15)	2026.03.20 15:37:03 | BAR | GBPJPY | close=211.953 h4ema200=211.100 h4slope=UP dailyEMA200=205.125 adx=20.0 ema50=212.207 distToEMA50=25.4pips touchSeq=0 atr=0.193786 atrRatio=1.264 dir=LONG spread=41.0 spreadOK=NO atrGate=PASS touch=PASS momCandle=momClosePos=0.047 momOk=N ema50Ok=Y barRange=0.275000 zeroRangeBar=NO trigger=NO hasPos=NO portRisk=0.00% openPos=0 | 211.953000
NE	0	09:37:03.340	Cazyxio_v4.3 (EURUSD,M15)	2026.03.20 15:37:03 | GATE_FAIL | GBPJPY | Spread too wide. Spread=41.0 Max=30 points.
MI	0	09:37:03.340	Cazyxio_v4.3 (EURUSD,M15)	2026.03.20 15:37:03 | BAR | USDCAD | close=1.37255 h4ema200=1.36745 h4slope=UP dailyEMA200=1.38075 adx=26.7 ema50=1.37221 distToEMA50=3.4pips touchSeq=7 atr=0.001169 atrRatio=1.485 dir=NONE spread=27.0 spreadOK=YES atrGate=PASS touch=FAIL momCandle= zeroRangeBar=NO trigger=NO hasPos=NO portRisk=0.00% openPos=0 | 1.372550
PG	0	09:37:03.340	Cazyxio_v4.3 (EURUSD,M15)	2026.03.20 15:37:03 | GATE_FAIL | USDCAD | No directional bias. h4slope=UP closeNow=1.37255 h4ema200=1.36745 dailyEMA200=1.38075
GR	0	09:37:33.000	Cazyxio_v4.3 (EURUSD,M15)	2026.03.20 15:37:33 | HEARTBEAT | SYSTEM | EA alive. Tick=297500 Equity=44972.40 OpenPos=0 PendingOrders=0 UTC=2026.03.20 15:37 DayOfWeek=5 WeekendCloseActive=NO NewTradeBlocked=YES | 297500.000000
ND	0	09:38:08.974	Cazyxio_v4.3 (EURUSD,M15)	2026.03.20 15:38:08 | HEARTBEAT | SYSTEM | EA alive. Tick=297600 Equity=44972.40 OpenPos=0 PendingOrders=0 UTC=2026.03.20 15:38 DayOfWeek=5 WeekendCloseActive=NO NewTradeBlocked=YES | 297600.000000
CG	0	09:38:41.843	Cazyxio_v4.3 (EURUSD,M15)	2026.03.20 15:38:41 | HEARTBEAT | SYSTEM | EA alive. Tick=297700 Equity=44972.40 OpenPos=0 PendingOrders=0 UTC=2026.03.20 15:38 DayOfWeek=5 WeekendCloseActive=NO NewTradeBlocked=YES | 297700.000000
HI	0	09:39:15.526	Cazyxio_v4.3 (EURUSD,M15)	2026.03.20 15:39:15 | HEARTBEAT | SYSTEM | EA alive. Tick=297800 Equity=44972.40 OpenPos=0 PendingOrders=0 UTC=2026.03.20 15:39 DayOfWeek=5 WeekendCloseActive=NO NewTradeBlocked=YES | 297800.000000
EK	0	09:39:58.347	Cazyxio_v4.3 (EURUSD,M15)	2026.03.20 15:39:58 | HEARTBEAT | SYSTEM | EA alive. Tick=297900 Equity=44972.40 OpenPos=0 PendingOrders=0 UTC=2026.03.20 15:39 DayOfWeek=5 WeekendCloseActive=NO NewTradeBlocked=YES | 297900.000000
HJ	0	09:40:40.164	Cazyxio_v4.3 (EURUSD,M15)	2026.03.20 15:40:40 | HEARTBEAT | SYSTEM | EA alive. Tick=298000 Equity=44972.40 OpenPos=0 PendingOrders=0 UTC=2026.03.20 15:40 DayOfWeek=5 WeekendCloseActive=NO NewTradeBlocked=YES | 298000.000000
PL	0	09:41:12.859	Cazyxio_v4.3 (EURUSD,M15)	2026.03.20 15:41:12 | HEARTBEAT | SYSTEM | EA alive. Tick=298100 Equity=44972.40 OpenPos=0 PendingOrders=0 UTC=2026.03.20 15:41 DayOfWeek=5 WeekendCloseActive=NO NewTradeBlocked=YES | 298100.000000
LO	0	09:41:49.831	Cazyxio_v4.3 (EURUSD,M15)	2026.03.20 15:41:49 | HEARTBEAT | SYSTEM | EA alive. Tick=298200 Equity=44972.40 OpenPos=0 PendingOrders=0 UTC=2026.03.20 15:41 DayOfWeek=5 WeekendCloseActive=NO NewTradeBlocked=YES | 298200.000000
LQ	0	09:42:29.179	Cazyxio_v4.3 (EURUSD,M15)	2026.03.20 15:42:29 | HEARTBEAT | SYSTEM | EA alive. Tick=298300 Equity=44972.40 OpenPos=0 PendingOrders=0 UTC=2026.03.20 15:42 DayOfWeek=5 WeekendCloseActive=NO NewTradeBlocked=YES | 298300.000000
CS	0	09:43:10.409	Cazyxio_v4.3 (EURUSD,M15)	2026.03.20 15:43:10 | HEARTBEAT | SYSTEM | EA alive. Tick=298400 Equity=44972.40 OpenPos=0 PendingOrders=0 UTC=2026.03.20 15:43 DayOfWeek=5 WeekendCloseActive=NO NewTradeBlocked=YES | 298400.000000
CR	0	09:43:52.883	Cazyxio_v4.3 (EURUSD,M15)	2026.03.20 15:43:52 | HEARTBEAT | SYSTEM | EA alive. Tick=298500 Equity=44972.40 OpenPos=0 PendingOrders=0 UTC=2026.03.20 15:43 DayOfWeek=5 WeekendCloseActive=NO NewTradeBlocked=YES | 298500.000000
CD	0	09:44:29.284	Cazyxio_v4.3 (EURUSD,M15)	2026.03.20 15:44:29 | HEARTBEAT | SYSTEM | EA alive. Tick=298600 Equity=44972.40 OpenPos=0 PendingOrders=0 UTC=2026.03.20 15:44 DayOfWeek=5 WeekendCloseActive=NO NewTradeBlocked=YES | 298600.000000
LK	0	09:47:22.634	Cazyxio_v4.3 (EURUSD,M15)	2026.03.20 15:47:22 | GATE_FAIL | GBPUSD | CopyBuffer failed for Daily EMA200.
CJ	0	09:49:42.997	Cazyxio_v4.3 (EURUSD,M15)	2026.03.20 15:49:42 | GATE_FAIL | EURUSD | CopyBuffer failed for Daily EMA200.
KE	0	09:52:03.464	Cazyxio_v4.3 (EURUSD,M15)	2026.03.20 15:52:03 | GATE_FAIL | USDJPY | CopyBuffer failed for Daily EMA200.
IH	0	09:52:03.464	Cazyxio_v4.3 (EURUSD,M15)	2026.03.20 15:52:03 | BAR | AUDUSD | close=0.70384 h4ema200=0.70283 h4slope=UP dailyEMA200=0.67212 adx=19.9 ema50=0.70641 distToEMA50=25.7pips touchSeq=0 atr=0.001202 atrRatio=1.283 dir=LONG spread=20.0 spreadOK=YES atrGate=PASS touch=PASS momCandle=momClosePos=0.121 momOk=N ema50Ok=Y barRange=0.001070 zeroRangeBar=NO trigger=NO hasPos=NO portRisk=0.00% openPos=0 | 0.703840
EP	0	09:52:03.464	Cazyxio_v4.3 (EURUSD,M15)	2026.03.20 15:52:03 | GATE_FAIL | AUDUSD | ADX filter FAIL. H4 ADX=19.9 MinLevel=20.0 Market is ranging — no trend to trade.
RR	0	09:52:03.464	Cazyxio_v4.3 (EURUSD,M15)	2026.03.20 15:52:03 | BAR | GBPJPY | close=211.899 h4ema200=211.099 h4slope=UP dailyEMA200=205.123 adx=20.0 ema50=212.189 distToEMA50=29.0pips touchSeq=0 atr=0.196714 atrRatio=1.288 dir=LONG spread=44.0 spreadOK=NO atrGate=PASS touch=PASS momCandle=momClosePos=0.282 momOk=N ema50Ok=Y barRange=0.195000 zeroRangeBar=NO trigger=NO hasPos=NO portRisk=0.00% openPos=0 | 211.899000
LK	0	09:52:03.464	Cazyxio_v4.3 (EURUSD,M15)	2026.03.20 15:52:03 | GATE_FAIL | GBPJPY | Spread too wide. Spread=44.0 Max=30 points.
CD	0	09:52:03.464	Cazyxio_v4.3 (EURUSD,M15)	2026.03.20 15:52:03 | BAR | USDCAD | close=1.37351 h4ema200=1.36747 h4slope=UP dailyEMA200=1.38077 adx=26.2 ema50=1.37234 distToEMA50=11.7pips touchSeq=8 atr=0.001269 atrRatio=1.611 dir=NONE spread=28.0 spreadOK=YES atrGate=PASS touch=FAIL momCandle= zeroRangeBar=NO trigger=NO hasPos=NO portRisk=0.00% openPos=0 | 1.373510
PE	0	09:52:03.464	Cazyxio_v4.3 (EURUSD,M15)	2026.03.20 15:52:03 | GATE_FAIL | USDCAD | No directional bias. h4slope=UP closeNow=1.37351 h4ema200=1.36747 dailyEMA200=1.38077
GD	0	09:52:12.953	Cazyxio_v4.3 (EURUSD,M15)	2026.03.20 15:52:12 | HEARTBEAT | SYSTEM | EA alive. Tick=298700 Equity=44972.40 OpenPos=0 PendingOrders=0 UTC=2026.03.20 15:52 DayOfWeek=5 WeekendCloseActive=NO NewTradeBlocked=YES | 298700.000000
IG	0	09:53:11.071	Cazyxio_v4.3 (EURUSD,M15)	2026.03.20 15:53:11 | HEARTBEAT | SYSTEM | EA alive. Tick=298800 Equity=44972.40 OpenPos=0 PendingOrders=0 UTC=2026.03.20 15:53 DayOfWeek=5 WeekendCloseActive=NO NewTradeBlocked=YES | 298800.000000
CI	0	09:53:57.006	Cazyxio_v4.3 (EURUSD,M15)	2026.03.20 15:53:57 | HEARTBEAT | SYSTEM | EA alive. Tick=298900 Equity=44972.40 OpenPos=0 PendingOrders=0 UTC=2026.03.20 15:53 DayOfWeek=5 WeekendCloseActive=NO NewTradeBlocked=YES | 298900.000000
OK	0	09:54:40.667	Cazyxio_v4.3 (EURUSD,M15)	2026.03.20 15:54:40 | HEARTBEAT | SYSTEM | EA alive. Tick=299000 Equity=44972.40 OpenPos=0 PendingOrders=0 UTC=2026.03.20 15:54 DayOfWeek=5 WeekendCloseActive=NO NewTradeBlocked=YES | 299000.000000
QJ	0	09:55:19.912	Cazyxio_v4.3 (EURUSD,M15)	2026.03.20 15:55:19 | HEARTBEAT | SYSTEM | EA alive. Tick=299100 Equity=44972.40 OpenPos=0 PendingOrders=0 UTC=2026.03.20 15:55 DayOfWeek=5 WeekendCloseActive=NO NewTradeBlocked=YES | 299100.000000
RL	0	09:56:04.244	Cazyxio_v4.3 (EURUSD,M15)	2026.03.20 15:56:04 | HEARTBEAT | SYSTEM | EA alive. Tick=299200 Equity=44972.40 OpenPos=0 PendingOrders=0 UTC=2026.03.20 15:56 DayOfWeek=5 WeekendCloseActive=NO NewTradeBlocked=YES | 299200.000000
GN	0	09:56:50.780	Cazyxio_v4.3 (EURUSD,M15)	2026.03.20 15:56:50 | HEARTBEAT | SYSTEM | EA alive. Tick=299300 Equity=44972.40 OpenPos=0 PendingOrders=0 UTC=2026.03.20 15:56 DayOfWeek=5 WeekendCloseActive=NO NewTradeBlocked=YES | 299300.000000
JQ	0	09:57:29.007	Cazyxio_v4.3 (EURUSD,M15)	2026.03.20 15:57:29 | HEARTBEAT | SYSTEM | EA alive. Tick=299400 Equity=44972.40 OpenPos=0 PendingOrders=0 UTC=2026.03.20 15:57 DayOfWeek=5 WeekendCloseActive=NO NewTradeBlocked=YES | 299400.000000
LS	0	09:58:03.668	Cazyxio_v4.3 (EURUSD,M15)	2026.03.20 15:58:03 | HEARTBEAT | SYSTEM | EA alive. Tick=299500 Equity=44972.40 OpenPos=0 PendingOrders=0 UTC=2026.03.20 15:58 DayOfWeek=5 WeekendCloseActive=NO NewTradeBlocked=YES | 299500.000000
PR	0	09:58:43.776	Cazyxio_v4.3 (EURUSD,M15)	2026.03.20 15:58:43 | HEARTBEAT | SYSTEM | EA alive. Tick=299600 Equity=44972.40 OpenPos=0 PendingOrders=0 UTC=2026.03.20 15:58 DayOfWeek=5 WeekendCloseActive=NO NewTradeBlocked=YES | 299600.000000
JD	0	09:59:22.748	Cazyxio_v4.3 (EURUSD,M15)	2026.03.20 15:59:22 | HEARTBEAT | SYSTEM | EA alive. Tick=299700 Equity=44972.40 OpenPos=0 PendingOrders=0 UTC=2026.03.20 15:59 DayOfWeek=5 WeekendCloseActive=NO NewTradeBlocked=YES | 299700.000000
DF	0	09:59:59.070	Cazyxio_v4.3 (EURUSD,M15)	2026.03.20 15:59:59 | HEARTBEAT | SYSTEM | EA alive. Tick=299800 Equity=44972.40 OpenPos=0 PendingOrders=0 UTC=2026.03.20 15:59 DayOfWeek=5 WeekendCloseActive=NO NewTradeBlocked=YES | 299800.000000
MJ	0	10:00:00.098	Cazyxio_v4.3 (EURUSD,M15)	2026.03.20 16:00:00 | WEEKEND_CLOSE | SYSTEM | Friday close check: no open positions to close.
FK	0	10:00:00.098	Cazyxio_v4.3 (EURUSD,M15)	2026.03.20 16:00:00 | WEEKEND_CLOSE | SYSTEM | Weekend close complete. EA idle until Monday.
LK	0	10:00:00.580	Cazyxio_v4.3 (EURUSD,M15)	2026.03.20 16:00:00 | WEEKEND_CLOSE | SYSTEM | Friday post-close. EA idle. Tick=299804
PH	0	10:00:32.920	Cazyxio_v4.3 (EURUSD,M15)	2026.03.20 16:00:32 | HEARTBEAT | SYSTEM | EA alive. Tick=299900 Equity=44972.40 OpenPos=0 PendingOrders=0 UTC=2026.03.20 16:00 DayOfWeek=5 WeekendCloseActive=YES NewTradeBlocked=YES | 299900.000000
OJ	0	10:00:34.485	Cazyxio_v4.3 (EURUSD,M15)	2026.03.20 16:00:34 | WEEKEND_CLOSE | SYSTEM | Friday post-close. EA idle. Tick=299904
NK	0	10:01:07.268	Cazyxio_v4.3 (EURUSD,M15)	2026.03.20 16:01:07 | HEARTBEAT | SYSTEM | EA alive. Tick=300000 Equity=44972.40 OpenPos=0 PendingOrders=0 UTC=2026.03.20 16:01 DayOfWeek=5 WeekendCloseActive=YES NewTradeBlocked=YES | 300000.000000
EE	0	10:01:09.285	Cazyxio_v4.3 (EURUSD,M15)	2026.03.20 16:01:09 | WEEKEND_CLOSE | SYSTEM | Friday post-close. EA idle. Tick=300004
QJ	0	10:01:46.449	Cazyxio_v4.3 (EURUSD,M15)	2026.03.20 16:01:46 | HEARTBEAT | SYSTEM | EA alive. Tick=300100 Equity=44972.40 OpenPos=0 PendingOrders=0 UTC=2026.03.20 16:01 DayOfWeek=5 WeekendCloseActive=YES NewTradeBlocked=YES | 300100.000000
GD	0	10:01:48.008	Cazyxio_v4.3 (EURUSD,M15)	2026.03.20 16:01:48 | WEEKEND_CLOSE | SYSTEM | Friday post-close. EA idle. Tick=300104
EE	0	10:02:23.060	Cazyxio_v4.3 (EURUSD,M15)	2026.03.20 16:02:23 | HEARTBEAT | SYSTEM | EA alive. Tick=300200 Equity=44972.40 OpenPos=0 PendingOrders=0 UTC=2026.03.20 16:02 DayOfWeek=5 WeekendCloseActive=YES NewTradeBlocked=YES | 300200.000000
OG	0	10:02:24.175	Cazyxio_v4.3 (EURUSD,M15)	2026.03.20 16:02:24 | WEEKEND_CLOSE | SYSTEM | Friday post-close. EA idle. Tick=300204
KD	0	10:02:57.491	Cazyxio_v4.3 (EURUSD,M15)	2026.03.20 16:02:57 | HEARTBEAT | SYSTEM | EA alive. Tick=300300 Equity=44972.40 OpenPos=0 PendingOrders=0 UTC=2026.03.20 16:02 DayOfWeek=5 WeekendCloseActive=YES NewTradeBlocked=YES | 300300.000000
JF	0	10:02:59.449	Cazyxio_v4.3 (EURUSD,M15)	2026.03.20 16:02:59 | WEEKEND_CLOSE | SYSTEM | Friday post-close. EA idle. Tick=300304
LG	0	10:03:37.480	Cazyxio_v4.3 (EURUSD,M15)	2026.03.20 16:03:37 | HEARTBEAT | SYSTEM | EA alive. Tick=300400 Equity=44972.40 OpenPos=0 PendingOrders=0 UTC=2026.03.20 16:03 DayOfWeek=5 WeekendCloseActive=YES NewTradeBlocked=YES | 300400.000000
DQ	0	10:03:38.668	Cazyxio_v4.3 (EURUSD,M15)	2026.03.20 16:03:38 | WEEKEND_CLOSE | SYSTEM | Friday post-close. EA idle. Tick=300404
RF	0	10:04:17.962	Cazyxio_v4.3 (EURUSD,M15)	2026.03.20 16:04:17 | HEARTBEAT | SYSTEM | EA alive. Tick=300500 Equity=44972.40 OpenPos=0 PendingOrders=0 UTC=2026.03.20 16:04 DayOfWeek=5 WeekendCloseActive=YES NewTradeBlocked=YES | 300500.000000
NP	0	10:04:20.120	Cazyxio_v4.3 (EURUSD,M15)	2026.03.20 16:04:20 | WEEKEND_CLOSE | SYSTEM | Friday post-close. EA idle. Tick=300504
EQ	0	10:05:01.045	Cazyxio_v4.3 (EURUSD,M15)	2026.03.20 16:05:01 | HEARTBEAT | SYSTEM | EA alive. Tick=300600 Equity=44972.40 OpenPos=0 PendingOrders=0 UTC=2026.03.20 16:05 DayOfWeek=5 WeekendCloseActive=YES NewTradeBlocked=YES | 300600.000000
GS	0	10:05:02.249	Cazyxio_v4.3 (EURUSD,M15)	2026.03.20 16:05:02 | WEEKEND_CLOSE | SYSTEM | Friday post-close. EA idle. Tick=300604
FP	0	10:05:45.671	Cazyxio_v4.3 (EURUSD,M15)	2026.03.20 16:05:45 | HEARTBEAT | SYSTEM | EA alive. Tick=300700 Equity=44972.40 OpenPos=0 PendingOrders=0 UTC=2026.03.20 16:05 DayOfWeek=5 WeekendCloseActive=YES NewTradeBlocked=YES | 300700.000000
MR	0	10:05:47.541	Cazyxio_v4.3 (EURUSD,M15)	2026.03.20 16:05:47 | WEEKEND_CLOSE | SYSTEM | Friday post-close. EA idle. Tick=300704
IS	0	10:06:28.350	Cazyxio_v4.3 (EURUSD,M15)	2026.03.20 16:06:28 | HEARTBEAT | SYSTEM | EA alive. Tick=300800 Equity=44972.40 OpenPos=0 PendingOrders=0 UTC=2026.03.20 16:06 DayOfWeek=5 WeekendCloseActive=YES NewTradeBlocked=YES | 300800.000000
KM	0	10:06:31.296	Cazyxio_v4.3 (EURUSD,M15)	2026.03.20 16:06:31 | WEEKEND_CLOSE | SYSTEM | Friday post-close. EA idle. Tick=300804
FR	0	10:07:18.121	Cazyxio_v4.3 (EURUSD,M15)	2026.03.20 16:07:18 | HEARTBEAT | SYSTEM | EA alive. Tick=300900 Equity=44972.40 OpenPos=0 PendingOrders=0 UTC=2026.03.20 16:07 DayOfWeek=5 WeekendCloseActive=YES NewTradeBlocked=YES | 300900.000000
GL	0	10:07:19.880	Cazyxio_v4.3 (EURUSD,M15)	2026.03.20 16:07:19 | WEEKEND_CLOSE | SYSTEM | Friday post-close. EA idle. Tick=300904
CM	0	10:08:12.493	Cazyxio_v4.3 (EURUSD,M15)	2026.03.20 16:08:12 | HEARTBEAT | SYSTEM | EA alive. Tick=301000 Equity=44972.40 OpenPos=0 PendingOrders=0 UTC=2026.03.20 16:08 DayOfWeek=5 WeekendCloseActive=YES NewTradeBlocked=YES | 301000.000000
CO	0	10:08:16.873	Cazyxio_v4.3 (EURUSD,M15)	2026.03.20 16:08:16 | WEEKEND_CLOSE | SYSTEM | Friday post-close. EA idle. Tick=301004
NL	0	10:09:12.400	Cazyxio_v4.3 (EURUSD,M15)	2026.03.20 16:09:12 | HEARTBEAT | SYSTEM | EA alive. Tick=301100 Equity=44972.40 OpenPos=0 PendingOrders=0 UTC=2026.03.20 16:09 DayOfWeek=5 WeekendCloseActive=YES NewTradeBlocked=YES | 301100.000000
PN	0	10:09:18.918	Cazyxio_v4.3 (EURUSD,M15)	2026.03.20 16:09:18 | WEEKEND_CLOSE | SYSTEM | Friday post-close. EA idle. Tick=301104
IO	0	10:10:26.265	Cazyxio_v4.3 (EURUSD,M15)	2026.03.20 16:10:26 | HEARTBEAT | SYSTEM | EA alive. Tick=301200 Equity=44972.40 OpenPos=0 PendingOrders=0 UTC=2026.03.20 16:10 DayOfWeek=5 WeekendCloseActive=YES NewTradeBlocked=YES | 301200.000000
KI	0	10:10:28.701	Cazyxio_v4.3 (EURUSD,M15)	2026.03.20 16:10:28 | WEEKEND_CLOSE | SYSTEM | Friday post-close. EA idle. Tick=301204
ON	0	10:11:33.578	Cazyxio_v4.3 (EURUSD,M15)	2026.03.20 16:11:33 | HEARTBEAT | SYSTEM | EA alive. Tick=301300 Equity=44972.40 OpenPos=0 PendingOrders=0 UTC=2026.03.20 16:11 DayOfWeek=5 WeekendCloseActive=YES NewTradeBlocked=YES | 301300.000000
FH	0	10:11:37.783	Cazyxio_v4.3 (EURUSD,M15)	2026.03.20 16:11:37 | WEEKEND_CLOSE | SYSTEM | Friday post-close. EA idle. Tick=301304
JI	0	10:12:34.376	Cazyxio_v4.3 (EURUSD,M15)	2026.03.20 16:12:34 | HEARTBEAT | SYSTEM | EA alive. Tick=301400 Equity=44972.40 OpenPos=0 PendingOrders=0 UTC=2026.03.20 16:12 DayOfWeek=5 WeekendCloseActive=YES NewTradeBlocked=YES | 301400.000000
QK	0	10:12:38.677	Cazyxio_v4.3 (EURUSD,M15)	2026.03.20 16:12:38 | WEEKEND_CLOSE | SYSTEM | Friday post-close. EA idle. Tick=301404
IH	0	10:13:51.345	Cazyxio_v4.3 (EURUSD,M15)	2026.03.20 16:13:51 | HEARTBEAT | SYSTEM | EA alive. Tick=301500 Equity=44972.40 OpenPos=0 PendingOrders=0 UTC=2026.03.20 16:13 DayOfWeek=5 WeekendCloseActive=YES NewTradeBlocked=YES | 301500.000000
QJ	0	10:13:56.456	Cazyxio_v4.3 (EURUSD,M15)	2026.03.20 16:13:56 | WEEKEND_CLOSE | SYSTEM | Friday post-close. EA idle. Tick=301504
QK	0	10:14:52.904	Cazyxio_v4.3 (EURUSD,M15)	2026.03.20 16:14:52 | HEARTBEAT | SYSTEM | EA alive. Tick=301600 Equity=44972.40 OpenPos=0 PendingOrders=0 UTC=2026.03.20 16:14 DayOfWeek=5 WeekendCloseActive=YES NewTradeBlocked=YES | 301600.000000
RE	0	10:14:54.522	Cazyxio_v4.3 (EURUSD,M15)	2026.03.20 16:14:54 | WEEKEND_CLOSE | SYSTEM | Friday post-close. EA idle. Tick=301604
HJ	0	10:15:52.340	Cazyxio_v4.3 (EURUSD,M15)	2026.03.20 16:15:52 | HEARTBEAT | SYSTEM | EA alive. Tick=301700 Equity=44972.40 OpenPos=0 PendingOrders=0 UTC=2026.03.20 16:15 DayOfWeek=5 WeekendCloseActive=YES NewTradeBlocked=YES | 301700.000000
KD	0	10:15:54.571	Cazyxio_v4.3 (EURUSD,M15)	2026.03.20 16:15:54 | WEEKEND_CLOSE | SYSTEM | Friday post-close. EA idle. Tick=301704
OE	0	10:16:52.782	Cazyxio_v4.3 (EURUSD,M15)	2026.03.20 16:16:52 | HEARTBEAT | SYSTEM | EA alive. Tick=301800 Equity=44972.40 OpenPos=0 PendingOrders=0 UTC=2026.03.20 16:16 DayOfWeek=5 WeekendCloseActive=YES NewTradeBlocked=YES | 301800.000000
CG	0	10:16:54.730	Cazyxio_v4.3 (EURUSD,M15)	2026.03.20 16:16:54 | WEEKEND_CLOSE | SYSTEM | Friday post-close. EA idle. Tick=301804
GD	0	10:17:42.105	Cazyxio_v4.3 (EURUSD,M15)	2026.03.20 16:17:42 | HEARTBEAT | SYSTEM | EA alive. Tick=301900 Equity=44972.40 OpenPos=0 PendingOrders=0 UTC=2026.03.20 16:17 DayOfWeek=5 WeekendCloseActive=YES NewTradeBlocked=YES | 301900.000000
DF	0	10:17:43.271	Cazyxio_v4.3 (EURUSD,M15)	2026.03.20 16:17:43 | WEEKEND_CLOSE | SYSTEM | Friday post-close. EA idle. Tick=301904
RG	0	10:18:39.213	Cazyxio_v4.3 (EURUSD,M15)	2026.03.20 16:18:39 | HEARTBEAT | SYSTEM | EA alive. Tick=302000 Equity=44972.40 OpenPos=0 PendingOrders=0 UTC=2026.03.20 16:18 DayOfWeek=5 WeekendCloseActive=YES NewTradeBlocked=YES | 302000.000000
HQ	0	10:18:43.028	Cazyxio_v4.3 (EURUSD,M15)	2026.03.20 16:18:43 | WEEKEND_CLOSE | SYSTEM | Friday post-close. EA idle. Tick=302004
QF	0	10:19:38.909	Cazyxio_v4.3 (EURUSD,M15)	2026.03.20 16:19:38 | HEARTBEAT | SYSTEM | EA alive. Tick=302100 Equity=44972.40 OpenPos=0 PendingOrders=0 UTC=2026.03.20 16:19 DayOfWeek=5 WeekendCloseActive=YES NewTradeBlocked=YES | 302100.000000
GP	0	10:19:40.578	Cazyxio_v4.3 (EURUSD,M15)	2026.03.20 16:19:40 | WEEKEND_CLOSE | SYSTEM | Friday post-close. EA idle. Tick=302104
OQ	0	10:20:42.796	Cazyxio_v4.3 (EURUSD,M15)	2026.03.20 16:20:42 | HEARTBEAT | SYSTEM | EA alive. Tick=302200 Equity=44972.40 OpenPos=0 PendingOrders=0 UTC=2026.03.20 16:20 DayOfWeek=5 WeekendCloseActive=YES NewTradeBlocked=YES | 302200.000000
PS	0	10:20:44.132	Cazyxio_v4.3 (EURUSD,M15)	2026.03.20 16:20:44 | WEEKEND_CLOSE | SYSTEM | Friday post-close. EA idle. Tick=302204
JP	0	10:21:27.165	Cazyxio_v4.3 (EURUSD,M15)	2026.03.20 16:21:27 | HEARTBEAT | SYSTEM | EA alive. Tick=302300 Equity=44972.40 OpenPos=0 PendingOrders=0 UTC=2026.03.20 16:21 DayOfWeek=5 WeekendCloseActive=YES NewTradeBlocked=YES | 302300.000000
FR	0	10:21:29.186	Cazyxio_v4.3 (EURUSD,M15)	2026.03.20 16:21:29 | WEEKEND_CLOSE | SYSTEM | Friday post-close. EA idle. Tick=302304
OS	0	10:22:11.864	Cazyxio_v4.3 (EURUSD,M15)	2026.03.20 16:22:11 | HEARTBEAT | SYSTEM | EA alive. Tick=302400 Equity=44972.40 OpenPos=0 PendingOrders=0 UTC=2026.03.20 16:22 DayOfWeek=5 WeekendCloseActive=YES NewTradeBlocked=YES | 302400.000000
LM	0	10:22:15.013	Cazyxio_v4.3 (EURUSD,M15)	2026.03.20 16:22:15 | WEEKEND_CLOSE | SYSTEM | Friday post-close. EA idle. Tick=302404
FR	0	10:23:16.433	Cazyxio_v4.3 (EURUSD,M15)	2026.03.20 16:23:16 | HEARTBEAT | SYSTEM | EA alive. Tick=302500 Equity=44972.40 OpenPos=0 PendingOrders=0 UTC=2026.03.20 16:23 DayOfWeek=5 WeekendCloseActive=YES NewTradeBlocked=YES | 302500.000000
RL	0	10:23:18.050	Cazyxio_v4.3 (EURUSD,M15)	2026.03.20 16:23:18 | WEEKEND_CLOSE | SYSTEM | Friday post-close. EA idle. Tick=302504
JM	0	10:24:24.362	Cazyxio_v4.3 (EURUSD,M15)	2026.03.20 16:24:24 | HEARTBEAT | SYSTEM | EA alive. Tick=302600 Equity=44972.40 OpenPos=0 PendingOrders=0 UTC=2026.03.20 16:24 DayOfWeek=5 WeekendCloseActive=YES NewTradeBlocked=YES | 302600.000000
OO	0	10:24:26.115	Cazyxio_v4.3 (EURUSD,M15)	2026.03.20 16:24:26 | WEEKEND_CLOSE | SYSTEM | Friday post-close. EA idle. Tick=302604
IL	0	10:25:18.214	Cazyxio_v4.3 (EURUSD,M15)	2026.03.20 16:25:18 | HEARTBEAT | SYSTEM | EA alive. Tick=302700 Equity=44972.40 OpenPos=0 PendingOrders=0 UTC=2026.03.20 16:25 DayOfWeek=5 WeekendCloseActive=YES NewTradeBlocked=YES | 302700.000000
GN	0	10:25:20.268	Cazyxio_v4.3 (EURUSD,M15)	2026.03.20 16:25:20 | WEEKEND_CLOSE | SYSTEM | Friday post-close. EA idle. Tick=302704
NO	0	10:26:06.018	Cazyxio_v4.3 (EURUSD,M15)	2026.03.20 16:26:06 | HEARTBEAT | SYSTEM | EA alive. Tick=302800 Equity=44972.40 OpenPos=0 PendingOrders=0 UTC=2026.03.20 16:26 DayOfWeek=5 WeekendCloseActive=YES NewTradeBlocked=YES | 302800.000000
RI	0	10:26:07.778	Cazyxio_v4.3 (EURUSD,M15)	2026.03.20 16:26:07 | WEEKEND_CLOSE | SYSTEM | Friday post-close. EA idle. Tick=302804
CN	0	10:26:49.453	Cazyxio_v4.3 (EURUSD,M15)	2026.03.20 16:26:49 | HEARTBEAT | SYSTEM | EA alive. Tick=302900 Equity=44972.40 OpenPos=0 PendingOrders=0 UTC=2026.03.20 16:26 DayOfWeek=5 WeekendCloseActive=YES NewTradeBlocked=YES | 302900.000000
EH	0	10:26:50.477	Cazyxio_v4.3 (EURUSD,M15)	2026.03.20 16:26:50 | WEEKEND_CLOSE | SYSTEM | Friday post-close. EA idle. Tick=302904
II	0	10:27:26.151	Cazyxio_v4.3 (EURUSD,M15)	2026.03.20 16:27:26 | HEARTBEAT | SYSTEM | EA alive. Tick=303000 Equity=44972.40 OpenPos=0 PendingOrders=0 UTC=2026.03.20 16:27 DayOfWeek=5 WeekendCloseActive=YES NewTradeBlocked=YES | 303000.000000
QK	0	10:27:27.132	Cazyxio_v4.3 (EURUSD,M15)	2026.03.20 16:27:27 | WEEKEND_CLOSE | SYSTEM | Friday post-close. EA idle. Tick=303004
PH	0	10:28:07.643	Cazyxio_v4.3 (EURUSD,M15)	2026.03.20 16:28:07 | HEARTBEAT | SYSTEM | EA alive. Tick=303100 Equity=44972.40 OpenPos=0 PendingOrders=0 UTC=2026.03.20 16:28 DayOfWeek=5 WeekendCloseActive=YES NewTradeBlocked=YES | 303100.000000
LJ	0	10:28:09.143	Cazyxio_v4.3 (EURUSD,M15)	2026.03.20 16:28:09 | WEEKEND_CLOSE | SYSTEM | Friday post-close. EA idle. Tick=303104
NK	0	10:28:46.016	Cazyxio_v4.3 (EURUSD,M15)	2026.03.20 16:28:46 | HEARTBEAT | SYSTEM | EA alive. Tick=303200 Equity=44972.40 OpenPos=0 PendingOrders=0 UTC=2026.03.20 16:28 DayOfWeek=5 WeekendCloseActive=YES NewTradeBlocked=YES | 303200.000000
ME	0	10:28:47.464	Cazyxio_v4.3 (EURUSD,M15)	2026.03.20 16:28:47 | WEEKEND_CLOSE | SYSTEM | Friday post-close. EA idle. Tick=303204
OJ	0	10:29:26.221	Cazyxio_v4.3 (EURUSD,M15)	2026.03.20 16:29:26 | HEARTBEAT | SYSTEM | EA alive. Tick=303300 Equity=44972.40 OpenPos=0 PendingOrders=0 UTC=2026.03.20 16:29 DayOfWeek=5 WeekendCloseActive=YES NewTradeBlocked=YES | 303300.000000
OD	0	10:29:28.089	Cazyxio_v4.3 (EURUSD,M15)	2026.03.20 16:29:28 | WEEKEND_CLOSE | SYSTEM | Friday post-close. EA idle. Tick=303304
NE	0	10:30:10.259	Cazyxio_v4.3 (EURUSD,M15)	2026.03.20 16:30:10 | HEARTBEAT | SYSTEM | EA alive. Tick=303400 Equity=44972.40 OpenPos=0 PendingOrders=0 UTC=2026.03.20 16:30 DayOfWeek=5 WeekendCloseActive=YES NewTradeBlocked=YES | 303400.000000
DG	0	10:30:11.496	Cazyxio_v4.3 (EURUSD,M15)	2026.03.20 16:30:11 | WEEKEND_CLOSE | SYSTEM | Friday post-close. EA idle. Tick=303404
ED	0	10:30:51.043	Cazyxio_v4.3 (EURUSD,M15)	2026.03.20 16:30:51 | HEARTBEAT | SYSTEM | EA alive. Tick=303500 Equity=44972.40 OpenPos=0 PendingOrders=0 UTC=2026.03.20 16:30 DayOfWeek=5 WeekendCloseActive=YES NewTradeBlocked=YES | 303500.000000
MF	0	10:30:52.274	Cazyxio_v4.3 (EURUSD,M15)	2026.03.20 16:30:52 | WEEKEND_CLOSE | SYSTEM | Friday post-close. EA idle. Tick=303504
JG	0	10:31:28.146	Cazyxio_v4.3 (EURUSD,M15)	2026.03.20 16:31:28 | HEARTBEAT | SYSTEM | EA alive. Tick=303600 Equity=44972.40 OpenPos=0 PendingOrders=0 UTC=2026.03.20 16:31 DayOfWeek=5 WeekendCloseActive=YES NewTradeBlocked=YES | 303600.000000
NQ	0	10:31:29.254	Cazyxio_v4.3 (EURUSD,M15)	2026.03.20 16:31:29 | WEEKEND_CLOSE | SYSTEM | Friday post-close. EA idle. Tick=303604
GF	0	10:32:13.737	Cazyxio_v4.3 (EURUSD,M15)	2026.03.20 16:32:13 | HEARTBEAT | SYSTEM | EA alive. Tick=303700 Equity=44972.40 OpenPos=0 PendingOrders=0 UTC=2026.03.20 16:32 DayOfWeek=5 WeekendCloseActive=YES NewTradeBlocked=YES | 303700.000000
QP	0	10:32:15.654	Cazyxio_v4.3 (EURUSD,M15)	2026.03.20 16:32:15 | WEEKEND_CLOSE | SYSTEM | Friday post-close. EA idle. Tick=303704
GQ	0	10:32:50.254	Cazyxio_v4.3 (EURUSD,M15)	2026.03.20 16:32:50 | HEARTBEAT | SYSTEM | EA alive. Tick=303800 Equity=44972.40 OpenPos=0 PendingOrders=0 UTC=2026.03.20 16:32 DayOfWeek=5 WeekendCloseActive=YES NewTradeBlocked=YES | 303800.000000
ES	0	10:32:51.501	Cazyxio_v4.3 (EURUSD,M15)	2026.03.20 16:32:51 | WEEKEND_CLOSE | SYSTEM | Friday post-close. EA idle. Tick=303804
LP	0	10:33:28.953	Cazyxio_v4.3 (EURUSD,M15)	2026.03.20 16:33:28 | HEARTBEAT | SYSTEM | EA alive. Tick=303900 Equity=44972.40 OpenPos=0 PendingOrders=0 UTC=2026.03.20 16:33 DayOfWeek=5 WeekendCloseActive=YES NewTradeBlocked=YES | 303900.000000
ER	0	10:33:30.317	Cazyxio_v4.3 (EURUSD,M15)	2026.03.20 16:33:30 | WEEKEND_CLOSE | SYSTEM | Friday post-close. EA idle. Tick=303904
IS	0	10:34:07.531	Cazyxio_v4.3 (EURUSD,M15)	2026.03.20 16:34:07 | HEARTBEAT | SYSTEM | EA alive. Tick=304000 Equity=44972.40 OpenPos=0 PendingOrders=0 UTC=2026.03.20 16:34 DayOfWeek=5 WeekendCloseActive=YES NewTradeBlocked=YES | 304000.000000
QM	0	10:34:09.513	Cazyxio_v4.3 (EURUSD,M15)	2026.03.20 16:34:09 | WEEKEND_CLOSE | SYSTEM | Friday post-close. EA idle. Tick=304004
MR	0	10:34:57.469	Cazyxio_v4.3 (EURUSD,M15)	2026.03.20 16:34:57 | HEARTBEAT | SYSTEM | EA alive. Tick=304100 Equity=44972.40 OpenPos=0 PendingOrders=0 UTC=2026.03.20 16:34 DayOfWeek=5 WeekendCloseActive=YES NewTradeBlocked=YES | 304100.000000
KL	0	10:34:59.550	Cazyxio_v4.3 (EURUSD,M15)	2026.03.20 16:34:59 | WEEKEND_CLOSE | SYSTEM | Friday post-close. EA idle. Tick=304104
JM	0	10:35:39.711	Cazyxio_v4.3 (EURUSD,M15)	2026.03.20 16:35:39 | HEARTBEAT | SYSTEM | EA alive. Tick=304200 Equity=44972.40 OpenPos=0 PendingOrders=0 UTC=2026.03.20 16:35 DayOfWeek=5 WeekendCloseActive=YES NewTradeBlocked=YES | 304200.000000
QO	0	10:35:42.630	Cazyxio_v4.3 (EURUSD,M15)	2026.03.20 16:35:42 | WEEKEND_CLOSE | SYSTEM | Friday post-close. EA idle. Tick=304204
FL	0	10:36:42.770	Cazyxio_v4.3 (EURUSD,M15)	2026.03.20 16:36:42 | HEARTBEAT | SYSTEM | EA alive. Tick=304300 Equity=44972.40 OpenPos=0 PendingOrders=0 UTC=2026.03.20 16:36 DayOfWeek=5 WeekendCloseActive=YES NewTradeBlocked=YES | 304300.000000
MN	0	10:36:45.505	Cazyxio_v4.3 (EURUSD,M15)	2026.03.20 16:36:45 | WEEKEND_CLOSE | SYSTEM | Friday post-close. EA idle. Tick=304304
EO	0	10:37:32.635	Cazyxio_v4.3 (EURUSD,M15)	2026.03.20 16:37:32 | HEARTBEAT | SYSTEM | EA alive. Tick=304400 Equity=44972.40 OpenPos=0 PendingOrders=0 UTC=2026.03.20 16:37 DayOfWeek=5 WeekendCloseActive=YES NewTradeBlocked=YES | 304400.000000
RI	0	10:37:34.288	Cazyxio_v4.3 (EURUSD,M15)	2026.03.20 16:37:34 | WEEKEND_CLOSE | SYSTEM | Friday post-close. EA idle. Tick=304404
RN	0	10:38:33.828	Cazyxio_v4.3 (EURUSD,M15)	2026.03.20 16:38:33 | HEARTBEAT | SYSTEM | EA alive. Tick=304500 Equity=44972.40 OpenPos=0 PendingOrders=0 UTC=2026.03.20 16:38 DayOfWeek=5 WeekendCloseActive=YES NewTradeBlocked=YES | 304500.000000
GH	0	10:38:35.118	Cazyxio_v4.3 (EURUSD,M15)	2026.03.20 16:38:35 | WEEKEND_CLOSE | SYSTEM | Friday post-close. EA idle. Tick=304504
QI	0	10:39:32.640	Cazyxio_v4.3 (EURUSD,M15)	2026.03.20 16:39:32 | HEARTBEAT | SYSTEM | EA alive. Tick=304600 Equity=44972.40 OpenPos=0 PendingOrders=0 UTC=2026.03.20 16:39 DayOfWeek=5 WeekendCloseActive=YES NewTradeBlocked=YES | 304600.000000
FK	0	10:39:34.927	Cazyxio_v4.3 (EURUSD,M15)	2026.03.20 16:39:34 | WEEKEND_CLOSE | SYSTEM | Friday post-close. EA idle. Tick=304604
PH	0	10:40:24.492	Cazyxio_v4.3 (EURUSD,M15)	2026.03.20 16:40:24 | HEARTBEAT | SYSTEM | EA alive. Tick=304700 Equity=44972.40 OpenPos=0 PendingOrders=0 UTC=2026.03.20 16:40 DayOfWeek=5 WeekendCloseActive=YES NewTradeBlocked=YES | 304700.000000
IJ	0	10:40:25.594	Cazyxio_v4.3 (EURUSD,M15)	2026.03.20 16:40:25 | WEEKEND_CLOSE | SYSTEM | Friday post-close. EA idle. Tick=304704
RK	0	10:41:15.480	Cazyxio_v4.3 (EURUSD,M15)	2026.03.20 16:41:15 | HEARTBEAT | SYSTEM | EA alive. Tick=304800 Equity=44972.40 OpenPos=0 PendingOrders=0 UTC=2026.03.20 16:41 DayOfWeek=5 WeekendCloseActive=YES NewTradeBlocked=YES | 304800.000000
EE	0	10:41:19.146	Cazyxio_v4.3 (EURUSD,M15)	2026.03.20 16:41:19 | WEEKEND_CLOSE | SYSTEM | Friday post-close. EA idle. Tick=304804
HJ	0	10:41:58.251	Cazyxio_v4.3 (EURUSD,M15)	2026.03.20 16:41:58 | HEARTBEAT | SYSTEM | EA alive. Tick=304900 Equity=44972.40 OpenPos=0 PendingOrders=0 UTC=2026.03.20 16:41 DayOfWeek=5 WeekendCloseActive=YES NewTradeBlocked=YES | 304900.000000
MD	0	10:42:00.082	Cazyxio_v4.3 (EURUSD,M15)	2026.03.20 16:42:00 | WEEKEND_CLOSE | SYSTEM | Friday post-close. EA idle. Tick=304904
GE	0	10:42:54.703	Cazyxio_v4.3 (EURUSD,M15)	2026.03.20 16:42:54 | HEARTBEAT | SYSTEM | EA alive. Tick=305000 Equity=44972.40 OpenPos=0 PendingOrders=0 UTC=2026.03.20 16:42 DayOfWeek=5 WeekendCloseActive=YES NewTradeBlocked=YES | 305000.000000
KG	0	10:42:56.440	Cazyxio_v4.3 (EURUSD,M15)	2026.03.20 16:42:56 | WEEKEND_CLOSE | SYSTEM | Friday post-close. EA idle. Tick=305004
KD	0	10:43:43.292	Cazyxio_v4.3 (EURUSD,M15)	2026.03.20 16:43:43 | HEARTBEAT | SYSTEM | EA alive. Tick=305100 Equity=44972.40 OpenPos=0 PendingOrders=0 UTC=2026.03.20 16:43 DayOfWeek=5 WeekendCloseActive=YES NewTradeBlocked=YES | 305100.000000
OF	0	10:43:45.674	Cazyxio_v4.3 (EURUSD,M15)	2026.03.20 16:43:45 | WEEKEND_CLOSE | SYSTEM | Friday post-close. EA idle. Tick=305104
NG	0	10:44:43.287	Cazyxio_v4.3 (EURUSD,M15)	2026.03.20 16:44:43 | HEARTBEAT | SYSTEM | EA alive. Tick=305200 Equity=44972.40 OpenPos=0 PendingOrders=0 UTC=2026.03.20 16:44 DayOfWeek=5 WeekendCloseActive=YES NewTradeBlocked=YES | 305200.000000
RQ	0	10:44:44.353	Cazyxio_v4.3 (EURUSD,M15)	2026.03.20 16:44:44 | WEEKEND_CLOSE | SYSTEM | Friday post-close. EA idle. Tick=305204
HF	0	10:45:42.561	Cazyxio_v4.3 (EURUSD,M15)	2026.03.20 16:45:42 | HEARTBEAT | SYSTEM | EA alive. Tick=305300 Equity=44972.40 OpenPos=0 PendingOrders=0 UTC=2026.03.20 16:45 DayOfWeek=5 WeekendCloseActive=YES NewTradeBlocked=YES | 305300.000000
CP	0	10:45:44.579	Cazyxio_v4.3 (EURUSD,M15)	2026.03.20 16:45:44 | WEEKEND_CLOSE | SYSTEM | Friday post-close. EA idle. Tick=305304
DQ	0	10:46:49.036	Cazyxio_v4.3 (EURUSD,M15)	2026.03.20 16:46:49 | HEARTBEAT | SYSTEM | EA alive. Tick=305400 Equity=44972.40 OpenPos=0 PendingOrders=0 UTC=2026.03.20 16:46 DayOfWeek=5 WeekendCloseActive=YES NewTradeBlocked=YES | 305400.000000
PS	0	10:46:52.177	Cazyxio_v4.3 (EURUSD,M15)	2026.03.20 16:46:52 | WEEKEND_CLOSE | SYSTEM | Friday post-close. EA idle. Tick=305404
LP	0	10:48:00.605	Cazyxio_v4.3 (EURUSD,M15)	2026.03.20 16:48:00 | HEARTBEAT | SYSTEM | EA alive. Tick=305500 Equity=44972.40 OpenPos=0 PendingOrders=0 UTC=2026.03.20 16:48 DayOfWeek=5 WeekendCloseActive=YES NewTradeBlocked=YES | 305500.000000
NR	0	10:48:02.754	Cazyxio_v4.3 (EURUSD,M15)	2026.03.20 16:48:02 | WEEKEND_CLOSE | SYSTEM | Friday post-close. EA idle. Tick=305504
GS	0	10:49:07.438	Cazyxio_v4.3 (EURUSD,M15)	2026.03.20 16:49:07 | HEARTBEAT | SYSTEM | EA alive. Tick=305600 Equity=44972.40 OpenPos=0 PendingOrders=0 UTC=2026.03.20 16:49 DayOfWeek=5 WeekendCloseActive=YES NewTradeBlocked=YES | 305600.000000
JM	0	10:49:09.999	Cazyxio_v4.3 (EURUSD,M15)	2026.03.20 16:49:09 | WEEKEND_CLOSE | SYSTEM | Friday post-close. EA idle. Tick=305604
IR	0	10:50:06.243	Cazyxio_v4.3 (EURUSD,M15)	2026.03.20 16:50:06 | HEARTBEAT | SYSTEM | EA alive. Tick=305700 Equity=44972.40 OpenPos=0 PendingOrders=0 UTC=2026.03.20 16:50 DayOfWeek=5 WeekendCloseActive=YES NewTradeBlocked=YES | 305700.000000
CL	0	10:50:07.249	Cazyxio_v4.3 (EURUSD,M15)	2026.03.20 16:50:07 | WEEKEND_CLOSE | SYSTEM | Friday post-close. EA idle. Tick=305704
HM	0	10:51:17.531	Cazyxio_v4.3 (EURUSD,M15)	2026.03.20 16:51:17 | HEARTBEAT | SYSTEM | EA alive. Tick=305800 Equity=44972.40 OpenPos=0 PendingOrders=0 UTC=2026.03.20 16:51 DayOfWeek=5 WeekendCloseActive=YES NewTradeBlocked=YES | 305800.000000
DO	0	10:51:18.724	Cazyxio_v4.3 (EURUSD,M15)	2026.03.20 16:51:18 | WEEKEND_CLOSE | SYSTEM | Friday post-close. EA idle. Tick=305804
LL	0	10:52:23.910	Cazyxio_v4.3 (EURUSD,M15)	2026.03.20 16:52:23 | HEARTBEAT | SYSTEM | EA alive. Tick=305900 Equity=44972.40 OpenPos=0 PendingOrders=0 UTC=2026.03.20 16:52 DayOfWeek=5 WeekendCloseActive=YES NewTradeBlocked=YES | 305900.000000
JN	0	10:52:25.655	Cazyxio_v4.3 (EURUSD,M15)	2026.03.20 16:52:25 | WEEKEND_CLOSE | SYSTEM | Friday post-close. EA idle. Tick=305904
DO	0	10:53:18.405	Cazyxio_v4.3 (EURUSD,M15)	2026.03.20 16:53:18 | HEARTBEAT | SYSTEM | EA alive. Tick=306000 Equity=44972.40 OpenPos=0 PendingOrders=0 UTC=2026.03.20 16:53 DayOfWeek=5 WeekendCloseActive=YES NewTradeBlocked=YES | 306000.000000
OI	0	10:53:19.403	Cazyxio_v4.3 (EURUSD,M15)	2026.03.20 16:53:19 | WEEKEND_CLOSE | SYSTEM | Friday post-close. EA idle. Tick=306004
HN	0	10:54:07.046	Cazyxio_v4.3 (EURUSD,M15)	2026.03.20 16:54:07 | HEARTBEAT | SYSTEM | EA alive. Tick=306100 Equity=44972.40 OpenPos=0 PendingOrders=0 UTC=2026.03.20 16:54 DayOfWeek=5 WeekendCloseActive=YES NewTradeBlocked=YES | 306100.000000
MH	0	10:54:08.572	Cazyxio_v4.3 (EURUSD,M15)	2026.03.20 16:54:08 | WEEKEND_CLOSE | SYSTEM | Friday post-close. EA idle. Tick=306104
CI	0	10:55:09.336	Cazyxio_v4.3 (EURUSD,M15)	2026.03.20 16:55:09 | HEARTBEAT | SYSTEM | EA alive. Tick=306200 Equity=44972.40 OpenPos=0 PendingOrders=0 UTC=2026.03.20 16:55 DayOfWeek=5 WeekendCloseActive=YES NewTradeBlocked=YES | 306200.000000
QK	0	10:55:10.474	Cazyxio_v4.3 (EURUSD,M15)	2026.03.20 16:55:10 | WEEKEND_CLOSE | SYSTEM | Friday post-close. EA idle. Tick=306204
CH	0	10:55:59.107	Cazyxio_v4.3 (EURUSD,M15)	2026.03.20 16:55:59 | HEARTBEAT | SYSTEM | EA alive. Tick=306300 Equity=44972.40 OpenPos=0 PendingOrders=0 UTC=2026.03.20 16:55 DayOfWeek=5 WeekendCloseActive=YES NewTradeBlocked=YES | 306300.000000
JJ	0	10:56:00.917	Cazyxio_v4.3 (EURUSD,M15)	2026.03.20 16:56:00 | WEEKEND_CLOSE | SYSTEM | Friday post-close. EA idle. Tick=306304
MK	0	10:56:59.395	Cazyxio_v4.3 (EURUSD,M15)	2026.03.20 16:56:59 | HEARTBEAT | SYSTEM | EA alive. Tick=306400 Equity=44972.40 OpenPos=0 PendingOrders=0 UTC=2026.03.20 16:56 DayOfWeek=5 WeekendCloseActive=YES NewTradeBlocked=YES | 306400.000000
KE	0	10:57:00.896	Cazyxio_v4.3 (EURUSD,M15)	2026.03.20 16:57:00 | WEEKEND_CLOSE | SYSTEM | Friday post-close. EA idle. Tick=306404
GJ	0	10:58:05.791	Cazyxio_v4.3 (EURUSD,M15)	2026.03.20 16:58:05 | HEARTBEAT | SYSTEM | EA alive. Tick=306500 Equity=44972.40 OpenPos=0 PendingOrders=0 UTC=2026.03.20 16:58 DayOfWeek=5 WeekendCloseActive=YES NewTradeBlocked=YES | 306500.000000
PD	0	10:58:08.146	Cazyxio_v4.3 (EURUSD,M15)	2026.03.20 16:58:08 | WEEKEND_CLOSE | SYSTEM | Friday post-close. EA idle. Tick=306504
ME	0	10:59:05.642	Cazyxio_v4.3 (EURUSD,M15)	2026.03.20 16:59:05 | HEARTBEAT | SYSTEM | EA alive. Tick=306600 Equity=44972.40 OpenPos=0 PendingOrders=0 UTC=2026.03.20 16:59 DayOfWeek=5 WeekendCloseActive=YES NewTradeBlocked=YES | 306600.000000
PG	0	10:59:08.257	Cazyxio_v4.3 (EURUSD,M15)	2026.03.20 16:59:08 | WEEKEND_CLOSE | SYSTEM | Friday post-close. EA idle. Tick=306604
OD	0	10:59:53.402	Cazyxio_v4.3 (EURUSD,M15)	2026.03.20 16:59:53 | HEARTBEAT | SYSTEM | EA alive. Tick=306700 Equity=44972.40 OpenPos=0 PendingOrders=0 UTC=2026.03.20 16:59 DayOfWeek=5 WeekendCloseActive=YES NewTradeBlocked=YES | 306700.000000
QF	0	10:59:55.763	Cazyxio_v4.3 (EURUSD,M15)	2026.03.20 16:59:55 | WEEKEND_CLOSE | SYSTEM | Friday post-close. EA idle. Tick=306704
CG	0	11:00:45.272	Cazyxio_v4.3 (EURUSD,M15)	2026.03.20 17:00:45 | HEARTBEAT | SYSTEM | EA alive. Tick=306800 Equity=44972.40 OpenPos=0 PendingOrders=0 UTC=2026.03.20 17:00 DayOfWeek=5 WeekendCloseActive=YES NewTradeBlocked=YES | 306800.000000
JQ	0	11:00:46.224	Cazyxio_v4.3 (EURUSD,M15)	2026.03.20 17:00:46 | WEEKEND_CLOSE | SYSTEM | Friday post-close. EA idle. Tick=306804
DF	0	11:01:33.799	Cazyxio_v4.3 (EURUSD,M15)	2026.03.20 17:01:33 | HEARTBEAT | SYSTEM | EA alive. Tick=306900 Equity=44972.40 OpenPos=0 PendingOrders=0 UTC=2026.03.20 17:01 DayOfWeek=5 WeekendCloseActive=YES NewTradeBlocked=YES | 306900.000000
DP	0	11:01:35.254	Cazyxio_v4.3 (EURUSD,M15)	2026.03.20 17:01:35 | WEEKEND_CLOSE | SYSTEM | Friday post-close. EA idle. Tick=306904
DQ	0	11:02:13.163	Cazyxio_v4.3 (EURUSD,M15)	2026.03.20 17:02:13 | HEARTBEAT | SYSTEM | EA alive. Tick=307000 Equity=44972.40 OpenPos=0 PendingOrders=0 UTC=2026.03.20 17:02 DayOfWeek=5 WeekendCloseActive=YES NewTradeBlocked=YES | 307000.000000
HS	0	11:02:14.186	Cazyxio_v4.3 (EURUSD,M15)	2026.03.20 17:02:14 | WEEKEND_CLOSE | SYSTEM | Friday post-close. EA idle. Tick=307004
JP	0	11:02:56.367	Cazyxio_v4.3 (EURUSD,M15)	2026.03.20 17:02:56 | HEARTBEAT | SYSTEM | EA alive. Tick=307100 Equity=44972.40 OpenPos=0 PendingOrders=0 UTC=2026.03.20 17:02 DayOfWeek=5 WeekendCloseActive=YES NewTradeBlocked=YES | 307100.000000
MR	0	11:02:59.735	Cazyxio_v4.3 (EURUSD,M15)	2026.03.20 17:02:59 | WEEKEND_CLOSE | SYSTEM | Friday post-close. EA idle. Tick=307104
IS	0	11:03:41.714	Cazyxio_v4.3 (EURUSD,M15)	2026.03.20 17:03:41 | HEARTBEAT | SYSTEM | EA alive. Tick=307200 Equity=44972.40 OpenPos=0 PendingOrders=0 UTC=2026.03.20 17:03 DayOfWeek=5 WeekendCloseActive=YES NewTradeBlocked=YES | 307200.000000
RM	0	11:03:43.171	Cazyxio_v4.3 (EURUSD,M15)	2026.03.20 17:03:43 | WEEKEND_CLOSE | SYSTEM | Friday post-close. EA idle. Tick=307204
KR	0	11:04:31.759	Cazyxio_v4.3 (EURUSD,M15)	2026.03.20 17:04:31 | HEARTBEAT | SYSTEM | EA alive. Tick=307300 Equity=44972.40 OpenPos=0 PendingOrders=0 UTC=2026.03.20 17:04 DayOfWeek=5 WeekendCloseActive=YES NewTradeBlocked=YES | 307300.000000
QL	0	11:04:34.502	Cazyxio_v4.3 (EURUSD,M15)	2026.03.20 17:04:34 | WEEKEND_CLOSE | SYSTEM | Friday post-close. EA idle. Tick=307304
FM	0	11:05:21.818	Cazyxio_v4.3 (EURUSD,M15)	2026.03.20 17:05:21 | HEARTBEAT | SYSTEM | EA alive. Tick=307400 Equity=44972.40 OpenPos=0 PendingOrders=0 UTC=2026.03.20 17:05 DayOfWeek=5 WeekendCloseActive=YES NewTradeBlocked=YES | 307400.000000
HO	0	11:05:22.902	Cazyxio_v4.3 (EURUSD,M15)	2026.03.20 17:05:22 | WEEKEND_CLOSE | SYSTEM | Friday post-close. EA idle. Tick=307404
CL	0	11:05:49.288	Cazyxio_v4.3 (EURUSD,M15)	2026.03.20 17:05:49 | HEARTBEAT | SYSTEM | EA alive. Tick=307500 Equity=44972.40 OpenPos=0 PendingOrders=0 UTC=2026.03.20 17:05 DayOfWeek=5 WeekendCloseActive=YES NewTradeBlocked=YES | 307500.000000
IN	0	11:05:50.944	Cazyxio_v4.3 (EURUSD,M15)	2026.03.20 17:05:50 | WEEKEND_CLOSE | SYSTEM | Friday post-close. EA idle. Tick=307504
JO	0	11:06:17.556	Cazyxio_v4.3 (EURUSD,M15)	2026.03.20 17:06:17 | HEARTBEAT | SYSTEM | EA alive. Tick=307600 Equity=44972.40 OpenPos=0 PendingOrders=0 UTC=2026.03.20 17:06 DayOfWeek=5 WeekendCloseActive=YES NewTradeBlocked=YES | 307600.000000
OI	0	11:06:18.550	Cazyxio_v4.3 (EURUSD,M15)	2026.03.20 17:06:18 | WEEKEND_CLOSE | SYSTEM | Friday post-close. EA idle. Tick=307604
LN	0	11:06:48.945	Cazyxio_v4.3 (EURUSD,M15)	2026.03.20 17:06:48 | HEARTBEAT | SYSTEM | EA alive. Tick=307700 Equity=44972.40 OpenPos=0 PendingOrders=0 UTC=2026.03.20 17:06 DayOfWeek=5 WeekendCloseActive=YES NewTradeBlocked=YES | 307700.000000
KH	0	11:06:49.948	Cazyxio_v4.3 (EURUSD,M15)	2026.03.20 17:06:49 | WEEKEND_CLOSE | SYSTEM | Friday post-close. EA idle. Tick=307704
PI	0	11:07:24.850	Cazyxio_v4.3 (EURUSD,M15)	2026.03.20 17:07:24 | HEARTBEAT | SYSTEM | EA alive. Tick=307800 Equity=44972.40 OpenPos=0 PendingOrders=0 UTC=2026.03.20 17:07 DayOfWeek=5 WeekendCloseActive=YES NewTradeBlocked=YES | 307800.000000
JK	0	11:07:26.104	Cazyxio_v4.3 (EURUSD,M15)	2026.03.20 17:07:26 | WEEKEND_CLOSE | SYSTEM | Friday post-close. EA idle. Tick=307804
DH	0	11:08:01.178	Cazyxio_v4.3 (EURUSD,M15)	2026.03.20 17:08:01 | HEARTBEAT | SYSTEM | EA alive. Tick=307900 Equity=44972.40 OpenPos=0 PendingOrders=0 UTC=2026.03.20 17:08 DayOfWeek=5 WeekendCloseActive=YES NewTradeBlocked=YES | 307900.000000
HJ	0	11:08:03.226	Cazyxio_v4.3 (EURUSD,M15)	2026.03.20 17:08:03 | WEEKEND_CLOSE | SYSTEM | Friday post-close. EA idle. Tick=307904
IK	0	11:08:33.081	Cazyxio_v4.3 (EURUSD,M15)	2026.03.20 17:08:33 | HEARTBEAT | SYSTEM | EA alive. Tick=308000 Equity=44972.40 OpenPos=0 PendingOrders=0 UTC=2026.03.20 17:08 DayOfWeek=5 WeekendCloseActive=YES NewTradeBlocked=YES | 308000.000000
JE	0	11:08:34.064	Cazyxio_v4.3 (EURUSD,M15)	2026.03.20 17:08:34 | WEEKEND_CLOSE | SYSTEM | Friday post-close. EA idle. Tick=308004
KJ	0	11:09:10.521	Cazyxio_v4.3 (EURUSD,M15)	2026.03.20 17:09:10 | HEARTBEAT | SYSTEM | EA alive. Tick=308100 Equity=44972.40 OpenPos=0 PendingOrders=0 UTC=2026.03.20 17:09 DayOfWeek=5 WeekendCloseActive=YES NewTradeBlocked=YES | 308100.000000
QD	0	11:09:12.129	Cazyxio_v4.3 (EURUSD,M15)	2026.03.20 17:09:12 | WEEKEND_CLOSE | SYSTEM | Friday post-close. EA idle. Tick=308104
PE	0	11:09:46.535	Cazyxio_v4.3 (EURUSD,M15)	2026.03.20 17:09:46 | HEARTBEAT | SYSTEM | EA alive. Tick=308200 Equity=44972.40 OpenPos=0 PendingOrders=0 UTC=2026.03.20 17:09 DayOfWeek=5 WeekendCloseActive=YES NewTradeBlocked=YES | 308200.000000
CG	0	11:09:49.632	Cazyxio_v4.3 (EURUSD,M15)	2026.03.20 17:09:49 | WEEKEND_CLOSE | SYSTEM | Friday post-close. EA idle. Tick=308204
PD	0	11:10:27.658	Cazyxio_v4.3 (EURUSD,M15)	2026.03.20 17:10:27 | HEARTBEAT | SYSTEM | EA alive. Tick=308300 Equity=44972.40 OpenPos=0 PendingOrders=0 UTC=2026.03.20 17:10 DayOfWeek=5 WeekendCloseActive=YES NewTradeBlocked=YES | 308300.000000
QF	0	11:10:29.679	Cazyxio_v4.3 (EURUSD,M15)	2026.03.20 17:10:29 | WEEKEND_CLOSE | SYSTEM | Friday post-close. EA idle. Tick=308304
LG	0	11:11:06.385	Cazyxio_v4.3 (EURUSD,M15)	2026.03.20 17:11:06 | HEARTBEAT | SYSTEM | EA alive. Tick=308400 Equity=44972.40 OpenPos=0 PendingOrders=0 UTC=2026.03.20 17:11 DayOfWeek=5 WeekendCloseActive=YES NewTradeBlocked=YES | 308400.000000
JQ	0	11:11:07.633	Cazyxio_v4.3 (EURUSD,M15)	2026.03.20 17:11:07 | WEEKEND_CLOSE | SYSTEM | Friday post-close. EA idle. Tick=308404
CF	0	11:11:43.465	Cazyxio_v4.3 (EURUSD,M15)	2026.03.20 17:11:43 | HEARTBEAT | SYSTEM | EA alive. Tick=308500 Equity=44972.40 OpenPos=0 PendingOrders=0 UTC=2026.03.20 17:11 DayOfWeek=5 WeekendCloseActive=YES NewTradeBlocked=YES | 308500.000000
FP	0	11:11:44.636	Cazyxio_v4.3 (EURUSD,M15)	2026.03.20 17:11:44 | WEEKEND_CLOSE | SYSTEM | Friday post-close. EA idle. Tick=308504
MQ	0	11:12:24.853	Cazyxio_v4.3 (EURUSD,M15)	2026.03.20 17:12:24 | HEARTBEAT | SYSTEM | EA alive. Tick=308600 Equity=44972.40 OpenPos=0 PendingOrders=0 UTC=2026.03.20 17:12 DayOfWeek=5 WeekendCloseActive=YES NewTradeBlocked=YES | 308600.000000
HS	0	11:12:26.350	Cazyxio_v4.3 (EURUSD,M15)	2026.03.20 17:12:26 | WEEKEND_CLOSE | SYSTEM | Friday post-close. EA idle. Tick=308604
IP	0	11:13:17.425	Cazyxio_v4.3 (EURUSD,M15)	2026.03.20 17:13:17 | HEARTBEAT | SYSTEM | EA alive. Tick=308700 Equity=44972.40 OpenPos=0 PendingOrders=0 UTC=2026.03.20 17:13 DayOfWeek=5 WeekendCloseActive=YES NewTradeBlocked=YES | 308700.000000
OR	0	11:13:18.482	Cazyxio_v4.3 (EURUSD,M15)	2026.03.20 17:13:18 | WEEKEND_CLOSE | SYSTEM | Friday post-close. EA idle. Tick=308704
FS	0	11:14:12.919	Cazyxio_v4.3 (EURUSD,M15)	2026.03.20 17:14:12 | HEARTBEAT | SYSTEM | EA alive. Tick=308800 Equity=44972.40 OpenPos=0 PendingOrders=0 UTC=2026.03.20 17:14 DayOfWeek=5 WeekendCloseActive=YES NewTradeBlocked=YES | 308800.000000
OM	0	11:14:14.436	Cazyxio_v4.3 (EURUSD,M15)	2026.03.20 17:14:14 | WEEKEND_CLOSE | SYSTEM | Friday post-close. EA idle. Tick=308804
CR	0	11:15:20.560	Cazyxio_v4.3 (EURUSD,M15)	2026.03.20 17:15:20 | HEARTBEAT | SYSTEM | EA alive. Tick=308900 Equity=44972.40 OpenPos=0 PendingOrders=0 UTC=2026.03.20 17:15 DayOfWeek=5 WeekendCloseActive=YES NewTradeBlocked=YES | 308900.000000
KL	0	11:15:24.004	Cazyxio_v4.3 (EURUSD,M15)	2026.03.20 17:15:24 | WEEKEND_CLOSE | SYSTEM | Friday post-close. EA idle. Tick=308904
FM	0	11:16:03.883	Cazyxio_v4.3 (EURUSD,M15)	2026.03.20 17:16:03 | HEARTBEAT | SYSTEM | EA alive. Tick=309000 Equity=44972.40 OpenPos=0 PendingOrders=0 UTC=2026.03.20 17:16 DayOfWeek=5 WeekendCloseActive=YES NewTradeBlocked=YES | 309000.000000
PO	0	11:16:04.889	Cazyxio_v4.3 (EURUSD,M15)	2026.03.20 17:16:04 | WEEKEND_CLOSE | SYSTEM | Friday post-close. EA idle. Tick=309004
FL	0	11:17:00.604	Cazyxio_v4.3 (EURUSD,M15)	2026.03.20 17:17:00 | HEARTBEAT | SYSTEM | EA alive. Tick=309100 Equity=44972.40 OpenPos=0 PendingOrders=0 UTC=2026.03.20 17:17 DayOfWeek=5 WeekendCloseActive=YES NewTradeBlocked=YES | 309100.000000
FN	0	11:17:04.006	Cazyxio_v4.3 (EURUSD,M15)	2026.03.20 17:17:04 | WEEKEND_CLOSE | SYSTEM | Friday post-close. EA idle. Tick=309104
RO	0	11:18:08.221	Cazyxio_v4.3 (EURUSD,M15)	2026.03.20 17:18:08 | HEARTBEAT | SYSTEM | EA alive. Tick=309200 Equity=44972.40 OpenPos=0 PendingOrders=0 UTC=2026.03.20 17:18 DayOfWeek=5 WeekendCloseActive=YES NewTradeBlocked=YES | 309200.000000
QI	0	11:18:09.932	Cazyxio_v4.3 (EURUSD,M15)	2026.03.20 17:18:09 | WEEKEND_CLOSE | SYSTEM | Friday post-close. EA idle. Tick=309204
KN	0	11:19:05.326	Cazyxio_v4.3 (EURUSD,M15)	2026.03.20 17:19:05 | HEARTBEAT | SYSTEM | EA alive. Tick=309300 Equity=44972.40 OpenPos=0 PendingOrders=0 UTC=2026.03.20 17:19 DayOfWeek=5 WeekendCloseActive=YES NewTradeBlocked=YES | 309300.000000
PH	0	11:19:08.930	Cazyxio_v4.3 (EURUSD,M15)	2026.03.20 17:19:08 | WEEKEND_CLOSE | SYSTEM | Friday post-close. EA idle. Tick=309304
MI	0	11:20:04.348	Cazyxio_v4.3 (EURUSD,M15)	2026.03.20 17:20:04 | HEARTBEAT | SYSTEM | EA alive. Tick=309400 Equity=44972.40 OpenPos=0 PendingOrders=0 UTC=2026.03.20 17:20 DayOfWeek=5 WeekendCloseActive=YES NewTradeBlocked=YES | 309400.000000
DK	0	11:20:05.427	Cazyxio_v4.3 (EURUSD,M15)	2026.03.20 17:20:05 | WEEKEND_CLOSE | SYSTEM | Friday post-close. EA idle. Tick=309404
FH	0	11:21:04.676	Cazyxio_v4.3 (EURUSD,M15)	2026.03.20 17:21:04 | HEARTBEAT | SYSTEM | EA alive. Tick=309500 Equity=44972.40 OpenPos=0 PendingOrders=0 UTC=2026.03.20 17:21 DayOfWeek=5 WeekendCloseActive=YES NewTradeBlocked=YES | 309500.000000
NJ	0	11:21:06.219	Cazyxio_v4.3 (EURUSD,M15)	2026.03.20 17:21:06 | WEEKEND_CLOSE | SYSTEM | Friday post-close. EA idle. Tick=309504
KK	0	11:21:56.286	Cazyxio_v4.3 (EURUSD,M15)	2026.03.20 17:21:56 | HEARTBEAT | SYSTEM | EA alive. Tick=309600 Equity=44972.40 OpenPos=0 PendingOrders=0 UTC=2026.03.20 17:21 DayOfWeek=5 WeekendCloseActive=YES NewTradeBlocked=YES | 309600.000000
JE	0	11:21:58.207	Cazyxio_v4.3 (EURUSD,M15)	2026.03.20 17:21:58 | WEEKEND_CLOSE | SYSTEM | Friday post-close. EA idle. Tick=309604
LJ	0	11:22:54.853	Cazyxio_v4.3 (EURUSD,M15)	2026.03.20 17:22:54 | HEARTBEAT | SYSTEM | EA alive. Tick=309700 Equity=44972.40 OpenPos=0 PendingOrders=0 UTC=2026.03.20 17:22 DayOfWeek=5 WeekendCloseActive=YES NewTradeBlocked=YES | 309700.000000
OD	0	11:22:55.861	Cazyxio_v4.3 (EURUSD,M15)	2026.03.20 17:22:55 | WEEKEND_CLOSE | SYSTEM | Friday post-close. EA idle. Tick=309704
EE	0	11:23:55.554	Cazyxio_v4.3 (EURUSD,M15)	2026.03.20 17:23:55 | HEARTBEAT | SYSTEM | EA alive. Tick=309800 Equity=44972.40 OpenPos=0 PendingOrders=0 UTC=2026.03.20 17:23 DayOfWeek=5 WeekendCloseActive=YES NewTradeBlocked=YES | 309800.000000
LG	0	11:23:59.544	Cazyxio_v4.3 (EURUSD,M15)	2026.03.20 17:23:59 | WEEKEND_CLOSE | SYSTEM | Friday post-close. EA idle. Tick=309804
ED	0	11:25:02.626	Cazyxio_v4.3 (EURUSD,M15)	2026.03.20 17:25:02 | HEARTBEAT | SYSTEM | EA alive. Tick=309900 Equity=44972.40 OpenPos=0 PendingOrders=0 UTC=2026.03.20 17:25 DayOfWeek=5 WeekendCloseActive=YES NewTradeBlocked=YES | 309900.000000
KF	0	11:25:06.050	Cazyxio_v4.3 (EURUSD,M15)	2026.03.20 17:25:06 | WEEKEND_CLOSE | SYSTEM | Friday post-close. EA idle. Tick=309904
HG	0	11:25:57.324	Cazyxio_v4.3 (EURUSD,M15)	2026.03.20 17:25:57 | HEARTBEAT | SYSTEM | EA alive. Tick=310000 Equity=44972.40 OpenPos=0 PendingOrders=0 UTC=2026.03.20 17:25 DayOfWeek=5 WeekendCloseActive=YES NewTradeBlocked=YES | 310000.000000
JQ	0	11:26:00.946	Cazyxio_v4.3 (EURUSD,M15)	2026.03.20 17:26:00 | WEEKEND_CLOSE | SYSTEM | Friday post-close. EA idle. Tick=310004
EF	0	11:27:08.990	Cazyxio_v4.3 (EURUSD,M15)	2026.03.20 17:27:08 | HEARTBEAT | SYSTEM | EA alive. Tick=310100 Equity=44972.40 OpenPos=0 PendingOrders=0 UTC=2026.03.20 17:27 DayOfWeek=5 WeekendCloseActive=YES NewTradeBlocked=YES | 310100.000000
NP	0	11:27:10.886	Cazyxio_v4.3 (EURUSD,M15)	2026.03.20 17:27:10 | WEEKEND_CLOSE | SYSTEM | Friday post-close. EA idle. Tick=310104
GQ	0	11:28:13.559	Cazyxio_v4.3 (EURUSD,M15)	2026.03.20 17:28:13 | HEARTBEAT | SYSTEM | EA alive. Tick=310200 Equity=44972.40 OpenPos=0 PendingOrders=0 UTC=2026.03.20 17:28 DayOfWeek=5 WeekendCloseActive=YES NewTradeBlocked=YES | 310200.000000
LS	0	11:28:15.171	Cazyxio_v4.3 (EURUSD,M15)	2026.03.20 17:28:15 | WEEKEND_CLOSE | SYSTEM | Friday post-close. EA idle. Tick=310204
JP	0	11:28:57.813	Cazyxio_v4.3 (EURUSD,M15)	2026.03.20 17:28:57 | HEARTBEAT | SYSTEM | EA alive. Tick=310300 Equity=44972.40 OpenPos=0 PendingOrders=0 UTC=2026.03.20 17:28 DayOfWeek=5 WeekendCloseActive=YES NewTradeBlocked=YES | 310300.000000
MR	0	11:29:00.360	Cazyxio_v4.3 (EURUSD,M15)	2026.03.20 17:29:00 | WEEKEND_CLOSE | SYSTEM | Friday post-close. EA idle. Tick=310304
ES	0	11:29:56.385	Cazyxio_v4.3 (EURUSD,M15)	2026.03.20 17:29:56 | HEARTBEAT | SYSTEM | EA alive. Tick=310400 Equity=44972.40 OpenPos=0 PendingOrders=0 UTC=2026.03.20 17:29 DayOfWeek=5 WeekendCloseActive=YES NewTradeBlocked=YES | 310400.000000
GM	0	11:29:57.480	Cazyxio_v4.3 (EURUSD,M15)	2026.03.20 17:29:57 | WEEKEND_CLOSE | SYSTEM | Friday post-close. EA idle. Tick=310404
HR	0	11:30:53.881	Cazyxio_v4.3 (EURUSD,M15)	2026.03.20 17:30:53 | HEARTBEAT | SYSTEM | EA alive. Tick=310500 Equity=44972.40 OpenPos=0 PendingOrders=0 UTC=2026.03.20 17:30 DayOfWeek=5 WeekendCloseActive=YES NewTradeBlocked=YES | 310500.000000
ML	0	11:31:01.102	Cazyxio_v4.3 (EURUSD,M15)	2026.03.20 17:31:01 | WEEKEND_CLOSE | SYSTEM | Friday post-close. EA idle. Tick=310504
IM	0	11:32:03.347	Cazyxio_v4.3 (EURUSD,M15)	2026.03.20 17:32:03 | HEARTBEAT | SYSTEM | EA alive. Tick=310600 Equity=44972.40 OpenPos=0 PendingOrders=0 UTC=2026.03.20 17:32 DayOfWeek=5 WeekendCloseActive=YES NewTradeBlocked=YES | 310600.000000
DO	0	11:32:04.902	Cazyxio_v4.3 (EURUSD,M15)	2026.03.20 17:32:04 | WEEKEND_CLOSE | SYSTEM | Friday post-close. EA idle. Tick=310604
ML	0	11:33:13.926	Cazyxio_v4.3 (EURUSD,M15)	2026.03.20 17:33:13 | HEARTBEAT | SYSTEM | EA alive. Tick=310700 Equity=44972.40 OpenPos=0 PendingOrders=0 UTC=2026.03.20 17:33 DayOfWeek=5 WeekendCloseActive=YES NewTradeBlocked=YES | 310700.000000
DN	0	11:33:14.956	Cazyxio_v4.3 (EURUSD,M15)	2026.03.20 17:33:14 | WEEKEND_CLOSE | SYSTEM | Friday post-close. EA idle. Tick=310704
HO	0	11:34:02.243	Cazyxio_v4.3 (EURUSD,M15)	2026.03.20 17:34:02 | HEARTBEAT | SYSTEM | EA alive. Tick=310800 Equity=44972.40 OpenPos=0 PendingOrders=0 UTC=2026.03.20 17:34 DayOfWeek=5 WeekendCloseActive=YES NewTradeBlocked=YES | 310800.000000
DI	0	11:34:04.036	Cazyxio_v4.3 (EURUSD,M15)	2026.03.20 17:34:04 | WEEKEND_CLOSE | SYSTEM | Friday post-close. EA idle. Tick=310804
ON	0	11:34:43.837	Cazyxio_v4.3 (EURUSD,M15)	2026.03.20 17:34:43 | HEARTBEAT | SYSTEM | EA alive. Tick=310900 Equity=44972.40 OpenPos=0 PendingOrders=0 UTC=2026.03.20 17:34 DayOfWeek=5 WeekendCloseActive=YES NewTradeBlocked=YES | 310900.000000
QH	0	11:34:45.038	Cazyxio_v4.3 (EURUSD,M15)	2026.03.20 17:34:45 | WEEKEND_CLOSE | SYSTEM | Friday post-close. EA idle. Tick=310904
HI	0	11:35:24.985	Cazyxio_v4.3 (EURUSD,M15)	2026.03.20 17:35:24 | HEARTBEAT | SYSTEM | EA alive. Tick=311000 Equity=44972.40 OpenPos=0 PendingOrders=0 UTC=2026.03.20 17:35 DayOfWeek=5 WeekendCloseActive=YES NewTradeBlocked=YES | 311000.000000
NK	0	11:35:26.413	Cazyxio_v4.3 (EURUSD,M15)	2026.03.20 17:35:26 | WEEKEND_CLOSE | SYSTEM | Friday post-close. EA idle. Tick=311004
OH	0	11:36:13.790	Cazyxio_v4.3 (EURUSD,M15)	2026.03.20 17:36:13 | HEARTBEAT | SYSTEM | EA alive. Tick=311100 Equity=44972.40 OpenPos=0 PendingOrders=0 UTC=2026.03.20 17:36 DayOfWeek=5 WeekendCloseActive=YES NewTradeBlocked=YES | 311100.000000
MJ	0	11:36:17.688	Cazyxio_v4.3 (EURUSD,M15)	2026.03.20 17:36:17 | WEEKEND_CLOSE | SYSTEM | Friday post-close. EA idle. Tick=311104
LK	0	11:37:01.857	Cazyxio_v4.3 (EURUSD,M15)	2026.03.20 17:37:01 | HEARTBEAT | SYSTEM | EA alive. Tick=311200 Equity=44972.40 OpenPos=0 PendingOrders=0 UTC=2026.03.20 17:37 DayOfWeek=5 WeekendCloseActive=YES NewTradeBlocked=YES | 311200.000000
RE	0	11:37:03.145	Cazyxio_v4.3 (EURUSD,M15)	2026.03.20 17:37:03 | WEEKEND_CLOSE | SYSTEM | Friday post-close. EA idle. Tick=311204
IJ	0	11:37:55.995	Cazyxio_v4.3 (EURUSD,M15)	2026.03.20 17:37:55 | HEARTBEAT | SYSTEM | EA alive. Tick=311300 Equity=44972.40 OpenPos=0 PendingOrders=0 UTC=2026.03.20 17:37 DayOfWeek=5 WeekendCloseActive=YES NewTradeBlocked=YES | 311300.000000
OD	0	11:37:58.367	Cazyxio_v4.3 (EURUSD,M15)	2026.03.20 17:37:58 | WEEKEND_CLOSE | SYSTEM | Friday post-close. EA idle. Tick=311304
PE	0	11:38:45.098	Cazyxio_v4.3 (EURUSD,M15)	2026.03.20 17:38:45 | HEARTBEAT | SYSTEM | EA alive. Tick=311400 Equity=44972.40 OpenPos=0 PendingOrders=0 UTC=2026.03.20 17:38 DayOfWeek=5 WeekendCloseActive=YES NewTradeBlocked=YES | 311400.000000
PG	0	11:38:47.712	Cazyxio_v4.3 (EURUSD,M15)	2026.03.20 17:38:47 | WEEKEND_CLOSE | SYSTEM | Friday post-close. EA idle. Tick=311404
LD	0	11:39:32.664	Cazyxio_v4.3 (EURUSD,M15)	2026.03.20 17:39:32 | HEARTBEAT | SYSTEM | EA alive. Tick=311500 Equity=44972.40 OpenPos=0 PendingOrders=0 UTC=2026.03.20 17:39 DayOfWeek=5 WeekendCloseActive=YES NewTradeBlocked=YES | 311500.000000
EF	0	11:39:34.219	Cazyxio_v4.3 (EURUSD,M15)	2026.03.20 17:39:34 | WEEKEND_CLOSE | SYSTEM | Friday post-close. EA idle. Tick=311504
HG	0	11:40:33.024	Cazyxio_v4.3 (EURUSD,M15)	2026.03.20 17:40:33 | HEARTBEAT | SYSTEM | EA alive. Tick=311600 Equity=44972.40 OpenPos=0 PendingOrders=0 UTC=2026.03.20 17:40 DayOfWeek=5 WeekendCloseActive=YES NewTradeBlocked=YES | 311600.000000
NQ	0	11:40:34.275	Cazyxio_v4.3 (EURUSD,M15)	2026.03.20 17:40:34 | WEEKEND_CLOSE | SYSTEM | Friday post-close. EA idle. Tick=311604
GF	0	11:41:36.125	Cazyxio_v4.3 (EURUSD,M15)	2026.03.20 17:41:36 | HEARTBEAT | SYSTEM | EA alive. Tick=311700 Equity=44972.40 OpenPos=0 PendingOrders=0 UTC=2026.03.20 17:41 DayOfWeek=5 WeekendCloseActive=YES NewTradeBlocked=YES | 311700.000000
EP	0	11:41:37.329	Cazyxio_v4.3 (EURUSD,M15)	2026.03.20 17:41:37 | WEEKEND_CLOSE | SYSTEM | Friday post-close. EA idle. Tick=311704
GQ	0	11:42:31.353	Cazyxio_v4.3 (EURUSD,M15)	2026.03.20 17:42:31 | HEARTBEAT | SYSTEM | EA alive. Tick=311800 Equity=44972.40 OpenPos=0 PendingOrders=0 UTC=2026.03.20 17:42 DayOfWeek=5 WeekendCloseActive=YES NewTradeBlocked=YES | 311800.000000
LS	0	11:42:34.185	Cazyxio_v4.3 (EURUSD,M15)	2026.03.20 17:42:34 | WEEKEND_CLOSE | SYSTEM | Friday post-close. EA idle. Tick=311804
HP	0	11:43:27.746	Cazyxio_v4.3 (EURUSD,M15)	2026.03.20 17:43:27 | HEARTBEAT | SYSTEM | EA alive. Tick=311900 Equity=44972.40 OpenPos=0 PendingOrders=0 UTC=2026.03.20 17:43 DayOfWeek=5 WeekendCloseActive=YES NewTradeBlocked=YES | 311900.000000
PR	0	11:43:28.944	Cazyxio_v4.3 (EURUSD,M15)	2026.03.20 17:43:28 | WEEKEND_CLOSE | SYSTEM | Friday post-close. EA idle. Tick=311904
FS	0	11:44:16.567	Cazyxio_v4.3 (EURUSD,M15)	2026.03.20 17:44:16 | HEARTBEAT | SYSTEM | EA alive. Tick=312000 Equity=44972.40 OpenPos=0 PendingOrders=0 UTC=2026.03.20 17:44 DayOfWeek=5 WeekendCloseActive=YES NewTradeBlocked=YES | 312000.000000
QM	0	11:44:19.514	Cazyxio_v4.3 (EURUSD,M15)	2026.03.20 17:44:19 | WEEKEND_CLOSE | SYSTEM | Friday post-close. EA idle. Tick=312004
JR	0	11:45:32.717	Cazyxio_v4.3 (EURUSD,M15)	2026.03.20 17:45:32 | HEARTBEAT | SYSTEM | EA alive. Tick=312100 Equity=44972.40 OpenPos=0 PendingOrders=0 UTC=2026.03.20 17:45 DayOfWeek=5 WeekendCloseActive=YES NewTradeBlocked=YES | 312100.000000
RL	0	11:45:34.264	Cazyxio_v4.3 (EURUSD,M15)	2026.03.20 17:45:34 | WEEKEND_CLOSE | SYSTEM | Friday post-close. EA idle. Tick=312104
OM	0	11:46:29.393	Cazyxio_v4.3 (EURUSD,M15)	2026.03.20 17:46:29 | HEARTBEAT | SYSTEM | EA alive. Tick=312200 Equity=44972.40 OpenPos=0 PendingOrders=0 UTC=2026.03.20 17:46 DayOfWeek=5 WeekendCloseActive=YES NewTradeBlocked=YES | 312200.000000
QO	0	11:46:33.147	Cazyxio_v4.3 (EURUSD,M15)	2026.03.20 17:46:33 | WEEKEND_CLOSE | SYSTEM | Friday post-close. EA idle. Tick=312204
HL	0	11:47:25.717	Cazyxio_v4.3 (EURUSD,M15)	2026.03.20 17:47:25 | HEARTBEAT | SYSTEM | EA alive. Tick=312300 Equity=44972.40 OpenPos=0 PendingOrders=0 UTC=2026.03.20 17:47 DayOfWeek=5 WeekendCloseActive=YES NewTradeBlocked=YES | 312300.000000
DN	0	11:47:27.149	Cazyxio_v4.3 (EURUSD,M15)	2026.03.20 17:47:27 | WEEKEND_CLOSE | SYSTEM | Friday post-close. EA idle. Tick=312304
NO	0	11:48:11.653	Cazyxio_v4.3 (EURUSD,M15)	2026.03.20 17:48:11 | HEARTBEAT | SYSTEM | EA alive. Tick=312400 Equity=44972.40 OpenPos=0 PendingOrders=0 UTC=2026.03.20 17:48 DayOfWeek=5 WeekendCloseActive=YES NewTradeBlocked=YES | 312400.000000
II	0	11:48:12.905	Cazyxio_v4.3 (EURUSD,M15)	2026.03.20 17:48:12 | WEEKEND_CLOSE | SYSTEM | Friday post-close. EA idle. Tick=312404
EN	0	11:48:58.449	Cazyxio_v4.3 (EURUSD,M15)	2026.03.20 17:48:58 | HEARTBEAT | SYSTEM | EA alive. Tick=312500 Equity=44972.40 OpenPos=0 PendingOrders=0 UTC=2026.03.20 17:48 DayOfWeek=5 WeekendCloseActive=YES NewTradeBlocked=YES | 312500.000000
KH	0	11:49:00.636	Cazyxio_v4.3 (EURUSD,M15)	2026.03.20 17:49:00 | WEEKEND_CLOSE | SYSTEM | Friday post-close. EA idle. Tick=312504
KI	0	11:49:55.376	Cazyxio_v4.3 (EURUSD,M15)	2026.03.20 17:49:55 | HEARTBEAT | SYSTEM | EA alive. Tick=312600 Equity=44972.40 OpenPos=0 PendingOrders=0 UTC=2026.03.20 17:49 DayOfWeek=5 WeekendCloseActive=YES NewTradeBlocked=YES | 312600.000000
GK	0	11:49:59.905	Cazyxio_v4.3 (EURUSD,M15)	2026.03.20 17:49:59 | WEEKEND_CLOSE | SYSTEM | Friday post-close. EA idle. Tick=312604
NH	0	11:50:49.669	Cazyxio_v4.3 (EURUSD,M15)	2026.03.20 17:50:49 | HEARTBEAT | SYSTEM | EA alive. Tick=312700 Equity=44972.40 OpenPos=0 PendingOrders=0 UTC=2026.03.20 17:50 DayOfWeek=5 WeekendCloseActive=YES NewTradeBlocked=YES | 312700.000000
RJ	0	11:50:52.754	Cazyxio_v4.3 (EURUSD,M15)	2026.03.20 17:50:52 | WEEKEND_CLOSE | SYSTEM | Friday post-close. EA idle. Tick=312704
DK	0	11:51:59.471	Cazyxio_v4.3 (EURUSD,M15)	2026.03.20 17:51:59 | HEARTBEAT | SYSTEM | EA alive. Tick=312800 Equity=44972.40 OpenPos=0 PendingOrders=0 UTC=2026.03.20 17:51 DayOfWeek=5 WeekendCloseActive=YES NewTradeBlocked=YES | 312800.000000
FE	0	11:52:01.544	Cazyxio_v4.3 (EURUSD,M15)	2026.03.20 17:52:01 | WEEKEND_CLOSE | SYSTEM | Friday post-close. EA idle. Tick=312804
GJ	0	11:53:00.270	Cazyxio_v4.3 (EURUSD,M15)	2026.03.20 17:53:00 | HEARTBEAT | SYSTEM | EA alive. Tick=312900 Equity=44972.40 OpenPos=0 PendingOrders=0 UTC=2026.03.20 17:53 DayOfWeek=5 WeekendCloseActive=YES NewTradeBlocked=YES | 312900.000000
FD	0	11:53:01.589	Cazyxio_v4.3 (EURUSD,M15)	2026.03.20 17:53:01 | WEEKEND_CLOSE | SYSTEM | Friday post-close. EA idle. Tick=312904
KE	0	11:53:47.339	Cazyxio_v4.3 (EURUSD,M15)	2026.03.20 17:53:47 | HEARTBEAT | SYSTEM | EA alive. Tick=313000 Equity=44972.40 OpenPos=0 PendingOrders=0 UTC=2026.03.20 17:53 DayOfWeek=5 WeekendCloseActive=YES NewTradeBlocked=YES | 313000.000000
FG	0	11:53:48.840	Cazyxio_v4.3 (EURUSD,M15)	2026.03.20 17:53:48 | WEEKEND_CLOSE | SYSTEM | Friday post-close. EA idle. Tick=313004
FD	0	11:54:42.489	Cazyxio_v4.3 (EURUSD,M15)	2026.03.20 17:54:42 | HEARTBEAT | SYSTEM | EA alive. Tick=313100 Equity=44972.40 OpenPos=0 PendingOrders=0 UTC=2026.03.20 17:54 DayOfWeek=5 WeekendCloseActive=YES NewTradeBlocked=YES | 313100.000000
OF	0	11:54:44.103	Cazyxio_v4.3 (EURUSD,M15)	2026.03.20 17:54:44 | WEEKEND_CLOSE | SYSTEM | Friday post-close. EA idle. Tick=313104
CG	0	11:55:50.052	Cazyxio_v4.3 (EURUSD,M15)	2026.03.20 17:55:50 | HEARTBEAT | SYSTEM | EA alive. Tick=313200 Equity=44972.40 OpenPos=0 PendingOrders=0 UTC=2026.03.20 17:55 DayOfWeek=5 WeekendCloseActive=YES NewTradeBlocked=YES | 313200.000000
LQ	0	11:55:52.343	Cazyxio_v4.3 (EURUSD,M15)	2026.03.20 17:55:52 | WEEKEND_CLOSE | SYSTEM | Friday post-close. EA idle. Tick=313204
IF	0	11:57:14.560	Cazyxio_v4.3 (EURUSD,M15)	2026.03.20 17:57:14 | HEARTBEAT | SYSTEM | EA alive. Tick=313300 Equity=44972.40 OpenPos=0 PendingOrders=0 UTC=2026.03.20 17:57 DayOfWeek=5 WeekendCloseActive=YES NewTradeBlocked=YES | 313300.000000
HP	0	11:57:18.328	Cazyxio_v4.3 (EURUSD,M15)	2026.03.20 17:57:18 | WEEKEND_CLOSE | SYSTEM | Friday post-close. EA idle. Tick=313304
JQ	0	11:58:15.850	Cazyxio_v4.3 (EURUSD,M15)	2026.03.20 17:58:15 | HEARTBEAT | SYSTEM | EA alive. Tick=313400 Equity=44972.40 OpenPos=0 PendingOrders=0 UTC=2026.03.20 17:58 DayOfWeek=5 WeekendCloseActive=YES NewTradeBlocked=YES | 313400.000000
MS	0	11:58:18.023	Cazyxio_v4.3 (EURUSD,M15)	2026.03.20 17:58:18 | WEEKEND_CLOSE | SYSTEM | Friday post-close. EA idle. Tick=313404
FP	0	11:59:32.998	Cazyxio_v4.3 (EURUSD,M15)	2026.03.20 17:59:32 | HEARTBEAT | SYSTEM | EA alive. Tick=313500 Equity=44972.40 OpenPos=0 PendingOrders=0 UTC=2026.03.20 17:59 DayOfWeek=5 WeekendCloseActive=YES NewTradeBlocked=YES | 313500.000000
OR	0	11:59:35.798	Cazyxio_v4.3 (EURUSD,M15)	2026.03.20 17:59:35 | WEEKEND_CLOSE | SYSTEM | Friday post-close. EA idle. Tick=313504
QS	0	12:00:22.497	Cazyxio_v4.3 (EURUSD,M15)	2026.03.20 18:00:22 | HEARTBEAT | SYSTEM | EA alive. Tick=313600 Equity=44972.40 OpenPos=0 PendingOrders=0 UTC=2026.03.20 18:00 DayOfWeek=5 WeekendCloseActive=YES NewTradeBlocked=YES | 313600.000000
HM	0	12:00:23.752	Cazyxio_v4.3 (EURUSD,M15)	2026.03.20 18:00:23 | WEEKEND_CLOSE | SYSTEM | Friday post-close. EA idle. Tick=313604
NR	0	12:01:11.907	Cazyxio_v4.3 (EURUSD,M15)	2026.03.20 18:01:11 | HEARTBEAT | SYSTEM | EA alive. Tick=313700 Equity=44972.40 OpenPos=0 PendingOrders=0 UTC=2026.03.20 18:01 DayOfWeek=5 WeekendCloseActive=YES NewTradeBlocked=YES | 313700.000000
FL	0	12:01:13.997	Cazyxio_v4.3 (EURUSD,M15)	2026.03.20 18:01:13 | WEEKEND_CLOSE | SYSTEM | Friday post-close. EA idle. Tick=313704
EM	0	12:02:02.455	Cazyxio_v4.3 (EURUSD,M15)	2026.03.20 18:02:02 | HEARTBEAT | SYSTEM | EA alive. Tick=313800 Equity=44972.40 OpenPos=0 PendingOrders=0 UTC=2026.03.20 18:02 DayOfWeek=5 WeekendCloseActive=YES NewTradeBlocked=YES | 313800.000000
MO	0	12:02:03.980	Cazyxio_v4.3 (EURUSD,M15)	2026.03.20 18:02:03 | WEEKEND_CLOSE | SYSTEM | Friday post-close. EA idle. Tick=313804
DL	0	12:03:10.666	Cazyxio_v4.3 (EURUSD,M15)	2026.03.20 18:03:10 | HEARTBEAT | SYSTEM | EA alive. Tick=313900 Equity=44972.40 OpenPos=0 PendingOrders=0 UTC=2026.03.20 18:03 DayOfWeek=5 WeekendCloseActive=YES NewTradeBlocked=YES | 313900.000000
EN	0	12:03:12.877	Cazyxio_v4.3 (EURUSD,M15)	2026.03.20 18:03:12 | WEEKEND_CLOSE | SYSTEM | Friday post-close. EA idle. Tick=313904
PO	0	12:04:24.683	Cazyxio_v4.3 (EURUSD,M15)	2026.03.20 18:04:24 | HEARTBEAT | SYSTEM | EA alive. Tick=314000 Equity=44972.40 OpenPos=0 PendingOrders=0 UTC=2026.03.20 18:04 DayOfWeek=5 WeekendCloseActive=YES NewTradeBlocked=YES | 314000.000000
PI	0	12:04:34.328	Cazyxio_v4.3 (EURUSD,M15)	2026.03.20 18:04:34 | WEEKEND_CLOSE | SYSTEM | Friday post-close. EA idle. Tick=314004
JN	0	12:05:42.633	Cazyxio_v4.3 (EURUSD,M15)	2026.03.20 18:05:42 | HEARTBEAT | SYSTEM | EA alive. Tick=314100 Equity=44972.40 OpenPos=0 PendingOrders=0 UTC=2026.03.20 18:05 DayOfWeek=5 WeekendCloseActive=YES NewTradeBlocked=YES | 314100.000000
OH	0	12:05:43.867	Cazyxio_v4.3 (EURUSD,M15)	2026.03.20 18:05:43 | WEEKEND_CLOSE | SYSTEM | Friday post-close. EA idle. Tick=314104
RI	0	12:07:04.387	Cazyxio_v4.3 (EURUSD,M15)	2026.03.20 18:07:04 | HEARTBEAT | SYSTEM | EA alive. Tick=314200 Equity=44972.40 OpenPos=0 PendingOrders=0 UTC=2026.03.20 18:07 DayOfWeek=5 WeekendCloseActive=YES NewTradeBlocked=YES | 314200.000000
JK	0	12:07:06.054	Cazyxio_v4.3 (EURUSD,M15)	2026.03.20 18:07:06 | WEEKEND_CLOSE | SYSTEM | Friday post-close. EA idle. Tick=314204
IH	0	12:07:55.335	Cazyxio_v4.3 (EURUSD,M15)	2026.03.20 18:07:55 | HEARTBEAT | SYSTEM | EA alive. Tick=314300 Equity=44972.40 OpenPos=0 PendingOrders=0 UTC=2026.03.20 18:07 DayOfWeek=5 WeekendCloseActive=YES NewTradeBlocked=YES | 314300.000000
PJ	0	12:07:57.758	Cazyxio_v4.3 (EURUSD,M15)	2026.03.20 18:07:57 | WEEKEND_CLOSE | SYSTEM | Friday post-close. EA idle. Tick=314304
QK	0	12:09:12.000	Cazyxio_v4.3 (EURUSD,M15)	2026.03.20 18:09:11 | HEARTBEAT | SYSTEM | EA alive. Tick=314400 Equity=44972.40 OpenPos=0 PendingOrders=0 UTC=2026.03.20 18:09 DayOfWeek=5 WeekendCloseActive=YES NewTradeBlocked=YES | 314400.000000
JE	0	12:09:14.106	Cazyxio_v4.3 (EURUSD,M15)	2026.03.20 18:09:14 | WEEKEND_CLOSE | SYSTEM | Friday post-close. EA idle. Tick=314404
LJ	0	12:10:17.268	Cazyxio_v4.3 (EURUSD,M15)	2026.03.20 18:10:17 | HEARTBEAT | SYSTEM | EA alive. Tick=314500 Equity=44972.40 OpenPos=0 PendingOrders=0 UTC=2026.03.20 18:10 DayOfWeek=5 WeekendCloseActive=YES NewTradeBlocked=YES | 314500.000000
DD	0	12:10:18.264	Cazyxio_v4.3 (EURUSD,M15)	2026.03.20 18:10:18 | WEEKEND_CLOSE | SYSTEM | Friday post-close. EA idle. Tick=314504
DE	0	12:11:06.544	Cazyxio_v4.3 (EURUSD,M15)	2026.03.20 18:11:06 | HEARTBEAT | SYSTEM | EA alive. Tick=314600 Equity=44972.40 OpenPos=0 PendingOrders=0 UTC=2026.03.20 18:11 DayOfWeek=5 WeekendCloseActive=YES NewTradeBlocked=YES | 314600.000000
DG	0	12:11:11.470	Cazyxio_v4.3 (EURUSD,M15)	2026.03.20 18:11:11 | WEEKEND_CLOSE | SYSTEM | Friday post-close. EA idle. Tick=314604
OD	0	12:12:21.803	Cazyxio_v4.3 (EURUSD,M15)	2026.03.20 18:12:21 | HEARTBEAT | SYSTEM | EA alive. Tick=314700 Equity=44972.40 OpenPos=0 PendingOrders=0 UTC=2026.03.20 18:12 DayOfWeek=5 WeekendCloseActive=YES NewTradeBlocked=YES | 314700.000000
FF	0	12:12:23.257	Cazyxio_v4.3 (EURUSD,M15)	2026.03.20 18:12:23 | WEEKEND_CLOSE | SYSTEM | Friday post-close. EA idle. Tick=314704
KG	0	12:13:33.790	Cazyxio_v4.3 (EURUSD,M15)	2026.03.20 18:13:33 | HEARTBEAT | SYSTEM | EA alive. Tick=314800 Equity=44972.40 OpenPos=0 PendingOrders=0 UTC=2026.03.20 18:13 DayOfWeek=5 WeekendCloseActive=YES NewTradeBlocked=YES | 314800.000000
FQ	0	12:13:36.825	Cazyxio_v4.3 (EURUSD,M15)	2026.03.20 18:13:36 | WEEKEND_CLOSE | SYSTEM | Friday post-close. EA idle. Tick=314804
QF	0	12:14:56.780	Cazyxio_v4.3 (EURUSD,M15)	2026.03.20 18:14:56 | HEARTBEAT | SYSTEM | EA alive. Tick=314900 Equity=44972.40 OpenPos=0 PendingOrders=0 UTC=2026.03.20 18:14 DayOfWeek=5 WeekendCloseActive=YES NewTradeBlocked=YES | 314900.000000
KP	0	12:15:02.234	Cazyxio_v4.3 (EURUSD,M15)	2026.03.20 18:15:02 | WEEKEND_CLOSE | SYSTEM | Friday post-close. EA idle. Tick=314904
EQ	0	12:15:57.651	Cazyxio_v4.3 (EURUSD,M15)	2026.03.20 18:15:57 | HEARTBEAT | SYSTEM | EA alive. Tick=315000 Equity=44972.40 OpenPos=0 PendingOrders=0 UTC=2026.03.20 18:15 DayOfWeek=5 WeekendCloseActive=YES NewTradeBlocked=YES | 315000.000000
IS	0	12:15:59.773	Cazyxio_v4.3 (EURUSD,M15)	2026.03.20 18:15:59 | WEEKEND_CLOSE | SYSTEM | Friday post-close. EA idle. Tick=315004
OP	0	12:17:15.284	Cazyxio_v4.3 (EURUSD,M15)	2026.03.20 18:17:15 | HEARTBEAT | SYSTEM | EA alive. Tick=315100 Equity=44972.40 OpenPos=0 PendingOrders=0 UTC=2026.03.20 18:17 DayOfWeek=5 WeekendCloseActive=YES NewTradeBlocked=YES | 315100.000000
JR	0	12:17:17.737	Cazyxio_v4.3 (EURUSD,M15)	2026.03.20 18:17:17 | WEEKEND_CLOSE | SYSTEM | Friday post-close. EA idle. Tick=315104
MS	0	12:18:40.610	Cazyxio_v4.3 (EURUSD,M15)	2026.03.20 18:18:40 | HEARTBEAT | SYSTEM | EA alive. Tick=315200 Equity=44972.40 OpenPos=0 PendingOrders=0 UTC=2026.03.20 18:18 DayOfWeek=5 WeekendCloseActive=YES NewTradeBlocked=YES | 315200.000000
DM	0	12:18:42.655	Cazyxio_v4.3 (EURUSD,M15)	2026.03.20 18:18:42 | WEEKEND_CLOSE | SYSTEM | Friday post-close. EA idle. Tick=315204
KR	0	12:19:49.859	Cazyxio_v4.3 (EURUSD,M15)	2026.03.20 18:19:49 | HEARTBEAT | SYSTEM | EA alive. Tick=315300 Equity=44972.40 OpenPos=0 PendingOrders=0 UTC=2026.03.20 18:19 DayOfWeek=5 WeekendCloseActive=YES NewTradeBlocked=YES | 315300.000000
IL	0	12:19:54.642	Cazyxio_v4.3 (EURUSD,M15)	2026.03.20 18:19:54 | WEEKEND_CLOSE | SYSTEM | Friday post-close. EA idle. Tick=315304
FM	0	12:20:39.410	Cazyxio_v4.3 (EURUSD,M15)	2026.03.20 18:20:39 | HEARTBEAT | SYSTEM | EA alive. Tick=315400 Equity=44972.40 OpenPos=0 PendingOrders=0 UTC=2026.03.20 18:20 DayOfWeek=5 WeekendCloseActive=YES NewTradeBlocked=YES | 315400.000000
JO	0	12:20:41.710	Cazyxio_v4.3 (EURUSD,M15)	2026.03.20 18:20:41 | WEEKEND_CLOSE | SYSTEM | Friday post-close. EA idle. Tick=315404
DL	0	12:21:23.116	Cazyxio_v4.3 (EURUSD,M15)	2026.03.20 18:21:23 | HEARTBEAT | SYSTEM | EA alive. Tick=315500 Equity=44972.40 OpenPos=0 PendingOrders=0 UTC=2026.03.20 18:21 DayOfWeek=5 WeekendCloseActive=YES NewTradeBlocked=YES | 315500.000000
JN	0	12:21:26.351	Cazyxio_v4.3 (EURUSD,M15)	2026.03.20 18:21:26 | WEEKEND_CLOSE | SYSTEM | Friday post-close. EA idle. Tick=315504
KO	0	12:22:10.059	Cazyxio_v4.3 (EURUSD,M15)	2026.03.20 18:22:10 | HEARTBEAT | SYSTEM | EA alive. Tick=315600 Equity=44972.40 OpenPos=0 PendingOrders=0 UTC=2026.03.20 18:22 DayOfWeek=5 WeekendCloseActive=YES NewTradeBlocked=YES | 315600.000000
JI	0	12:22:11.307	Cazyxio_v4.3 (EURUSD,M15)	2026.03.20 18:22:11 | WEEKEND_CLOSE | SYSTEM | Friday post-close. EA idle. Tick=315604
DN	0	12:22:39.522	Cazyxio_v4.3 (EURUSD,M15)	2026.03.20 18:22:39 | HEARTBEAT | SYSTEM | EA alive. Tick=315700 Equity=44972.40 OpenPos=0 PendingOrders=0 UTC=2026.03.20 18:22 DayOfWeek=5 WeekendCloseActive=YES NewTradeBlocked=YES | 315700.000000
IH	0	12:22:40.523	Cazyxio_v4.3 (EURUSD,M15)	2026.03.20 18:22:40 | WEEKEND_CLOSE | SYSTEM | Friday post-close. EA idle. Tick=315704
RI	0	12:23:09.831	Cazyxio_v4.3 (EURUSD,M15)	2026.03.20 18:23:09 | HEARTBEAT | SYSTEM | EA alive. Tick=315800 Equity=44972.40 OpenPos=0 PendingOrders=0 UTC=2026.03.20 18:23 DayOfWeek=5 WeekendCloseActive=YES NewTradeBlocked=YES | 315800.000000
GK	0	12:23:11.119	Cazyxio_v4.3 (EURUSD,M15)	2026.03.20 18:23:11 | WEEKEND_CLOSE | SYSTEM | Friday post-close. EA idle. Tick=315804
MH	0	12:23:41.285	Cazyxio_v4.3 (EURUSD,M15)	2026.03.20 18:23:41 | HEARTBEAT | SYSTEM | EA alive. Tick=315900 Equity=44972.40 OpenPos=0 PendingOrders=0 UTC=2026.03.20 18:23 DayOfWeek=5 WeekendCloseActive=YES NewTradeBlocked=YES | 315900.000000
FJ	0	12:23:42.294	Cazyxio_v4.3 (EURUSD,M15)	2026.03.20 18:23:42 | WEEKEND_CLOSE | SYSTEM | Friday post-close. EA idle. Tick=315904
QK	0	12:24:15.084	Cazyxio_v4.3 (EURUSD,M15)	2026.03.20 18:24:15 | HEARTBEAT | SYSTEM | EA alive. Tick=316000 Equity=44972.40 OpenPos=0 PendingOrders=0 UTC=2026.03.20 18:24 DayOfWeek=5 WeekendCloseActive=YES NewTradeBlocked=YES | 316000.000000
FE	0	12:24:16.612	Cazyxio_v4.3 (EURUSD,M15)	2026.03.20 18:24:16 | WEEKEND_CLOSE | SYSTEM | Friday post-close. EA idle. Tick=316004
RJ	0	12:24:51.782	Cazyxio_v4.3 (EURUSD,M15)	2026.03.20 18:24:51 | HEARTBEAT | SYSTEM | EA alive. Tick=316100 Equity=44972.40 OpenPos=0 PendingOrders=0 UTC=2026.03.20 18:24 DayOfWeek=5 WeekendCloseActive=YES NewTradeBlocked=YES | 316100.000000
KD	0	12:24:53.816	Cazyxio_v4.3 (EURUSD,M15)	2026.03.20 18:24:53 | WEEKEND_CLOSE | SYSTEM | Friday post-close. EA idle. Tick=316104
JE	0	12:25:27.172	Cazyxio_v4.3 (EURUSD,M15)	2026.03.20 18:25:27 | HEARTBEAT | SYSTEM | EA alive. Tick=316200 Equity=44972.40 OpenPos=0 PendingOrders=0 UTC=2026.03.20 18:25 DayOfWeek=5 WeekendCloseActive=YES NewTradeBlocked=YES | 316200.000000
OG	0	12:25:28.282	Cazyxio_v4.3 (EURUSD,M15)	2026.03.20 18:25:28 | WEEKEND_CLOSE | SYSTEM | Friday post-close. EA idle. Tick=316204
DD	0	12:26:00.634	Cazyxio_v4.3 (EURUSD,M15)	2026.03.20 18:26:00 | HEARTBEAT | SYSTEM | EA alive. Tick=316300 Equity=44972.40 OpenPos=0 PendingOrders=0 UTC=2026.03.20 18:26 DayOfWeek=5 WeekendCloseActive=YES NewTradeBlocked=YES | 316300.000000
IF	0	12:26:02.113	Cazyxio_v4.3 (EURUSD,M15)	2026.03.20 18:26:02 | WEEKEND_CLOSE | SYSTEM | Friday post-close. EA idle. Tick=316304
HG	0	12:26:36.775	Cazyxio_v4.3 (EURUSD,M15)	2026.03.20 18:26:36 | HEARTBEAT | SYSTEM | EA alive. Tick=316400 Equity=44972.40 OpenPos=0 PendingOrders=0 UTC=2026.03.20 18:26 DayOfWeek=5 WeekendCloseActive=YES NewTradeBlocked=YES | 316400.000000
MQ	0	12:26:37.778	Cazyxio_v4.3 (EURUSD,M15)	2026.03.20 18:26:37 | WEEKEND_CLOSE | SYSTEM | Friday post-close. EA idle. Tick=316404
JF	0	12:27:17.363	Cazyxio_v4.3 (EURUSD,M15)	2026.03.20 18:27:17 | HEARTBEAT | SYSTEM | EA alive. Tick=316500 Equity=44972.40 OpenPos=0 PendingOrders=0 UTC=2026.03.20 18:27 DayOfWeek=5 WeekendCloseActive=YES NewTradeBlocked=YES | 316500.000000
CP	0	12:27:18.553	Cazyxio_v4.3 (EURUSD,M15)	2026.03.20 18:27:18 | WEEKEND_CLOSE | SYSTEM | Friday post-close. EA idle. Tick=316504
GQ	0	12:27:57.467	Cazyxio_v4.3 (EURUSD,M15)	2026.03.20 18:27:57 | HEARTBEAT | SYSTEM | EA alive. Tick=316600 Equity=44972.40 OpenPos=0 PendingOrders=0 UTC=2026.03.20 18:27 DayOfWeek=5 WeekendCloseActive=YES NewTradeBlocked=YES | 316600.000000
QS	0	12:27:58.718	Cazyxio_v4.3 (EURUSD,M15)	2026.03.20 18:27:58 | WEEKEND_CLOSE | SYSTEM | Friday post-close. EA idle. Tick=316604
IP	0	12:28:34.833	Cazyxio_v4.3 (EURUSD,M15)	2026.03.20 18:28:34 | HEARTBEAT | SYSTEM | EA alive. Tick=316700 Equity=44972.40 OpenPos=0 PendingOrders=0 UTC=2026.03.20 18:28 DayOfWeek=5 WeekendCloseActive=YES NewTradeBlocked=YES | 316700.000000
QR	0	12:28:37.791	Cazyxio_v4.3 (EURUSD,M15)	2026.03.20 18:28:37 | WEEKEND_CLOSE | SYSTEM | Friday post-close. EA idle. Tick=316704
IS	0	12:29:28.933	Cazyxio_v4.3 (EURUSD,M15)	2026.03.20 18:29:28 | HEARTBEAT | SYSTEM | EA alive. Tick=316800 Equity=44972.40 OpenPos=0 PendingOrders=0 UTC=2026.03.20 18:29 DayOfWeek=5 WeekendCloseActive=YES NewTradeBlocked=YES | 316800.000000
KM	0	12:29:31.666	Cazyxio_v4.3 (EURUSD,M15)	2026.03.20 18:29:31 | WEEKEND_CLOSE | SYSTEM | Friday post-close. EA idle. Tick=316804
QR	0	12:30:13.584	Cazyxio_v4.3 (EURUSD,M15)	2026.03.20 18:30:13 | HEARTBEAT | SYSTEM | EA alive. Tick=316900 Equity=44972.40 OpenPos=0 PendingOrders=0 UTC=2026.03.20 18:30 DayOfWeek=5 WeekendCloseActive=YES NewTradeBlocked=YES | 316900.000000
OL	0	12:30:14.829	Cazyxio_v4.3 (EURUSD,M15)	2026.03.20 18:30:14 | WEEKEND_CLOSE | SYSTEM | Friday post-close. EA idle. Tick=316904
QM	0	12:30:52.238	Cazyxio_v4.3 (EURUSD,M15)	2026.03.20 18:30:52 | HEARTBEAT | SYSTEM | EA alive. Tick=317000 Equity=44972.40 OpenPos=0 PendingOrders=0 UTC=2026.03.20 18:30 DayOfWeek=5 WeekendCloseActive=YES NewTradeBlocked=YES | 317000.000000
EO	0	12:30:54.225	Cazyxio_v4.3 (EURUSD,M15)	2026.03.20 18:30:54 | WEEKEND_CLOSE | SYSTEM | Friday post-close. EA idle. Tick=317004
EL	0	12:31:37.422	Cazyxio_v4.3 (EURUSD,M15)	2026.03.20 18:31:37 | HEARTBEAT | SYSTEM | EA alive. Tick=317100 Equity=44972.40 OpenPos=0 PendingOrders=0 UTC=2026.03.20 18:31 DayOfWeek=5 WeekendCloseActive=YES NewTradeBlocked=YES | 317100.000000
IN	0	12:31:39.415	Cazyxio_v4.3 (EURUSD,M15)	2026.03.20 18:31:39 | WEEKEND_CLOSE | SYSTEM | Friday post-close. EA idle. Tick=317104
CO	0	12:32:19.115	Cazyxio_v4.3 (EURUSD,M15)	2026.03.20 18:32:19 | HEARTBEAT | SYSTEM | EA alive. Tick=317200 Equity=44972.40 OpenPos=0 PendingOrders=0 UTC=2026.03.20 18:32 DayOfWeek=5 WeekendCloseActive=YES NewTradeBlocked=YES | 317200.000000
RI	0	12:32:24.820	Cazyxio_v4.3 (EURUSD,M15)	2026.03.20 18:32:24 | WEEKEND_CLOSE | SYSTEM | Friday post-close. EA idle. Tick=317204
EN	0	12:33:15.710	Cazyxio_v4.3 (EURUSD,M15)	2026.03.20 18:33:15 | HEARTBEAT | SYSTEM | EA alive. Tick=317300 Equity=44972.40 OpenPos=0 PendingOrders=0 UTC=2026.03.20 18:33 DayOfWeek=5 WeekendCloseActive=YES NewTradeBlocked=YES | 317300.000000
EH	0	12:33:17.336	Cazyxio_v4.3 (EURUSD,M15)	2026.03.20 18:33:17 | WEEKEND_CLOSE | SYSTEM | Friday post-close. EA idle. Tick=317304
GI	0	12:34:05.722	Cazyxio_v4.3 (EURUSD,M15)	2026.03.20 18:34:05 | HEARTBEAT | SYSTEM | EA alive. Tick=317400 Equity=44972.40 OpenPos=0 PendingOrders=0 UTC=2026.03.20 18:34 DayOfWeek=5 WeekendCloseActive=YES NewTradeBlocked=YES | 317400.000000
DK	0	12:34:07.460	Cazyxio_v4.3 (EURUSD,M15)	2026.03.20 18:34:07 | WEEKEND_CLOSE | SYSTEM | Friday post-close. EA idle. Tick=317404
DH	0	12:34:47.345	Cazyxio_v4.3 (EURUSD,M15)	2026.03.20 18:34:47 | HEARTBEAT | SYSTEM | EA alive. Tick=317500 Equity=44972.40 OpenPos=0 PendingOrders=0 UTC=2026.03.20 18:34 DayOfWeek=5 WeekendCloseActive=YES NewTradeBlocked=YES | 317500.000000
GJ	0	12:34:48.350	Cazyxio_v4.3 (EURUSD,M15)	2026.03.20 18:34:48 | WEEKEND_CLOSE | SYSTEM | Friday post-close. EA idle. Tick=317504
MK	0	12:35:27.976	Cazyxio_v4.3 (EURUSD,M15)	2026.03.20 18:35:27 | HEARTBEAT | SYSTEM | EA alive. Tick=317600 Equity=44972.40 OpenPos=0 PendingOrders=0 UTC=2026.03.20 18:35 DayOfWeek=5 WeekendCloseActive=YES NewTradeBlocked=YES | 317600.000000
IE	0	12:35:29.236	Cazyxio_v4.3 (EURUSD,M15)	2026.03.20 18:35:29 | WEEKEND_CLOSE | SYSTEM | Friday post-close. EA idle. Tick=317604
LJ	0	12:36:05.594	Cazyxio_v4.3 (EURUSD,M15)	2026.03.20 18:36:05 | HEARTBEAT | SYSTEM | EA alive. Tick=317700 Equity=44972.40 OpenPos=0 PendingOrders=0 UTC=2026.03.20 18:36 DayOfWeek=5 WeekendCloseActive=YES NewTradeBlocked=YES | 317700.000000
MD	0	12:36:06.596	Cazyxio_v4.3 (EURUSD,M15)	2026.03.20 18:36:06 | WEEKEND_CLOSE | SYSTEM | Friday post-close. EA idle. Tick=317704
OE	0	12:36:45.296	Cazyxio_v4.3 (EURUSD,M15)	2026.03.20 18:36:45 | HEARTBEAT | SYSTEM | EA alive. Tick=317800 Equity=44972.40 OpenPos=0 PendingOrders=0 UTC=2026.03.20 18:36 DayOfWeek=5 WeekendCloseActive=YES NewTradeBlocked=YES | 317800.000000
OG	0	12:36:46.298	Cazyxio_v4.3 (EURUSD,M15)	2026.03.20 18:36:46 | WEEKEND_CLOSE | SYSTEM | Friday post-close. EA idle. Tick=317804
GD	0	12:37:21.073	Cazyxio_v4.3 (EURUSD,M15)	2026.03.20 18:37:21 | HEARTBEAT | SYSTEM | EA alive. Tick=317900 Equity=44972.40 OpenPos=0 PendingOrders=0 UTC=2026.03.20 18:37 DayOfWeek=5 WeekendCloseActive=YES NewTradeBlocked=YES | 317900.000000
PF	0	12:37:22.298	Cazyxio_v4.3 (EURUSD,M15)	2026.03.20 18:37:22 | WEEKEND_CLOSE | SYSTEM | Friday post-close. EA idle. Tick=317904
OG	0	12:38:02.254	Cazyxio_v4.3 (EURUSD,M15)	2026.03.20 18:38:02 | HEARTBEAT | SYSTEM | EA alive. Tick=318000 Equity=44972.40 OpenPos=0 PendingOrders=0 UTC=2026.03.20 18:38 DayOfWeek=5 WeekendCloseActive=YES NewTradeBlocked=YES | 318000.000000
MQ	0	12:38:04.046	Cazyxio_v4.3 (EURUSD,M15)	2026.03.20 18:38:04 | WEEKEND_CLOSE | SYSTEM | Friday post-close. EA idle. Tick=318004
MF	0	12:38:39.885	Cazyxio_v4.3 (EURUSD,M15)	2026.03.20 18:38:39 | HEARTBEAT | SYSTEM | EA alive. Tick=318100 Equity=44972.40 OpenPos=0 PendingOrders=0 UTC=2026.03.20 18:38 DayOfWeek=5 WeekendCloseActive=YES NewTradeBlocked=YES | 318100.000000
KP	0	12:38:40.890	Cazyxio_v4.3 (EURUSD,M15)	2026.03.20 18:38:40 | WEEKEND_CLOSE | SYSTEM | Friday post-close. EA idle. Tick=318104
QQ	0	12:39:22.426	Cazyxio_v4.3 (EURUSD,M15)	2026.03.20 18:39:22 | HEARTBEAT | SYSTEM | EA alive. Tick=318200 Equity=44972.40 OpenPos=0 PendingOrders=0 UTC=2026.03.20 18:39 DayOfWeek=5 WeekendCloseActive=YES NewTradeBlocked=YES | 318200.000000
RS	0	12:39:23.423	Cazyxio_v4.3 (EURUSD,M15)	2026.03.20 18:39:23 | WEEKEND_CLOSE | SYSTEM | Friday post-close. EA idle. Tick=318204
EP	0	12:40:02.057	Cazyxio_v4.3 (EURUSD,M15)	2026.03.20 18:40:02 | HEARTBEAT | SYSTEM | EA alive. Tick=318300 Equity=44972.40 OpenPos=0 PendingOrders=0 UTC=2026.03.20 18:40 DayOfWeek=5 WeekendCloseActive=YES NewTradeBlocked=YES | 318300.000000
OR	0	12:40:03.241	Cazyxio_v4.3 (EURUSD,M15)	2026.03.20 18:40:03 | WEEKEND_CLOSE | SYSTEM | Friday post-close. EA idle. Tick=318304
FS	0	12:40:42.726	Cazyxio_v4.3 (EURUSD,M15)	2026.03.20 18:40:42 | HEARTBEAT | SYSTEM | EA alive. Tick=318400 Equity=44972.40 OpenPos=0 PendingOrders=0 UTC=2026.03.20 18:40 DayOfWeek=5 WeekendCloseActive=YES NewTradeBlocked=YES | 318400.000000
RM	0	12:40:46.113	Cazyxio_v4.3 (EURUSD,M15)	2026.03.20 18:40:46 | WEEKEND_CLOSE | SYSTEM | Friday post-close. EA idle. Tick=318404
LR	0	12:41:24.668	Cazyxio_v4.3 (EURUSD,M15)	2026.03.20 18:41:24 | HEARTBEAT | SYSTEM | EA alive. Tick=318500 Equity=44972.40 OpenPos=0 PendingOrders=0 UTC=2026.03.20 18:41 DayOfWeek=5 WeekendCloseActive=YES NewTradeBlocked=YES | 318500.000000
GL	0	12:41:25.669	Cazyxio_v4.3 (EURUSD,M15)	2026.03.20 18:41:25 | WEEKEND_CLOSE | SYSTEM | Friday post-close. EA idle. Tick=318504
CM	0	12:42:03.471	Cazyxio_v4.3 (EURUSD,M15)	2026.03.20 18:42:03 | HEARTBEAT | SYSTEM | EA alive. Tick=318600 Equity=44972.40 OpenPos=0 PendingOrders=0 UTC=2026.03.20 18:42 DayOfWeek=5 WeekendCloseActive=YES NewTradeBlocked=YES | 318600.000000
CO	0	12:42:04.718	Cazyxio_v4.3 (EURUSD,M15)	2026.03.20 18:42:04 | WEEKEND_CLOSE | SYSTEM | Friday post-close. EA idle. Tick=318604
QL	0	12:42:47.581	Cazyxio_v4.3 (EURUSD,M15)	2026.03.20 18:42:47 | HEARTBEAT | SYSTEM | EA alive. Tick=318700 Equity=44972.40 OpenPos=0 PendingOrders=0 UTC=2026.03.20 18:42 DayOfWeek=5 WeekendCloseActive=YES NewTradeBlocked=YES | 318700.000000
JN	0	12:42:48.686	Cazyxio_v4.3 (EURUSD,M15)	2026.03.20 18:42:48 | WEEKEND_CLOSE | SYSTEM | Friday post-close. EA idle. Tick=318704
EO	0	12:43:27.001	Cazyxio_v4.3 (EURUSD,M15)	2026.03.20 18:43:27 | HEARTBEAT | SYSTEM | EA alive. Tick=318800 Equity=44972.40 OpenPos=0 PendingOrders=0 UTC=2026.03.20 18:43 DayOfWeek=5 WeekendCloseActive=YES NewTradeBlocked=YES | 318800.000000
KI	0	12:43:28.967	Cazyxio_v4.3 (EURUSD,M15)	2026.03.20 18:43:28 | WEEKEND_CLOSE | SYSTEM | Friday post-close. EA idle. Tick=318804
QN	0	12:44:06.318	Cazyxio_v4.3 (EURUSD,M15)	2026.03.20 18:44:06 | HEARTBEAT | SYSTEM | EA alive. Tick=318900 Equity=44972.40 OpenPos=0 PendingOrders=0 UTC=2026.03.20 18:44 DayOfWeek=5 WeekendCloseActive=YES NewTradeBlocked=YES | 318900.000000
EH	0	12:44:07.322	Cazyxio_v4.3 (EURUSD,M15)	2026.03.20 18:44:07 | WEEKEND_CLOSE | SYSTEM | Friday post-close. EA idle. Tick=318904
EI	0	12:44:47.530	Cazyxio_v4.3 (EURUSD,M15)	2026.03.20 18:44:47 | HEARTBEAT | SYSTEM | EA alive. Tick=319000 Equity=44972.40 OpenPos=0 PendingOrders=0 UTC=2026.03.20 18:44 DayOfWeek=5 WeekendCloseActive=YES NewTradeBlocked=YES | 319000.000000
IK	0	12:44:49.438	Cazyxio_v4.3 (EURUSD,M15)	2026.03.20 18:44:49 | WEEKEND_CLOSE | SYSTEM | Friday post-close. EA idle. Tick=319004
QH	0	12:45:32.874	Cazyxio_v4.3 (EURUSD,M15)	2026.03.20 18:45:32 | HEARTBEAT | SYSTEM | EA alive. Tick=319100 Equity=44972.40 OpenPos=0 PendingOrders=0 UTC=2026.03.20 18:45 DayOfWeek=5 WeekendCloseActive=YES NewTradeBlocked=YES | 319100.000000
JJ	0	12:45:34.539	Cazyxio_v4.3 (EURUSD,M15)	2026.03.20 18:45:34 | WEEKEND_CLOSE | SYSTEM | Friday post-close. EA idle. Tick=319104
IK	0	12:46:11.761	Cazyxio_v4.3 (EURUSD,M15)	2026.03.20 18:46:11 | HEARTBEAT | SYSTEM | EA alive. Tick=319200 Equity=44972.40 OpenPos=0 PendingOrders=0 UTC=2026.03.20 18:46 DayOfWeek=5 WeekendCloseActive=YES NewTradeBlocked=YES | 319200.000000
CE	0	12:46:13.597	Cazyxio_v4.3 (EURUSD,M15)	2026.03.20 18:46:13 | WEEKEND_CLOSE | SYSTEM | Friday post-close. EA idle. Tick=319204
HJ	0	12:46:54.131	Cazyxio_v4.3 (EURUSD,M15)	2026.03.20 18:46:54 | HEARTBEAT | SYSTEM | EA alive. Tick=319300 Equity=44972.40 OpenPos=0 PendingOrders=0 UTC=2026.03.20 18:46 DayOfWeek=5 WeekendCloseActive=YES NewTradeBlocked=YES | 319300.000000
KD	0	12:46:55.310	Cazyxio_v4.3 (EURUSD,M15)	2026.03.20 18:46:55 | WEEKEND_CLOSE | SYSTEM | Friday post-close. EA idle. Tick=319304
KE	0	12:47:41.179	Cazyxio_v4.3 (EURUSD,M15)	2026.03.20 18:47:41 | HEARTBEAT | SYSTEM | EA alive. Tick=319400 Equity=44972.40 OpenPos=0 PendingOrders=0 UTC=2026.03.20 18:47 DayOfWeek=5 WeekendCloseActive=YES NewTradeBlocked=YES | 319400.000000
FG	0	12:47:43.068	Cazyxio_v4.3 (EURUSD,M15)	2026.03.20 18:47:43 | WEEKEND_CLOSE | SYSTEM | Friday post-close. EA idle. Tick=319404
LD	0	12:48:27.771	Cazyxio_v4.3 (EURUSD,M15)	2026.03.20 18:48:27 | HEARTBEAT | SYSTEM | EA alive. Tick=319500 Equity=44972.40 OpenPos=0 PendingOrders=0 UTC=2026.03.20 18:48 DayOfWeek=5 WeekendCloseActive=YES NewTradeBlocked=YES | 319500.000000
PF	0	12:48:33.771	Cazyxio_v4.3 (EURUSD,M15)	2026.03.20 18:48:33 | WEEKEND_CLOSE | SYSTEM | Friday post-close. EA idle. Tick=319504
GG	0	12:49:19.638	Cazyxio_v4.3 (EURUSD,M15)	2026.03.20 18:49:19 | HEARTBEAT | SYSTEM | EA alive. Tick=319600 Equity=44972.40 OpenPos=0 PendingOrders=0 UTC=2026.03.20 18:49 DayOfWeek=5 WeekendCloseActive=YES NewTradeBlocked=YES | 319600.000000
QQ	0	12:49:20.643	Cazyxio_v4.3 (EURUSD,M15)	2026.03.20 18:49:20 | WEEKEND_CLOSE | SYSTEM | Friday post-close. EA idle. Tick=319604
EF	0	12:50:05.535	Cazyxio_v4.3 (EURUSD,M15)	2026.03.20 18:50:05 | HEARTBEAT | SYSTEM | EA alive. Tick=319700 Equity=44972.40 OpenPos=0 PendingOrders=0 UTC=2026.03.20 18:50 DayOfWeek=5 WeekendCloseActive=YES NewTradeBlocked=YES | 319700.000000
KP	0	12:50:07.226	Cazyxio_v4.3 (EURUSD,M15)	2026.03.20 18:50:07 | WEEKEND_CLOSE | SYSTEM | Friday post-close. EA idle. Tick=319704
JQ	0	12:51:00.456	Cazyxio_v4.3 (EURUSD,M15)	2026.03.20 18:51:00 | HEARTBEAT | SYSTEM | EA alive. Tick=319800 Equity=44972.40 OpenPos=0 PendingOrders=0 UTC=2026.03.20 18:51 DayOfWeek=5 WeekendCloseActive=YES NewTradeBlocked=YES | 319800.000000
MS	0	12:51:02.290	Cazyxio_v4.3 (EURUSD,M15)	2026.03.20 18:51:02 | WEEKEND_CLOSE | SYSTEM | Friday post-close. EA idle. Tick=319804
LP	0	12:51:56.696	Cazyxio_v4.3 (EURUSD,M15)	2026.03.20 18:51:56 | HEARTBEAT | SYSTEM | EA alive. Tick=319900 Equity=44972.40 OpenPos=0 PendingOrders=0 UTC=2026.03.20 18:51 DayOfWeek=5 WeekendCloseActive=YES NewTradeBlocked=YES | 319900.000000
ER	0	12:52:00.471	Cazyxio_v4.3 (EURUSD,M15)	2026.03.20 18:52:00 | WEEKEND_CLOSE | SYSTEM | Friday post-close. EA idle. Tick=319904
LS	0	12:52:48.857	Cazyxio_v4.3 (EURUSD,M15)	2026.03.20 18:52:48 | HEARTBEAT | SYSTEM | EA alive. Tick=320000 Equity=44972.40 OpenPos=0 PendingOrders=0 UTC=2026.03.20 18:52 DayOfWeek=5 WeekendCloseActive=YES NewTradeBlocked=YES | 320000.000000
MM	0	12:52:50.180	Cazyxio_v4.3 (EURUSD,M15)	2026.03.20 18:52:50 | WEEKEND_CLOSE | SYSTEM | Friday post-close. EA idle. Tick=320004
GR	0	12:53:27.574	Cazyxio_v4.3 (EURUSD,M15)	2026.03.20 18:53:27 | HEARTBEAT | SYSTEM | EA alive. Tick=320100 Equity=44972.40 OpenPos=0 PendingOrders=0 UTC=2026.03.20 18:53 DayOfWeek=5 WeekendCloseActive=YES NewTradeBlocked=YES | 320100.000000
DL	0	12:53:29.074	Cazyxio_v4.3 (EURUSD,M15)	2026.03.20 18:53:29 | WEEKEND_CLOSE | SYSTEM | Friday post-close. EA idle. Tick=320104
FM	0	12:54:07.446	Cazyxio_v4.3 (EURUSD,M15)	2026.03.20 18:54:07 | HEARTBEAT | SYSTEM | EA alive. Tick=320200 Equity=44972.40 OpenPos=0 PendingOrders=0 UTC=2026.03.20 18:54 DayOfWeek=5 WeekendCloseActive=YES NewTradeBlocked=YES | 320200.000000
DO	0	12:54:08.880	Cazyxio_v4.3 (EURUSD,M15)	2026.03.20 18:54:08 | WEEKEND_CLOSE | SYSTEM | Friday post-close. EA idle. Tick=320204
HL	0	12:55:17.616	Cazyxio_v4.3 (EURUSD,M15)	2026.03.20 18:55:17 | HEARTBEAT | SYSTEM | EA alive. Tick=320300 Equity=44972.40 OpenPos=0 PendingOrders=0 UTC=2026.03.20 18:55 DayOfWeek=5 WeekendCloseActive=YES NewTradeBlocked=YES | 320300.000000
JN	0	12:55:18.700	Cazyxio_v4.3 (EURUSD,M15)	2026.03.20 18:55:18 | WEEKEND_CLOSE | SYSTEM | Friday post-close. EA idle. Tick=320304
CO	0	12:56:07.421	Cazyxio_v4.3 (EURUSD,M15)	2026.03.20 18:56:07 | HEARTBEAT | SYSTEM | EA alive. Tick=320400 Equity=44972.40 OpenPos=0 PendingOrders=0 UTC=2026.03.20 18:56 DayOfWeek=5 WeekendCloseActive=YES NewTradeBlocked=YES | 320400.000000
MI	0	12:56:08.481	Cazyxio_v4.3 (EURUSD,M15)	2026.03.20 18:56:08 | WEEKEND_CLOSE | SYSTEM | Friday post-close. EA idle. Tick=320404
QN	0	12:56:51.292	Cazyxio_v4.3 (EURUSD,M15)	2026.03.20 18:56:51 | HEARTBEAT | SYSTEM | EA alive. Tick=320500 Equity=44972.40 OpenPos=0 PendingOrders=0 UTC=2026.03.20 18:56 DayOfWeek=5 WeekendCloseActive=YES NewTradeBlocked=YES | 320500.000000
GH	0	12:56:53.453	Cazyxio_v4.3 (EURUSD,M15)	2026.03.20 18:56:53 | WEEKEND_CLOSE | SYSTEM | Friday post-close. EA idle. Tick=320504
GI	0	12:57:47.064	Cazyxio_v4.3 (EURUSD,M15)	2026.03.20 18:57:47 | HEARTBEAT | SYSTEM | EA alive. Tick=320600 Equity=44972.40 OpenPos=0 PendingOrders=0 UTC=2026.03.20 18:57 DayOfWeek=5 WeekendCloseActive=YES NewTradeBlocked=YES | 320600.000000
GK	0	12:57:50.144	Cazyxio_v4.3 (EURUSD,M15)	2026.03.20 18:57:50 | WEEKEND_CLOSE | SYSTEM | Friday post-close. EA idle. Tick=320604
OH	0	12:58:49.410	Cazyxio_v4.3 (EURUSD,M15)	2026.03.20 18:58:49 | HEARTBEAT | SYSTEM | EA alive. Tick=320700 Equity=44972.40 OpenPos=0 PendingOrders=0 UTC=2026.03.20 18:58 DayOfWeek=5 WeekendCloseActive=YES NewTradeBlocked=YES | 320700.000000
DJ	0	12:58:52.647	Cazyxio_v4.3 (EURUSD,M15)	2026.03.20 18:58:52 | WEEKEND_CLOSE | SYSTEM | Friday post-close. EA idle. Tick=320704
IK	0	12:59:48.259	Cazyxio_v4.3 (EURUSD,M15)	2026.03.20 18:59:48 | HEARTBEAT | SYSTEM | EA alive. Tick=320800 Equity=44972.40 OpenPos=0 PendingOrders=0 UTC=2026.03.20 18:59 DayOfWeek=5 WeekendCloseActive=YES NewTradeBlocked=YES | 320800.000000
CE	0	12:59:51.784	Cazyxio_v4.3 (EURUSD,M15)	2026.03.20 18:59:51 | WEEKEND_CLOSE | SYSTEM | Friday post-close. EA idle. Tick=320804
GJ	0	13:00:27.771	Cazyxio_v4.3 (EURUSD,M15)	2026.03.20 19:00:27 | HEARTBEAT | SYSTEM | EA alive. Tick=320900 Equity=44972.40 OpenPos=0 PendingOrders=0 UTC=2026.03.20 19:00 DayOfWeek=5 WeekendCloseActive=YES NewTradeBlocked=YES | 320900.000000
ND	0	13:00:29.203	Cazyxio_v4.3 (EURUSD,M15)	2026.03.20 19:00:29 | WEEKEND_CLOSE | SYSTEM | Friday post-close. EA idle. Tick=320904
IE	0	13:01:12.626	Cazyxio_v4.3 (EURUSD,M15)	2026.03.20 19:01:12 | HEARTBEAT | SYSTEM | EA alive. Tick=321000 Equity=44972.40 OpenPos=0 PendingOrders=0 UTC=2026.03.20 19:01 DayOfWeek=5 WeekendCloseActive=YES NewTradeBlocked=YES | 321000.000000
FG	0	13:01:14.771	Cazyxio_v4.3 (EURUSD,M15)	2026.03.20 19:01:14 | WEEKEND_CLOSE | SYSTEM | Friday post-close. EA idle. Tick=321004
FD	0	13:02:04.127	Cazyxio_v4.3 (EURUSD,M15)	2026.03.20 19:02:04 | HEARTBEAT | SYSTEM | EA alive. Tick=321100 Equity=44972.40 OpenPos=0 PendingOrders=0 UTC=2026.03.20 19:02 DayOfWeek=5 WeekendCloseActive=YES NewTradeBlocked=YES | 321100.000000
RF	0	13:02:09.509	Cazyxio_v4.3 (EURUSD,M15)	2026.03.20 19:02:09 | WEEKEND_CLOSE | SYSTEM | Friday post-close. EA idle. Tick=321104
IG	0	13:02:58.122	Cazyxio_v4.3 (EURUSD,M15)	2026.03.20 19:02:58 | HEARTBEAT | SYSTEM | EA alive. Tick=321200 Equity=44972.40 OpenPos=0 PendingOrders=0 UTC=2026.03.20 19:02 DayOfWeek=5 WeekendCloseActive=YES NewTradeBlocked=YES | 321200.000000
JQ	0	13:03:00.340	Cazyxio_v4.3 (EURUSD,M15)	2026.03.20 19:03:00 | WEEKEND_CLOSE | SYSTEM | Friday post-close. EA idle. Tick=321204
GF	0	13:04:05.041	Cazyxio_v4.3 (EURUSD,M15)	2026.03.20 19:04:05 | HEARTBEAT | SYSTEM | EA alive. Tick=321300 Equity=44972.40 OpenPos=0 PendingOrders=0 UTC=2026.03.20 19:04 DayOfWeek=5 WeekendCloseActive=YES NewTradeBlocked=YES | 321300.000000
HP	0	13:04:08.127	Cazyxio_v4.3 (EURUSD,M15)	2026.03.20 19:04:08 | WEEKEND_CLOSE | SYSTEM | Friday post-close. EA idle. Tick=321304
FQ	0	13:05:16.056	Cazyxio_v4.3 (EURUSD,M15)	2026.03.20 19:05:16 | HEARTBEAT | SYSTEM | EA alive. Tick=321400 Equity=44972.40 OpenPos=0 PendingOrders=0 UTC=2026.03.20 19:05 DayOfWeek=5 WeekendCloseActive=YES NewTradeBlocked=YES | 321400.000000
IS	0	13:05:17.642	Cazyxio_v4.3 (EURUSD,M15)	2026.03.20 19:05:17 | WEEKEND_CLOSE | SYSTEM | Friday post-close. EA idle. Tick=321404
LP	0	13:06:24.192	Cazyxio_v4.3 (EURUSD,M15)	2026.03.20 19:06:24 | HEARTBEAT | SYSTEM | EA alive. Tick=321500 Equity=44972.40 OpenPos=0 PendingOrders=0 UTC=2026.03.20 19:06 DayOfWeek=5 WeekendCloseActive=YES NewTradeBlocked=YES | 321500.000000
LR	0	13:06:25.439	Cazyxio_v4.3 (EURUSD,M15)	2026.03.20 19:06:25 | WEEKEND_CLOSE | SYSTEM | Friday post-close. EA idle. Tick=321504
GS	0	13:07:16.017	Cazyxio_v4.3 (EURUSD,M15)	2026.03.20 19:07:16 | HEARTBEAT | SYSTEM | EA alive. Tick=321600 Equity=44972.40 OpenPos=0 PendingOrders=0 UTC=2026.03.20 19:07 DayOfWeek=5 WeekendCloseActive=YES NewTradeBlocked=YES | 321600.000000
EM	0	13:07:17.327	Cazyxio_v4.3 (EURUSD,M15)	2026.03.20 19:07:17 | WEEKEND_CLOSE | SYSTEM | Friday post-close. EA idle. Tick=321604
NR	0	13:08:12.897	Cazyxio_v4.3 (EURUSD,M15)	2026.03.20 19:08:12 | HEARTBEAT | SYSTEM | EA alive. Tick=321700 Equity=44972.40 OpenPos=0 PendingOrders=0 UTC=2026.03.20 19:08 DayOfWeek=5 WeekendCloseActive=YES NewTradeBlocked=YES | 321700.000000
ML	0	13:08:15.087	Cazyxio_v4.3 (EURUSD,M15)	2026.03.20 19:08:15 | WEEKEND_CLOSE | SYSTEM | Friday post-close. EA idle. Tick=321704
FM	0	13:09:10.942	Cazyxio_v4.3 (EURUSD,M15)	2026.03.20 19:09:10 | HEARTBEAT | SYSTEM | EA alive. Tick=321800 Equity=44972.40 OpenPos=0 PendingOrders=0 UTC=2026.03.20 19:09 DayOfWeek=5 WeekendCloseActive=YES NewTradeBlocked=YES | 321800.000000
PO	0	13:09:12.447	Cazyxio_v4.3 (EURUSD,M15)	2026.03.20 19:09:12 | WEEKEND_CLOSE | SYSTEM | Friday post-close. EA idle. Tick=321804
NL	0	13:10:19.861	Cazyxio_v4.3 (EURUSD,M15)	2026.03.20 19:10:19 | HEARTBEAT | SYSTEM | EA alive. Tick=321900 Equity=44972.40 OpenPos=0 PendingOrders=0 UTC=2026.03.20 19:10 DayOfWeek=5 WeekendCloseActive=YES NewTradeBlocked=YES | 321900.000000
MN	0	13:10:22.436	Cazyxio_v4.3 (EURUSD,M15)	2026.03.20 19:10:22 | WEEKEND_CLOSE | SYSTEM | Friday post-close. EA idle. Tick=321904
MO	0	13:11:12.168	Cazyxio_v4.3 (EURUSD,M15)	2026.03.20 19:11:12 | HEARTBEAT | SYSTEM | EA alive. Tick=322000 Equity=44972.40 OpenPos=0 PendingOrders=0 UTC=2026.03.20 19:11 DayOfWeek=5 WeekendCloseActive=YES NewTradeBlocked=YES | 322000.000000
MI	0	13:11:13.957	Cazyxio_v4.3 (EURUSD,M15)	2026.03.20 19:11:13 | WEEKEND_CLOSE | SYSTEM | Friday post-close. EA idle. Tick=322004
FN	0	13:12:11.511	Cazyxio_v4.3 (EURUSD,M15)	2026.03.20 19:12:11 | HEARTBEAT | SYSTEM | EA alive. Tick=322100 Equity=44972.40 OpenPos=0 PendingOrders=0 UTC=2026.03.20 19:12 DayOfWeek=5 WeekendCloseActive=YES NewTradeBlocked=YES | 322100.000000
PH	0	13:12:13.195	Cazyxio_v4.3 (EURUSD,M15)	2026.03.20 19:12:13 | WEEKEND_CLOSE | SYSTEM | Friday post-close. EA idle. Tick=322104
PI	0	13:13:07.138	Cazyxio_v4.3 (EURUSD,M15)	2026.03.20 19:13:07 | HEARTBEAT | SYSTEM | EA alive. Tick=322200 Equity=44972.40 OpenPos=0 PendingOrders=0 UTC=2026.03.20 19:13 DayOfWeek=5 WeekendCloseActive=YES NewTradeBlocked=YES | 322200.000000
PK	0	13:13:10.284	Cazyxio_v4.3 (EURUSD,M15)	2026.03.20 19:13:10 | WEEKEND_CLOSE | SYSTEM | Friday post-close. EA idle. Tick=322204
QH	0	13:14:06.691	Cazyxio_v4.3 (EURUSD,M15)	2026.03.20 19:14:06 | HEARTBEAT | SYSTEM | EA alive. Tick=322300 Equity=44972.40 OpenPos=0 PendingOrders=0 UTC=2026.03.20 19:14 DayOfWeek=5 WeekendCloseActive=YES NewTradeBlocked=YES | 322300.000000
NJ	0	13:14:07.696	Cazyxio_v4.3 (EURUSD,M15)	2026.03.20 19:14:07 | WEEKEND_CLOSE | SYSTEM | Friday post-close. EA idle. Tick=322304
EK	0	13:14:58.121	Cazyxio_v4.3 (EURUSD,M15)	2026.03.20 19:14:58 | HEARTBEAT | SYSTEM | EA alive. Tick=322400 Equity=44972.40 OpenPos=0 PendingOrders=0 UTC=2026.03.20 19:14 DayOfWeek=5 WeekendCloseActive=YES NewTradeBlocked=YES | 322400.000000
IE	0	13:15:00.245	Cazyxio_v4.3 (EURUSD,M15)	2026.03.20 19:15:00 | WEEKEND_CLOSE | SYSTEM | Friday post-close. EA idle. Tick=322404
RJ	0	13:15:42.817	Cazyxio_v4.3 (EURUSD,M15)	2026.03.20 19:15:42 | HEARTBEAT | SYSTEM | EA alive. Tick=322500 Equity=44972.40 OpenPos=0 PendingOrders=0 UTC=2026.03.20 19:15 DayOfWeek=5 WeekendCloseActive=YES NewTradeBlocked=YES | 322500.000000
JD	0	13:15:44.715	Cazyxio_v4.3 (EURUSD,M15)	2026.03.20 19:15:44 | WEEKEND_CLOSE | SYSTEM | Friday post-close. EA idle. Tick=322504
CE	0	13:16:32.389	Cazyxio_v4.3 (EURUSD,M15)	2026.03.20 19:16:32 | HEARTBEAT | SYSTEM | EA alive. Tick=322600 Equity=44972.40 OpenPos=0 PendingOrders=0 UTC=2026.03.20 19:16 DayOfWeek=5 WeekendCloseActive=YES NewTradeBlocked=YES | 322600.000000
PG	0	13:16:33.947	Cazyxio_v4.3 (EURUSD,M15)	2026.03.20 19:16:33 | WEEKEND_CLOSE | SYSTEM | Friday post-close. EA idle. Tick=322604
HD	0	13:17:25.125	Cazyxio_v4.3 (EURUSD,M15)	2026.03.20 19:17:25 | HEARTBEAT | SYSTEM | EA alive. Tick=322700 Equity=44972.40 OpenPos=0 PendingOrders=0 UTC=2026.03.20 19:17 DayOfWeek=5 WeekendCloseActive=YES NewTradeBlocked=YES | 322700.000000
NF	0	13:17:27.629	Cazyxio_v4.3 (EURUSD,M15)	2026.03.20 19:17:27 | WEEKEND_CLOSE | SYSTEM | Friday post-close. EA idle. Tick=322704
OG	0	13:18:16.374	Cazyxio_v4.3 (EURUSD,M15)	2026.03.20 19:18:16 | HEARTBEAT | SYSTEM | EA alive. Tick=322800 Equity=44972.40 OpenPos=0 PendingOrders=0 UTC=2026.03.20 19:18 DayOfWeek=5 WeekendCloseActive=YES NewTradeBlocked=YES | 322800.000000
FQ	0	13:18:17.758	Cazyxio_v4.3 (EURUSD,M15)	2026.03.20 19:18:17 | WEEKEND_CLOSE | SYSTEM | Friday post-close. EA idle. Tick=322804
PF	0	13:19:09.123	Cazyxio_v4.3 (EURUSD,M15)	2026.03.20 19:19:09 | HEARTBEAT | SYSTEM | EA alive. Tick=322900 Equity=44972.40 OpenPos=0 PendingOrders=0 UTC=2026.03.20 19:19 DayOfWeek=5 WeekendCloseActive=YES NewTradeBlocked=YES | 322900.000000
PP	0	13:19:10.126	Cazyxio_v4.3 (EURUSD,M15)	2026.03.20 19:19:10 | WEEKEND_CLOSE | SYSTEM | Friday post-close. EA idle. Tick=322904
JQ	0	13:20:04.374	Cazyxio_v4.3 (EURUSD,M15)	2026.03.20 19:20:04 | HEARTBEAT | SYSTEM | EA alive. Tick=323000 Equity=44972.40 OpenPos=0 PendingOrders=0 UTC=2026.03.20 19:20 DayOfWeek=5 WeekendCloseActive=YES NewTradeBlocked=YES | 323000.000000
JS	0	13:20:05.373	Cazyxio_v4.3 (EURUSD,M15)	2026.03.20 19:20:05 | WEEKEND_CLOSE | SYSTEM | Friday post-close. EA idle. Tick=323004
LP	0	13:20:49.790	Cazyxio_v4.3 (EURUSD,M15)	2026.03.20 19:20:49 | HEARTBEAT | SYSTEM | EA alive. Tick=323100 Equity=44972.40 OpenPos=0 PendingOrders=0 UTC=2026.03.20 19:20 DayOfWeek=5 WeekendCloseActive=YES NewTradeBlocked=YES | 323100.000000
CR	0	13:20:50.890	Cazyxio_v4.3 (EURUSD,M15)	2026.03.20 19:20:50 | WEEKEND_CLOSE | SYSTEM | Friday post-close. EA idle. Tick=323104
ES	0	13:21:39.037	Cazyxio_v4.3 (EURUSD,M15)	2026.03.20 19:21:39 | HEARTBEAT | SYSTEM | EA alive. Tick=323200 Equity=44972.40 OpenPos=0 PendingOrders=0 UTC=2026.03.20 19:21 DayOfWeek=5 WeekendCloseActive=YES NewTradeBlocked=YES | 323200.000000
EM	0	13:21:40.202	Cazyxio_v4.3 (EURUSD,M15)	2026.03.20 19:21:40 | WEEKEND_CLOSE | SYSTEM | Friday post-close. EA idle. Tick=323204
LR	0	13:22:47.185	Cazyxio_v4.3 (EURUSD,M15)	2026.03.20 19:22:47 | HEARTBEAT | SYSTEM | EA alive. Tick=323300 Equity=44972.40 OpenPos=0 PendingOrders=0 UTC=2026.03.20 19:22 DayOfWeek=5 WeekendCloseActive=YES NewTradeBlocked=YES | 323300.000000
PL	0	13:22:48.439	Cazyxio_v4.3 (EURUSD,M15)	2026.03.20 19:22:48 | WEEKEND_CLOSE | SYSTEM | Friday post-close. EA idle. Tick=323304
RM	0	13:23:50.380	Cazyxio_v4.3 (EURUSD,M15)	2026.03.20 19:23:50 | HEARTBEAT | SYSTEM | EA alive. Tick=323400 Equity=44972.40 OpenPos=0 PendingOrders=0 UTC=2026.03.20 19:23 DayOfWeek=5 WeekendCloseActive=YES NewTradeBlocked=YES | 323400.000000
RO	0	13:23:53.380	Cazyxio_v4.3 (EURUSD,M15)	2026.03.20 19:23:53 | WEEKEND_CLOSE | SYSTEM | Friday post-close. EA idle. Tick=323404
DL	0	13:24:39.640	Cazyxio_v4.3 (EURUSD,M15)	2026.03.20 19:24:39 | HEARTBEAT | SYSTEM | EA alive. Tick=323500 Equity=44972.40 OpenPos=0 PendingOrders=0 UTC=2026.03.20 19:24 DayOfWeek=5 WeekendCloseActive=YES NewTradeBlocked=YES | 323500.000000
KN	0	13:24:42.915	Cazyxio_v4.3 (EURUSD,M15)	2026.03.20 19:24:42 | WEEKEND_CLOSE | SYSTEM | Friday post-close. EA idle. Tick=323504
MO	0	13:25:40.392	Cazyxio_v4.3 (EURUSD,M15)	2026.03.20 19:25:40 | HEARTBEAT | SYSTEM | EA alive. Tick=323600 Equity=44972.40 OpenPos=0 PendingOrders=0 UTC=2026.03.20 19:25 DayOfWeek=5 WeekendCloseActive=YES NewTradeBlocked=YES | 323600.000000
GI	0	13:25:42.266	Cazyxio_v4.3 (EURUSD,M15)	2026.03.20 19:25:42 | WEEKEND_CLOSE | SYSTEM | Friday post-close. EA idle. Tick=323604
MN	0	13:26:37.784	Cazyxio_v4.3 (EURUSD,M15)	2026.03.20 19:26:37 | HEARTBEAT | SYSTEM | EA alive. Tick=323700 Equity=44972.40 OpenPos=0 PendingOrders=0 UTC=2026.03.20 19:26 DayOfWeek=5 WeekendCloseActive=YES NewTradeBlocked=YES | 323700.000000
CH	0	13:26:41.016	Cazyxio_v4.3 (EURUSD,M15)	2026.03.20 19:26:41 | WEEKEND_CLOSE | SYSTEM | Friday post-close. EA idle. Tick=323704
HI	0	13:27:36.041	Cazyxio_v4.3 (EURUSD,M15)	2026.03.20 19:27:36 | HEARTBEAT | SYSTEM | EA alive. Tick=323800 Equity=44972.40 OpenPos=0 PendingOrders=0 UTC=2026.03.20 19:27 DayOfWeek=5 WeekendCloseActive=YES NewTradeBlocked=YES | 323800.000000
KK	0	13:27:37.451	Cazyxio_v4.3 (EURUSD,M15)	2026.03.20 19:27:37 | WEEKEND_CLOSE | SYSTEM | Friday post-close. EA idle. Tick=323804
OH	0	13:28:51.175	Cazyxio_v4.3 (EURUSD,M15)	2026.03.20 19:28:51 | HEARTBEAT | SYSTEM | EA alive. Tick=323900 Equity=44972.40 OpenPos=0 PendingOrders=0 UTC=2026.03.20 19:28 DayOfWeek=5 WeekendCloseActive=YES NewTradeBlocked=YES | 323900.000000
CJ	0	13:28:53.584	Cazyxio_v4.3 (EURUSD,M15)	2026.03.20 19:28:53 | WEEKEND_CLOSE | SYSTEM | Friday post-close. EA idle. Tick=323904
FK	0	13:29:53.937	Cazyxio_v4.3 (EURUSD,M15)	2026.03.20 19:29:53 | HEARTBEAT | SYSTEM | EA alive. Tick=324000 Equity=44972.40 OpenPos=0 PendingOrders=0 UTC=2026.03.20 19:29 DayOfWeek=5 WeekendCloseActive=YES NewTradeBlocked=YES | 324000.000000
JE	0	13:29:57.257	Cazyxio_v4.3 (EURUSD,M15)	2026.03.20 19:29:57 | WEEKEND_CLOSE | SYSTEM | Friday post-close. EA idle. Tick=324004
QJ	0	13:30:43.448	Cazyxio_v4.3 (EURUSD,M15)	2026.03.20 19:30:43 | HEARTBEAT | SYSTEM | EA alive. Tick=324100 Equity=44972.40 OpenPos=0 PendingOrders=0 UTC=2026.03.20 19:30 DayOfWeek=5 WeekendCloseActive=YES NewTradeBlocked=YES | 324100.000000
RD	0	13:30:44.584	Cazyxio_v4.3 (EURUSD,M15)	2026.03.20 19:30:44 | WEEKEND_CLOSE | SYSTEM | Friday post-close. EA idle. Tick=324104
GE	0	13:31:46.232	Cazyxio_v4.3 (EURUSD,M15)	2026.03.20 19:31:46 | HEARTBEAT | SYSTEM | EA alive. Tick=324200 Equity=44972.40 OpenPos=0 PendingOrders=0 UTC=2026.03.20 19:31 DayOfWeek=5 WeekendCloseActive=YES NewTradeBlocked=YES | 324200.000000
DG	0	13:31:47.675	Cazyxio_v4.3 (EURUSD,M15)	2026.03.20 19:31:47 | WEEKEND_CLOSE | SYSTEM | Friday post-close. EA idle. Tick=324204
HD	0	13:32:34.265	Cazyxio_v4.3 (EURUSD,M15)	2026.03.20 19:32:34 | HEARTBEAT | SYSTEM | EA alive. Tick=324300 Equity=44972.40 OpenPos=0 PendingOrders=0 UTC=2026.03.20 19:32 DayOfWeek=5 WeekendCloseActive=YES NewTradeBlocked=YES | 324300.000000
CF	0	13:32:38.136	Cazyxio_v4.3 (EURUSD,M15)	2026.03.20 19:32:38 | WEEKEND_CLOSE | SYSTEM | Friday post-close. EA idle. Tick=324304
EG	0	13:33:29.465	Cazyxio_v4.3 (EURUSD,M15)	2026.03.20 19:33:29 | HEARTBEAT | SYSTEM | EA alive. Tick=324400 Equity=44972.40 OpenPos=0 PendingOrders=0 UTC=2026.03.20 19:33 DayOfWeek=5 WeekendCloseActive=YES NewTradeBlocked=YES | 324400.000000
PQ	0	13:33:31.248	Cazyxio_v4.3 (EURUSD,M15)	2026.03.20 19:33:31 | WEEKEND_CLOSE | SYSTEM | Friday post-close. EA idle. Tick=324404
PF	0	13:34:34.294	Cazyxio_v4.3 (EURUSD,M15)	2026.03.20 19:34:34 | HEARTBEAT | SYSTEM | EA alive. Tick=324500 Equity=44972.40 OpenPos=0 PendingOrders=0 UTC=2026.03.20 19:34 DayOfWeek=5 WeekendCloseActive=YES NewTradeBlocked=YES | 324500.000000
GP	0	13:34:35.305	Cazyxio_v4.3 (EURUSD,M15)	2026.03.20 19:34:35 | WEEKEND_CLOSE | SYSTEM | Friday post-close. EA idle. Tick=324504
IQ	0	13:35:33.656	Cazyxio_v4.3 (EURUSD,M15)	2026.03.20 19:35:33 | HEARTBEAT | SYSTEM | EA alive. Tick=324600 Equity=44972.40 OpenPos=0 PendingOrders=0 UTC=2026.03.20 19:35 DayOfWeek=5 WeekendCloseActive=YES NewTradeBlocked=YES | 324600.000000
RS	0	13:35:35.196	Cazyxio_v4.3 (EURUSD,M15)	2026.03.20 19:35:35 | WEEKEND_CLOSE | SYSTEM | Friday post-close. EA idle. Tick=324604
NP	0	13:36:31.964	Cazyxio_v4.3 (EURUSD,M15)	2026.03.20 19:36:31 | HEARTBEAT | SYSTEM | EA alive. Tick=324700 Equity=44972.40 OpenPos=0 PendingOrders=0 UTC=2026.03.20 19:36 DayOfWeek=5 WeekendCloseActive=YES NewTradeBlocked=YES | 324700.000000
LR	0	13:36:33.786	Cazyxio_v4.3 (EURUSD,M15)	2026.03.20 19:36:33 | WEEKEND_CLOSE | SYSTEM | Friday post-close. EA idle. Tick=324704
ES	0	13:37:23.223	Cazyxio_v4.3 (EURUSD,M15)	2026.03.20 19:37:23 | HEARTBEAT | SYSTEM | EA alive. Tick=324800 Equity=44972.40 OpenPos=0 PendingOrders=0 UTC=2026.03.20 19:37 DayOfWeek=5 WeekendCloseActive=YES NewTradeBlocked=YES | 324800.000000
MM	0	13:37:25.072	Cazyxio_v4.3 (EURUSD,M15)	2026.03.20 19:37:25 | WEEKEND_CLOSE | SYSTEM | Friday post-close. EA idle. Tick=324804
PR	0	13:38:22.773	Cazyxio_v4.3 (EURUSD,M15)	2026.03.20 19:38:22 | HEARTBEAT | SYSTEM | EA alive. Tick=324900 Equity=44972.40 OpenPos=0 PendingOrders=0 UTC=2026.03.20 19:38 DayOfWeek=5 WeekendCloseActive=YES NewTradeBlocked=YES | 324900.000000
JL	0	13:38:24.768	Cazyxio_v4.3 (EURUSD,M15)	2026.03.20 19:38:24 | WEEKEND_CLOSE | SYSTEM | Friday post-close. EA idle. Tick=324904
PM	0	13:39:18.714	Cazyxio_v4.3 (EURUSD,M15)	2026.03.20 19:39:18 | HEARTBEAT | SYSTEM | EA alive. Tick=325000 Equity=44972.40 OpenPos=0 PendingOrders=0 UTC=2026.03.20 19:39 DayOfWeek=5 WeekendCloseActive=YES NewTradeBlocked=YES | 325000.000000
HO	0	13:39:22.245	Cazyxio_v4.3 (EURUSD,M15)	2026.03.20 19:39:22 | WEEKEND_CLOSE | SYSTEM | Friday post-close. EA idle. Tick=325004
NL	0	13:40:24.219	Cazyxio_v4.3 (EURUSD,M15)	2026.03.20 19:40:24 | HEARTBEAT | SYSTEM | EA alive. Tick=325100 Equity=44972.40 OpenPos=0 PendingOrders=0 UTC=2026.03.20 19:40 DayOfWeek=5 WeekendCloseActive=YES NewTradeBlocked=YES | 325100.000000
PN	0	13:40:26.039	Cazyxio_v4.3 (EURUSD,M15)	2026.03.20 19:40:26 | WEEKEND_CLOSE | SYSTEM | Friday post-close. EA idle. Tick=325104
PO	0	13:41:35.058	Cazyxio_v4.3 (EURUSD,M15)	2026.03.20 19:41:35 | HEARTBEAT | SYSTEM | EA alive. Tick=325200 Equity=44972.40 OpenPos=0 PendingOrders=0 UTC=2026.03.20 19:41 DayOfWeek=5 WeekendCloseActive=YES NewTradeBlocked=YES | 325200.000000
EI	0	13:41:38.116	Cazyxio_v4.3 (EURUSD,M15)	2026.03.20 19:41:38 | WEEKEND_CLOSE | SYSTEM | Friday post-close. EA idle. Tick=325204
CN	0	13:42:23.021	Cazyxio_v4.3 (EURUSD,M15)	2026.03.20 19:42:23 | HEARTBEAT | SYSTEM | EA alive. Tick=325300 Equity=44972.40 OpenPos=0 PendingOrders=0 UTC=2026.03.20 19:42 DayOfWeek=5 WeekendCloseActive=YES NewTradeBlocked=YES | 325300.000000
MH	0	13:42:24.069	Cazyxio_v4.3 (EURUSD,M15)	2026.03.20 19:42:24 | WEEKEND_CLOSE | SYSTEM | Friday post-close. EA idle. Tick=325304
EI	0	13:43:24.437	Cazyxio_v4.3 (EURUSD,M15)	2026.03.20 19:43:24 | HEARTBEAT | SYSTEM | EA alive. Tick=325400 Equity=44972.40 OpenPos=0 PendingOrders=0 UTC=2026.03.20 19:43 DayOfWeek=5 WeekendCloseActive=YES NewTradeBlocked=YES | 325400.000000
GK	0	13:43:25.475	Cazyxio_v4.3 (EURUSD,M15)	2026.03.20 19:43:25 | WEEKEND_CLOSE | SYSTEM | Friday post-close. EA idle. Tick=325404
MH	0	13:44:25.953	Cazyxio_v4.3 (EURUSD,M15)	2026.03.20 19:44:25 | HEARTBEAT | SYSTEM | EA alive. Tick=325500 Equity=44972.40 OpenPos=0 PendingOrders=0 UTC=2026.03.20 19:44 DayOfWeek=5 WeekendCloseActive=YES NewTradeBlocked=YES | 325500.000000
IJ	0	13:44:27.317	Cazyxio_v4.3 (EURUSD,M15)	2026.03.20 19:44:27 | WEEKEND_CLOSE | SYSTEM | Friday post-close. EA idle. Tick=325504
PK	0	13:45:20.238	Cazyxio_v4.3 (EURUSD,M15)	2026.03.20 19:45:20 | HEARTBEAT | SYSTEM | EA alive. Tick=325600 Equity=44972.40 OpenPos=0 PendingOrders=0 UTC=2026.03.20 19:45 DayOfWeek=5 WeekendCloseActive=YES NewTradeBlocked=YES | 325600.000000
RE	0	13:45:22.249	Cazyxio_v4.3 (EURUSD,M15)	2026.03.20 19:45:22 | WEEKEND_CLOSE | SYSTEM | Friday post-close. EA idle. Tick=325604
HJ	0	13:46:10.552	Cazyxio_v4.3 (EURUSD,M15)	2026.03.20 19:46:10 | HEARTBEAT | SYSTEM | EA alive. Tick=325700 Equity=44972.40 OpenPos=0 PendingOrders=0 UTC=2026.03.20 19:46 DayOfWeek=5 WeekendCloseActive=YES NewTradeBlocked=YES | 325700.000000
RD	0	13:46:12.068	Cazyxio_v4.3 (EURUSD,M15)	2026.03.20 19:46:12 | WEEKEND_CLOSE | SYSTEM | Friday post-close. EA idle. Tick=325704
CE	0	13:46:52.887	Cazyxio_v4.3 (EURUSD,M15)	2026.03.20 19:46:52 | HEARTBEAT | SYSTEM | EA alive. Tick=325800 Equity=44972.40 OpenPos=0 PendingOrders=0 UTC=2026.03.20 19:46 DayOfWeek=5 WeekendCloseActive=YES NewTradeBlocked=YES | 325800.000000
RG	0	13:46:54.504	Cazyxio_v4.3 (EURUSD,M15)	2026.03.20 19:46:54 | WEEKEND_CLOSE | SYSTEM | Friday post-close. EA idle. Tick=325804
ED	0	13:47:36.620	Cazyxio_v4.3 (EURUSD,M15)	2026.03.20 19:47:36 | HEARTBEAT | SYSTEM | EA alive. Tick=325900 Equity=44972.40 OpenPos=0 PendingOrders=0 UTC=2026.03.20 19:47 DayOfWeek=5 WeekendCloseActive=YES NewTradeBlocked=YES | 325900.000000
KF	0	13:47:39.142	Cazyxio_v4.3 (EURUSD,M15)	2026.03.20 19:47:39 | WEEKEND_CLOSE | SYSTEM | Friday post-close. EA idle. Tick=325904
PG	0	13:48:29.747	Cazyxio_v4.3 (EURUSD,M15)	2026.03.20 19:48:29 | HEARTBEAT | SYSTEM | EA alive. Tick=326000 Equity=44972.40 OpenPos=0 PendingOrders=0 UTC=2026.03.20 19:48 DayOfWeek=5 WeekendCloseActive=YES NewTradeBlocked=YES | 326000.000000
FQ	0	13:48:30.754	Cazyxio_v4.3 (EURUSD,M15)	2026.03.20 19:48:30 | WEEKEND_CLOSE | SYSTEM | Friday post-close. EA idle. Tick=326004
HF	0	13:49:25.940	Cazyxio_v4.3 (EURUSD,M15)	2026.03.20 19:49:25 | HEARTBEAT | SYSTEM | EA alive. Tick=326100 Equity=44972.40 OpenPos=0 PendingOrders=0 UTC=2026.03.20 19:49 DayOfWeek=5 WeekendCloseActive=YES NewTradeBlocked=YES | 326100.000000
HP	0	13:49:27.089	Cazyxio_v4.3 (EURUSD,M15)	2026.03.20 19:49:27 | WEEKEND_CLOSE | SYSTEM | Friday post-close. EA idle. Tick=326104
CQ	0	13:50:06.213	Cazyxio_v4.3 (EURUSD,M15)	2026.03.20 19:50:06 | HEARTBEAT | SYSTEM | EA alive. Tick=326200 Equity=44972.40 OpenPos=0 PendingOrders=0 UTC=2026.03.20 19:50 DayOfWeek=5 WeekendCloseActive=YES NewTradeBlocked=YES | 326200.000000
ES	0	13:50:07.612	Cazyxio_v4.3 (EURUSD,M15)	2026.03.20 19:50:07 | WEEKEND_CLOSE | SYSTEM | Friday post-close. EA idle. Tick=326204
CP	0	13:50:39.743	Cazyxio_v4.3 (EURUSD,M15)	2026.03.20 19:50:39 | HEARTBEAT | SYSTEM | EA alive. Tick=326300 Equity=44972.40 OpenPos=0 PendingOrders=0 UTC=2026.03.20 19:50 DayOfWeek=5 WeekendCloseActive=YES NewTradeBlocked=YES | 326300.000000
CR	0	13:50:42.622	Cazyxio_v4.3 (EURUSD,M15)	2026.03.20 19:50:42 | WEEKEND_CLOSE | SYSTEM | Friday post-close. EA idle. Tick=326304
NS	0	13:51:31.129	Cazyxio_v4.3 (EURUSD,M15)	2026.03.20 19:51:31 | HEARTBEAT | SYSTEM | EA alive. Tick=326400 Equity=44972.40 OpenPos=0 PendingOrders=0 UTC=2026.03.20 19:51 DayOfWeek=5 WeekendCloseActive=YES NewTradeBlocked=YES | 326400.000000
IM	0	13:51:33.654	Cazyxio_v4.3 (EURUSD,M15)	2026.03.20 19:51:33 | WEEKEND_CLOSE | SYSTEM | Friday post-close. EA idle. Tick=326404
JR	0	13:53:09.271	Cazyxio_v4.3 (EURUSD,M15)	2026.03.20 19:53:09 | HEARTBEAT | SYSTEM | EA alive. Tick=326500 Equity=44972.40 OpenPos=0 PendingOrders=0 UTC=2026.03.20 19:53 DayOfWeek=5 WeekendCloseActive=YES NewTradeBlocked=YES | 326500.000000
NL	0	13:53:11.957	Cazyxio_v4.3 (EURUSD,M15)	2026.03.20 19:53:11 | WEEKEND_CLOSE | SYSTEM | Friday post-close. EA idle. Tick=326504
FM	0	13:54:14.997	Cazyxio_v4.3 (EURUSD,M15)	2026.03.20 19:54:14 | HEARTBEAT | SYSTEM | EA alive. Tick=326600 Equity=44972.40 OpenPos=0 PendingOrders=0 UTC=2026.03.20 19:54 DayOfWeek=5 WeekendCloseActive=YES NewTradeBlocked=YES | 326600.000000
MO	0	13:54:17.876	Cazyxio_v4.3 (EURUSD,M15)	2026.03.20 19:54:17 | WEEKEND_CLOSE | SYSTEM | Friday post-close. EA idle. Tick=326604
ML	0	13:55:15.539	Cazyxio_v4.3 (EURUSD,M15)	2026.03.20 19:55:15 | HEARTBEAT | SYSTEM | EA alive. Tick=326700 Equity=44972.40 OpenPos=0 PendingOrders=0 UTC=2026.03.20 19:55 DayOfWeek=5 WeekendCloseActive=YES NewTradeBlocked=YES | 326700.000000
EN	0	13:55:19.671	Cazyxio_v4.3 (EURUSD,M15)	2026.03.20 19:55:19 | WEEKEND_CLOSE | SYSTEM | Friday post-close. EA idle. Tick=326704
OO	0	13:55:59.238	Cazyxio_v4.3 (EURUSD,M15)	2026.03.20 19:55:59 | HEARTBEAT | SYSTEM | EA alive. Tick=326800 Equity=44972.40 OpenPos=0 PendingOrders=0 UTC=2026.03.20 19:55 DayOfWeek=5 WeekendCloseActive=YES NewTradeBlocked=YES | 326800.000000
OI	0	13:56:00.346	Cazyxio_v4.3 (EURUSD,M15)	2026.03.20 19:56:00 | WEEKEND_CLOSE | SYSTEM | Friday post-close. EA idle. Tick=326804
PN	0	13:56:46.795	Cazyxio_v4.3 (EURUSD,M15)	2026.03.20 19:56:46 | HEARTBEAT | SYSTEM | EA alive. Tick=326900 Equity=44972.40 OpenPos=0 PendingOrders=0 UTC=2026.03.20 19:56 DayOfWeek=5 WeekendCloseActive=YES NewTradeBlocked=YES | 326900.000000
OH	0	13:56:49.220	Cazyxio_v4.3 (EURUSD,M15)	2026.03.20 19:56:49 | WEEKEND_CLOSE | SYSTEM | Friday post-close. EA idle. Tick=326904
NI	0	13:57:35.158	Cazyxio_v4.3 (EURUSD,M15)	2026.03.20 19:57:35 | HEARTBEAT | SYSTEM | EA alive. Tick=327000 Equity=44972.40 OpenPos=0 PendingOrders=0 UTC=2026.03.20 19:57 DayOfWeek=5 WeekendCloseActive=YES NewTradeBlocked=YES | 327000.000000
OK	0	13:57:36.769	Cazyxio_v4.3 (EURUSD,M15)	2026.03.20 19:57:36 | WEEKEND_CLOSE | SYSTEM | Friday post-close. EA idle. Tick=327004
EH	0	13:58:26.758	Cazyxio_v4.3 (EURUSD,M15)	2026.03.20 19:58:26 | HEARTBEAT | SYSTEM | EA alive. Tick=327100 Equity=44972.40 OpenPos=0 PendingOrders=0 UTC=2026.03.20 19:58 DayOfWeek=5 WeekendCloseActive=YES NewTradeBlocked=YES | 327100.000000
IJ	0	13:58:28.298	Cazyxio_v4.3 (EURUSD,M15)	2026.03.20 19:58:28 | WEEKEND_CLOSE | SYSTEM | Friday post-close. EA idle. Tick=327104
LK	0	13:59:27.462	Cazyxio_v4.3 (EURUSD,M15)	2026.03.20 19:59:27 | HEARTBEAT | SYSTEM | EA alive. Tick=327200 Equity=44972.40 OpenPos=0 PendingOrders=0 UTC=2026.03.20 19:59 DayOfWeek=5 WeekendCloseActive=YES NewTradeBlocked=YES | 327200.000000
HE	0	13:59:30.003	Cazyxio_v4.3 (EURUSD,M15)	2026.03.20 19:59:30 | WEEKEND_CLOSE | SYSTEM | Friday post-close. EA idle. Tick=327204
EJ	0	14:00:13.132	Cazyxio_v4.3 (EURUSD,M15)	2026.03.20 20:00:13 | HEARTBEAT | SYSTEM | EA alive. Tick=327300 Equity=44972.40 OpenPos=0 PendingOrders=0 UTC=2026.03.20 20:00 DayOfWeek=5 WeekendCloseActive=YES NewTradeBlocked=YES | 327300.000000
KD	0	14:00:14.424	Cazyxio_v4.3 (EURUSD,M15)	2026.03.20 20:00:14 | WEEKEND_CLOSE | SYSTEM | Friday post-close. EA idle. Tick=327304
HE	0	14:01:01.226	Cazyxio_v4.3 (EURUSD,M15)	2026.03.20 20:01:01 | HEARTBEAT | SYSTEM | EA alive. Tick=327400 Equity=44972.40 OpenPos=0 PendingOrders=0 UTC=2026.03.20 20:01 DayOfWeek=5 WeekendCloseActive=YES NewTradeBlocked=YES | 327400.000000
MG	0	14:01:02.474	Cazyxio_v4.3 (EURUSD,M15)	2026.03.20 20:01:02 | WEEKEND_CLOSE | SYSTEM | Friday post-close. EA idle. Tick=327404
ND	0	14:02:20.812	Cazyxio_v4.3 (EURUSD,M15)	2026.03.20 20:02:20 | HEARTBEAT | SYSTEM | EA alive. Tick=327500 Equity=44972.40 OpenPos=0 PendingOrders=0 UTC=2026.03.20 20:02 DayOfWeek=5 WeekendCloseActive=YES NewTradeBlocked=YES | 327500.000000
JF	0	14:02:23.803	Cazyxio_v4.3 (EURUSD,M15)	2026.03.20 20:02:23 | WEEKEND_CLOSE | SYSTEM | Friday post-close. EA idle. Tick=327504
MG	0	14:04:09.729	Cazyxio_v4.3 (EURUSD,M15)	2026.03.20 20:04:09 | HEARTBEAT | SYSTEM | EA alive. Tick=327600 Equity=44972.40 OpenPos=0 PendingOrders=0 UTC=2026.03.20 20:04 DayOfWeek=5 WeekendCloseActive=YES NewTradeBlocked=YES | 327600.000000
RQ	0	14:04:14.374	Cazyxio_v4.3 (EURUSD,M15)	2026.03.20 20:04:14 | WEEKEND_CLOSE | SYSTEM | Friday post-close. EA idle. Tick=327604
HF	0	14:06:35.203	Cazyxio_v4.3 (EURUSD,M15)	2026.03.20 20:06:35 | HEARTBEAT | SYSTEM | EA alive. Tick=327700 Equity=44972.40 OpenPos=0 PendingOrders=0 UTC=2026.03.20 20:06 DayOfWeek=5 WeekendCloseActive=YES NewTradeBlocked=YES | 327700.000000
QP	0	14:06:37.527	Cazyxio_v4.3 (EURUSD,M15)	2026.03.20 20:06:37 | WEEKEND_CLOSE | SYSTEM | Friday post-close. EA idle. Tick=327704
OQ	0	14:10:10.924	Cazyxio_v4.3 (EURUSD,M15)	2026.03.20 20:10:10 | HEARTBEAT | SYSTEM | EA alive. Tick=327800 Equity=44972.40 OpenPos=0 PendingOrders=0 UTC=2026.03.20 20:10 DayOfWeek=5 WeekendCloseActive=YES NewTradeBlocked=YES | 327800.000000
DS	0	14:10:26.909	Cazyxio_v4.3 (EURUSD,M15)	2026.03.20 20:10:26 | WEEKEND_CLOSE | SYSTEM | Friday post-close. EA idle. Tick=327804
JP	0	14:13:42.733	Cazyxio_v4.3 (EURUSD,M15)	2026.03.20 20:13:42 | HEARTBEAT | SYSTEM | EA alive. Tick=327900 Equity=44972.40 OpenPos=0 PendingOrders=0 UTC=2026.03.20 20:13 DayOfWeek=5 WeekendCloseActive=YES NewTradeBlocked=YES | 327900.000000
NR	0	14:13:44.658	Cazyxio_v4.3 (EURUSD,M15)	2026.03.20 20:13:44 | WEEKEND_CLOSE | SYSTEM | Friday post-close. EA idle. Tick=327904
PS	0	14:16:31.239	Cazyxio_v4.3 (EURUSD,M15)	2026.03.20 20:16:31 | HEARTBEAT | SYSTEM | EA alive. Tick=328000 Equity=44972.40 OpenPos=0 PendingOrders=0 UTC=2026.03.20 20:16 DayOfWeek=5 WeekendCloseActive=YES NewTradeBlocked=YES | 328000.000000
HM	0	14:16:32.715	Cazyxio_v4.3 (EURUSD,M15)	2026.03.20 20:16:32 | WEEKEND_CLOSE | SYSTEM | Friday post-close. EA idle. Tick=328004
KR	0	14:18:45.131	Cazyxio_v4.3 (EURUSD,M15)	2026.03.20 20:18:45 | HEARTBEAT | SYSTEM | EA alive. Tick=328100 Equity=44972.40 OpenPos=0 PendingOrders=0 UTC=2026.03.20 20:18 DayOfWeek=5 WeekendCloseActive=YES NewTradeBlocked=YES | 328100.000000
RL	0	14:18:48.899	Cazyxio_v4.3 (EURUSD,M15)	2026.03.20 20:18:48 | WEEKEND_CLOSE | SYSTEM | Friday post-close. EA idle. Tick=328104
RM	0	14:20:28.917	Cazyxio_v4.3 (EURUSD,M15)	2026.03.20 20:20:28 | HEARTBEAT | SYSTEM | EA alive. Tick=328200 Equity=44972.40 OpenPos=0 PendingOrders=0 UTC=2026.03.20 20:20 DayOfWeek=5 WeekendCloseActive=YES NewTradeBlocked=YES | 328200.000000
HO	0	14:20:30.450	Cazyxio_v4.3 (EURUSD,M15)	2026.03.20 20:20:30 | WEEKEND_CLOSE | SYSTEM | Friday post-close. EA idle. Tick=328204
JL	0	14:22:17.588	Cazyxio_v4.3 (EURUSD,M15)	2026.03.20 20:22:17 | HEARTBEAT | SYSTEM | EA alive. Tick=328300 Equity=44972.40 OpenPos=0 PendingOrders=0 UTC=2026.03.20 20:22 DayOfWeek=5 WeekendCloseActive=YES NewTradeBlocked=YES | 328300.000000
QN	0	14:22:28.748	Cazyxio_v4.3 (EURUSD,M15)	2026.03.20 20:22:28 | WEEKEND_CLOSE | SYSTEM | Friday post-close. EA idle. Tick=328304
FO	0	14:24:09.788	Cazyxio_v4.3 (EURUSD,M15)	2026.03.20 20:24:09 | HEARTBEAT | SYSTEM | EA alive. Tick=328400 Equity=44972.40 OpenPos=0 PendingOrders=0 UTC=2026.03.20 20:24 DayOfWeek=5 WeekendCloseActive=YES NewTradeBlocked=YES | 328400.000000
NI	0	14:24:13.876	Cazyxio_v4.3 (EURUSD,M15)	2026.03.20 20:24:13 | WEEKEND_CLOSE | SYSTEM | Friday post-close. EA idle. Tick=328404
FN	0	14:25:34.251	Cazyxio_v4.3 (EURUSD,M15)	2026.03.20 20:25:34 | HEARTBEAT | SYSTEM | EA alive. Tick=328500 Equity=44972.40 OpenPos=0 PendingOrders=0 UTC=2026.03.20 20:25 DayOfWeek=5 WeekendCloseActive=YES NewTradeBlocked=YES | 328500.000000
GH	0	14:25:37.896	Cazyxio_v4.3 (EURUSD,M15)	2026.03.20 20:25:37 | WEEKEND_CLOSE | SYSTEM | Friday post-close. EA idle. Tick=328504
GI	0	14:27:23.928	Cazyxio_v4.3 (EURUSD,M15)	2026.03.20 20:27:23 | HEARTBEAT | SYSTEM | EA alive. Tick=328600 Equity=44972.40 OpenPos=0 PendingOrders=0 UTC=2026.03.20 20:27 DayOfWeek=5 WeekendCloseActive=YES NewTradeBlocked=YES | 328600.000000
NK	0	14:27:29.579	Cazyxio_v4.3 (EURUSD,M15)	2026.03.20 20:27:29 | WEEKEND_CLOSE | SYSTEM | Friday post-close. EA idle. Tick=328604
FH	0	14:28:49.865	Cazyxio_v4.3 (EURUSD,M15)	2026.03.20 20:28:49 | HEARTBEAT | SYSTEM | EA alive. Tick=328700 Equity=44972.40 OpenPos=0 PendingOrders=0 UTC=2026.03.20 20:28 DayOfWeek=5 WeekendCloseActive=YES NewTradeBlocked=YES | 328700.000000
DJ	0	14:28:51.642	Cazyxio_v4.3 (EURUSD,M15)	2026.03.20 20:28:51 | WEEKEND_CLOSE | SYSTEM | Friday post-close. EA idle. Tick=328704
HK	0	14:30:18.040	Cazyxio_v4.3 (EURUSD,M15)	2026.03.20 20:30:18 | HEARTBEAT | SYSTEM | EA alive. Tick=328800 Equity=44972.40 OpenPos=0 PendingOrders=0 UTC=2026.03.20 20:30 DayOfWeek=5 WeekendCloseActive=YES NewTradeBlocked=YES | 328800.000000
GE	0	14:30:19.039	Cazyxio_v4.3 (EURUSD,M15)	2026.03.20 20:30:19 | WEEKEND_CLOSE | SYSTEM | Friday post-close. EA idle. Tick=328804
EJ	0	14:31:37.354	Cazyxio_v4.3 (EURUSD,M15)	2026.03.20 20:31:37 | HEARTBEAT | SYSTEM | EA alive. Tick=328900 Equity=44972.40 OpenPos=0 PendingOrders=0 UTC=2026.03.20 20:31 DayOfWeek=5 WeekendCloseActive=YES NewTradeBlocked=YES | 328900.000000
ED	0	14:31:44.296	Cazyxio_v4.3 (EURUSD,M15)	2026.03.20 20:31:44 | WEEKEND_CLOSE | SYSTEM | Friday post-close. EA idle. Tick=328904
LE	0	14:34:19.905	Cazyxio_v4.3 (EURUSD,M15)	2026.03.20 20:34:19 | HEARTBEAT | SYSTEM | EA alive. Tick=329000 Equity=44972.40 OpenPos=0 PendingOrders=0 UTC=2026.03.20 20:34 DayOfWeek=5 WeekendCloseActive=YES NewTradeBlocked=YES | 329000.000000
KG	0	14:34:20.906	Cazyxio_v4.3 (EURUSD,M15)	2026.03.20 20:34:20 | WEEKEND_CLOSE | SYSTEM | Friday post-close. EA idle. Tick=329004
RD	0	14:35:34.957	Cazyxio_v4.3 (EURUSD,M15)	2026.03.20 20:35:34 | HEARTBEAT | SYSTEM | EA alive. Tick=329100 Equity=44972.40 OpenPos=0 PendingOrders=0 UTC=2026.03.20 20:35 DayOfWeek=5 WeekendCloseActive=YES NewTradeBlocked=YES | 329100.000000
JF	0	14:35:40.427	Cazyxio_v4.3 (EURUSD,M15)	2026.03.20 20:35:40 | WEEKEND_CLOSE | SYSTEM | Friday post-close. EA idle. Tick=329104
KG	0	14:37:44.860	Cazyxio_v4.3 (EURUSD,M15)	2026.03.20 20:37:44 | HEARTBEAT | SYSTEM | EA alive. Tick=329200 Equity=44972.40 OpenPos=0 PendingOrders=0 UTC=2026.03.20 20:37 DayOfWeek=5 WeekendCloseActive=YES NewTradeBlocked=YES | 329200.000000
NQ	0	14:37:46.178	Cazyxio_v4.3 (EURUSD,M15)	2026.03.20 20:37:46 | WEEKEND_CLOSE | SYSTEM | Friday post-close. EA idle. Tick=329204
MF	0	14:40:56.792	Cazyxio_v4.3 (EURUSD,M15)	2026.03.20 20:40:56 | HEARTBEAT | SYSTEM | EA alive. Tick=329300 Equity=44972.40 OpenPos=0 PendingOrders=0 UTC=2026.03.20 20:40 DayOfWeek=5 WeekendCloseActive=YES NewTradeBlocked=YES | 329300.000000
HP	0	14:40:58.144	Cazyxio_v4.3 (EURUSD,M15)	2026.03.20 20:40:58 | WEEKEND_CLOSE | SYSTEM | Friday post-close. EA idle. Tick=329304
RQ	0	14:42:15.795	Cazyxio_v4.3 (EURUSD,M15)	2026.03.20 20:42:15 | HEARTBEAT | SYSTEM | EA alive. Tick=329400 Equity=44972.40 OpenPos=0 PendingOrders=0 UTC=2026.03.20 20:42 DayOfWeek=5 WeekendCloseActive=YES NewTradeBlocked=YES | 329400.000000
HS	0	14:42:18.273	Cazyxio_v4.3 (EURUSD,M15)	2026.03.20 20:42:18 | WEEKEND_CLOSE | SYSTEM | Friday post-close. EA idle. Tick=329404
RP	0	14:44:56.850	Cazyxio_v4.3 (EURUSD,M15)	2026.03.20 20:44:56 | HEARTBEAT | SYSTEM | EA alive. Tick=329500 Equity=44972.40 OpenPos=0 PendingOrders=0 UTC=2026.03.20 20:44 DayOfWeek=5 WeekendCloseActive=YES NewTradeBlocked=YES | 329500.000000
GR	0	14:44:59.204	Cazyxio_v4.3 (EURUSD,M15)	2026.03.20 20:44:59 | WEEKEND_CLOSE | SYSTEM | Friday post-close. EA idle. Tick=329504
HS	0	14:46:32.234	Cazyxio_v4.3 (EURUSD,M15)	2026.03.20 20:46:32 | HEARTBEAT | SYSTEM | EA alive. Tick=329600 Equity=44972.40 OpenPos=0 PendingOrders=0 UTC=2026.03.20 20:46 DayOfWeek=5 WeekendCloseActive=YES NewTradeBlocked=YES | 329600.000000
CM	0	14:46:38.890	Cazyxio_v4.3 (EURUSD,M15)	2026.03.20 20:46:38 | WEEKEND_CLOSE | SYSTEM | Friday post-close. EA idle. Tick=329604
JR	0	14:48:26.797	Cazyxio_v4.3 (EURUSD,M15)	2026.03.20 20:48:26 | HEARTBEAT | SYSTEM | EA alive. Tick=329700 Equity=44972.40 OpenPos=0 PendingOrders=0 UTC=2026.03.20 20:48 DayOfWeek=5 WeekendCloseActive=YES NewTradeBlocked=YES | 329700.000000
FL	0	14:48:28.737	Cazyxio_v4.3 (EURUSD,M15)	2026.03.20 20:48:28 | WEEKEND_CLOSE | SYSTEM | Friday post-close. EA idle. Tick=329704
JM	0	14:49:31.844	Cazyxio_v4.3 (EURUSD,M15)	2026.03.20 20:49:31 | HEARTBEAT | SYSTEM | EA alive. Tick=329800 Equity=44972.40 OpenPos=0 PendingOrders=0 UTC=2026.03.20 20:49 DayOfWeek=5 WeekendCloseActive=YES NewTradeBlocked=YES | 329800.000000
MO	0	14:49:36.599	Cazyxio_v4.3 (EURUSD,M15)	2026.03.20 20:49:36 | WEEKEND_CLOSE | SYSTEM | Friday post-close. EA idle. Tick=329804
EL	0	14:50:53.243	Cazyxio_v4.3 (EURUSD,M15)	2026.03.20 20:50:53 | HEARTBEAT | SYSTEM | EA alive. Tick=329900 Equity=44972.40 OpenPos=0 PendingOrders=0 UTC=2026.03.20 20:50 DayOfWeek=5 WeekendCloseActive=YES NewTradeBlocked=YES | 329900.000000
JN	0	14:51:03.696	Cazyxio_v4.3 (EURUSD,M15)	2026.03.20 20:51:03 | WEEKEND_CLOSE | SYSTEM | Friday post-close. EA idle. Tick=329904
CO	0	14:52:10.151	Cazyxio_v4.3 (EURUSD,M15)	2026.03.20 20:52:10 | HEARTBEAT | SYSTEM | EA alive. Tick=330000 Equity=44972.40 OpenPos=0 PendingOrders=0 UTC=2026.03.20 20:52 DayOfWeek=5 WeekendCloseActive=YES NewTradeBlocked=YES | 330000.000000
DI	0	14:52:11.169	Cazyxio_v4.3 (EURUSD,M15)	2026.03.20 20:52:11 | WEEKEND_CLOSE | SYSTEM | Friday post-close. EA idle. Tick=330004
JN	0	14:53:38.012	Cazyxio_v4.3 (EURUSD,M15)	2026.03.20 20:53:38 | HEARTBEAT | SYSTEM | EA alive. Tick=330100 Equity=44972.40 OpenPos=0 PendingOrders=0 UTC=2026.03.20 20:53 DayOfWeek=5 WeekendCloseActive=YES NewTradeBlocked=YES | 330100.000000
MH	0	14:53:39.260	Cazyxio_v4.3 (EURUSD,M15)	2026.03.20 20:53:39 | WEEKEND_CLOSE | SYSTEM | Friday post-close. EA idle. Tick=330104
LI	0	14:54:46.684	Cazyxio_v4.3 (EURUSD,M15)	2026.03.20 20:54:46 | HEARTBEAT | SYSTEM | EA alive. Tick=330200 Equity=44972.40 OpenPos=0 PendingOrders=0 UTC=2026.03.20 20:54 DayOfWeek=5 WeekendCloseActive=YES NewTradeBlocked=YES | 330200.000000
QK	0	14:54:47.939	Cazyxio_v4.3 (EURUSD,M15)	2026.03.20 20:54:47 | WEEKEND_CLOSE | SYSTEM | Friday post-close. EA idle. Tick=330204
JH	0	14:55:40.005	Cazyxio_v4.3 (EURUSD,M15)	2026.03.20 20:55:40 | HEARTBEAT | SYSTEM | EA alive. Tick=330300 Equity=44972.40 OpenPos=0 PendingOrders=0 UTC=2026.03.20 20:55 DayOfWeek=5 WeekendCloseActive=YES NewTradeBlocked=YES | 330300.000000
CJ	0	14:55:41.387	Cazyxio_v4.3 (EURUSD,M15)	2026.03.20 20:55:41 | WEEKEND_CLOSE | SYSTEM | Friday post-close. EA idle. Tick=330304
OK	0	14:56:37.836	Cazyxio_v4.3 (EURUSD,M15)	2026.03.20 20:56:37 | HEARTBEAT | SYSTEM | EA alive. Tick=330400 Equity=44972.40 OpenPos=0 PendingOrders=0 UTC=2026.03.20 20:56 DayOfWeek=5 WeekendCloseActive=YES NewTradeBlocked=YES | 330400.000000
IE	0	14:56:39.591	Cazyxio_v4.3 (EURUSD,M15)	2026.03.20 20:56:39 | WEEKEND_CLOSE | SYSTEM | Friday post-close. EA idle. Tick=330404
HJ	0	14:57:54.445	Cazyxio_v4.3 (EURUSD,M15)	2026.03.20 20:57:54 | HEARTBEAT | SYSTEM | EA alive. Tick=330500 Equity=44972.40 OpenPos=0 PendingOrders=0 UTC=2026.03.20 20:57 DayOfWeek=5 WeekendCloseActive=YES NewTradeBlocked=YES | 330500.000000
RD	0	14:57:55.445	Cazyxio_v4.3 (EURUSD,M15)	2026.03.20 20:57:55 | WEEKEND_CLOSE | SYSTEM | Friday post-close. EA idle. Tick=330504
NE	0	14:58:34.316	Cazyxio_v4.3 (EURUSD,M15)	2026.03.20 20:58:34 | HEARTBEAT | SYSTEM | EA alive. Tick=330600 Equity=44972.40 OpenPos=0 PendingOrders=0 UTC=2026.03.20 20:58 DayOfWeek=5 WeekendCloseActive=YES NewTradeBlocked=YES | 330600.000000
KG	0	14:58:35.818	Cazyxio_v4.3 (EURUSD,M15)	2026.03.20 20:58:35 | WEEKEND_CLOSE | SYSTEM | Friday post-close. EA idle. Tick=330604
OE	0	21:05:50.024	Cazyxio_v4.3 (EURUSD,M15)	2026.03.21 03:05:50 | DEINIT | SYSTEM | EA removed. Reason=9 Ticks=330698