PN	0	00:00:00.545	Cazyxio_v4.1 (EURUSD,M15)	2026.03.06 07:00:00 | SESSION_ACTIVE | SYSTEM | Session now ACTIVE. UTC_hour=7 Trading enabled.
PN	0	00:00:00.546	Cazyxio_v4.1 (EURUSD,M15)	2026.03.06 07:00:00 | BAR | GBPUSD | close=1.33674 h4ema200=1.34986 h4slope=DOWN ema50=1.33569 atr=0.000596 atrSma=0.001196 atrRatio=0.499 dir=SHORT spread=25.0 spreadOK=YES atrGate=FAIL touch=PASS momCandle=momClosePos=0.837 momOk=N ema50Ok=Y barRange=0.000860 zeroRangeBar=NO trigger=NO hasPos=NO portRisk=0.00% openPos=0 | 1.336740
NQ	0	00:00:00.546	Cazyxio_v4.1 (EURUSD,M15)	2026.03.06 07:00:00 | GATE_FAIL | GBPUSD | ATR gate FAIL. ATR=0.000596 ATR_SMA=0.001196 Ratio=0.499 MinRatio=0.80. Market too quiet.
LP	0	00:00:00.546	Cazyxio_v4.1 (EURUSD,M15)	2026.03.06 07:00:00 | BAR | EURUSD | close=1.16108 h4ema200=1.17598 h4slope=DOWN ema50=1.16084 atr=0.000484 atrSma=0.000963 atrRatio=0.502 dir=SHORT spread=18.0 spreadOK=YES atrGate=FAIL touch=FAIL momCandle=momClosePos=0.934 momOk=N ema50Ok=Y barRange=0.000610 zeroRangeBar=NO trigger=NO hasPos=NO portRisk=0.00% openPos=0 | 1.161080
MN	0	00:00:00.546	Cazyxio_v4.1 (EURUSD,M15)	2026.03.06 07:00:00 | GATE_FAIL | EURUSD | ATR gate FAIL. ATR=0.000484 ATR_SMA=0.000963 Ratio=0.502 MinRatio=0.80. Market too quiet.
OF	0	00:00:00.546	Cazyxio_v4.1 (EURUSD,M15)	2026.03.06 07:00:00 | BAR | USDJPY | close=157.722 h4ema200=155.833 h4slope=UP ema50=157.594 atr=0.094286 atrSma=0.113200 atrRatio=0.833 dir=LONG spread=17.0 spreadOK=YES atrGate=PASS touch=PASS momCandle=momClosePos=0.025 momOk=N ema50Ok=Y barRange=0.161000 zeroRangeBar=NO trigger=NO hasPos=NO portRisk=0.00% openPos=0 | 157.722000
RF	0	00:00:00.546	Cazyxio_v4.1 (EURUSD,M15)	2026.03.06 07:00:00 | GATE_FAIL | USDJPY | Momentum candle FAIL. dir=LONG close=157.722 ema50=157.594 momClosePos=0.025 momOk=N ema50Ok=Y barRange=0.161000. Close not in 35% zone.
LJ	0	00:00:00.546	Cazyxio_v4.1 (EURUSD,M15)	2026.03.06 07:00:00 | BAR | AUDUSD | close=0.70383 h4ema200=0.69924 h4slope=UP ema50=0.70257 atr=0.000567 atrSma=0.000961 atrRatio=0.590 dir=LONG spread=15.0 spreadOK=YES atrGate=FAIL touch=FAIL momCandle=momClosePos=0.607 momOk=N ema50Ok=Y barRange=0.000610 zeroRangeBar=NO trigger=NO hasPos=NO portRisk=0.00% openPos=0 | 0.703830
FO	0	00:00:00.546	Cazyxio_v4.1 (EURUSD,M15)	2026.03.06 07:00:00 | GATE_FAIL | AUDUSD | ATR gate FAIL. ATR=0.000567 ATR_SMA=0.000961 Ratio=0.590 MinRatio=0.80. Market too quiet.
DD	0	00:00:00.546	Cazyxio_v4.1 (EURUSD,M15)	2026.03.06 07:00:00 | BAR | GBPJPY | close=210.840 h4ema200=210.359 h4slope=DOWN ema50=210.502 atr=0.104571 atrSma=0.149221 atrRatio=0.701 dir=NONE spread=46.0 spreadOK=NO atrGate=FAIL touch=FAIL momCandle= zeroRangeBar=NO trigger=NO hasPos=NO portRisk=0.00% openPos=0 | 210.840000
QR	0	00:00:00.546	Cazyxio_v4.1 (EURUSD,M15)	2026.03.06 07:00:00 | GATE_FAIL | GBPJPY | No directional bias. h4slope=DOWN closeNow=210.840 h4ema200=210.359. Need H4 slope + price on correct side of H4 EMA200.
GO	0	00:00:00.546	Cazyxio_v4.1 (EURUSD,M15)	2026.03.06 07:00:00 | BAR | USDCAD | close=1.36586 h4ema200=1.36851 h4slope=DOWN ema50=1.36628 atr=0.000441 atrSma=0.000891 atrRatio=0.495 dir=SHORT spread=28.0 spreadOK=YES atrGate=FAIL touch=PASS momCandle=momClosePos=0.391 momOk=N ema50Ok=Y barRange=0.000640 zeroRangeBar=NO trigger=NO hasPos=NO portRisk=0.00% openPos=0 | 1.365860
QQ	0	00:00:00.546	Cazyxio_v4.1 (EURUSD,M15)	2026.03.06 07:00:00 | GATE_FAIL | USDCAD | ATR gate FAIL. ATR=0.000441 ATR_SMA=0.000891 Ratio=0.495 MinRatio=0.80. Market too quiet.
OR	0	00:00:00.966	Cazyxio_v4.1 (EURUSD,M15)	2026.03.06 07:00:00 | BAR | GBPUSD | close=1.33671 h4ema200=1.34986 h4slope=DOWN ema50=1.33573 atr=0.000569 atrSma=0.001192 atrRatio=0.477 dir=SHORT spread=24.0 spreadOK=YES atrGate=FAIL touch=PASS momCandle=ZERO_RANGE_BAR barRange=0.000000 minBarRange=0.000171 (0.30xATR) momClosePos=0.500(forced) momOk=N ema50Ok=Y barRange=0.000000 zeroRangeBar=YES trigger=NO hasPos=NO portRisk=0.00% openPos=0 | 1.336710
RG	0	00:00:00.966	Cazyxio_v4.1 (EURUSD,M15)	2026.03.06 07:00:00 | GATE_FAIL | GBPUSD | ATR gate FAIL. ATR=0.000569 ATR_SMA=0.001192 Ratio=0.477 MinRatio=0.80. Market too quiet.
JP	0	00:00:00.966	Cazyxio_v4.1 (EURUSD,M15)	2026.03.06 07:00:00 | BAR | EURUSD | close=1.16109 h4ema200=1.17598 h4slope=DOWN ema50=1.16085 atr=0.000459 atrSma=0.000961 atrRatio=0.478 dir=SHORT spread=17.0 spreadOK=YES atrGate=FAIL touch=PASS momCandle=ZERO_RANGE_BAR barRange=0.000000 minBarRange=0.000138 (0.30xATR) momClosePos=0.500(forced) momOk=N ema50Ok=Y barRange=0.000000 zeroRangeBar=YES trigger=NO hasPos=NO portRisk=0.00% openPos=0 | 1.161090
CG	0	00:00:00.966	Cazyxio_v4.1 (EURUSD,M15)	2026.03.06 07:00:00 | GATE_FAIL | EURUSD | ATR gate FAIL. ATR=0.000459 ATR_SMA=0.000961 Ratio=0.478 MinRatio=0.80. Market too quiet.
IM	0	00:00:00.966	Cazyxio_v4.1 (EURUSD,M15)	2026.03.06 07:00:00 | BAR | AUDUSD | close=0.70381 h4ema200=0.69924 h4slope=UP ema50=0.70262 atr=0.000533 atrSma=0.000958 atrRatio=0.556 dir=LONG spread=16.0 spreadOK=YES atrGate=FAIL touch=FAIL momCandle=ZERO_RANGE_BAR barRange=0.000000 minBarRange=0.000160 (0.30xATR) momClosePos=0.500(forced) momOk=N ema50Ok=Y barRange=0.000000 zeroRangeBar=YES trigger=NO hasPos=NO portRisk=0.00% openPos=0 | 0.703810
IE	0	00:00:00.966	Cazyxio_v4.1 (EURUSD,M15)	2026.03.06 07:00:00 | GATE_FAIL | AUDUSD | ATR gate FAIL. ATR=0.000533 ATR_SMA=0.000958 Ratio=0.556 MinRatio=0.80. Market too quiet.
EN	0	00:00:00.966	Cazyxio_v4.1 (EURUSD,M15)	2026.03.06 07:00:00 | BAR | USDCAD | close=1.36588 h4ema200=1.36851 h4slope=DOWN ema50=1.36626 atr=0.000420 atrSma=0.000889 atrRatio=0.472 dir=SHORT spread=29.0 spreadOK=YES atrGate=FAIL touch=PASS momCandle=ZERO_RANGE_BAR barRange=0.000000 minBarRange=0.000126 (0.30xATR) momClosePos=0.500(forced) momOk=N ema50Ok=Y barRange=0.000000 zeroRangeBar=YES trigger=NO hasPos=NO portRisk=0.00% openPos=0 | 1.365880
LE	0	00:00:00.966	Cazyxio_v4.1 (EURUSD,M15)	2026.03.06 07:00:00 | GATE_FAIL | USDCAD | ATR gate FAIL. ATR=0.000420 ATR_SMA=0.000889 Ratio=0.472 MinRatio=0.80. Market too quiet.
LR	0	00:00:01.211	Cazyxio_v4.1 (EURUSD,M15)	2026.03.06 07:00:01 | BAR | USDJPY | close=157.725 h4ema200=155.833 h4slope=UP ema50=157.600 atr=0.091500 atrSma=0.112961 atrRatio=0.810 dir=LONG spread=16.0 spreadOK=YES atrGate=PASS touch=PASS momCandle=ZERO_RANGE_BAR barRange=0.000000 minBarRange=0.027450 (0.30xATR) momClosePos=0.500(forced) momOk=N ema50Ok=Y barRange=0.000000 zeroRangeBar=YES trigger=NO hasPos=NO portRisk=0.00% openPos=0 | 157.725000
LK	0	00:00:01.211	Cazyxio_v4.1 (EURUSD,M15)	2026.03.06 07:00:01 | GATE_FAIL | USDJPY | Zero-range bar FAIL (v4.1 fix). barRange=0.000000 < minBarRange=0.027450 (0.30x ATR). Doji/flat bar excluded from momentum evaluation.
GM	0	00:00:01.211	Cazyxio_v4.1 (EURUSD,M15)	2026.03.06 07:00:01 | BAR | GBPJPY | close=210.834 h4ema200=210.359 h4slope=DOWN ema50=210.515 atr=0.099786 atrSma=0.148812 atrRatio=0.671 dir=NONE spread=51.0 spreadOK=NO atrGate=FAIL touch=FAIL momCandle= zeroRangeBar=NO trigger=NO hasPos=NO portRisk=0.00% openPos=0 | 210.834000
IJ	0	00:00:01.211	Cazyxio_v4.1 (EURUSD,M15)	2026.03.06 07:00:01 | GATE_FAIL | GBPJPY | No directional bias. h4slope=DOWN closeNow=210.834 h4ema200=210.359. Need H4 slope + price on correct side of H4 EMA200.
CD	0	00:00:03.952	Cazyxio_v4.1 (EURUSD,M15)	2026.03.06 07:00:03 | HEARTBEAT | SYSTEM | EA alive. Tick=142700 Equity=45490.80 OpenPos=0 UTC=2026.03.06 07:00 DayOfWeek=5 WeekendCloseActive=NO NewTradeBlocked=YES | 142700.000000
HP	0	00:01:17.149	Cazyxio_v4.1 (EURUSD,M15)	2026.03.06 07:01:17 | HEARTBEAT | SYSTEM | EA alive. Tick=142800 Equity=45490.80 OpenPos=0 UTC=2026.03.06 07:01 DayOfWeek=5 WeekendCloseActive=NO NewTradeBlocked=YES | 142800.000000
KL	0	00:02:53.833	Cazyxio_v4.1 (EURUSD,M15)	2026.03.06 07:02:53 | HEARTBEAT | SYSTEM | EA alive. Tick=142900 Equity=45490.80 OpenPos=0 UTC=2026.03.06 07:02 DayOfWeek=5 WeekendCloseActive=NO NewTradeBlocked=YES | 142900.000000
KI	0	00:04:58.231	Cazyxio_v4.1 (EURUSD,M15)	2026.03.06 07:04:58 | HEARTBEAT | SYSTEM | EA alive. Tick=143000 Equity=45490.80 OpenPos=0 UTC=2026.03.06 07:04 DayOfWeek=5 WeekendCloseActive=NO NewTradeBlocked=YES | 143000.000000
PE	0	00:06:48.058	Cazyxio_v4.1 (EURUSD,M15)	2026.03.06 07:06:48 | HEARTBEAT | SYSTEM | EA alive. Tick=143100 Equity=45490.80 OpenPos=0 UTC=2026.03.06 07:06 DayOfWeek=5 WeekendCloseActive=NO NewTradeBlocked=YES | 143100.000000
PQ	0	00:09:03.127	Cazyxio_v4.1 (EURUSD,M15)	2026.03.06 07:09:03 | HEARTBEAT | SYSTEM | EA alive. Tick=143200 Equity=45490.80 OpenPos=0 UTC=2026.03.06 07:09 DayOfWeek=5 WeekendCloseActive=NO NewTradeBlocked=YES | 143200.000000
CR	0	00:10:54.469	Cazyxio_v4.1 (EURUSD,M15)	2026.03.06 07:10:54 | HEARTBEAT | SYSTEM | EA alive. Tick=143300 Equity=45490.80 OpenPos=0 UTC=2026.03.06 07:10 DayOfWeek=5 WeekendCloseActive=NO NewTradeBlocked=YES | 143300.000000
ON	0	00:13:29.497	Cazyxio_v4.1 (EURUSD,M15)	2026.03.06 07:13:29 | HEARTBEAT | SYSTEM | EA alive. Tick=143400 Equity=45490.80 OpenPos=0 UTC=2026.03.06 07:13 DayOfWeek=5 WeekendCloseActive=NO NewTradeBlocked=YES | 143400.000000
DI	0	00:15:00.989	Cazyxio_v4.1 (EURUSD,M15)	2026.03.06 07:15:00 | BAR | GBPUSD | close=1.33626 h4ema200=1.34986 h4slope=DOWN ema50=1.33573 atr=0.000601 atrSma=0.001189 atrRatio=0.505 dir=SHORT spread=18.0 spreadOK=YES atrGate=FAIL touch=PASS momCandle=ZERO_RANGE_BAR barRange=0.000000 minBarRange=0.000180 (0.30xATR) momClosePos=0.500(forced) momOk=N ema50Ok=Y barRange=0.000000 zeroRangeBar=YES trigger=NO hasPos=NO portRisk=0.00% openPos=0 | 1.336260
NM	0	00:15:00.989	Cazyxio_v4.1 (EURUSD,M15)	2026.03.06 07:15:00 | GATE_FAIL | GBPUSD | ATR gate FAIL. ATR=0.000601 ATR_SMA=0.001189 Ratio=0.505 MinRatio=0.80. Market too quiet.
CI	0	00:15:00.989	Cazyxio_v4.1 (EURUSD,M15)	2026.03.06 07:15:00 | BAR | EURUSD | close=1.16075 h4ema200=1.17598 h4slope=DOWN ema50=1.16084 atr=0.000481 atrSma=0.000959 atrRatio=0.501 dir=SHORT spread=14.0 spreadOK=YES atrGate=FAIL touch=PASS momCandle=ZERO_RANGE_BAR barRange=0.000000 minBarRange=0.000144 (0.30xATR) momClosePos=0.500(forced) momOk=N ema50Ok=Y barRange=0.000000 zeroRangeBar=YES trigger=NO hasPos=NO portRisk=0.00% openPos=0 | 1.160750
IM	0	00:15:00.989	Cazyxio_v4.1 (EURUSD,M15)	2026.03.06 07:15:00 | GATE_FAIL | EURUSD | ATR gate FAIL. ATR=0.000481 ATR_SMA=0.000959 Ratio=0.501 MinRatio=0.80. Market too quiet.
PJ	0	00:15:00.989	Cazyxio_v4.1 (EURUSD,M15)	2026.03.06 07:15:00 | BAR | USDJPY | close=157.749 h4ema200=155.834 h4slope=UP ema50=157.606 atr=0.093500 atrSma=0.112804 atrRatio=0.829 dir=LONG spread=13.0 spreadOK=YES atrGate=PASS touch=FAIL momCandle=ZERO_RANGE_BAR barRange=0.000000 minBarRange=0.028050 (0.30xATR) momClosePos=0.500(forced) momOk=N ema50Ok=Y barRange=0.000000 zeroRangeBar=YES trigger=NO hasPos=NO portRisk=0.00% openPos=0 | 157.749000
HQ	0	00:15:00.989	Cazyxio_v4.1 (EURUSD,M15)	2026.03.06 07:15:00 | GATE_FAIL | USDJPY | Touch/pullback gate FAIL. Price has not approached EMA50 within last 12 bars (within 0.60 ATR). v4.1 tolerance=0.60x (tightened from v4.0 1.00x).
EM	0	00:15:00.989	Cazyxio_v4.1 (EURUSD,M15)	2026.03.06 07:15:00 | BAR | USDCAD | close=1.36572 h4ema200=1.36851 h4slope=DOWN ema50=1.36623 atr=0.000434 atrSma=0.000887 atrRatio=0.489 dir=SHORT spread=23.0 spreadOK=YES atrGate=FAIL touch=PASS momCandle=ZERO_RANGE_BAR barRange=0.000000 minBarRange=0.000130 (0.30xATR) momClosePos=0.500(forced) momOk=N ema50Ok=Y barRange=0.000000 zeroRangeBar=YES trigger=NO hasPos=NO portRisk=0.00% openPos=0 | 1.365720
LH	0	00:15:00.989	Cazyxio_v4.1 (EURUSD,M15)	2026.03.06 07:15:00 | GATE_FAIL | USDCAD | ATR gate FAIL. ATR=0.000434 ATR_SMA=0.000887 Ratio=0.489 MinRatio=0.80. Market too quiet.
IF	0	00:15:01.239	Cazyxio_v4.1 (EURUSD,M15)	2026.03.06 07:15:01 | BAR | AUDUSD | close=0.70377 h4ema200=0.69924 h4slope=UP ema50=0.70266 atr=0.000539 atrSma=0.000956 atrRatio=0.563 dir=LONG spread=13.0 spreadOK=YES atrGate=FAIL touch=FAIL momCandle=ZERO_RANGE_BAR barRange=0.000000 minBarRange=0.000162 (0.30xATR) momClosePos=0.500(forced) momOk=N ema50Ok=Y barRange=0.000000 zeroRangeBar=YES trigger=NO hasPos=NO portRisk=0.00% openPos=0 | 0.703770
HH	0	00:15:01.239	Cazyxio_v4.1 (EURUSD,M15)	2026.03.06 07:15:01 | GATE_FAIL | AUDUSD | ATR gate FAIL. ATR=0.000539 ATR_SMA=0.000956 Ratio=0.563 MinRatio=0.80. Market too quiet.
LD	0	00:15:01.239	Cazyxio_v4.1 (EURUSD,M15)	2026.03.06 07:15:01 | BAR | GBPJPY | close=210.794 h4ema200=210.358 h4slope=DOWN ema50=210.524 atr=0.105714 atrSma=0.148528 atrRatio=0.712 dir=NONE spread=34.0 spreadOK=NO atrGate=FAIL touch=FAIL momCandle= zeroRangeBar=NO trigger=NO hasPos=NO portRisk=0.00% openPos=0 | 210.794000
CR	0	00:15:01.239	Cazyxio_v4.1 (EURUSD,M15)	2026.03.06 07:15:01 | GATE_FAIL | GBPJPY | No directional bias. h4slope=DOWN closeNow=210.794 h4ema200=210.358. Need H4 slope + price on correct side of H4 EMA200.
EO	0	00:15:58.734	Cazyxio_v4.1 (EURUSD,M15)	2026.03.06 07:15:58 | HEARTBEAT | SYSTEM | EA alive. Tick=143500 Equity=45490.80 OpenPos=0 UTC=2026.03.06 07:15 DayOfWeek=5 WeekendCloseActive=NO NewTradeBlocked=YES | 143500.000000
PK	0	00:17:29.902	Cazyxio_v4.1 (EURUSD,M15)	2026.03.06 07:17:29 | HEARTBEAT | SYSTEM | EA alive. Tick=143600 Equity=45490.80 OpenPos=0 UTC=2026.03.06 07:17 DayOfWeek=5 WeekendCloseActive=NO NewTradeBlocked=YES | 143600.000000
ED	0	00:18:30.670	Cazyxio_v4.1 (EURUSD,M15)	2026.03.06 07:18:30 | HEARTBEAT | SYSTEM | EA alive. Tick=143700 Equity=45490.80 OpenPos=0 UTC=2026.03.06 07:18 DayOfWeek=5 WeekendCloseActive=NO NewTradeBlocked=YES | 143700.000000
DP	0	00:19:53.951	Cazyxio_v4.1 (EURUSD,M15)	2026.03.06 07:19:53 | HEARTBEAT | SYSTEM | EA alive. Tick=143800 Equity=45490.80 OpenPos=0 UTC=2026.03.06 07:19 DayOfWeek=5 WeekendCloseActive=NO NewTradeBlocked=YES | 143800.000000
OM	0	00:21:12.405	Cazyxio_v4.1 (EURUSD,M15)	2026.03.06 07:21:12 | HEARTBEAT | SYSTEM | EA alive. Tick=143900 Equity=45490.80 OpenPos=0 UTC=2026.03.06 07:21 DayOfWeek=5 WeekendCloseActive=NO NewTradeBlocked=YES | 143900.000000
CI	0	00:22:12.833	Cazyxio_v4.1 (EURUSD,M15)	2026.03.06 07:22:12 | HEARTBEAT | SYSTEM | EA alive. Tick=144000 Equity=45490.80 OpenPos=0 UTC=2026.03.06 07:22 DayOfWeek=5 WeekendCloseActive=NO NewTradeBlocked=YES | 144000.000000
ME	0	00:23:10.191	Cazyxio_v4.1 (EURUSD,M15)	2026.03.06 07:23:10 | HEARTBEAT | SYSTEM | EA alive. Tick=144100 Equity=45490.80 OpenPos=0 UTC=2026.03.06 07:23 DayOfWeek=5 WeekendCloseActive=NO NewTradeBlocked=YES | 144100.000000
HF	0	00:24:21.492	Cazyxio_v4.1 (EURUSD,M15)	2026.03.06 07:24:21 | HEARTBEAT | SYSTEM | EA alive. Tick=144200 Equity=45490.80 OpenPos=0 UTC=2026.03.06 07:24 DayOfWeek=5 WeekendCloseActive=NO NewTradeBlocked=YES | 144200.000000
MR	0	00:26:25.866	Cazyxio_v4.1 (EURUSD,M15)	2026.03.06 07:26:25 | HEARTBEAT | SYSTEM | EA alive. Tick=144300 Equity=45490.80 OpenPos=0 UTC=2026.03.06 07:26 DayOfWeek=5 WeekendCloseActive=NO NewTradeBlocked=YES | 144300.000000
FN	0	00:27:56.798	Cazyxio_v4.1 (EURUSD,M15)	2026.03.06 07:27:56 | HEARTBEAT | SYSTEM | EA alive. Tick=144400 Equity=45490.80 OpenPos=0 UTC=2026.03.06 07:27 DayOfWeek=5 WeekendCloseActive=NO NewTradeBlocked=YES | 144400.000000
EK	0	00:29:38.939	Cazyxio_v4.1 (EURUSD,M15)	2026.03.06 07:29:38 | HEARTBEAT | SYSTEM | EA alive. Tick=144500 Equity=45490.80 OpenPos=0 UTC=2026.03.06 07:29 DayOfWeek=5 WeekendCloseActive=NO NewTradeBlocked=YES | 144500.000000
KD	0	00:30:01.075	Cazyxio_v4.1 (EURUSD,M15)	2026.03.06 07:30:01 | BAR | EURUSD | close=1.16107 h4ema200=1.17598 h4slope=DOWN ema50=1.16086 atr=0.000541 atrSma=0.000958 atrRatio=0.564 dir=SHORT spread=15.0 spreadOK=YES atrGate=FAIL touch=PASS momCandle=ZERO_RANGE_BAR barRange=0.000000 minBarRange=0.000162 (0.30xATR) momClosePos=0.500(forced) momOk=N ema50Ok=Y barRange=0.000000 zeroRangeBar=YES trigger=NO hasPos=NO portRisk=0.00% openPos=0 | 1.161070
LS	0	00:30:01.075	Cazyxio_v4.1 (EURUSD,M15)	2026.03.06 07:30:01 | GATE_FAIL | EURUSD | ATR gate FAIL. ATR=0.000541 ATR_SMA=0.000958 Ratio=0.564 MinRatio=0.80. Market too quiet.
FH	0	00:30:01.075	Cazyxio_v4.1 (EURUSD,M15)	2026.03.06 07:30:01 | BAR | USDJPY | close=157.660 h4ema200=155.833 h4slope=UP ema50=157.605 atr=0.100714 atrSma=0.112764 atrRatio=0.893 dir=LONG spread=15.0 spreadOK=YES atrGate=PASS touch=PASS momCandle=ZERO_RANGE_BAR barRange=0.000000 minBarRange=0.030214 (0.30xATR) momClosePos=0.500(forced) momOk=N ema50Ok=Y barRange=0.000000 zeroRangeBar=YES trigger=NO hasPos=NO portRisk=0.00% openPos=0 | 157.660000
RQ	0	00:30:01.075	Cazyxio_v4.1 (EURUSD,M15)	2026.03.06 07:30:01 | GATE_FAIL | USDJPY | Zero-range bar FAIL (v4.1 fix). barRange=0.000000 < minBarRange=0.030214 (0.30x ATR). Doji/flat bar excluded from momentum evaluation.
MD	0	00:30:01.075	Cazyxio_v4.1 (EURUSD,M15)	2026.03.06 07:30:01 | BAR | AUDUSD | close=0.70407 h4ema200=0.69924 h4slope=UP ema50=0.70273 atr=0.000591 atrSma=0.000955 atrRatio=0.619 dir=LONG spread=16.0 spreadOK=YES atrGate=FAIL touch=FAIL momCandle=ZERO_RANGE_BAR barRange=0.000000 minBarRange=0.000177 (0.30xATR) momClosePos=0.500(forced) momOk=N ema50Ok=Y barRange=0.000000 zeroRangeBar=YES trigger=NO hasPos=NO portRisk=0.00% openPos=0 | 0.704070
OM	0	00:30:01.075	Cazyxio_v4.1 (EURUSD,M15)	2026.03.06 07:30:01 | GATE_FAIL | AUDUSD | ATR gate FAIL. ATR=0.000591 ATR_SMA=0.000955 Ratio=0.619 MinRatio=0.80. Market too quiet.
RE	0	00:30:01.075	Cazyxio_v4.1 (EURUSD,M15)	2026.03.06 07:30:01 | BAR | GBPJPY | close=210.741 h4ema200=210.358 h4slope=DOWN ema50=210.531 atr=0.109429 atrSma=0.148312 atrRatio=0.738 dir=NONE spread=30.0 spreadOK=YES atrGate=FAIL touch=FAIL momCandle= zeroRangeBar=NO trigger=NO hasPos=NO portRisk=0.00% openPos=0 | 210.741000
KQ	0	00:30:01.075	Cazyxio_v4.1 (EURUSD,M15)	2026.03.06 07:30:01 | GATE_FAIL | GBPJPY | No directional bias. h4slope=DOWN closeNow=210.741 h4ema200=210.358. Need H4 slope + price on correct side of H4 EMA200.
JK	0	00:30:01.075	Cazyxio_v4.1 (EURUSD,M15)	2026.03.06 07:30:01 | BAR | USDCAD | close=1.36556 h4ema200=1.36851 h4slope=DOWN ema50=1.36620 atr=0.000461 atrSma=0.000886 atrRatio=0.521 dir=SHORT spread=25.0 spreadOK=YES atrGate=FAIL touch=PASS momCandle=ZERO_RANGE_BAR barRange=0.000000 minBarRange=0.000138 (0.30xATR) momClosePos=0.500(forced) momOk=N ema50Ok=Y barRange=0.000000 zeroRangeBar=YES trigger=NO hasPos=NO portRisk=0.00% openPos=0 | 1.365560
DN	0	00:30:01.075	Cazyxio_v4.1 (EURUSD,M15)	2026.03.06 07:30:01 | GATE_FAIL | USDCAD | ATR gate FAIL. ATR=0.000461 ATR_SMA=0.000886 Ratio=0.521 MinRatio=0.80. Market too quiet.
JI	0	00:30:01.682	Cazyxio_v4.1 (EURUSD,M15)	2026.03.06 07:30:01 | BAR | GBPUSD | close=1.33660 h4ema200=1.34986 h4slope=DOWN ema50=1.33578 atr=0.000664 atrSma=0.001187 atrRatio=0.559 dir=SHORT spread=20.0 spreadOK=YES atrGate=FAIL touch=PASS momCandle=ZERO_RANGE_BAR barRange=0.000010 minBarRange=0.000199 (0.30xATR) momClosePos=0.500(forced) momOk=N ema50Ok=Y barRange=0.000010 zeroRangeBar=YES trigger=NO hasPos=NO portRisk=0.00% openPos=0 | 1.336600
PN	0	00:30:01.682	Cazyxio_v4.1 (EURUSD,M15)	2026.03.06 07:30:01 | GATE_FAIL | GBPUSD | ATR gate FAIL. ATR=0.000664 ATR_SMA=0.001187 Ratio=0.559 MinRatio=0.80. Market too quiet.
JJ	0	00:31:11.207	Cazyxio_v4.1 (EURUSD,M15)	2026.03.06 07:31:11 | HEARTBEAT | SYSTEM | EA alive. Tick=144600 Equity=45490.80 OpenPos=0 UTC=2026.03.06 07:31 DayOfWeek=5 WeekendCloseActive=NO NewTradeBlocked=YES | 144600.000000
OG	0	00:33:17.024	Cazyxio_v4.1 (EURUSD,M15)	2026.03.06 07:33:17 | HEARTBEAT | SYSTEM | EA alive. Tick=144700 Equity=45490.80 OpenPos=0 UTC=2026.03.06 07:33 DayOfWeek=5 WeekendCloseActive=NO NewTradeBlocked=YES | 144700.000000
OS	0	00:35:16.806	Cazyxio_v4.1 (EURUSD,M15)	2026.03.06 07:35:16 | HEARTBEAT | SYSTEM | EA alive. Tick=144800 Equity=45490.80 OpenPos=0 UTC=2026.03.06 07:35 DayOfWeek=5 WeekendCloseActive=NO NewTradeBlocked=YES | 144800.000000
EL	0	00:37:04.901	Cazyxio_v4.1 (EURUSD,M15)	2026.03.06 07:37:04 | HEARTBEAT | SYSTEM | EA alive. Tick=144900 Equity=45490.80 OpenPos=0 UTC=2026.03.06 07:37 DayOfWeek=5 WeekendCloseActive=NO NewTradeBlocked=YES | 144900.000000
MH	0	00:38:45.283	Cazyxio_v4.1 (EURUSD,M15)	2026.03.06 07:38:45 | HEARTBEAT | SYSTEM | EA alive. Tick=145000 Equity=45490.80 OpenPos=0 UTC=2026.03.06 07:38 DayOfWeek=5 WeekendCloseActive=NO NewTradeBlocked=YES | 145000.000000
KD	0	00:40:48.169	Cazyxio_v4.1 (EURUSD,M15)	2026.03.06 07:40:48 | HEARTBEAT | SYSTEM | EA alive. Tick=145100 Equity=45490.80 OpenPos=0 UTC=2026.03.06 07:40 DayOfWeek=5 WeekendCloseActive=NO NewTradeBlocked=YES | 145100.000000
FQ	0	00:42:50.678	Cazyxio_v4.1 (EURUSD,M15)	2026.03.06 07:42:50 | HEARTBEAT | SYSTEM | EA alive. Tick=145200 Equity=45490.80 OpenPos=0 UTC=2026.03.06 07:42 DayOfWeek=5 WeekendCloseActive=NO NewTradeBlocked=YES | 145200.000000
KM	0	00:44:12.619	Cazyxio_v4.1 (EURUSD,M15)	2026.03.06 07:44:12 | HEARTBEAT | SYSTEM | EA alive. Tick=145300 Equity=45490.80 OpenPos=0 UTC=2026.03.06 07:44 DayOfWeek=5 WeekendCloseActive=NO NewTradeBlocked=YES | 145300.000000
FJ	0	00:45:01.158	Cazyxio_v4.1 (EURUSD,M15)	2026.03.06 07:45:01 | BAR | EURUSD | close=1.16139 h4ema200=1.17598 h4slope=DOWN ema50=1.16089 atr=0.000568 atrSma=0.000957 atrRatio=0.594 dir=SHORT spread=13.0 spreadOK=YES atrGate=FAIL touch=PASS momCandle=ZERO_RANGE_BAR barRange=0.000000 minBarRange=0.000170 (0.30xATR) momClosePos=0.500(forced) momOk=N ema50Ok=Y barRange=0.000000 zeroRangeBar=YES trigger=NO hasPos=NO portRisk=0.00% openPos=0 | 1.161390
CI	0	00:45:01.158	Cazyxio_v4.1 (EURUSD,M15)	2026.03.06 07:45:01 | GATE_FAIL | EURUSD | ATR gate FAIL. ATR=0.000568 ATR_SMA=0.000957 Ratio=0.594 MinRatio=0.80. Market too quiet.
OF	0	00:45:01.655	Cazyxio_v4.1 (EURUSD,M15)	2026.03.06 07:45:01 | BAR | USDJPY | close=157.600 h4ema200=155.832 h4slope=UP ema50=157.603 atr=0.104286 atrSma=0.112674 atrRatio=0.926 dir=LONG spread=12.0 spreadOK=YES atrGate=PASS touch=PASS momCandle=ZERO_RANGE_BAR barRange=0.000000 minBarRange=0.031286 (0.30xATR) momClosePos=0.500(forced) momOk=N ema50Ok=Y barRange=0.000000 zeroRangeBar=YES trigger=NO hasPos=NO portRisk=0.00% openPos=0 | 157.600000
PO	0	00:45:01.655	Cazyxio_v4.1 (EURUSD,M15)	2026.03.06 07:45:01 | GATE_FAIL | USDJPY | Zero-range bar FAIL (v4.1 fix). barRange=0.000000 < minBarRange=0.031286 (0.30x ATR). Doji/flat bar excluded from momentum evaluation.
IQ	0	00:45:01.655	Cazyxio_v4.1 (EURUSD,M15)	2026.03.06 07:45:01 | BAR | GBPJPY | close=210.682 h4ema200=210.357 h4slope=DOWN ema50=210.535 atr=0.114429 atrSma=0.148150 atrRatio=0.772 dir=NONE spread=34.0 spreadOK=NO atrGate=FAIL touch=FAIL momCandle= zeroRangeBar=NO trigger=NO hasPos=NO portRisk=0.00% openPos=0 | 210.682000
HI	0	00:45:01.655	Cazyxio_v4.1 (EURUSD,M15)	2026.03.06 07:45:01 | GATE_FAIL | GBPJPY | No directional bias. h4slope=DOWN closeNow=210.682 h4ema200=210.357. Need H4 slope + price on correct side of H4 EMA200.
QS	0	00:45:01.655	Cazyxio_v4.1 (EURUSD,M15)	2026.03.06 07:45:01 | BAR | USDCAD | close=1.36496 h4ema200=1.36850 h4slope=DOWN ema50=1.36613 atr=0.000503 atrSma=0.000885 atrRatio=0.568 dir=SHORT spread=25.0 spreadOK=YES atrGate=FAIL touch=PASS momCandle=ZERO_RANGE_BAR barRange=0.000000 minBarRange=0.000151 (0.30xATR) momClosePos=0.500(forced) momOk=N ema50Ok=Y barRange=0.000000 zeroRangeBar=YES trigger=NO hasPos=NO portRisk=0.00% openPos=0 | 1.364960
IF	0	00:45:01.655	Cazyxio_v4.1 (EURUSD,M15)	2026.03.06 07:45:01 | GATE_FAIL | USDCAD | ATR gate FAIL. ATR=0.000503 ATR_SMA=0.000885 Ratio=0.568 MinRatio=0.80. Market too quiet.
GQ	0	00:45:01.923	Cazyxio_v4.1 (EURUSD,M15)	2026.03.06 07:45:01 | BAR | GBPUSD | close=1.33680 h4ema200=1.34986 h4slope=DOWN ema50=1.33583 atr=0.000692 atrSma=0.001184 atrRatio=0.585 dir=SHORT spread=18.0 spreadOK=YES atrGate=FAIL touch=PASS momCandle=ZERO_RANGE_BAR barRange=0.000000 minBarRange=0.000208 (0.30xATR) momClosePos=0.500(forced) momOk=N ema50Ok=Y barRange=0.000000 zeroRangeBar=YES trigger=NO hasPos=NO portRisk=0.00% openPos=0 | 1.336800
MF	0	00:45:01.923	Cazyxio_v4.1 (EURUSD,M15)	2026.03.06 07:45:01 | GATE_FAIL | GBPUSD | ATR gate FAIL. ATR=0.000692 ATR_SMA=0.001184 Ratio=0.585 MinRatio=0.80. Market too quiet.
EM	0	00:45:01.923	Cazyxio_v4.1 (EURUSD,M15)	2026.03.06 07:45:01 | BAR | AUDUSD | close=0.70444 h4ema200=0.69924 h4slope=UP ema50=0.70281 atr=0.000621 atrSma=0.000954 atrRatio=0.651 dir=LONG spread=16.0 spreadOK=YES atrGate=FAIL touch=FAIL momCandle=ZERO_RANGE_BAR barRange=0.000000 minBarRange=0.000186 (0.30xATR) momClosePos=0.500(forced) momOk=N ema50Ok=Y barRange=0.000000 zeroRangeBar=YES trigger=NO hasPos=NO portRisk=0.00% openPos=0 | 0.704440
JD	0	00:45:01.923	Cazyxio_v4.1 (EURUSD,M15)	2026.03.06 07:45:01 | GATE_FAIL | AUDUSD | ATR gate FAIL. ATR=0.000621 ATR_SMA=0.000954 Ratio=0.651 MinRatio=0.80. Market too quiet.
NM	0	00:45:42.613	Cazyxio_v4.1 (EURUSD,M15)	2026.03.06 07:45:42 | HEARTBEAT | SYSTEM | EA alive. Tick=145400 Equity=45490.80 OpenPos=0 UTC=2026.03.06 07:45 DayOfWeek=5 WeekendCloseActive=NO NewTradeBlocked=YES | 145400.000000
JI	0	00:47:51.851	Cazyxio_v4.1 (EURUSD,M15)	2026.03.06 07:47:51 | HEARTBEAT | SYSTEM | EA alive. Tick=145500 Equity=45490.80 OpenPos=0 UTC=2026.03.06 07:47 DayOfWeek=5 WeekendCloseActive=NO NewTradeBlocked=YES | 145500.000000
NE	0	00:49:20.253	Cazyxio_v4.1 (EURUSD,M15)	2026.03.06 07:49:20 | HEARTBEAT | SYSTEM | EA alive. Tick=145600 Equity=45490.80 OpenPos=0 UTC=2026.03.06 07:49 DayOfWeek=5 WeekendCloseActive=NO NewTradeBlocked=YES | 145600.000000
PF	0	00:50:37.523	Cazyxio_v4.1 (EURUSD,M15)	2026.03.06 07:50:37 | HEARTBEAT | SYSTEM | EA alive. Tick=145700 Equity=45490.80 OpenPos=0 UTC=2026.03.06 07:50 DayOfWeek=5 WeekendCloseActive=NO NewTradeBlocked=YES | 145700.000000
HR	0	00:52:41.657	Cazyxio_v4.1 (EURUSD,M15)	2026.03.06 07:52:41 | HEARTBEAT | SYSTEM | EA alive. Tick=145800 Equity=45490.80 OpenPos=0 UTC=2026.03.06 07:52 DayOfWeek=5 WeekendCloseActive=NO NewTradeBlocked=YES | 145800.000000
NN	0	00:54:29.903	Cazyxio_v4.1 (EURUSD,M15)	2026.03.06 07:54:29 | HEARTBEAT | SYSTEM | EA alive. Tick=145900 Equity=45490.80 OpenPos=0 UTC=2026.03.06 07:54 DayOfWeek=5 WeekendCloseActive=NO NewTradeBlocked=YES | 145900.000000
LK	0	00:56:04.066	Cazyxio_v4.1 (EURUSD,M15)	2026.03.06 07:56:04 | HEARTBEAT | SYSTEM | EA alive. Tick=146000 Equity=45490.80 OpenPos=0 UTC=2026.03.06 07:56 DayOfWeek=5 WeekendCloseActive=NO NewTradeBlocked=YES | 146000.000000
DG	0	00:57:27.766	Cazyxio_v4.1 (EURUSD,M15)	2026.03.06 07:57:27 | HEARTBEAT | SYSTEM | EA alive. Tick=146100 Equity=45490.80 OpenPos=0 UTC=2026.03.06 07:57 DayOfWeek=5 WeekendCloseActive=NO NewTradeBlocked=YES | 146100.000000
KP	0	00:58:31.029	Cazyxio_v4.1 (EURUSD,M15)	2026.03.06 07:58:31 | HEARTBEAT | SYSTEM | EA alive. Tick=146200 Equity=45490.80 OpenPos=0 UTC=2026.03.06 07:58 DayOfWeek=5 WeekendCloseActive=NO NewTradeBlocked=YES | 146200.000000
DL	0	00:59:20.216	Cazyxio_v4.1 (EURUSD,M15)	2026.03.06 07:59:20 | HEARTBEAT | SYSTEM | EA alive. Tick=146300 Equity=45490.80 OpenPos=0 UTC=2026.03.06 07:59 DayOfWeek=5 WeekendCloseActive=NO NewTradeBlocked=YES | 146300.000000
DJ	0	01:00:01.081	Cazyxio_v4.1 (EURUSD,M15)	2026.03.06 08:00:01 | BAR | GBPUSD | close=1.33686 h4ema200=1.34986 h4slope=DOWN ema50=1.33587 atr=0.000721 atrSma=0.001182 atrRatio=0.610 dir=SHORT spread=20.0 spreadOK=YES atrGate=FAIL touch=PASS momCandle=ZERO_RANGE_BAR barRange=0.000000 minBarRange=0.000216 (0.30xATR) momClosePos=0.500(forced) momOk=N ema50Ok=Y barRange=0.000000 zeroRangeBar=YES trigger=NO hasPos=NO portRisk=0.00% openPos=0 | 1.336860
RO	0	01:00:01.081	Cazyxio_v4.1 (EURUSD,M15)	2026.03.06 08:00:01 | GATE_FAIL | GBPUSD | ATR gate FAIL. ATR=0.000721 ATR_SMA=0.001182 Ratio=0.610 MinRatio=0.80. Market too quiet.
IH	0	01:00:01.081	Cazyxio_v4.1 (EURUSD,M15)	2026.03.06 08:00:01 | BAR | EURUSD | close=1.16140 h4ema200=1.17598 h4slope=DOWN ema50=1.16091 atr=0.000576 atrSma=0.000955 atrRatio=0.603 dir=SHORT spread=15.0 spreadOK=YES atrGate=FAIL touch=PASS momCandle=ZERO_RANGE_BAR barRange=0.000000 minBarRange=0.000173 (0.30xATR) momClosePos=0.500(forced) momOk=N ema50Ok=Y barRange=0.000000 zeroRangeBar=YES trigger=NO hasPos=NO portRisk=0.00% openPos=0 | 1.161400
LO	0	01:00:01.081	Cazyxio_v4.1 (EURUSD,M15)	2026.03.06 08:00:01 | GATE_FAIL | EURUSD | ATR gate FAIL. ATR=0.000576 ATR_SMA=0.000955 Ratio=0.603 MinRatio=0.80. Market too quiet.
DG	0	01:00:01.081	Cazyxio_v4.1 (EURUSD,M15)	2026.03.06 08:00:01 | BAR | GBPJPY | close=210.601 h4ema200=210.356 h4slope=DOWN ema50=210.534 atr=0.120000 atrSma=0.148028 atrRatio=0.811 dir=NONE spread=37.0 spreadOK=NO atrGate=PASS touch=FAIL momCandle= zeroRangeBar=NO trigger=NO hasPos=NO portRisk=0.00% openPos=0 | 210.601000
CP	0	01:00:01.081	Cazyxio_v4.1 (EURUSD,M15)	2026.03.06 08:00:01 | GATE_FAIL | GBPJPY | No directional bias. h4slope=DOWN closeNow=210.601 h4ema200=210.356. Need H4 slope + price on correct side of H4 EMA200.
KJ	0	01:00:01.081	Cazyxio_v4.1 (EURUSD,M15)	2026.03.06 08:00:01 | BAR | USDCAD | close=1.36500 h4ema200=1.36850 h4slope=DOWN ema50=1.36609 atr=0.000525 atrSma=0.000884 atrRatio=0.594 dir=SHORT spread=23.0 spreadOK=YES atrGate=FAIL touch=PASS momCandle=ZERO_RANGE_BAR barRange=0.000000 minBarRange=0.000157 (0.30xATR) momClosePos=0.500(forced) momOk=N ema50Ok=Y barRange=0.000000 zeroRangeBar=YES trigger=NO hasPos=NO portRisk=0.00% openPos=0 | 1.365000
NI	0	01:00:01.081	Cazyxio_v4.1 (EURUSD,M15)	2026.03.06 08:00:01 | GATE_FAIL | USDCAD | ATR gate FAIL. ATR=0.000525 ATR_SMA=0.000884 Ratio=0.594 MinRatio=0.80. Market too quiet.
FF	0	01:00:01.330	Cazyxio_v4.1 (EURUSD,M15)	2026.03.06 08:00:01 | BAR | USDJPY | close=157.522 h4ema200=155.831 h4slope=UP ema50=157.597 atr=0.106286 atrSma=0.112578 atrRatio=0.944 dir=LONG spread=19.0 spreadOK=YES atrGate=PASS touch=PASS momCandle=ZERO_RANGE_BAR barRange=0.000000 minBarRange=0.031886 (0.30xATR) momClosePos=0.500(forced) momOk=N ema50Ok=Y barRange=0.000000 zeroRangeBar=YES trigger=NO hasPos=NO portRisk=0.00% openPos=0 | 157.522000
DO	0	01:00:01.330	Cazyxio_v4.1 (EURUSD,M15)	2026.03.06 08:00:01 | GATE_FAIL | USDJPY | Zero-range bar FAIL (v4.1 fix). barRange=0.000000 < minBarRange=0.031886 (0.30x ATR). Doji/flat bar excluded from momentum evaluation.
KR	0	01:00:01.330	Cazyxio_v4.1 (EURUSD,M15)	2026.03.06 08:00:01 | BAR | AUDUSD | close=0.70434 h4ema200=0.69924 h4slope=UP ema50=0.70286 atr=0.000628 atrSma=0.000952 atrRatio=0.659 dir=LONG spread=16.0 spreadOK=YES atrGate=FAIL touch=FAIL momCandle=ZERO_RANGE_BAR barRange=0.000000 minBarRange=0.000188 (0.30xATR) momClosePos=0.500(forced) momOk=N ema50Ok=Y barRange=0.000000 zeroRangeBar=YES trigger=NO hasPos=NO portRisk=0.00% openPos=0 | 0.704340
CK	0	01:00:01.330	Cazyxio_v4.1 (EURUSD,M15)	2026.03.06 08:00:01 | GATE_FAIL | AUDUSD | ATR gate FAIL. ATR=0.000628 ATR_SMA=0.000952 Ratio=0.659 MinRatio=0.80. Market too quiet.
GO	0	01:00:04.335	Cazyxio_v4.1 (EURUSD,M15)	2026.03.06 08:00:04 | HEARTBEAT | SYSTEM | EA alive. Tick=146400 Equity=45490.80 OpenPos=0 UTC=2026.03.06 08:00 DayOfWeek=5 WeekendCloseActive=NO NewTradeBlocked=YES | 146400.000000
HH	0	01:00:48.916	Cazyxio_v4.1 (EURUSD,M15)	2026.03.06 08:00:48 | HEARTBEAT | SYSTEM | EA alive. Tick=146500 Equity=45490.80 OpenPos=0 UTC=2026.03.06 08:00 DayOfWeek=5 WeekendCloseActive=NO NewTradeBlocked=YES | 146500.000000
KD	0	01:01:29.185	Cazyxio_v4.1 (EURUSD,M15)	2026.03.06 08:01:29 | HEARTBEAT | SYSTEM | EA alive. Tick=146600 Equity=45490.80 OpenPos=0 UTC=2026.03.06 08:01 DayOfWeek=5 WeekendCloseActive=NO NewTradeBlocked=YES | 146600.000000
NQ	0	01:02:13.134	Cazyxio_v4.1 (EURUSD,M15)	2026.03.06 08:02:13 | HEARTBEAT | SYSTEM | EA alive. Tick=146700 Equity=45490.80 OpenPos=0 UTC=2026.03.06 08:02 DayOfWeek=5 WeekendCloseActive=NO NewTradeBlocked=YES | 146700.000000
DM	0	01:03:08.920	Cazyxio_v4.1 (EURUSD,M15)	2026.03.06 08:03:08 | HEARTBEAT | SYSTEM | EA alive. Tick=146800 Equity=45490.80 OpenPos=0 UTC=2026.03.06 08:03 DayOfWeek=5 WeekendCloseActive=NO NewTradeBlocked=YES | 146800.000000
OI	0	01:04:07.209	Cazyxio_v4.1 (EURUSD,M15)	2026.03.06 08:04:07 | HEARTBEAT | SYSTEM | EA alive. Tick=146900 Equity=45490.80 OpenPos=0 UTC=2026.03.06 08:04 DayOfWeek=5 WeekendCloseActive=NO NewTradeBlocked=YES | 146900.000000
KJ	0	01:05:04.044	Cazyxio_v4.1 (EURUSD,M15)	2026.03.06 08:05:04 | HEARTBEAT | SYSTEM | EA alive. Tick=147000 Equity=45490.80 OpenPos=0 UTC=2026.03.06 08:05 DayOfWeek=5 WeekendCloseActive=NO NewTradeBlocked=YES | 147000.000000
QF	0	01:05:53.387	Cazyxio_v4.1 (EURUSD,M15)	2026.03.06 08:05:53 | HEARTBEAT | SYSTEM | EA alive. Tick=147100 Equity=45490.80 OpenPos=0 UTC=2026.03.06 08:05 DayOfWeek=5 WeekendCloseActive=NO NewTradeBlocked=YES | 147100.000000
HR	0	01:07:03.300	Cazyxio_v4.1 (EURUSD,M15)	2026.03.06 08:07:03 | HEARTBEAT | SYSTEM | EA alive. Tick=147200 Equity=45490.80 OpenPos=0 UTC=2026.03.06 08:07 DayOfWeek=5 WeekendCloseActive=NO NewTradeBlocked=YES | 147200.000000
MO	0	01:08:04.018	Cazyxio_v4.1 (EURUSD,M15)	2026.03.06 08:08:04 | HEARTBEAT | SYSTEM | EA alive. Tick=147300 Equity=45490.80 OpenPos=0 UTC=2026.03.06 08:08 DayOfWeek=5 WeekendCloseActive=NO NewTradeBlocked=YES | 147300.000000
IK	0	01:09:10.921	Cazyxio_v4.1 (EURUSD,M15)	2026.03.06 08:09:10 | HEARTBEAT | SYSTEM | EA alive. Tick=147400 Equity=45490.80 OpenPos=0 UTC=2026.03.06 08:09 DayOfWeek=5 WeekendCloseActive=NO NewTradeBlocked=YES | 147400.000000
ID	0	01:10:01.954	Cazyxio_v4.1 (EURUSD,M15)	2026.03.06 08:10:01 | HEARTBEAT | SYSTEM | EA alive. Tick=147500 Equity=45490.80 OpenPos=0 UTC=2026.03.06 08:10 DayOfWeek=5 WeekendCloseActive=NO NewTradeBlocked=YES | 147500.000000
FP	0	01:10:54.913	Cazyxio_v4.1 (EURUSD,M15)	2026.03.06 08:10:54 | HEARTBEAT | SYSTEM | EA alive. Tick=147600 Equity=45490.80 OpenPos=0 UTC=2026.03.06 08:10 DayOfWeek=5 WeekendCloseActive=NO NewTradeBlocked=YES | 147600.000000
GL	0	01:12:05.422	Cazyxio_v4.1 (EURUSD,M15)	2026.03.06 08:12:05 | HEARTBEAT | SYSTEM | EA alive. Tick=147700 Equity=45490.80 OpenPos=0 UTC=2026.03.06 08:12 DayOfWeek=5 WeekendCloseActive=NO NewTradeBlocked=YES | 147700.000000
MI	0	01:13:12.050	Cazyxio_v4.1 (EURUSD,M15)	2026.03.06 08:13:12 | HEARTBEAT | SYSTEM | EA alive. Tick=147800 Equity=45490.80 OpenPos=0 UTC=2026.03.06 08:13 DayOfWeek=5 WeekendCloseActive=NO NewTradeBlocked=YES | 147800.000000
JE	0	01:14:01.410	Cazyxio_v4.1 (EURUSD,M15)	2026.03.06 08:14:01 | HEARTBEAT | SYSTEM | EA alive. Tick=147900 Equity=45490.80 OpenPos=0 UTC=2026.03.06 08:14 DayOfWeek=5 WeekendCloseActive=NO NewTradeBlocked=YES | 147900.000000
QQ	0	01:14:51.794	Cazyxio_v4.1 (EURUSD,M15)	2026.03.06 08:14:51 | HEARTBEAT | SYSTEM | EA alive. Tick=148000 Equity=45490.80 OpenPos=0 UTC=2026.03.06 08:14 DayOfWeek=5 WeekendCloseActive=NO NewTradeBlocked=YES | 148000.000000
CP	0	01:15:01.144	Cazyxio_v4.1 (EURUSD,M15)	2026.03.06 08:15:01 | BAR | GBPUSD | close=1.33677 h4ema200=1.34986 h4slope=DOWN ema50=1.33590 atr=0.000723 atrSma=0.001179 atrRatio=0.613 dir=SHORT spread=23.0 spreadOK=YES atrGate=FAIL touch=PASS momCandle=ZERO_RANGE_BAR barRange=0.000000 minBarRange=0.000217 (0.30xATR) momClosePos=0.500(forced) momOk=N ema50Ok=Y barRange=0.000000 zeroRangeBar=YES trigger=NO hasPos=NO portRisk=0.00% openPos=0 | 1.336770
ME	0	01:15:01.144	Cazyxio_v4.1 (EURUSD,M15)	2026.03.06 08:15:01 | GATE_FAIL | GBPUSD | ATR gate FAIL. ATR=0.000723 ATR_SMA=0.001179 Ratio=0.613 MinRatio=0.80. Market too quiet.
MN	0	01:15:01.144	Cazyxio_v4.1 (EURUSD,M15)	2026.03.06 08:15:01 | BAR | EURUSD | close=1.16095 h4ema200=1.17598 h4slope=DOWN ema50=1.16090 atr=0.000618 atrSma=0.000953 atrRatio=0.648 dir=SHORT spread=20.0 spreadOK=YES atrGate=FAIL touch=PASS momCandle=ZERO_RANGE_BAR barRange=0.000000 minBarRange=0.000185 (0.30xATR) momClosePos=0.500(forced) momOk=N ema50Ok=Y barRange=0.000000 zeroRangeBar=YES trigger=NO hasPos=NO portRisk=0.00% openPos=0 | 1.160950
NE	0	01:15:01.144	Cazyxio_v4.1 (EURUSD,M15)	2026.03.06 08:15:01 | GATE_FAIL | EURUSD | ATR gate FAIL. ATR=0.000618 ATR_SMA=0.000953 Ratio=0.648 MinRatio=0.80. Market too quiet.
FS	0	01:15:01.144	Cazyxio_v4.1 (EURUSD,M15)	2026.03.06 08:15:01 | BAR | AUDUSD | close=0.70403 h4ema200=0.69924 h4slope=UP ema50=0.70290 atr=0.000617 atrSma=0.000951 atrRatio=0.649 dir=LONG spread=18.0 spreadOK=YES atrGate=FAIL touch=FAIL momCandle=ZERO_RANGE_BAR barRange=0.000000 minBarRange=0.000185 (0.30xATR) momClosePos=0.500(forced) momOk=N ema50Ok=Y barRange=0.000000 zeroRangeBar=YES trigger=NO hasPos=NO portRisk=0.00% openPos=0 | 0.704030
RJ	0	01:15:01.144	Cazyxio_v4.1 (EURUSD,M15)	2026.03.06 08:15:01 | GATE_FAIL | AUDUSD | ATR gate FAIL. ATR=0.000617 ATR_SMA=0.000951 Ratio=0.649 MinRatio=0.80. Market too quiet.
IM	0	01:15:01.144	Cazyxio_v4.1 (EURUSD,M15)	2026.03.06 08:15:01 | BAR | USDCAD | close=1.36458 h4ema200=1.36850 h4slope=DOWN ema50=1.36601 atr=0.000536 atrSma=0.000883 atrRatio=0.607 dir=SHORT spread=26.0 spreadOK=YES atrGate=FAIL touch=PASS momCandle=ZERO_RANGE_BAR barRange=0.000000 minBarRange=0.000161 (0.30xATR) momClosePos=0.500(forced) momOk=N ema50Ok=Y barRange=0.000000 zeroRangeBar=YES trigger=NO hasPos=NO portRisk=0.00% openPos=0 | 1.364580
PH	0	01:15:01.144	Cazyxio_v4.1 (EURUSD,M15)	2026.03.06 08:15:01 | GATE_FAIL | USDCAD | ATR gate FAIL. ATR=0.000536 ATR_SMA=0.000883 Ratio=0.607 MinRatio=0.80. Market too quiet.
NG	0	01:15:01.398	Cazyxio_v4.1 (EURUSD,M15)	2026.03.06 08:15:01 | BAR | USDJPY | close=157.497 h4ema200=155.831 h4slope=UP ema50=157.592 atr=0.102500 atrSma=0.112416 atrRatio=0.912 dir=LONG spread=16.0 spreadOK=YES atrGate=PASS touch=PASS momCandle=ZERO_RANGE_BAR barRange=0.000000 minBarRange=0.030750 (0.30xATR) momClosePos=0.500(forced) momOk=N ema50Ok=Y barRange=0.000000 zeroRangeBar=YES trigger=NO hasPos=NO portRisk=0.00% openPos=0 | 157.497000
KH	0	01:15:01.398	Cazyxio_v4.1 (EURUSD,M15)	2026.03.06 08:15:01 | GATE_FAIL | USDJPY | Zero-range bar FAIL (v4.1 fix). barRange=0.000000 < minBarRange=0.030750 (0.30x ATR). Doji/flat bar excluded from momentum evaluation.
IO	0	01:15:01.398	Cazyxio_v4.1 (EURUSD,M15)	2026.03.06 08:15:01 | BAR | GBPJPY | close=210.545 h4ema200=210.356 h4slope=DOWN ema50=210.532 atr=0.123857 atrSma=0.147931 atrRatio=0.837 dir=NONE spread=43.0 spreadOK=NO atrGate=PASS touch=FAIL momCandle= zeroRangeBar=NO trigger=NO hasPos=NO portRisk=0.00% openPos=0 | 210.545000
IH	0	01:15:01.398	Cazyxio_v4.1 (EURUSD,M15)	2026.03.06 08:15:01 | GATE_FAIL | GBPJPY | No directional bias. h4slope=DOWN closeNow=210.545 h4ema200=210.356. Need H4 slope + price on correct side of H4 EMA200.
RQ	0	01:15:50.031	Cazyxio_v4.1 (EURUSD,M15)	2026.03.06 08:15:50 | HEARTBEAT | SYSTEM | EA alive. Tick=148100 Equity=45490.80 OpenPos=0 UTC=2026.03.06 08:15 DayOfWeek=5 WeekendCloseActive=NO NewTradeBlocked=YES | 148100.000000
CM	0	01:16:48.848	Cazyxio_v4.1 (EURUSD,M15)	2026.03.06 08:16:48 | HEARTBEAT | SYSTEM | EA alive. Tick=148200 Equity=45490.80 OpenPos=0 UTC=2026.03.06 08:16 DayOfWeek=5 WeekendCloseActive=NO NewTradeBlocked=YES | 148200.000000
GN	0	01:17:59.870	Cazyxio_v4.1 (EURUSD,M15)	2026.03.06 08:17:59 | HEARTBEAT | SYSTEM | EA alive. Tick=148300 Equity=45490.80 OpenPos=0 UTC=2026.03.06 08:17 DayOfWeek=5 WeekendCloseActive=NO NewTradeBlocked=YES | 148300.000000
MJ	0	01:18:52.163	Cazyxio_v4.1 (EURUSD,M15)	2026.03.06 08:18:52 | HEARTBEAT | SYSTEM | EA alive. Tick=148400 Equity=45490.80 OpenPos=0 UTC=2026.03.06 08:18 DayOfWeek=5 WeekendCloseActive=NO NewTradeBlocked=YES | 148400.000000
DF	0	01:19:54.822	Cazyxio_v4.1 (EURUSD,M15)	2026.03.06 08:19:54 | HEARTBEAT | SYSTEM | EA alive. Tick=148500 Equity=45490.80 OpenPos=0 UTC=2026.03.06 08:19 DayOfWeek=5 WeekendCloseActive=NO NewTradeBlocked=YES | 148500.000000
LS	0	01:20:54.505	Cazyxio_v4.1 (EURUSD,M15)	2026.03.06 08:20:54 | HEARTBEAT | SYSTEM | EA alive. Tick=148600 Equity=45490.80 OpenPos=0 UTC=2026.03.06 08:20 DayOfWeek=5 WeekendCloseActive=NO NewTradeBlocked=YES | 148600.000000
QO	0	01:22:01.083	Cazyxio_v4.1 (EURUSD,M15)	2026.03.06 08:22:01 | HEARTBEAT | SYSTEM | EA alive. Tick=148700 Equity=45490.80 OpenPos=0 UTC=2026.03.06 08:22 DayOfWeek=5 WeekendCloseActive=NO NewTradeBlocked=YES | 148700.000000
KH	0	01:23:11.776	Cazyxio_v4.1 (EURUSD,M15)	2026.03.06 08:23:11 | HEARTBEAT | SYSTEM | EA alive. Tick=148800 Equity=45490.80 OpenPos=0 UTC=2026.03.06 08:23 DayOfWeek=5 WeekendCloseActive=NO NewTradeBlocked=YES | 148800.000000
FD	0	01:24:26.590	Cazyxio_v4.1 (EURUSD,M15)	2026.03.06 08:24:26 | HEARTBEAT | SYSTEM | EA alive. Tick=148900 Equity=45490.80 OpenPos=0 UTC=2026.03.06 08:24 DayOfWeek=5 WeekendCloseActive=NO NewTradeBlocked=YES | 148900.000000
OP	0	01:25:23.080	Cazyxio_v4.1 (EURUSD,M15)	2026.03.06 08:25:23 | HEARTBEAT | SYSTEM | EA alive. Tick=149000 Equity=45490.80 OpenPos=0 UTC=2026.03.06 08:25 DayOfWeek=5 WeekendCloseActive=NO NewTradeBlocked=YES | 149000.000000
LM	0	01:26:40.770	Cazyxio_v4.1 (EURUSD,M15)	2026.03.06 08:26:40 | HEARTBEAT | SYSTEM | EA alive. Tick=149100 Equity=45490.80 OpenPos=0 UTC=2026.03.06 08:26 DayOfWeek=5 WeekendCloseActive=NO NewTradeBlocked=YES | 149100.000000
OI	0	01:28:14.441	Cazyxio_v4.1 (EURUSD,M15)	2026.03.06 08:28:14 | HEARTBEAT | SYSTEM | EA alive. Tick=149200 Equity=45490.80 OpenPos=0 UTC=2026.03.06 08:28 DayOfWeek=5 WeekendCloseActive=NO NewTradeBlocked=YES | 149200.000000
DE	0	01:29:31.658	Cazyxio_v4.1 (EURUSD,M15)	2026.03.06 08:29:31 | HEARTBEAT | SYSTEM | EA alive. Tick=149300 Equity=45490.80 OpenPos=0 UTC=2026.03.06 08:29 DayOfWeek=5 WeekendCloseActive=NO NewTradeBlocked=YES | 149300.000000
FE	0	01:30:01.249	Cazyxio_v4.1 (EURUSD,M15)	2026.03.06 08:30:01 | BAR | EURUSD | close=1.16030 h4ema200=1.17597 h4slope=DOWN ema50=1.16085 atr=0.000676 atrSma=0.000952 atrRatio=0.710 dir=SHORT spread=17.0 spreadOK=YES atrGate=FAIL touch=PASS momCandle=ZERO_RANGE_BAR barRange=0.000000 minBarRange=0.000203 (0.30xATR) momClosePos=0.500(forced) momOk=N ema50Ok=Y barRange=0.000000 zeroRangeBar=YES trigger=NO hasPos=NO portRisk=0.00% openPos=0 | 1.160300
CP	0	01:30:01.249	Cazyxio_v4.1 (EURUSD,M15)	2026.03.06 08:30:01 | GATE_FAIL | EURUSD | ATR gate FAIL. ATR=0.000676 ATR_SMA=0.000952 Ratio=0.710 MinRatio=0.80. Market too quiet.
HO	0	01:30:01.249	Cazyxio_v4.1 (EURUSD,M15)	2026.03.06 08:30:01 | BAR | USDJPY | close=157.581 h4ema200=155.832 h4slope=UP ema50=157.595 atr=0.104857 atrSma=0.112314 atrRatio=0.934 dir=LONG spread=16.0 spreadOK=YES atrGate=PASS touch=PASS momCandle=ZERO_RANGE_BAR barRange=0.000000 minBarRange=0.031457 (0.30xATR) momClosePos=0.500(forced) momOk=N ema50Ok=Y barRange=0.000000 zeroRangeBar=YES trigger=NO hasPos=NO portRisk=0.00% openPos=0 | 157.581000
IG	0	01:30:01.249	Cazyxio_v4.1 (EURUSD,M15)	2026.03.06 08:30:01 | GATE_FAIL | USDJPY | Zero-range bar FAIL (v4.1 fix). barRange=0.000000 < minBarRange=0.031457 (0.30x ATR). Doji/flat bar excluded from momentum evaluation.
MK	0	01:30:01.249	Cazyxio_v4.1 (EURUSD,M15)	2026.03.06 08:30:01 | BAR | AUDUSD | close=0.70312 h4ema200=0.69923 h4slope=UP ema50=0.70287 atr=0.000674 atrSma=0.000950 atrRatio=0.709 dir=LONG spread=18.0 spreadOK=YES atrGate=FAIL touch=PASS momCandle=ZERO_RANGE_BAR barRange=0.000000 minBarRange=0.000202 (0.30xATR) momClosePos=0.500(forced) momOk=N ema50Ok=Y barRange=0.000000 zeroRangeBar=YES trigger=NO hasPos=NO portRisk=0.00% openPos=0 | 0.703120
KL	0	01:30:01.249	Cazyxio_v4.1 (EURUSD,M15)	2026.03.06 08:30:01 | GATE_FAIL | AUDUSD | ATR gate FAIL. ATR=0.000674 ATR_SMA=0.000950 Ratio=0.709 MinRatio=0.80. Market too quiet.
OI	0	01:30:01.249	Cazyxio_v4.1 (EURUSD,M15)	2026.03.06 08:30:01 | BAR | GBPJPY | close=210.584 h4ema200=210.356 h4slope=DOWN ema50=210.536 atr=0.122643 atrSma=0.147702 atrRatio=0.830 dir=NONE spread=43.0 spreadOK=NO atrGate=PASS touch=FAIL momCandle= zeroRangeBar=NO trigger=NO hasPos=NO portRisk=0.00% openPos=0 | 210.584000
IN	0	01:30:01.249	Cazyxio_v4.1 (EURUSD,M15)	2026.03.06 08:30:01 | GATE_FAIL | GBPJPY | No directional bias. h4slope=DOWN closeNow=210.584 h4ema200=210.356. Need H4 slope + price on correct side of H4 EMA200.
RI	0	01:30:01.492	Cazyxio_v4.1 (EURUSD,M15)	2026.03.06 08:30:01 | BAR | GBPUSD | close=1.33632 h4ema200=1.34986 h4slope=DOWN ema50=1.33590 atr=0.000750 atrSma=0.001176 atrRatio=0.638 dir=SHORT spread=23.0 spreadOK=YES atrGate=FAIL touch=PASS momCandle=ZERO_RANGE_BAR barRange=0.000000 minBarRange=0.000225 (0.30xATR) momClosePos=0.500(forced) momOk=N ema50Ok=Y barRange=0.000000 zeroRangeBar=YES trigger=NO hasPos=NO portRisk=0.00% openPos=0 | 1.336320
GN	0	01:30:01.492	Cazyxio_v4.1 (EURUSD,M15)	2026.03.06 08:30:01 | GATE_FAIL | GBPUSD | ATR gate FAIL. ATR=0.000750 ATR_SMA=0.001176 Ratio=0.638 MinRatio=0.80. Market too quiet.
NI	0	01:30:01.492	Cazyxio_v4.1 (EURUSD,M15)	2026.03.06 08:30:01 | BAR | USDCAD | close=1.36510 h4ema200=1.36851 h4slope=DOWN ema50=1.36600 atr=0.000568 atrSma=0.000883 atrRatio=0.643 dir=SHORT spread=26.0 spreadOK=YES atrGate=FAIL touch=PASS momCandle=ZERO_RANGE_BAR barRange=0.000000 minBarRange=0.000170 (0.30xATR) momClosePos=0.500(forced) momOk=N ema50Ok=Y barRange=0.000000 zeroRangeBar=YES trigger=NO hasPos=NO portRisk=0.00% openPos=0 | 1.365100
CL	0	01:30:01.492	Cazyxio_v4.1 (EURUSD,M15)	2026.03.06 08:30:01 | GATE_FAIL | USDCAD | ATR gate FAIL. ATR=0.000568 ATR_SMA=0.000883 Ratio=0.643 MinRatio=0.80. Market too quiet.
QE	0	01:31:03.757	Cazyxio_v4.1 (EURUSD,M15)	2026.03.06 08:31:03 | HEARTBEAT | SYSTEM | EA alive. Tick=149400 Equity=45490.80 OpenPos=0 UTC=2026.03.06 08:31 DayOfWeek=5 WeekendCloseActive=NO NewTradeBlocked=YES | 149400.000000
DQ	0	01:31:53.264	Cazyxio_v4.1 (EURUSD,M15)	2026.03.06 08:31:53 | HEARTBEAT | SYSTEM | EA alive. Tick=149500 Equity=45490.80 OpenPos=0 UTC=2026.03.06 08:31 DayOfWeek=5 WeekendCloseActive=NO NewTradeBlocked=YES | 149500.000000
LR	0	01:32:36.948	Cazyxio_v4.1 (EURUSD,M15)	2026.03.06 08:32:36 | HEARTBEAT | SYSTEM | EA alive. Tick=149600 Equity=45490.80 OpenPos=0 UTC=2026.03.06 08:32 DayOfWeek=5 WeekendCloseActive=NO NewTradeBlocked=YES | 149600.000000
CN	0	01:34:13.101	Cazyxio_v4.1 (EURUSD,M15)	2026.03.06 08:34:13 | HEARTBEAT | SYSTEM | EA alive. Tick=149700 Equity=45490.80 OpenPos=0 UTC=2026.03.06 08:34 DayOfWeek=5 WeekendCloseActive=NO NewTradeBlocked=YES | 149700.000000
IJ	0	01:35:54.313	Cazyxio_v4.1 (EURUSD,M15)	2026.03.06 08:35:54 | HEARTBEAT | SYSTEM | EA alive. Tick=149800 Equity=45490.80 OpenPos=0 UTC=2026.03.06 08:35 DayOfWeek=5 WeekendCloseActive=NO NewTradeBlocked=YES | 149800.000000
FG	0	01:37:24.387	Cazyxio_v4.1 (EURUSD,M15)	2026.03.06 08:37:24 | HEARTBEAT | SYSTEM | EA alive. Tick=149900 Equity=45490.80 OpenPos=0 UTC=2026.03.06 08:37 DayOfWeek=5 WeekendCloseActive=NO NewTradeBlocked=YES | 149900.000000
OS	0	01:38:50.839	Cazyxio_v4.1 (EURUSD,M15)	2026.03.06 08:38:50 | HEARTBEAT | SYSTEM | EA alive. Tick=150000 Equity=45490.80 OpenPos=0 UTC=2026.03.06 08:38 DayOfWeek=5 WeekendCloseActive=NO NewTradeBlocked=YES | 150000.000000
RL	0	01:40:16.136	Cazyxio_v4.1 (EURUSD,M15)	2026.03.06 08:40:16 | HEARTBEAT | SYSTEM | EA alive. Tick=150100 Equity=45490.80 OpenPos=0 UTC=2026.03.06 08:40 DayOfWeek=5 WeekendCloseActive=NO NewTradeBlocked=YES | 150100.000000
OH	0	01:42:04.322	Cazyxio_v4.1 (EURUSD,M15)	2026.03.06 08:42:04 | HEARTBEAT | SYSTEM | EA alive. Tick=150200 Equity=45490.80 OpenPos=0 UTC=2026.03.06 08:42 DayOfWeek=5 WeekendCloseActive=NO NewTradeBlocked=YES | 150200.000000
JD	0	01:43:49.056	Cazyxio_v4.1 (EURUSD,M15)	2026.03.06 08:43:49 | HEARTBEAT | SYSTEM | EA alive. Tick=150300 Equity=45490.80 OpenPos=0 UTC=2026.03.06 08:43 DayOfWeek=5 WeekendCloseActive=NO NewTradeBlocked=YES | 150300.000000
FR	0	01:45:01.264	Cazyxio_v4.1 (EURUSD,M15)	2026.03.06 08:45:01 | BAR | EURUSD | close=1.16091 h4ema200=1.17598 h4slope=DOWN ema50=1.16087 atr=0.000733 atrSma=0.000951 atrRatio=0.770 dir=SHORT spread=17.0 spreadOK=YES atrGate=FAIL touch=PASS momCandle=ZERO_RANGE_BAR barRange=0.000000 minBarRange=0.000220 (0.30xATR) momClosePos=0.500(forced) momOk=N ema50Ok=Y barRange=0.000000 zeroRangeBar=YES trigger=NO hasPos=NO portRisk=0.00% openPos=0 | 1.160910
GF	0	01:45:01.264	Cazyxio_v4.1 (EURUSD,M15)	2026.03.06 08:45:01 | GATE_FAIL | EURUSD | ATR gate FAIL. ATR=0.000733 ATR_SMA=0.000951 Ratio=0.770 MinRatio=0.80. Market too quiet.
KN	0	01:45:01.264	Cazyxio_v4.1 (EURUSD,M15)	2026.03.06 08:45:01 | BAR | USDJPY | close=157.588 h4ema200=155.832 h4slope=UP ema50=157.595 atr=0.105929 atrSma=0.112156 atrRatio=0.944 dir=LONG spread=17.0 spreadOK=YES atrGate=PASS touch=PASS momCandle=ZERO_RANGE_BAR barRange=0.000000 minBarRange=0.031779 (0.30xATR) momClosePos=0.500(forced) momOk=N ema50Ok=Y barRange=0.000000 zeroRangeBar=YES trigger=NO hasPos=NO portRisk=0.00% openPos=0 | 157.588000
GF	0	01:45:01.264	Cazyxio_v4.1 (EURUSD,M15)	2026.03.06 08:45:01 | GATE_FAIL | USDJPY | Zero-range bar FAIL (v4.1 fix). barRange=0.000000 < minBarRange=0.031779 (0.30x ATR). Doji/flat bar excluded from momentum evaluation.
FI	0	01:45:01.264	Cazyxio_v4.1 (EURUSD,M15)	2026.03.06 08:45:01 | BAR | GBPJPY | close=210.746 h4ema200=210.358 h4slope=DOWN ema50=210.550 atr=0.130643 atrSma=0.147596 atrRatio=0.885 dir=NONE spread=43.0 spreadOK=NO atrGate=PASS touch=FAIL momCandle= zeroRangeBar=NO trigger=NO hasPos=NO portRisk=0.00% openPos=0 | 210.746000
JN	0	01:45:01.264	Cazyxio_v4.1 (EURUSD,M15)	2026.03.06 08:45:01 | GATE_FAIL | GBPJPY | No directional bias. h4slope=DOWN closeNow=210.746 h4ema200=210.358. Need H4 slope + price on correct side of H4 EMA200.
FH	0	01:45:01.264	Cazyxio_v4.1 (EURUSD,M15)	2026.03.06 08:45:01 | BAR | USDCAD | close=1.36479 h4ema200=1.36850 h4slope=DOWN ema50=1.36594 atr=0.000617 atrSma=0.000883 atrRatio=0.699 dir=SHORT spread=24.0 spreadOK=YES atrGate=FAIL touch=PASS momCandle=ZERO_RANGE_BAR barRange=0.000000 minBarRange=0.000185 (0.30xATR) momClosePos=0.500(forced) momOk=N ema50Ok=Y barRange=0.000000 zeroRangeBar=YES trigger=NO hasPos=NO portRisk=0.00% openPos=0 | 1.364790
JO	0	01:45:01.264	Cazyxio_v4.1 (EURUSD,M15)	2026.03.06 08:45:01 | GATE_FAIL | USDCAD | ATR gate FAIL. ATR=0.000617 ATR_SMA=0.000883 Ratio=0.699 MinRatio=0.80. Market too quiet.
CH	0	01:45:01.693	Cazyxio_v4.1 (EURUSD,M15)	2026.03.06 08:45:01 | BAR | GBPUSD | close=1.33730 h4ema200=1.34987 h4slope=DOWN ema50=1.33599 atr=0.000844 atrSma=0.001174 atrRatio=0.719 dir=SHORT spread=20.0 spreadOK=YES atrGate=FAIL touch=PASS momCandle=ZERO_RANGE_BAR barRange=0.000000 minBarRange=0.000253 (0.30xATR) momClosePos=0.500(forced) momOk=N ema50Ok=Y barRange=0.000000 zeroRangeBar=YES trigger=NO hasPos=NO portRisk=0.00% openPos=0 | 1.337300
LM	0	01:45:01.693	Cazyxio_v4.1 (EURUSD,M15)	2026.03.06 08:45:01 | GATE_FAIL | GBPUSD | ATR gate FAIL. ATR=0.000844 ATR_SMA=0.001174 Ratio=0.719 MinRatio=0.80. Market too quiet.
JK	0	01:45:01.693	Cazyxio_v4.1 (EURUSD,M15)	2026.03.06 08:45:01 | BAR | AUDUSD | close=0.70376 h4ema200=0.69924 h4slope=UP ema50=0.70293 atr=0.000724 atrSma=0.000949 atrRatio=0.762 dir=LONG spread=17.0 spreadOK=YES atrGate=FAIL touch=PASS momCandle=ZERO_RANGE_BAR barRange=0.000000 minBarRange=0.000217 (0.30xATR) momClosePos=0.500(forced) momOk=N ema50Ok=Y barRange=0.000000 zeroRangeBar=YES trigger=NO hasPos=NO portRisk=0.00% openPos=0 | 0.703760
KL	0	01:45:01.693	Cazyxio_v4.1 (EURUSD,M15)	2026.03.06 08:45:01 | GATE_FAIL | AUDUSD | ATR gate FAIL. ATR=0.000724 ATR_SMA=0.000949 Ratio=0.762 MinRatio=0.80. Market too quiet.
OD	0	01:45:09.547	Cazyxio_v4.1 (EURUSD,M15)	2026.03.06 08:45:09 | HEARTBEAT | SYSTEM | EA alive. Tick=150400 Equity=45490.80 OpenPos=0 UTC=2026.03.06 08:45 DayOfWeek=5 WeekendCloseActive=NO NewTradeBlocked=YES | 150400.000000
GP	0	01:47:09.525	Cazyxio_v4.1 (EURUSD,M15)	2026.03.06 08:47:09 | HEARTBEAT | SYSTEM | EA alive. Tick=150500 Equity=45490.80 OpenPos=0 UTC=2026.03.06 08:47 DayOfWeek=5 WeekendCloseActive=NO NewTradeBlocked=YES | 150500.000000
LM	0	01:48:33.291	Cazyxio_v4.1 (EURUSD,M15)	2026.03.06 08:48:33 | HEARTBEAT | SYSTEM | EA alive. Tick=150600 Equity=45490.80 OpenPos=0 UTC=2026.03.06 08:48 DayOfWeek=5 WeekendCloseActive=NO NewTradeBlocked=YES | 150600.000000
PI	0	01:49:55.922	Cazyxio_v4.1 (EURUSD,M15)	2026.03.06 08:49:55 | HEARTBEAT | SYSTEM | EA alive. Tick=150700 Equity=45490.80 OpenPos=0 UTC=2026.03.06 08:49 DayOfWeek=5 WeekendCloseActive=NO NewTradeBlocked=YES | 150700.000000
GE	0	01:51:43.883	Cazyxio_v4.1 (EURUSD,M15)	2026.03.06 08:51:43 | HEARTBEAT | SYSTEM | EA alive. Tick=150800 Equity=45490.80 OpenPos=0 UTC=2026.03.06 08:51 DayOfWeek=5 WeekendCloseActive=NO NewTradeBlocked=YES | 150800.000000
LF	0	01:53:44.893	Cazyxio_v4.1 (EURUSD,M15)	2026.03.06 08:53:44 | HEARTBEAT | SYSTEM | EA alive. Tick=150900 Equity=45490.80 OpenPos=0 UTC=2026.03.06 08:53 DayOfWeek=5 WeekendCloseActive=NO NewTradeBlocked=YES | 150900.000000
CR	0	01:54:59.996	Cazyxio_v4.1 (EURUSD,M15)	2026.03.06 08:54:59 | HEARTBEAT | SYSTEM | EA alive. Tick=151000 Equity=45490.80 OpenPos=0 UTC=2026.03.06 08:54 DayOfWeek=5 WeekendCloseActive=NO NewTradeBlocked=YES | 151000.000000
JN	0	01:56:16.476	Cazyxio_v4.1 (EURUSD,M15)	2026.03.06 08:56:16 | HEARTBEAT | SYSTEM | EA alive. Tick=151100 Equity=45490.80 OpenPos=0 UTC=2026.03.06 08:56 DayOfWeek=5 WeekendCloseActive=NO NewTradeBlocked=YES | 151100.000000
LK	0	01:57:41.563	Cazyxio_v4.1 (EURUSD,M15)	2026.03.06 08:57:41 | HEARTBEAT | SYSTEM | EA alive. Tick=151200 Equity=45490.80 OpenPos=0 UTC=2026.03.06 08:57 DayOfWeek=5 WeekendCloseActive=NO NewTradeBlocked=YES | 151200.000000
FG	0	01:59:16.497	Cazyxio_v4.1 (EURUSD,M15)	2026.03.06 08:59:16 | HEARTBEAT | SYSTEM | EA alive. Tick=151300 Equity=45490.80 OpenPos=0 UTC=2026.03.06 08:59 DayOfWeek=5 WeekendCloseActive=NO NewTradeBlocked=YES | 151300.000000
QR	0	02:00:01.190	Cazyxio_v4.1 (EURUSD,M15)	2026.03.06 09:00:01 | BAR | GBPUSD | close=1.33636 h4ema200=1.34986 h4slope=DOWN ema50=1.33597 atr=0.000866 atrSma=0.001171 atrRatio=0.740 dir=SHORT spread=24.0 spreadOK=YES atrGate=FAIL touch=PASS momCandle=ZERO_RANGE_BAR barRange=0.000000 minBarRange=0.000260 (0.30xATR) momClosePos=0.500(forced) momOk=N ema50Ok=Y barRange=0.000000 zeroRangeBar=YES trigger=NO hasPos=NO portRisk=0.00% openPos=0 | 1.336360
OF	0	02:00:01.190	Cazyxio_v4.1 (EURUSD,M15)	2026.03.06 09:00:01 | GATE_FAIL | GBPUSD | ATR gate FAIL. ATR=0.000866 ATR_SMA=0.001171 Ratio=0.740 MinRatio=0.80. Market too quiet.
DP	0	02:00:01.191	Cazyxio_v4.1 (EURUSD,M15)	2026.03.06 09:00:01 | BAR | EURUSD | close=1.16024 h4ema200=1.17597 h4slope=DOWN ema50=1.16082 atr=0.000759 atrSma=0.000950 atrRatio=0.799 dir=SHORT spread=14.0 spreadOK=YES atrGate=FAIL touch=PASS momCandle=ZERO_RANGE_BAR barRange=0.000000 minBarRange=0.000228 (0.30xATR) momClosePos=0.500(forced) momOk=N ema50Ok=Y barRange=0.000000 zeroRangeBar=YES trigger=NO hasPos=NO portRisk=0.00% openPos=0 | 1.160240
JD	0	02:00:01.191	Cazyxio_v4.1 (EURUSD,M15)	2026.03.06 09:00:01 | GATE_FAIL | EURUSD | ATR gate FAIL. ATR=0.000759 ATR_SMA=0.000950 Ratio=0.799 MinRatio=0.80. Market too quiet.
HQ	0	02:00:01.191	Cazyxio_v4.1 (EURUSD,M15)	2026.03.06 09:00:01 | BAR | USDCAD | close=1.36522 h4ema200=1.36851 h4slope=DOWN ema50=1.36593 atr=0.000632 atrSma=0.000881 atrRatio=0.717 dir=SHORT spread=23.0 spreadOK=YES atrGate=FAIL touch=PASS momCandle=ZERO_RANGE_BAR barRange=0.000000 minBarRange=0.000190 (0.30xATR) momClosePos=0.500(forced) momOk=N ema50Ok=Y barRange=0.000000 zeroRangeBar=YES trigger=NO hasPos=NO portRisk=0.00% openPos=0 | 1.365220
GE	0	02:00:01.191	Cazyxio_v4.1 (EURUSD,M15)	2026.03.06 09:00:01 | GATE_FAIL | USDCAD | ATR gate FAIL. ATR=0.000632 ATR_SMA=0.000881 Ratio=0.717 MinRatio=0.80. Market too quiet.
MS	0	02:00:01.438	Cazyxio_v4.1 (EURUSD,M15)	2026.03.06 09:00:01 | BAR | USDJPY | close=157.649 h4ema200=155.833 h4slope=UP ema50=157.599 atr=0.102714 atrSma=0.111933 atrRatio=0.918 dir=LONG spread=14.0 spreadOK=YES atrGate=PASS touch=PASS momCandle=ZERO_RANGE_BAR barRange=0.000000 minBarRange=0.030814 (0.30xATR) momClosePos=0.500(forced) momOk=N ema50Ok=Y barRange=0.000000 zeroRangeBar=YES trigger=NO hasPos=NO portRisk=0.00% openPos=0 | 157.649000
MK	0	02:00:01.438	Cazyxio_v4.1 (EURUSD,M15)	2026.03.06 09:00:01 | GATE_FAIL | USDJPY | Zero-range bar FAIL (v4.1 fix). barRange=0.000000 < minBarRange=0.030814 (0.30x ATR). Doji/flat bar excluded from momentum evaluation.
KO	0	02:00:01.438	Cazyxio_v4.1 (EURUSD,M15)	2026.03.06 09:00:01 | BAR | AUDUSD | close=0.70381 h4ema200=0.69924 h4slope=UP ema50=0.70297 atr=0.000720 atrSma=0.000947 atrRatio=0.760 dir=LONG spread=16.0 spreadOK=YES atrGate=FAIL touch=PASS momCandle=ZERO_RANGE_BAR barRange=0.000000 minBarRange=0.000216 (0.30xATR) momClosePos=0.500(forced) momOk=N ema50Ok=Y barRange=0.000000 zeroRangeBar=YES trigger=NO hasPos=NO portRisk=0.00% openPos=0 | 0.703810
RG	0	02:00:01.438	Cazyxio_v4.1 (EURUSD,M15)	2026.03.06 09:00:01 | GATE_FAIL | AUDUSD | ATR gate FAIL. ATR=0.000720 ATR_SMA=0.000947 Ratio=0.760 MinRatio=0.80. Market too quiet.
GM	0	02:00:01.438	Cazyxio_v4.1 (EURUSD,M15)	2026.03.06 09:00:01 | BAR | GBPJPY | close=210.689 h4ema200=210.357 h4slope=DOWN ema50=210.553 atr=0.132857 atrSma=0.147364 atrRatio=0.902 dir=NONE spread=36.0 spreadOK=NO atrGate=PASS touch=FAIL momCandle= zeroRangeBar=NO trigger=NO hasPos=NO portRisk=0.00% openPos=0 | 210.689000
RJ	0	02:00:01.438	Cazyxio_v4.1 (EURUSD,M15)	2026.03.06 09:00:01 | GATE_FAIL | GBPJPY | No directional bias. h4slope=DOWN closeNow=210.689 h4ema200=210.357. Need H4 slope + price on correct side of H4 EMA200.
KG	0	02:00:08.565	Cazyxio_v4.1 (EURUSD,M15)	2026.03.06 09:00:08 | HEARTBEAT | SYSTEM | EA alive. Tick=151400 Equity=45490.80 OpenPos=0 UTC=2026.03.06 09:00 DayOfWeek=5 WeekendCloseActive=NO NewTradeBlocked=YES | 151400.000000
HS	0	02:00:59.375	Cazyxio_v4.1 (EURUSD,M15)	2026.03.06 09:00:59 | HEARTBEAT | SYSTEM | EA alive. Tick=151500 Equity=45490.80 OpenPos=0 UTC=2026.03.06 09:00 DayOfWeek=5 WeekendCloseActive=NO NewTradeBlocked=YES | 151500.000000
KO	0	02:02:03.293	Cazyxio_v4.1 (EURUSD,M15)	2026.03.06 09:02:03 | HEARTBEAT | SYSTEM | EA alive. Tick=151600 Equity=45490.80 OpenPos=0 UTC=2026.03.06 09:02 DayOfWeek=5 WeekendCloseActive=NO NewTradeBlocked=YES | 151600.000000
LH	0	02:03:01.442	Cazyxio_v4.1 (EURUSD,M15)	2026.03.06 09:03:01 | HEARTBEAT | SYSTEM | EA alive. Tick=151700 Equity=45490.80 OpenPos=0 UTC=2026.03.06 09:03 DayOfWeek=5 WeekendCloseActive=NO NewTradeBlocked=YES | 151700.000000
DD	0	02:04:26.276	Cazyxio_v4.1 (EURUSD,M15)	2026.03.06 09:04:26 | HEARTBEAT | SYSTEM | EA alive. Tick=151800 Equity=45490.80 OpenPos=0 UTC=2026.03.06 09:04 DayOfWeek=5 WeekendCloseActive=NO NewTradeBlocked=YES | 151800.000000
GQ	0	02:05:37.148	Cazyxio_v4.1 (EURUSD,M15)	2026.03.06 09:05:37 | HEARTBEAT | SYSTEM | EA alive. Tick=151900 Equity=45490.80 OpenPos=0 UTC=2026.03.06 09:05 DayOfWeek=5 WeekendCloseActive=NO NewTradeBlocked=YES | 151900.000000
DM	0	02:06:38.591	Cazyxio_v4.1 (EURUSD,M15)	2026.03.06 09:06:38 | HEARTBEAT | SYSTEM | EA alive. Tick=152000 Equity=45490.80 OpenPos=0 UTC=2026.03.06 09:06 DayOfWeek=5 WeekendCloseActive=NO NewTradeBlocked=YES | 152000.000000
HI	0	02:08:07.508	Cazyxio_v4.1 (EURUSD,M15)	2026.03.06 09:08:07 | HEARTBEAT | SYSTEM | EA alive. Tick=152100 Equity=45490.80 OpenPos=0 UTC=2026.03.06 09:08 DayOfWeek=5 WeekendCloseActive=NO NewTradeBlocked=YES | 152100.000000
DJ	0	02:08:58.878	Cazyxio_v4.1 (EURUSD,M15)	2026.03.06 09:08:58 | HEARTBEAT | SYSTEM | EA alive. Tick=152200 Equity=45490.80 OpenPos=0 UTC=2026.03.06 09:08 DayOfWeek=5 WeekendCloseActive=NO NewTradeBlocked=YES | 152200.000000
PF	0	02:10:19.329	Cazyxio_v4.1 (EURUSD,M15)	2026.03.06 09:10:19 | HEARTBEAT | SYSTEM | EA alive. Tick=152300 Equity=45490.80 OpenPos=0 UTC=2026.03.06 09:10 DayOfWeek=5 WeekendCloseActive=NO NewTradeBlocked=YES | 152300.000000
HR	0	02:11:15.667	Cazyxio_v4.1 (EURUSD,M15)	2026.03.06 09:11:15 | HEARTBEAT | SYSTEM | EA alive. Tick=152400 Equity=45490.80 OpenPos=0 UTC=2026.03.06 09:11 DayOfWeek=5 WeekendCloseActive=NO NewTradeBlocked=YES | 152400.000000
NO	0	02:12:16.440	Cazyxio_v4.1 (EURUSD,M15)	2026.03.06 09:12:16 | HEARTBEAT | SYSTEM | EA alive. Tick=152500 Equity=45490.80 OpenPos=0 UTC=2026.03.06 09:12 DayOfWeek=5 WeekendCloseActive=NO NewTradeBlocked=YES | 152500.000000
DK	0	02:13:03.746	Cazyxio_v4.1 (EURUSD,M15)	2026.03.06 09:13:03 | HEARTBEAT | SYSTEM | EA alive. Tick=152600 Equity=45490.80 OpenPos=0 UTC=2026.03.06 09:13 DayOfWeek=5 WeekendCloseActive=NO NewTradeBlocked=YES | 152600.000000
FD	0	02:13:45.937	Cazyxio_v4.1 (EURUSD,M15)	2026.03.06 09:13:45 | HEARTBEAT | SYSTEM | EA alive. Tick=152700 Equity=45490.80 OpenPos=0 UTC=2026.03.06 09:13 DayOfWeek=5 WeekendCloseActive=NO NewTradeBlocked=YES | 152700.000000
IP	0	02:14:40.559	Cazyxio_v4.1 (EURUSD,M15)	2026.03.06 09:14:40 | HEARTBEAT | SYSTEM | EA alive. Tick=152800 Equity=45490.80 OpenPos=0 UTC=2026.03.06 09:14 DayOfWeek=5 WeekendCloseActive=NO NewTradeBlocked=YES | 152800.000000
ON	0	02:15:01.342	Cazyxio_v4.1 (EURUSD,M15)	2026.03.06 09:15:01 | BAR | EURUSD | close=1.15903 h4ema200=1.17596 h4slope=DOWN ema50=1.16071 atr=0.000777 atrSma=0.000948 atrRatio=0.820 dir=SHORT spread=15.0 spreadOK=YES atrGate=PASS touch=PASS momCandle=ZERO_RANGE_BAR barRange=0.000000 minBarRange=0.000233 (0.30xATR) momClosePos=0.500(forced) momOk=N ema50Ok=Y barRange=0.000000 zeroRangeBar=YES trigger=NO hasPos=NO portRisk=0.00% openPos=0 | 1.159030
RK	0	02:15:01.342	Cazyxio_v4.1 (EURUSD,M15)	2026.03.06 09:15:01 | GATE_FAIL | EURUSD | Zero-range bar FAIL (v4.1 fix). barRange=0.000000 < minBarRange=0.000233 (0.30x ATR). Doji/flat bar excluded from momentum evaluation.
LO	0	02:15:01.342	Cazyxio_v4.1 (EURUSD,M15)	2026.03.06 09:15:01 | BAR | USDJPY | close=157.779 h4ema200=155.834 h4slope=UP ema50=157.611 atr=0.095571 atrSma=0.111672 atrRatio=0.856 dir=LONG spread=14.0 spreadOK=YES atrGate=PASS touch=PASS momCandle=ZERO_RANGE_BAR barRange=0.000000 minBarRange=0.028671 (0.30xATR) momClosePos=0.500(forced) momOk=N ema50Ok=Y barRange=0.000000 zeroRangeBar=YES trigger=NO hasPos=NO portRisk=0.00% openPos=0 | 157.779000
QP	0	02:15:01.342	Cazyxio_v4.1 (EURUSD,M15)	2026.03.06 09:15:01 | GATE_FAIL | USDJPY | Zero-range bar FAIL (v4.1 fix). barRange=0.000000 < minBarRange=0.028671 (0.30x ATR). Doji/flat bar excluded from momentum evaluation.
NK	0	02:15:01.342	Cazyxio_v4.1 (EURUSD,M15)	2026.03.06 09:15:01 | BAR | AUDUSD | close=0.70258 h4ema200=0.69922 h4slope=UP ema50=0.70291 atr=0.000744 atrSma=0.000945 atrRatio=0.787 dir=LONG spread=16.0 spreadOK=YES atrGate=FAIL touch=PASS momCandle=ZERO_RANGE_BAR barRange=0.000000 minBarRange=0.000223 (0.30xATR) momClosePos=0.500(forced) momOk=N ema50Ok=Y barRange=0.000000 zeroRangeBar=YES trigger=NO hasPos=NO portRisk=0.00% openPos=0 | 0.702580
IL	0	02:15:01.342	Cazyxio_v4.1 (EURUSD,M15)	2026.03.06 09:15:01 | GATE_FAIL | AUDUSD | ATR gate FAIL. ATR=0.000744 ATR_SMA=0.000945 Ratio=0.787 MinRatio=0.80. Market too quiet.
GI	0	02:15:01.342	Cazyxio_v4.1 (EURUSD,M15)	2026.03.06 09:15:01 | BAR | GBPJPY | close=210.581 h4ema200=210.356 h4slope=DOWN ema50=210.550 atr=0.127286 atrSma=0.147056 atrRatio=0.866 dir=NONE spread=37.0 spreadOK=NO atrGate=PASS touch=FAIL momCandle= zeroRangeBar=NO trigger=NO hasPos=NO portRisk=0.00% openPos=0 | 210.581000
LN	0	02:15:01.342	Cazyxio_v4.1 (EURUSD,M15)	2026.03.06 09:15:01 | GATE_FAIL | GBPJPY | No directional bias. h4slope=DOWN closeNow=210.581 h4ema200=210.356. Need H4 slope + price on correct side of H4 EMA200.
JI	0	02:15:01.595	Cazyxio_v4.1 (EURUSD,M15)	2026.03.06 09:15:01 | BAR | GBPUSD | close=1.33460 h4ema200=1.34984 h4slope=DOWN ema50=1.33585 atr=0.000924 atrSma=0.001168 atrRatio=0.791 dir=SHORT spread=20.0 spreadOK=YES atrGate=FAIL touch=PASS momCandle=ZERO_RANGE_BAR barRange=0.000000 minBarRange=0.000277 (0.30xATR) momClosePos=0.500(forced) momOk=N ema50Ok=Y barRange=0.000000 zeroRangeBar=YES trigger=NO hasPos=NO portRisk=0.00% openPos=0 | 1.334600
IN	0	02:15:01.595	Cazyxio_v4.1 (EURUSD,M15)	2026.03.06 09:15:01 | GATE_FAIL | GBPUSD | ATR gate FAIL. ATR=0.000924 ATR_SMA=0.001168 Ratio=0.791 MinRatio=0.80. Market too quiet.
NI	0	02:15:01.595	Cazyxio_v4.1 (EURUSD,M15)	2026.03.06 09:15:01 | BAR | USDCAD | close=1.36608 h4ema200=1.36852 h4slope=DOWN ema50=1.36596 atr=0.000653 atrSma=0.000880 atrRatio=0.742 dir=SHORT spread=23.0 spreadOK=YES atrGate=FAIL touch=PASS momCandle=ZERO_RANGE_BAR barRange=0.000000 minBarRange=0.000196 (0.30xATR) momClosePos=0.500(forced) momOk=N ema50Ok=Y barRange=0.000000 zeroRangeBar=YES trigger=NO hasPos=NO portRisk=0.00% openPos=0 | 1.366080
ML	0	02:15:01.595	Cazyxio_v4.1 (EURUSD,M15)	2026.03.06 09:15:01 | GATE_FAIL | USDCAD | ATR gate FAIL. ATR=0.000653 ATR_SMA=0.000880 Ratio=0.742 MinRatio=0.80. Market too quiet.
FE	0	02:15:28.276	Cazyxio_v4.1 (EURUSD,M15)	2026.03.06 09:15:28 | HEARTBEAT | SYSTEM | EA alive. Tick=152900 Equity=45490.80 OpenPos=0 UTC=2026.03.06 09:15 DayOfWeek=5 WeekendCloseActive=NO NewTradeBlocked=YES | 152900.000000
KQ	0	02:16:08.519	Cazyxio_v4.1 (EURUSD,M15)	2026.03.06 09:16:08 | HEARTBEAT | SYSTEM | EA alive. Tick=153000 Equity=45490.80 OpenPos=0 UTC=2026.03.06 09:16 DayOfWeek=5 WeekendCloseActive=NO NewTradeBlocked=YES | 153000.000000
NR	0	02:16:57.523	Cazyxio_v4.1 (EURUSD,M15)	2026.03.06 09:16:57 | HEARTBEAT | SYSTEM | EA alive. Tick=153100 Equity=45490.80 OpenPos=0 UTC=2026.03.06 09:16 DayOfWeek=5 WeekendCloseActive=NO NewTradeBlocked=YES | 153100.000000
MN	0	02:18:00.063	Cazyxio_v4.1 (EURUSD,M15)	2026.03.06 09:18:00 | HEARTBEAT | SYSTEM | EA alive. Tick=153200 Equity=45490.80 OpenPos=0 UTC=2026.03.06 09:18 DayOfWeek=5 WeekendCloseActive=NO NewTradeBlocked=YES | 153200.000000
PK	0	02:18:52.091	Cazyxio_v4.1 (EURUSD,M15)	2026.03.06 09:18:52 | HEARTBEAT | SYSTEM | EA alive. Tick=153300 Equity=45490.80 OpenPos=0 UTC=2026.03.06 09:18 DayOfWeek=5 WeekendCloseActive=NO NewTradeBlocked=YES | 153300.000000
JG	0	02:19:56.207	Cazyxio_v4.1 (EURUSD,M15)	2026.03.06 09:19:56 | HEARTBEAT | SYSTEM | EA alive. Tick=153400 Equity=45490.80 OpenPos=0 UTC=2026.03.06 09:19 DayOfWeek=5 WeekendCloseActive=NO NewTradeBlocked=YES | 153400.000000
IS	0	02:20:51.631	Cazyxio_v4.1 (EURUSD,M15)	2026.03.06 09:20:51 | HEARTBEAT | SYSTEM | EA alive. Tick=153500 Equity=45490.80 OpenPos=0 UTC=2026.03.06 09:20 DayOfWeek=5 WeekendCloseActive=NO NewTradeBlocked=YES | 153500.000000
NL	0	02:21:49.363	Cazyxio_v4.1 (EURUSD,M15)	2026.03.06 09:21:49 | HEARTBEAT | SYSTEM | EA alive. Tick=153600 Equity=45490.80 OpenPos=0 UTC=2026.03.06 09:21 DayOfWeek=5 WeekendCloseActive=NO NewTradeBlocked=YES | 153600.000000
JH	0	02:22:46.146	Cazyxio_v4.1 (EURUSD,M15)	2026.03.06 09:22:46 | HEARTBEAT | SYSTEM | EA alive. Tick=153700 Equity=45490.80 OpenPos=0 UTC=2026.03.06 09:22 DayOfWeek=5 WeekendCloseActive=NO NewTradeBlocked=YES | 153700.000000
GD	0	02:23:34.520	Cazyxio_v4.1 (EURUSD,M15)	2026.03.06 09:23:34 | HEARTBEAT | SYSTEM | EA alive. Tick=153800 Equity=45490.80 OpenPos=0 UTC=2026.03.06 09:23 DayOfWeek=5 WeekendCloseActive=NO NewTradeBlocked=YES | 153800.000000
JQ	0	02:24:49.009	Cazyxio_v4.1 (EURUSD,M15)	2026.03.06 09:24:49 | HEARTBEAT | SYSTEM | EA alive. Tick=153900 Equity=45490.80 OpenPos=0 UTC=2026.03.06 09:24 DayOfWeek=5 WeekendCloseActive=NO NewTradeBlocked=YES | 153900.000000
FM	0	02:25:48.741	Cazyxio_v4.1 (EURUSD,M15)	2026.03.06 09:25:48 | HEARTBEAT | SYSTEM | EA alive. Tick=154000 Equity=45490.80 OpenPos=0 UTC=2026.03.06 09:25 DayOfWeek=5 WeekendCloseActive=NO NewTradeBlocked=YES | 154000.000000
IN	0	02:26:46.079	Cazyxio_v4.1 (EURUSD,M15)	2026.03.06 09:26:46 | HEARTBEAT | SYSTEM | EA alive. Tick=154100 Equity=45490.80 OpenPos=0 UTC=2026.03.06 09:26 DayOfWeek=5 WeekendCloseActive=NO NewTradeBlocked=YES | 154100.000000
DJ	0	02:27:50.718	Cazyxio_v4.1 (EURUSD,M15)	2026.03.06 09:27:50 | HEARTBEAT | SYSTEM | EA alive. Tick=154200 Equity=45490.80 OpenPos=0 UTC=2026.03.06 09:27 DayOfWeek=5 WeekendCloseActive=NO NewTradeBlocked=YES | 154200.000000
QF	0	02:28:41.613	Cazyxio_v4.1 (EURUSD,M15)	2026.03.06 09:28:41 | HEARTBEAT | SYSTEM | EA alive. Tick=154300 Equity=45490.80 OpenPos=0 UTC=2026.03.06 09:28 DayOfWeek=5 WeekendCloseActive=NO NewTradeBlocked=YES | 154300.000000
IS	0	02:29:31.300	Cazyxio_v4.1 (EURUSD,M15)	2026.03.06 09:29:31 | HEARTBEAT | SYSTEM | EA alive. Tick=154400 Equity=45490.80 OpenPos=0 UTC=2026.03.06 09:29 DayOfWeek=5 WeekendCloseActive=NO NewTradeBlocked=YES | 154400.000000
KM	0	02:30:01.232	Cazyxio_v4.1 (EURUSD,M15)	2026.03.06 09:30:01 | BAR | EURUSD | close=1.15826 h4ema200=1.17595 h4slope=DOWN ema50=1.16058 atr=0.000794 atrSma=0.000946 atrRatio=0.840 dir=SHORT spread=15.0 spreadOK=YES atrGate=PASS touch=PASS momCandle=ZERO_RANGE_BAR barRange=0.000000 minBarRange=0.000238 (0.30xATR) momClosePos=0.500(forced) momOk=N ema50Ok=Y barRange=0.000000 zeroRangeBar=YES trigger=NO hasPos=NO portRisk=0.00% openPos=0 | 1.158260
QJ	0	02:30:01.232	Cazyxio_v4.1 (EURUSD,M15)	2026.03.06 09:30:01 | GATE_FAIL | EURUSD | Zero-range bar FAIL (v4.1 fix). barRange=0.000000 < minBarRange=0.000238 (0.30x ATR). Doji/flat bar excluded from momentum evaluation.
LN	0	02:30:01.232	Cazyxio_v4.1 (EURUSD,M15)	2026.03.06 09:30:01 | BAR | USDJPY | close=157.858 h4ema200=155.835 h4slope=UP ema50=157.624 atr=0.095000 atrSma=0.111435 atrRatio=0.853 dir=LONG spread=13.0 spreadOK=YES atrGate=PASS touch=PASS momCandle=ZERO_RANGE_BAR barRange=0.000000 minBarRange=0.028500 (0.30xATR) momClosePos=0.500(forced) momOk=N ema50Ok=Y barRange=0.000000 zeroRangeBar=YES trigger=NO hasPos=NO portRisk=0.00% openPos=0 | 157.858000
DF	0	02:30:01.232	Cazyxio_v4.1 (EURUSD,M15)	2026.03.06 09:30:01 | GATE_FAIL | USDJPY | Zero-range bar FAIL (v4.1 fix). barRange=0.000000 < minBarRange=0.028500 (0.30x ATR). Doji/flat bar excluded from momentum evaluation.
QK	0	02:30:01.232	Cazyxio_v4.1 (EURUSD,M15)	2026.03.06 09:30:01 | BAR | AUDUSD | close=0.70155 h4ema200=0.69921 h4slope=UP ema50=0.70281 atr=0.000774 atrSma=0.000943 atrRatio=0.821 dir=LONG spread=16.0 spreadOK=YES atrGate=PASS touch=PASS momCandle=ZERO_RANGE_BAR barRange=0.000000 minBarRange=0.000232 (0.30xATR) momClosePos=0.500(forced) momOk=N ema50Ok=Y barRange=0.000000 zeroRangeBar=YES trigger=NO hasPos=NO portRisk=0.00% openPos=0 | 0.701550
ER	0	02:30:01.232	Cazyxio_v4.1 (EURUSD,M15)	2026.03.06 09:30:01 | GATE_FAIL | AUDUSD | Zero-range bar FAIL (v4.1 fix). barRange=0.000000 < minBarRange=0.000232 (0.30x ATR). Doji/flat bar excluded from momentum evaluation.
GK	0	02:30:01.232	Cazyxio_v4.1 (EURUSD,M15)	2026.03.06 09:30:01 | BAR | USDCAD | close=1.36651 h4ema200=1.36852 h4slope=DOWN ema50=1.36600 atr=0.000664 atrSma=0.000879 atrRatio=0.756 dir=SHORT spread=24.0 spreadOK=YES atrGate=FAIL touch=PASS momCandle=ZERO_RANGE_BAR barRange=0.000000 minBarRange=0.000199 (0.30xATR) momClosePos=0.500(forced) momOk=N ema50Ok=Y barRange=0.000000 zeroRangeBar=YES trigger=NO hasPos=NO portRisk=0.00% openPos=0 | 1.366510
LN	0	02:30:01.232	Cazyxio_v4.1 (EURUSD,M15)	2026.03.06 09:30:01 | GATE_FAIL | USDCAD | ATR gate FAIL. ATR=0.000664 ATR_SMA=0.000879 Ratio=0.756 MinRatio=0.80. Market too quiet.
GH	0	02:30:01.486	Cazyxio_v4.1 (EURUSD,M15)	2026.03.06 09:30:01 | BAR | GBPUSD | close=1.33375 h4ema200=1.34983 h4slope=DOWN ema50=1.33574 atr=0.000961 atrSma=0.001165 atrRatio=0.825 dir=SHORT spread=20.0 spreadOK=YES atrGate=PASS touch=PASS momCandle=ZERO_RANGE_BAR barRange=0.000000 minBarRange=0.000288 (0.30xATR) momClosePos=0.500(forced) momOk=N ema50Ok=Y barRange=0.000000 zeroRangeBar=YES trigger=NO hasPos=NO portRisk=0.00% openPos=0 | 1.333750
HO	0	02:30:01.486	Cazyxio_v4.1 (EURUSD,M15)	2026.03.06 09:30:01 | GATE_FAIL | GBPUSD | Zero-range bar FAIL (v4.1 fix). barRange=0.000000 < minBarRange=0.000288 (0.30x ATR). Doji/flat bar excluded from momentum evaluation.
FQ	0	02:30:01.486	Cazyxio_v4.1 (EURUSD,M15)	2026.03.06 09:30:01 | BAR | GBPJPY | close=210.550 h4ema200=210.356 h4slope=DOWN ema50=210.549 atr=0.127929 atrSma=0.146786 atrRatio=0.872 dir=NONE spread=37.0 spreadOK=NO atrGate=PASS touch=FAIL momCandle= zeroRangeBar=NO trigger=NO hasPos=NO portRisk=0.00% openPos=0 | 210.550000
MF	0	02:30:01.486	Cazyxio_v4.1 (EURUSD,M15)	2026.03.06 09:30:01 | GATE_FAIL | GBPJPY | No directional bias. h4slope=DOWN closeNow=210.550 h4ema200=210.356. Need H4 slope + price on correct side of H4 EMA200.
HS	0	02:30:21.525	Cazyxio_v4.1 (EURUSD,M15)	2026.03.06 09:30:21 | HEARTBEAT | SYSTEM | EA alive. Tick=154500 Equity=45490.80 OpenPos=0 UTC=2026.03.06 09:30 DayOfWeek=5 WeekendCloseActive=NO NewTradeBlocked=YES | 154500.000000
OO	0	02:31:18.480	Cazyxio_v4.1 (EURUSD,M15)	2026.03.06 09:31:18 | HEARTBEAT | SYSTEM | EA alive. Tick=154600 Equity=45490.80 OpenPos=0 UTC=2026.03.06 09:31 DayOfWeek=5 WeekendCloseActive=NO NewTradeBlocked=YES | 154600.000000
GH	0	02:32:10.591	Cazyxio_v4.1 (EURUSD,M15)	2026.03.06 09:32:10 | HEARTBEAT | SYSTEM | EA alive. Tick=154700 Equity=45490.80 OpenPos=0 UTC=2026.03.06 09:32 DayOfWeek=5 WeekendCloseActive=NO NewTradeBlocked=YES | 154700.000000
FD	0	02:33:01.476	Cazyxio_v4.1 (EURUSD,M15)	2026.03.06 09:33:01 | HEARTBEAT | SYSTEM | EA alive. Tick=154800 Equity=45490.80 OpenPos=0 UTC=2026.03.06 09:33 DayOfWeek=5 WeekendCloseActive=NO NewTradeBlocked=YES | 154800.000000
GQ	0	02:33:58.668	Cazyxio_v4.1 (EURUSD,M15)	2026.03.06 09:33:58 | HEARTBEAT | SYSTEM | EA alive. Tick=154900 Equity=45490.80 OpenPos=0 UTC=2026.03.06 09:33 DayOfWeek=5 WeekendCloseActive=NO NewTradeBlocked=YES | 154900.000000
HM	0	02:34:56.679	Cazyxio_v4.1 (EURUSD,M15)	2026.03.06 09:34:56 | HEARTBEAT | SYSTEM | EA alive. Tick=155000 Equity=45490.80 OpenPos=0 UTC=2026.03.06 09:34 DayOfWeek=5 WeekendCloseActive=NO NewTradeBlocked=YES | 155000.000000
EI	0	02:35:38.554	Cazyxio_v4.1 (EURUSD,M15)	2026.03.06 09:35:38 | HEARTBEAT | SYSTEM | EA alive. Tick=155100 Equity=45490.80 OpenPos=0 UTC=2026.03.06 09:35 DayOfWeek=5 WeekendCloseActive=NO NewTradeBlocked=YES | 155100.000000
GJ	0	02:36:20.539	Cazyxio_v4.1 (EURUSD,M15)	2026.03.06 09:36:20 | HEARTBEAT | SYSTEM | EA alive. Tick=155200 Equity=45490.80 OpenPos=0 UTC=2026.03.06 09:36 DayOfWeek=5 WeekendCloseActive=NO NewTradeBlocked=YES | 155200.000000
LF	0	02:37:02.922	Cazyxio_v4.1 (EURUSD,M15)	2026.03.06 09:37:02 | HEARTBEAT | SYSTEM | EA alive. Tick=155300 Equity=45490.80 OpenPos=0 UTC=2026.03.06 09:37 DayOfWeek=5 WeekendCloseActive=NO NewTradeBlocked=YES | 155300.000000
LR	0	02:37:40.539	Cazyxio_v4.1 (EURUSD,M15)	2026.03.06 09:37:40 | HEARTBEAT | SYSTEM | EA alive. Tick=155400 Equity=45490.80 OpenPos=0 UTC=2026.03.06 09:37 DayOfWeek=5 WeekendCloseActive=NO NewTradeBlocked=YES | 155400.000000
MO	0	02:38:30.678	Cazyxio_v4.1 (EURUSD,M15)	2026.03.06 09:38:30 | HEARTBEAT | SYSTEM | EA alive. Tick=155500 Equity=45490.80 OpenPos=0 UTC=2026.03.06 09:38 DayOfWeek=5 WeekendCloseActive=NO NewTradeBlocked=YES | 155500.000000
RK	0	02:39:31.298	Cazyxio_v4.1 (EURUSD,M15)	2026.03.06 09:39:31 | HEARTBEAT | SYSTEM | EA alive. Tick=155600 Equity=45490.80 OpenPos=0 UTC=2026.03.06 09:39 DayOfWeek=5 WeekendCloseActive=NO NewTradeBlocked=YES | 155600.000000
QD	0	02:40:13.666	Cazyxio_v4.1 (EURUSD,M15)	2026.03.06 09:40:13 | HEARTBEAT | SYSTEM | EA alive. Tick=155700 Equity=45490.80 OpenPos=0 UTC=2026.03.06 09:40 DayOfWeek=5 WeekendCloseActive=NO NewTradeBlocked=YES | 155700.000000
PP	0	02:41:10.156	Cazyxio_v4.1 (EURUSD,M15)	2026.03.06 09:41:10 | HEARTBEAT | SYSTEM | EA alive. Tick=155800 Equity=45490.80 OpenPos=0 UTC=2026.03.06 09:41 DayOfWeek=5 WeekendCloseActive=NO NewTradeBlocked=YES | 155800.000000
QL	0	02:41:50.865	Cazyxio_v4.1 (EURUSD,M15)	2026.03.06 09:41:50 | HEARTBEAT | SYSTEM | EA alive. Tick=155900 Equity=45490.80 OpenPos=0 UTC=2026.03.06 09:41 DayOfWeek=5 WeekendCloseActive=NO NewTradeBlocked=YES | 155900.000000
DI	0	02:42:50.081	Cazyxio_v4.1 (EURUSD,M15)	2026.03.06 09:42:50 | HEARTBEAT | SYSTEM | EA alive. Tick=156000 Equity=45490.80 OpenPos=0 UTC=2026.03.06 09:42 DayOfWeek=5 WeekendCloseActive=NO NewTradeBlocked=YES | 156000.000000
NE	0	02:43:52.329	Cazyxio_v4.1 (EURUSD,M15)	2026.03.06 09:43:52 | HEARTBEAT | SYSTEM | EA alive. Tick=156100 Equity=45490.80 OpenPos=0 UTC=2026.03.06 09:43 DayOfWeek=5 WeekendCloseActive=NO NewTradeBlocked=YES | 156100.000000
QQ	0	02:44:52.297	Cazyxio_v4.1 (EURUSD,M15)	2026.03.06 09:44:52 | HEARTBEAT | SYSTEM | EA alive. Tick=156200 Equity=45490.80 OpenPos=0 UTC=2026.03.06 09:44 DayOfWeek=5 WeekendCloseActive=NO NewTradeBlocked=YES | 156200.000000
QP	0	02:45:02.454	Cazyxio_v4.1 (EURUSD,M15)	2026.03.06 09:45:02 | BAR | EURUSD | close=1.15773 h4ema200=1.17595 h4slope=DOWN ema50=1.16045 atr=0.000827 atrSma=0.000943 atrRatio=0.877 dir=SHORT spread=14.0 spreadOK=YES atrGate=PASS touch=PASS momCandle=ZERO_RANGE_BAR barRange=0.000000 minBarRange=0.000248 (0.30xATR) momClosePos=0.500(forced) momOk=N ema50Ok=Y barRange=0.000000 zeroRangeBar=YES trigger=NO hasPos=NO portRisk=0.00% openPos=0 | 1.157730
NE	0	02:45:02.454	Cazyxio_v4.1 (EURUSD,M15)	2026.03.06 09:45:02 | GATE_FAIL | EURUSD | Zero-range bar FAIL (v4.1 fix). barRange=0.000000 < minBarRange=0.000248 (0.30x ATR). Doji/flat bar excluded from momentum evaluation.
FK	0	02:45:02.454	Cazyxio_v4.1 (EURUSD,M15)	2026.03.06 09:45:02 | BAR | GBPJPY | close=210.389 h4ema200=210.354 h4slope=DOWN ema50=210.537 atr=0.135571 atrSma=0.146597 atrRatio=0.925 dir=NONE spread=36.0 spreadOK=NO atrGate=PASS touch=FAIL momCandle= zeroRangeBar=NO trigger=NO hasPos=NO portRisk=0.00% openPos=0 | 210.389000
RL	0	02:45:02.454	Cazyxio_v4.1 (EURUSD,M15)	2026.03.06 09:45:02 | GATE_FAIL | GBPJPY | No directional bias. h4slope=DOWN closeNow=210.389 h4ema200=210.354. Need H4 slope + price on correct side of H4 EMA200.
PF	0	02:45:04.860	Cazyxio_v4.1 (EURUSD,M15)	2026.03.06 09:45:04 | BAR | USDCAD | close=1.36638 h4ema200=1.36852 h4slope=DOWN ema50=1.36601 atr=0.000679 atrSma=0.000877 atrRatio=0.774 dir=SHORT spread=24.0 spreadOK=YES atrGate=FAIL touch=PASS momCandle=ZERO_RANGE_BAR barRange=0.000010 minBarRange=0.000204 (0.30xATR) momClosePos=0.500(forced) momOk=N ema50Ok=Y barRange=0.000010 zeroRangeBar=YES trigger=NO hasPos=NO portRisk=0.00% openPos=0 | 1.366380
IM	0	02:45:04.860	Cazyxio_v4.1 (EURUSD,M15)	2026.03.06 09:45:04 | GATE_FAIL | USDCAD | ATR gate FAIL. ATR=0.000679 ATR_SMA=0.000877 Ratio=0.774 MinRatio=0.80. Market too quiet.
KG	0	02:45:11.091	Cazyxio_v4.1 (EURUSD,M15)	2026.03.06 09:45:11 | BAR | GBPUSD | close=1.33284 h4ema200=1.34982 h4slope=DOWN ema50=1.33559 atr=0.001034 atrSma=0.001162 atrRatio=0.890 dir=SHORT spread=21.0 spreadOK=YES atrGate=PASS touch=PASS momCandle=ZERO_RANGE_BAR barRange=0.000000 minBarRange=0.000310 (0.30xATR) momClosePos=0.500(forced) momOk=N ema50Ok=Y barRange=0.000000 zeroRangeBar=YES trigger=NO hasPos=NO portRisk=0.00% openPos=0 | 1.332840
JR	0	02:45:11.091	Cazyxio_v4.1 (EURUSD,M15)	2026.03.06 09:45:11 | GATE_FAIL | GBPUSD | Zero-range bar FAIL (v4.1 fix). barRange=0.000000 < minBarRange=0.000310 (0.30x ATR). Doji/flat bar excluded from momentum evaluation.
GG	0	02:45:11.092	Cazyxio_v4.1 (EURUSD,M15)	2026.03.06 09:45:11 | BAR | USDJPY | close=157.844 h4ema200=155.834 h4slope=UP ema50=157.632 atr=0.090571 atrSma=0.111114 atrRatio=0.815 dir=LONG spread=15.0 spreadOK=YES atrGate=PASS touch=PASS momCandle=ZERO_RANGE_BAR barRange=0.002000 minBarRange=0.027171 (0.30xATR) momClosePos=0.500(forced) momOk=N ema50Ok=Y barRange=0.002000 zeroRangeBar=YES trigger=NO hasPos=NO portRisk=0.00% openPos=0 | 157.844000
KH	0	02:45:11.092	Cazyxio_v4.1 (EURUSD,M15)	2026.03.06 09:45:11 | GATE_FAIL | USDJPY | Zero-range bar FAIL (v4.1 fix). barRange=0.002000 < minBarRange=0.027171 (0.30x ATR). Doji/flat bar excluded from momentum evaluation.
PM	0	02:45:11.092	Cazyxio_v4.1 (EURUSD,M15)	2026.03.06 09:45:11 | BAR | AUDUSD | close=0.70104 h4ema200=0.69921 h4slope=UP ema50=0.70272 atr=0.000802 atrSma=0.000941 atrRatio=0.853 dir=LONG spread=16.0 spreadOK=YES atrGate=PASS touch=PASS momCandle=ZERO_RANGE_BAR barRange=0.000020 minBarRange=0.000241 (0.30xATR) momClosePos=0.500(forced) momOk=N ema50Ok=Y barRange=0.000020 zeroRangeBar=YES trigger=NO hasPos=NO portRisk=0.00% openPos=0 | 0.701040
ME	0	02:45:11.092	Cazyxio_v4.1 (EURUSD,M15)	2026.03.06 09:45:11 | GATE_FAIL | AUDUSD | Zero-range bar FAIL (v4.1 fix). barRange=0.000020 < minBarRange=0.000241 (0.30x ATR). Doji/flat bar excluded from momentum evaluation.
DF	0	02:45:48.190	Cazyxio_v4.1 (EURUSD,M15)	2026.03.06 09:45:48 | HEARTBEAT | SYSTEM | EA alive. Tick=156300 Equity=45490.80 OpenPos=0 UTC=2026.03.06 09:45 DayOfWeek=5 WeekendCloseActive=NO NewTradeBlocked=YES | 156300.000000
OR	0	02:46:36.901	Cazyxio_v4.1 (EURUSD,M15)	2026.03.06 09:46:36 | HEARTBEAT | SYSTEM | EA alive. Tick=156400 Equity=45490.80 OpenPos=0 UTC=2026.03.06 09:46 DayOfWeek=5 WeekendCloseActive=NO NewTradeBlocked=YES | 156400.000000
RO	0	02:47:50.426	Cazyxio_v4.1 (EURUSD,M15)	2026.03.06 09:47:50 | HEARTBEAT | SYSTEM | EA alive. Tick=156500 Equity=45490.80 OpenPos=0 UTC=2026.03.06 09:47 DayOfWeek=5 WeekendCloseActive=NO NewTradeBlocked=YES | 156500.000000
DK	0	02:48:54.788	Cazyxio_v4.1 (EURUSD,M15)	2026.03.06 09:48:54 | HEARTBEAT | SYSTEM | EA alive. Tick=156600 Equity=45490.80 OpenPos=0 UTC=2026.03.06 09:48 DayOfWeek=5 WeekendCloseActive=NO NewTradeBlocked=YES | 156600.000000
LG	0	02:50:07.279	Cazyxio_v4.1 (EURUSD,M15)	2026.03.06 09:50:07 | HEARTBEAT | SYSTEM | EA alive. Tick=156700 Equity=45490.80 OpenPos=0 UTC=2026.03.06 09:50 DayOfWeek=5 WeekendCloseActive=NO NewTradeBlocked=YES | 156700.000000
DP	0	02:51:06.694	Cazyxio_v4.1 (EURUSD,M15)	2026.03.06 09:51:06 | HEARTBEAT | SYSTEM | EA alive. Tick=156800 Equity=45490.80 OpenPos=0 UTC=2026.03.06 09:51 DayOfWeek=5 WeekendCloseActive=NO NewTradeBlocked=YES | 156800.000000
FL	0	02:52:08.808	Cazyxio_v4.1 (EURUSD,M15)	2026.03.06 09:52:08 | HEARTBEAT | SYSTEM | EA alive. Tick=156900 Equity=45490.80 OpenPos=0 UTC=2026.03.06 09:52 DayOfWeek=5 WeekendCloseActive=NO NewTradeBlocked=YES | 156900.000000
LH	0	02:53:02.397	Cazyxio_v4.1 (EURUSD,M15)	2026.03.06 09:53:02 | HEARTBEAT | SYSTEM | EA alive. Tick=157000 Equity=45490.80 OpenPos=0 UTC=2026.03.06 09:53 DayOfWeek=5 WeekendCloseActive=NO NewTradeBlocked=YES | 157000.000000
KE	0	02:54:11.809	Cazyxio_v4.1 (EURUSD,M15)	2026.03.06 09:54:11 | HEARTBEAT | SYSTEM | EA alive. Tick=157100 Equity=45490.80 OpenPos=0 UTC=2026.03.06 09:54 DayOfWeek=5 WeekendCloseActive=NO NewTradeBlocked=YES | 157100.000000
JQ	0	02:55:09.652	Cazyxio_v4.1 (EURUSD,M15)	2026.03.06 09:55:09 | HEARTBEAT | SYSTEM | EA alive. Tick=157200 Equity=45490.80 OpenPos=0 UTC=2026.03.06 09:55 DayOfWeek=5 WeekendCloseActive=NO NewTradeBlocked=YES | 157200.000000
CR	0	02:56:17.197	Cazyxio_v4.1 (EURUSD,M15)	2026.03.06 09:56:17 | HEARTBEAT | SYSTEM | EA alive. Tick=157300 Equity=45490.80 OpenPos=0 UTC=2026.03.06 09:56 DayOfWeek=5 WeekendCloseActive=NO NewTradeBlocked=YES | 157300.000000
MN	0	02:57:21.244	Cazyxio_v4.1 (EURUSD,M15)	2026.03.06 09:57:21 | HEARTBEAT | SYSTEM | EA alive. Tick=157400 Equity=45490.80 OpenPos=0 UTC=2026.03.06 09:57 DayOfWeek=5 WeekendCloseActive=NO NewTradeBlocked=YES | 157400.000000
RJ	0	02:58:30.299	Cazyxio_v4.1 (EURUSD,M15)	2026.03.06 09:58:30 | HEARTBEAT | SYSTEM | EA alive. Tick=157500 Equity=45490.80 OpenPos=0 UTC=2026.03.06 09:58 DayOfWeek=5 WeekendCloseActive=NO NewTradeBlocked=YES | 157500.000000
JG	0	02:59:50.612	Cazyxio_v4.1 (EURUSD,M15)	2026.03.06 09:59:50 | HEARTBEAT | SYSTEM | EA alive. Tick=157600 Equity=45490.80 OpenPos=0 UTC=2026.03.06 09:59 DayOfWeek=5 WeekendCloseActive=NO NewTradeBlocked=YES | 157600.000000
LP	0	03:00:01.660	Cazyxio_v4.1 (EURUSD,M15)	2026.03.06 10:00:01 | BAR | GBPUSD | close=1.33229 h4ema200=1.34964 h4slope=DOWN ema50=1.33544 atr=0.001081 atrSma=0.001157 atrRatio=0.935 dir=SHORT spread=22.0 spreadOK=YES atrGate=PASS touch=PASS momCandle=ZERO_RANGE_BAR barRange=0.000010 minBarRange=0.000324 (0.30xATR) momClosePos=0.500(forced) momOk=N ema50Ok=Y barRange=0.000010 zeroRangeBar=YES trigger=NO hasPos=NO portRisk=0.00% openPos=0 | 1.332290
QG	0	03:00:01.660	Cazyxio_v4.1 (EURUSD,M15)	2026.03.06 10:00:01 | GATE_FAIL | GBPUSD | Zero-range bar FAIL (v4.1 fix). barRange=0.000010 < minBarRange=0.000324 (0.30x ATR). Doji/flat bar excluded from momentum evaluation.
QF	0	03:00:01.660	Cazyxio_v4.1 (EURUSD,M15)	2026.03.06 10:00:01 | BAR | EURUSD | close=1.15736 h4ema200=1.17576 h4slope=DOWN ema50=1.16031 atr=0.000851 atrSma=0.000938 atrRatio=0.907 dir=SHORT spread=17.0 spreadOK=YES atrGate=PASS touch=PASS momCandle=ZERO_RANGE_BAR barRange=0.000000 minBarRange=0.000255 (0.30xATR) momClosePos=0.500(forced) momOk=N ema50Ok=Y barRange=0.000000 zeroRangeBar=YES trigger=NO hasPos=NO portRisk=0.00% openPos=0 | 1.157360
HR	0	03:00:01.660	Cazyxio_v4.1 (EURUSD,M15)	2026.03.06 10:00:01 | GATE_FAIL | EURUSD | Zero-range bar FAIL (v4.1 fix). barRange=0.000000 < minBarRange=0.000255 (0.30x ATR). Doji/flat bar excluded from momentum evaluation.
NF	0	03:00:01.660	Cazyxio_v4.1 (EURUSD,M15)	2026.03.06 10:00:01 | BAR | USDJPY | close=157.855 h4ema200=155.855 h4slope=UP ema50=157.641 atr=0.089500 atrSma=0.110564 atrRatio=0.809 dir=LONG spread=15.0 spreadOK=YES atrGate=PASS touch=PASS momCandle=ZERO_RANGE_BAR barRange=0.000000 minBarRange=0.026850 (0.30xATR) momClosePos=0.500(forced) momOk=N ema50Ok=Y barRange=0.000000 zeroRangeBar=YES trigger=NO hasPos=NO portRisk=0.00% openPos=0 | 157.855000
JO	0	03:00:01.660	Cazyxio_v4.1 (EURUSD,M15)	2026.03.06 10:00:01 | GATE_FAIL | USDJPY | Zero-range bar FAIL (v4.1 fix). barRange=0.000000 < minBarRange=0.026850 (0.30x ATR). Doji/flat bar excluded from momentum evaluation.
IR	0	03:00:01.660	Cazyxio_v4.1 (EURUSD,M15)	2026.03.06 10:00:01 | BAR | AUDUSD | close=0.69989 h4ema200=0.69920 h4slope=UP ema50=0.70257 atr=0.000865 atrSma=0.000937 atrRatio=0.923 dir=LONG spread=18.0 spreadOK=YES atrGate=PASS touch=PASS momCandle=ZERO_RANGE_BAR barRange=0.000010 minBarRange=0.000260 (0.30xATR) momClosePos=0.500(forced) momOk=N ema50Ok=Y barRange=0.000010 zeroRangeBar=YES trigger=NO hasPos=NO portRisk=0.00% openPos=0 | 0.699890
GJ	0	03:00:01.660	Cazyxio_v4.1 (EURUSD,M15)	2026.03.06 10:00:01 | GATE_FAIL | AUDUSD | Zero-range bar FAIL (v4.1 fix). barRange=0.000010 < minBarRange=0.000260 (0.30x ATR). Doji/flat bar excluded from momentum evaluation.
KN	0	03:00:01.660	Cazyxio_v4.1 (EURUSD,M15)	2026.03.06 10:00:01 | BAR | GBPJPY | close=210.309 h4ema200=210.353 h4slope=DOWN ema50=210.525 atr=0.134143 atrSma=0.146186 atrRatio=0.918 dir=SHORT spread=49.0 spreadOK=NO atrGate=PASS touch=PASS momCandle=ZERO_RANGE_BAR barRange=0.004000 minBarRange=0.040243 (0.30xATR) momClosePos=0.500(forced) momOk=N ema50Ok=Y barRange=0.004000 zeroRangeBar=YES trigger=NO hasPos=NO portRisk=0.00% openPos=0 | 210.309000
LQ	0	03:00:01.660	Cazyxio_v4.1 (EURUSD,M15)	2026.03.06 10:00:01 | GATE_FAIL | GBPJPY | Spread too wide. Spread=49.0 Max=30 points.
CL	0	03:00:01.660	Cazyxio_v4.1 (EURUSD,M15)	2026.03.06 10:00:01 | BAR | USDCAD | close=1.36684 h4ema200=1.36851 h4slope=DOWN ema50=1.36606 atr=0.000709 atrSma=0.000874 atrRatio=0.810 dir=SHORT spread=27.0 spreadOK=YES atrGate=PASS touch=PASS momCandle=ZERO_RANGE_BAR barRange=0.000020 minBarRange=0.000213 (0.30xATR) momClosePos=0.500(forced) momOk=N ema50Ok=Y barRange=0.000020 zeroRangeBar=YES trigger=NO hasPos=NO portRisk=0.00% openPos=0 | 1.366840
HI	0	03:00:01.660	Cazyxio_v4.1 (EURUSD,M15)	2026.03.06 10:00:01 | GATE_FAIL | USDCAD | Zero-range bar FAIL (v4.1 fix). barRange=0.000020 < minBarRange=0.000213 (0.30x ATR). Doji/flat bar excluded from momentum evaluation.
MS	0	03:00:55.359	Cazyxio_v4.1 (EURUSD,M15)	2026.03.06 10:00:55 | HEARTBEAT | SYSTEM | EA alive. Tick=157700 Equity=45490.80 OpenPos=0 UTC=2026.03.06 10:00 DayOfWeek=5 WeekendCloseActive=NO NewTradeBlocked=YES | 157700.000000
FO	0	03:01:58.188	Cazyxio_v4.1 (EURUSD,M15)	2026.03.06 10:01:58 | HEARTBEAT | SYSTEM | EA alive. Tick=157800 Equity=45490.80 OpenPos=0 UTC=2026.03.06 10:01 DayOfWeek=5 WeekendCloseActive=NO NewTradeBlocked=YES | 157800.000000
MH	0	03:03:05.981	Cazyxio_v4.1 (EURUSD,M15)	2026.03.06 10:03:05 | HEARTBEAT | SYSTEM | EA alive. Tick=157900 Equity=45490.80 OpenPos=0 UTC=2026.03.06 10:03 DayOfWeek=5 WeekendCloseActive=NO NewTradeBlocked=YES | 157900.000000
KD	0	03:04:03.128	Cazyxio_v4.1 (EURUSD,M15)	2026.03.06 10:04:03 | HEARTBEAT | SYSTEM | EA alive. Tick=158000 Equity=45490.80 OpenPos=0 UTC=2026.03.06 10:04 DayOfWeek=5 WeekendCloseActive=NO NewTradeBlocked=YES | 158000.000000
HQ	0	03:05:03.872	Cazyxio_v4.1 (EURUSD,M15)	2026.03.06 10:05:03 | HEARTBEAT | SYSTEM | EA alive. Tick=158100 Equity=45490.80 OpenPos=0 UTC=2026.03.06 10:05 DayOfWeek=5 WeekendCloseActive=NO NewTradeBlocked=YES | 158100.000000
PM	0	03:06:26.176	Cazyxio_v4.1 (EURUSD,M15)	2026.03.06 10:06:26 | HEARTBEAT | SYSTEM | EA alive. Tick=158200 Equity=45490.80 OpenPos=0 UTC=2026.03.06 10:06 DayOfWeek=5 WeekendCloseActive=NO NewTradeBlocked=YES | 158200.000000
EI	0	03:07:39.352	Cazyxio_v4.1 (EURUSD,M15)	2026.03.06 10:07:39 | HEARTBEAT | SYSTEM | EA alive. Tick=158300 Equity=45490.80 OpenPos=0 UTC=2026.03.06 10:07 DayOfWeek=5 WeekendCloseActive=NO NewTradeBlocked=YES | 158300.000000
KJ	0	03:08:58.197	Cazyxio_v4.1 (EURUSD,M15)	2026.03.06 10:08:58 | HEARTBEAT | SYSTEM | EA alive. Tick=158400 Equity=45490.80 OpenPos=0 UTC=2026.03.06 10:08 DayOfWeek=5 WeekendCloseActive=NO NewTradeBlocked=YES | 158400.000000
GF	0	03:10:54.451	Cazyxio_v4.1 (EURUSD,M15)	2026.03.06 10:10:54 | HEARTBEAT | SYSTEM | EA alive. Tick=158500 Equity=45490.80 OpenPos=0 UTC=2026.03.06 10:10 DayOfWeek=5 WeekendCloseActive=NO NewTradeBlocked=YES | 158500.000000
FR	0	03:12:26.627	Cazyxio_v4.1 (EURUSD,M15)	2026.03.06 10:12:26 | HEARTBEAT | SYSTEM | EA alive. Tick=158600 Equity=45490.80 OpenPos=0 UTC=2026.03.06 10:12 DayOfWeek=5 WeekendCloseActive=NO NewTradeBlocked=YES | 158600.000000
QO	0	03:13:50.599	Cazyxio_v4.1 (EURUSD,M15)	2026.03.06 10:13:50 | HEARTBEAT | SYSTEM | EA alive. Tick=158700 Equity=45490.80 OpenPos=0 UTC=2026.03.06 10:13 DayOfWeek=5 WeekendCloseActive=NO NewTradeBlocked=YES | 158700.000000
GK	0	03:14:40.547	Cazyxio_v4.1 (EURUSD,M15)	2026.03.06 10:14:40 | HEARTBEAT | SYSTEM | EA alive. Tick=158800 Equity=45490.80 OpenPos=0 UTC=2026.03.06 10:14 DayOfWeek=5 WeekendCloseActive=NO NewTradeBlocked=YES | 158800.000000
HF	0	03:15:01.287	Cazyxio_v4.1 (EURUSD,M15)	2026.03.06 10:15:01 | BAR | EURUSD | close=1.15774 h4ema200=1.17576 h4slope=DOWN ema50=1.16023 atr=0.000878 atrSma=0.000933 atrRatio=0.940 dir=SHORT spread=16.0 spreadOK=YES atrGate=PASS touch=PASS momCandle=ZERO_RANGE_BAR barRange=0.000000 minBarRange=0.000263 (0.30xATR) momClosePos=0.500(forced) momOk=N ema50Ok=Y barRange=0.000000 zeroRangeBar=YES trigger=NO hasPos=NO portRisk=0.00% openPos=0 | 1.157740
CR	0	03:15:01.288	Cazyxio_v4.1 (EURUSD,M15)	2026.03.06 10:15:01 | GATE_FAIL | EURUSD | Zero-range bar FAIL (v4.1 fix). barRange=0.000000 < minBarRange=0.000263 (0.30x ATR). Doji/flat bar excluded from momentum evaluation.
FG	0	03:15:01.288	Cazyxio_v4.1 (EURUSD,M15)	2026.03.06 10:15:01 | BAR | AUDUSD | close=0.70022 h4ema200=0.69921 h4slope=UP ema50=0.70249 atr=0.000896 atrSma=0.000933 atrRatio=0.961 dir=LONG spread=18.0 spreadOK=YES atrGate=PASS touch=PASS momCandle=ZERO_RANGE_BAR barRange=0.000000 minBarRange=0.000269 (0.30xATR) momClosePos=0.500(forced) momOk=N ema50Ok=Y barRange=0.000000 zeroRangeBar=YES trigger=NO hasPos=NO portRisk=0.00% openPos=0 | 0.700220
GN	0	03:15:01.288	Cazyxio_v4.1 (EURUSD,M15)	2026.03.06 10:15:01 | GATE_FAIL | AUDUSD | Zero-range bar FAIL (v4.1 fix). barRange=0.000000 < minBarRange=0.000269 (0.30x ATR). Doji/flat bar excluded from momentum evaluation.
JQ	0	03:15:01.288	Cazyxio_v4.1 (EURUSD,M15)	2026.03.06 10:15:01 | BAR | GBPJPY | close=210.391 h4ema200=210.354 h4slope=DOWN ema50=210.523 atr=0.135929 atrSma=0.145746 atrRatio=0.933 dir=NONE spread=45.0 spreadOK=NO atrGate=PASS touch=FAIL momCandle= zeroRangeBar=NO trigger=NO hasPos=NO portRisk=0.00% openPos=0 | 210.391000
KF	0	03:15:01.288	Cazyxio_v4.1 (EURUSD,M15)	2026.03.06 10:15:01 | GATE_FAIL | GBPJPY | No directional bias. h4slope=DOWN closeNow=210.391 h4ema200=210.354. Need H4 slope + price on correct side of H4 EMA200.
FP	0	03:15:01.541	Cazyxio_v4.1 (EURUSD,M15)	2026.03.06 10:15:01 | BAR | GBPUSD | close=1.33321 h4ema200=1.34965 h4slope=DOWN ema50=1.33538 atr=0.001144 atrSma=0.001152 atrRatio=0.993 dir=SHORT spread=24.0 spreadOK=YES atrGate=PASS touch=PASS momCandle=ZERO_RANGE_BAR barRange=0.000000 minBarRange=0.000343 (0.30xATR) momClosePos=0.500(forced) momOk=N ema50Ok=Y barRange=0.000000 zeroRangeBar=YES trigger=NO hasPos=NO portRisk=0.00% openPos=0 | 1.333210
CG	0	03:15:01.541	Cazyxio_v4.1 (EURUSD,M15)	2026.03.06 10:15:01 | GATE_FAIL | GBPUSD | Zero-range bar FAIL (v4.1 fix). barRange=0.000000 < minBarRange=0.000343 (0.30x ATR). Doji/flat bar excluded from momentum evaluation.
JK	0	03:15:04.793	Cazyxio_v4.1 (EURUSD,M15)	2026.03.06 10:15:04 | BAR | USDJPY | close=157.805 h4ema200=155.854 h4slope=UP ema50=157.646 atr=0.087000 atrSma=0.110049 atrRatio=0.791 dir=LONG spread=16.0 spreadOK=YES atrGate=FAIL touch=PASS momCandle=ZERO_RANGE_BAR barRange=0.002000 minBarRange=0.026100 (0.30xATR) momClosePos=0.500(forced) momOk=N ema50Ok=Y barRange=0.002000 zeroRangeBar=YES trigger=NO hasPos=NO portRisk=0.00% openPos=0 | 157.805000
KR	0	03:15:04.793	Cazyxio_v4.1 (EURUSD,M15)	2026.03.06 10:15:04 | GATE_FAIL | USDJPY | ATR gate FAIL. ATR=0.087000 ATR_SMA=0.110049 Ratio=0.791 MinRatio=0.80. Market too quiet.
NE	0	03:15:04.793	Cazyxio_v4.1 (EURUSD,M15)	2026.03.06 10:15:04 | BAR | USDCAD | close=1.36693 h4ema200=1.36851 h4slope=DOWN ema50=1.36610 atr=0.000703 atrSma=0.000871 atrRatio=0.807 dir=SHORT spread=25.0 spreadOK=YES atrGate=PASS touch=PASS momCandle=ZERO_RANGE_BAR barRange=0.000000 minBarRange=0.000211 (0.30xATR) momClosePos=0.500(forced) momOk=N ema50Ok=Y barRange=0.000000 zeroRangeBar=YES trigger=NO hasPos=NO portRisk=0.00% openPos=0 | 1.366930
CR	0	03:15:04.793	Cazyxio_v4.1 (EURUSD,M15)	2026.03.06 10:15:04 | GATE_FAIL | USDCAD | Zero-range bar FAIL (v4.1 fix). barRange=0.000000 < minBarRange=0.000211 (0.30x ATR). Doji/flat bar excluded from momentum evaluation.
DH	0	03:15:26.091	Cazyxio_v4.1 (EURUSD,M15)	2026.03.06 10:15:26 | HEARTBEAT | SYSTEM | EA alive. Tick=158900 Equity=45490.80 OpenPos=0 UTC=2026.03.06 10:15 DayOfWeek=5 WeekendCloseActive=NO NewTradeBlocked=YES | 158900.000000
JD	0	03:16:38.784	Cazyxio_v4.1 (EURUSD,M15)	2026.03.06 10:16:38 | HEARTBEAT | SYSTEM | EA alive. Tick=159000 Equity=45490.80 OpenPos=0 UTC=2026.03.06 10:16 DayOfWeek=5 WeekendCloseActive=NO NewTradeBlocked=YES | 159000.000000
DP	0	03:17:49.035	Cazyxio_v4.1 (EURUSD,M15)	2026.03.06 10:17:49 | HEARTBEAT | SYSTEM | EA alive. Tick=159100 Equity=45490.80 OpenPos=0 UTC=2026.03.06 10:17 DayOfWeek=5 WeekendCloseActive=NO NewTradeBlocked=YES | 159100.000000
RM	0	03:19:23.239	Cazyxio_v4.1 (EURUSD,M15)	2026.03.06 10:19:23 | HEARTBEAT | SYSTEM | EA alive. Tick=159200 Equity=45490.80 OpenPos=0 UTC=2026.03.06 10:19 DayOfWeek=5 WeekendCloseActive=NO NewTradeBlocked=YES | 159200.000000
EI	0	03:20:41.621	Cazyxio_v4.1 (EURUSD,M15)	2026.03.06 10:20:41 | HEARTBEAT | SYSTEM | EA alive. Tick=159300 Equity=45490.80 OpenPos=0 UTC=2026.03.06 10:20 DayOfWeek=5 WeekendCloseActive=NO NewTradeBlocked=YES | 159300.000000
IE	0	03:22:07.467	Cazyxio_v4.1 (EURUSD,M15)	2026.03.06 10:22:07 | HEARTBEAT | SYSTEM | EA alive. Tick=159400 Equity=45490.80 OpenPos=0 UTC=2026.03.06 10:22 DayOfWeek=5 WeekendCloseActive=NO NewTradeBlocked=YES | 159400.000000
GF	0	03:24:09.847	Cazyxio_v4.1 (EURUSD,M15)	2026.03.06 10:24:09 | HEARTBEAT | SYSTEM | EA alive. Tick=159500 Equity=45490.80 OpenPos=0 UTC=2026.03.06 10:24 DayOfWeek=5 WeekendCloseActive=NO NewTradeBlocked=YES | 159500.000000
PR	0	03:25:44.850	Cazyxio_v4.1 (EURUSD,M15)	2026.03.06 10:25:44 | HEARTBEAT | SYSTEM | EA alive. Tick=159600 Equity=45490.80 OpenPos=0 UTC=2026.03.06 10:25 DayOfWeek=5 WeekendCloseActive=NO NewTradeBlocked=YES | 159600.000000
DO	0	03:27:11.801	Cazyxio_v4.1 (EURUSD,M15)	2026.03.06 10:27:11 | HEARTBEAT | SYSTEM | EA alive. Tick=159700 Equity=45490.80 OpenPos=0 UTC=2026.03.06 10:27 DayOfWeek=5 WeekendCloseActive=NO NewTradeBlocked=YES | 159700.000000
KK	0	03:28:51.876	Cazyxio_v4.1 (EURUSD,M15)	2026.03.06 10:28:51 | HEARTBEAT | SYSTEM | EA alive. Tick=159800 Equity=45490.80 OpenPos=0 UTC=2026.03.06 10:28 DayOfWeek=5 WeekendCloseActive=NO NewTradeBlocked=YES | 159800.000000
NG	0	03:29:44.364	Cazyxio_v4.1 (EURUSD,M15)	2026.03.06 10:29:44 | HEARTBEAT | SYSTEM | EA alive. Tick=159900 Equity=45490.80 OpenPos=0 UTC=2026.03.06 10:29 DayOfWeek=5 WeekendCloseActive=NO NewTradeBlocked=YES | 159900.000000
PR	0	03:30:01.281	Cazyxio_v4.1 (EURUSD,M15)	2026.03.06 10:30:01 | BAR | EURUSD | close=1.15795 h4ema200=1.17576 h4slope=DOWN ema50=1.16015 atr=0.000896 atrSma=0.000928 atrRatio=0.965 dir=SHORT spread=18.0 spreadOK=YES atrGate=PASS touch=PASS momCandle=ZERO_RANGE_BAR barRange=0.000000 minBarRange=0.000269 (0.30xATR) momClosePos=0.500(forced) momOk=N ema50Ok=Y barRange=0.000000 zeroRangeBar=YES trigger=NO hasPos=NO portRisk=0.00% openPos=0 | 1.157950
DF	0	03:30:01.281	Cazyxio_v4.1 (EURUSD,M15)	2026.03.06 10:30:01 | GATE_FAIL | EURUSD | Zero-range bar FAIL (v4.1 fix). barRange=0.000000 < minBarRange=0.000269 (0.30x ATR). Doji/flat bar excluded from momentum evaluation.
HK	0	03:30:01.281	Cazyxio_v4.1 (EURUSD,M15)	2026.03.06 10:30:01 | BAR | AUDUSD | close=0.70057 h4ema200=0.69921 h4slope=UP ema50=0.70243 atr=0.000919 atrSma=0.000928 atrRatio=0.990 dir=LONG spread=17.0 spreadOK=YES atrGate=PASS touch=PASS momCandle=ZERO_RANGE_BAR barRange=0.000000 minBarRange=0.000276 (0.30xATR) momClosePos=0.500(forced) momOk=N ema50Ok=Y barRange=0.000000 zeroRangeBar=YES trigger=NO hasPos=NO portRisk=0.00% openPos=0 | 0.700570
DR	0	03:30:01.281	Cazyxio_v4.1 (EURUSD,M15)	2026.03.06 10:30:01 | GATE_FAIL | AUDUSD | Zero-range bar FAIL (v4.1 fix). barRange=0.000000 < minBarRange=0.000276 (0.30x ATR). Doji/flat bar excluded from momentum evaluation.
MJ	0	03:30:02.166	Cazyxio_v4.1 (EURUSD,M15)	2026.03.06 10:30:02 | BAR | GBPUSD | close=1.33331 h4ema200=1.34965 h4slope=DOWN ema50=1.33531 atr=0.001149 atrSma=0.001147 atrRatio=1.002 dir=SHORT spread=24.0 spreadOK=YES atrGate=PASS touch=PASS momCandle=ZERO_RANGE_BAR barRange=0.000030 minBarRange=0.000345 (0.30xATR) momClosePos=0.500(forced) momOk=N ema50Ok=Y barRange=0.000030 zeroRangeBar=YES trigger=NO hasPos=NO portRisk=0.00% openPos=0 | 1.333310
EN	0	03:30:02.166	Cazyxio_v4.1 (EURUSD,M15)	2026.03.06 10:30:02 | GATE_FAIL | GBPUSD | Zero-range bar FAIL (v4.1 fix). barRange=0.000030 < minBarRange=0.000345 (0.30x ATR). Doji/flat bar excluded from momentum evaluation.
CS	0	03:30:02.166	Cazyxio_v4.1 (EURUSD,M15)	2026.03.06 10:30:02 | BAR | USDJPY | close=157.812 h4ema200=155.854 h4slope=UP ema50=157.652 atr=0.092286 atrSma=0.109544 atrRatio=0.842 dir=LONG spread=18.0 spreadOK=YES atrGate=PASS touch=PASS momCandle=ZERO_RANGE_BAR barRange=0.002000 minBarRange=0.027686 (0.30xATR) momClosePos=0.500(forced) momOk=N ema50Ok=Y barRange=0.002000 zeroRangeBar=YES trigger=NO hasPos=NO portRisk=0.00% openPos=0 | 157.812000
ED	0	03:30:02.166	Cazyxio_v4.1 (EURUSD,M15)	2026.03.06 10:30:02 | GATE_FAIL | USDJPY | Zero-range bar FAIL (v4.1 fix). barRange=0.002000 < minBarRange=0.027686 (0.30x ATR). Doji/flat bar excluded from momentum evaluation.
QK	0	03:30:02.166	Cazyxio_v4.1 (EURUSD,M15)	2026.03.06 10:30:02 | BAR | GBPJPY | close=210.416 h4ema200=210.354 h4slope=DOWN ema50=210.520 atr=0.135143 atrSma=0.145224 atrRatio=0.931 dir=NONE spread=47.0 spreadOK=NO atrGate=PASS touch=FAIL momCandle= zeroRangeBar=NO trigger=NO hasPos=NO portRisk=0.00% openPos=0 | 210.416000
RL	0	03:30:02.166	Cazyxio_v4.1 (EURUSD,M15)	2026.03.06 10:30:02 | GATE_FAIL | GBPJPY | No directional bias. h4slope=DOWN closeNow=210.416 h4ema200=210.354. Need H4 slope + price on correct side of H4 EMA200.
FG	0	03:30:02.166	Cazyxio_v4.1 (EURUSD,M15)	2026.03.06 10:30:02 | BAR | USDCAD | close=1.36631 h4ema200=1.36850 h4slope=DOWN ema50=1.36608 atr=0.000734 atrSma=0.000868 atrRatio=0.846 dir=SHORT spread=26.0 spreadOK=YES atrGate=PASS touch=PASS momCandle=ZERO_RANGE_BAR barRange=0.000020 minBarRange=0.000220 (0.30xATR) momClosePos=0.500(forced) momOk=N ema50Ok=Y barRange=0.000020 zeroRangeBar=YES trigger=NO hasPos=NO portRisk=0.00% openPos=0 | 1.366310
CS	0	03:30:02.166	Cazyxio_v4.1 (EURUSD,M15)	2026.03.06 10:30:02 | GATE_FAIL | USDCAD | Zero-range bar FAIL (v4.1 fix). barRange=0.000020 < minBarRange=0.000220 (0.30x ATR). Doji/flat bar excluded from momentum evaluation.
HI	0	03:30:22.601	Cazyxio_v4.1 (EURUSD,M15)	2026.03.06 10:30:22 | HEARTBEAT | SYSTEM | EA alive. Tick=160000 Equity=45490.80 OpenPos=0 UTC=2026.03.06 10:30 DayOfWeek=5 WeekendCloseActive=NO NewTradeBlocked=YES | 160000.000000
NJ	0	03:31:05.996	Cazyxio_v4.1 (EURUSD,M15)	2026.03.06 10:31:05 | HEARTBEAT | SYSTEM | EA alive. Tick=160100 Equity=45490.80 OpenPos=0 UTC=2026.03.06 10:31 DayOfWeek=5 WeekendCloseActive=NO NewTradeBlocked=YES | 160100.000000
LF	0	03:32:12.629	Cazyxio_v4.1 (EURUSD,M15)	2026.03.06 10:32:12 | HEARTBEAT | SYSTEM | EA alive. Tick=160200 Equity=45490.80 OpenPos=0 UTC=2026.03.06 10:32 DayOfWeek=5 WeekendCloseActive=NO NewTradeBlocked=YES | 160200.000000
MR	0	03:33:43.988	Cazyxio_v4.1 (EURUSD,M15)	2026.03.06 10:33:43 | HEARTBEAT | SYSTEM | EA alive. Tick=160300 Equity=45490.80 OpenPos=0 UTC=2026.03.06 10:33 DayOfWeek=5 WeekendCloseActive=NO NewTradeBlocked=YES | 160300.000000
QO	0	03:34:48.022	Cazyxio_v4.1 (EURUSD,M15)	2026.03.06 10:34:48 | HEARTBEAT | SYSTEM | EA alive. Tick=160400 Equity=45490.80 OpenPos=0 UTC=2026.03.06 10:34 DayOfWeek=5 WeekendCloseActive=NO NewTradeBlocked=YES | 160400.000000
HK	0	03:35:54.477	Cazyxio_v4.1 (EURUSD,M15)	2026.03.06 10:35:54 | HEARTBEAT | SYSTEM | EA alive. Tick=160500 Equity=45490.80 OpenPos=0 UTC=2026.03.06 10:35 DayOfWeek=5 WeekendCloseActive=NO NewTradeBlocked=YES | 160500.000000
ED	0	03:36:52.831	Cazyxio_v4.1 (EURUSD,M15)	2026.03.06 10:36:52 | HEARTBEAT | SYSTEM | EA alive. Tick=160600 Equity=45490.80 OpenPos=0 UTC=2026.03.06 10:36 DayOfWeek=5 WeekendCloseActive=NO NewTradeBlocked=YES | 160600.000000
MP	0	03:37:58.764	Cazyxio_v4.1 (EURUSD,M15)	2026.03.06 10:37:58 | HEARTBEAT | SYSTEM | EA alive. Tick=160700 Equity=45490.80 OpenPos=0 UTC=2026.03.06 10:37 DayOfWeek=5 WeekendCloseActive=NO NewTradeBlocked=YES | 160700.000000
NL	0	03:39:08.909	Cazyxio_v4.1 (EURUSD,M15)	2026.03.06 10:39:08 | HEARTBEAT | SYSTEM | EA alive. Tick=160800 Equity=45490.80 OpenPos=0 UTC=2026.03.06 10:39 DayOfWeek=5 WeekendCloseActive=NO NewTradeBlocked=YES | 160800.000000
LI	0	03:40:41.020	Cazyxio_v4.1 (EURUSD,M15)	2026.03.06 10:40:41 | HEARTBEAT | SYSTEM | EA alive. Tick=160900 Equity=45490.80 OpenPos=0 UTC=2026.03.06 10:40 DayOfWeek=5 WeekendCloseActive=NO NewTradeBlocked=YES | 160900.000000
JE	0	03:42:49.602	Cazyxio_v4.1 (EURUSD,M15)	2026.03.06 10:42:49 | HEARTBEAT | SYSTEM | EA alive. Tick=161000 Equity=45490.80 OpenPos=0 UTC=2026.03.06 10:42 DayOfWeek=5 WeekendCloseActive=NO NewTradeBlocked=YES | 161000.000000
JQ	0	03:44:32.589	Cazyxio_v4.1 (EURUSD,M15)	2026.03.06 10:44:32 | HEARTBEAT | SYSTEM | EA alive. Tick=161100 Equity=45490.80 OpenPos=0 UTC=2026.03.06 10:44 DayOfWeek=5 WeekendCloseActive=NO NewTradeBlocked=YES | 161100.000000
LQ	0	03:45:03.574	Cazyxio_v4.1 (EURUSD,M15)	2026.03.06 10:45:03 | BAR | GBPUSD | close=1.33269 h4ema200=1.34965 h4slope=DOWN ema50=1.33518 atr=0.001156 atrSma=0.001141 atrRatio=1.013 dir=SHORT spread=16.0 spreadOK=YES atrGate=PASS touch=PASS momCandle=ZERO_RANGE_BAR barRange=0.000010 minBarRange=0.000347 (0.30xATR) momClosePos=0.500(forced) momOk=N ema50Ok=Y barRange=0.000010 zeroRangeBar=YES trigger=NO hasPos=NO portRisk=0.00% openPos=0 | 1.332690
LD	0	03:45:03.574	Cazyxio_v4.1 (EURUSD,M15)	2026.03.06 10:45:03 | GATE_FAIL | GBPUSD | Zero-range bar FAIL (v4.1 fix). barRange=0.000010 < minBarRange=0.000347 (0.30x ATR). Doji/flat bar excluded from momentum evaluation.
PD	0	03:45:03.574	Cazyxio_v4.1 (EURUSD,M15)	2026.03.06 10:45:03 | BAR | EURUSD | close=1.15762 h4ema200=1.17576 h4slope=DOWN ema50=1.16003 atr=0.000873 atrSma=0.000923 atrRatio=0.946 dir=SHORT spread=14.0 spreadOK=YES atrGate=PASS touch=PASS momCandle=ZERO_RANGE_BAR barRange=0.000000 minBarRange=0.000262 (0.30xATR) momClosePos=0.500(forced) momOk=N ema50Ok=Y barRange=0.000000 zeroRangeBar=YES trigger=NO hasPos=NO portRisk=0.00% openPos=0 | 1.157620
FQ	0	03:45:03.574	Cazyxio_v4.1 (EURUSD,M15)	2026.03.06 10:45:03 | GATE_FAIL | EURUSD | Zero-range bar FAIL (v4.1 fix). barRange=0.000000 < minBarRange=0.000262 (0.30x ATR). Doji/flat bar excluded from momentum evaluation.
IE	0	03:45:03.574	Cazyxio_v4.1 (EURUSD,M15)	2026.03.06 10:45:03 | BAR | USDJPY | close=157.879 h4ema200=155.855 h4slope=UP ema50=157.664 atr=0.088929 atrSma=0.108999 atrRatio=0.816 dir=LONG spread=17.0 spreadOK=YES atrGate=PASS touch=PASS momCandle=ZERO_RANGE_BAR barRange=0.001000 minBarRange=0.026679 (0.30xATR) momClosePos=0.500(forced) momOk=N ema50Ok=Y barRange=0.001000 zeroRangeBar=YES trigger=NO hasPos=NO portRisk=0.00% openPos=0 | 157.879000
DN	0	03:45:03.574	Cazyxio_v4.1 (EURUSD,M15)	2026.03.06 10:45:03 | GATE_FAIL | USDJPY | Zero-range bar FAIL (v4.1 fix). barRange=0.001000 < minBarRange=0.026679 (0.30x ATR). Doji/flat bar excluded from momentum evaluation.
FQ	0	03:45:03.574	Cazyxio_v4.1 (EURUSD,M15)	2026.03.06 10:45:03 | BAR | GBPJPY | close=210.407 h4ema200=210.354 h4slope=DOWN ema50=210.515 atr=0.134929 atrSma=0.144695 atrRatio=0.933 dir=NONE spread=36.0 spreadOK=NO atrGate=PASS touch=FAIL momCandle= zeroRangeBar=NO trigger=NO hasPos=NO portRisk=0.00% openPos=0 | 210.407000
IG	0	03:45:03.574	Cazyxio_v4.1 (EURUSD,M15)	2026.03.06 10:45:03 | GATE_FAIL | GBPJPY | No directional bias. h4slope=DOWN closeNow=210.407 h4ema200=210.354. Need H4 slope + price on correct side of H4 EMA200.
KL	0	03:45:03.824	Cazyxio_v4.1 (EURUSD,M15)	2026.03.06 10:45:03 | BAR | AUDUSD | close=0.70039 h4ema200=0.69921 h4slope=UP ema50=0.70234 atr=0.000911 atrSma=0.000924 atrRatio=0.986 dir=LONG spread=15.0 spreadOK=YES atrGate=PASS touch=PASS momCandle=ZERO_RANGE_BAR barRange=0.000000 minBarRange=0.000273 (0.30xATR) momClosePos=0.500(forced) momOk=N ema50Ok=Y barRange=0.000000 zeroRangeBar=YES trigger=NO hasPos=NO portRisk=0.00% openPos=0 | 0.700390
HD	0	03:45:03.824	Cazyxio_v4.1 (EURUSD,M15)	2026.03.06 10:45:03 | GATE_FAIL | AUDUSD | Zero-range bar FAIL (v4.1 fix). barRange=0.000000 < minBarRange=0.000273 (0.30x ATR). Doji/flat bar excluded from momentum evaluation.
QE	0	03:45:10.234	Cazyxio_v4.1 (EURUSD,M15)	2026.03.06 10:45:10 | BAR | USDCAD | close=1.36624 h4ema200=1.36850 h4slope=DOWN ema50=1.36609 atr=0.000746 atrSma=0.000865 atrRatio=0.863 dir=SHORT spread=23.0 spreadOK=YES atrGate=PASS touch=PASS momCandle=ZERO_RANGE_BAR barRange=0.000000 minBarRange=0.000224 (0.30xATR) momClosePos=0.500(forced) momOk=N ema50Ok=Y barRange=0.000000 zeroRangeBar=YES trigger=NO hasPos=NO portRisk=0.00% openPos=0 | 1.366240
OR	0	03:45:10.234	Cazyxio_v4.1 (EURUSD,M15)	2026.03.06 10:45:10 | GATE_FAIL | USDCAD | Zero-range bar FAIL (v4.1 fix). barRange=0.000000 < minBarRange=0.000224 (0.30x ATR). Doji/flat bar excluded from momentum evaluation.
NK	0	03:46:03.138	Cazyxio_v4.1 (EURUSD,M15)	2026.03.06 10:46:03 | HEARTBEAT | SYSTEM | EA alive. Tick=161200 Equity=45490.80 OpenPos=0 UTC=2026.03.06 10:46 DayOfWeek=5 WeekendCloseActive=NO NewTradeBlocked=YES | 161200.000000
CD	0	03:47:21.974	Cazyxio_v4.1 (EURUSD,M15)	2026.03.06 10:47:21 | HEARTBEAT | SYSTEM | EA alive. Tick=161300 Equity=45490.80 OpenPos=0 UTC=2026.03.06 10:47 DayOfWeek=5 WeekendCloseActive=NO NewTradeBlocked=YES | 161300.000000
MP	0	03:48:53.908	Cazyxio_v4.1 (EURUSD,M15)	2026.03.06 10:48:53 | HEARTBEAT | SYSTEM | EA alive. Tick=161400 Equity=45490.80 OpenPos=0 UTC=2026.03.06 10:48 DayOfWeek=5 WeekendCloseActive=NO NewTradeBlocked=YES | 161400.000000
OM	0	03:50:30.411	Cazyxio_v4.1 (EURUSD,M15)	2026.03.06 10:50:30 | HEARTBEAT | SYSTEM | EA alive. Tick=161500 Equity=45490.80 OpenPos=0 UTC=2026.03.06 10:50 DayOfWeek=5 WeekendCloseActive=NO NewTradeBlocked=YES | 161500.000000
PI	0	03:52:00.616	Cazyxio_v4.1 (EURUSD,M15)	2026.03.06 10:52:00 | HEARTBEAT | SYSTEM | EA alive. Tick=161600 Equity=45490.80 OpenPos=0 UTC=2026.03.06 10:52 DayOfWeek=5 WeekendCloseActive=NO NewTradeBlocked=YES | 161600.000000
CE	0	03:53:53.546	Cazyxio_v4.1 (EURUSD,M15)	2026.03.06 10:53:53 | HEARTBEAT | SYSTEM | EA alive. Tick=161700 Equity=45490.80 OpenPos=0 UTC=2026.03.06 10:53 DayOfWeek=5 WeekendCloseActive=NO NewTradeBlocked=YES | 161700.000000
GF	0	03:56:09.976	Cazyxio_v4.1 (EURUSD,M15)	2026.03.06 10:56:09 | HEARTBEAT | SYSTEM | EA alive. Tick=161800 Equity=45490.80 OpenPos=0 UTC=2026.03.06 10:56 DayOfWeek=5 WeekendCloseActive=NO NewTradeBlocked=YES | 161800.000000
QR	0	03:57:29.009	Cazyxio_v4.1 (EURUSD,M15)	2026.03.06 10:57:29 | HEARTBEAT | SYSTEM | EA alive. Tick=161900 Equity=45490.80 OpenPos=0 UTC=2026.03.06 10:57 DayOfWeek=5 WeekendCloseActive=NO NewTradeBlocked=YES | 161900.000000
CN	0	03:59:03.690	Cazyxio_v4.1 (EURUSD,M15)	2026.03.06 10:59:03 | HEARTBEAT | SYSTEM | EA alive. Tick=162000 Equity=45490.80 OpenPos=0 UTC=2026.03.06 10:59 DayOfWeek=5 WeekendCloseActive=NO NewTradeBlocked=YES | 162000.000000
CH	0	04:00:01.357	Cazyxio_v4.1 (EURUSD,M15)	2026.03.06 11:00:01 | BAR | GBPUSD | close=1.33395 h4ema200=1.34966 h4slope=DOWN ema50=1.33518 atr=0.001215 atrSma=0.001137 atrRatio=1.069 dir=SHORT spread=27.0 spreadOK=YES atrGate=PASS touch=PASS momCandle=ZERO_RANGE_BAR barRange=0.000000 minBarRange=0.000364 (0.30xATR) momClosePos=0.500(forced) momOk=N ema50Ok=Y barRange=0.000000 zeroRangeBar=YES trigger=NO hasPos=NO portRisk=0.00% openPos=0 | 1.333950
KO	0	04:00:01.357	Cazyxio_v4.1 (EURUSD,M15)	2026.03.06 11:00:01 | GATE_FAIL | GBPUSD | Zero-range bar FAIL (v4.1 fix). barRange=0.000000 < minBarRange=0.000364 (0.30x ATR). Doji/flat bar excluded from momentum evaluation.
JM	0	04:00:01.357	Cazyxio_v4.1 (EURUSD,M15)	2026.03.06 11:00:01 | BAR | EURUSD | close=1.15777 h4ema200=1.17576 h4slope=DOWN ema50=1.15995 atr=0.000878 atrSma=0.000917 atrRatio=0.957 dir=SHORT spread=17.0 spreadOK=YES atrGate=PASS touch=PASS momCandle=ZERO_RANGE_BAR barRange=0.000000 minBarRange=0.000263 (0.30xATR) momClosePos=0.500(forced) momOk=N ema50Ok=Y barRange=0.000000 zeroRangeBar=YES trigger=NO hasPos=NO portRisk=0.00% openPos=0 | 1.157770
FJ	0	04:00:01.357	Cazyxio_v4.1 (EURUSD,M15)	2026.03.06 11:00:01 | GATE_FAIL | EURUSD | Zero-range bar FAIL (v4.1 fix). barRange=0.000000 < minBarRange=0.000263 (0.30x ATR). Doji/flat bar excluded from momentum evaluation.
EO	0	04:00:01.357	Cazyxio_v4.1 (EURUSD,M15)	2026.03.06 11:00:01 | BAR | AUDUSD | close=0.70093 h4ema200=0.69921 h4slope=UP ema50=0.70230 atr=0.000914 atrSma=0.000920 atrRatio=0.993 dir=LONG spread=18.0 spreadOK=YES atrGate=PASS touch=PASS momCandle=ZERO_RANGE_BAR barRange=0.000000 minBarRange=0.000274 (0.30xATR) momClosePos=0.500(forced) momOk=N ema50Ok=Y barRange=0.000000 zeroRangeBar=YES trigger=NO hasPos=NO portRisk=0.00% openPos=0 | 0.700930
FG	0	04:00:01.357	Cazyxio_v4.1 (EURUSD,M15)	2026.03.06 11:00:01 | GATE_FAIL | AUDUSD | Zero-range bar FAIL (v4.1 fix). barRange=0.000000 < minBarRange=0.000274 (0.30x ATR). Doji/flat bar excluded from momentum evaluation.
RI	0	04:00:01.357	Cazyxio_v4.1 (EURUSD,M15)	2026.03.06 11:00:01 | BAR | GBPJPY | close=210.603 h4ema200=210.356 h4slope=DOWN ema50=210.526 atr=0.142500 atrSma=0.144334 atrRatio=0.987 dir=NONE spread=45.0 spreadOK=NO atrGate=PASS touch=FAIL momCandle= zeroRangeBar=NO trigger=NO hasPos=NO portRisk=0.00% openPos=0 | 210.603000
JN	0	04:00:01.357	Cazyxio_v4.1 (EURUSD,M15)	2026.03.06 11:00:01 | GATE_FAIL | GBPJPY | No directional bias. h4slope=DOWN closeNow=210.603 h4ema200=210.356. Need H4 slope + price on correct side of H4 EMA200.
RD	0	04:00:02.146	Cazyxio_v4.1 (EURUSD,M15)	2026.03.06 11:00:02 | BAR | USDJPY | close=157.872 h4ema200=155.855 h4slope=UP ema50=157.672 atr=0.085714 atrSma=0.108423 atrRatio=0.791 dir=LONG spread=15.0 spreadOK=YES atrGate=FAIL touch=PASS momCandle=ZERO_RANGE_BAR barRange=0.000000 minBarRange=0.025714 (0.30xATR) momClosePos=0.500(forced) momOk=N ema50Ok=Y barRange=0.000000 zeroRangeBar=YES trigger=NO hasPos=NO portRisk=0.00% openPos=0 | 157.872000
HO	0	04:00:02.146	Cazyxio_v4.1 (EURUSD,M15)	2026.03.06 11:00:02 | GATE_FAIL | USDJPY | ATR gate FAIL. ATR=0.085714 ATR_SMA=0.108423 Ratio=0.791 MinRatio=0.80. Market too quiet.
PH	0	04:00:02.398	Cazyxio_v4.1 (EURUSD,M15)	2026.03.06 11:00:02 | BAR | USDCAD | close=1.36594 h4ema200=1.36850 h4slope=DOWN ema50=1.36607 atr=0.000725 atrSma=0.000862 atrRatio=0.841 dir=SHORT spread=23.0 spreadOK=YES atrGate=PASS touch=PASS momCandle=ZERO_RANGE_BAR barRange=0.000000 minBarRange=0.000217 (0.30xATR) momClosePos=0.500(forced) momOk=N ema50Ok=Y barRange=0.000000 zeroRangeBar=YES trigger=NO hasPos=NO portRisk=0.00% openPos=0 | 1.365940
NM	0	04:00:02.398	Cazyxio_v4.1 (EURUSD,M15)	2026.03.06 11:00:02 | GATE_FAIL | USDCAD | Zero-range bar FAIL (v4.1 fix). barRange=0.000000 < minBarRange=0.000217 (0.30x ATR). Doji/flat bar excluded from momentum evaluation.
KO	0	04:00:06.341	Cazyxio_v4.1 (EURUSD,M15)	2026.03.06 11:00:06 | HEARTBEAT | SYSTEM | EA alive. Tick=162100 Equity=45490.80 OpenPos=0 UTC=2026.03.06 11:00 DayOfWeek=5 WeekendCloseActive=NO NewTradeBlocked=YES | 162100.000000
CK	0	04:01:08.724	Cazyxio_v4.1 (EURUSD,M15)	2026.03.06 11:01:08 | HEARTBEAT | SYSTEM | EA alive. Tick=162200 Equity=45490.80 OpenPos=0 UTC=2026.03.06 11:01 DayOfWeek=5 WeekendCloseActive=NO NewTradeBlocked=YES | 162200.000000
DD	0	04:02:20.292	Cazyxio_v4.1 (EURUSD,M15)	2026.03.06 11:02:20 | HEARTBEAT | SYSTEM | EA alive. Tick=162300 Equity=45490.80 OpenPos=0 UTC=2026.03.06 11:02 DayOfWeek=5 WeekendCloseActive=NO NewTradeBlocked=YES | 162300.000000
HP	0	04:03:48.309	Cazyxio_v4.1 (EURUSD,M15)	2026.03.06 11:03:48 | HEARTBEAT | SYSTEM | EA alive. Tick=162400 Equity=45490.80 OpenPos=0 UTC=2026.03.06 11:03 DayOfWeek=5 WeekendCloseActive=NO NewTradeBlocked=YES | 162400.000000
HL	0	04:05:06.677	Cazyxio_v4.1 (EURUSD,M15)	2026.03.06 11:05:06 | HEARTBEAT | SYSTEM | EA alive. Tick=162500 Equity=45490.80 OpenPos=0 UTC=2026.03.06 11:05 DayOfWeek=5 WeekendCloseActive=NO NewTradeBlocked=YES | 162500.000000
RI	0	04:06:11.616	Cazyxio_v4.1 (EURUSD,M15)	2026.03.06 11:06:11 | HEARTBEAT | SYSTEM | EA alive. Tick=162600 Equity=45490.80 OpenPos=0 UTC=2026.03.06 11:06 DayOfWeek=5 WeekendCloseActive=NO NewTradeBlocked=YES | 162600.000000
QE	0	04:07:20.083	Cazyxio_v4.1 (EURUSD,M15)	2026.03.06 11:07:20 | HEARTBEAT | SYSTEM | EA alive. Tick=162700 Equity=45490.80 OpenPos=0 UTC=2026.03.06 11:07 DayOfWeek=5 WeekendCloseActive=NO NewTradeBlocked=YES | 162700.000000
NQ	0	04:08:38.744	Cazyxio_v4.1 (EURUSD,M15)	2026.03.06 11:08:38 | HEARTBEAT | SYSTEM | EA alive. Tick=162800 Equity=45490.80 OpenPos=0 UTC=2026.03.06 11:08 DayOfWeek=5 WeekendCloseActive=NO NewTradeBlocked=YES | 162800.000000
KR	0	04:09:41.924	Cazyxio_v4.1 (EURUSD,M15)	2026.03.06 11:09:41 | HEARTBEAT | SYSTEM | EA alive. Tick=162900 Equity=45490.80 OpenPos=0 UTC=2026.03.06 11:09 DayOfWeek=5 WeekendCloseActive=NO NewTradeBlocked=YES | 162900.000000
CN	0	04:10:17.818	Cazyxio_v4.1 (EURUSD,M15)	2026.03.06 11:10:17 | HEARTBEAT | SYSTEM | EA alive. Tick=163000 Equity=45490.80 OpenPos=0 UTC=2026.03.06 11:10 DayOfWeek=5 WeekendCloseActive=NO NewTradeBlocked=YES | 163000.000000
KK	0	04:10:59.300	Cazyxio_v4.1 (EURUSD,M15)	2026.03.06 11:10:59 | HEARTBEAT | SYSTEM | EA alive. Tick=163100 Equity=45490.80 OpenPos=0 UTC=2026.03.06 11:10 DayOfWeek=5 WeekendCloseActive=NO NewTradeBlocked=YES | 163100.000000
LG	0	04:11:42.432	Cazyxio_v4.1 (EURUSD,M15)	2026.03.06 11:11:42 | HEARTBEAT | SYSTEM | EA alive. Tick=163200 Equity=45490.80 OpenPos=0 UTC=2026.03.06 11:11 DayOfWeek=5 WeekendCloseActive=NO NewTradeBlocked=YES | 163200.000000
CS	0	04:12:19.476	Cazyxio_v4.1 (EURUSD,M15)	2026.03.06 11:12:19 | HEARTBEAT | SYSTEM | EA alive. Tick=163300 Equity=45490.80 OpenPos=0 UTC=2026.03.06 11:12 DayOfWeek=5 WeekendCloseActive=NO NewTradeBlocked=YES | 163300.000000
OL	0	04:12:59.117	Cazyxio_v4.1 (EURUSD,M15)	2026.03.06 11:12:59 | HEARTBEAT | SYSTEM | EA alive. Tick=163400 Equity=45490.80 OpenPos=0 UTC=2026.03.06 11:12 DayOfWeek=5 WeekendCloseActive=NO NewTradeBlocked=YES | 163400.000000
HH	0	04:13:51.342	Cazyxio_v4.1 (EURUSD,M15)	2026.03.06 11:13:51 | HEARTBEAT | SYSTEM | EA alive. Tick=163500 Equity=45490.80 OpenPos=0 UTC=2026.03.06 11:13 DayOfWeek=5 WeekendCloseActive=NO NewTradeBlocked=YES | 163500.000000
FD	0	04:14:48.552	Cazyxio_v4.1 (EURUSD,M15)	2026.03.06 11:14:48 | HEARTBEAT | SYSTEM | EA alive. Tick=163600 Equity=45490.80 OpenPos=0 UTC=2026.03.06 11:14 DayOfWeek=5 WeekendCloseActive=NO NewTradeBlocked=YES | 163600.000000
RR	0	04:15:01.462	Cazyxio_v4.1 (EURUSD,M15)	2026.03.06 11:15:01 | BAR | GBPUSD | close=1.33400 h4ema200=1.34966 h4slope=DOWN ema50=1.33514 atr=0.001316 atrSma=0.001135 atrRatio=1.160 dir=SHORT spread=23.0 spreadOK=YES atrGate=PASS touch=PASS momCandle=ZERO_RANGE_BAR barRange=0.000000 minBarRange=0.000395 (0.30xATR) momClosePos=0.500(forced) momOk=N ema50Ok=Y barRange=0.000000 zeroRangeBar=YES trigger=NO hasPos=NO portRisk=0.00% openPos=0 | 1.334000
JQ	0	04:15:01.462	Cazyxio_v4.1 (EURUSD,M15)	2026.03.06 11:15:01 | GATE_FAIL | GBPUSD | Zero-range bar FAIL (v4.1 fix). barRange=0.000000 < minBarRange=0.000395 (0.30x ATR). Doji/flat bar excluded from momentum evaluation.
GG	0	04:15:01.462	Cazyxio_v4.1 (EURUSD,M15)	2026.03.06 11:15:01 | BAR | EURUSD | close=1.15796 h4ema200=1.17576 h4slope=DOWN ema50=1.15988 atr=0.000946 atrSma=0.000913 atrRatio=1.036 dir=SHORT spread=17.0 spreadOK=YES atrGate=PASS touch=PASS momCandle=ZERO_RANGE_BAR barRange=0.000000 minBarRange=0.000284 (0.30xATR) momClosePos=0.500(forced) momOk=N ema50Ok=Y barRange=0.000000 zeroRangeBar=YES trigger=NO hasPos=NO portRisk=0.00% openPos=0 | 1.157960
NL	0	04:15:01.462	Cazyxio_v4.1 (EURUSD,M15)	2026.03.06 11:15:01 | GATE_FAIL | EURUSD | Zero-range bar FAIL (v4.1 fix). barRange=0.000000 < minBarRange=0.000284 (0.30x ATR). Doji/flat bar excluded from momentum evaluation.
GQ	0	04:15:01.462	Cazyxio_v4.1 (EURUSD,M15)	2026.03.06 11:15:01 | BAR | USDJPY | close=157.840 h4ema200=155.855 h4slope=UP ema50=157.677 atr=0.084786 atrSma=0.107924 atrRatio=0.786 dir=LONG spread=16.0 spreadOK=YES atrGate=FAIL touch=PASS momCandle=ZERO_RANGE_BAR barRange=0.000000 minBarRange=0.025436 (0.30xATR) momClosePos=0.500(forced) momOk=N ema50Ok=Y barRange=0.000000 zeroRangeBar=YES trigger=NO hasPos=NO portRisk=0.00% openPos=0 | 157.840000
NH	0	04:15:01.462	Cazyxio_v4.1 (EURUSD,M15)	2026.03.06 11:15:01 | GATE_FAIL | USDJPY | ATR gate FAIL. ATR=0.084786 ATR_SMA=0.107924 Ratio=0.786 MinRatio=0.80. Market too quiet.
MF	0	04:15:01.462	Cazyxio_v4.1 (EURUSD,M15)	2026.03.06 11:15:01 | BAR | AUDUSD | close=0.70132 h4ema200=0.69922 h4slope=UP ema50=0.70228 atr=0.000975 atrSma=0.000918 atrRatio=1.062 dir=LONG spread=16.0 spreadOK=YES atrGate=PASS touch=PASS momCandle=ZERO_RANGE_BAR barRange=0.000000 minBarRange=0.000293 (0.30xATR) momClosePos=0.500(forced) momOk=N ema50Ok=Y barRange=0.000000 zeroRangeBar=YES trigger=NO hasPos=NO portRisk=0.00% openPos=0 | 0.701320
LN	0	04:15:01.462	Cazyxio_v4.1 (EURUSD,M15)	2026.03.06 11:15:01 | GATE_FAIL | AUDUSD | Zero-range bar FAIL (v4.1 fix). barRange=0.000000 < minBarRange=0.000293 (0.30x ATR). Doji/flat bar excluded from momentum evaluation.
QO	0	04:15:01.462	Cazyxio_v4.1 (EURUSD,M15)	2026.03.06 11:15:01 | BAR | USDCAD | close=1.36535 h4ema200=1.36849 h4slope=DOWN ema50=1.36602 atr=0.000760 atrSma=0.000859 atrRatio=0.884 dir=SHORT spread=23.0 spreadOK=YES atrGate=PASS touch=PASS momCandle=ZERO_RANGE_BAR barRange=0.000000 minBarRange=0.000228 (0.30xATR) momClosePos=0.500(forced) momOk=N ema50Ok=Y barRange=0.000000 zeroRangeBar=YES trigger=NO hasPos=NO portRisk=0.00% openPos=0 | 1.365350
HD	0	04:15:01.462	Cazyxio_v4.1 (EURUSD,M15)	2026.03.06 11:15:01 | GATE_FAIL | USDCAD | Zero-range bar FAIL (v4.1 fix). barRange=0.000000 < minBarRange=0.000228 (0.30x ATR). Doji/flat bar excluded from momentum evaluation.
DK	0	04:15:01.712	Cazyxio_v4.1 (EURUSD,M15)	2026.03.06 11:15:01 | BAR | GBPJPY | close=210.569 h4ema200=210.355 h4slope=DOWN ema50=210.526 atr=0.153857 atrSma=0.144194 atrRatio=1.067 dir=NONE spread=44.0 spreadOK=NO atrGate=PASS touch=FAIL momCandle= zeroRangeBar=NO trigger=NO hasPos=NO portRisk=0.00% openPos=0 | 210.569000
IL	0	04:15:01.712	Cazyxio_v4.1 (EURUSD,M15)	2026.03.06 11:15:01 | GATE_FAIL | GBPJPY | No directional bias. h4slope=DOWN closeNow=210.569 h4ema200=210.355. Need H4 slope + price on correct side of H4 EMA200.
OE	0	04:16:05.014	Cazyxio_v4.1 (EURUSD,M15)	2026.03.06 11:16:05 | HEARTBEAT | SYSTEM | EA alive. Tick=163700 Equity=45490.80 OpenPos=0 UTC=2026.03.06 11:16 DayOfWeek=5 WeekendCloseActive=NO NewTradeBlocked=YES | 163700.000000
LQ	0	04:16:55.284	Cazyxio_v4.1 (EURUSD,M15)	2026.03.06 11:16:55 | HEARTBEAT | SYSTEM | EA alive. Tick=163800 Equity=45490.80 OpenPos=0 UTC=2026.03.06 11:16 DayOfWeek=5 WeekendCloseActive=NO NewTradeBlocked=YES | 163800.000000
FR	0	04:18:22.213	Cazyxio_v4.1 (EURUSD,M15)	2026.03.06 11:18:22 | HEARTBEAT | SYSTEM | EA alive. Tick=163900 Equity=45490.80 OpenPos=0 UTC=2026.03.06 11:18 DayOfWeek=5 WeekendCloseActive=NO NewTradeBlocked=YES | 163900.000000
EN	0	04:20:12.682	Cazyxio_v4.1 (EURUSD,M15)	2026.03.06 11:20:12 | HEARTBEAT | SYSTEM | EA alive. Tick=164000 Equity=45490.80 OpenPos=0 UTC=2026.03.06 11:20 DayOfWeek=5 WeekendCloseActive=NO NewTradeBlocked=YES | 164000.000000
DJ	0	04:21:45.895	Cazyxio_v4.1 (EURUSD,M15)	2026.03.06 11:21:45 | HEARTBEAT | SYSTEM | EA alive. Tick=164100 Equity=45490.80 OpenPos=0 UTC=2026.03.06 11:21 DayOfWeek=5 WeekendCloseActive=NO NewTradeBlocked=YES | 164100.000000
CG	0	04:23:12.768	Cazyxio_v4.1 (EURUSD,M15)	2026.03.06 11:23:12 | HEARTBEAT | SYSTEM | EA alive. Tick=164200 Equity=45490.80 OpenPos=0 UTC=2026.03.06 11:23 DayOfWeek=5 WeekendCloseActive=NO NewTradeBlocked=YES | 164200.000000
GS	0	04:24:29.473	Cazyxio_v4.1 (EURUSD,M15)	2026.03.06 11:24:29 | HEARTBEAT | SYSTEM | EA alive. Tick=164300 Equity=45490.80 OpenPos=0 UTC=2026.03.06 11:24 DayOfWeek=5 WeekendCloseActive=NO NewTradeBlocked=YES | 164300.000000
JO	0	04:25:38.150	Cazyxio_v4.1 (EURUSD,M15)	2026.03.06 11:25:38 | HEARTBEAT | SYSTEM | EA alive. Tick=164400 Equity=45490.80 OpenPos=0 UTC=2026.03.06 11:25 DayOfWeek=5 WeekendCloseActive=NO NewTradeBlocked=YES | 164400.000000
NH	0	04:27:16.437	Cazyxio_v4.1 (EURUSD,M15)	2026.03.06 11:27:16 | HEARTBEAT | SYSTEM | EA alive. Tick=164500 Equity=45490.80 OpenPos=0 UTC=2026.03.06 11:27 DayOfWeek=5 WeekendCloseActive=NO NewTradeBlocked=YES | 164500.000000
RD	0	04:28:37.849	Cazyxio_v4.1 (EURUSD,M15)	2026.03.06 11:28:37 | HEARTBEAT | SYSTEM | EA alive. Tick=164600 Equity=45490.80 OpenPos=0 UTC=2026.03.06 11:28 DayOfWeek=5 WeekendCloseActive=NO NewTradeBlocked=YES | 164600.000000
NQ	0	04:29:55.082	Cazyxio_v4.1 (EURUSD,M15)	2026.03.06 11:29:55 | HEARTBEAT | SYSTEM | EA alive. Tick=164700 Equity=45490.80 OpenPos=0 UTC=2026.03.06 11:29 DayOfWeek=5 WeekendCloseActive=NO NewTradeBlocked=YES | 164700.000000
IN	0	04:30:01.633	Cazyxio_v4.1 (EURUSD,M15)	2026.03.06 11:30:01 | BAR | GBPUSD | close=1.33397 h4ema200=1.34966 h4slope=DOWN ema50=1.33509 atr=0.001336 atrSma=0.001131 atrRatio=1.182 dir=SHORT spread=22.0 spreadOK=YES atrGate=PASS touch=PASS momCandle=ZERO_RANGE_BAR barRange=0.000000 minBarRange=0.000401 (0.30xATR) momClosePos=0.500(forced) momOk=N ema50Ok=Y barRange=0.000000 zeroRangeBar=YES trigger=NO hasPos=NO portRisk=0.00% openPos=0 | 1.333970
LE	0	04:30:01.633	Cazyxio_v4.1 (EURUSD,M15)	2026.03.06 11:30:01 | GATE_FAIL | GBPUSD | Zero-range bar FAIL (v4.1 fix). barRange=0.000000 < minBarRange=0.000401 (0.30x ATR). Doji/flat bar excluded from momentum evaluation.
ME	0	04:30:01.633	Cazyxio_v4.1 (EURUSD,M15)	2026.03.06 11:30:01 | BAR | EURUSD | close=1.15774 h4ema200=1.17576 h4slope=DOWN ema50=1.15979 atr=0.000919 atrSma=0.000909 atrRatio=1.011 dir=SHORT spread=15.0 spreadOK=YES atrGate=PASS touch=FAIL momCandle=ZERO_RANGE_BAR barRange=0.000000 minBarRange=0.000276 (0.30xATR) momClosePos=0.500(forced) momOk=N ema50Ok=Y barRange=0.000000 zeroRangeBar=YES trigger=NO hasPos=NO portRisk=0.00% openPos=0 | 1.157740
RR	0	04:30:01.633	Cazyxio_v4.1 (EURUSD,M15)	2026.03.06 11:30:01 | GATE_FAIL | EURUSD | Touch/pullback gate FAIL. Price has not approached EMA50 within last 12 bars (within 0.60 ATR). v4.1 tolerance=0.60x (tightened from v4.0 1.00x).
MG	0	04:30:01.633	Cazyxio_v4.1 (EURUSD,M15)	2026.03.06 11:30:01 | BAR | USDJPY | close=157.882 h4ema200=155.855 h4slope=UP ema50=157.687 atr=0.083857 atrSma=0.107399 atrRatio=0.781 dir=LONG spread=14.0 spreadOK=YES atrGate=FAIL touch=PASS momCandle=ZERO_RANGE_BAR barRange=0.002000 minBarRange=0.025157 (0.30xATR) momClosePos=0.500(forced) momOk=N ema50Ok=Y barRange=0.002000 zeroRangeBar=YES trigger=NO hasPos=NO portRisk=0.00% openPos=0 | 157.882000
MO	0	04:30:01.633	Cazyxio_v4.1 (EURUSD,M15)	2026.03.06 11:30:01 | GATE_FAIL | USDJPY | ATR gate FAIL. ATR=0.083857 ATR_SMA=0.107399 Ratio=0.781 MinRatio=0.80. Market too quiet.
LG	0	04:30:01.633	Cazyxio_v4.1 (EURUSD,M15)	2026.03.06 11:30:01 | BAR | GBPJPY | close=210.616 h4ema200=210.356 h4slope=DOWN ema50=210.532 atr=0.155786 atrSma=0.143932 atrRatio=1.082 dir=NONE spread=38.0 spreadOK=NO atrGate=PASS touch=FAIL momCandle= zeroRangeBar=NO trigger=NO hasPos=NO portRisk=0.00% openPos=0 | 210.616000
EP	0	04:30:01.633	Cazyxio_v4.1 (EURUSD,M15)	2026.03.06 11:30:01 | GATE_FAIL | GBPJPY | No directional bias. h4slope=DOWN closeNow=210.616 h4ema200=210.356. Need H4 slope + price on correct side of H4 EMA200.
NK	0	04:30:01.633	Cazyxio_v4.1 (EURUSD,M15)	2026.03.06 11:30:01 | BAR | USDCAD | close=1.36589 h4ema200=1.36850 h4slope=DOWN ema50=1.36603 atr=0.000763 atrSma=0.000857 atrRatio=0.890 dir=SHORT spread=24.0 spreadOK=YES atrGate=PASS touch=PASS momCandle=ZERO_RANGE_BAR barRange=0.000030 minBarRange=0.000229 (0.30xATR) momClosePos=0.500(forced) momOk=N ema50Ok=Y barRange=0.000030 zeroRangeBar=YES trigger=NO hasPos=NO portRisk=0.00% openPos=0 | 1.365890
PH	0	04:30:01.633	Cazyxio_v4.1 (EURUSD,M15)	2026.03.06 11:30:01 | GATE_FAIL | USDCAD | Zero-range bar FAIL (v4.1 fix). barRange=0.000030 < minBarRange=0.000229 (0.30x ATR). Doji/flat bar excluded from momentum evaluation.
LM	0	04:30:02.003	Cazyxio_v4.1 (EURUSD,M15)	2026.03.06 11:30:02 | BAR | AUDUSD | close=0.70116 h4ema200=0.69922 h4slope=UP ema50=0.70223 atr=0.000976 atrSma=0.000915 atrRatio=1.066 dir=LONG spread=19.0 spreadOK=YES atrGate=PASS touch=PASS momCandle=ZERO_RANGE_BAR barRange=0.000000 minBarRange=0.000293 (0.30xATR) momClosePos=0.500(forced) momOk=N ema50Ok=Y barRange=0.000000 zeroRangeBar=YES trigger=NO hasPos=NO portRisk=0.00% openPos=0 | 0.701160
KE	0	04:30:02.003	Cazyxio_v4.1 (EURUSD,M15)	2026.03.06 11:30:02 | GATE_FAIL | AUDUSD | Zero-range bar FAIL (v4.1 fix). barRange=0.000000 < minBarRange=0.000293 (0.30x ATR). Doji/flat bar excluded from momentum evaluation.
DF	0	04:31:46.775	Cazyxio_v4.1 (EURUSD,M15)	2026.03.06 11:31:46 | HEARTBEAT | SYSTEM | EA alive. Tick=164800 Equity=45490.80 OpenPos=0 UTC=2026.03.06 11:31 DayOfWeek=5 WeekendCloseActive=NO NewTradeBlocked=YES | 164800.000000
CS	0	04:33:04.293	Cazyxio_v4.1 (EURUSD,M15)	2026.03.06 11:33:04 | HEARTBEAT | SYSTEM | EA alive. Tick=164900 Equity=45490.80 OpenPos=0 UTC=2026.03.06 11:33 DayOfWeek=5 WeekendCloseActive=NO NewTradeBlocked=YES | 164900.000000
CO	0	04:34:18.713	Cazyxio_v4.1 (EURUSD,M15)	2026.03.06 11:34:18 | HEARTBEAT | SYSTEM | EA alive. Tick=165000 Equity=45490.80 OpenPos=0 UTC=2026.03.06 11:34 DayOfWeek=5 WeekendCloseActive=NO NewTradeBlocked=YES | 165000.000000
FK	0	04:36:03.112	Cazyxio_v4.1 (EURUSD,M15)	2026.03.06 11:36:03 | HEARTBEAT | SYSTEM | EA alive. Tick=165100 Equity=45490.80 OpenPos=0 UTC=2026.03.06 11:36 DayOfWeek=5 WeekendCloseActive=NO NewTradeBlocked=YES | 165100.000000
KD	0	04:37:45.288	Cazyxio_v4.1 (EURUSD,M15)	2026.03.06 11:37:45 | HEARTBEAT | SYSTEM | EA alive. Tick=165200 Equity=45490.80 OpenPos=0 UTC=2026.03.06 11:37 DayOfWeek=5 WeekendCloseActive=NO NewTradeBlocked=YES | 165200.000000
RP	0	04:39:18.234	Cazyxio_v4.1 (EURUSD,M15)	2026.03.06 11:39:18 | HEARTBEAT | SYSTEM | EA alive. Tick=165300 Equity=45490.80 OpenPos=0 UTC=2026.03.06 11:39 DayOfWeek=5 WeekendCloseActive=NO NewTradeBlocked=YES | 165300.000000
DM	0	04:40:58.816	Cazyxio_v4.1 (EURUSD,M15)	2026.03.06 11:40:58 | HEARTBEAT | SYSTEM | EA alive. Tick=165400 Equity=45490.80 OpenPos=0 UTC=2026.03.06 11:40 DayOfWeek=5 WeekendCloseActive=NO NewTradeBlocked=YES | 165400.000000
QI	0	04:42:14.325	Cazyxio_v4.1 (EURUSD,M15)	2026.03.06 11:42:14 | HEARTBEAT | SYSTEM | EA alive. Tick=165500 Equity=45490.80 OpenPos=0 UTC=2026.03.06 11:42 DayOfWeek=5 WeekendCloseActive=NO NewTradeBlocked=YES | 165500.000000
HE	0	04:43:07.499	Cazyxio_v4.1 (EURUSD,M15)	2026.03.06 11:43:07 | HEARTBEAT | SYSTEM | EA alive. Tick=165600 Equity=45490.80 OpenPos=0 UTC=2026.03.06 11:43 DayOfWeek=5 WeekendCloseActive=NO NewTradeBlocked=YES | 165600.000000
KF	0	04:43:44.456	Cazyxio_v4.1 (EURUSD,M15)	2026.03.06 11:43:44 | HEARTBEAT | SYSTEM | EA alive. Tick=165700 Equity=45490.80 OpenPos=0 UTC=2026.03.06 11:43 DayOfWeek=5 WeekendCloseActive=NO NewTradeBlocked=YES | 165700.000000
NR	0	04:44:29.900	Cazyxio_v4.1 (EURUSD,M15)	2026.03.06 11:44:29 | HEARTBEAT | SYSTEM | EA alive. Tick=165800 Equity=45490.80 OpenPos=0 UTC=2026.03.06 11:44 DayOfWeek=5 WeekendCloseActive=NO NewTradeBlocked=YES | 165800.000000
OL	0	04:45:02.101	Cazyxio_v4.1 (EURUSD,M15)	2026.03.06 11:45:02 | BAR | GBPUSD | close=1.33231 h4ema200=1.34964 h4slope=DOWN ema50=1.33492 atr=0.001413 atrSma=0.001128 atrRatio=1.252 dir=SHORT spread=25.0 spreadOK=YES atrGate=PASS touch=FAIL momCandle=ZERO_RANGE_BAR barRange=0.000010 minBarRange=0.000424 (0.30xATR) momClosePos=0.500(forced) momOk=N ema50Ok=Y barRange=0.000010 zeroRangeBar=YES trigger=NO hasPos=NO portRisk=0.00% openPos=0 | 1.332310
KJ	0	04:45:02.101	Cazyxio_v4.1 (EURUSD,M15)	2026.03.06 11:45:02 | GATE_FAIL | GBPUSD | Touch/pullback gate FAIL. Price has not approached EMA50 within last 12 bars (within 0.60 ATR). v4.1 tolerance=0.60x (tightened from v4.0 1.00x).
IS	0	04:45:02.101	Cazyxio_v4.1 (EURUSD,M15)	2026.03.06 11:45:02 | BAR | EURUSD | close=1.15650 h4ema200=1.17575 h4slope=DOWN ema50=1.15961 atr=0.000944 atrSma=0.000905 atrRatio=1.042 dir=SHORT spread=20.0 spreadOK=YES atrGate=PASS touch=FAIL momCandle=ZERO_RANGE_BAR barRange=0.000000 minBarRange=0.000283 (0.30xATR) momClosePos=0.500(forced) momOk=N ema50Ok=Y barRange=0.000000 zeroRangeBar=YES trigger=NO hasPos=NO portRisk=0.00% openPos=0 | 1.156500
RE	0	04:45:02.101	Cazyxio_v4.1 (EURUSD,M15)	2026.03.06 11:45:02 | GATE_FAIL | EURUSD | Touch/pullback gate FAIL. Price has not approached EMA50 within last 12 bars (within 0.60 ATR). v4.1 tolerance=0.60x (tightened from v4.0 1.00x).
EE	0	04:45:02.101	Cazyxio_v4.1 (EURUSD,M15)	2026.03.06 11:45:02 | BAR | USDJPY | close=157.954 h4ema200=155.856 h4slope=UP ema50=157.700 atr=0.085643 atrSma=0.107019 atrRatio=0.800 dir=LONG spread=16.0 spreadOK=YES atrGate=PASS touch=FAIL momCandle=ZERO_RANGE_BAR barRange=0.003000 minBarRange=0.025693 (0.30xATR) momClosePos=0.500(forced) momOk=N ema50Ok=Y barRange=0.003000 zeroRangeBar=YES trigger=NO hasPos=NO portRisk=0.00% openPos=0 | 157.954000
OO	0	04:45:02.101	Cazyxio_v4.1 (EURUSD,M15)	2026.03.06 11:45:02 | GATE_FAIL | USDJPY | Touch/pullback gate FAIL. Price has not approached EMA50 within last 12 bars (within 0.60 ATR). v4.1 tolerance=0.60x (tightened from v4.0 1.00x).
CS	0	04:45:02.101	Cazyxio_v4.1 (EURUSD,M15)	2026.03.06 11:45:02 | BAR | AUDUSD | close=0.69961 h4ema200=0.69920 h4slope=UP ema50=0.70207 atr=0.000998 atrSma=0.000914 atrRatio=1.092 dir=LONG spread=20.0 spreadOK=YES atrGate=PASS touch=PASS momCandle=ZERO_RANGE_BAR barRange=0.000010 minBarRange=0.000299 (0.30xATR) momClosePos=0.500(forced) momOk=N ema50Ok=Y barRange=0.000010 zeroRangeBar=YES trigger=NO hasPos=NO portRisk=0.00% openPos=0 | 0.699610
OJ	0	04:45:02.101	Cazyxio_v4.1 (EURUSD,M15)	2026.03.06 11:45:02 | GATE_FAIL | AUDUSD | Zero-range bar FAIL (v4.1 fix). barRange=0.000010 < minBarRange=0.000299 (0.30x ATR). Doji/flat bar excluded from momentum evaluation.
KL	0	04:45:02.101	Cazyxio_v4.1 (EURUSD,M15)	2026.03.06 11:45:02 | BAR | GBPJPY | close=210.447 h4ema200=210.354 h4slope=DOWN ema50=210.522 atr=0.164429 atrSma=0.143723 atrRatio=1.144 dir=NONE spread=44.0 spreadOK=NO atrGate=PASS touch=FAIL momCandle= zeroRangeBar=NO trigger=NO hasPos=NO portRisk=0.00% openPos=0 | 210.447000
EJ	0	04:45:02.101	Cazyxio_v4.1 (EURUSD,M15)	2026.03.06 11:45:02 | GATE_FAIL | GBPJPY | No directional bias. h4slope=DOWN closeNow=210.447 h4ema200=210.354. Need H4 slope + price on correct side of H4 EMA200.
FF	0	04:45:02.101	Cazyxio_v4.1 (EURUSD,M15)	2026.03.06 11:45:02 | BAR | USDCAD | close=1.36652 h4ema200=1.36850 h4slope=DOWN ema50=1.36608 atr=0.000751 atrSma=0.000855 atrRatio=0.879 dir=SHORT spread=27.0 spreadOK=YES atrGate=PASS touch=PASS momCandle=ZERO_RANGE_BAR barRange=0.000050 minBarRange=0.000225 (0.30xATR) momClosePos=0.500(forced) momOk=N ema50Ok=Y barRange=0.000050 zeroRangeBar=YES trigger=NO hasPos=NO portRisk=0.00% openPos=0 | 1.366520
JR	0	04:45:02.101	Cazyxio_v4.1 (EURUSD,M15)	2026.03.06 11:45:02 | GATE_FAIL | USDCAD | Zero-range bar FAIL (v4.1 fix). barRange=0.000050 < minBarRange=0.000225 (0.30x ATR). Doji/flat bar excluded from momentum evaluation.
NH	0	04:45:19.857	Cazyxio_v4.1 (EURUSD,M15)	2026.03.06 11:45:19 | HEARTBEAT | SYSTEM | EA alive. Tick=165900 Equity=45490.80 OpenPos=0 UTC=2026.03.06 11:45 DayOfWeek=5 WeekendCloseActive=NO NewTradeBlocked=YES | 165900.000000
CE	0	04:46:07.228	Cazyxio_v4.1 (EURUSD,M15)	2026.03.06 11:46:07 | HEARTBEAT | SYSTEM | EA alive. Tick=166000 Equity=45490.80 OpenPos=0 UTC=2026.03.06 11:46 DayOfWeek=5 WeekendCloseActive=NO NewTradeBlocked=YES | 166000.000000
GQ	0	04:46:45.093	Cazyxio_v4.1 (EURUSD,M15)	2026.03.06 11:46:45 | HEARTBEAT | SYSTEM | EA alive. Tick=166100 Equity=45490.80 OpenPos=0 UTC=2026.03.06 11:46 DayOfWeek=5 WeekendCloseActive=NO NewTradeBlocked=YES | 166100.000000
MM	0	04:47:38.294	Cazyxio_v4.1 (EURUSD,M15)	2026.03.06 11:47:38 | HEARTBEAT | SYSTEM | EA alive. Tick=166200 Equity=45490.80 OpenPos=0 UTC=2026.03.06 11:47 DayOfWeek=5 WeekendCloseActive=NO NewTradeBlocked=YES | 166200.000000
JN	0	04:48:45.267	Cazyxio_v4.1 (EURUSD,M15)	2026.03.06 11:48:45 | HEARTBEAT | SYSTEM | EA alive. Tick=166300 Equity=45490.80 OpenPos=0 UTC=2026.03.06 11:48 DayOfWeek=5 WeekendCloseActive=NO NewTradeBlocked=YES | 166300.000000
OJ	0	04:49:27.715	Cazyxio_v4.1 (EURUSD,M15)	2026.03.06 11:49:27 | HEARTBEAT | SYSTEM | EA alive. Tick=166400 Equity=45490.80 OpenPos=0 UTC=2026.03.06 11:49 DayOfWeek=5 WeekendCloseActive=NO NewTradeBlocked=YES | 166400.000000
RF	0	04:50:10.934	Cazyxio_v4.1 (EURUSD,M15)	2026.03.06 11:50:10 | HEARTBEAT | SYSTEM | EA alive. Tick=166500 Equity=45490.80 OpenPos=0 UTC=2026.03.06 11:50 DayOfWeek=5 WeekendCloseActive=NO NewTradeBlocked=YES | 166500.000000
MS	0	04:51:09.635	Cazyxio_v4.1 (EURUSD,M15)	2026.03.06 11:51:09 | HEARTBEAT | SYSTEM | EA alive. Tick=166600 Equity=45490.80 OpenPos=0 UTC=2026.03.06 11:51 DayOfWeek=5 WeekendCloseActive=NO NewTradeBlocked=YES | 166600.000000
NO	0	04:51:59.843	Cazyxio_v4.1 (EURUSD,M15)	2026.03.06 11:51:59 | HEARTBEAT | SYSTEM | EA alive. Tick=166700 Equity=45490.80 OpenPos=0 UTC=2026.03.06 11:51 DayOfWeek=5 WeekendCloseActive=NO NewTradeBlocked=YES | 166700.000000
OH	0	04:52:48.265	Cazyxio_v4.1 (EURUSD,M15)	2026.03.06 11:52:48 | HEARTBEAT | SYSTEM | EA alive. Tick=166800 Equity=45490.80 OpenPos=0 UTC=2026.03.06 11:52 DayOfWeek=5 WeekendCloseActive=NO NewTradeBlocked=YES | 166800.000000
LD	0	04:53:41.614	Cazyxio_v4.1 (EURUSD,M15)	2026.03.06 11:53:41 | HEARTBEAT | SYSTEM | EA alive. Tick=166900 Equity=45490.80 OpenPos=0 UTC=2026.03.06 11:53 DayOfWeek=5 WeekendCloseActive=NO NewTradeBlocked=YES | 166900.000000
HP	0	04:54:42.301	Cazyxio_v4.1 (EURUSD,M15)	2026.03.06 11:54:42 | HEARTBEAT | SYSTEM | EA alive. Tick=167000 Equity=45490.80 OpenPos=0 UTC=2026.03.06 11:54 DayOfWeek=5 WeekendCloseActive=NO NewTradeBlocked=YES | 167000.000000
LM	0	04:55:56.405	Cazyxio_v4.1 (EURUSD,M15)	2026.03.06 11:55:56 | HEARTBEAT | SYSTEM | EA alive. Tick=167100 Equity=45490.80 OpenPos=0 UTC=2026.03.06 11:55 DayOfWeek=5 WeekendCloseActive=NO NewTradeBlocked=YES | 167100.000000
II	0	04:56:42.373	Cazyxio_v4.1 (EURUSD,M15)	2026.03.06 11:56:42 | HEARTBEAT | SYSTEM | EA alive. Tick=167200 Equity=45490.80 OpenPos=0 UTC=2026.03.06 11:56 DayOfWeek=5 WeekendCloseActive=NO NewTradeBlocked=YES | 167200.000000
EE	0	04:57:28.884	Cazyxio_v4.1 (EURUSD,M15)	2026.03.06 11:57:28 | HEARTBEAT | SYSTEM | EA alive. Tick=167300 Equity=45490.80 OpenPos=0 UTC=2026.03.06 11:57 DayOfWeek=5 WeekendCloseActive=NO NewTradeBlocked=YES | 167300.000000
KF	0	04:58:30.092	Cazyxio_v4.1 (EURUSD,M15)	2026.03.06 11:58:30 | HEARTBEAT | SYSTEM | EA alive. Tick=167400 Equity=45490.80 OpenPos=0 UTC=2026.03.06 11:58 DayOfWeek=5 WeekendCloseActive=NO NewTradeBlocked=YES | 167400.000000
QR	0	04:59:26.301	Cazyxio_v4.1 (EURUSD,M15)	2026.03.06 11:59:26 | HEARTBEAT | SYSTEM | EA alive. Tick=167500 Equity=45490.80 OpenPos=0 UTC=2026.03.06 11:59 DayOfWeek=5 WeekendCloseActive=NO NewTradeBlocked=YES | 167500.000000
HM	0	05:00:01.568	Cazyxio_v4.1 (EURUSD,M15)	2026.03.06 12:00:01 | BAR | GBPUSD | close=1.33185 h4ema200=1.34964 h4slope=DOWN ema50=1.33478 atr=0.001381 atrSma=0.001125 atrRatio=1.228 dir=SHORT spread=20.0 spreadOK=YES atrGate=PASS touch=FAIL momCandle=ZERO_RANGE_BAR barRange=0.000000 minBarRange=0.000414 (0.30xATR) momClosePos=0.500(forced) momOk=N ema50Ok=Y barRange=0.000000 zeroRangeBar=YES trigger=NO hasPos=NO portRisk=0.00% openPos=0 | 1.331850
JJ	0	05:00:01.568	Cazyxio_v4.1 (EURUSD,M15)	2026.03.06 12:00:01 | GATE_FAIL | GBPUSD | Touch/pullback gate FAIL. Price has not approached EMA50 within last 12 bars (within 0.60 ATR). v4.1 tolerance=0.60x (tightened from v4.0 1.00x).
JR	0	05:00:01.568	Cazyxio_v4.1 (EURUSD,M15)	2026.03.06 12:00:01 | BAR | EURUSD | close=1.15624 h4ema200=1.17575 h4slope=DOWN ema50=1.15947 atr=0.000926 atrSma=0.000901 atrRatio=1.028 dir=SHORT spread=19.0 spreadOK=YES atrGate=PASS touch=FAIL momCandle=ZERO_RANGE_BAR barRange=0.000000 minBarRange=0.000278 (0.30xATR) momClosePos=0.500(forced) momOk=N ema50Ok=Y barRange=0.000000 zeroRangeBar=YES trigger=NO hasPos=NO portRisk=0.00% openPos=0 | 1.156240
CE	0	05:00:01.568	Cazyxio_v4.1 (EURUSD,M15)	2026.03.06 12:00:01 | GATE_FAIL | EURUSD | Touch/pullback gate FAIL. Price has not approached EMA50 within last 12 bars (within 0.60 ATR). v4.1 tolerance=0.60x (tightened from v4.0 1.00x).
NE	0	05:00:01.568	Cazyxio_v4.1 (EURUSD,M15)	2026.03.06 12:00:01 | BAR | AUDUSD | close=0.69932 h4ema200=0.69920 h4slope=UP ema50=0.70195 atr=0.001018 atrSma=0.000912 atrRatio=1.116 dir=LONG spread=19.0 spreadOK=YES atrGate=PASS touch=FAIL momCandle=ZERO_RANGE_BAR barRange=0.000000 minBarRange=0.000305 (0.30xATR) momClosePos=0.500(forced) momOk=N ema50Ok=Y barRange=0.000000 zeroRangeBar=YES trigger=NO hasPos=NO portRisk=0.00% openPos=0 | 0.699320
KN	0	05:00:01.568	Cazyxio_v4.1 (EURUSD,M15)	2026.03.06 12:00:01 | GATE_FAIL | AUDUSD | Touch/pullback gate FAIL. Price has not approached EMA50 within last 12 bars (within 0.60 ATR). v4.1 tolerance=0.60x (tightened from v4.0 1.00x).
PQ	0	05:00:01.568	Cazyxio_v4.1 (EURUSD,M15)	2026.03.06 12:00:01 | BAR | GBPJPY | close=210.362 h4ema200=210.353 h4slope=DOWN ema50=210.512 atr=0.160857 atrSma=0.143503 atrRatio=1.121 dir=NONE spread=44.0 spreadOK=NO atrGate=PASS touch=FAIL momCandle= zeroRangeBar=NO trigger=NO hasPos=NO portRisk=0.00% openPos=0 | 210.362000
MF	0	05:00:01.568	Cazyxio_v4.1 (EURUSD,M15)	2026.03.06 12:00:01 | GATE_FAIL | GBPJPY | No directional bias. h4slope=DOWN closeNow=210.362 h4ema200=210.353. Need H4 slope + price on correct side of H4 EMA200.
MQ	0	05:00:01.568	Cazyxio_v4.1 (EURUSD,M15)	2026.03.06 12:00:01 | BAR | USDCAD | close=1.36669 h4ema200=1.36850 h4slope=DOWN ema50=1.36611 atr=0.000748 atrSma=0.000853 atrRatio=0.877 dir=SHORT spread=24.0 spreadOK=YES atrGate=PASS touch=PASS momCandle=ZERO_RANGE_BAR barRange=0.000000 minBarRange=0.000224 (0.30xATR) momClosePos=0.500(forced) momOk=N ema50Ok=Y barRange=0.000000 zeroRangeBar=YES trigger=NO hasPos=NO portRisk=0.00% openPos=0 | 1.366690
CF	0	05:00:01.568	Cazyxio_v4.1 (EURUSD,M15)	2026.03.06 12:00:01 | GATE_FAIL | USDCAD | Zero-range bar FAIL (v4.1 fix). barRange=0.000000 < minBarRange=0.000224 (0.30x ATR). Doji/flat bar excluded from momentum evaluation.
MJ	0	05:00:01.822	Cazyxio_v4.1 (EURUSD,M15)	2026.03.06 12:00:01 | BAR | USDJPY | close=157.944 h4ema200=155.856 h4slope=UP ema50=157.709 atr=0.084786 atrSma=0.106591 atrRatio=0.795 dir=LONG spread=17.0 spreadOK=YES atrGate=FAIL touch=FAIL momCandle=ZERO_RANGE_BAR barRange=0.000000 minBarRange=0.025436 (0.30xATR) momClosePos=0.500(forced) momOk=N ema50Ok=Y barRange=0.000000 zeroRangeBar=YES trigger=NO hasPos=NO portRisk=0.00% openPos=0 | 157.944000
OS	0	05:00:01.822	Cazyxio_v4.1 (EURUSD,M15)	2026.03.06 12:00:01 | GATE_FAIL | USDJPY | ATR gate FAIL. ATR=0.084786 ATR_SMA=0.106591 Ratio=0.795 MinRatio=0.80. Market too quiet.
LG	0	05:00:18.231	Cazyxio_v4.1 (EURUSD,M15)	2026.03.06 12:00:18 | HEARTBEAT | SYSTEM | EA alive. Tick=167600 Equity=45490.80 OpenPos=0 UTC=2026.03.06 12:00 DayOfWeek=5 WeekendCloseActive=NO NewTradeBlocked=YES | 167600.000000
GS	0	05:01:17.677	Cazyxio_v4.1 (EURUSD,M15)	2026.03.06 12:01:17 | HEARTBEAT | SYSTEM | EA alive. Tick=167700 Equity=45490.80 OpenPos=0 UTC=2026.03.06 12:01 DayOfWeek=5 WeekendCloseActive=NO NewTradeBlocked=YES | 167700.000000
KO	0	05:02:11.395	Cazyxio_v4.1 (EURUSD,M15)	2026.03.06 12:02:11 | HEARTBEAT | SYSTEM | EA alive. Tick=167800 Equity=45490.80 OpenPos=0 UTC=2026.03.06 12:02 DayOfWeek=5 WeekendCloseActive=NO NewTradeBlocked=YES | 167800.000000
LH	0	05:03:22.445	Cazyxio_v4.1 (EURUSD,M15)	2026.03.06 12:03:22 | HEARTBEAT | SYSTEM | EA alive. Tick=167900 Equity=45490.80 OpenPos=0 UTC=2026.03.06 12:03 DayOfWeek=5 WeekendCloseActive=NO NewTradeBlocked=YES | 167900.000000
MD	0	05:04:27.582	Cazyxio_v4.1 (EURUSD,M15)	2026.03.06 12:04:27 | HEARTBEAT | SYSTEM | EA alive. Tick=168000 Equity=45490.80 OpenPos=0 UTC=2026.03.06 12:04 DayOfWeek=5 WeekendCloseActive=NO NewTradeBlocked=YES | 168000.000000
KQ	0	05:05:15.251	Cazyxio_v4.1 (EURUSD,M15)	2026.03.06 12:05:15 | HEARTBEAT | SYSTEM | EA alive. Tick=168100 Equity=45490.80 OpenPos=0 UTC=2026.03.06 12:05 DayOfWeek=5 WeekendCloseActive=NO NewTradeBlocked=YES | 168100.000000
IM	0	05:06:13.692	Cazyxio_v4.1 (EURUSD,M15)	2026.03.06 12:06:13 | HEARTBEAT | SYSTEM | EA alive. Tick=168200 Equity=45490.80 OpenPos=0 UTC=2026.03.06 12:06 DayOfWeek=5 WeekendCloseActive=NO NewTradeBlocked=YES | 168200.000000
II	0	05:06:55.430	Cazyxio_v4.1 (EURUSD,M15)	2026.03.06 12:06:55 | HEARTBEAT | SYSTEM | EA alive. Tick=168300 Equity=45490.80 OpenPos=0 UTC=2026.03.06 12:06 DayOfWeek=5 WeekendCloseActive=NO NewTradeBlocked=YES | 168300.000000
HJ	0	05:07:53.568	Cazyxio_v4.1 (EURUSD,M15)	2026.03.06 12:07:53 | HEARTBEAT | SYSTEM | EA alive. Tick=168400 Equity=45490.80 OpenPos=0 UTC=2026.03.06 12:07 DayOfWeek=5 WeekendCloseActive=NO NewTradeBlocked=YES | 168400.000000
RF	0	05:08:41.361	Cazyxio_v4.1 (EURUSD,M15)	2026.03.06 12:08:41 | HEARTBEAT | SYSTEM | EA alive. Tick=168500 Equity=45490.80 OpenPos=0 UTC=2026.03.06 12:08 DayOfWeek=5 WeekendCloseActive=NO NewTradeBlocked=YES | 168500.000000
KR	0	05:09:36.488	Cazyxio_v4.1 (EURUSD,M15)	2026.03.06 12:09:36 | HEARTBEAT | SYSTEM | EA alive. Tick=168600 Equity=45490.80 OpenPos=0 UTC=2026.03.06 12:09 DayOfWeek=5 WeekendCloseActive=NO NewTradeBlocked=YES | 168600.000000
OO	0	05:10:35.992	Cazyxio_v4.1 (EURUSD,M15)	2026.03.06 12:10:35 | HEARTBEAT | SYSTEM | EA alive. Tick=168700 Equity=45490.80 OpenPos=0 UTC=2026.03.06 12:10 DayOfWeek=5 WeekendCloseActive=NO NewTradeBlocked=YES | 168700.000000
IK	0	05:11:26.447	Cazyxio_v4.1 (EURUSD,M15)	2026.03.06 12:11:26 | HEARTBEAT | SYSTEM | EA alive. Tick=168800 Equity=45490.80 OpenPos=0 UTC=2026.03.06 12:11 DayOfWeek=5 WeekendCloseActive=NO NewTradeBlocked=YES | 168800.000000
RD	0	05:12:13.722	Cazyxio_v4.1 (EURUSD,M15)	2026.03.06 12:12:13 | HEARTBEAT | SYSTEM | EA alive. Tick=168900 Equity=45490.80 OpenPos=0 UTC=2026.03.06 12:12 DayOfWeek=5 WeekendCloseActive=NO NewTradeBlocked=YES | 168900.000000
JP	0	05:13:10.954	Cazyxio_v4.1 (EURUSD,M15)	2026.03.06 12:13:10 | HEARTBEAT | SYSTEM | EA alive. Tick=169000 Equity=45490.80 OpenPos=0 UTC=2026.03.06 12:13 DayOfWeek=5 WeekendCloseActive=NO NewTradeBlocked=YES | 169000.000000
JL	0	05:14:01.713	Cazyxio_v4.1 (EURUSD,M15)	2026.03.06 12:14:01 | HEARTBEAT | SYSTEM | EA alive. Tick=169100 Equity=45490.80 OpenPos=0 UTC=2026.03.06 12:14 DayOfWeek=5 WeekendCloseActive=NO NewTradeBlocked=YES | 169100.000000
CI	0	05:14:55.518	Cazyxio_v4.1 (EURUSD,M15)	2026.03.06 12:14:55 | HEARTBEAT | SYSTEM | EA alive. Tick=169200 Equity=45490.80 OpenPos=0 UTC=2026.03.06 12:14 DayOfWeek=5 WeekendCloseActive=NO NewTradeBlocked=YES | 169200.000000
CF	0	05:15:01.621	Cazyxio_v4.1 (EURUSD,M15)	2026.03.06 12:15:01 | BAR | EURUSD | close=1.15523 h4ema200=1.17574 h4slope=DOWN ema50=1.15926 atr=0.000939 atrSma=0.000897 atrRatio=1.047 dir=SHORT spread=12.0 spreadOK=YES atrGate=PASS touch=FAIL momCandle=ZERO_RANGE_BAR barRange=0.000000 minBarRange=0.000282 (0.30xATR) momClosePos=0.500(forced) momOk=N ema50Ok=Y barRange=0.000000 zeroRangeBar=YES trigger=NO hasPos=NO portRisk=0.00% openPos=0 | 1.155230
IN	0	05:15:01.621	Cazyxio_v4.1 (EURUSD,M15)	2026.03.06 12:15:01 | GATE_FAIL | EURUSD | Touch/pullback gate FAIL. Price has not approached EMA50 within last 12 bars (within 0.60 ATR). v4.1 tolerance=0.60x (tightened from v4.0 1.00x).
JQ	0	05:15:01.621	Cazyxio_v4.1 (EURUSD,M15)	2026.03.06 12:15:01 | BAR | AUDUSD | close=0.69943 h4ema200=0.69920 h4slope=UP ema50=0.70185 atr=0.001033 atrSma=0.000909 atrRatio=1.136 dir=LONG spread=17.0 spreadOK=YES atrGate=PASS touch=FAIL momCandle=ZERO_RANGE_BAR barRange=0.000000 minBarRange=0.000310 (0.30xATR) momClosePos=0.500(forced) momOk=N ema50Ok=Y barRange=0.000000 zeroRangeBar=YES trigger=NO hasPos=NO portRisk=0.00% openPos=0 | 0.699430
QJ	0	05:15:01.621	Cazyxio_v4.1 (EURUSD,M15)	2026.03.06 12:15:01 | GATE_FAIL | AUDUSD | Touch/pullback gate FAIL. Price has not approached EMA50 within last 12 bars (within 0.60 ATR). v4.1 tolerance=0.60x (tightened from v4.0 1.00x).
DN	0	05:15:01.621	Cazyxio_v4.1 (EURUSD,M15)	2026.03.06 12:15:01 | BAR | GBPJPY | close=210.317 h4ema200=210.353 h4slope=DOWN ema50=210.503 atr=0.159071 atrSma=0.143229 atrRatio=1.111 dir=SHORT spread=36.0 spreadOK=NO atrGate=PASS touch=PASS momCandle=ZERO_RANGE_BAR barRange=0.000000 minBarRange=0.047721 (0.30xATR) momClosePos=0.500(forced) momOk=N ema50Ok=Y barRange=0.000000 zeroRangeBar=YES trigger=NO hasPos=NO portRisk=0.00% openPos=0 | 210.317000
IQ	0	05:15:01.621	Cazyxio_v4.1 (EURUSD,M15)	2026.03.06 12:15:01 | GATE_FAIL | GBPJPY | Spread too wide. Spread=36.0 Max=30 points.
HL	0	05:15:01.872	Cazyxio_v4.1 (EURUSD,M15)	2026.03.06 12:15:01 | BAR | GBPUSD | close=1.33119 h4ema200=1.34963 h4slope=DOWN ema50=1.33461 atr=0.001379 atrSma=0.001122 atrRatio=1.229 dir=SHORT spread=20.0 spreadOK=YES atrGate=PASS touch=FAIL momCandle=ZERO_RANGE_BAR barRange=0.000000 minBarRange=0.000414 (0.30xATR) momClosePos=0.500(forced) momOk=N ema50Ok=Y barRange=0.000000 zeroRangeBar=YES trigger=NO hasPos=NO portRisk=0.00% openPos=0 | 1.331190
LJ	0	05:15:01.872	Cazyxio_v4.1 (EURUSD,M15)	2026.03.06 12:15:01 | GATE_FAIL | GBPUSD | Touch/pullback gate FAIL. Price has not approached EMA50 within last 12 bars (within 0.60 ATR). v4.1 tolerance=0.60x (tightened from v4.0 1.00x).
QN	0	05:15:04.158	Cazyxio_v4.1 (EURUSD,M15)	2026.03.06 12:15:04 | BAR | USDJPY | close=157.988 h4ema200=155.856 h4slope=UP ema50=157.722 atr=0.083214 atrSma=0.106187 atrRatio=0.784 dir=LONG spread=13.0 spreadOK=YES atrGate=FAIL touch=FAIL momCandle=ZERO_RANGE_BAR barRange=0.000000 minBarRange=0.024964 (0.30xATR) momClosePos=0.500(forced) momOk=N ema50Ok=Y barRange=0.000000 zeroRangeBar=YES trigger=NO hasPos=NO portRisk=0.00% openPos=0 | 157.988000
QF	0	05:15:04.158	Cazyxio_v4.1 (EURUSD,M15)	2026.03.06 12:15:04 | GATE_FAIL | USDJPY | ATR gate FAIL. ATR=0.083214 ATR_SMA=0.106187 Ratio=0.784 MinRatio=0.80. Market too quiet.
IQ	0	05:15:05.249	Cazyxio_v4.1 (EURUSD,M15)	2026.03.06 12:15:05 | BAR | USDCAD | close=1.36613 h4ema200=1.36850 h4slope=DOWN ema50=1.36609 atr=0.000766 atrSma=0.000851 atrRatio=0.900 dir=SHORT spread=23.0 spreadOK=YES atrGate=PASS touch=PASS momCandle=ZERO_RANGE_BAR barRange=0.000000 minBarRange=0.000230 (0.30xATR) momClosePos=0.500(forced) momOk=N ema50Ok=Y barRange=0.000000 zeroRangeBar=YES trigger=NO hasPos=NO portRisk=0.00% openPos=0 | 1.366130
HF	0	05:15:05.249	Cazyxio_v4.1 (EURUSD,M15)	2026.03.06 12:15:05 | GATE_FAIL | USDCAD | Zero-range bar FAIL (v4.1 fix). barRange=0.000000 < minBarRange=0.000230 (0.30x ATR). Doji/flat bar excluded from momentum evaluation.
QD	0	05:15:43.670	Cazyxio_v4.1 (EURUSD,M15)	2026.03.06 12:15:43 | HEARTBEAT | SYSTEM | EA alive. Tick=169300 Equity=45490.80 OpenPos=0 UTC=2026.03.06 12:15 DayOfWeek=5 WeekendCloseActive=NO NewTradeBlocked=YES | 169300.000000
FP	0	05:16:54.180	Cazyxio_v4.1 (EURUSD,M15)	2026.03.06 12:16:54 | HEARTBEAT | SYSTEM | EA alive. Tick=169400 Equity=45490.80 OpenPos=0 UTC=2026.03.06 12:16 DayOfWeek=5 WeekendCloseActive=NO NewTradeBlocked=YES | 169400.000000
ML	0	05:17:40.759	Cazyxio_v4.1 (EURUSD,M15)	2026.03.06 12:17:40 | HEARTBEAT | SYSTEM | EA alive. Tick=169500 Equity=45490.80 OpenPos=0 UTC=2026.03.06 12:17 DayOfWeek=5 WeekendCloseActive=NO NewTradeBlocked=YES | 169500.000000
FI	0	05:18:56.443	Cazyxio_v4.1 (EURUSD,M15)	2026.03.06 12:18:56 | HEARTBEAT | SYSTEM | EA alive. Tick=169600 Equity=45490.80 OpenPos=0 UTC=2026.03.06 12:18 DayOfWeek=5 WeekendCloseActive=NO NewTradeBlocked=YES | 169600.000000
HE	0	05:19:56.817	Cazyxio_v4.1 (EURUSD,M15)	2026.03.06 12:19:56 | HEARTBEAT | SYSTEM | EA alive. Tick=169700 Equity=45490.80 OpenPos=0 UTC=2026.03.06 12:19 DayOfWeek=5 WeekendCloseActive=NO NewTradeBlocked=YES | 169700.000000
QQ	0	05:20:39.889	Cazyxio_v4.1 (EURUSD,M15)	2026.03.06 12:20:39 | HEARTBEAT | SYSTEM | EA alive. Tick=169800 Equity=45490.80 OpenPos=0 UTC=2026.03.06 12:20 DayOfWeek=5 WeekendCloseActive=NO NewTradeBlocked=YES | 169800.000000
MR	0	05:21:36.060	Cazyxio_v4.1 (EURUSD,M15)	2026.03.06 12:21:36 | HEARTBEAT | SYSTEM | EA alive. Tick=169900 Equity=45490.80 OpenPos=0 UTC=2026.03.06 12:21 DayOfWeek=5 WeekendCloseActive=NO NewTradeBlocked=YES | 169900.000000
JN	0	05:22:17.655	Cazyxio_v4.1 (EURUSD,M15)	2026.03.06 12:22:17 | HEARTBEAT | SYSTEM | EA alive. Tick=170000 Equity=45490.80 OpenPos=0 UTC=2026.03.06 12:22 DayOfWeek=5 WeekendCloseActive=NO NewTradeBlocked=YES | 170000.000000
JK	0	05:23:19.940	Cazyxio_v4.1 (EURUSD,M15)	2026.03.06 12:23:19 | HEARTBEAT | SYSTEM | EA alive. Tick=170100 Equity=45490.80 OpenPos=0 UTC=2026.03.06 12:23 DayOfWeek=5 WeekendCloseActive=NO NewTradeBlocked=YES | 170100.000000
RG	0	05:24:27.949	Cazyxio_v4.1 (EURUSD,M15)	2026.03.06 12:24:27 | HEARTBEAT | SYSTEM | EA alive. Tick=170200 Equity=45490.80 OpenPos=0 UTC=2026.03.06 12:24 DayOfWeek=5 WeekendCloseActive=NO NewTradeBlocked=YES | 170200.000000
CS	0	05:25:13.770	Cazyxio_v4.1 (EURUSD,M15)	2026.03.06 12:25:13 | HEARTBEAT | SYSTEM | EA alive. Tick=170300 Equity=45490.80 OpenPos=0 UTC=2026.03.06 12:25 DayOfWeek=5 WeekendCloseActive=NO NewTradeBlocked=YES | 170300.000000
NL	0	05:26:44.071	Cazyxio_v4.1 (EURUSD,M15)	2026.03.06 12:26:44 | HEARTBEAT | SYSTEM | EA alive. Tick=170400 Equity=45490.80 OpenPos=0 UTC=2026.03.06 12:26 DayOfWeek=5 WeekendCloseActive=NO NewTradeBlocked=YES | 170400.000000
KH	0	05:28:06.537	Cazyxio_v4.1 (EURUSD,M15)	2026.03.06 12:28:06 | HEARTBEAT | SYSTEM | EA alive. Tick=170500 Equity=45490.80 OpenPos=0 UTC=2026.03.06 12:28 DayOfWeek=5 WeekendCloseActive=NO NewTradeBlocked=YES | 170500.000000
LD	0	05:29:17.700	Cazyxio_v4.1 (EURUSD,M15)	2026.03.06 12:29:17 | HEARTBEAT | SYSTEM | EA alive. Tick=170600 Equity=45490.80 OpenPos=0 UTC=2026.03.06 12:29 DayOfWeek=5 WeekendCloseActive=NO NewTradeBlocked=YES | 170600.000000
DR	0	05:30:01.611	Cazyxio_v4.1 (EURUSD,M15)	2026.03.06 12:30:01 | BAR | EURUSD | close=1.15617 h4ema200=1.17575 h4slope=DOWN ema50=1.15918 atr=0.000925 atrSma=0.000893 atrRatio=1.035 dir=SHORT spread=16.0 spreadOK=YES atrGate=PASS touch=FAIL momCandle=ZERO_RANGE_BAR barRange=0.000000 minBarRange=0.000277 (0.30xATR) momClosePos=0.500(forced) momOk=N ema50Ok=Y barRange=0.000000 zeroRangeBar=YES trigger=NO hasPos=NO portRisk=0.00% openPos=0 | 1.156170
DR	0	05:30:01.611	Cazyxio_v4.1 (EURUSD,M15)	2026.03.06 12:30:01 | GATE_FAIL | EURUSD | Touch/pullback gate FAIL. Price has not approached EMA50 within last 12 bars (within 0.60 ATR). v4.1 tolerance=0.60x (tightened from v4.0 1.00x).
FE	0	05:30:01.611	Cazyxio_v4.1 (EURUSD,M15)	2026.03.06 12:30:01 | BAR | USDJPY | close=157.962 h4ema200=155.856 h4slope=UP ema50=157.730 atr=0.083429 atrSma=0.105884 atrRatio=0.788 dir=LONG spread=17.0 spreadOK=YES atrGate=FAIL touch=FAIL momCandle=ZERO_RANGE_BAR barRange=0.000000 minBarRange=0.025029 (0.30xATR) momClosePos=0.500(forced) momOk=N ema50Ok=Y barRange=0.000000 zeroRangeBar=YES trigger=NO hasPos=NO portRisk=0.00% openPos=0 | 157.962000
HL	0	05:30:01.611	Cazyxio_v4.1 (EURUSD,M15)	2026.03.06 12:30:01 | GATE_FAIL | USDJPY | ATR gate FAIL. ATR=0.083429 ATR_SMA=0.105884 Ratio=0.788 MinRatio=0.80. Market too quiet.
GD	0	05:30:01.611	Cazyxio_v4.1 (EURUSD,M15)	2026.03.06 12:30:01 | BAR | AUDUSD | close=0.70009 h4ema200=0.69921 h4slope=UP ema50=0.70181 atr=0.001007 atrSma=0.000908 atrRatio=1.110 dir=LONG spread=19.0 spreadOK=YES atrGate=PASS touch=FAIL momCandle=ZERO_RANGE_BAR barRange=0.000000 minBarRange=0.000302 (0.30xATR) momClosePos=0.500(forced) momOk=N ema50Ok=Y barRange=0.000000 zeroRangeBar=YES trigger=NO hasPos=NO portRisk=0.00% openPos=0 | 0.700090
NO	0	05:30:01.611	Cazyxio_v4.1 (EURUSD,M15)	2026.03.06 12:30:01 | GATE_FAIL | AUDUSD | Touch/pullback gate FAIL. Price has not approached EMA50 within last 12 bars (within 0.60 ATR). v4.1 tolerance=0.60x (tightened from v4.0 1.00x).
PM	0	05:30:01.864	Cazyxio_v4.1 (EURUSD,M15)	2026.03.06 12:30:01 | BAR | GBPUSD | close=1.33197 h4ema200=1.34964 h4slope=DOWN ema50=1.33454 atr=0.001324 atrSma=0.001119 atrRatio=1.182 dir=SHORT spread=24.0 spreadOK=YES atrGate=PASS touch=FAIL momCandle=ZERO_RANGE_BAR barRange=0.000000 minBarRange=0.000397 (0.30xATR) momClosePos=0.500(forced) momOk=N ema50Ok=Y barRange=0.000000 zeroRangeBar=YES trigger=NO hasPos=NO portRisk=0.00% openPos=0 | 1.331970
EI	0	05:30:01.864	Cazyxio_v4.1 (EURUSD,M15)	2026.03.06 12:30:01 | GATE_FAIL | GBPUSD | Touch/pullback gate FAIL. Price has not approached EMA50 within last 12 bars (within 0.60 ATR). v4.1 tolerance=0.60x (tightened from v4.0 1.00x).
NL	0	05:30:01.864	Cazyxio_v4.1 (EURUSD,M15)	2026.03.06 12:30:01 | BAR | GBPJPY | close=210.409 h4ema200=210.354 h4slope=DOWN ema50=210.503 atr=0.160643 atrSma=0.143138 atrRatio=1.122 dir=NONE spread=46.0 spreadOK=NO atrGate=PASS touch=FAIL momCandle= zeroRangeBar=NO trigger=NO hasPos=NO portRisk=0.00% openPos=0 | 210.409000
GM	0	05:30:01.864	Cazyxio_v4.1 (EURUSD,M15)	2026.03.06 12:30:01 | GATE_FAIL | GBPJPY | No directional bias. h4slope=DOWN closeNow=210.409 h4ema200=210.354. Need H4 slope + price on correct side of H4 EMA200.
MF	0	05:30:06.148	Cazyxio_v4.1 (EURUSD,M15)	2026.03.06 12:30:06 | BAR | USDCAD | close=1.36577 h4ema200=1.36850 h4slope=DOWN ema50=1.36606 atr=0.000741 atrSma=0.000849 atrRatio=0.872 dir=SHORT spread=23.0 spreadOK=YES atrGate=PASS touch=PASS momCandle=ZERO_RANGE_BAR barRange=0.000000 minBarRange=0.000222 (0.30xATR) momClosePos=0.500(forced) momOk=N ema50Ok=Y barRange=0.000000 zeroRangeBar=YES trigger=NO hasPos=NO portRisk=0.00% openPos=0 | 1.365770
QS	0	05:30:06.148	Cazyxio_v4.1 (EURUSD,M15)	2026.03.06 12:30:06 | GATE_FAIL | USDCAD | Zero-range bar FAIL (v4.1 fix). barRange=0.000000 < minBarRange=0.000222 (0.30x ATR). Doji/flat bar excluded from momentum evaluation.
LI	0	05:30:23.016	Cazyxio_v4.1 (EURUSD,M15)	2026.03.06 12:30:23 | HEARTBEAT | SYSTEM | EA alive. Tick=170700 Equity=45490.80 OpenPos=0 UTC=2026.03.06 12:30 DayOfWeek=5 WeekendCloseActive=NO NewTradeBlocked=YES | 170700.000000
HE	0	05:31:15.347	Cazyxio_v4.1 (EURUSD,M15)	2026.03.06 12:31:15 | HEARTBEAT | SYSTEM | EA alive. Tick=170800 Equity=45490.80 OpenPos=0 UTC=2026.03.06 12:31 DayOfWeek=5 WeekendCloseActive=NO NewTradeBlocked=YES | 170800.000000
NF	0	05:32:07.333	Cazyxio_v4.1 (EURUSD,M15)	2026.03.06 12:32:07 | HEARTBEAT | SYSTEM | EA alive. Tick=170900 Equity=45490.80 OpenPos=0 UTC=2026.03.06 12:32 DayOfWeek=5 WeekendCloseActive=NO NewTradeBlocked=YES | 170900.000000
CR	0	05:33:17.355	Cazyxio_v4.1 (EURUSD,M15)	2026.03.06 12:33:17 | HEARTBEAT | SYSTEM | EA alive. Tick=171000 Equity=45490.80 OpenPos=0 UTC=2026.03.06 12:33 DayOfWeek=5 WeekendCloseActive=NO NewTradeBlocked=YES | 171000.000000
QN	0	05:34:31.851	Cazyxio_v4.1 (EURUSD,M15)	2026.03.06 12:34:31 | HEARTBEAT | SYSTEM | EA alive. Tick=171100 Equity=45490.80 OpenPos=0 UTC=2026.03.06 12:34 DayOfWeek=5 WeekendCloseActive=NO NewTradeBlocked=YES | 171100.000000
NK	0	05:35:17.763	Cazyxio_v4.1 (EURUSD,M15)	2026.03.06 12:35:17 | HEARTBEAT | SYSTEM | EA alive. Tick=171200 Equity=45490.80 OpenPos=0 UTC=2026.03.06 12:35 DayOfWeek=5 WeekendCloseActive=NO NewTradeBlocked=YES | 171200.000000
IG	0	05:36:10.507	Cazyxio_v4.1 (EURUSD,M15)	2026.03.06 12:36:10 | HEARTBEAT | SYSTEM | EA alive. Tick=171300 Equity=45490.80 OpenPos=0 UTC=2026.03.06 12:36 DayOfWeek=5 WeekendCloseActive=NO NewTradeBlocked=YES | 171300.000000
QP	0	05:37:13.771	Cazyxio_v4.1 (EURUSD,M15)	2026.03.06 12:37:13 | HEARTBEAT | SYSTEM | EA alive. Tick=171400 Equity=45490.80 OpenPos=0 UTC=2026.03.06 12:37 DayOfWeek=5 WeekendCloseActive=NO NewTradeBlocked=YES | 171400.000000
DL	0	05:38:12.160	Cazyxio_v4.1 (EURUSD,M15)	2026.03.06 12:38:12 | HEARTBEAT | SYSTEM | EA alive. Tick=171500 Equity=45490.80 OpenPos=0 UTC=2026.03.06 12:38 DayOfWeek=5 WeekendCloseActive=NO NewTradeBlocked=YES | 171500.000000
DH	0	05:39:08.738	Cazyxio_v4.1 (EURUSD,M15)	2026.03.06 12:39:08 | HEARTBEAT | SYSTEM | EA alive. Tick=171600 Equity=45490.80 OpenPos=0 UTC=2026.03.06 12:39 DayOfWeek=5 WeekendCloseActive=NO NewTradeBlocked=YES | 171600.000000
ME	0	05:40:02.016	Cazyxio_v4.1 (EURUSD,M15)	2026.03.06 12:40:02 | HEARTBEAT | SYSTEM | EA alive. Tick=171700 Equity=45490.80 OpenPos=0 UTC=2026.03.06 12:40 DayOfWeek=5 WeekendCloseActive=NO NewTradeBlocked=YES | 171700.000000
HQ	0	05:40:50.147	Cazyxio_v4.1 (EURUSD,M15)	2026.03.06 12:40:50 | HEARTBEAT | SYSTEM | EA alive. Tick=171800 Equity=45490.80 OpenPos=0 UTC=2026.03.06 12:40 DayOfWeek=5 WeekendCloseActive=NO NewTradeBlocked=YES | 171800.000000
NM	0	05:41:42.281	Cazyxio_v4.1 (EURUSD,M15)	2026.03.06 12:41:42 | HEARTBEAT | SYSTEM | EA alive. Tick=171900 Equity=45490.80 OpenPos=0 UTC=2026.03.06 12:41 DayOfWeek=5 WeekendCloseActive=NO NewTradeBlocked=YES | 171900.000000
LN	0	05:42:40.617	Cazyxio_v4.1 (EURUSD,M15)	2026.03.06 12:42:40 | HEARTBEAT | SYSTEM | EA alive. Tick=172000 Equity=45490.80 OpenPos=0 UTC=2026.03.06 12:42 DayOfWeek=5 WeekendCloseActive=NO NewTradeBlocked=YES | 172000.000000
CJ	0	05:43:26.978	Cazyxio_v4.1 (EURUSD,M15)	2026.03.06 12:43:26 | HEARTBEAT | SYSTEM | EA alive. Tick=172100 Equity=45490.80 OpenPos=0 UTC=2026.03.06 12:43 DayOfWeek=5 WeekendCloseActive=NO NewTradeBlocked=YES | 172100.000000
JG	0	05:44:17.950	Cazyxio_v4.1 (EURUSD,M15)	2026.03.06 12:44:17 | HEARTBEAT | SYSTEM | EA alive. Tick=172200 Equity=45490.80 OpenPos=0 UTC=2026.03.06 12:44 DayOfWeek=5 WeekendCloseActive=NO NewTradeBlocked=YES | 172200.000000
KQ	0	05:45:01.457	Cazyxio_v4.1 (EURUSD,M15)	2026.03.06 12:45:01 | BAR | GBPUSD | close=1.33347 h4ema200=1.34966 h4slope=DOWN ema50=1.33455 atr=0.001366 atrSma=0.001118 atrRatio=1.222 dir=SHORT spread=22.0 spreadOK=YES atrGate=PASS touch=FAIL momCandle=ZERO_RANGE_BAR barRange=0.000000 minBarRange=0.000410 (0.30xATR) momClosePos=0.500(forced) momOk=N ema50Ok=Y barRange=0.000000 zeroRangeBar=YES trigger=NO hasPos=NO portRisk=0.00% openPos=0 | 1.333470
GE	0	05:45:01.457	Cazyxio_v4.1 (EURUSD,M15)	2026.03.06 12:45:01 | GATE_FAIL | GBPUSD | Touch/pullback gate FAIL. Price has not approached EMA50 within last 12 bars (within 0.60 ATR). v4.1 tolerance=0.60x (tightened from v4.0 1.00x).
KF	0	05:45:01.457	Cazyxio_v4.1 (EURUSD,M15)	2026.03.06 12:45:01 | BAR | EURUSD | close=1.15639 h4ema200=1.17575 h4slope=DOWN ema50=1.15908 atr=0.000913 atrSma=0.000890 atrRatio=1.025 dir=SHORT spread=18.0 spreadOK=YES atrGate=PASS touch=FAIL momCandle=ZERO_RANGE_BAR barRange=0.000000 minBarRange=0.000274 (0.30xATR) momClosePos=0.500(forced) momOk=N ema50Ok=Y barRange=0.000000 zeroRangeBar=YES trigger=NO hasPos=NO portRisk=0.00% openPos=0 | 1.156390
FN	0	05:45:01.457	Cazyxio_v4.1 (EURUSD,M15)	2026.03.06 12:45:01 | GATE_FAIL | EURUSD | Touch/pullback gate FAIL. Price has not approached EMA50 within last 12 bars (within 0.60 ATR). v4.1 tolerance=0.60x (tightened from v4.0 1.00x).
CP	0	05:45:01.457	Cazyxio_v4.1 (EURUSD,M15)	2026.03.06 12:45:01 | BAR | USDJPY | close=157.867 h4ema200=155.855 h4slope=UP ema50=157.732 atr=0.084714 atrSma=0.105596 atrRatio=0.802 dir=LONG spread=17.0 spreadOK=YES atrGate=PASS touch=FAIL momCandle=ZERO_RANGE_BAR barRange=0.000000 minBarRange=0.025414 (0.30xATR) momClosePos=0.500(forced) momOk=N ema50Ok=Y barRange=0.000000 zeroRangeBar=YES trigger=NO hasPos=NO portRisk=0.00% openPos=0 | 157.867000
CH	0	05:45:01.457	Cazyxio_v4.1 (EURUSD,M15)	2026.03.06 12:45:01 | GATE_FAIL | USDJPY | Touch/pullback gate FAIL. Price has not approached EMA50 within last 12 bars (within 0.60 ATR). v4.1 tolerance=0.60x (tightened from v4.0 1.00x).
OO	0	05:45:01.707	Cazyxio_v4.1 (EURUSD,M15)	2026.03.06 12:45:01 | BAR | AUDUSD | close=0.70054 h4ema200=0.69921 h4slope=UP ema50=0.70178 atr=0.001001 atrSma=0.000906 atrRatio=1.105 dir=LONG spread=19.0 spreadOK=YES atrGate=PASS touch=FAIL momCandle=ZERO_RANGE_BAR barRange=0.000000 minBarRange=0.000300 (0.30xATR) momClosePos=0.500(forced) momOk=N ema50Ok=Y barRange=0.000000 zeroRangeBar=YES trigger=NO hasPos=NO portRisk=0.00% openPos=0 | 0.700540
RD	0	05:45:01.707	Cazyxio_v4.1 (EURUSD,M15)	2026.03.06 12:45:01 | GATE_FAIL | AUDUSD | Touch/pullback gate FAIL. Price has not approached EMA50 within last 12 bars (within 0.60 ATR). v4.1 tolerance=0.60x (tightened from v4.0 1.00x).
HG	0	05:45:01.707	Cazyxio_v4.1 (EURUSD,M15)	2026.03.06 12:45:01 | BAR | GBPJPY | close=210.516 h4ema200=210.355 h4slope=DOWN ema50=210.507 atr=0.164714 atrSma=0.143081 atrRatio=1.151 dir=NONE spread=45.0 spreadOK=NO atrGate=PASS touch=FAIL momCandle= zeroRangeBar=NO trigger=NO hasPos=NO portRisk=0.00% openPos=0 | 210.516000
IP	0	05:45:01.707	Cazyxio_v4.1 (EURUSD,M15)	2026.03.06 12:45:01 | GATE_FAIL | GBPJPY | No directional bias. h4slope=DOWN closeNow=210.516 h4ema200=210.355. Need H4 slope + price on correct side of H4 EMA200.
DK	0	05:45:01.707	Cazyxio_v4.1 (EURUSD,M15)	2026.03.06 12:45:01 | BAR | USDCAD | close=1.36539 h4ema200=1.36849 h4slope=DOWN ema50=1.36602 atr=0.000754 atrSma=0.000848 atrRatio=0.890 dir=SHORT spread=26.0 spreadOK=YES atrGate=PASS touch=PASS momCandle=ZERO_RANGE_BAR barRange=0.000000 minBarRange=0.000226 (0.30xATR) momClosePos=0.500(forced) momOk=N ema50Ok=Y barRange=0.000000 zeroRangeBar=YES trigger=NO hasPos=NO portRisk=0.00% openPos=0 | 1.365390
HH	0	05:45:01.707	Cazyxio_v4.1 (EURUSD,M15)	2026.03.06 12:45:01 | GATE_FAIL | USDCAD | Zero-range bar FAIL (v4.1 fix). barRange=0.000000 < minBarRange=0.000226 (0.30x ATR). Doji/flat bar excluded from momentum evaluation.
JR	0	05:45:04.050	Cazyxio_v4.1 (EURUSD,M15)	2026.03.06 12:45:04 | HEARTBEAT | SYSTEM | EA alive. Tick=172300 Equity=45490.80 OpenPos=0 UTC=2026.03.06 12:45 DayOfWeek=5 WeekendCloseActive=NO NewTradeBlocked=YES | 172300.000000
IN	0	05:46:00.405	Cazyxio_v4.1 (EURUSD,M15)	2026.03.06 12:46:00 | HEARTBEAT | SYSTEM | EA alive. Tick=172400 Equity=45490.80 OpenPos=0 UTC=2026.03.06 12:46 DayOfWeek=5 WeekendCloseActive=NO NewTradeBlocked=YES | 172400.000000
MK	0	05:47:04.600	Cazyxio_v4.1 (EURUSD,M15)	2026.03.06 12:47:04 | HEARTBEAT | SYSTEM | EA alive. Tick=172500 Equity=45490.80 OpenPos=0 UTC=2026.03.06 12:47 DayOfWeek=5 WeekendCloseActive=NO NewTradeBlocked=YES | 172500.000000
MG	0	05:48:05.502	Cazyxio_v4.1 (EURUSD,M15)	2026.03.06 12:48:05 | HEARTBEAT | SYSTEM | EA alive. Tick=172600 Equity=45490.80 OpenPos=0 UTC=2026.03.06 12:48 DayOfWeek=5 WeekendCloseActive=NO NewTradeBlocked=YES | 172600.000000
NP	0	05:49:08.926	Cazyxio_v4.1 (EURUSD,M15)	2026.03.06 12:49:08 | HEARTBEAT | SYSTEM | EA alive. Tick=172700 Equity=45490.80 OpenPos=0 UTC=2026.03.06 12:49 DayOfWeek=5 WeekendCloseActive=NO NewTradeBlocked=YES | 172700.000000
EL	0	05:49:51.165	Cazyxio_v4.1 (EURUSD,M15)	2026.03.06 12:49:51 | HEARTBEAT | SYSTEM | EA alive. Tick=172800 Equity=45490.80 OpenPos=0 UTC=2026.03.06 12:49 DayOfWeek=5 WeekendCloseActive=NO NewTradeBlocked=YES | 172800.000000
MH	0	05:50:34.833	Cazyxio_v4.1 (EURUSD,M15)	2026.03.06 12:50:34 | HEARTBEAT | SYSTEM | EA alive. Tick=172900 Equity=45490.80 OpenPos=0 UTC=2026.03.06 12:50 DayOfWeek=5 WeekendCloseActive=NO NewTradeBlocked=YES | 172900.000000
QE	0	05:51:18.939	Cazyxio_v4.1 (EURUSD,M15)	2026.03.06 12:51:18 | HEARTBEAT | SYSTEM | EA alive. Tick=173000 Equity=45490.80 OpenPos=0 UTC=2026.03.06 12:51 DayOfWeek=5 WeekendCloseActive=NO NewTradeBlocked=YES | 173000.000000
NQ	0	05:52:16.816	Cazyxio_v4.1 (EURUSD,M15)	2026.03.06 12:52:16 | HEARTBEAT | SYSTEM | EA alive. Tick=173100 Equity=45490.80 OpenPos=0 UTC=2026.03.06 12:52 DayOfWeek=5 WeekendCloseActive=NO NewTradeBlocked=YES | 173100.000000
JM	0	05:53:22.985	Cazyxio_v4.1 (EURUSD,M15)	2026.03.06 12:53:22 | HEARTBEAT | SYSTEM | EA alive. Tick=173200 Equity=45490.80 OpenPos=0 UTC=2026.03.06 12:53 DayOfWeek=5 WeekendCloseActive=NO NewTradeBlocked=YES | 173200.000000
LN	0	05:54:07.520	Cazyxio_v4.1 (EURUSD,M15)	2026.03.06 12:54:07 | HEARTBEAT | SYSTEM | EA alive. Tick=173300 Equity=45490.80 OpenPos=0 UTC=2026.03.06 12:54 DayOfWeek=5 WeekendCloseActive=NO NewTradeBlocked=YES | 173300.000000
CJ	0	05:54:55.132	Cazyxio_v4.1 (EURUSD,M15)	2026.03.06 12:54:55 | HEARTBEAT | SYSTEM | EA alive. Tick=173400 Equity=45490.80 OpenPos=0 UTC=2026.03.06 12:54 DayOfWeek=5 WeekendCloseActive=NO NewTradeBlocked=YES | 173400.000000
PG	0	05:55:44.262	Cazyxio_v4.1 (EURUSD,M15)	2026.03.06 12:55:44 | HEARTBEAT | SYSTEM | EA alive. Tick=173500 Equity=45490.80 OpenPos=0 UTC=2026.03.06 12:55 DayOfWeek=5 WeekendCloseActive=NO NewTradeBlocked=YES | 173500.000000
FS	0	05:56:44.827	Cazyxio_v4.1 (EURUSD,M15)	2026.03.06 12:56:44 | HEARTBEAT | SYSTEM | EA alive. Tick=173600 Equity=45490.80 OpenPos=0 UTC=2026.03.06 12:56 DayOfWeek=5 WeekendCloseActive=NO NewTradeBlocked=YES | 173600.000000
NO	0	05:57:31.583	Cazyxio_v4.1 (EURUSD,M15)	2026.03.06 12:57:31 | HEARTBEAT | SYSTEM | EA alive. Tick=173700 Equity=45490.80 OpenPos=0 UTC=2026.03.06 12:57 DayOfWeek=5 WeekendCloseActive=NO NewTradeBlocked=YES | 173700.000000
JH	0	05:58:13.223	Cazyxio_v4.1 (EURUSD,M15)	2026.03.06 12:58:13 | HEARTBEAT | SYSTEM | EA alive. Tick=173800 Equity=45490.80 OpenPos=0 UTC=2026.03.06 12:58 DayOfWeek=5 WeekendCloseActive=NO NewTradeBlocked=YES | 173800.000000
PD	0	05:58:51.726	Cazyxio_v4.1 (EURUSD,M15)	2026.03.06 12:58:51 | HEARTBEAT | SYSTEM | EA alive. Tick=173900 Equity=45490.80 OpenPos=0 UTC=2026.03.06 12:58 DayOfWeek=5 WeekendCloseActive=NO NewTradeBlocked=YES | 173900.000000
NP	0	05:59:51.174	Cazyxio_v4.1 (EURUSD,M15)	2026.03.06 12:59:51 | HEARTBEAT | SYSTEM | EA alive. Tick=174000 Equity=45490.80 OpenPos=0 UTC=2026.03.06 12:59 DayOfWeek=5 WeekendCloseActive=NO NewTradeBlocked=YES | 174000.000000
EN	0	06:00:01.539	Cazyxio_v4.1 (EURUSD,M15)	2026.03.06 13:00:01 | BAR | EURUSD | close=1.15538 h4ema200=1.17574 h4slope=DOWN ema50=1.15890 atr=0.000939 atrSma=0.000888 atrRatio=1.057 dir=SHORT spread=17.0 spreadOK=YES atrGate=PASS touch=FAIL momCandle=ZERO_RANGE_BAR barRange=0.000000 minBarRange=0.000282 (0.30xATR) momClosePos=0.500(forced) momOk=N ema50Ok=Y barRange=0.000000 zeroRangeBar=YES trigger=NO hasPos=NO portRisk=0.00% openPos=0 | 1.155380
MF	0	06:00:01.539	Cazyxio_v4.1 (EURUSD,M15)	2026.03.06 13:00:01 | GATE_FAIL | EURUSD | Touch/pullback gate FAIL. Price has not approached EMA50 within last 12 bars (within 0.60 ATR). v4.1 tolerance=0.60x (tightened from v4.0 1.00x).
FI	0	06:00:01.539	Cazyxio_v4.1 (EURUSD,M15)	2026.03.06 13:00:01 | BAR | AUDUSD | close=0.69997 h4ema200=0.69920 h4slope=UP ema50=0.70168 atr=0.000994 atrSma=0.000905 atrRatio=1.099 dir=LONG spread=18.0 spreadOK=YES atrGate=PASS touch=FAIL momCandle=ZERO_RANGE_BAR barRange=0.000000 minBarRange=0.000298 (0.30xATR) momClosePos=0.500(forced) momOk=N ema50Ok=Y barRange=0.000000 zeroRangeBar=YES trigger=NO hasPos=NO portRisk=0.00% openPos=0 | 0.699970
ER	0	06:00:01.539	Cazyxio_v4.1 (EURUSD,M15)	2026.03.06 13:00:01 | GATE_FAIL | AUDUSD | Touch/pullback gate FAIL. Price has not approached EMA50 within last 12 bars (within 0.60 ATR). v4.1 tolerance=0.60x (tightened from v4.0 1.00x).
RJ	0	06:00:01.539	Cazyxio_v4.1 (EURUSD,M15)	2026.03.06 13:00:01 | BAR | USDCAD | close=1.36572 h4ema200=1.36850 h4slope=DOWN ema50=1.36602 atr=0.000751 atrSma=0.000847 atrRatio=0.887 dir=SHORT spread=22.0 spreadOK=YES atrGate=PASS touch=PASS momCandle=ZERO_RANGE_BAR barRange=0.000000 minBarRange=0.000225 (0.30xATR) momClosePos=0.500(forced) momOk=N ema50Ok=Y barRange=0.000000 zeroRangeBar=YES trigger=NO hasPos=NO portRisk=0.00% openPos=0 | 1.365720
NO	0	06:00:01.539	Cazyxio_v4.1 (EURUSD,M15)	2026.03.06 13:00:01 | GATE_FAIL | USDCAD | Zero-range bar FAIL (v4.1 fix). barRange=0.000000 < minBarRange=0.000225 (0.30x ATR). Doji/flat bar excluded from momentum evaluation.
IO	0	06:00:02.040	Cazyxio_v4.1 (EURUSD,M15)	2026.03.06 13:00:02 | BAR | GBPUSD | close=1.33249 h4ema200=1.34965 h4slope=DOWN ema50=1.33444 atr=0.001371 atrSma=0.001116 atrRatio=1.229 dir=SHORT spread=23.0 spreadOK=YES atrGate=PASS touch=FAIL momCandle=ZERO_RANGE_BAR barRange=0.000050 minBarRange=0.000411 (0.30xATR) momClosePos=0.500(forced) momOk=N ema50Ok=Y barRange=0.000050 zeroRangeBar=YES trigger=NO hasPos=NO portRisk=0.00% openPos=0 | 1.332490
EG	0	06:00:02.040	Cazyxio_v4.1 (EURUSD,M15)	2026.03.06 13:00:02 | GATE_FAIL | GBPUSD | Touch/pullback gate FAIL. Price has not approached EMA50 within last 12 bars (within 0.60 ATR). v4.1 tolerance=0.60x (tightened from v4.0 1.00x).
DH	0	06:00:02.040	Cazyxio_v4.1 (EURUSD,M15)	2026.03.06 13:00:02 | BAR | USDJPY | close=157.996 h4ema200=155.856 h4slope=UP ema50=157.747 atr=0.091357 atrSma=0.105451 atrRatio=0.866 dir=LONG spread=16.0 spreadOK=YES atrGate=PASS touch=FAIL momCandle=ZERO_RANGE_BAR barRange=0.001000 minBarRange=0.027407 (0.30xATR) momClosePos=0.500(forced) momOk=N ema50Ok=Y barRange=0.001000 zeroRangeBar=YES trigger=NO hasPos=NO portRisk=0.00% openPos=0 | 157.996000
EP	0	06:00:02.040	Cazyxio_v4.1 (EURUSD,M15)	2026.03.06 13:00:02 | GATE_FAIL | USDJPY | Touch/pullback gate FAIL. Price has not approached EMA50 within last 12 bars (within 0.60 ATR). v4.1 tolerance=0.60x (tightened from v4.0 1.00x).
HD	0	06:00:02.040	Cazyxio_v4.1 (EURUSD,M15)	2026.03.06 13:00:02 | BAR | GBPJPY | close=210.539 h4ema200=210.355 h4slope=DOWN ema50=210.509 atr=0.161357 atrSma=0.143041 atrRatio=1.128 dir=NONE spread=41.0 spreadOK=NO atrGate=PASS touch=FAIL momCandle= zeroRangeBar=NO trigger=NO hasPos=NO portRisk=0.00% openPos=0 | 210.539000
HE	0	06:00:02.040	Cazyxio_v4.1 (EURUSD,M15)	2026.03.06 13:00:02 | GATE_FAIL | GBPJPY | No directional bias. h4slope=DOWN closeNow=210.539 h4ema200=210.355. Need H4 slope + price on correct side of H4 EMA200.
OL	0	06:00:26.750	Cazyxio_v4.1 (EURUSD,M15)	2026.03.06 13:00:26 | HEARTBEAT | SYSTEM | EA alive. Tick=174100 Equity=45490.80 OpenPos=0 UTC=2026.03.06 13:00 DayOfWeek=5 WeekendCloseActive=NO NewTradeBlocked=YES | 174100.000000
OH	0	06:01:09.768	Cazyxio_v4.1 (EURUSD,M15)	2026.03.06 13:01:09 | HEARTBEAT | SYSTEM | EA alive. Tick=174200 Equity=45490.80 OpenPos=0 UTC=2026.03.06 13:01 DayOfWeek=5 WeekendCloseActive=NO NewTradeBlocked=YES | 174200.000000
NE	0	06:01:48.246	Cazyxio_v4.1 (EURUSD,M15)	2026.03.06 13:01:48 | HEARTBEAT | SYSTEM | EA alive. Tick=174300 Equity=45490.80 OpenPos=0 UTC=2026.03.06 13:01 DayOfWeek=5 WeekendCloseActive=NO NewTradeBlocked=YES | 174300.000000
DQ	0	06:02:34.627	Cazyxio_v4.1 (EURUSD,M15)	2026.03.06 13:02:34 | HEARTBEAT | SYSTEM | EA alive. Tick=174400 Equity=45490.80 OpenPos=0 UTC=2026.03.06 13:02 DayOfWeek=5 WeekendCloseActive=NO NewTradeBlocked=YES | 174400.000000
DM	0	06:03:13.598	Cazyxio_v4.1 (EURUSD,M15)	2026.03.06 13:03:13 | HEARTBEAT | SYSTEM | EA alive. Tick=174500 Equity=45490.80 OpenPos=0 UTC=2026.03.06 13:03 DayOfWeek=5 WeekendCloseActive=NO NewTradeBlocked=YES | 174500.000000
MN	0	06:03:59.764	Cazyxio_v4.1 (EURUSD,M15)	2026.03.06 13:03:59 | HEARTBEAT | SYSTEM | EA alive. Tick=174600 Equity=45490.80 OpenPos=0 UTC=2026.03.06 13:03 DayOfWeek=5 WeekendCloseActive=NO NewTradeBlocked=YES | 174600.000000
DJ	0	06:04:48.564	Cazyxio_v4.1 (EURUSD,M15)	2026.03.06 13:04:48 | HEARTBEAT | SYSTEM | EA alive. Tick=174700 Equity=45490.80 OpenPos=0 UTC=2026.03.06 13:04 DayOfWeek=5 WeekendCloseActive=NO NewTradeBlocked=YES | 174700.000000
QG	0	06:05:31.627	Cazyxio_v4.1 (EURUSD,M15)	2026.03.06 13:05:31 | HEARTBEAT | SYSTEM | EA alive. Tick=174800 Equity=45490.80 OpenPos=0 UTC=2026.03.06 13:05 DayOfWeek=5 WeekendCloseActive=NO NewTradeBlocked=YES | 174800.000000
HS	0	06:06:19.058	Cazyxio_v4.1 (EURUSD,M15)	2026.03.06 13:06:19 | HEARTBEAT | SYSTEM | EA alive. Tick=174900 Equity=45490.80 OpenPos=0 UTC=2026.03.06 13:06 DayOfWeek=5 WeekendCloseActive=NO NewTradeBlocked=YES | 174900.000000
IO	0	06:07:02.306	Cazyxio_v4.1 (EURUSD,M15)	2026.03.06 13:07:02 | HEARTBEAT | SYSTEM | EA alive. Tick=175000 Equity=45490.80 OpenPos=0 UTC=2026.03.06 13:07 DayOfWeek=5 WeekendCloseActive=NO NewTradeBlocked=YES | 175000.000000
EH	0	06:07:57.924	Cazyxio_v4.1 (EURUSD,M15)	2026.03.06 13:07:57 | HEARTBEAT | SYSTEM | EA alive. Tick=175100 Equity=45490.80 OpenPos=0 UTC=2026.03.06 13:07 DayOfWeek=5 WeekendCloseActive=NO NewTradeBlocked=YES | 175100.000000
OD	0	06:08:42.488	Cazyxio_v4.1 (EURUSD,M15)	2026.03.06 13:08:42 | HEARTBEAT | SYSTEM | EA alive. Tick=175200 Equity=45490.80 OpenPos=0 UTC=2026.03.06 13:08 DayOfWeek=5 WeekendCloseActive=NO NewTradeBlocked=YES | 175200.000000
MP	0	06:09:24.665	Cazyxio_v4.1 (EURUSD,M15)	2026.03.06 13:09:24 | HEARTBEAT | SYSTEM | EA alive. Tick=175300 Equity=45490.80 OpenPos=0 UTC=2026.03.06 13:09 DayOfWeek=5 WeekendCloseActive=NO NewTradeBlocked=YES | 175300.000000
RM	0	06:10:11.637	Cazyxio_v4.1 (EURUSD,M15)	2026.03.06 13:10:11 | HEARTBEAT | SYSTEM | EA alive. Tick=175400 Equity=45490.80 OpenPos=0 UTC=2026.03.06 13:10 DayOfWeek=5 WeekendCloseActive=NO NewTradeBlocked=YES | 175400.000000
OI	0	06:10:52.186	Cazyxio_v4.1 (EURUSD,M15)	2026.03.06 13:10:52 | HEARTBEAT | SYSTEM | EA alive. Tick=175500 Equity=45490.80 OpenPos=0 UTC=2026.03.06 13:10 DayOfWeek=5 WeekendCloseActive=NO NewTradeBlocked=YES | 175500.000000
HJ	0	06:11:39.296	Cazyxio_v4.1 (EURUSD,M15)	2026.03.06 13:11:39 | HEARTBEAT | SYSTEM | EA alive. Tick=175600 Equity=45490.80 OpenPos=0 UTC=2026.03.06 13:11 DayOfWeek=5 WeekendCloseActive=NO NewTradeBlocked=YES | 175600.000000
PF	0	06:12:25.819	Cazyxio_v4.1 (EURUSD,M15)	2026.03.06 13:12:25 | HEARTBEAT | SYSTEM | EA alive. Tick=175700 Equity=45490.80 OpenPos=0 UTC=2026.03.06 13:12 DayOfWeek=5 WeekendCloseActive=NO NewTradeBlocked=YES | 175700.000000
CR	0	06:13:12.701	Cazyxio_v4.1 (EURUSD,M15)	2026.03.06 13:13:12 | HEARTBEAT | SYSTEM | EA alive. Tick=175800 Equity=45490.80 OpenPos=0 UTC=2026.03.06 13:13 DayOfWeek=5 WeekendCloseActive=NO NewTradeBlocked=YES | 175800.000000
KO	0	06:13:58.734	Cazyxio_v4.1 (EURUSD,M15)	2026.03.06 13:13:58 | HEARTBEAT | SYSTEM | EA alive. Tick=175900 Equity=45490.80 OpenPos=0 UTC=2026.03.06 13:13 DayOfWeek=5 WeekendCloseActive=NO NewTradeBlocked=YES | 175900.000000
EK	0	06:14:48.632	Cazyxio_v4.1 (EURUSD,M15)	2026.03.06 13:14:48 | HEARTBEAT | SYSTEM | EA alive. Tick=176000 Equity=45490.80 OpenPos=0 UTC=2026.03.06 13:14 DayOfWeek=5 WeekendCloseActive=NO NewTradeBlocked=YES | 176000.000000
FD	0	06:15:01.507	Cazyxio_v4.1 (EURUSD,M15)	2026.03.06 13:15:01 | BAR | EURUSD | close=1.15636 h4ema200=1.17575 h4slope=DOWN ema50=1.15883 atr=0.000956 atrSma=0.000885 atrRatio=1.080 dir=SHORT spread=19.0 spreadOK=YES atrGate=PASS touch=FAIL momCandle=ZERO_RANGE_BAR barRange=0.000000 minBarRange=0.000287 (0.30xATR) momClosePos=0.500(forced) momOk=N ema50Ok=Y barRange=0.000000 zeroRangeBar=YES trigger=NO hasPos=NO portRisk=0.00% openPos=0 | 1.156360
PP	0	06:15:01.507	Cazyxio_v4.1 (EURUSD,M15)	2026.03.06 13:15:01 | GATE_FAIL | EURUSD | Touch/pullback gate FAIL. Price has not approached EMA50 within last 12 bars (within 0.60 ATR). v4.1 tolerance=0.60x (tightened from v4.0 1.00x).
PJ	0	06:15:01.752	Cazyxio_v4.1 (EURUSD,M15)	2026.03.06 13:15:01 | BAR | GBPUSD | close=1.33435 h4ema200=1.34966 h4slope=DOWN ema50=1.33450 atr=0.001411 atrSma=0.001114 atrRatio=1.266 dir=SHORT spread=26.0 spreadOK=YES atrGate=PASS touch=PASS momCandle=ZERO_RANGE_BAR barRange=0.000000 minBarRange=0.000423 (0.30xATR) momClosePos=0.500(forced) momOk=N ema50Ok=Y barRange=0.000000 zeroRangeBar=YES trigger=NO hasPos=NO portRisk=0.00% openPos=0 | 1.334350
JI	0	06:15:01.752	Cazyxio_v4.1 (EURUSD,M15)	2026.03.06 13:15:01 | GATE_FAIL | GBPUSD | Zero-range bar FAIL (v4.1 fix). barRange=0.000000 < minBarRange=0.000423 (0.30x ATR). Doji/flat bar excluded from momentum evaluation.
NM	0	06:15:01.752	Cazyxio_v4.1 (EURUSD,M15)	2026.03.06 13:15:01 | BAR | USDJPY | close=157.890 h4ema200=155.855 h4slope=UP ema50=157.749 atr=0.094714 atrSma=0.105327 atrRatio=0.899 dir=LONG spread=18.0 spreadOK=YES atrGate=PASS touch=FAIL momCandle=ZERO_RANGE_BAR barRange=0.000000 minBarRange=0.028414 (0.30xATR) momClosePos=0.500(forced) momOk=N ema50Ok=Y barRange=0.000000 zeroRangeBar=YES trigger=NO hasPos=NO portRisk=0.00% openPos=0 | 157.890000
IG	0	06:15:01.752	Cazyxio_v4.1 (EURUSD,M15)	2026.03.06 13:15:01 | GATE_FAIL | USDJPY | Touch/pullback gate FAIL. Price has not approached EMA50 within last 12 bars (within 0.60 ATR). v4.1 tolerance=0.60x (tightened from v4.0 1.00x).
MJ	0	06:15:01.752	Cazyxio_v4.1 (EURUSD,M15)	2026.03.06 13:15:01 | BAR | AUDUSD | close=0.70066 h4ema200=0.69921 h4slope=UP ema50=0.70167 atr=0.000966 atrSma=0.000904 atrRatio=1.069 dir=LONG spread=19.0 spreadOK=YES atrGate=PASS touch=FAIL momCandle=ZERO_RANGE_BAR barRange=0.000000 minBarRange=0.000290 (0.30xATR) momClosePos=0.500(forced) momOk=N ema50Ok=Y barRange=0.000000 zeroRangeBar=YES trigger=NO hasPos=NO portRisk=0.00% openPos=0 | 0.700660
NQ	0	06:15:01.752	Cazyxio_v4.1 (EURUSD,M15)	2026.03.06 13:15:01 | GATE_FAIL | AUDUSD | Touch/pullback gate FAIL. Price has not approached EMA50 within last 12 bars (within 0.60 ATR). v4.1 tolerance=0.60x (tightened from v4.0 1.00x).
LS	0	06:15:01.752	Cazyxio_v4.1 (EURUSD,M15)	2026.03.06 13:15:01 | BAR | GBPJPY | close=210.685 h4ema200=210.357 h4slope=DOWN ema50=210.522 atr=0.165714 atrSma=0.143090 atrRatio=1.158 dir=NONE spread=48.0 spreadOK=NO atrGate=PASS touch=FAIL momCandle= zeroRangeBar=NO trigger=NO hasPos=NO portRisk=0.00% openPos=0 | 210.685000
PE	0	06:15:01.752	Cazyxio_v4.1 (EURUSD,M15)	2026.03.06 13:15:01 | GATE_FAIL | GBPJPY | No directional bias. h4slope=DOWN closeNow=210.685 h4ema200=210.357. Need H4 slope + price on correct side of H4 EMA200.
KO	0	06:15:02.619	Cazyxio_v4.1 (EURUSD,M15)	2026.03.06 13:15:02 | BAR | USDCAD | close=1.36506 h4ema200=1.36849 h4slope=DOWN ema50=1.36596 atr=0.000768 atrSma=0.000846 atrRatio=0.908 dir=SHORT spread=25.0 spreadOK=YES atrGate=PASS touch=PASS momCandle=ZERO_RANGE_BAR barRange=0.000000 minBarRange=0.000230 (0.30xATR) momClosePos=0.500(forced) momOk=N ema50Ok=Y barRange=0.000000 zeroRangeBar=YES trigger=NO hasPos=NO portRisk=0.00% openPos=0 | 1.365060
KK	0	06:15:02.619	Cazyxio_v4.1 (EURUSD,M15)	2026.03.06 13:15:02 | GATE_FAIL | USDCAD | Zero-range bar FAIL (v4.1 fix). barRange=0.000000 < minBarRange=0.000230 (0.30x ATR). Doji/flat bar excluded from momentum evaluation.
CQ	0	06:15:31.547	Cazyxio_v4.1 (EURUSD,M15)	2026.03.06 13:15:31 | HEARTBEAT | SYSTEM | EA alive. Tick=176100 Equity=45490.80 OpenPos=0 UTC=2026.03.06 13:15 DayOfWeek=5 WeekendCloseActive=NO NewTradeBlocked=YES | 176100.000000
PR	0	06:16:31.828	Cazyxio_v4.1 (EURUSD,M15)	2026.03.06 13:16:31 | HEARTBEAT | SYSTEM | EA alive. Tick=176200 Equity=45490.80 OpenPos=0 UTC=2026.03.06 13:16 DayOfWeek=5 WeekendCloseActive=NO NewTradeBlocked=YES | 176200.000000
NN	0	06:17:27.102	Cazyxio_v4.1 (EURUSD,M15)	2026.03.06 13:17:27 | HEARTBEAT | SYSTEM | EA alive. Tick=176300 Equity=45490.80 OpenPos=0 UTC=2026.03.06 13:17 DayOfWeek=5 WeekendCloseActive=NO NewTradeBlocked=YES | 176300.000000
QJ	0	06:18:11.605	Cazyxio_v4.1 (EURUSD,M15)	2026.03.06 13:18:11 | HEARTBEAT | SYSTEM | EA alive. Tick=176400 Equity=45490.80 OpenPos=0 UTC=2026.03.06 13:18 DayOfWeek=5 WeekendCloseActive=NO NewTradeBlocked=YES | 176400.000000
JG	0	06:18:59.260	Cazyxio_v4.1 (EURUSD,M15)	2026.03.06 13:18:59 | HEARTBEAT | SYSTEM | EA alive. Tick=176500 Equity=45490.80 OpenPos=0 UTC=2026.03.06 13:18 DayOfWeek=5 WeekendCloseActive=NO NewTradeBlocked=YES | 176500.000000
MS	0	06:19:57.002	Cazyxio_v4.1 (EURUSD,M15)	2026.03.06 13:19:57 | HEARTBEAT | SYSTEM | EA alive. Tick=176600 Equity=45490.80 OpenPos=0 UTC=2026.03.06 13:19 DayOfWeek=5 WeekendCloseActive=NO NewTradeBlocked=YES | 176600.000000
MO	0	06:20:32.394	Cazyxio_v4.1 (EURUSD,M15)	2026.03.06 13:20:32 | HEARTBEAT | SYSTEM | EA alive. Tick=176700 Equity=45490.80 OpenPos=0 UTC=2026.03.06 13:20 DayOfWeek=5 WeekendCloseActive=NO NewTradeBlocked=YES | 176700.000000
RH	0	06:21:24.473	Cazyxio_v4.1 (EURUSD,M15)	2026.03.06 13:21:24 | HEARTBEAT | SYSTEM | EA alive. Tick=176800 Equity=45490.80 OpenPos=0 UTC=2026.03.06 13:21 DayOfWeek=5 WeekendCloseActive=NO NewTradeBlocked=YES | 176800.000000
MD	0	06:22:17.923	Cazyxio_v4.1 (EURUSD,M15)	2026.03.06 13:22:17 | HEARTBEAT | SYSTEM | EA alive. Tick=176900 Equity=45490.80 OpenPos=0 UTC=2026.03.06 13:22 DayOfWeek=5 WeekendCloseActive=NO NewTradeBlocked=YES | 176900.000000
DQ	0	06:23:23.080	Cazyxio_v4.1 (EURUSD,M15)	2026.03.06 13:23:23 | HEARTBEAT | SYSTEM | EA alive. Tick=177000 Equity=45490.80 OpenPos=0 UTC=2026.03.06 13:23 DayOfWeek=5 WeekendCloseActive=NO NewTradeBlocked=YES | 177000.000000
QM	0	06:24:27.556	Cazyxio_v4.1 (EURUSD,M15)	2026.03.06 13:24:27 | HEARTBEAT | SYSTEM | EA alive. Tick=177100 Equity=45490.80 OpenPos=0 UTC=2026.03.06 13:24 DayOfWeek=5 WeekendCloseActive=NO NewTradeBlocked=YES | 177100.000000
JI	0	06:25:36.730	Cazyxio_v4.1 (EURUSD,M15)	2026.03.06 13:25:36 | HEARTBEAT | SYSTEM | EA alive. Tick=177200 Equity=45490.80 OpenPos=0 UTC=2026.03.06 13:25 DayOfWeek=5 WeekendCloseActive=NO NewTradeBlocked=YES | 177200.000000
DJ	0	06:26:54.069	Cazyxio_v4.1 (EURUSD,M15)	2026.03.06 13:26:54 | HEARTBEAT | SYSTEM | EA alive. Tick=177300 Equity=45490.80 OpenPos=0 UTC=2026.03.06 13:26 DayOfWeek=5 WeekendCloseActive=NO NewTradeBlocked=YES | 177300.000000
DF	0	06:28:06.579	Cazyxio_v4.1 (EURUSD,M15)	2026.03.06 13:28:06 | HEARTBEAT | SYSTEM | EA alive. Tick=177400 Equity=45490.80 OpenPos=0 UTC=2026.03.06 13:28 DayOfWeek=5 WeekendCloseActive=NO NewTradeBlocked=YES | 177400.000000
OR	0	06:29:05.100	Cazyxio_v4.1 (EURUSD,M15)	2026.03.06 13:29:05 | HEARTBEAT | SYSTEM | EA alive. Tick=177500 Equity=45490.80 OpenPos=0 UTC=2026.03.06 13:29 DayOfWeek=5 WeekendCloseActive=NO NewTradeBlocked=YES | 177500.000000
EO	0	06:29:49.757	Cazyxio_v4.1 (EURUSD,M15)	2026.03.06 13:29:49 | HEARTBEAT | SYSTEM | EA alive. Tick=177600 Equity=45490.80 OpenPos=0 UTC=2026.03.06 13:29 DayOfWeek=5 WeekendCloseActive=NO NewTradeBlocked=YES | 177600.000000
DD	0	06:30:01.568	Cazyxio_v4.1 (EURUSD,M15)	2026.03.06 13:30:01 | BAR | GBPUSD | close=1.33499 h4ema200=1.34967 h4slope=DOWN ema50=1.33456 atr=0.001411 atrSma=0.001115 atrRatio=1.265 dir=SHORT spread=84.0 spreadOK=NO atrGate=PASS touch=PASS momCandle=ZERO_RANGE_BAR barRange=0.000000 minBarRange=0.000423 (0.30xATR) momClosePos=0.500(forced) momOk=N ema50Ok=Y barRange=0.000000 zeroRangeBar=YES trigger=NO hasPos=NO portRisk=0.00% openPos=0 | 1.334990
IO	0	06:30:01.568	Cazyxio_v4.1 (EURUSD,M15)	2026.03.06 13:30:01 | GATE_FAIL | GBPUSD | Spread too wide. Spread=84.0 Max=30 points.
OO	0	06:30:01.568	Cazyxio_v4.1 (EURUSD,M15)	2026.03.06 13:30:01 | BAR | EURUSD | close=1.15624 h4ema200=1.17575 h4slope=DOWN ema50=1.15873 atr=0.000931 atrSma=0.000885 atrRatio=1.052 dir=SHORT spread=31.0 spreadOK=NO atrGate=PASS touch=FAIL momCandle=ZERO_RANGE_BAR barRange=0.000000 minBarRange=0.000279 (0.30xATR) momClosePos=0.500(forced) momOk=N ema50Ok=Y barRange=0.000000 zeroRangeBar=YES trigger=NO hasPos=NO portRisk=0.00% openPos=0 | 1.156240
PG	0	06:30:01.568	Cazyxio_v4.1 (EURUSD,M15)	2026.03.06 13:30:01 | GATE_FAIL | EURUSD | Spread too wide. Spread=31.0 Max=30 points.
NJ	0	06:30:01.568	Cazyxio_v4.1 (EURUSD,M15)	2026.03.06 13:30:01 | BAR | USDJPY | close=157.828 h4ema200=155.854 h4slope=UP ema50=157.750 atr=0.093857 atrSma=0.105403 atrRatio=0.890 dir=LONG spread=71.0 spreadOK=NO atrGate=PASS touch=FAIL momCandle=ZERO_RANGE_BAR barRange=0.000000 minBarRange=0.028157 (0.30xATR) momClosePos=0.500(forced) momOk=N ema50Ok=Y barRange=0.000000 zeroRangeBar=YES trigger=NO hasPos=NO portRisk=0.00% openPos=0 | 157.828000
KH	0	06:30:01.568	Cazyxio_v4.1 (EURUSD,M15)	2026.03.06 13:30:01 | GATE_FAIL | USDJPY | Spread too wide. Spread=71.0 Max=30 points.
OH	0	06:30:01.568	Cazyxio_v4.1 (EURUSD,M15)	2026.03.06 13:30:01 | BAR | USDCAD | close=1.36517 h4ema200=1.36849 h4slope=DOWN ema50=1.36593 atr=0.000782 atrSma=0.000847 atrRatio=0.924 dir=SHORT spread=49.0 spreadOK=NO atrGate=PASS touch=PASS momCandle=ZERO_RANGE_BAR barRange=0.000000 minBarRange=0.000235 (0.30xATR) momClosePos=0.500(forced) momOk=N ema50Ok=Y barRange=0.000000 zeroRangeBar=YES trigger=NO hasPos=NO portRisk=0.00% openPos=0 | 1.365170
KQ	0	06:30:01.568	Cazyxio_v4.1 (EURUSD,M15)	2026.03.06 13:30:01 | GATE_FAIL | USDCAD | Spread too wide. Spread=49.0 Max=30 points.
MN	0	06:30:01.821	Cazyxio_v4.1 (EURUSD,M15)	2026.03.06 13:30:01 | BAR | AUDUSD | close=0.70042 h4ema200=0.69921 h4slope=UP ema50=0.70162 atr=0.000954 atrSma=0.000904 atrRatio=1.055 dir=LONG spread=52.0 spreadOK=NO atrGate=PASS touch=FAIL momCandle=ZERO_RANGE_BAR barRange=0.000000 minBarRange=0.000286 (0.30xATR) momClosePos=0.500(forced) momOk=N ema50Ok=Y barRange=0.000000 zeroRangeBar=YES trigger=NO hasPos=NO portRisk=0.00% openPos=0 | 0.700420
KK	0	06:30:01.821	Cazyxio_v4.1 (EURUSD,M15)	2026.03.06 13:30:01 | GATE_FAIL | AUDUSD | Spread too wide. Spread=52.0 Max=30 points.
EJ	0	06:30:01.821	Cazyxio_v4.1 (EURUSD,M15)	2026.03.06 13:30:01 | BAR | GBPJPY | close=210.695 h4ema200=210.357 h4slope=DOWN ema50=210.532 atr=0.175143 atrSma=0.143369 atrRatio=1.222 dir=NONE spread=249.0 spreadOK=NO atrGate=PASS touch=FAIL momCandle= zeroRangeBar=NO trigger=NO hasPos=NO portRisk=0.00% openPos=0 | 210.695000
HN	0	06:30:01.821	Cazyxio_v4.1 (EURUSD,M15)	2026.03.06 13:30:01 | GATE_FAIL | GBPJPY | No directional bias. h4slope=DOWN closeNow=210.695 h4ema200=210.357. Need H4 slope + price on correct side of H4 EMA200.
NK	0	06:30:16.394	Cazyxio_v4.1 (EURUSD,M15)	2026.03.06 13:30:16 | HEARTBEAT | SYSTEM | EA alive. Tick=177700 Equity=45490.80 OpenPos=0 UTC=2026.03.06 13:30 DayOfWeek=5 WeekendCloseActive=NO NewTradeBlocked=YES | 177700.000000
ND	0	06:30:42.062	Cazyxio_v4.1 (EURUSD,M15)	2026.03.06 13:30:42 | HEARTBEAT | SYSTEM | EA alive. Tick=177800 Equity=45490.80 OpenPos=0 UTC=2026.03.06 13:30 DayOfWeek=5 WeekendCloseActive=NO NewTradeBlocked=YES | 177800.000000
CP	0	06:31:08.220	Cazyxio_v4.1 (EURUSD,M15)	2026.03.06 13:31:08 | HEARTBEAT | SYSTEM | EA alive. Tick=177900 Equity=45490.80 OpenPos=0 UTC=2026.03.06 13:31 DayOfWeek=5 WeekendCloseActive=NO NewTradeBlocked=YES | 177900.000000
OM	0	06:31:34.897	Cazyxio_v4.1 (EURUSD,M15)	2026.03.06 13:31:34 | HEARTBEAT | SYSTEM | EA alive. Tick=178000 Equity=45490.80 OpenPos=0 UTC=2026.03.06 13:31 DayOfWeek=5 WeekendCloseActive=NO NewTradeBlocked=YES | 178000.000000
GI	0	06:32:03.038	Cazyxio_v4.1 (EURUSD,M15)	2026.03.06 13:32:03 | HEARTBEAT | SYSTEM | EA alive. Tick=178100 Equity=45490.80 OpenPos=0 UTC=2026.03.06 13:32 DayOfWeek=5 WeekendCloseActive=NO NewTradeBlocked=YES | 178100.000000
JE	0	06:32:30.233	Cazyxio_v4.1 (EURUSD,M15)	2026.03.06 13:32:30 | HEARTBEAT | SYSTEM | EA alive. Tick=178200 Equity=45490.80 OpenPos=0 UTC=2026.03.06 13:32 DayOfWeek=5 WeekendCloseActive=NO NewTradeBlocked=YES | 178200.000000
CF	0	06:32:59.865	Cazyxio_v4.1 (EURUSD,M15)	2026.03.06 13:32:59 | HEARTBEAT | SYSTEM | EA alive. Tick=178300 Equity=45490.80 OpenPos=0 UTC=2026.03.06 13:32 DayOfWeek=5 WeekendCloseActive=NO NewTradeBlocked=YES | 178300.000000
CR	0	06:33:26.541	Cazyxio_v4.1 (EURUSD,M15)	2026.03.06 13:33:26 | HEARTBEAT | SYSTEM | EA alive. Tick=178400 Equity=45490.80 OpenPos=0 UTC=2026.03.06 13:33 DayOfWeek=5 WeekendCloseActive=NO NewTradeBlocked=YES | 178400.000000
NN	0	06:33:56.937	Cazyxio_v4.1 (EURUSD,M15)	2026.03.06 13:33:56 | HEARTBEAT | SYSTEM | EA alive. Tick=178500 Equity=45490.80 OpenPos=0 UTC=2026.03.06 13:33 DayOfWeek=5 WeekendCloseActive=NO NewTradeBlocked=YES | 178500.000000
EK	0	06:34:27.911	Cazyxio_v4.1 (EURUSD,M15)	2026.03.06 13:34:27 | HEARTBEAT | SYSTEM | EA alive. Tick=178600 Equity=45490.80 OpenPos=0 UTC=2026.03.06 13:34 DayOfWeek=5 WeekendCloseActive=NO NewTradeBlocked=YES | 178600.000000
HG	0	06:34:59.044	Cazyxio_v4.1 (EURUSD,M15)	2026.03.06 13:34:59 | HEARTBEAT | SYSTEM | EA alive. Tick=178700 Equity=45490.80 OpenPos=0 UTC=2026.03.06 13:34 DayOfWeek=5 WeekendCloseActive=NO NewTradeBlocked=YES | 178700.000000
IP	0	06:35:28.686	Cazyxio_v4.1 (EURUSD,M15)	2026.03.06 13:35:28 | HEARTBEAT | SYSTEM | EA alive. Tick=178800 Equity=45490.80 OpenPos=0 UTC=2026.03.06 13:35 DayOfWeek=5 WeekendCloseActive=NO NewTradeBlocked=YES | 178800.000000
PL	0	06:35:58.454	Cazyxio_v4.1 (EURUSD,M15)	2026.03.06 13:35:58 | HEARTBEAT | SYSTEM | EA alive. Tick=178900 Equity=45490.80 OpenPos=0 UTC=2026.03.06 13:35 DayOfWeek=5 WeekendCloseActive=NO NewTradeBlocked=YES | 178900.000000
KH	0	06:36:32.548	Cazyxio_v4.1 (EURUSD,M15)	2026.03.06 13:36:32 | HEARTBEAT | SYSTEM | EA alive. Tick=179000 Equity=45490.80 OpenPos=0 UTC=2026.03.06 13:36 DayOfWeek=5 WeekendCloseActive=NO NewTradeBlocked=YES | 179000.000000
KE	0	06:37:05.134	Cazyxio_v4.1 (EURUSD,M15)	2026.03.06 13:37:05 | HEARTBEAT | SYSTEM | EA alive. Tick=179100 Equity=45490.80 OpenPos=0 UTC=2026.03.06 13:37 DayOfWeek=5 WeekendCloseActive=NO NewTradeBlocked=YES | 179100.000000
PQ	0	06:37:37.595	Cazyxio_v4.1 (EURUSD,M15)	2026.03.06 13:37:37 | HEARTBEAT | SYSTEM | EA alive. Tick=179200 Equity=45490.80 OpenPos=0 UTC=2026.03.06 13:37 DayOfWeek=5 WeekendCloseActive=NO NewTradeBlocked=YES | 179200.000000
MM	0	06:38:09.698	Cazyxio_v4.1 (EURUSD,M15)	2026.03.06 13:38:09 | HEARTBEAT | SYSTEM | EA alive. Tick=179300 Equity=45490.80 OpenPos=0 UTC=2026.03.06 13:38 DayOfWeek=5 WeekendCloseActive=NO NewTradeBlocked=YES | 179300.000000
RN	0	06:38:41.228	Cazyxio_v4.1 (EURUSD,M15)	2026.03.06 13:38:41 | HEARTBEAT | SYSTEM | EA alive. Tick=179400 Equity=45490.80 OpenPos=0 UTC=2026.03.06 13:38 DayOfWeek=5 WeekendCloseActive=NO NewTradeBlocked=YES | 179400.000000
MJ	0	06:39:13.992	Cazyxio_v4.1 (EURUSD,M15)	2026.03.06 13:39:13 | HEARTBEAT | SYSTEM | EA alive. Tick=179500 Equity=45490.80 OpenPos=0 UTC=2026.03.06 13:39 DayOfWeek=5 WeekendCloseActive=NO NewTradeBlocked=YES | 179500.000000
HG	0	06:39:50.351	Cazyxio_v4.1 (EURUSD,M15)	2026.03.06 13:39:50 | HEARTBEAT | SYSTEM | EA alive. Tick=179600 Equity=45490.80 OpenPos=0 UTC=2026.03.06 13:39 DayOfWeek=5 WeekendCloseActive=NO NewTradeBlocked=YES | 179600.000000
CS	0	06:40:20.802	Cazyxio_v4.1 (EURUSD,M15)	2026.03.06 13:40:20 | HEARTBEAT | SYSTEM | EA alive. Tick=179700 Equity=45490.80 OpenPos=0 UTC=2026.03.06 13:40 DayOfWeek=5 WeekendCloseActive=NO NewTradeBlocked=YES | 179700.000000
CO	0	06:40:55.572	Cazyxio_v4.1 (EURUSD,M15)	2026.03.06 13:40:55 | HEARTBEAT | SYSTEM | EA alive. Tick=179800 Equity=45490.80 OpenPos=0 UTC=2026.03.06 13:40 DayOfWeek=5 WeekendCloseActive=NO NewTradeBlocked=YES | 179800.000000
PH	0	06:41:30.604	Cazyxio_v4.1 (EURUSD,M15)	2026.03.06 13:41:30 | HEARTBEAT | SYSTEM | EA alive. Tick=179900 Equity=45490.80 OpenPos=0 UTC=2026.03.06 13:41 DayOfWeek=5 WeekendCloseActive=NO NewTradeBlocked=YES | 179900.000000
HD	0	06:42:03.074	Cazyxio_v4.1 (EURUSD,M15)	2026.03.06 13:42:03 | HEARTBEAT | SYSTEM | EA alive. Tick=180000 Equity=45490.80 OpenPos=0 UTC=2026.03.06 13:42 DayOfWeek=5 WeekendCloseActive=NO NewTradeBlocked=YES | 180000.000000
HP	0	06:42:36.775	Cazyxio_v4.1 (EURUSD,M15)	2026.03.06 13:42:36 | HEARTBEAT | SYSTEM | EA alive. Tick=180100 Equity=45490.80 OpenPos=0 UTC=2026.03.06 13:42 DayOfWeek=5 WeekendCloseActive=NO NewTradeBlocked=YES | 180100.000000
NM	0	06:43:10.176	Cazyxio_v4.1 (EURUSD,M15)	2026.03.06 13:43:10 | HEARTBEAT | SYSTEM | EA alive. Tick=180200 Equity=45490.80 OpenPos=0 UTC=2026.03.06 13:43 DayOfWeek=5 WeekendCloseActive=NO NewTradeBlocked=YES | 180200.000000
DI	0	06:43:48.444	Cazyxio_v4.1 (EURUSD,M15)	2026.03.06 13:43:48 | HEARTBEAT | SYSTEM | EA alive. Tick=180300 Equity=45490.80 OpenPos=0 UTC=2026.03.06 13:43 DayOfWeek=5 WeekendCloseActive=NO NewTradeBlocked=YES | 180300.000000
QJ	0	06:44:23.699	Cazyxio_v4.1 (EURUSD,M15)	2026.03.06 13:44:23 | HEARTBEAT | SYSTEM | EA alive. Tick=180400 Equity=45490.80 OpenPos=0 UTC=2026.03.06 13:44 DayOfWeek=5 WeekendCloseActive=NO NewTradeBlocked=YES | 180400.000000
KF	0	06:44:57.134	Cazyxio_v4.1 (EURUSD,M15)	2026.03.06 13:44:57 | HEARTBEAT | SYSTEM | EA alive. Tick=180500 Equity=45490.80 OpenPos=0 UTC=2026.03.06 13:44 DayOfWeek=5 WeekendCloseActive=NO NewTradeBlocked=YES | 180500.000000
MP	0	06:45:01.510	Cazyxio_v4.1 (EURUSD,M15)	2026.03.06 13:45:01 | BAR | EURUSD | close=1.15888 h4ema200=1.17577 h4slope=DOWN ema50=1.15884 atr=0.001077 atrSma=0.000888 atrRatio=1.213 dir=SHORT spread=20.0 spreadOK=YES atrGate=PASS touch=PASS momCandle=ZERO_RANGE_BAR barRange=0.000000 minBarRange=0.000323 (0.30xATR) momClosePos=0.500(forced) momOk=N ema50Ok=Y barRange=0.000000 zeroRangeBar=YES trigger=NO hasPos=NO portRisk=0.00% openPos=0 | 1.158880
DE	0	06:45:01.510	Cazyxio_v4.1 (EURUSD,M15)	2026.03.06 13:45:01 | GATE_FAIL | EURUSD | Zero-range bar FAIL (v4.1 fix). barRange=0.000000 < minBarRange=0.000323 (0.30x ATR). Doji/flat bar excluded from momentum evaluation.
GD	0	06:45:01.756	Cazyxio_v4.1 (EURUSD,M15)	2026.03.06 13:45:01 | BAR | GBPUSD | close=1.33753 h4ema200=1.34970 h4slope=DOWN ema50=1.33477 atr=0.001592 atrSma=0.001120 atrRatio=1.421 dir=SHORT spread=27.0 spreadOK=YES atrGate=PASS touch=PASS momCandle=ZERO_RANGE_BAR barRange=0.000000 minBarRange=0.000478 (0.30xATR) momClosePos=0.500(forced) momOk=N ema50Ok=Y barRange=0.000000 zeroRangeBar=YES trigger=NO hasPos=NO portRisk=0.00% openPos=0 | 1.337530
HS	0	06:45:01.756	Cazyxio_v4.1 (EURUSD,M15)	2026.03.06 13:45:01 | GATE_FAIL | GBPUSD | Zero-range bar FAIL (v4.1 fix). barRange=0.000000 < minBarRange=0.000478 (0.30x ATR). Doji/flat bar excluded from momentum evaluation.
DG	0	06:45:01.756	Cazyxio_v4.1 (EURUSD,M15)	2026.03.06 13:45:01 | BAR | USDJPY | close=157.537 h4ema200=155.852 h4slope=UP ema50=157.730 atr=0.117786 atrSma=0.106021 atrRatio=1.111 dir=LONG spread=20.0 spreadOK=YES atrGate=PASS touch=FAIL momCandle=ZERO_RANGE_BAR barRange=0.000000 minBarRange=0.035336 (0.30xATR) momClosePos=0.500(forced) momOk=N ema50Ok=Y barRange=0.000000 zeroRangeBar=YES trigger=NO hasPos=NO portRisk=0.00% openPos=0 | 157.537000
ML	0	06:45:01.756	Cazyxio_v4.1 (EURUSD,M15)	2026.03.06 13:45:01 | GATE_FAIL | USDJPY | Touch/pullback gate FAIL. Price has not approached EMA50 within last 12 bars (within 0.60 ATR). v4.1 tolerance=0.60x (tightened from v4.0 1.00x).
PR	0	06:45:01.756	Cazyxio_v4.1 (EURUSD,M15)	2026.03.06 13:45:01 | BAR | AUDUSD | close=0.70133 h4ema200=0.69922 h4slope=UP ema50=0.70164 atr=0.001051 atrSma=0.000907 atrRatio=1.158 dir=LONG spread=22.0 spreadOK=YES atrGate=PASS touch=PASS momCandle=ZERO_RANGE_BAR barRange=0.000000 minBarRange=0.000315 (0.30xATR) momClosePos=0.500(forced) momOk=N ema50Ok=Y barRange=0.000000 zeroRangeBar=YES trigger=NO hasPos=NO portRisk=0.00% openPos=0 | 0.701330
ME	0	06:45:01.756	Cazyxio_v4.1 (EURUSD,M15)	2026.03.06 13:45:01 | GATE_FAIL | AUDUSD | Zero-range bar FAIL (v4.1 fix). barRange=0.000000 < minBarRange=0.000315 (0.30x ATR). Doji/flat bar excluded from momentum evaluation.
PK	0	06:45:01.756	Cazyxio_v4.1 (EURUSD,M15)	2026.03.06 13:45:01 | BAR | GBPJPY | close=210.718 h4ema200=210.357 h4slope=DOWN ema50=210.540 atr=0.179143 atrSma=0.143720 atrRatio=1.246 dir=NONE spread=56.0 spreadOK=NO atrGate=PASS touch=FAIL momCandle= zeroRangeBar=NO trigger=NO hasPos=NO portRisk=0.00% openPos=0 | 210.718000
EL	0	06:45:01.756	Cazyxio_v4.1 (EURUSD,M15)	2026.03.06 13:45:01 | GATE_FAIL | GBPJPY | No directional bias. h4slope=DOWN closeNow=210.718 h4ema200=210.357. Need H4 slope + price on correct side of H4 EMA200.
OG	0	06:45:01.756	Cazyxio_v4.1 (EURUSD,M15)	2026.03.06 13:45:01 | BAR | USDCAD | close=1.36280 h4ema200=1.36847 h4slope=DOWN ema50=1.36572 atr=0.000889 atrSma=0.000850 atrRatio=1.045 dir=SHORT spread=29.0 spreadOK=YES atrGate=PASS touch=PASS momCandle=ZERO_RANGE_BAR barRange=0.000000 minBarRange=0.000267 (0.30xATR) momClosePos=0.500(forced) momOk=N ema50Ok=Y barRange=0.000000 zeroRangeBar=YES trigger=NO hasPos=NO portRisk=0.00% openPos=0 | 1.362800
ES	0	06:45:01.756	Cazyxio_v4.1 (EURUSD,M15)	2026.03.06 13:45:01 | GATE_FAIL | USDCAD | Zero-range bar FAIL (v4.1 fix). barRange=0.000000 < minBarRange=0.000267 (0.30x ATR). Doji/flat bar excluded from momentum evaluation.
FI	0	06:45:26.745	Cazyxio_v4.1 (EURUSD,M15)	2026.03.06 13:45:26 | HEARTBEAT | SYSTEM | EA alive. Tick=180600 Equity=45490.80 OpenPos=0 UTC=2026.03.06 13:45 DayOfWeek=5 WeekendCloseActive=NO NewTradeBlocked=YES | 180600.000000
QJ	0	06:45:57.500	Cazyxio_v4.1 (EURUSD,M15)	2026.03.06 13:45:57 | HEARTBEAT | SYSTEM | EA alive. Tick=180700 Equity=45490.80 OpenPos=0 UTC=2026.03.06 13:45 DayOfWeek=5 WeekendCloseActive=NO NewTradeBlocked=YES | 180700.000000
KF	0	06:46:27.921	Cazyxio_v4.1 (EURUSD,M15)	2026.03.06 13:46:27 | HEARTBEAT | SYSTEM | EA alive. Tick=180800 Equity=45490.80 OpenPos=0 UTC=2026.03.06 13:46 DayOfWeek=5 WeekendCloseActive=NO NewTradeBlocked=YES | 180800.000000
JR	0	06:46:58.399	Cazyxio_v4.1 (EURUSD,M15)	2026.03.06 13:46:58 | HEARTBEAT | SYSTEM | EA alive. Tick=180900 Equity=45490.80 OpenPos=0 UTC=2026.03.06 13:46 DayOfWeek=5 WeekendCloseActive=NO NewTradeBlocked=YES | 180900.000000
JO	0	06:47:29.686	Cazyxio_v4.1 (EURUSD,M15)	2026.03.06 13:47:29 | HEARTBEAT | SYSTEM | EA alive. Tick=181000 Equity=45490.80 OpenPos=0 UTC=2026.03.06 13:47 DayOfWeek=5 WeekendCloseActive=NO NewTradeBlocked=YES | 181000.000000
KK	0	06:48:00.336	Cazyxio_v4.1 (EURUSD,M15)	2026.03.06 13:48:00 | HEARTBEAT | SYSTEM | EA alive. Tick=181100 Equity=45490.80 OpenPos=0 UTC=2026.03.06 13:48 DayOfWeek=5 WeekendCloseActive=NO NewTradeBlocked=YES | 181100.000000
ED	0	06:48:28.431	Cazyxio_v4.1 (EURUSD,M15)	2026.03.06 13:48:28 | HEARTBEAT | SYSTEM | EA alive. Tick=181200 Equity=45490.80 OpenPos=0 UTC=2026.03.06 13:48 DayOfWeek=5 WeekendCloseActive=NO NewTradeBlocked=YES | 181200.000000
QP	0	06:48:58.095	Cazyxio_v4.1 (EURUSD,M15)	2026.03.06 13:48:58 | HEARTBEAT | SYSTEM | EA alive. Tick=181300 Equity=45490.80 OpenPos=0 UTC=2026.03.06 13:48 DayOfWeek=5 WeekendCloseActive=NO NewTradeBlocked=YES | 181300.000000
HL	0	06:49:25.941	Cazyxio_v4.1 (EURUSD,M15)	2026.03.06 13:49:25 | HEARTBEAT | SYSTEM | EA alive. Tick=181400 Equity=45490.80 OpenPos=0 UTC=2026.03.06 13:49 DayOfWeek=5 WeekendCloseActive=NO NewTradeBlocked=YES | 181400.000000
GI	0	06:49:59.762	Cazyxio_v4.1 (EURUSD,M15)	2026.03.06 13:49:59 | HEARTBEAT | SYSTEM | EA alive. Tick=181500 Equity=45490.80 OpenPos=0 UTC=2026.03.06 13:49 DayOfWeek=5 WeekendCloseActive=NO NewTradeBlocked=YES | 181500.000000
QE	0	06:50:37.847	Cazyxio_v4.1 (EURUSD,M15)	2026.03.06 13:50:37 | HEARTBEAT | SYSTEM | EA alive. Tick=181600 Equity=45490.80 OpenPos=0 UTC=2026.03.06 13:50 DayOfWeek=5 WeekendCloseActive=NO NewTradeBlocked=YES | 181600.000000
QQ	0	06:51:06.581	Cazyxio_v4.1 (EURUSD,M15)	2026.03.06 13:51:06 | HEARTBEAT | SYSTEM | EA alive. Tick=181700 Equity=45490.80 OpenPos=0 UTC=2026.03.06 13:51 DayOfWeek=5 WeekendCloseActive=NO NewTradeBlocked=YES | 181700.000000
FR	0	06:51:37.759	Cazyxio_v4.1 (EURUSD,M15)	2026.03.06 13:51:37 | HEARTBEAT | SYSTEM | EA alive. Tick=181800 Equity=45490.80 OpenPos=0 UTC=2026.03.06 13:51 DayOfWeek=5 WeekendCloseActive=NO NewTradeBlocked=YES | 181800.000000
GN	0	06:52:09.265	Cazyxio_v4.1 (EURUSD,M15)	2026.03.06 13:52:09 | HEARTBEAT | SYSTEM | EA alive. Tick=181900 Equity=45490.80 OpenPos=0 UTC=2026.03.06 13:52 DayOfWeek=5 WeekendCloseActive=NO NewTradeBlocked=YES | 181900.000000
MK	0	06:52:40.746	Cazyxio_v4.1 (EURUSD,M15)	2026.03.06 13:52:40 | HEARTBEAT | SYSTEM | EA alive. Tick=182000 Equity=45490.80 OpenPos=0 UTC=2026.03.06 13:52 DayOfWeek=5 WeekendCloseActive=NO NewTradeBlocked=YES | 182000.000000
IG	0	06:53:11.608	Cazyxio_v4.1 (EURUSD,M15)	2026.03.06 13:53:11 | HEARTBEAT | SYSTEM | EA alive. Tick=182100 Equity=45490.80 OpenPos=0 UTC=2026.03.06 13:53 DayOfWeek=5 WeekendCloseActive=NO NewTradeBlocked=YES | 182100.000000
HS	0	06:53:44.412	Cazyxio_v4.1 (EURUSD,M15)	2026.03.06 13:53:44 | HEARTBEAT | SYSTEM | EA alive. Tick=182200 Equity=45490.80 OpenPos=0 UTC=2026.03.06 13:53 DayOfWeek=5 WeekendCloseActive=NO NewTradeBlocked=YES | 182200.000000
NL	0	06:54:14.312	Cazyxio_v4.1 (EURUSD,M15)	2026.03.06 13:54:14 | HEARTBEAT | SYSTEM | EA alive. Tick=182300 Equity=45490.80 OpenPos=0 UTC=2026.03.06 13:54 DayOfWeek=5 WeekendCloseActive=NO NewTradeBlocked=YES | 182300.000000
GH	0	06:54:46.720	Cazyxio_v4.1 (EURUSD,M15)	2026.03.06 13:54:46 | HEARTBEAT | SYSTEM | EA alive. Tick=182400 Equity=45490.80 OpenPos=0 UTC=2026.03.06 13:54 DayOfWeek=5 WeekendCloseActive=NO NewTradeBlocked=YES | 182400.000000
QD	0	06:55:21.190	Cazyxio_v4.1 (EURUSD,M15)	2026.03.06 13:55:21 | HEARTBEAT | SYSTEM | EA alive. Tick=182500 Equity=45490.80 OpenPos=0 UTC=2026.03.06 13:55 DayOfWeek=5 WeekendCloseActive=NO NewTradeBlocked=YES | 182500.000000
CQ	0	06:55:53.396	Cazyxio_v4.1 (EURUSD,M15)	2026.03.06 13:55:53 | HEARTBEAT | SYSTEM | EA alive. Tick=182600 Equity=45490.80 OpenPos=0 UTC=2026.03.06 13:55 DayOfWeek=5 WeekendCloseActive=NO NewTradeBlocked=YES | 182600.000000
HM	0	06:56:26.466	Cazyxio_v4.1 (EURUSD,M15)	2026.03.06 13:56:26 | HEARTBEAT | SYSTEM | EA alive. Tick=182700 Equity=45490.80 OpenPos=0 UTC=2026.03.06 13:56 DayOfWeek=5 WeekendCloseActive=NO NewTradeBlocked=YES | 182700.000000
EN	0	06:56:59.119	Cazyxio_v4.1 (EURUSD,M15)	2026.03.06 13:56:59 | HEARTBEAT | SYSTEM | EA alive. Tick=182800 Equity=45490.80 OpenPos=0 UTC=2026.03.06 13:56 DayOfWeek=5 WeekendCloseActive=NO NewTradeBlocked=YES | 182800.000000
QJ	0	06:57:35.714	Cazyxio_v4.1 (EURUSD,M15)	2026.03.06 13:57:35 | HEARTBEAT | SYSTEM | EA alive. Tick=182900 Equity=45490.80 OpenPos=0 UTC=2026.03.06 13:57 DayOfWeek=5 WeekendCloseActive=NO NewTradeBlocked=YES | 182900.000000
CF	0	06:58:11.944	Cazyxio_v4.1 (EURUSD,M15)	2026.03.06 13:58:11 | HEARTBEAT | SYSTEM | EA alive. Tick=183000 Equity=45490.80 OpenPos=0 UTC=2026.03.06 13:58 DayOfWeek=5 WeekendCloseActive=NO NewTradeBlocked=YES | 183000.000000
IS	0	06:58:53.670	Cazyxio_v4.1 (EURUSD,M15)	2026.03.06 13:58:53 | HEARTBEAT | SYSTEM | EA alive. Tick=183100 Equity=45490.80 OpenPos=0 UTC=2026.03.06 13:58 DayOfWeek=5 WeekendCloseActive=NO NewTradeBlocked=YES | 183100.000000
MO	0	06:59:27.350	Cazyxio_v4.1 (EURUSD,M15)	2026.03.06 13:59:27 | HEARTBEAT | SYSTEM | EA alive. Tick=183200 Equity=45490.80 OpenPos=0 UTC=2026.03.06 13:59 DayOfWeek=5 WeekendCloseActive=NO NewTradeBlocked=YES | 183200.000000
PI	0	07:00:01.579	Cazyxio_v4.1 (EURUSD,M15)	2026.03.06 14:00:01 | BAR | EURUSD | close=1.15541 h4ema200=1.17554 h4slope=DOWN ema50=1.15857 atr=0.001305 atrSma=0.000894 atrRatio=1.459 dir=SHORT spread=19.0 spreadOK=YES atrGate=PASS touch=PASS momCandle=ZERO_RANGE_BAR barRange=0.000000 minBarRange=0.000392 (0.30xATR) momClosePos=0.500(forced) momOk=N ema50Ok=Y barRange=0.000000 zeroRangeBar=YES trigger=NO hasPos=NO portRisk=0.00% openPos=0 | 1.155410
CN	0	07:00:01.579	Cazyxio_v4.1 (EURUSD,M15)	2026.03.06 14:00:01 | GATE_FAIL | EURUSD | Zero-range bar FAIL (v4.1 fix). barRange=0.000000 < minBarRange=0.000392 (0.30x ATR). Doji/flat bar excluded from momentum evaluation.
IL	0	07:00:01.579	Cazyxio_v4.1 (EURUSD,M15)	2026.03.06 14:00:01 | BAR | AUDUSD | close=0.69830 h4ema200=0.69918 h4slope=UP ema50=0.70139 atr=0.001217 atrSma=0.000913 atrRatio=1.333 dir=NONE spread=20.0 spreadOK=YES atrGate=PASS touch=FAIL momCandle= zeroRangeBar=NO trigger=NO hasPos=NO portRisk=0.00% openPos=0 | 0.698300
OG	0	07:00:01.579	Cazyxio_v4.1 (EURUSD,M15)	2026.03.06 14:00:01 | GATE_FAIL | AUDUSD | No directional bias. h4slope=UP closeNow=0.69830 h4ema200=0.69918. Need H4 slope + price on correct side of H4 EMA200.
PQ	0	07:00:01.830	Cazyxio_v4.1 (EURUSD,M15)	2026.03.06 14:00:01 | BAR | GBPUSD | close=1.33375 h4ema200=1.34950 h4slope=DOWN ema50=1.33459 atr=0.001789 atrSma=0.001128 atrRatio=1.585 dir=SHORT spread=24.0 spreadOK=YES atrGate=PASS touch=PASS momCandle=ZERO_RANGE_BAR barRange=0.000000 minBarRange=0.000537 (0.30xATR) momClosePos=0.500(forced) momOk=N ema50Ok=Y barRange=0.000000 zeroRangeBar=YES trigger=NO hasPos=NO portRisk=0.00% openPos=0 | 1.333750
QD	0	07:00:01.830	Cazyxio_v4.1 (EURUSD,M15)	2026.03.06 14:00:01 | GATE_FAIL | GBPUSD | Zero-range bar FAIL (v4.1 fix). barRange=0.000000 < minBarRange=0.000537 (0.30x ATR). Doji/flat bar excluded from momentum evaluation.
DH	0	07:00:01.830	Cazyxio_v4.1 (EURUSD,M15)	2026.03.06 14:00:01 | BAR | USDJPY | close=157.869 h4ema200=155.875 h4slope=UP ema50=157.748 atr=0.136786 atrSma=0.106794 atrRatio=1.281 dir=LONG spread=18.0 spreadOK=YES atrGate=PASS touch=FAIL momCandle=ZERO_RANGE_BAR barRange=0.000000 minBarRange=0.041036 (0.30xATR) momClosePos=0.500(forced) momOk=N ema50Ok=Y barRange=0.000000 zeroRangeBar=YES trigger=NO hasPos=NO portRisk=0.00% openPos=0 | 157.869000
NP	0	07:00:01.830	Cazyxio_v4.1 (EURUSD,M15)	2026.03.06 14:00:01 | GATE_FAIL | USDJPY | Touch/pullback gate FAIL. Price has not approached EMA50 within last 12 bars (within 0.60 ATR). v4.1 tolerance=0.60x (tightened from v4.0 1.00x).
OD	0	07:00:01.830	Cazyxio_v4.1 (EURUSD,M15)	2026.03.06 14:00:01 | BAR | GBPJPY | close=210.545 h4ema200=210.357 h4slope=DOWN ema50=210.534 atr=0.190214 atrSma=0.144304 atrRatio=1.318 dir=NONE spread=50.0 spreadOK=NO atrGate=PASS touch=FAIL momCandle= zeroRangeBar=NO trigger=NO hasPos=NO portRisk=0.00% openPos=0 | 210.545000
HE	0	07:00:01.830	Cazyxio_v4.1 (EURUSD,M15)	2026.03.06 14:00:01 | GATE_FAIL | GBPJPY | No directional bias. h4slope=DOWN closeNow=210.545 h4ema200=210.357. Need H4 slope + price on correct side of H4 EMA200.
ON	0	07:00:01.830	Cazyxio_v4.1 (EURUSD,M15)	2026.03.06 14:00:01 | BAR | USDCAD | close=1.36476 h4ema200=1.36845 h4slope=DOWN ema50=1.36575 atr=0.000975 atrSma=0.000854 atrRatio=1.141 dir=SHORT spread=29.0 spreadOK=YES atrGate=PASS touch=PASS momCandle=ZERO_RANGE_BAR barRange=0.000000 minBarRange=0.000293 (0.30xATR) momClosePos=0.500(forced) momOk=N ema50Ok=Y barRange=0.000000 zeroRangeBar=YES trigger=NO hasPos=NO portRisk=0.00% openPos=0 | 1.364760
OK	0	07:00:01.830	Cazyxio_v4.1 (EURUSD,M15)	2026.03.06 14:00:01 | GATE_FAIL | USDCAD | Zero-range bar FAIL (v4.1 fix). barRange=0.000000 < minBarRange=0.000293 (0.30x ATR). Doji/flat bar excluded from momentum evaluation.
KQ	0	07:00:04.724	Cazyxio_v4.1 (EURUSD,M15)	2026.03.06 14:00:04 | HEARTBEAT | SYSTEM | EA alive. Tick=183300 Equity=45490.80 OpenPos=0 UTC=2026.03.06 14:00 DayOfWeek=5 WeekendCloseActive=NO NewTradeBlocked=YES | 183300.000000
HM	0	07:00:37.381	Cazyxio_v4.1 (EURUSD,M15)	2026.03.06 14:00:37 | HEARTBEAT | SYSTEM | EA alive. Tick=183400 Equity=45490.80 OpenPos=0 UTC=2026.03.06 14:00 DayOfWeek=5 WeekendCloseActive=NO NewTradeBlocked=YES | 183400.000000
MI	0	07:01:11.068	Cazyxio_v4.1 (EURUSD,M15)	2026.03.06 14:01:11 | HEARTBEAT | SYSTEM | EA alive. Tick=183500 Equity=45490.80 OpenPos=0 UTC=2026.03.06 14:01 DayOfWeek=5 WeekendCloseActive=NO NewTradeBlocked=YES | 183500.000000
JJ	0	07:01:51.195	Cazyxio_v4.1 (EURUSD,M15)	2026.03.06 14:01:51 | HEARTBEAT | SYSTEM | EA alive. Tick=183600 Equity=45490.80 OpenPos=0 UTC=2026.03.06 14:01 DayOfWeek=5 WeekendCloseActive=NO NewTradeBlocked=YES | 183600.000000
OF	0	07:02:22.384	Cazyxio_v4.1 (EURUSD,M15)	2026.03.06 14:02:22 | HEARTBEAT | SYSTEM | EA alive. Tick=183700 Equity=45490.80 OpenPos=0 UTC=2026.03.06 14:02 DayOfWeek=5 WeekendCloseActive=NO NewTradeBlocked=YES | 183700.000000
IR	0	07:03:00.570	Cazyxio_v4.1 (EURUSD,M15)	2026.03.06 14:03:00 | HEARTBEAT | SYSTEM | EA alive. Tick=183800 Equity=45490.80 OpenPos=0 UTC=2026.03.06 14:03 DayOfWeek=5 WeekendCloseActive=NO NewTradeBlocked=YES | 183800.000000
LO	0	07:03:33.043	Cazyxio_v4.1 (EURUSD,M15)	2026.03.06 14:03:33 | HEARTBEAT | SYSTEM | EA alive. Tick=183900 Equity=45490.80 OpenPos=0 UTC=2026.03.06 14:03 DayOfWeek=5 WeekendCloseActive=NO NewTradeBlocked=YES | 183900.000000
NK	0	07:04:12.387	Cazyxio_v4.1 (EURUSD,M15)	2026.03.06 14:04:12 | HEARTBEAT | SYSTEM | EA alive. Tick=184000 Equity=45490.80 OpenPos=0 UTC=2026.03.06 14:04 DayOfWeek=5 WeekendCloseActive=NO NewTradeBlocked=YES | 184000.000000
MD	0	07:04:45.070	Cazyxio_v4.1 (EURUSD,M15)	2026.03.06 14:04:45 | HEARTBEAT | SYSTEM | EA alive. Tick=184100 Equity=45490.80 OpenPos=0 UTC=2026.03.06 14:04 DayOfWeek=5 WeekendCloseActive=NO NewTradeBlocked=YES | 184100.000000
QP	0	07:05:21.370	Cazyxio_v4.1 (EURUSD,M15)	2026.03.06 14:05:21 | HEARTBEAT | SYSTEM | EA alive. Tick=184200 Equity=45490.80 OpenPos=0 UTC=2026.03.06 14:05 DayOfWeek=5 WeekendCloseActive=NO NewTradeBlocked=YES | 184200.000000
ML	0	07:06:03.009	Cazyxio_v4.1 (EURUSD,M15)	2026.03.06 14:06:03 | HEARTBEAT | SYSTEM | EA alive. Tick=184300 Equity=45490.80 OpenPos=0 UTC=2026.03.06 14:06 DayOfWeek=5 WeekendCloseActive=NO NewTradeBlocked=YES | 184300.000000
JI	0	07:06:37.947	Cazyxio_v4.1 (EURUSD,M15)	2026.03.06 14:06:37 | HEARTBEAT | SYSTEM | EA alive. Tick=184400 Equity=45490.80 OpenPos=0 UTC=2026.03.06 14:06 DayOfWeek=5 WeekendCloseActive=NO NewTradeBlocked=YES | 184400.000000
NE	0	07:07:12.872	Cazyxio_v4.1 (EURUSD,M15)	2026.03.06 14:07:12 | HEARTBEAT | SYSTEM | EA alive. Tick=184500 Equity=45490.80 OpenPos=0 UTC=2026.03.06 14:07 DayOfWeek=5 WeekendCloseActive=NO NewTradeBlocked=YES | 184500.000000
NQ	0	07:07:58.209	Cazyxio_v4.1 (EURUSD,M15)	2026.03.06 14:07:58 | HEARTBEAT | SYSTEM | EA alive. Tick=184600 Equity=45490.80 OpenPos=0 UTC=2026.03.06 14:07 DayOfWeek=5 WeekendCloseActive=NO NewTradeBlocked=YES | 184600.000000
NR	0	07:08:33.718	Cazyxio_v4.1 (EURUSD,M15)	2026.03.06 14:08:33 | HEARTBEAT | SYSTEM | EA alive. Tick=184700 Equity=45490.80 OpenPos=0 UTC=2026.03.06 14:08 DayOfWeek=5 WeekendCloseActive=NO NewTradeBlocked=YES | 184700.000000
NN	0	07:09:15.724	Cazyxio_v4.1 (EURUSD,M15)	2026.03.06 14:09:15 | HEARTBEAT | SYSTEM | EA alive. Tick=184800 Equity=45490.80 OpenPos=0 UTC=2026.03.06 14:09 DayOfWeek=5 WeekendCloseActive=NO NewTradeBlocked=YES | 184800.000000
LK	0	07:09:56.485	Cazyxio_v4.1 (EURUSD,M15)	2026.03.06 14:09:56 | HEARTBEAT | SYSTEM | EA alive. Tick=184900 Equity=45490.80 OpenPos=0 UTC=2026.03.06 14:09 DayOfWeek=5 WeekendCloseActive=NO NewTradeBlocked=YES | 184900.000000
NG	0	07:10:29.104	Cazyxio_v4.1 (EURUSD,M15)	2026.03.06 14:10:29 | HEARTBEAT | SYSTEM | EA alive. Tick=185000 Equity=45490.80 OpenPos=0 UTC=2026.03.06 14:10 DayOfWeek=5 WeekendCloseActive=NO NewTradeBlocked=YES | 185000.000000
QS	0	07:11:07.821	Cazyxio_v4.1 (EURUSD,M15)	2026.03.06 14:11:07 | HEARTBEAT | SYSTEM | EA alive. Tick=185100 Equity=45490.80 OpenPos=0 UTC=2026.03.06 14:11 DayOfWeek=5 WeekendCloseActive=NO NewTradeBlocked=YES | 185100.000000
JL	0	07:11:47.268	Cazyxio_v4.1 (EURUSD,M15)	2026.03.06 14:11:47 | HEARTBEAT | SYSTEM | EA alive. Tick=185200 Equity=45490.80 OpenPos=0 UTC=2026.03.06 14:11 DayOfWeek=5 WeekendCloseActive=NO NewTradeBlocked=YES | 185200.000000
GH	0	07:12:30.457	Cazyxio_v4.1 (EURUSD,M15)	2026.03.06 14:12:30 | HEARTBEAT | SYSTEM | EA alive. Tick=185300 Equity=45490.80 OpenPos=0 UTC=2026.03.06 14:12 DayOfWeek=5 WeekendCloseActive=NO NewTradeBlocked=YES | 185300.000000
HD	0	07:13:07.404	Cazyxio_v4.1 (EURUSD,M15)	2026.03.06 14:13:07 | HEARTBEAT | SYSTEM | EA alive. Tick=185400 Equity=45490.80 OpenPos=0 UTC=2026.03.06 14:13 DayOfWeek=5 WeekendCloseActive=NO NewTradeBlocked=YES | 185400.000000
DQ	0	07:13:52.358	Cazyxio_v4.1 (EURUSD,M15)	2026.03.06 14:13:52 | HEARTBEAT | SYSTEM | EA alive. Tick=185500 Equity=45490.80 OpenPos=0 UTC=2026.03.06 14:13 DayOfWeek=5 WeekendCloseActive=NO NewTradeBlocked=YES | 185500.000000
DM	0	07:14:31.106	Cazyxio_v4.1 (EURUSD,M15)	2026.03.06 14:14:31 | HEARTBEAT | SYSTEM | EA alive. Tick=185600 Equity=45490.80 OpenPos=0 UTC=2026.03.06 14:14 DayOfWeek=5 WeekendCloseActive=NO NewTradeBlocked=YES | 185600.000000
JL	0	07:15:01.649	Cazyxio_v4.1 (EURUSD,M15)	2026.03.06 14:15:01 | BAR | EURUSD | close=1.15557 h4ema200=1.17554 h4slope=DOWN ema50=1.15846 atr=0.001368 atrSma=0.000899 atrRatio=1.521 dir=SHORT spread=18.0 spreadOK=YES atrGate=PASS touch=PASS momCandle=ZERO_RANGE_BAR barRange=0.000000 minBarRange=0.000410 (0.30xATR) momClosePos=0.500(forced) momOk=N ema50Ok=Y barRange=0.000000 zeroRangeBar=YES trigger=NO hasPos=NO portRisk=0.00% openPos=0 | 1.155570
NH	0	07:15:01.649	Cazyxio_v4.1 (EURUSD,M15)	2026.03.06 14:15:01 | GATE_FAIL | EURUSD | Zero-range bar FAIL (v4.1 fix). barRange=0.000000 < minBarRange=0.000410 (0.30x ATR). Doji/flat bar excluded from momentum evaluation.
EM	0	07:15:01.649	Cazyxio_v4.1 (EURUSD,M15)	2026.03.06 14:15:01 | BAR | USDJPY | close=157.861 h4ema200=155.875 h4slope=UP ema50=157.752 atr=0.144929 atrSma=0.107478 atrRatio=1.348 dir=LONG spread=15.0 spreadOK=YES atrGate=PASS touch=FAIL momCandle=ZERO_RANGE_BAR barRange=0.000000 minBarRange=0.043479 (0.30xATR) momClosePos=0.500(forced) momOk=N ema50Ok=Y barRange=0.000000 zeroRangeBar=YES trigger=NO hasPos=NO portRisk=0.00% openPos=0 | 157.861000
PG	0	07:15:01.649	Cazyxio_v4.1 (EURUSD,M15)	2026.03.06 14:15:01 | GATE_FAIL | USDJPY | Touch/pullback gate FAIL. Price has not approached EMA50 within last 12 bars (within 0.60 ATR). v4.1 tolerance=0.60x (tightened from v4.0 1.00x).
ED	0	07:15:01.649	Cazyxio_v4.1 (EURUSD,M15)	2026.03.06 14:15:01 | BAR | AUDUSD | close=0.69850 h4ema200=0.69918 h4slope=UP ema50=0.70129 atr=0.001286 atrSma=0.000918 atrRatio=1.400 dir=NONE spread=21.0 spreadOK=YES atrGate=PASS touch=FAIL momCandle= zeroRangeBar=NO trigger=NO hasPos=NO portRisk=0.00% openPos=0 | 0.698500
MO	0	07:15:01.649	Cazyxio_v4.1 (EURUSD,M15)	2026.03.06 14:15:01 | GATE_FAIL | AUDUSD | No directional bias. h4slope=UP closeNow=0.69850 h4ema200=0.69918. Need H4 slope + price on correct side of H4 EMA200.
FI	0	07:15:01.897	Cazyxio_v4.1 (EURUSD,M15)	2026.03.06 14:15:01 | BAR | GBPUSD | close=1.33366 h4ema200=1.34950 h4slope=DOWN ema50=1.33455 atr=0.001815 atrSma=0.001135 atrRatio=1.599 dir=SHORT spread=25.0 spreadOK=YES atrGate=PASS touch=PASS momCandle=ZERO_RANGE_BAR barRange=0.000000 minBarRange=0.000545 (0.30xATR) momClosePos=0.500(forced) momOk=N ema50Ok=Y barRange=0.000000 zeroRangeBar=YES trigger=NO hasPos=NO portRisk=0.00% openPos=0 | 1.333660
IL	0	07:15:01.897	Cazyxio_v4.1 (EURUSD,M15)	2026.03.06 14:15:01 | GATE_FAIL | GBPUSD | Zero-range bar FAIL (v4.1 fix). barRange=0.000000 < minBarRange=0.000545 (0.30x ATR). Doji/flat bar excluded from momentum evaluation.
GR	0	07:15:01.897	Cazyxio_v4.1 (EURUSD,M15)	2026.03.06 14:15:01 | BAR | GBPJPY | close=210.537 h4ema200=210.357 h4slope=DOWN ema50=210.534 atr=0.180643 atrSma=0.144696 atrRatio=1.248 dir=NONE spread=47.0 spreadOK=NO atrGate=PASS touch=FAIL momCandle= zeroRangeBar=NO trigger=NO hasPos=NO portRisk=0.00% openPos=0 | 210.537000
RG	0	07:15:01.897	Cazyxio_v4.1 (EURUSD,M15)	2026.03.06 14:15:01 | GATE_FAIL | GBPJPY | No directional bias. h4slope=DOWN closeNow=210.537 h4ema200=210.357. Need H4 slope + price on correct side of H4 EMA200.
KP	0	07:15:01.897	Cazyxio_v4.1 (EURUSD,M15)	2026.03.06 14:15:01 | BAR | USDCAD | close=1.36589 h4ema200=1.36846 h4slope=DOWN ema50=1.36580 atr=0.001041 atrSma=0.000859 atrRatio=1.212 dir=SHORT spread=28.0 spreadOK=YES atrGate=PASS touch=PASS momCandle=ZERO_RANGE_BAR barRange=0.000000 minBarRange=0.000312 (0.30xATR) momClosePos=0.500(forced) momOk=N ema50Ok=Y barRange=0.000000 zeroRangeBar=YES trigger=NO hasPos=NO portRisk=0.00% openPos=0 | 1.365890
RE	0	07:15:01.897	Cazyxio_v4.1 (EURUSD,M15)	2026.03.06 14:15:01 | GATE_FAIL | USDCAD | Zero-range bar FAIL (v4.1 fix). barRange=0.000000 < minBarRange=0.000312 (0.30x ATR). Doji/flat bar excluded from momentum evaluation.
JG	0	07:15:12.866	Cazyxio_v4.1 (EURUSD,M15)	2026.03.06 14:15:12 | HEARTBEAT | SYSTEM | EA alive. Tick=185700 Equity=45490.80 OpenPos=0 UTC=2026.03.06 14:15 DayOfWeek=5 WeekendCloseActive=NO NewTradeBlocked=YES | 185700.000000
HS	0	07:15:52.819	Cazyxio_v4.1 (EURUSD,M15)	2026.03.06 14:15:52 | HEARTBEAT | SYSTEM | EA alive. Tick=185800 Equity=45490.80 OpenPos=0 UTC=2026.03.06 14:15 DayOfWeek=5 WeekendCloseActive=NO NewTradeBlocked=YES | 185800.000000
PO	0	07:16:46.591	Cazyxio_v4.1 (EURUSD,M15)	2026.03.06 14:16:46 | HEARTBEAT | SYSTEM | EA alive. Tick=185900 Equity=45490.80 OpenPos=0 UTC=2026.03.06 14:16 DayOfWeek=5 WeekendCloseActive=NO NewTradeBlocked=YES | 185900.000000
QH	0	07:17:35.140	Cazyxio_v4.1 (EURUSD,M15)	2026.03.06 14:17:35 | HEARTBEAT | SYSTEM | EA alive. Tick=186000 Equity=45490.80 OpenPos=0 UTC=2026.03.06 14:17 DayOfWeek=5 WeekendCloseActive=NO NewTradeBlocked=YES | 186000.000000
RD	0	07:18:15.603	Cazyxio_v4.1 (EURUSD,M15)	2026.03.06 14:18:15 | HEARTBEAT | SYSTEM | EA alive. Tick=186100 Equity=45490.80 OpenPos=0 UTC=2026.03.06 14:18 DayOfWeek=5 WeekendCloseActive=NO NewTradeBlocked=YES | 186100.000000
IQ	0	07:18:53.879	Cazyxio_v4.1 (EURUSD,M15)	2026.03.06 14:18:53 | HEARTBEAT | SYSTEM | EA alive. Tick=186200 Equity=45490.80 OpenPos=0 UTC=2026.03.06 14:18 DayOfWeek=5 WeekendCloseActive=NO NewTradeBlocked=YES | 186200.000000
NM	0	07:19:35.387	Cazyxio_v4.1 (EURUSD,M15)	2026.03.06 14:19:35 | HEARTBEAT | SYSTEM | EA alive. Tick=186300 Equity=45490.80 OpenPos=0 UTC=2026.03.06 14:19 DayOfWeek=5 WeekendCloseActive=NO NewTradeBlocked=YES | 186300.000000
EI	0	07:20:20.522	Cazyxio_v4.1 (EURUSD,M15)	2026.03.06 14:20:20 | HEARTBEAT | SYSTEM | EA alive. Tick=186400 Equity=45490.80 OpenPos=0 UTC=2026.03.06 14:20 DayOfWeek=5 WeekendCloseActive=NO NewTradeBlocked=YES | 186400.000000
RJ	0	07:20:58.521	Cazyxio_v4.1 (EURUSD,M15)	2026.03.06 14:20:58 | HEARTBEAT | SYSTEM | EA alive. Tick=186500 Equity=45490.80 OpenPos=0 UTC=2026.03.06 14:20 DayOfWeek=5 WeekendCloseActive=NO NewTradeBlocked=YES | 186500.000000
DF	0	07:21:39.982	Cazyxio_v4.1 (EURUSD,M15)	2026.03.06 14:21:39 | HEARTBEAT | SYSTEM | EA alive. Tick=186600 Equity=45490.80 OpenPos=0 UTC=2026.03.06 14:21 DayOfWeek=5 WeekendCloseActive=NO NewTradeBlocked=YES | 186600.000000
OR	0	07:22:23.821	Cazyxio_v4.1 (EURUSD,M15)	2026.03.06 14:22:23 | HEARTBEAT | SYSTEM | EA alive. Tick=186700 Equity=45490.80 OpenPos=0 UTC=2026.03.06 14:22 DayOfWeek=5 WeekendCloseActive=NO NewTradeBlocked=YES | 186700.000000
LO	0	07:22:59.554	Cazyxio_v4.1 (EURUSD,M15)	2026.03.06 14:22:59 | HEARTBEAT | SYSTEM | EA alive. Tick=186800 Equity=45490.80 OpenPos=0 UTC=2026.03.06 14:22 DayOfWeek=5 WeekendCloseActive=NO NewTradeBlocked=YES | 186800.000000
IK	0	07:23:39.477	Cazyxio_v4.1 (EURUSD,M15)	2026.03.06 14:23:39 | HEARTBEAT | SYSTEM | EA alive. Tick=186900 Equity=45490.80 OpenPos=0 UTC=2026.03.06 14:23 DayOfWeek=5 WeekendCloseActive=NO NewTradeBlocked=YES | 186900.000000
ID	0	07:24:22.900	Cazyxio_v4.1 (EURUSD,M15)	2026.03.06 14:24:22 | HEARTBEAT | SYSTEM | EA alive. Tick=187000 Equity=45490.80 OpenPos=0 UTC=2026.03.06 14:24 DayOfWeek=5 WeekendCloseActive=NO NewTradeBlocked=YES | 187000.000000
HP	0	07:25:15.591	Cazyxio_v4.1 (EURUSD,M15)	2026.03.06 14:25:15 | HEARTBEAT | SYSTEM | EA alive. Tick=187100 Equity=45490.80 OpenPos=0 UTC=2026.03.06 14:25 DayOfWeek=5 WeekendCloseActive=NO NewTradeBlocked=YES | 187100.000000
OL	0	07:26:00.836	Cazyxio_v4.1 (EURUSD,M15)	2026.03.06 14:26:00 | HEARTBEAT | SYSTEM | EA alive. Tick=187200 Equity=45490.80 OpenPos=0 UTC=2026.03.06 14:26 DayOfWeek=5 WeekendCloseActive=NO NewTradeBlocked=YES | 187200.000000
QI	0	07:26:36.652	Cazyxio_v4.1 (EURUSD,M15)	2026.03.06 14:26:36 | HEARTBEAT | SYSTEM | EA alive. Tick=187300 Equity=45490.80 OpenPos=0 UTC=2026.03.06 14:26 DayOfWeek=5 WeekendCloseActive=NO NewTradeBlocked=YES | 187300.000000
NE	0	07:27:12.078	Cazyxio_v4.1 (EURUSD,M15)	2026.03.06 14:27:12 | HEARTBEAT | SYSTEM | EA alive. Tick=187400 Equity=45490.80 OpenPos=0 UTC=2026.03.06 14:27 DayOfWeek=5 WeekendCloseActive=NO NewTradeBlocked=YES | 187400.000000
JQ	0	07:27:54.140	Cazyxio_v4.1 (EURUSD,M15)	2026.03.06 14:27:54 | HEARTBEAT | SYSTEM | EA alive. Tick=187500 Equity=45490.80 OpenPos=0 UTC=2026.03.06 14:27 DayOfWeek=5 WeekendCloseActive=NO NewTradeBlocked=YES | 187500.000000
FR	0	07:28:40.488	Cazyxio_v4.1 (EURUSD,M15)	2026.03.06 14:28:40 | HEARTBEAT | SYSTEM | EA alive. Tick=187600 Equity=45490.80 OpenPos=0 UTC=2026.03.06 14:28 DayOfWeek=5 WeekendCloseActive=NO NewTradeBlocked=YES | 187600.000000
KN	0	07:29:23.761	Cazyxio_v4.1 (EURUSD,M15)	2026.03.06 14:29:23 | HEARTBEAT | SYSTEM | EA alive. Tick=187700 Equity=45490.80 OpenPos=0 UTC=2026.03.06 14:29 DayOfWeek=5 WeekendCloseActive=NO NewTradeBlocked=YES | 187700.000000
NK	0	07:29:57.393	Cazyxio_v4.1 (EURUSD,M15)	2026.03.06 14:29:57 | HEARTBEAT | SYSTEM | EA alive. Tick=187800 Equity=45490.80 OpenPos=0 UTC=2026.03.06 14:29 DayOfWeek=5 WeekendCloseActive=NO NewTradeBlocked=YES | 187800.000000
PD	0	07:30:01.804	Cazyxio_v4.1 (EURUSD,M15)	2026.03.06 14:30:01 | BAR | GBPUSD | close=1.33385 h4ema200=1.34950 h4slope=DOWN ema50=1.33453 atr=0.001772 atrSma=0.001141 atrRatio=1.554 dir=SHORT spread=23.0 spreadOK=YES atrGate=PASS touch=PASS momCandle=ZERO_RANGE_BAR barRange=0.000000 minBarRange=0.000532 (0.30xATR) momClosePos=0.500(forced) momOk=N ema50Ok=Y barRange=0.000000 zeroRangeBar=YES trigger=NO hasPos=NO portRisk=0.00% openPos=0 | 1.333850
GS	0	07:30:01.804	Cazyxio_v4.1 (EURUSD,M15)	2026.03.06 14:30:01 | GATE_FAIL | GBPUSD | Zero-range bar FAIL (v4.1 fix). barRange=0.000000 < minBarRange=0.000532 (0.30x ATR). Doji/flat bar excluded from momentum evaluation.
PJ	0	07:30:01.804	Cazyxio_v4.1 (EURUSD,M15)	2026.03.06 14:30:01 | BAR | EURUSD | close=1.15568 h4ema200=1.17554 h4slope=DOWN ema50=1.15835 atr=0.001353 atrSma=0.000904 atrRatio=1.497 dir=SHORT spread=17.0 spreadOK=YES atrGate=PASS touch=PASS momCandle=ZERO_RANGE_BAR barRange=0.000000 minBarRange=0.000406 (0.30xATR) momClosePos=0.500(forced) momOk=N ema50Ok=Y barRange=0.000000 zeroRangeBar=YES trigger=NO hasPos=NO portRisk=0.00% openPos=0 | 1.155680
NN	0	07:30:01.804	Cazyxio_v4.1 (EURUSD,M15)	2026.03.06 14:30:01 | GATE_FAIL | EURUSD | Zero-range bar FAIL (v4.1 fix). barRange=0.000000 < minBarRange=0.000406 (0.30x ATR). Doji/flat bar excluded from momentum evaluation.
DS	0	07:30:01.804	Cazyxio_v4.1 (EURUSD,M15)	2026.03.06 14:30:01 | BAR | USDJPY | close=157.999 h4ema200=155.876 h4slope=UP ema50=157.767 atr=0.157214 atrSma=0.108264 atrRatio=1.452 dir=LONG spread=16.0 spreadOK=YES atrGate=PASS touch=FAIL momCandle=ZERO_RANGE_BAR barRange=0.000000 minBarRange=0.047164 (0.30xATR) momClosePos=0.500(forced) momOk=N ema50Ok=Y barRange=0.000000 zeroRangeBar=YES trigger=NO hasPos=NO portRisk=0.00% openPos=0 | 157.999000
MI	0	07:30:01.804	Cazyxio_v4.1 (EURUSD,M15)	2026.03.06 14:30:01 | GATE_FAIL | USDJPY | Touch/pullback gate FAIL. Price has not approached EMA50 within last 12 bars (within 0.60 ATR). v4.1 tolerance=0.60x (tightened from v4.0 1.00x).
NF	0	07:30:01.804	Cazyxio_v4.1 (EURUSD,M15)	2026.03.06 14:30:01 | BAR | AUDUSD | close=0.69896 h4ema200=0.69919 h4slope=UP ema50=0.70122 atr=0.001266 atrSma=0.000922 atrRatio=1.373 dir=NONE spread=21.0 spreadOK=YES atrGate=PASS touch=FAIL momCandle= zeroRangeBar=NO trigger=NO hasPos=NO portRisk=0.00% openPos=0 | 0.698960
IM	0	07:30:01.804	Cazyxio_v4.1 (EURUSD,M15)	2026.03.06 14:30:01 | GATE_FAIL | AUDUSD | No directional bias. h4slope=UP closeNow=0.69896 h4ema200=0.69919. Need H4 slope + price on correct side of H4 EMA200.
II	0	07:30:01.804	Cazyxio_v4.1 (EURUSD,M15)	2026.03.06 14:30:01 | BAR | GBPJPY | close=210.753 h4ema200=210.359 h4slope=DOWN ema50=210.551 atr=0.179857 atrSma=0.145137 atrRatio=1.239 dir=NONE spread=42.0 spreadOK=NO atrGate=PASS touch=FAIL momCandle= zeroRangeBar=NO trigger=NO hasPos=NO portRisk=0.00% openPos=0 | 210.753000
DN	0	07:30:01.804	Cazyxio_v4.1 (EURUSD,M15)	2026.03.06 14:30:01 | GATE_FAIL | GBPJPY | No directional bias. h4slope=DOWN closeNow=210.753 h4ema200=210.359. Need H4 slope + price on correct side of H4 EMA200.
HI	0	07:30:01.804	Cazyxio_v4.1 (EURUSD,M15)	2026.03.06 14:30:01 | BAR | USDCAD | close=1.36567 h4ema200=1.36846 h4slope=DOWN ema50=1.36579 atr=0.001021 atrSma=0.000861 atrRatio=1.187 dir=SHORT spread=28.0 spreadOK=YES atrGate=PASS touch=PASS momCandle=ZERO_RANGE_BAR barRange=0.000000 minBarRange=0.000306 (0.30xATR) momClosePos=0.500(forced) momOk=N ema50Ok=Y barRange=0.000000 zeroRangeBar=YES trigger=NO hasPos=NO portRisk=0.00% openPos=0 | 1.365670
QN	0	07:30:01.804	Cazyxio_v4.1 (EURUSD,M15)	2026.03.06 14:30:01 | GATE_FAIL | USDCAD | Zero-range bar FAIL (v4.1 fix). barRange=0.000000 < minBarRange=0.000306 (0.30x ATR). Doji/flat bar excluded from momentum evaluation.
DL	0	07:30:27.571	Cazyxio_v4.1 (EURUSD,M15)	2026.03.06 14:30:27 | HEARTBEAT | SYSTEM | EA alive. Tick=187900 Equity=45490.80 OpenPos=0 UTC=2026.03.06 14:30 DayOfWeek=5 WeekendCloseActive=NO NewTradeBlocked=YES | 187900.000000
OH	0	07:31:03.081	Cazyxio_v4.1 (EURUSD,M15)	2026.03.06 14:31:03 | HEARTBEAT | SYSTEM | EA alive. Tick=188000 Equity=45490.80 OpenPos=0 UTC=2026.03.06 14:31 DayOfWeek=5 WeekendCloseActive=NO NewTradeBlocked=YES | 188000.000000
DE	0	07:31:33.824	Cazyxio_v4.1 (EURUSD,M15)	2026.03.06 14:31:33 | HEARTBEAT | SYSTEM | EA alive. Tick=188100 Equity=45490.80 OpenPos=0 UTC=2026.03.06 14:31 DayOfWeek=5 WeekendCloseActive=NO NewTradeBlocked=YES | 188100.000000
GQ	0	07:32:09.125	Cazyxio_v4.1 (EURUSD,M15)	2026.03.06 14:32:09 | HEARTBEAT | SYSTEM | EA alive. Tick=188200 Equity=45490.80 OpenPos=0 UTC=2026.03.06 14:32 DayOfWeek=5 WeekendCloseActive=NO NewTradeBlocked=YES | 188200.000000
MR	0	07:32:47.222	Cazyxio_v4.1 (EURUSD,M15)	2026.03.06 14:32:47 | HEARTBEAT | SYSTEM | EA alive. Tick=188300 Equity=45490.80 OpenPos=0 UTC=2026.03.06 14:32 DayOfWeek=5 WeekendCloseActive=NO NewTradeBlocked=YES | 188300.000000
GN	0	07:33:23.182	Cazyxio_v4.1 (EURUSD,M15)	2026.03.06 14:33:23 | HEARTBEAT | SYSTEM | EA alive. Tick=188400 Equity=45490.80 OpenPos=0 UTC=2026.03.06 14:33 DayOfWeek=5 WeekendCloseActive=NO NewTradeBlocked=YES | 188400.000000
OJ	0	07:34:02.680	Cazyxio_v4.1 (EURUSD,M15)	2026.03.06 14:34:02 | HEARTBEAT | SYSTEM | EA alive. Tick=188500 Equity=45490.80 OpenPos=0 UTC=2026.03.06 14:34 DayOfWeek=5 WeekendCloseActive=NO NewTradeBlocked=YES | 188500.000000
KG	0	07:34:40.316	Cazyxio_v4.1 (EURUSD,M15)	2026.03.06 14:34:40 | HEARTBEAT | SYSTEM | EA alive. Tick=188600 Equity=45490.80 OpenPos=0 UTC=2026.03.06 14:34 DayOfWeek=5 WeekendCloseActive=NO NewTradeBlocked=YES | 188600.000000
RS	0	07:35:15.686	Cazyxio_v4.1 (EURUSD,M15)	2026.03.06 14:35:15 | HEARTBEAT | SYSTEM | EA alive. Tick=188700 Equity=45490.80 OpenPos=0 UTC=2026.03.06 14:35 DayOfWeek=5 WeekendCloseActive=NO NewTradeBlocked=YES | 188700.000000
DO	0	07:35:49.891	Cazyxio_v4.1 (EURUSD,M15)	2026.03.06 14:35:49 | HEARTBEAT | SYSTEM | EA alive. Tick=188800 Equity=45490.80 OpenPos=0 UTC=2026.03.06 14:35 DayOfWeek=5 WeekendCloseActive=NO NewTradeBlocked=YES | 188800.000000
EH	0	07:36:20.028	Cazyxio_v4.1 (EURUSD,M15)	2026.03.06 14:36:20 | HEARTBEAT | SYSTEM | EA alive. Tick=188900 Equity=45490.80 OpenPos=0 UTC=2026.03.06 14:36 DayOfWeek=5 WeekendCloseActive=NO NewTradeBlocked=YES | 188900.000000
DD	0	07:36:52.117	Cazyxio_v4.1 (EURUSD,M15)	2026.03.06 14:36:52 | HEARTBEAT | SYSTEM | EA alive. Tick=189000 Equity=45490.80 OpenPos=0 UTC=2026.03.06 14:36 DayOfWeek=5 WeekendCloseActive=NO NewTradeBlocked=YES | 189000.000000
DQ	0	07:37:25.369	Cazyxio_v4.1 (EURUSD,M15)	2026.03.06 14:37:25 | HEARTBEAT | SYSTEM | EA alive. Tick=189100 Equity=45490.80 OpenPos=0 UTC=2026.03.06 14:37 DayOfWeek=5 WeekendCloseActive=NO NewTradeBlocked=YES | 189100.000000
OM	0	07:38:03.899	Cazyxio_v4.1 (EURUSD,M15)	2026.03.06 14:38:03 | HEARTBEAT | SYSTEM | EA alive. Tick=189200 Equity=45490.80 OpenPos=0 UTC=2026.03.06 14:38 DayOfWeek=5 WeekendCloseActive=NO NewTradeBlocked=YES | 189200.000000
II	0	07:38:37.888	Cazyxio_v4.1 (EURUSD,M15)	2026.03.06 14:38:37 | HEARTBEAT | SYSTEM | EA alive. Tick=189300 Equity=45490.80 OpenPos=0 UTC=2026.03.06 14:38 DayOfWeek=5 WeekendCloseActive=NO NewTradeBlocked=YES | 189300.000000
NJ	0	07:39:07.318	Cazyxio_v4.1 (EURUSD,M15)	2026.03.06 14:39:07 | HEARTBEAT | SYSTEM | EA alive. Tick=189400 Equity=45490.80 OpenPos=0 UTC=2026.03.06 14:39 DayOfWeek=5 WeekendCloseActive=NO NewTradeBlocked=YES | 189400.000000
QF	0	07:39:41.151	Cazyxio_v4.1 (EURUSD,M15)	2026.03.06 14:39:41 | HEARTBEAT | SYSTEM | EA alive. Tick=189500 Equity=45490.80 OpenPos=0 UTC=2026.03.06 14:39 DayOfWeek=5 WeekendCloseActive=NO NewTradeBlocked=YES | 189500.000000
DR	0	07:40:17.233	Cazyxio_v4.1 (EURUSD,M15)	2026.03.06 14:40:17 | HEARTBEAT | SYSTEM | EA alive. Tick=189600 Equity=45490.80 OpenPos=0 UTC=2026.03.06 14:40 DayOfWeek=5 WeekendCloseActive=NO NewTradeBlocked=YES | 189600.000000
CO	0	07:40:51.911	Cazyxio_v4.1 (EURUSD,M15)	2026.03.06 14:40:51 | HEARTBEAT | SYSTEM | EA alive. Tick=189700 Equity=45490.80 OpenPos=0 UTC=2026.03.06 14:40 DayOfWeek=5 WeekendCloseActive=NO NewTradeBlocked=YES | 189700.000000
CK	0	07:41:30.611	Cazyxio_v4.1 (EURUSD,M15)	2026.03.06 14:41:30 | HEARTBEAT | SYSTEM | EA alive. Tick=189800 Equity=45490.80 OpenPos=0 UTC=2026.03.06 14:41 DayOfWeek=5 WeekendCloseActive=NO NewTradeBlocked=YES | 189800.000000
LD	0	07:42:08.372	Cazyxio_v4.1 (EURUSD,M15)	2026.03.06 14:42:08 | HEARTBEAT | SYSTEM | EA alive. Tick=189900 Equity=45490.80 OpenPos=0 UTC=2026.03.06 14:42 DayOfWeek=5 WeekendCloseActive=NO NewTradeBlocked=YES | 189900.000000
EP	0	07:42:44.812	Cazyxio_v4.1 (EURUSD,M15)	2026.03.06 14:42:44 | HEARTBEAT | SYSTEM | EA alive. Tick=190000 Equity=45490.80 OpenPos=0 UTC=2026.03.06 14:42 DayOfWeek=5 WeekendCloseActive=NO NewTradeBlocked=YES | 190000.000000
IL	0	07:43:20.141	Cazyxio_v4.1 (EURUSD,M15)	2026.03.06 14:43:20 | HEARTBEAT | SYSTEM | EA alive. Tick=190100 Equity=45490.80 OpenPos=0 UTC=2026.03.06 14:43 DayOfWeek=5 WeekendCloseActive=NO NewTradeBlocked=YES | 190100.000000
JI	0	07:43:57.847	Cazyxio_v4.1 (EURUSD,M15)	2026.03.06 14:43:57 | HEARTBEAT | SYSTEM | EA alive. Tick=190200 Equity=45490.80 OpenPos=0 UTC=2026.03.06 14:43 DayOfWeek=5 WeekendCloseActive=NO NewTradeBlocked=YES | 190200.000000
LE	0	07:44:30.811	Cazyxio_v4.1 (EURUSD,M15)	2026.03.06 14:44:30 | HEARTBEAT | SYSTEM | EA alive. Tick=190300 Equity=45490.80 OpenPos=0 UTC=2026.03.06 14:44 DayOfWeek=5 WeekendCloseActive=NO NewTradeBlocked=YES | 190300.000000
MS	0	07:45:01.685	Cazyxio_v4.1 (EURUSD,M15)	2026.03.06 14:45:01 | BAR | EURUSD | close=1.15654 h4ema200=1.17555 h4slope=DOWN ema50=1.15832 atr=0.001420 atrSma=0.000909 atrRatio=1.563 dir=SHORT spread=19.0 spreadOK=YES atrGate=PASS touch=PASS momCandle=ZERO_RANGE_BAR barRange=0.000000 minBarRange=0.000426 (0.30xATR) momClosePos=0.500(forced) momOk=N ema50Ok=Y barRange=0.000000 zeroRangeBar=YES trigger=NO hasPos=NO portRisk=0.00% openPos=0 | 1.156540
KP	0	07:45:01.685	Cazyxio_v4.1 (EURUSD,M15)	2026.03.06 14:45:01 | GATE_FAIL | EURUSD | Zero-range bar FAIL (v4.1 fix). barRange=0.000000 < minBarRange=0.000426 (0.30x ATR). Doji/flat bar excluded from momentum evaluation.
HH	0	07:45:01.685	Cazyxio_v4.1 (EURUSD,M15)	2026.03.06 14:45:01 | BAR | USDCAD | close=1.36656 h4ema200=1.36847 h4slope=DOWN ema50=1.36585 atr=0.001119 atrSma=0.000865 atrRatio=1.294 dir=SHORT spread=27.0 spreadOK=YES atrGate=PASS touch=PASS momCandle=ZERO_RANGE_BAR barRange=0.000000 minBarRange=0.000336 (0.30xATR) momClosePos=0.500(forced) momOk=N ema50Ok=Y barRange=0.000000 zeroRangeBar=YES trigger=NO hasPos=NO portRisk=0.00% openPos=0 | 1.366560
GM	0	07:45:01.685	Cazyxio_v4.1 (EURUSD,M15)	2026.03.06 14:45:01 | GATE_FAIL | USDCAD | Zero-range bar FAIL (v4.1 fix). barRange=0.000000 < minBarRange=0.000336 (0.30x ATR). Doji/flat bar excluded from momentum evaluation.
IL	0	07:45:01.935	Cazyxio_v4.1 (EURUSD,M15)	2026.03.06 14:45:01 | BAR | GBPUSD | close=1.33426 h4ema200=1.34950 h4slope=DOWN ema50=1.33454 atr=0.001866 atrSma=0.001147 atrRatio=1.626 dir=SHORT spread=25.0 spreadOK=YES atrGate=PASS touch=PASS momCandle=ZERO_RANGE_BAR barRange=0.000000 minBarRange=0.000560 (0.30xATR) momClosePos=0.500(forced) momOk=N ema50Ok=Y barRange=0.000000 zeroRangeBar=YES trigger=NO hasPos=NO portRisk=0.00% openPos=0 | 1.334260
OH	0	07:45:01.935	Cazyxio_v4.1 (EURUSD,M15)	2026.03.06 14:45:01 | GATE_FAIL | GBPUSD | Zero-range bar FAIL (v4.1 fix). barRange=0.000000 < minBarRange=0.000560 (0.30x ATR). Doji/flat bar excluded from momentum evaluation.
CM	0	07:45:01.935	Cazyxio_v4.1 (EURUSD,M15)	2026.03.06 14:45:01 | BAR | USDJPY | close=157.798 h4ema200=155.874 h4slope=UP ema50=157.761 atr=0.169071 atrSma=0.109129 atrRatio=1.549 dir=LONG spread=18.0 spreadOK=YES atrGate=PASS touch=PASS momCandle=ZERO_RANGE_BAR barRange=0.000000 minBarRange=0.050721 (0.30xATR) momClosePos=0.500(forced) momOk=N ema50Ok=Y barRange=0.000000 zeroRangeBar=YES trigger=NO hasPos=NO portRisk=0.00% openPos=0 | 157.798000
CF	0	07:45:01.935	Cazyxio_v4.1 (EURUSD,M15)	2026.03.06 14:45:01 | GATE_FAIL | USDJPY | Zero-range bar FAIL (v4.1 fix). barRange=0.000000 < minBarRange=0.050721 (0.30x ATR). Doji/flat bar excluded from momentum evaluation.
RD	0	07:45:01.935	Cazyxio_v4.1 (EURUSD,M15)	2026.03.06 14:45:01 | BAR | AUDUSD | close=0.69834 h4ema200=0.69918 h4slope=UP ema50=0.70108 atr=0.001346 atrSma=0.000926 atrRatio=1.453 dir=NONE spread=21.0 spreadOK=YES atrGate=PASS touch=FAIL momCandle= zeroRangeBar=NO trigger=NO hasPos=NO portRisk=0.00% openPos=0 | 0.698340
CN	0	07:45:01.935	Cazyxio_v4.1 (EURUSD,M15)	2026.03.06 14:45:01 | GATE_FAIL | AUDUSD | No directional bias. h4slope=UP closeNow=0.69834 h4ema200=0.69918. Need H4 slope + price on correct side of H4 EMA200.
HG	0	07:45:01.935	Cazyxio_v4.1 (EURUSD,M15)	2026.03.06 14:45:01 | BAR | GBPJPY | close=210.551 h4ema200=210.357 h4slope=DOWN ema50=210.543 atr=0.186857 atrSma=0.145594 atrRatio=1.283 dir=NONE spread=47.0 spreadOK=NO atrGate=PASS touch=FAIL momCandle= zeroRangeBar=NO trigger=NO hasPos=NO portRisk=0.00% openPos=0 | 210.551000
KP	0	07:45:01.935	Cazyxio_v4.1 (EURUSD,M15)	2026.03.06 14:45:01 | GATE_FAIL | GBPJPY | No directional bias. h4slope=DOWN closeNow=210.551 h4ema200=210.357. Need H4 slope + price on correct side of H4 EMA200.
GI	0	07:45:08.798	Cazyxio_v4.1 (EURUSD,M15)	2026.03.06 14:45:08 | HEARTBEAT | SYSTEM | EA alive. Tick=190400 Equity=45490.80 OpenPos=0 UTC=2026.03.06 14:45 DayOfWeek=5 WeekendCloseActive=NO NewTradeBlocked=YES | 190400.000000
HJ	0	07:45:46.940	Cazyxio_v4.1 (EURUSD,M15)	2026.03.06 14:45:46 | HEARTBEAT | SYSTEM | EA alive. Tick=190500 Equity=45490.80 OpenPos=0 UTC=2026.03.06 14:45 DayOfWeek=5 WeekendCloseActive=NO NewTradeBlocked=YES | 190500.000000
LF	0	07:46:22.361	Cazyxio_v4.1 (EURUSD,M15)	2026.03.06 14:46:22 | HEARTBEAT | SYSTEM | EA alive. Tick=190600 Equity=45490.80 OpenPos=0 UTC=2026.03.06 14:46 DayOfWeek=5 WeekendCloseActive=NO NewTradeBlocked=YES | 190600.000000
LR	0	07:46:56.248	Cazyxio_v4.1 (EURUSD,M15)	2026.03.06 14:46:56 | HEARTBEAT | SYSTEM | EA alive. Tick=190700 Equity=45490.80 OpenPos=0 UTC=2026.03.06 14:46 DayOfWeek=5 WeekendCloseActive=NO NewTradeBlocked=YES | 190700.000000
MO	0	07:47:28.763	Cazyxio_v4.1 (EURUSD,M15)	2026.03.06 14:47:28 | HEARTBEAT | SYSTEM | EA alive. Tick=190800 Equity=45490.80 OpenPos=0 UTC=2026.03.06 14:47 DayOfWeek=5 WeekendCloseActive=NO NewTradeBlocked=YES | 190800.000000
LK	0	07:48:03.370	Cazyxio_v4.1 (EURUSD,M15)	2026.03.06 14:48:03 | HEARTBEAT | SYSTEM | EA alive. Tick=190900 Equity=45490.80 OpenPos=0 UTC=2026.03.06 14:48 DayOfWeek=5 WeekendCloseActive=NO NewTradeBlocked=YES | 190900.000000
PG	0	07:48:37.475	Cazyxio_v4.1 (EURUSD,M15)	2026.03.06 14:48:37 | HEARTBEAT | SYSTEM | EA alive. Tick=191000 Equity=45490.80 OpenPos=0 UTC=2026.03.06 14:48 DayOfWeek=5 WeekendCloseActive=NO NewTradeBlocked=YES | 191000.000000
LP	0	07:49:09.823	Cazyxio_v4.1 (EURUSD,M15)	2026.03.06 14:49:09 | HEARTBEAT | SYSTEM | EA alive. Tick=191100 Equity=45490.80 OpenPos=0 UTC=2026.03.06 14:49 DayOfWeek=5 WeekendCloseActive=NO NewTradeBlocked=YES | 191100.000000
FL	0	07:49:42.629	Cazyxio_v4.1 (EURUSD,M15)	2026.03.06 14:49:42 | HEARTBEAT | SYSTEM | EA alive. Tick=191200 Equity=45490.80 OpenPos=0 UTC=2026.03.06 14:49 DayOfWeek=5 WeekendCloseActive=NO NewTradeBlocked=YES | 191200.000000
RI	0	07:50:16.715	Cazyxio_v4.1 (EURUSD,M15)	2026.03.06 14:50:16 | HEARTBEAT | SYSTEM | EA alive. Tick=191300 Equity=45490.80 OpenPos=0 UTC=2026.03.06 14:50 DayOfWeek=5 WeekendCloseActive=NO NewTradeBlocked=YES | 191300.000000
RE	0	07:50:52.500	Cazyxio_v4.1 (EURUSD,M15)	2026.03.06 14:50:52 | HEARTBEAT | SYSTEM | EA alive. Tick=191400 Equity=45490.80 OpenPos=0 UTC=2026.03.06 14:50 DayOfWeek=5 WeekendCloseActive=NO NewTradeBlocked=YES | 191400.000000
EQ	0	07:51:24.065	Cazyxio_v4.1 (EURUSD,M15)	2026.03.06 14:51:24 | HEARTBEAT | SYSTEM | EA alive. Tick=191500 Equity=45490.80 OpenPos=0 UTC=2026.03.06 14:51 DayOfWeek=5 WeekendCloseActive=NO NewTradeBlocked=YES | 191500.000000
ER	0	07:51:57.508	Cazyxio_v4.1 (EURUSD,M15)	2026.03.06 14:51:57 | HEARTBEAT | SYSTEM | EA alive. Tick=191600 Equity=45490.80 OpenPos=0 UTC=2026.03.06 14:51 DayOfWeek=5 WeekendCloseActive=NO NewTradeBlocked=YES | 191600.000000
EN	0	07:52:33.545	Cazyxio_v4.1 (EURUSD,M15)	2026.03.06 14:52:33 | HEARTBEAT | SYSTEM | EA alive. Tick=191700 Equity=45490.80 OpenPos=0 UTC=2026.03.06 14:52 DayOfWeek=5 WeekendCloseActive=NO NewTradeBlocked=YES | 191700.000000
QJ	0	07:53:07.492	Cazyxio_v4.1 (EURUSD,M15)	2026.03.06 14:53:07 | HEARTBEAT | SYSTEM | EA alive. Tick=191800 Equity=45490.80 OpenPos=0 UTC=2026.03.06 14:53 DayOfWeek=5 WeekendCloseActive=NO NewTradeBlocked=YES | 191800.000000
OG	0	07:53:43.236	Cazyxio_v4.1 (EURUSD,M15)	2026.03.06 14:53:43 | HEARTBEAT | SYSTEM | EA alive. Tick=191900 Equity=45490.80 OpenPos=0 UTC=2026.03.06 14:53 DayOfWeek=5 WeekendCloseActive=NO NewTradeBlocked=YES | 191900.000000
NS	0	07:54:19.090	Cazyxio_v4.1 (EURUSD,M15)	2026.03.06 14:54:19 | HEARTBEAT | SYSTEM | EA alive. Tick=192000 Equity=45490.80 OpenPos=0 UTC=2026.03.06 14:54 DayOfWeek=5 WeekendCloseActive=NO NewTradeBlocked=YES | 192000.000000
GL	0	07:54:56.581	Cazyxio_v4.1 (EURUSD,M15)	2026.03.06 14:54:56 | HEARTBEAT | SYSTEM | EA alive. Tick=192100 Equity=45490.80 OpenPos=0 UTC=2026.03.06 14:54 DayOfWeek=5 WeekendCloseActive=NO NewTradeBlocked=YES | 192100.000000
NH	0	07:55:30.136	Cazyxio_v4.1 (EURUSD,M15)	2026.03.06 14:55:30 | HEARTBEAT | SYSTEM | EA alive. Tick=192200 Equity=45490.80 OpenPos=0 UTC=2026.03.06 14:55 DayOfWeek=5 WeekendCloseActive=NO NewTradeBlocked=YES | 192200.000000
ND	0	07:56:04.850	Cazyxio_v4.1 (EURUSD,M15)	2026.03.06 14:56:04 | HEARTBEAT | SYSTEM | EA alive. Tick=192300 Equity=45490.80 OpenPos=0 UTC=2026.03.06 14:56 DayOfWeek=5 WeekendCloseActive=NO NewTradeBlocked=YES | 192300.000000
IQ	0	07:56:47.068	Cazyxio_v4.1 (EURUSD,M15)	2026.03.06 14:56:47 | HEARTBEAT | SYSTEM | EA alive. Tick=192400 Equity=45490.80 OpenPos=0 UTC=2026.03.06 14:56 DayOfWeek=5 WeekendCloseActive=NO NewTradeBlocked=YES | 192400.000000
DM	0	07:57:20.046	Cazyxio_v4.1 (EURUSD,M15)	2026.03.06 14:57:20 | HEARTBEAT | SYSTEM | EA alive. Tick=192500 Equity=45490.80 OpenPos=0 UTC=2026.03.06 14:57 DayOfWeek=5 WeekendCloseActive=NO NewTradeBlocked=YES | 192500.000000
RI	0	07:58:11.140	Cazyxio_v4.1 (EURUSD,M15)	2026.03.06 14:58:11 | HEARTBEAT | SYSTEM | EA alive. Tick=192600 Equity=45490.80 OpenPos=0 UTC=2026.03.06 14:58 DayOfWeek=5 WeekendCloseActive=NO NewTradeBlocked=YES | 192600.000000
CJ	0	07:58:57.198	Cazyxio_v4.1 (EURUSD,M15)	2026.03.06 14:58:57 | HEARTBEAT | SYSTEM | EA alive. Tick=192700 Equity=45490.80 OpenPos=0 UTC=2026.03.06 14:58 DayOfWeek=5 WeekendCloseActive=NO NewTradeBlocked=YES | 192700.000000
PF	0	07:59:41.453	Cazyxio_v4.1 (EURUSD,M15)	2026.03.06 14:59:41 | HEARTBEAT | SYSTEM | EA alive. Tick=192800 Equity=45490.80 OpenPos=0 UTC=2026.03.06 14:59 DayOfWeek=5 WeekendCloseActive=NO NewTradeBlocked=YES | 192800.000000
EP	0	08:00:01.735	Cazyxio_v4.1 (EURUSD,M15)	2026.03.06 15:00:01 | BAR | GBPUSD | close=1.33397 h4ema200=1.34950 h4slope=DOWN ema50=1.33450 atr=0.001814 atrSma=0.001153 atrRatio=1.572 dir=SHORT spread=23.0 spreadOK=YES atrGate=PASS touch=PASS momCandle=ZERO_RANGE_BAR barRange=0.000000 minBarRange=0.000544 (0.30xATR) momClosePos=0.500(forced) momOk=N ema50Ok=Y barRange=0.000000 zeroRangeBar=YES trigger=NO hasPos=NO portRisk=0.00% openPos=0 | 1.333970
KD	0	08:00:01.735	Cazyxio_v4.1 (EURUSD,M15)	2026.03.06 15:00:01 | GATE_FAIL | GBPUSD | Zero-range bar FAIL (v4.1 fix). barRange=0.000000 < minBarRange=0.000544 (0.30x ATR). Doji/flat bar excluded from momentum evaluation.
NE	0	08:00:01.735	Cazyxio_v4.1 (EURUSD,M15)	2026.03.06 15:00:01 | BAR | EURUSD | close=1.15710 h4ema200=1.17555 h4slope=DOWN ema50=1.15829 atr=0.001400 atrSma=0.000913 atrRatio=1.533 dir=SHORT spread=18.0 spreadOK=YES atrGate=PASS touch=PASS momCandle=ZERO_RANGE_BAR barRange=0.000000 minBarRange=0.000420 (0.30xATR) momClosePos=0.500(forced) momOk=N ema50Ok=Y barRange=0.000000 zeroRangeBar=YES trigger=NO hasPos=NO portRisk=0.00% openPos=0 | 1.157100
IR	0	08:00:01.735	Cazyxio_v4.1 (EURUSD,M15)	2026.03.06 15:00:01 | GATE_FAIL | EURUSD | Zero-range bar FAIL (v4.1 fix). barRange=0.000000 < minBarRange=0.000420 (0.30x ATR). Doji/flat bar excluded from momentum evaluation.
LF	0	08:00:01.735	Cazyxio_v4.1 (EURUSD,M15)	2026.03.06 15:00:01 | BAR | USDJPY | close=157.659 h4ema200=155.873 h4slope=UP ema50=157.752 atr=0.174357 atrSma=0.109994 atrRatio=1.585 dir=LONG spread=19.0 spreadOK=YES atrGate=PASS touch=PASS momCandle=ZERO_RANGE_BAR barRange=0.000000 minBarRange=0.052307 (0.30xATR) momClosePos=0.500(forced) momOk=N ema50Ok=Y barRange=0.000000 zeroRangeBar=YES trigger=NO hasPos=NO portRisk=0.00% openPos=0 | 157.659000
MN	0	08:00:01.735	Cazyxio_v4.1 (EURUSD,M15)	2026.03.06 15:00:01 | GATE_FAIL | USDJPY | Zero-range bar FAIL (v4.1 fix). barRange=0.000000 < minBarRange=0.052307 (0.30x ATR). Doji/flat bar excluded from momentum evaluation.
IL	0	08:00:01.735	Cazyxio_v4.1 (EURUSD,M15)	2026.03.06 15:00:01 | BAR | AUDUSD | close=0.69892 h4ema200=0.69919 h4slope=UP ema50=0.70102 atr=0.001332 atrSma=0.000931 atrRatio=1.431 dir=NONE spread=19.0 spreadOK=YES atrGate=PASS touch=FAIL momCandle= zeroRangeBar=NO trigger=NO hasPos=NO portRisk=0.00% openPos=0 | 0.698920
HG	0	08:00:01.735	Cazyxio_v4.1 (EURUSD,M15)	2026.03.06 15:00:01 | GATE_FAIL | AUDUSD | No directional bias. h4slope=UP closeNow=0.69892 h4ema200=0.69919. Need H4 slope + price on correct side of H4 EMA200.
PL	0	08:00:01.735	Cazyxio_v4.1 (EURUSD,M15)	2026.03.06 15:00:01 | BAR | GBPJPY | close=210.318 h4ema200=210.355 h4slope=DOWN ema50=210.526 atr=0.195929 atrSma=0.146240 atrRatio=1.340 dir=SHORT spread=49.0 spreadOK=NO atrGate=PASS touch=PASS momCandle=ZERO_RANGE_BAR barRange=0.000000 minBarRange=0.058779 (0.30xATR) momClosePos=0.500(forced) momOk=N ema50Ok=Y barRange=0.000000 zeroRangeBar=YES trigger=NO hasPos=NO portRisk=0.00% openPos=0 | 210.318000
CG	0	08:00:01.735	Cazyxio_v4.1 (EURUSD,M15)	2026.03.06 15:00:01 | GATE_FAIL | GBPJPY | Spread too wide. Spread=49.0 Max=30 points.
GJ	0	08:00:01.735	Cazyxio_v4.1 (EURUSD,M15)	2026.03.06 15:00:01 | BAR | USDCAD | close=1.36480 h4ema200=1.36845 h4slope=DOWN ema50=1.36574 atr=0.001221 atrSma=0.000869 atrRatio=1.405 dir=SHORT spread=30.0 spreadOK=YES atrGate=PASS touch=PASS momCandle=ZERO_RANGE_BAR barRange=0.000000 minBarRange=0.000366 (0.30xATR) momClosePos=0.500(forced) momOk=N ema50Ok=Y barRange=0.000000 zeroRangeBar=YES trigger=NO hasPos=NO portRisk=0.00% openPos=0 | 1.364800
HO	0	08:00:01.735	Cazyxio_v4.1 (EURUSD,M15)	2026.03.06 15:00:01 | GATE_FAIL | USDCAD | Zero-range bar FAIL (v4.1 fix). barRange=0.000000 < minBarRange=0.000366 (0.30x ATR). Doji/flat bar excluded from momentum evaluation.
PM	0	08:00:20.548	Cazyxio_v4.1 (EURUSD,M15)	2026.03.06 15:00:20 | HEARTBEAT | SYSTEM | EA alive. Tick=192900 Equity=45490.80 OpenPos=0 UTC=2026.03.06 15:00 DayOfWeek=5 WeekendCloseActive=NO NewTradeBlocked=YES | 192900.000000
GI	0	08:00:51.039	Cazyxio_v4.1 (EURUSD,M15)	2026.03.06 15:00:51 | HEARTBEAT | SYSTEM | EA alive. Tick=193000 Equity=45490.80 OpenPos=0 UTC=2026.03.06 15:00 DayOfWeek=5 WeekendCloseActive=NO NewTradeBlocked=YES | 193000.000000
QE	0	08:01:27.689	Cazyxio_v4.1 (EURUSD,M15)	2026.03.06 15:01:27 | HEARTBEAT | SYSTEM | EA alive. Tick=193100 Equity=45490.80 OpenPos=0 UTC=2026.03.06 15:01 DayOfWeek=5 WeekendCloseActive=NO NewTradeBlocked=YES | 193100.000000
OF	0	08:02:03.905	Cazyxio_v4.1 (EURUSD,M15)	2026.03.06 15:02:03 | HEARTBEAT | SYSTEM | EA alive. Tick=193200 Equity=45490.80 OpenPos=0 UTC=2026.03.06 15:02 DayOfWeek=5 WeekendCloseActive=NO NewTradeBlocked=YES | 193200.000000
KR	0	08:02:34.035	Cazyxio_v4.1 (EURUSD,M15)	2026.03.06 15:02:34 | HEARTBEAT | SYSTEM | EA alive. Tick=193300 Equity=45490.80 OpenPos=0 UTC=2026.03.06 15:02 DayOfWeek=5 WeekendCloseActive=NO NewTradeBlocked=YES | 193300.000000
JO	0	08:03:06.534	Cazyxio_v4.1 (EURUSD,M15)	2026.03.06 15:03:06 | HEARTBEAT | SYSTEM | EA alive. Tick=193400 Equity=45490.80 OpenPos=0 UTC=2026.03.06 15:03 DayOfWeek=5 WeekendCloseActive=NO NewTradeBlocked=YES | 193400.000000
QK	0	08:03:36.591	Cazyxio_v4.1 (EURUSD,M15)	2026.03.06 15:03:36 | HEARTBEAT | SYSTEM | EA alive. Tick=193500 Equity=45490.80 OpenPos=0 UTC=2026.03.06 15:03 DayOfWeek=5 WeekendCloseActive=NO NewTradeBlocked=YES | 193500.000000
LG	0	08:04:09.272	Cazyxio_v4.1 (EURUSD,M15)	2026.03.06 15:04:09 | HEARTBEAT | SYSTEM | EA alive. Tick=193600 Equity=45490.80 OpenPos=0 UTC=2026.03.06 15:04 DayOfWeek=5 WeekendCloseActive=NO NewTradeBlocked=YES | 193600.000000
IP	0	08:04:41.644	Cazyxio_v4.1 (EURUSD,M15)	2026.03.06 15:04:41 | HEARTBEAT | SYSTEM | EA alive. Tick=193700 Equity=45490.80 OpenPos=0 UTC=2026.03.06 15:04 DayOfWeek=5 WeekendCloseActive=NO NewTradeBlocked=YES | 193700.000000
QL	0	08:05:12.137	Cazyxio_v4.1 (EURUSD,M15)	2026.03.06 15:05:12 | HEARTBEAT | SYSTEM | EA alive. Tick=193800 Equity=45490.80 OpenPos=0 UTC=2026.03.06 15:05 DayOfWeek=5 WeekendCloseActive=NO NewTradeBlocked=YES | 193800.000000
PH	0	08:05:44.617	Cazyxio_v4.1 (EURUSD,M15)	2026.03.06 15:05:44 | HEARTBEAT | SYSTEM | EA alive. Tick=193900 Equity=45490.80 OpenPos=0 UTC=2026.03.06 15:05 DayOfWeek=5 WeekendCloseActive=NO NewTradeBlocked=YES | 193900.000000
DE	0	08:06:20.731	Cazyxio_v4.1 (EURUSD,M15)	2026.03.06 15:06:20 | HEARTBEAT | SYSTEM | EA alive. Tick=194000 Equity=45490.80 OpenPos=0 UTC=2026.03.06 15:06 DayOfWeek=5 WeekendCloseActive=NO NewTradeBlocked=YES | 194000.000000
OQ	0	08:06:52.666	Cazyxio_v4.1 (EURUSD,M15)	2026.03.06 15:06:52 | HEARTBEAT | SYSTEM | EA alive. Tick=194100 Equity=45490.80 OpenPos=0 UTC=2026.03.06 15:06 DayOfWeek=5 WeekendCloseActive=NO NewTradeBlocked=YES | 194100.000000
FR	0	08:07:29.046	Cazyxio_v4.1 (EURUSD,M15)	2026.03.06 15:07:29 | HEARTBEAT | SYSTEM | EA alive. Tick=194200 Equity=45490.80 OpenPos=0 UTC=2026.03.06 15:07 DayOfWeek=5 WeekendCloseActive=NO NewTradeBlocked=YES | 194200.000000
FN	0	08:08:00.920	Cazyxio_v4.1 (EURUSD,M15)	2026.03.06 15:08:00 | HEARTBEAT | SYSTEM | EA alive. Tick=194300 Equity=45490.80 OpenPos=0 UTC=2026.03.06 15:08 DayOfWeek=5 WeekendCloseActive=NO NewTradeBlocked=YES | 194300.000000
FJ	0	08:08:33.771	Cazyxio_v4.1 (EURUSD,M15)	2026.03.06 15:08:33 | HEARTBEAT | SYSTEM | EA alive. Tick=194400 Equity=45490.80 OpenPos=0 UTC=2026.03.06 15:08 DayOfWeek=5 WeekendCloseActive=NO NewTradeBlocked=YES | 194400.000000
EG	0	08:09:11.843	Cazyxio_v4.1 (EURUSD,M15)	2026.03.06 15:09:11 | HEARTBEAT | SYSTEM | EA alive. Tick=194500 Equity=45490.80 OpenPos=0 UTC=2026.03.06 15:09 DayOfWeek=5 WeekendCloseActive=NO NewTradeBlocked=YES | 194500.000000
CS	0	08:09:48.744	Cazyxio_v4.1 (EURUSD,M15)	2026.03.06 15:09:48 | HEARTBEAT | SYSTEM | EA alive. Tick=194600 Equity=45490.80 OpenPos=0 UTC=2026.03.06 15:09 DayOfWeek=5 WeekendCloseActive=NO NewTradeBlocked=YES | 194600.000000
EO	0	08:10:24.579	Cazyxio_v4.1 (EURUSD,M15)	2026.03.06 15:10:24 | HEARTBEAT | SYSTEM | EA alive. Tick=194700 Equity=45490.80 OpenPos=0 UTC=2026.03.06 15:10 DayOfWeek=5 WeekendCloseActive=NO NewTradeBlocked=YES | 194700.000000
NH	0	08:11:02.988	Cazyxio_v4.1 (EURUSD,M15)	2026.03.06 15:11:02 | HEARTBEAT | SYSTEM | EA alive. Tick=194800 Equity=45490.80 OpenPos=0 UTC=2026.03.06 15:11 DayOfWeek=5 WeekendCloseActive=NO NewTradeBlocked=YES | 194800.000000
KD	0	08:11:34.499	Cazyxio_v4.1 (EURUSD,M15)	2026.03.06 15:11:34 | HEARTBEAT | SYSTEM | EA alive. Tick=194900 Equity=45490.80 OpenPos=0 UTC=2026.03.06 15:11 DayOfWeek=5 WeekendCloseActive=NO NewTradeBlocked=YES | 194900.000000
IQ	0	08:12:11.021	Cazyxio_v4.1 (EURUSD,M15)	2026.03.06 15:12:11 | HEARTBEAT | SYSTEM | EA alive. Tick=195000 Equity=45490.80 OpenPos=0 UTC=2026.03.06 15:12 DayOfWeek=5 WeekendCloseActive=NO NewTradeBlocked=YES | 195000.000000
LM	0	08:12:45.192	Cazyxio_v4.1 (EURUSD,M15)	2026.03.06 15:12:45 | HEARTBEAT | SYSTEM | EA alive. Tick=195100 Equity=45490.80 OpenPos=0 UTC=2026.03.06 15:12 DayOfWeek=5 WeekendCloseActive=NO NewTradeBlocked=YES | 195100.000000
NI	0	08:13:22.993	Cazyxio_v4.1 (EURUSD,M15)	2026.03.06 15:13:22 | HEARTBEAT | SYSTEM | EA alive. Tick=195200 Equity=45490.80 OpenPos=0 UTC=2026.03.06 15:13 DayOfWeek=5 WeekendCloseActive=NO NewTradeBlocked=YES | 195200.000000
HJ	0	08:13:56.322	Cazyxio_v4.1 (EURUSD,M15)	2026.03.06 15:13:56 | HEARTBEAT | SYSTEM | EA alive. Tick=195300 Equity=45490.80 OpenPos=0 UTC=2026.03.06 15:13 DayOfWeek=5 WeekendCloseActive=NO NewTradeBlocked=YES | 195300.000000
NF	0	08:14:30.527	Cazyxio_v4.1 (EURUSD,M15)	2026.03.06 15:14:30 | HEARTBEAT | SYSTEM | EA alive. Tick=195400 Equity=45490.80 OpenPos=0 UTC=2026.03.06 15:14 DayOfWeek=5 WeekendCloseActive=NO NewTradeBlocked=YES | 195400.000000
RP	0	08:15:01.678	Cazyxio_v4.1 (EURUSD,M15)	2026.03.06 15:15:01 | BAR | EURUSD | close=1.15890 h4ema200=1.17557 h4slope=DOWN ema50=1.15838 atr=0.001493 atrSma=0.000919 atrRatio=1.624 dir=SHORT spread=19.0 spreadOK=YES atrGate=PASS touch=PASS momCandle=ZERO_RANGE_BAR barRange=0.000000 minBarRange=0.000448 (0.30xATR) momClosePos=0.500(forced) momOk=N ema50Ok=Y barRange=0.000000 zeroRangeBar=YES trigger=NO hasPos=NO portRisk=0.00% openPos=0 | 1.158900
OE	0	08:15:01.678	Cazyxio_v4.1 (EURUSD,M15)	2026.03.06 15:15:01 | GATE_FAIL | EURUSD | Zero-range bar FAIL (v4.1 fix). barRange=0.000000 < minBarRange=0.000448 (0.30x ATR). Doji/flat bar excluded from momentum evaluation.
PJ	0	08:15:01.678	Cazyxio_v4.1 (EURUSD,M15)	2026.03.06 15:15:01 | BAR | GBPJPY | close=210.811 h4ema200=210.360 h4slope=DOWN ema50=210.555 atr=0.223214 atrSma=0.147356 atrRatio=1.515 dir=NONE spread=54.0 spreadOK=NO atrGate=PASS touch=FAIL momCandle= zeroRangeBar=NO trigger=NO hasPos=NO portRisk=0.00% openPos=0 | 210.811000
FO	0	08:15:01.678	Cazyxio_v4.1 (EURUSD,M15)	2026.03.06 15:15:01 | GATE_FAIL | GBPJPY | No directional bias. h4slope=DOWN closeNow=210.811 h4ema200=210.360. Need H4 slope + price on correct side of H4 EMA200.
RD	0	08:15:01.678	Cazyxio_v4.1 (EURUSD,M15)	2026.03.06 15:15:01 | BAR | USDCAD | close=1.36233 h4ema200=1.36842 h4slope=DOWN ema50=1.36552 atr=0.001345 atrSma=0.000876 atrRatio=1.536 dir=SHORT spread=31.0 spreadOK=NO atrGate=PASS touch=PASS momCandle=ZERO_RANGE_BAR barRange=0.000000 minBarRange=0.000404 (0.30xATR) momClosePos=0.500(forced) momOk=N ema50Ok=Y barRange=0.000000 zeroRangeBar=YES trigger=NO hasPos=NO portRisk=0.00% openPos=0 | 1.362330
JM	0	08:15:01.678	Cazyxio_v4.1 (EURUSD,M15)	2026.03.06 15:15:01 | GATE_FAIL | USDCAD | Spread too wide. Spread=31.0 Max=30 points.
PP	0	08:15:01.924	Cazyxio_v4.1 (EURUSD,M15)	2026.03.06 15:15:01 | BAR | GBPUSD | close=1.33741 h4ema200=1.34954 h4slope=DOWN ema50=1.33475 atr=0.001994 atrSma=0.001163 atrRatio=1.714 dir=SHORT spread=22.0 spreadOK=YES atrGate=PASS touch=PASS momCandle=ZERO_RANGE_BAR barRange=0.000000 minBarRange=0.000598 (0.30xATR) momClosePos=0.500(forced) momOk=N ema50Ok=Y barRange=0.000000 zeroRangeBar=YES trigger=NO hasPos=NO portRisk=0.00% openPos=0 | 1.337410
PG	0	08:15:01.924	Cazyxio_v4.1 (EURUSD,M15)	2026.03.06 15:15:01 | GATE_FAIL | GBPUSD | Zero-range bar FAIL (v4.1 fix). barRange=0.000000 < minBarRange=0.000598 (0.30x ATR). Doji/flat bar excluded from momentum evaluation.
IJ	0	08:15:01.924	Cazyxio_v4.1 (EURUSD,M15)	2026.03.06 15:15:01 | BAR | USDJPY | close=157.618 h4ema200=155.872 h4slope=UP ema50=157.745 atr=0.179786 atrSma=0.110855 atrRatio=1.622 dir=LONG spread=19.0 spreadOK=YES atrGate=PASS touch=PASS momCandle=ZERO_RANGE_BAR barRange=0.000000 minBarRange=0.053936 (0.30xATR) momClosePos=0.500(forced) momOk=N ema50Ok=Y barRange=0.000000 zeroRangeBar=YES trigger=NO hasPos=NO portRisk=0.00% openPos=0 | 157.618000
PR	0	08:15:01.924	Cazyxio_v4.1 (EURUSD,M15)	2026.03.06 15:15:01 | GATE_FAIL | USDJPY | Zero-range bar FAIL (v4.1 fix). barRange=0.000000 < minBarRange=0.053936 (0.30x ATR). Doji/flat bar excluded from momentum evaluation.
DG	0	08:15:01.924	Cazyxio_v4.1 (EURUSD,M15)	2026.03.06 15:15:01 | BAR | AUDUSD | close=0.70168 h4ema200=0.69921 h4slope=UP ema50=0.70115 atr=0.001446 atrSma=0.000937 atrRatio=1.543 dir=LONG spread=21.0 spreadOK=YES atrGate=PASS touch=PASS momCandle=ZERO_RANGE_BAR barRange=0.000000 minBarRange=0.000434 (0.30xATR) momClosePos=0.500(forced) momOk=N ema50Ok=Y barRange=0.000000 zeroRangeBar=YES trigger=NO hasPos=NO portRisk=0.00% openPos=0 | 0.701680
NN	0	08:15:01.924	Cazyxio_v4.1 (EURUSD,M15)	2026.03.06 15:15:01 | GATE_FAIL | AUDUSD | Zero-range bar FAIL (v4.1 fix). barRange=0.000000 < minBarRange=0.000434 (0.30x ATR). Doji/flat bar excluded from momentum evaluation.
IM	0	08:15:07.985	Cazyxio_v4.1 (EURUSD,M15)	2026.03.06 15:15:07 | HEARTBEAT | SYSTEM | EA alive. Tick=195500 Equity=45490.80 OpenPos=0 UTC=2026.03.06 15:15 DayOfWeek=5 WeekendCloseActive=NO NewTradeBlocked=YES | 195500.000000
EI	0	08:15:40.622	Cazyxio_v4.1 (EURUSD,M15)	2026.03.06 15:15:40 | HEARTBEAT | SYSTEM | EA alive. Tick=195600 Equity=45490.80 OpenPos=0 UTC=2026.03.06 15:15 DayOfWeek=5 WeekendCloseActive=NO NewTradeBlocked=YES | 195600.000000
JE	0	08:16:19.587	Cazyxio_v4.1 (EURUSD,M15)	2026.03.06 15:16:19 | HEARTBEAT | SYSTEM | EA alive. Tick=195700 Equity=45490.80 OpenPos=0 UTC=2026.03.06 15:16 DayOfWeek=5 WeekendCloseActive=NO NewTradeBlocked=YES | 195700.000000
HF	0	08:17:00.034	Cazyxio_v4.1 (EURUSD,M15)	2026.03.06 15:17:00 | HEARTBEAT | SYSTEM | EA alive. Tick=195800 Equity=45490.80 OpenPos=0 UTC=2026.03.06 15:17 DayOfWeek=5 WeekendCloseActive=NO NewTradeBlocked=YES | 195800.000000
LR	0	08:17:33.331	Cazyxio_v4.1 (EURUSD,M15)	2026.03.06 15:17:33 | HEARTBEAT | SYSTEM | EA alive. Tick=195900 Equity=45490.80 OpenPos=0 UTC=2026.03.06 15:17 DayOfWeek=5 WeekendCloseActive=NO NewTradeBlocked=YES | 195900.000000
QN	0	08:18:11.935	Cazyxio_v4.1 (EURUSD,M15)	2026.03.06 15:18:11 | HEARTBEAT | SYSTEM | EA alive. Tick=196000 Equity=45490.80 OpenPos=0 UTC=2026.03.06 15:18 DayOfWeek=5 WeekendCloseActive=NO NewTradeBlocked=YES | 196000.000000
GK	0	08:18:52.429	Cazyxio_v4.1 (EURUSD,M15)	2026.03.06 15:18:52 | HEARTBEAT | SYSTEM | EA alive. Tick=196100 Equity=45490.80 OpenPos=0 UTC=2026.03.06 15:18 DayOfWeek=5 WeekendCloseActive=NO NewTradeBlocked=YES | 196100.000000
MG	0	08:19:32.529	Cazyxio_v4.1 (EURUSD,M15)	2026.03.06 15:19:32 | HEARTBEAT | SYSTEM | EA alive. Tick=196200 Equity=45490.80 OpenPos=0 UTC=2026.03.06 15:19 DayOfWeek=5 WeekendCloseActive=NO NewTradeBlocked=YES | 196200.000000
PP	0	08:20:09.922	Cazyxio_v4.1 (EURUSD,M15)	2026.03.06 15:20:09 | HEARTBEAT | SYSTEM | EA alive. Tick=196300 Equity=45490.80 OpenPos=0 UTC=2026.03.06 15:20 DayOfWeek=5 WeekendCloseActive=NO NewTradeBlocked=YES | 196300.000000
HL	0	08:20:46.654	Cazyxio_v4.1 (EURUSD,M15)	2026.03.06 15:20:46 | HEARTBEAT | SYSTEM | EA alive. Tick=196400 Equity=45490.80 OpenPos=0 UTC=2026.03.06 15:20 DayOfWeek=5 WeekendCloseActive=NO NewTradeBlocked=YES | 196400.000000
GH	0	08:21:27.049	Cazyxio_v4.1 (EURUSD,M15)	2026.03.06 15:21:27 | HEARTBEAT | SYSTEM | EA alive. Tick=196500 Equity=45490.80 OpenPos=0 UTC=2026.03.06 15:21 DayOfWeek=5 WeekendCloseActive=NO NewTradeBlocked=YES | 196500.000000
PE	0	08:22:06.229	Cazyxio_v4.1 (EURUSD,M15)	2026.03.06 15:22:06 | HEARTBEAT | SYSTEM | EA alive. Tick=196600 Equity=45490.80 OpenPos=0 UTC=2026.03.06 15:22 DayOfWeek=5 WeekendCloseActive=NO NewTradeBlocked=YES | 196600.000000
FQ	0	08:22:49.397	Cazyxio_v4.1 (EURUSD,M15)	2026.03.06 15:22:49 | HEARTBEAT | SYSTEM | EA alive. Tick=196700 Equity=45490.80 OpenPos=0 UTC=2026.03.06 15:22 DayOfWeek=5 WeekendCloseActive=NO NewTradeBlocked=YES | 196700.000000
MM	0	08:23:44.366	Cazyxio_v4.1 (EURUSD,M15)	2026.03.06 15:23:44 | HEARTBEAT | SYSTEM | EA alive. Tick=196800 Equity=45490.80 OpenPos=0 UTC=2026.03.06 15:23 DayOfWeek=5 WeekendCloseActive=NO NewTradeBlocked=YES | 196800.000000
HN	0	08:24:27.908	Cazyxio_v4.1 (EURUSD,M15)	2026.03.06 15:24:27 | HEARTBEAT | SYSTEM | EA alive. Tick=196900 Equity=45490.80 OpenPos=0 UTC=2026.03.06 15:24 DayOfWeek=5 WeekendCloseActive=NO NewTradeBlocked=YES | 196900.000000
OJ	0	08:25:06.711	Cazyxio_v4.1 (EURUSD,M15)	2026.03.06 15:25:06 | HEARTBEAT | SYSTEM | EA alive. Tick=197000 Equity=45490.80 OpenPos=0 UTC=2026.03.06 15:25 DayOfWeek=5 WeekendCloseActive=NO NewTradeBlocked=YES | 197000.000000
CG	0	08:25:54.212	Cazyxio_v4.1 (EURUSD,M15)	2026.03.06 15:25:54 | HEARTBEAT | SYSTEM | EA alive. Tick=197100 Equity=45490.80 OpenPos=0 UTC=2026.03.06 15:25 DayOfWeek=5 WeekendCloseActive=NO NewTradeBlocked=YES | 197100.000000
PS	0	08:26:31.191	Cazyxio_v4.1 (EURUSD,M15)	2026.03.06 15:26:31 | HEARTBEAT | SYSTEM | EA alive. Tick=197200 Equity=45490.80 OpenPos=0 UTC=2026.03.06 15:26 DayOfWeek=5 WeekendCloseActive=NO NewTradeBlocked=YES | 197200.000000
NO	0	08:27:11.217	Cazyxio_v4.1 (EURUSD,M15)	2026.03.06 15:27:11 | HEARTBEAT | SYSTEM | EA alive. Tick=197300 Equity=45490.80 OpenPos=0 UTC=2026.03.06 15:27 DayOfWeek=5 WeekendCloseActive=NO NewTradeBlocked=YES | 197300.000000
OH	0	08:27:47.962	Cazyxio_v4.1 (EURUSD,M15)	2026.03.06 15:27:47 | HEARTBEAT | SYSTEM | EA alive. Tick=197400 Equity=45490.80 OpenPos=0 UTC=2026.03.06 15:27 DayOfWeek=5 WeekendCloseActive=NO NewTradeBlocked=YES | 197400.000000
GD	0	08:28:22.981	Cazyxio_v4.1 (EURUSD,M15)	2026.03.06 15:28:22 | HEARTBEAT | SYSTEM | EA alive. Tick=197500 Equity=45490.80 OpenPos=0 UTC=2026.03.06 15:28 DayOfWeek=5 WeekendCloseActive=NO NewTradeBlocked=YES | 197500.000000
EP	0	08:28:59.635	Cazyxio_v4.1 (EURUSD,M15)	2026.03.06 15:28:59 | HEARTBEAT | SYSTEM | EA alive. Tick=197600 Equity=45490.80 OpenPos=0 UTC=2026.03.06 15:28 DayOfWeek=5 WeekendCloseActive=NO NewTradeBlocked=YES | 197600.000000
RM	0	08:29:39.457	Cazyxio_v4.1 (EURUSD,M15)	2026.03.06 15:29:39 | HEARTBEAT | SYSTEM | EA alive. Tick=197700 Equity=45490.80 OpenPos=0 UTC=2026.03.06 15:29 DayOfWeek=5 WeekendCloseActive=NO NewTradeBlocked=YES | 197700.000000
QK	0	08:30:01.754	Cazyxio_v4.1 (EURUSD,M15)	2026.03.06 15:30:01 | BAR | EURUSD | close=1.15749 h4ema200=1.17556 h4slope=DOWN ema50=1.15829 atr=0.001546 atrSma=0.000926 atrRatio=1.670 dir=SHORT spread=18.0 spreadOK=YES atrGate=PASS touch=PASS momCandle=ZERO_RANGE_BAR barRange=0.000000 minBarRange=0.000464 (0.30xATR) momClosePos=0.500(forced) momOk=N ema50Ok=Y barRange=0.000000 zeroRangeBar=YES trigger=NO hasPos=NO portRisk=0.00% openPos=0 | 1.157490
DH	0	08:30:01.754	Cazyxio_v4.1 (EURUSD,M15)	2026.03.06 15:30:01 | GATE_FAIL | EURUSD | Zero-range bar FAIL (v4.1 fix). barRange=0.000000 < minBarRange=0.000464 (0.30x ATR). Doji/flat bar excluded from momentum evaluation.
LM	0	08:30:01.754	Cazyxio_v4.1 (EURUSD,M15)	2026.03.06 15:30:01 | BAR | AUDUSD | close=0.70089 h4ema200=0.69920 h4slope=UP ema50=0.70111 atr=0.001504 atrSma=0.000943 atrRatio=1.595 dir=LONG spread=21.0 spreadOK=YES atrGate=PASS touch=PASS momCandle=ZERO_RANGE_BAR barRange=0.000000 minBarRange=0.000451 (0.30xATR) momClosePos=0.500(forced) momOk=N ema50Ok=Y barRange=0.000000 zeroRangeBar=YES trigger=NO hasPos=NO portRisk=0.00% openPos=0 | 0.700890
LE	0	08:30:01.754	Cazyxio_v4.1 (EURUSD,M15)	2026.03.06 15:30:01 | GATE_FAIL | AUDUSD | Zero-range bar FAIL (v4.1 fix). barRange=0.000000 < minBarRange=0.000451 (0.30x ATR). Doji/flat bar excluded from momentum evaluation.
NK	0	08:30:01.754	Cazyxio_v4.1 (EURUSD,M15)	2026.03.06 15:30:01 | BAR | GBPJPY | close=210.668 h4ema200=210.358 h4slope=DOWN ema50=210.554 atr=0.234214 atrSma=0.148260 atrRatio=1.580 dir=NONE spread=47.0 spreadOK=NO atrGate=PASS touch=FAIL momCandle= zeroRangeBar=NO trigger=NO hasPos=NO portRisk=0.00% openPos=0 | 210.668000
JL	0	08:30:01.754	Cazyxio_v4.1 (EURUSD,M15)	2026.03.06 15:30:01 | GATE_FAIL | GBPJPY | No directional bias. h4slope=DOWN closeNow=210.668 h4ema200=210.358. Need H4 slope + price on correct side of H4 EMA200.
OF	0	08:30:01.931	Cazyxio_v4.1 (EURUSD,M15)	2026.03.06 15:30:01 | BAR | GBPUSD | close=1.33536 h4ema200=1.34952 h4slope=DOWN ema50=1.33469 atr=0.002128 atrSma=0.001174 atrRatio=1.813 dir=SHORT spread=25.0 spreadOK=YES atrGate=PASS touch=PASS momCandle=ZERO_RANGE_BAR barRange=0.000000 minBarRange=0.000638 (0.30xATR) momClosePos=0.500(forced) momOk=N ema50Ok=Y barRange=0.000000 zeroRangeBar=YES trigger=NO hasPos=NO portRisk=0.00% openPos=0 | 1.335360
EM	0	08:30:01.931	Cazyxio_v4.1 (EURUSD,M15)	2026.03.06 15:30:01 | GATE_FAIL | GBPUSD | Zero-range bar FAIL (v4.1 fix). barRange=0.000000 < minBarRange=0.000638 (0.30x ATR). Doji/flat bar excluded from momentum evaluation.
OP	0	08:30:01.931	Cazyxio_v4.1 (EURUSD,M15)	2026.03.06 15:30:01 | BAR | USDJPY | close=157.760 h4ema200=155.874 h4slope=UP ema50=157.751 atr=0.188143 atrSma=0.111826 atrRatio=1.682 dir=LONG spread=16.0 spreadOK=YES atrGate=PASS touch=PASS momCandle=ZERO_RANGE_BAR barRange=0.000000 minBarRange=0.056443 (0.30xATR) momClosePos=0.500(forced) momOk=N ema50Ok=Y barRange=0.000000 zeroRangeBar=YES trigger=NO hasPos=NO portRisk=0.00% openPos=0 | 157.760000
DH	0	08:30:01.931	Cazyxio_v4.1 (EURUSD,M15)	2026.03.06 15:30:01 | GATE_FAIL | USDJPY | Zero-range bar FAIL (v4.1 fix). barRange=0.000000 < minBarRange=0.056443 (0.30x ATR). Doji/flat bar excluded from momentum evaluation.
HP	0	08:30:01.931	Cazyxio_v4.1 (EURUSD,M15)	2026.03.06 15:30:01 | BAR | USDCAD | close=1.36262 h4ema200=1.36843 h4slope=DOWN ema50=1.36542 atr=0.001366 atrSma=0.000881 atrRatio=1.550 dir=SHORT spread=28.0 spreadOK=YES atrGate=PASS touch=PASS momCandle=ZERO_RANGE_BAR barRange=0.000000 minBarRange=0.000410 (0.30xATR) momClosePos=0.500(forced) momOk=N ema50Ok=Y barRange=0.000000 zeroRangeBar=YES trigger=NO hasPos=NO portRisk=0.00% openPos=0 | 1.362620
NE	0	08:30:01.931	Cazyxio_v4.1 (EURUSD,M15)	2026.03.06 15:30:01 | GATE_FAIL | USDCAD | Zero-range bar FAIL (v4.1 fix). barRange=0.000000 < minBarRange=0.000410 (0.30x ATR). Doji/flat bar excluded from momentum evaluation.
QG	0	08:30:19.438	Cazyxio_v4.1 (EURUSD,M15)	2026.03.06 15:30:19 | HEARTBEAT | SYSTEM | EA alive. Tick=197800 Equity=45490.80 OpenPos=0 UTC=2026.03.06 15:30 DayOfWeek=5 WeekendCloseActive=NO NewTradeBlocked=YES | 197800.000000
ES	0	08:30:53.638	Cazyxio_v4.1 (EURUSD,M15)	2026.03.06 15:30:53 | HEARTBEAT | SYSTEM | EA alive. Tick=197900 Equity=45490.80 OpenPos=0 UTC=2026.03.06 15:30 DayOfWeek=5 WeekendCloseActive=NO NewTradeBlocked=YES | 197900.000000
RL	0	08:31:28.319	Cazyxio_v4.1 (EURUSD,M15)	2026.03.06 15:31:28 | HEARTBEAT | SYSTEM | EA alive. Tick=198000 Equity=45490.80 OpenPos=0 UTC=2026.03.06 15:31 DayOfWeek=5 WeekendCloseActive=NO NewTradeBlocked=YES | 198000.000000
DH	0	08:32:06.572	Cazyxio_v4.1 (EURUSD,M15)	2026.03.06 15:32:06 | HEARTBEAT | SYSTEM | EA alive. Tick=198100 Equity=45490.80 OpenPos=0 UTC=2026.03.06 15:32 DayOfWeek=5 WeekendCloseActive=NO NewTradeBlocked=YES | 198100.000000
PD	0	08:32:45.655	Cazyxio_v4.1 (EURUSD,M15)	2026.03.06 15:32:45 | HEARTBEAT | SYSTEM | EA alive. Tick=198200 Equity=45490.80 OpenPos=0 UTC=2026.03.06 15:32 DayOfWeek=5 WeekendCloseActive=NO NewTradeBlocked=YES | 198200.000000
JQ	0	08:33:21.939	Cazyxio_v4.1 (EURUSD,M15)	2026.03.06 15:33:21 | HEARTBEAT | SYSTEM | EA alive. Tick=198300 Equity=45490.80 OpenPos=0 UTC=2026.03.06 15:33 DayOfWeek=5 WeekendCloseActive=NO NewTradeBlocked=YES | 198300.000000
PM	0	08:34:04.721	Cazyxio_v4.1 (EURUSD,M15)	2026.03.06 15:34:04 | HEARTBEAT | SYSTEM | EA alive. Tick=198400 Equity=45490.80 OpenPos=0 UTC=2026.03.06 15:34 DayOfWeek=5 WeekendCloseActive=NO NewTradeBlocked=YES | 198400.000000
NI	0	08:34:45.444	Cazyxio_v4.1 (EURUSD,M15)	2026.03.06 15:34:45 | HEARTBEAT | SYSTEM | EA alive. Tick=198500 Equity=45490.80 OpenPos=0 UTC=2026.03.06 15:34 DayOfWeek=5 WeekendCloseActive=NO NewTradeBlocked=YES | 198500.000000
HJ	0	08:35:28.607	Cazyxio_v4.1 (EURUSD,M15)	2026.03.06 15:35:28 | HEARTBEAT | SYSTEM | EA alive. Tick=198600 Equity=45490.80 OpenPos=0 UTC=2026.03.06 15:35 DayOfWeek=5 WeekendCloseActive=NO NewTradeBlocked=YES | 198600.000000
MF	0	08:36:11.553	Cazyxio_v4.1 (EURUSD,M15)	2026.03.06 15:36:11 | HEARTBEAT | SYSTEM | EA alive. Tick=198700 Equity=45490.80 OpenPos=0 UTC=2026.03.06 15:36 DayOfWeek=5 WeekendCloseActive=NO NewTradeBlocked=YES | 198700.000000
ES	0	08:36:48.010	Cazyxio_v4.1 (EURUSD,M15)	2026.03.06 15:36:48 | HEARTBEAT | SYSTEM | EA alive. Tick=198800 Equity=45490.80 OpenPos=0 UTC=2026.03.06 15:36 DayOfWeek=5 WeekendCloseActive=NO NewTradeBlocked=YES | 198800.000000
QO	0	08:37:25.974	Cazyxio_v4.1 (EURUSD,M15)	2026.03.06 15:37:25 | HEARTBEAT | SYSTEM | EA alive. Tick=198900 Equity=45490.80 OpenPos=0 UTC=2026.03.06 15:37 DayOfWeek=5 WeekendCloseActive=NO NewTradeBlocked=YES | 198900.000000
CK	0	08:38:16.274	Cazyxio_v4.1 (EURUSD,M15)	2026.03.06 15:38:16 | HEARTBEAT | SYSTEM | EA alive. Tick=199000 Equity=45490.80 OpenPos=0 UTC=2026.03.06 15:38 DayOfWeek=5 WeekendCloseActive=NO NewTradeBlocked=YES | 199000.000000
DD	0	08:38:58.871	Cazyxio_v4.1 (EURUSD,M15)	2026.03.06 15:38:58 | HEARTBEAT | SYSTEM | EA alive. Tick=199100 Equity=45490.80 OpenPos=0 UTC=2026.03.06 15:38 DayOfWeek=5 WeekendCloseActive=NO NewTradeBlocked=YES | 199100.000000
EP	0	08:39:35.677	Cazyxio_v4.1 (EURUSD,M15)	2026.03.06 15:39:35 | HEARTBEAT | SYSTEM | EA alive. Tick=199200 Equity=45490.80 OpenPos=0 UTC=2026.03.06 15:39 DayOfWeek=5 WeekendCloseActive=NO NewTradeBlocked=YES | 199200.000000
HL	0	08:40:15.779	Cazyxio_v4.1 (EURUSD,M15)	2026.03.06 15:40:15 | HEARTBEAT | SYSTEM | EA alive. Tick=199300 Equity=45490.80 OpenPos=0 UTC=2026.03.06 15:40 DayOfWeek=5 WeekendCloseActive=NO NewTradeBlocked=YES | 199300.000000
FI	0	08:40:56.151	Cazyxio_v4.1 (EURUSD,M15)	2026.03.06 15:40:56 | HEARTBEAT | SYSTEM | EA alive. Tick=199400 Equity=45490.80 OpenPos=0 UTC=2026.03.06 15:40 DayOfWeek=5 WeekendCloseActive=NO NewTradeBlocked=YES | 199400.000000
NE	0	08:41:32.570	Cazyxio_v4.1 (EURUSD,M15)	2026.03.06 15:41:32 | HEARTBEAT | SYSTEM | EA alive. Tick=199500 Equity=45490.80 OpenPos=0 UTC=2026.03.06 15:41 DayOfWeek=5 WeekendCloseActive=NO NewTradeBlocked=YES | 199500.000000
KF	0	08:42:10.697	Cazyxio_v4.1 (EURUSD,M15)	2026.03.06 15:42:10 | HEARTBEAT | SYSTEM | EA alive. Tick=199600 Equity=45490.80 OpenPos=0 UTC=2026.03.06 15:42 DayOfWeek=5 WeekendCloseActive=NO NewTradeBlocked=YES | 199600.000000
HR	0	08:42:57.461	Cazyxio_v4.1 (EURUSD,M15)	2026.03.06 15:42:57 | HEARTBEAT | SYSTEM | EA alive. Tick=199700 Equity=45490.80 OpenPos=0 UTC=2026.03.06 15:42 DayOfWeek=5 WeekendCloseActive=NO NewTradeBlocked=YES | 199700.000000
GN	0	08:43:36.977	Cazyxio_v4.1 (EURUSD,M15)	2026.03.06 15:43:36 | HEARTBEAT | SYSTEM | EA alive. Tick=199800 Equity=45490.80 OpenPos=0 UTC=2026.03.06 15:43 DayOfWeek=5 WeekendCloseActive=NO NewTradeBlocked=YES | 199800.000000
NK	0	08:44:16.539	Cazyxio_v4.1 (EURUSD,M15)	2026.03.06 15:44:16 | HEARTBEAT | SYSTEM | EA alive. Tick=199900 Equity=45490.80 OpenPos=0 UTC=2026.03.06 15:44 DayOfWeek=5 WeekendCloseActive=NO NewTradeBlocked=YES | 199900.000000
FG	0	08:44:56.397	Cazyxio_v4.1 (EURUSD,M15)	2026.03.06 15:44:56 | HEARTBEAT | SYSTEM | EA alive. Tick=200000 Equity=45490.80 OpenPos=0 UTC=2026.03.06 15:44 DayOfWeek=5 WeekendCloseActive=NO NewTradeBlocked=YES | 200000.000000
PQ	0	08:45:01.755	Cazyxio_v4.1 (EURUSD,M15)	2026.03.06 15:45:01 | BAR | EURUSD | close=1.15773 h4ema200=1.17556 h4slope=DOWN ema50=1.15828 atr=0.001544 atrSma=0.000931 atrRatio=1.658 dir=SHORT spread=16.0 spreadOK=YES atrGate=PASS touch=PASS momCandle=ZERO_RANGE_BAR barRange=0.000000 minBarRange=0.000463 (0.30xATR) momClosePos=0.500(forced) momOk=N ema50Ok=Y barRange=0.000000 zeroRangeBar=YES trigger=NO hasPos=NO portRisk=0.00% openPos=0 | 1.157730
NF	0	08:45:01.755	Cazyxio_v4.1 (EURUSD,M15)	2026.03.06 15:45:01 | GATE_FAIL | EURUSD | Zero-range bar FAIL (v4.1 fix). barRange=0.000000 < minBarRange=0.000463 (0.30x ATR). Doji/flat bar excluded from momentum evaluation.
DI	0	08:45:01.755	Cazyxio_v4.1 (EURUSD,M15)	2026.03.06 15:45:01 | BAR | GBPJPY | close=210.642 h4ema200=210.358 h4slope=DOWN ema50=210.556 atr=0.245643 atrSma=0.149301 atrRatio=1.645 dir=NONE spread=43.0 spreadOK=NO atrGate=PASS touch=FAIL momCandle= zeroRangeBar=NO trigger=NO hasPos=NO portRisk=0.00% openPos=0 | 210.642000
QN	0	08:45:01.755	Cazyxio_v4.1 (EURUSD,M15)	2026.03.06 15:45:01 | GATE_FAIL | GBPJPY | No directional bias. h4slope=DOWN closeNow=210.642 h4ema200=210.358. Need H4 slope + price on correct side of H4 EMA200.
II	0	08:45:01.755	Cazyxio_v4.1 (EURUSD,M15)	2026.03.06 15:45:01 | BAR | USDCAD | close=1.36205 h4ema200=1.36842 h4slope=DOWN ema50=1.36526 atr=0.001394 atrSma=0.000886 atrRatio=1.573 dir=SHORT spread=25.0 spreadOK=YES atrGate=PASS touch=PASS momCandle=ZERO_RANGE_BAR barRange=0.000000 minBarRange=0.000418 (0.30xATR) momClosePos=0.500(forced) momOk=N ema50Ok=Y barRange=0.000000 zeroRangeBar=YES trigger=NO hasPos=NO portRisk=0.00% openPos=0 | 1.362050
PN	0	08:45:01.755	Cazyxio_v4.1 (EURUSD,M15)	2026.03.06 15:45:01 | GATE_FAIL | USDCAD | Zero-range bar FAIL (v4.1 fix). barRange=0.000000 < minBarRange=0.000418 (0.30x ATR). Doji/flat bar excluded from momentum evaluation.
QO	0	08:45:02.309	Cazyxio_v4.1 (EURUSD,M15)	2026.03.06 15:45:02 | BAR | GBPUSD | close=1.33592 h4ema200=1.34952 h4slope=DOWN ema50=1.33476 atr=0.002176 atrSma=0.001184 atrRatio=1.838 dir=SHORT spread=22.0 spreadOK=YES atrGate=PASS touch=PASS momCandle=ZERO_RANGE_BAR barRange=0.000000 minBarRange=0.000653 (0.30xATR) momClosePos=0.500(forced) momOk=N ema50Ok=Y barRange=0.000000 zeroRangeBar=YES trigger=NO hasPos=NO portRisk=0.00% openPos=0 | 1.335920
GK	0	08:45:02.309	Cazyxio_v4.1 (EURUSD,M15)	2026.03.06 15:45:02 | GATE_FAIL | GBPUSD | Zero-range bar FAIL (v4.1 fix). barRange=0.000000 < minBarRange=0.000653 (0.30x ATR). Doji/flat bar excluded from momentum evaluation.
QN	0	08:45:02.309	Cazyxio_v4.1 (EURUSD,M15)	2026.03.06 15:45:02 | BAR | USDJPY | close=157.671 h4ema200=155.873 h4slope=UP ema50=157.744 atr=0.189286 atrSma=0.112767 atrRatio=1.679 dir=LONG spread=14.0 spreadOK=YES atrGate=PASS touch=PASS momCandle=ZERO_RANGE_BAR barRange=0.003000 minBarRange=0.056786 (0.30xATR) momClosePos=0.500(forced) momOk=N ema50Ok=Y barRange=0.003000 zeroRangeBar=YES trigger=NO hasPos=NO portRisk=0.00% openPos=0 | 157.671000
FG	0	08:45:02.309	Cazyxio_v4.1 (EURUSD,M15)	2026.03.06 15:45:02 | GATE_FAIL | USDJPY | Zero-range bar FAIL (v4.1 fix). barRange=0.003000 < minBarRange=0.056786 (0.30x ATR). Doji/flat bar excluded from momentum evaluation.
JJ	0	08:45:02.309	Cazyxio_v4.1 (EURUSD,M15)	2026.03.06 15:45:02 | BAR | AUDUSD | close=0.70121 h4ema200=0.69921 h4slope=UP ema50=0.70112 atr=0.001539 atrSma=0.000948 atrRatio=1.623 dir=LONG spread=19.0 spreadOK=YES atrGate=PASS touch=PASS momCandle=ZERO_RANGE_BAR barRange=0.000010 minBarRange=0.000462 (0.30xATR) momClosePos=0.500(forced) momOk=N ema50Ok=Y barRange=0.000010 zeroRangeBar=YES trigger=NO hasPos=NO portRisk=0.00% openPos=0 | 0.701210
GR	0	08:45:02.309	Cazyxio_v4.1 (EURUSD,M15)	2026.03.06 15:45:02 | GATE_FAIL | AUDUSD | Zero-range bar FAIL (v4.1 fix). barRange=0.000010 < minBarRange=0.000462 (0.30x ATR). Doji/flat bar excluded from momentum evaluation.
LI	0	08:45:33.745	Cazyxio_v4.1 (EURUSD,M15)	2026.03.06 15:45:33 | HEARTBEAT | SYSTEM | EA alive. Tick=200100 Equity=45490.80 OpenPos=0 UTC=2026.03.06 15:45 DayOfWeek=5 WeekendCloseActive=NO NewTradeBlocked=YES | 200100.000000
EE	0	08:46:12.594	Cazyxio_v4.1 (EURUSD,M15)	2026.03.06 15:46:12 | HEARTBEAT | SYSTEM | EA alive. Tick=200200 Equity=45490.80 OpenPos=0 UTC=2026.03.06 15:46 DayOfWeek=5 WeekendCloseActive=NO NewTradeBlocked=YES | 200200.000000
EF	0	08:46:56.772	Cazyxio_v4.1 (EURUSD,M15)	2026.03.06 15:46:56 | HEARTBEAT | SYSTEM | EA alive. Tick=200300 Equity=45490.80 OpenPos=0 UTC=2026.03.06 15:46 DayOfWeek=5 WeekendCloseActive=NO NewTradeBlocked=YES | 200300.000000
RR	0	08:47:45.761	Cazyxio_v4.1 (EURUSD,M15)	2026.03.06 15:47:45 | HEARTBEAT | SYSTEM | EA alive. Tick=200400 Equity=45490.80 OpenPos=0 UTC=2026.03.06 15:47 DayOfWeek=5 WeekendCloseActive=NO NewTradeBlocked=YES | 200400.000000
FO	0	08:48:29.999	Cazyxio_v4.1 (EURUSD,M15)	2026.03.06 15:48:29 | HEARTBEAT | SYSTEM | EA alive. Tick=200500 Equity=45490.80 OpenPos=0 UTC=2026.03.06 15:48 DayOfWeek=5 WeekendCloseActive=NO NewTradeBlocked=YES | 200500.000000
GK	0	08:49:11.911	Cazyxio_v4.1 (EURUSD,M15)	2026.03.06 15:49:11 | HEARTBEAT | SYSTEM | EA alive. Tick=200600 Equity=45490.80 OpenPos=0 UTC=2026.03.06 15:49 DayOfWeek=5 WeekendCloseActive=NO NewTradeBlocked=YES | 200600.000000
MG	0	08:49:53.184	Cazyxio_v4.1 (EURUSD,M15)	2026.03.06 15:49:53 | HEARTBEAT | SYSTEM | EA alive. Tick=200700 Equity=45490.80 OpenPos=0 UTC=2026.03.06 15:49 DayOfWeek=5 WeekendCloseActive=NO NewTradeBlocked=YES | 200700.000000
PP	0	08:50:35.729	Cazyxio_v4.1 (EURUSD,M15)	2026.03.06 15:50:35 | HEARTBEAT | SYSTEM | EA alive. Tick=200800 Equity=45490.80 OpenPos=0 UTC=2026.03.06 15:50 DayOfWeek=5 WeekendCloseActive=NO NewTradeBlocked=YES | 200800.000000
NL	0	08:51:26.717	Cazyxio_v4.1 (EURUSD,M15)	2026.03.06 15:51:26 | HEARTBEAT | SYSTEM | EA alive. Tick=200900 Equity=45490.80 OpenPos=0 UTC=2026.03.06 15:51 DayOfWeek=5 WeekendCloseActive=NO NewTradeBlocked=YES | 200900.000000
JH	0	08:52:18.118	Cazyxio_v4.1 (EURUSD,M15)	2026.03.06 15:52:18 | HEARTBEAT | SYSTEM | EA alive. Tick=201000 Equity=45490.80 OpenPos=0 UTC=2026.03.06 15:52 DayOfWeek=5 WeekendCloseActive=NO NewTradeBlocked=YES | 201000.000000
FE	0	08:53:05.412	Cazyxio_v4.1 (EURUSD,M15)	2026.03.06 15:53:05 | HEARTBEAT | SYSTEM | EA alive. Tick=201100 Equity=45490.80 OpenPos=0 UTC=2026.03.06 15:53 DayOfWeek=5 WeekendCloseActive=NO NewTradeBlocked=YES | 201100.000000
QQ	0	08:53:46.756	Cazyxio_v4.1 (EURUSD,M15)	2026.03.06 15:53:46 | HEARTBEAT | SYSTEM | EA alive. Tick=201200 Equity=45490.80 OpenPos=0 UTC=2026.03.06 15:53 DayOfWeek=5 WeekendCloseActive=NO NewTradeBlocked=YES | 201200.000000
ER	0	08:54:22.489	Cazyxio_v4.1 (EURUSD,M15)	2026.03.06 15:54:22 | HEARTBEAT | SYSTEM | EA alive. Tick=201300 Equity=45490.80 OpenPos=0 UTC=2026.03.06 15:54 DayOfWeek=5 WeekendCloseActive=NO NewTradeBlocked=YES | 201300.000000
IN	0	08:55:11.767	Cazyxio_v4.1 (EURUSD,M15)	2026.03.06 15:55:11 | HEARTBEAT | SYSTEM | EA alive. Tick=201400 Equity=45490.80 OpenPos=0 UTC=2026.03.06 15:55 DayOfWeek=5 WeekendCloseActive=NO NewTradeBlocked=YES | 201400.000000
LJ	0	08:55:59.030	Cazyxio_v4.1 (EURUSD,M15)	2026.03.06 15:55:59 | HEARTBEAT | SYSTEM | EA alive. Tick=201500 Equity=45490.80 OpenPos=0 UTC=2026.03.06 15:55 DayOfWeek=5 WeekendCloseActive=NO NewTradeBlocked=YES | 201500.000000
FG	0	08:56:33.994	Cazyxio_v4.1 (EURUSD,M15)	2026.03.06 15:56:33 | HEARTBEAT | SYSTEM | EA alive. Tick=201600 Equity=45490.80 OpenPos=0 UTC=2026.03.06 15:56 DayOfWeek=5 WeekendCloseActive=NO NewTradeBlocked=YES | 201600.000000
QS	0	08:57:13.772	Cazyxio_v4.1 (EURUSD,M15)	2026.03.06 15:57:13 | HEARTBEAT | SYSTEM | EA alive. Tick=201700 Equity=45490.80 OpenPos=0 UTC=2026.03.06 15:57 DayOfWeek=5 WeekendCloseActive=NO NewTradeBlocked=YES | 201700.000000
OO	0	08:57:52.530	Cazyxio_v4.1 (EURUSD,M15)	2026.03.06 15:57:52 | HEARTBEAT | SYSTEM | EA alive. Tick=201800 Equity=45490.80 OpenPos=0 UTC=2026.03.06 15:57 DayOfWeek=5 WeekendCloseActive=NO NewTradeBlocked=YES | 201800.000000
CH	0	08:58:30.843	Cazyxio_v4.1 (EURUSD,M15)	2026.03.06 15:58:30 | HEARTBEAT | SYSTEM | EA alive. Tick=201900 Equity=45490.80 OpenPos=0 UTC=2026.03.06 15:58 DayOfWeek=5 WeekendCloseActive=NO NewTradeBlocked=YES | 201900.000000
JD	0	08:59:13.241	Cazyxio_v4.1 (EURUSD,M15)	2026.03.06 15:59:13 | HEARTBEAT | SYSTEM | EA alive. Tick=202000 Equity=45490.80 OpenPos=0 UTC=2026.03.06 15:59 DayOfWeek=5 WeekendCloseActive=NO NewTradeBlocked=YES | 202000.000000
GN	0	09:00:00.021	Cazyxio_v4.1 (EURUSD,M15)	2026.03.06 16:00:00 | WEEKEND_CLOSE | SYSTEM | Friday close check: no open positions to close.
KH	0	09:00:00.021	Cazyxio_v4.1 (EURUSD,M15)	2026.03.06 16:00:00 | WEEKEND_CLOSE | SYSTEM | Weekend close complete. Returning to idle until Monday.
MK	0	09:00:00.272	Cazyxio_v4.1 (EURUSD,M15)	2026.03.06 16:00:00 | WEEKEND_CLOSE | SYSTEM | Friday post-close. All positions closed. EA idle until Monday. Tick=202093
PE	0	09:00:02.659	Cazyxio_v4.1 (EURUSD,M15)	2026.03.06 16:00:02 | HEARTBEAT | SYSTEM | EA alive. Tick=202100 Equity=45490.80 OpenPos=0 UTC=2026.03.06 16:00 DayOfWeek=5 WeekendCloseActive=YES NewTradeBlocked=YES | 202100.000000
LD	0	09:00:36.000	Cazyxio_v4.1 (EURUSD,M15)	2026.03.06 16:00:35 | WEEKEND_CLOSE | SYSTEM | Friday post-close. All positions closed. EA idle until Monday. Tick=202193
LS	0	09:00:38.765	Cazyxio_v4.1 (EURUSD,M15)	2026.03.06 16:00:38 | HEARTBEAT | SYSTEM | EA alive. Tick=202200 Equity=45490.80 OpenPos=0 UTC=2026.03.06 16:00 DayOfWeek=5 WeekendCloseActive=YES NewTradeBlocked=YES | 202200.000000
DE	0	09:01:32.983	Cazyxio_v4.1 (EURUSD,M15)	2026.03.06 16:01:32 | WEEKEND_CLOSE | SYSTEM | Friday post-close. All positions closed. EA idle until Monday. Tick=202293
HP	0	09:01:37.025	Cazyxio_v4.1 (EURUSD,M15)	2026.03.06 16:01:37 | HEARTBEAT | SYSTEM | EA alive. Tick=202300 Equity=45490.80 OpenPos=0 UTC=2026.03.06 16:01 DayOfWeek=5 WeekendCloseActive=YES NewTradeBlocked=YES | 202300.000000
QG	0	09:02:25.398	Cazyxio_v4.1 (EURUSD,M15)	2026.03.06 16:02:25 | WEEKEND_CLOSE | SYSTEM | Friday post-close. All positions closed. EA idle until Monday. Tick=202393
NN	0	09:02:28.000	Cazyxio_v4.1 (EURUSD,M15)	2026.03.06 16:02:28 | HEARTBEAT | SYSTEM | EA alive. Tick=202400 Equity=45490.80 OpenPos=0 UTC=2026.03.06 16:02 DayOfWeek=5 WeekendCloseActive=YES NewTradeBlocked=YES | 202400.000000
RP	0	09:03:07.259	Cazyxio_v4.1 (EURUSD,M15)	2026.03.06 16:03:07 | WEEKEND_CLOSE | SYSTEM | Friday post-close. All positions closed. EA idle until Monday. Tick=202493
PO	0	09:03:09.504	Cazyxio_v4.1 (EURUSD,M15)	2026.03.06 16:03:09 | HEARTBEAT | SYSTEM | EA alive. Tick=202500 Equity=45490.80 OpenPos=0 UTC=2026.03.06 16:03 DayOfWeek=5 WeekendCloseActive=YES NewTradeBlocked=YES | 202500.000000
QQ	0	09:03:48.899	Cazyxio_v4.1 (EURUSD,M15)	2026.03.06 16:03:48 | WEEKEND_CLOSE | SYSTEM | Friday post-close. All positions closed. EA idle until Monday. Tick=202593
HL	0	09:03:53.517	Cazyxio_v4.1 (EURUSD,M15)	2026.03.06 16:03:53 | HEARTBEAT | SYSTEM | EA alive. Tick=202600 Equity=45490.80 OpenPos=0 UTC=2026.03.06 16:03 DayOfWeek=5 WeekendCloseActive=YES NewTradeBlocked=YES | 202600.000000
JS	0	09:04:24.338	Cazyxio_v4.1 (EURUSD,M15)	2026.03.06 16:04:24 | WEEKEND_CLOSE | SYSTEM | Friday post-close. All positions closed. EA idle until Monday. Tick=202693
EJ	0	09:04:26.591	Cazyxio_v4.1 (EURUSD,M15)	2026.03.06 16:04:26 | HEARTBEAT | SYSTEM | EA alive. Tick=202700 Equity=45490.80 OpenPos=0 UTC=2026.03.06 16:04 DayOfWeek=5 WeekendCloseActive=YES NewTradeBlocked=YES | 202700.000000
IL	0	09:04:59.699	Cazyxio_v4.1 (EURUSD,M15)	2026.03.06 16:04:59 | WEEKEND_CLOSE | SYSTEM | Friday post-close. All positions closed. EA idle until Monday. Tick=202793
KK	0	09:05:01.950	Cazyxio_v4.1 (EURUSD,M15)	2026.03.06 16:05:01 | HEARTBEAT | SYSTEM | EA alive. Tick=202800 Equity=45490.80 OpenPos=0 UTC=2026.03.06 16:05 DayOfWeek=5 WeekendCloseActive=YES NewTradeBlocked=YES | 202800.000000
HN	0	09:05:37.572	Cazyxio_v4.1 (EURUSD,M15)	2026.03.06 16:05:37 | WEEKEND_CLOSE | SYSTEM | Friday post-close. All positions closed. EA idle until Monday. Tick=202893
IH	0	09:05:40.026	Cazyxio_v4.1 (EURUSD,M15)	2026.03.06 16:05:40 | HEARTBEAT | SYSTEM | EA alive. Tick=202900 Equity=45490.80 OpenPos=0 UTC=2026.03.06 16:05 DayOfWeek=5 WeekendCloseActive=YES NewTradeBlocked=YES | 202900.000000
JO	0	09:06:25.647	Cazyxio_v4.1 (EURUSD,M15)	2026.03.06 16:06:25 | WEEKEND_CLOSE | SYSTEM | Friday post-close. All positions closed. EA idle until Monday. Tick=202993
CF	0	09:06:29.029	Cazyxio_v4.1 (EURUSD,M15)	2026.03.06 16:06:29 | HEARTBEAT | SYSTEM | EA alive. Tick=203000 Equity=45490.80 OpenPos=0 UTC=2026.03.06 16:06 DayOfWeek=5 WeekendCloseActive=YES NewTradeBlocked=YES | 203000.000000
CH	0	09:07:08.404	Cazyxio_v4.1 (EURUSD,M15)	2026.03.06 16:07:08 | WEEKEND_CLOSE | SYSTEM | Friday post-close. All positions closed. EA idle until Monday. Tick=203093
EG	0	09:07:11.071	Cazyxio_v4.1 (EURUSD,M15)	2026.03.06 16:07:11 | HEARTBEAT | SYSTEM | EA alive. Tick=203100 Equity=45490.80 OpenPos=0 UTC=2026.03.06 16:07 DayOfWeek=5 WeekendCloseActive=YES NewTradeBlocked=YES | 203100.000000
NJ	0	09:07:45.127	Cazyxio_v4.1 (EURUSD,M15)	2026.03.06 16:07:45 | WEEKEND_CLOSE | SYSTEM | Friday post-close. All positions closed. EA idle until Monday. Tick=203193
HE	0	09:07:49.649	Cazyxio_v4.1 (EURUSD,M15)	2026.03.06 16:07:49 | HEARTBEAT | SYSTEM | EA alive. Tick=203200 Equity=45490.80 OpenPos=0 UTC=2026.03.06 16:07 DayOfWeek=5 WeekendCloseActive=YES NewTradeBlocked=YES | 203200.000000
DK	0	09:08:34.744	Cazyxio_v4.1 (EURUSD,M15)	2026.03.06 16:08:34 | WEEKEND_CLOSE | SYSTEM | Friday post-close. All positions closed. EA idle until Monday. Tick=203293
JR	0	09:08:37.312	Cazyxio_v4.1 (EURUSD,M15)	2026.03.06 16:08:37 | HEARTBEAT | SYSTEM | EA alive. Tick=203300 Equity=45490.80 OpenPos=0 UTC=2026.03.06 16:08 DayOfWeek=5 WeekendCloseActive=YES NewTradeBlocked=YES | 203300.000000
DD	0	09:09:11.671	Cazyxio_v4.1 (EURUSD,M15)	2026.03.06 16:09:11 | WEEKEND_CLOSE | SYSTEM | Friday post-close. All positions closed. EA idle until Monday. Tick=203393
DS	0	09:09:15.805	Cazyxio_v4.1 (EURUSD,M15)	2026.03.06 16:09:15 | HEARTBEAT | SYSTEM | EA alive. Tick=203400 Equity=45490.80 OpenPos=0 UTC=2026.03.06 16:09 DayOfWeek=5 WeekendCloseActive=YES NewTradeBlocked=YES | 203400.000000
MF	0	09:09:57.251	Cazyxio_v4.1 (EURUSD,M15)	2026.03.06 16:09:57 | WEEKEND_CLOSE | SYSTEM | Friday post-close. All positions closed. EA idle until Monday. Tick=203493
LQ	0	09:09:59.586	Cazyxio_v4.1 (EURUSD,M15)	2026.03.06 16:09:59 | HEARTBEAT | SYSTEM | EA alive. Tick=203500 Equity=45490.80 OpenPos=0 UTC=2026.03.06 16:09 DayOfWeek=5 WeekendCloseActive=YES NewTradeBlocked=YES | 203500.000000
FG	0	09:10:38.752	Cazyxio_v4.1 (EURUSD,M15)	2026.03.06 16:10:38 | WEEKEND_CLOSE | SYSTEM | Friday post-close. All positions closed. EA idle until Monday. Tick=203593
NN	0	09:10:40.920	Cazyxio_v4.1 (EURUSD,M15)	2026.03.06 16:10:40 | HEARTBEAT | SYSTEM | EA alive. Tick=203600 Equity=45490.80 OpenPos=0 UTC=2026.03.06 16:10 DayOfWeek=5 WeekendCloseActive=YES NewTradeBlocked=YES | 203600.000000
DQ	0	09:11:22.218	Cazyxio_v4.1 (EURUSD,M15)	2026.03.06 16:11:22 | WEEKEND_CLOSE | SYSTEM | Friday post-close. All positions closed. EA idle until Monday. Tick=203693
FO	0	09:11:25.532	Cazyxio_v4.1 (EURUSD,M15)	2026.03.06 16:11:25 | HEARTBEAT | SYSTEM | EA alive. Tick=203700 Equity=45490.80 OpenPos=0 UTC=2026.03.06 16:11 DayOfWeek=5 WeekendCloseActive=YES NewTradeBlocked=YES | 203700.000000
GR	0	09:12:03.823	Cazyxio_v4.1 (EURUSD,M15)	2026.03.06 16:12:03 | WEEKEND_CLOSE | SYSTEM | Friday post-close. All positions closed. EA idle until Monday. Tick=203793
PM	0	09:12:06.056	Cazyxio_v4.1 (EURUSD,M15)	2026.03.06 16:12:06 | HEARTBEAT | SYSTEM | EA alive. Tick=203800 Equity=45490.80 OpenPos=0 UTC=2026.03.06 16:12 DayOfWeek=5 WeekendCloseActive=YES NewTradeBlocked=YES | 203800.000000
FS	0	09:12:50.821	Cazyxio_v4.1 (EURUSD,M15)	2026.03.06 16:12:50 | WEEKEND_CLOSE | SYSTEM | Friday post-close. All positions closed. EA idle until Monday. Tick=203893
HJ	0	09:12:53.522	Cazyxio_v4.1 (EURUSD,M15)	2026.03.06 16:12:53 | HEARTBEAT | SYSTEM | EA alive. Tick=203900 Equity=45490.80 OpenPos=0 UTC=2026.03.06 16:12 DayOfWeek=5 WeekendCloseActive=YES NewTradeBlocked=YES | 203900.000000
DM	0	09:13:49.776	Cazyxio_v4.1 (EURUSD,M15)	2026.03.06 16:13:49 | WEEKEND_CLOSE | SYSTEM | Friday post-close. All positions closed. EA idle until Monday. Tick=203993
OH	0	09:13:53.362	Cazyxio_v4.1 (EURUSD,M15)	2026.03.06 16:13:53 | HEARTBEAT | SYSTEM | EA alive. Tick=204000 Equity=45490.80 OpenPos=0 UTC=2026.03.06 16:13 DayOfWeek=5 WeekendCloseActive=YES NewTradeBlocked=YES | 204000.000000
JN	0	09:14:42.848	Cazyxio_v4.1 (EURUSD,M15)	2026.03.06 16:14:42 | WEEKEND_CLOSE | SYSTEM | Friday post-close. All positions closed. EA idle until Monday. Tick=204093
II	0	09:14:46.729	Cazyxio_v4.1 (EURUSD,M15)	2026.03.06 16:14:46 | HEARTBEAT | SYSTEM | EA alive. Tick=204100 Equity=45490.80 OpenPos=0 UTC=2026.03.06 16:14 DayOfWeek=5 WeekendCloseActive=YES NewTradeBlocked=YES | 204100.000000
QO	0	09:15:26.785	Cazyxio_v4.1 (EURUSD,M15)	2026.03.06 16:15:26 | WEEKEND_CLOSE | SYSTEM | Friday post-close. All positions closed. EA idle until Monday. Tick=204193
CF	0	09:15:28.908	Cazyxio_v4.1 (EURUSD,M15)	2026.03.06 16:15:28 | HEARTBEAT | SYSTEM | EA alive. Tick=204200 Equity=45490.80 OpenPos=0 UTC=2026.03.06 16:15 DayOfWeek=5 WeekendCloseActive=YES NewTradeBlocked=YES | 204200.000000
RI	0	09:16:03.640	Cazyxio_v4.1 (EURUSD,M15)	2026.03.06 16:16:03 | WEEKEND_CLOSE | SYSTEM | Friday post-close. All positions closed. EA idle until Monday. Tick=204293
KD	0	09:16:06.884	Cazyxio_v4.1 (EURUSD,M15)	2026.03.06 16:16:06 | HEARTBEAT | SYSTEM | EA alive. Tick=204300 Equity=45490.80 OpenPos=0 UTC=2026.03.06 16:16 DayOfWeek=5 WeekendCloseActive=YES NewTradeBlocked=YES | 204300.000000
DJ	0	09:16:45.298	Cazyxio_v4.1 (EURUSD,M15)	2026.03.06 16:16:45 | WEEKEND_CLOSE | SYSTEM | Friday post-close. All positions closed. EA idle until Monday. Tick=204393
RE	0	09:16:47.977	Cazyxio_v4.1 (EURUSD,M15)	2026.03.06 16:16:47 | HEARTBEAT | SYSTEM | EA alive. Tick=204400 Equity=45490.80 OpenPos=0 UTC=2026.03.06 16:16 DayOfWeek=5 WeekendCloseActive=YES NewTradeBlocked=YES | 204400.000000
PD	0	09:17:28.460	Cazyxio_v4.1 (EURUSD,M15)	2026.03.06 16:17:28 | WEEKEND_CLOSE | SYSTEM | Friday post-close. All positions closed. EA idle until Monday. Tick=204493
DR	0	09:17:31.635	Cazyxio_v4.1 (EURUSD,M15)	2026.03.06 16:17:31 | HEARTBEAT | SYSTEM | EA alive. Tick=204500 Equity=45490.80 OpenPos=0 UTC=2026.03.06 16:17 DayOfWeek=5 WeekendCloseActive=YES NewTradeBlocked=YES | 204500.000000
GE	0	09:18:10.048	Cazyxio_v4.1 (EURUSD,M15)	2026.03.06 16:18:10 | WEEKEND_CLOSE | SYSTEM | Friday post-close. All positions closed. EA idle until Monday. Tick=204593
CP	0	09:18:13.150	Cazyxio_v4.1 (EURUSD,M15)	2026.03.06 16:18:13 | HEARTBEAT | SYSTEM | EA alive. Tick=204600 Equity=45490.80 OpenPos=0 UTC=2026.03.06 16:18 DayOfWeek=5 WeekendCloseActive=YES NewTradeBlocked=YES | 204600.000000
HF	0	09:18:51.598	Cazyxio_v4.1 (EURUSD,M15)	2026.03.06 16:18:51 | WEEKEND_CLOSE | SYSTEM | Friday post-close. All positions closed. EA idle until Monday. Tick=204693
CQ	0	09:18:54.138	Cazyxio_v4.1 (EURUSD,M15)	2026.03.06 16:18:54 | HEARTBEAT | SYSTEM | EA alive. Tick=204700 Equity=45490.80 OpenPos=0 UTC=2026.03.06 16:18 DayOfWeek=5 WeekendCloseActive=YES NewTradeBlocked=YES | 204700.000000
MP	0	09:19:31.136	Cazyxio_v4.1 (EURUSD,M15)	2026.03.06 16:19:31 | WEEKEND_CLOSE | SYSTEM | Friday post-close. All positions closed. EA idle until Monday. Tick=204793
OO	0	09:19:33.962	Cazyxio_v4.1 (EURUSD,M15)	2026.03.06 16:19:33 | HEARTBEAT | SYSTEM | EA alive. Tick=204800 Equity=45490.80 OpenPos=0 UTC=2026.03.06 16:19 DayOfWeek=5 WeekendCloseActive=YES NewTradeBlocked=YES | 204800.000000
JQ	0	09:20:11.396	Cazyxio_v4.1 (EURUSD,M15)	2026.03.06 16:20:11 | WEEKEND_CLOSE | SYSTEM | Friday post-close. All positions closed. EA idle until Monday. Tick=204893
NL	0	09:20:14.327	Cazyxio_v4.1 (EURUSD,M15)	2026.03.06 16:20:14 | HEARTBEAT | SYSTEM | EA alive. Tick=204900 Equity=45490.80 OpenPos=0 UTC=2026.03.06 16:20 DayOfWeek=5 WeekendCloseActive=YES NewTradeBlocked=YES | 204900.000000
NR	0	09:20:50.160	Cazyxio_v4.1 (EURUSD,M15)	2026.03.06 16:20:50 | WEEKEND_CLOSE | SYSTEM | Friday post-close. All positions closed. EA idle until Monday. Tick=204993
PM	0	09:20:52.921	Cazyxio_v4.1 (EURUSD,M15)	2026.03.06 16:20:52 | HEARTBEAT | SYSTEM | EA alive. Tick=205000 Equity=45490.80 OpenPos=0 UTC=2026.03.06 16:20 DayOfWeek=5 WeekendCloseActive=YES NewTradeBlocked=YES | 205000.000000
CL	0	09:21:33.691	Cazyxio_v4.1 (EURUSD,M15)	2026.03.06 16:21:33 | WEEKEND_CLOSE | SYSTEM | Friday post-close. All positions closed. EA idle until Monday. Tick=205093
LK	0	09:21:38.302	Cazyxio_v4.1 (EURUSD,M15)	2026.03.06 16:21:38 | HEARTBEAT | SYSTEM | EA alive. Tick=205100 Equity=45490.80 OpenPos=0 UTC=2026.03.06 16:21 DayOfWeek=5 WeekendCloseActive=YES NewTradeBlocked=YES | 205100.000000
PM	0	09:22:24.936	Cazyxio_v4.1 (EURUSD,M15)	2026.03.06 16:22:24 | WEEKEND_CLOSE | SYSTEM | Friday post-close. All positions closed. EA idle until Monday. Tick=205193
PH	0	09:22:27.590	Cazyxio_v4.1 (EURUSD,M15)	2026.03.06 16:22:27 | HEARTBEAT | SYSTEM | EA alive. Tick=205200 Equity=45490.80 OpenPos=0 UTC=2026.03.06 16:22 DayOfWeek=5 WeekendCloseActive=YES NewTradeBlocked=YES | 205200.000000
CO	0	09:23:12.181	Cazyxio_v4.1 (EURUSD,M15)	2026.03.06 16:23:12 | WEEKEND_CLOSE | SYSTEM | Friday post-close. All positions closed. EA idle until Monday. Tick=205293
GI	0	09:23:17.893	Cazyxio_v4.1 (EURUSD,M15)	2026.03.06 16:23:17 | HEARTBEAT | SYSTEM | EA alive. Tick=205300 Equity=45490.80 OpenPos=0 UTC=2026.03.06 16:23 DayOfWeek=5 WeekendCloseActive=YES NewTradeBlocked=YES | 205300.000000
NH	0	09:24:09.325	Cazyxio_v4.1 (EURUSD,M15)	2026.03.06 16:24:09 | WEEKEND_CLOSE | SYSTEM | Friday post-close. All positions closed. EA idle until Monday. Tick=205393
GG	0	09:24:13.492	Cazyxio_v4.1 (EURUSD,M15)	2026.03.06 16:24:13 | HEARTBEAT | SYSTEM | EA alive. Tick=205400 Equity=45490.80 OpenPos=0 UTC=2026.03.06 16:24 DayOfWeek=5 WeekendCloseActive=YES NewTradeBlocked=YES | 205400.000000
NI	0	09:25:00.779	Cazyxio_v4.1 (EURUSD,M15)	2026.03.06 16:25:00 | WEEKEND_CLOSE | SYSTEM | Friday post-close. All positions closed. EA idle until Monday. Tick=205493
KD	0	09:25:02.862	Cazyxio_v4.1 (EURUSD,M15)	2026.03.06 16:25:02 | HEARTBEAT | SYSTEM | EA alive. Tick=205500 Equity=45490.80 OpenPos=0 UTC=2026.03.06 16:25 DayOfWeek=5 WeekendCloseActive=YES NewTradeBlocked=YES | 205500.000000
LK	0	09:25:40.958	Cazyxio_v4.1 (EURUSD,M15)	2026.03.06 16:25:40 | WEEKEND_CLOSE | SYSTEM | Friday post-close. All positions closed. EA idle until Monday. Tick=205593
FR	0	09:25:43.184	Cazyxio_v4.1 (EURUSD,M15)	2026.03.06 16:25:43 | HEARTBEAT | SYSTEM | EA alive. Tick=205600 Equity=45490.80 OpenPos=0 UTC=2026.03.06 16:25 DayOfWeek=5 WeekendCloseActive=YES NewTradeBlocked=YES | 205600.000000
FD	0	09:26:28.205	Cazyxio_v4.1 (EURUSD,M15)	2026.03.06 16:26:28 | WEEKEND_CLOSE | SYSTEM | Friday post-close. All positions closed. EA idle until Monday. Tick=205693
NS	0	09:26:31.505	Cazyxio_v4.1 (EURUSD,M15)	2026.03.06 16:26:31 | HEARTBEAT | SYSTEM | EA alive. Tick=205700 Equity=45490.80 OpenPos=0 UTC=2026.03.06 16:26 DayOfWeek=5 WeekendCloseActive=YES NewTradeBlocked=YES | 205700.000000
NE	0	09:27:18.239	Cazyxio_v4.1 (EURUSD,M15)	2026.03.06 16:27:18 | WEEKEND_CLOSE | SYSTEM | Friday post-close. All positions closed. EA idle until Monday. Tick=205793
EP	0	09:27:20.266	Cazyxio_v4.1 (EURUSD,M15)	2026.03.06 16:27:20 | HEARTBEAT | SYSTEM | EA alive. Tick=205800 Equity=45490.80 OpenPos=0 UTC=2026.03.06 16:27 DayOfWeek=5 WeekendCloseActive=YES NewTradeBlocked=YES | 205800.000000
PG	0	09:28:15.193	Cazyxio_v4.1 (EURUSD,M15)	2026.03.06 16:28:15 | WEEKEND_CLOSE | SYSTEM | Friday post-close. All positions closed. EA idle until Monday. Tick=205893
GN	0	09:28:19.162	Cazyxio_v4.1 (EURUSD,M15)	2026.03.06 16:28:19 | HEARTBEAT | SYSTEM | EA alive. Tick=205900 Equity=45490.80 OpenPos=0 UTC=2026.03.06 16:28 DayOfWeek=5 WeekendCloseActive=YES NewTradeBlocked=YES | 205900.000000
HP	0	09:29:02.862	Cazyxio_v4.1 (EURUSD,M15)	2026.03.06 16:29:02 | WEEKEND_CLOSE | SYSTEM | Friday post-close. All positions closed. EA idle until Monday. Tick=205993
EO	0	09:29:04.910	Cazyxio_v4.1 (EURUSD,M15)	2026.03.06 16:29:04 | HEARTBEAT | SYSTEM | EA alive. Tick=206000 Equity=45490.80 OpenPos=0 UTC=2026.03.06 16:29 DayOfWeek=5 WeekendCloseActive=YES NewTradeBlocked=YES | 206000.000000
FR	0	09:29:47.082	Cazyxio_v4.1 (EURUSD,M15)	2026.03.06 16:29:47 | WEEKEND_CLOSE | SYSTEM | Friday post-close. All positions closed. EA idle until Monday. Tick=206093
HL	0	09:29:51.292	Cazyxio_v4.1 (EURUSD,M15)	2026.03.06 16:29:51 | HEARTBEAT | SYSTEM | EA alive. Tick=206100 Equity=45490.80 OpenPos=0 UTC=2026.03.06 16:29 DayOfWeek=5 WeekendCloseActive=YES NewTradeBlocked=YES | 206100.000000
IS	0	09:30:28.190	Cazyxio_v4.1 (EURUSD,M15)	2026.03.06 16:30:28 | WEEKEND_CLOSE | SYSTEM | Friday post-close. All positions closed. EA idle until Monday. Tick=206193
NJ	0	09:30:29.959	Cazyxio_v4.1 (EURUSD,M15)	2026.03.06 16:30:29 | HEARTBEAT | SYSTEM | EA alive. Tick=206200 Equity=45490.80 OpenPos=0 UTC=2026.03.06 16:30 DayOfWeek=5 WeekendCloseActive=YES NewTradeBlocked=YES | 206200.000000
CL	0	09:31:06.689	Cazyxio_v4.1 (EURUSD,M15)	2026.03.06 16:31:06 | WEEKEND_CLOSE | SYSTEM | Friday post-close. All positions closed. EA idle until Monday. Tick=206293
KK	0	09:31:10.449	Cazyxio_v4.1 (EURUSD,M15)	2026.03.06 16:31:10 | HEARTBEAT | SYSTEM | EA alive. Tick=206300 Equity=45490.80 OpenPos=0 UTC=2026.03.06 16:31 DayOfWeek=5 WeekendCloseActive=YES NewTradeBlocked=YES | 206300.000000
KN	0	09:32:00.642	Cazyxio_v4.1 (EURUSD,M15)	2026.03.06 16:32:00 | WEEKEND_CLOSE | SYSTEM | Friday post-close. All positions closed. EA idle until Monday. Tick=206393
RI	0	09:32:02.421	Cazyxio_v4.1 (EURUSD,M15)	2026.03.06 16:32:02 | HEARTBEAT | SYSTEM | EA alive. Tick=206400 Equity=45490.80 OpenPos=0 UTC=2026.03.06 16:32 DayOfWeek=5 WeekendCloseActive=YES NewTradeBlocked=YES | 206400.000000
FO	0	09:32:50.262	Cazyxio_v4.1 (EURUSD,M15)	2026.03.06 16:32:50 | WEEKEND_CLOSE | SYSTEM | Friday post-close. All positions closed. EA idle until Monday. Tick=206493
OF	0	09:32:52.741	Cazyxio_v4.1 (EURUSD,M15)	2026.03.06 16:32:52 | HEARTBEAT | SYSTEM | EA alive. Tick=206500 Equity=45490.80 OpenPos=0 UTC=2026.03.06 16:32 DayOfWeek=5 WeekendCloseActive=YES NewTradeBlocked=YES | 206500.000000
GH	0	09:33:32.611	Cazyxio_v4.1 (EURUSD,M15)	2026.03.06 16:33:32 | WEEKEND_CLOSE | SYSTEM | Friday post-close. All positions closed. EA idle until Monday. Tick=206593
FG	0	09:33:35.897	Cazyxio_v4.1 (EURUSD,M15)	2026.03.06 16:33:35 | HEARTBEAT | SYSTEM | EA alive. Tick=206600 Equity=45490.80 OpenPos=0 UTC=2026.03.06 16:33 DayOfWeek=5 WeekendCloseActive=YES NewTradeBlocked=YES | 206600.000000
RJ	0	09:34:16.620	Cazyxio_v4.1 (EURUSD,M15)	2026.03.06 16:34:16 | WEEKEND_CLOSE | SYSTEM | Friday post-close. All positions closed. EA idle until Monday. Tick=206693
FE	0	09:34:21.087	Cazyxio_v4.1 (EURUSD,M15)	2026.03.06 16:34:21 | HEARTBEAT | SYSTEM | EA alive. Tick=206700 Equity=45490.80 OpenPos=0 UTC=2026.03.06 16:34 DayOfWeek=5 WeekendCloseActive=YES NewTradeBlocked=YES | 206700.000000
FK	0	09:35:03.733	Cazyxio_v4.1 (EURUSD,M15)	2026.03.06 16:35:03 | WEEKEND_CLOSE | SYSTEM | Friday post-close. All positions closed. EA idle until Monday. Tick=206793
DR	0	09:35:06.611	Cazyxio_v4.1 (EURUSD,M15)	2026.03.06 16:35:06 | HEARTBEAT | SYSTEM | EA alive. Tick=206800 Equity=45490.80 OpenPos=0 UTC=2026.03.06 16:35 DayOfWeek=5 WeekendCloseActive=YES NewTradeBlocked=YES | 206800.000000
OE	0	09:35:44.793	Cazyxio_v4.1 (EURUSD,M15)	2026.03.06 16:35:44 | WEEKEND_CLOSE | SYSTEM | Friday post-close. All positions closed. EA idle until Monday. Tick=206893
GS	0	09:35:47.674	Cazyxio_v4.1 (EURUSD,M15)	2026.03.06 16:35:47 | HEARTBEAT | SYSTEM | EA alive. Tick=206900 Equity=45490.80 OpenPos=0 UTC=2026.03.06 16:35 DayOfWeek=5 WeekendCloseActive=YES NewTradeBlocked=YES | 206900.000000
IF	0	09:36:25.880	Cazyxio_v4.1 (EURUSD,M15)	2026.03.06 16:36:25 | WEEKEND_CLOSE | SYSTEM | Friday post-close. All positions closed. EA idle until Monday. Tick=206993
HQ	0	09:36:28.728	Cazyxio_v4.1 (EURUSD,M15)	2026.03.06 16:36:28 | HEARTBEAT | SYSTEM | EA alive. Tick=207000 Equity=45490.80 OpenPos=0 UTC=2026.03.06 16:36 DayOfWeek=5 WeekendCloseActive=YES NewTradeBlocked=YES | 207000.000000
FG	0	09:37:05.403	Cazyxio_v4.1 (EURUSD,M15)	2026.03.06 16:37:05 | WEEKEND_CLOSE | SYSTEM | Friday post-close. All positions closed. EA idle until Monday. Tick=207093
CN	0	09:37:08.430	Cazyxio_v4.1 (EURUSD,M15)	2026.03.06 16:37:08 | HEARTBEAT | SYSTEM | EA alive. Tick=207100 Equity=45490.80 OpenPos=0 UTC=2026.03.06 16:37 DayOfWeek=5 WeekendCloseActive=YES NewTradeBlocked=YES | 207100.000000
KQ	0	09:37:45.560	Cazyxio_v4.1 (EURUSD,M15)	2026.03.06 16:37:45 | WEEKEND_CLOSE | SYSTEM | Friday post-close. All positions closed. EA idle until Monday. Tick=207193
QL	0	09:37:47.636	Cazyxio_v4.1 (EURUSD,M15)	2026.03.06 16:37:47 | HEARTBEAT | SYSTEM | EA alive. Tick=207200 Equity=45490.80 OpenPos=0 UTC=2026.03.06 16:37 DayOfWeek=5 WeekendCloseActive=YES NewTradeBlocked=YES | 207200.000000
JR	0	09:38:25.454	Cazyxio_v4.1 (EURUSD,M15)	2026.03.06 16:38:25 | WEEKEND_CLOSE | SYSTEM | Friday post-close. All positions closed. EA idle until Monday. Tick=207293
IM	0	09:38:28.057	Cazyxio_v4.1 (EURUSD,M15)	2026.03.06 16:38:28 | HEARTBEAT | SYSTEM | EA alive. Tick=207300 Equity=45490.80 OpenPos=0 UTC=2026.03.06 16:38 DayOfWeek=5 WeekendCloseActive=YES NewTradeBlocked=YES | 207300.000000
IS	0	09:39:16.377	Cazyxio_v4.1 (EURUSD,M15)	2026.03.06 16:39:16 | WEEKEND_CLOSE | SYSTEM | Friday post-close. All positions closed. EA idle until Monday. Tick=207393
OJ	0	09:39:18.407	Cazyxio_v4.1 (EURUSD,M15)	2026.03.06 16:39:18 | HEARTBEAT | SYSTEM | EA alive. Tick=207400 Equity=45490.80 OpenPos=0 UTC=2026.03.06 16:39 DayOfWeek=5 WeekendCloseActive=YES NewTradeBlocked=YES | 207400.000000
EM	0	09:40:01.648	Cazyxio_v4.1 (EURUSD,M15)	2026.03.06 16:40:01 | WEEKEND_CLOSE | SYSTEM | Friday post-close. All positions closed. EA idle until Monday. Tick=207493
JH	0	09:40:03.495	Cazyxio_v4.1 (EURUSD,M15)	2026.03.06 16:40:03 | HEARTBEAT | SYSTEM | EA alive. Tick=207500 Equity=45490.80 OpenPos=0 UTC=2026.03.06 16:40 DayOfWeek=5 WeekendCloseActive=YES NewTradeBlocked=YES | 207500.000000
EN	0	09:40:48.959	Cazyxio_v4.1 (EURUSD,M15)	2026.03.06 16:40:48 | WEEKEND_CLOSE | SYSTEM | Friday post-close. All positions closed. EA idle until Monday. Tick=207593
OI	0	09:40:53.584	Cazyxio_v4.1 (EURUSD,M15)	2026.03.06 16:40:53 | HEARTBEAT | SYSTEM | EA alive. Tick=207600 Equity=45490.80 OpenPos=0 UTC=2026.03.06 16:40 DayOfWeek=5 WeekendCloseActive=YES NewTradeBlocked=YES | 207600.000000
HH	0	09:41:36.319	Cazyxio_v4.1 (EURUSD,M15)	2026.03.06 16:41:36 | WEEKEND_CLOSE | SYSTEM | Friday post-close. All positions closed. EA idle until Monday. Tick=207693
LF	0	09:41:39.083	Cazyxio_v4.1 (EURUSD,M15)	2026.03.06 16:41:39 | HEARTBEAT | SYSTEM | EA alive. Tick=207700 Equity=45490.80 OpenPos=0 UTC=2026.03.06 16:41 DayOfWeek=5 WeekendCloseActive=YES NewTradeBlocked=YES | 207700.000000
EI	0	09:42:20.290	Cazyxio_v4.1 (EURUSD,M15)	2026.03.06 16:42:20 | WEEKEND_CLOSE | SYSTEM | Friday post-close. All positions closed. EA idle until Monday. Tick=207793
HD	0	09:42:22.178	Cazyxio_v4.1 (EURUSD,M15)	2026.03.06 16:42:22 | HEARTBEAT | SYSTEM | EA alive. Tick=207800 Equity=45490.80 OpenPos=0 UTC=2026.03.06 16:42 DayOfWeek=5 WeekendCloseActive=YES NewTradeBlocked=YES | 207800.000000
CJ	0	09:42:54.286	Cazyxio_v4.1 (EURUSD,M15)	2026.03.06 16:42:54 | WEEKEND_CLOSE | SYSTEM | Friday post-close. All positions closed. EA idle until Monday. Tick=207893
OE	0	09:42:56.584	Cazyxio_v4.1 (EURUSD,M15)	2026.03.06 16:42:56 | HEARTBEAT | SYSTEM | EA alive. Tick=207900 Equity=45490.80 OpenPos=0 UTC=2026.03.06 16:42 DayOfWeek=5 WeekendCloseActive=YES NewTradeBlocked=YES | 207900.000000
RD	0	09:43:44.194	Cazyxio_v4.1 (EURUSD,M15)	2026.03.06 16:43:44 | WEEKEND_CLOSE | SYSTEM | Friday post-close. All positions closed. EA idle until Monday. Tick=207993
RS	0	09:43:47.155	Cazyxio_v4.1 (EURUSD,M15)	2026.03.06 16:43:47 | HEARTBEAT | SYSTEM | EA alive. Tick=208000 Equity=45490.80 OpenPos=0 UTC=2026.03.06 16:43 DayOfWeek=5 WeekendCloseActive=YES NewTradeBlocked=YES | 208000.000000
QE	0	09:44:26.256	Cazyxio_v4.1 (EURUSD,M15)	2026.03.06 16:44:26 | WEEKEND_CLOSE | SYSTEM | Friday post-close. All positions closed. EA idle until Monday. Tick=208093
NP	0	09:44:29.884	Cazyxio_v4.1 (EURUSD,M15)	2026.03.06 16:44:29 | HEARTBEAT | SYSTEM | EA alive. Tick=208100 Equity=45490.80 OpenPos=0 UTC=2026.03.06 16:44 DayOfWeek=5 WeekendCloseActive=YES NewTradeBlocked=YES | 208100.000000
PF	0	09:45:12.342	Cazyxio_v4.1 (EURUSD,M15)	2026.03.06 16:45:12 | WEEKEND_CLOSE | SYSTEM | Friday post-close. All positions closed. EA idle until Monday. Tick=208193
PQ	0	09:45:17.018	Cazyxio_v4.1 (EURUSD,M15)	2026.03.06 16:45:17 | HEARTBEAT | SYSTEM | EA alive. Tick=208200 Equity=45490.80 OpenPos=0 UTC=2026.03.06 16:45 DayOfWeek=5 WeekendCloseActive=YES NewTradeBlocked=YES | 208200.000000
FP	0	09:46:05.277	Cazyxio_v4.1 (EURUSD,M15)	2026.03.06 16:46:05 | WEEKEND_CLOSE | SYSTEM | Friday post-close. All positions closed. EA idle until Monday. Tick=208293
PO	0	09:46:08.037	Cazyxio_v4.1 (EURUSD,M15)	2026.03.06 16:46:08 | HEARTBEAT | SYSTEM | EA alive. Tick=208300 Equity=45490.80 OpenPos=0 UTC=2026.03.06 16:46 DayOfWeek=5 WeekendCloseActive=YES NewTradeBlocked=YES | 208300.000000
HQ	0	09:46:44.920	Cazyxio_v4.1 (EURUSD,M15)	2026.03.06 16:46:44 | WEEKEND_CLOSE | SYSTEM | Friday post-close. All positions closed. EA idle until Monday. Tick=208393
FL	0	09:46:47.110	Cazyxio_v4.1 (EURUSD,M15)	2026.03.06 16:46:47 | HEARTBEAT | SYSTEM | EA alive. Tick=208400 Equity=45490.80 OpenPos=0 UTC=2026.03.06 16:46 DayOfWeek=5 WeekendCloseActive=YES NewTradeBlocked=YES | 208400.000000
ES	0	09:47:28.100	Cazyxio_v4.1 (EURUSD,M15)	2026.03.06 16:47:28 | WEEKEND_CLOSE | SYSTEM | Friday post-close. All positions closed. EA idle until Monday. Tick=208493
OM	0	09:47:29.932	Cazyxio_v4.1 (EURUSD,M15)	2026.03.06 16:47:29 | HEARTBEAT | SYSTEM | EA alive. Tick=208500 Equity=45490.80 OpenPos=0 UTC=2026.03.06 16:47 DayOfWeek=5 WeekendCloseActive=YES NewTradeBlocked=YES | 208500.000000
IL	0	09:48:04.460	Cazyxio_v4.1 (EURUSD,M15)	2026.03.06 16:48:04 | WEEKEND_CLOSE | SYSTEM | Friday post-close. All positions closed. EA idle until Monday. Tick=208593
DK	0	09:48:07.462	Cazyxio_v4.1 (EURUSD,M15)	2026.03.06 16:48:07 | HEARTBEAT | SYSTEM | EA alive. Tick=208600 Equity=45490.80 OpenPos=0 UTC=2026.03.06 16:48 DayOfWeek=5 WeekendCloseActive=YES NewTradeBlocked=YES | 208600.000000
HM	0	09:48:58.448	Cazyxio_v4.1 (EURUSD,M15)	2026.03.06 16:48:58 | WEEKEND_CLOSE | SYSTEM | Friday post-close. All positions closed. EA idle until Monday. Tick=208693
LH	0	09:49:01.799	Cazyxio_v4.1 (EURUSD,M15)	2026.03.06 16:49:01 | HEARTBEAT | SYSTEM | EA alive. Tick=208700 Equity=45490.80 OpenPos=0 UTC=2026.03.06 16:49 DayOfWeek=5 WeekendCloseActive=YES NewTradeBlocked=YES | 208700.000000
QO	0	09:49:45.927	Cazyxio_v4.1 (EURUSD,M15)	2026.03.06 16:49:45 | WEEKEND_CLOSE | SYSTEM | Friday post-close. All positions closed. EA idle until Monday. Tick=208793
HF	0	09:49:50.274	Cazyxio_v4.1 (EURUSD,M15)	2026.03.06 16:49:50 | HEARTBEAT | SYSTEM | EA alive. Tick=208800 Equity=45490.80 OpenPos=0 UTC=2026.03.06 16:49 DayOfWeek=5 WeekendCloseActive=YES NewTradeBlocked=YES | 208800.000000
OH	0	09:50:37.946	Cazyxio_v4.1 (EURUSD,M15)	2026.03.06 16:50:37 | WEEKEND_CLOSE | SYSTEM | Friday post-close. All positions closed. EA idle until Monday. Tick=208893
LG	0	09:50:41.201	Cazyxio_v4.1 (EURUSD,M15)	2026.03.06 16:50:41 | HEARTBEAT | SYSTEM | EA alive. Tick=208900 Equity=45490.80 OpenPos=0 UTC=2026.03.06 16:50 DayOfWeek=5 WeekendCloseActive=YES NewTradeBlocked=YES | 208900.000000
FI	0	09:51:27.627	Cazyxio_v4.1 (EURUSD,M15)	2026.03.06 16:51:27 | WEEKEND_CLOSE | SYSTEM | Friday post-close. All positions closed. EA idle until Monday. Tick=208993
ND	0	09:51:32.578	Cazyxio_v4.1 (EURUSD,M15)	2026.03.06 16:51:32 | HEARTBEAT | SYSTEM | EA alive. Tick=209000 Equity=45490.80 OpenPos=0 UTC=2026.03.06 16:51 DayOfWeek=5 WeekendCloseActive=YES NewTradeBlocked=YES | 209000.000000
PK	0	09:52:24.843	Cazyxio_v4.1 (EURUSD,M15)	2026.03.06 16:52:24 | WEEKEND_CLOSE | SYSTEM | Friday post-close. All positions closed. EA idle until Monday. Tick=209093
RR	0	09:52:29.838	Cazyxio_v4.1 (EURUSD,M15)	2026.03.06 16:52:29 | HEARTBEAT | SYSTEM | EA alive. Tick=209100 Equity=45490.80 OpenPos=0 UTC=2026.03.06 16:52 DayOfWeek=5 WeekendCloseActive=YES NewTradeBlocked=YES | 209100.000000
ED	0	09:53:28.843	Cazyxio_v4.1 (EURUSD,M15)	2026.03.06 16:53:28 | WEEKEND_CLOSE | SYSTEM | Friday post-close. All positions closed. EA idle until Monday. Tick=209193
HS	0	09:53:31.112	Cazyxio_v4.1 (EURUSD,M15)	2026.03.06 16:53:31 | HEARTBEAT | SYSTEM | EA alive. Tick=209200 Equity=45490.80 OpenPos=0 UTC=2026.03.06 16:53 DayOfWeek=5 WeekendCloseActive=YES NewTradeBlocked=YES | 209200.000000
FF	0	09:54:15.979	Cazyxio_v4.1 (EURUSD,M15)	2026.03.06 16:54:15 | WEEKEND_CLOSE | SYSTEM | Friday post-close. All positions closed. EA idle until Monday. Tick=209293
CP	0	09:54:21.897	Cazyxio_v4.1 (EURUSD,M15)	2026.03.06 16:54:21 | HEARTBEAT | SYSTEM | EA alive. Tick=209300 Equity=45490.80 OpenPos=0 UTC=2026.03.06 16:54 DayOfWeek=5 WeekendCloseActive=YES NewTradeBlocked=YES | 209300.000000
NG	0	09:55:03.686	Cazyxio_v4.1 (EURUSD,M15)	2026.03.06 16:55:03 | WEEKEND_CLOSE | SYSTEM | Friday post-close. All positions closed. EA idle until Monday. Tick=209393
PN	0	09:55:06.220	Cazyxio_v4.1 (EURUSD,M15)	2026.03.06 16:55:06 | HEARTBEAT | SYSTEM | EA alive. Tick=209400 Equity=45490.80 OpenPos=0 UTC=2026.03.06 16:55 DayOfWeek=5 WeekendCloseActive=YES NewTradeBlocked=YES | 209400.000000
DP	0	09:55:47.690	Cazyxio_v4.1 (EURUSD,M15)	2026.03.06 16:55:47 | WEEKEND_CLOSE | SYSTEM | Friday post-close. All positions closed. EA idle until Monday. Tick=209493
LO	0	09:55:50.695	Cazyxio_v4.1 (EURUSD,M15)	2026.03.06 16:55:50 | HEARTBEAT | SYSTEM | EA alive. Tick=209500 Equity=45490.80 OpenPos=0 UTC=2026.03.06 16:55 DayOfWeek=5 WeekendCloseActive=YES NewTradeBlocked=YES | 209500.000000
JR	0	09:56:30.897	Cazyxio_v4.1 (EURUSD,M15)	2026.03.06 16:56:30 | WEEKEND_CLOSE | SYSTEM | Friday post-close. All positions closed. EA idle until Monday. Tick=209593
GM	0	09:56:33.196	Cazyxio_v4.1 (EURUSD,M15)	2026.03.06 16:56:33 | HEARTBEAT | SYSTEM | EA alive. Tick=209600 Equity=45490.80 OpenPos=0 UTC=2026.03.06 16:56 DayOfWeek=5 WeekendCloseActive=YES NewTradeBlocked=YES | 209600.000000
NS	0	09:57:15.560	Cazyxio_v4.1 (EURUSD,M15)	2026.03.06 16:57:15 | WEEKEND_CLOSE | SYSTEM | Friday post-close. All positions closed. EA idle until Monday. Tick=209693
MJ	0	09:57:18.447	Cazyxio_v4.1 (EURUSD,M15)	2026.03.06 16:57:18 | HEARTBEAT | SYSTEM | EA alive. Tick=209700 Equity=45490.80 OpenPos=0 UTC=2026.03.06 16:57 DayOfWeek=5 WeekendCloseActive=YES NewTradeBlocked=YES | 209700.000000
RL	0	09:58:03.099	Cazyxio_v4.1 (EURUSD,M15)	2026.03.06 16:58:03 | WEEKEND_CLOSE | SYSTEM | Friday post-close. All positions closed. EA idle until Monday. Tick=209793
KK	0	09:58:05.426	Cazyxio_v4.1 (EURUSD,M15)	2026.03.06 16:58:05 | HEARTBEAT | SYSTEM | EA alive. Tick=209800 Equity=45490.80 OpenPos=0 UTC=2026.03.06 16:58 DayOfWeek=5 WeekendCloseActive=YES NewTradeBlocked=YES | 209800.000000
QN	0	09:58:44.051	Cazyxio_v4.1 (EURUSD,M15)	2026.03.06 16:58:44 | WEEKEND_CLOSE | SYSTEM | Friday post-close. All positions closed. EA idle until Monday. Tick=209893
FI	0	09:58:49.713	Cazyxio_v4.1 (EURUSD,M15)	2026.03.06 16:58:49 | HEARTBEAT | SYSTEM | EA alive. Tick=209900 Equity=45490.80 OpenPos=0 UTC=2026.03.06 16:58 DayOfWeek=5 WeekendCloseActive=YES NewTradeBlocked=YES | 209900.000000
HO	0	09:59:32.426	Cazyxio_v4.1 (EURUSD,M15)	2026.03.06 16:59:32 | WEEKEND_CLOSE | SYSTEM | Friday post-close. All positions closed. EA idle until Monday. Tick=209993
HF	0	09:59:34.855	Cazyxio_v4.1 (EURUSD,M15)	2026.03.06 16:59:34 | HEARTBEAT | SYSTEM | EA alive. Tick=210000 Equity=45490.80 OpenPos=0 UTC=2026.03.06 16:59 DayOfWeek=5 WeekendCloseActive=YES NewTradeBlocked=YES | 210000.000000
PI	0	10:00:10.381	Cazyxio_v4.1 (EURUSD,M15)	2026.03.06 17:00:10 | WEEKEND_CLOSE | SYSTEM | Friday post-close. All positions closed. EA idle until Monday. Tick=210093
MG	0	10:00:13.306	Cazyxio_v4.1 (EURUSD,M15)	2026.03.06 17:00:13 | HEARTBEAT | SYSTEM | EA alive. Tick=210100 Equity=45490.80 OpenPos=0 UTC=2026.03.06 17:00 DayOfWeek=5 WeekendCloseActive=YES NewTradeBlocked=YES | 210100.000000
KJ	0	10:00:52.594	Cazyxio_v4.1 (EURUSD,M15)	2026.03.06 17:00:52 | WEEKEND_CLOSE | SYSTEM | Friday post-close. All positions closed. EA idle until Monday. Tick=210193
PE	0	10:00:54.888	Cazyxio_v4.1 (EURUSD,M15)	2026.03.06 17:00:54 | HEARTBEAT | SYSTEM | EA alive. Tick=210200 Equity=45490.80 OpenPos=0 UTC=2026.03.06 17:00 DayOfWeek=5 WeekendCloseActive=YES NewTradeBlocked=YES | 210200.000000
PK	0	10:01:31.361	Cazyxio_v4.1 (EURUSD,M15)	2026.03.06 17:01:31 | WEEKEND_CLOSE | SYSTEM | Friday post-close. All positions closed. EA idle until Monday. Tick=210293
KR	0	10:01:34.929	Cazyxio_v4.1 (EURUSD,M15)	2026.03.06 17:01:34 | HEARTBEAT | SYSTEM | EA alive. Tick=210300 Equity=45490.80 OpenPos=0 UTC=2026.03.06 17:01 DayOfWeek=5 WeekendCloseActive=YES NewTradeBlocked=YES | 210300.000000
QE	0	10:02:14.585	Cazyxio_v4.1 (EURUSD,M15)	2026.03.06 17:02:14 | WEEKEND_CLOSE | SYSTEM | Friday post-close. All positions closed. EA idle until Monday. Tick=210393
JP	0	10:02:17.040	Cazyxio_v4.1 (EURUSD,M15)	2026.03.06 17:02:17 | HEARTBEAT | SYSTEM | EA alive. Tick=210400 Equity=45490.80 OpenPos=0 UTC=2026.03.06 17:02 DayOfWeek=5 WeekendCloseActive=YES NewTradeBlocked=YES | 210400.000000
LF	0	10:03:03.376	Cazyxio_v4.1 (EURUSD,M15)	2026.03.06 17:03:03 | WEEKEND_CLOSE | SYSTEM | Friday post-close. All positions closed. EA idle until Monday. Tick=210493
JQ	0	10:03:06.065	Cazyxio_v4.1 (EURUSD,M15)	2026.03.06 17:03:06 | HEARTBEAT | SYSTEM | EA alive. Tick=210500 Equity=45490.80 OpenPos=0 UTC=2026.03.06 17:03 DayOfWeek=5 WeekendCloseActive=YES NewTradeBlocked=YES | 210500.000000
IG	0	10:03:50.921	Cazyxio_v4.1 (EURUSD,M15)	2026.03.06 17:03:50 | WEEKEND_CLOSE | SYSTEM | Friday post-close. All positions closed. EA idle until Monday. Tick=210593
IN	0	10:03:53.190	Cazyxio_v4.1 (EURUSD,M15)	2026.03.06 17:03:53 | HEARTBEAT | SYSTEM | EA alive. Tick=210600 Equity=45490.80 OpenPos=0 UTC=2026.03.06 17:03 DayOfWeek=5 WeekendCloseActive=YES NewTradeBlocked=YES | 210600.000000
DQ	0	10:04:29.598	Cazyxio_v4.1 (EURUSD,M15)	2026.03.06 17:04:29 | WEEKEND_CLOSE | SYSTEM | Friday post-close. All positions closed. EA idle until Monday. Tick=210693
HL	0	10:04:32.727	Cazyxio_v4.1 (EURUSD,M15)	2026.03.06 17:04:32 | HEARTBEAT | SYSTEM | EA alive. Tick=210700 Equity=45490.80 OpenPos=0 UTC=2026.03.06 17:04 DayOfWeek=5 WeekendCloseActive=YES NewTradeBlocked=YES | 210700.000000
OR	0	10:05:10.622	Cazyxio_v4.1 (EURUSD,M15)	2026.03.06 17:05:10 | WEEKEND_CLOSE | SYSTEM | Friday post-close. All positions closed. EA idle until Monday. Tick=210793
NM	0	10:05:14.124	Cazyxio_v4.1 (EURUSD,M15)	2026.03.06 17:05:14 | HEARTBEAT | SYSTEM | EA alive. Tick=210800 Equity=45490.80 OpenPos=0 UTC=2026.03.06 17:05 DayOfWeek=5 WeekendCloseActive=YES NewTradeBlocked=YES | 210800.000000
JL	0	10:05:56.392	Cazyxio_v4.1 (EURUSD,M15)	2026.03.06 17:05:56 | WEEKEND_CLOSE | SYSTEM | Friday post-close. All positions closed. EA idle until Monday. Tick=210893
QJ	0	10:05:58.620	Cazyxio_v4.1 (EURUSD,M15)	2026.03.06 17:05:58 | HEARTBEAT | SYSTEM | EA alive. Tick=210900 Equity=45490.80 OpenPos=0 UTC=2026.03.06 17:05 DayOfWeek=5 WeekendCloseActive=YES NewTradeBlocked=YES | 210900.000000
KM	0	10:06:40.176	Cazyxio_v4.1 (EURUSD,M15)	2026.03.06 17:06:40 | WEEKEND_CLOSE | SYSTEM | Friday post-close. All positions closed. EA idle until Monday. Tick=210993
FH	0	10:06:42.541	Cazyxio_v4.1 (EURUSD,M15)	2026.03.06 17:06:42 | HEARTBEAT | SYSTEM | EA alive. Tick=211000 Equity=45490.80 OpenPos=0 UTC=2026.03.06 17:06 DayOfWeek=5 WeekendCloseActive=YES NewTradeBlocked=YES | 211000.000000
KN	0	10:07:22.435	Cazyxio_v4.1 (EURUSD,M15)	2026.03.06 17:07:22 | WEEKEND_CLOSE | SYSTEM | Friday post-close. All positions closed. EA idle until Monday. Tick=211093
OI	0	10:07:25.671	Cazyxio_v4.1 (EURUSD,M15)	2026.03.06 17:07:25 | HEARTBEAT | SYSTEM | EA alive. Tick=211100 Equity=45490.80 OpenPos=0 UTC=2026.03.06 17:07 DayOfWeek=5 WeekendCloseActive=YES NewTradeBlocked=YES | 211100.000000
HH	0	10:08:06.356	Cazyxio_v4.1 (EURUSD,M15)	2026.03.06 17:08:06 | WEEKEND_CLOSE | SYSTEM | Friday post-close. All positions closed. EA idle until Monday. Tick=211193
RG	0	10:08:08.530	Cazyxio_v4.1 (EURUSD,M15)	2026.03.06 17:08:08 | HEARTBEAT | SYSTEM | EA alive. Tick=211200 Equity=45490.80 OpenPos=0 UTC=2026.03.06 17:08 DayOfWeek=5 WeekendCloseActive=YES NewTradeBlocked=YES | 211200.000000
MI	0	10:08:49.107	Cazyxio_v4.1 (EURUSD,M15)	2026.03.06 17:08:49 | WEEKEND_CLOSE | SYSTEM | Friday post-close. All positions closed. EA idle until Monday. Tick=211293
FD	0	10:08:51.905	Cazyxio_v4.1 (EURUSD,M15)	2026.03.06 17:08:51 | HEARTBEAT | SYSTEM | EA alive. Tick=211300 Equity=45490.80 OpenPos=0 UTC=2026.03.06 17:08 DayOfWeek=5 WeekendCloseActive=YES NewTradeBlocked=YES | 211300.000000
EJ	0	10:09:38.900	Cazyxio_v4.1 (EURUSD,M15)	2026.03.06 17:09:38 | WEEKEND_CLOSE | SYSTEM | Friday post-close. All positions closed. EA idle until Monday. Tick=211393
JE	0	10:09:44.726	Cazyxio_v4.1 (EURUSD,M15)	2026.03.06 17:09:44 | HEARTBEAT | SYSTEM | EA alive. Tick=211400 Equity=45490.80 OpenPos=0 UTC=2026.03.06 17:09 DayOfWeek=5 WeekendCloseActive=YES NewTradeBlocked=YES | 211400.000000
DD	0	10:10:26.362	Cazyxio_v4.1 (EURUSD,M15)	2026.03.06 17:10:26 | WEEKEND_CLOSE | SYSTEM | Friday post-close. All positions closed. EA idle until Monday. Tick=211493
GS	0	10:10:28.776	Cazyxio_v4.1 (EURUSD,M15)	2026.03.06 17:10:28 | HEARTBEAT | SYSTEM | EA alive. Tick=211500 Equity=45490.80 OpenPos=0 UTC=2026.03.06 17:10 DayOfWeek=5 WeekendCloseActive=YES NewTradeBlocked=YES | 211500.000000
RE	0	10:11:18.677	Cazyxio_v4.1 (EURUSD,M15)	2026.03.06 17:11:18 | WEEKEND_CLOSE | SYSTEM | Friday post-close. All positions closed. EA idle until Monday. Tick=211593
MP	0	10:11:22.751	Cazyxio_v4.1 (EURUSD,M15)	2026.03.06 17:11:22 | HEARTBEAT | SYSTEM | EA alive. Tick=211600 Equity=45490.80 OpenPos=0 UTC=2026.03.06 17:11 DayOfWeek=5 WeekendCloseActive=YES NewTradeBlocked=YES | 211600.000000
EG	0	10:12:08.442	Cazyxio_v4.1 (EURUSD,M15)	2026.03.06 17:12:08 | WEEKEND_CLOSE | SYSTEM | Friday post-close. All positions closed. EA idle until Monday. Tick=211693
DQ	0	10:12:11.827	Cazyxio_v4.1 (EURUSD,M15)	2026.03.06 17:12:11 | HEARTBEAT | SYSTEM | EA alive. Tick=211700 Equity=45490.80 OpenPos=0 UTC=2026.03.06 17:12 DayOfWeek=5 WeekendCloseActive=YES NewTradeBlocked=YES | 211700.000000
HP	0	10:13:00.626	Cazyxio_v4.1 (EURUSD,M15)	2026.03.06 17:13:00 | WEEKEND_CLOSE | SYSTEM | Friday post-close. All positions closed. EA idle until Monday. Tick=211793
RO	0	10:13:03.855	Cazyxio_v4.1 (EURUSD,M15)	2026.03.06 17:13:03 | HEARTBEAT | SYSTEM | EA alive. Tick=211800 Equity=45490.80 OpenPos=0 UTC=2026.03.06 17:13 DayOfWeek=5 WeekendCloseActive=YES NewTradeBlocked=YES | 211800.000000
QQ	0	10:13:39.936	Cazyxio_v4.1 (EURUSD,M15)	2026.03.06 17:13:39 | WEEKEND_CLOSE | SYSTEM | Friday post-close. All positions closed. EA idle until Monday. Tick=211893
NL	0	10:13:42.222	Cazyxio_v4.1 (EURUSD,M15)	2026.03.06 17:13:42 | HEARTBEAT | SYSTEM | EA alive. Tick=211900 Equity=45490.80 OpenPos=0 UTC=2026.03.06 17:13 DayOfWeek=5 WeekendCloseActive=YES NewTradeBlocked=YES | 211900.000000
JS	0	10:14:30.857	Cazyxio_v4.1 (EURUSD,M15)	2026.03.06 17:14:30 | WEEKEND_CLOSE | SYSTEM | Friday post-close. All positions closed. EA idle until Monday. Tick=211993
PJ	0	10:14:33.889	Cazyxio_v4.1 (EURUSD,M15)	2026.03.06 17:14:33 | HEARTBEAT | SYSTEM | EA alive. Tick=212000 Equity=45490.80 OpenPos=0 UTC=2026.03.06 17:14 DayOfWeek=5 WeekendCloseActive=YES NewTradeBlocked=YES | 212000.000000
ML	0	10:15:33.632	Cazyxio_v4.1 (EURUSD,M15)	2026.03.06 17:15:33 | WEEKEND_CLOSE | SYSTEM | Friday post-close. All positions closed. EA idle until Monday. Tick=212093
CK	0	10:15:38.388	Cazyxio_v4.1 (EURUSD,M15)	2026.03.06 17:15:38 | HEARTBEAT | SYSTEM | EA alive. Tick=212100 Equity=45490.80 OpenPos=0 UTC=2026.03.06 17:15 DayOfWeek=5 WeekendCloseActive=YES NewTradeBlocked=YES | 212100.000000
JM	0	10:16:18.863	Cazyxio_v4.1 (EURUSD,M15)	2026.03.06 17:16:18 | WEEKEND_CLOSE | SYSTEM | Friday post-close. All positions closed. EA idle until Monday. Tick=212193
MH	0	10:16:21.101	Cazyxio_v4.1 (EURUSD,M15)	2026.03.06 17:16:21 | HEARTBEAT | SYSTEM | EA alive. Tick=212200 Equity=45490.80 OpenPos=0 UTC=2026.03.06 17:16 DayOfWeek=5 WeekendCloseActive=YES NewTradeBlocked=YES | 212200.000000
JO	0	10:17:00.466	Cazyxio_v4.1 (EURUSD,M15)	2026.03.06 17:17:00 | WEEKEND_CLOSE | SYSTEM | Friday post-close. All positions closed. EA idle until Monday. Tick=212293
PF	0	10:17:03.484	Cazyxio_v4.1 (EURUSD,M15)	2026.03.06 17:17:03 | HEARTBEAT | SYSTEM | EA alive. Tick=212300 Equity=45490.80 OpenPos=0 UTC=2026.03.06 17:17 DayOfWeek=5 WeekendCloseActive=YES NewTradeBlocked=YES | 212300.000000
EH	0	10:17:52.970	Cazyxio_v4.1 (EURUSD,M15)	2026.03.06 17:17:52 | WEEKEND_CLOSE | SYSTEM | Friday post-close. All positions closed. EA idle until Monday. Tick=212393
JG	0	10:17:56.697	Cazyxio_v4.1 (EURUSD,M15)	2026.03.06 17:17:56 | HEARTBEAT | SYSTEM | EA alive. Tick=212400 Equity=45490.80 OpenPos=0 UTC=2026.03.06 17:17 DayOfWeek=5 WeekendCloseActive=YES NewTradeBlocked=YES | 212400.000000
CJ	0	10:18:33.023	Cazyxio_v4.1 (EURUSD,M15)	2026.03.06 17:18:33 | WEEKEND_CLOSE | SYSTEM | Friday post-close. All positions closed. EA idle until Monday. Tick=212493
ED	0	10:18:37.352	Cazyxio_v4.1 (EURUSD,M15)	2026.03.06 17:18:37 | HEARTBEAT | SYSTEM | EA alive. Tick=212500 Equity=45490.80 OpenPos=0 UTC=2026.03.06 17:18 DayOfWeek=5 WeekendCloseActive=YES NewTradeBlocked=YES | 212500.000000
EK	0	10:19:13.370	Cazyxio_v4.1 (EURUSD,M15)	2026.03.06 17:19:13 | WEEKEND_CLOSE | SYSTEM | Friday post-close. All positions closed. EA idle until Monday. Tick=212593
DR	0	10:19:16.509	Cazyxio_v4.1 (EURUSD,M15)	2026.03.06 17:19:16 | HEARTBEAT | SYSTEM | EA alive. Tick=212600 Equity=45490.80 OpenPos=0 UTC=2026.03.06 17:19 DayOfWeek=5 WeekendCloseActive=YES NewTradeBlocked=YES | 212600.000000
MD	0	10:19:59.432	Cazyxio_v4.1 (EURUSD,M15)	2026.03.06 17:19:59 | WEEKEND_CLOSE | SYSTEM | Friday post-close. All positions closed. EA idle until Monday. Tick=212693
DS	0	10:20:01.495	Cazyxio_v4.1 (EURUSD,M15)	2026.03.06 17:20:01 | HEARTBEAT | SYSTEM | EA alive. Tick=212700 Equity=45490.80 OpenPos=0 UTC=2026.03.06 17:20 DayOfWeek=5 WeekendCloseActive=YES NewTradeBlocked=YES | 212700.000000
EF	0	10:20:38.424	Cazyxio_v4.1 (EURUSD,M15)	2026.03.06 17:20:38 | WEEKEND_CLOSE | SYSTEM | Friday post-close. All positions closed. EA idle until Monday. Tick=212793
KQ	0	10:20:40.182	Cazyxio_v4.1 (EURUSD,M15)	2026.03.06 17:20:40 | HEARTBEAT | SYSTEM | EA alive. Tick=212800 Equity=45490.80 OpenPos=0 UTC=2026.03.06 17:20 DayOfWeek=5 WeekendCloseActive=YES NewTradeBlocked=YES | 212800.000000
PG	0	10:21:20.282	Cazyxio_v4.1 (EURUSD,M15)	2026.03.06 17:21:20 | WEEKEND_CLOSE | SYSTEM | Friday post-close. All positions closed. EA idle until Monday. Tick=212893
CN	0	10:21:23.062	Cazyxio_v4.1 (EURUSD,M15)	2026.03.06 17:21:23 | HEARTBEAT | SYSTEM | EA alive. Tick=212900 Equity=45490.80 OpenPos=0 UTC=2026.03.06 17:21 DayOfWeek=5 WeekendCloseActive=YES NewTradeBlocked=YES | 212900.000000
OP	0	10:21:51.824	Cazyxio_v4.1 (EURUSD,M15)	2026.03.06 17:21:51 | WEEKEND_CLOSE | SYSTEM | Friday post-close. All positions closed. EA idle until Monday. Tick=212993
JO	0	10:21:55.867	Cazyxio_v4.1 (EURUSD,M15)	2026.03.06 17:21:55 | HEARTBEAT | SYSTEM | EA alive. Tick=213000 Equity=45490.80 OpenPos=0 UTC=2026.03.06 17:21 DayOfWeek=5 WeekendCloseActive=YES NewTradeBlocked=YES | 213000.000000
IR	0	10:22:34.732	Cazyxio_v4.1 (EURUSD,M15)	2026.03.06 17:22:34 | WEEKEND_CLOSE | SYSTEM | Friday post-close. All positions closed. EA idle until Monday. Tick=213093
OM	0	10:22:36.582	Cazyxio_v4.1 (EURUSD,M15)	2026.03.06 17:22:36 | HEARTBEAT | SYSTEM | EA alive. Tick=213100 Equity=45490.80 OpenPos=0 UTC=2026.03.06 17:22 DayOfWeek=5 WeekendCloseActive=YES NewTradeBlocked=YES | 213100.000000
MS	0	10:23:10.252	Cazyxio_v4.1 (EURUSD,M15)	2026.03.06 17:23:10 | WEEKEND_CLOSE | SYSTEM | Friday post-close. All positions closed. EA idle until Monday. Tick=213193
PJ	0	10:23:13.566	Cazyxio_v4.1 (EURUSD,M15)	2026.03.06 17:23:13 | HEARTBEAT | SYSTEM | EA alive. Tick=213200 Equity=45490.80 OpenPos=0 UTC=2026.03.06 17:23 DayOfWeek=5 WeekendCloseActive=YES NewTradeBlocked=YES | 213200.000000
DM	0	10:23:51.744	Cazyxio_v4.1 (EURUSD,M15)	2026.03.06 17:23:51 | WEEKEND_CLOSE | SYSTEM | Friday post-close. All positions closed. EA idle until Monday. Tick=213293
MK	0	10:23:55.127	Cazyxio_v4.1 (EURUSD,M15)	2026.03.06 17:23:55 | HEARTBEAT | SYSTEM | EA alive. Tick=213300 Equity=45490.80 OpenPos=0 UTC=2026.03.06 17:23 DayOfWeek=5 WeekendCloseActive=YES NewTradeBlocked=YES | 213300.000000
IN	0	10:24:44.755	Cazyxio_v4.1 (EURUSD,M15)	2026.03.06 17:24:44 | WEEKEND_CLOSE | SYSTEM | Friday post-close. All positions closed. EA idle until Monday. Tick=213393
FI	0	10:24:46.990	Cazyxio_v4.1 (EURUSD,M15)	2026.03.06 17:24:46 | HEARTBEAT | SYSTEM | EA alive. Tick=213400 Equity=45490.80 OpenPos=0 UTC=2026.03.06 17:24 DayOfWeek=5 WeekendCloseActive=YES NewTradeBlocked=YES | 213400.000000
EO	0	10:25:30.907	Cazyxio_v4.1 (EURUSD,M15)	2026.03.06 17:25:30 | WEEKEND_CLOSE | SYSTEM | Friday post-close. All positions closed. EA idle until Monday. Tick=213493
PF	0	10:25:33.919	Cazyxio_v4.1 (EURUSD,M15)	2026.03.06 17:25:33 | HEARTBEAT | SYSTEM | EA alive. Tick=213500 Equity=45490.80 OpenPos=0 UTC=2026.03.06 17:25 DayOfWeek=5 WeekendCloseActive=YES NewTradeBlocked=YES | 213500.000000
CI	0	10:26:15.146	Cazyxio_v4.1 (EURUSD,M15)	2026.03.06 17:26:15 | WEEKEND_CLOSE | SYSTEM | Friday post-close. All positions closed. EA idle until Monday. Tick=213593
ND	0	10:26:18.394	Cazyxio_v4.1 (EURUSD,M15)	2026.03.06 17:26:18 | HEARTBEAT | SYSTEM | EA alive. Tick=213600 Equity=45490.80 OpenPos=0 UTC=2026.03.06 17:26 DayOfWeek=5 WeekendCloseActive=YES NewTradeBlocked=YES | 213600.000000
KJ	0	10:27:16.839	Cazyxio_v4.1 (EURUSD,M15)	2026.03.06 17:27:16 | WEEKEND_CLOSE | SYSTEM | Friday post-close. All positions closed. EA idle until Monday. Tick=213693
PE	0	10:27:19.069	Cazyxio_v4.1 (EURUSD,M15)	2026.03.06 17:27:19 | HEARTBEAT | SYSTEM | EA alive. Tick=213700 Equity=45490.80 OpenPos=0 UTC=2026.03.06 17:27 DayOfWeek=5 WeekendCloseActive=YES NewTradeBlocked=YES | 213700.000000
RK	0	10:28:15.112	Cazyxio_v4.1 (EURUSD,M15)	2026.03.06 17:28:15 | WEEKEND_CLOSE | SYSTEM | Friday post-close. All positions closed. EA idle until Monday. Tick=213793
HR	0	10:28:17.651	Cazyxio_v4.1 (EURUSD,M15)	2026.03.06 17:28:17 | HEARTBEAT | SYSTEM | EA alive. Tick=213800 Equity=45490.80 OpenPos=0 UTC=2026.03.06 17:28 DayOfWeek=5 WeekendCloseActive=YES NewTradeBlocked=YES | 213800.000000
EE	0	10:29:02.794	Cazyxio_v4.1 (EURUSD,M15)	2026.03.06 17:29:02 | WEEKEND_CLOSE | SYSTEM | Friday post-close. All positions closed. EA idle until Monday. Tick=213893
PP	0	10:29:09.072	Cazyxio_v4.1 (EURUSD,M15)	2026.03.06 17:29:09 | HEARTBEAT | SYSTEM | EA alive. Tick=213900 Equity=45490.80 OpenPos=0 UTC=2026.03.06 17:29 DayOfWeek=5 WeekendCloseActive=YES NewTradeBlocked=YES | 213900.000000
RF	0	10:29:51.844	Cazyxio_v4.1 (EURUSD,M15)	2026.03.06 17:29:51 | WEEKEND_CLOSE | SYSTEM | Friday post-close. All positions closed. EA idle until Monday. Tick=213993
KQ	0	10:29:56.486	Cazyxio_v4.1 (EURUSD,M15)	2026.03.06 17:29:56 | HEARTBEAT | SYSTEM | EA alive. Tick=214000 Equity=45490.80 OpenPos=0 UTC=2026.03.06 17:29 DayOfWeek=5 WeekendCloseActive=YES NewTradeBlocked=YES | 214000.000000
EP	0	10:30:47.441	Cazyxio_v4.1 (EURUSD,M15)	2026.03.06 17:30:47 | WEEKEND_CLOSE | SYSTEM | Friday post-close. All positions closed. EA idle until Monday. Tick=214093
ON	0	10:30:49.671	Cazyxio_v4.1 (EURUSD,M15)	2026.03.06 17:30:49 | HEARTBEAT | SYSTEM | EA alive. Tick=214100 Equity=45490.80 OpenPos=0 UTC=2026.03.06 17:30 DayOfWeek=5 WeekendCloseActive=YES NewTradeBlocked=YES | 214100.000000
EQ	0	10:31:38.017	Cazyxio_v4.1 (EURUSD,M15)	2026.03.06 17:31:38 | WEEKEND_CLOSE | SYSTEM | Friday post-close. All positions closed. EA idle until Monday. Tick=214193
JL	0	10:31:40.473	Cazyxio_v4.1 (EURUSD,M15)	2026.03.06 17:31:40 | HEARTBEAT | SYSTEM | EA alive. Tick=214200 Equity=45490.80 OpenPos=0 UTC=2026.03.06 17:31 DayOfWeek=5 WeekendCloseActive=YES NewTradeBlocked=YES | 214200.000000
DR	0	10:32:17.914	Cazyxio_v4.1 (EURUSD,M15)	2026.03.06 17:32:17 | WEEKEND_CLOSE | SYSTEM | Friday post-close. All positions closed. EA idle until Monday. Tick=214293
QM	0	10:32:21.455	Cazyxio_v4.1 (EURUSD,M15)	2026.03.06 17:32:21 | HEARTBEAT | SYSTEM | EA alive. Tick=214300 Equity=45490.80 OpenPos=0 UTC=2026.03.06 17:32 DayOfWeek=5 WeekendCloseActive=YES NewTradeBlocked=YES | 214300.000000
HL	0	10:33:12.869	Cazyxio_v4.1 (EURUSD,M15)	2026.03.06 17:33:12 | WEEKEND_CLOSE | SYSTEM | Friday post-close. All positions closed. EA idle until Monday. Tick=214393
GK	0	10:33:16.371	Cazyxio_v4.1 (EURUSD,M15)	2026.03.06 17:33:16 | HEARTBEAT | SYSTEM | EA alive. Tick=214400 Equity=45490.80 OpenPos=0 UTC=2026.03.06 17:33 DayOfWeek=5 WeekendCloseActive=YES NewTradeBlocked=YES | 214400.000000
OM	0	10:34:03.021	Cazyxio_v4.1 (EURUSD,M15)	2026.03.06 17:34:03 | WEEKEND_CLOSE | SYSTEM | Friday post-close. All positions closed. EA idle until Monday. Tick=214493
EH	0	10:34:06.615	Cazyxio_v4.1 (EURUSD,M15)	2026.03.06 17:34:06 | HEARTBEAT | SYSTEM | EA alive. Tick=214500 Equity=45490.80 OpenPos=0 UTC=2026.03.06 17:34 DayOfWeek=5 WeekendCloseActive=YES NewTradeBlocked=YES | 214500.000000
QN	0	10:35:02.262	Cazyxio_v4.1 (EURUSD,M15)	2026.03.06 17:35:02 | WEEKEND_CLOSE | SYSTEM | Friday post-close. All positions closed. EA idle until Monday. Tick=214593
DI	0	10:35:07.479	Cazyxio_v4.1 (EURUSD,M15)	2026.03.06 17:35:07 | HEARTBEAT | SYSTEM | EA alive. Tick=214600 Equity=45490.80 OpenPos=0 UTC=2026.03.06 17:35 DayOfWeek=5 WeekendCloseActive=YES NewTradeBlocked=YES | 214600.000000
DH	0	10:36:00.213	Cazyxio_v4.1 (EURUSD,M15)	2026.03.06 17:36:00 | WEEKEND_CLOSE | SYSTEM | Friday post-close. All positions closed. EA idle until Monday. Tick=214693
QG	0	10:36:05.181	Cazyxio_v4.1 (EURUSD,M15)	2026.03.06 17:36:05 | HEARTBEAT | SYSTEM | EA alive. Tick=214700 Equity=45490.80 OpenPos=0 UTC=2026.03.06 17:36 DayOfWeek=5 WeekendCloseActive=YES NewTradeBlocked=YES | 214700.000000
OI	0	10:36:56.398	Cazyxio_v4.1 (EURUSD,M15)	2026.03.06 17:36:56 | WEEKEND_CLOSE | SYSTEM | Friday post-close. All positions closed. EA idle until Monday. Tick=214793
RD	0	10:36:59.461	Cazyxio_v4.1 (EURUSD,M15)	2026.03.06 17:36:59 | HEARTBEAT | SYSTEM | EA alive. Tick=214800 Equity=45490.80 OpenPos=0 UTC=2026.03.06 17:36 DayOfWeek=5 WeekendCloseActive=YES NewTradeBlocked=YES | 214800.000000
FK	0	10:37:47.459	Cazyxio_v4.1 (EURUSD,M15)	2026.03.06 17:37:47 | WEEKEND_CLOSE | SYSTEM | Friday post-close. All positions closed. EA idle until Monday. Tick=214893
ME	0	10:37:50.133	Cazyxio_v4.1 (EURUSD,M15)	2026.03.06 17:37:50 | HEARTBEAT | SYSTEM | EA alive. Tick=214900 Equity=45490.80 OpenPos=0 UTC=2026.03.06 17:37 DayOfWeek=5 WeekendCloseActive=YES NewTradeBlocked=YES | 214900.000000
KD	0	10:38:24.334	Cazyxio_v4.1 (EURUSD,M15)	2026.03.06 17:38:24 | WEEKEND_CLOSE | SYSTEM | Friday post-close. All positions closed. EA idle until Monday. Tick=214993
HS	0	10:38:26.865	Cazyxio_v4.1 (EURUSD,M15)	2026.03.06 17:38:26 | HEARTBEAT | SYSTEM | EA alive. Tick=215000 Equity=45490.80 OpenPos=0 UTC=2026.03.06 17:38 DayOfWeek=5 WeekendCloseActive=YES NewTradeBlocked=YES | 215000.000000
PE	0	10:39:11.056	Cazyxio_v4.1 (EURUSD,M15)	2026.03.06 17:39:11 | WEEKEND_CLOSE | SYSTEM | Friday post-close. All positions closed. EA idle until Monday. Tick=215093
EP	0	10:39:13.399	Cazyxio_v4.1 (EURUSD,M15)	2026.03.06 17:39:13 | HEARTBEAT | SYSTEM | EA alive. Tick=215100 Equity=45490.80 OpenPos=0 UTC=2026.03.06 17:39 DayOfWeek=5 WeekendCloseActive=YES NewTradeBlocked=YES | 215100.000000
HG	0	10:39:51.224	Cazyxio_v4.1 (EURUSD,M15)	2026.03.06 17:39:51 | WEEKEND_CLOSE | SYSTEM | Friday post-close. All positions closed. EA idle until Monday. Tick=215193
FN	0	10:39:55.594	Cazyxio_v4.1 (EURUSD,M15)	2026.03.06 17:39:55 | HEARTBEAT | SYSTEM | EA alive. Tick=215200 Equity=45490.80 OpenPos=0 UTC=2026.03.06 17:39 DayOfWeek=5 WeekendCloseActive=YES NewTradeBlocked=YES | 215200.000000
PP	0	10:40:35.342	Cazyxio_v4.1 (EURUSD,M15)	2026.03.06 17:40:35 | WEEKEND_CLOSE | SYSTEM | Friday post-close. All positions closed. EA idle until Monday. Tick=215293
FO	0	10:40:37.891	Cazyxio_v4.1 (EURUSD,M15)	2026.03.06 17:40:37 | HEARTBEAT | SYSTEM | EA alive. Tick=215300 Equity=45490.80 OpenPos=0 UTC=2026.03.06 17:40 DayOfWeek=5 WeekendCloseActive=YES NewTradeBlocked=YES | 215300.000000
MQ	0	10:41:31.005	Cazyxio_v4.1 (EURUSD,M15)	2026.03.06 17:41:31 | WEEKEND_CLOSE | SYSTEM | Friday post-close. All positions closed. EA idle until Monday. Tick=215393
NL	0	10:41:35.245	Cazyxio_v4.1 (EURUSD,M15)	2026.03.06 17:41:35 | HEARTBEAT | SYSTEM | EA alive. Tick=215400 Equity=45490.80 OpenPos=0 UTC=2026.03.06 17:41 DayOfWeek=5 WeekendCloseActive=YES NewTradeBlocked=YES | 215400.000000
GS	0	10:42:38.655	Cazyxio_v4.1 (EURUSD,M15)	2026.03.06 17:42:38 | WEEKEND_CLOSE | SYSTEM | Friday post-close. All positions closed. EA idle until Monday. Tick=215493
KJ	0	10:42:41.159	Cazyxio_v4.1 (EURUSD,M15)	2026.03.06 17:42:41 | HEARTBEAT | SYSTEM | EA alive. Tick=215500 Equity=45490.80 OpenPos=0 UTC=2026.03.06 17:42 DayOfWeek=5 WeekendCloseActive=YES NewTradeBlocked=YES | 215500.000000
EL	0	10:43:33.179	Cazyxio_v4.1 (EURUSD,M15)	2026.03.06 17:43:33 | WEEKEND_CLOSE | SYSTEM | Friday post-close. All positions closed. EA idle until Monday. Tick=215593
QK	0	10:43:35.198	Cazyxio_v4.1 (EURUSD,M15)	2026.03.06 17:43:35 | HEARTBEAT | SYSTEM | EA alive. Tick=215600 Equity=45490.80 OpenPos=0 UTC=2026.03.06 17:43 DayOfWeek=5 WeekendCloseActive=YES NewTradeBlocked=YES | 215600.000000
GN	0	10:44:21.426	Cazyxio_v4.1 (EURUSD,M15)	2026.03.06 17:44:21 | WEEKEND_CLOSE | SYSTEM | Friday post-close. All positions closed. EA idle until Monday. Tick=215693
FH	0	10:44:24.941	Cazyxio_v4.1 (EURUSD,M15)	2026.03.06 17:44:24 | HEARTBEAT | SYSTEM | EA alive. Tick=215700 Equity=45490.80 OpenPos=0 UTC=2026.03.06 17:44 DayOfWeek=5 WeekendCloseActive=YES NewTradeBlocked=YES | 215700.000000
RO	0	10:45:12.408	Cazyxio_v4.1 (EURUSD,M15)	2026.03.06 17:45:12 | WEEKEND_CLOSE | SYSTEM | Friday post-close. All positions closed. EA idle until Monday. Tick=215793
GF	0	10:45:14.635	Cazyxio_v4.1 (EURUSD,M15)	2026.03.06 17:45:14 | HEARTBEAT | SYSTEM | EA alive. Tick=215800 Equity=45490.80 OpenPos=0 UTC=2026.03.06 17:45 DayOfWeek=5 WeekendCloseActive=YES NewTradeBlocked=YES | 215800.000000
PH	0	10:46:06.694	Cazyxio_v4.1 (EURUSD,M15)	2026.03.06 17:46:06 | WEEKEND_CLOSE | SYSTEM | Friday post-close. All positions closed. EA idle until Monday. Tick=215893
EG	0	10:46:09.487	Cazyxio_v4.1 (EURUSD,M15)	2026.03.06 17:46:09 | HEARTBEAT | SYSTEM | EA alive. Tick=215900 Equity=45490.80 OpenPos=0 UTC=2026.03.06 17:46 DayOfWeek=5 WeekendCloseActive=YES NewTradeBlocked=YES | 215900.000000
HJ	0	10:46:55.936	Cazyxio_v4.1 (EURUSD,M15)	2026.03.06 17:46:55 | WEEKEND_CLOSE | SYSTEM | Friday post-close. All positions closed. EA idle until Monday. Tick=215993
PE	0	10:47:00.348	Cazyxio_v4.1 (EURUSD,M15)	2026.03.06 17:47:00 | HEARTBEAT | SYSTEM | EA alive. Tick=216000 Equity=45490.80 OpenPos=0 UTC=2026.03.06 17:47 DayOfWeek=5 WeekendCloseActive=YES NewTradeBlocked=YES | 216000.000000
PK	0	10:47:52.598	Cazyxio_v4.1 (EURUSD,M15)	2026.03.06 17:47:52 | WEEKEND_CLOSE | SYSTEM | Friday post-close. All positions closed. EA idle until Monday. Tick=216093
DR	0	10:47:57.764	Cazyxio_v4.1 (EURUSD,M15)	2026.03.06 17:47:57 | HEARTBEAT | SYSTEM | EA alive. Tick=216100 Equity=45490.80 OpenPos=0 UTC=2026.03.06 17:47 DayOfWeek=5 WeekendCloseActive=YES NewTradeBlocked=YES | 216100.000000
QD	0	10:48:50.426	Cazyxio_v4.1 (EURUSD,M15)	2026.03.06 17:48:50 | WEEKEND_CLOSE | SYSTEM | Friday post-close. All positions closed. EA idle until Monday. Tick=216193
HS	0	10:48:52.602	Cazyxio_v4.1 (EURUSD,M15)	2026.03.06 17:48:52 | HEARTBEAT | SYSTEM | EA alive. Tick=216200 Equity=45490.80 OpenPos=0 UTC=2026.03.06 17:48 DayOfWeek=5 WeekendCloseActive=YES NewTradeBlocked=YES | 216200.000000
FF	0	10:49:34.756	Cazyxio_v4.1 (EURUSD,M15)	2026.03.06 17:49:34 | WEEKEND_CLOSE | SYSTEM | Friday post-close. All positions closed. EA idle until Monday. Tick=216293
QQ	0	10:49:40.347	Cazyxio_v4.1 (EURUSD,M15)	2026.03.06 17:49:40 | HEARTBEAT | SYSTEM | EA alive. Tick=216300 Equity=45490.80 OpenPos=0 UTC=2026.03.06 17:49 DayOfWeek=5 WeekendCloseActive=YES NewTradeBlocked=YES | 216300.000000
IG	0	10:50:30.907	Cazyxio_v4.1 (EURUSD,M15)	2026.03.06 17:50:30 | WEEKEND_CLOSE | SYSTEM | Friday post-close. All positions closed. EA idle until Monday. Tick=216393
JN	0	10:50:33.218	Cazyxio_v4.1 (EURUSD,M15)	2026.03.06 17:50:33 | HEARTBEAT | SYSTEM | EA alive. Tick=216400 Equity=45490.80 OpenPos=0 UTC=2026.03.06 17:50 DayOfWeek=5 WeekendCloseActive=YES NewTradeBlocked=YES | 216400.000000
NQ	0	10:51:29.934	Cazyxio_v4.1 (EURUSD,M15)	2026.03.06 17:51:29 | WEEKEND_CLOSE | SYSTEM | Friday post-close. All positions closed. EA idle until Monday. Tick=216493
OO	0	10:51:32.421	Cazyxio_v4.1 (EURUSD,M15)	2026.03.06 17:51:32 | HEARTBEAT | SYSTEM | EA alive. Tick=216500 Equity=45490.80 OpenPos=0 UTC=2026.03.06 17:51 DayOfWeek=5 WeekendCloseActive=YES NewTradeBlocked=YES | 216500.000000
OR	0	10:52:14.178	Cazyxio_v4.1 (EURUSD,M15)	2026.03.06 17:52:14 | WEEKEND_CLOSE | SYSTEM | Friday post-close. All positions closed. EA idle until Monday. Tick=216593
EM	0	10:52:16.374	Cazyxio_v4.1 (EURUSD,M15)	2026.03.06 17:52:16 | HEARTBEAT | SYSTEM | EA alive. Tick=216600 Equity=45490.80 OpenPos=0 UTC=2026.03.06 17:52 DayOfWeek=5 WeekendCloseActive=YES NewTradeBlocked=YES | 216600.000000
LS	0	10:52:56.031	Cazyxio_v4.1 (EURUSD,M15)	2026.03.06 17:52:56 | WEEKEND_CLOSE | SYSTEM | Friday post-close. All positions closed. EA idle until Monday. Tick=216693
FJ	0	10:53:01.790	Cazyxio_v4.1 (EURUSD,M15)	2026.03.06 17:53:01 | HEARTBEAT | SYSTEM | EA alive. Tick=216700 Equity=45490.80 OpenPos=0 UTC=2026.03.06 17:53 DayOfWeek=5 WeekendCloseActive=YES NewTradeBlocked=YES | 216700.000000
JM	0	10:53:48.289	Cazyxio_v4.1 (EURUSD,M15)	2026.03.06 17:53:48 | WEEKEND_CLOSE | SYSTEM | Friday post-close. All positions closed. EA idle until Monday. Tick=216793
GH	0	10:53:50.672	Cazyxio_v4.1 (EURUSD,M15)	2026.03.06 17:53:50 | HEARTBEAT | SYSTEM | EA alive. Tick=216800 Equity=45490.80 OpenPos=0 UTC=2026.03.06 17:53 DayOfWeek=5 WeekendCloseActive=YES NewTradeBlocked=YES | 216800.000000
NN	0	10:54:33.219	Cazyxio_v4.1 (EURUSD,M15)	2026.03.06 17:54:33 | WEEKEND_CLOSE | SYSTEM | Friday post-close. All positions closed. EA idle until Monday. Tick=216893
OI	0	10:54:36.956	Cazyxio_v4.1 (EURUSD,M15)	2026.03.06 17:54:36 | HEARTBEAT | SYSTEM | EA alive. Tick=216900 Equity=45490.80 OpenPos=0 UTC=2026.03.06 17:54 DayOfWeek=5 WeekendCloseActive=YES NewTradeBlocked=YES | 216900.000000
MO	0	10:55:27.815	Cazyxio_v4.1 (EURUSD,M15)	2026.03.06 17:55:27 | WEEKEND_CLOSE | SYSTEM | Friday post-close. All positions closed. EA idle until Monday. Tick=216993
DF	0	10:55:31.815	Cazyxio_v4.1 (EURUSD,M15)	2026.03.06 17:55:31 | HEARTBEAT | SYSTEM | EA alive. Tick=217000 Equity=45490.80 OpenPos=0 UTC=2026.03.06 17:55 DayOfWeek=5 WeekendCloseActive=YES NewTradeBlocked=YES | 217000.000000
FI	0	10:56:28.722	Cazyxio_v4.1 (EURUSD,M15)	2026.03.06 17:56:28 | WEEKEND_CLOSE | SYSTEM | Friday post-close. All positions closed. EA idle until Monday. Tick=217093
QD	0	10:56:33.097	Cazyxio_v4.1 (EURUSD,M15)	2026.03.06 17:56:33 | HEARTBEAT | SYSTEM | EA alive. Tick=217100 Equity=45490.80 OpenPos=0 UTC=2026.03.06 17:56 DayOfWeek=5 WeekendCloseActive=YES NewTradeBlocked=YES | 217100.000000
KJ	0	10:57:27.056	Cazyxio_v4.1 (EURUSD,M15)	2026.03.06 17:57:27 | WEEKEND_CLOSE | SYSTEM | Friday post-close. All positions closed. EA idle until Monday. Tick=217193
PE	0	10:57:31.897	Cazyxio_v4.1 (EURUSD,M15)	2026.03.06 17:57:31 | HEARTBEAT | SYSTEM | EA alive. Tick=217200 Equity=45490.80 OpenPos=0 UTC=2026.03.06 17:57 DayOfWeek=5 WeekendCloseActive=YES NewTradeBlocked=YES | 217200.000000
FD	0	10:58:08.717	Cazyxio_v4.1 (EURUSD,M15)	2026.03.06 17:58:08 | WEEKEND_CLOSE | SYSTEM | Friday post-close. All positions closed. EA idle until Monday. Tick=217293
ER	0	10:58:11.198	Cazyxio_v4.1 (EURUSD,M15)	2026.03.06 17:58:11 | HEARTBEAT | SYSTEM | EA alive. Tick=217300 Equity=45490.80 OpenPos=0 UTC=2026.03.06 17:58 DayOfWeek=5 WeekendCloseActive=YES NewTradeBlocked=YES | 217300.000000
NE	0	10:58:47.718	Cazyxio_v4.1 (EURUSD,M15)	2026.03.06 17:58:47 | WEEKEND_CLOSE | SYSTEM | Friday post-close. All positions closed. EA idle until Monday. Tick=217393
EP	0	10:58:50.921	Cazyxio_v4.1 (EURUSD,M15)	2026.03.06 17:58:50 | HEARTBEAT | SYSTEM | EA alive. Tick=217400 Equity=45490.80 OpenPos=0 UTC=2026.03.06 17:58 DayOfWeek=5 WeekendCloseActive=YES NewTradeBlocked=YES | 217400.000000
LF	0	10:59:40.540	Cazyxio_v4.1 (EURUSD,M15)	2026.03.06 17:59:40 | WEEKEND_CLOSE | SYSTEM | Friday post-close. All positions closed. EA idle until Monday. Tick=217493
EQ	0	10:59:52.252	Cazyxio_v4.1 (EURUSD,M15)	2026.03.06 17:59:52 | HEARTBEAT | SYSTEM | EA alive. Tick=217500 Equity=45490.80 OpenPos=0 UTC=2026.03.06 17:59 DayOfWeek=5 WeekendCloseActive=YES NewTradeBlocked=YES | 217500.000000
CP	0	11:00:38.393	Cazyxio_v4.1 (EURUSD,M15)	2026.03.06 18:00:38 | WEEKEND_CLOSE | SYSTEM | Friday post-close. All positions closed. EA idle until Monday. Tick=217593
NO	0	11:00:40.865	Cazyxio_v4.1 (EURUSD,M15)	2026.03.06 18:00:40 | HEARTBEAT | SYSTEM | EA alive. Tick=217600 Equity=45490.80 OpenPos=0 UTC=2026.03.06 18:00 DayOfWeek=5 WeekendCloseActive=YES NewTradeBlocked=YES | 217600.000000
QQ	0	11:01:24.583	Cazyxio_v4.1 (EURUSD,M15)	2026.03.06 18:01:24 | WEEKEND_CLOSE | SYSTEM | Friday post-close. All positions closed. EA idle until Monday. Tick=217693
NL	0	11:01:26.837	Cazyxio_v4.1 (EURUSD,M15)	2026.03.06 18:01:26 | HEARTBEAT | SYSTEM | EA alive. Tick=217700 Equity=45490.80 OpenPos=0 UTC=2026.03.06 18:01 DayOfWeek=5 WeekendCloseActive=YES NewTradeBlocked=YES | 217700.000000
IR	0	11:02:02.364	Cazyxio_v4.1 (EURUSD,M15)	2026.03.06 18:02:02 | WEEKEND_CLOSE | SYSTEM | Friday post-close. All positions closed. EA idle until Monday. Tick=217793
LM	0	11:02:06.171	Cazyxio_v4.1 (EURUSD,M15)	2026.03.06 18:02:06 | HEARTBEAT | SYSTEM | EA alive. Tick=217800 Equity=45490.80 OpenPos=0 UTC=2026.03.06 18:02 DayOfWeek=5 WeekendCloseActive=YES NewTradeBlocked=YES | 217800.000000
FL	0	11:02:42.054	Cazyxio_v4.1 (EURUSD,M15)	2026.03.06 18:02:42 | WEEKEND_CLOSE | SYSTEM | Friday post-close. All positions closed. EA idle until Monday. Tick=217893
DK	0	11:02:44.274	Cazyxio_v4.1 (EURUSD,M15)	2026.03.06 18:02:44 | HEARTBEAT | SYSTEM | EA alive. Tick=217900 Equity=45490.80 OpenPos=0 UTC=2026.03.06 18:02 DayOfWeek=5 WeekendCloseActive=YES NewTradeBlocked=YES | 217900.000000
PM	0	11:03:27.752	Cazyxio_v4.1 (EURUSD,M15)	2026.03.06 18:03:27 | WEEKEND_CLOSE | SYSTEM | Friday post-close. All positions closed. EA idle until Monday. Tick=217993
JH	0	11:03:30.185	Cazyxio_v4.1 (EURUSD,M15)	2026.03.06 18:03:30 | HEARTBEAT | SYSTEM | EA alive. Tick=218000 Equity=45490.80 OpenPos=0 UTC=2026.03.06 18:03 DayOfWeek=5 WeekendCloseActive=YES NewTradeBlocked=YES | 218000.000000
JO	0	11:04:14.305	Cazyxio_v4.1 (EURUSD,M15)	2026.03.06 18:04:14 | WEEKEND_CLOSE | SYSTEM | Friday post-close. All positions closed. EA idle until Monday. Tick=218093
PI	0	11:04:16.351	Cazyxio_v4.1 (EURUSD,M15)	2026.03.06 18:04:16 | HEARTBEAT | SYSTEM | EA alive. Tick=218100 Equity=45490.80 OpenPos=0 UTC=2026.03.06 18:04 DayOfWeek=5 WeekendCloseActive=YES NewTradeBlocked=YES | 218100.000000
JH	0	11:04:52.562	Cazyxio_v4.1 (EURUSD,M15)	2026.03.06 18:04:52 | WEEKEND_CLOSE | SYSTEM | Friday post-close. All positions closed. EA idle until Monday. Tick=218193
KG	0	11:04:55.109	Cazyxio_v4.1 (EURUSD,M15)	2026.03.06 18:04:55 | HEARTBEAT | SYSTEM | EA alive. Tick=218200 Equity=45490.80 OpenPos=0 UTC=2026.03.06 18:04 DayOfWeek=5 WeekendCloseActive=YES NewTradeBlocked=YES | 218200.000000
II	0	11:05:30.559	Cazyxio_v4.1 (EURUSD,M15)	2026.03.06 18:05:30 | WEEKEND_CLOSE | SYSTEM | Friday post-close. All positions closed. EA idle until Monday. Tick=218293
JD	0	11:05:32.594	Cazyxio_v4.1 (EURUSD,M15)	2026.03.06 18:05:32 | HEARTBEAT | SYSTEM | EA alive. Tick=218300 Equity=45490.80 OpenPos=0 UTC=2026.03.06 18:05 DayOfWeek=5 WeekendCloseActive=YES NewTradeBlocked=YES | 218300.000000
OK	0	11:06:11.185	Cazyxio_v4.1 (EURUSD,M15)	2026.03.06 18:06:11 | WEEKEND_CLOSE | SYSTEM | Friday post-close. All positions closed. EA idle until Monday. Tick=218393
CR	0	11:06:13.655	Cazyxio_v4.1 (EURUSD,M15)	2026.03.06 18:06:13 | HEARTBEAT | SYSTEM | EA alive. Tick=218400 Equity=45490.80 OpenPos=0 UTC=2026.03.06 18:06 DayOfWeek=5 WeekendCloseActive=YES NewTradeBlocked=YES | 218400.000000
KD	0	11:06:59.335	Cazyxio_v4.1 (EURUSD,M15)	2026.03.06 18:06:59 | WEEKEND_CLOSE | SYSTEM | Friday post-close. All positions closed. EA idle until Monday. Tick=218493
RS	0	11:07:02.824	Cazyxio_v4.1 (EURUSD,M15)	2026.03.06 18:07:02 | HEARTBEAT | SYSTEM | EA alive. Tick=218500 Equity=45490.80 OpenPos=0 UTC=2026.03.06 18:07 DayOfWeek=5 WeekendCloseActive=YES NewTradeBlocked=YES | 218500.000000
IE	0	11:07:48.914	Cazyxio_v4.1 (EURUSD,M15)	2026.03.06 18:07:48 | WEEKEND_CLOSE | SYSTEM | Friday post-close. All positions closed. EA idle until Monday. Tick=218593
RP	0	11:07:52.499	Cazyxio_v4.1 (EURUSD,M15)	2026.03.06 18:07:52 | HEARTBEAT | SYSTEM | EA alive. Tick=218600 Equity=45490.80 OpenPos=0 UTC=2026.03.06 18:07 DayOfWeek=5 WeekendCloseActive=YES NewTradeBlocked=YES | 218600.000000
HG	0	11:08:43.475	Cazyxio_v4.1 (EURUSD,M15)	2026.03.06 18:08:43 | WEEKEND_CLOSE | SYSTEM | Friday post-close. All positions closed. EA idle until Monday. Tick=218693
PN	0	11:08:45.447	Cazyxio_v4.1 (EURUSD,M15)	2026.03.06 18:08:45 | HEARTBEAT | SYSTEM | EA alive. Tick=218700 Equity=45490.80 OpenPos=0 UTC=2026.03.06 18:08 DayOfWeek=5 WeekendCloseActive=YES NewTradeBlocked=YES | 218700.000000
CP	0	11:09:27.419	Cazyxio_v4.1 (EURUSD,M15)	2026.03.06 18:09:27 | WEEKEND_CLOSE | SYSTEM | Friday post-close. All positions closed. EA idle until Monday. Tick=218793
GO	0	11:09:30.115	Cazyxio_v4.1 (EURUSD,M15)	2026.03.06 18:09:30 | HEARTBEAT | SYSTEM | EA alive. Tick=218800 Equity=45490.80 OpenPos=0 UTC=2026.03.06 18:09 DayOfWeek=5 WeekendCloseActive=YES NewTradeBlocked=YES | 218800.000000
PR	0	11:10:10.657	Cazyxio_v4.1 (EURUSD,M15)	2026.03.06 18:10:10 | WEEKEND_CLOSE | SYSTEM | Friday post-close. All positions closed. EA idle until Monday. Tick=218893
JL	0	11:10:14.109	Cazyxio_v4.1 (EURUSD,M15)	2026.03.06 18:10:14 | HEARTBEAT | SYSTEM | EA alive. Tick=218900 Equity=45490.80 OpenPos=0 UTC=2026.03.06 18:10 DayOfWeek=5 WeekendCloseActive=YES NewTradeBlocked=YES | 218900.000000
LS	0	11:10:59.061	Cazyxio_v4.1 (EURUSD,M15)	2026.03.06 18:10:59 | WEEKEND_CLOSE | SYSTEM | Friday post-close. All positions closed. EA idle until Monday. Tick=218993
HJ	0	11:11:01.076	Cazyxio_v4.1 (EURUSD,M15)	2026.03.06 18:11:01 | HEARTBEAT | SYSTEM | EA alive. Tick=219000 Equity=45490.80 OpenPos=0 UTC=2026.03.06 18:11 DayOfWeek=5 WeekendCloseActive=YES NewTradeBlocked=YES | 219000.000000
PL	0	11:11:47.760	Cazyxio_v4.1 (EURUSD,M15)	2026.03.06 18:11:47 | WEEKEND_CLOSE | SYSTEM | Friday post-close. All positions closed. EA idle until Monday. Tick=219093
RK	0	11:11:50.342	Cazyxio_v4.1 (EURUSD,M15)	2026.03.06 18:11:50 | HEARTBEAT | SYSTEM | EA alive. Tick=219100 Equity=45490.80 OpenPos=0 UTC=2026.03.06 18:11 DayOfWeek=5 WeekendCloseActive=YES NewTradeBlocked=YES | 219100.000000
IN	0	11:12:27.885	Cazyxio_v4.1 (EURUSD,M15)	2026.03.06 18:12:27 | WEEKEND_CLOSE | SYSTEM | Friday post-close. All positions closed. EA idle until Monday. Tick=219193
FI	0	11:12:29.743	Cazyxio_v4.1 (EURUSD,M15)	2026.03.06 18:12:29 | HEARTBEAT | SYSTEM | EA alive. Tick=219200 Equity=45490.80 OpenPos=0 UTC=2026.03.06 18:12 DayOfWeek=5 WeekendCloseActive=YES NewTradeBlocked=YES | 219200.000000
HO	0	11:13:16.834	Cazyxio_v4.1 (EURUSD,M15)	2026.03.06 18:13:16 | WEEKEND_CLOSE | SYSTEM | Friday post-close. All positions closed. EA idle until Monday. Tick=219293
JF	0	11:13:23.461	Cazyxio_v4.1 (EURUSD,M15)	2026.03.06 18:13:23 | HEARTBEAT | SYSTEM | EA alive. Tick=219300 Equity=45490.80 OpenPos=0 UTC=2026.03.06 18:13 DayOfWeek=5 WeekendCloseActive=YES NewTradeBlocked=YES | 219300.000000
KH	0	11:14:09.225	Cazyxio_v4.1 (EURUSD,M15)	2026.03.06 18:14:09 | WEEKEND_CLOSE | SYSTEM | Friday post-close. All positions closed. EA idle until Monday. Tick=219393
LG	0	11:14:12.220	Cazyxio_v4.1 (EURUSD,M15)	2026.03.06 18:14:12 | HEARTBEAT | SYSTEM | EA alive. Tick=219400 Equity=45490.80 OpenPos=0 UTC=2026.03.06 18:14 DayOfWeek=5 WeekendCloseActive=YES NewTradeBlocked=YES | 219400.000000
JJ	0	11:14:47.304	Cazyxio_v4.1 (EURUSD,M15)	2026.03.06 18:14:47 | WEEKEND_CLOSE | SYSTEM | Friday post-close. All positions closed. EA idle until Monday. Tick=219493
ME	0	11:14:49.094	Cazyxio_v4.1 (EURUSD,M15)	2026.03.06 18:14:49 | HEARTBEAT | SYSTEM | EA alive. Tick=219500 Equity=45490.80 OpenPos=0 UTC=2026.03.06 18:14 DayOfWeek=5 WeekendCloseActive=YES NewTradeBlocked=YES | 219500.000000
GK	0	11:15:23.902	Cazyxio_v4.1 (EURUSD,M15)	2026.03.06 18:15:23 | WEEKEND_CLOSE | SYSTEM | Friday post-close. All positions closed. EA idle until Monday. Tick=219593
HR	0	11:15:26.988	Cazyxio_v4.1 (EURUSD,M15)	2026.03.06 18:15:26 | HEARTBEAT | SYSTEM | EA alive. Tick=219600 Equity=45490.80 OpenPos=0 UTC=2026.03.06 18:15 DayOfWeek=5 WeekendCloseActive=YES NewTradeBlocked=YES | 219600.000000
GE	0	11:15:56.244	Cazyxio_v4.1 (EURUSD,M15)	2026.03.06 18:15:56 | WEEKEND_CLOSE | SYSTEM | Friday post-close. All positions closed. EA idle until Monday. Tick=219693
CS	0	11:15:58.749	Cazyxio_v4.1 (EURUSD,M15)	2026.03.06 18:15:58 | HEARTBEAT | SYSTEM | EA alive. Tick=219700 Equity=45490.80 OpenPos=0 UTC=2026.03.06 18:15 DayOfWeek=5 WeekendCloseActive=YES NewTradeBlocked=YES | 219700.000000
PF	0	11:16:34.941	Cazyxio_v4.1 (EURUSD,M15)	2026.03.06 18:16:34 | WEEKEND_CLOSE | SYSTEM | Friday post-close. All positions closed. EA idle until Monday. Tick=219793
EQ	0	11:16:37.643	Cazyxio_v4.1 (EURUSD,M15)	2026.03.06 18:16:37 | HEARTBEAT | SYSTEM | EA alive. Tick=219800 Equity=45490.80 OpenPos=0 UTC=2026.03.06 18:16 DayOfWeek=5 WeekendCloseActive=YES NewTradeBlocked=YES | 219800.000000
JG	0	11:17:16.883	Cazyxio_v4.1 (EURUSD,M15)	2026.03.06 18:17:16 | WEEKEND_CLOSE | SYSTEM | Friday post-close. All positions closed. EA idle until Monday. Tick=219893
GN	0	11:17:19.091	Cazyxio_v4.1 (EURUSD,M15)	2026.03.06 18:17:19 | HEARTBEAT | SYSTEM | EA alive. Tick=219900 Equity=45490.80 OpenPos=0 UTC=2026.03.06 18:17 DayOfWeek=5 WeekendCloseActive=YES NewTradeBlocked=YES | 219900.000000
QQ	0	11:18:03.720	Cazyxio_v4.1 (EURUSD,M15)	2026.03.06 18:18:03 | WEEKEND_CLOSE | SYSTEM | Friday post-close. All positions closed. EA idle until Monday. Tick=219993
KL	0	11:18:05.472	Cazyxio_v4.1 (EURUSD,M15)	2026.03.06 18:18:05 | HEARTBEAT | SYSTEM | EA alive. Tick=220000 Equity=45490.80 OpenPos=0 UTC=2026.03.06 18:18 DayOfWeek=5 WeekendCloseActive=YES NewTradeBlocked=YES | 220000.000000
IR	0	11:18:57.307	Cazyxio_v4.1 (EURUSD,M15)	2026.03.06 18:18:57 | WEEKEND_CLOSE | SYSTEM | Friday post-close. All positions closed. EA idle until Monday. Tick=220093
JM	0	11:19:00.678	Cazyxio_v4.1 (EURUSD,M15)	2026.03.06 18:19:00 | HEARTBEAT | SYSTEM | EA alive. Tick=220100 Equity=45490.80 OpenPos=0 UTC=2026.03.06 18:19 DayOfWeek=5 WeekendCloseActive=YES NewTradeBlocked=YES | 220100.000000
JS	0	11:19:45.332	Cazyxio_v4.1 (EURUSD,M15)	2026.03.06 18:19:45 | WEEKEND_CLOSE | SYSTEM | Friday post-close. All positions closed. EA idle until Monday. Tick=220193
LJ	0	11:19:47.148	Cazyxio_v4.1 (EURUSD,M15)	2026.03.06 18:19:47 | HEARTBEAT | SYSTEM | EA alive. Tick=220200 Equity=45490.80 OpenPos=0 UTC=2026.03.06 18:19 DayOfWeek=5 WeekendCloseActive=YES NewTradeBlocked=YES | 220200.000000
KM	0	11:20:28.370	Cazyxio_v4.1 (EURUSD,M15)	2026.03.06 18:20:28 | WEEKEND_CLOSE | SYSTEM | Friday post-close. All positions closed. EA idle until Monday. Tick=220293
JH	0	11:20:30.623	Cazyxio_v4.1 (EURUSD,M15)	2026.03.06 18:20:30 | HEARTBEAT | SYSTEM | EA alive. Tick=220300 Equity=45490.80 OpenPos=0 UTC=2026.03.06 18:20 DayOfWeek=5 WeekendCloseActive=YES NewTradeBlocked=YES | 220300.000000
EN	0	11:21:09.562	Cazyxio_v4.1 (EURUSD,M15)	2026.03.06 18:21:09 | WEEKEND_CLOSE | SYSTEM | Friday post-close. All positions closed. EA idle until Monday. Tick=220393
PI	0	11:21:13.372	Cazyxio_v4.1 (EURUSD,M15)	2026.03.06 18:21:13 | HEARTBEAT | SYSTEM | EA alive. Tick=220400 Equity=45490.80 OpenPos=0 UTC=2026.03.06 18:21 DayOfWeek=5 WeekendCloseActive=YES NewTradeBlocked=YES | 220400.000000
PH	0	11:22:00.506	Cazyxio_v4.1 (EURUSD,M15)	2026.03.06 18:22:00 | WEEKEND_CLOSE | SYSTEM | Friday post-close. All positions closed. EA idle until Monday. Tick=220493
PF	0	11:22:07.102	Cazyxio_v4.1 (EURUSD,M15)	2026.03.06 18:22:07 | HEARTBEAT | SYSTEM | EA alive. Tick=220500 Equity=45490.80 OpenPos=0 UTC=2026.03.06 18:22 DayOfWeek=5 WeekendCloseActive=YES NewTradeBlocked=YES | 220500.000000
DI	0	11:22:51.811	Cazyxio_v4.1 (EURUSD,M15)	2026.03.06 18:22:51 | WEEKEND_CLOSE | SYSTEM | Friday post-close. All positions closed. EA idle until Monday. Tick=220593
HD	0	11:22:55.155	Cazyxio_v4.1 (EURUSD,M15)	2026.03.06 18:22:55 | HEARTBEAT | SYSTEM | EA alive. Tick=220600 Equity=45490.80 OpenPos=0 UTC=2026.03.06 18:22 DayOfWeek=5 WeekendCloseActive=YES NewTradeBlocked=YES | 220600.000000
EJ	0	11:23:37.442	Cazyxio_v4.1 (EURUSD,M15)	2026.03.06 18:23:37 | WEEKEND_CLOSE | SYSTEM | Friday post-close. All positions closed. EA idle until Monday. Tick=220693
PE	0	11:23:40.776	Cazyxio_v4.1 (EURUSD,M15)	2026.03.06 18:23:40 | HEARTBEAT | SYSTEM | EA alive. Tick=220700 Equity=45490.80 OpenPos=0 UTC=2026.03.06 18:23 DayOfWeek=5 WeekendCloseActive=YES NewTradeBlocked=YES | 220700.000000
ED	0	11:24:29.296	Cazyxio_v4.1 (EURUSD,M15)	2026.03.06 18:24:29 | WEEKEND_CLOSE | SYSTEM | Friday post-close. All positions closed. EA idle until Monday. Tick=220793
CS	0	11:24:31.327	Cazyxio_v4.1 (EURUSD,M15)	2026.03.06 18:24:31 | HEARTBEAT | SYSTEM | EA alive. Tick=220800 Equity=45490.80 OpenPos=0 UTC=2026.03.06 18:24 DayOfWeek=5 WeekendCloseActive=YES NewTradeBlocked=YES | 220800.000000
OE	0	11:25:16.969	Cazyxio_v4.1 (EURUSD,M15)	2026.03.06 18:25:16 | WEEKEND_CLOSE | SYSTEM | Friday post-close. All positions closed. EA idle until Monday. Tick=220893
IP	0	11:25:24.447	Cazyxio_v4.1 (EURUSD,M15)	2026.03.06 18:25:24 | HEARTBEAT | SYSTEM | EA alive. Tick=220900 Equity=45490.80 OpenPos=0 UTC=2026.03.06 18:25 DayOfWeek=5 WeekendCloseActive=YES NewTradeBlocked=YES | 220900.000000
NF	0	11:26:19.053	Cazyxio_v4.1 (EURUSD,M15)	2026.03.06 18:26:19 | WEEKEND_CLOSE | SYSTEM | Friday post-close. All positions closed. EA idle until Monday. Tick=220993
LQ	0	11:26:23.562	Cazyxio_v4.1 (EURUSD,M15)	2026.03.06 18:26:23 | HEARTBEAT | SYSTEM | EA alive. Tick=221000 Equity=45490.80 OpenPos=0 UTC=2026.03.06 18:26 DayOfWeek=5 WeekendCloseActive=YES NewTradeBlocked=YES | 221000.000000
FP	0	11:27:19.286	Cazyxio_v4.1 (EURUSD,M15)	2026.03.06 18:27:19 | WEEKEND_CLOSE | SYSTEM | Friday post-close. All positions closed. EA idle until Monday. Tick=221093
MO	0	11:27:23.937	Cazyxio_v4.1 (EURUSD,M15)	2026.03.06 18:27:23 | HEARTBEAT | SYSTEM | EA alive. Tick=221100 Equity=45490.80 OpenPos=0 UTC=2026.03.06 18:27 DayOfWeek=5 WeekendCloseActive=YES NewTradeBlocked=YES | 221100.000000
DQ	0	11:28:13.274	Cazyxio_v4.1 (EURUSD,M15)	2026.03.06 18:28:13 | WEEKEND_CLOSE | SYSTEM | Friday post-close. All positions closed. EA idle until Monday. Tick=221193
IL	0	11:28:16.598	Cazyxio_v4.1 (EURUSD,M15)	2026.03.06 18:28:16 | HEARTBEAT | SYSTEM | EA alive. Tick=221200 Equity=45490.80 OpenPos=0 UTC=2026.03.06 18:28 DayOfWeek=5 WeekendCloseActive=YES NewTradeBlocked=YES | 221200.000000
QS	0	11:29:21.722	Cazyxio_v4.1 (EURUSD,M15)	2026.03.06 18:29:21 | WEEKEND_CLOSE | SYSTEM | Friday post-close. All positions closed. EA idle until Monday. Tick=221293
GM	0	11:29:25.302	Cazyxio_v4.1 (EURUSD,M15)	2026.03.06 18:29:25 | HEARTBEAT | SYSTEM | EA alive. Tick=221300 Equity=45490.80 OpenPos=0 UTC=2026.03.06 18:29 DayOfWeek=5 WeekendCloseActive=YES NewTradeBlocked=YES | 221300.000000
JL	0	11:30:38.283	Cazyxio_v4.1 (EURUSD,M15)	2026.03.06 18:30:38 | WEEKEND_CLOSE | SYSTEM | Friday post-close. All positions closed. EA idle until Monday. Tick=221393
IK	0	11:30:42.089	Cazyxio_v4.1 (EURUSD,M15)	2026.03.06 18:30:42 | HEARTBEAT | SYSTEM | EA alive. Tick=221400 Equity=45490.80 OpenPos=0 UTC=2026.03.06 18:30 DayOfWeek=5 WeekendCloseActive=YES NewTradeBlocked=YES | 221400.000000
KM	0	11:31:22.649	Cazyxio_v4.1 (EURUSD,M15)	2026.03.06 18:31:22 | WEEKEND_CLOSE | SYSTEM | Friday post-close. All positions closed. EA idle until Monday. Tick=221493
MH	0	11:31:24.750	Cazyxio_v4.1 (EURUSD,M15)	2026.03.06 18:31:24 | HEARTBEAT | SYSTEM | EA alive. Tick=221500 Equity=45490.80 OpenPos=0 UTC=2026.03.06 18:31 DayOfWeek=5 WeekendCloseActive=YES NewTradeBlocked=YES | 221500.000000
PO	0	11:32:12.357	Cazyxio_v4.1 (EURUSD,M15)	2026.03.06 18:32:12 | WEEKEND_CLOSE | SYSTEM | Friday post-close. All positions closed. EA idle until Monday. Tick=221593
RF	0	11:32:18.943	Cazyxio_v4.1 (EURUSD,M15)	2026.03.06 18:32:18 | HEARTBEAT | SYSTEM | EA alive. Tick=221600 Equity=45490.80 OpenPos=0 UTC=2026.03.06 18:32 DayOfWeek=5 WeekendCloseActive=YES NewTradeBlocked=YES | 221600.000000
HH	0	11:33:14.660	Cazyxio_v4.1 (EURUSD,M15)	2026.03.06 18:33:14 | WEEKEND_CLOSE | SYSTEM | Friday post-close. All positions closed. EA idle until Monday. Tick=221693
JG	0	11:33:19.919	Cazyxio_v4.1 (EURUSD,M15)	2026.03.06 18:33:19 | HEARTBEAT | SYSTEM | EA alive. Tick=221700 Equity=45490.80 OpenPos=0 UTC=2026.03.06 18:33 DayOfWeek=5 WeekendCloseActive=YES NewTradeBlocked=YES | 221700.000000
CI	0	11:34:35.020	Cazyxio_v4.1 (EURUSD,M15)	2026.03.06 18:34:35 | WEEKEND_CLOSE | SYSTEM | Friday post-close. All positions closed. EA idle until Monday. Tick=221793
RD	0	11:34:40.352	Cazyxio_v4.1 (EURUSD,M15)	2026.03.06 18:34:40 | HEARTBEAT | SYSTEM | EA alive. Tick=221800 Equity=45490.80 OpenPos=0 UTC=2026.03.06 18:34 DayOfWeek=5 WeekendCloseActive=YES NewTradeBlocked=YES | 221800.000000
PK	0	11:35:28.749	Cazyxio_v4.1 (EURUSD,M15)	2026.03.06 18:35:28 | WEEKEND_CLOSE | SYSTEM | Friday post-close. All positions closed. EA idle until Monday. Tick=221893
OR	0	11:35:30.998	Cazyxio_v4.1 (EURUSD,M15)	2026.03.06 18:35:30 | HEARTBEAT | SYSTEM | EA alive. Tick=221900 Equity=45490.80 OpenPos=0 UTC=2026.03.06 18:35 DayOfWeek=5 WeekendCloseActive=YES NewTradeBlocked=YES | 221900.000000
MD	0	11:36:11.075	Cazyxio_v4.1 (EURUSD,M15)	2026.03.06 18:36:11 | WEEKEND_CLOSE | SYSTEM | Friday post-close. All positions closed. EA idle until Monday. Tick=221993
RS	0	11:36:13.673	Cazyxio_v4.1 (EURUSD,M15)	2026.03.06 18:36:13 | HEARTBEAT | SYSTEM | EA alive. Tick=222000 Equity=45490.80 OpenPos=0 UTC=2026.03.06 18:36 DayOfWeek=5 WeekendCloseActive=YES NewTradeBlocked=YES | 222000.000000
OF	0	11:36:49.646	Cazyxio_v4.1 (EURUSD,M15)	2026.03.06 18:36:49 | WEEKEND_CLOSE | SYSTEM | Friday post-close. All positions closed. EA idle until Monday. Tick=222093
MP	0	11:36:55.573	Cazyxio_v4.1 (EURUSD,M15)	2026.03.06 18:36:55 | HEARTBEAT | SYSTEM | EA alive. Tick=222100 Equity=45490.80 OpenPos=0 UTC=2026.03.06 18:36 DayOfWeek=5 WeekendCloseActive=YES NewTradeBlocked=YES | 222100.000000
PG	0	11:37:40.741	Cazyxio_v4.1 (EURUSD,M15)	2026.03.06 18:37:40 | WEEKEND_CLOSE | SYSTEM | Friday post-close. All positions closed. EA idle until Monday. Tick=222193
IN	0	11:37:42.996	Cazyxio_v4.1 (EURUSD,M15)	2026.03.06 18:37:42 | HEARTBEAT | SYSTEM | EA alive. Tick=222200 Equity=45490.80 OpenPos=0 UTC=2026.03.06 18:37 DayOfWeek=5 WeekendCloseActive=YES NewTradeBlocked=YES | 222200.000000
RP	0	11:38:22.458	Cazyxio_v4.1 (EURUSD,M15)	2026.03.06 18:38:22 | WEEKEND_CLOSE | SYSTEM | Friday post-close. All positions closed. EA idle until Monday. Tick=222293
GO	0	11:38:24.959	Cazyxio_v4.1 (EURUSD,M15)	2026.03.06 18:38:24 | HEARTBEAT | SYSTEM | EA alive. Tick=222300 Equity=45490.80 OpenPos=0 UTC=2026.03.06 18:38 DayOfWeek=5 WeekendCloseActive=YES NewTradeBlocked=YES | 222300.000000
RR	0	11:38:59.125	Cazyxio_v4.1 (EURUSD,M15)	2026.03.06 18:38:59 | WEEKEND_CLOSE | SYSTEM | Friday post-close. All positions closed. EA idle until Monday. Tick=222393
FM	0	11:39:01.933	Cazyxio_v4.1 (EURUSD,M15)	2026.03.06 18:39:01 | HEARTBEAT | SYSTEM | EA alive. Tick=222400 Equity=45490.80 OpenPos=0 UTC=2026.03.06 18:39 DayOfWeek=5 WeekendCloseActive=YES NewTradeBlocked=YES | 222400.000000
ES	0	11:39:37.237	Cazyxio_v4.1 (EURUSD,M15)	2026.03.06 18:39:37 | WEEKEND_CLOSE | SYSTEM | Friday post-close. All positions closed. EA idle until Monday. Tick=222493
CJ	0	11:39:39.862	Cazyxio_v4.1 (EURUSD,M15)	2026.03.06 18:39:39 | HEARTBEAT | SYSTEM | EA alive. Tick=222500 Equity=45490.80 OpenPos=0 UTC=2026.03.06 18:39 DayOfWeek=5 WeekendCloseActive=YES NewTradeBlocked=YES | 222500.000000
DL	0	11:40:25.310	Cazyxio_v4.1 (EURUSD,M15)	2026.03.06 18:40:25 | WEEKEND_CLOSE | SYSTEM | Friday post-close. All positions closed. EA idle until Monday. Tick=222593
OK	0	11:40:28.172	Cazyxio_v4.1 (EURUSD,M15)	2026.03.06 18:40:28 | HEARTBEAT | SYSTEM | EA alive. Tick=222600 Equity=45490.80 OpenPos=0 UTC=2026.03.06 18:40 DayOfWeek=5 WeekendCloseActive=YES NewTradeBlocked=YES | 222600.000000
RN	0	11:41:23.140	Cazyxio_v4.1 (EURUSD,M15)	2026.03.06 18:41:23 | WEEKEND_CLOSE | SYSTEM | Friday post-close. All positions closed. EA idle until Monday. Tick=222693
FI	0	11:41:28.884	Cazyxio_v4.1 (EURUSD,M15)	2026.03.06 18:41:28 | HEARTBEAT | SYSTEM | EA alive. Tick=222700 Equity=45490.80 OpenPos=0 UTC=2026.03.06 18:41 DayOfWeek=5 WeekendCloseActive=YES NewTradeBlocked=YES | 222700.000000
HO	0	11:42:23.312	Cazyxio_v4.1 (EURUSD,M15)	2026.03.06 18:42:23 | WEEKEND_CLOSE | SYSTEM | Friday post-close. All positions closed. EA idle until Monday. Tick=222793
IF	0	11:42:25.778	Cazyxio_v4.1 (EURUSD,M15)	2026.03.06 18:42:25 | HEARTBEAT | SYSTEM | EA alive. Tick=222800 Equity=45490.80 OpenPos=0 UTC=2026.03.06 18:42 DayOfWeek=5 WeekendCloseActive=YES NewTradeBlocked=YES | 222800.000000
OI	0	11:43:22.378	Cazyxio_v4.1 (EURUSD,M15)	2026.03.06 18:43:22 | WEEKEND_CLOSE | SYSTEM | Friday post-close. All positions closed. EA idle until Monday. Tick=222893
NG	0	11:43:26.013	Cazyxio_v4.1 (EURUSD,M15)	2026.03.06 18:43:26 | HEARTBEAT | SYSTEM | EA alive. Tick=222900 Equity=45490.80 OpenPos=0 UTC=2026.03.06 18:43 DayOfWeek=5 WeekendCloseActive=YES NewTradeBlocked=YES | 222900.000000
RJ	0	11:44:53.945	Cazyxio_v4.1 (EURUSD,M15)	2026.03.06 18:44:53 | WEEKEND_CLOSE | SYSTEM | Friday post-close. All positions closed. EA idle until Monday. Tick=222993
PE	0	11:45:00.080	Cazyxio_v4.1 (EURUSD,M15)	2026.03.06 18:45:00 | HEARTBEAT | SYSTEM | EA alive. Tick=223000 Equity=45490.80 OpenPos=0 UTC=2026.03.06 18:45 DayOfWeek=5 WeekendCloseActive=YES NewTradeBlocked=YES | 223000.000000
LK	0	11:45:55.480	Cazyxio_v4.1 (EURUSD,M15)	2026.03.06 18:45:55 | WEEKEND_CLOSE | SYSTEM | Friday post-close. All positions closed. EA idle until Monday. Tick=223093
NR	0	11:45:58.044	Cazyxio_v4.1 (EURUSD,M15)	2026.03.06 18:45:58 | HEARTBEAT | SYSTEM | EA alive. Tick=223100 Equity=45490.80 OpenPos=0 UTC=2026.03.06 18:45 DayOfWeek=5 WeekendCloseActive=YES NewTradeBlocked=YES | 223100.000000
IE	0	11:47:08.279	Cazyxio_v4.1 (EURUSD,M15)	2026.03.06 18:47:08 | WEEKEND_CLOSE | SYSTEM | Friday post-close. All positions closed. EA idle until Monday. Tick=223193
DP	0	11:47:10.543	Cazyxio_v4.1 (EURUSD,M15)	2026.03.06 18:47:10 | HEARTBEAT | SYSTEM | EA alive. Tick=223200 Equity=45490.80 OpenPos=0 UTC=2026.03.06 18:47 DayOfWeek=5 WeekendCloseActive=YES NewTradeBlocked=YES | 223200.000000
NF	0	11:48:19.855	Cazyxio_v4.1 (EURUSD,M15)	2026.03.06 18:48:19 | WEEKEND_CLOSE | SYSTEM | Friday post-close. All positions closed. EA idle until Monday. Tick=223293
DQ	0	11:48:23.391	Cazyxio_v4.1 (EURUSD,M15)	2026.03.06 18:48:23 | HEARTBEAT | SYSTEM | EA alive. Tick=223300 Equity=45490.80 OpenPos=0 UTC=2026.03.06 18:48 DayOfWeek=5 WeekendCloseActive=YES NewTradeBlocked=YES | 223300.000000
MG	0	11:49:12.871	Cazyxio_v4.1 (EURUSD,M15)	2026.03.06 18:49:12 | WEEKEND_CLOSE | SYSTEM | Friday post-close. All positions closed. EA idle until Monday. Tick=223393
HN	0	11:49:18.172	Cazyxio_v4.1 (EURUSD,M15)	2026.03.06 18:49:18 | HEARTBEAT | SYSTEM | EA alive. Tick=223400 Equity=45490.80 OpenPos=0 UTC=2026.03.06 18:49 DayOfWeek=5 WeekendCloseActive=YES NewTradeBlocked=YES | 223400.000000
EQ	0	11:50:28.748	Cazyxio_v4.1 (EURUSD,M15)	2026.03.06 18:50:28 | WEEKEND_CLOSE | SYSTEM | Friday post-close. All positions closed. EA idle until Monday. Tick=223493
IL	0	11:50:31.890	Cazyxio_v4.1 (EURUSD,M15)	2026.03.06 18:50:31 | HEARTBEAT | SYSTEM | EA alive. Tick=223500 Equity=45490.80 OpenPos=0 UTC=2026.03.06 18:50 DayOfWeek=5 WeekendCloseActive=YES NewTradeBlocked=YES | 223500.000000
JR	0	11:51:21.331	Cazyxio_v4.1 (EURUSD,M15)	2026.03.06 18:51:21 | WEEKEND_CLOSE | SYSTEM | Friday post-close. All positions closed. EA idle until Monday. Tick=223593
QM	0	11:51:24.002	Cazyxio_v4.1 (EURUSD,M15)	2026.03.06 18:51:24 | HEARTBEAT | SYSTEM | EA alive. Tick=223600 Equity=45490.80 OpenPos=0 UTC=2026.03.06 18:51 DayOfWeek=5 WeekendCloseActive=YES NewTradeBlocked=YES | 223600.000000
NL	0	11:52:05.554	Cazyxio_v4.1 (EURUSD,M15)	2026.03.06 18:52:05 | WEEKEND_CLOSE | SYSTEM | Friday post-close. All positions closed. EA idle until Monday. Tick=223693
LJ	0	11:52:14.044	Cazyxio_v4.1 (EURUSD,M15)	2026.03.06 18:52:14 | HEARTBEAT | SYSTEM | EA alive. Tick=223700 Equity=45490.80 OpenPos=0 UTC=2026.03.06 18:52 DayOfWeek=5 WeekendCloseActive=YES NewTradeBlocked=YES | 223700.000000
NM	0	11:53:04.641	Cazyxio_v4.1 (EURUSD,M15)	2026.03.06 18:53:04 | WEEKEND_CLOSE | SYSTEM | Friday post-close. All positions closed. EA idle until Monday. Tick=223793
LH	0	11:53:10.975	Cazyxio_v4.1 (EURUSD,M15)	2026.03.06 18:53:10 | HEARTBEAT | SYSTEM | EA alive. Tick=223800 Equity=45490.80 OpenPos=0 UTC=2026.03.06 18:53 DayOfWeek=5 WeekendCloseActive=YES NewTradeBlocked=YES | 223800.000000
MN	0	11:54:07.700	Cazyxio_v4.1 (EURUSD,M15)	2026.03.06 18:54:07 | WEEKEND_CLOSE | SYSTEM | Friday post-close. All positions closed. EA idle until Monday. Tick=223893
KI	0	11:54:11.267	Cazyxio_v4.1 (EURUSD,M15)	2026.03.06 18:54:11 | HEARTBEAT | SYSTEM | EA alive. Tick=223900 Equity=45490.80 OpenPos=0 UTC=2026.03.06 18:54 DayOfWeek=5 WeekendCloseActive=YES NewTradeBlocked=YES | 223900.000000
LH	0	11:55:10.803	Cazyxio_v4.1 (EURUSD,M15)	2026.03.06 18:55:10 | WEEKEND_CLOSE | SYSTEM | Friday post-close. All positions closed. EA idle until Monday. Tick=223993
NG	0	11:55:14.920	Cazyxio_v4.1 (EURUSD,M15)	2026.03.06 18:55:14 | HEARTBEAT | SYSTEM | EA alive. Tick=224000 Equity=45490.80 OpenPos=0 UTC=2026.03.06 18:55 DayOfWeek=5 WeekendCloseActive=YES NewTradeBlocked=YES | 224000.000000
FI	0	11:56:11.005	Cazyxio_v4.1 (EURUSD,M15)	2026.03.06 18:56:11 | WEEKEND_CLOSE | SYSTEM | Friday post-close. All positions closed. EA idle until Monday. Tick=224093
HD	0	11:56:13.088	Cazyxio_v4.1 (EURUSD,M15)	2026.03.06 18:56:13 | HEARTBEAT | SYSTEM | EA alive. Tick=224100 Equity=45490.80 OpenPos=0 UTC=2026.03.06 18:56 DayOfWeek=5 WeekendCloseActive=YES NewTradeBlocked=YES | 224100.000000
EJ	0	11:57:05.737	Cazyxio_v4.1 (EURUSD,M15)	2026.03.06 18:57:05 | WEEKEND_CLOSE | SYSTEM | Friday post-close. All positions closed. EA idle until Monday. Tick=224193
FE	0	11:57:09.814	Cazyxio_v4.1 (EURUSD,M15)	2026.03.06 18:57:09 | HEARTBEAT | SYSTEM | EA alive. Tick=224200 Equity=45490.80 OpenPos=0 UTC=2026.03.06 18:57 DayOfWeek=5 WeekendCloseActive=YES NewTradeBlocked=YES | 224200.000000
DD	0	11:57:56.339	Cazyxio_v4.1 (EURUSD,M15)	2026.03.06 18:57:56 | WEEKEND_CLOSE | SYSTEM | Friday post-close. All positions closed. EA idle until Monday. Tick=224293
GS	0	11:57:59.848	Cazyxio_v4.1 (EURUSD,M15)	2026.03.06 18:57:59 | HEARTBEAT | SYSTEM | EA alive. Tick=224300 Equity=45490.80 OpenPos=0 UTC=2026.03.06 18:57 DayOfWeek=5 WeekendCloseActive=YES NewTradeBlocked=YES | 224300.000000
GE	0	11:58:52.300	Cazyxio_v4.1 (EURUSD,M15)	2026.03.06 18:58:52 | WEEKEND_CLOSE | SYSTEM | Friday post-close. All positions closed. EA idle until Monday. Tick=224393
MP	0	11:58:56.609	Cazyxio_v4.1 (EURUSD,M15)	2026.03.06 18:58:56 | HEARTBEAT | SYSTEM | EA alive. Tick=224400 Equity=45490.80 OpenPos=0 UTC=2026.03.06 18:58 DayOfWeek=5 WeekendCloseActive=YES NewTradeBlocked=YES | 224400.000000
QG	0	11:59:41.271	Cazyxio_v4.1 (EURUSD,M15)	2026.03.06 18:59:41 | WEEKEND_CLOSE | SYSTEM | Friday post-close. All positions closed. EA idle until Monday. Tick=224493
IQ	0	11:59:46.895	Cazyxio_v4.1 (EURUSD,M15)	2026.03.06 18:59:46 | HEARTBEAT | SYSTEM | EA alive. Tick=224500 Equity=45490.80 OpenPos=0 UTC=2026.03.06 18:59 DayOfWeek=5 WeekendCloseActive=YES NewTradeBlocked=YES | 224500.000000
KP	0	12:00:24.052	Cazyxio_v4.1 (EURUSD,M15)	2026.03.06 19:00:24 | WEEKEND_CLOSE | SYSTEM | Friday post-close. All positions closed. EA idle until Monday. Tick=224593
PO	0	12:00:27.093	Cazyxio_v4.1 (EURUSD,M15)	2026.03.06 19:00:27 | HEARTBEAT | SYSTEM | EA alive. Tick=224600 Equity=45490.80 OpenPos=0 UTC=2026.03.06 19:00 DayOfWeek=5 WeekendCloseActive=YES NewTradeBlocked=YES | 224600.000000
GQ	0	12:01:05.075	Cazyxio_v4.1 (EURUSD,M15)	2026.03.06 19:01:05 | WEEKEND_CLOSE | SYSTEM | Friday post-close. All positions closed. EA idle until Monday. Tick=224693
LL	0	12:01:09.203	Cazyxio_v4.1 (EURUSD,M15)	2026.03.06 19:01:09 | HEARTBEAT | SYSTEM | EA alive. Tick=224700 Equity=45490.80 OpenPos=0 UTC=2026.03.06 19:01 DayOfWeek=5 WeekendCloseActive=YES NewTradeBlocked=YES | 224700.000000
PS	0	12:01:47.620	Cazyxio_v4.1 (EURUSD,M15)	2026.03.06 19:01:47 | WEEKEND_CLOSE | SYSTEM | Friday post-close. All positions closed. EA idle until Monday. Tick=224793
GJ	0	12:01:49.745	Cazyxio_v4.1 (EURUSD,M15)	2026.03.06 19:01:49 | HEARTBEAT | SYSTEM | EA alive. Tick=224800 Equity=45490.80 OpenPos=0 UTC=2026.03.06 19:01 DayOfWeek=5 WeekendCloseActive=YES NewTradeBlocked=YES | 224800.000000
CL	0	12:02:26.729	Cazyxio_v4.1 (EURUSD,M15)	2026.03.06 19:02:26 | WEEKEND_CLOSE | SYSTEM | Friday post-close. All positions closed. EA idle until Monday. Tick=224893
EK	0	12:02:29.959	Cazyxio_v4.1 (EURUSD,M15)	2026.03.06 19:02:29 | HEARTBEAT | SYSTEM | EA alive. Tick=224900 Equity=45490.80 OpenPos=0 UTC=2026.03.06 19:02 DayOfWeek=5 WeekendCloseActive=YES NewTradeBlocked=YES | 224900.000000
LM	0	12:03:28.929	Cazyxio_v4.1 (EURUSD,M15)	2026.03.06 19:03:28 | WEEKEND_CLOSE | SYSTEM | Friday post-close. All positions closed. EA idle until Monday. Tick=224993
FH	0	12:03:34.294	Cazyxio_v4.1 (EURUSD,M15)	2026.03.06 19:03:34 | HEARTBEAT | SYSTEM | EA alive. Tick=225000 Equity=45490.80 OpenPos=0 UTC=2026.03.06 19:03 DayOfWeek=5 WeekendCloseActive=YES NewTradeBlocked=YES | 225000.000000
MO	0	12:04:26.737	Cazyxio_v4.1 (EURUSD,M15)	2026.03.06 19:04:26 | WEEKEND_CLOSE | SYSTEM | Friday post-close. All positions closed. EA idle until Monday. Tick=225093
PF	0	12:04:29.787	Cazyxio_v4.1 (EURUSD,M15)	2026.03.06 19:04:29 | HEARTBEAT | SYSTEM | EA alive. Tick=225100 Equity=45490.80 OpenPos=0 UTC=2026.03.06 19:04 DayOfWeek=5 WeekendCloseActive=YES NewTradeBlocked=YES | 225100.000000
FH	0	12:05:27.335	Cazyxio_v4.1 (EURUSD,M15)	2026.03.06 19:05:27 | WEEKEND_CLOSE | SYSTEM | Friday post-close. All positions closed. EA idle until Monday. Tick=225193
LG	0	12:05:32.106	Cazyxio_v4.1 (EURUSD,M15)	2026.03.06 19:05:32 | HEARTBEAT | SYSTEM | EA alive. Tick=225200 Equity=45490.80 OpenPos=0 UTC=2026.03.06 19:05 DayOfWeek=5 WeekendCloseActive=YES NewTradeBlocked=YES | 225200.000000
PJ	0	12:06:21.002	Cazyxio_v4.1 (EURUSD,M15)	2026.03.06 19:06:21 | WEEKEND_CLOSE | SYSTEM | Friday post-close. All positions closed. EA idle until Monday. Tick=225293
KD	0	12:06:26.829	Cazyxio_v4.1 (EURUSD,M15)	2026.03.06 19:06:26 | HEARTBEAT | SYSTEM | EA alive. Tick=225300 Equity=45490.80 OpenPos=0 UTC=2026.03.06 19:06 DayOfWeek=5 WeekendCloseActive=YES NewTradeBlocked=YES | 225300.000000
HK	0	12:07:13.782	Cazyxio_v4.1 (EURUSD,M15)	2026.03.06 19:07:13 | WEEKEND_CLOSE | SYSTEM | Friday post-close. All positions closed. EA idle until Monday. Tick=225393
MR	0	12:07:16.129	Cazyxio_v4.1 (EURUSD,M15)	2026.03.06 19:07:16 | HEARTBEAT | SYSTEM | EA alive. Tick=225400 Equity=45490.80 OpenPos=0 UTC=2026.03.06 19:07 DayOfWeek=5 WeekendCloseActive=YES NewTradeBlocked=YES | 225400.000000
PD	0	12:08:13.899	Cazyxio_v4.1 (EURUSD,M15)	2026.03.06 19:08:13 | WEEKEND_CLOSE | SYSTEM | Friday post-close. All positions closed. EA idle until Monday. Tick=225493
DS	0	12:08:16.550	Cazyxio_v4.1 (EURUSD,M15)	2026.03.06 19:08:16 | HEARTBEAT | SYSTEM | EA alive. Tick=225500 Equity=45490.80 OpenPos=0 UTC=2026.03.06 19:08 DayOfWeek=5 WeekendCloseActive=YES NewTradeBlocked=YES | 225500.000000
PF	0	12:08:56.465	Cazyxio_v4.1 (EURUSD,M15)	2026.03.06 19:08:56 | WEEKEND_CLOSE | SYSTEM | Friday post-close. All positions closed. EA idle until Monday. Tick=225593
KQ	0	12:09:00.165	Cazyxio_v4.1 (EURUSD,M15)	2026.03.06 19:09:00 | HEARTBEAT | SYSTEM | EA alive. Tick=225600 Equity=45490.80 OpenPos=0 UTC=2026.03.06 19:09 DayOfWeek=5 WeekendCloseActive=YES NewTradeBlocked=YES | 225600.000000
MG	0	12:09:56.283	Cazyxio_v4.1 (EURUSD,M15)	2026.03.06 19:09:56 | WEEKEND_CLOSE | SYSTEM | Friday post-close. All positions closed. EA idle until Monday. Tick=225693
ON	0	12:10:01.448	Cazyxio_v4.1 (EURUSD,M15)	2026.03.06 19:10:01 | HEARTBEAT | SYSTEM | EA alive. Tick=225700 Equity=45490.80 OpenPos=0 UTC=2026.03.06 19:10 DayOfWeek=5 WeekendCloseActive=YES NewTradeBlocked=YES | 225700.000000
FP	0	12:10:57.520	Cazyxio_v4.1 (EURUSD,M15)	2026.03.06 19:10:57 | WEEKEND_CLOSE | SYSTEM | Friday post-close. All positions closed. EA idle until Monday. Tick=225793
GO	0	12:11:03.803	Cazyxio_v4.1 (EURUSD,M15)	2026.03.06 19:11:03 | HEARTBEAT | SYSTEM | EA alive. Tick=225800 Equity=45490.80 OpenPos=0 UTC=2026.03.06 19:11 DayOfWeek=5 WeekendCloseActive=YES NewTradeBlocked=YES | 225800.000000
JR	0	12:12:00.475	Cazyxio_v4.1 (EURUSD,M15)	2026.03.06 19:12:00 | WEEKEND_CLOSE | SYSTEM | Friday post-close. All positions closed. EA idle until Monday. Tick=225893
KM	0	12:12:05.820	Cazyxio_v4.1 (EURUSD,M15)	2026.03.06 19:12:05 | HEARTBEAT | SYSTEM | EA alive. Tick=225900 Equity=45490.80 OpenPos=0 UTC=2026.03.06 19:12 DayOfWeek=5 WeekendCloseActive=YES NewTradeBlocked=YES | 225900.000000
NS	0	12:13:00.544	Cazyxio_v4.1 (EURUSD,M15)	2026.03.06 19:13:00 | WEEKEND_CLOSE | SYSTEM | Friday post-close. All positions closed. EA idle until Monday. Tick=225993
IJ	0	12:13:03.942	Cazyxio_v4.1 (EURUSD,M15)	2026.03.06 19:13:03 | HEARTBEAT | SYSTEM | EA alive. Tick=226000 Equity=45490.80 OpenPos=0 UTC=2026.03.06 19:13 DayOfWeek=5 WeekendCloseActive=YES NewTradeBlocked=YES | 226000.000000
GM	0	12:14:23.956	Cazyxio_v4.1 (EURUSD,M15)	2026.03.06 19:14:23 | WEEKEND_CLOSE | SYSTEM | Friday post-close. All positions closed. EA idle until Monday. Tick=226093
GK	0	12:14:26.387	Cazyxio_v4.1 (EURUSD,M15)	2026.03.06 19:14:26 | HEARTBEAT | SYSTEM | EA alive. Tick=226100 Equity=45490.80 OpenPos=0 UTC=2026.03.06 19:14 DayOfWeek=5 WeekendCloseActive=YES NewTradeBlocked=YES | 226100.000000
RN	0	12:15:38.897	Cazyxio_v4.1 (EURUSD,M15)	2026.03.06 19:15:38 | WEEKEND_CLOSE | SYSTEM | Friday post-close. All positions closed. EA idle until Monday. Tick=226193
DI	0	12:15:44.516	Cazyxio_v4.1 (EURUSD,M15)	2026.03.06 19:15:44 | HEARTBEAT | SYSTEM | EA alive. Tick=226200 Equity=45490.80 OpenPos=0 UTC=2026.03.06 19:15 DayOfWeek=5 WeekendCloseActive=YES NewTradeBlocked=YES | 226200.000000
MO	0	12:16:58.208	Cazyxio_v4.1 (EURUSD,M15)	2026.03.06 19:16:58 | WEEKEND_CLOSE | SYSTEM | Friday post-close. All positions closed. EA idle until Monday. Tick=226293
MF	0	12:17:01.720	Cazyxio_v4.1 (EURUSD,M15)	2026.03.06 19:17:01 | HEARTBEAT | SYSTEM | EA alive. Tick=226300 Equity=45490.80 OpenPos=0 UTC=2026.03.06 19:17 DayOfWeek=5 WeekendCloseActive=YES NewTradeBlocked=YES | 226300.000000
PI	0	12:17:58.301	Cazyxio_v4.1 (EURUSD,M15)	2026.03.06 19:17:58 | WEEKEND_CLOSE | SYSTEM | Friday post-close. All positions closed. EA idle until Monday. Tick=226393
ND	0	12:18:01.054	Cazyxio_v4.1 (EURUSD,M15)	2026.03.06 19:18:01 | HEARTBEAT | SYSTEM | EA alive. Tick=226400 Equity=45490.80 OpenPos=0 UTC=2026.03.06 19:18 DayOfWeek=5 WeekendCloseActive=YES NewTradeBlocked=YES | 226400.000000
LJ	0	12:19:01.209	Cazyxio_v4.1 (EURUSD,M15)	2026.03.06 19:19:01 | WEEKEND_CLOSE | SYSTEM | Friday post-close. All positions closed. EA idle until Monday. Tick=226493
LE	0	12:19:03.510	Cazyxio_v4.1 (EURUSD,M15)	2026.03.06 19:19:03 | HEARTBEAT | SYSTEM | EA alive. Tick=226500 Equity=45490.80 OpenPos=0 UTC=2026.03.06 19:19 DayOfWeek=5 WeekendCloseActive=YES NewTradeBlocked=YES | 226500.000000
EK	0	12:20:11.755	Cazyxio_v4.1 (EURUSD,M15)	2026.03.06 19:20:11 | WEEKEND_CLOSE | SYSTEM | Friday post-close. All positions closed. EA idle until Monday. Tick=226593
KR	0	12:20:13.630	Cazyxio_v4.1 (EURUSD,M15)	2026.03.06 19:20:13 | HEARTBEAT | SYSTEM | EA alive. Tick=226600 Equity=45490.80 OpenPos=0 UTC=2026.03.06 19:20 DayOfWeek=5 WeekendCloseActive=YES NewTradeBlocked=YES | 226600.000000
GE	0	12:21:10.019	Cazyxio_v4.1 (EURUSD,M15)	2026.03.06 19:21:10 | WEEKEND_CLOSE | SYSTEM | Friday post-close. All positions closed. EA idle until Monday. Tick=226693
GP	0	12:21:13.125	Cazyxio_v4.1 (EURUSD,M15)	2026.03.06 19:21:13 | HEARTBEAT | SYSTEM | EA alive. Tick=226700 Equity=45490.80 OpenPos=0 UTC=2026.03.06 19:21 DayOfWeek=5 WeekendCloseActive=YES NewTradeBlocked=YES | 226700.000000
JF	0	12:22:00.646	Cazyxio_v4.1 (EURUSD,M15)	2026.03.06 19:22:00 | WEEKEND_CLOSE | SYSTEM | Friday post-close. All positions closed. EA idle until Monday. Tick=226793
DQ	0	12:22:04.219	Cazyxio_v4.1 (EURUSD,M15)	2026.03.06 19:22:04 | HEARTBEAT | SYSTEM | EA alive. Tick=226800 Equity=45490.80 OpenPos=0 UTC=2026.03.06 19:22 DayOfWeek=5 WeekendCloseActive=YES NewTradeBlocked=YES | 226800.000000
IP	0	12:22:56.462	Cazyxio_v4.1 (EURUSD,M15)	2026.03.06 19:22:56 | WEEKEND_CLOSE | SYSTEM | Friday post-close. All positions closed. EA idle until Monday. Tick=226893
IN	0	12:23:00.749	Cazyxio_v4.1 (EURUSD,M15)	2026.03.06 19:23:00 | HEARTBEAT | SYSTEM | EA alive. Tick=226900 Equity=45490.80 OpenPos=0 UTC=2026.03.06 19:23 DayOfWeek=5 WeekendCloseActive=YES NewTradeBlocked=YES | 226900.000000
NQ	0	12:23:37.183	Cazyxio_v4.1 (EURUSD,M15)	2026.03.06 19:23:37 | WEEKEND_CLOSE | SYSTEM | Friday post-close. All positions closed. EA idle until Monday. Tick=226993
HL	0	12:23:40.663	Cazyxio_v4.1 (EURUSD,M15)	2026.03.06 19:23:40 | HEARTBEAT | SYSTEM | EA alive. Tick=227000 Equity=45490.80 OpenPos=0 UTC=2026.03.06 19:23 DayOfWeek=5 WeekendCloseActive=YES NewTradeBlocked=YES | 227000.000000
JR	0	12:24:20.774	Cazyxio_v4.1 (EURUSD,M15)	2026.03.06 19:24:20 | WEEKEND_CLOSE | SYSTEM | Friday post-close. All positions closed. EA idle until Monday. Tick=227093
OM	0	12:24:23.223	Cazyxio_v4.1 (EURUSD,M15)	2026.03.06 19:24:23 | HEARTBEAT | SYSTEM | EA alive. Tick=227100 Equity=45490.80 OpenPos=0 UTC=2026.03.06 19:24 DayOfWeek=5 WeekendCloseActive=YES NewTradeBlocked=YES | 227100.000000
RL	0	12:25:05.003	Cazyxio_v4.1 (EURUSD,M15)	2026.03.06 19:25:05 | WEEKEND_CLOSE | SYSTEM | Friday post-close. All positions closed. EA idle until Monday. Tick=227193
PK	0	12:25:07.810	Cazyxio_v4.1 (EURUSD,M15)	2026.03.06 19:25:07 | HEARTBEAT | SYSTEM | EA alive. Tick=227200 Equity=45490.80 OpenPos=0 UTC=2026.03.06 19:25 DayOfWeek=5 WeekendCloseActive=YES NewTradeBlocked=YES | 227200.000000
NM	0	12:25:42.952	Cazyxio_v4.1 (EURUSD,M15)	2026.03.06 19:25:42 | WEEKEND_CLOSE | SYSTEM | Friday post-close. All positions closed. EA idle until Monday. Tick=227293
IH	0	12:25:46.224	Cazyxio_v4.1 (EURUSD,M15)	2026.03.06 19:25:46 | HEARTBEAT | SYSTEM | EA alive. Tick=227300 Equity=45490.80 OpenPos=0 UTC=2026.03.06 19:25 DayOfWeek=5 WeekendCloseActive=YES NewTradeBlocked=YES | 227300.000000
GN	0	12:26:33.262	Cazyxio_v4.1 (EURUSD,M15)	2026.03.06 19:26:33 | WEEKEND_CLOSE | SYSTEM | Friday post-close. All positions closed. EA idle until Monday. Tick=227393
KI	0	12:26:38.355	Cazyxio_v4.1 (EURUSD,M15)	2026.03.06 19:26:38 | HEARTBEAT | SYSTEM | EA alive. Tick=227400 Equity=45490.80 OpenPos=0 UTC=2026.03.06 19:26 DayOfWeek=5 WeekendCloseActive=YES NewTradeBlocked=YES | 227400.000000
CH	0	12:27:36.870	Cazyxio_v4.1 (EURUSD,M15)	2026.03.06 19:27:36 | WEEKEND_CLOSE | SYSTEM | Friday post-close. All positions closed. EA idle until Monday. Tick=227493
HG	0	12:27:40.652	Cazyxio_v4.1 (EURUSD,M15)	2026.03.06 19:27:40 | HEARTBEAT | SYSTEM | EA alive. Tick=227500 Equity=45490.80 OpenPos=0 UTC=2026.03.06 19:27 DayOfWeek=5 WeekendCloseActive=YES NewTradeBlocked=YES | 227500.000000
JI	0	12:28:29.799	Cazyxio_v4.1 (EURUSD,M15)	2026.03.06 19:28:29 | WEEKEND_CLOSE | SYSTEM | Friday post-close. All positions closed. EA idle until Monday. Tick=227593
JD	0	12:28:37.622	Cazyxio_v4.1 (EURUSD,M15)	2026.03.06 19:28:37 | HEARTBEAT | SYSTEM | EA alive. Tick=227600 Equity=45490.80 OpenPos=0 UTC=2026.03.06 19:28 DayOfWeek=5 WeekendCloseActive=YES NewTradeBlocked=YES | 227600.000000
LK	0	12:29:51.077	Cazyxio_v4.1 (EURUSD,M15)	2026.03.06 19:29:51 | WEEKEND_CLOSE | SYSTEM | Friday post-close. All positions closed. EA idle until Monday. Tick=227693
KE	0	12:29:58.295	Cazyxio_v4.1 (EURUSD,M15)	2026.03.06 19:29:58 | HEARTBEAT | SYSTEM | EA alive. Tick=227700 Equity=45490.80 OpenPos=0 UTC=2026.03.06 19:29 DayOfWeek=5 WeekendCloseActive=YES NewTradeBlocked=YES | 227700.000000
FD	0	12:30:53.094	Cazyxio_v4.1 (EURUSD,M15)	2026.03.06 19:30:53 | WEEKEND_CLOSE | SYSTEM | Friday post-close. All positions closed. EA idle until Monday. Tick=227793
PS	0	12:30:56.687	Cazyxio_v4.1 (EURUSD,M15)	2026.03.06 19:30:56 | HEARTBEAT | SYSTEM | EA alive. Tick=227800 Equity=45490.80 OpenPos=0 UTC=2026.03.06 19:30 DayOfWeek=5 WeekendCloseActive=YES NewTradeBlocked=YES | 227800.000000
HE	0	12:32:04.817	Cazyxio_v4.1 (EURUSD,M15)	2026.03.06 19:32:04 | WEEKEND_CLOSE | SYSTEM | Friday post-close. All positions closed. EA idle until Monday. Tick=227893
LP	0	12:32:12.320	Cazyxio_v4.1 (EURUSD,M15)	2026.03.06 19:32:12 | HEARTBEAT | SYSTEM | EA alive. Tick=227900 Equity=45490.80 OpenPos=0 UTC=2026.03.06 19:32 DayOfWeek=5 WeekendCloseActive=YES NewTradeBlocked=YES | 227900.000000
HG	0	12:33:19.724	Cazyxio_v4.1 (EURUSD,M15)	2026.03.06 19:33:19 | WEEKEND_CLOSE | SYSTEM | Friday post-close. All positions closed. EA idle until Monday. Tick=227993
CN	0	12:33:32.201	Cazyxio_v4.1 (EURUSD,M15)	2026.03.06 19:33:32 | HEARTBEAT | SYSTEM | EA alive. Tick=228000 Equity=45490.80 OpenPos=0 UTC=2026.03.06 19:33 DayOfWeek=5 WeekendCloseActive=YES NewTradeBlocked=YES | 228000.000000
PP	0	12:34:38.713	Cazyxio_v4.1 (EURUSD,M15)	2026.03.06 19:34:38 | WEEKEND_CLOSE | SYSTEM | Friday post-close. All positions closed. EA idle until Monday. Tick=228093
GO	0	12:34:44.464	Cazyxio_v4.1 (EURUSD,M15)	2026.03.06 19:34:44 | HEARTBEAT | SYSTEM | EA alive. Tick=228100 Equity=45490.80 OpenPos=0 UTC=2026.03.06 19:34 DayOfWeek=5 WeekendCloseActive=YES NewTradeBlocked=YES | 228100.000000
GQ	0	12:35:52.496	Cazyxio_v4.1 (EURUSD,M15)	2026.03.06 19:35:52 | WEEKEND_CLOSE | SYSTEM | Friday post-close. All positions closed. EA idle until Monday. Tick=228193
NL	0	12:35:59.736	Cazyxio_v4.1 (EURUSD,M15)	2026.03.06 19:35:59 | HEARTBEAT | SYSTEM | EA alive. Tick=228200 Equity=45490.80 OpenPos=0 UTC=2026.03.06 19:35 DayOfWeek=5 WeekendCloseActive=YES NewTradeBlocked=YES | 228200.000000
NS	0	12:37:03.379	Cazyxio_v4.1 (EURUSD,M15)	2026.03.06 19:37:03 | WEEKEND_CLOSE | SYSTEM | Friday post-close. All positions closed. EA idle until Monday. Tick=228293
GJ	0	12:37:08.199	Cazyxio_v4.1 (EURUSD,M15)	2026.03.06 19:37:08 | HEARTBEAT | SYSTEM | EA alive. Tick=228300 Equity=45490.80 OpenPos=0 UTC=2026.03.06 19:37 DayOfWeek=5 WeekendCloseActive=YES NewTradeBlocked=YES | 228300.000000
RL	0	12:38:13.204	Cazyxio_v4.1 (EURUSD,M15)	2026.03.06 19:38:13 | WEEKEND_CLOSE | SYSTEM | Friday post-close. All positions closed. EA idle until Monday. Tick=228393
QK	0	12:38:18.592	Cazyxio_v4.1 (EURUSD,M15)	2026.03.06 19:38:18 | HEARTBEAT | SYSTEM | EA alive. Tick=228400 Equity=45490.80 OpenPos=0 UTC=2026.03.06 19:38 DayOfWeek=5 WeekendCloseActive=YES NewTradeBlocked=YES | 228400.000000
LN	0	12:39:26.739	Cazyxio_v4.1 (EURUSD,M15)	2026.03.06 19:39:26 | WEEKEND_CLOSE | SYSTEM | Friday post-close. All positions closed. EA idle until Monday. Tick=228493
EH	0	12:39:35.225	Cazyxio_v4.1 (EURUSD,M15)	2026.03.06 19:39:35 | HEARTBEAT | SYSTEM | EA alive. Tick=228500 Equity=45490.80 OpenPos=0 UTC=2026.03.06 19:39 DayOfWeek=5 WeekendCloseActive=YES NewTradeBlocked=YES | 228500.000000
GO	0	12:40:40.968	Cazyxio_v4.1 (EURUSD,M15)	2026.03.06 19:40:40 | WEEKEND_CLOSE | SYSTEM | Friday post-close. All positions closed. EA idle until Monday. Tick=228593
EF	0	12:40:47.144	Cazyxio_v4.1 (EURUSD,M15)	2026.03.06 19:40:47 | HEARTBEAT | SYSTEM | EA alive. Tick=228600 Equity=45490.80 OpenPos=0 UTC=2026.03.06 19:40 DayOfWeek=5 WeekendCloseActive=YES NewTradeBlocked=YES | 228600.000000
MH	0	12:42:06.761	Cazyxio_v4.1 (EURUSD,M15)	2026.03.06 19:42:06 | WEEKEND_CLOSE | SYSTEM | Friday post-close. All positions closed. EA idle until Monday. Tick=228693
PG	0	12:42:17.064	Cazyxio_v4.1 (EURUSD,M15)	2026.03.06 19:42:17 | HEARTBEAT | SYSTEM | EA alive. Tick=228700 Equity=45490.80 OpenPos=0 UTC=2026.03.06 19:42 DayOfWeek=5 WeekendCloseActive=YES NewTradeBlocked=YES | 228700.000000
JJ	0	12:43:13.406	Cazyxio_v4.1 (EURUSD,M15)	2026.03.06 19:43:13 | WEEKEND_CLOSE | SYSTEM | Friday post-close. All positions closed. EA idle until Monday. Tick=228793
DE	0	12:43:17.005	Cazyxio_v4.1 (EURUSD,M15)	2026.03.06 19:43:17 | HEARTBEAT | SYSTEM | EA alive. Tick=228800 Equity=45490.80 OpenPos=0 UTC=2026.03.06 19:43 DayOfWeek=5 WeekendCloseActive=YES NewTradeBlocked=YES | 228800.000000
RK	0	12:44:39.186	Cazyxio_v4.1 (EURUSD,M15)	2026.03.06 19:44:39 | WEEKEND_CLOSE | SYSTEM | Friday post-close. All positions closed. EA idle until Monday. Tick=228893
DR	0	12:44:45.271	Cazyxio_v4.1 (EURUSD,M15)	2026.03.06 19:44:45 | HEARTBEAT | SYSTEM | EA alive. Tick=228900 Equity=45490.80 OpenPos=0 UTC=2026.03.06 19:44 DayOfWeek=5 WeekendCloseActive=YES NewTradeBlocked=YES | 228900.000000
MD	0	12:45:57.159	Cazyxio_v4.1 (EURUSD,M15)	2026.03.06 19:45:57 | WEEKEND_CLOSE | SYSTEM | Friday post-close. All positions closed. EA idle until Monday. Tick=228993
OS	0	12:46:02.111	Cazyxio_v4.1 (EURUSD,M15)	2026.03.06 19:46:02 | HEARTBEAT | SYSTEM | EA alive. Tick=229000 Equity=45490.80 OpenPos=0 UTC=2026.03.06 19:46 DayOfWeek=5 WeekendCloseActive=YES NewTradeBlocked=YES | 229000.000000
CF	0	12:47:02.261	Cazyxio_v4.1 (EURUSD,M15)	2026.03.06 19:47:02 | WEEKEND_CLOSE | SYSTEM | Friday post-close. All positions closed. EA idle until Monday. Tick=229093
EQ	0	12:47:05.123	Cazyxio_v4.1 (EURUSD,M15)	2026.03.06 19:47:05 | HEARTBEAT | SYSTEM | EA alive. Tick=229100 Equity=45490.80 OpenPos=0 UTC=2026.03.06 19:47 DayOfWeek=5 WeekendCloseActive=YES NewTradeBlocked=YES | 229100.000000
KG	0	12:48:18.442	Cazyxio_v4.1 (EURUSD,M15)	2026.03.06 19:48:18 | WEEKEND_CLOSE | SYSTEM | Friday post-close. All positions closed. EA idle until Monday. Tick=229193
CN	0	12:48:24.610	Cazyxio_v4.1 (EURUSD,M15)	2026.03.06 19:48:24 | HEARTBEAT | SYSTEM | EA alive. Tick=229200 Equity=45490.80 OpenPos=0 UTC=2026.03.06 19:48 DayOfWeek=5 WeekendCloseActive=YES NewTradeBlocked=YES | 229200.000000
OQ	0	12:49:20.179	Cazyxio_v4.1 (EURUSD,M15)	2026.03.06 19:49:20 | WEEKEND_CLOSE | SYSTEM | Friday post-close. All positions closed. EA idle until Monday. Tick=229293
FO	0	12:49:23.201	Cazyxio_v4.1 (EURUSD,M15)	2026.03.06 19:49:23 | HEARTBEAT | SYSTEM | EA alive. Tick=229300 Equity=45490.80 OpenPos=0 UTC=2026.03.06 19:49 DayOfWeek=5 WeekendCloseActive=YES NewTradeBlocked=YES | 229300.000000
PR	0	12:51:00.339	Cazyxio_v4.1 (EURUSD,M15)	2026.03.06 19:51:00 | WEEKEND_CLOSE | SYSTEM | Friday post-close. All positions closed. EA idle until Monday. Tick=229393
IM	0	12:51:08.261	Cazyxio_v4.1 (EURUSD,M15)	2026.03.06 19:51:08 | HEARTBEAT | SYSTEM | EA alive. Tick=229400 Equity=45490.80 OpenPos=0 UTC=2026.03.06 19:51 DayOfWeek=5 WeekendCloseActive=YES NewTradeBlocked=YES | 229400.000000
RS	0	12:52:22.701	Cazyxio_v4.1 (EURUSD,M15)	2026.03.06 19:52:22 | WEEKEND_CLOSE | SYSTEM | Friday post-close. All positions closed. EA idle until Monday. Tick=229493
RJ	0	12:52:31.144	Cazyxio_v4.1 (EURUSD,M15)	2026.03.06 19:52:31 | HEARTBEAT | SYSTEM | EA alive. Tick=229500 Equity=45490.80 OpenPos=0 UTC=2026.03.06 19:52 DayOfWeek=5 WeekendCloseActive=YES NewTradeBlocked=YES | 229500.000000
IM	0	12:53:43.891	Cazyxio_v4.1 (EURUSD,M15)	2026.03.06 19:53:43 | WEEKEND_CLOSE | SYSTEM | Friday post-close. All positions closed. EA idle until Monday. Tick=229593
DH	0	12:53:49.747	Cazyxio_v4.1 (EURUSD,M15)	2026.03.06 19:53:49 | HEARTBEAT | SYSTEM | EA alive. Tick=229600 Equity=45490.80 OpenPos=0 UTC=2026.03.06 19:53 DayOfWeek=5 WeekendCloseActive=YES NewTradeBlocked=YES | 229600.000000
HN	0	12:54:56.857	Cazyxio_v4.1 (EURUSD,M15)	2026.03.06 19:54:56 | WEEKEND_CLOSE | SYSTEM | Friday post-close. All positions closed. EA idle until Monday. Tick=229693
EI	0	12:55:00.474	Cazyxio_v4.1 (EURUSD,M15)	2026.03.06 19:55:00 | HEARTBEAT | SYSTEM | EA alive. Tick=229700 Equity=45490.80 OpenPos=0 UTC=2026.03.06 19:55 DayOfWeek=5 WeekendCloseActive=YES NewTradeBlocked=YES | 229700.000000
QO	0	12:55:59.655	Cazyxio_v4.1 (EURUSD,M15)	2026.03.06 19:55:59 | WEEKEND_CLOSE | SYSTEM | Friday post-close. All positions closed. EA idle until Monday. Tick=229793
DF	0	12:56:02.085	Cazyxio_v4.1 (EURUSD,M15)	2026.03.06 19:56:02 | HEARTBEAT | SYSTEM | EA alive. Tick=229800 Equity=45490.80 OpenPos=0 UTC=2026.03.06 19:56 DayOfWeek=5 WeekendCloseActive=YES NewTradeBlocked=YES | 229800.000000
RI	0	12:57:06.640	Cazyxio_v4.1 (EURUSD,M15)	2026.03.06 19:57:06 | WEEKEND_CLOSE | SYSTEM | Friday post-close. All positions closed. EA idle until Monday. Tick=229893
LD	0	12:57:10.381	Cazyxio_v4.1 (EURUSD,M15)	2026.03.06 19:57:10 | HEARTBEAT | SYSTEM | EA alive. Tick=229900 Equity=45490.80 OpenPos=0 UTC=2026.03.06 19:57 DayOfWeek=5 WeekendCloseActive=YES NewTradeBlocked=YES | 229900.000000
JJ	0	12:57:57.270	Cazyxio_v4.1 (EURUSD,M15)	2026.03.06 19:57:57 | WEEKEND_CLOSE | SYSTEM | Friday post-close. All positions closed. EA idle until Monday. Tick=229993
PE	0	12:58:01.487	Cazyxio_v4.1 (EURUSD,M15)	2026.03.06 19:58:01 | HEARTBEAT | SYSTEM | EA alive. Tick=230000 Equity=45490.80 OpenPos=0 UTC=2026.03.06 19:58 DayOfWeek=5 WeekendCloseActive=YES NewTradeBlocked=YES | 230000.000000
OD	0	12:59:16.555	Cazyxio_v4.1 (EURUSD,M15)	2026.03.06 19:59:16 | WEEKEND_CLOSE | SYSTEM | Friday post-close. All positions closed. EA idle until Monday. Tick=230093
GR	0	12:59:21.401	Cazyxio_v4.1 (EURUSD,M15)	2026.03.06 19:59:21 | HEARTBEAT | SYSTEM | EA alive. Tick=230100 Equity=45490.80 OpenPos=0 UTC=2026.03.06 19:59 DayOfWeek=5 WeekendCloseActive=YES NewTradeBlocked=YES | 230100.000000
HE	0	13:00:04.099	Cazyxio_v4.1 (EURUSD,M15)	2026.03.06 20:00:04 | WEEKEND_CLOSE | SYSTEM | Friday post-close. All positions closed. EA idle until Monday. Tick=230193
EP	0	13:00:06.884	Cazyxio_v4.1 (EURUSD,M15)	2026.03.06 20:00:06 | HEARTBEAT | SYSTEM | EA alive. Tick=230200 Equity=45490.80 OpenPos=0 UTC=2026.03.06 20:00 DayOfWeek=5 WeekendCloseActive=YES NewTradeBlocked=YES | 230200.000000
MF	0	13:01:00.666	Cazyxio_v4.1 (EURUSD,M15)	2026.03.06 20:01:00 | WEEKEND_CLOSE | SYSTEM | Friday post-close. All positions closed. EA idle until Monday. Tick=230293
DQ	0	13:01:04.811	Cazyxio_v4.1 (EURUSD,M15)	2026.03.06 20:01:04 | HEARTBEAT | SYSTEM | EA alive. Tick=230300 Equity=45490.80 OpenPos=0 UTC=2026.03.06 20:01 DayOfWeek=5 WeekendCloseActive=YES NewTradeBlocked=YES | 230300.000000
RP	0	13:02:02.873	Cazyxio_v4.1 (EURUSD,M15)	2026.03.06 20:02:02 | WEEKEND_CLOSE | SYSTEM | Friday post-close. All positions closed. EA idle until Monday. Tick=230393
NO	0	13:02:05.308	Cazyxio_v4.1 (EURUSD,M15)	2026.03.06 20:02:05 | HEARTBEAT | SYSTEM | EA alive. Tick=230400 Equity=45490.80 OpenPos=0 UTC=2026.03.06 20:02 DayOfWeek=5 WeekendCloseActive=YES NewTradeBlocked=YES | 230400.000000
PQ	0	13:02:48.175	Cazyxio_v4.1 (EURUSD,M15)	2026.03.06 20:02:48 | WEEKEND_CLOSE | SYSTEM | Friday post-close. All positions closed. EA idle until Monday. Tick=230493
QL	0	13:02:50.932	Cazyxio_v4.1 (EURUSD,M15)	2026.03.06 20:02:50 | HEARTBEAT | SYSTEM | EA alive. Tick=230500 Equity=45490.80 OpenPos=0 UTC=2026.03.06 20:02 DayOfWeek=5 WeekendCloseActive=YES NewTradeBlocked=YES | 230500.000000
DR	0	13:03:45.181	Cazyxio_v4.1 (EURUSD,M15)	2026.03.06 20:03:45 | WEEKEND_CLOSE | SYSTEM | Friday post-close. All positions closed. EA idle until Monday. Tick=230593
FM	0	13:03:49.482	Cazyxio_v4.1 (EURUSD,M15)	2026.03.06 20:03:49 | HEARTBEAT | SYSTEM | EA alive. Tick=230600 Equity=45490.80 OpenPos=0 UTC=2026.03.06 20:03 DayOfWeek=5 WeekendCloseActive=YES NewTradeBlocked=YES | 230600.000000
JL	0	13:04:41.689	Cazyxio_v4.1 (EURUSD,M15)	2026.03.06 20:04:41 | WEEKEND_CLOSE | SYSTEM | Friday post-close. All positions closed. EA idle until Monday. Tick=230693
NK	0	13:04:47.618	Cazyxio_v4.1 (EURUSD,M15)	2026.03.06 20:04:47 | HEARTBEAT | SYSTEM | EA alive. Tick=230700 Equity=45490.80 OpenPos=0 UTC=2026.03.06 20:04 DayOfWeek=5 WeekendCloseActive=YES NewTradeBlocked=YES | 230700.000000
OM	0	13:05:27.056	Cazyxio_v4.1 (EURUSD,M15)	2026.03.06 20:05:27 | WEEKEND_CLOSE | SYSTEM | Friday post-close. All positions closed. EA idle until Monday. Tick=230793
QH	0	13:05:31.405	Cazyxio_v4.1 (EURUSD,M15)	2026.03.06 20:05:31 | HEARTBEAT | SYSTEM | EA alive. Tick=230800 Equity=45490.80 OpenPos=0 UTC=2026.03.06 20:05 DayOfWeek=5 WeekendCloseActive=YES NewTradeBlocked=YES | 230800.000000
OO	0	13:06:21.699	Cazyxio_v4.1 (EURUSD,M15)	2026.03.06 20:06:21 | WEEKEND_CLOSE | SYSTEM | Friday post-close. All positions closed. EA idle until Monday. Tick=230893
LI	0	13:06:24.201	Cazyxio_v4.1 (EURUSD,M15)	2026.03.06 20:06:24 | HEARTBEAT | SYSTEM | EA alive. Tick=230900 Equity=45490.80 OpenPos=0 UTC=2026.03.06 20:06 DayOfWeek=5 WeekendCloseActive=YES NewTradeBlocked=YES | 230900.000000
IH	0	13:08:17.182	Cazyxio_v4.1 (EURUSD,M15)	2026.03.06 20:08:17 | WEEKEND_CLOSE | SYSTEM | Friday post-close. All positions closed. EA idle until Monday. Tick=230993
HG	0	13:08:27.319	Cazyxio_v4.1 (EURUSD,M15)	2026.03.06 20:08:27 | HEARTBEAT | SYSTEM | EA alive. Tick=231000 Equity=45490.80 OpenPos=0 UTC=2026.03.06 20:08 DayOfWeek=5 WeekendCloseActive=YES NewTradeBlocked=YES | 231000.000000
QI	0	13:09:44.414	Cazyxio_v4.1 (EURUSD,M15)	2026.03.06 20:09:44 | WEEKEND_CLOSE | SYSTEM | Friday post-close. All positions closed. EA idle until Monday. Tick=231093
PD	0	13:09:50.509	Cazyxio_v4.1 (EURUSD,M15)	2026.03.06 20:09:50 | HEARTBEAT | SYSTEM | EA alive. Tick=231100 Equity=45490.80 OpenPos=0 UTC=2026.03.06 20:09 DayOfWeek=5 WeekendCloseActive=YES NewTradeBlocked=YES | 231100.000000
IK	0	13:10:41.314	Cazyxio_v4.1 (EURUSD,M15)	2026.03.06 20:10:41 | WEEKEND_CLOSE | SYSTEM | Friday post-close. All positions closed. EA idle until Monday. Tick=231193
DR	0	13:10:43.064	Cazyxio_v4.1 (EURUSD,M15)	2026.03.06 20:10:43 | HEARTBEAT | SYSTEM | EA alive. Tick=231200 Equity=45490.80 OpenPos=0 UTC=2026.03.06 20:10 DayOfWeek=5 WeekendCloseActive=YES NewTradeBlocked=YES | 231200.000000
ND	0	13:11:24.750	Cazyxio_v4.1 (EURUSD,M15)	2026.03.06 20:11:24 | WEEKEND_CLOSE | SYSTEM | Friday post-close. All positions closed. EA idle until Monday. Tick=231293
RS	0	13:11:28.920	Cazyxio_v4.1 (EURUSD,M15)	2026.03.06 20:11:28 | HEARTBEAT | SYSTEM | EA alive. Tick=231300 Equity=45490.80 OpenPos=0 UTC=2026.03.06 20:11 DayOfWeek=5 WeekendCloseActive=YES NewTradeBlocked=YES | 231300.000000
LE	0	13:12:23.016	Cazyxio_v4.1 (EURUSD,M15)	2026.03.06 20:12:23 | WEEKEND_CLOSE | SYSTEM | Friday post-close. All positions closed. EA idle until Monday. Tick=231393
KP	0	13:12:28.775	Cazyxio_v4.1 (EURUSD,M15)	2026.03.06 20:12:28 | HEARTBEAT | SYSTEM | EA alive. Tick=231400 Equity=45490.80 OpenPos=0 UTC=2026.03.06 20:12 DayOfWeek=5 WeekendCloseActive=YES NewTradeBlocked=YES | 231400.000000
LG	0	13:13:53.309	Cazyxio_v4.1 (EURUSD,M15)	2026.03.06 20:13:53 | WEEKEND_CLOSE | SYSTEM | Friday post-close. All positions closed. EA idle until Monday. Tick=231493
JN	0	13:13:59.612	Cazyxio_v4.1 (EURUSD,M15)	2026.03.06 20:13:59 | HEARTBEAT | SYSTEM | EA alive. Tick=231500 Equity=45490.80 OpenPos=0 UTC=2026.03.06 20:13 DayOfWeek=5 WeekendCloseActive=YES NewTradeBlocked=YES | 231500.000000
GP	0	13:15:16.877	Cazyxio_v4.1 (EURUSD,M15)	2026.03.06 20:15:16 | WEEKEND_CLOSE | SYSTEM | Friday post-close. All positions closed. EA idle until Monday. Tick=231593
NO	0	13:15:22.360	Cazyxio_v4.1 (EURUSD,M15)	2026.03.06 20:15:22 | HEARTBEAT | SYSTEM | EA alive. Tick=231600 Equity=45490.80 OpenPos=0 UTC=2026.03.06 20:15 DayOfWeek=5 WeekendCloseActive=YES NewTradeBlocked=YES | 231600.000000
MR	0	13:16:12.609	Cazyxio_v4.1 (EURUSD,M15)	2026.03.06 20:16:12 | WEEKEND_CLOSE | SYSTEM | Friday post-close. All positions closed. EA idle until Monday. Tick=231693
QL	0	13:16:16.588	Cazyxio_v4.1 (EURUSD,M15)	2026.03.06 20:16:16 | HEARTBEAT | SYSTEM | EA alive. Tick=231700 Equity=45490.80 OpenPos=0 UTC=2026.03.06 20:16 DayOfWeek=5 WeekendCloseActive=YES NewTradeBlocked=YES | 231700.000000
PS	0	13:17:09.359	Cazyxio_v4.1 (EURUSD,M15)	2026.03.06 20:17:09 | WEEKEND_CLOSE | SYSTEM | Friday post-close. All positions closed. EA idle until Monday. Tick=231793
KJ	0	13:17:15.282	Cazyxio_v4.1 (EURUSD,M15)	2026.03.06 20:17:15 | HEARTBEAT | SYSTEM | EA alive. Tick=231800 Equity=45490.80 OpenPos=0 UTC=2026.03.06 20:17 DayOfWeek=5 WeekendCloseActive=YES NewTradeBlocked=YES | 231800.000000
RL	0	13:18:16.855	Cazyxio_v4.1 (EURUSD,M15)	2026.03.06 20:18:16 | WEEKEND_CLOSE | SYSTEM | Friday post-close. All positions closed. EA idle until Monday. Tick=231893
FK	0	13:18:21.244	Cazyxio_v4.1 (EURUSD,M15)	2026.03.06 20:18:21 | HEARTBEAT | SYSTEM | EA alive. Tick=231900 Equity=45490.80 OpenPos=0 UTC=2026.03.06 20:18 DayOfWeek=5 WeekendCloseActive=YES NewTradeBlocked=YES | 231900.000000
QN	0	13:19:36.666	Cazyxio_v4.1 (EURUSD,M15)	2026.03.06 20:19:36 | WEEKEND_CLOSE | SYSTEM | Friday post-close. All positions closed. EA idle until Monday. Tick=231993
QI	0	13:19:38.602	Cazyxio_v4.1 (EURUSD,M15)	2026.03.06 20:19:38 | HEARTBEAT | SYSTEM | EA alive. Tick=232000 Equity=45490.80 OpenPos=0 UTC=2026.03.06 20:19 DayOfWeek=5 WeekendCloseActive=YES NewTradeBlocked=YES | 232000.000000
QO	0	13:20:52.204	Cazyxio_v4.1 (EURUSD,M15)	2026.03.06 20:20:52 | WEEKEND_CLOSE | SYSTEM | Friday post-close. All positions closed. EA idle until Monday. Tick=232093
MF	0	13:20:57.491	Cazyxio_v4.1 (EURUSD,M15)	2026.03.06 20:20:57 | HEARTBEAT | SYSTEM | EA alive. Tick=232100 Equity=45490.80 OpenPos=0 UTC=2026.03.06 20:20 DayOfWeek=5 WeekendCloseActive=YES NewTradeBlocked=YES | 232100.000000
HH	0	13:22:26.684	Cazyxio_v4.1 (EURUSD,M15)	2026.03.06 20:22:26 | WEEKEND_CLOSE | SYSTEM | Friday post-close. All positions closed. EA idle until Monday. Tick=232193
NG	0	13:22:32.544	Cazyxio_v4.1 (EURUSD,M15)	2026.03.06 20:22:32 | HEARTBEAT | SYSTEM | EA alive. Tick=232200 Equity=45490.80 OpenPos=0 UTC=2026.03.06 20:22 DayOfWeek=5 WeekendCloseActive=YES NewTradeBlocked=YES | 232200.000000
CJ	0	13:24:10.143	Cazyxio_v4.1 (EURUSD,M15)	2026.03.06 20:24:10 | WEEKEND_CLOSE | SYSTEM | Friday post-close. All positions closed. EA idle until Monday. Tick=232293
HE	0	13:24:16.120	Cazyxio_v4.1 (EURUSD,M15)	2026.03.06 20:24:16 | HEARTBEAT | SYSTEM | EA alive. Tick=232300 Equity=45490.80 OpenPos=0 UTC=2026.03.06 20:24 DayOfWeek=5 WeekendCloseActive=YES NewTradeBlocked=YES | 232300.000000
QK	0	13:25:21.153	Cazyxio_v4.1 (EURUSD,M15)	2026.03.06 20:25:21 | WEEKEND_CLOSE | SYSTEM | Friday post-close. All positions closed. EA idle until Monday. Tick=232393
DR	0	13:25:24.387	Cazyxio_v4.1 (EURUSD,M15)	2026.03.06 20:25:24 | HEARTBEAT | SYSTEM | EA alive. Tick=232400 Equity=45490.80 OpenPos=0 UTC=2026.03.06 20:25 DayOfWeek=5 WeekendCloseActive=YES NewTradeBlocked=YES | 232400.000000
RE	0	13:26:35.469	Cazyxio_v4.1 (EURUSD,M15)	2026.03.06 20:26:35 | WEEKEND_CLOSE | SYSTEM | Friday post-close. All positions closed. EA idle until Monday. Tick=232493
RS	0	13:26:41.351	Cazyxio_v4.1 (EURUSD,M15)	2026.03.06 20:26:41 | HEARTBEAT | SYSTEM | EA alive. Tick=232500 Equity=45490.80 OpenPos=0 UTC=2026.03.06 20:26 DayOfWeek=5 WeekendCloseActive=YES NewTradeBlocked=YES | 232500.000000
RF	0	13:27:56.158	Cazyxio_v4.1 (EURUSD,M15)	2026.03.06 20:27:56 | WEEKEND_CLOSE | SYSTEM | Friday post-close. All positions closed. EA idle until Monday. Tick=232593
NQ	0	13:27:58.855	Cazyxio_v4.1 (EURUSD,M15)	2026.03.06 20:27:58 | HEARTBEAT | SYSTEM | EA alive. Tick=232600 Equity=45490.80 OpenPos=0 UTC=2026.03.06 20:27 DayOfWeek=5 WeekendCloseActive=YES NewTradeBlocked=YES | 232600.000000
OG	0	13:28:54.512	Cazyxio_v4.1 (EURUSD,M15)	2026.03.06 20:28:54 | WEEKEND_CLOSE | SYSTEM | Friday post-close. All positions closed. EA idle until Monday. Tick=232693
JN	0	13:28:57.500	Cazyxio_v4.1 (EURUSD,M15)	2026.03.06 20:28:57 | HEARTBEAT | SYSTEM | EA alive. Tick=232700 Equity=45490.80 OpenPos=0 UTC=2026.03.06 20:28 DayOfWeek=5 WeekendCloseActive=YES NewTradeBlocked=YES | 232700.000000
IQ	0	13:29:38.641	Cazyxio_v4.1 (EURUSD,M15)	2026.03.06 20:29:38 | WEEKEND_CLOSE | SYSTEM | Friday post-close. All positions closed. EA idle until Monday. Tick=232793
NL	0	13:29:40.938	Cazyxio_v4.1 (EURUSD,M15)	2026.03.06 20:29:40 | HEARTBEAT | SYSTEM | EA alive. Tick=232800 Equity=45490.80 OpenPos=0 UTC=2026.03.06 20:29 DayOfWeek=5 WeekendCloseActive=YES NewTradeBlocked=YES | 232800.000000
GR	0	13:30:23.765	Cazyxio_v4.1 (EURUSD,M15)	2026.03.06 20:30:23 | WEEKEND_CLOSE | SYSTEM | Friday post-close. All positions closed. EA idle until Monday. Tick=232893
KM	0	13:30:26.179	Cazyxio_v4.1 (EURUSD,M15)	2026.03.06 20:30:26 | HEARTBEAT | SYSTEM | EA alive. Tick=232900 Equity=45490.80 OpenPos=0 UTC=2026.03.06 20:30 DayOfWeek=5 WeekendCloseActive=YES NewTradeBlocked=YES | 232900.000000
HS	0	13:31:16.893	Cazyxio_v4.1 (EURUSD,M15)	2026.03.06 20:31:16 | WEEKEND_CLOSE | SYSTEM | Friday post-close. All positions closed. EA idle until Monday. Tick=232993
MJ	0	13:31:19.446	Cazyxio_v4.1 (EURUSD,M15)	2026.03.06 20:31:19 | HEARTBEAT | SYSTEM | EA alive. Tick=233000 Equity=45490.80 OpenPos=0 UTC=2026.03.06 20:31 DayOfWeek=5 WeekendCloseActive=YES NewTradeBlocked=YES | 233000.000000
KM	0	13:32:06.386	Cazyxio_v4.1 (EURUSD,M15)	2026.03.06 20:32:06 | WEEKEND_CLOSE | SYSTEM | Friday post-close. All positions closed. EA idle until Monday. Tick=233093
JH	0	13:32:08.574	Cazyxio_v4.1 (EURUSD,M15)	2026.03.06 20:32:08 | HEARTBEAT | SYSTEM | EA alive. Tick=233100 Equity=45490.80 OpenPos=0 UTC=2026.03.06 20:32 DayOfWeek=5 WeekendCloseActive=YES NewTradeBlocked=YES | 233100.000000
MN	0	13:32:55.451	Cazyxio_v4.1 (EURUSD,M15)	2026.03.06 20:32:55 | WEEKEND_CLOSE | SYSTEM | Friday post-close. All positions closed. EA idle until Monday. Tick=233193
LI	0	13:32:58.156	Cazyxio_v4.1 (EURUSD,M15)	2026.03.06 20:32:58 | HEARTBEAT | SYSTEM | EA alive. Tick=233200 Equity=45490.80 OpenPos=0 UTC=2026.03.06 20:32 DayOfWeek=5 WeekendCloseActive=YES NewTradeBlocked=YES | 233200.000000
CH	0	13:33:40.102	Cazyxio_v4.1 (EURUSD,M15)	2026.03.06 20:33:40 | WEEKEND_CLOSE | SYSTEM | Friday post-close. All positions closed. EA idle until Monday. Tick=233293
MF	0	13:33:43.464	Cazyxio_v4.1 (EURUSD,M15)	2026.03.06 20:33:43 | HEARTBEAT | SYSTEM | EA alive. Tick=233300 Equity=45490.80 OpenPos=0 UTC=2026.03.06 20:33 DayOfWeek=5 WeekendCloseActive=YES NewTradeBlocked=YES | 233300.000000
CI	0	13:34:50.224	Cazyxio_v4.1 (EURUSD,M15)	2026.03.06 20:34:50 | WEEKEND_CLOSE | SYSTEM | Friday post-close. All positions closed. EA idle until Monday. Tick=233393
DD	0	13:34:52.437	Cazyxio_v4.1 (EURUSD,M15)	2026.03.06 20:34:52 | HEARTBEAT | SYSTEM | EA alive. Tick=233400 Equity=45490.80 OpenPos=0 UTC=2026.03.06 20:34 DayOfWeek=5 WeekendCloseActive=YES NewTradeBlocked=YES | 233400.000000
FJ	0	13:35:48.930	Cazyxio_v4.1 (EURUSD,M15)	2026.03.06 20:35:48 | WEEKEND_CLOSE | SYSTEM | Friday post-close. All positions closed. EA idle until Monday. Tick=233493
DE	0	13:35:52.294	Cazyxio_v4.1 (EURUSD,M15)	2026.03.06 20:35:52 | HEARTBEAT | SYSTEM | EA alive. Tick=233500 Equity=45490.80 OpenPos=0 UTC=2026.03.06 20:35 DayOfWeek=5 WeekendCloseActive=YES NewTradeBlocked=YES | 233500.000000
PD	0	13:36:48.209	Cazyxio_v4.1 (EURUSD,M15)	2026.03.06 20:36:48 | WEEKEND_CLOSE | SYSTEM | Friday post-close. All positions closed. EA idle until Monday. Tick=233593
NS	0	13:36:51.286	Cazyxio_v4.1 (EURUSD,M15)	2026.03.06 20:36:51 | HEARTBEAT | SYSTEM | EA alive. Tick=233600 Equity=45490.80 OpenPos=0 UTC=2026.03.06 20:36 DayOfWeek=5 WeekendCloseActive=YES NewTradeBlocked=YES | 233600.000000
GE	0	13:37:35.803	Cazyxio_v4.1 (EURUSD,M15)	2026.03.06 20:37:35 | WEEKEND_CLOSE | SYSTEM | Friday post-close. All positions closed. EA idle until Monday. Tick=233693
HP	0	13:37:38.894	Cazyxio_v4.1 (EURUSD,M15)	2026.03.06 20:37:38 | HEARTBEAT | SYSTEM | EA alive. Tick=233700 Equity=45490.80 OpenPos=0 UTC=2026.03.06 20:37 DayOfWeek=5 WeekendCloseActive=YES NewTradeBlocked=YES | 233700.000000
QF	0	13:38:52.547	Cazyxio_v4.1 (EURUSD,M15)	2026.03.06 20:38:52 | WEEKEND_CLOSE | SYSTEM | Friday post-close. All positions closed. EA idle until Monday. Tick=233793
DQ	0	13:38:56.260	Cazyxio_v4.1 (EURUSD,M15)	2026.03.06 20:38:56 | HEARTBEAT | SYSTEM | EA alive. Tick=233800 Equity=45490.80 OpenPos=0 UTC=2026.03.06 20:38 DayOfWeek=5 WeekendCloseActive=YES NewTradeBlocked=YES | 233800.000000
NP	0	13:39:55.556	Cazyxio_v4.1 (EURUSD,M15)	2026.03.06 20:39:55 | WEEKEND_CLOSE | SYSTEM | Friday post-close. All positions closed. EA idle until Monday. Tick=233893
NO	0	13:39:58.450	Cazyxio_v4.1 (EURUSD,M15)	2026.03.06 20:39:58 | HEARTBEAT | SYSTEM | EA alive. Tick=233900 Equity=45490.80 OpenPos=0 UTC=2026.03.06 20:39 DayOfWeek=5 WeekendCloseActive=YES NewTradeBlocked=YES | 233900.000000
CQ	0	13:40:43.992	Cazyxio_v4.1 (EURUSD,M15)	2026.03.06 20:40:43 | WEEKEND_CLOSE | SYSTEM | Friday post-close. All positions closed. EA idle until Monday. Tick=233993
OL	0	13:40:46.020	Cazyxio_v4.1 (EURUSD,M15)	2026.03.06 20:40:46 | HEARTBEAT | SYSTEM | EA alive. Tick=234000 Equity=45490.80 OpenPos=0 UTC=2026.03.06 20:40 DayOfWeek=5 WeekendCloseActive=YES NewTradeBlocked=YES | 234000.000000
FS	0	13:41:29.647	Cazyxio_v4.1 (EURUSD,M15)	2026.03.06 20:41:29 | WEEKEND_CLOSE | SYSTEM | Friday post-close. All positions closed. EA idle until Monday. Tick=234093
OM	0	13:41:32.140	Cazyxio_v4.1 (EURUSD,M15)	2026.03.06 20:41:32 | HEARTBEAT | SYSTEM | EA alive. Tick=234100 Equity=45490.80 OpenPos=0 UTC=2026.03.06 20:41 DayOfWeek=5 WeekendCloseActive=YES NewTradeBlocked=YES | 234100.000000
OL	0	13:42:27.519	Cazyxio_v4.1 (EURUSD,M15)	2026.03.06 20:42:27 | WEEKEND_CLOSE | SYSTEM | Friday post-close. All positions closed. EA idle until Monday. Tick=234193
CK	0	13:42:30.145	Cazyxio_v4.1 (EURUSD,M15)	2026.03.06 20:42:30 | HEARTBEAT | SYSTEM | EA alive. Tick=234200 Equity=45490.80 OpenPos=0 UTC=2026.03.06 20:42 DayOfWeek=5 WeekendCloseActive=YES NewTradeBlocked=YES | 234200.000000
KM	0	13:43:28.716	Cazyxio_v4.1 (EURUSD,M15)	2026.03.06 20:43:28 | WEEKEND_CLOSE | SYSTEM | Friday post-close. All positions closed. EA idle until Monday. Tick=234293
MH	0	13:43:31.612	Cazyxio_v4.1 (EURUSD,M15)	2026.03.06 20:43:31 | HEARTBEAT | SYSTEM | EA alive. Tick=234300 Equity=45490.80 OpenPos=0 UTC=2026.03.06 20:43 DayOfWeek=5 WeekendCloseActive=YES NewTradeBlocked=YES | 234300.000000
LO	0	13:44:24.358	Cazyxio_v4.1 (EURUSD,M15)	2026.03.06 20:44:24 | WEEKEND_CLOSE | SYSTEM | Friday post-close. All positions closed. EA idle until Monday. Tick=234393
KF	0	13:44:28.974	Cazyxio_v4.1 (EURUSD,M15)	2026.03.06 20:44:28 | HEARTBEAT | SYSTEM | EA alive. Tick=234400 Equity=45490.80 OpenPos=0 UTC=2026.03.06 20:44 DayOfWeek=5 WeekendCloseActive=YES NewTradeBlocked=YES | 234400.000000
DH	0	13:45:28.579	Cazyxio_v4.1 (EURUSD,M15)	2026.03.06 20:45:28 | WEEKEND_CLOSE | SYSTEM | Friday post-close. All positions closed. EA idle until Monday. Tick=234493
DG	0	13:45:32.224	Cazyxio_v4.1 (EURUSD,M15)	2026.03.06 20:45:32 | HEARTBEAT | SYSTEM | EA alive. Tick=234500 Equity=45490.80 OpenPos=0 UTC=2026.03.06 20:45 DayOfWeek=5 WeekendCloseActive=YES NewTradeBlocked=YES | 234500.000000
CI	0	13:46:41.683	Cazyxio_v4.1 (EURUSD,M15)	2026.03.06 20:46:41 | WEEKEND_CLOSE | SYSTEM | Friday post-close. All positions closed. EA idle until Monday. Tick=234593
QD	0	13:46:56.200	Cazyxio_v4.1 (EURUSD,M15)	2026.03.06 20:46:56 | HEARTBEAT | SYSTEM | EA alive. Tick=234600 Equity=45490.80 OpenPos=0 UTC=2026.03.06 20:46 DayOfWeek=5 WeekendCloseActive=YES NewTradeBlocked=YES | 234600.000000
HK	0	13:48:03.221	Cazyxio_v4.1 (EURUSD,M15)	2026.03.06 20:48:03 | WEEKEND_CLOSE | SYSTEM | Friday post-close. All positions closed. EA idle until Monday. Tick=234693
DR	0	13:48:06.904	Cazyxio_v4.1 (EURUSD,M15)	2026.03.06 20:48:06 | HEARTBEAT | SYSTEM | EA alive. Tick=234700 Equity=45490.80 OpenPos=0 UTC=2026.03.06 20:48 DayOfWeek=5 WeekendCloseActive=YES NewTradeBlocked=YES | 234700.000000
ND	0	13:49:30.264	Cazyxio_v4.1 (EURUSD,M15)	2026.03.06 20:49:30 | WEEKEND_CLOSE | SYSTEM | Friday post-close. All positions closed. EA idle until Monday. Tick=234793
GS	0	13:49:46.517	Cazyxio_v4.1 (EURUSD,M15)	2026.03.06 20:49:46 | HEARTBEAT | SYSTEM | EA alive. Tick=234800 Equity=45490.80 OpenPos=0 UTC=2026.03.06 20:49 DayOfWeek=5 WeekendCloseActive=YES NewTradeBlocked=YES | 234800.000000
FF	0	13:51:00.287	Cazyxio_v4.1 (EURUSD,M15)	2026.03.06 20:51:00 | WEEKEND_CLOSE | SYSTEM | Friday post-close. All positions closed. EA idle until Monday. Tick=234893
CP	0	13:51:04.329	Cazyxio_v4.1 (EURUSD,M15)	2026.03.06 20:51:04 | HEARTBEAT | SYSTEM | EA alive. Tick=234900 Equity=45490.80 OpenPos=0 UTC=2026.03.06 20:51 DayOfWeek=5 WeekendCloseActive=YES NewTradeBlocked=YES | 234900.000000
NG	0	13:52:21.103	Cazyxio_v4.1 (EURUSD,M15)	2026.03.06 20:52:21 | WEEKEND_CLOSE | SYSTEM | Friday post-close. All positions closed. EA idle until Monday. Tick=234993
HN	0	13:52:23.730	Cazyxio_v4.1 (EURUSD,M15)	2026.03.06 20:52:23 | HEARTBEAT | SYSTEM | EA alive. Tick=235000 Equity=45490.80 OpenPos=0 UTC=2026.03.06 20:52 DayOfWeek=5 WeekendCloseActive=YES NewTradeBlocked=YES | 235000.000000
EP	0	13:53:32.449	Cazyxio_v4.1 (EURUSD,M15)	2026.03.06 20:53:32 | WEEKEND_CLOSE | SYSTEM | Friday post-close. All positions closed. EA idle until Monday. Tick=235093
IO	0	13:53:38.899	Cazyxio_v4.1 (EURUSD,M15)	2026.03.06 20:53:38 | HEARTBEAT | SYSTEM | EA alive. Tick=235100 Equity=45490.80 OpenPos=0 UTC=2026.03.06 20:53 DayOfWeek=5 WeekendCloseActive=YES NewTradeBlocked=YES | 235100.000000
KR	0	13:54:32.682	Cazyxio_v4.1 (EURUSD,M15)	2026.03.06 20:54:32 | WEEKEND_CLOSE | SYSTEM | Friday post-close. All positions closed. EA idle until Monday. Tick=235193
LM	0	13:54:37.684	Cazyxio_v4.1 (EURUSD,M15)	2026.03.06 20:54:37 | HEARTBEAT | SYSTEM | EA alive. Tick=235200 Equity=45490.80 OpenPos=0 UTC=2026.03.06 20:54 DayOfWeek=5 WeekendCloseActive=YES NewTradeBlocked=YES | 235200.000000
MS	0	13:55:17.722	Cazyxio_v4.1 (EURUSD,M15)	2026.03.06 20:55:17 | WEEKEND_CLOSE | SYSTEM | Friday post-close. All positions closed. EA idle until Monday. Tick=235293
EJ	0	13:55:21.237	Cazyxio_v4.1 (EURUSD,M15)	2026.03.06 20:55:21 | HEARTBEAT | SYSTEM | EA alive. Tick=235300 Equity=45490.80 OpenPos=0 UTC=2026.03.06 20:55 DayOfWeek=5 WeekendCloseActive=YES NewTradeBlocked=YES | 235300.000000
ML	0	13:56:11.257	Cazyxio_v4.1 (EURUSD,M15)	2026.03.06 20:56:11 | WEEKEND_CLOSE | SYSTEM | Friday post-close. All positions closed. EA idle until Monday. Tick=235393
CK	0	13:56:14.739	Cazyxio_v4.1 (EURUSD,M15)	2026.03.06 20:56:14 | HEARTBEAT | SYSTEM | EA alive. Tick=235400 Equity=45490.80 OpenPos=0 UTC=2026.03.06 20:56 DayOfWeek=5 WeekendCloseActive=YES NewTradeBlocked=YES | 235400.000000
DN	0	13:57:20.017	Cazyxio_v4.1 (EURUSD,M15)	2026.03.06 20:57:20 | WEEKEND_CLOSE | SYSTEM | Friday post-close. All positions closed. EA idle until Monday. Tick=235493
MI	0	13:57:22.668	Cazyxio_v4.1 (EURUSD,M15)	2026.03.06 20:57:22 | HEARTBEAT | SYSTEM | EA alive. Tick=235500 Equity=45490.80 OpenPos=0 UTC=2026.03.06 20:57 DayOfWeek=5 WeekendCloseActive=YES NewTradeBlocked=YES | 235500.000000
MO	0	13:58:36.727	Cazyxio_v4.1 (EURUSD,M15)	2026.03.06 20:58:36 | WEEKEND_CLOSE | SYSTEM | Friday post-close. All positions closed. EA idle until Monday. Tick=235593
NF	0	13:58:46.396	Cazyxio_v4.1 (EURUSD,M15)	2026.03.06 20:58:46 | HEARTBEAT | SYSTEM | EA alive. Tick=235600 Equity=45490.80 OpenPos=0 UTC=2026.03.06 20:58 DayOfWeek=5 WeekendCloseActive=YES NewTradeBlocked=YES | 235600.000000
QI	0	13:59:44.186	Cazyxio_v4.1 (EURUSD,M15)	2026.03.06 20:59:44 | WEEKEND_CLOSE | SYSTEM | Friday post-close. All positions closed. EA idle until Monday. Tick=235693
EG	0	13:59:47.453	Cazyxio_v4.1 (EURUSD,M15)	2026.03.06 20:59:47 | HEARTBEAT | SYSTEM | EA alive. Tick=235700 Equity=45490.80 OpenPos=0 UTC=2026.03.06 20:59 DayOfWeek=5 WeekendCloseActive=YES NewTradeBlocked=YES | 235700.000000
RJ	0	14:01:11.953	Cazyxio_v4.1 (EURUSD,M15)	2026.03.06 21:01:11 | WEEKEND_CLOSE | SYSTEM | Friday post-close. All positions closed. EA idle until Monday. Tick=235793
KE	0	14:01:15.091	Cazyxio_v4.1 (EURUSD,M15)	2026.03.06 21:01:15 | HEARTBEAT | SYSTEM | EA alive. Tick=235800 Equity=45490.80 OpenPos=0 UTC=2026.03.06 21:01 DayOfWeek=5 WeekendCloseActive=YES NewTradeBlocked=YES | 235800.000000
MK	0	14:02:06.348	Cazyxio_v4.1 (EURUSD,M15)	2026.03.06 21:02:06 | WEEKEND_CLOSE | SYSTEM | Friday post-close. All positions closed. EA idle until Monday. Tick=235893
CR	0	14:02:08.850	Cazyxio_v4.1 (EURUSD,M15)	2026.03.06 21:02:08 | HEARTBEAT | SYSTEM | EA alive. Tick=235900 Equity=45490.80 OpenPos=0 UTC=2026.03.06 21:02 DayOfWeek=5 WeekendCloseActive=YES NewTradeBlocked=YES | 235900.000000
IE	0	14:03:35.639	Cazyxio_v4.1 (EURUSD,M15)	2026.03.06 21:03:35 | WEEKEND_CLOSE | SYSTEM | Friday post-close. All positions closed. EA idle until Monday. Tick=235993
HP	0	14:03:40.164	Cazyxio_v4.1 (EURUSD,M15)	2026.03.06 21:03:40 | HEARTBEAT | SYSTEM | EA alive. Tick=236000 Equity=45490.80 OpenPos=0 UTC=2026.03.06 21:03 DayOfWeek=5 WeekendCloseActive=YES NewTradeBlocked=YES | 236000.000000
KF	0	14:05:26.507	Cazyxio_v4.1 (EURUSD,M15)	2026.03.06 21:05:26 | WEEKEND_CLOSE | SYSTEM | Friday post-close. All positions closed. EA idle until Monday. Tick=236093
OQ	0	14:05:32.291	Cazyxio_v4.1 (EURUSD,M15)	2026.03.06 21:05:32 | HEARTBEAT | SYSTEM | EA alive. Tick=236100 Equity=45490.80 OpenPos=0 UTC=2026.03.06 21:05 DayOfWeek=5 WeekendCloseActive=YES NewTradeBlocked=YES | 236100.000000
MG	0	14:06:55.337	Cazyxio_v4.1 (EURUSD,M15)	2026.03.06 21:06:55 | WEEKEND_CLOSE | SYSTEM | Friday post-close. All positions closed. EA idle until Monday. Tick=236193
CN	0	14:07:02.349	Cazyxio_v4.1 (EURUSD,M15)	2026.03.06 21:07:02 | HEARTBEAT | SYSTEM | EA alive. Tick=236200 Equity=45490.80 OpenPos=0 UTC=2026.03.06 21:07 DayOfWeek=5 WeekendCloseActive=YES NewTradeBlocked=YES | 236200.000000
LQ	0	14:08:27.296	Cazyxio_v4.1 (EURUSD,M15)	2026.03.06 21:08:27 | WEEKEND_CLOSE | SYSTEM | Friday post-close. All positions closed. EA idle until Monday. Tick=236293
CL	0	14:08:38.438	Cazyxio_v4.1 (EURUSD,M15)	2026.03.06 21:08:38 | HEARTBEAT | SYSTEM | EA alive. Tick=236300 Equity=45490.80 OpenPos=0 UTC=2026.03.06 21:08 DayOfWeek=5 WeekendCloseActive=YES NewTradeBlocked=YES | 236300.000000
GR	0	14:10:26.807	Cazyxio_v4.1 (EURUSD,M15)	2026.03.06 21:10:26 | WEEKEND_CLOSE | SYSTEM | Friday post-close. All positions closed. EA idle until Monday. Tick=236393
MM	0	14:10:34.503	Cazyxio_v4.1 (EURUSD,M15)	2026.03.06 21:10:34 | HEARTBEAT | SYSTEM | EA alive. Tick=236400 Equity=45490.80 OpenPos=0 UTC=2026.03.06 21:10 DayOfWeek=5 WeekendCloseActive=YES NewTradeBlocked=YES | 236400.000000
JL	0	14:12:21.177	Cazyxio_v4.1 (EURUSD,M15)	2026.03.06 21:12:21 | WEEKEND_CLOSE | SYSTEM | Friday post-close. All positions closed. EA idle until Monday. Tick=236493
QJ	0	14:12:29.512	Cazyxio_v4.1 (EURUSD,M15)	2026.03.06 21:12:29 | HEARTBEAT | SYSTEM | EA alive. Tick=236500 Equity=45490.80 OpenPos=0 UTC=2026.03.06 21:12 DayOfWeek=5 WeekendCloseActive=YES NewTradeBlocked=YES | 236500.000000
FM	0	14:13:37.211	Cazyxio_v4.1 (EURUSD,M15)	2026.03.06 21:13:37 | WEEKEND_CLOSE | SYSTEM | Friday post-close. All positions closed. EA idle until Monday. Tick=236593
HH	0	14:13:42.327	Cazyxio_v4.1 (EURUSD,M15)	2026.03.06 21:13:42 | HEARTBEAT | SYSTEM | EA alive. Tick=236600 Equity=45490.80 OpenPos=0 UTC=2026.03.06 21:13 DayOfWeek=5 WeekendCloseActive=YES NewTradeBlocked=YES | 236600.000000
RN	0	14:14:46.788	Cazyxio_v4.1 (EURUSD,M15)	2026.03.06 21:14:46 | WEEKEND_CLOSE | SYSTEM | Friday post-close. All positions closed. EA idle until Monday. Tick=236693
FI	0	14:14:51.292	Cazyxio_v4.1 (EURUSD,M15)	2026.03.06 21:14:51 | HEARTBEAT | SYSTEM | EA alive. Tick=236700 Equity=45490.80 OpenPos=0 UTC=2026.03.06 21:14 DayOfWeek=5 WeekendCloseActive=YES NewTradeBlocked=YES | 236700.000000
IH	0	14:15:55.364	Cazyxio_v4.1 (EURUSD,M15)	2026.03.06 21:15:55 | WEEKEND_CLOSE | SYSTEM | Friday post-close. All positions closed. EA idle until Monday. Tick=236793
GG	0	14:16:00.420	Cazyxio_v4.1 (EURUSD,M15)	2026.03.06 21:16:00 | HEARTBEAT | SYSTEM | EA alive. Tick=236800 Equity=45490.80 OpenPos=0 UTC=2026.03.06 21:16 DayOfWeek=5 WeekendCloseActive=YES NewTradeBlocked=YES | 236800.000000
EI	0	14:18:23.624	Cazyxio_v4.1 (EURUSD,M15)	2026.03.06 21:18:23 | WEEKEND_CLOSE | SYSTEM | Friday post-close. All positions closed. EA idle until Monday. Tick=236893
DD	0	14:18:34.658	Cazyxio_v4.1 (EURUSD,M15)	2026.03.06 21:18:34 | HEARTBEAT | SYSTEM | EA alive. Tick=236900 Equity=45490.80 OpenPos=0 UTC=2026.03.06 21:18 DayOfWeek=5 WeekendCloseActive=YES NewTradeBlocked=YES | 236900.000000
DJ	0	14:20:05.253	Cazyxio_v4.1 (EURUSD,M15)	2026.03.06 21:20:05 | WEEKEND_CLOSE | SYSTEM | Friday post-close. All positions closed. EA idle until Monday. Tick=236993
JE	0	14:20:07.972	Cazyxio_v4.1 (EURUSD,M15)	2026.03.06 21:20:07 | HEARTBEAT | SYSTEM | EA alive. Tick=237000 Equity=45490.80 OpenPos=0 UTC=2026.03.06 21:20 DayOfWeek=5 WeekendCloseActive=YES NewTradeBlocked=YES | 237000.000000
QD	0	14:20:59.382	Cazyxio_v4.1 (EURUSD,M15)	2026.03.06 21:20:59 | WEEKEND_CLOSE | SYSTEM | Friday post-close. All positions closed. EA idle until Monday. Tick=237093
QS	0	14:21:01.129	Cazyxio_v4.1 (EURUSD,M15)	2026.03.06 21:21:01 | HEARTBEAT | SYSTEM | EA alive. Tick=237100 Equity=45490.80 OpenPos=0 UTC=2026.03.06 21:21 DayOfWeek=5 WeekendCloseActive=YES NewTradeBlocked=YES | 237100.000000
RE	0	14:21:44.986	Cazyxio_v4.1 (EURUSD,M15)	2026.03.06 21:21:44 | WEEKEND_CLOSE | SYSTEM | Friday post-close. All positions closed. EA idle until Monday. Tick=237193
RP	0	14:21:55.717	Cazyxio_v4.1 (EURUSD,M15)	2026.03.06 21:21:55 | HEARTBEAT | SYSTEM | EA alive. Tick=237200 Equity=45490.80 OpenPos=0 UTC=2026.03.06 21:21 DayOfWeek=5 WeekendCloseActive=YES NewTradeBlocked=YES | 237200.000000
LG	0	14:23:24.954	Cazyxio_v4.1 (EURUSD,M15)	2026.03.06 21:23:24 | WEEKEND_CLOSE | SYSTEM | Friday post-close. All positions closed. EA idle until Monday. Tick=237293
HQ	0	14:23:36.719	Cazyxio_v4.1 (EURUSD,M15)	2026.03.06 21:23:36 | HEARTBEAT | SYSTEM | EA alive. Tick=237300 Equity=45490.80 OpenPos=0 UTC=2026.03.06 21:23 DayOfWeek=5 WeekendCloseActive=YES NewTradeBlocked=YES | 237300.000000
MP	0	14:24:37.059	Cazyxio_v4.1 (EURUSD,M15)	2026.03.06 21:24:37 | WEEKEND_CLOSE | SYSTEM | Friday post-close. All positions closed. EA idle until Monday. Tick=237393
IO	0	14:24:40.818	Cazyxio_v4.1 (EURUSD,M15)	2026.03.06 21:24:40 | HEARTBEAT | SYSTEM | EA alive. Tick=237400 Equity=45490.80 OpenPos=0 UTC=2026.03.06 21:24 DayOfWeek=5 WeekendCloseActive=YES NewTradeBlocked=YES | 237400.000000
KQ	0	14:26:13.461	Cazyxio_v4.1 (EURUSD,M15)	2026.03.06 21:26:13 | WEEKEND_CLOSE | SYSTEM | Friday post-close. All positions closed. EA idle until Monday. Tick=237493
EL	0	14:26:21.548	Cazyxio_v4.1 (EURUSD,M15)	2026.03.06 21:26:21 | HEARTBEAT | SYSTEM | EA alive. Tick=237500 Equity=45490.80 OpenPos=0 UTC=2026.03.06 21:26 DayOfWeek=5 WeekendCloseActive=YES NewTradeBlocked=YES | 237500.000000
MS	0	14:27:18.943	Cazyxio_v4.1 (EURUSD,M15)	2026.03.06 21:27:18 | WEEKEND_CLOSE | SYSTEM | Friday post-close. All positions closed. EA idle until Monday. Tick=237593
LJ	0	14:27:23.696	Cazyxio_v4.1 (EURUSD,M15)	2026.03.06 21:27:23 | HEARTBEAT | SYSTEM | EA alive. Tick=237600 Equity=45490.80 OpenPos=0 UTC=2026.03.06 21:27 DayOfWeek=5 WeekendCloseActive=YES NewTradeBlocked=YES | 237600.000000
FL	0	14:28:00.842	Cazyxio_v4.1 (EURUSD,M15)	2026.03.06 21:28:00 | WEEKEND_CLOSE | SYSTEM | Friday post-close. All positions closed. EA idle until Monday. Tick=237693
GK	0	14:28:03.940	Cazyxio_v4.1 (EURUSD,M15)	2026.03.06 21:28:03 | HEARTBEAT | SYSTEM | EA alive. Tick=237700 Equity=45490.80 OpenPos=0 UTC=2026.03.06 21:28 DayOfWeek=5 WeekendCloseActive=YES NewTradeBlocked=YES | 237700.000000
HM	0	14:28:59.258	Cazyxio_v4.1 (EURUSD,M15)	2026.03.06 21:28:59 | WEEKEND_CLOSE | SYSTEM | Friday post-close. All positions closed. EA idle until Monday. Tick=237793
DH	0	14:29:02.704	Cazyxio_v4.1 (EURUSD,M15)	2026.03.06 21:29:02 | HEARTBEAT | SYSTEM | EA alive. Tick=237800 Equity=45490.80 OpenPos=0 UTC=2026.03.06 21:29 DayOfWeek=5 WeekendCloseActive=YES NewTradeBlocked=YES | 237800.000000
QO	0	14:29:38.980	Cazyxio_v4.1 (EURUSD,M15)	2026.03.06 21:29:38 | WEEKEND_CLOSE | SYSTEM | Friday post-close. All positions closed. EA idle until Monday. Tick=237893
QF	0	14:29:41.938	Cazyxio_v4.1 (EURUSD,M15)	2026.03.06 21:29:41 | HEARTBEAT | SYSTEM | EA alive. Tick=237900 Equity=45490.80 OpenPos=0 UTC=2026.03.06 21:29 DayOfWeek=5 WeekendCloseActive=YES NewTradeBlocked=YES | 237900.000000
DH	0	14:30:54.742	Cazyxio_v4.1 (EURUSD,M15)	2026.03.06 21:30:54 | WEEKEND_CLOSE | SYSTEM | Friday post-close. All positions closed. EA idle until Monday. Tick=237993
JG	0	14:30:57.229	Cazyxio_v4.1 (EURUSD,M15)	2026.03.06 21:30:57 | HEARTBEAT | SYSTEM | EA alive. Tick=238000 Equity=45490.80 OpenPos=0 UTC=2026.03.06 21:30 DayOfWeek=5 WeekendCloseActive=YES NewTradeBlocked=YES | 238000.000000
QJ	0	14:32:40.323	Cazyxio_v4.1 (EURUSD,M15)	2026.03.06 21:32:40 | WEEKEND_CLOSE | SYSTEM | Friday post-close. All positions closed. EA idle until Monday. Tick=238093
PD	0	14:32:48.362	Cazyxio_v4.1 (EURUSD,M15)	2026.03.06 21:32:48 | HEARTBEAT | SYSTEM | EA alive. Tick=238100 Equity=45490.80 OpenPos=0 UTC=2026.03.06 21:32 DayOfWeek=5 WeekendCloseActive=YES NewTradeBlocked=YES | 238100.000000
RK	0	14:34:20.958	Cazyxio_v4.1 (EURUSD,M15)	2026.03.06 21:34:20 | WEEKEND_CLOSE | SYSTEM | Friday post-close. All positions closed. EA idle until Monday. Tick=238193
CR	0	14:34:30.402	Cazyxio_v4.1 (EURUSD,M15)	2026.03.06 21:34:30 | HEARTBEAT | SYSTEM | EA alive. Tick=238200 Equity=45490.80 OpenPos=0 UTC=2026.03.06 21:34 DayOfWeek=5 WeekendCloseActive=YES NewTradeBlocked=YES | 238200.000000
FD	0	14:35:49.144	Cazyxio_v4.1 (EURUSD,M15)	2026.03.06 21:35:49 | WEEKEND_CLOSE | SYSTEM | Friday post-close. All positions closed. EA idle until Monday. Tick=238293
JS	0	14:35:52.934	Cazyxio_v4.1 (EURUSD,M15)	2026.03.06 21:35:52 | HEARTBEAT | SYSTEM | EA alive. Tick=238300 Equity=45490.80 OpenPos=0 UTC=2026.03.06 21:35 DayOfWeek=5 WeekendCloseActive=YES NewTradeBlocked=YES | 238300.000000
EF	0	14:37:47.168	Cazyxio_v4.1 (EURUSD,M15)	2026.03.06 21:37:47 | WEEKEND_CLOSE | SYSTEM | Friday post-close. All positions closed. EA idle until Monday. Tick=238393
EQ	0	14:37:53.704	Cazyxio_v4.1 (EURUSD,M15)	2026.03.06 21:37:53 | HEARTBEAT | SYSTEM | EA alive. Tick=238400 Equity=45490.80 OpenPos=0 UTC=2026.03.06 21:37 DayOfWeek=5 WeekendCloseActive=YES NewTradeBlocked=YES | 238400.000000
EG	0	14:38:54.323	Cazyxio_v4.1 (EURUSD,M15)	2026.03.06 21:38:54 | WEEKEND_CLOSE | SYSTEM | Friday post-close. All positions closed. EA idle until Monday. Tick=238493
EN	0	14:39:00.308	Cazyxio_v4.1 (EURUSD,M15)	2026.03.06 21:39:00 | HEARTBEAT | SYSTEM | EA alive. Tick=238500 Equity=45490.80 OpenPos=0 UTC=2026.03.06 21:39 DayOfWeek=5 WeekendCloseActive=YES NewTradeBlocked=YES | 238500.000000
DP	0	14:40:22.251	Cazyxio_v4.1 (EURUSD,M15)	2026.03.06 21:40:22 | WEEKEND_CLOSE | SYSTEM | Friday post-close. All positions closed. EA idle until Monday. Tick=238593
DO	0	14:40:27.873	Cazyxio_v4.1 (EURUSD,M15)	2026.03.06 21:40:27 | HEARTBEAT | SYSTEM | EA alive. Tick=238600 Equity=45490.80 OpenPos=0 UTC=2026.03.06 21:40 DayOfWeek=5 WeekendCloseActive=YES NewTradeBlocked=YES | 238600.000000
FR	0	14:41:41.296	Cazyxio_v4.1 (EURUSD,M15)	2026.03.06 21:41:41 | WEEKEND_CLOSE | SYSTEM | Friday post-close. All positions closed. EA idle until Monday. Tick=238693
HM	0	14:41:48.340	Cazyxio_v4.1 (EURUSD,M15)	2026.03.06 21:41:48 | HEARTBEAT | SYSTEM | EA alive. Tick=238700 Equity=45490.80 OpenPos=0 UTC=2026.03.06 21:41 DayOfWeek=5 WeekendCloseActive=YES NewTradeBlocked=YES | 238700.000000
IS	0	14:43:06.135	Cazyxio_v4.1 (EURUSD,M15)	2026.03.06 21:43:06 | WEEKEND_CLOSE | SYSTEM | Friday post-close. All positions closed. EA idle until Monday. Tick=238793
LJ	0	14:43:14.355	Cazyxio_v4.1 (EURUSD,M15)	2026.03.06 21:43:14 | HEARTBEAT | SYSTEM | EA alive. Tick=238800 Equity=45490.80 OpenPos=0 UTC=2026.03.06 21:43 DayOfWeek=5 WeekendCloseActive=YES NewTradeBlocked=YES | 238800.000000
HM	0	14:44:10.526	Cazyxio_v4.1 (EURUSD,M15)	2026.03.06 21:44:10 | WEEKEND_CLOSE | SYSTEM | Friday post-close. All positions closed. EA idle until Monday. Tick=238893
HK	0	14:44:12.529	Cazyxio_v4.1 (EURUSD,M15)	2026.03.06 21:44:12 | HEARTBEAT | SYSTEM | EA alive. Tick=238900 Equity=45490.80 OpenPos=0 UTC=2026.03.06 21:44 DayOfWeek=5 WeekendCloseActive=YES NewTradeBlocked=YES | 238900.000000
GN	0	14:45:11.421	Cazyxio_v4.1 (EURUSD,M15)	2026.03.06 21:45:11 | WEEKEND_CLOSE | SYSTEM | Friday post-close. All positions closed. EA idle until Monday. Tick=238993
MI	0	14:45:15.648	Cazyxio_v4.1 (EURUSD,M15)	2026.03.06 21:45:15 | HEARTBEAT | SYSTEM | EA alive. Tick=239000 Equity=45490.80 OpenPos=0 UTC=2026.03.06 21:45 DayOfWeek=5 WeekendCloseActive=YES NewTradeBlocked=YES | 239000.000000
EO	0	14:46:42.838	Cazyxio_v4.1 (EURUSD,M15)	2026.03.06 21:46:42 | WEEKEND_CLOSE | SYSTEM | Friday post-close. All positions closed. EA idle until Monday. Tick=239093
QF	0	14:46:48.726	Cazyxio_v4.1 (EURUSD,M15)	2026.03.06 21:46:48 | HEARTBEAT | SYSTEM | EA alive. Tick=239100 Equity=45490.80 OpenPos=0 UTC=2026.03.06 21:46 DayOfWeek=5 WeekendCloseActive=YES NewTradeBlocked=YES | 239100.000000
DI	0	14:48:11.384	Cazyxio_v4.1 (EURUSD,M15)	2026.03.06 21:48:11 | WEEKEND_CLOSE | SYSTEM | Friday post-close. All positions closed. EA idle until Monday. Tick=239193
PD	0	14:48:14.260	Cazyxio_v4.1 (EURUSD,M15)	2026.03.06 21:48:14 | HEARTBEAT | SYSTEM | EA alive. Tick=239200 Equity=45490.80 OpenPos=0 UTC=2026.03.06 21:48 DayOfWeek=5 WeekendCloseActive=YES NewTradeBlocked=YES | 239200.000000
IJ	0	14:49:37.111	Cazyxio_v4.1 (EURUSD,M15)	2026.03.06 21:49:37 | WEEKEND_CLOSE | SYSTEM | Friday post-close. All positions closed. EA idle until Monday. Tick=239293
KE	0	14:49:40.547	Cazyxio_v4.1 (EURUSD,M15)	2026.03.06 21:49:40 | HEARTBEAT | SYSTEM | EA alive. Tick=239300 Equity=45490.80 OpenPos=0 UTC=2026.03.06 21:49 DayOfWeek=5 WeekendCloseActive=YES NewTradeBlocked=YES | 239300.000000
KK	0	14:51:36.495	Cazyxio_v4.1 (EURUSD,M15)	2026.03.06 21:51:36 | WEEKEND_CLOSE | SYSTEM | Friday post-close. All positions closed. EA idle until Monday. Tick=239393
KR	0	14:51:39.173	Cazyxio_v4.1 (EURUSD,M15)	2026.03.06 21:51:39 | HEARTBEAT | SYSTEM | EA alive. Tick=239400 Equity=45490.80 OpenPos=0 UTC=2026.03.06 21:51 DayOfWeek=5 WeekendCloseActive=YES NewTradeBlocked=YES | 239400.000000
NE	0	14:53:05.170	Cazyxio_v4.1 (EURUSD,M15)	2026.03.06 21:53:05 | WEEKEND_CLOSE | SYSTEM | Friday post-close. All positions closed. EA idle until Monday. Tick=239493
OP	0	14:53:15.683	Cazyxio_v4.1 (EURUSD,M15)	2026.03.06 21:53:15 | HEARTBEAT | SYSTEM | EA alive. Tick=239500 Equity=45490.80 OpenPos=0 UTC=2026.03.06 21:53 DayOfWeek=5 WeekendCloseActive=YES NewTradeBlocked=YES | 239500.000000
PF	0	14:54:17.294	Cazyxio_v4.1 (EURUSD,M15)	2026.03.06 21:54:17 | WEEKEND_CLOSE | SYSTEM | Friday post-close. All positions closed. EA idle until Monday. Tick=239593
KQ	0	14:54:19.848	Cazyxio_v4.1 (EURUSD,M15)	2026.03.06 21:54:19 | HEARTBEAT | SYSTEM | EA alive. Tick=239600 Equity=45490.80 OpenPos=0 UTC=2026.03.06 21:54 DayOfWeek=5 WeekendCloseActive=YES NewTradeBlocked=YES | 239600.000000
EP	0	14:55:19.180	Cazyxio_v4.1 (EURUSD,M15)	2026.03.06 21:55:19 | WEEKEND_CLOSE | SYSTEM | Friday post-close. All positions closed. EA idle until Monday. Tick=239693
CN	0	14:55:23.218	Cazyxio_v4.1 (EURUSD,M15)	2026.03.06 21:55:23 | HEARTBEAT | SYSTEM | EA alive. Tick=239700 Equity=45490.80 OpenPos=0 UTC=2026.03.06 21:55 DayOfWeek=5 WeekendCloseActive=YES NewTradeBlocked=YES | 239700.000000
MQ	0	14:56:23.053	Cazyxio_v4.1 (EURUSD,M15)	2026.03.06 21:56:23 | WEEKEND_CLOSE | SYSTEM | Friday post-close. All positions closed. EA idle until Monday. Tick=239793
KL	0	14:56:26.930	Cazyxio_v4.1 (EURUSD,M15)	2026.03.06 21:56:26 | HEARTBEAT | SYSTEM | EA alive. Tick=239800 Equity=45490.80 OpenPos=0 UTC=2026.03.06 21:56 DayOfWeek=5 WeekendCloseActive=YES NewTradeBlocked=YES | 239800.000000
PR	0	14:57:30.756	Cazyxio_v4.1 (EURUSD,M15)	2026.03.06 21:57:30 | WEEKEND_CLOSE | SYSTEM | Friday post-close. All positions closed. EA idle until Monday. Tick=239893
OM	0	14:57:33.212	Cazyxio_v4.1 (EURUSD,M15)	2026.03.06 21:57:33 | HEARTBEAT | SYSTEM | EA alive. Tick=239900 Equity=45490.80 OpenPos=0 UTC=2026.03.06 21:57 DayOfWeek=5 WeekendCloseActive=YES NewTradeBlocked=YES | 239900.000000
PL	0	14:58:31.830	Cazyxio_v4.1 (EURUSD,M15)	2026.03.06 21:58:31 | WEEKEND_CLOSE | SYSTEM | Friday post-close. All positions closed. EA idle until Monday. Tick=239993
JK	0	14:58:33.834	Cazyxio_v4.1 (EURUSD,M15)	2026.03.06 21:58:33 | HEARTBEAT | SYSTEM | EA alive. Tick=240000 Equity=45490.80 OpenPos=0 UTC=2026.03.06 21:58 DayOfWeek=5 WeekendCloseActive=YES NewTradeBlocked=YES | 240000.000000
KM	0	14:59:10.715	Cazyxio_v4.1 (EURUSD,M15)	2026.03.06 21:59:10 | WEEKEND_CLOSE | SYSTEM | Friday post-close. All positions closed. EA idle until Monday. Tick=240093
RH	0	14:59:50.707	Cazyxio_v4.1 (EURUSD,M15)	2026.03.06 21:59:50 | HEARTBEAT | SYSTEM | EA alive. Tick=240100 Equity=45490.80 OpenPos=0 UTC=2026.03.06 21:59 DayOfWeek=5 WeekendCloseActive=YES NewTradeBlocked=YES | 240100.000000