HR	0	00:40:27.535	Cazyxio_v4.1 (EURUSD,M15)	2026.03.08 07:40:27 | STARTUP | SYSTEM | Cazyxio v4.1 OnInit() started. Account=Christopher Watson Server=Forex.com-Demo 535 Mode=DEMO Balance=45490.80
KG	0	00:40:27.535	Cazyxio_v4.1 (EURUSD,M15)	[Cazyxio v4.1] Log file opened: Cazyxio_v4_log.csv
QN	0	00:40:27.535	Cazyxio_v4.1 (EURUSD,M15)	2026.03.08 07:40:27 | STARTUP | SYSTEM | Live key check PASSED.
RN	0	00:40:27.535	Cazyxio_v4.1 (EURUSD,M15)	2026.03.08 07:40:27 | STARTUP | SYSTEM | Parsed 6 symbols: GBPUSD,EURUSD,USDJPY,AUDUSD,GBPJPY,USDCAD
DR	0	00:40:27.535	Cazyxio_v4.1 (EURUSD,M15)	2026.03.08 07:40:27 | STARTUP | GBPUSD | Indicators loaded OK. hEMA50exec=10 hATRexec=11 hEMA200htf=12
RP	0	00:40:27.535	Cazyxio_v4.1 (EURUSD,M15)	2026.03.08 07:40:27 | STARTUP | EURUSD | Indicators loaded OK. hEMA50exec=13 hATRexec=14 hEMA200htf=15
PF	0	00:40:27.535	Cazyxio_v4.1 (EURUSD,M15)	2026.03.08 07:40:27 | STARTUP | USDJPY | Indicators loaded OK. hEMA50exec=16 hATRexec=17 hEMA200htf=18
JJ	0	00:40:27.535	Cazyxio_v4.1 (EURUSD,M15)	2026.03.08 07:40:27 | STARTUP | AUDUSD | Indicators loaded OK. hEMA50exec=19 hATRexec=20 hEMA200htf=21
HH	0	00:40:27.535	Cazyxio_v4.1 (EURUSD,M15)	2026.03.08 07:40:27 | STARTUP | GBPJPY | Indicators loaded OK. hEMA50exec=22 hATRexec=23 hEMA200htf=24
QN	0	00:40:27.535	Cazyxio_v4.1 (EURUSD,M15)	2026.03.08 07:40:27 | STARTUP | USDCAD | Indicators loaded OK. hEMA50exec=25 hATRexec=26 hEMA200htf=27
MP	0	00:40:27.535	Cazyxio_v4.1 (EURUSD,M15)	2026.03.08 07:40:27 | INIT_OK | SYSTEM | Initialization COMPLETE. 6/6 symbols loaded. ExecTF=PERIOD_M15 HTF=PERIOD_H4 RiskPct=0.50 TP_R=2.50 TrailActivateR=1.50 WeekendClose=YES WeekendCloseHour=16:00UTC NoNewTradesAfter=Thu 20:00UTC TouchATRFrac=0.60 ATRMinRatio=0.80 MinBarRangeFactor=0.30 SLCooldownBars=4 MaxDailyLossPct=2.00
IS	0	15:00:07.803	Cazyxio_v4.1 (EURUSD,M15)	2026.03.08 21:00:07 | DAILY_GUARD_RESET | SYSTEM | New trading day. StartEquity=45490.80 MaxDailyLossPct=2.00 | 45490.800000
EL	0	15:00:07.803	Cazyxio_v4.1 (EURUSD,M15)	2026.03.08 21:00:07 | SESSION_WAIT | SYSTEM | Outside session. UTC_hour=21 Sessions: 7:00-17:00 and 12:00-21:00 UTC. Waiting.
PG	0	15:08:17.327	Cazyxio_v4.1 (EURUSD,M15)	2026.03.08 21:08:17 | HEARTBEAT | SYSTEM | EA alive. Tick=100 Equity=45490.80 OpenPos=0 UTC=2026.03.08 21:08 DayOfWeek=0 WeekendCloseActive=NO NewTradeBlocked=NO | 100.000000
HJ	0	15:19:07.042	Cazyxio_v4.1 (EURUSD,M15)	2026.03.08 21:19:07 | HEARTBEAT | SYSTEM | EA alive. Tick=200 Equity=45490.80 OpenPos=0 UTC=2026.03.08 21:19 DayOfWeek=0 WeekendCloseActive=NO NewTradeBlocked=NO | 200.000000
MN	0	15:26:48.728	Cazyxio_v4.1 (EURUSD,M15)	2026.03.08 21:26:48 | HEARTBEAT | SYSTEM | EA alive. Tick=300 Equity=45490.80 OpenPos=0 UTC=2026.03.08 21:26 DayOfWeek=0 WeekendCloseActive=NO NewTradeBlocked=NO | 300.000000
QE	0	15:30:13.060	Cazyxio_v4.1 (EURUSD,M15)	2026.03.08 21:30:13 | HEARTBEAT | SYSTEM | EA alive. Tick=400 Equity=45490.80 OpenPos=0 UTC=2026.03.08 21:30 DayOfWeek=0 WeekendCloseActive=NO NewTradeBlocked=NO | 400.000000
PI	0	15:35:26.549	Cazyxio_v4.1 (EURUSD,M15)	2026.03.08 21:35:26 | HEARTBEAT | SYSTEM | EA alive. Tick=500 Equity=45490.80 OpenPos=0 UTC=2026.03.08 21:35 DayOfWeek=0 WeekendCloseActive=NO NewTradeBlocked=NO | 500.000000
KL	0	15:38:56.239	Cazyxio_v4.1 (EURUSD,M15)	2026.03.08 21:38:56 | HEARTBEAT | SYSTEM | EA alive. Tick=600 Equity=45490.80 OpenPos=0 UTC=2026.03.08 21:38 DayOfWeek=0 WeekendCloseActive=NO NewTradeBlocked=NO | 600.000000
RP	0	15:41:56.797	Cazyxio_v4.1 (EURUSD,M15)	2026.03.08 21:41:56 | HEARTBEAT | SYSTEM | EA alive. Tick=700 Equity=45490.80 OpenPos=0 UTC=2026.03.08 21:41 DayOfWeek=0 WeekendCloseActive=NO NewTradeBlocked=NO | 700.000000
KG	0	15:43:25.343	Cazyxio_v4.1 (EURUSD,M15)	2026.03.08 21:43:25 | HEARTBEAT | SYSTEM | EA alive. Tick=800 Equity=45490.80 OpenPos=0 UTC=2026.03.08 21:43 DayOfWeek=0 WeekendCloseActive=NO NewTradeBlocked=NO | 800.000000
HK	0	15:46:59.949	Cazyxio_v4.1 (EURUSD,M15)	2026.03.08 21:46:59 | HEARTBEAT | SYSTEM | EA alive. Tick=900 Equity=45490.80 OpenPos=0 UTC=2026.03.08 21:46 DayOfWeek=0 WeekendCloseActive=NO NewTradeBlocked=NO | 900.000000
NN	0	15:52:40.447	Cazyxio_v4.1 (EURUSD,M15)	2026.03.08 21:52:40 | HEARTBEAT | SYSTEM | EA alive. Tick=1000 Equity=45490.80 OpenPos=0 UTC=2026.03.08 21:52 DayOfWeek=0 WeekendCloseActive=NO NewTradeBlocked=NO | 1000.000000
OR	0	15:59:01.421	Cazyxio_v4.1 (EURUSD,M15)	2026.03.08 21:59:01 | HEARTBEAT | SYSTEM | EA alive. Tick=1100 Equity=45490.80 OpenPos=0 UTC=2026.03.08 21:59 DayOfWeek=0 WeekendCloseActive=NO NewTradeBlocked=NO | 1100.000000
OG	0	16:00:00.181	Cazyxio_v4.1 (EURUSD,M15)	2026.03.08 22:00:00 | SESSION_WAIT | SYSTEM | Outside session. UTC_hour=22 Sessions: 7:00-17:00 and 12:00-21:00 UTC. Waiting.
HS	0	16:00:30.780	Cazyxio_v4.1 (EURUSD,M15)	2026.03.08 22:00:30 | HEARTBEAT | SYSTEM | EA alive. Tick=1200 Equity=45490.80 OpenPos=0 UTC=2026.03.08 22:00 DayOfWeek=0 WeekendCloseActive=NO NewTradeBlocked=NO | 1200.000000
QG	0	16:01:13.090	Cazyxio_v4.1 (EURUSD,M15)	2026.03.08 22:01:13 | HEARTBEAT | SYSTEM | EA alive. Tick=1300 Equity=45490.80 OpenPos=0 UTC=2026.03.08 22:01 DayOfWeek=0 WeekendCloseActive=NO NewTradeBlocked=NO | 1300.000000
HK	0	16:01:50.897	Cazyxio_v4.1 (EURUSD,M15)	2026.03.08 22:01:50 | HEARTBEAT | SYSTEM | EA alive. Tick=1400 Equity=45490.80 OpenPos=0 UTC=2026.03.08 22:01 DayOfWeek=0 WeekendCloseActive=NO NewTradeBlocked=NO | 1400.000000
MN	0	16:02:55.732	Cazyxio_v4.1 (EURUSD,M15)	2026.03.08 22:02:55 | HEARTBEAT | SYSTEM | EA alive. Tick=1500 Equity=45490.80 OpenPos=0 UTC=2026.03.08 22:02 DayOfWeek=0 WeekendCloseActive=NO NewTradeBlocked=NO | 1500.000000
QR	0	16:04:11.550	Cazyxio_v4.1 (EURUSD,M15)	2026.03.08 22:04:11 | HEARTBEAT | SYSTEM | EA alive. Tick=1600 Equity=45490.80 OpenPos=0 UTC=2026.03.08 22:04 DayOfWeek=0 WeekendCloseActive=NO NewTradeBlocked=NO | 1600.000000
NF	0	16:05:09.549	Cazyxio_v4.1 (EURUSD,M15)	2026.03.08 22:05:09 | HEARTBEAT | SYSTEM | EA alive. Tick=1700 Equity=45490.80 OpenPos=0 UTC=2026.03.08 22:05 DayOfWeek=0 WeekendCloseActive=NO NewTradeBlocked=NO | 1700.000000
FJ	0	16:05:49.163	Cazyxio_v4.1 (EURUSD,M15)	2026.03.08 22:05:49 | HEARTBEAT | SYSTEM | EA alive. Tick=1800 Equity=45490.80 OpenPos=0 UTC=2026.03.08 22:05 DayOfWeek=0 WeekendCloseActive=NO NewTradeBlocked=NO | 1800.000000
QQ	0	16:06:50.475	Cazyxio_v4.1 (EURUSD,M15)	2026.03.08 22:06:50 | HEARTBEAT | SYSTEM | EA alive. Tick=1900 Equity=45490.80 OpenPos=0 UTC=2026.03.08 22:06 DayOfWeek=0 WeekendCloseActive=NO NewTradeBlocked=NO | 1900.000000
RE	0	16:07:59.299	Cazyxio_v4.1 (EURUSD,M15)	2026.03.08 22:07:59 | HEARTBEAT | SYSTEM | EA alive. Tick=2000 Equity=45490.80 OpenPos=0 UTC=2026.03.08 22:07 DayOfWeek=0 WeekendCloseActive=NO NewTradeBlocked=NO | 2000.000000
MI	0	16:08:50.613	Cazyxio_v4.1 (EURUSD,M15)	2026.03.08 22:08:50 | HEARTBEAT | SYSTEM | EA alive. Tick=2100 Equity=45490.80 OpenPos=0 UTC=2026.03.08 22:08 DayOfWeek=0 WeekendCloseActive=NO NewTradeBlocked=NO | 2100.000000
PM	0	16:09:47.868	Cazyxio_v4.1 (EURUSD,M15)	2026.03.08 22:09:47 | HEARTBEAT | SYSTEM | EA alive. Tick=2200 Equity=45490.80 OpenPos=0 UTC=2026.03.08 22:09 DayOfWeek=0 WeekendCloseActive=NO NewTradeBlocked=NO | 2200.000000
CP	0	16:10:30.708	Cazyxio_v4.1 (EURUSD,M15)	2026.03.08 22:10:30 | HEARTBEAT | SYSTEM | EA alive. Tick=2300 Equity=45490.80 OpenPos=0 UTC=2026.03.08 22:10 DayOfWeek=0 WeekendCloseActive=NO NewTradeBlocked=NO | 2300.000000
GD	0	16:11:24.086	Cazyxio_v4.1 (EURUSD,M15)	2026.03.08 22:11:24 | HEARTBEAT | SYSTEM | EA alive. Tick=2400 Equity=45490.80 OpenPos=0 UTC=2026.03.08 22:11 DayOfWeek=0 WeekendCloseActive=NO NewTradeBlocked=NO | 2400.000000
NH	0	16:12:13.169	Cazyxio_v4.1 (EURUSD,M15)	2026.03.08 22:12:13 | HEARTBEAT | SYSTEM | EA alive. Tick=2500 Equity=45490.80 OpenPos=0 UTC=2026.03.08 22:12 DayOfWeek=0 WeekendCloseActive=NO NewTradeBlocked=NO | 2500.000000
JL	0	16:13:03.869	Cazyxio_v4.1 (EURUSD,M15)	2026.03.08 22:13:03 | HEARTBEAT | SYSTEM | EA alive. Tick=2600 Equity=45490.80 OpenPos=0 UTC=2026.03.08 22:13 DayOfWeek=0 WeekendCloseActive=NO NewTradeBlocked=NO | 2600.000000
PS	0	16:13:45.881	Cazyxio_v4.1 (EURUSD,M15)	2026.03.08 22:13:45 | HEARTBEAT | SYSTEM | EA alive. Tick=2700 Equity=45490.80 OpenPos=0 UTC=2026.03.08 22:13 DayOfWeek=0 WeekendCloseActive=NO NewTradeBlocked=NO | 2700.000000
QG	0	16:14:34.265	Cazyxio_v4.1 (EURUSD,M15)	2026.03.08 22:14:34 | HEARTBEAT | SYSTEM | EA alive. Tick=2800 Equity=45490.80 OpenPos=0 UTC=2026.03.08 22:14 DayOfWeek=0 WeekendCloseActive=NO NewTradeBlocked=NO | 2800.000000
NK	0	16:15:36.832	Cazyxio_v4.1 (EURUSD,M15)	2026.03.08 22:15:36 | HEARTBEAT | SYSTEM | EA alive. Tick=2900 Equity=45490.80 OpenPos=0 UTC=2026.03.08 22:15 DayOfWeek=0 WeekendCloseActive=NO NewTradeBlocked=NO | 2900.000000
QO	0	16:16:09.391	Cazyxio_v4.1 (EURUSD,M15)	2026.03.08 22:16:09 | HEARTBEAT | SYSTEM | EA alive. Tick=3000 Equity=45490.80 OpenPos=0 UTC=2026.03.08 22:16 DayOfWeek=0 WeekendCloseActive=NO NewTradeBlocked=NO | 3000.000000
NR	0	16:16:45.615	Cazyxio_v4.1 (EURUSD,M15)	2026.03.08 22:16:45 | HEARTBEAT | SYSTEM | EA alive. Tick=3100 Equity=45490.80 OpenPos=0 UTC=2026.03.08 22:16 DayOfWeek=0 WeekendCloseActive=NO NewTradeBlocked=NO | 3100.000000
KF	0	16:17:29.532	Cazyxio_v4.1 (EURUSD,M15)	2026.03.08 22:17:29 | HEARTBEAT | SYSTEM | EA alive. Tick=3200 Equity=45490.80 OpenPos=0 UTC=2026.03.08 22:17 DayOfWeek=0 WeekendCloseActive=NO NewTradeBlocked=NO | 3200.000000
IJ	0	16:18:39.090	Cazyxio_v4.1 (EURUSD,M15)	2026.03.08 22:18:39 | HEARTBEAT | SYSTEM | EA alive. Tick=3300 Equity=45490.80 OpenPos=0 UTC=2026.03.08 22:18 DayOfWeek=0 WeekendCloseActive=NO NewTradeBlocked=NO | 3300.000000
HN	0	16:19:44.834	Cazyxio_v4.1 (EURUSD,M15)	2026.03.08 22:19:44 | HEARTBEAT | SYSTEM | EA alive. Tick=3400 Equity=45490.80 OpenPos=0 UTC=2026.03.08 22:19 DayOfWeek=0 WeekendCloseActive=NO NewTradeBlocked=NO | 3400.000000
GE	0	16:20:34.338	Cazyxio_v4.1 (EURUSD,M15)	2026.03.08 22:20:34 | HEARTBEAT | SYSTEM | EA alive. Tick=3500 Equity=45490.80 OpenPos=0 UTC=2026.03.08 22:20 DayOfWeek=0 WeekendCloseActive=NO NewTradeBlocked=NO | 3500.000000
CI	0	16:21:26.584	Cazyxio_v4.1 (EURUSD,M15)	2026.03.08 22:21:26 | HEARTBEAT | SYSTEM | EA alive. Tick=3600 Equity=45490.80 OpenPos=0 UTC=2026.03.08 22:21 DayOfWeek=0 WeekendCloseActive=NO NewTradeBlocked=NO | 3600.000000
IM	0	16:22:16.101	Cazyxio_v4.1 (EURUSD,M15)	2026.03.08 22:22:16 | HEARTBEAT | SYSTEM | EA alive. Tick=3700 Equity=45490.80 OpenPos=0 UTC=2026.03.08 22:22 DayOfWeek=0 WeekendCloseActive=NO NewTradeBlocked=NO | 3700.000000
JQ	0	16:23:03.026	Cazyxio_v4.1 (EURUSD,M15)	2026.03.08 22:23:03 | HEARTBEAT | SYSTEM | EA alive. Tick=3800 Equity=45490.80 OpenPos=0 UTC=2026.03.08 22:23 DayOfWeek=0 WeekendCloseActive=NO NewTradeBlocked=NO | 3800.000000
FD	0	16:23:56.480	Cazyxio_v4.1 (EURUSD,M15)	2026.03.08 22:23:56 | HEARTBEAT | SYSTEM | EA alive. Tick=3900 Equity=45490.80 OpenPos=0 UTC=2026.03.08 22:23 DayOfWeek=0 WeekendCloseActive=NO NewTradeBlocked=NO | 3900.000000
GH	0	16:24:46.967	Cazyxio_v4.1 (EURUSD,M15)	2026.03.08 22:24:46 | HEARTBEAT | SYSTEM | EA alive. Tick=4000 Equity=45490.80 OpenPos=0 UTC=2026.03.08 22:24 DayOfWeek=0 WeekendCloseActive=NO NewTradeBlocked=NO | 4000.000000
CL	0	16:25:47.706	Cazyxio_v4.1 (EURUSD,M15)	2026.03.08 22:25:47 | HEARTBEAT | SYSTEM | EA alive. Tick=4100 Equity=45490.80 OpenPos=0 UTC=2026.03.08 22:25 DayOfWeek=0 WeekendCloseActive=NO NewTradeBlocked=NO | 4100.000000
DP	0	16:26:25.205	Cazyxio_v4.1 (EURUSD,M15)	2026.03.08 22:26:25 | HEARTBEAT | SYSTEM | EA alive. Tick=4200 Equity=45490.80 OpenPos=0 UTC=2026.03.08 22:26 DayOfWeek=0 WeekendCloseActive=NO NewTradeBlocked=NO | 4200.000000
KG	0	16:27:10.641	Cazyxio_v4.1 (EURUSD,M15)	2026.03.08 22:27:10 | HEARTBEAT | SYSTEM | EA alive. Tick=4300 Equity=45490.80 OpenPos=0 UTC=2026.03.08 22:27 DayOfWeek=0 WeekendCloseActive=NO NewTradeBlocked=NO | 4300.000000
OK	0	16:27:59.704	Cazyxio_v4.1 (EURUSD,M15)	2026.03.08 22:27:59 | HEARTBEAT | SYSTEM | EA alive. Tick=4400 Equity=45490.80 OpenPos=0 UTC=2026.03.08 22:27 DayOfWeek=0 WeekendCloseActive=NO NewTradeBlocked=NO | 4400.000000
QO	0	16:29:08.650	Cazyxio_v4.1 (EURUSD,M15)	2026.03.08 22:29:08 | HEARTBEAT | SYSTEM | EA alive. Tick=4500 Equity=45490.80 OpenPos=0 UTC=2026.03.08 22:29 DayOfWeek=0 WeekendCloseActive=NO NewTradeBlocked=NO | 4500.000000
ES	0	16:30:39.021	Cazyxio_v4.1 (EURUSD,M15)	2026.03.08 22:30:39 | HEARTBEAT | SYSTEM | EA alive. Tick=4600 Equity=45490.80 OpenPos=0 UTC=2026.03.08 22:30 DayOfWeek=0 WeekendCloseActive=NO NewTradeBlocked=NO | 4600.000000
JF	0	16:31:50.496	Cazyxio_v4.1 (EURUSD,M15)	2026.03.08 22:31:50 | HEARTBEAT | SYSTEM | EA alive. Tick=4700 Equity=45490.80 OpenPos=0 UTC=2026.03.08 22:31 DayOfWeek=0 WeekendCloseActive=NO NewTradeBlocked=NO | 4700.000000
EJ	0	16:32:50.292	Cazyxio_v4.1 (EURUSD,M15)	2026.03.08 22:32:50 | HEARTBEAT | SYSTEM | EA alive. Tick=4800 Equity=45490.80 OpenPos=0 UTC=2026.03.08 22:32 DayOfWeek=0 WeekendCloseActive=NO NewTradeBlocked=NO | 4800.000000
HN	0	16:33:51.715	Cazyxio_v4.1 (EURUSD,M15)	2026.03.08 22:33:51 | HEARTBEAT | SYSTEM | EA alive. Tick=4900 Equity=45490.80 OpenPos=0 UTC=2026.03.08 22:33 DayOfWeek=0 WeekendCloseActive=NO NewTradeBlocked=NO | 4900.000000
RR	0	16:35:00.946	Cazyxio_v4.1 (EURUSD,M15)	2026.03.08 22:35:00 | HEARTBEAT | SYSTEM | EA alive. Tick=5000 Equity=45490.80 OpenPos=0 UTC=2026.03.08 22:35 DayOfWeek=0 WeekendCloseActive=NO NewTradeBlocked=NO | 5000.000000
MI	0	16:36:04.032	Cazyxio_v4.1 (EURUSD,M15)	2026.03.08 22:36:04 | HEARTBEAT | SYSTEM | EA alive. Tick=5100 Equity=45490.80 OpenPos=0 UTC=2026.03.08 22:36 DayOfWeek=0 WeekendCloseActive=NO NewTradeBlocked=NO | 5100.000000
IM	0	16:36:56.854	Cazyxio_v4.1 (EURUSD,M15)	2026.03.08 22:36:56 | HEARTBEAT | SYSTEM | EA alive. Tick=5200 Equity=45490.80 OpenPos=0 UTC=2026.03.08 22:36 DayOfWeek=0 WeekendCloseActive=NO NewTradeBlocked=NO | 5200.000000
QQ	0	16:38:18.120	Cazyxio_v4.1 (EURUSD,M15)	2026.03.08 22:38:18 | HEARTBEAT | SYSTEM | EA alive. Tick=5300 Equity=45490.80 OpenPos=0 UTC=2026.03.08 22:38 DayOfWeek=0 WeekendCloseActive=NO NewTradeBlocked=NO | 5300.000000
RE	0	16:39:09.315	Cazyxio_v4.1 (EURUSD,M15)	2026.03.08 22:39:09 | HEARTBEAT | SYSTEM | EA alive. Tick=5400 Equity=45490.80 OpenPos=0 UTC=2026.03.08 22:39 DayOfWeek=0 WeekendCloseActive=NO NewTradeBlocked=NO | 5400.000000
RH	0	16:40:18.500	Cazyxio_v4.1 (EURUSD,M15)	2026.03.08 22:40:18 | HEARTBEAT | SYSTEM | EA alive. Tick=5500 Equity=45490.80 OpenPos=0 UTC=2026.03.08 22:40 DayOfWeek=0 WeekendCloseActive=NO NewTradeBlocked=NO | 5500.000000
EL	0	16:42:01.538	Cazyxio_v4.1 (EURUSD,M15)	2026.03.08 22:42:01 | HEARTBEAT | SYSTEM | EA alive. Tick=5600 Equity=45490.80 OpenPos=0 UTC=2026.03.08 22:42 DayOfWeek=0 WeekendCloseActive=NO NewTradeBlocked=NO | 5600.000000
MP	0	16:43:11.957	Cazyxio_v4.1 (EURUSD,M15)	2026.03.08 22:43:11 | HEARTBEAT | SYSTEM | EA alive. Tick=5700 Equity=45490.80 OpenPos=0 UTC=2026.03.08 22:43 DayOfWeek=0 WeekendCloseActive=NO NewTradeBlocked=NO | 5700.000000
QD	0	16:44:24.194	Cazyxio_v4.1 (EURUSD,M15)	2026.03.08 22:44:24 | HEARTBEAT | SYSTEM | EA alive. Tick=5800 Equity=45490.80 OpenPos=0 UTC=2026.03.08 22:44 DayOfWeek=0 WeekendCloseActive=NO NewTradeBlocked=NO | 5800.000000
OK	0	16:45:34.751	Cazyxio_v4.1 (EURUSD,M15)	2026.03.08 22:45:34 | HEARTBEAT | SYSTEM | EA alive. Tick=5900 Equity=45490.80 OpenPos=0 UTC=2026.03.08 22:45 DayOfWeek=0 WeekendCloseActive=NO NewTradeBlocked=NO | 5900.000000
IO	0	16:46:30.860	Cazyxio_v4.1 (EURUSD,M15)	2026.03.08 22:46:30 | HEARTBEAT | SYSTEM | EA alive. Tick=6000 Equity=45490.80 OpenPos=0 UTC=2026.03.08 22:46 DayOfWeek=0 WeekendCloseActive=NO NewTradeBlocked=NO | 6000.000000
NS	0	16:47:26.718	Cazyxio_v4.1 (EURUSD,M15)	2026.03.08 22:47:26 | HEARTBEAT | SYSTEM | EA alive. Tick=6100 Equity=45490.80 OpenPos=0 UTC=2026.03.08 22:47 DayOfWeek=0 WeekendCloseActive=NO NewTradeBlocked=NO | 6100.000000
RG	0	16:48:28.331	Cazyxio_v4.1 (EURUSD,M15)	2026.03.08 22:48:28 | HEARTBEAT | SYSTEM | EA alive. Tick=6200 Equity=45490.80 OpenPos=0 UTC=2026.03.08 22:48 DayOfWeek=0 WeekendCloseActive=NO NewTradeBlocked=NO | 6200.000000
DJ	0	16:49:40.103	Cazyxio_v4.1 (EURUSD,M15)	2026.03.08 22:49:40 | HEARTBEAT | SYSTEM | EA alive. Tick=6300 Equity=45490.80 OpenPos=0 UTC=2026.03.08 22:49 DayOfWeek=0 WeekendCloseActive=NO NewTradeBlocked=NO | 6300.000000
NN	0	16:50:37.958	Cazyxio_v4.1 (EURUSD,M15)	2026.03.08 22:50:37 | HEARTBEAT | SYSTEM | EA alive. Tick=6400 Equity=45490.80 OpenPos=0 UTC=2026.03.08 22:50 DayOfWeek=0 WeekendCloseActive=NO NewTradeBlocked=NO | 6400.000000
CR	0	16:51:42.277	Cazyxio_v4.1 (EURUSD,M15)	2026.03.08 22:51:42 | HEARTBEAT | SYSTEM | EA alive. Tick=6500 Equity=45490.80 OpenPos=0 UTC=2026.03.08 22:51 DayOfWeek=0 WeekendCloseActive=NO NewTradeBlocked=NO | 6500.000000
HF	0	16:53:07.001	Cazyxio_v4.1 (EURUSD,M15)	2026.03.08 22:53:07 | HEARTBEAT | SYSTEM | EA alive. Tick=6600 Equity=45490.80 OpenPos=0 UTC=2026.03.08 22:53 DayOfWeek=0 WeekendCloseActive=NO NewTradeBlocked=NO | 6600.000000
PM	0	16:54:00.507	Cazyxio_v4.1 (EURUSD,M15)	2026.03.08 22:54:00 | HEARTBEAT | SYSTEM | EA alive. Tick=6700 Equity=45490.80 OpenPos=0 UTC=2026.03.08 22:54 DayOfWeek=0 WeekendCloseActive=NO NewTradeBlocked=NO | 6700.000000
RQ	0	16:55:01.126	Cazyxio_v4.1 (EURUSD,M15)	2026.03.08 22:55:01 | HEARTBEAT | SYSTEM | EA alive. Tick=6800 Equity=45490.80 OpenPos=0 UTC=2026.03.08 22:55 DayOfWeek=0 WeekendCloseActive=NO NewTradeBlocked=NO | 6800.000000
NE	0	16:56:06.608	Cazyxio_v4.1 (EURUSD,M15)	2026.03.08 22:56:06 | HEARTBEAT | SYSTEM | EA alive. Tick=6900 Equity=45490.80 OpenPos=0 UTC=2026.03.08 22:56 DayOfWeek=0 WeekendCloseActive=NO NewTradeBlocked=NO | 6900.000000
EI	0	16:56:57.223	Cazyxio_v4.1 (EURUSD,M15)	2026.03.08 22:56:57 | HEARTBEAT | SYSTEM | EA alive. Tick=7000 Equity=45490.80 OpenPos=0 UTC=2026.03.08 22:56 DayOfWeek=0 WeekendCloseActive=NO NewTradeBlocked=NO | 7000.000000
RL	0	16:58:00.194	Cazyxio_v4.1 (EURUSD,M15)	2026.03.08 22:58:00 | HEARTBEAT | SYSTEM | EA alive. Tick=7100 Equity=45490.80 OpenPos=0 UTC=2026.03.08 22:58 DayOfWeek=0 WeekendCloseActive=NO NewTradeBlocked=NO | 7100.000000
QP	0	16:59:02.811	Cazyxio_v4.1 (EURUSD,M15)	2026.03.08 22:59:02 | HEARTBEAT | SYSTEM | EA alive. Tick=7200 Equity=45490.80 OpenPos=0 UTC=2026.03.08 22:59 DayOfWeek=0 WeekendCloseActive=NO NewTradeBlocked=NO | 7200.000000
IE	0	17:00:00.353	Cazyxio_v4.1 (EURUSD,M15)	2026.03.08 23:00:00 | SESSION_WAIT | SYSTEM | Outside session. UTC_hour=23 Sessions: 7:00-17:00 and 12:00-21:00 UTC. Waiting.
PQ	0	17:00:14.545	Cazyxio_v4.1 (EURUSD,M15)	2026.03.08 23:00:14 | HEARTBEAT | SYSTEM | EA alive. Tick=7300 Equity=45490.80 OpenPos=0 UTC=2026.03.08 23:00 DayOfWeek=0 WeekendCloseActive=NO NewTradeBlocked=NO | 7300.000000
LE	0	17:01:00.397	Cazyxio_v4.1 (EURUSD,M15)	2026.03.08 23:01:00 | HEARTBEAT | SYSTEM | EA alive. Tick=7400 Equity=45490.80 OpenPos=0 UTC=2026.03.08 23:01 DayOfWeek=0 WeekendCloseActive=NO NewTradeBlocked=NO | 7400.000000
FI	0	17:01:55.120	Cazyxio_v4.1 (EURUSD,M15)	2026.03.08 23:01:55 | HEARTBEAT | SYSTEM | EA alive. Tick=7500 Equity=45490.80 OpenPos=0 UTC=2026.03.08 23:01 DayOfWeek=0 WeekendCloseActive=NO NewTradeBlocked=NO | 7500.000000
PL	0	17:03:02.157	Cazyxio_v4.1 (EURUSD,M15)	2026.03.08 23:03:02 | HEARTBEAT | SYSTEM | EA alive. Tick=7600 Equity=45490.80 OpenPos=0 UTC=2026.03.08 23:03 DayOfWeek=0 WeekendCloseActive=NO NewTradeBlocked=NO | 7600.000000
NP	0	17:03:55.203	Cazyxio_v4.1 (EURUSD,M15)	2026.03.08 23:03:55 | HEARTBEAT | SYSTEM | EA alive. Tick=7700 Equity=45490.80 OpenPos=0 UTC=2026.03.08 23:03 DayOfWeek=0 WeekendCloseActive=NO NewTradeBlocked=NO | 7700.000000
ID	0	17:04:59.205	Cazyxio_v4.1 (EURUSD,M15)	2026.03.08 23:04:59 | HEARTBEAT | SYSTEM | EA alive. Tick=7800 Equity=45490.80 OpenPos=0 UTC=2026.03.08 23:04 DayOfWeek=0 WeekendCloseActive=NO NewTradeBlocked=NO | 7800.000000
JH	0	17:05:58.322	Cazyxio_v4.1 (EURUSD,M15)	2026.03.08 23:05:58 | HEARTBEAT | SYSTEM | EA alive. Tick=7900 Equity=45490.80 OpenPos=0 UTC=2026.03.08 23:05 DayOfWeek=0 WeekendCloseActive=NO NewTradeBlocked=NO | 7900.000000
LO	0	17:07:15.366	Cazyxio_v4.1 (EURUSD,M15)	2026.03.08 23:07:15 | HEARTBEAT | SYSTEM | EA alive. Tick=8000 Equity=45490.80 OpenPos=0 UTC=2026.03.08 23:07 DayOfWeek=0 WeekendCloseActive=NO NewTradeBlocked=NO | 8000.000000
CS	0	17:08:19.076	Cazyxio_v4.1 (EURUSD,M15)	2026.03.08 23:08:19 | HEARTBEAT | SYSTEM | EA alive. Tick=8100 Equity=45490.80 OpenPos=0 UTC=2026.03.08 23:08 DayOfWeek=0 WeekendCloseActive=NO NewTradeBlocked=NO | 8100.000000
QG	0	17:09:30.662	Cazyxio_v4.1 (EURUSD,M15)	2026.03.08 23:09:30 | HEARTBEAT | SYSTEM | EA alive. Tick=8200 Equity=45490.80 OpenPos=0 UTC=2026.03.08 23:09 DayOfWeek=0 WeekendCloseActive=NO NewTradeBlocked=NO | 8200.000000
IK	0	17:10:39.987	Cazyxio_v4.1 (EURUSD,M15)	2026.03.08 23:10:39 | HEARTBEAT | SYSTEM | EA alive. Tick=8300 Equity=45490.80 OpenPos=0 UTC=2026.03.08 23:10 DayOfWeek=0 WeekendCloseActive=NO NewTradeBlocked=NO | 8300.000000
FN	0	17:11:45.592	Cazyxio_v4.1 (EURUSD,M15)	2026.03.08 23:11:45 | HEARTBEAT | SYSTEM | EA alive. Tick=8400 Equity=45490.80 OpenPos=0 UTC=2026.03.08 23:11 DayOfWeek=0 WeekendCloseActive=NO NewTradeBlocked=NO | 8400.000000
GR	0	17:12:50.952	Cazyxio_v4.1 (EURUSD,M15)	2026.03.08 23:12:50 | HEARTBEAT | SYSTEM | EA alive. Tick=8500 Equity=45490.80 OpenPos=0 UTC=2026.03.08 23:12 DayOfWeek=0 WeekendCloseActive=NO NewTradeBlocked=NO | 8500.000000
LF	0	17:14:20.393	Cazyxio_v4.1 (EURUSD,M15)	2026.03.08 23:14:20 | HEARTBEAT | SYSTEM | EA alive. Tick=8600 Equity=45490.80 OpenPos=0 UTC=2026.03.08 23:14 DayOfWeek=0 WeekendCloseActive=NO NewTradeBlocked=NO | 8600.000000
FJ	0	17:15:32.350	Cazyxio_v4.1 (EURUSD,M15)	2026.03.08 23:15:32 | HEARTBEAT | SYSTEM | EA alive. Tick=8700 Equity=45490.80 OpenPos=0 UTC=2026.03.08 23:15 DayOfWeek=0 WeekendCloseActive=NO NewTradeBlocked=NO | 8700.000000
IQ	0	17:17:03.159	Cazyxio_v4.1 (EURUSD,M15)	2026.03.08 23:17:03 | HEARTBEAT | SYSTEM | EA alive. Tick=8800 Equity=45490.80 OpenPos=0 UTC=2026.03.08 23:17 DayOfWeek=0 WeekendCloseActive=NO NewTradeBlocked=NO | 8800.000000
CE	0	17:18:51.891	Cazyxio_v4.1 (EURUSD,M15)	2026.03.08 23:18:51 | HEARTBEAT | SYSTEM | EA alive. Tick=8900 Equity=45490.80 OpenPos=0 UTC=2026.03.08 23:18 DayOfWeek=0 WeekendCloseActive=NO NewTradeBlocked=NO | 8900.000000
QI	0	17:20:03.180	Cazyxio_v4.1 (EURUSD,M15)	2026.03.08 23:20:03 | HEARTBEAT | SYSTEM | EA alive. Tick=9000 Equity=45490.80 OpenPos=0 UTC=2026.03.08 23:20 DayOfWeek=0 WeekendCloseActive=NO NewTradeBlocked=NO | 9000.000000
QM	0	17:21:07.419	Cazyxio_v4.1 (EURUSD,M15)	2026.03.08 23:21:07 | HEARTBEAT | SYSTEM | EA alive. Tick=9100 Equity=45490.80 OpenPos=0 UTC=2026.03.08 23:21 DayOfWeek=0 WeekendCloseActive=NO NewTradeBlocked=NO | 9100.000000
GP	0	17:22:27.669	Cazyxio_v4.1 (EURUSD,M15)	2026.03.08 23:22:27 | HEARTBEAT | SYSTEM | EA alive. Tick=9200 Equity=45490.80 OpenPos=0 UTC=2026.03.08 23:22 DayOfWeek=0 WeekendCloseActive=NO NewTradeBlocked=NO | 9200.000000
PD	0	17:23:46.306	Cazyxio_v4.1 (EURUSD,M15)	2026.03.08 23:23:46 | HEARTBEAT | SYSTEM | EA alive. Tick=9300 Equity=45490.80 OpenPos=0 UTC=2026.03.08 23:23 DayOfWeek=0 WeekendCloseActive=NO NewTradeBlocked=NO | 9300.000000
IH	0	17:24:56.445	Cazyxio_v4.1 (EURUSD,M15)	2026.03.08 23:24:56 | HEARTBEAT | SYSTEM | EA alive. Tick=9400 Equity=45490.80 OpenPos=0 UTC=2026.03.08 23:24 DayOfWeek=0 WeekendCloseActive=NO NewTradeBlocked=NO | 9400.000000
FL	0	17:26:14.240	Cazyxio_v4.1 (EURUSD,M15)	2026.03.08 23:26:14 | HEARTBEAT | SYSTEM | EA alive. Tick=9500 Equity=45490.80 OpenPos=0 UTC=2026.03.08 23:26 DayOfWeek=0 WeekendCloseActive=NO NewTradeBlocked=NO | 9500.000000
CS	0	17:27:46.954	Cazyxio_v4.1 (EURUSD,M15)	2026.03.08 23:27:46 | HEARTBEAT | SYSTEM | EA alive. Tick=9600 Equity=45490.80 OpenPos=0 UTC=2026.03.08 23:27 DayOfWeek=0 WeekendCloseActive=NO NewTradeBlocked=NO | 9600.000000
HG	0	17:28:57.688	Cazyxio_v4.1 (EURUSD,M15)	2026.03.08 23:28:57 | HEARTBEAT | SYSTEM | EA alive. Tick=9700 Equity=45490.80 OpenPos=0 UTC=2026.03.08 23:28 DayOfWeek=0 WeekendCloseActive=NO NewTradeBlocked=NO | 9700.000000
CK	0	17:30:04.776	Cazyxio_v4.1 (EURUSD,M15)	2026.03.08 23:30:04 | HEARTBEAT | SYSTEM | EA alive. Tick=9800 Equity=45490.80 OpenPos=0 UTC=2026.03.08 23:30 DayOfWeek=0 WeekendCloseActive=NO NewTradeBlocked=NO | 9800.000000
DO	0	17:31:03.435	Cazyxio_v4.1 (EURUSD,M15)	2026.03.08 23:31:03 | HEARTBEAT | SYSTEM | EA alive. Tick=9900 Equity=45490.80 OpenPos=0 UTC=2026.03.08 23:31 DayOfWeek=0 WeekendCloseActive=NO NewTradeBlocked=NO | 9900.000000
RR	0	17:31:55.257	Cazyxio_v4.1 (EURUSD,M15)	2026.03.08 23:31:55 | HEARTBEAT | SYSTEM | EA alive. Tick=10000 Equity=45490.80 OpenPos=0 UTC=2026.03.08 23:31 DayOfWeek=0 WeekendCloseActive=NO NewTradeBlocked=NO | 10000.000000
PF	0	17:33:01.918	Cazyxio_v4.1 (EURUSD,M15)	2026.03.08 23:33:01 | HEARTBEAT | SYSTEM | EA alive. Tick=10100 Equity=45490.80 OpenPos=0 UTC=2026.03.08 23:33 DayOfWeek=0 WeekendCloseActive=NO NewTradeBlocked=NO | 10100.000000
LJ	0	17:33:47.949	Cazyxio_v4.1 (EURUSD,M15)	2026.03.08 23:33:47 | HEARTBEAT | SYSTEM | EA alive. Tick=10200 Equity=45490.80 OpenPos=0 UTC=2026.03.08 23:33 DayOfWeek=0 WeekendCloseActive=NO NewTradeBlocked=NO | 10200.000000
MN	0	17:34:43.154	Cazyxio_v4.1 (EURUSD,M15)	2026.03.08 23:34:43 | HEARTBEAT | SYSTEM | EA alive. Tick=10300 Equity=45490.80 OpenPos=0 UTC=2026.03.08 23:34 DayOfWeek=0 WeekendCloseActive=NO NewTradeBlocked=NO | 10300.000000
KR	0	17:36:00.671	Cazyxio_v4.1 (EURUSD,M15)	2026.03.08 23:36:00 | HEARTBEAT | SYSTEM | EA alive. Tick=10400 Equity=45490.80 OpenPos=0 UTC=2026.03.08 23:36 DayOfWeek=0 WeekendCloseActive=NO NewTradeBlocked=NO | 10400.000000
IF	0	17:37:18.492	Cazyxio_v4.1 (EURUSD,M15)	2026.03.08 23:37:18 | HEARTBEAT | SYSTEM | EA alive. Tick=10500 Equity=45490.80 OpenPos=0 UTC=2026.03.08 23:37 DayOfWeek=0 WeekendCloseActive=NO NewTradeBlocked=NO | 10500.000000
QJ	0	17:38:37.899	Cazyxio_v4.1 (EURUSD,M15)	2026.03.08 23:38:37 | HEARTBEAT | SYSTEM | EA alive. Tick=10600 Equity=45490.80 OpenPos=0 UTC=2026.03.08 23:38 DayOfWeek=0 WeekendCloseActive=NO NewTradeBlocked=NO | 10600.000000
MN	0	17:39:41.409	Cazyxio_v4.1 (EURUSD,M15)	2026.03.08 23:39:41 | HEARTBEAT | SYSTEM | EA alive. Tick=10700 Equity=45490.80 OpenPos=0 UTC=2026.03.08 23:39 DayOfWeek=0 WeekendCloseActive=NO NewTradeBlocked=NO | 10700.000000
PR	0	17:40:23.217	Cazyxio_v4.1 (EURUSD,M15)	2026.03.08 23:40:23 | HEARTBEAT | SYSTEM | EA alive. Tick=10800 Equity=45490.80 OpenPos=0 UTC=2026.03.08 23:40 DayOfWeek=0 WeekendCloseActive=NO NewTradeBlocked=NO | 10800.000000
QF	0	17:41:14.987	Cazyxio_v4.1 (EURUSD,M15)	2026.03.08 23:41:14 | HEARTBEAT | SYSTEM | EA alive. Tick=10900 Equity=45490.80 OpenPos=0 UTC=2026.03.08 23:41 DayOfWeek=0 WeekendCloseActive=NO NewTradeBlocked=NO | 10900.000000
GJ	0	17:42:09.168	Cazyxio_v4.1 (EURUSD,M15)	2026.03.08 23:42:09 | HEARTBEAT | SYSTEM | EA alive. Tick=11000 Equity=45490.80 OpenPos=0 UTC=2026.03.08 23:42 DayOfWeek=0 WeekendCloseActive=NO NewTradeBlocked=NO | 11000.000000
ON	0	17:42:57.403	Cazyxio_v4.1 (EURUSD,M15)	2026.03.08 23:42:57 | HEARTBEAT | SYSTEM | EA alive. Tick=11100 Equity=45490.80 OpenPos=0 UTC=2026.03.08 23:42 DayOfWeek=0 WeekendCloseActive=NO NewTradeBlocked=NO | 11100.000000
DR	0	17:43:53.830	Cazyxio_v4.1 (EURUSD,M15)	2026.03.08 23:43:53 | HEARTBEAT | SYSTEM | EA alive. Tick=11200 Equity=45490.80 OpenPos=0 UTC=2026.03.08 23:43 DayOfWeek=0 WeekendCloseActive=NO NewTradeBlocked=NO | 11200.000000
NF	0	17:45:07.430	Cazyxio_v4.1 (EURUSD,M15)	2026.03.08 23:45:07 | HEARTBEAT | SYSTEM | EA alive. Tick=11300 Equity=45490.80 OpenPos=0 UTC=2026.03.08 23:45 DayOfWeek=0 WeekendCloseActive=NO NewTradeBlocked=NO | 11300.000000
QJ	0	17:46:23.247	Cazyxio_v4.1 (EURUSD,M15)	2026.03.08 23:46:23 | HEARTBEAT | SYSTEM | EA alive. Tick=11400 Equity=45490.80 OpenPos=0 UTC=2026.03.08 23:46 DayOfWeek=0 WeekendCloseActive=NO NewTradeBlocked=NO | 11400.000000
FN	0	17:47:18.049	Cazyxio_v4.1 (EURUSD,M15)	2026.03.08 23:47:18 | HEARTBEAT | SYSTEM | EA alive. Tick=11500 Equity=45490.80 OpenPos=0 UTC=2026.03.08 23:47 DayOfWeek=0 WeekendCloseActive=NO NewTradeBlocked=NO | 11500.000000
ER	0	17:48:20.542	Cazyxio_v4.1 (EURUSD,M15)	2026.03.08 23:48:20 | HEARTBEAT | SYSTEM | EA alive. Tick=11600 Equity=45490.80 OpenPos=0 UTC=2026.03.08 23:48 DayOfWeek=0 WeekendCloseActive=NO NewTradeBlocked=NO | 11600.000000
KF	0	17:49:18.392	Cazyxio_v4.1 (EURUSD,M15)	2026.03.08 23:49:18 | HEARTBEAT | SYSTEM | EA alive. Tick=11700 Equity=45490.80 OpenPos=0 UTC=2026.03.08 23:49 DayOfWeek=0 WeekendCloseActive=NO NewTradeBlocked=NO | 11700.000000
CJ	0	17:50:17.989	Cazyxio_v4.1 (EURUSD,M15)	2026.03.08 23:50:17 | HEARTBEAT | SYSTEM | EA alive. Tick=11800 Equity=45490.80 OpenPos=0 UTC=2026.03.08 23:50 DayOfWeek=0 WeekendCloseActive=NO NewTradeBlocked=NO | 11800.000000
HN	0	17:51:20.826	Cazyxio_v4.1 (EURUSD,M15)	2026.03.08 23:51:20 | HEARTBEAT | SYSTEM | EA alive. Tick=11900 Equity=45490.80 OpenPos=0 UTC=2026.03.08 23:51 DayOfWeek=0 WeekendCloseActive=NO NewTradeBlocked=NO | 11900.000000
CR	0	17:52:33.956	Cazyxio_v4.1 (EURUSD,M15)	2026.03.08 23:52:33 | HEARTBEAT | SYSTEM | EA alive. Tick=12000 Equity=45490.80 OpenPos=0 UTC=2026.03.08 23:52 DayOfWeek=0 WeekendCloseActive=NO NewTradeBlocked=NO | 12000.000000
LF	0	17:53:42.983	Cazyxio_v4.1 (EURUSD,M15)	2026.03.08 23:53:42 | HEARTBEAT | SYSTEM | EA alive. Tick=12100 Equity=45490.80 OpenPos=0 UTC=2026.03.08 23:53 DayOfWeek=0 WeekendCloseActive=NO NewTradeBlocked=NO | 12100.000000
EJ	0	17:54:55.439	Cazyxio_v4.1 (EURUSD,M15)	2026.03.08 23:54:55 | HEARTBEAT | SYSTEM | EA alive. Tick=12200 Equity=45490.80 OpenPos=0 UTC=2026.03.08 23:54 DayOfWeek=0 WeekendCloseActive=NO NewTradeBlocked=NO | 12200.000000
MN	0	17:56:05.576	Cazyxio_v4.1 (EURUSD,M15)	2026.03.08 23:56:05 | HEARTBEAT | SYSTEM | EA alive. Tick=12300 Equity=45490.80 OpenPos=0 UTC=2026.03.08 23:56 DayOfWeek=0 WeekendCloseActive=NO NewTradeBlocked=NO | 12300.000000
MR	0	17:57:11.151	Cazyxio_v4.1 (EURUSD,M15)	2026.03.08 23:57:11 | HEARTBEAT | SYSTEM | EA alive. Tick=12400 Equity=45490.80 OpenPos=0 UTC=2026.03.08 23:57 DayOfWeek=0 WeekendCloseActive=NO NewTradeBlocked=NO | 12400.000000
JF	0	17:58:01.744	Cazyxio_v4.1 (EURUSD,M15)	2026.03.08 23:58:01 | HEARTBEAT | SYSTEM | EA alive. Tick=12500 Equity=45490.80 OpenPos=0 UTC=2026.03.08 23:58 DayOfWeek=0 WeekendCloseActive=NO NewTradeBlocked=NO | 12500.000000
IJ	0	17:59:07.160	Cazyxio_v4.1 (EURUSD,M15)	2026.03.08 23:59:07 | HEARTBEAT | SYSTEM | EA alive. Tick=12600 Equity=45490.80 OpenPos=0 UTC=2026.03.08 23:59 DayOfWeek=0 WeekendCloseActive=NO NewTradeBlocked=NO | 12600.000000
CL	0	18:00:00.227	Cazyxio_v4.1 (EURUSD,M15)	2026.03.09 00:00:00 | SESSION_WAIT | SYSTEM | Outside session. UTC_hour=0 Sessions: 7:00-17:00 and 12:00-21:00 UTC. Waiting.
MH	0	18:00:02.306	Cazyxio_v4.1 (EURUSD,M15)	2026.03.09 00:00:02 | HEARTBEAT | SYSTEM | EA alive. Tick=12700 Equity=45490.80 OpenPos=0 UTC=2026.03.09 00:00 DayOfWeek=1 WeekendCloseActive=NO NewTradeBlocked=NO | 12700.000000
KL	0	18:00:57.601	Cazyxio_v4.1 (EURUSD,M15)	2026.03.09 00:00:57 | HEARTBEAT | SYSTEM | EA alive. Tick=12800 Equity=45490.80 OpenPos=0 UTC=2026.03.09 00:00 DayOfWeek=1 WeekendCloseActive=NO NewTradeBlocked=NO | 12800.000000
GP	0	18:01:54.318	Cazyxio_v4.1 (EURUSD,M15)	2026.03.09 00:01:54 | HEARTBEAT | SYSTEM | EA alive. Tick=12900 Equity=45490.80 OpenPos=0 UTC=2026.03.09 00:01 DayOfWeek=1 WeekendCloseActive=NO NewTradeBlocked=NO | 12900.000000
KD	0	18:02:34.140	Cazyxio_v4.1 (EURUSD,M15)	2026.03.09 00:02:34 | HEARTBEAT | SYSTEM | EA alive. Tick=13000 Equity=45490.80 OpenPos=0 UTC=2026.03.09 00:02 DayOfWeek=1 WeekendCloseActive=NO NewTradeBlocked=NO | 13000.000000
DH	0	18:03:16.841	Cazyxio_v4.1 (EURUSD,M15)	2026.03.09 00:03:16 | HEARTBEAT | SYSTEM | EA alive. Tick=13100 Equity=45490.80 OpenPos=0 UTC=2026.03.09 00:03 DayOfWeek=1 WeekendCloseActive=NO NewTradeBlocked=NO | 13100.000000
KL	0	18:04:12.333	Cazyxio_v4.1 (EURUSD,M15)	2026.03.09 00:04:12 | HEARTBEAT | SYSTEM | EA alive. Tick=13200 Equity=45490.80 OpenPos=0 UTC=2026.03.09 00:04 DayOfWeek=1 WeekendCloseActive=NO NewTradeBlocked=NO | 13200.000000
CP	0	18:05:08.684	Cazyxio_v4.1 (EURUSD,M15)	2026.03.09 00:05:08 | HEARTBEAT | SYSTEM | EA alive. Tick=13300 Equity=45490.80 OpenPos=0 UTC=2026.03.09 00:05 DayOfWeek=1 WeekendCloseActive=NO NewTradeBlocked=NO | 13300.000000
GD	0	18:06:08.049	Cazyxio_v4.1 (EURUSD,M15)	2026.03.09 00:06:08 | HEARTBEAT | SYSTEM | EA alive. Tick=13400 Equity=45490.80 OpenPos=0 UTC=2026.03.09 00:06 DayOfWeek=1 WeekendCloseActive=NO NewTradeBlocked=NO | 13400.000000
EH	0	18:06:58.597	Cazyxio_v4.1 (EURUSD,M15)	2026.03.09 00:06:58 | HEARTBEAT | SYSTEM | EA alive. Tick=13500 Equity=45490.80 OpenPos=0 UTC=2026.03.09 00:06 DayOfWeek=1 WeekendCloseActive=NO NewTradeBlocked=NO | 13500.000000
EL	0	18:08:14.243	Cazyxio_v4.1 (EURUSD,M15)	2026.03.09 00:08:14 | HEARTBEAT | SYSTEM | EA alive. Tick=13600 Equity=45490.80 OpenPos=0 UTC=2026.03.09 00:08 DayOfWeek=1 WeekendCloseActive=NO NewTradeBlocked=NO | 13600.000000
EP	0	18:09:11.859	Cazyxio_v4.1 (EURUSD,M15)	2026.03.09 00:09:11 | HEARTBEAT | SYSTEM | EA alive. Tick=13700 Equity=45490.80 OpenPos=0 UTC=2026.03.09 00:09 DayOfWeek=1 WeekendCloseActive=NO NewTradeBlocked=NO | 13700.000000
ND	0	18:10:24.984	Cazyxio_v4.1 (EURUSD,M15)	2026.03.09 00:10:24 | HEARTBEAT | SYSTEM | EA alive. Tick=13800 Equity=45490.80 OpenPos=0 UTC=2026.03.09 00:10 DayOfWeek=1 WeekendCloseActive=NO NewTradeBlocked=NO | 13800.000000
RH	0	18:11:14.536	Cazyxio_v4.1 (EURUSD,M15)	2026.03.09 00:11:14 | HEARTBEAT | SYSTEM | EA alive. Tick=13900 Equity=45490.80 OpenPos=0 UTC=2026.03.09 00:11 DayOfWeek=1 WeekendCloseActive=NO NewTradeBlocked=NO | 13900.000000
PL	0	18:12:11.320	Cazyxio_v4.1 (EURUSD,M15)	2026.03.09 00:12:11 | HEARTBEAT | SYSTEM | EA alive. Tick=14000 Equity=45490.80 OpenPos=0 UTC=2026.03.09 00:12 DayOfWeek=1 WeekendCloseActive=NO NewTradeBlocked=NO | 14000.000000
DP	0	18:13:28.059	Cazyxio_v4.1 (EURUSD,M15)	2026.03.09 00:13:28 | HEARTBEAT | SYSTEM | EA alive. Tick=14100 Equity=45490.80 OpenPos=0 UTC=2026.03.09 00:13 DayOfWeek=1 WeekendCloseActive=NO NewTradeBlocked=NO | 14100.000000
FD	0	18:14:59.944	Cazyxio_v4.1 (EURUSD,M15)	2026.03.09 00:14:59 | HEARTBEAT | SYSTEM | EA alive. Tick=14200 Equity=45490.80 OpenPos=0 UTC=2026.03.09 00:14 DayOfWeek=1 WeekendCloseActive=NO NewTradeBlocked=NO | 14200.000000
NH	0	18:15:50.541	Cazyxio_v4.1 (EURUSD,M15)	2026.03.09 00:15:50 | HEARTBEAT | SYSTEM | EA alive. Tick=14300 Equity=45490.80 OpenPos=0 UTC=2026.03.09 00:15 DayOfWeek=1 WeekendCloseActive=NO NewTradeBlocked=NO | 14300.000000
PL	0	18:16:49.234	Cazyxio_v4.1 (EURUSD,M15)	2026.03.09 00:16:49 | HEARTBEAT | SYSTEM | EA alive. Tick=14400 Equity=45490.80 OpenPos=0 UTC=2026.03.09 00:16 DayOfWeek=1 WeekendCloseActive=NO NewTradeBlocked=NO | 14400.000000
MP	0	18:17:52.232	Cazyxio_v4.1 (EURUSD,M15)	2026.03.09 00:17:52 | HEARTBEAT | SYSTEM | EA alive. Tick=14500 Equity=45490.80 OpenPos=0 UTC=2026.03.09 00:17 DayOfWeek=1 WeekendCloseActive=NO NewTradeBlocked=NO | 14500.000000
CD	0	18:18:59.666	Cazyxio_v4.1 (EURUSD,M15)	2026.03.09 00:18:59 | HEARTBEAT | SYSTEM | EA alive. Tick=14600 Equity=45490.80 OpenPos=0 UTC=2026.03.09 00:18 DayOfWeek=1 WeekendCloseActive=NO NewTradeBlocked=NO | 14600.000000
FH	0	18:19:54.150	Cazyxio_v4.1 (EURUSD,M15)	2026.03.09 00:19:54 | HEARTBEAT | SYSTEM | EA alive. Tick=14700 Equity=45490.80 OpenPos=0 UTC=2026.03.09 00:19 DayOfWeek=1 WeekendCloseActive=NO NewTradeBlocked=NO | 14700.000000
KL	0	18:20:47.454	Cazyxio_v4.1 (EURUSD,M15)	2026.03.09 00:20:47 | HEARTBEAT | SYSTEM | EA alive. Tick=14800 Equity=45490.80 OpenPos=0 UTC=2026.03.09 00:20 DayOfWeek=1 WeekendCloseActive=NO NewTradeBlocked=NO | 14800.000000
QP	0	18:21:41.651	Cazyxio_v4.1 (EURUSD,M15)	2026.03.09 00:21:41 | HEARTBEAT | SYSTEM | EA alive. Tick=14900 Equity=45490.80 OpenPos=0 UTC=2026.03.09 00:21 DayOfWeek=1 WeekendCloseActive=NO NewTradeBlocked=NO | 14900.000000
FD	0	18:22:34.963	Cazyxio_v4.1 (EURUSD,M15)	2026.03.09 00:22:34 | HEARTBEAT | SYSTEM | EA alive. Tick=15000 Equity=45490.80 OpenPos=0 UTC=2026.03.09 00:22 DayOfWeek=1 WeekendCloseActive=NO NewTradeBlocked=NO | 15000.000000
OH	0	18:23:33.992	Cazyxio_v4.1 (EURUSD,M15)	2026.03.09 00:23:33 | HEARTBEAT | SYSTEM | EA alive. Tick=15100 Equity=45490.80 OpenPos=0 UTC=2026.03.09 00:23 DayOfWeek=1 WeekendCloseActive=NO NewTradeBlocked=NO | 15100.000000
PL	0	18:24:41.730	Cazyxio_v4.1 (EURUSD,M15)	2026.03.09 00:24:41 | HEARTBEAT | SYSTEM | EA alive. Tick=15200 Equity=45490.80 OpenPos=0 UTC=2026.03.09 00:24 DayOfWeek=1 WeekendCloseActive=NO NewTradeBlocked=NO | 15200.000000
MP	0	18:25:51.147	Cazyxio_v4.1 (EURUSD,M15)	2026.03.09 00:25:51 | HEARTBEAT | SYSTEM | EA alive. Tick=15300 Equity=45490.80 OpenPos=0 UTC=2026.03.09 00:25 DayOfWeek=1 WeekendCloseActive=NO NewTradeBlocked=NO | 15300.000000
OD	0	18:26:47.986	Cazyxio_v4.1 (EURUSD,M15)	2026.03.09 00:26:47 | HEARTBEAT | SYSTEM | EA alive. Tick=15400 Equity=45490.80 OpenPos=0 UTC=2026.03.09 00:26 DayOfWeek=1 WeekendCloseActive=NO NewTradeBlocked=NO | 15400.000000
RH	0	18:28:06.479	Cazyxio_v4.1 (EURUSD,M15)	2026.03.09 00:28:06 | HEARTBEAT | SYSTEM | EA alive. Tick=15500 Equity=45490.80 OpenPos=0 UTC=2026.03.09 00:28 DayOfWeek=1 WeekendCloseActive=NO NewTradeBlocked=NO | 15500.000000
QL	0	18:29:31.486	Cazyxio_v4.1 (EURUSD,M15)	2026.03.09 00:29:31 | HEARTBEAT | SYSTEM | EA alive. Tick=15600 Equity=45490.80 OpenPos=0 UTC=2026.03.09 00:29 DayOfWeek=1 WeekendCloseActive=NO NewTradeBlocked=NO | 15600.000000
GP	0	18:30:38.293	Cazyxio_v4.1 (EURUSD,M15)	2026.03.09 00:30:38 | HEARTBEAT | SYSTEM | EA alive. Tick=15700 Equity=45490.80 OpenPos=0 UTC=2026.03.09 00:30 DayOfWeek=1 WeekendCloseActive=NO NewTradeBlocked=NO | 15700.000000
DD	0	18:31:33.509	Cazyxio_v4.1 (EURUSD,M15)	2026.03.09 00:31:33 | HEARTBEAT | SYSTEM | EA alive. Tick=15800 Equity=45490.80 OpenPos=0 UTC=2026.03.09 00:31 DayOfWeek=1 WeekendCloseActive=NO NewTradeBlocked=NO | 15800.000000
EH	0	18:32:26.840	Cazyxio_v4.1 (EURUSD,M15)	2026.03.09 00:32:26 | HEARTBEAT | SYSTEM | EA alive. Tick=15900 Equity=45490.80 OpenPos=0 UTC=2026.03.09 00:32 DayOfWeek=1 WeekendCloseActive=NO NewTradeBlocked=NO | 15900.000000
NL	0	18:33:47.352	Cazyxio_v4.1 (EURUSD,M15)	2026.03.09 00:33:47 | HEARTBEAT | SYSTEM | EA alive. Tick=16000 Equity=45490.80 OpenPos=0 UTC=2026.03.09 00:33 DayOfWeek=1 WeekendCloseActive=NO NewTradeBlocked=NO | 16000.000000
QP	0	18:34:55.431	Cazyxio_v4.1 (EURUSD,M15)	2026.03.09 00:34:55 | HEARTBEAT | SYSTEM | EA alive. Tick=16100 Equity=45490.80 OpenPos=0 UTC=2026.03.09 00:34 DayOfWeek=1 WeekendCloseActive=NO NewTradeBlocked=NO | 16100.000000
RD	0	18:35:44.574	Cazyxio_v4.1 (EURUSD,M15)	2026.03.09 00:35:44 | HEARTBEAT | SYSTEM | EA alive. Tick=16200 Equity=45490.80 OpenPos=0 UTC=2026.03.09 00:35 DayOfWeek=1 WeekendCloseActive=NO NewTradeBlocked=NO | 16200.000000
PH	0	18:36:50.447	Cazyxio_v4.1 (EURUSD,M15)	2026.03.09 00:36:50 | HEARTBEAT | SYSTEM | EA alive. Tick=16300 Equity=45490.80 OpenPos=0 UTC=2026.03.09 00:36 DayOfWeek=1 WeekendCloseActive=NO NewTradeBlocked=NO | 16300.000000
KL	0	18:37:53.102	Cazyxio_v4.1 (EURUSD,M15)	2026.03.09 00:37:53 | HEARTBEAT | SYSTEM | EA alive. Tick=16400 Equity=45490.80 OpenPos=0 UTC=2026.03.09 00:37 DayOfWeek=1 WeekendCloseActive=NO NewTradeBlocked=NO | 16400.000000
HP	0	18:38:57.320	Cazyxio_v4.1 (EURUSD,M15)	2026.03.09 00:38:57 | HEARTBEAT | SYSTEM | EA alive. Tick=16500 Equity=45490.80 OpenPos=0 UTC=2026.03.09 00:38 DayOfWeek=1 WeekendCloseActive=NO NewTradeBlocked=NO | 16500.000000
CD	0	18:39:58.270	Cazyxio_v4.1 (EURUSD,M15)	2026.03.09 00:39:58 | HEARTBEAT | SYSTEM | EA alive. Tick=16600 Equity=45490.80 OpenPos=0 UTC=2026.03.09 00:39 DayOfWeek=1 WeekendCloseActive=NO NewTradeBlocked=NO | 16600.000000
QH	0	18:40:54.401	Cazyxio_v4.1 (EURUSD,M15)	2026.03.09 00:40:54 | HEARTBEAT | SYSTEM | EA alive. Tick=16700 Equity=45490.80 OpenPos=0 UTC=2026.03.09 00:40 DayOfWeek=1 WeekendCloseActive=NO NewTradeBlocked=NO | 16700.000000
ML	0	18:42:12.614	Cazyxio_v4.1 (EURUSD,M15)	2026.03.09 00:42:12 | HEARTBEAT | SYSTEM | EA alive. Tick=16800 Equity=45490.80 OpenPos=0 UTC=2026.03.09 00:42 DayOfWeek=1 WeekendCloseActive=NO NewTradeBlocked=NO | 16800.000000
EP	0	18:43:08.468	Cazyxio_v4.1 (EURUSD,M15)	2026.03.09 00:43:08 | HEARTBEAT | SYSTEM | EA alive. Tick=16900 Equity=45490.80 OpenPos=0 UTC=2026.03.09 00:43 DayOfWeek=1 WeekendCloseActive=NO NewTradeBlocked=NO | 16900.000000
QD	0	18:44:07.405	Cazyxio_v4.1 (EURUSD,M15)	2026.03.09 00:44:07 | HEARTBEAT | SYSTEM | EA alive. Tick=17000 Equity=45490.80 OpenPos=0 UTC=2026.03.09 00:44 DayOfWeek=1 WeekendCloseActive=NO NewTradeBlocked=NO | 17000.000000
RH	0	18:45:26.427	Cazyxio_v4.1 (EURUSD,M15)	2026.03.09 00:45:26 | HEARTBEAT | SYSTEM | EA alive. Tick=17100 Equity=45490.80 OpenPos=0 UTC=2026.03.09 00:45 DayOfWeek=1 WeekendCloseActive=NO NewTradeBlocked=NO | 17100.000000
IL	0	18:46:28.847	Cazyxio_v4.1 (EURUSD,M15)	2026.03.09 00:46:28 | HEARTBEAT | SYSTEM | EA alive. Tick=17200 Equity=45490.80 OpenPos=0 UTC=2026.03.09 00:46 DayOfWeek=1 WeekendCloseActive=NO NewTradeBlocked=NO | 17200.000000
OP	0	18:47:56.563	Cazyxio_v4.1 (EURUSD,M15)	2026.03.09 00:47:56 | HEARTBEAT | SYSTEM | EA alive. Tick=17300 Equity=45490.80 OpenPos=0 UTC=2026.03.09 00:47 DayOfWeek=1 WeekendCloseActive=NO NewTradeBlocked=NO | 17300.000000
PD	0	18:48:55.824	Cazyxio_v4.1 (EURUSD,M15)	2026.03.09 00:48:55 | HEARTBEAT | SYSTEM | EA alive. Tick=17400 Equity=45490.80 OpenPos=0 UTC=2026.03.09 00:48 DayOfWeek=1 WeekendCloseActive=NO NewTradeBlocked=NO | 17400.000000
RH	0	18:50:03.252	Cazyxio_v4.1 (EURUSD,M15)	2026.03.09 00:50:03 | HEARTBEAT | SYSTEM | EA alive. Tick=17500 Equity=45490.80 OpenPos=0 UTC=2026.03.09 00:50 DayOfWeek=1 WeekendCloseActive=NO NewTradeBlocked=NO | 17500.000000
JL	0	18:51:03.837	Cazyxio_v4.1 (EURUSD,M15)	2026.03.09 00:51:03 | HEARTBEAT | SYSTEM | EA alive. Tick=17600 Equity=45490.80 OpenPos=0 UTC=2026.03.09 00:51 DayOfWeek=1 WeekendCloseActive=NO NewTradeBlocked=NO | 17600.000000
NP	0	18:51:54.642	Cazyxio_v4.1 (EURUSD,M15)	2026.03.09 00:51:54 | HEARTBEAT | SYSTEM | EA alive. Tick=17700 Equity=45490.80 OpenPos=0 UTC=2026.03.09 00:51 DayOfWeek=1 WeekendCloseActive=NO NewTradeBlocked=NO | 17700.000000
OD	0	18:52:45.127	Cazyxio_v4.1 (EURUSD,M15)	2026.03.09 00:52:45 | HEARTBEAT | SYSTEM | EA alive. Tick=17800 Equity=45490.80 OpenPos=0 UTC=2026.03.09 00:52 DayOfWeek=1 WeekendCloseActive=NO NewTradeBlocked=NO | 17800.000000
CH	0	18:53:40.292	Cazyxio_v4.1 (EURUSD,M15)	2026.03.09 00:53:40 | HEARTBEAT | SYSTEM | EA alive. Tick=17900 Equity=45490.80 OpenPos=0 UTC=2026.03.09 00:53 DayOfWeek=1 WeekendCloseActive=NO NewTradeBlocked=NO | 17900.000000
KL	0	18:54:26.789	Cazyxio_v4.1 (EURUSD,M15)	2026.03.09 00:54:26 | HEARTBEAT | SYSTEM | EA alive. Tick=18000 Equity=45490.80 OpenPos=0 UTC=2026.03.09 00:54 DayOfWeek=1 WeekendCloseActive=NO NewTradeBlocked=NO | 18000.000000
HP	0	18:55:07.497	Cazyxio_v4.1 (EURUSD,M15)	2026.03.09 00:55:07 | HEARTBEAT | SYSTEM | EA alive. Tick=18100 Equity=45490.80 OpenPos=0 UTC=2026.03.09 00:55 DayOfWeek=1 WeekendCloseActive=NO NewTradeBlocked=NO | 18100.000000
ND	0	18:55:53.721	Cazyxio_v4.1 (EURUSD,M15)	2026.03.09 00:55:53 | HEARTBEAT | SYSTEM | EA alive. Tick=18200 Equity=45490.80 OpenPos=0 UTC=2026.03.09 00:55 DayOfWeek=1 WeekendCloseActive=NO NewTradeBlocked=NO | 18200.000000
HH	0	18:56:46.018	Cazyxio_v4.1 (EURUSD,M15)	2026.03.09 00:56:46 | HEARTBEAT | SYSTEM | EA alive. Tick=18300 Equity=45490.80 OpenPos=0 UTC=2026.03.09 00:56 DayOfWeek=1 WeekendCloseActive=NO NewTradeBlocked=NO | 18300.000000
LL	0	18:57:43.400	Cazyxio_v4.1 (EURUSD,M15)	2026.03.09 00:57:43 | HEARTBEAT | SYSTEM | EA alive. Tick=18400 Equity=45490.80 OpenPos=0 UTC=2026.03.09 00:57 DayOfWeek=1 WeekendCloseActive=NO NewTradeBlocked=NO | 18400.000000
PP	0	18:58:29.861	Cazyxio_v4.1 (EURUSD,M15)	2026.03.09 00:58:29 | HEARTBEAT | SYSTEM | EA alive. Tick=18500 Equity=45490.80 OpenPos=0 UTC=2026.03.09 00:58 DayOfWeek=1 WeekendCloseActive=NO NewTradeBlocked=NO | 18500.000000
PD	0	18:59:13.428	Cazyxio_v4.1 (EURUSD,M15)	2026.03.09 00:59:13 | HEARTBEAT | SYSTEM | EA alive. Tick=18600 Equity=45490.80 OpenPos=0 UTC=2026.03.09 00:59 DayOfWeek=1 WeekendCloseActive=NO NewTradeBlocked=NO | 18600.000000
RJ	0	19:00:00.500	Cazyxio_v4.1 (EURUSD,M15)	2026.03.09 01:00:00 | SESSION_WAIT | SYSTEM | Outside session. UTC_hour=1 Sessions: 7:00-17:00 and 12:00-21:00 UTC. Waiting.
KE	0	19:00:01.020	Cazyxio_v4.1 (EURUSD,M15)	2026.03.09 01:00:01 | HEARTBEAT | SYSTEM | EA alive. Tick=18700 Equity=45490.80 OpenPos=0 UTC=2026.03.09 01:00 DayOfWeek=1 WeekendCloseActive=NO NewTradeBlocked=NO | 18700.000000
HI	0	19:00:39.096	Cazyxio_v4.1 (EURUSD,M15)	2026.03.09 01:00:39 | HEARTBEAT | SYSTEM | EA alive. Tick=18800 Equity=45490.80 OpenPos=0 UTC=2026.03.09 01:00 DayOfWeek=1 WeekendCloseActive=NO NewTradeBlocked=NO | 18800.000000
FM	0	19:01:16.484	Cazyxio_v4.1 (EURUSD,M15)	2026.03.09 01:01:16 | HEARTBEAT | SYSTEM | EA alive. Tick=18900 Equity=45490.80 OpenPos=0 UTC=2026.03.09 01:01 DayOfWeek=1 WeekendCloseActive=NO NewTradeBlocked=NO | 18900.000000
OQ	0	19:01:53.698	Cazyxio_v4.1 (EURUSD,M15)	2026.03.09 01:01:53 | HEARTBEAT | SYSTEM | EA alive. Tick=19000 Equity=45490.80 OpenPos=0 UTC=2026.03.09 01:01 DayOfWeek=1 WeekendCloseActive=NO NewTradeBlocked=NO | 19000.000000
HE	0	19:02:31.739	Cazyxio_v4.1 (EURUSD,M15)	2026.03.09 01:02:31 | HEARTBEAT | SYSTEM | EA alive. Tick=19100 Equity=45490.80 OpenPos=0 UTC=2026.03.09 01:02 DayOfWeek=1 WeekendCloseActive=NO NewTradeBlocked=NO | 19100.000000
JI	0	19:03:13.529	Cazyxio_v4.1 (EURUSD,M15)	2026.03.09 01:03:13 | HEARTBEAT | SYSTEM | EA alive. Tick=19200 Equity=45490.80 OpenPos=0 UTC=2026.03.09 01:03 DayOfWeek=1 WeekendCloseActive=NO NewTradeBlocked=NO | 19200.000000
FM	0	19:03:59.381	Cazyxio_v4.1 (EURUSD,M15)	2026.03.09 01:03:59 | HEARTBEAT | SYSTEM | EA alive. Tick=19300 Equity=45490.80 OpenPos=0 UTC=2026.03.09 01:03 DayOfWeek=1 WeekendCloseActive=NO NewTradeBlocked=NO | 19300.000000
OQ	0	19:04:47.626	Cazyxio_v4.1 (EURUSD,M15)	2026.03.09 01:04:47 | HEARTBEAT | SYSTEM | EA alive. Tick=19400 Equity=45490.80 OpenPos=0 UTC=2026.03.09 01:04 DayOfWeek=1 WeekendCloseActive=NO NewTradeBlocked=NO | 19400.000000
KE	0	19:05:27.227	Cazyxio_v4.1 (EURUSD,M15)	2026.03.09 01:05:27 | HEARTBEAT | SYSTEM | EA alive. Tick=19500 Equity=45490.80 OpenPos=0 UTC=2026.03.09 01:05 DayOfWeek=1 WeekendCloseActive=NO NewTradeBlocked=NO | 19500.000000
KI	0	19:06:12.620	Cazyxio_v4.1 (EURUSD,M15)	2026.03.09 01:06:12 | HEARTBEAT | SYSTEM | EA alive. Tick=19600 Equity=45490.80 OpenPos=0 UTC=2026.03.09 01:06 DayOfWeek=1 WeekendCloseActive=NO NewTradeBlocked=NO | 19600.000000
KM	0	19:06:55.994	Cazyxio_v4.1 (EURUSD,M15)	2026.03.09 01:06:55 | HEARTBEAT | SYSTEM | EA alive. Tick=19700 Equity=45490.80 OpenPos=0 UTC=2026.03.09 01:06 DayOfWeek=1 WeekendCloseActive=NO NewTradeBlocked=NO | 19700.000000
OQ	0	19:07:58.908	Cazyxio_v4.1 (EURUSD,M15)	2026.03.09 01:07:58 | HEARTBEAT | SYSTEM | EA alive. Tick=19800 Equity=45490.80 OpenPos=0 UTC=2026.03.09 01:07 DayOfWeek=1 WeekendCloseActive=NO NewTradeBlocked=NO | 19800.000000
DE	0	19:09:08.211	Cazyxio_v4.1 (EURUSD,M15)	2026.03.09 01:09:08 | HEARTBEAT | SYSTEM | EA alive. Tick=19900 Equity=45490.80 OpenPos=0 UTC=2026.03.09 01:09 DayOfWeek=1 WeekendCloseActive=NO NewTradeBlocked=NO | 19900.000000
JI	0	19:09:57.576	Cazyxio_v4.1 (EURUSD,M15)	2026.03.09 01:09:57 | HEARTBEAT | SYSTEM | EA alive. Tick=20000 Equity=45490.80 OpenPos=0 UTC=2026.03.09 01:09 DayOfWeek=1 WeekendCloseActive=NO NewTradeBlocked=NO | 20000.000000
MM	0	19:10:49.661	Cazyxio_v4.1 (EURUSD,M15)	2026.03.09 01:10:49 | HEARTBEAT | SYSTEM | EA alive. Tick=20100 Equity=45490.80 OpenPos=0 UTC=2026.03.09 01:10 DayOfWeek=1 WeekendCloseActive=NO NewTradeBlocked=NO | 20100.000000
EQ	0	19:11:44.679	Cazyxio_v4.1 (EURUSD,M15)	2026.03.09 01:11:44 | HEARTBEAT | SYSTEM | EA alive. Tick=20200 Equity=45490.80 OpenPos=0 UTC=2026.03.09 01:11 DayOfWeek=1 WeekendCloseActive=NO NewTradeBlocked=NO | 20200.000000
GE	0	19:12:29.728	Cazyxio_v4.1 (EURUSD,M15)	2026.03.09 01:12:29 | HEARTBEAT | SYSTEM | EA alive. Tick=20300 Equity=45490.80 OpenPos=0 UTC=2026.03.09 01:12 DayOfWeek=1 WeekendCloseActive=NO NewTradeBlocked=NO | 20300.000000
PI	0	19:13:27.014	Cazyxio_v4.1 (EURUSD,M15)	2026.03.09 01:13:27 | HEARTBEAT | SYSTEM | EA alive. Tick=20400 Equity=45490.80 OpenPos=0 UTC=2026.03.09 01:13 DayOfWeek=1 WeekendCloseActive=NO NewTradeBlocked=NO | 20400.000000
FM	0	19:14:26.297	Cazyxio_v4.1 (EURUSD,M15)	2026.03.09 01:14:26 | HEARTBEAT | SYSTEM | EA alive. Tick=20500 Equity=45490.80 OpenPos=0 UTC=2026.03.09 01:14 DayOfWeek=1 WeekendCloseActive=NO NewTradeBlocked=NO | 20500.000000
RQ	0	19:15:17.706	Cazyxio_v4.1 (EURUSD,M15)	2026.03.09 01:15:17 | HEARTBEAT | SYSTEM | EA alive. Tick=20600 Equity=45490.80 OpenPos=0 UTC=2026.03.09 01:15 DayOfWeek=1 WeekendCloseActive=NO NewTradeBlocked=NO | 20600.000000
KE	0	19:16:01.489	Cazyxio_v4.1 (EURUSD,M15)	2026.03.09 01:16:01 | HEARTBEAT | SYSTEM | EA alive. Tick=20700 Equity=45490.80 OpenPos=0 UTC=2026.03.09 01:16 DayOfWeek=1 WeekendCloseActive=NO NewTradeBlocked=NO | 20700.000000
JI	0	19:16:49.208	Cazyxio_v4.1 (EURUSD,M15)	2026.03.09 01:16:49 | HEARTBEAT | SYSTEM | EA alive. Tick=20800 Equity=45490.80 OpenPos=0 UTC=2026.03.09 01:16 DayOfWeek=1 WeekendCloseActive=NO NewTradeBlocked=NO | 20800.000000
FM	0	19:17:33.861	Cazyxio_v4.1 (EURUSD,M15)	2026.03.09 01:17:33 | HEARTBEAT | SYSTEM | EA alive. Tick=20900 Equity=45490.80 OpenPos=0 UTC=2026.03.09 01:17 DayOfWeek=1 WeekendCloseActive=NO NewTradeBlocked=NO | 20900.000000
GQ	0	19:18:46.272	Cazyxio_v4.1 (EURUSD,M15)	2026.03.09 01:18:46 | HEARTBEAT | SYSTEM | EA alive. Tick=21000 Equity=45490.80 OpenPos=0 UTC=2026.03.09 01:18 DayOfWeek=1 WeekendCloseActive=NO NewTradeBlocked=NO | 21000.000000
FE	0	19:19:43.256	Cazyxio_v4.1 (EURUSD,M15)	2026.03.09 01:19:43 | HEARTBEAT | SYSTEM | EA alive. Tick=21100 Equity=45490.80 OpenPos=0 UTC=2026.03.09 01:19 DayOfWeek=1 WeekendCloseActive=NO NewTradeBlocked=NO | 21100.000000
CI	0	19:20:55.901	Cazyxio_v4.1 (EURUSD,M15)	2026.03.09 01:20:55 | HEARTBEAT | SYSTEM | EA alive. Tick=21200 Equity=45490.80 OpenPos=0 UTC=2026.03.09 01:20 DayOfWeek=1 WeekendCloseActive=NO NewTradeBlocked=NO | 21200.000000
FM	0	19:21:58.648	Cazyxio_v4.1 (EURUSD,M15)	2026.03.09 01:21:58 | HEARTBEAT | SYSTEM | EA alive. Tick=21300 Equity=45490.80 OpenPos=0 UTC=2026.03.09 01:21 DayOfWeek=1 WeekendCloseActive=NO NewTradeBlocked=NO | 21300.000000
QQ	0	19:23:05.489	Cazyxio_v4.1 (EURUSD,M15)	2026.03.09 01:23:05 | HEARTBEAT | SYSTEM | EA alive. Tick=21400 Equity=45490.80 OpenPos=0 UTC=2026.03.09 01:23 DayOfWeek=1 WeekendCloseActive=NO NewTradeBlocked=NO | 21400.000000
GE	0	19:24:02.679	Cazyxio_v4.1 (EURUSD,M15)	2026.03.09 01:24:02 | HEARTBEAT | SYSTEM | EA alive. Tick=21500 Equity=45490.80 OpenPos=0 UTC=2026.03.09 01:24 DayOfWeek=1 WeekendCloseActive=NO NewTradeBlocked=NO | 21500.000000
HI	0	19:24:57.988	Cazyxio_v4.1 (EURUSD,M15)	2026.03.09 01:24:57 | HEARTBEAT | SYSTEM | EA alive. Tick=21600 Equity=45490.80 OpenPos=0 UTC=2026.03.09 01:24 DayOfWeek=1 WeekendCloseActive=NO NewTradeBlocked=NO | 21600.000000
QM	0	19:25:56.377	Cazyxio_v4.1 (EURUSD,M15)	2026.03.09 01:25:56 | HEARTBEAT | SYSTEM | EA alive. Tick=21700 Equity=45490.80 OpenPos=0 UTC=2026.03.09 01:25 DayOfWeek=1 WeekendCloseActive=NO NewTradeBlocked=NO | 21700.000000
RQ	0	19:27:26.660	Cazyxio_v4.1 (EURUSD,M15)	2026.03.09 01:27:26 | HEARTBEAT | SYSTEM | EA alive. Tick=21800 Equity=45490.80 OpenPos=0 UTC=2026.03.09 01:27 DayOfWeek=1 WeekendCloseActive=NO NewTradeBlocked=NO | 21800.000000
FE	0	19:29:11.406	Cazyxio_v4.1 (EURUSD,M15)	2026.03.09 01:29:11 | HEARTBEAT | SYSTEM | EA alive. Tick=21900 Equity=45490.80 OpenPos=0 UTC=2026.03.09 01:29 DayOfWeek=1 WeekendCloseActive=NO NewTradeBlocked=NO | 21900.000000
NI	0	19:30:38.354	Cazyxio_v4.1 (EURUSD,M15)	2026.03.09 01:30:38 | HEARTBEAT | SYSTEM | EA alive. Tick=22000 Equity=45490.80 OpenPos=0 UTC=2026.03.09 01:30 DayOfWeek=1 WeekendCloseActive=NO NewTradeBlocked=NO | 22000.000000
JM	0	19:31:54.861	Cazyxio_v4.1 (EURUSD,M15)	2026.03.09 01:31:54 | HEARTBEAT | SYSTEM | EA alive. Tick=22100 Equity=45490.80 OpenPos=0 UTC=2026.03.09 01:31 DayOfWeek=1 WeekendCloseActive=NO NewTradeBlocked=NO | 22100.000000
HQ	0	19:33:07.168	Cazyxio_v4.1 (EURUSD,M15)	2026.03.09 01:33:07 | HEARTBEAT | SYSTEM | EA alive. Tick=22200 Equity=45490.80 OpenPos=0 UTC=2026.03.09 01:33 DayOfWeek=1 WeekendCloseActive=NO NewTradeBlocked=NO | 22200.000000
QE	0	19:34:03.322	Cazyxio_v4.1 (EURUSD,M15)	2026.03.09 01:34:03 | HEARTBEAT | SYSTEM | EA alive. Tick=22300 Equity=45490.80 OpenPos=0 UTC=2026.03.09 01:34 DayOfWeek=1 WeekendCloseActive=NO NewTradeBlocked=NO | 22300.000000
FI	0	19:34:50.358	Cazyxio_v4.1 (EURUSD,M15)	2026.03.09 01:34:50 | HEARTBEAT | SYSTEM | EA alive. Tick=22400 Equity=45490.80 OpenPos=0 UTC=2026.03.09 01:34 DayOfWeek=1 WeekendCloseActive=NO NewTradeBlocked=NO | 22400.000000
EM	0	19:35:28.970	Cazyxio_v4.1 (EURUSD,M15)	2026.03.09 01:35:28 | HEARTBEAT | SYSTEM | EA alive. Tick=22500 Equity=45490.80 OpenPos=0 UTC=2026.03.09 01:35 DayOfWeek=1 WeekendCloseActive=NO NewTradeBlocked=NO | 22500.000000
CQ	0	19:36:10.087	Cazyxio_v4.1 (EURUSD,M15)	2026.03.09 01:36:10 | HEARTBEAT | SYSTEM | EA alive. Tick=22600 Equity=45490.80 OpenPos=0 UTC=2026.03.09 01:36 DayOfWeek=1 WeekendCloseActive=NO NewTradeBlocked=NO | 22600.000000
RE	0	19:36:58.145	Cazyxio_v4.1 (EURUSD,M15)	2026.03.09 01:36:58 | HEARTBEAT | SYSTEM | EA alive. Tick=22700 Equity=45490.80 OpenPos=0 UTC=2026.03.09 01:36 DayOfWeek=1 WeekendCloseActive=NO NewTradeBlocked=NO | 22700.000000
CI	0	19:37:49.608	Cazyxio_v4.1 (EURUSD,M15)	2026.03.09 01:37:49 | HEARTBEAT | SYSTEM | EA alive. Tick=22800 Equity=45490.80 OpenPos=0 UTC=2026.03.09 01:37 DayOfWeek=1 WeekendCloseActive=NO NewTradeBlocked=NO | 22800.000000
GM	0	19:38:50.216	Cazyxio_v4.1 (EURUSD,M15)	2026.03.09 01:38:50 | HEARTBEAT | SYSTEM | EA alive. Tick=22900 Equity=45490.80 OpenPos=0 UTC=2026.03.09 01:38 DayOfWeek=1 WeekendCloseActive=NO NewTradeBlocked=NO | 22900.000000
HQ	0	19:39:55.764	Cazyxio_v4.1 (EURUSD,M15)	2026.03.09 01:39:55 | HEARTBEAT | SYSTEM | EA alive. Tick=23000 Equity=45490.80 OpenPos=0 UTC=2026.03.09 01:39 DayOfWeek=1 WeekendCloseActive=NO NewTradeBlocked=NO | 23000.000000
LE	0	19:40:54.205	Cazyxio_v4.1 (EURUSD,M15)	2026.03.09 01:40:54 | HEARTBEAT | SYSTEM | EA alive. Tick=23100 Equity=45490.80 OpenPos=0 UTC=2026.03.09 01:40 DayOfWeek=1 WeekendCloseActive=NO NewTradeBlocked=NO | 23100.000000
LI	0	19:42:06.544	Cazyxio_v4.1 (EURUSD,M15)	2026.03.09 01:42:06 | HEARTBEAT | SYSTEM | EA alive. Tick=23200 Equity=45490.80 OpenPos=0 UTC=2026.03.09 01:42 DayOfWeek=1 WeekendCloseActive=NO NewTradeBlocked=NO | 23200.000000
QM	0	19:43:17.298	Cazyxio_v4.1 (EURUSD,M15)	2026.03.09 01:43:17 | HEARTBEAT | SYSTEM | EA alive. Tick=23300 Equity=45490.80 OpenPos=0 UTC=2026.03.09 01:43 DayOfWeek=1 WeekendCloseActive=NO NewTradeBlocked=NO | 23300.000000
FQ	0	19:44:22.768	Cazyxio_v4.1 (EURUSD,M15)	2026.03.09 01:44:22 | HEARTBEAT | SYSTEM | EA alive. Tick=23400 Equity=45490.80 OpenPos=0 UTC=2026.03.09 01:44 DayOfWeek=1 WeekendCloseActive=NO NewTradeBlocked=NO | 23400.000000
QE	0	19:45:33.621	Cazyxio_v4.1 (EURUSD,M15)	2026.03.09 01:45:33 | HEARTBEAT | SYSTEM | EA alive. Tick=23500 Equity=45490.80 OpenPos=0 UTC=2026.03.09 01:45 DayOfWeek=1 WeekendCloseActive=NO NewTradeBlocked=NO | 23500.000000
NI	0	19:46:45.506	Cazyxio_v4.1 (EURUSD,M15)	2026.03.09 01:46:45 | HEARTBEAT | SYSTEM | EA alive. Tick=23600 Equity=45490.80 OpenPos=0 UTC=2026.03.09 01:46 DayOfWeek=1 WeekendCloseActive=NO NewTradeBlocked=NO | 23600.000000
JM	0	19:47:29.619	Cazyxio_v4.1 (EURUSD,M15)	2026.03.09 01:47:29 | HEARTBEAT | SYSTEM | EA alive. Tick=23700 Equity=45490.80 OpenPos=0 UTC=2026.03.09 01:47 DayOfWeek=1 WeekendCloseActive=NO NewTradeBlocked=NO | 23700.000000
DQ	0	19:48:13.733	Cazyxio_v4.1 (EURUSD,M15)	2026.03.09 01:48:13 | HEARTBEAT | SYSTEM | EA alive. Tick=23800 Equity=45490.80 OpenPos=0 UTC=2026.03.09 01:48 DayOfWeek=1 WeekendCloseActive=NO NewTradeBlocked=NO | 23800.000000
LE	0	19:49:07.970	Cazyxio_v4.1 (EURUSD,M15)	2026.03.09 01:49:07 | HEARTBEAT | SYSTEM | EA alive. Tick=23900 Equity=45490.80 OpenPos=0 UTC=2026.03.09 01:49 DayOfWeek=1 WeekendCloseActive=NO NewTradeBlocked=NO | 23900.000000
QI	0	19:49:54.900	Cazyxio_v4.1 (EURUSD,M15)	2026.03.09 01:49:54 | HEARTBEAT | SYSTEM | EA alive. Tick=24000 Equity=45490.80 OpenPos=0 UTC=2026.03.09 01:49 DayOfWeek=1 WeekendCloseActive=NO NewTradeBlocked=NO | 24000.000000
PM	0	19:50:53.552	Cazyxio_v4.1 (EURUSD,M15)	2026.03.09 01:50:53 | HEARTBEAT | SYSTEM | EA alive. Tick=24100 Equity=45490.80 OpenPos=0 UTC=2026.03.09 01:50 DayOfWeek=1 WeekendCloseActive=NO NewTradeBlocked=NO | 24100.000000
JQ	0	19:51:38.292	Cazyxio_v4.1 (EURUSD,M15)	2026.03.09 01:51:38 | HEARTBEAT | SYSTEM | EA alive. Tick=24200 Equity=45490.80 OpenPos=0 UTC=2026.03.09 01:51 DayOfWeek=1 WeekendCloseActive=NO NewTradeBlocked=NO | 24200.000000
KE	0	19:52:29.599	Cazyxio_v4.1 (EURUSD,M15)	2026.03.09 01:52:29 | HEARTBEAT | SYSTEM | EA alive. Tick=24300 Equity=45490.80 OpenPos=0 UTC=2026.03.09 01:52 DayOfWeek=1 WeekendCloseActive=NO NewTradeBlocked=NO | 24300.000000
II	0	19:53:08.219	Cazyxio_v4.1 (EURUSD,M15)	2026.03.09 01:53:08 | HEARTBEAT | SYSTEM | EA alive. Tick=24400 Equity=45490.80 OpenPos=0 UTC=2026.03.09 01:53 DayOfWeek=1 WeekendCloseActive=NO NewTradeBlocked=NO | 24400.000000
QM	0	19:53:50.013	Cazyxio_v4.1 (EURUSD,M15)	2026.03.09 01:53:50 | HEARTBEAT | SYSTEM | EA alive. Tick=24500 Equity=45490.80 OpenPos=0 UTC=2026.03.09 01:53 DayOfWeek=1 WeekendCloseActive=NO NewTradeBlocked=NO | 24500.000000
DQ	0	19:54:55.785	Cazyxio_v4.1 (EURUSD,M15)	2026.03.09 01:54:55 | HEARTBEAT | SYSTEM | EA alive. Tick=24600 Equity=45490.80 OpenPos=0 UTC=2026.03.09 01:54 DayOfWeek=1 WeekendCloseActive=NO NewTradeBlocked=NO | 24600.000000
LE	0	19:55:53.074	Cazyxio_v4.1 (EURUSD,M15)	2026.03.09 01:55:53 | HEARTBEAT | SYSTEM | EA alive. Tick=24700 Equity=45490.80 OpenPos=0 UTC=2026.03.09 01:55 DayOfWeek=1 WeekendCloseActive=NO NewTradeBlocked=NO | 24700.000000
FI	0	19:56:46.695	Cazyxio_v4.1 (EURUSD,M15)	2026.03.09 01:56:46 | HEARTBEAT | SYSTEM | EA alive. Tick=24800 Equity=45490.80 OpenPos=0 UTC=2026.03.09 01:56 DayOfWeek=1 WeekendCloseActive=NO NewTradeBlocked=NO | 24800.000000
RM	0	19:57:28.502	Cazyxio_v4.1 (EURUSD,M15)	2026.03.09 01:57:28 | HEARTBEAT | SYSTEM | EA alive. Tick=24900 Equity=45490.80 OpenPos=0 UTC=2026.03.09 01:57 DayOfWeek=1 WeekendCloseActive=NO NewTradeBlocked=NO | 24900.000000
JQ	0	19:58:24.437	Cazyxio_v4.1 (EURUSD,M15)	2026.03.09 01:58:24 | HEARTBEAT | SYSTEM | EA alive. Tick=25000 Equity=45490.80 OpenPos=0 UTC=2026.03.09 01:58 DayOfWeek=1 WeekendCloseActive=NO NewTradeBlocked=NO | 25000.000000
DE	0	19:59:25.531	Cazyxio_v4.1 (EURUSD,M15)	2026.03.09 01:59:25 | HEARTBEAT | SYSTEM | EA alive. Tick=25100 Equity=45490.80 OpenPos=0 UTC=2026.03.09 01:59 DayOfWeek=1 WeekendCloseActive=NO NewTradeBlocked=NO | 25100.000000
NK	0	20:00:00.582	Cazyxio_v4.1 (EURUSD,M15)	2026.03.09 02:00:00 | SESSION_WAIT | SYSTEM | Outside session. UTC_hour=2 Sessions: 7:00-17:00 and 12:00-21:00 UTC. Waiting.
QR	0	20:00:22.673	Cazyxio_v4.1 (EURUSD,M15)	2026.03.09 02:00:22 | HEARTBEAT | SYSTEM | EA alive. Tick=25200 Equity=45490.80 OpenPos=0 UTC=2026.03.09 02:00 DayOfWeek=1 WeekendCloseActive=NO NewTradeBlocked=NO | 25200.000000
CF	0	20:01:24.287	Cazyxio_v4.1 (EURUSD,M15)	2026.03.09 02:01:24 | HEARTBEAT | SYSTEM | EA alive. Tick=25300 Equity=45490.80 OpenPos=0 UTC=2026.03.09 02:01 DayOfWeek=1 WeekendCloseActive=NO NewTradeBlocked=NO | 25300.000000
KJ	0	20:02:25.341	Cazyxio_v4.1 (EURUSD,M15)	2026.03.09 02:02:25 | HEARTBEAT | SYSTEM | EA alive. Tick=25400 Equity=45490.80 OpenPos=0 UTC=2026.03.09 02:02 DayOfWeek=1 WeekendCloseActive=NO NewTradeBlocked=NO | 25400.000000
QN	0	20:03:17.463	Cazyxio_v4.1 (EURUSD,M15)	2026.03.09 02:03:17 | HEARTBEAT | SYSTEM | EA alive. Tick=25500 Equity=45490.80 OpenPos=0 UTC=2026.03.09 02:03 DayOfWeek=1 WeekendCloseActive=NO NewTradeBlocked=NO | 25500.000000
KR	0	20:04:07.462	Cazyxio_v4.1 (EURUSD,M15)	2026.03.09 02:04:07 | HEARTBEAT | SYSTEM | EA alive. Tick=25600 Equity=45490.80 OpenPos=0 UTC=2026.03.09 02:04 DayOfWeek=1 WeekendCloseActive=NO NewTradeBlocked=NO | 25600.000000
NF	0	20:05:02.673	Cazyxio_v4.1 (EURUSD,M15)	2026.03.09 02:05:02 | HEARTBEAT | SYSTEM | EA alive. Tick=25700 Equity=45490.80 OpenPos=0 UTC=2026.03.09 02:05 DayOfWeek=1 WeekendCloseActive=NO NewTradeBlocked=NO | 25700.000000
CJ	0	20:05:42.393	Cazyxio_v4.1 (EURUSD,M15)	2026.03.09 02:05:42 | HEARTBEAT | SYSTEM | EA alive. Tick=25800 Equity=45490.80 OpenPos=0 UTC=2026.03.09 02:05 DayOfWeek=1 WeekendCloseActive=NO NewTradeBlocked=NO | 25800.000000
PN	0	20:06:32.654	Cazyxio_v4.1 (EURUSD,M15)	2026.03.09 02:06:32 | HEARTBEAT | SYSTEM | EA alive. Tick=25900 Equity=45490.80 OpenPos=0 UTC=2026.03.09 02:06 DayOfWeek=1 WeekendCloseActive=NO NewTradeBlocked=NO | 25900.000000
LR	0	20:07:28.406	Cazyxio_v4.1 (EURUSD,M15)	2026.03.09 02:07:28 | HEARTBEAT | SYSTEM | EA alive. Tick=26000 Equity=45490.80 OpenPos=0 UTC=2026.03.09 02:07 DayOfWeek=1 WeekendCloseActive=NO NewTradeBlocked=NO | 26000.000000
CF	0	20:08:22.499	Cazyxio_v4.1 (EURUSD,M15)	2026.03.09 02:08:22 | HEARTBEAT | SYSTEM | EA alive. Tick=26100 Equity=45490.80 OpenPos=0 UTC=2026.03.09 02:08 DayOfWeek=1 WeekendCloseActive=NO NewTradeBlocked=NO | 26100.000000
HJ	0	20:09:24.365	Cazyxio_v4.1 (EURUSD,M15)	2026.03.09 02:09:24 | HEARTBEAT | SYSTEM | EA alive. Tick=26200 Equity=45490.80 OpenPos=0 UTC=2026.03.09 02:09 DayOfWeek=1 WeekendCloseActive=NO NewTradeBlocked=NO | 26200.000000
NN	0	20:10:27.420	Cazyxio_v4.1 (EURUSD,M15)	2026.03.09 02:10:27 | HEARTBEAT | SYSTEM | EA alive. Tick=26300 Equity=45490.80 OpenPos=0 UTC=2026.03.09 02:10 DayOfWeek=1 WeekendCloseActive=NO NewTradeBlocked=NO | 26300.000000
JR	0	20:11:28.308	Cazyxio_v4.1 (EURUSD,M15)	2026.03.09 02:11:28 | HEARTBEAT | SYSTEM | EA alive. Tick=26400 Equity=45490.80 OpenPos=0 UTC=2026.03.09 02:11 DayOfWeek=1 WeekendCloseActive=NO NewTradeBlocked=NO | 26400.000000
PF	0	20:12:17.075	Cazyxio_v4.1 (EURUSD,M15)	2026.03.09 02:12:17 | HEARTBEAT | SYSTEM | EA alive. Tick=26500 Equity=45490.80 OpenPos=0 UTC=2026.03.09 02:12 DayOfWeek=1 WeekendCloseActive=NO NewTradeBlocked=NO | 26500.000000
RJ	0	20:13:15.144	Cazyxio_v4.1 (EURUSD,M15)	2026.03.09 02:13:15 | HEARTBEAT | SYSTEM | EA alive. Tick=26600 Equity=45490.80 OpenPos=0 UTC=2026.03.09 02:13 DayOfWeek=1 WeekendCloseActive=NO NewTradeBlocked=NO | 26600.000000
CN	0	20:14:21.696	Cazyxio_v4.1 (EURUSD,M15)	2026.03.09 02:14:21 | HEARTBEAT | SYSTEM | EA alive. Tick=26700 Equity=45490.80 OpenPos=0 UTC=2026.03.09 02:14 DayOfWeek=1 WeekendCloseActive=NO NewTradeBlocked=NO | 26700.000000
RR	0	20:15:10.667	Cazyxio_v4.1 (EURUSD,M15)	2026.03.09 02:15:10 | HEARTBEAT | SYSTEM | EA alive. Tick=26800 Equity=45490.80 OpenPos=0 UTC=2026.03.09 02:15 DayOfWeek=1 WeekendCloseActive=NO NewTradeBlocked=NO | 26800.000000
NF	0	20:16:10.473	Cazyxio_v4.1 (EURUSD,M15)	2026.03.09 02:16:10 | HEARTBEAT | SYSTEM | EA alive. Tick=26900 Equity=45490.80 OpenPos=0 UTC=2026.03.09 02:16 DayOfWeek=1 WeekendCloseActive=NO NewTradeBlocked=NO | 26900.000000
CJ	0	20:17:04.381	Cazyxio_v4.1 (EURUSD,M15)	2026.03.09 02:17:04 | HEARTBEAT | SYSTEM | EA alive. Tick=27000 Equity=45490.80 OpenPos=0 UTC=2026.03.09 02:17 DayOfWeek=1 WeekendCloseActive=NO NewTradeBlocked=NO | 27000.000000
JN	0	20:18:03.893	Cazyxio_v4.1 (EURUSD,M15)	2026.03.09 02:18:03 | HEARTBEAT | SYSTEM | EA alive. Tick=27100 Equity=45490.80 OpenPos=0 UTC=2026.03.09 02:18 DayOfWeek=1 WeekendCloseActive=NO NewTradeBlocked=NO | 27100.000000
CR	0	20:19:15.400	Cazyxio_v4.1 (EURUSD,M15)	2026.03.09 02:19:15 | HEARTBEAT | SYSTEM | EA alive. Tick=27200 Equity=45490.80 OpenPos=0 UTC=2026.03.09 02:19 DayOfWeek=1 WeekendCloseActive=NO NewTradeBlocked=NO | 27200.000000
HF	0	20:20:03.568	Cazyxio_v4.1 (EURUSD,M15)	2026.03.09 02:20:03 | HEARTBEAT | SYSTEM | EA alive. Tick=27300 Equity=45490.80 OpenPos=0 UTC=2026.03.09 02:20 DayOfWeek=1 WeekendCloseActive=NO NewTradeBlocked=NO | 27300.000000
CJ	0	20:20:55.691	Cazyxio_v4.1 (EURUSD,M15)	2026.03.09 02:20:55 | HEARTBEAT | SYSTEM | EA alive. Tick=27400 Equity=45490.80 OpenPos=0 UTC=2026.03.09 02:20 DayOfWeek=1 WeekendCloseActive=NO NewTradeBlocked=NO | 27400.000000
KN	0	20:21:45.667	Cazyxio_v4.1 (EURUSD,M15)	2026.03.09 02:21:45 | HEARTBEAT | SYSTEM | EA alive. Tick=27500 Equity=45490.80 OpenPos=0 UTC=2026.03.09 02:21 DayOfWeek=1 WeekendCloseActive=NO NewTradeBlocked=NO | 27500.000000
NR	0	20:22:53.412	Cazyxio_v4.1 (EURUSD,M15)	2026.03.09 02:22:53 | HEARTBEAT | SYSTEM | EA alive. Tick=27600 Equity=45490.80 OpenPos=0 UTC=2026.03.09 02:22 DayOfWeek=1 WeekendCloseActive=NO NewTradeBlocked=NO | 27600.000000
OF	0	20:23:38.076	Cazyxio_v4.1 (EURUSD,M15)	2026.03.09 02:23:38 | HEARTBEAT | SYSTEM | EA alive. Tick=27700 Equity=45490.80 OpenPos=0 UTC=2026.03.09 02:23 DayOfWeek=1 WeekendCloseActive=NO NewTradeBlocked=NO | 27700.000000
LJ	0	20:24:19.517	Cazyxio_v4.1 (EURUSD,M15)	2026.03.09 02:24:19 | HEARTBEAT | SYSTEM | EA alive. Tick=27800 Equity=45490.80 OpenPos=0 UTC=2026.03.09 02:24 DayOfWeek=1 WeekendCloseActive=NO NewTradeBlocked=NO | 27800.000000
PN	0	20:25:24.969	Cazyxio_v4.1 (EURUSD,M15)	2026.03.09 02:25:24 | HEARTBEAT | SYSTEM | EA alive. Tick=27900 Equity=45490.80 OpenPos=0 UTC=2026.03.09 02:25 DayOfWeek=1 WeekendCloseActive=NO NewTradeBlocked=NO | 27900.000000
RR	0	20:26:17.689	Cazyxio_v4.1 (EURUSD,M15)	2026.03.09 02:26:17 | HEARTBEAT | SYSTEM | EA alive. Tick=28000 Equity=45490.80 OpenPos=0 UTC=2026.03.09 02:26 DayOfWeek=1 WeekendCloseActive=NO NewTradeBlocked=NO | 28000.000000
MF	0	20:27:16.366	Cazyxio_v4.1 (EURUSD,M15)	2026.03.09 02:27:16 | HEARTBEAT | SYSTEM | EA alive. Tick=28100 Equity=45490.80 OpenPos=0 UTC=2026.03.09 02:27 DayOfWeek=1 WeekendCloseActive=NO NewTradeBlocked=NO | 28100.000000
QJ	0	20:28:07.989	Cazyxio_v4.1 (EURUSD,M15)	2026.03.09 02:28:07 | HEARTBEAT | SYSTEM | EA alive. Tick=28200 Equity=45490.80 OpenPos=0 UTC=2026.03.09 02:28 DayOfWeek=1 WeekendCloseActive=NO NewTradeBlocked=NO | 28200.000000
RN	0	20:29:12.998	Cazyxio_v4.1 (EURUSD,M15)	2026.03.09 02:29:12 | HEARTBEAT | SYSTEM | EA alive. Tick=28300 Equity=45490.80 OpenPos=0 UTC=2026.03.09 02:29 DayOfWeek=1 WeekendCloseActive=NO NewTradeBlocked=NO | 28300.000000
LR	0	20:30:15.240	Cazyxio_v4.1 (EURUSD,M15)	2026.03.09 02:30:15 | HEARTBEAT | SYSTEM | EA alive. Tick=28400 Equity=45490.80 OpenPos=0 UTC=2026.03.09 02:30 DayOfWeek=1 WeekendCloseActive=NO NewTradeBlocked=NO | 28400.000000
QF	0	20:31:06.220	Cazyxio_v4.1 (EURUSD,M15)	2026.03.09 02:31:06 | HEARTBEAT | SYSTEM | EA alive. Tick=28500 Equity=45490.80 OpenPos=0 UTC=2026.03.09 02:31 DayOfWeek=1 WeekendCloseActive=NO NewTradeBlocked=NO | 28500.000000
OJ	0	20:32:00.247	Cazyxio_v4.1 (EURUSD,M15)	2026.03.09 02:32:00 | HEARTBEAT | SYSTEM | EA alive. Tick=28600 Equity=45490.80 OpenPos=0 UTC=2026.03.09 02:32 DayOfWeek=1 WeekendCloseActive=NO NewTradeBlocked=NO | 28600.000000
JN	0	20:32:48.280	Cazyxio_v4.1 (EURUSD,M15)	2026.03.09 02:32:48 | HEARTBEAT | SYSTEM | EA alive. Tick=28700 Equity=45490.80 OpenPos=0 UTC=2026.03.09 02:32 DayOfWeek=1 WeekendCloseActive=NO NewTradeBlocked=NO | 28700.000000
PR	0	20:33:48.098	Cazyxio_v4.1 (EURUSD,M15)	2026.03.09 02:33:48 | HEARTBEAT | SYSTEM | EA alive. Tick=28800 Equity=45490.80 OpenPos=0 UTC=2026.03.09 02:33 DayOfWeek=1 WeekendCloseActive=NO NewTradeBlocked=NO | 28800.000000
EF	0	20:35:09.181	Cazyxio_v4.1 (EURUSD,M15)	2026.03.09 02:35:09 | HEARTBEAT | SYSTEM | EA alive. Tick=28900 Equity=45490.80 OpenPos=0 UTC=2026.03.09 02:35 DayOfWeek=1 WeekendCloseActive=NO NewTradeBlocked=NO | 28900.000000
LJ	0	20:36:13.671	Cazyxio_v4.1 (EURUSD,M15)	2026.03.09 02:36:13 | HEARTBEAT | SYSTEM | EA alive. Tick=29000 Equity=45490.80 OpenPos=0 UTC=2026.03.09 02:36 DayOfWeek=1 WeekendCloseActive=NO NewTradeBlocked=NO | 29000.000000
PN	0	20:37:02.566	Cazyxio_v4.1 (EURUSD,M15)	2026.03.09 02:37:02 | HEARTBEAT | SYSTEM | EA alive. Tick=29100 Equity=45490.80 OpenPos=0 UTC=2026.03.09 02:37 DayOfWeek=1 WeekendCloseActive=NO NewTradeBlocked=NO | 29100.000000
FR	0	20:38:02.051	Cazyxio_v4.1 (EURUSD,M15)	2026.03.09 02:38:02 | HEARTBEAT | SYSTEM | EA alive. Tick=29200 Equity=45490.80 OpenPos=0 UTC=2026.03.09 02:38 DayOfWeek=1 WeekendCloseActive=NO NewTradeBlocked=NO | 29200.000000
MF	0	20:38:44.962	Cazyxio_v4.1 (EURUSD,M15)	2026.03.09 02:38:44 | HEARTBEAT | SYSTEM | EA alive. Tick=29300 Equity=45490.80 OpenPos=0 UTC=2026.03.09 02:38 DayOfWeek=1 WeekendCloseActive=NO NewTradeBlocked=NO | 29300.000000
JJ	0	20:39:53.274	Cazyxio_v4.1 (EURUSD,M15)	2026.03.09 02:39:53 | HEARTBEAT | SYSTEM | EA alive. Tick=29400 Equity=45490.80 OpenPos=0 UTC=2026.03.09 02:39 DayOfWeek=1 WeekendCloseActive=NO NewTradeBlocked=NO | 29400.000000
NN	0	20:40:42.416	Cazyxio_v4.1 (EURUSD,M15)	2026.03.09 02:40:42 | HEARTBEAT | SYSTEM | EA alive. Tick=29500 Equity=45490.80 OpenPos=0 UTC=2026.03.09 02:40 DayOfWeek=1 WeekendCloseActive=NO NewTradeBlocked=NO | 29500.000000
NR	0	20:41:36.435	Cazyxio_v4.1 (EURUSD,M15)	2026.03.09 02:41:36 | HEARTBEAT | SYSTEM | EA alive. Tick=29600 Equity=45490.80 OpenPos=0 UTC=2026.03.09 02:41 DayOfWeek=1 WeekendCloseActive=NO NewTradeBlocked=NO | 29600.000000
IF	0	20:42:33.095	Cazyxio_v4.1 (EURUSD,M15)	2026.03.09 02:42:33 | HEARTBEAT | SYSTEM | EA alive. Tick=29700 Equity=45490.80 OpenPos=0 UTC=2026.03.09 02:42 DayOfWeek=1 WeekendCloseActive=NO NewTradeBlocked=NO | 29700.000000
JJ	0	20:43:23.581	Cazyxio_v4.1 (EURUSD,M15)	2026.03.09 02:43:23 | HEARTBEAT | SYSTEM | EA alive. Tick=29800 Equity=45490.80 OpenPos=0 UTC=2026.03.09 02:43 DayOfWeek=1 WeekendCloseActive=NO NewTradeBlocked=NO | 29800.000000
NN	0	20:44:14.272	Cazyxio_v4.1 (EURUSD,M15)	2026.03.09 02:44:14 | HEARTBEAT | SYSTEM | EA alive. Tick=29900 Equity=45490.80 OpenPos=0 UTC=2026.03.09 02:44 DayOfWeek=1 WeekendCloseActive=NO NewTradeBlocked=NO | 29900.000000
JR	0	20:45:28.280	Cazyxio_v4.1 (EURUSD,M15)	2026.03.09 02:45:28 | HEARTBEAT | SYSTEM | EA alive. Tick=30000 Equity=45490.80 OpenPos=0 UTC=2026.03.09 02:45 DayOfWeek=1 WeekendCloseActive=NO NewTradeBlocked=NO | 30000.000000
JF	0	20:46:32.494	Cazyxio_v4.1 (EURUSD,M15)	2026.03.09 02:46:32 | HEARTBEAT | SYSTEM | EA alive. Tick=30100 Equity=45490.80 OpenPos=0 UTC=2026.03.09 02:46 DayOfWeek=1 WeekendCloseActive=NO NewTradeBlocked=NO | 30100.000000
DJ	0	20:47:32.482	Cazyxio_v4.1 (EURUSD,M15)	2026.03.09 02:47:32 | HEARTBEAT | SYSTEM | EA alive. Tick=30200 Equity=45490.80 OpenPos=0 UTC=2026.03.09 02:47 DayOfWeek=1 WeekendCloseActive=NO NewTradeBlocked=NO | 30200.000000
MN	0	20:48:45.039	Cazyxio_v4.1 (EURUSD,M15)	2026.03.09 02:48:45 | HEARTBEAT | SYSTEM | EA alive. Tick=30300 Equity=45490.80 OpenPos=0 UTC=2026.03.09 02:48 DayOfWeek=1 WeekendCloseActive=NO NewTradeBlocked=NO | 30300.000000
HR	0	20:49:53.545	Cazyxio_v4.1 (EURUSD,M15)	2026.03.09 02:49:53 | HEARTBEAT | SYSTEM | EA alive. Tick=30400 Equity=45490.80 OpenPos=0 UTC=2026.03.09 02:49 DayOfWeek=1 WeekendCloseActive=NO NewTradeBlocked=NO | 30400.000000
JF	0	20:50:58.907	Cazyxio_v4.1 (EURUSD,M15)	2026.03.09 02:50:58 | HEARTBEAT | SYSTEM | EA alive. Tick=30500 Equity=45490.80 OpenPos=0 UTC=2026.03.09 02:50 DayOfWeek=1 WeekendCloseActive=NO NewTradeBlocked=NO | 30500.000000
GJ	0	20:52:02.168	Cazyxio_v4.1 (EURUSD,M15)	2026.03.09 02:52:02 | HEARTBEAT | SYSTEM | EA alive. Tick=30600 Equity=45490.80 OpenPos=0 UTC=2026.03.09 02:52 DayOfWeek=1 WeekendCloseActive=NO NewTradeBlocked=NO | 30600.000000
LN	0	20:53:08.298	Cazyxio_v4.1 (EURUSD,M15)	2026.03.09 02:53:08 | HEARTBEAT | SYSTEM | EA alive. Tick=30700 Equity=45490.80 OpenPos=0 UTC=2026.03.09 02:53 DayOfWeek=1 WeekendCloseActive=NO NewTradeBlocked=NO | 30700.000000
RR	0	20:53:53.984	Cazyxio_v4.1 (EURUSD,M15)	2026.03.09 02:53:53 | HEARTBEAT | SYSTEM | EA alive. Tick=30800 Equity=45490.80 OpenPos=0 UTC=2026.03.09 02:53 DayOfWeek=1 WeekendCloseActive=NO NewTradeBlocked=NO | 30800.000000
RF	0	20:54:42.277	Cazyxio_v4.1 (EURUSD,M15)	2026.03.09 02:54:42 | HEARTBEAT | SYSTEM | EA alive. Tick=30900 Equity=45490.80 OpenPos=0 UTC=2026.03.09 02:54 DayOfWeek=1 WeekendCloseActive=NO NewTradeBlocked=NO | 30900.000000
NJ	0	20:55:47.016	Cazyxio_v4.1 (EURUSD,M15)	2026.03.09 02:55:47 | HEARTBEAT | SYSTEM | EA alive. Tick=31000 Equity=45490.80 OpenPos=0 UTC=2026.03.09 02:55 DayOfWeek=1 WeekendCloseActive=NO NewTradeBlocked=NO | 31000.000000
LN	0	20:56:56.897	Cazyxio_v4.1 (EURUSD,M15)	2026.03.09 02:56:56 | HEARTBEAT | SYSTEM | EA alive. Tick=31100 Equity=45490.80 OpenPos=0 UTC=2026.03.09 02:56 DayOfWeek=1 WeekendCloseActive=NO NewTradeBlocked=NO | 31100.000000
JR	0	20:57:52.458	Cazyxio_v4.1 (EURUSD,M15)	2026.03.09 02:57:52 | HEARTBEAT | SYSTEM | EA alive. Tick=31200 Equity=45490.80 OpenPos=0 UTC=2026.03.09 02:57 DayOfWeek=1 WeekendCloseActive=NO NewTradeBlocked=NO | 31200.000000
KF	0	20:58:45.081	Cazyxio_v4.1 (EURUSD,M15)	2026.03.09 02:58:45 | HEARTBEAT | SYSTEM | EA alive. Tick=31300 Equity=45490.80 OpenPos=0 UTC=2026.03.09 02:58 DayOfWeek=1 WeekendCloseActive=NO NewTradeBlocked=NO | 31300.000000
OJ	0	20:59:53.950	Cazyxio_v4.1 (EURUSD,M15)	2026.03.09 02:59:53 | HEARTBEAT | SYSTEM | EA alive. Tick=31400 Equity=45490.80 OpenPos=0 UTC=2026.03.09 02:59 DayOfWeek=1 WeekendCloseActive=NO NewTradeBlocked=NO | 31400.000000
OL	0	21:00:00.252	Cazyxio_v4.1 (EURUSD,M15)	2026.03.09 03:00:00 | SESSION_WAIT | SYSTEM | Outside session. UTC_hour=3 Sessions: 7:00-17:00 and 12:00-21:00 UTC. Waiting.
FK	0	21:00:38.192	Cazyxio_v4.1 (EURUSD,M15)	2026.03.09 03:00:38 | HEARTBEAT | SYSTEM | EA alive. Tick=31500 Equity=45490.80 OpenPos=0 UTC=2026.03.09 03:00 DayOfWeek=1 WeekendCloseActive=NO NewTradeBlocked=NO | 31500.000000
NO	0	21:01:33.131	Cazyxio_v4.1 (EURUSD,M15)	2026.03.09 03:01:33 | HEARTBEAT | SYSTEM | EA alive. Tick=31600 Equity=45490.80 OpenPos=0 UTC=2026.03.09 03:01 DayOfWeek=1 WeekendCloseActive=NO NewTradeBlocked=NO | 31600.000000
PS	0	21:02:38.745	Cazyxio_v4.1 (EURUSD,M15)	2026.03.09 03:02:38 | HEARTBEAT | SYSTEM | EA alive. Tick=31700 Equity=45490.80 OpenPos=0 UTC=2026.03.09 03:02 DayOfWeek=1 WeekendCloseActive=NO NewTradeBlocked=NO | 31700.000000
GG	0	21:03:57.907	Cazyxio_v4.1 (EURUSD,M15)	2026.03.09 03:03:57 | HEARTBEAT | SYSTEM | EA alive. Tick=31800 Equity=45490.80 OpenPos=0 UTC=2026.03.09 03:03 DayOfWeek=1 WeekendCloseActive=NO NewTradeBlocked=NO | 31800.000000
LK	0	21:05:13.498	Cazyxio_v4.1 (EURUSD,M15)	2026.03.09 03:05:13 | HEARTBEAT | SYSTEM | EA alive. Tick=31900 Equity=45490.80 OpenPos=0 UTC=2026.03.09 03:05 DayOfWeek=1 WeekendCloseActive=NO NewTradeBlocked=NO | 31900.000000
PO	0	21:06:22.389	Cazyxio_v4.1 (EURUSD,M15)	2026.03.09 03:06:22 | HEARTBEAT | SYSTEM | EA alive. Tick=32000 Equity=45490.80 OpenPos=0 UTC=2026.03.09 03:06 DayOfWeek=1 WeekendCloseActive=NO NewTradeBlocked=NO | 32000.000000
MS	0	21:07:40.150	Cazyxio_v4.1 (EURUSD,M15)	2026.03.09 03:07:40 | HEARTBEAT | SYSTEM | EA alive. Tick=32100 Equity=45490.80 OpenPos=0 UTC=2026.03.09 03:07 DayOfWeek=1 WeekendCloseActive=NO NewTradeBlocked=NO | 32100.000000
CG	0	21:09:08.536	Cazyxio_v4.1 (EURUSD,M15)	2026.03.09 03:09:08 | HEARTBEAT | SYSTEM | EA alive. Tick=32200 Equity=45490.80 OpenPos=0 UTC=2026.03.09 03:09 DayOfWeek=1 WeekendCloseActive=NO NewTradeBlocked=NO | 32200.000000
RK	0	21:10:16.465	Cazyxio_v4.1 (EURUSD,M15)	2026.03.09 03:10:16 | HEARTBEAT | SYSTEM | EA alive. Tick=32300 Equity=45490.80 OpenPos=0 UTC=2026.03.09 03:10 DayOfWeek=1 WeekendCloseActive=NO NewTradeBlocked=NO | 32300.000000
LO	0	21:11:06.189	Cazyxio_v4.1 (EURUSD,M15)	2026.03.09 03:11:06 | HEARTBEAT | SYSTEM | EA alive. Tick=32400 Equity=45490.80 OpenPos=0 UTC=2026.03.09 03:11 DayOfWeek=1 WeekendCloseActive=NO NewTradeBlocked=NO | 32400.000000
LS	0	21:12:19.276	Cazyxio_v4.1 (EURUSD,M15)	2026.03.09 03:12:19 | HEARTBEAT | SYSTEM | EA alive. Tick=32500 Equity=45490.80 OpenPos=0 UTC=2026.03.09 03:12 DayOfWeek=1 WeekendCloseActive=NO NewTradeBlocked=NO | 32500.000000
HG	0	21:13:20.853	Cazyxio_v4.1 (EURUSD,M15)	2026.03.09 03:13:20 | HEARTBEAT | SYSTEM | EA alive. Tick=32600 Equity=45490.80 OpenPos=0 UTC=2026.03.09 03:13 DayOfWeek=1 WeekendCloseActive=NO NewTradeBlocked=NO | 32600.000000
GK	0	21:14:40.109	Cazyxio_v4.1 (EURUSD,M15)	2026.03.09 03:14:40 | HEARTBEAT | SYSTEM | EA alive. Tick=32700 Equity=45490.80 OpenPos=0 UTC=2026.03.09 03:14 DayOfWeek=1 WeekendCloseActive=NO NewTradeBlocked=NO | 32700.000000
LO	0	21:15:51.895	Cazyxio_v4.1 (EURUSD,M15)	2026.03.09 03:15:51 | HEARTBEAT | SYSTEM | EA alive. Tick=32800 Equity=45490.80 OpenPos=0 UTC=2026.03.09 03:15 DayOfWeek=1 WeekendCloseActive=NO NewTradeBlocked=NO | 32800.000000
HS	0	21:16:58.469	Cazyxio_v4.1 (EURUSD,M15)	2026.03.09 03:16:58 | HEARTBEAT | SYSTEM | EA alive. Tick=32900 Equity=45490.80 OpenPos=0 UTC=2026.03.09 03:16 DayOfWeek=1 WeekendCloseActive=NO NewTradeBlocked=NO | 32900.000000
EG	0	21:18:31.882	Cazyxio_v4.1 (EURUSD,M15)	2026.03.09 03:18:31 | HEARTBEAT | SYSTEM | EA alive. Tick=33000 Equity=45490.80 OpenPos=0 UTC=2026.03.09 03:18 DayOfWeek=1 WeekendCloseActive=NO NewTradeBlocked=NO | 33000.000000
DK	0	21:19:45.198	Cazyxio_v4.1 (EURUSD,M15)	2026.03.09 03:19:45 | HEARTBEAT | SYSTEM | EA alive. Tick=33100 Equity=45490.80 OpenPos=0 UTC=2026.03.09 03:19 DayOfWeek=1 WeekendCloseActive=NO NewTradeBlocked=NO | 33100.000000
QO	0	21:20:39.647	Cazyxio_v4.1 (EURUSD,M15)	2026.03.09 03:20:39 | HEARTBEAT | SYSTEM | EA alive. Tick=33200 Equity=45490.80 OpenPos=0 UTC=2026.03.09 03:20 DayOfWeek=1 WeekendCloseActive=NO NewTradeBlocked=NO | 33200.000000
CS	0	21:21:32.309	Cazyxio_v4.1 (EURUSD,M15)	2026.03.09 03:21:32 | HEARTBEAT | SYSTEM | EA alive. Tick=33300 Equity=45490.80 OpenPos=0 UTC=2026.03.09 03:21 DayOfWeek=1 WeekendCloseActive=NO NewTradeBlocked=NO | 33300.000000
HG	0	21:22:20.158	Cazyxio_v4.1 (EURUSD,M15)	2026.03.09 03:22:20 | HEARTBEAT | SYSTEM | EA alive. Tick=33400 Equity=45490.80 OpenPos=0 UTC=2026.03.09 03:22 DayOfWeek=1 WeekendCloseActive=NO NewTradeBlocked=NO | 33400.000000
RK	0	21:23:45.700	Cazyxio_v4.1 (EURUSD,M15)	2026.03.09 03:23:45 | HEARTBEAT | SYSTEM | EA alive. Tick=33500 Equity=45490.80 OpenPos=0 UTC=2026.03.09 03:23 DayOfWeek=1 WeekendCloseActive=NO NewTradeBlocked=NO | 33500.000000
PO	0	21:25:00.223	Cazyxio_v4.1 (EURUSD,M15)	2026.03.09 03:25:00 | HEARTBEAT | SYSTEM | EA alive. Tick=33600 Equity=45490.80 OpenPos=0 UTC=2026.03.09 03:25 DayOfWeek=1 WeekendCloseActive=NO NewTradeBlocked=NO | 33600.000000
QS	0	21:26:17.344	Cazyxio_v4.1 (EURUSD,M15)	2026.03.09 03:26:17 | HEARTBEAT | SYSTEM | EA alive. Tick=33700 Equity=45490.80 OpenPos=0 UTC=2026.03.09 03:26 DayOfWeek=1 WeekendCloseActive=NO NewTradeBlocked=NO | 33700.000000
CG	0	21:27:29.396	Cazyxio_v4.1 (EURUSD,M15)	2026.03.09 03:27:29 | HEARTBEAT | SYSTEM | EA alive. Tick=33800 Equity=45490.80 OpenPos=0 UTC=2026.03.09 03:27 DayOfWeek=1 WeekendCloseActive=NO NewTradeBlocked=NO | 33800.000000
NK	0	21:28:55.338	Cazyxio_v4.1 (EURUSD,M15)	2026.03.09 03:28:55 | HEARTBEAT | SYSTEM | EA alive. Tick=33900 Equity=45490.80 OpenPos=0 UTC=2026.03.09 03:28 DayOfWeek=1 WeekendCloseActive=NO NewTradeBlocked=NO | 33900.000000
IO	0	21:30:07.851	Cazyxio_v4.1 (EURUSD,M15)	2026.03.09 03:30:07 | HEARTBEAT | SYSTEM | EA alive. Tick=34000 Equity=45490.80 OpenPos=0 UTC=2026.03.09 03:30 DayOfWeek=1 WeekendCloseActive=NO NewTradeBlocked=NO | 34000.000000
IS	0	21:31:24.836	Cazyxio_v4.1 (EURUSD,M15)	2026.03.09 03:31:24 | HEARTBEAT | SYSTEM | EA alive. Tick=34100 Equity=45490.80 OpenPos=0 UTC=2026.03.09 03:31 DayOfWeek=1 WeekendCloseActive=NO NewTradeBlocked=NO | 34100.000000
KG	0	21:32:36.257	Cazyxio_v4.1 (EURUSD,M15)	2026.03.09 03:32:36 | HEARTBEAT | SYSTEM | EA alive. Tick=34200 Equity=45490.80 OpenPos=0 UTC=2026.03.09 03:32 DayOfWeek=1 WeekendCloseActive=NO NewTradeBlocked=NO | 34200.000000
IK	0	21:33:41.186	Cazyxio_v4.1 (EURUSD,M15)	2026.03.09 03:33:41 | HEARTBEAT | SYSTEM | EA alive. Tick=34300 Equity=45490.80 OpenPos=0 UTC=2026.03.09 03:33 DayOfWeek=1 WeekendCloseActive=NO NewTradeBlocked=NO | 34300.000000
OO	0	21:34:58.165	Cazyxio_v4.1 (EURUSD,M15)	2026.03.09 03:34:58 | HEARTBEAT | SYSTEM | EA alive. Tick=34400 Equity=45490.80 OpenPos=0 UTC=2026.03.09 03:34 DayOfWeek=1 WeekendCloseActive=NO NewTradeBlocked=NO | 34400.000000
MS	0	21:36:04.273	Cazyxio_v4.1 (EURUSD,M15)	2026.03.09 03:36:04 | HEARTBEAT | SYSTEM | EA alive. Tick=34500 Equity=45490.80 OpenPos=0 UTC=2026.03.09 03:36 DayOfWeek=1 WeekendCloseActive=NO NewTradeBlocked=NO | 34500.000000
KG	0	21:37:32.849	Cazyxio_v4.1 (EURUSD,M15)	2026.03.09 03:37:32 | HEARTBEAT | SYSTEM | EA alive. Tick=34600 Equity=45490.80 OpenPos=0 UTC=2026.03.09 03:37 DayOfWeek=1 WeekendCloseActive=NO NewTradeBlocked=NO | 34600.000000
JK	0	21:38:51.445	Cazyxio_v4.1 (EURUSD,M15)	2026.03.09 03:38:51 | HEARTBEAT | SYSTEM | EA alive. Tick=34700 Equity=45490.80 OpenPos=0 UTC=2026.03.09 03:38 DayOfWeek=1 WeekendCloseActive=NO NewTradeBlocked=NO | 34700.000000
CO	0	21:39:40.663	Cazyxio_v4.1 (EURUSD,M15)	2026.03.09 03:39:40 | HEARTBEAT | SYSTEM | EA alive. Tick=34800 Equity=45490.80 OpenPos=0 UTC=2026.03.09 03:39 DayOfWeek=1 WeekendCloseActive=NO NewTradeBlocked=NO | 34800.000000
MS	0	21:40:41.016	Cazyxio_v4.1 (EURUSD,M15)	2026.03.09 03:40:41 | HEARTBEAT | SYSTEM | EA alive. Tick=34900 Equity=45490.80 OpenPos=0 UTC=2026.03.09 03:40 DayOfWeek=1 WeekendCloseActive=NO NewTradeBlocked=NO | 34900.000000
FG	0	21:41:42.186	Cazyxio_v4.1 (EURUSD,M15)	2026.03.09 03:41:42 | HEARTBEAT | SYSTEM | EA alive. Tick=35000 Equity=45490.80 OpenPos=0 UTC=2026.03.09 03:41 DayOfWeek=1 WeekendCloseActive=NO NewTradeBlocked=NO | 35000.000000
PK	0	21:42:54.211	Cazyxio_v4.1 (EURUSD,M15)	2026.03.09 03:42:54 | HEARTBEAT | SYSTEM | EA alive. Tick=35100 Equity=45490.80 OpenPos=0 UTC=2026.03.09 03:42 DayOfWeek=1 WeekendCloseActive=NO NewTradeBlocked=NO | 35100.000000
GO	0	21:44:23.683	Cazyxio_v4.1 (EURUSD,M15)	2026.03.09 03:44:23 | HEARTBEAT | SYSTEM | EA alive. Tick=35200 Equity=45490.80 OpenPos=0 UTC=2026.03.09 03:44 DayOfWeek=1 WeekendCloseActive=NO NewTradeBlocked=NO | 35200.000000
QS	0	21:45:59.170	Cazyxio_v4.1 (EURUSD,M15)	2026.03.09 03:45:59 | HEARTBEAT | SYSTEM | EA alive. Tick=35300 Equity=45490.80 OpenPos=0 UTC=2026.03.09 03:45 DayOfWeek=1 WeekendCloseActive=NO NewTradeBlocked=NO | 35300.000000
HG	0	21:47:29.096	Cazyxio_v4.1 (EURUSD,M15)	2026.03.09 03:47:29 | HEARTBEAT | SYSTEM | EA alive. Tick=35400 Equity=45490.80 OpenPos=0 UTC=2026.03.09 03:47 DayOfWeek=1 WeekendCloseActive=NO NewTradeBlocked=NO | 35400.000000
QK	0	21:48:55.795	Cazyxio_v4.1 (EURUSD,M15)	2026.03.09 03:48:55 | HEARTBEAT | SYSTEM | EA alive. Tick=35500 Equity=45490.80 OpenPos=0 UTC=2026.03.09 03:48 DayOfWeek=1 WeekendCloseActive=NO NewTradeBlocked=NO | 35500.000000
QO	0	21:50:24.750	Cazyxio_v4.1 (EURUSD,M15)	2026.03.09 03:50:24 | HEARTBEAT | SYSTEM | EA alive. Tick=35600 Equity=45490.80 OpenPos=0 UTC=2026.03.09 03:50 DayOfWeek=1 WeekendCloseActive=NO NewTradeBlocked=NO | 35600.000000
NS	0	21:52:03.511	Cazyxio_v4.1 (EURUSD,M15)	2026.03.09 03:52:03 | HEARTBEAT | SYSTEM | EA alive. Tick=35700 Equity=45490.80 OpenPos=0 UTC=2026.03.09 03:52 DayOfWeek=1 WeekendCloseActive=NO NewTradeBlocked=NO | 35700.000000
RG	0	21:53:31.099	Cazyxio_v4.1 (EURUSD,M15)	2026.03.09 03:53:31 | HEARTBEAT | SYSTEM | EA alive. Tick=35800 Equity=45490.80 OpenPos=0 UTC=2026.03.09 03:53 DayOfWeek=1 WeekendCloseActive=NO NewTradeBlocked=NO | 35800.000000
KK	0	21:54:43.264	Cazyxio_v4.1 (EURUSD,M15)	2026.03.09 03:54:43 | HEARTBEAT | SYSTEM | EA alive. Tick=35900 Equity=45490.80 OpenPos=0 UTC=2026.03.09 03:54 DayOfWeek=1 WeekendCloseActive=NO NewTradeBlocked=NO | 35900.000000
NO	0	21:56:18.890	Cazyxio_v4.1 (EURUSD,M15)	2026.03.09 03:56:18 | HEARTBEAT | SYSTEM | EA alive. Tick=36000 Equity=45490.80 OpenPos=0 UTC=2026.03.09 03:56 DayOfWeek=1 WeekendCloseActive=NO NewTradeBlocked=NO | 36000.000000
RS	0	21:57:49.343	Cazyxio_v4.1 (EURUSD,M15)	2026.03.09 03:57:49 | HEARTBEAT | SYSTEM | EA alive. Tick=36100 Equity=45490.80 OpenPos=0 UTC=2026.03.09 03:57 DayOfWeek=1 WeekendCloseActive=NO NewTradeBlocked=NO | 36100.000000
JG	0	21:59:12.543	Cazyxio_v4.1 (EURUSD,M15)	2026.03.09 03:59:12 | HEARTBEAT | SYSTEM | EA alive. Tick=36200 Equity=45490.80 OpenPos=0 UTC=2026.03.09 03:59 DayOfWeek=1 WeekendCloseActive=NO NewTradeBlocked=NO | 36200.000000
KI	0	22:00:00.402	Cazyxio_v4.1 (EURUSD,M15)	2026.03.09 04:00:00 | SESSION_WAIT | SYSTEM | Outside session. UTC_hour=4 Sessions: 7:00-17:00 and 12:00-21:00 UTC. Waiting.
HE	0	22:00:13.560	Cazyxio_v4.1 (EURUSD,M15)	2026.03.09 04:00:13 | HEARTBEAT | SYSTEM | EA alive. Tick=36300 Equity=45490.80 OpenPos=0 UTC=2026.03.09 04:00 DayOfWeek=1 WeekendCloseActive=NO NewTradeBlocked=NO | 36300.000000
HI	0	22:01:36.332	Cazyxio_v4.1 (EURUSD,M15)	2026.03.09 04:01:36 | HEARTBEAT | SYSTEM | EA alive. Tick=36400 Equity=45490.80 OpenPos=0 UTC=2026.03.09 04:01 DayOfWeek=1 WeekendCloseActive=NO NewTradeBlocked=NO | 36400.000000
JM	0	22:02:52.726	Cazyxio_v4.1 (EURUSD,M15)	2026.03.09 04:02:52 | HEARTBEAT | SYSTEM | EA alive. Tick=36500 Equity=45490.80 OpenPos=0 UTC=2026.03.09 04:02 DayOfWeek=1 WeekendCloseActive=NO NewTradeBlocked=NO | 36500.000000
QQ	0	22:04:08.837	Cazyxio_v4.1 (EURUSD,M15)	2026.03.09 04:04:08 | HEARTBEAT | SYSTEM | EA alive. Tick=36600 Equity=45490.80 OpenPos=0 UTC=2026.03.09 04:04 DayOfWeek=1 WeekendCloseActive=NO NewTradeBlocked=NO | 36600.000000
EE	0	22:05:48.089	Cazyxio_v4.1 (EURUSD,M15)	2026.03.09 04:05:48 | HEARTBEAT | SYSTEM | EA alive. Tick=36700 Equity=45490.80 OpenPos=0 UTC=2026.03.09 04:05 DayOfWeek=1 WeekendCloseActive=NO NewTradeBlocked=NO | 36700.000000
FI	0	22:07:03.893	Cazyxio_v4.1 (EURUSD,M15)	2026.03.09 04:07:03 | HEARTBEAT | SYSTEM | EA alive. Tick=36800 Equity=45490.80 OpenPos=0 UTC=2026.03.09 04:07 DayOfWeek=1 WeekendCloseActive=NO NewTradeBlocked=NO | 36800.000000
EM	0	22:08:40.873	Cazyxio_v4.1 (EURUSD,M15)	2026.03.09 04:08:40 | HEARTBEAT | SYSTEM | EA alive. Tick=36900 Equity=45490.80 OpenPos=0 UTC=2026.03.09 04:08 DayOfWeek=1 WeekendCloseActive=NO NewTradeBlocked=NO | 36900.000000
QQ	0	22:09:57.818	Cazyxio_v4.1 (EURUSD,M15)	2026.03.09 04:09:57 | HEARTBEAT | SYSTEM | EA alive. Tick=37000 Equity=45490.80 OpenPos=0 UTC=2026.03.09 04:09 DayOfWeek=1 WeekendCloseActive=NO NewTradeBlocked=NO | 37000.000000
GE	0	22:11:38.929	Cazyxio_v4.1 (EURUSD,M15)	2026.03.09 04:11:38 | HEARTBEAT | SYSTEM | EA alive. Tick=37100 Equity=45490.80 OpenPos=0 UTC=2026.03.09 04:11 DayOfWeek=1 WeekendCloseActive=NO NewTradeBlocked=NO | 37100.000000
FI	0	22:13:08.456	Cazyxio_v4.1 (EURUSD,M15)	2026.03.09 04:13:08 | HEARTBEAT | SYSTEM | EA alive. Tick=37200 Equity=45490.80 OpenPos=0 UTC=2026.03.09 04:13 DayOfWeek=1 WeekendCloseActive=NO NewTradeBlocked=NO | 37200.000000
IM	0	22:14:59.234	Cazyxio_v4.1 (EURUSD,M15)	2026.03.09 04:14:59 | HEARTBEAT | SYSTEM | EA alive. Tick=37300 Equity=45490.80 OpenPos=0 UTC=2026.03.09 04:14 DayOfWeek=1 WeekendCloseActive=NO NewTradeBlocked=NO | 37300.000000
OQ	0	22:16:45.508	Cazyxio_v4.1 (EURUSD,M15)	2026.03.09 04:16:45 | HEARTBEAT | SYSTEM | EA alive. Tick=37400 Equity=45490.80 OpenPos=0 UTC=2026.03.09 04:16 DayOfWeek=1 WeekendCloseActive=NO NewTradeBlocked=NO | 37400.000000
OE	0	22:18:52.164	Cazyxio_v4.1 (EURUSD,M15)	2026.03.09 04:18:52 | HEARTBEAT | SYSTEM | EA alive. Tick=37500 Equity=45490.80 OpenPos=0 UTC=2026.03.09 04:18 DayOfWeek=1 WeekendCloseActive=NO NewTradeBlocked=NO | 37500.000000
II	0	22:21:36.074	Cazyxio_v4.1 (EURUSD,M15)	2026.03.09 04:21:36 | HEARTBEAT | SYSTEM | EA alive. Tick=37600 Equity=45490.80 OpenPos=0 UTC=2026.03.09 04:21 DayOfWeek=1 WeekendCloseActive=NO NewTradeBlocked=NO | 37600.000000
GM	0	22:24:08.554	Cazyxio_v4.1 (EURUSD,M15)	2026.03.09 04:24:08 | HEARTBEAT | SYSTEM | EA alive. Tick=37700 Equity=45490.80 OpenPos=0 UTC=2026.03.09 04:24 DayOfWeek=1 WeekendCloseActive=NO NewTradeBlocked=NO | 37700.000000
MQ	0	22:25:53.759	Cazyxio_v4.1 (EURUSD,M15)	2026.03.09 04:25:53 | HEARTBEAT | SYSTEM | EA alive. Tick=37800 Equity=45490.80 OpenPos=0 UTC=2026.03.09 04:25 DayOfWeek=1 WeekendCloseActive=NO NewTradeBlocked=NO | 37800.000000
EE	0	22:27:41.625	Cazyxio_v4.1 (EURUSD,M15)	2026.03.09 04:27:41 | HEARTBEAT | SYSTEM | EA alive. Tick=37900 Equity=45490.80 OpenPos=0 UTC=2026.03.09 04:27 DayOfWeek=1 WeekendCloseActive=NO NewTradeBlocked=NO | 37900.000000
MI	0	22:29:15.421	Cazyxio_v4.1 (EURUSD,M15)	2026.03.09 04:29:15 | HEARTBEAT | SYSTEM | EA alive. Tick=38000 Equity=45490.80 OpenPos=0 UTC=2026.03.09 04:29 DayOfWeek=1 WeekendCloseActive=NO NewTradeBlocked=NO | 38000.000000
CM	0	22:30:30.005	Cazyxio_v4.1 (EURUSD,M15)	2026.03.09 04:30:30 | HEARTBEAT | SYSTEM | EA alive. Tick=38100 Equity=45490.80 OpenPos=0 UTC=2026.03.09 04:30 DayOfWeek=1 WeekendCloseActive=NO NewTradeBlocked=NO | 38100.000000
GQ	0	22:32:01.298	Cazyxio_v4.1 (EURUSD,M15)	2026.03.09 04:32:01 | HEARTBEAT | SYSTEM | EA alive. Tick=38200 Equity=45490.80 OpenPos=0 UTC=2026.03.09 04:32 DayOfWeek=1 WeekendCloseActive=NO NewTradeBlocked=NO | 38200.000000
HE	0	22:33:14.102	Cazyxio_v4.1 (EURUSD,M15)	2026.03.09 04:33:14 | HEARTBEAT | SYSTEM | EA alive. Tick=38300 Equity=45490.80 OpenPos=0 UTC=2026.03.09 04:33 DayOfWeek=1 WeekendCloseActive=NO NewTradeBlocked=NO | 38300.000000
II	0	22:34:20.124	Cazyxio_v4.1 (EURUSD,M15)	2026.03.09 04:34:20 | HEARTBEAT | SYSTEM | EA alive. Tick=38400 Equity=45490.80 OpenPos=0 UTC=2026.03.09 04:34 DayOfWeek=1 WeekendCloseActive=NO NewTradeBlocked=NO | 38400.000000
CM	0	22:35:29.404	Cazyxio_v4.1 (EURUSD,M15)	2026.03.09 04:35:29 | HEARTBEAT | SYSTEM | EA alive. Tick=38500 Equity=45490.80 OpenPos=0 UTC=2026.03.09 04:35 DayOfWeek=1 WeekendCloseActive=NO NewTradeBlocked=NO | 38500.000000
PQ	0	22:37:22.582	Cazyxio_v4.1 (EURUSD,M15)	2026.03.09 04:37:22 | HEARTBEAT | SYSTEM | EA alive. Tick=38600 Equity=45490.80 OpenPos=0 UTC=2026.03.09 04:37 DayOfWeek=1 WeekendCloseActive=NO NewTradeBlocked=NO | 38600.000000
IE	0	22:39:18.082	Cazyxio_v4.1 (EURUSD,M15)	2026.03.09 04:39:18 | HEARTBEAT | SYSTEM | EA alive. Tick=38700 Equity=45490.80 OpenPos=0 UTC=2026.03.09 04:39 DayOfWeek=1 WeekendCloseActive=NO NewTradeBlocked=NO | 38700.000000
RI	0	22:41:11.268	Cazyxio_v4.1 (EURUSD,M15)	2026.03.09 04:41:11 | HEARTBEAT | SYSTEM | EA alive. Tick=38800 Equity=45490.80 OpenPos=0 UTC=2026.03.09 04:41 DayOfWeek=1 WeekendCloseActive=NO NewTradeBlocked=NO | 38800.000000
JM	0	22:43:27.789	Cazyxio_v4.1 (EURUSD,M15)	2026.03.09 04:43:27 | HEARTBEAT | SYSTEM | EA alive. Tick=38900 Equity=45490.80 OpenPos=0 UTC=2026.03.09 04:43 DayOfWeek=1 WeekendCloseActive=NO NewTradeBlocked=NO | 38900.000000
FQ	0	22:45:34.224	Cazyxio_v4.1 (EURUSD,M15)	2026.03.09 04:45:34 | HEARTBEAT | SYSTEM | EA alive. Tick=39000 Equity=45490.80 OpenPos=0 UTC=2026.03.09 04:45 DayOfWeek=1 WeekendCloseActive=NO NewTradeBlocked=NO | 39000.000000
DE	0	22:47:30.343	Cazyxio_v4.1 (EURUSD,M15)	2026.03.09 04:47:30 | HEARTBEAT | SYSTEM | EA alive. Tick=39100 Equity=45490.80 OpenPos=0 UTC=2026.03.09 04:47 DayOfWeek=1 WeekendCloseActive=NO NewTradeBlocked=NO | 39100.000000
HI	0	22:50:18.420	Cazyxio_v4.1 (EURUSD,M15)	2026.03.09 04:50:18 | HEARTBEAT | SYSTEM | EA alive. Tick=39200 Equity=45490.80 OpenPos=0 UTC=2026.03.09 04:50 DayOfWeek=1 WeekendCloseActive=NO NewTradeBlocked=NO | 39200.000000
DM	0	22:52:44.356	Cazyxio_v4.1 (EURUSD,M15)	2026.03.09 04:52:44 | HEARTBEAT | SYSTEM | EA alive. Tick=39300 Equity=45490.80 OpenPos=0 UTC=2026.03.09 04:52 DayOfWeek=1 WeekendCloseActive=NO NewTradeBlocked=NO | 39300.000000
MQ	0	22:54:31.368	Cazyxio_v4.1 (EURUSD,M15)	2026.03.09 04:54:31 | HEARTBEAT | SYSTEM | EA alive. Tick=39400 Equity=45490.80 OpenPos=0 UTC=2026.03.09 04:54 DayOfWeek=1 WeekendCloseActive=NO NewTradeBlocked=NO | 39400.000000
CE	0	22:55:49.251	Cazyxio_v4.1 (EURUSD,M15)	2026.03.09 04:55:49 | HEARTBEAT | SYSTEM | EA alive. Tick=39500 Equity=45490.80 OpenPos=0 UTC=2026.03.09 04:55 DayOfWeek=1 WeekendCloseActive=NO NewTradeBlocked=NO | 39500.000000
HI	0	22:57:23.032	Cazyxio_v4.1 (EURUSD,M15)	2026.03.09 04:57:23 | HEARTBEAT | SYSTEM | EA alive. Tick=39600 Equity=45490.80 OpenPos=0 UTC=2026.03.09 04:57 DayOfWeek=1 WeekendCloseActive=NO NewTradeBlocked=NO | 39600.000000
IM	0	22:58:55.148	Cazyxio_v4.1 (EURUSD,M15)	2026.03.09 04:58:55 | HEARTBEAT | SYSTEM | EA alive. Tick=39700 Equity=45490.80 OpenPos=0 UTC=2026.03.09 04:58 DayOfWeek=1 WeekendCloseActive=NO NewTradeBlocked=NO | 39700.000000
RS	0	23:00:00.286	Cazyxio_v4.1 (EURUSD,M15)	2026.03.09 05:00:00 | SESSION_WAIT | SYSTEM | Outside session. UTC_hour=5 Sessions: 7:00-17:00 and 12:00-21:00 UTC. Waiting.
GJ	0	23:00:02.632	Cazyxio_v4.1 (EURUSD,M15)	2026.03.09 05:00:02 | HEARTBEAT | SYSTEM | EA alive. Tick=39800 Equity=45490.80 OpenPos=0 UTC=2026.03.09 05:00 DayOfWeek=1 WeekendCloseActive=NO NewTradeBlocked=NO | 39800.000000
LN	0	23:00:47.569	Cazyxio_v4.1 (EURUSD,M15)	2026.03.09 05:00:47 | HEARTBEAT | SYSTEM | EA alive. Tick=39900 Equity=45490.80 OpenPos=0 UTC=2026.03.09 05:00 DayOfWeek=1 WeekendCloseActive=NO NewTradeBlocked=NO | 39900.000000
QR	0	23:01:29.378	Cazyxio_v4.1 (EURUSD,M15)	2026.03.09 05:01:29 | HEARTBEAT | SYSTEM | EA alive. Tick=40000 Equity=45490.80 OpenPos=0 UTC=2026.03.09 05:01 DayOfWeek=1 WeekendCloseActive=NO NewTradeBlocked=NO | 40000.000000
RF	0	23:02:30.916	Cazyxio_v4.1 (EURUSD,M15)	2026.03.09 05:02:30 | HEARTBEAT | SYSTEM | EA alive. Tick=40100 Equity=45490.80 OpenPos=0 UTC=2026.03.09 05:02 DayOfWeek=1 WeekendCloseActive=NO NewTradeBlocked=NO | 40100.000000
QJ	0	23:03:23.619	Cazyxio_v4.1 (EURUSD,M15)	2026.03.09 05:03:23 | HEARTBEAT | SYSTEM | EA alive. Tick=40200 Equity=45490.80 OpenPos=0 UTC=2026.03.09 05:03 DayOfWeek=1 WeekendCloseActive=NO NewTradeBlocked=NO | 40200.000000
GN	0	23:04:18.102	Cazyxio_v4.1 (EURUSD,M15)	2026.03.09 05:04:18 | HEARTBEAT | SYSTEM | EA alive. Tick=40300 Equity=45490.80 OpenPos=0 UTC=2026.03.09 05:04 DayOfWeek=1 WeekendCloseActive=NO NewTradeBlocked=NO | 40300.000000
FR	0	23:05:04.522	Cazyxio_v4.1 (EURUSD,M15)	2026.03.09 05:05:04 | HEARTBEAT | SYSTEM | EA alive. Tick=40400 Equity=45490.80 OpenPos=0 UTC=2026.03.09 05:05 DayOfWeek=1 WeekendCloseActive=NO NewTradeBlocked=NO | 40400.000000
MF	0	23:06:01.528	Cazyxio_v4.1 (EURUSD,M15)	2026.03.09 05:06:01 | HEARTBEAT | SYSTEM | EA alive. Tick=40500 Equity=45490.80 OpenPos=0 UTC=2026.03.09 05:06 DayOfWeek=1 WeekendCloseActive=NO NewTradeBlocked=NO | 40500.000000
RJ	0	23:06:50.659	Cazyxio_v4.1 (EURUSD,M15)	2026.03.09 05:06:50 | HEARTBEAT | SYSTEM | EA alive. Tick=40600 Equity=45490.80 OpenPos=0 UTC=2026.03.09 05:06 DayOfWeek=1 WeekendCloseActive=NO NewTradeBlocked=NO | 40600.000000
GN	0	23:07:41.734	Cazyxio_v4.1 (EURUSD,M15)	2026.03.09 05:07:41 | HEARTBEAT | SYSTEM | EA alive. Tick=40700 Equity=45490.80 OpenPos=0 UTC=2026.03.09 05:07 DayOfWeek=1 WeekendCloseActive=NO NewTradeBlocked=NO | 40700.000000
DR	0	23:08:43.846	Cazyxio_v4.1 (EURUSD,M15)	2026.03.09 05:08:43 | HEARTBEAT | SYSTEM | EA alive. Tick=40800 Equity=45490.80 OpenPos=0 UTC=2026.03.09 05:08 DayOfWeek=1 WeekendCloseActive=NO NewTradeBlocked=NO | 40800.000000
PF	0	23:09:53.124	Cazyxio_v4.1 (EURUSD,M15)	2026.03.09 05:09:53 | HEARTBEAT | SYSTEM | EA alive. Tick=40900 Equity=45490.80 OpenPos=0 UTC=2026.03.09 05:09 DayOfWeek=1 WeekendCloseActive=NO NewTradeBlocked=NO | 40900.000000
KJ	0	23:10:49.903	Cazyxio_v4.1 (EURUSD,M15)	2026.03.09 05:10:49 | HEARTBEAT | SYSTEM | EA alive. Tick=41000 Equity=45490.80 OpenPos=0 UTC=2026.03.09 05:10 DayOfWeek=1 WeekendCloseActive=NO NewTradeBlocked=NO | 41000.000000
JN	0	23:12:10.623	Cazyxio_v4.1 (EURUSD,M15)	2026.03.09 05:12:10 | HEARTBEAT | SYSTEM | EA alive. Tick=41100 Equity=45490.80 OpenPos=0 UTC=2026.03.09 05:12 DayOfWeek=1 WeekendCloseActive=NO NewTradeBlocked=NO | 41100.000000
OR	0	23:13:21.519	Cazyxio_v4.1 (EURUSD,M15)	2026.03.09 05:13:21 | HEARTBEAT | SYSTEM | EA alive. Tick=41200 Equity=45490.80 OpenPos=0 UTC=2026.03.09 05:13 DayOfWeek=1 WeekendCloseActive=NO NewTradeBlocked=NO | 41200.000000
JF	0	23:14:56.032	Cazyxio_v4.1 (EURUSD,M15)	2026.03.09 05:14:56 | HEARTBEAT | SYSTEM | EA alive. Tick=41300 Equity=45490.80 OpenPos=0 UTC=2026.03.09 05:14 DayOfWeek=1 WeekendCloseActive=NO NewTradeBlocked=NO | 41300.000000
GJ	0	23:16:01.761	Cazyxio_v4.1 (EURUSD,M15)	2026.03.09 05:16:01 | HEARTBEAT | SYSTEM | EA alive. Tick=41400 Equity=45490.80 OpenPos=0 UTC=2026.03.09 05:16 DayOfWeek=1 WeekendCloseActive=NO NewTradeBlocked=NO | 41400.000000
GN	0	23:17:18.212	Cazyxio_v4.1 (EURUSD,M15)	2026.03.09 05:17:18 | HEARTBEAT | SYSTEM | EA alive. Tick=41500 Equity=45490.80 OpenPos=0 UTC=2026.03.09 05:17 DayOfWeek=1 WeekendCloseActive=NO NewTradeBlocked=NO | 41500.000000
QR	0	23:18:53.488	Cazyxio_v4.1 (EURUSD,M15)	2026.03.09 05:18:53 | HEARTBEAT | SYSTEM | EA alive. Tick=41600 Equity=45490.80 OpenPos=0 UTC=2026.03.09 05:18 DayOfWeek=1 WeekendCloseActive=NO NewTradeBlocked=NO | 41600.000000
HF	0	23:20:02.455	Cazyxio_v4.1 (EURUSD,M15)	2026.03.09 05:20:02 | HEARTBEAT | SYSTEM | EA alive. Tick=41700 Equity=45490.80 OpenPos=0 UTC=2026.03.09 05:20 DayOfWeek=1 WeekendCloseActive=NO NewTradeBlocked=NO | 41700.000000
LJ	0	23:20:53.769	Cazyxio_v4.1 (EURUSD,M15)	2026.03.09 05:20:53 | HEARTBEAT | SYSTEM | EA alive. Tick=41800 Equity=45490.80 OpenPos=0 UTC=2026.03.09 05:20 DayOfWeek=1 WeekendCloseActive=NO NewTradeBlocked=NO | 41800.000000
CN	0	23:21:26.123	Cazyxio_v4.1 (EURUSD,M15)	2026.03.09 05:21:26 | HEARTBEAT | SYSTEM | EA alive. Tick=41900 Equity=45490.80 OpenPos=0 UTC=2026.03.09 05:21 DayOfWeek=1 WeekendCloseActive=NO NewTradeBlocked=NO | 41900.000000
ER	0	23:21:55.534	Cazyxio_v4.1 (EURUSD,M15)	2026.03.09 05:21:55 | HEARTBEAT | SYSTEM | EA alive. Tick=42000 Equity=45490.80 OpenPos=0 UTC=2026.03.09 05:21 DayOfWeek=1 WeekendCloseActive=NO NewTradeBlocked=NO | 42000.000000
CF	0	23:22:21.737	Cazyxio_v4.1 (EURUSD,M15)	2026.03.09 05:22:21 | HEARTBEAT | SYSTEM | EA alive. Tick=42100 Equity=45490.80 OpenPos=0 UTC=2026.03.09 05:22 DayOfWeek=1 WeekendCloseActive=NO NewTradeBlocked=NO | 42100.000000
HJ	0	23:22:51.897	Cazyxio_v4.1 (EURUSD,M15)	2026.03.09 05:22:51 | HEARTBEAT | SYSTEM | EA alive. Tick=42200 Equity=45490.80 OpenPos=0 UTC=2026.03.09 05:22 DayOfWeek=1 WeekendCloseActive=NO NewTradeBlocked=NO | 42200.000000
HN	0	23:23:23.007	Cazyxio_v4.1 (EURUSD,M15)	2026.03.09 05:23:23 | HEARTBEAT | SYSTEM | EA alive. Tick=42300 Equity=45490.80 OpenPos=0 UTC=2026.03.09 05:23 DayOfWeek=1 WeekendCloseActive=NO NewTradeBlocked=NO | 42300.000000
MR	0	23:23:54.181	Cazyxio_v4.1 (EURUSD,M15)	2026.03.09 05:23:54 | HEARTBEAT | SYSTEM | EA alive. Tick=42400 Equity=45490.80 OpenPos=0 UTC=2026.03.09 05:23 DayOfWeek=1 WeekendCloseActive=NO NewTradeBlocked=NO | 42400.000000
EF	0	23:24:28.007	Cazyxio_v4.1 (EURUSD,M15)	2026.03.09 05:24:28 | HEARTBEAT | SYSTEM | EA alive. Tick=42500 Equity=45490.80 OpenPos=0 UTC=2026.03.09 05:24 DayOfWeek=1 WeekendCloseActive=NO NewTradeBlocked=NO | 42500.000000
HJ	0	23:25:06.221	Cazyxio_v4.1 (EURUSD,M15)	2026.03.09 05:25:06 | HEARTBEAT | SYSTEM | EA alive. Tick=42600 Equity=45490.80 OpenPos=0 UTC=2026.03.09 05:25 DayOfWeek=1 WeekendCloseActive=NO NewTradeBlocked=NO | 42600.000000
EN	0	23:25:37.071	Cazyxio_v4.1 (EURUSD,M15)	2026.03.09 05:25:37 | HEARTBEAT | SYSTEM | EA alive. Tick=42700 Equity=45490.80 OpenPos=0 UTC=2026.03.09 05:25 DayOfWeek=1 WeekendCloseActive=NO NewTradeBlocked=NO | 42700.000000
CR	0	23:26:17.520	Cazyxio_v4.1 (EURUSD,M15)	2026.03.09 05:26:17 | HEARTBEAT | SYSTEM | EA alive. Tick=42800 Equity=45490.80 OpenPos=0 UTC=2026.03.09 05:26 DayOfWeek=1 WeekendCloseActive=NO NewTradeBlocked=NO | 42800.000000
RF	0	23:26:51.989	Cazyxio_v4.1 (EURUSD,M15)	2026.03.09 05:26:51 | HEARTBEAT | SYSTEM | EA alive. Tick=42900 Equity=45490.80 OpenPos=0 UTC=2026.03.09 05:26 DayOfWeek=1 WeekendCloseActive=NO NewTradeBlocked=NO | 42900.000000
IJ	0	23:27:29.330	Cazyxio_v4.1 (EURUSD,M15)	2026.03.09 05:27:29 | HEARTBEAT | SYSTEM | EA alive. Tick=43000 Equity=45490.80 OpenPos=0 UTC=2026.03.09 05:27 DayOfWeek=1 WeekendCloseActive=NO NewTradeBlocked=NO | 43000.000000
JN	0	23:28:10.718	Cazyxio_v4.1 (EURUSD,M15)	2026.03.09 05:28:10 | HEARTBEAT | SYSTEM | EA alive. Tick=43100 Equity=45490.80 OpenPos=0 UTC=2026.03.09 05:28 DayOfWeek=1 WeekendCloseActive=NO NewTradeBlocked=NO | 43100.000000
HR	0	23:28:46.095	Cazyxio_v4.1 (EURUSD,M15)	2026.03.09 05:28:46 | HEARTBEAT | SYSTEM | EA alive. Tick=43200 Equity=45490.80 OpenPos=0 UTC=2026.03.09 05:28 DayOfWeek=1 WeekendCloseActive=NO NewTradeBlocked=NO | 43200.000000
RF	0	23:29:29.205	Cazyxio_v4.1 (EURUSD,M15)	2026.03.09 05:29:29 | HEARTBEAT | SYSTEM | EA alive. Tick=43300 Equity=45490.80 OpenPos=0 UTC=2026.03.09 05:29 DayOfWeek=1 WeekendCloseActive=NO NewTradeBlocked=NO | 43300.000000
JJ	0	23:30:11.214	Cazyxio_v4.1 (EURUSD,M15)	2026.03.09 05:30:11 | HEARTBEAT | SYSTEM | EA alive. Tick=43400 Equity=45490.80 OpenPos=0 UTC=2026.03.09 05:30 DayOfWeek=1 WeekendCloseActive=NO NewTradeBlocked=NO | 43400.000000
RN	0	23:30:50.197	Cazyxio_v4.1 (EURUSD,M15)	2026.03.09 05:30:50 | HEARTBEAT | SYSTEM | EA alive. Tick=43500 Equity=45490.80 OpenPos=0 UTC=2026.03.09 05:30 DayOfWeek=1 WeekendCloseActive=NO NewTradeBlocked=NO | 43500.000000
JR	0	23:31:26.677	Cazyxio_v4.1 (EURUSD,M15)	2026.03.09 05:31:26 | HEARTBEAT | SYSTEM | EA alive. Tick=43600 Equity=45490.80 OpenPos=0 UTC=2026.03.09 05:31 DayOfWeek=1 WeekendCloseActive=NO NewTradeBlocked=NO | 43600.000000
JF	0	23:32:01.599	Cazyxio_v4.1 (EURUSD,M15)	2026.03.09 05:32:01 | HEARTBEAT | SYSTEM | EA alive. Tick=43700 Equity=45490.80 OpenPos=0 UTC=2026.03.09 05:32 DayOfWeek=1 WeekendCloseActive=NO NewTradeBlocked=NO | 43700.000000
OJ	0	23:32:40.493	Cazyxio_v4.1 (EURUSD,M15)	2026.03.09 05:32:40 | HEARTBEAT | SYSTEM | EA alive. Tick=43800 Equity=45490.80 OpenPos=0 UTC=2026.03.09 05:32 DayOfWeek=1 WeekendCloseActive=NO NewTradeBlocked=NO | 43800.000000
JN	0	23:33:23.325	Cazyxio_v4.1 (EURUSD,M15)	2026.03.09 05:33:23 | HEARTBEAT | SYSTEM | EA alive. Tick=43900 Equity=45490.80 OpenPos=0 UTC=2026.03.09 05:33 DayOfWeek=1 WeekendCloseActive=NO NewTradeBlocked=NO | 43900.000000
RR	0	23:34:02.029	Cazyxio_v4.1 (EURUSD,M15)	2026.03.09 05:34:02 | HEARTBEAT | SYSTEM | EA alive. Tick=44000 Equity=45490.80 OpenPos=0 UTC=2026.03.09 05:34 DayOfWeek=1 WeekendCloseActive=NO NewTradeBlocked=NO | 44000.000000
IF	0	23:34:46.222	Cazyxio_v4.1 (EURUSD,M15)	2026.03.09 05:34:46 | HEARTBEAT | SYSTEM | EA alive. Tick=44100 Equity=45490.80 OpenPos=0 UTC=2026.03.09 05:34 DayOfWeek=1 WeekendCloseActive=NO NewTradeBlocked=NO | 44100.000000
GJ	0	23:35:21.001	Cazyxio_v4.1 (EURUSD,M15)	2026.03.09 05:35:21 | HEARTBEAT | SYSTEM | EA alive. Tick=44200 Equity=45490.80 OpenPos=0 UTC=2026.03.09 05:35 DayOfWeek=1 WeekendCloseActive=NO NewTradeBlocked=NO | 44200.000000
RN	0	23:36:06.854	Cazyxio_v4.1 (EURUSD,M15)	2026.03.09 05:36:06 | HEARTBEAT | SYSTEM | EA alive. Tick=44300 Equity=45490.80 OpenPos=0 UTC=2026.03.09 05:36 DayOfWeek=1 WeekendCloseActive=NO NewTradeBlocked=NO | 44300.000000
HR	0	23:36:55.056	Cazyxio_v4.1 (EURUSD,M15)	2026.03.09 05:36:55 | HEARTBEAT | SYSTEM | EA alive. Tick=44400 Equity=45490.80 OpenPos=0 UTC=2026.03.09 05:36 DayOfWeek=1 WeekendCloseActive=NO NewTradeBlocked=NO | 44400.000000
KF	0	23:37:50.861	Cazyxio_v4.1 (EURUSD,M15)	2026.03.09 05:37:50 | HEARTBEAT | SYSTEM | EA alive. Tick=44500 Equity=45490.80 OpenPos=0 UTC=2026.03.09 05:37 DayOfWeek=1 WeekendCloseActive=NO NewTradeBlocked=NO | 44500.000000
MJ	0	23:38:48.376	Cazyxio_v4.1 (EURUSD,M15)	2026.03.09 05:38:48 | HEARTBEAT | SYSTEM | EA alive. Tick=44600 Equity=45490.80 OpenPos=0 UTC=2026.03.09 05:38 DayOfWeek=1 WeekendCloseActive=NO NewTradeBlocked=NO | 44600.000000
HN	0	23:39:40.972	Cazyxio_v4.1 (EURUSD,M15)	2026.03.09 05:39:40 | HEARTBEAT | SYSTEM | EA alive. Tick=44700 Equity=45490.80 OpenPos=0 UTC=2026.03.09 05:39 DayOfWeek=1 WeekendCloseActive=NO NewTradeBlocked=NO | 44700.000000
RR	0	23:40:38.796	Cazyxio_v4.1 (EURUSD,M15)	2026.03.09 05:40:38 | HEARTBEAT | SYSTEM | EA alive. Tick=44800 Equity=45490.80 OpenPos=0 UTC=2026.03.09 05:40 DayOfWeek=1 WeekendCloseActive=NO NewTradeBlocked=NO | 44800.000000
FF	0	23:41:26.959	Cazyxio_v4.1 (EURUSD,M15)	2026.03.09 05:41:26 | HEARTBEAT | SYSTEM | EA alive. Tick=44900 Equity=45490.80 OpenPos=0 UTC=2026.03.09 05:41 DayOfWeek=1 WeekendCloseActive=NO NewTradeBlocked=NO | 44900.000000
IJ	0	23:42:13.333	Cazyxio_v4.1 (EURUSD,M15)	2026.03.09 05:42:13 | HEARTBEAT | SYSTEM | EA alive. Tick=45000 Equity=45490.80 OpenPos=0 UTC=2026.03.09 05:42 DayOfWeek=1 WeekendCloseActive=NO NewTradeBlocked=NO | 45000.000000
JN	0	23:43:01.762	Cazyxio_v4.1 (EURUSD,M15)	2026.03.09 05:43:01 | HEARTBEAT | SYSTEM | EA alive. Tick=45100 Equity=45490.80 OpenPos=0 UTC=2026.03.09 05:43 DayOfWeek=1 WeekendCloseActive=NO NewTradeBlocked=NO | 45100.000000
NR	0	23:43:48.395	Cazyxio_v4.1 (EURUSD,M15)	2026.03.09 05:43:48 | HEARTBEAT | SYSTEM | EA alive. Tick=45200 Equity=45490.80 OpenPos=0 UTC=2026.03.09 05:43 DayOfWeek=1 WeekendCloseActive=NO NewTradeBlocked=NO | 45200.000000
LF	0	23:44:33.082	Cazyxio_v4.1 (EURUSD,M15)	2026.03.09 05:44:33 | HEARTBEAT | SYSTEM | EA alive. Tick=45300 Equity=45490.80 OpenPos=0 UTC=2026.03.09 05:44 DayOfWeek=1 WeekendCloseActive=NO NewTradeBlocked=NO | 45300.000000
GJ	0	23:45:27.754	Cazyxio_v4.1 (EURUSD,M15)	2026.03.09 05:45:27 | HEARTBEAT | SYSTEM | EA alive. Tick=45400 Equity=45490.80 OpenPos=0 UTC=2026.03.09 05:45 DayOfWeek=1 WeekendCloseActive=NO NewTradeBlocked=NO | 45400.000000
HN	0	23:46:18.206	Cazyxio_v4.1 (EURUSD,M15)	2026.03.09 05:46:18 | HEARTBEAT | SYSTEM | EA alive. Tick=45500 Equity=45490.80 OpenPos=0 UTC=2026.03.09 05:46 DayOfWeek=1 WeekendCloseActive=NO NewTradeBlocked=NO | 45500.000000
QR	0	23:47:00.428	Cazyxio_v4.1 (EURUSD,M15)	2026.03.09 05:47:00 | HEARTBEAT | SYSTEM | EA alive. Tick=45600 Equity=45490.80 OpenPos=0 UTC=2026.03.09 05:47 DayOfWeek=1 WeekendCloseActive=NO NewTradeBlocked=NO | 45600.000000
MF	0	23:47:48.318	Cazyxio_v4.1 (EURUSD,M15)	2026.03.09 05:47:48 | HEARTBEAT | SYSTEM | EA alive. Tick=45700 Equity=45490.80 OpenPos=0 UTC=2026.03.09 05:47 DayOfWeek=1 WeekendCloseActive=NO NewTradeBlocked=NO | 45700.000000
CJ	0	23:48:26.870	Cazyxio_v4.1 (EURUSD,M15)	2026.03.09 05:48:26 | HEARTBEAT | SYSTEM | EA alive. Tick=45800 Equity=45490.80 OpenPos=0 UTC=2026.03.09 05:48 DayOfWeek=1 WeekendCloseActive=NO NewTradeBlocked=NO | 45800.000000
MN	0	23:49:04.985	Cazyxio_v4.1 (EURUSD,M15)	2026.03.09 05:49:04 | HEARTBEAT | SYSTEM | EA alive. Tick=45900 Equity=45490.80 OpenPos=0 UTC=2026.03.09 05:49 DayOfWeek=1 WeekendCloseActive=NO NewTradeBlocked=NO | 45900.000000
MR	0	23:49:40.127	Cazyxio_v4.1 (EURUSD,M15)	2026.03.09 05:49:40 | HEARTBEAT | SYSTEM | EA alive. Tick=46000 Equity=45490.80 OpenPos=0 UTC=2026.03.09 05:49 DayOfWeek=1 WeekendCloseActive=NO NewTradeBlocked=NO | 46000.000000
IF	0	23:50:25.752	Cazyxio_v4.1 (EURUSD,M15)	2026.03.09 05:50:25 | HEARTBEAT | SYSTEM | EA alive. Tick=46100 Equity=45490.80 OpenPos=0 UTC=2026.03.09 05:50 DayOfWeek=1 WeekendCloseActive=NO NewTradeBlocked=NO | 46100.000000
IJ	0	23:51:02.274	Cazyxio_v4.1 (EURUSD,M15)	2026.03.09 05:51:02 | HEARTBEAT | SYSTEM | EA alive. Tick=46200 Equity=45490.80 OpenPos=0 UTC=2026.03.09 05:51 DayOfWeek=1 WeekendCloseActive=NO NewTradeBlocked=NO | 46200.000000
HN	0	23:51:39.615	Cazyxio_v4.1 (EURUSD,M15)	2026.03.09 05:51:39 | HEARTBEAT | SYSTEM | EA alive. Tick=46300 Equity=45490.80 OpenPos=0 UTC=2026.03.09 05:51 DayOfWeek=1 WeekendCloseActive=NO NewTradeBlocked=NO | 46300.000000
ER	0	23:52:21.644	Cazyxio_v4.1 (EURUSD,M15)	2026.03.09 05:52:21 | HEARTBEAT | SYSTEM | EA alive. Tick=46400 Equity=45490.80 OpenPos=0 UTC=2026.03.09 05:52 DayOfWeek=1 WeekendCloseActive=NO NewTradeBlocked=NO | 46400.000000
LF	0	23:53:02.194	Cazyxio_v4.1 (EURUSD,M15)	2026.03.09 05:53:02 | HEARTBEAT | SYSTEM | EA alive. Tick=46500 Equity=45490.80 OpenPos=0 UTC=2026.03.09 05:53 DayOfWeek=1 WeekendCloseActive=NO NewTradeBlocked=NO | 46500.000000
CJ	0	23:53:53.467	Cazyxio_v4.1 (EURUSD,M15)	2026.03.09 05:53:53 | HEARTBEAT | SYSTEM | EA alive. Tick=46600 Equity=45490.80 OpenPos=0 UTC=2026.03.09 05:53 DayOfWeek=1 WeekendCloseActive=NO NewTradeBlocked=NO | 46600.000000
FN	0	23:54:45.188	Cazyxio_v4.1 (EURUSD,M15)	2026.03.09 05:54:45 | HEARTBEAT | SYSTEM | EA alive. Tick=46700 Equity=45490.80 OpenPos=0 UTC=2026.03.09 05:54 DayOfWeek=1 WeekendCloseActive=NO NewTradeBlocked=NO | 46700.000000
CR	0	23:55:27.829	Cazyxio_v4.1 (EURUSD,M15)	2026.03.09 05:55:27 | HEARTBEAT | SYSTEM | EA alive. Tick=46800 Equity=45490.80 OpenPos=0 UTC=2026.03.09 05:55 DayOfWeek=1 WeekendCloseActive=NO NewTradeBlocked=NO | 46800.000000
CF	0	23:56:11.909	Cazyxio_v4.1 (EURUSD,M15)	2026.03.09 05:56:11 | HEARTBEAT | SYSTEM | EA alive. Tick=46900 Equity=45490.80 OpenPos=0 UTC=2026.03.09 05:56 DayOfWeek=1 WeekendCloseActive=NO NewTradeBlocked=NO | 46900.000000
JJ	0	23:57:04.305	Cazyxio_v4.1 (EURUSD,M15)	2026.03.09 05:57:04 | HEARTBEAT | SYSTEM | EA alive. Tick=47000 Equity=45490.80 OpenPos=0 UTC=2026.03.09 05:57 DayOfWeek=1 WeekendCloseActive=NO NewTradeBlocked=NO | 47000.000000
FN	0	23:57:48.332	Cazyxio_v4.1 (EURUSD,M15)	2026.03.09 05:57:48 | HEARTBEAT | SYSTEM | EA alive. Tick=47100 Equity=45490.80 OpenPos=0 UTC=2026.03.09 05:57 DayOfWeek=1 WeekendCloseActive=NO NewTradeBlocked=NO | 47100.000000
OR	0	23:58:49.651	Cazyxio_v4.1 (EURUSD,M15)	2026.03.09 05:58:49 | HEARTBEAT | SYSTEM | EA alive. Tick=47200 Equity=45490.80 OpenPos=0 UTC=2026.03.09 05:58 DayOfWeek=1 WeekendCloseActive=NO NewTradeBlocked=NO | 47200.000000
MF	0	23:59:51.005	Cazyxio_v4.1 (EURUSD,M15)	2026.03.09 05:59:51 | HEARTBEAT | SYSTEM | EA alive. Tick=47300 Equity=45490.80 OpenPos=0 UTC=2026.03.09 05:59 DayOfWeek=1 WeekendCloseActive=NO NewTradeBlocked=NO | 47300.000000