QN	0	00:00:00.073	Cazyxio_v4.1 (EURUSD,M15)	2026.03.05 07:00:00 | SESSION_ACTIVE | SYSTEM | Session now ACTIVE. UTC_hour=7 Trading enabled.
QN	0	00:00:00.073	Cazyxio_v4.1 (EURUSD,M15)	2026.03.05 07:00:00 | BAR | GBPUSD | close=1.33316 h4ema200=1.35074 h4slope=DOWN ema50=1.33496 atr=0.000999 atrSma=0.001149 atrRatio=0.869 dir=SHORT spread=23.0 spreadOK=YES atrGate=PASS touch=FAIL momCandle=momClosePos=0.939 momOk=N ema50Ok=Y barRange=0.001650 zeroRangeBar=NO trigger=NO hasPos=NO portRisk=0.00% openPos=0 | 1.333160
ER	0	00:00:00.073	Cazyxio_v4.1 (EURUSD,M15)	2026.03.05 07:00:00 | GATE_FAIL | GBPUSD | Touch/pullback gate FAIL. Price has not approached EMA50 within last 12 bars (within 0.60 ATR). v4.1 tolerance=0.60x (tightened from v4.0 1.00x).
EH	0	00:00:00.073	Cazyxio_v4.1 (EURUSD,M15)	2026.03.05 07:00:00 | BAR | EURUSD | close=1.16065 h4ema200=1.17693 h4slope=DOWN ema50=1.16194 atr=0.000771 atrSma=0.000852 atrRatio=0.905 dir=SHORT spread=15.0 spreadOK=YES atrGate=PASS touch=FAIL momCandle=momClosePos=0.576 momOk=N ema50Ok=Y barRange=0.002030 zeroRangeBar=NO trigger=NO hasPos=NO portRisk=0.00% openPos=0 | 1.160650
DD	0	00:00:00.073	Cazyxio_v4.1 (EURUSD,M15)	2026.03.05 07:00:00 | GATE_FAIL | EURUSD | Touch/pullback gate FAIL. Price has not approached EMA50 within last 12 bars (within 0.60 ATR). v4.1 tolerance=0.60x (tightened from v4.0 1.00x).
MH	0	00:00:00.073	Cazyxio_v4.1 (EURUSD,M15)	2026.03.05 07:00:00 | BAR | USDJPY | close=157.033 h4ema200=155.718 h4slope=UP ema50=157.019 atr=0.120571 atrSma=0.124589 atrRatio=0.968 dir=LONG spread=16.0 spreadOK=YES atrGate=PASS touch=PASS momCandle=momClosePos=0.487 momOk=N ema50Ok=Y barRange=0.160000 zeroRangeBar=NO trigger=NO hasPos=NO portRisk=0.00% openPos=0 | 157.033000
HH	0	00:00:00.073	Cazyxio_v4.1 (EURUSD,M15)	2026.03.05 07:00:00 | GATE_FAIL | USDJPY | Momentum candle FAIL. dir=LONG close=157.033 ema50=157.019 momClosePos=0.487 momOk=N ema50Ok=Y barRange=0.160000. Close not in 35% zone.
DP	0	00:00:00.073	Cazyxio_v4.1 (EURUSD,M15)	2026.03.05 07:00:00 | BAR | AUDUSD | close=0.70463 h4ema200=0.69907 h4slope=UP ema50=0.70582 atr=0.000808 atrSma=0.000950 atrRatio=0.850 dir=LONG spread=20.0 spreadOK=YES atrGate=PASS touch=FAIL momCandle=momClosePos=0.794 momOk=Y ema50Ok=Y barRange=0.001990 zeroRangeBar=NO trigger=YES hasPos=NO portRisk=0.00% openPos=0 | 0.704630
FM	0	00:00:00.073	Cazyxio_v4.1 (EURUSD,M15)	2026.03.05 07:00:00 | GATE_FAIL | AUDUSD | Touch/pullback gate FAIL. Price has not approached EMA50 within last 12 bars (within 0.60 ATR). v4.1 tolerance=0.60x (tightened from v4.0 1.00x).
QP	0	00:00:00.073	Cazyxio_v4.1 (EURUSD,M15)	2026.03.05 07:00:00 | BAR | GBPJPY | close=209.352 h4ema200=210.343 h4slope=DOWN ema50=209.619 atr=0.140357 atrSma=0.165031 atrRatio=0.850 dir=SHORT spread=48.0 spreadOK=NO atrGate=PASS touch=FAIL momCandle=momClosePos=0.893 momOk=N ema50Ok=Y barRange=0.197000 zeroRangeBar=NO trigger=NO hasPos=NO portRisk=0.00% openPos=0 | 209.352000
ES	0	00:00:00.073	Cazyxio_v4.1 (EURUSD,M15)	2026.03.05 07:00:00 | GATE_FAIL | GBPJPY | Spread too wide. Spread=48.0 Max=30 points.
GP	0	00:00:00.073	Cazyxio_v4.1 (EURUSD,M15)	2026.03.05 07:00:00 | BAR | USDCAD | close=1.36532 h4ema200=1.36864 h4slope=DOWN ema50=1.36510 atr=0.000652 atrSma=0.000879 atrRatio=0.742 dir=SHORT spread=26.0 spreadOK=YES atrGate=FAIL touch=PASS momCandle=momClosePos=0.118 momOk=Y ema50Ok=Y barRange=0.001020 zeroRangeBar=NO trigger=YES hasPos=NO portRisk=0.00% openPos=0 | 1.365320
NR	0	00:00:00.073	Cazyxio_v4.1 (EURUSD,M15)	2026.03.05 07:00:00 | GATE_FAIL | USDCAD | ATR gate FAIL. ATR=0.000652 ATR_SMA=0.000879 Ratio=0.742 MinRatio=0.80. Market too quiet.
EE	0	00:00:01.079	Cazyxio_v4.1 (EURUSD,M15)	2026.03.05 07:00:01 | BAR | GBPUSD | close=1.33326 h4ema200=1.35074 h4slope=DOWN ema50=1.33489 atr=0.000954 atrSma=0.001149 atrRatio=0.830 dir=SHORT spread=25.0 spreadOK=YES atrGate=PASS touch=FAIL momCandle=ZERO_RANGE_BAR barRange=0.000000 minBarRange=0.000286 (0.30xATR) momClosePos=0.500(forced) momOk=N ema50Ok=Y barRange=0.000000 zeroRangeBar=YES trigger=NO hasPos=NO portRisk=0.00% openPos=0 | 1.333260
OQ	0	00:00:01.079	Cazyxio_v4.1 (EURUSD,M15)	2026.03.05 07:00:01 | GATE_FAIL | GBPUSD | Touch/pullback gate FAIL. Price has not approached EMA50 within last 12 bars (within 0.60 ATR). v4.1 tolerance=0.60x (tightened from v4.0 1.00x).
KJ	0	00:00:01.079	Cazyxio_v4.1 (EURUSD,M15)	2026.03.05 07:00:01 | BAR | EURUSD | close=1.16066 h4ema200=1.17693 h4slope=DOWN ema50=1.16188 atr=0.000732 atrSma=0.000852 atrRatio=0.859 dir=SHORT spread=18.0 spreadOK=YES atrGate=PASS touch=FAIL momCandle=ZERO_RANGE_BAR barRange=0.000000 minBarRange=0.000220 (0.30xATR) momClosePos=0.500(forced) momOk=N ema50Ok=Y barRange=0.000000 zeroRangeBar=YES trigger=NO hasPos=NO portRisk=0.00% openPos=0 | 1.160660
NJ	0	00:00:01.079	Cazyxio_v4.1 (EURUSD,M15)	2026.03.05 07:00:01 | GATE_FAIL | EURUSD | Touch/pullback gate FAIL. Price has not approached EMA50 within last 12 bars (within 0.60 ATR). v4.1 tolerance=0.60x (tightened from v4.0 1.00x).
MM	0	00:00:01.079	Cazyxio_v4.1 (EURUSD,M15)	2026.03.05 07:00:01 | BAR | USDJPY | close=157.034 h4ema200=155.718 h4slope=UP ema50=157.020 atr=0.112071 atrSma=0.124606 atrRatio=0.899 dir=LONG spread=16.0 spreadOK=YES atrGate=PASS touch=PASS momCandle=ZERO_RANGE_BAR barRange=0.000000 minBarRange=0.033621 (0.30xATR) momClosePos=0.500(forced) momOk=N ema50Ok=Y barRange=0.000000 zeroRangeBar=YES trigger=NO hasPos=NO portRisk=0.00% openPos=0 | 157.034000
NE	0	00:00:01.079	Cazyxio_v4.1 (EURUSD,M15)	2026.03.05 07:00:01 | GATE_FAIL | USDJPY | Zero-range bar FAIL (v4.1 fix). barRange=0.000000 < minBarRange=0.033621 (0.30x ATR). Doji/flat bar excluded from momentum evaluation.
II	0	00:00:01.079	Cazyxio_v4.1 (EURUSD,M15)	2026.03.05 07:00:01 | BAR | AUDUSD | close=0.70464 h4ema200=0.69907 h4slope=UP ema50=0.70578 atr=0.000762 atrSma=0.000947 atrRatio=0.805 dir=LONG spread=20.0 spreadOK=YES atrGate=PASS touch=FAIL momCandle=ZERO_RANGE_BAR barRange=0.000000 minBarRange=0.000229 (0.30xATR) momClosePos=0.500(forced) momOk=N ema50Ok=Y barRange=0.000000 zeroRangeBar=YES trigger=NO hasPos=NO portRisk=0.00% openPos=0 | 0.704640
NQ	0	00:00:01.079	Cazyxio_v4.1 (EURUSD,M15)	2026.03.05 07:00:01 | GATE_FAIL | AUDUSD | Touch/pullback gate FAIL. Price has not approached EMA50 within last 12 bars (within 0.60 ATR). v4.1 tolerance=0.60x (tightened from v4.0 1.00x).
DG	0	00:00:01.079	Cazyxio_v4.1 (EURUSD,M15)	2026.03.05 07:00:01 | BAR | GBPJPY | close=209.365 h4ema200=210.343 h4slope=DOWN ema50=209.609 atr=0.133500 atrSma=0.164714 atrRatio=0.810 dir=SHORT spread=50.0 spreadOK=NO atrGate=PASS touch=FAIL momCandle=ZERO_RANGE_BAR barRange=0.000000 minBarRange=0.040050 (0.30xATR) momClosePos=0.500(forced) momOk=N ema50Ok=Y barRange=0.000000 zeroRangeBar=YES trigger=NO hasPos=NO portRisk=0.00% openPos=0 | 209.365000
NI	0	00:00:01.079	Cazyxio_v4.1 (EURUSD,M15)	2026.03.05 07:00:01 | GATE_FAIL | GBPJPY | Spread too wide. Spread=50.0 Max=30 points.
EE	0	00:00:01.579	Cazyxio_v4.1 (EURUSD,M15)	2026.03.05 07:00:01 | BAR | USDCAD | close=1.36527 h4ema200=1.36864 h4slope=DOWN ema50=1.36511 atr=0.000611 atrSma=0.000879 atrRatio=0.695 dir=SHORT spread=26.0 spreadOK=YES atrGate=FAIL touch=PASS momCandle=ZERO_RANGE_BAR barRange=0.000010 minBarRange=0.000183 (0.30xATR) momClosePos=0.500(forced) momOk=N ema50Ok=Y barRange=0.000010 zeroRangeBar=YES trigger=NO hasPos=NO portRisk=0.00% openPos=0 | 1.365270
CP	0	00:00:01.579	Cazyxio_v4.1 (EURUSD,M15)	2026.03.05 07:00:01 | GATE_FAIL | USDCAD | ATR gate FAIL. ATR=0.000611 ATR_SMA=0.000879 Ratio=0.695 MinRatio=0.80. Market too quiet.
CM	0	00:00:02.580	Cazyxio_v4.1 (EURUSD,M15)	2026.03.05 07:00:02 | HEARTBEAT | SYSTEM | EA alive. Tick=21100 Equity=45490.80 OpenPos=0 UTC=2026.03.05 07:00 DayOfWeek=4 WeekendCloseActive=NO NewTradeBlocked=NO | 21100.000000
PQ	0	00:00:43.514	Cazyxio_v4.1 (EURUSD,M15)	2026.03.05 07:00:43 | HEARTBEAT | SYSTEM | EA alive. Tick=21200 Equity=45490.80 OpenPos=0 UTC=2026.03.05 07:00 DayOfWeek=4 WeekendCloseActive=NO NewTradeBlocked=NO | 21200.000000
FE	0	00:01:37.807	Cazyxio_v4.1 (EURUSD,M15)	2026.03.05 07:01:37 | HEARTBEAT | SYSTEM | EA alive. Tick=21300 Equity=45490.80 OpenPos=0 UTC=2026.03.05 07:01 DayOfWeek=4 WeekendCloseActive=NO NewTradeBlocked=NO | 21300.000000
EI	0	00:02:39.269	Cazyxio_v4.1 (EURUSD,M15)	2026.03.05 07:02:39 | HEARTBEAT | SYSTEM | EA alive. Tick=21400 Equity=45490.80 OpenPos=0 UTC=2026.03.05 07:02 DayOfWeek=4 WeekendCloseActive=NO NewTradeBlocked=NO | 21400.000000
GM	0	00:04:04.872	Cazyxio_v4.1 (EURUSD,M15)	2026.03.05 07:04:04 | HEARTBEAT | SYSTEM | EA alive. Tick=21500 Equity=45490.80 OpenPos=0 UTC=2026.03.05 07:04 DayOfWeek=4 WeekendCloseActive=NO NewTradeBlocked=NO | 21500.000000
RQ	0	00:05:22.373	Cazyxio_v4.1 (EURUSD,M15)	2026.03.05 07:05:22 | HEARTBEAT | SYSTEM | EA alive. Tick=21600 Equity=45490.80 OpenPos=0 UTC=2026.03.05 07:05 DayOfWeek=4 WeekendCloseActive=NO NewTradeBlocked=NO | 21600.000000
KE	0	00:06:28.939	Cazyxio_v4.1 (EURUSD,M15)	2026.03.05 07:06:28 | HEARTBEAT | SYSTEM | EA alive. Tick=21700 Equity=45490.80 OpenPos=0 UTC=2026.03.05 07:06 DayOfWeek=4 WeekendCloseActive=NO NewTradeBlocked=NO | 21700.000000
OI	0	00:07:36.574	Cazyxio_v4.1 (EURUSD,M15)	2026.03.05 07:07:36 | HEARTBEAT | SYSTEM | EA alive. Tick=21800 Equity=45490.80 OpenPos=0 UTC=2026.03.05 07:07 DayOfWeek=4 WeekendCloseActive=NO NewTradeBlocked=NO | 21800.000000
MM	0	00:08:38.492	Cazyxio_v4.1 (EURUSD,M15)	2026.03.05 07:08:38 | HEARTBEAT | SYSTEM | EA alive. Tick=21900 Equity=45490.80 OpenPos=0 UTC=2026.03.05 07:08 DayOfWeek=4 WeekendCloseActive=NO NewTradeBlocked=NO | 21900.000000
RQ	0	00:10:26.012	Cazyxio_v4.1 (EURUSD,M15)	2026.03.05 07:10:26 | HEARTBEAT | SYSTEM | EA alive. Tick=22000 Equity=45490.80 OpenPos=0 UTC=2026.03.05 07:10 DayOfWeek=4 WeekendCloseActive=NO NewTradeBlocked=NO | 22000.000000
KE	0	00:12:04.413	Cazyxio_v4.1 (EURUSD,M15)	2026.03.05 07:12:04 | HEARTBEAT | SYSTEM | EA alive. Tick=22100 Equity=45490.80 OpenPos=0 UTC=2026.03.05 07:12 DayOfWeek=4 WeekendCloseActive=NO NewTradeBlocked=NO | 22100.000000
MI	0	00:13:04.454	Cazyxio_v4.1 (EURUSD,M15)	2026.03.05 07:13:04 | HEARTBEAT | SYSTEM | EA alive. Tick=22200 Equity=45490.80 OpenPos=0 UTC=2026.03.05 07:13 DayOfWeek=4 WeekendCloseActive=NO NewTradeBlocked=NO | 22200.000000
RM	0	00:13:54.819	Cazyxio_v4.1 (EURUSD,M15)	2026.03.05 07:13:54 | HEARTBEAT | SYSTEM | EA alive. Tick=22300 Equity=45490.80 OpenPos=0 UTC=2026.03.05 07:13 DayOfWeek=4 WeekendCloseActive=NO NewTradeBlocked=NO | 22300.000000
FQ	0	00:14:56.658	Cazyxio_v4.1 (EURUSD,M15)	2026.03.05 07:14:56 | HEARTBEAT | SYSTEM | EA alive. Tick=22400 Equity=45490.80 OpenPos=0 UTC=2026.03.05 07:14 DayOfWeek=4 WeekendCloseActive=NO NewTradeBlocked=NO | 22400.000000
NK	0	00:15:00.968	Cazyxio_v4.1 (EURUSD,M15)	2026.03.05 07:15:00 | BAR | GBPUSD | close=1.33335 h4ema200=1.35074 h4slope=DOWN ema50=1.33483 atr=0.000969 atrSma=0.001150 atrRatio=0.842 dir=SHORT spread=22.0 spreadOK=YES atrGate=PASS touch=FAIL momCandle=ZERO_RANGE_BAR barRange=0.000000 minBarRange=0.000291 (0.30xATR) momClosePos=0.500(forced) momOk=N ema50Ok=Y barRange=0.000000 zeroRangeBar=YES trigger=NO hasPos=NO portRisk=0.00% openPos=0 | 1.333350
PK	0	00:15:00.968	Cazyxio_v4.1 (EURUSD,M15)	2026.03.05 07:15:00 | GATE_FAIL | GBPUSD | Touch/pullback gate FAIL. Price has not approached EMA50 within last 12 bars (within 0.60 ATR). v4.1 tolerance=0.60x (tightened from v4.0 1.00x).
GP	0	00:15:00.968	Cazyxio_v4.1 (EURUSD,M15)	2026.03.05 07:15:00 | BAR | EURUSD | close=1.16029 h4ema200=1.17693 h4slope=DOWN ema50=1.16181 atr=0.000764 atrSma=0.000853 atrRatio=0.895 dir=SHORT spread=17.0 spreadOK=YES atrGate=PASS touch=FAIL momCandle=ZERO_RANGE_BAR barRange=0.000000 minBarRange=0.000229 (0.30xATR) momClosePos=0.500(forced) momOk=N ema50Ok=Y barRange=0.000000 zeroRangeBar=YES trigger=NO hasPos=NO portRisk=0.00% openPos=0 | 1.160290
MD	0	00:15:00.968	Cazyxio_v4.1 (EURUSD,M15)	2026.03.05 07:15:00 | GATE_FAIL | EURUSD | Touch/pullback gate FAIL. Price has not approached EMA50 within last 12 bars (within 0.60 ATR). v4.1 tolerance=0.60x (tightened from v4.0 1.00x).
JK	0	00:15:00.968	Cazyxio_v4.1 (EURUSD,M15)	2026.03.05 07:15:00 | BAR | AUDUSD | close=0.70409 h4ema200=0.69907 h4slope=UP ema50=0.70569 atr=0.000789 atrSma=0.000944 atrRatio=0.836 dir=LONG spread=21.0 spreadOK=YES atrGate=PASS touch=FAIL momCandle=ZERO_RANGE_BAR barRange=0.000000 minBarRange=0.000237 (0.30xATR) momClosePos=0.500(forced) momOk=N ema50Ok=Y barRange=0.000000 zeroRangeBar=YES trigger=NO hasPos=NO portRisk=0.00% openPos=0 | 0.704090
EO	0	00:15:00.968	Cazyxio_v4.1 (EURUSD,M15)	2026.03.05 07:15:00 | GATE_FAIL | AUDUSD | Touch/pullback gate FAIL. Price has not approached EMA50 within last 12 bars (within 0.60 ATR). v4.1 tolerance=0.60x (tightened from v4.0 1.00x).
KQ	0	00:15:00.968	Cazyxio_v4.1 (EURUSD,M15)	2026.03.05 07:15:00 | BAR | GBPJPY | close=209.449 h4ema200=210.343 h4slope=DOWN ema50=209.606 atr=0.131929 atrSma=0.164486 atrRatio=0.802 dir=SHORT spread=37.0 spreadOK=NO atrGate=PASS touch=FAIL momCandle=ZERO_RANGE_BAR barRange=0.000000 minBarRange=0.039579 (0.30xATR) momClosePos=0.500(forced) momOk=N ema50Ok=Y barRange=0.000000 zeroRangeBar=YES trigger=NO hasPos=NO portRisk=0.00% openPos=0 | 209.449000
FK	0	00:15:00.968	Cazyxio_v4.1 (EURUSD,M15)	2026.03.05 07:15:00 | GATE_FAIL | GBPJPY | Spread too wide. Spread=37.0 Max=30 points.
RJ	0	00:15:02.332	Cazyxio_v4.1 (EURUSD,M15)	2026.03.05 07:15:02 | BAR | USDJPY | close=157.082 h4ema200=155.719 h4slope=UP ema50=157.024 atr=0.112071 atrSma=0.124712 atrRatio=0.899 dir=LONG spread=16.0 spreadOK=YES atrGate=PASS touch=PASS momCandle=ZERO_RANGE_BAR barRange=0.004000 minBarRange=0.033621 (0.30xATR) momClosePos=0.500(forced) momOk=N ema50Ok=Y barRange=0.004000 zeroRangeBar=YES trigger=NO hasPos=NO portRisk=0.00% openPos=0 | 157.082000
NS	0	00:15:02.332	Cazyxio_v4.1 (EURUSD,M15)	2026.03.05 07:15:02 | GATE_FAIL | USDJPY | Zero-range bar FAIL (v4.1 fix). barRange=0.004000 < minBarRange=0.033621 (0.30x ATR). Doji/flat bar excluded from momentum evaluation.
OJ	0	00:15:04.616	Cazyxio_v4.1 (EURUSD,M15)	2026.03.05 07:15:04 | BAR | USDCAD | close=1.36482 h4ema200=1.36863 h4slope=DOWN ema50=1.36508 atr=0.000639 atrSma=0.000879 atrRatio=0.726 dir=SHORT spread=26.0 spreadOK=YES atrGate=FAIL touch=PASS momCandle=ZERO_RANGE_BAR barRange=0.000000 minBarRange=0.000192 (0.30xATR) momClosePos=0.500(forced) momOk=N ema50Ok=Y barRange=0.000000 zeroRangeBar=YES trigger=NO hasPos=NO portRisk=0.00% openPos=0 | 1.364820
DI	0	00:15:04.616	Cazyxio_v4.1 (EURUSD,M15)	2026.03.05 07:15:04 | GATE_FAIL | USDCAD | ATR gate FAIL. ATR=0.000639 ATR_SMA=0.000879 Ratio=0.726 MinRatio=0.80. Market too quiet.
ID	0	00:15:44.520	Cazyxio_v4.1 (EURUSD,M15)	2026.03.05 07:15:44 | HEARTBEAT | SYSTEM | EA alive. Tick=22500 Equity=45490.80 OpenPos=0 UTC=2026.03.05 07:15 DayOfWeek=4 WeekendCloseActive=NO NewTradeBlocked=NO | 22500.000000
GH	0	00:16:42.745	Cazyxio_v4.1 (EURUSD,M15)	2026.03.05 07:16:42 | HEARTBEAT | SYSTEM | EA alive. Tick=22600 Equity=45490.80 OpenPos=0 UTC=2026.03.05 07:16 DayOfWeek=4 WeekendCloseActive=NO NewTradeBlocked=NO | 22600.000000
QL	0	00:17:28.805	Cazyxio_v4.1 (EURUSD,M15)	2026.03.05 07:17:28 | HEARTBEAT | SYSTEM | EA alive. Tick=22700 Equity=45490.80 OpenPos=0 UTC=2026.03.05 07:17 DayOfWeek=4 WeekendCloseActive=NO NewTradeBlocked=NO | 22700.000000
QP	0	00:18:12.112	Cazyxio_v4.1 (EURUSD,M15)	2026.03.05 07:18:12 | HEARTBEAT | SYSTEM | EA alive. Tick=22800 Equity=45490.80 OpenPos=0 UTC=2026.03.05 07:18 DayOfWeek=4 WeekendCloseActive=NO NewTradeBlocked=NO | 22800.000000
CD	0	00:19:33.940	Cazyxio_v4.1 (EURUSD,M15)	2026.03.05 07:19:33 | HEARTBEAT | SYSTEM | EA alive. Tick=22900 Equity=45490.80 OpenPos=0 UTC=2026.03.05 07:19 DayOfWeek=4 WeekendCloseActive=NO NewTradeBlocked=NO | 22900.000000
PH	0	00:20:58.749	Cazyxio_v4.1 (EURUSD,M15)	2026.03.05 07:20:58 | HEARTBEAT | SYSTEM | EA alive. Tick=23000 Equity=45490.80 OpenPos=0 UTC=2026.03.05 07:20 DayOfWeek=4 WeekendCloseActive=NO NewTradeBlocked=NO | 23000.000000
ML	0	00:22:17.258	Cazyxio_v4.1 (EURUSD,M15)	2026.03.05 07:22:17 | HEARTBEAT | SYSTEM | EA alive. Tick=23100 Equity=45490.80 OpenPos=0 UTC=2026.03.05 07:22 DayOfWeek=4 WeekendCloseActive=NO NewTradeBlocked=NO | 23100.000000
IP	0	00:23:17.354	Cazyxio_v4.1 (EURUSD,M15)	2026.03.05 07:23:17 | HEARTBEAT | SYSTEM | EA alive. Tick=23200 Equity=45490.80 OpenPos=0 UTC=2026.03.05 07:23 DayOfWeek=4 WeekendCloseActive=NO NewTradeBlocked=NO | 23200.000000
FD	0	00:24:44.451	Cazyxio_v4.1 (EURUSD,M15)	2026.03.05 07:24:44 | HEARTBEAT | SYSTEM | EA alive. Tick=23300 Equity=45490.80 OpenPos=0 UTC=2026.03.05 07:24 DayOfWeek=4 WeekendCloseActive=NO NewTradeBlocked=NO | 23300.000000
GH	0	00:26:12.713	Cazyxio_v4.1 (EURUSD,M15)	2026.03.05 07:26:12 | HEARTBEAT | SYSTEM | EA alive. Tick=23400 Equity=45490.80 OpenPos=0 UTC=2026.03.05 07:26 DayOfWeek=4 WeekendCloseActive=NO NewTradeBlocked=NO | 23400.000000
JL	0	00:27:53.474	Cazyxio_v4.1 (EURUSD,M15)	2026.03.05 07:27:53 | HEARTBEAT | SYSTEM | EA alive. Tick=23500 Equity=45490.80 OpenPos=0 UTC=2026.03.05 07:27 DayOfWeek=4 WeekendCloseActive=NO NewTradeBlocked=NO | 23500.000000
KP	0	00:29:09.611	Cazyxio_v4.1 (EURUSD,M15)	2026.03.05 07:29:09 | HEARTBEAT | SYSTEM | EA alive. Tick=23600 Equity=45490.80 OpenPos=0 UTC=2026.03.05 07:29 DayOfWeek=4 WeekendCloseActive=NO NewTradeBlocked=NO | 23600.000000
GJ	0	00:30:00.989	Cazyxio_v4.1 (EURUSD,M15)	2026.03.05 07:30:00 | BAR | GBPUSD | close=1.33415 h4ema200=1.35075 h4slope=DOWN ema50=1.33484 atr=0.001001 atrSma=0.001150 atrRatio=0.871 dir=SHORT spread=23.0 spreadOK=YES atrGate=PASS touch=FAIL momCandle=ZERO_RANGE_BAR barRange=0.000000 minBarRange=0.000300 (0.30xATR) momClosePos=0.500(forced) momOk=N ema50Ok=Y barRange=0.000000 zeroRangeBar=YES trigger=NO hasPos=NO portRisk=0.00% openPos=0 | 1.334150
ML	0	00:30:00.989	Cazyxio_v4.1 (EURUSD,M15)	2026.03.05 07:30:00 | GATE_FAIL | GBPUSD | Touch/pullback gate FAIL. Price has not approached EMA50 within last 12 bars (within 0.60 ATR). v4.1 tolerance=0.60x (tightened from v4.0 1.00x).
LQ	0	00:30:00.989	Cazyxio_v4.1 (EURUSD,M15)	2026.03.05 07:30:00 | BAR | EURUSD | close=1.16076 h4ema200=1.17693 h4slope=DOWN ema50=1.16178 atr=0.000801 atrSma=0.000854 atrRatio=0.937 dir=SHORT spread=16.0 spreadOK=YES atrGate=PASS touch=FAIL momCandle=ZERO_RANGE_BAR barRange=0.000000 minBarRange=0.000240 (0.30xATR) momClosePos=0.500(forced) momOk=N ema50Ok=Y barRange=0.000000 zeroRangeBar=YES trigger=NO hasPos=NO portRisk=0.00% openPos=0 | 1.160760
PG	0	00:30:00.989	Cazyxio_v4.1 (EURUSD,M15)	2026.03.05 07:30:00 | GATE_FAIL | EURUSD | Touch/pullback gate FAIL. Price has not approached EMA50 within last 12 bars (within 0.60 ATR). v4.1 tolerance=0.60x (tightened from v4.0 1.00x).
HJ	0	00:30:00.989	Cazyxio_v4.1 (EURUSD,M15)	2026.03.05 07:30:00 | BAR | USDJPY | close=157.036 h4ema200=155.718 h4slope=UP ema50=157.023 atr=0.115643 atrSma=0.124806 atrRatio=0.927 dir=LONG spread=18.0 spreadOK=YES atrGate=PASS touch=PASS momCandle=ZERO_RANGE_BAR barRange=0.000000 minBarRange=0.034693 (0.30xATR) momClosePos=0.500(forced) momOk=N ema50Ok=Y barRange=0.000000 zeroRangeBar=YES trigger=NO hasPos=NO portRisk=0.00% openPos=0 | 157.036000
FR	0	00:30:00.989	Cazyxio_v4.1 (EURUSD,M15)	2026.03.05 07:30:00 | GATE_FAIL | USDJPY | Zero-range bar FAIL (v4.1 fix). barRange=0.000000 < minBarRange=0.034693 (0.30x ATR). Doji/flat bar excluded from momentum evaluation.
CF	0	00:30:00.989	Cazyxio_v4.1 (EURUSD,M15)	2026.03.05 07:30:00 | BAR | GBPJPY | close=209.516 h4ema200=210.344 h4slope=DOWN ema50=209.605 atr=0.132500 atrSma=0.164291 atrRatio=0.806 dir=SHORT spread=40.0 spreadOK=NO atrGate=PASS touch=FAIL momCandle=ZERO_RANGE_BAR barRange=0.000000 minBarRange=0.039750 (0.30xATR) momClosePos=0.500(forced) momOk=N ema50Ok=Y barRange=0.000000 zeroRangeBar=YES trigger=NO hasPos=NO portRisk=0.00% openPos=0 | 209.516000
EN	0	00:30:00.989	Cazyxio_v4.1 (EURUSD,M15)	2026.03.05 07:30:00 | GATE_FAIL | GBPJPY | Spread too wide. Spread=40.0 Max=30 points.
HE	0	00:30:00.989	Cazyxio_v4.1 (EURUSD,M15)	2026.03.05 07:30:00 | BAR | USDCAD | close=1.36440 h4ema200=1.36863 h4slope=DOWN ema50=1.36504 atr=0.000636 atrSma=0.000879 atrRatio=0.723 dir=SHORT spread=25.0 spreadOK=YES atrGate=FAIL touch=PASS momCandle=ZERO_RANGE_BAR barRange=0.000000 minBarRange=0.000191 (0.30xATR) momClosePos=0.500(forced) momOk=N ema50Ok=Y barRange=0.000000 zeroRangeBar=YES trigger=NO hasPos=NO portRisk=0.00% openPos=0 | 1.364400
OQ	0	00:30:00.989	Cazyxio_v4.1 (EURUSD,M15)	2026.03.05 07:30:00 | GATE_FAIL | USDCAD | ATR gate FAIL. ATR=0.000636 ATR_SMA=0.000879 Ratio=0.723 MinRatio=0.80. Market too quiet.
CO	0	00:30:02.137	Cazyxio_v4.1 (EURUSD,M15)	2026.03.05 07:30:02 | BAR | AUDUSD | close=0.70439 h4ema200=0.69907 h4slope=UP ema50=0.70565 atr=0.000796 atrSma=0.000942 atrRatio=0.845 dir=LONG spread=17.0 spreadOK=YES atrGate=PASS touch=FAIL momCandle=ZERO_RANGE_BAR barRange=0.000000 minBarRange=0.000239 (0.30xATR) momClosePos=0.500(forced) momOk=N ema50Ok=Y barRange=0.000000 zeroRangeBar=YES trigger=NO hasPos=NO portRisk=0.00% openPos=0 | 0.704390
MD	0	00:30:02.137	Cazyxio_v4.1 (EURUSD,M15)	2026.03.05 07:30:02 | GATE_FAIL | AUDUSD | Touch/pullback gate FAIL. Price has not approached EMA50 within last 12 bars (within 0.60 ATR). v4.1 tolerance=0.60x (tightened from v4.0 1.00x).
IF	0	00:30:19.822	Cazyxio_v4.1 (EURUSD,M15)	2026.03.05 07:30:19 | HEARTBEAT | SYSTEM | EA alive. Tick=23700 Equity=45490.80 OpenPos=0 UTC=2026.03.05 07:30 DayOfWeek=4 WeekendCloseActive=NO NewTradeBlocked=NO | 23700.000000
GJ	0	00:31:31.874	Cazyxio_v4.1 (EURUSD,M15)	2026.03.05 07:31:31 | HEARTBEAT | SYSTEM | EA alive. Tick=23800 Equity=45490.80 OpenPos=0 UTC=2026.03.05 07:31 DayOfWeek=4 WeekendCloseActive=NO NewTradeBlocked=NO | 23800.000000
RN	0	00:32:38.434	Cazyxio_v4.1 (EURUSD,M15)	2026.03.05 07:32:38 | HEARTBEAT | SYSTEM | EA alive. Tick=23900 Equity=45490.80 OpenPos=0 UTC=2026.03.05 07:32 DayOfWeek=4 WeekendCloseActive=NO NewTradeBlocked=NO | 23900.000000
HR	0	00:33:53.019	Cazyxio_v4.1 (EURUSD,M15)	2026.03.05 07:33:53 | HEARTBEAT | SYSTEM | EA alive. Tick=24000 Equity=45490.80 OpenPos=0 UTC=2026.03.05 07:33 DayOfWeek=4 WeekendCloseActive=NO NewTradeBlocked=NO | 24000.000000
OF	0	00:35:02.241	Cazyxio_v4.1 (EURUSD,M15)	2026.03.05 07:35:02 | HEARTBEAT | SYSTEM | EA alive. Tick=24100 Equity=45490.80 OpenPos=0 UTC=2026.03.05 07:35 DayOfWeek=4 WeekendCloseActive=NO NewTradeBlocked=NO | 24100.000000
EJ	0	00:36:30.596	Cazyxio_v4.1 (EURUSD,M15)	2026.03.05 07:36:30 | HEARTBEAT | SYSTEM | EA alive. Tick=24200 Equity=45490.80 OpenPos=0 UTC=2026.03.05 07:36 DayOfWeek=4 WeekendCloseActive=NO NewTradeBlocked=NO | 24200.000000
CN	0	00:37:50.832	Cazyxio_v4.1 (EURUSD,M15)	2026.03.05 07:37:50 | HEARTBEAT | SYSTEM | EA alive. Tick=24300 Equity=45490.80 OpenPos=0 UTC=2026.03.05 07:37 DayOfWeek=4 WeekendCloseActive=NO NewTradeBlocked=NO | 24300.000000
IR	0	00:39:31.098	Cazyxio_v4.1 (EURUSD,M15)	2026.03.05 07:39:31 | HEARTBEAT | SYSTEM | EA alive. Tick=24400 Equity=45490.80 OpenPos=0 UTC=2026.03.05 07:39 DayOfWeek=4 WeekendCloseActive=NO NewTradeBlocked=NO | 24400.000000
GF	0	00:41:14.837	Cazyxio_v4.1 (EURUSD,M15)	2026.03.05 07:41:14 | HEARTBEAT | SYSTEM | EA alive. Tick=24500 Equity=45490.80 OpenPos=0 UTC=2026.03.05 07:41 DayOfWeek=4 WeekendCloseActive=NO NewTradeBlocked=NO | 24500.000000
JJ	0	00:42:41.279	Cazyxio_v4.1 (EURUSD,M15)	2026.03.05 07:42:41 | HEARTBEAT | SYSTEM | EA alive. Tick=24600 Equity=45490.80 OpenPos=0 UTC=2026.03.05 07:42 DayOfWeek=4 WeekendCloseActive=NO NewTradeBlocked=NO | 24600.000000
KN	0	00:44:37.243	Cazyxio_v4.1 (EURUSD,M15)	2026.03.05 07:44:37 | HEARTBEAT | SYSTEM | EA alive. Tick=24700 Equity=45490.80 OpenPos=0 UTC=2026.03.05 07:44 DayOfWeek=4 WeekendCloseActive=NO NewTradeBlocked=NO | 24700.000000
PM	0	00:45:00.989	Cazyxio_v4.1 (EURUSD,M15)	2026.03.05 07:45:00 | BAR | GBPUSD | close=1.33517 h4ema200=1.35076 h4slope=DOWN ema50=1.33489 atr=0.001045 atrSma=0.001151 atrRatio=0.908 dir=SHORT spread=24.0 spreadOK=YES atrGate=PASS touch=PASS momCandle=ZERO_RANGE_BAR barRange=0.000000 minBarRange=0.000314 (0.30xATR) momClosePos=0.500(forced) momOk=N ema50Ok=Y barRange=0.000000 zeroRangeBar=YES trigger=NO hasPos=NO portRisk=0.00% openPos=0 | 1.335170
QH	0	00:45:00.989	Cazyxio_v4.1 (EURUSD,M15)	2026.03.05 07:45:00 | GATE_FAIL | GBPUSD | Zero-range bar FAIL (v4.1 fix). barRange=0.000000 < minBarRange=0.000314 (0.30x ATR). Doji/flat bar excluded from momentum evaluation.
HP	0	00:45:00.989	Cazyxio_v4.1 (EURUSD,M15)	2026.03.05 07:45:00 | BAR | EURUSD | close=1.16122 h4ema200=1.17694 h4slope=DOWN ema50=1.16178 atr=0.000816 atrSma=0.000855 atrRatio=0.955 dir=SHORT spread=19.0 spreadOK=YES atrGate=PASS touch=FAIL momCandle=ZERO_RANGE_BAR barRange=0.000000 minBarRange=0.000245 (0.30xATR) momClosePos=0.500(forced) momOk=N ema50Ok=Y barRange=0.000000 zeroRangeBar=YES trigger=NO hasPos=NO portRisk=0.00% openPos=0 | 1.161220
RD	0	00:45:00.989	Cazyxio_v4.1 (EURUSD,M15)	2026.03.05 07:45:00 | GATE_FAIL | EURUSD | Touch/pullback gate FAIL. Price has not approached EMA50 within last 12 bars (within 0.60 ATR). v4.1 tolerance=0.60x (tightened from v4.0 1.00x).
DK	0	00:45:00.989	Cazyxio_v4.1 (EURUSD,M15)	2026.03.05 07:45:00 | BAR | USDJPY | close=157.101 h4ema200=155.719 h4slope=UP ema50=157.028 atr=0.115071 atrSma=0.124821 atrRatio=0.922 dir=LONG spread=19.0 spreadOK=YES atrGate=PASS touch=PASS momCandle=ZERO_RANGE_BAR barRange=0.000000 minBarRange=0.034521 (0.30xATR) momClosePos=0.500(forced) momOk=N ema50Ok=Y barRange=0.000000 zeroRangeBar=YES trigger=NO hasPos=NO portRisk=0.00% openPos=0 | 157.101000
JL	0	00:45:00.989	Cazyxio_v4.1 (EURUSD,M15)	2026.03.05 07:45:00 | GATE_FAIL | USDJPY | Zero-range bar FAIL (v4.1 fix). barRange=0.000000 < minBarRange=0.034521 (0.30x ATR). Doji/flat bar excluded from momentum evaluation.
KG	0	00:45:01.240	Cazyxio_v4.1 (EURUSD,M15)	2026.03.05 07:45:01 | BAR | AUDUSD | close=0.70407 h4ema200=0.69907 h4slope=UP ema50=0.70557 atr=0.000789 atrSma=0.000939 atrRatio=0.840 dir=LONG spread=18.0 spreadOK=YES atrGate=PASS touch=FAIL momCandle=ZERO_RANGE_BAR barRange=0.000000 minBarRange=0.000237 (0.30xATR) momClosePos=0.500(forced) momOk=N ema50Ok=Y barRange=0.000000 zeroRangeBar=YES trigger=NO hasPos=NO portRisk=0.00% openPos=0 | 0.704070
HK	0	00:45:01.240	Cazyxio_v4.1 (EURUSD,M15)	2026.03.05 07:45:01 | GATE_FAIL | AUDUSD | Touch/pullback gate FAIL. Price has not approached EMA50 within last 12 bars (within 0.60 ATR). v4.1 tolerance=0.60x (tightened from v4.0 1.00x).
RM	0	00:45:01.240	Cazyxio_v4.1 (EURUSD,M15)	2026.03.05 07:45:01 | BAR | GBPJPY | close=209.755 h4ema200=210.347 h4slope=DOWN ema50=209.619 atr=0.147786 atrSma=0.164321 atrRatio=0.899 dir=SHORT spread=47.0 spreadOK=NO atrGate=PASS touch=FAIL momCandle=ZERO_RANGE_BAR barRange=0.000000 minBarRange=0.044336 (0.30xATR) momClosePos=0.500(forced) momOk=N ema50Ok=Y barRange=0.000000 zeroRangeBar=YES trigger=NO hasPos=NO portRisk=0.00% openPos=0 | 209.755000
JG	0	00:45:01.240	Cazyxio_v4.1 (EURUSD,M15)	2026.03.05 07:45:01 | GATE_FAIL | GBPJPY | Spread too wide. Spread=47.0 Max=30 points.
KK	0	00:45:01.240	Cazyxio_v4.1 (EURUSD,M15)	2026.03.05 07:45:01 | BAR | USDCAD | close=1.36420 h4ema200=1.36863 h4slope=DOWN ema50=1.36500 atr=0.000638 atrSma=0.000879 atrRatio=0.726 dir=SHORT spread=25.0 spreadOK=YES atrGate=FAIL touch=PASS momCandle=ZERO_RANGE_BAR barRange=0.000000 minBarRange=0.000191 (0.30xATR) momClosePos=0.500(forced) momOk=N ema50Ok=Y barRange=0.000000 zeroRangeBar=YES trigger=NO hasPos=NO portRisk=0.00% openPos=0 | 1.364200
PN	0	00:45:01.240	Cazyxio_v4.1 (EURUSD,M15)	2026.03.05 07:45:01 | GATE_FAIL | USDCAD | ATR gate FAIL. ATR=0.000638 ATR_SMA=0.000879 Ratio=0.726 MinRatio=0.80. Market too quiet.
FG	0	00:45:31.591	Cazyxio_v4.1 (EURUSD,M15)	2026.03.05 07:45:31 | HEARTBEAT | SYSTEM | EA alive. Tick=24800 Equity=45490.80 OpenPos=0 UTC=2026.03.05 07:45 DayOfWeek=4 WeekendCloseActive=NO NewTradeBlocked=NO | 24800.000000
KK	0	00:46:42.467	Cazyxio_v4.1 (EURUSD,M15)	2026.03.05 07:46:42 | HEARTBEAT | SYSTEM | EA alive. Tick=24900 Equity=45490.80 OpenPos=0 UTC=2026.03.05 07:46 DayOfWeek=4 WeekendCloseActive=NO NewTradeBlocked=NO | 24900.000000
IO	0	00:48:33.104	Cazyxio_v4.1 (EURUSD,M15)	2026.03.05 07:48:33 | HEARTBEAT | SYSTEM | EA alive. Tick=25000 Equity=45490.80 OpenPos=0 UTC=2026.03.05 07:48 DayOfWeek=4 WeekendCloseActive=NO NewTradeBlocked=NO | 25000.000000
GS	0	00:49:54.161	Cazyxio_v4.1 (EURUSD,M15)	2026.03.05 07:49:54 | HEARTBEAT | SYSTEM | EA alive. Tick=25100 Equity=45490.80 OpenPos=0 UTC=2026.03.05 07:49 DayOfWeek=4 WeekendCloseActive=NO NewTradeBlocked=NO | 25100.000000
RG	0	00:51:03.712	Cazyxio_v4.1 (EURUSD,M15)	2026.03.05 07:51:03 | HEARTBEAT | SYSTEM | EA alive. Tick=25200 Equity=45490.80 OpenPos=0 UTC=2026.03.05 07:51 DayOfWeek=4 WeekendCloseActive=NO NewTradeBlocked=NO | 25200.000000
LK	0	00:52:25.706	Cazyxio_v4.1 (EURUSD,M15)	2026.03.05 07:52:25 | HEARTBEAT | SYSTEM | EA alive. Tick=25300 Equity=45490.80 OpenPos=0 UTC=2026.03.05 07:52 DayOfWeek=4 WeekendCloseActive=NO NewTradeBlocked=NO | 25300.000000
FO	0	00:53:57.758	Cazyxio_v4.1 (EURUSD,M15)	2026.03.05 07:53:57 | HEARTBEAT | SYSTEM | EA alive. Tick=25400 Equity=45490.80 OpenPos=0 UTC=2026.03.05 07:53 DayOfWeek=4 WeekendCloseActive=NO NewTradeBlocked=NO | 25400.000000
KS	0	00:55:09.979	Cazyxio_v4.1 (EURUSD,M15)	2026.03.05 07:55:09 | HEARTBEAT | SYSTEM | EA alive. Tick=25500 Equity=45490.80 OpenPos=0 UTC=2026.03.05 07:55 DayOfWeek=4 WeekendCloseActive=NO NewTradeBlocked=NO | 25500.000000
FG	0	00:56:12.429	Cazyxio_v4.1 (EURUSD,M15)	2026.03.05 07:56:12 | HEARTBEAT | SYSTEM | EA alive. Tick=25600 Equity=45490.80 OpenPos=0 UTC=2026.03.05 07:56 DayOfWeek=4 WeekendCloseActive=NO NewTradeBlocked=NO | 25600.000000
PK	0	00:57:10.451	Cazyxio_v4.1 (EURUSD,M15)	2026.03.05 07:57:10 | HEARTBEAT | SYSTEM | EA alive. Tick=25700 Equity=45490.80 OpenPos=0 UTC=2026.03.05 07:57 DayOfWeek=4 WeekendCloseActive=NO NewTradeBlocked=NO | 25700.000000
OO	0	00:57:52.357	Cazyxio_v4.1 (EURUSD,M15)	2026.03.05 07:57:52 | HEARTBEAT | SYSTEM | EA alive. Tick=25800 Equity=45490.80 OpenPos=0 UTC=2026.03.05 07:57 DayOfWeek=4 WeekendCloseActive=NO NewTradeBlocked=NO | 25800.000000
OS	0	00:58:29.781	Cazyxio_v4.1 (EURUSD,M15)	2026.03.05 07:58:29 | HEARTBEAT | SYSTEM | EA alive. Tick=25900 Equity=45490.80 OpenPos=0 UTC=2026.03.05 07:58 DayOfWeek=4 WeekendCloseActive=NO NewTradeBlocked=NO | 25900.000000
EG	0	00:59:34.625	Cazyxio_v4.1 (EURUSD,M15)	2026.03.05 07:59:34 | HEARTBEAT | SYSTEM | EA alive. Tick=26000 Equity=45490.80 OpenPos=0 UTC=2026.03.05 07:59 DayOfWeek=4 WeekendCloseActive=NO NewTradeBlocked=NO | 26000.000000
KD	0	01:00:01.095	Cazyxio_v4.1 (EURUSD,M15)	2026.03.05 08:00:01 | BAR | GBPUSD | close=1.33406 h4ema200=1.35075 h4slope=DOWN ema50=1.33482 atr=0.001119 atrSma=0.001152 atrRatio=0.971 dir=SHORT spread=24.0 spreadOK=YES atrGate=PASS touch=PASS momCandle=ZERO_RANGE_BAR barRange=0.000000 minBarRange=0.000336 (0.30xATR) momClosePos=0.500(forced) momOk=N ema50Ok=Y barRange=0.000000 zeroRangeBar=YES trigger=NO hasPos=NO portRisk=0.00% openPos=0 | 1.334060
IS	0	01:00:01.095	Cazyxio_v4.1 (EURUSD,M15)	2026.03.05 08:00:01 | GATE_FAIL | GBPUSD | Zero-range bar FAIL (v4.1 fix). barRange=0.000000 < minBarRange=0.000336 (0.30x ATR). Doji/flat bar excluded from momentum evaluation.
OK	0	01:00:01.095	Cazyxio_v4.1 (EURUSD,M15)	2026.03.05 08:00:01 | BAR | EURUSD | close=1.16040 h4ema200=1.17693 h4slope=DOWN ema50=1.16169 atr=0.000871 atrSma=0.000857 atrRatio=1.016 dir=SHORT spread=19.0 spreadOK=YES atrGate=PASS touch=FAIL momCandle=ZERO_RANGE_BAR barRange=0.000000 minBarRange=0.000261 (0.30xATR) momClosePos=0.500(forced) momOk=N ema50Ok=Y barRange=0.000000 zeroRangeBar=YES trigger=NO hasPos=NO portRisk=0.00% openPos=0 | 1.160400
FM	0	01:00:01.095	Cazyxio_v4.1 (EURUSD,M15)	2026.03.05 08:00:01 | GATE_FAIL | EURUSD | Touch/pullback gate FAIL. Price has not approached EMA50 within last 12 bars (within 0.60 ATR). v4.1 tolerance=0.60x (tightened from v4.0 1.00x).
ML	0	01:00:01.095	Cazyxio_v4.1 (EURUSD,M15)	2026.03.05 08:00:01 | BAR | USDJPY | close=157.253 h4ema200=155.721 h4slope=UP ema50=157.043 atr=0.122071 atrSma=0.124911 atrRatio=0.977 dir=LONG spread=17.0 spreadOK=YES atrGate=PASS touch=PASS momCandle=ZERO_RANGE_BAR barRange=0.000000 minBarRange=0.036621 (0.30xATR) momClosePos=0.500(forced) momOk=N ema50Ok=Y barRange=0.000000 zeroRangeBar=YES trigger=NO hasPos=NO portRisk=0.00% openPos=0 | 157.253000
QE	0	01:00:01.095	Cazyxio_v4.1 (EURUSD,M15)	2026.03.05 08:00:01 | GATE_FAIL | USDJPY | Zero-range bar FAIL (v4.1 fix). barRange=0.000000 < minBarRange=0.036621 (0.30x ATR). Doji/flat bar excluded from momentum evaluation.
CD	0	01:00:01.095	Cazyxio_v4.1 (EURUSD,M15)	2026.03.05 08:00:01 | BAR | USDCAD | close=1.36441 h4ema200=1.36863 h4slope=DOWN ema50=1.36498 atr=0.000671 atrSma=0.000879 atrRatio=0.764 dir=SHORT spread=26.0 spreadOK=YES atrGate=FAIL touch=PASS momCandle=ZERO_RANGE_BAR barRange=0.000000 minBarRange=0.000201 (0.30xATR) momClosePos=0.500(forced) momOk=N ema50Ok=Y barRange=0.000000 zeroRangeBar=YES trigger=NO hasPos=NO portRisk=0.00% openPos=0 | 1.364410
GP	0	01:00:01.095	Cazyxio_v4.1 (EURUSD,M15)	2026.03.05 08:00:01 | GATE_FAIL | USDCAD | ATR gate FAIL. ATR=0.000671 ATR_SMA=0.000879 Ratio=0.764 MinRatio=0.80. Market too quiet.
MH	0	01:00:01.342	Cazyxio_v4.1 (EURUSD,M15)	2026.03.05 08:00:01 | BAR | AUDUSD | close=0.70342 h4ema200=0.69906 h4slope=UP ema50=0.70547 atr=0.000839 atrSma=0.000937 atrRatio=0.895 dir=LONG spread=18.0 spreadOK=YES atrGate=PASS touch=FAIL momCandle=ZERO_RANGE_BAR barRange=0.000000 minBarRange=0.000252 (0.30xATR) momClosePos=0.500(forced) momOk=N ema50Ok=Y barRange=0.000000 zeroRangeBar=YES trigger=NO hasPos=NO portRisk=0.00% openPos=0 | 0.703420
MS	0	01:00:01.342	Cazyxio_v4.1 (EURUSD,M15)	2026.03.05 08:00:01 | GATE_FAIL | AUDUSD | Touch/pullback gate FAIL. Price has not approached EMA50 within last 12 bars (within 0.60 ATR). v4.1 tolerance=0.60x (tightened from v4.0 1.00x).
QE	0	01:00:01.342	Cazyxio_v4.1 (EURUSD,M15)	2026.03.05 08:00:01 | BAR | GBPJPY | close=209.783 h4ema200=210.347 h4slope=DOWN ema50=209.627 atr=0.147000 atrSma=0.164175 atrRatio=0.895 dir=SHORT spread=45.0 spreadOK=NO atrGate=PASS touch=FAIL momCandle=ZERO_RANGE_BAR barRange=0.000000 minBarRange=0.044100 (0.30xATR) momClosePos=0.500(forced) momOk=N ema50Ok=Y barRange=0.000000 zeroRangeBar=YES trigger=NO hasPos=NO portRisk=0.00% openPos=0 | 209.783000
IO	0	01:00:01.342	Cazyxio_v4.1 (EURUSD,M15)	2026.03.05 08:00:01 | GATE_FAIL | GBPJPY | Spread too wide. Spread=45.0 Max=30 points.
IM	0	01:00:10.446	Cazyxio_v4.1 (EURUSD,M15)	2026.03.05 08:00:10 | HEARTBEAT | SYSTEM | EA alive. Tick=26100 Equity=45490.80 OpenPos=0 UTC=2026.03.05 08:00 DayOfWeek=4 WeekendCloseActive=NO NewTradeBlocked=NO | 26100.000000
HQ	0	01:00:56.072	Cazyxio_v4.1 (EURUSD,M15)	2026.03.05 08:00:56 | HEARTBEAT | SYSTEM | EA alive. Tick=26200 Equity=45490.80 OpenPos=0 UTC=2026.03.05 08:00 DayOfWeek=4 WeekendCloseActive=NO NewTradeBlocked=NO | 26200.000000
EE	0	01:01:35.416	Cazyxio_v4.1 (EURUSD,M15)	2026.03.05 08:01:35 | HEARTBEAT | SYSTEM | EA alive. Tick=26300 Equity=45490.80 OpenPos=0 UTC=2026.03.05 08:01 DayOfWeek=4 WeekendCloseActive=NO NewTradeBlocked=NO | 26300.000000
II	0	01:02:15.499	Cazyxio_v4.1 (EURUSD,M15)	2026.03.05 08:02:15 | HEARTBEAT | SYSTEM | EA alive. Tick=26400 Equity=45490.80 OpenPos=0 UTC=2026.03.05 08:02 DayOfWeek=4 WeekendCloseActive=NO NewTradeBlocked=NO | 26400.000000
DM	0	01:03:12.442	Cazyxio_v4.1 (EURUSD,M15)	2026.03.05 08:03:12 | HEARTBEAT | SYSTEM | EA alive. Tick=26500 Equity=45490.80 OpenPos=0 UTC=2026.03.05 08:03 DayOfWeek=4 WeekendCloseActive=NO NewTradeBlocked=NO | 26500.000000
CQ	0	01:04:11.501	Cazyxio_v4.1 (EURUSD,M15)	2026.03.05 08:04:11 | HEARTBEAT | SYSTEM | EA alive. Tick=26600 Equity=45490.80 OpenPos=0 UTC=2026.03.05 08:04 DayOfWeek=4 WeekendCloseActive=NO NewTradeBlocked=NO | 26600.000000
ME	0	01:05:02.168	Cazyxio_v4.1 (EURUSD,M15)	2026.03.05 08:05:02 | HEARTBEAT | SYSTEM | EA alive. Tick=26700 Equity=45490.80 OpenPos=0 UTC=2026.03.05 08:05 DayOfWeek=4 WeekendCloseActive=NO NewTradeBlocked=NO | 26700.000000
PI	0	01:06:05.649	Cazyxio_v4.1 (EURUSD,M15)	2026.03.05 08:06:05 | HEARTBEAT | SYSTEM | EA alive. Tick=26800 Equity=45490.80 OpenPos=0 UTC=2026.03.05 08:06 DayOfWeek=4 WeekendCloseActive=NO NewTradeBlocked=NO | 26800.000000
KM	0	01:06:59.284	Cazyxio_v4.1 (EURUSD,M15)	2026.03.05 08:06:59 | HEARTBEAT | SYSTEM | EA alive. Tick=26900 Equity=45490.80 OpenPos=0 UTC=2026.03.05 08:06 DayOfWeek=4 WeekendCloseActive=NO NewTradeBlocked=NO | 26900.000000
HQ	0	01:07:48.626	Cazyxio_v4.1 (EURUSD,M15)	2026.03.05 08:07:48 | HEARTBEAT | SYSTEM | EA alive. Tick=27000 Equity=45490.80 OpenPos=0 UTC=2026.03.05 08:07 DayOfWeek=4 WeekendCloseActive=NO NewTradeBlocked=NO | 27000.000000
FE	0	01:08:36.856	Cazyxio_v4.1 (EURUSD,M15)	2026.03.05 08:08:36 | HEARTBEAT | SYSTEM | EA alive. Tick=27100 Equity=45490.80 OpenPos=0 UTC=2026.03.05 08:08 DayOfWeek=4 WeekendCloseActive=NO NewTradeBlocked=NO | 27100.000000
RI	0	01:09:25.125	Cazyxio_v4.1 (EURUSD,M15)	2026.03.05 08:09:25 | HEARTBEAT | SYSTEM | EA alive. Tick=27200 Equity=45490.80 OpenPos=0 UTC=2026.03.05 08:09 DayOfWeek=4 WeekendCloseActive=NO NewTradeBlocked=NO | 27200.000000
IM	0	01:10:14.645	Cazyxio_v4.1 (EURUSD,M15)	2026.03.05 08:10:14 | HEARTBEAT | SYSTEM | EA alive. Tick=27300 Equity=45490.80 OpenPos=0 UTC=2026.03.05 08:10 DayOfWeek=4 WeekendCloseActive=NO NewTradeBlocked=NO | 27300.000000
DQ	0	01:11:01.098	Cazyxio_v4.1 (EURUSD,M15)	2026.03.05 08:11:01 | HEARTBEAT | SYSTEM | EA alive. Tick=27400 Equity=45490.80 OpenPos=0 UTC=2026.03.05 08:11 DayOfWeek=4 WeekendCloseActive=NO NewTradeBlocked=NO | 27400.000000
GE	0	01:11:40.051	Cazyxio_v4.1 (EURUSD,M15)	2026.03.05 08:11:40 | HEARTBEAT | SYSTEM | EA alive. Tick=27500 Equity=45490.80 OpenPos=0 UTC=2026.03.05 08:11 DayOfWeek=4 WeekendCloseActive=NO NewTradeBlocked=NO | 27500.000000
PI	0	01:12:18.259	Cazyxio_v4.1 (EURUSD,M15)	2026.03.05 08:12:18 | HEARTBEAT | SYSTEM | EA alive. Tick=27600 Equity=45490.80 OpenPos=0 UTC=2026.03.05 08:12 DayOfWeek=4 WeekendCloseActive=NO NewTradeBlocked=NO | 27600.000000
NM	0	01:13:08.548	Cazyxio_v4.1 (EURUSD,M15)	2026.03.05 08:13:08 | HEARTBEAT | SYSTEM | EA alive. Tick=27700 Equity=45490.80 OpenPos=0 UTC=2026.03.05 08:13 DayOfWeek=4 WeekendCloseActive=NO NewTradeBlocked=NO | 27700.000000
MQ	0	01:13:45.008	Cazyxio_v4.1 (EURUSD,M15)	2026.03.05 08:13:45 | HEARTBEAT | SYSTEM | EA alive. Tick=27800 Equity=45490.80 OpenPos=0 UTC=2026.03.05 08:13 DayOfWeek=4 WeekendCloseActive=NO NewTradeBlocked=NO | 27800.000000
RE	0	01:14:26.486	Cazyxio_v4.1 (EURUSD,M15)	2026.03.05 08:14:26 | HEARTBEAT | SYSTEM | EA alive. Tick=27900 Equity=45490.80 OpenPos=0 UTC=2026.03.05 08:14 DayOfWeek=4 WeekendCloseActive=NO NewTradeBlocked=NO | 27900.000000
LF	0	01:15:01.040	Cazyxio_v4.1 (EURUSD,M15)	2026.03.05 08:15:01 | BAR | EURUSD | close=1.15905 h4ema200=1.17691 h4slope=DOWN ema50=1.16154 atr=0.000951 atrSma=0.000859 atrRatio=1.107 dir=SHORT spread=16.0 spreadOK=YES atrGate=PASS touch=FAIL momCandle=ZERO_RANGE_BAR barRange=0.000000 minBarRange=0.000285 (0.30xATR) momClosePos=0.500(forced) momOk=N ema50Ok=Y barRange=0.000000 zeroRangeBar=YES trigger=NO hasPos=NO portRisk=0.00% openPos=0 | 1.159050
FQ	0	01:15:01.040	Cazyxio_v4.1 (EURUSD,M15)	2026.03.05 08:15:01 | GATE_FAIL | EURUSD | Touch/pullback gate FAIL. Price has not approached EMA50 within last 12 bars (within 0.60 ATR). v4.1 tolerance=0.60x (tightened from v4.0 1.00x).
GQ	0	01:15:01.040	Cazyxio_v4.1 (EURUSD,M15)	2026.03.05 08:15:01 | BAR | USDJPY | close=157.312 h4ema200=155.721 h4slope=UP ema50=157.056 atr=0.125857 atrSma=0.125041 atrRatio=1.007 dir=LONG spread=15.0 spreadOK=YES atrGate=PASS touch=PASS momCandle=ZERO_RANGE_BAR barRange=0.000000 minBarRange=0.037757 (0.30xATR) momClosePos=0.500(forced) momOk=N ema50Ok=Y barRange=0.000000 zeroRangeBar=YES trigger=NO hasPos=NO portRisk=0.00% openPos=0 | 157.312000
RI	0	01:15:01.040	Cazyxio_v4.1 (EURUSD,M15)	2026.03.05 08:15:01 | GATE_FAIL | USDJPY | Zero-range bar FAIL (v4.1 fix). barRange=0.000000 < minBarRange=0.037757 (0.30x ATR). Doji/flat bar excluded from momentum evaluation.
OL	0	01:15:01.040	Cazyxio_v4.1 (EURUSD,M15)	2026.03.05 08:15:01 | BAR | GBPJPY | close=209.586 h4ema200=210.345 h4slope=DOWN ema50=209.618 atr=0.154429 atrSma=0.164093 atrRatio=0.941 dir=SHORT spread=39.0 spreadOK=NO atrGate=PASS touch=PASS momCandle=ZERO_RANGE_BAR barRange=0.000000 minBarRange=0.046329 (0.30xATR) momClosePos=0.500(forced) momOk=N ema50Ok=Y barRange=0.000000 zeroRangeBar=YES trigger=NO hasPos=NO portRisk=0.00% openPos=0 | 209.586000
EG	0	01:15:01.040	Cazyxio_v4.1 (EURUSD,M15)	2026.03.05 08:15:01 | GATE_FAIL | GBPJPY | Spread too wide. Spread=39.0 Max=30 points.
JK	0	01:15:01.288	Cazyxio_v4.1 (EURUSD,M15)	2026.03.05 08:15:01 | BAR | GBPUSD | close=1.33227 h4ema200=1.35073 h4slope=DOWN ema50=1.33465 atr=0.001222 atrSma=0.001155 atrRatio=1.058 dir=SHORT spread=21.0 spreadOK=YES atrGate=PASS touch=PASS momCandle=ZERO_RANGE_BAR barRange=0.000000 minBarRange=0.000367 (0.30xATR) momClosePos=0.500(forced) momOk=N ema50Ok=Y barRange=0.000000 zeroRangeBar=YES trigger=NO hasPos=NO portRisk=0.00% openPos=0 | 1.332270
ON	0	01:15:01.288	Cazyxio_v4.1 (EURUSD,M15)	2026.03.05 08:15:01 | GATE_FAIL | GBPUSD | Zero-range bar FAIL (v4.1 fix). barRange=0.000000 < minBarRange=0.000367 (0.30x ATR). Doji/flat bar excluded from momentum evaluation.
RS	0	01:15:01.288	Cazyxio_v4.1 (EURUSD,M15)	2026.03.05 08:15:01 | BAR | AUDUSD | close=0.70171 h4ema200=0.69904 h4slope=UP ema50=0.70525 atr=0.000936 atrSma=0.000937 atrRatio=0.998 dir=LONG spread=18.0 spreadOK=YES atrGate=PASS touch=FAIL momCandle=ZERO_RANGE_BAR barRange=0.000000 minBarRange=0.000281 (0.30xATR) momClosePos=0.500(forced) momOk=N ema50Ok=Y barRange=0.000000 zeroRangeBar=YES trigger=NO hasPos=NO portRisk=0.00% openPos=0 | 0.701710
HH	0	01:15:01.288	Cazyxio_v4.1 (EURUSD,M15)	2026.03.05 08:15:01 | GATE_FAIL | AUDUSD | Touch/pullback gate FAIL. Price has not approached EMA50 within last 12 bars (within 0.60 ATR). v4.1 tolerance=0.60x (tightened from v4.0 1.00x).
HE	0	01:15:01.288	Cazyxio_v4.1 (EURUSD,M15)	2026.03.05 08:15:01 | BAR | USDCAD | close=1.36639 h4ema200=1.36865 h4slope=DOWN ema50=1.36511 atr=0.000780 atrSma=0.000880 atrRatio=0.886 dir=SHORT spread=26.0 spreadOK=YES atrGate=PASS touch=PASS momCandle=ZERO_RANGE_BAR barRange=0.000000 minBarRange=0.000234 (0.30xATR) momClosePos=0.500(forced) momOk=N ema50Ok=Y barRange=0.000000 zeroRangeBar=YES trigger=NO hasPos=NO portRisk=0.00% openPos=0 | 1.366390
OQ	0	01:15:01.288	Cazyxio_v4.1 (EURUSD,M15)	2026.03.05 08:15:01 | GATE_FAIL | USDCAD | Zero-range bar FAIL (v4.1 fix). barRange=0.000000 < minBarRange=0.000234 (0.30x ATR). Doji/flat bar excluded from momentum evaluation.
RG	0	01:15:13.676	Cazyxio_v4.1 (EURUSD,M15)	2026.03.05 08:15:13 | HEARTBEAT | SYSTEM | EA alive. Tick=28000 Equity=45490.80 OpenPos=0 UTC=2026.03.05 08:15 DayOfWeek=4 WeekendCloseActive=NO NewTradeBlocked=NO | 28000.000000
PK	0	01:16:08.666	Cazyxio_v4.1 (EURUSD,M15)	2026.03.05 08:16:08 | HEARTBEAT | SYSTEM | EA alive. Tick=28100 Equity=45490.80 OpenPos=0 UTC=2026.03.05 08:16 DayOfWeek=4 WeekendCloseActive=NO NewTradeBlocked=NO | 28100.000000
MO	0	01:17:03.660	Cazyxio_v4.1 (EURUSD,M15)	2026.03.05 08:17:03 | HEARTBEAT | SYSTEM | EA alive. Tick=28200 Equity=45490.80 OpenPos=0 UTC=2026.03.05 08:17 DayOfWeek=4 WeekendCloseActive=NO NewTradeBlocked=NO | 28200.000000
FS	0	01:17:56.090	Cazyxio_v4.1 (EURUSD,M15)	2026.03.05 08:17:56 | HEARTBEAT | SYSTEM | EA alive. Tick=28300 Equity=45490.80 OpenPos=0 UTC=2026.03.05 08:17 DayOfWeek=4 WeekendCloseActive=NO NewTradeBlocked=NO | 28300.000000
EG	0	01:18:55.043	Cazyxio_v4.1 (EURUSD,M15)	2026.03.05 08:18:55 | HEARTBEAT | SYSTEM | EA alive. Tick=28400 Equity=45490.80 OpenPos=0 UTC=2026.03.05 08:18 DayOfWeek=4 WeekendCloseActive=NO NewTradeBlocked=NO | 28400.000000
JK	0	01:19:55.146	Cazyxio_v4.1 (EURUSD,M15)	2026.03.05 08:19:55 | HEARTBEAT | SYSTEM | EA alive. Tick=28500 Equity=45490.80 OpenPos=0 UTC=2026.03.05 08:19 DayOfWeek=4 WeekendCloseActive=NO NewTradeBlocked=NO | 28500.000000
GO	0	01:21:10.478	Cazyxio_v4.1 (EURUSD,M15)	2026.03.05 08:21:10 | HEARTBEAT | SYSTEM | EA alive. Tick=28600 Equity=45490.80 OpenPos=0 UTC=2026.03.05 08:21 DayOfWeek=4 WeekendCloseActive=NO NewTradeBlocked=NO | 28600.000000
MS	0	01:22:24.512	Cazyxio_v4.1 (EURUSD,M15)	2026.03.05 08:22:24 | HEARTBEAT | SYSTEM | EA alive. Tick=28700 Equity=45490.80 OpenPos=0 UTC=2026.03.05 08:22 DayOfWeek=4 WeekendCloseActive=NO NewTradeBlocked=NO | 28700.000000
KG	0	01:23:09.173	Cazyxio_v4.1 (EURUSD,M15)	2026.03.05 08:23:09 | HEARTBEAT | SYSTEM | EA alive. Tick=28800 Equity=45490.80 OpenPos=0 UTC=2026.03.05 08:23 DayOfWeek=4 WeekendCloseActive=NO NewTradeBlocked=NO | 28800.000000
HK	0	01:23:51.484	Cazyxio_v4.1 (EURUSD,M15)	2026.03.05 08:23:51 | HEARTBEAT | SYSTEM | EA alive. Tick=28900 Equity=45490.80 OpenPos=0 UTC=2026.03.05 08:23 DayOfWeek=4 WeekendCloseActive=NO NewTradeBlocked=NO | 28900.000000
DO	0	01:24:45.803	Cazyxio_v4.1 (EURUSD,M15)	2026.03.05 08:24:45 | HEARTBEAT | SYSTEM | EA alive. Tick=29000 Equity=45490.80 OpenPos=0 UTC=2026.03.05 08:24 DayOfWeek=4 WeekendCloseActive=NO NewTradeBlocked=NO | 29000.000000
RS	0	01:25:48.015	Cazyxio_v4.1 (EURUSD,M15)	2026.03.05 08:25:48 | HEARTBEAT | SYSTEM | EA alive. Tick=29100 Equity=45490.80 OpenPos=0 UTC=2026.03.05 08:25 DayOfWeek=4 WeekendCloseActive=NO NewTradeBlocked=NO | 29100.000000
MG	0	01:26:29.057	Cazyxio_v4.1 (EURUSD,M15)	2026.03.05 08:26:29 | HEARTBEAT | SYSTEM | EA alive. Tick=29200 Equity=45490.80 OpenPos=0 UTC=2026.03.05 08:26 DayOfWeek=4 WeekendCloseActive=NO NewTradeBlocked=NO | 29200.000000
EK	0	01:27:20.913	Cazyxio_v4.1 (EURUSD,M15)	2026.03.05 08:27:20 | HEARTBEAT | SYSTEM | EA alive. Tick=29300 Equity=45490.80 OpenPos=0 UTC=2026.03.05 08:27 DayOfWeek=4 WeekendCloseActive=NO NewTradeBlocked=NO | 29300.000000
QO	0	01:28:29.796	Cazyxio_v4.1 (EURUSD,M15)	2026.03.05 08:28:29 | HEARTBEAT | SYSTEM | EA alive. Tick=29400 Equity=45490.80 OpenPos=0 UTC=2026.03.05 08:28 DayOfWeek=4 WeekendCloseActive=NO NewTradeBlocked=NO | 29400.000000
DS	0	01:29:15.420	Cazyxio_v4.1 (EURUSD,M15)	2026.03.05 08:29:15 | HEARTBEAT | SYSTEM | EA alive. Tick=29500 Equity=45490.80 OpenPos=0 UTC=2026.03.05 08:29 DayOfWeek=4 WeekendCloseActive=NO NewTradeBlocked=NO | 29500.000000
KH	0	01:30:01.701	Cazyxio_v4.1 (EURUSD,M15)	2026.03.05 08:30:01 | BAR | GBPUSD | close=1.33159 h4ema200=1.35073 h4slope=DOWN ema50=1.33450 atr=0.001290 atrSma=0.001156 atrRatio=1.116 dir=SHORT spread=21.0 spreadOK=YES atrGate=PASS touch=PASS momCandle=ZERO_RANGE_BAR barRange=0.000000 minBarRange=0.000387 (0.30xATR) momClosePos=0.500(forced) momOk=N ema50Ok=Y barRange=0.000000 zeroRangeBar=YES trigger=NO hasPos=NO portRisk=0.00% openPos=0 | 1.331590
GO	0	01:30:01.701	Cazyxio_v4.1 (EURUSD,M15)	2026.03.05 08:30:01 | GATE_FAIL | GBPUSD | Zero-range bar FAIL (v4.1 fix). barRange=0.000000 < minBarRange=0.000387 (0.30x ATR). Doji/flat bar excluded from momentum evaluation.
IO	0	01:30:01.701	Cazyxio_v4.1 (EURUSD,M15)	2026.03.05 08:30:01 | BAR | EURUSD | close=1.15825 h4ema200=1.17691 h4slope=DOWN ema50=1.16138 atr=0.001016 atrSma=0.000862 atrRatio=1.178 dir=SHORT spread=15.0 spreadOK=YES atrGate=PASS touch=FAIL momCandle=ZERO_RANGE_BAR barRange=0.000000 minBarRange=0.000305 (0.30xATR) momClosePos=0.500(forced) momOk=N ema50Ok=Y barRange=0.000000 zeroRangeBar=YES trigger=NO hasPos=NO portRisk=0.00% openPos=0 | 1.158250
RI	0	01:30:01.701	Cazyxio_v4.1 (EURUSD,M15)	2026.03.05 08:30:01 | GATE_FAIL | EURUSD | Touch/pullback gate FAIL. Price has not approached EMA50 within last 12 bars (within 0.60 ATR). v4.1 tolerance=0.60x (tightened from v4.0 1.00x).
HH	0	01:30:01.701	Cazyxio_v4.1 (EURUSD,M15)	2026.03.05 08:30:01 | BAR | USDJPY | close=157.309 h4ema200=155.721 h4slope=UP ema50=157.065 atr=0.116357 atrSma=0.125019 atrRatio=0.931 dir=LONG spread=13.0 spreadOK=YES atrGate=PASS touch=PASS momCandle=ZERO_RANGE_BAR barRange=0.002000 minBarRange=0.034907 (0.30xATR) momClosePos=0.500(forced) momOk=N ema50Ok=Y barRange=0.002000 zeroRangeBar=YES trigger=NO hasPos=NO portRisk=0.00% openPos=0 | 157.309000
PQ	0	01:30:01.701	Cazyxio_v4.1 (EURUSD,M15)	2026.03.05 08:30:01 | GATE_FAIL | USDJPY | Zero-range bar FAIL (v4.1 fix). barRange=0.002000 < minBarRange=0.034907 (0.30x ATR). Doji/flat bar excluded from momentum evaluation.
PD	0	01:30:01.701	Cazyxio_v4.1 (EURUSD,M15)	2026.03.05 08:30:01 | BAR | AUDUSD | close=0.70113 h4ema200=0.69904 h4slope=UP ema50=0.70507 atr=0.000984 atrSma=0.000937 atrRatio=1.050 dir=LONG spread=18.0 spreadOK=YES atrGate=PASS touch=FAIL momCandle=ZERO_RANGE_BAR barRange=0.000000 minBarRange=0.000295 (0.30xATR) momClosePos=0.500(forced) momOk=N ema50Ok=Y barRange=0.000000 zeroRangeBar=YES trigger=NO hasPos=NO portRisk=0.00% openPos=0 | 0.701130
NN	0	01:30:01.701	Cazyxio_v4.1 (EURUSD,M15)	2026.03.05 08:30:01 | GATE_FAIL | AUDUSD | Touch/pullback gate FAIL. Price has not approached EMA50 within last 12 bars (within 0.60 ATR). v4.1 tolerance=0.60x (tightened from v4.0 1.00x).
CS	0	01:30:01.701	Cazyxio_v4.1 (EURUSD,M15)	2026.03.05 08:30:01 | BAR | GBPJPY | close=209.478 h4ema200=210.344 h4slope=DOWN ema50=209.609 atr=0.151929 atrSma=0.163847 atrRatio=0.927 dir=SHORT spread=38.0 spreadOK=NO atrGate=PASS touch=PASS momCandle=ZERO_RANGE_BAR barRange=0.001000 minBarRange=0.045579 (0.30xATR) momClosePos=0.500(forced) momOk=N ema50Ok=Y barRange=0.001000 zeroRangeBar=YES trigger=NO hasPos=NO portRisk=0.00% openPos=0 | 209.478000
DJ	0	01:30:01.701	Cazyxio_v4.1 (EURUSD,M15)	2026.03.05 08:30:01 | GATE_FAIL | GBPJPY | Spread too wide. Spread=38.0 Max=30 points.
EG	0	01:30:01.701	Cazyxio_v4.1 (EURUSD,M15)	2026.03.05 08:30:01 | BAR | USDCAD | close=1.36684 h4ema200=1.36865 h4slope=DOWN ema50=1.36519 atr=0.000800 atrSma=0.000881 atrRatio=0.908 dir=SHORT spread=23.0 spreadOK=YES atrGate=PASS touch=PASS momCandle=ZERO_RANGE_BAR barRange=0.000010 minBarRange=0.000240 (0.30xATR) momClosePos=0.500(forced) momOk=N ema50Ok=Y barRange=0.000010 zeroRangeBar=YES trigger=NO hasPos=NO portRisk=0.00% openPos=0 | 1.366840
QL	0	01:30:01.701	Cazyxio_v4.1 (EURUSD,M15)	2026.03.05 08:30:01 | GATE_FAIL | USDCAD | Zero-range bar FAIL (v4.1 fix). barRange=0.000010 < minBarRange=0.000240 (0.30x ATR). Doji/flat bar excluded from momentum evaluation.
OR	0	01:30:04.016	Cazyxio_v4.1 (EURUSD,M15)	2026.03.05 08:30:04 | HEARTBEAT | SYSTEM | EA alive. Tick=29600 Equity=45490.80 OpenPos=0 UTC=2026.03.05 08:30 DayOfWeek=4 WeekendCloseActive=NO NewTradeBlocked=NO | 29600.000000
FF	0	01:30:52.800	Cazyxio_v4.1 (EURUSD,M15)	2026.03.05 08:30:52 | HEARTBEAT | SYSTEM | EA alive. Tick=29700 Equity=45490.80 OpenPos=0 UTC=2026.03.05 08:30 DayOfWeek=4 WeekendCloseActive=NO NewTradeBlocked=NO | 29700.000000
FJ	0	01:31:40.823	Cazyxio_v4.1 (EURUSD,M15)	2026.03.05 08:31:40 | HEARTBEAT | SYSTEM | EA alive. Tick=29800 Equity=45490.80 OpenPos=0 UTC=2026.03.05 08:31 DayOfWeek=4 WeekendCloseActive=NO NewTradeBlocked=NO | 29800.000000
NN	0	01:32:28.376	Cazyxio_v4.1 (EURUSD,M15)	2026.03.05 08:32:28 | HEARTBEAT | SYSTEM | EA alive. Tick=29900 Equity=45490.80 OpenPos=0 UTC=2026.03.05 08:32 DayOfWeek=4 WeekendCloseActive=NO NewTradeBlocked=NO | 29900.000000
NR	0	01:33:25.571	Cazyxio_v4.1 (EURUSD,M15)	2026.03.05 08:33:25 | HEARTBEAT | SYSTEM | EA alive. Tick=30000 Equity=45490.80 OpenPos=0 UTC=2026.03.05 08:33 DayOfWeek=4 WeekendCloseActive=NO NewTradeBlocked=NO | 30000.000000
FF	0	01:34:27.491	Cazyxio_v4.1 (EURUSD,M15)	2026.03.05 08:34:27 | HEARTBEAT | SYSTEM | EA alive. Tick=30100 Equity=45490.80 OpenPos=0 UTC=2026.03.05 08:34 DayOfWeek=4 WeekendCloseActive=NO NewTradeBlocked=NO | 30100.000000
LJ	0	01:35:38.654	Cazyxio_v4.1 (EURUSD,M15)	2026.03.05 08:35:38 | HEARTBEAT | SYSTEM | EA alive. Tick=30200 Equity=45490.80 OpenPos=0 UTC=2026.03.05 08:35 DayOfWeek=4 WeekendCloseActive=NO NewTradeBlocked=NO | 30200.000000
QN	0	01:36:35.982	Cazyxio_v4.1 (EURUSD,M15)	2026.03.05 08:36:35 | HEARTBEAT | SYSTEM | EA alive. Tick=30300 Equity=45490.80 OpenPos=0 UTC=2026.03.05 08:36 DayOfWeek=4 WeekendCloseActive=NO NewTradeBlocked=NO | 30300.000000
PR	0	01:37:29.122	Cazyxio_v4.1 (EURUSD,M15)	2026.03.05 08:37:29 | HEARTBEAT | SYSTEM | EA alive. Tick=30400 Equity=45490.80 OpenPos=0 UTC=2026.03.05 08:37 DayOfWeek=4 WeekendCloseActive=NO NewTradeBlocked=NO | 30400.000000
CF	0	01:38:29.553	Cazyxio_v4.1 (EURUSD,M15)	2026.03.05 08:38:29 | HEARTBEAT | SYSTEM | EA alive. Tick=30500 Equity=45490.80 OpenPos=0 UTC=2026.03.05 08:38 DayOfWeek=4 WeekendCloseActive=NO NewTradeBlocked=NO | 30500.000000
NJ	0	01:39:50.229	Cazyxio_v4.1 (EURUSD,M15)	2026.03.05 08:39:50 | HEARTBEAT | SYSTEM | EA alive. Tick=30600 Equity=45490.80 OpenPos=0 UTC=2026.03.05 08:39 DayOfWeek=4 WeekendCloseActive=NO NewTradeBlocked=NO | 30600.000000
KN	0	01:40:55.756	Cazyxio_v4.1 (EURUSD,M15)	2026.03.05 08:40:55 | HEARTBEAT | SYSTEM | EA alive. Tick=30700 Equity=45490.80 OpenPos=0 UTC=2026.03.05 08:40 DayOfWeek=4 WeekendCloseActive=NO NewTradeBlocked=NO | 30700.000000
ER	0	01:41:49.971	Cazyxio_v4.1 (EURUSD,M15)	2026.03.05 08:41:49 | HEARTBEAT | SYSTEM | EA alive. Tick=30800 Equity=45490.80 OpenPos=0 UTC=2026.03.05 08:41 DayOfWeek=4 WeekendCloseActive=NO NewTradeBlocked=NO | 30800.000000
GF	0	01:43:08.795	Cazyxio_v4.1 (EURUSD,M15)	2026.03.05 08:43:08 | HEARTBEAT | SYSTEM | EA alive. Tick=30900 Equity=45490.80 OpenPos=0 UTC=2026.03.05 08:43 DayOfWeek=4 WeekendCloseActive=NO NewTradeBlocked=NO | 30900.000000
HJ	0	01:44:45.872	Cazyxio_v4.1 (EURUSD,M15)	2026.03.05 08:44:45 | HEARTBEAT | SYSTEM | EA alive. Tick=31000 Equity=45490.80 OpenPos=0 UTC=2026.03.05 08:44 DayOfWeek=4 WeekendCloseActive=NO NewTradeBlocked=NO | 31000.000000
GQ	0	01:45:01.239	Cazyxio_v4.1 (EURUSD,M15)	2026.03.05 08:45:01 | BAR | GBPUSD | close=1.33223 h4ema200=1.35073 h4slope=DOWN ema50=1.33444 atr=0.001309 atrSma=0.001157 atrRatio=1.131 dir=SHORT spread=22.0 spreadOK=YES atrGate=PASS touch=PASS momCandle=ZERO_RANGE_BAR barRange=0.000000 minBarRange=0.000393 (0.30xATR) momClosePos=0.500(forced) momOk=N ema50Ok=Y barRange=0.000000 zeroRangeBar=YES trigger=NO hasPos=NO portRisk=0.00% openPos=0 | 1.332230
FD	0	01:45:01.239	Cazyxio_v4.1 (EURUSD,M15)	2026.03.05 08:45:01 | GATE_FAIL | GBPUSD | Zero-range bar FAIL (v4.1 fix). barRange=0.000000 < minBarRange=0.000393 (0.30x ATR). Doji/flat bar excluded from momentum evaluation.
FD	0	01:45:01.239	Cazyxio_v4.1 (EURUSD,M15)	2026.03.05 08:45:01 | BAR | EURUSD | close=1.15932 h4ema200=1.17692 h4slope=DOWN ema50=1.16134 atr=0.001065 atrSma=0.000865 atrRatio=1.232 dir=SHORT spread=16.0 spreadOK=YES atrGate=PASS touch=FAIL momCandle=ZERO_RANGE_BAR barRange=0.000000 minBarRange=0.000319 (0.30xATR) momClosePos=0.500(forced) momOk=N ema50Ok=Y barRange=0.000000 zeroRangeBar=YES trigger=NO hasPos=NO portRisk=0.00% openPos=0 | 1.159320
PS	0	01:45:01.239	Cazyxio_v4.1 (EURUSD,M15)	2026.03.05 08:45:01 | GATE_FAIL | EURUSD | Touch/pullback gate FAIL. Price has not approached EMA50 within last 12 bars (within 0.60 ATR). v4.1 tolerance=0.60x (tightened from v4.0 1.00x).
RF	0	01:45:01.239	Cazyxio_v4.1 (EURUSD,M15)	2026.03.05 08:45:01 | BAR | GBPJPY | close=209.431 h4ema200=210.343 h4slope=DOWN ema50=209.600 atr=0.156214 atrSma=0.163717 atrRatio=0.954 dir=SHORT spread=44.0 spreadOK=NO atrGate=PASS touch=PASS momCandle=ZERO_RANGE_BAR barRange=0.000000 minBarRange=0.046864 (0.30xATR) momClosePos=0.500(forced) momOk=N ema50Ok=Y barRange=0.000000 zeroRangeBar=YES trigger=NO hasPos=NO portRisk=0.00% openPos=0 | 209.431000
EI	0	01:45:01.239	Cazyxio_v4.1 (EURUSD,M15)	2026.03.05 08:45:01 | GATE_FAIL | GBPJPY | Spread too wide. Spread=44.0 Max=30 points.
QH	0	01:45:01.738	Cazyxio_v4.1 (EURUSD,M15)	2026.03.05 08:45:01 | BAR | AUDUSD | close=0.70223 h4ema200=0.69905 h4slope=UP ema50=0.70500 atr=0.001030 atrSma=0.000937 atrRatio=1.100 dir=LONG spread=16.0 spreadOK=YES atrGate=PASS touch=FAIL momCandle=ZERO_RANGE_BAR barRange=0.000010 minBarRange=0.000309 (0.30xATR) momClosePos=0.500(forced) momOk=N ema50Ok=Y barRange=0.000010 zeroRangeBar=YES trigger=NO hasPos=NO portRisk=0.00% openPos=0 | 0.702230
NS	0	01:45:01.738	Cazyxio_v4.1 (EURUSD,M15)	2026.03.05 08:45:01 | GATE_FAIL | AUDUSD | Touch/pullback gate FAIL. Price has not approached EMA50 within last 12 bars (within 0.60 ATR). v4.1 tolerance=0.60x (tightened from v4.0 1.00x).
RJ	0	01:45:01.738	Cazyxio_v4.1 (EURUSD,M15)	2026.03.05 08:45:01 | BAR | USDCAD | close=1.36597 h4ema200=1.36864 h4slope=DOWN ema50=1.36519 atr=0.000834 atrSma=0.000882 atrRatio=0.945 dir=SHORT spread=25.0 spreadOK=YES atrGate=PASS touch=PASS momCandle=ZERO_RANGE_BAR barRange=0.000000 minBarRange=0.000250 (0.30xATR) momClosePos=0.500(forced) momOk=N ema50Ok=Y barRange=0.000000 zeroRangeBar=YES trigger=NO hasPos=NO portRisk=0.00% openPos=0 | 1.365970
CN	0	01:45:01.738	Cazyxio_v4.1 (EURUSD,M15)	2026.03.05 08:45:01 | GATE_FAIL | USDCAD | Zero-range bar FAIL (v4.1 fix). barRange=0.000000 < minBarRange=0.000250 (0.30x ATR). Doji/flat bar excluded from momentum evaluation.
KR	0	01:45:02.015	Cazyxio_v4.1 (EURUSD,M15)	2026.03.05 08:45:02 | BAR | USDJPY | close=157.200 h4ema200=155.720 h4slope=UP ema50=157.066 atr=0.117571 atrSma=0.125043 atrRatio=0.940 dir=LONG spread=15.0 spreadOK=YES atrGate=PASS touch=PASS momCandle=ZERO_RANGE_BAR barRange=0.000000 minBarRange=0.035271 (0.30xATR) momClosePos=0.500(forced) momOk=N ema50Ok=Y barRange=0.000000 zeroRangeBar=YES trigger=NO hasPos=NO portRisk=0.00% openPos=0 | 157.200000
CK	0	01:45:02.015	Cazyxio_v4.1 (EURUSD,M15)	2026.03.05 08:45:02 | GATE_FAIL | USDJPY | Zero-range bar FAIL (v4.1 fix). barRange=0.000000 < minBarRange=0.035271 (0.30x ATR). Doji/flat bar excluded from momentum evaluation.
RM	0	01:46:12.584	Cazyxio_v4.1 (EURUSD,M15)	2026.03.05 08:46:12 | HEARTBEAT | SYSTEM | EA alive. Tick=31100 Equity=45490.80 OpenPos=0 UTC=2026.03.05 08:46 DayOfWeek=4 WeekendCloseActive=NO NewTradeBlocked=NO | 31100.000000
OQ	0	01:47:28.856	Cazyxio_v4.1 (EURUSD,M15)	2026.03.05 08:47:28 | HEARTBEAT | SYSTEM | EA alive. Tick=31200 Equity=45490.80 OpenPos=0 UTC=2026.03.05 08:47 DayOfWeek=4 WeekendCloseActive=NO NewTradeBlocked=NO | 31200.000000
OE	0	01:48:12.756	Cazyxio_v4.1 (EURUSD,M15)	2026.03.05 08:48:12 | HEARTBEAT | SYSTEM | EA alive. Tick=31300 Equity=45490.80 OpenPos=0 UTC=2026.03.05 08:48 DayOfWeek=4 WeekendCloseActive=NO NewTradeBlocked=NO | 31300.000000
LI	0	01:49:20.365	Cazyxio_v4.1 (EURUSD,M15)	2026.03.05 08:49:20 | HEARTBEAT | SYSTEM | EA alive. Tick=31400 Equity=45490.80 OpenPos=0 UTC=2026.03.05 08:49 DayOfWeek=4 WeekendCloseActive=NO NewTradeBlocked=NO | 31400.000000
CM	0	01:50:40.573	Cazyxio_v4.1 (EURUSD,M15)	2026.03.05 08:50:40 | HEARTBEAT | SYSTEM | EA alive. Tick=31500 Equity=45490.80 OpenPos=0 UTC=2026.03.05 08:50 DayOfWeek=4 WeekendCloseActive=NO NewTradeBlocked=NO | 31500.000000
FQ	0	01:51:50.506	Cazyxio_v4.1 (EURUSD,M15)	2026.03.05 08:51:50 | HEARTBEAT | SYSTEM | EA alive. Tick=31600 Equity=45490.80 OpenPos=0 UTC=2026.03.05 08:51 DayOfWeek=4 WeekendCloseActive=NO NewTradeBlocked=NO | 31600.000000
ME	0	01:53:05.484	Cazyxio_v4.1 (EURUSD,M15)	2026.03.05 08:53:05 | HEARTBEAT | SYSTEM | EA alive. Tick=31700 Equity=45490.80 OpenPos=0 UTC=2026.03.05 08:53 DayOfWeek=4 WeekendCloseActive=NO NewTradeBlocked=NO | 31700.000000
EI	0	01:54:11.610	Cazyxio_v4.1 (EURUSD,M15)	2026.03.05 08:54:11 | HEARTBEAT | SYSTEM | EA alive. Tick=31800 Equity=45490.80 OpenPos=0 UTC=2026.03.05 08:54 DayOfWeek=4 WeekendCloseActive=NO NewTradeBlocked=NO | 31800.000000
IM	0	01:55:21.705	Cazyxio_v4.1 (EURUSD,M15)	2026.03.05 08:55:21 | HEARTBEAT | SYSTEM | EA alive. Tick=31900 Equity=45490.80 OpenPos=0 UTC=2026.03.05 08:55 DayOfWeek=4 WeekendCloseActive=NO NewTradeBlocked=NO | 31900.000000
DQ	0	01:56:27.017	Cazyxio_v4.1 (EURUSD,M15)	2026.03.05 08:56:27 | HEARTBEAT | SYSTEM | EA alive. Tick=32000 Equity=45490.80 OpenPos=0 UTC=2026.03.05 08:56 DayOfWeek=4 WeekendCloseActive=NO NewTradeBlocked=NO | 32000.000000
JE	0	01:57:24.427	Cazyxio_v4.1 (EURUSD,M15)	2026.03.05 08:57:24 | HEARTBEAT | SYSTEM | EA alive. Tick=32100 Equity=45490.80 OpenPos=0 UTC=2026.03.05 08:57 DayOfWeek=4 WeekendCloseActive=NO NewTradeBlocked=NO | 32100.000000
MI	0	01:58:36.663	Cazyxio_v4.1 (EURUSD,M15)	2026.03.05 08:58:36 | HEARTBEAT | SYSTEM | EA alive. Tick=32200 Equity=45490.80 OpenPos=0 UTC=2026.03.05 08:58 DayOfWeek=4 WeekendCloseActive=NO NewTradeBlocked=NO | 32200.000000
GM	0	01:59:50.059	Cazyxio_v4.1 (EURUSD,M15)	2026.03.05 08:59:50 | HEARTBEAT | SYSTEM | EA alive. Tick=32300 Equity=45490.80 OpenPos=0 UTC=2026.03.05 08:59 DayOfWeek=4 WeekendCloseActive=NO NewTradeBlocked=NO | 32300.000000
QN	0	02:00:01.148	Cazyxio_v4.1 (EURUSD,M15)	2026.03.05 09:00:01 | BAR | GBPUSD | close=1.33252 h4ema200=1.35074 h4slope=DOWN ema50=1.33437 atr=0.001331 atrSma=0.001158 atrRatio=1.149 dir=SHORT spread=21.0 spreadOK=YES atrGate=PASS touch=PASS momCandle=ZERO_RANGE_BAR barRange=0.000000 minBarRange=0.000399 (0.30xATR) momClosePos=0.500(forced) momOk=N ema50Ok=Y barRange=0.000000 zeroRangeBar=YES trigger=NO hasPos=NO portRisk=0.00% openPos=0 | 1.332520
ME	0	02:00:01.148	Cazyxio_v4.1 (EURUSD,M15)	2026.03.05 09:00:01 | GATE_FAIL | GBPUSD | Zero-range bar FAIL (v4.1 fix). barRange=0.000000 < minBarRange=0.000399 (0.30x ATR). Doji/flat bar excluded from momentum evaluation.
GR	0	02:00:01.148	Cazyxio_v4.1 (EURUSD,M15)	2026.03.05 09:00:01 | BAR | EURUSD | close=1.15977 h4ema200=1.17692 h4slope=DOWN ema50=1.16130 atr=0.001059 atrSma=0.000867 atrRatio=1.222 dir=SHORT spread=20.0 spreadOK=YES atrGate=PASS touch=FAIL momCandle=ZERO_RANGE_BAR barRange=0.000000 minBarRange=0.000318 (0.30xATR) momClosePos=0.500(forced) momOk=N ema50Ok=Y barRange=0.000000 zeroRangeBar=YES trigger=NO hasPos=NO portRisk=0.00% openPos=0 | 1.159770
QR	0	02:00:01.148	Cazyxio_v4.1 (EURUSD,M15)	2026.03.05 09:00:01 | GATE_FAIL | EURUSD | Touch/pullback gate FAIL. Price has not approached EMA50 within last 12 bars (within 0.60 ATR). v4.1 tolerance=0.60x (tightened from v4.0 1.00x).
LD	0	02:00:01.148	Cazyxio_v4.1 (EURUSD,M15)	2026.03.05 09:00:01 | BAR | GBPJPY | close=209.576 h4ema200=210.345 h4slope=DOWN ema50=209.604 atr=0.162286 atrSma=0.163552 atrRatio=0.992 dir=SHORT spread=42.0 spreadOK=NO atrGate=PASS touch=PASS momCandle=ZERO_RANGE_BAR barRange=0.000000 minBarRange=0.048686 (0.30xATR) momClosePos=0.500(forced) momOk=N ema50Ok=Y barRange=0.000000 zeroRangeBar=YES trigger=NO hasPos=NO portRisk=0.00% openPos=0 | 209.576000
RO	0	02:00:01.148	Cazyxio_v4.1 (EURUSD,M15)	2026.03.05 09:00:01 | GATE_FAIL | GBPJPY | Spread too wide. Spread=42.0 Max=30 points.
FO	0	02:00:01.397	Cazyxio_v4.1 (EURUSD,M15)	2026.03.05 09:00:01 | BAR | USDJPY | close=157.275 h4ema200=155.721 h4slope=UP ema50=157.077 atr=0.121071 atrSma=0.125079 atrRatio=0.968 dir=LONG spread=18.0 spreadOK=YES atrGate=PASS touch=PASS momCandle=ZERO_RANGE_BAR barRange=0.000000 minBarRange=0.036321 (0.30xATR) momClosePos=0.500(forced) momOk=N ema50Ok=Y barRange=0.000000 zeroRangeBar=YES trigger=NO hasPos=NO portRisk=0.00% openPos=0 | 157.275000
GG	0	02:00:01.397	Cazyxio_v4.1 (EURUSD,M15)	2026.03.05 09:00:01 | GATE_FAIL | USDJPY | Zero-range bar FAIL (v4.1 fix). barRange=0.000000 < minBarRange=0.036321 (0.30x ATR). Doji/flat bar excluded from momentum evaluation.
PK	0	02:00:01.397	Cazyxio_v4.1 (EURUSD,M15)	2026.03.05 09:00:01 | BAR | AUDUSD | close=0.70299 h4ema200=0.69906 h4slope=UP ema50=0.70495 atr=0.001065 atrSma=0.000937 atrRatio=1.137 dir=LONG spread=19.0 spreadOK=YES atrGate=PASS touch=FAIL momCandle=ZERO_RANGE_BAR barRange=0.000000 minBarRange=0.000319 (0.30xATR) momClosePos=0.500(forced) momOk=N ema50Ok=Y barRange=0.000000 zeroRangeBar=YES trigger=NO hasPos=NO portRisk=0.00% openPos=0 | 0.702990
GO	0	02:00:01.397	Cazyxio_v4.1 (EURUSD,M15)	2026.03.05 09:00:01 | GATE_FAIL | AUDUSD | Touch/pullback gate FAIL. Price has not approached EMA50 within last 12 bars (within 0.60 ATR). v4.1 tolerance=0.60x (tightened from v4.0 1.00x).
LM	0	02:00:01.397	Cazyxio_v4.1 (EURUSD,M15)	2026.03.05 09:00:01 | BAR | USDCAD | close=1.36583 h4ema200=1.36864 h4slope=DOWN ema50=1.36521 atr=0.000809 atrSma=0.000882 atrRatio=0.917 dir=SHORT spread=24.0 spreadOK=YES atrGate=PASS touch=PASS momCandle=ZERO_RANGE_BAR barRange=0.000000 minBarRange=0.000243 (0.30xATR) momClosePos=0.500(forced) momOk=N ema50Ok=Y barRange=0.000000 zeroRangeBar=YES trigger=NO hasPos=NO portRisk=0.00% openPos=0 | 1.365830
PJ	0	02:00:01.397	Cazyxio_v4.1 (EURUSD,M15)	2026.03.05 09:00:01 | GATE_FAIL | USDCAD | Zero-range bar FAIL (v4.1 fix). barRange=0.000000 < minBarRange=0.000243 (0.30x ATR). Doji/flat bar excluded from momentum evaluation.
EL	0	02:00:53.670	Cazyxio_v4.1 (EURUSD,M15)	2026.03.05 09:00:53 | HEARTBEAT | SYSTEM | EA alive. Tick=32400 Equity=45490.80 OpenPos=0 UTC=2026.03.05 09:00 DayOfWeek=4 WeekendCloseActive=NO NewTradeBlocked=NO | 32400.000000
DP	0	02:02:40.101	Cazyxio_v4.1 (EURUSD,M15)	2026.03.05 09:02:40 | HEARTBEAT | SYSTEM | EA alive. Tick=32500 Equity=45490.80 OpenPos=0 UTC=2026.03.05 09:02 DayOfWeek=4 WeekendCloseActive=NO NewTradeBlocked=NO | 32500.000000
CD	0	02:03:44.743	Cazyxio_v4.1 (EURUSD,M15)	2026.03.05 09:03:44 | HEARTBEAT | SYSTEM | EA alive. Tick=32600 Equity=45490.80 OpenPos=0 UTC=2026.03.05 09:03 DayOfWeek=4 WeekendCloseActive=NO NewTradeBlocked=NO | 32600.000000
EH	0	02:04:37.674	Cazyxio_v4.1 (EURUSD,M15)	2026.03.05 09:04:37 | HEARTBEAT | SYSTEM | EA alive. Tick=32700 Equity=45490.80 OpenPos=0 UTC=2026.03.05 09:04 DayOfWeek=4 WeekendCloseActive=NO NewTradeBlocked=NO | 32700.000000
NL	0	02:05:12.863	Cazyxio_v4.1 (EURUSD,M15)	2026.03.05 09:05:12 | HEARTBEAT | SYSTEM | EA alive. Tick=32800 Equity=45490.80 OpenPos=0 UTC=2026.03.05 09:05 DayOfWeek=4 WeekendCloseActive=NO NewTradeBlocked=NO | 32800.000000
EP	0	02:05:44.325	Cazyxio_v4.1 (EURUSD,M15)	2026.03.05 09:05:44 | HEARTBEAT | SYSTEM | EA alive. Tick=32900 Equity=45490.80 OpenPos=0 UTC=2026.03.05 09:05 DayOfWeek=4 WeekendCloseActive=NO NewTradeBlocked=NO | 32900.000000
JD	0	02:06:17.147	Cazyxio_v4.1 (EURUSD,M15)	2026.03.05 09:06:17 | HEARTBEAT | SYSTEM | EA alive. Tick=33000 Equity=45490.80 OpenPos=0 UTC=2026.03.05 09:06 DayOfWeek=4 WeekendCloseActive=NO NewTradeBlocked=NO | 33000.000000
DH	0	02:06:44.325	Cazyxio_v4.1 (EURUSD,M15)	2026.03.05 09:06:44 | HEARTBEAT | SYSTEM | EA alive. Tick=33100 Equity=45490.80 OpenPos=0 UTC=2026.03.05 09:06 DayOfWeek=4 WeekendCloseActive=NO NewTradeBlocked=NO | 33100.000000
CL	0	02:07:11.334	Cazyxio_v4.1 (EURUSD,M15)	2026.03.05 09:07:11 | HEARTBEAT | SYSTEM | EA alive. Tick=33200 Equity=45490.80 OpenPos=0 UTC=2026.03.05 09:07 DayOfWeek=4 WeekendCloseActive=NO NewTradeBlocked=NO | 33200.000000
OP	0	02:07:39.945	Cazyxio_v4.1 (EURUSD,M15)	2026.03.05 09:07:39 | HEARTBEAT | SYSTEM | EA alive. Tick=33300 Equity=45490.80 OpenPos=0 UTC=2026.03.05 09:07 DayOfWeek=4 WeekendCloseActive=NO NewTradeBlocked=NO | 33300.000000
OD	0	02:08:07.654	Cazyxio_v4.1 (EURUSD,M15)	2026.03.05 09:08:07 | HEARTBEAT | SYSTEM | EA alive. Tick=33400 Equity=45490.80 OpenPos=0 UTC=2026.03.05 09:08 DayOfWeek=4 WeekendCloseActive=NO NewTradeBlocked=NO | 33400.000000
QH	0	02:08:34.533	Cazyxio_v4.1 (EURUSD,M15)	2026.03.05 09:08:34 | HEARTBEAT | SYSTEM | EA alive. Tick=33500 Equity=45490.80 OpenPos=0 UTC=2026.03.05 09:08 DayOfWeek=4 WeekendCloseActive=NO NewTradeBlocked=NO | 33500.000000
DL	0	02:09:03.218	Cazyxio_v4.1 (EURUSD,M15)	2026.03.05 09:09:03 | HEARTBEAT | SYSTEM | EA alive. Tick=33600 Equity=45490.80 OpenPos=0 UTC=2026.03.05 09:09 DayOfWeek=4 WeekendCloseActive=NO NewTradeBlocked=NO | 33600.000000
OP	0	02:09:32.240	Cazyxio_v4.1 (EURUSD,M15)	2026.03.05 09:09:32 | HEARTBEAT | SYSTEM | EA alive. Tick=33700 Equity=45490.80 OpenPos=0 UTC=2026.03.05 09:09 DayOfWeek=4 WeekendCloseActive=NO NewTradeBlocked=NO | 33700.000000
JD	0	02:10:04.140	Cazyxio_v4.1 (EURUSD,M15)	2026.03.05 09:10:04 | HEARTBEAT | SYSTEM | EA alive. Tick=33800 Equity=45490.80 OpenPos=0 UTC=2026.03.05 09:10 DayOfWeek=4 WeekendCloseActive=NO NewTradeBlocked=NO | 33800.000000
OH	0	02:10:32.835	Cazyxio_v4.1 (EURUSD,M15)	2026.03.05 09:10:32 | HEARTBEAT | SYSTEM | EA alive. Tick=33900 Equity=45490.80 OpenPos=0 UTC=2026.03.05 09:10 DayOfWeek=4 WeekendCloseActive=NO NewTradeBlocked=NO | 33900.000000
QL	0	02:11:03.287	Cazyxio_v4.1 (EURUSD,M15)	2026.03.05 09:11:03 | HEARTBEAT | SYSTEM | EA alive. Tick=34000 Equity=45490.80 OpenPos=0 UTC=2026.03.05 09:11 DayOfWeek=4 WeekendCloseActive=NO NewTradeBlocked=NO | 34000.000000
FP	0	02:11:31.617	Cazyxio_v4.1 (EURUSD,M15)	2026.03.05 09:11:31 | HEARTBEAT | SYSTEM | EA alive. Tick=34100 Equity=45490.80 OpenPos=0 UTC=2026.03.05 09:11 DayOfWeek=4 WeekendCloseActive=NO NewTradeBlocked=NO | 34100.000000
PD	0	02:12:04.195	Cazyxio_v4.1 (EURUSD,M15)	2026.03.05 09:12:04 | HEARTBEAT | SYSTEM | EA alive. Tick=34200 Equity=45490.80 OpenPos=0 UTC=2026.03.05 09:12 DayOfWeek=4 WeekendCloseActive=NO NewTradeBlocked=NO | 34200.000000
LH	0	02:12:34.393	Cazyxio_v4.1 (EURUSD,M15)	2026.03.05 09:12:34 | HEARTBEAT | SYSTEM | EA alive. Tick=34300 Equity=45490.80 OpenPos=0 UTC=2026.03.05 09:12 DayOfWeek=4 WeekendCloseActive=NO NewTradeBlocked=NO | 34300.000000
CL	0	02:13:08.526	Cazyxio_v4.1 (EURUSD,M15)	2026.03.05 09:13:08 | HEARTBEAT | SYSTEM | EA alive. Tick=34400 Equity=45490.80 OpenPos=0 UTC=2026.03.05 09:13 DayOfWeek=4 WeekendCloseActive=NO NewTradeBlocked=NO | 34400.000000
CP	0	02:13:40.364	Cazyxio_v4.1 (EURUSD,M15)	2026.03.05 09:13:40 | HEARTBEAT | SYSTEM | EA alive. Tick=34500 Equity=45490.80 OpenPos=0 UTC=2026.03.05 09:13 DayOfWeek=4 WeekendCloseActive=NO NewTradeBlocked=NO | 34500.000000
QD	0	02:14:15.686	Cazyxio_v4.1 (EURUSD,M15)	2026.03.05 09:14:15 | HEARTBEAT | SYSTEM | EA alive. Tick=34600 Equity=45490.80 OpenPos=0 UTC=2026.03.05 09:14 DayOfWeek=4 WeekendCloseActive=NO NewTradeBlocked=NO | 34600.000000
RH	0	02:14:47.801	Cazyxio_v4.1 (EURUSD,M15)	2026.03.05 09:14:47 | HEARTBEAT | SYSTEM | EA alive. Tick=34700 Equity=45490.80 OpenPos=0 UTC=2026.03.05 09:14 DayOfWeek=4 WeekendCloseActive=NO NewTradeBlocked=NO | 34700.000000
ES	0	02:15:01.290	Cazyxio_v4.1 (EURUSD,M15)	2026.03.05 09:15:01 | BAR | GBPUSD | close=1.33710 h4ema200=1.35078 h4slope=DOWN ema50=1.33465 atr=0.001579 atrSma=0.001165 atrRatio=1.356 dir=SHORT spread=28.0 spreadOK=YES atrGate=PASS touch=PASS momCandle=ZERO_RANGE_BAR barRange=0.000000 minBarRange=0.000474 (0.30xATR) momClosePos=0.500(forced) momOk=N ema50Ok=Y barRange=0.000000 zeroRangeBar=YES trigger=NO hasPos=NO portRisk=0.00% openPos=0 | 1.337100
GG	0	02:15:01.290	Cazyxio_v4.1 (EURUSD,M15)	2026.03.05 09:15:01 | GATE_FAIL | GBPUSD | Zero-range bar FAIL (v4.1 fix). barRange=0.000000 < minBarRange=0.000474 (0.30x ATR). Doji/flat bar excluded from momentum evaluation.
OG	0	02:15:01.290	Cazyxio_v4.1 (EURUSD,M15)	2026.03.05 09:15:01 | BAR | EURUSD | close=1.16395 h4ema200=1.17696 h4slope=DOWN ema50=1.16156 atr=0.001315 atrSma=0.000874 atrRatio=1.504 dir=SHORT spread=20.0 spreadOK=YES atrGate=PASS touch=FAIL momCandle=ZERO_RANGE_BAR barRange=0.000000 minBarRange=0.000394 (0.30xATR) momClosePos=0.500(forced) momOk=N ema50Ok=Y barRange=0.000000 zeroRangeBar=YES trigger=NO hasPos=NO portRisk=0.00% openPos=0 | 1.163950
GQ	0	02:15:01.290	Cazyxio_v4.1 (EURUSD,M15)	2026.03.05 09:15:01 | GATE_FAIL | EURUSD | Touch/pullback gate FAIL. Price has not approached EMA50 within last 12 bars (within 0.60 ATR). v4.1 tolerance=0.60x (tightened from v4.0 1.00x).
GP	0	02:15:01.290	Cazyxio_v4.1 (EURUSD,M15)	2026.03.05 09:15:01 | BAR | USDJPY | close=156.921 h4ema200=155.717 h4slope=UP ema50=157.058 atr=0.136643 atrSma=0.125420 atrRatio=1.089 dir=LONG spread=20.0 spreadOK=YES atrGate=PASS touch=PASS momCandle=ZERO_RANGE_BAR barRange=0.000000 minBarRange=0.040993 (0.30xATR) momClosePos=0.500(forced) momOk=N ema50Ok=Y barRange=0.000000 zeroRangeBar=YES trigger=NO hasPos=NO portRisk=0.00% openPos=0 | 156.921000
MI	0	02:15:01.290	Cazyxio_v4.1 (EURUSD,M15)	2026.03.05 09:15:01 | GATE_FAIL | USDJPY | Zero-range bar FAIL (v4.1 fix). barRange=0.000000 < minBarRange=0.040993 (0.30x ATR). Doji/flat bar excluded from momentum evaluation.
GM	0	02:15:01.290	Cazyxio_v4.1 (EURUSD,M15)	2026.03.05 09:15:01 | BAR | AUDUSD | close=0.70653 h4ema200=0.69909 h4slope=UP ema50=0.70515 atr=0.001281 atrSma=0.000942 atrRatio=1.361 dir=LONG spread=22.0 spreadOK=YES atrGate=PASS touch=FAIL momCandle=ZERO_RANGE_BAR barRange=0.000000 minBarRange=0.000384 (0.30xATR) momClosePos=0.500(forced) momOk=N ema50Ok=Y barRange=0.000000 zeroRangeBar=YES trigger=NO hasPos=NO portRisk=0.00% openPos=0 | 0.706530
KF	0	02:15:01.290	Cazyxio_v4.1 (EURUSD,M15)	2026.03.05 09:15:01 | GATE_FAIL | AUDUSD | Touch/pullback gate FAIL. Price has not approached EMA50 within last 12 bars (within 0.60 ATR). v4.1 tolerance=0.60x (tightened from v4.0 1.00x).
PK	0	02:15:01.290	Cazyxio_v4.1 (EURUSD,M15)	2026.03.05 09:15:01 | BAR | GBPJPY | close=209.821 h4ema200=210.347 h4slope=DOWN ema50=209.622 atr=0.177357 atrSma=0.163615 atrRatio=1.084 dir=SHORT spread=54.0 spreadOK=NO atrGate=PASS touch=PASS momCandle=ZERO_RANGE_BAR barRange=0.000000 minBarRange=0.053207 (0.30xATR) momClosePos=0.500(forced) momOk=N ema50Ok=Y barRange=0.000000 zeroRangeBar=YES trigger=NO hasPos=NO portRisk=0.00% openPos=0 | 209.821000
KR	0	02:15:01.290	Cazyxio_v4.1 (EURUSD,M15)	2026.03.05 09:15:01 | GATE_FAIL | GBPJPY | Spread too wide. Spread=54.0 Max=30 points.
JP	0	02:15:01.540	Cazyxio_v4.1 (EURUSD,M15)	2026.03.05 09:15:01 | BAR | USDCAD | close=1.36311 h4ema200=1.36862 h4slope=DOWN ema50=1.36502 atr=0.000996 atrSma=0.000887 atrRatio=1.124 dir=SHORT spread=29.0 spreadOK=YES atrGate=PASS touch=PASS momCandle=ZERO_RANGE_BAR barRange=0.000000 minBarRange=0.000299 (0.30xATR) momClosePos=0.500(forced) momOk=N ema50Ok=Y barRange=0.000000 zeroRangeBar=YES trigger=NO hasPos=NO portRisk=0.00% openPos=0 | 1.363110
MD	0	02:15:01.540	Cazyxio_v4.1 (EURUSD,M15)	2026.03.05 09:15:01 | GATE_FAIL | USDCAD | Zero-range bar FAIL (v4.1 fix). barRange=0.000000 < minBarRange=0.000299 (0.30x ATR). Doji/flat bar excluded from momentum evaluation.
CJ	0	02:15:19.391	Cazyxio_v4.1 (EURUSD,M15)	2026.03.05 09:15:19 | HEARTBEAT | SYSTEM | EA alive. Tick=34800 Equity=45490.80 OpenPos=0 UTC=2026.03.05 09:15 DayOfWeek=4 WeekendCloseActive=NO NewTradeBlocked=NO | 34800.000000
DN	0	02:15:49.659	Cazyxio_v4.1 (EURUSD,M15)	2026.03.05 09:15:49 | HEARTBEAT | SYSTEM | EA alive. Tick=34900 Equity=45490.80 OpenPos=0 UTC=2026.03.05 09:15 DayOfWeek=4 WeekendCloseActive=NO NewTradeBlocked=NO | 34900.000000
QR	0	02:16:19.134	Cazyxio_v4.1 (EURUSD,M15)	2026.03.05 09:16:19 | HEARTBEAT | SYSTEM | EA alive. Tick=35000 Equity=45490.80 OpenPos=0 UTC=2026.03.05 09:16 DayOfWeek=4 WeekendCloseActive=NO NewTradeBlocked=NO | 35000.000000
GF	0	02:16:53.268	Cazyxio_v4.1 (EURUSD,M15)	2026.03.05 09:16:53 | HEARTBEAT | SYSTEM | EA alive. Tick=35100 Equity=45490.80 OpenPos=0 UTC=2026.03.05 09:16 DayOfWeek=4 WeekendCloseActive=NO NewTradeBlocked=NO | 35100.000000
KJ	0	02:17:25.735	Cazyxio_v4.1 (EURUSD,M15)	2026.03.05 09:17:25 | HEARTBEAT | SYSTEM | EA alive. Tick=35200 Equity=45490.80 OpenPos=0 UTC=2026.03.05 09:17 DayOfWeek=4 WeekendCloseActive=NO NewTradeBlocked=NO | 35200.000000
GN	0	02:17:57.184	Cazyxio_v4.1 (EURUSD,M15)	2026.03.05 09:17:57 | HEARTBEAT | SYSTEM | EA alive. Tick=35300 Equity=45490.80 OpenPos=0 UTC=2026.03.05 09:17 DayOfWeek=4 WeekendCloseActive=NO NewTradeBlocked=NO | 35300.000000
MR	0	02:18:34.396	Cazyxio_v4.1 (EURUSD,M15)	2026.03.05 09:18:34 | HEARTBEAT | SYSTEM | EA alive. Tick=35400 Equity=45490.80 OpenPos=0 UTC=2026.03.05 09:18 DayOfWeek=4 WeekendCloseActive=NO NewTradeBlocked=NO | 35400.000000
DF	0	02:19:15.431	Cazyxio_v4.1 (EURUSD,M15)	2026.03.05 09:19:15 | HEARTBEAT | SYSTEM | EA alive. Tick=35500 Equity=45490.80 OpenPos=0 UTC=2026.03.05 09:19 DayOfWeek=4 WeekendCloseActive=NO NewTradeBlocked=NO | 35500.000000
FJ	0	02:19:47.037	Cazyxio_v4.1 (EURUSD,M15)	2026.03.05 09:19:47 | HEARTBEAT | SYSTEM | EA alive. Tick=35600 Equity=45490.80 OpenPos=0 UTC=2026.03.05 09:19 DayOfWeek=4 WeekendCloseActive=NO NewTradeBlocked=NO | 35600.000000
ON	0	02:20:19.155	Cazyxio_v4.1 (EURUSD,M15)	2026.03.05 09:20:19 | HEARTBEAT | SYSTEM | EA alive. Tick=35700 Equity=45490.80 OpenPos=0 UTC=2026.03.05 09:20 DayOfWeek=4 WeekendCloseActive=NO NewTradeBlocked=NO | 35700.000000
PR	0	02:20:53.312	Cazyxio_v4.1 (EURUSD,M15)	2026.03.05 09:20:53 | HEARTBEAT | SYSTEM | EA alive. Tick=35800 Equity=45490.80 OpenPos=0 UTC=2026.03.05 09:20 DayOfWeek=4 WeekendCloseActive=NO NewTradeBlocked=NO | 35800.000000
OF	0	02:21:20.055	Cazyxio_v4.1 (EURUSD,M15)	2026.03.05 09:21:20 | HEARTBEAT | SYSTEM | EA alive. Tick=35900 Equity=45490.80 OpenPos=0 UTC=2026.03.05 09:21 DayOfWeek=4 WeekendCloseActive=NO NewTradeBlocked=NO | 35900.000000
GJ	0	02:21:49.787	Cazyxio_v4.1 (EURUSD,M15)	2026.03.05 09:21:49 | HEARTBEAT | SYSTEM | EA alive. Tick=36000 Equity=45490.80 OpenPos=0 UTC=2026.03.05 09:21 DayOfWeek=4 WeekendCloseActive=NO NewTradeBlocked=NO | 36000.000000
IN	0	02:22:22.944	Cazyxio_v4.1 (EURUSD,M15)	2026.03.05 09:22:22 | HEARTBEAT | SYSTEM | EA alive. Tick=36100 Equity=45490.80 OpenPos=0 UTC=2026.03.05 09:22 DayOfWeek=4 WeekendCloseActive=NO NewTradeBlocked=NO | 36100.000000
KR	0	02:22:58.997	Cazyxio_v4.1 (EURUSD,M15)	2026.03.05 09:22:58 | HEARTBEAT | SYSTEM | EA alive. Tick=36200 Equity=45490.80 OpenPos=0 UTC=2026.03.05 09:22 DayOfWeek=4 WeekendCloseActive=NO NewTradeBlocked=NO | 36200.000000
OF	0	02:23:33.064	Cazyxio_v4.1 (EURUSD,M15)	2026.03.05 09:23:33 | HEARTBEAT | SYSTEM | EA alive. Tick=36300 Equity=45490.80 OpenPos=0 UTC=2026.03.05 09:23 DayOfWeek=4 WeekendCloseActive=NO NewTradeBlocked=NO | 36300.000000
IJ	0	02:24:05.690	Cazyxio_v4.1 (EURUSD,M15)	2026.03.05 09:24:05 | HEARTBEAT | SYSTEM | EA alive. Tick=36400 Equity=45490.80 OpenPos=0 UTC=2026.03.05 09:24 DayOfWeek=4 WeekendCloseActive=NO NewTradeBlocked=NO | 36400.000000
DN	0	02:24:36.459	Cazyxio_v4.1 (EURUSD,M15)	2026.03.05 09:24:36 | HEARTBEAT | SYSTEM | EA alive. Tick=36500 Equity=45490.80 OpenPos=0 UTC=2026.03.05 09:24 DayOfWeek=4 WeekendCloseActive=NO NewTradeBlocked=NO | 36500.000000
JR	0	02:25:11.870	Cazyxio_v4.1 (EURUSD,M15)	2026.03.05 09:25:11 | HEARTBEAT | SYSTEM | EA alive. Tick=36600 Equity=45490.80 OpenPos=0 UTC=2026.03.05 09:25 DayOfWeek=4 WeekendCloseActive=NO NewTradeBlocked=NO | 36600.000000
MF	0	02:25:46.673	Cazyxio_v4.1 (EURUSD,M15)	2026.03.05 09:25:46 | HEARTBEAT | SYSTEM | EA alive. Tick=36700 Equity=45490.80 OpenPos=0 UTC=2026.03.05 09:25 DayOfWeek=4 WeekendCloseActive=NO NewTradeBlocked=NO | 36700.000000
NJ	0	02:26:19.145	Cazyxio_v4.1 (EURUSD,M15)	2026.03.05 09:26:19 | HEARTBEAT | SYSTEM | EA alive. Tick=36800 Equity=45490.80 OpenPos=0 UTC=2026.03.05 09:26 DayOfWeek=4 WeekendCloseActive=NO NewTradeBlocked=NO | 36800.000000
QN	0	02:26:54.489	Cazyxio_v4.1 (EURUSD,M15)	2026.03.05 09:26:54 | HEARTBEAT | SYSTEM | EA alive. Tick=36900 Equity=45490.80 OpenPos=0 UTC=2026.03.05 09:26 DayOfWeek=4 WeekendCloseActive=NO NewTradeBlocked=NO | 36900.000000
NR	0	02:27:38.717	Cazyxio_v4.1 (EURUSD,M15)	2026.03.05 09:27:38 | HEARTBEAT | SYSTEM | EA alive. Tick=37000 Equity=45490.80 OpenPos=0 UTC=2026.03.05 09:27 DayOfWeek=4 WeekendCloseActive=NO NewTradeBlocked=NO | 37000.000000
IF	0	02:28:19.443	Cazyxio_v4.1 (EURUSD,M15)	2026.03.05 09:28:19 | HEARTBEAT | SYSTEM | EA alive. Tick=37100 Equity=45490.80 OpenPos=0 UTC=2026.03.05 09:28 DayOfWeek=4 WeekendCloseActive=NO NewTradeBlocked=NO | 37100.000000
JJ	0	02:28:58.992	Cazyxio_v4.1 (EURUSD,M15)	2026.03.05 09:28:58 | HEARTBEAT | SYSTEM | EA alive. Tick=37200 Equity=45490.80 OpenPos=0 UTC=2026.03.05 09:28 DayOfWeek=4 WeekendCloseActive=NO NewTradeBlocked=NO | 37200.000000
FN	0	02:29:43.304	Cazyxio_v4.1 (EURUSD,M15)	2026.03.05 09:29:43 | HEARTBEAT | SYSTEM | EA alive. Tick=37300 Equity=45490.80 OpenPos=0 UTC=2026.03.05 09:29 DayOfWeek=4 WeekendCloseActive=NO NewTradeBlocked=NO | 37300.000000
FM	0	02:30:01.178	Cazyxio_v4.1 (EURUSD,M15)	2026.03.05 09:30:01 | BAR | EURUSD | close=1.16262 h4ema200=1.17695 h4slope=DOWN ema50=1.16155 atr=0.001389 atrSma=0.000880 atrRatio=1.579 dir=SHORT spread=17.0 spreadOK=YES atrGate=PASS touch=FAIL momCandle=ZERO_RANGE_BAR barRange=0.000000 minBarRange=0.000417 (0.30xATR) momClosePos=0.500(forced) momOk=N ema50Ok=Y barRange=0.000000 zeroRangeBar=YES trigger=NO hasPos=NO portRisk=0.00% openPos=0 | 1.162620
RK	0	02:30:01.178	Cazyxio_v4.1 (EURUSD,M15)	2026.03.05 09:30:01 | GATE_FAIL | EURUSD | Touch/pullback gate FAIL. Price has not approached EMA50 within last 12 bars (within 0.60 ATR). v4.1 tolerance=0.60x (tightened from v4.0 1.00x).
QN	0	02:30:01.178	Cazyxio_v4.1 (EURUSD,M15)	2026.03.05 09:30:01 | BAR | USDCAD | close=1.36409 h4ema200=1.36863 h4slope=DOWN ema50=1.36503 atr=0.001058 atrSma=0.000890 atrRatio=1.189 dir=SHORT spread=32.0 spreadOK=NO atrGate=PASS touch=PASS momCandle=ZERO_RANGE_BAR barRange=0.000000 minBarRange=0.000317 (0.30xATR) momClosePos=0.500(forced) momOk=N ema50Ok=Y barRange=0.000000 zeroRangeBar=YES trigger=NO hasPos=NO portRisk=0.00% openPos=0 | 1.364090
FG	0	02:30:01.178	Cazyxio_v4.1 (EURUSD,M15)	2026.03.05 09:30:01 | GATE_FAIL | USDCAD | Spread too wide. Spread=32.0 Max=30 points.
OJ	0	02:30:01.432	Cazyxio_v4.1 (EURUSD,M15)	2026.03.05 09:30:01 | BAR | GBPUSD | close=1.33601 h4ema200=1.35077 h4slope=DOWN ema50=1.33467 atr=0.001665 atrSma=0.001170 atrRatio=1.423 dir=SHORT spread=26.0 spreadOK=YES atrGate=PASS touch=PASS momCandle=ZERO_RANGE_BAR barRange=0.000000 minBarRange=0.000500 (0.30xATR) momClosePos=0.500(forced) momOk=N ema50Ok=Y barRange=0.000000 zeroRangeBar=YES trigger=NO hasPos=NO portRisk=0.00% openPos=0 | 1.336010
QI	0	02:30:01.432	Cazyxio_v4.1 (EURUSD,M15)	2026.03.05 09:30:01 | GATE_FAIL | GBPUSD | Zero-range bar FAIL (v4.1 fix). barRange=0.000000 < minBarRange=0.000500 (0.30x ATR). Doji/flat bar excluded from momentum evaluation.
GL	0	02:30:01.432	Cazyxio_v4.1 (EURUSD,M15)	2026.03.05 09:30:01 | BAR | USDJPY | close=157.003 h4ema200=155.718 h4slope=UP ema50=157.059 atr=0.141143 atrSma=0.125596 atrRatio=1.124 dir=LONG spread=19.0 spreadOK=YES atrGate=PASS touch=PASS momCandle=ZERO_RANGE_BAR barRange=0.000000 minBarRange=0.042343 (0.30xATR) momClosePos=0.500(forced) momOk=N ema50Ok=Y barRange=0.000000 zeroRangeBar=YES trigger=NO hasPos=NO portRisk=0.00% openPos=0 | 157.003000
JE	0	02:30:01.432	Cazyxio_v4.1 (EURUSD,M15)	2026.03.05 09:30:01 | GATE_FAIL | USDJPY | Zero-range bar FAIL (v4.1 fix). barRange=0.000000 < minBarRange=0.042343 (0.30x ATR). Doji/flat bar excluded from momentum evaluation.
QH	0	02:30:01.432	Cazyxio_v4.1 (EURUSD,M15)	2026.03.05 09:30:01 | BAR | AUDUSD | close=0.70503 h4ema200=0.69908 h4slope=UP ema50=0.70509 atr=0.001338 atrSma=0.000945 atrRatio=1.415 dir=LONG spread=21.0 spreadOK=YES atrGate=PASS touch=PASS momCandle=ZERO_RANGE_BAR barRange=0.000000 minBarRange=0.000401 (0.30xATR) momClosePos=0.500(forced) momOk=N ema50Ok=Y barRange=0.000000 zeroRangeBar=YES trigger=NO hasPos=NO portRisk=0.00% openPos=0 | 0.705030
JP	0	02:30:01.432	Cazyxio_v4.1 (EURUSD,M15)	2026.03.05 09:30:01 | GATE_FAIL | AUDUSD | Zero-range bar FAIL (v4.1 fix). barRange=0.000000 < minBarRange=0.000401 (0.30x ATR). Doji/flat bar excluded from momentum evaluation.
DD	0	02:30:01.432	Cazyxio_v4.1 (EURUSD,M15)	2026.03.05 09:30:01 | BAR | GBPJPY | close=209.759 h4ema200=210.347 h4slope=DOWN ema50=209.625 atr=0.181714 atrSma=0.163659 atrRatio=1.110 dir=SHORT spread=55.0 spreadOK=NO atrGate=PASS touch=PASS momCandle=ZERO_RANGE_BAR barRange=0.000000 minBarRange=0.054514 (0.30xATR) momClosePos=0.500(forced) momOk=N ema50Ok=Y barRange=0.000000 zeroRangeBar=YES trigger=NO hasPos=NO portRisk=0.00% openPos=0 | 209.759000
RO	0	02:30:01.432	Cazyxio_v4.1 (EURUSD,M15)	2026.03.05 09:30:01 | GATE_FAIL | GBPJPY | Spread too wide. Spread=55.0 Max=30 points.
QL	0	02:30:27.062	Cazyxio_v4.1 (EURUSD,M15)	2026.03.05 09:30:27 | HEARTBEAT | SYSTEM | EA alive. Tick=37400 Equity=45490.80 OpenPos=0 UTC=2026.03.05 09:30 DayOfWeek=4 WeekendCloseActive=NO NewTradeBlocked=NO | 37400.000000
DP	0	02:31:11.813	Cazyxio_v4.1 (EURUSD,M15)	2026.03.05 09:31:11 | HEARTBEAT | SYSTEM | EA alive. Tick=37500 Equity=45490.80 OpenPos=0 UTC=2026.03.05 09:31 DayOfWeek=4 WeekendCloseActive=NO NewTradeBlocked=NO | 37500.000000
QD	0	02:32:00.336	Cazyxio_v4.1 (EURUSD,M15)	2026.03.05 09:32:00 | HEARTBEAT | SYSTEM | EA alive. Tick=37600 Equity=45490.80 OpenPos=0 UTC=2026.03.05 09:32 DayOfWeek=4 WeekendCloseActive=NO NewTradeBlocked=NO | 37600.000000
JH	0	02:32:38.690	Cazyxio_v4.1 (EURUSD,M15)	2026.03.05 09:32:38 | HEARTBEAT | SYSTEM | EA alive. Tick=37700 Equity=45490.80 OpenPos=0 UTC=2026.03.05 09:32 DayOfWeek=4 WeekendCloseActive=NO NewTradeBlocked=NO | 37700.000000
KL	0	02:33:18.247	Cazyxio_v4.1 (EURUSD,M15)	2026.03.05 09:33:18 | HEARTBEAT | SYSTEM | EA alive. Tick=37800 Equity=45490.80 OpenPos=0 UTC=2026.03.05 09:33 DayOfWeek=4 WeekendCloseActive=NO NewTradeBlocked=NO | 37800.000000
RP	0	02:33:54.475	Cazyxio_v4.1 (EURUSD,M15)	2026.03.05 09:33:54 | HEARTBEAT | SYSTEM | EA alive. Tick=37900 Equity=45490.80 OpenPos=0 UTC=2026.03.05 09:33 DayOfWeek=4 WeekendCloseActive=NO NewTradeBlocked=NO | 37900.000000
GD	0	02:34:36.569	Cazyxio_v4.1 (EURUSD,M15)	2026.03.05 09:34:36 | HEARTBEAT | SYSTEM | EA alive. Tick=38000 Equity=45490.80 OpenPos=0 UTC=2026.03.05 09:34 DayOfWeek=4 WeekendCloseActive=NO NewTradeBlocked=NO | 38000.000000
GH	0	02:35:14.795	Cazyxio_v4.1 (EURUSD,M15)	2026.03.05 09:35:14 | HEARTBEAT | SYSTEM | EA alive. Tick=38100 Equity=45490.80 OpenPos=0 UTC=2026.03.05 09:35 DayOfWeek=4 WeekendCloseActive=NO NewTradeBlocked=NO | 38100.000000
LL	0	02:35:49.789	Cazyxio_v4.1 (EURUSD,M15)	2026.03.05 09:35:49 | HEARTBEAT | SYSTEM | EA alive. Tick=38200 Equity=45490.80 OpenPos=0 UTC=2026.03.05 09:35 DayOfWeek=4 WeekendCloseActive=NO NewTradeBlocked=NO | 38200.000000
MP	0	02:36:30.431	Cazyxio_v4.1 (EURUSD,M15)	2026.03.05 09:36:30 | HEARTBEAT | SYSTEM | EA alive. Tick=38300 Equity=45490.80 OpenPos=0 UTC=2026.03.05 09:36 DayOfWeek=4 WeekendCloseActive=NO NewTradeBlocked=NO | 38300.000000
QD	0	02:37:10.470	Cazyxio_v4.1 (EURUSD,M15)	2026.03.05 09:37:10 | HEARTBEAT | SYSTEM | EA alive. Tick=38400 Equity=45490.80 OpenPos=0 UTC=2026.03.05 09:37 DayOfWeek=4 WeekendCloseActive=NO NewTradeBlocked=NO | 38400.000000
PH	0	02:37:47.536	Cazyxio_v4.1 (EURUSD,M15)	2026.03.05 09:37:47 | HEARTBEAT | SYSTEM | EA alive. Tick=38500 Equity=45490.80 OpenPos=0 UTC=2026.03.05 09:37 DayOfWeek=4 WeekendCloseActive=NO NewTradeBlocked=NO | 38500.000000
RL	0	02:38:31.638	Cazyxio_v4.1 (EURUSD,M15)	2026.03.05 09:38:31 | HEARTBEAT | SYSTEM | EA alive. Tick=38600 Equity=45490.80 OpenPos=0 UTC=2026.03.05 09:38 DayOfWeek=4 WeekendCloseActive=NO NewTradeBlocked=NO | 38600.000000
CP	0	02:39:08.524	Cazyxio_v4.1 (EURUSD,M15)	2026.03.05 09:39:08 | HEARTBEAT | SYSTEM | EA alive. Tick=38700 Equity=45490.80 OpenPos=0 UTC=2026.03.05 09:39 DayOfWeek=4 WeekendCloseActive=NO NewTradeBlocked=NO | 38700.000000
QD	0	02:39:44.739	Cazyxio_v4.1 (EURUSD,M15)	2026.03.05 09:39:44 | HEARTBEAT | SYSTEM | EA alive. Tick=38800 Equity=45490.80 OpenPos=0 UTC=2026.03.05 09:39 DayOfWeek=4 WeekendCloseActive=NO NewTradeBlocked=NO | 38800.000000
CH	0	02:40:24.159	Cazyxio_v4.1 (EURUSD,M15)	2026.03.05 09:40:24 | HEARTBEAT | SYSTEM | EA alive. Tick=38900 Equity=45490.80 OpenPos=0 UTC=2026.03.05 09:40 DayOfWeek=4 WeekendCloseActive=NO NewTradeBlocked=NO | 38900.000000
PL	0	02:41:06.742	Cazyxio_v4.1 (EURUSD,M15)	2026.03.05 09:41:06 | HEARTBEAT | SYSTEM | EA alive. Tick=39000 Equity=45490.80 OpenPos=0 UTC=2026.03.05 09:41 DayOfWeek=4 WeekendCloseActive=NO NewTradeBlocked=NO | 39000.000000
CP	0	02:41:48.297	Cazyxio_v4.1 (EURUSD,M15)	2026.03.05 09:41:48 | HEARTBEAT | SYSTEM | EA alive. Tick=39100 Equity=45490.80 OpenPos=0 UTC=2026.03.05 09:41 DayOfWeek=4 WeekendCloseActive=NO NewTradeBlocked=NO | 39100.000000
ID	0	02:42:23.009	Cazyxio_v4.1 (EURUSD,M15)	2026.03.05 09:42:23 | HEARTBEAT | SYSTEM | EA alive. Tick=39200 Equity=45490.80 OpenPos=0 UTC=2026.03.05 09:42 DayOfWeek=4 WeekendCloseActive=NO NewTradeBlocked=NO | 39200.000000
JH	0	02:43:03.449	Cazyxio_v4.1 (EURUSD,M15)	2026.03.05 09:43:03 | HEARTBEAT | SYSTEM | EA alive. Tick=39300 Equity=45490.80 OpenPos=0 UTC=2026.03.05 09:43 DayOfWeek=4 WeekendCloseActive=NO NewTradeBlocked=NO | 39300.000000
LL	0	02:43:42.340	Cazyxio_v4.1 (EURUSD,M15)	2026.03.05 09:43:42 | HEARTBEAT | SYSTEM | EA alive. Tick=39400 Equity=45490.80 OpenPos=0 UTC=2026.03.05 09:43 DayOfWeek=4 WeekendCloseActive=NO NewTradeBlocked=NO | 39400.000000
OP	0	02:44:22.162	Cazyxio_v4.1 (EURUSD,M15)	2026.03.05 09:44:22 | HEARTBEAT | SYSTEM | EA alive. Tick=39500 Equity=45490.80 OpenPos=0 UTC=2026.03.05 09:44 DayOfWeek=4 WeekendCloseActive=NO NewTradeBlocked=NO | 39500.000000
IJ	0	02:45:01.141	Cazyxio_v4.1 (EURUSD,M15)	2026.03.05 09:45:01 | BAR | EURUSD | close=1.16206 h4ema200=1.17694 h4slope=DOWN ema50=1.16155 atr=0.001422 atrSma=0.000885 atrRatio=1.606 dir=SHORT spread=17.0 spreadOK=YES atrGate=PASS touch=PASS momCandle=ZERO_RANGE_BAR barRange=0.000000 minBarRange=0.000427 (0.30xATR) momClosePos=0.500(forced) momOk=N ema50Ok=Y barRange=0.000000 zeroRangeBar=YES trigger=NO hasPos=NO portRisk=0.00% openPos=0 | 1.162060
CO	0	02:45:01.141	Cazyxio_v4.1 (EURUSD,M15)	2026.03.05 09:45:01 | GATE_FAIL | EURUSD | Zero-range bar FAIL (v4.1 fix). barRange=0.000000 < minBarRange=0.000427 (0.30x ATR). Doji/flat bar excluded from momentum evaluation.
HN	0	02:45:01.388	Cazyxio_v4.1 (EURUSD,M15)	2026.03.05 09:45:01 | BAR | GBPUSD | close=1.33490 h4ema200=1.35076 h4slope=DOWN ema50=1.33463 atr=0.001675 atrSma=0.001174 atrRatio=1.426 dir=SHORT spread=25.0 spreadOK=YES atrGate=PASS touch=PASS momCandle=ZERO_RANGE_BAR barRange=0.000000 minBarRange=0.000503 (0.30xATR) momClosePos=0.500(forced) momOk=N ema50Ok=Y barRange=0.000000 zeroRangeBar=YES trigger=NO hasPos=NO portRisk=0.00% openPos=0 | 1.334900
DE	0	02:45:01.388	Cazyxio_v4.1 (EURUSD,M15)	2026.03.05 09:45:01 | GATE_FAIL | GBPUSD | Zero-range bar FAIL (v4.1 fix). barRange=0.000000 < minBarRange=0.000503 (0.30x ATR). Doji/flat bar excluded from momentum evaluation.
JO	0	02:45:01.389	Cazyxio_v4.1 (EURUSD,M15)	2026.03.05 09:45:01 | BAR | USDJPY | close=157.130 h4ema200=155.719 h4slope=UP ema50=157.066 atr=0.145357 atrSma=0.125842 atrRatio=1.155 dir=LONG spread=20.0 spreadOK=YES atrGate=PASS touch=PASS momCandle=ZERO_RANGE_BAR barRange=0.000000 minBarRange=0.043607 (0.30xATR) momClosePos=0.500(forced) momOk=N ema50Ok=Y barRange=0.000000 zeroRangeBar=YES trigger=NO hasPos=NO portRisk=0.00% openPos=0 | 157.130000
QP	0	02:45:01.389	Cazyxio_v4.1 (EURUSD,M15)	2026.03.05 09:45:01 | GATE_FAIL | USDJPY | Zero-range bar FAIL (v4.1 fix). barRange=0.000000 < minBarRange=0.043607 (0.30x ATR). Doji/flat bar excluded from momentum evaluation.
GE	0	02:45:01.389	Cazyxio_v4.1 (EURUSD,M15)	2026.03.05 09:45:01 | BAR | AUDUSD | close=0.70439 h4ema200=0.69907 h4slope=UP ema50=0.70504 atr=0.001342 atrSma=0.000948 atrRatio=1.415 dir=LONG spread=19.0 spreadOK=YES atrGate=PASS touch=PASS momCandle=ZERO_RANGE_BAR barRange=0.000000 minBarRange=0.000403 (0.30xATR) momClosePos=0.500(forced) momOk=N ema50Ok=Y barRange=0.000000 zeroRangeBar=YES trigger=NO hasPos=NO portRisk=0.00% openPos=0 | 0.704390
KM	0	02:45:01.389	Cazyxio_v4.1 (EURUSD,M15)	2026.03.05 09:45:01 | GATE_FAIL | AUDUSD | Zero-range bar FAIL (v4.1 fix). barRange=0.000000 < minBarRange=0.000403 (0.30x ATR). Doji/flat bar excluded from momentum evaluation.
NQ	0	02:45:01.389	Cazyxio_v4.1 (EURUSD,M15)	2026.03.05 09:45:01 | BAR | GBPJPY | close=209.760 h4ema200=210.347 h4slope=DOWN ema50=209.630 atr=0.183643 atrSma=0.163631 atrRatio=1.122 dir=SHORT spread=57.0 spreadOK=NO atrGate=PASS touch=PASS momCandle=ZERO_RANGE_BAR barRange=0.000000 minBarRange=0.055093 (0.30xATR) momClosePos=0.500(forced) momOk=N ema50Ok=Y barRange=0.000000 zeroRangeBar=YES trigger=NO hasPos=NO portRisk=0.00% openPos=0 | 209.760000
CH	0	02:45:01.389	Cazyxio_v4.1 (EURUSD,M15)	2026.03.05 09:45:01 | GATE_FAIL | GBPJPY | Spread too wide. Spread=57.0 Max=30 points.
FF	0	02:45:01.389	Cazyxio_v4.1 (EURUSD,M15)	2026.03.05 09:45:01 | BAR | USDCAD | close=1.36443 h4ema200=1.36863 h4slope=DOWN ema50=1.36502 atr=0.001054 atrSma=0.000892 atrRatio=1.182 dir=SHORT spread=25.0 spreadOK=YES atrGate=PASS touch=PASS momCandle=ZERO_RANGE_BAR barRange=0.000000 minBarRange=0.000316 (0.30xATR) momClosePos=0.500(forced) momOk=N ema50Ok=Y barRange=0.000000 zeroRangeBar=YES trigger=NO hasPos=NO portRisk=0.00% openPos=0 | 1.364430
PR	0	02:45:01.389	Cazyxio_v4.1 (EURUSD,M15)	2026.03.05 09:45:01 | GATE_FAIL | USDCAD | Zero-range bar FAIL (v4.1 fix). barRange=0.000000 < minBarRange=0.000316 (0.30x ATR). Doji/flat bar excluded from momentum evaluation.
JD	0	02:45:03.870	Cazyxio_v4.1 (EURUSD,M15)	2026.03.05 09:45:03 | HEARTBEAT | SYSTEM | EA alive. Tick=39600 Equity=45490.80 OpenPos=0 UTC=2026.03.05 09:45 DayOfWeek=4 WeekendCloseActive=NO NewTradeBlocked=NO | 39600.000000
CH	0	02:45:51.945	Cazyxio_v4.1 (EURUSD,M15)	2026.03.05 09:45:51 | HEARTBEAT | SYSTEM | EA alive. Tick=39700 Equity=45490.80 OpenPos=0 UTC=2026.03.05 09:45 DayOfWeek=4 WeekendCloseActive=NO NewTradeBlocked=NO | 39700.000000
DL	0	02:46:41.390	Cazyxio_v4.1 (EURUSD,M15)	2026.03.05 09:46:41 | HEARTBEAT | SYSTEM | EA alive. Tick=39800 Equity=45490.80 OpenPos=0 UTC=2026.03.05 09:46 DayOfWeek=4 WeekendCloseActive=NO NewTradeBlocked=NO | 39800.000000
DP	0	02:47:26.478	Cazyxio_v4.1 (EURUSD,M15)	2026.03.05 09:47:26 | HEARTBEAT | SYSTEM | EA alive. Tick=39900 Equity=45490.80 OpenPos=0 UTC=2026.03.05 09:47 DayOfWeek=4 WeekendCloseActive=NO NewTradeBlocked=NO | 39900.000000
OD	0	02:48:12.779	Cazyxio_v4.1 (EURUSD,M15)	2026.03.05 09:48:12 | HEARTBEAT | SYSTEM | EA alive. Tick=40000 Equity=45490.80 OpenPos=0 UTC=2026.03.05 09:48 DayOfWeek=4 WeekendCloseActive=NO NewTradeBlocked=NO | 40000.000000
DH	0	02:48:51.613	Cazyxio_v4.1 (EURUSD,M15)	2026.03.05 09:48:51 | HEARTBEAT | SYSTEM | EA alive. Tick=40100 Equity=45490.80 OpenPos=0 UTC=2026.03.05 09:48 DayOfWeek=4 WeekendCloseActive=NO NewTradeBlocked=NO | 40100.000000
JL	0	02:49:41.164	Cazyxio_v4.1 (EURUSD,M15)	2026.03.05 09:49:41 | HEARTBEAT | SYSTEM | EA alive. Tick=40200 Equity=45490.80 OpenPos=0 UTC=2026.03.05 09:49 DayOfWeek=4 WeekendCloseActive=NO NewTradeBlocked=NO | 40200.000000
OP	0	02:50:17.330	Cazyxio_v4.1 (EURUSD,M15)	2026.03.05 09:50:17 | HEARTBEAT | SYSTEM | EA alive. Tick=40300 Equity=45490.80 OpenPos=0 UTC=2026.03.05 09:50 DayOfWeek=4 WeekendCloseActive=NO NewTradeBlocked=NO | 40300.000000
ID	0	02:51:02.586	Cazyxio_v4.1 (EURUSD,M15)	2026.03.05 09:51:02 | HEARTBEAT | SYSTEM | EA alive. Tick=40400 Equity=45490.80 OpenPos=0 UTC=2026.03.05 09:51 DayOfWeek=4 WeekendCloseActive=NO NewTradeBlocked=NO | 40400.000000
GH	0	02:51:52.988	Cazyxio_v4.1 (EURUSD,M15)	2026.03.05 09:51:52 | HEARTBEAT | SYSTEM | EA alive. Tick=40500 Equity=45490.80 OpenPos=0 UTC=2026.03.05 09:51 DayOfWeek=4 WeekendCloseActive=NO NewTradeBlocked=NO | 40500.000000
NL	0	02:52:37.995	Cazyxio_v4.1 (EURUSD,M15)	2026.03.05 09:52:37 | HEARTBEAT | SYSTEM | EA alive. Tick=40600 Equity=45490.80 OpenPos=0 UTC=2026.03.05 09:52 DayOfWeek=4 WeekendCloseActive=NO NewTradeBlocked=NO | 40600.000000
FP	0	02:53:25.149	Cazyxio_v4.1 (EURUSD,M15)	2026.03.05 09:53:25 | HEARTBEAT | SYSTEM | EA alive. Tick=40700 Equity=45490.80 OpenPos=0 UTC=2026.03.05 09:53 DayOfWeek=4 WeekendCloseActive=NO NewTradeBlocked=NO | 40700.000000
JD	0	02:54:21.825	Cazyxio_v4.1 (EURUSD,M15)	2026.03.05 09:54:21 | HEARTBEAT | SYSTEM | EA alive. Tick=40800 Equity=45490.80 OpenPos=0 UTC=2026.03.05 09:54 DayOfWeek=4 WeekendCloseActive=NO NewTradeBlocked=NO | 40800.000000
EH	0	02:55:07.685	Cazyxio_v4.1 (EURUSD,M15)	2026.03.05 09:55:07 | HEARTBEAT | SYSTEM | EA alive. Tick=40900 Equity=45490.80 OpenPos=0 UTC=2026.03.05 09:55 DayOfWeek=4 WeekendCloseActive=NO NewTradeBlocked=NO | 40900.000000
LL	0	02:56:05.892	Cazyxio_v4.1 (EURUSD,M15)	2026.03.05 09:56:05 | HEARTBEAT | SYSTEM | EA alive. Tick=41000 Equity=45490.80 OpenPos=0 UTC=2026.03.05 09:56 DayOfWeek=4 WeekendCloseActive=NO NewTradeBlocked=NO | 41000.000000
OP	0	02:56:59.161	Cazyxio_v4.1 (EURUSD,M15)	2026.03.05 09:56:59 | HEARTBEAT | SYSTEM | EA alive. Tick=41100 Equity=45490.80 OpenPos=0 UTC=2026.03.05 09:56 DayOfWeek=4 WeekendCloseActive=NO NewTradeBlocked=NO | 41100.000000
KD	0	02:58:14.509	Cazyxio_v4.1 (EURUSD,M15)	2026.03.05 09:58:14 | HEARTBEAT | SYSTEM | EA alive. Tick=41200 Equity=45490.80 OpenPos=0 UTC=2026.03.05 09:58 DayOfWeek=4 WeekendCloseActive=NO NewTradeBlocked=NO | 41200.000000
NH	0	02:59:44.394	Cazyxio_v4.1 (EURUSD,M15)	2026.03.05 09:59:44 | HEARTBEAT | SYSTEM | EA alive. Tick=41300 Equity=45490.80 OpenPos=0 UTC=2026.03.05 09:59 DayOfWeek=4 WeekendCloseActive=NO NewTradeBlocked=NO | 41300.000000
DR	0	03:00:01.145	Cazyxio_v4.1 (EURUSD,M15)	2026.03.05 10:00:01 | BAR | EURUSD | close=1.16221 h4ema200=1.17680 h4slope=DOWN ema50=1.16158 atr=0.001428 atrSma=0.000890 atrRatio=1.604 dir=SHORT spread=16.0 spreadOK=YES atrGate=PASS touch=PASS momCandle=ZERO_RANGE_BAR barRange=0.000000 minBarRange=0.000428 (0.30xATR) momClosePos=0.500(forced) momOk=N ema50Ok=Y barRange=0.000000 zeroRangeBar=YES trigger=NO hasPos=NO portRisk=0.00% openPos=0 | 1.162210
EG	0	03:00:01.145	Cazyxio_v4.1 (EURUSD,M15)	2026.03.05 10:00:01 | GATE_FAIL | EURUSD | Zero-range bar FAIL (v4.1 fix). barRange=0.000000 < minBarRange=0.000428 (0.30x ATR). Doji/flat bar excluded from momentum evaluation.
PF	0	03:00:01.393	Cazyxio_v4.1 (EURUSD,M15)	2026.03.05 10:00:01 | BAR | GBPUSD | close=1.33539 h4ema200=1.35061 h4slope=DOWN ema50=1.33468 atr=0.001707 atrSma=0.001178 atrRatio=1.450 dir=SHORT spread=19.0 spreadOK=YES atrGate=PASS touch=PASS momCandle=ZERO_RANGE_BAR barRange=0.000000 minBarRange=0.000512 (0.30xATR) momClosePos=0.500(forced) momOk=N ema50Ok=Y barRange=0.000000 zeroRangeBar=YES trigger=NO hasPos=NO portRisk=0.00% openPos=0 | 1.335390
EM	0	03:00:01.393	Cazyxio_v4.1 (EURUSD,M15)	2026.03.05 10:00:01 | GATE_FAIL | GBPUSD | Zero-range bar FAIL (v4.1 fix). barRange=0.000000 < minBarRange=0.000512 (0.30x ATR). Doji/flat bar excluded from momentum evaluation.
CG	0	03:00:01.393	Cazyxio_v4.1 (EURUSD,M15)	2026.03.05 10:00:01 | BAR | USDJPY | close=157.151 h4ema200=155.734 h4slope=UP ema50=157.070 atr=0.141286 atrSma=0.125981 atrRatio=1.121 dir=LONG spread=17.0 spreadOK=YES atrGate=PASS touch=PASS momCandle=ZERO_RANGE_BAR barRange=0.000000 minBarRange=0.042386 (0.30xATR) momClosePos=0.500(forced) momOk=N ema50Ok=Y barRange=0.000000 zeroRangeBar=YES trigger=NO hasPos=NO portRisk=0.00% openPos=0 | 157.151000
DH	0	03:00:01.393	Cazyxio_v4.1 (EURUSD,M15)	2026.03.05 10:00:01 | GATE_FAIL | USDJPY | Zero-range bar FAIL (v4.1 fix). barRange=0.000000 < minBarRange=0.042386 (0.30x ATR). Doji/flat bar excluded from momentum evaluation.
CM	0	03:00:01.393	Cazyxio_v4.1 (EURUSD,M15)	2026.03.05 10:00:01 | BAR | AUDUSD | close=0.70439 h4ema200=0.69912 h4slope=UP ema50=0.70501 atr=0.001339 atrSma=0.000951 atrRatio=1.408 dir=LONG spread=17.0 spreadOK=YES atrGate=PASS touch=PASS momCandle=ZERO_RANGE_BAR barRange=0.000000 minBarRange=0.000402 (0.30xATR) momClosePos=0.500(forced) momOk=N ema50Ok=Y barRange=0.000000 zeroRangeBar=YES trigger=NO hasPos=NO portRisk=0.00% openPos=0 | 0.704390
NE	0	03:00:01.393	Cazyxio_v4.1 (EURUSD,M15)	2026.03.05 10:00:01 | GATE_FAIL | AUDUSD | Zero-range bar FAIL (v4.1 fix). barRange=0.000000 < minBarRange=0.000402 (0.30x ATR). Doji/flat bar excluded from momentum evaluation.
HI	0	03:00:01.393	Cazyxio_v4.1 (EURUSD,M15)	2026.03.05 10:00:01 | BAR | GBPJPY | close=209.856 h4ema200=210.343 h4slope=DOWN ema50=209.643 atr=0.187000 atrSma=0.163526 atrRatio=1.144 dir=SHORT spread=42.0 spreadOK=NO atrGate=PASS touch=PASS momCandle=ZERO_RANGE_BAR barRange=0.000000 minBarRange=0.056100 (0.30xATR) momClosePos=0.500(forced) momOk=N ema50Ok=Y barRange=0.000000 zeroRangeBar=YES trigger=NO hasPos=NO portRisk=0.00% openPos=0 | 209.856000
IP	0	03:00:01.393	Cazyxio_v4.1 (EURUSD,M15)	2026.03.05 10:00:01 | GATE_FAIL | GBPJPY | Spread too wide. Spread=42.0 Max=30 points.
IN	0	03:00:01.393	Cazyxio_v4.1 (EURUSD,M15)	2026.03.05 10:00:01 | BAR | USDCAD | close=1.36455 h4ema200=1.36859 h4slope=DOWN ema50=1.36500 atr=0.001051 atrSma=0.000894 atrRatio=1.176 dir=SHORT spread=22.0 spreadOK=YES atrGate=PASS touch=PASS momCandle=ZERO_RANGE_BAR barRange=0.000000 minBarRange=0.000315 (0.30xATR) momClosePos=0.500(forced) momOk=N ema50Ok=Y barRange=0.000000 zeroRangeBar=YES trigger=NO hasPos=NO portRisk=0.00% openPos=0 | 1.364550
OJ	0	03:00:01.393	Cazyxio_v4.1 (EURUSD,M15)	2026.03.05 10:00:01 | GATE_FAIL | USDCAD | Zero-range bar FAIL (v4.1 fix). barRange=0.000000 < minBarRange=0.000315 (0.30x ATR). Doji/flat bar excluded from momentum evaluation.
PL	0	03:00:46.984	Cazyxio_v4.1 (EURUSD,M15)	2026.03.05 10:00:46 | HEARTBEAT | SYSTEM | EA alive. Tick=41400 Equity=45490.80 OpenPos=0 UTC=2026.03.05 10:00 DayOfWeek=4 WeekendCloseActive=NO NewTradeBlocked=NO | 41400.000000
MP	0	03:02:00.891	Cazyxio_v4.1 (EURUSD,M15)	2026.03.05 10:02:00 | HEARTBEAT | SYSTEM | EA alive. Tick=41500 Equity=45490.80 OpenPos=0 UTC=2026.03.05 10:02 DayOfWeek=4 WeekendCloseActive=NO NewTradeBlocked=NO | 41500.000000
MD	0	03:03:14.155	Cazyxio_v4.1 (EURUSD,M15)	2026.03.05 10:03:14 | HEARTBEAT | SYSTEM | EA alive. Tick=41600 Equity=45490.80 OpenPos=0 UTC=2026.03.05 10:03 DayOfWeek=4 WeekendCloseActive=NO NewTradeBlocked=NO | 41600.000000
DH	0	03:04:38.269	Cazyxio_v4.1 (EURUSD,M15)	2026.03.05 10:04:38 | HEARTBEAT | SYSTEM | EA alive. Tick=41700 Equity=45490.80 OpenPos=0 UTC=2026.03.05 10:04 DayOfWeek=4 WeekendCloseActive=NO NewTradeBlocked=NO | 41700.000000
NL	0	03:05:41.565	Cazyxio_v4.1 (EURUSD,M15)	2026.03.05 10:05:41 | HEARTBEAT | SYSTEM | EA alive. Tick=41800 Equity=45490.80 OpenPos=0 UTC=2026.03.05 10:05 DayOfWeek=4 WeekendCloseActive=NO NewTradeBlocked=NO | 41800.000000
RP	0	03:06:48.504	Cazyxio_v4.1 (EURUSD,M15)	2026.03.05 10:06:48 | HEARTBEAT | SYSTEM | EA alive. Tick=41900 Equity=45490.80 OpenPos=0 UTC=2026.03.05 10:06 DayOfWeek=4 WeekendCloseActive=NO NewTradeBlocked=NO | 41900.000000
DD	0	03:08:01.000	Cazyxio_v4.1 (EURUSD,M15)	2026.03.05 10:08:00 | HEARTBEAT | SYSTEM | EA alive. Tick=42000 Equity=45490.80 OpenPos=0 UTC=2026.03.05 10:08 DayOfWeek=4 WeekendCloseActive=NO NewTradeBlocked=NO | 42000.000000
CH	0	03:08:50.330	Cazyxio_v4.1 (EURUSD,M15)	2026.03.05 10:08:50 | HEARTBEAT | SYSTEM | EA alive. Tick=42100 Equity=45490.80 OpenPos=0 UTC=2026.03.05 10:08 DayOfWeek=4 WeekendCloseActive=NO NewTradeBlocked=NO | 42100.000000
CL	0	03:09:46.818	Cazyxio_v4.1 (EURUSD,M15)	2026.03.05 10:09:46 | HEARTBEAT | SYSTEM | EA alive. Tick=42200 Equity=45490.80 OpenPos=0 UTC=2026.03.05 10:09 DayOfWeek=4 WeekendCloseActive=NO NewTradeBlocked=NO | 42200.000000
PP	0	03:10:51.073	Cazyxio_v4.1 (EURUSD,M15)	2026.03.05 10:10:51 | HEARTBEAT | SYSTEM | EA alive. Tick=42300 Equity=45490.80 OpenPos=0 UTC=2026.03.05 10:10 DayOfWeek=4 WeekendCloseActive=NO NewTradeBlocked=NO | 42300.000000
ND	0	03:11:56.366	Cazyxio_v4.1 (EURUSD,M15)	2026.03.05 10:11:56 | HEARTBEAT | SYSTEM | EA alive. Tick=42400 Equity=45490.80 OpenPos=0 UTC=2026.03.05 10:11 DayOfWeek=4 WeekendCloseActive=NO NewTradeBlocked=NO | 42400.000000
GH	0	03:13:04.259	Cazyxio_v4.1 (EURUSD,M15)	2026.03.05 10:13:04 | HEARTBEAT | SYSTEM | EA alive. Tick=42500 Equity=45490.80 OpenPos=0 UTC=2026.03.05 10:13 DayOfWeek=4 WeekendCloseActive=NO NewTradeBlocked=NO | 42500.000000
PL	0	03:14:19.246	Cazyxio_v4.1 (EURUSD,M15)	2026.03.05 10:14:19 | HEARTBEAT | SYSTEM | EA alive. Tick=42600 Equity=45490.80 OpenPos=0 UTC=2026.03.05 10:14 DayOfWeek=4 WeekendCloseActive=NO NewTradeBlocked=NO | 42600.000000
HO	0	03:15:01.310	Cazyxio_v4.1 (EURUSD,M15)	2026.03.05 10:15:01 | BAR | GBPUSD | close=1.33511 h4ema200=1.35061 h4slope=DOWN ema50=1.33468 atr=0.001659 atrSma=0.001180 atrRatio=1.406 dir=SHORT spread=19.0 spreadOK=YES atrGate=PASS touch=PASS momCandle=ZERO_RANGE_BAR barRange=0.000000 minBarRange=0.000498 (0.30xATR) momClosePos=0.500(forced) momOk=N ema50Ok=Y barRange=0.000000 zeroRangeBar=YES trigger=NO hasPos=NO portRisk=0.00% openPos=0 | 1.335110
OJ	0	03:15:01.310	Cazyxio_v4.1 (EURUSD,M15)	2026.03.05 10:15:01 | GATE_FAIL | GBPUSD | Zero-range bar FAIL (v4.1 fix). barRange=0.000000 < minBarRange=0.000498 (0.30x ATR). Doji/flat bar excluded from momentum evaluation.
CS	0	03:15:01.310	Cazyxio_v4.1 (EURUSD,M15)	2026.03.05 10:15:01 | BAR | EURUSD | close=1.16232 h4ema200=1.17680 h4slope=DOWN ema50=1.16161 atr=0.001352 atrSma=0.000894 atrRatio=1.513 dir=SHORT spread=16.0 spreadOK=YES atrGate=PASS touch=PASS momCandle=ZERO_RANGE_BAR barRange=0.000000 minBarRange=0.000406 (0.30xATR) momClosePos=0.500(forced) momOk=N ema50Ok=Y barRange=0.000000 zeroRangeBar=YES trigger=NO hasPos=NO portRisk=0.00% openPos=0 | 1.162320
MP	0	03:15:01.310	Cazyxio_v4.1 (EURUSD,M15)	2026.03.05 10:15:01 | GATE_FAIL | EURUSD | Zero-range bar FAIL (v4.1 fix). barRange=0.000000 < minBarRange=0.000406 (0.30x ATR). Doji/flat bar excluded from momentum evaluation.
RJ	0	03:15:01.310	Cazyxio_v4.1 (EURUSD,M15)	2026.03.05 10:15:01 | BAR | AUDUSD | close=0.70438 h4ema200=0.69912 h4slope=UP ema50=0.70499 atr=0.001236 atrSma=0.000951 atrRatio=1.299 dir=LONG spread=18.0 spreadOK=YES atrGate=PASS touch=PASS momCandle=ZERO_RANGE_BAR barRange=0.000000 minBarRange=0.000371 (0.30xATR) momClosePos=0.500(forced) momOk=N ema50Ok=Y barRange=0.000000 zeroRangeBar=YES trigger=NO hasPos=NO portRisk=0.00% openPos=0 | 0.704380
NM	0	03:15:01.310	Cazyxio_v4.1 (EURUSD,M15)	2026.03.05 10:15:01 | GATE_FAIL | AUDUSD | Zero-range bar FAIL (v4.1 fix). barRange=0.000000 < minBarRange=0.000371 (0.30x ATR). Doji/flat bar excluded from momentum evaluation.
RQ	0	03:15:01.310	Cazyxio_v4.1 (EURUSD,M15)	2026.03.05 10:15:01 | BAR | GBPJPY | close=209.850 h4ema200=210.343 h4slope=DOWN ema50=209.651 atr=0.181929 atrSma=0.163256 atrRatio=1.114 dir=SHORT spread=36.0 spreadOK=NO atrGate=PASS touch=PASS momCandle=ZERO_RANGE_BAR barRange=0.000000 minBarRange=0.054579 (0.30xATR) momClosePos=0.500(forced) momOk=N ema50Ok=Y barRange=0.000000 zeroRangeBar=YES trigger=NO hasPos=NO portRisk=0.00% openPos=0 | 209.850000
IH	0	03:15:01.310	Cazyxio_v4.1 (EURUSD,M15)	2026.03.05 10:15:01 | GATE_FAIL | GBPJPY | Spread too wide. Spread=36.0 Max=30 points.
HE	0	03:15:01.310	Cazyxio_v4.1 (EURUSD,M15)	2026.03.05 10:15:01 | BAR | USDCAD | close=1.36467 h4ema200=1.36859 h4slope=DOWN ema50=1.36499 atr=0.001011 atrSma=0.000895 atrRatio=1.130 dir=SHORT spread=23.0 spreadOK=YES atrGate=PASS touch=PASS momCandle=ZERO_RANGE_BAR barRange=0.000000 minBarRange=0.000303 (0.30xATR) momClosePos=0.500(forced) momOk=N ema50Ok=Y barRange=0.000000 zeroRangeBar=YES trigger=NO hasPos=NO portRisk=0.00% openPos=0 | 1.364670
KR	0	03:15:01.310	Cazyxio_v4.1 (EURUSD,M15)	2026.03.05 10:15:01 | GATE_FAIL | USDCAD | Zero-range bar FAIL (v4.1 fix). barRange=0.000000 < minBarRange=0.000303 (0.30x ATR). Doji/flat bar excluded from momentum evaluation.
OF	0	03:15:01.560	Cazyxio_v4.1 (EURUSD,M15)	2026.03.05 10:15:01 | BAR | USDJPY | close=157.177 h4ema200=155.734 h4slope=UP ema50=157.075 atr=0.136000 atrSma=0.126081 atrRatio=1.079 dir=LONG spread=15.0 spreadOK=YES atrGate=PASS touch=PASS momCandle=ZERO_RANGE_BAR barRange=0.000000 minBarRange=0.040800 (0.30xATR) momClosePos=0.500(forced) momOk=N ema50Ok=Y barRange=0.000000 zeroRangeBar=YES trigger=NO hasPos=NO portRisk=0.00% openPos=0 | 157.177000
KN	0	03:15:01.560	Cazyxio_v4.1 (EURUSD,M15)	2026.03.05 10:15:01 | GATE_FAIL | USDJPY | Zero-range bar FAIL (v4.1 fix). barRange=0.000000 < minBarRange=0.040800 (0.30x ATR). Doji/flat bar excluded from momentum evaluation.
EP	0	03:15:24.259	Cazyxio_v4.1 (EURUSD,M15)	2026.03.05 10:15:24 | HEARTBEAT | SYSTEM | EA alive. Tick=42700 Equity=45490.80 OpenPos=0 UTC=2026.03.05 10:15 DayOfWeek=4 WeekendCloseActive=NO NewTradeBlocked=NO | 42700.000000
GD	0	03:16:30.380	Cazyxio_v4.1 (EURUSD,M15)	2026.03.05 10:16:30 | HEARTBEAT | SYSTEM | EA alive. Tick=42800 Equity=45490.80 OpenPos=0 UTC=2026.03.05 10:16 DayOfWeek=4 WeekendCloseActive=NO NewTradeBlocked=NO | 42800.000000
MH	0	03:17:38.015	Cazyxio_v4.1 (EURUSD,M15)	2026.03.05 10:17:38 | HEARTBEAT | SYSTEM | EA alive. Tick=42900 Equity=45490.80 OpenPos=0 UTC=2026.03.05 10:17 DayOfWeek=4 WeekendCloseActive=NO NewTradeBlocked=NO | 42900.000000
JL	0	03:18:53.314	Cazyxio_v4.1 (EURUSD,M15)	2026.03.05 10:18:53 | HEARTBEAT | SYSTEM | EA alive. Tick=43000 Equity=45490.80 OpenPos=0 UTC=2026.03.05 10:18 DayOfWeek=4 WeekendCloseActive=NO NewTradeBlocked=NO | 43000.000000
JP	0	03:20:37.386	Cazyxio_v4.1 (EURUSD,M15)	2026.03.05 10:20:37 | HEARTBEAT | SYSTEM | EA alive. Tick=43100 Equity=45490.80 OpenPos=0 UTC=2026.03.05 10:20 DayOfWeek=4 WeekendCloseActive=NO NewTradeBlocked=NO | 43100.000000
RD	0	03:22:05.531	Cazyxio_v4.1 (EURUSD,M15)	2026.03.05 10:22:05 | HEARTBEAT | SYSTEM | EA alive. Tick=43200 Equity=45490.80 OpenPos=0 UTC=2026.03.05 10:22 DayOfWeek=4 WeekendCloseActive=NO NewTradeBlocked=NO | 43200.000000
NH	0	03:23:44.112	Cazyxio_v4.1 (EURUSD,M15)	2026.03.05 10:23:44 | HEARTBEAT | SYSTEM | EA alive. Tick=43300 Equity=45490.80 OpenPos=0 UTC=2026.03.05 10:23 DayOfWeek=4 WeekendCloseActive=NO NewTradeBlocked=NO | 43300.000000
LL	0	03:25:15.431	Cazyxio_v4.1 (EURUSD,M15)	2026.03.05 10:25:15 | HEARTBEAT | SYSTEM | EA alive. Tick=43400 Equity=45490.80 OpenPos=0 UTC=2026.03.05 10:25 DayOfWeek=4 WeekendCloseActive=NO NewTradeBlocked=NO | 43400.000000
DP	0	03:26:25.841	Cazyxio_v4.1 (EURUSD,M15)	2026.03.05 10:26:25 | HEARTBEAT | SYSTEM | EA alive. Tick=43500 Equity=45490.80 OpenPos=0 UTC=2026.03.05 10:26 DayOfWeek=4 WeekendCloseActive=NO NewTradeBlocked=NO | 43500.000000
GD	0	03:27:21.283	Cazyxio_v4.1 (EURUSD,M15)	2026.03.05 10:27:21 | HEARTBEAT | SYSTEM | EA alive. Tick=43600 Equity=45490.80 OpenPos=0 UTC=2026.03.05 10:27 DayOfWeek=4 WeekendCloseActive=NO NewTradeBlocked=NO | 43600.000000
NH	0	03:28:28.191	Cazyxio_v4.1 (EURUSD,M15)	2026.03.05 10:28:28 | HEARTBEAT | SYSTEM | EA alive. Tick=43700 Equity=45490.80 OpenPos=0 UTC=2026.03.05 10:28 DayOfWeek=4 WeekendCloseActive=NO NewTradeBlocked=NO | 43700.000000
RL	0	03:29:41.059	Cazyxio_v4.1 (EURUSD,M15)	2026.03.05 10:29:41 | HEARTBEAT | SYSTEM | EA alive. Tick=43800 Equity=45490.80 OpenPos=0 UTC=2026.03.05 10:29 DayOfWeek=4 WeekendCloseActive=NO NewTradeBlocked=NO | 43800.000000
PN	0	03:30:01.260	Cazyxio_v4.1 (EURUSD,M15)	2026.03.05 10:30:01 | BAR | EURUSD | close=1.16201 h4ema200=1.17680 h4slope=DOWN ema50=1.16162 atr=0.001329 atrSma=0.000897 atrRatio=1.481 dir=SHORT spread=14.0 spreadOK=YES atrGate=PASS touch=PASS momCandle=ZERO_RANGE_BAR barRange=0.000000 minBarRange=0.000399 (0.30xATR) momClosePos=0.500(forced) momOk=N ema50Ok=Y barRange=0.000000 zeroRangeBar=YES trigger=NO hasPos=NO portRisk=0.00% openPos=0 | 1.162010
NK	0	03:30:01.260	Cazyxio_v4.1 (EURUSD,M15)	2026.03.05 10:30:01 | GATE_FAIL | EURUSD | Zero-range bar FAIL (v4.1 fix). barRange=0.000000 < minBarRange=0.000399 (0.30x ATR). Doji/flat bar excluded from momentum evaluation.
IN	0	03:30:01.260	Cazyxio_v4.1 (EURUSD,M15)	2026.03.05 10:30:01 | BAR | GBPJPY | close=209.850 h4ema200=210.343 h4slope=DOWN ema50=209.658 atr=0.179071 atrSma=0.162854 atrRatio=1.100 dir=SHORT spread=31.0 spreadOK=NO atrGate=PASS touch=PASS momCandle=ZERO_RANGE_BAR barRange=0.000000 minBarRange=0.053721 (0.30xATR) momClosePos=0.500(forced) momOk=N ema50Ok=Y barRange=0.000000 zeroRangeBar=YES trigger=NO hasPos=NO portRisk=0.00% openPos=0 | 209.850000
HQ	0	03:30:01.260	Cazyxio_v4.1 (EURUSD,M15)	2026.03.05 10:30:01 | GATE_FAIL | GBPJPY | Spread too wide. Spread=31.0 Max=30 points.
QM	0	03:30:01.514	Cazyxio_v4.1 (EURUSD,M15)	2026.03.05 10:30:01 | BAR | GBPUSD | close=1.33521 h4ema200=1.35061 h4slope=DOWN ema50=1.33471 atr=0.001626 atrSma=0.001182 atrRatio=1.376 dir=SHORT spread=20.0 spreadOK=YES atrGate=PASS touch=PASS momCandle=ZERO_RANGE_BAR barRange=0.000000 minBarRange=0.000488 (0.30xATR) momClosePos=0.500(forced) momOk=N ema50Ok=Y barRange=0.000000 zeroRangeBar=YES trigger=NO hasPos=NO portRisk=0.00% openPos=0 | 1.335210
RH	0	03:30:01.514	Cazyxio_v4.1 (EURUSD,M15)	2026.03.05 10:30:01 | GATE_FAIL | GBPUSD | Zero-range bar FAIL (v4.1 fix). barRange=0.000000 < minBarRange=0.000488 (0.30x ATR). Doji/flat bar excluded from momentum evaluation.
NL	0	03:30:01.514	Cazyxio_v4.1 (EURUSD,M15)	2026.03.05 10:30:01 | BAR | AUDUSD | close=0.70458 h4ema200=0.69913 h4slope=UP ema50=0.70498 atr=0.001210 atrSma=0.000952 atrRatio=1.271 dir=LONG spread=16.0 spreadOK=YES atrGate=PASS touch=PASS momCandle=ZERO_RANGE_BAR barRange=0.000020 minBarRange=0.000363 (0.30xATR) momClosePos=0.500(forced) momOk=N ema50Ok=Y barRange=0.000020 zeroRangeBar=YES trigger=NO hasPos=NO portRisk=0.00% openPos=0 | 0.704580
ID	0	03:30:01.514	Cazyxio_v4.1 (EURUSD,M15)	2026.03.05 10:30:01 | GATE_FAIL | AUDUSD | Zero-range bar FAIL (v4.1 fix). barRange=0.000020 < minBarRange=0.000363 (0.30x ATR). Doji/flat bar excluded from momentum evaluation.
DE	0	03:30:01.514	Cazyxio_v4.1 (EURUSD,M15)	2026.03.05 10:30:01 | BAR | USDCAD | close=1.36469 h4ema200=1.36859 h4slope=DOWN ema50=1.36498 atr=0.000982 atrSma=0.000895 atrRatio=1.097 dir=SHORT spread=24.0 spreadOK=YES atrGate=PASS touch=PASS momCandle=ZERO_RANGE_BAR barRange=0.000000 minBarRange=0.000295 (0.30xATR) momClosePos=0.500(forced) momOk=N ema50Ok=Y barRange=0.000000 zeroRangeBar=YES trigger=NO hasPos=NO portRisk=0.00% openPos=0 | 1.364690
GR	0	03:30:01.514	Cazyxio_v4.1 (EURUSD,M15)	2026.03.05 10:30:01 | GATE_FAIL | USDCAD | Zero-range bar FAIL (v4.1 fix). barRange=0.000000 < minBarRange=0.000295 (0.30x ATR). Doji/flat bar excluded from momentum evaluation.
MF	0	03:30:01.770	Cazyxio_v4.1 (EURUSD,M15)	2026.03.05 10:30:01 | BAR | USDJPY | close=157.164 h4ema200=155.734 h4slope=UP ema50=157.078 atr=0.129929 atrSma=0.125993 atrRatio=1.031 dir=LONG spread=14.0 spreadOK=YES atrGate=PASS touch=PASS momCandle=ZERO_RANGE_BAR barRange=0.000000 minBarRange=0.038979 (0.30xATR) momClosePos=0.500(forced) momOk=N ema50Ok=Y barRange=0.000000 zeroRangeBar=YES trigger=NO hasPos=NO portRisk=0.00% openPos=0 | 157.164000
NN	0	03:30:01.770	Cazyxio_v4.1 (EURUSD,M15)	2026.03.05 10:30:01 | GATE_FAIL | USDJPY | Zero-range bar FAIL (v4.1 fix). barRange=0.000000 < minBarRange=0.038979 (0.30x ATR). Doji/flat bar excluded from momentum evaluation.
FP	0	03:31:27.768	Cazyxio_v4.1 (EURUSD,M15)	2026.03.05 10:31:27 | HEARTBEAT | SYSTEM | EA alive. Tick=43900 Equity=45490.80 OpenPos=0 UTC=2026.03.05 10:31 DayOfWeek=4 WeekendCloseActive=NO NewTradeBlocked=NO | 43900.000000
ED	0	03:32:17.496	Cazyxio_v4.1 (EURUSD,M15)	2026.03.05 10:32:17 | HEARTBEAT | SYSTEM | EA alive. Tick=44000 Equity=45490.80 OpenPos=0 UTC=2026.03.05 10:32 DayOfWeek=4 WeekendCloseActive=NO NewTradeBlocked=NO | 44000.000000
HH	0	03:33:36.973	Cazyxio_v4.1 (EURUSD,M15)	2026.03.05 10:33:36 | HEARTBEAT | SYSTEM | EA alive. Tick=44100 Equity=45490.80 OpenPos=0 UTC=2026.03.05 10:33 DayOfWeek=4 WeekendCloseActive=NO NewTradeBlocked=NO | 44100.000000
JL	0	03:34:43.091	Cazyxio_v4.1 (EURUSD,M15)	2026.03.05 10:34:43 | HEARTBEAT | SYSTEM | EA alive. Tick=44200 Equity=45490.80 OpenPos=0 UTC=2026.03.05 10:34 DayOfWeek=4 WeekendCloseActive=NO NewTradeBlocked=NO | 44200.000000
GP	0	03:36:14.018	Cazyxio_v4.1 (EURUSD,M15)	2026.03.05 10:36:14 | HEARTBEAT | SYSTEM | EA alive. Tick=44300 Equity=45490.80 OpenPos=0 UTC=2026.03.05 10:36 DayOfWeek=4 WeekendCloseActive=NO NewTradeBlocked=NO | 44300.000000
KD	0	03:37:39.433	Cazyxio_v4.1 (EURUSD,M15)	2026.03.05 10:37:39 | HEARTBEAT | SYSTEM | EA alive. Tick=44400 Equity=45490.80 OpenPos=0 UTC=2026.03.05 10:37 DayOfWeek=4 WeekendCloseActive=NO NewTradeBlocked=NO | 44400.000000
GH	0	03:39:03.262	Cazyxio_v4.1 (EURUSD,M15)	2026.03.05 10:39:03 | HEARTBEAT | SYSTEM | EA alive. Tick=44500 Equity=45490.80 OpenPos=0 UTC=2026.03.05 10:39 DayOfWeek=4 WeekendCloseActive=NO NewTradeBlocked=NO | 44500.000000
DL	0	03:40:04.519	Cazyxio_v4.1 (EURUSD,M15)	2026.03.05 10:40:04 | HEARTBEAT | SYSTEM | EA alive. Tick=44600 Equity=45490.80 OpenPos=0 UTC=2026.03.05 10:40 DayOfWeek=4 WeekendCloseActive=NO NewTradeBlocked=NO | 44600.000000
NP	0	03:41:03.512	Cazyxio_v4.1 (EURUSD,M15)	2026.03.05 10:41:03 | HEARTBEAT | SYSTEM | EA alive. Tick=44700 Equity=45490.80 OpenPos=0 UTC=2026.03.05 10:41 DayOfWeek=4 WeekendCloseActive=NO NewTradeBlocked=NO | 44700.000000
KD	0	03:42:10.600	Cazyxio_v4.1 (EURUSD,M15)	2026.03.05 10:42:10 | HEARTBEAT | SYSTEM | EA alive. Tick=44800 Equity=45490.80 OpenPos=0 UTC=2026.03.05 10:42 DayOfWeek=4 WeekendCloseActive=NO NewTradeBlocked=NO | 44800.000000
MH	0	03:44:00.727	Cazyxio_v4.1 (EURUSD,M15)	2026.03.05 10:44:00 | HEARTBEAT | SYSTEM | EA alive. Tick=44900 Equity=45490.80 OpenPos=0 UTC=2026.03.05 10:44 DayOfWeek=4 WeekendCloseActive=NO NewTradeBlocked=NO | 44900.000000
CS	0	03:45:01.399	Cazyxio_v4.1 (EURUSD,M15)	2026.03.05 10:45:01 | BAR | GBPUSD | close=1.33347 h4ema200=1.35059 h4slope=DOWN ema50=1.33459 atr=0.001686 atrSma=0.001185 atrRatio=1.422 dir=SHORT spread=20.0 spreadOK=YES atrGate=PASS touch=PASS momCandle=ZERO_RANGE_BAR barRange=0.000000 minBarRange=0.000506 (0.30xATR) momClosePos=0.500(forced) momOk=N ema50Ok=Y barRange=0.000000 zeroRangeBar=YES trigger=NO hasPos=NO portRisk=0.00% openPos=0 | 1.333470
NF	0	03:45:01.399	Cazyxio_v4.1 (EURUSD,M15)	2026.03.05 10:45:01 | GATE_FAIL | GBPUSD | Zero-range bar FAIL (v4.1 fix). barRange=0.000000 < minBarRange=0.000506 (0.30x ATR). Doji/flat bar excluded from momentum evaluation.
QG	0	03:45:01.399	Cazyxio_v4.1 (EURUSD,M15)	2026.03.05 10:45:01 | BAR | EURUSD | close=1.16086 h4ema200=1.17679 h4slope=DOWN ema50=1.16154 atr=0.001356 atrSma=0.000901 atrRatio=1.505 dir=SHORT spread=16.0 spreadOK=YES atrGate=PASS touch=PASS momCandle=ZERO_RANGE_BAR barRange=0.000000 minBarRange=0.000407 (0.30xATR) momClosePos=0.500(forced) momOk=N ema50Ok=Y barRange=0.000000 zeroRangeBar=YES trigger=NO hasPos=NO portRisk=0.00% openPos=0 | 1.160860
ML	0	03:45:01.399	Cazyxio_v4.1 (EURUSD,M15)	2026.03.05 10:45:01 | GATE_FAIL | EURUSD | Zero-range bar FAIL (v4.1 fix). barRange=0.000000 < minBarRange=0.000407 (0.30x ATR). Doji/flat bar excluded from momentum evaluation.
NG	0	03:45:01.399	Cazyxio_v4.1 (EURUSD,M15)	2026.03.05 10:45:01 | BAR | USDJPY | close=157.286 h4ema200=155.735 h4slope=UP ema50=157.091 atr=0.128786 atrSma=0.125919 atrRatio=1.023 dir=LONG spread=13.0 spreadOK=YES atrGate=PASS touch=PASS momCandle=ZERO_RANGE_BAR barRange=0.000000 minBarRange=0.038636 (0.30xATR) momClosePos=0.500(forced) momOk=N ema50Ok=Y barRange=0.000000 zeroRangeBar=YES trigger=NO hasPos=NO portRisk=0.00% openPos=0 | 157.286000
KH	0	03:45:01.399	Cazyxio_v4.1 (EURUSD,M15)	2026.03.05 10:45:01 | GATE_FAIL | USDJPY | Zero-range bar FAIL (v4.1 fix). barRange=0.000000 < minBarRange=0.038636 (0.30x ATR). Doji/flat bar excluded from momentum evaluation.
HM	0	03:45:01.399	Cazyxio_v4.1 (EURUSD,M15)	2026.03.05 10:45:01 | BAR | AUDUSD | close=0.70419 h4ema200=0.69912 h4slope=UP ema50=0.70493 atr=0.001211 atrSma=0.000953 atrRatio=1.271 dir=LONG spread=20.0 spreadOK=YES atrGate=PASS touch=PASS momCandle=ZERO_RANGE_BAR barRange=0.000000 minBarRange=0.000363 (0.30xATR) momClosePos=0.500(forced) momOk=N ema50Ok=Y barRange=0.000000 zeroRangeBar=YES trigger=NO hasPos=NO portRisk=0.00% openPos=0 | 0.704190
DE	0	03:45:01.399	Cazyxio_v4.1 (EURUSD,M15)	2026.03.05 10:45:01 | GATE_FAIL | AUDUSD | Zero-range bar FAIL (v4.1 fix). barRange=0.000000 < minBarRange=0.000363 (0.30x ATR). Doji/flat bar excluded from momentum evaluation.
QI	0	03:45:01.399	Cazyxio_v4.1 (EURUSD,M15)	2026.03.05 10:45:01 | BAR | GBPJPY | close=209.745 h4ema200=210.342 h4slope=DOWN ema50=209.658 atr=0.182143 atrSma=0.162467 atrRatio=1.121 dir=SHORT spread=38.0 spreadOK=NO atrGate=PASS touch=PASS momCandle=ZERO_RANGE_BAR barRange=0.000000 minBarRange=0.054643 (0.30xATR) momClosePos=0.500(forced) momOk=N ema50Ok=Y barRange=0.000000 zeroRangeBar=YES trigger=NO hasPos=NO portRisk=0.00% openPos=0 | 209.745000
DP	0	03:45:01.399	Cazyxio_v4.1 (EURUSD,M15)	2026.03.05 10:45:01 | GATE_FAIL | GBPJPY | Spread too wide. Spread=38.0 Max=30 points.
HN	0	03:45:01.399	Cazyxio_v4.1 (EURUSD,M15)	2026.03.05 10:45:01 | BAR | USDCAD | close=1.36468 h4ema200=1.36859 h4slope=DOWN ema50=1.36497 atr=0.000959 atrSma=0.000896 atrRatio=1.071 dir=SHORT spread=25.0 spreadOK=YES atrGate=PASS touch=PASS momCandle=ZERO_RANGE_BAR barRange=0.000000 minBarRange=0.000288 (0.30xATR) momClosePos=0.500(forced) momOk=N ema50Ok=Y barRange=0.000000 zeroRangeBar=YES trigger=NO hasPos=NO portRisk=0.00% openPos=0 | 1.364680
FJ	0	03:45:01.399	Cazyxio_v4.1 (EURUSD,M15)	2026.03.05 10:45:01 | GATE_FAIL | USDCAD | Zero-range bar FAIL (v4.1 fix). barRange=0.000000 < minBarRange=0.000288 (0.30x ATR). Doji/flat bar excluded from momentum evaluation.
HL	0	03:45:22.378	Cazyxio_v4.1 (EURUSD,M15)	2026.03.05 10:45:22 | HEARTBEAT | SYSTEM | EA alive. Tick=45000 Equity=45490.80 OpenPos=0 UTC=2026.03.05 10:45 DayOfWeek=4 WeekendCloseActive=NO NewTradeBlocked=NO | 45000.000000
HP	0	03:46:50.708	Cazyxio_v4.1 (EURUSD,M15)	2026.03.05 10:46:50 | HEARTBEAT | SYSTEM | EA alive. Tick=45100 Equity=45490.80 OpenPos=0 UTC=2026.03.05 10:46 DayOfWeek=4 WeekendCloseActive=NO NewTradeBlocked=NO | 45100.000000
LD	0	03:47:50.662	Cazyxio_v4.1 (EURUSD,M15)	2026.03.05 10:47:50 | HEARTBEAT | SYSTEM | EA alive. Tick=45200 Equity=45490.80 OpenPos=0 UTC=2026.03.05 10:47 DayOfWeek=4 WeekendCloseActive=NO NewTradeBlocked=NO | 45200.000000
PH	0	03:49:24.338	Cazyxio_v4.1 (EURUSD,M15)	2026.03.05 10:49:24 | HEARTBEAT | SYSTEM | EA alive. Tick=45300 Equity=45490.80 OpenPos=0 UTC=2026.03.05 10:49 DayOfWeek=4 WeekendCloseActive=NO NewTradeBlocked=NO | 45300.000000
GL	0	03:50:34.898	Cazyxio_v4.1 (EURUSD,M15)	2026.03.05 10:50:34 | HEARTBEAT | SYSTEM | EA alive. Tick=45400 Equity=45490.80 OpenPos=0 UTC=2026.03.05 10:50 DayOfWeek=4 WeekendCloseActive=NO NewTradeBlocked=NO | 45400.000000
RP	0	03:51:47.838	Cazyxio_v4.1 (EURUSD,M15)	2026.03.05 10:51:47 | HEARTBEAT | SYSTEM | EA alive. Tick=45500 Equity=45490.80 OpenPos=0 UTC=2026.03.05 10:51 DayOfWeek=4 WeekendCloseActive=NO NewTradeBlocked=NO | 45500.000000
MD	0	03:53:15.015	Cazyxio_v4.1 (EURUSD,M15)	2026.03.05 10:53:15 | HEARTBEAT | SYSTEM | EA alive. Tick=45600 Equity=45490.80 OpenPos=0 UTC=2026.03.05 10:53 DayOfWeek=4 WeekendCloseActive=NO NewTradeBlocked=NO | 45600.000000
QH	0	03:55:09.204	Cazyxio_v4.1 (EURUSD,M15)	2026.03.05 10:55:09 | HEARTBEAT | SYSTEM | EA alive. Tick=45700 Equity=45490.80 OpenPos=0 UTC=2026.03.05 10:55 DayOfWeek=4 WeekendCloseActive=NO NewTradeBlocked=NO | 45700.000000
CL	0	03:56:40.964	Cazyxio_v4.1 (EURUSD,M15)	2026.03.05 10:56:40 | HEARTBEAT | SYSTEM | EA alive. Tick=45800 Equity=45490.80 OpenPos=0 UTC=2026.03.05 10:56 DayOfWeek=4 WeekendCloseActive=NO NewTradeBlocked=NO | 45800.000000
HP	0	03:57:58.096	Cazyxio_v4.1 (EURUSD,M15)	2026.03.05 10:57:58 | HEARTBEAT | SYSTEM | EA alive. Tick=45900 Equity=45490.80 OpenPos=0 UTC=2026.03.05 10:57 DayOfWeek=4 WeekendCloseActive=NO NewTradeBlocked=NO | 45900.000000
JD	0	03:58:52.211	Cazyxio_v4.1 (EURUSD,M15)	2026.03.05 10:58:52 | HEARTBEAT | SYSTEM | EA alive. Tick=46000 Equity=45490.80 OpenPos=0 UTC=2026.03.05 10:58 DayOfWeek=4 WeekendCloseActive=NO NewTradeBlocked=NO | 46000.000000
DH	0	03:59:51.566	Cazyxio_v4.1 (EURUSD,M15)	2026.03.05 10:59:51 | HEARTBEAT | SYSTEM | EA alive. Tick=46100 Equity=45490.80 OpenPos=0 UTC=2026.03.05 10:59 DayOfWeek=4 WeekendCloseActive=NO NewTradeBlocked=NO | 46100.000000
RS	0	04:00:01.296	Cazyxio_v4.1 (EURUSD,M15)	2026.03.05 11:00:01 | BAR | GBPUSD | close=1.33496 h4ema200=1.35061 h4slope=DOWN ema50=1.33466 atr=0.001687 atrSma=0.001187 atrRatio=1.421 dir=SHORT spread=20.0 spreadOK=YES atrGate=PASS touch=PASS momCandle=ZERO_RANGE_BAR barRange=0.000000 minBarRange=0.000506 (0.30xATR) momClosePos=0.500(forced) momOk=N ema50Ok=Y barRange=0.000000 zeroRangeBar=YES trigger=NO hasPos=NO portRisk=0.00% openPos=0 | 1.334960
FF	0	04:00:01.296	Cazyxio_v4.1 (EURUSD,M15)	2026.03.05 11:00:01 | GATE_FAIL | GBPUSD | Zero-range bar FAIL (v4.1 fix). barRange=0.000000 < minBarRange=0.000506 (0.30x ATR). Doji/flat bar excluded from momentum evaluation.
PG	0	04:00:01.296	Cazyxio_v4.1 (EURUSD,M15)	2026.03.05 11:00:01 | BAR | EURUSD | close=1.16102 h4ema200=1.17679 h4slope=DOWN ema50=1.16153 atr=0.001351 atrSma=0.000903 atrRatio=1.496 dir=SHORT spread=16.0 spreadOK=YES atrGate=PASS touch=PASS momCandle=ZERO_RANGE_BAR barRange=0.000000 minBarRange=0.000405 (0.30xATR) momClosePos=0.500(forced) momOk=N ema50Ok=Y barRange=0.000000 zeroRangeBar=YES trigger=NO hasPos=NO portRisk=0.00% openPos=0 | 1.161020
CL	0	04:00:01.296	Cazyxio_v4.1 (EURUSD,M15)	2026.03.05 11:00:01 | GATE_FAIL | EURUSD | Zero-range bar FAIL (v4.1 fix). barRange=0.000000 < minBarRange=0.000405 (0.30x ATR). Doji/flat bar excluded from momentum evaluation.
JF	0	04:00:01.296	Cazyxio_v4.1 (EURUSD,M15)	2026.03.05 11:00:01 | BAR | AUDUSD | close=0.70459 h4ema200=0.69913 h4slope=UP ema50=0.70493 atr=0.001231 atrSma=0.000953 atrRatio=1.291 dir=LONG spread=16.0 spreadOK=YES atrGate=PASS touch=PASS momCandle=ZERO_RANGE_BAR barRange=0.000000 minBarRange=0.000369 (0.30xATR) momClosePos=0.500(forced) momOk=N ema50Ok=Y barRange=0.000000 zeroRangeBar=YES trigger=NO hasPos=NO portRisk=0.00% openPos=0 | 0.704590
NI	0	04:00:01.296	Cazyxio_v4.1 (EURUSD,M15)	2026.03.05 11:00:01 | GATE_FAIL | AUDUSD | Zero-range bar FAIL (v4.1 fix). barRange=0.000000 < minBarRange=0.000369 (0.30x ATR). Doji/flat bar excluded from momentum evaluation.
LM	0	04:00:01.296	Cazyxio_v4.1 (EURUSD,M15)	2026.03.05 11:00:01 | BAR | GBPJPY | close=209.976 h4ema200=210.344 h4slope=DOWN ema50=209.679 atr=0.180714 atrSma=0.161971 atrRatio=1.116 dir=SHORT spread=37.0 spreadOK=NO atrGate=PASS touch=PASS momCandle=ZERO_RANGE_BAR barRange=0.000000 minBarRange=0.054214 (0.30xATR) momClosePos=0.500(forced) momOk=N ema50Ok=Y barRange=0.000000 zeroRangeBar=YES trigger=NO hasPos=NO portRisk=0.00% openPos=0 | 209.976000
QD	0	04:00:01.296	Cazyxio_v4.1 (EURUSD,M15)	2026.03.05 11:00:01 | GATE_FAIL | GBPJPY | Spread too wide. Spread=37.0 Max=30 points.
MI	0	04:00:01.296	Cazyxio_v4.1 (EURUSD,M15)	2026.03.05 11:00:01 | BAR | USDCAD | close=1.36412 h4ema200=1.36859 h4slope=DOWN ema50=1.36492 atr=0.000973 atrSma=0.000896 atrRatio=1.086 dir=SHORT spread=24.0 spreadOK=YES atrGate=PASS touch=PASS momCandle=ZERO_RANGE_BAR barRange=0.000000 minBarRange=0.000292 (0.30xATR) momClosePos=0.500(forced) momOk=N ema50Ok=Y barRange=0.000000 zeroRangeBar=YES trigger=NO hasPos=NO portRisk=0.00% openPos=0 | 1.364120
KN	0	04:00:01.296	Cazyxio_v4.1 (EURUSD,M15)	2026.03.05 11:00:01 | GATE_FAIL | USDCAD | Zero-range bar FAIL (v4.1 fix). barRange=0.000000 < minBarRange=0.000292 (0.30x ATR). Doji/flat bar excluded from momentum evaluation.
RR	0	04:00:01.551	Cazyxio_v4.1 (EURUSD,M15)	2026.03.05 11:00:01 | BAR | USDJPY | close=157.288 h4ema200=155.735 h4slope=UP ema50=157.099 atr=0.125786 atrSma=0.125616 atrRatio=1.001 dir=LONG spread=14.0 spreadOK=YES atrGate=PASS touch=PASS momCandle=ZERO_RANGE_BAR barRange=0.000000 minBarRange=0.037736 (0.30xATR) momClosePos=0.500(forced) momOk=N ema50Ok=Y barRange=0.000000 zeroRangeBar=YES trigger=NO hasPos=NO portRisk=0.00% openPos=0 | 157.288000
IJ	0	04:00:01.551	Cazyxio_v4.1 (EURUSD,M15)	2026.03.05 11:00:01 | GATE_FAIL | USDJPY | Zero-range bar FAIL (v4.1 fix). barRange=0.000000 < minBarRange=0.037736 (0.30x ATR). Doji/flat bar excluded from momentum evaluation.
LL	0	04:00:54.336	Cazyxio_v4.1 (EURUSD,M15)	2026.03.05 11:00:54 | HEARTBEAT | SYSTEM | EA alive. Tick=46200 Equity=45490.80 OpenPos=0 UTC=2026.03.05 11:00 DayOfWeek=4 WeekendCloseActive=NO NewTradeBlocked=NO | 46200.000000
RP	0	04:01:33.375	Cazyxio_v4.1 (EURUSD,M15)	2026.03.05 11:01:33 | HEARTBEAT | SYSTEM | EA alive. Tick=46300 Equity=45490.80 OpenPos=0 UTC=2026.03.05 11:01 DayOfWeek=4 WeekendCloseActive=NO NewTradeBlocked=NO | 46300.000000
OD	0	04:02:30.634	Cazyxio_v4.1 (EURUSD,M15)	2026.03.05 11:02:30 | HEARTBEAT | SYSTEM | EA alive. Tick=46400 Equity=45490.80 OpenPos=0 UTC=2026.03.05 11:02 DayOfWeek=4 WeekendCloseActive=NO NewTradeBlocked=NO | 46400.000000
EH	0	04:03:37.385	Cazyxio_v4.1 (EURUSD,M15)	2026.03.05 11:03:37 | HEARTBEAT | SYSTEM | EA alive. Tick=46500 Equity=45490.80 OpenPos=0 UTC=2026.03.05 11:03 DayOfWeek=4 WeekendCloseActive=NO NewTradeBlocked=NO | 46500.000000
HL	0	04:04:51.169	Cazyxio_v4.1 (EURUSD,M15)	2026.03.05 11:04:51 | HEARTBEAT | SYSTEM | EA alive. Tick=46600 Equity=45490.80 OpenPos=0 UTC=2026.03.05 11:04 DayOfWeek=4 WeekendCloseActive=NO NewTradeBlocked=NO | 46600.000000
NP	0	04:05:53.562	Cazyxio_v4.1 (EURUSD,M15)	2026.03.05 11:05:53 | HEARTBEAT | SYSTEM | EA alive. Tick=46700 Equity=45490.80 OpenPos=0 UTC=2026.03.05 11:05 DayOfWeek=4 WeekendCloseActive=NO NewTradeBlocked=NO | 46700.000000
OD	0	04:07:17.051	Cazyxio_v4.1 (EURUSD,M15)	2026.03.05 11:07:17 | HEARTBEAT | SYSTEM | EA alive. Tick=46800 Equity=45490.80 OpenPos=0 UTC=2026.03.05 11:07 DayOfWeek=4 WeekendCloseActive=NO NewTradeBlocked=NO | 46800.000000
FH	0	04:09:05.216	Cazyxio_v4.1 (EURUSD,M15)	2026.03.05 11:09:05 | HEARTBEAT | SYSTEM | EA alive. Tick=46900 Equity=45490.80 OpenPos=0 UTC=2026.03.05 11:09 DayOfWeek=4 WeekendCloseActive=NO NewTradeBlocked=NO | 46900.000000
QL	0	04:10:28.653	Cazyxio_v4.1 (EURUSD,M15)	2026.03.05 11:10:28 | HEARTBEAT | SYSTEM | EA alive. Tick=47000 Equity=45490.80 OpenPos=0 UTC=2026.03.05 11:10 DayOfWeek=4 WeekendCloseActive=NO NewTradeBlocked=NO | 47000.000000
IP	0	04:11:51.180	Cazyxio_v4.1 (EURUSD,M15)	2026.03.05 11:11:51 | HEARTBEAT | SYSTEM | EA alive. Tick=47100 Equity=45490.80 OpenPos=0 UTC=2026.03.05 11:11 DayOfWeek=4 WeekendCloseActive=NO NewTradeBlocked=NO | 47100.000000
KD	0	04:13:33.234	Cazyxio_v4.1 (EURUSD,M15)	2026.03.05 11:13:33 | HEARTBEAT | SYSTEM | EA alive. Tick=47200 Equity=45490.80 OpenPos=0 UTC=2026.03.05 11:13 DayOfWeek=4 WeekendCloseActive=NO NewTradeBlocked=NO | 47200.000000
NF	0	04:15:01.582	Cazyxio_v4.1 (EURUSD,M15)	2026.03.05 11:15:01 | BAR | EURUSD | close=1.16137 h4ema200=1.17679 h4slope=DOWN ema50=1.16154 atr=0.001346 atrSma=0.000904 atrRatio=1.488 dir=SHORT spread=14.0 spreadOK=YES atrGate=PASS touch=PASS momCandle=ZERO_RANGE_BAR barRange=0.000000 minBarRange=0.000404 (0.30xATR) momClosePos=0.500(forced) momOk=N ema50Ok=Y barRange=0.000000 zeroRangeBar=YES trigger=NO hasPos=NO portRisk=0.00% openPos=0 | 1.161370
HS	0	04:15:01.582	Cazyxio_v4.1 (EURUSD,M15)	2026.03.05 11:15:01 | GATE_FAIL | EURUSD | Zero-range bar FAIL (v4.1 fix). barRange=0.000000 < minBarRange=0.000404 (0.30x ATR). Doji/flat bar excluded from momentum evaluation.
DF	0	04:15:01.582	Cazyxio_v4.1 (EURUSD,M15)	2026.03.05 11:15:01 | BAR | AUDUSD | close=0.70572 h4ema200=0.69914 h4slope=UP ema50=0.70501 atr=0.001251 atrSma=0.000953 atrRatio=1.313 dir=LONG spread=15.0 spreadOK=YES atrGate=PASS touch=PASS momCandle=ZERO_RANGE_BAR barRange=0.000000 minBarRange=0.000375 (0.30xATR) momClosePos=0.500(forced) momOk=N ema50Ok=Y barRange=0.000000 zeroRangeBar=YES trigger=NO hasPos=NO portRisk=0.00% openPos=0 | 0.705720
MN	0	04:15:01.582	Cazyxio_v4.1 (EURUSD,M15)	2026.03.05 11:15:01 | GATE_FAIL | AUDUSD | Zero-range bar FAIL (v4.1 fix). barRange=0.000000 < minBarRange=0.000375 (0.30x ATR). Doji/flat bar excluded from momentum evaluation.
DS	0	04:15:01.836	Cazyxio_v4.1 (EURUSD,M15)	2026.03.05 11:15:01 | BAR | USDJPY | close=157.277 h4ema200=155.735 h4slope=UP ema50=157.106 atr=0.119929 atrSma=0.125229 atrRatio=0.958 dir=LONG spread=14.0 spreadOK=YES atrGate=PASS touch=PASS momCandle=ZERO_RANGE_BAR barRange=0.000000 minBarRange=0.035979 (0.30xATR) momClosePos=0.500(forced) momOk=N ema50Ok=Y barRange=0.000000 zeroRangeBar=YES trigger=NO hasPos=NO portRisk=0.00% openPos=0 | 157.277000
FD	0	04:15:01.836	Cazyxio_v4.1 (EURUSD,M15)	2026.03.05 11:15:01 | GATE_FAIL | USDJPY | Zero-range bar FAIL (v4.1 fix). barRange=0.000000 < minBarRange=0.035979 (0.30x ATR). Doji/flat bar excluded from momentum evaluation.
LI	0	04:15:01.836	Cazyxio_v4.1 (EURUSD,M15)	2026.03.05 11:15:01 | BAR | GBPJPY | close=210.104 h4ema200=210.345 h4slope=DOWN ema50=209.700 atr=0.185571 atrSma=0.161438 atrRatio=1.149 dir=SHORT spread=33.0 spreadOK=NO atrGate=PASS touch=PASS momCandle=ZERO_RANGE_BAR barRange=0.000000 minBarRange=0.055671 (0.30xATR) momClosePos=0.500(forced) momOk=N ema50Ok=Y barRange=0.000000 zeroRangeBar=YES trigger=NO hasPos=NO portRisk=0.00% openPos=0 | 210.104000
GQ	0	04:15:01.836	Cazyxio_v4.1 (EURUSD,M15)	2026.03.05 11:15:01 | GATE_FAIL | GBPJPY | Spread too wide. Spread=33.0 Max=30 points.
IL	0	04:15:02.331	Cazyxio_v4.1 (EURUSD,M15)	2026.03.05 11:15:02 | BAR | GBPUSD | close=1.33588 h4ema200=1.35062 h4slope=DOWN ema50=1.33475 atr=0.001680 atrSma=0.001188 atrRatio=1.414 dir=SHORT spread=17.0 spreadOK=YES atrGate=PASS touch=PASS momCandle=ZERO_RANGE_BAR barRange=0.000010 minBarRange=0.000504 (0.30xATR) momClosePos=0.500(forced) momOk=N ema50Ok=Y barRange=0.000010 zeroRangeBar=YES trigger=NO hasPos=NO portRisk=0.00% openPos=0 | 1.335880
KK	0	04:15:02.331	Cazyxio_v4.1 (EURUSD,M15)	2026.03.05 11:15:02 | GATE_FAIL | GBPUSD | Zero-range bar FAIL (v4.1 fix). barRange=0.000010 < minBarRange=0.000504 (0.30x ATR). Doji/flat bar excluded from momentum evaluation.
LR	0	04:15:02.582	Cazyxio_v4.1 (EURUSD,M15)	2026.03.05 11:15:02 | BAR | USDCAD | close=1.36318 h4ema200=1.36858 h4slope=DOWN ema50=1.36481 atr=0.001004 atrSma=0.000895 atrRatio=1.121 dir=SHORT spread=22.0 spreadOK=YES atrGate=PASS touch=PASS momCandle=ZERO_RANGE_BAR barRange=0.000000 minBarRange=0.000301 (0.30xATR) momClosePos=0.500(forced) momOk=N ema50Ok=Y barRange=0.000000 zeroRangeBar=YES trigger=NO hasPos=NO portRisk=0.00% openPos=0 | 1.363180
LF	0	04:15:02.582	Cazyxio_v4.1 (EURUSD,M15)	2026.03.05 11:15:02 | GATE_FAIL | USDCAD | Zero-range bar FAIL (v4.1 fix). barRange=0.000000 < minBarRange=0.000301 (0.30x ATR). Doji/flat bar excluded from momentum evaluation.
QH	0	04:15:51.702	Cazyxio_v4.1 (EURUSD,M15)	2026.03.05 11:15:51 | HEARTBEAT | SYSTEM | EA alive. Tick=47300 Equity=45490.80 OpenPos=0 UTC=2026.03.05 11:15 DayOfWeek=4 WeekendCloseActive=NO NewTradeBlocked=NO | 47300.000000
ML	0	04:18:15.590	Cazyxio_v4.1 (EURUSD,M15)	2026.03.05 11:18:15 | HEARTBEAT | SYSTEM | EA alive. Tick=47400 Equity=45490.80 OpenPos=0 UTC=2026.03.05 11:18 DayOfWeek=4 WeekendCloseActive=NO NewTradeBlocked=NO | 47400.000000
OP	0	04:19:42.218	Cazyxio_v4.1 (EURUSD,M15)	2026.03.05 11:19:42 | HEARTBEAT | SYSTEM | EA alive. Tick=47500 Equity=45490.80 OpenPos=0 UTC=2026.03.05 11:19 DayOfWeek=4 WeekendCloseActive=NO NewTradeBlocked=NO | 47500.000000
ND	0	04:21:01.744	Cazyxio_v4.1 (EURUSD,M15)	2026.03.05 11:21:01 | HEARTBEAT | SYSTEM | EA alive. Tick=47600 Equity=45490.80 OpenPos=0 UTC=2026.03.05 11:21 DayOfWeek=4 WeekendCloseActive=NO NewTradeBlocked=NO | 47600.000000
CH	0	04:22:08.249	Cazyxio_v4.1 (EURUSD,M15)	2026.03.05 11:22:08 | HEARTBEAT | SYSTEM | EA alive. Tick=47700 Equity=45490.80 OpenPos=0 UTC=2026.03.05 11:22 DayOfWeek=4 WeekendCloseActive=NO NewTradeBlocked=NO | 47700.000000
NL	0	04:24:01.714	Cazyxio_v4.1 (EURUSD,M15)	2026.03.05 11:24:01 | HEARTBEAT | SYSTEM | EA alive. Tick=47800 Equity=45490.80 OpenPos=0 UTC=2026.03.05 11:24 DayOfWeek=4 WeekendCloseActive=NO NewTradeBlocked=NO | 47800.000000
IP	0	04:25:44.068	Cazyxio_v4.1 (EURUSD,M15)	2026.03.05 11:25:44 | HEARTBEAT | SYSTEM | EA alive. Tick=47900 Equity=45490.80 OpenPos=0 UTC=2026.03.05 11:25 DayOfWeek=4 WeekendCloseActive=NO NewTradeBlocked=NO | 47900.000000
LD	0	04:26:44.938	Cazyxio_v4.1 (EURUSD,M15)	2026.03.05 11:26:44 | HEARTBEAT | SYSTEM | EA alive. Tick=48000 Equity=45490.80 OpenPos=0 UTC=2026.03.05 11:26 DayOfWeek=4 WeekendCloseActive=NO NewTradeBlocked=NO | 48000.000000
PH	0	04:28:19.866	Cazyxio_v4.1 (EURUSD,M15)	2026.03.05 11:28:19 | HEARTBEAT | SYSTEM | EA alive. Tick=48100 Equity=45490.80 OpenPos=0 UTC=2026.03.05 11:28 DayOfWeek=4 WeekendCloseActive=NO NewTradeBlocked=NO | 48100.000000
JL	0	04:29:46.047	Cazyxio_v4.1 (EURUSD,M15)	2026.03.05 11:29:46 | HEARTBEAT | SYSTEM | EA alive. Tick=48200 Equity=45490.80 OpenPos=0 UTC=2026.03.05 11:29 DayOfWeek=4 WeekendCloseActive=NO NewTradeBlocked=NO | 48200.000000
RO	0	04:30:01.375	Cazyxio_v4.1 (EURUSD,M15)	2026.03.05 11:30:01 | BAR | GBPUSD | close=1.33500 h4ema200=1.35061 h4slope=DOWN ema50=1.33472 atr=0.001611 atrSma=0.001188 atrRatio=1.356 dir=SHORT spread=22.0 spreadOK=YES atrGate=PASS touch=PASS momCandle=ZERO_RANGE_BAR barRange=0.000000 minBarRange=0.000483 (0.30xATR) momClosePos=0.500(forced) momOk=N ema50Ok=Y barRange=0.000000 zeroRangeBar=YES trigger=NO hasPos=NO portRisk=0.00% openPos=0 | 1.335000
FJ	0	04:30:01.375	Cazyxio_v4.1 (EURUSD,M15)	2026.03.05 11:30:01 | GATE_FAIL | GBPUSD | Zero-range bar FAIL (v4.1 fix). barRange=0.000000 < minBarRange=0.000483 (0.30x ATR). Doji/flat bar excluded from momentum evaluation.
MS	0	04:30:01.375	Cazyxio_v4.1 (EURUSD,M15)	2026.03.05 11:30:01 | BAR | EURUSD | close=1.16079 h4ema200=1.17678 h4slope=DOWN ema50=1.16149 atr=0.001302 atrSma=0.000905 atrRatio=1.439 dir=SHORT spread=18.0 spreadOK=YES atrGate=PASS touch=PASS momCandle=ZERO_RANGE_BAR barRange=0.000000 minBarRange=0.000391 (0.30xATR) momClosePos=0.500(forced) momOk=N ema50Ok=Y barRange=0.000000 zeroRangeBar=YES trigger=NO hasPos=NO portRisk=0.00% openPos=0 | 1.160790
IP	0	04:30:01.375	Cazyxio_v4.1 (EURUSD,M15)	2026.03.05 11:30:01 | GATE_FAIL | EURUSD | Zero-range bar FAIL (v4.1 fix). barRange=0.000000 < minBarRange=0.000391 (0.30x ATR). Doji/flat bar excluded from momentum evaluation.
PJ	0	04:30:01.375	Cazyxio_v4.1 (EURUSD,M15)	2026.03.05 11:30:01 | BAR | AUDUSD | close=0.70485 h4ema200=0.69913 h4slope=UP ema50=0.70497 atr=0.001199 atrSma=0.000952 atrRatio=1.260 dir=LONG spread=20.0 spreadOK=YES atrGate=PASS touch=PASS momCandle=ZERO_RANGE_BAR barRange=0.000000 minBarRange=0.000360 (0.30xATR) momClosePos=0.500(forced) momOk=N ema50Ok=Y barRange=0.000000 zeroRangeBar=YES trigger=NO hasPos=NO portRisk=0.00% openPos=0 | 0.704850
QM	0	04:30:01.375	Cazyxio_v4.1 (EURUSD,M15)	2026.03.05 11:30:01 | GATE_FAIL | AUDUSD | Zero-range bar FAIL (v4.1 fix). barRange=0.000000 < minBarRange=0.000360 (0.30x ATR). Doji/flat bar excluded from momentum evaluation.
CQ	0	04:30:01.375	Cazyxio_v4.1 (EURUSD,M15)	2026.03.05 11:30:01 | BAR | GBPJPY | close=210.014 h4ema200=210.344 h4slope=DOWN ema50=209.709 atr=0.175357 atrSma=0.160794 atrRatio=1.091 dir=SHORT spread=40.0 spreadOK=NO atrGate=PASS touch=PASS momCandle=ZERO_RANGE_BAR barRange=0.000000 minBarRange=0.052607 (0.30xATR) momClosePos=0.500(forced) momOk=N ema50Ok=Y barRange=0.000000 zeroRangeBar=YES trigger=NO hasPos=NO portRisk=0.00% openPos=0 | 210.014000
EH	0	04:30:01.375	Cazyxio_v4.1 (EURUSD,M15)	2026.03.05 11:30:01 | GATE_FAIL | GBPJPY | Spread too wide. Spread=40.0 Max=30 points.
DI	0	04:30:01.627	Cazyxio_v4.1 (EURUSD,M15)	2026.03.05 11:30:01 | BAR | USDJPY | close=157.312 h4ema200=155.735 h4slope=UP ema50=157.115 atr=0.118857 atrSma=0.124887 atrRatio=0.952 dir=LONG spread=17.0 spreadOK=YES atrGate=PASS touch=PASS momCandle=ZERO_RANGE_BAR barRange=0.000000 minBarRange=0.035657 (0.30xATR) momClosePos=0.500(forced) momOk=N ema50Ok=Y barRange=0.000000 zeroRangeBar=YES trigger=NO hasPos=NO portRisk=0.00% openPos=0 | 157.312000
QR	0	04:30:01.627	Cazyxio_v4.1 (EURUSD,M15)	2026.03.05 11:30:01 | GATE_FAIL | USDJPY | Zero-range bar FAIL (v4.1 fix). barRange=0.000000 < minBarRange=0.035657 (0.30x ATR). Doji/flat bar excluded from momentum evaluation.
FJ	0	04:30:01.627	Cazyxio_v4.1 (EURUSD,M15)	2026.03.05 11:30:01 | BAR | USDCAD | close=1.36368 h4ema200=1.36858 h4slope=DOWN ema50=1.36479 atr=0.000909 atrSma=0.000894 atrRatio=1.017 dir=SHORT spread=27.0 spreadOK=YES atrGate=PASS touch=PASS momCandle=ZERO_RANGE_BAR barRange=0.000000 minBarRange=0.000273 (0.30xATR) momClosePos=0.500(forced) momOk=N ema50Ok=Y barRange=0.000000 zeroRangeBar=YES trigger=NO hasPos=NO portRisk=0.00% openPos=0 | 1.363680
DN	0	04:30:01.627	Cazyxio_v4.1 (EURUSD,M15)	2026.03.05 11:30:01 | GATE_FAIL | USDCAD | Zero-range bar FAIL (v4.1 fix). barRange=0.000000 < minBarRange=0.000273 (0.30x ATR). Doji/flat bar excluded from momentum evaluation.
GP	0	04:31:58.845	Cazyxio_v4.1 (EURUSD,M15)	2026.03.05 11:31:58 | HEARTBEAT | SYSTEM | EA alive. Tick=48300 Equity=45490.80 OpenPos=0 UTC=2026.03.05 11:31 DayOfWeek=4 WeekendCloseActive=NO NewTradeBlocked=NO | 48300.000000
ED	0	04:33:31.827	Cazyxio_v4.1 (EURUSD,M15)	2026.03.05 11:33:31 | HEARTBEAT | SYSTEM | EA alive. Tick=48400 Equity=45490.80 OpenPos=0 UTC=2026.03.05 11:33 DayOfWeek=4 WeekendCloseActive=NO NewTradeBlocked=NO | 48400.000000
KH	0	04:35:03.166	Cazyxio_v4.1 (EURUSD,M15)	2026.03.05 11:35:03 | HEARTBEAT | SYSTEM | EA alive. Tick=48500 Equity=45490.80 OpenPos=0 UTC=2026.03.05 11:35 DayOfWeek=4 WeekendCloseActive=NO NewTradeBlocked=NO | 48500.000000
LL	0	04:36:18.605	Cazyxio_v4.1 (EURUSD,M15)	2026.03.05 11:36:18 | HEARTBEAT | SYSTEM | EA alive. Tick=48600 Equity=45490.80 OpenPos=0 UTC=2026.03.05 11:36 DayOfWeek=4 WeekendCloseActive=NO NewTradeBlocked=NO | 48600.000000
MP	0	04:37:26.405	Cazyxio_v4.1 (EURUSD,M15)	2026.03.05 11:37:26 | HEARTBEAT | SYSTEM | EA alive. Tick=48700 Equity=45490.80 OpenPos=0 UTC=2026.03.05 11:37 DayOfWeek=4 WeekendCloseActive=NO NewTradeBlocked=NO | 48700.000000
FD	0	04:38:46.520	Cazyxio_v4.1 (EURUSD,M15)	2026.03.05 11:38:46 | HEARTBEAT | SYSTEM | EA alive. Tick=48800 Equity=45490.80 OpenPos=0 UTC=2026.03.05 11:38 DayOfWeek=4 WeekendCloseActive=NO NewTradeBlocked=NO | 48800.000000
OH	0	04:40:50.241	Cazyxio_v4.1 (EURUSD,M15)	2026.03.05 11:40:50 | HEARTBEAT | SYSTEM | EA alive. Tick=48900 Equity=45490.80 OpenPos=0 UTC=2026.03.05 11:40 DayOfWeek=4 WeekendCloseActive=NO NewTradeBlocked=NO | 48900.000000
JL	0	04:42:11.349	Cazyxio_v4.1 (EURUSD,M15)	2026.03.05 11:42:11 | HEARTBEAT | SYSTEM | EA alive. Tick=49000 Equity=45490.80 OpenPos=0 UTC=2026.03.05 11:42 DayOfWeek=4 WeekendCloseActive=NO NewTradeBlocked=NO | 49000.000000
LP	0	04:43:36.717	Cazyxio_v4.1 (EURUSD,M15)	2026.03.05 11:43:36 | HEARTBEAT | SYSTEM | EA alive. Tick=49100 Equity=45490.80 OpenPos=0 UTC=2026.03.05 11:43 DayOfWeek=4 WeekendCloseActive=NO NewTradeBlocked=NO | 49100.000000
RK	0	04:45:03.069	Cazyxio_v4.1 (EURUSD,M15)	2026.03.05 11:45:03 | BAR | GBPUSD | close=1.33484 h4ema200=1.35061 h4slope=DOWN ema50=1.33472 atr=0.001539 atrSma=0.001188 atrRatio=1.295 dir=SHORT spread=17.0 spreadOK=YES atrGate=PASS touch=PASS momCandle=ZERO_RANGE_BAR barRange=0.000010 minBarRange=0.000462 (0.30xATR) momClosePos=0.500(forced) momOk=N ema50Ok=Y barRange=0.000010 zeroRangeBar=YES trigger=NO hasPos=NO portRisk=0.00% openPos=0 | 1.334840
FN	0	04:45:03.069	Cazyxio_v4.1 (EURUSD,M15)	2026.03.05 11:45:03 | GATE_FAIL | GBPUSD | Zero-range bar FAIL (v4.1 fix). barRange=0.000010 < minBarRange=0.000462 (0.30x ATR). Doji/flat bar excluded from momentum evaluation.
HO	0	04:45:03.069	Cazyxio_v4.1 (EURUSD,M15)	2026.03.05 11:45:03 | BAR | EURUSD | close=1.16051 h4ema200=1.17678 h4slope=DOWN ema50=1.16144 atr=0.001244 atrSma=0.000905 atrRatio=1.375 dir=SHORT spread=14.0 spreadOK=YES atrGate=PASS touch=PASS momCandle=ZERO_RANGE_BAR barRange=0.000000 minBarRange=0.000373 (0.30xATR) momClosePos=0.500(forced) momOk=N ema50Ok=Y barRange=0.000000 zeroRangeBar=YES trigger=NO hasPos=NO portRisk=0.00% openPos=0 | 1.160510
GD	0	04:45:03.069	Cazyxio_v4.1 (EURUSD,M15)	2026.03.05 11:45:03 | GATE_FAIL | EURUSD | Zero-range bar FAIL (v4.1 fix). barRange=0.000000 < minBarRange=0.000373 (0.30x ATR). Doji/flat bar excluded from momentum evaluation.
KO	0	04:45:03.069	Cazyxio_v4.1 (EURUSD,M15)	2026.03.05 11:45:03 | BAR | USDJPY | close=157.354 h4ema200=155.736 h4slope=UP ema50=157.126 atr=0.118214 atrSma=0.124487 atrRatio=0.950 dir=LONG spread=16.0 spreadOK=YES atrGate=PASS touch=PASS momCandle=ZERO_RANGE_BAR barRange=0.002000 minBarRange=0.035464 (0.30xATR) momClosePos=0.500(forced) momOk=N ema50Ok=Y barRange=0.002000 zeroRangeBar=YES trigger=NO hasPos=NO portRisk=0.00% openPos=0 | 157.354000
KP	0	04:45:03.069	Cazyxio_v4.1 (EURUSD,M15)	2026.03.05 11:45:03 | GATE_FAIL | USDJPY | Zero-range bar FAIL (v4.1 fix). barRange=0.002000 < minBarRange=0.035464 (0.30x ATR). Doji/flat bar excluded from momentum evaluation.
RE	0	04:45:03.069	Cazyxio_v4.1 (EURUSD,M15)	2026.03.05 11:45:03 | BAR | AUDUSD | close=0.70444 h4ema200=0.69912 h4slope=UP ema50=0.70493 atr=0.001156 atrSma=0.000950 atrRatio=1.217 dir=LONG spread=16.0 spreadOK=YES atrGate=PASS touch=PASS momCandle=ZERO_RANGE_BAR barRange=0.000010 minBarRange=0.000347 (0.30xATR) momClosePos=0.500(forced) momOk=N ema50Ok=Y barRange=0.000010 zeroRangeBar=YES trigger=NO hasPos=NO portRisk=0.00% openPos=0 | 0.704440
OM	0	04:45:03.069	Cazyxio_v4.1 (EURUSD,M15)	2026.03.05 11:45:03 | GATE_FAIL | AUDUSD | Zero-range bar FAIL (v4.1 fix). barRange=0.000010 < minBarRange=0.000347 (0.30x ATR). Doji/flat bar excluded from momentum evaluation.
PQ	0	04:45:03.069	Cazyxio_v4.1 (EURUSD,M15)	2026.03.05 11:45:03 | BAR | GBPJPY | close=210.042 h4ema200=210.345 h4slope=DOWN ema50=209.723 atr=0.167857 atrSma=0.160156 atrRatio=1.048 dir=SHORT spread=44.0 spreadOK=NO atrGate=PASS touch=PASS momCandle=ZERO_RANGE_BAR barRange=0.003000 minBarRange=0.050357 (0.30xATR) momClosePos=0.500(forced) momOk=N ema50Ok=Y barRange=0.003000 zeroRangeBar=YES trigger=NO hasPos=NO portRisk=0.00% openPos=0 | 210.042000
CH	0	04:45:03.069	Cazyxio_v4.1 (EURUSD,M15)	2026.03.05 11:45:03 | GATE_FAIL | GBPJPY | Spread too wide. Spread=44.0 Max=30 points.
NF	0	04:45:03.324	Cazyxio_v4.1 (EURUSD,M15)	2026.03.05 11:45:03 | BAR | USDCAD | close=1.36364 h4ema200=1.36858 h4slope=DOWN ema50=1.36474 atr=0.000886 atrSma=0.000892 atrRatio=0.993 dir=SHORT spread=24.0 spreadOK=YES atrGate=PASS touch=PASS momCandle=ZERO_RANGE_BAR barRange=0.000000 minBarRange=0.000266 (0.30xATR) momClosePos=0.500(forced) momOk=N ema50Ok=Y barRange=0.000000 zeroRangeBar=YES trigger=NO hasPos=NO portRisk=0.00% openPos=0 | 1.363640
FR	0	04:45:03.324	Cazyxio_v4.1 (EURUSD,M15)	2026.03.05 11:45:03 | GATE_FAIL | USDCAD | Zero-range bar FAIL (v4.1 fix). barRange=0.000000 < minBarRange=0.000266 (0.30x ATR). Doji/flat bar excluded from momentum evaluation.
MD	0	04:45:47.466	Cazyxio_v4.1 (EURUSD,M15)	2026.03.05 11:45:47 | HEARTBEAT | SYSTEM | EA alive. Tick=49200 Equity=45490.80 OpenPos=0 UTC=2026.03.05 11:45 DayOfWeek=4 WeekendCloseActive=NO NewTradeBlocked=NO | 49200.000000
DH	0	04:47:28.287	Cazyxio_v4.1 (EURUSD,M15)	2026.03.05 11:47:28 | HEARTBEAT | SYSTEM | EA alive. Tick=49300 Equity=45490.80 OpenPos=0 UTC=2026.03.05 11:47 DayOfWeek=4 WeekendCloseActive=NO NewTradeBlocked=NO | 49300.000000
FL	0	04:49:09.670	Cazyxio_v4.1 (EURUSD,M15)	2026.03.05 11:49:09 | HEARTBEAT | SYSTEM | EA alive. Tick=49400 Equity=45490.80 OpenPos=0 UTC=2026.03.05 11:49 DayOfWeek=4 WeekendCloseActive=NO NewTradeBlocked=NO | 49400.000000
MP	0	04:51:12.076	Cazyxio_v4.1 (EURUSD,M15)	2026.03.05 11:51:12 | HEARTBEAT | SYSTEM | EA alive. Tick=49500 Equity=45490.80 OpenPos=0 UTC=2026.03.05 11:51 DayOfWeek=4 WeekendCloseActive=NO NewTradeBlocked=NO | 49500.000000
RD	0	04:52:44.520	Cazyxio_v4.1 (EURUSD,M15)	2026.03.05 11:52:44 | HEARTBEAT | SYSTEM | EA alive. Tick=49600 Equity=45490.80 OpenPos=0 UTC=2026.03.05 11:52 DayOfWeek=4 WeekendCloseActive=NO NewTradeBlocked=NO | 49600.000000
IH	0	04:53:56.359	Cazyxio_v4.1 (EURUSD,M15)	2026.03.05 11:53:56 | HEARTBEAT | SYSTEM | EA alive. Tick=49700 Equity=45490.80 OpenPos=0 UTC=2026.03.05 11:53 DayOfWeek=4 WeekendCloseActive=NO NewTradeBlocked=NO | 49700.000000
IL	0	04:55:17.810	Cazyxio_v4.1 (EURUSD,M15)	2026.03.05 11:55:17 | HEARTBEAT | SYSTEM | EA alive. Tick=49800 Equity=45490.80 OpenPos=0 UTC=2026.03.05 11:55 DayOfWeek=4 WeekendCloseActive=NO NewTradeBlocked=NO | 49800.000000
RP	0	04:56:39.065	Cazyxio_v4.1 (EURUSD,M15)	2026.03.05 11:56:39 | HEARTBEAT | SYSTEM | EA alive. Tick=49900 Equity=45490.80 OpenPos=0 UTC=2026.03.05 11:56 DayOfWeek=4 WeekendCloseActive=NO NewTradeBlocked=NO | 49900.000000
MD	0	04:57:44.777	Cazyxio_v4.1 (EURUSD,M15)	2026.03.05 11:57:44 | HEARTBEAT | SYSTEM | EA alive. Tick=50000 Equity=45490.80 OpenPos=0 UTC=2026.03.05 11:57 DayOfWeek=4 WeekendCloseActive=NO NewTradeBlocked=NO | 50000.000000
LH	0	04:58:40.874	Cazyxio_v4.1 (EURUSD,M15)	2026.03.05 11:58:40 | HEARTBEAT | SYSTEM | EA alive. Tick=50100 Equity=45490.80 OpenPos=0 UTC=2026.03.05 11:58 DayOfWeek=4 WeekendCloseActive=NO NewTradeBlocked=NO | 50100.000000
FL	0	05:00:01.481	Cazyxio_v4.1 (EURUSD,M15)	2026.03.05 12:00:01 | HEARTBEAT | SYSTEM | EA alive. Tick=50200 Equity=45490.80 OpenPos=0 UTC=2026.03.05 12:00 DayOfWeek=4 WeekendCloseActive=NO NewTradeBlocked=NO | 50200.000000
RO	0	05:00:01.481	Cazyxio_v4.1 (EURUSD,M15)	2026.03.05 12:00:01 | BAR | GBPUSD | close=1.33581 h4ema200=1.35062 h4slope=DOWN ema50=1.33480 atr=0.001586 atrSma=0.001189 atrRatio=1.334 dir=SHORT spread=20.0 spreadOK=YES atrGate=PASS touch=PASS momCandle=ZERO_RANGE_BAR barRange=0.000000 minBarRange=0.000476 (0.30xATR) momClosePos=0.500(forced) momOk=N ema50Ok=Y barRange=0.000000 zeroRangeBar=YES trigger=NO hasPos=NO portRisk=0.00% openPos=0 | 1.335810
JJ	0	05:00:01.481	Cazyxio_v4.1 (EURUSD,M15)	2026.03.05 12:00:01 | GATE_FAIL | GBPUSD | Zero-range bar FAIL (v4.1 fix). barRange=0.000000 < minBarRange=0.000476 (0.30x ATR). Doji/flat bar excluded from momentum evaluation.
PS	0	05:00:01.481	Cazyxio_v4.1 (EURUSD,M15)	2026.03.05 12:00:01 | BAR | EURUSD | close=1.16107 h4ema200=1.17679 h4slope=DOWN ema50=1.16144 atr=0.001201 atrSma=0.000904 atrRatio=1.328 dir=SHORT spread=17.0 spreadOK=YES atrGate=PASS touch=PASS momCandle=ZERO_RANGE_BAR barRange=0.000000 minBarRange=0.000360 (0.30xATR) momClosePos=0.500(forced) momOk=N ema50Ok=Y barRange=0.000000 zeroRangeBar=YES trigger=NO hasPos=NO portRisk=0.00% openPos=0 | 1.161070
IP	0	05:00:01.481	Cazyxio_v4.1 (EURUSD,M15)	2026.03.05 12:00:01 | GATE_FAIL | EURUSD | Zero-range bar FAIL (v4.1 fix). barRange=0.000000 < minBarRange=0.000360 (0.30x ATR). Doji/flat bar excluded from momentum evaluation.
MJ	0	05:00:01.481	Cazyxio_v4.1 (EURUSD,M15)	2026.03.05 12:00:01 | BAR | AUDUSD | close=0.70486 h4ema200=0.69913 h4slope=UP ema50=0.70494 atr=0.001123 atrSma=0.000948 atrRatio=1.184 dir=LONG spread=18.0 spreadOK=YES atrGate=PASS touch=PASS momCandle=ZERO_RANGE_BAR barRange=0.000000 minBarRange=0.000337 (0.30xATR) momClosePos=0.500(forced) momOk=N ema50Ok=Y barRange=0.000000 zeroRangeBar=YES trigger=NO hasPos=NO portRisk=0.00% openPos=0 | 0.704860
EM	0	05:00:01.481	Cazyxio_v4.1 (EURUSD,M15)	2026.03.05 12:00:01 | GATE_FAIL | AUDUSD | Zero-range bar FAIL (v4.1 fix). barRange=0.000000 < minBarRange=0.000337 (0.30x ATR). Doji/flat bar excluded from momentum evaluation.
RQ	0	05:00:01.481	Cazyxio_v4.1 (EURUSD,M15)	2026.03.05 12:00:01 | BAR | GBPJPY | close=210.186 h4ema200=210.346 h4slope=DOWN ema50=209.747 atr=0.171571 atrSma=0.159756 atrRatio=1.074 dir=SHORT spread=37.0 spreadOK=NO atrGate=PASS touch=PASS momCandle=ZERO_RANGE_BAR barRange=0.000000 minBarRange=0.051471 (0.30xATR) momClosePos=0.500(forced) momOk=N ema50Ok=Y barRange=0.000000 zeroRangeBar=YES trigger=NO hasPos=NO portRisk=0.00% openPos=0 | 210.186000
OH	0	05:00:01.481	Cazyxio_v4.1 (EURUSD,M15)	2026.03.05 12:00:01 | GATE_FAIL | GBPJPY | Spread too wide. Spread=37.0 Max=30 points.
HI	0	05:00:01.918	Cazyxio_v4.1 (EURUSD,M15)	2026.03.05 12:00:01 | BAR | USDJPY | close=157.347 h4ema200=155.736 h4slope=UP ema50=157.134 atr=0.112357 atrSma=0.124044 atrRatio=0.906 dir=LONG spread=17.0 spreadOK=YES atrGate=PASS touch=PASS momCandle=ZERO_RANGE_BAR barRange=0.004000 minBarRange=0.033707 (0.30xATR) momClosePos=0.500(forced) momOk=N ema50Ok=Y barRange=0.004000 zeroRangeBar=YES trigger=NO hasPos=NO portRisk=0.00% openPos=0 | 157.347000
LR	0	05:00:01.918	Cazyxio_v4.1 (EURUSD,M15)	2026.03.05 12:00:01 | GATE_FAIL | USDJPY | Zero-range bar FAIL (v4.1 fix). barRange=0.004000 < minBarRange=0.033707 (0.30x ATR). Doji/flat bar excluded from momentum evaluation.
IJ	0	05:00:01.918	Cazyxio_v4.1 (EURUSD,M15)	2026.03.05 12:00:01 | BAR | USDCAD | close=1.36312 h4ema200=1.36858 h4slope=DOWN ema50=1.36466 atr=0.000874 atrSma=0.000890 atrRatio=0.982 dir=SHORT spread=26.0 spreadOK=YES atrGate=PASS touch=PASS momCandle=ZERO_RANGE_BAR barRange=0.000010 minBarRange=0.000262 (0.30xATR) momClosePos=0.500(forced) momOk=N ema50Ok=Y barRange=0.000010 zeroRangeBar=YES trigger=NO hasPos=NO portRisk=0.00% openPos=0 | 1.363120
DN	0	05:00:01.918	Cazyxio_v4.1 (EURUSD,M15)	2026.03.05 12:00:01 | GATE_FAIL | USDCAD | Zero-range bar FAIL (v4.1 fix). barRange=0.000010 < minBarRange=0.000262 (0.30x ATR). Doji/flat bar excluded from momentum evaluation.
FP	0	05:00:59.739	Cazyxio_v4.1 (EURUSD,M15)	2026.03.05 12:00:59 | HEARTBEAT | SYSTEM | EA alive. Tick=50300 Equity=45490.80 OpenPos=0 UTC=2026.03.05 12:00 DayOfWeek=4 WeekendCloseActive=NO NewTradeBlocked=NO | 50300.000000
CD	0	05:02:26.387	Cazyxio_v4.1 (EURUSD,M15)	2026.03.05 12:02:26 | HEARTBEAT | SYSTEM | EA alive. Tick=50400 Equity=45490.80 OpenPos=0 UTC=2026.03.05 12:02 DayOfWeek=4 WeekendCloseActive=NO NewTradeBlocked=NO | 50400.000000
RH	0	05:03:57.255	Cazyxio_v4.1 (EURUSD,M15)	2026.03.05 12:03:57 | HEARTBEAT | SYSTEM | EA alive. Tick=50500 Equity=45490.80 OpenPos=0 UTC=2026.03.05 12:03 DayOfWeek=4 WeekendCloseActive=NO NewTradeBlocked=NO | 50500.000000
GL	0	05:05:08.690	Cazyxio_v4.1 (EURUSD,M15)	2026.03.05 12:05:08 | HEARTBEAT | SYSTEM | EA alive. Tick=50600 Equity=45490.80 OpenPos=0 UTC=2026.03.05 12:05 DayOfWeek=4 WeekendCloseActive=NO NewTradeBlocked=NO | 50600.000000
MP	0	05:06:19.200	Cazyxio_v4.1 (EURUSD,M15)	2026.03.05 12:06:19 | HEARTBEAT | SYSTEM | EA alive. Tick=50700 Equity=45490.80 OpenPos=0 UTC=2026.03.05 12:06 DayOfWeek=4 WeekendCloseActive=NO NewTradeBlocked=NO | 50700.000000
ED	0	05:07:49.658	Cazyxio_v4.1 (EURUSD,M15)	2026.03.05 12:07:49 | HEARTBEAT | SYSTEM | EA alive. Tick=50800 Equity=45490.80 OpenPos=0 UTC=2026.03.05 12:07 DayOfWeek=4 WeekendCloseActive=NO NewTradeBlocked=NO | 50800.000000
EH	0	05:09:17.050	Cazyxio_v4.1 (EURUSD,M15)	2026.03.05 12:09:17 | HEARTBEAT | SYSTEM | EA alive. Tick=50900 Equity=45490.80 OpenPos=0 UTC=2026.03.05 12:09 DayOfWeek=4 WeekendCloseActive=NO NewTradeBlocked=NO | 50900.000000
HL	0	05:11:02.218	Cazyxio_v4.1 (EURUSD,M15)	2026.03.05 12:11:02 | HEARTBEAT | SYSTEM | EA alive. Tick=51000 Equity=45490.80 OpenPos=0 UTC=2026.03.05 12:11 DayOfWeek=4 WeekendCloseActive=NO NewTradeBlocked=NO | 51000.000000
RP	0	05:12:58.983	Cazyxio_v4.1 (EURUSD,M15)	2026.03.05 12:12:58 | HEARTBEAT | SYSTEM | EA alive. Tick=51100 Equity=45490.80 OpenPos=0 UTC=2026.03.05 12:12 DayOfWeek=4 WeekendCloseActive=NO NewTradeBlocked=NO | 51100.000000
MD	0	05:14:40.670	Cazyxio_v4.1 (EURUSD,M15)	2026.03.05 12:14:40 | HEARTBEAT | SYSTEM | EA alive. Tick=51200 Equity=45490.80 OpenPos=0 UTC=2026.03.05 12:14 DayOfWeek=4 WeekendCloseActive=NO NewTradeBlocked=NO | 51200.000000
EG	0	05:15:01.954	Cazyxio_v4.1 (EURUSD,M15)	2026.03.05 12:15:01 | BAR | GBPUSD | close=1.33527 h4ema200=1.35061 h4slope=DOWN ema50=1.33480 atr=0.001569 atrSma=0.001189 atrRatio=1.319 dir=SHORT spread=22.0 spreadOK=YES atrGate=PASS touch=PASS momCandle=ZERO_RANGE_BAR barRange=0.000010 minBarRange=0.000471 (0.30xATR) momClosePos=0.500(forced) momOk=N ema50Ok=Y barRange=0.000010 zeroRangeBar=YES trigger=NO hasPos=NO portRisk=0.00% openPos=0 | 1.335270
GR	0	05:15:01.954	Cazyxio_v4.1 (EURUSD,M15)	2026.03.05 12:15:01 | GATE_FAIL | GBPUSD | Zero-range bar FAIL (v4.1 fix). barRange=0.000010 < minBarRange=0.000471 (0.30x ATR). Doji/flat bar excluded from momentum evaluation.
RK	0	05:15:01.954	Cazyxio_v4.1 (EURUSD,M15)	2026.03.05 12:15:01 | BAR | EURUSD | close=1.16083 h4ema200=1.17679 h4slope=DOWN ema50=1.16141 atr=0.001186 atrSma=0.000903 atrRatio=1.314 dir=SHORT spread=14.0 spreadOK=YES atrGate=PASS touch=PASS momCandle=ZERO_RANGE_BAR barRange=0.000000 minBarRange=0.000356 (0.30xATR) momClosePos=0.500(forced) momOk=N ema50Ok=Y barRange=0.000000 zeroRangeBar=YES trigger=NO hasPos=NO portRisk=0.00% openPos=0 | 1.160830
IH	0	05:15:01.954	Cazyxio_v4.1 (EURUSD,M15)	2026.03.05 12:15:01 | GATE_FAIL | EURUSD | Zero-range bar FAIL (v4.1 fix). barRange=0.000000 < minBarRange=0.000356 (0.30x ATR). Doji/flat bar excluded from momentum evaluation.
FS	0	05:15:01.954	Cazyxio_v4.1 (EURUSD,M15)	2026.03.05 12:15:01 | BAR | USDJPY | close=157.403 h4ema200=155.736 h4slope=UP ema50=157.147 atr=0.107357 atrSma=0.123524 atrRatio=0.869 dir=LONG spread=17.0 spreadOK=YES atrGate=PASS touch=PASS momCandle=ZERO_RANGE_BAR barRange=0.000000 minBarRange=0.032207 (0.30xATR) momClosePos=0.500(forced) momOk=N ema50Ok=Y barRange=0.000000 zeroRangeBar=YES trigger=NO hasPos=NO portRisk=0.00% openPos=0 | 157.403000
ND	0	05:15:01.954	Cazyxio_v4.1 (EURUSD,M15)	2026.03.05 12:15:01 | GATE_FAIL | USDJPY | Zero-range bar FAIL (v4.1 fix). barRange=0.000000 < minBarRange=0.032207 (0.30x ATR). Doji/flat bar excluded from momentum evaluation.
PI	0	05:15:01.954	Cazyxio_v4.1 (EURUSD,M15)	2026.03.05 12:15:01 | BAR | AUDUSD | close=0.70454 h4ema200=0.69912 h4slope=UP ema50=0.70492 atr=0.001094 atrSma=0.000947 atrRatio=1.156 dir=LONG spread=16.0 spreadOK=YES atrGate=PASS touch=PASS momCandle=ZERO_RANGE_BAR barRange=0.000000 minBarRange=0.000328 (0.30xATR) momClosePos=0.500(forced) momOk=N ema50Ok=Y barRange=0.000000 zeroRangeBar=YES trigger=NO hasPos=NO portRisk=0.00% openPos=0 | 0.704540
DQ	0	05:15:01.954	Cazyxio_v4.1 (EURUSD,M15)	2026.03.05 12:15:01 | GATE_FAIL | AUDUSD | Zero-range bar FAIL (v4.1 fix). barRange=0.000000 < minBarRange=0.000328 (0.30x ATR). Doji/flat bar excluded from momentum evaluation.
JE	0	05:15:01.954	Cazyxio_v4.1 (EURUSD,M15)	2026.03.05 12:15:01 | BAR | GBPJPY | close=210.183 h4ema200=210.346 h4slope=DOWN ema50=209.764 atr=0.163714 atrSma=0.159251 atrRatio=1.028 dir=SHORT spread=42.0 spreadOK=NO atrGate=PASS touch=PASS momCandle=ZERO_RANGE_BAR barRange=0.002000 minBarRange=0.049114 (0.30xATR) momClosePos=0.500(forced) momOk=N ema50Ok=Y barRange=0.002000 zeroRangeBar=YES trigger=NO hasPos=NO portRisk=0.00% openPos=0 | 210.183000
FL	0	05:15:01.954	Cazyxio_v4.1 (EURUSD,M15)	2026.03.05 12:15:01 | GATE_FAIL | GBPJPY | Spread too wide. Spread=42.0 Max=30 points.
QR	0	05:15:01.954	Cazyxio_v4.1 (EURUSD,M15)	2026.03.05 12:15:01 | BAR | USDCAD | close=1.36328 h4ema200=1.36858 h4slope=DOWN ema50=1.36461 atr=0.000867 atrSma=0.000888 atrRatio=0.976 dir=SHORT spread=23.0 spreadOK=YES atrGate=PASS touch=PASS momCandle=ZERO_RANGE_BAR barRange=0.000000 minBarRange=0.000260 (0.30xATR) momClosePos=0.500(forced) momOk=N ema50Ok=Y barRange=0.000000 zeroRangeBar=YES trigger=NO hasPos=NO portRisk=0.00% openPos=0 | 1.363280
MF	0	05:15:01.954	Cazyxio_v4.1 (EURUSD,M15)	2026.03.05 12:15:01 | GATE_FAIL | USDCAD | Zero-range bar FAIL (v4.1 fix). barRange=0.000000 < minBarRange=0.000260 (0.30x ATR). Doji/flat bar excluded from momentum evaluation.
KH	0	05:16:04.652	Cazyxio_v4.1 (EURUSD,M15)	2026.03.05 12:16:04 | HEARTBEAT | SYSTEM | EA alive. Tick=51300 Equity=45490.80 OpenPos=0 UTC=2026.03.05 12:16 DayOfWeek=4 WeekendCloseActive=NO NewTradeBlocked=NO | 51300.000000
OL	0	05:17:29.444	Cazyxio_v4.1 (EURUSD,M15)	2026.03.05 12:17:29 | HEARTBEAT | SYSTEM | EA alive. Tick=51400 Equity=45490.80 OpenPos=0 UTC=2026.03.05 12:17 DayOfWeek=4 WeekendCloseActive=NO NewTradeBlocked=NO | 51400.000000
DP	0	05:19:18.205	Cazyxio_v4.1 (EURUSD,M15)	2026.03.05 12:19:18 | HEARTBEAT | SYSTEM | EA alive. Tick=51500 Equity=45490.80 OpenPos=0 UTC=2026.03.05 12:19 DayOfWeek=4 WeekendCloseActive=NO NewTradeBlocked=NO | 51500.000000
FD	0	05:20:26.960	Cazyxio_v4.1 (EURUSD,M15)	2026.03.05 12:20:26 | HEARTBEAT | SYSTEM | EA alive. Tick=51600 Equity=45490.80 OpenPos=0 UTC=2026.03.05 12:20 DayOfWeek=4 WeekendCloseActive=NO NewTradeBlocked=NO | 51600.000000
IH	0	05:21:04.902	Cazyxio_v4.1 (EURUSD,M15)	2026.03.05 12:21:04 | HEARTBEAT | SYSTEM | EA alive. Tick=51700 Equity=45490.80 OpenPos=0 UTC=2026.03.05 12:21 DayOfWeek=4 WeekendCloseActive=NO NewTradeBlocked=NO | 51700.000000
QL	0	05:21:48.322	Cazyxio_v4.1 (EURUSD,M15)	2026.03.05 12:21:48 | HEARTBEAT | SYSTEM | EA alive. Tick=51800 Equity=45490.80 OpenPos=0 UTC=2026.03.05 12:21 DayOfWeek=4 WeekendCloseActive=NO NewTradeBlocked=NO | 51800.000000
KP	0	05:22:42.798	Cazyxio_v4.1 (EURUSD,M15)	2026.03.05 12:22:42 | HEARTBEAT | SYSTEM | EA alive. Tick=51900 Equity=45490.80 OpenPos=0 UTC=2026.03.05 12:22 DayOfWeek=4 WeekendCloseActive=NO NewTradeBlocked=NO | 51900.000000
RD	0	05:23:33.101	Cazyxio_v4.1 (EURUSD,M15)	2026.03.05 12:23:33 | HEARTBEAT | SYSTEM | EA alive. Tick=52000 Equity=45490.80 OpenPos=0 UTC=2026.03.05 12:23 DayOfWeek=4 WeekendCloseActive=NO NewTradeBlocked=NO | 52000.000000
KH	0	05:24:32.909	Cazyxio_v4.1 (EURUSD,M15)	2026.03.05 12:24:32 | HEARTBEAT | SYSTEM | EA alive. Tick=52100 Equity=45490.80 OpenPos=0 UTC=2026.03.05 12:24 DayOfWeek=4 WeekendCloseActive=NO NewTradeBlocked=NO | 52100.000000
OL	0	05:25:28.599	Cazyxio_v4.1 (EURUSD,M15)	2026.03.05 12:25:28 | HEARTBEAT | SYSTEM | EA alive. Tick=52200 Equity=45490.80 OpenPos=0 UTC=2026.03.05 12:25 DayOfWeek=4 WeekendCloseActive=NO NewTradeBlocked=NO | 52200.000000
DP	0	05:26:59.469	Cazyxio_v4.1 (EURUSD,M15)	2026.03.05 12:26:59 | HEARTBEAT | SYSTEM | EA alive. Tick=52300 Equity=45490.80 OpenPos=0 UTC=2026.03.05 12:26 DayOfWeek=4 WeekendCloseActive=NO NewTradeBlocked=NO | 52300.000000
CD	0	05:28:26.765	Cazyxio_v4.1 (EURUSD,M15)	2026.03.05 12:28:26 | HEARTBEAT | SYSTEM | EA alive. Tick=52400 Equity=45490.80 OpenPos=0 UTC=2026.03.05 12:28 DayOfWeek=4 WeekendCloseActive=NO NewTradeBlocked=NO | 52400.000000
QF	0	05:30:01.560	Cazyxio_v4.1 (EURUSD,M15)	2026.03.05 12:30:01 | BAR | EURUSD | close=1.16155 h4ema200=1.17679 h4slope=DOWN ema50=1.16144 atr=0.000959 atrSma=0.000900 atrRatio=1.066 dir=SHORT spread=19.0 spreadOK=YES atrGate=PASS touch=PASS momCandle=ZERO_RANGE_BAR barRange=0.000000 minBarRange=0.000288 (0.30xATR) momClosePos=0.500(forced) momOk=N ema50Ok=Y barRange=0.000000 zeroRangeBar=YES trigger=NO hasPos=NO portRisk=0.00% openPos=0 | 1.161550
LS	0	05:30:01.560	Cazyxio_v4.1 (EURUSD,M15)	2026.03.05 12:30:01 | GATE_FAIL | EURUSD | Zero-range bar FAIL (v4.1 fix). barRange=0.000000 < minBarRange=0.000288 (0.30x ATR). Doji/flat bar excluded from momentum evaluation.
DF	0	05:30:01.560	Cazyxio_v4.1 (EURUSD,M15)	2026.03.05 12:30:01 | BAR | USDJPY | close=157.397 h4ema200=155.736 h4slope=UP ema50=157.156 atr=0.087714 atrSma=0.122894 atrRatio=0.714 dir=LONG spread=19.0 spreadOK=YES atrGate=FAIL touch=PASS momCandle=ZERO_RANGE_BAR barRange=0.000000 minBarRange=0.026314 (0.30xATR) momClosePos=0.500(forced) momOk=N ema50Ok=Y barRange=0.000000 zeroRangeBar=YES trigger=NO hasPos=NO portRisk=0.00% openPos=0 | 157.397000
NN	0	05:30:01.560	Cazyxio_v4.1 (EURUSD,M15)	2026.03.05 12:30:01 | GATE_FAIL | USDJPY | ATR gate FAIL. ATR=0.087714 ATR_SMA=0.122894 Ratio=0.714 MinRatio=0.80. Market too quiet.
LG	0	05:30:01.560	Cazyxio_v4.1 (EURUSD,M15)	2026.03.05 12:30:01 | BAR | AUDUSD | close=0.70532 h4ema200=0.69913 h4slope=UP ema50=0.70496 atr=0.000881 atrSma=0.000943 atrRatio=0.934 dir=LONG spread=15.0 spreadOK=YES atrGate=PASS touch=PASS momCandle=ZERO_RANGE_BAR barRange=0.000000 minBarRange=0.000264 (0.30xATR) momClosePos=0.500(forced) momOk=N ema50Ok=Y barRange=0.000000 zeroRangeBar=YES trigger=NO hasPos=NO portRisk=0.00% openPos=0 | 0.705320
JO	0	05:30:01.560	Cazyxio_v4.1 (EURUSD,M15)	2026.03.05 12:30:01 | GATE_FAIL | AUDUSD | Zero-range bar FAIL (v4.1 fix). barRange=0.000000 < minBarRange=0.000264 (0.30x ATR). Doji/flat bar excluded from momentum evaluation.
PS	0	05:30:01.560	Cazyxio_v4.1 (EURUSD,M15)	2026.03.05 12:30:01 | BAR | GBPJPY | close=210.328 h4ema200=210.347 h4slope=DOWN ema50=209.792 atr=0.152857 atrSma=0.158820 atrRatio=0.962 dir=SHORT spread=44.0 spreadOK=NO atrGate=PASS touch=PASS momCandle=ZERO_RANGE_BAR barRange=0.000000 minBarRange=0.045857 (0.30xATR) momClosePos=0.500(forced) momOk=N ema50Ok=Y barRange=0.000000 zeroRangeBar=YES trigger=NO hasPos=NO portRisk=0.00% openPos=0 | 210.328000
EJ	0	05:30:01.560	Cazyxio_v4.1 (EURUSD,M15)	2026.03.05 12:30:01 | GATE_FAIL | GBPJPY | Spread too wide. Spread=44.0 Max=30 points.
OF	0	05:30:01.560	Cazyxio_v4.1 (EURUSD,M15)	2026.03.05 12:30:01 | BAR | USDCAD | close=1.36310 h4ema200=1.36858 h4slope=DOWN ema50=1.36454 atr=0.000692 atrSma=0.000885 atrRatio=0.782 dir=SHORT spread=21.0 spreadOK=YES atrGate=FAIL touch=PASS momCandle=ZERO_RANGE_BAR barRange=0.000000 minBarRange=0.000208 (0.30xATR) momClosePos=0.500(forced) momOk=N ema50Ok=Y barRange=0.000000 zeroRangeBar=YES trigger=NO hasPos=NO portRisk=0.00% openPos=0 | 1.363100
IM	0	05:30:01.560	Cazyxio_v4.1 (EURUSD,M15)	2026.03.05 12:30:01 | GATE_FAIL | USDCAD | ATR gate FAIL. ATR=0.000692 ATR_SMA=0.000885 Ratio=0.782 MinRatio=0.80. Market too quiet.
RG	0	05:30:01.808	Cazyxio_v4.1 (EURUSD,M15)	2026.03.05 12:30:01 | BAR | GBPUSD | close=1.33625 h4ema200=1.35062 h4slope=DOWN ema50=1.33490 atr=0.001339 atrSma=0.001188 atrRatio=1.128 dir=SHORT spread=25.0 spreadOK=YES atrGate=PASS touch=PASS momCandle=ZERO_RANGE_BAR barRange=0.000000 minBarRange=0.000402 (0.30xATR) momClosePos=0.500(forced) momOk=N ema50Ok=Y barRange=0.000000 zeroRangeBar=YES trigger=NO hasPos=NO portRisk=0.00% openPos=0 | 1.336250
JR	0	05:30:01.808	Cazyxio_v4.1 (EURUSD,M15)	2026.03.05 12:30:01 | GATE_FAIL | GBPUSD | Zero-range bar FAIL (v4.1 fix). barRange=0.000000 < minBarRange=0.000402 (0.30x ATR). Doji/flat bar excluded from momentum evaluation.
CE	0	05:30:06.881	Cazyxio_v4.1 (EURUSD,M15)	2026.03.05 12:30:06 | HEARTBEAT | SYSTEM | EA alive. Tick=52500 Equity=45490.80 OpenPos=0 UTC=2026.03.05 12:30 DayOfWeek=4 WeekendCloseActive=NO NewTradeBlocked=NO | 52500.000000
PI	0	05:32:04.349	Cazyxio_v4.1 (EURUSD,M15)	2026.03.05 12:32:04 | HEARTBEAT | SYSTEM | EA alive. Tick=52600 Equity=45490.80 OpenPos=0 UTC=2026.03.05 12:32 DayOfWeek=4 WeekendCloseActive=NO NewTradeBlocked=NO | 52600.000000
IM	0	05:33:15.172	Cazyxio_v4.1 (EURUSD,M15)	2026.03.05 12:33:15 | HEARTBEAT | SYSTEM | EA alive. Tick=52700 Equity=45490.80 OpenPos=0 UTC=2026.03.05 12:33 DayOfWeek=4 WeekendCloseActive=NO NewTradeBlocked=NO | 52700.000000
CQ	0	05:34:08.959	Cazyxio_v4.1 (EURUSD,M15)	2026.03.05 12:34:08 | HEARTBEAT | SYSTEM | EA alive. Tick=52800 Equity=45490.80 OpenPos=0 UTC=2026.03.05 12:34 DayOfWeek=4 WeekendCloseActive=NO NewTradeBlocked=NO | 52800.000000
ME	0	05:35:06.068	Cazyxio_v4.1 (EURUSD,M15)	2026.03.05 12:35:06 | HEARTBEAT | SYSTEM | EA alive. Tick=52900 Equity=45490.80 OpenPos=0 UTC=2026.03.05 12:35 DayOfWeek=4 WeekendCloseActive=NO NewTradeBlocked=NO | 52900.000000
GI	0	05:36:39.892	Cazyxio_v4.1 (EURUSD,M15)	2026.03.05 12:36:39 | HEARTBEAT | SYSTEM | EA alive. Tick=53000 Equity=45490.80 OpenPos=0 UTC=2026.03.05 12:36 DayOfWeek=4 WeekendCloseActive=NO NewTradeBlocked=NO | 53000.000000
EM	0	05:37:57.848	Cazyxio_v4.1 (EURUSD,M15)	2026.03.05 12:37:57 | HEARTBEAT | SYSTEM | EA alive. Tick=53100 Equity=45490.80 OpenPos=0 UTC=2026.03.05 12:37 DayOfWeek=4 WeekendCloseActive=NO NewTradeBlocked=NO | 53100.000000
HQ	0	05:39:18.782	Cazyxio_v4.1 (EURUSD,M15)	2026.03.05 12:39:18 | HEARTBEAT | SYSTEM | EA alive. Tick=53200 Equity=45490.80 OpenPos=0 UTC=2026.03.05 12:39 DayOfWeek=4 WeekendCloseActive=NO NewTradeBlocked=NO | 53200.000000
JE	0	05:40:45.753	Cazyxio_v4.1 (EURUSD,M15)	2026.03.05 12:40:45 | HEARTBEAT | SYSTEM | EA alive. Tick=53300 Equity=45490.80 OpenPos=0 UTC=2026.03.05 12:40 DayOfWeek=4 WeekendCloseActive=NO NewTradeBlocked=NO | 53300.000000
KI	0	05:42:06.682	Cazyxio_v4.1 (EURUSD,M15)	2026.03.05 12:42:06 | HEARTBEAT | SYSTEM | EA alive. Tick=53400 Equity=45490.80 OpenPos=0 UTC=2026.03.05 12:42 DayOfWeek=4 WeekendCloseActive=NO NewTradeBlocked=NO | 53400.000000
MM	0	05:43:17.528	Cazyxio_v4.1 (EURUSD,M15)	2026.03.05 12:43:17 | HEARTBEAT | SYSTEM | EA alive. Tick=53500 Equity=45490.80 OpenPos=0 UTC=2026.03.05 12:43 DayOfWeek=4 WeekendCloseActive=NO NewTradeBlocked=NO | 53500.000000
LN	0	05:45:01.554	Cazyxio_v4.1 (EURUSD,M15)	2026.03.05 12:45:01 | BAR | GBPUSD | close=1.33646 h4ema200=1.35062 h4slope=DOWN ema50=1.33497 atr=0.001247 atrSma=0.001185 atrRatio=1.053 dir=SHORT spread=17.0 spreadOK=YES atrGate=PASS touch=PASS momCandle=ZERO_RANGE_BAR barRange=0.000000 minBarRange=0.000374 (0.30xATR) momClosePos=0.500(forced) momOk=N ema50Ok=Y barRange=0.000000 zeroRangeBar=YES trigger=NO hasPos=NO portRisk=0.00% openPos=0 | 1.336460
RE	0	05:45:01.554	Cazyxio_v4.1 (EURUSD,M15)	2026.03.05 12:45:01 | GATE_FAIL | GBPUSD | Zero-range bar FAIL (v4.1 fix). barRange=0.000000 < minBarRange=0.000374 (0.30x ATR). Doji/flat bar excluded from momentum evaluation.
OD	0	05:45:01.554	Cazyxio_v4.1 (EURUSD,M15)	2026.03.05 12:45:01 | BAR | EURUSD | close=1.16190 h4ema200=1.17680 h4slope=DOWN ema50=1.16148 atr=0.000891 atrSma=0.000897 atrRatio=0.993 dir=SHORT spread=15.0 spreadOK=YES atrGate=PASS touch=PASS momCandle=ZERO_RANGE_BAR barRange=0.000000 minBarRange=0.000267 (0.30xATR) momClosePos=0.500(forced) momOk=N ema50Ok=Y barRange=0.000000 zeroRangeBar=YES trigger=NO hasPos=NO portRisk=0.00% openPos=0 | 1.161900
HP	0	05:45:01.554	Cazyxio_v4.1 (EURUSD,M15)	2026.03.05 12:45:01 | GATE_FAIL | EURUSD | Zero-range bar FAIL (v4.1 fix). barRange=0.000000 < minBarRange=0.000267 (0.30x ATR). Doji/flat bar excluded from momentum evaluation.
CD	0	05:45:01.554	Cazyxio_v4.1 (EURUSD,M15)	2026.03.05 12:45:01 | BAR | USDJPY | close=157.425 h4ema200=155.737 h4slope=UP ema50=157.167 atr=0.082929 atrSma=0.122185 atrRatio=0.679 dir=LONG spread=15.0 spreadOK=YES atrGate=FAIL touch=FAIL momCandle=ZERO_RANGE_BAR barRange=0.000000 minBarRange=0.024879 (0.30xATR) momClosePos=0.500(forced) momOk=N ema50Ok=Y barRange=0.000000 zeroRangeBar=YES trigger=NO hasPos=NO portRisk=0.00% openPos=0 | 157.425000
CL	0	05:45:01.554	Cazyxio_v4.1 (EURUSD,M15)	2026.03.05 12:45:01 | GATE_FAIL | USDJPY | ATR gate FAIL. ATR=0.082929 ATR_SMA=0.122185 Ratio=0.679 MinRatio=0.80. Market too quiet.
CJ	0	05:45:01.554	Cazyxio_v4.1 (EURUSD,M15)	2026.03.05 12:45:01 | BAR | AUDUSD | close=0.70468 h4ema200=0.69913 h4slope=UP ema50=0.70493 atr=0.000834 atrSma=0.000940 atrRatio=0.888 dir=LONG spread=18.0 spreadOK=YES atrGate=PASS touch=PASS momCandle=ZERO_RANGE_BAR barRange=0.000000 minBarRange=0.000250 (0.30xATR) momClosePos=0.500(forced) momOk=N ema50Ok=Y barRange=0.000000 zeroRangeBar=YES trigger=NO hasPos=NO portRisk=0.00% openPos=0 | 0.704680
DR	0	05:45:01.554	Cazyxio_v4.1 (EURUSD,M15)	2026.03.05 12:45:01 | GATE_FAIL | AUDUSD | Zero-range bar FAIL (v4.1 fix). barRange=0.000000 < minBarRange=0.000250 (0.30x ATR). Doji/flat bar excluded from momentum evaluation.
RD	0	05:45:01.554	Cazyxio_v4.1 (EURUSD,M15)	2026.03.05 12:45:01 | BAR | GBPJPY | close=210.395 h4ema200=210.348 h4slope=DOWN ema50=209.818 atr=0.147857 atrSma=0.158287 atrRatio=0.934 dir=NONE spread=37.0 spreadOK=NO atrGate=PASS touch=FAIL momCandle= zeroRangeBar=NO trigger=NO hasPos=NO portRisk=0.00% openPos=0 | 210.395000
IE	0	05:45:01.554	Cazyxio_v4.1 (EURUSD,M15)	2026.03.05 12:45:01 | GATE_FAIL | GBPJPY | No directional bias. h4slope=DOWN closeNow=210.395 h4ema200=210.348. Need H4 slope + price on correct side of H4 EMA200.
PO	0	05:45:01.554	Cazyxio_v4.1 (EURUSD,M15)	2026.03.05 12:45:01 | BAR | USDCAD | close=1.36307 h4ema200=1.36858 h4slope=DOWN ema50=1.36448 atr=0.000634 atrSma=0.000881 atrRatio=0.719 dir=SHORT spread=22.0 spreadOK=YES atrGate=FAIL touch=PASS momCandle=ZERO_RANGE_BAR barRange=0.000000 minBarRange=0.000190 (0.30xATR) momClosePos=0.500(forced) momOk=N ema50Ok=Y barRange=0.000000 zeroRangeBar=YES trigger=NO hasPos=NO portRisk=0.00% openPos=0 | 1.363070
NJ	0	05:45:01.554	Cazyxio_v4.1 (EURUSD,M15)	2026.03.05 12:45:01 | GATE_FAIL | USDCAD | ATR gate FAIL. ATR=0.000634 ATR_SMA=0.000881 Ratio=0.719 MinRatio=0.80. Market too quiet.
FS	0	05:45:05.219	Cazyxio_v4.1 (EURUSD,M15)	2026.03.05 12:45:05 | HEARTBEAT | SYSTEM | EA alive. Tick=53600 Equity=45490.80 OpenPos=0 UTC=2026.03.05 12:45 DayOfWeek=4 WeekendCloseActive=NO NewTradeBlocked=NO | 53600.000000
DG	0	05:46:35.748	Cazyxio_v4.1 (EURUSD,M15)	2026.03.05 12:46:35 | HEARTBEAT | SYSTEM | EA alive. Tick=53700 Equity=45490.80 OpenPos=0 UTC=2026.03.05 12:46 DayOfWeek=4 WeekendCloseActive=NO NewTradeBlocked=NO | 53700.000000
CK	0	05:48:20.224	Cazyxio_v4.1 (EURUSD,M15)	2026.03.05 12:48:20 | HEARTBEAT | SYSTEM | EA alive. Tick=53800 Equity=45490.80 OpenPos=0 UTC=2026.03.05 12:48 DayOfWeek=4 WeekendCloseActive=NO NewTradeBlocked=NO | 53800.000000
OO	0	05:49:43.768	Cazyxio_v4.1 (EURUSD,M15)	2026.03.05 12:49:43 | HEARTBEAT | SYSTEM | EA alive. Tick=53900 Equity=45490.80 OpenPos=0 UTC=2026.03.05 12:49 DayOfWeek=4 WeekendCloseActive=NO NewTradeBlocked=NO | 53900.000000
KS	0	05:50:57.498	Cazyxio_v4.1 (EURUSD,M15)	2026.03.05 12:50:57 | HEARTBEAT | SYSTEM | EA alive. Tick=54000 Equity=45490.80 OpenPos=0 UTC=2026.03.05 12:50 DayOfWeek=4 WeekendCloseActive=NO NewTradeBlocked=NO | 54000.000000
NG	0	05:52:08.217	Cazyxio_v4.1 (EURUSD,M15)	2026.03.05 12:52:08 | HEARTBEAT | SYSTEM | EA alive. Tick=54100 Equity=45490.80 OpenPos=0 UTC=2026.03.05 12:52 DayOfWeek=4 WeekendCloseActive=NO NewTradeBlocked=NO | 54100.000000
JK	0	05:53:02.090	Cazyxio_v4.1 (EURUSD,M15)	2026.03.05 12:53:02 | HEARTBEAT | SYSTEM | EA alive. Tick=54200 Equity=45490.80 OpenPos=0 UTC=2026.03.05 12:53 DayOfWeek=4 WeekendCloseActive=NO NewTradeBlocked=NO | 54200.000000
RO	0	05:53:56.166	Cazyxio_v4.1 (EURUSD,M15)	2026.03.05 12:53:56 | HEARTBEAT | SYSTEM | EA alive. Tick=54300 Equity=45490.80 OpenPos=0 UTC=2026.03.05 12:53 DayOfWeek=4 WeekendCloseActive=NO NewTradeBlocked=NO | 54300.000000
KS	0	05:54:44.414	Cazyxio_v4.1 (EURUSD,M15)	2026.03.05 12:54:44 | HEARTBEAT | SYSTEM | EA alive. Tick=54400 Equity=45490.80 OpenPos=0 UTC=2026.03.05 12:54 DayOfWeek=4 WeekendCloseActive=NO NewTradeBlocked=NO | 54400.000000
LG	0	05:55:28.188	Cazyxio_v4.1 (EURUSD,M15)	2026.03.05 12:55:28 | HEARTBEAT | SYSTEM | EA alive. Tick=54500 Equity=45490.80 OpenPos=0 UTC=2026.03.05 12:55 DayOfWeek=4 WeekendCloseActive=NO NewTradeBlocked=NO | 54500.000000
OK	0	05:56:16.667	Cazyxio_v4.1 (EURUSD,M15)	2026.03.05 12:56:16 | HEARTBEAT | SYSTEM | EA alive. Tick=54600 Equity=45490.80 OpenPos=0 UTC=2026.03.05 12:56 DayOfWeek=4 WeekendCloseActive=NO NewTradeBlocked=NO | 54600.000000
MO	0	05:57:11.011	Cazyxio_v4.1 (EURUSD,M15)	2026.03.05 12:57:11 | HEARTBEAT | SYSTEM | EA alive. Tick=54700 Equity=45490.80 OpenPos=0 UTC=2026.03.05 12:57 DayOfWeek=4 WeekendCloseActive=NO NewTradeBlocked=NO | 54700.000000
DS	0	05:58:24.664	Cazyxio_v4.1 (EURUSD,M15)	2026.03.05 12:58:24 | HEARTBEAT | SYSTEM | EA alive. Tick=54800 Equity=45490.80 OpenPos=0 UTC=2026.03.05 12:58 DayOfWeek=4 WeekendCloseActive=NO NewTradeBlocked=NO | 54800.000000
CG	0	05:59:27.062	Cazyxio_v4.1 (EURUSD,M15)	2026.03.05 12:59:27 | HEARTBEAT | SYSTEM | EA alive. Tick=54900 Equity=45490.80 OpenPos=0 UTC=2026.03.05 12:59 DayOfWeek=4 WeekendCloseActive=NO NewTradeBlocked=NO | 54900.000000
DD	0	06:00:01.649	Cazyxio_v4.1 (EURUSD,M15)	2026.03.05 13:00:01 | BAR | GBPUSD | close=1.33663 h4ema200=1.35062 h4slope=DOWN ema50=1.33504 atr=0.001232 atrSma=0.001182 atrRatio=1.043 dir=SHORT spread=20.0 spreadOK=YES atrGate=PASS touch=PASS momCandle=ZERO_RANGE_BAR barRange=0.000000 minBarRange=0.000370 (0.30xATR) momClosePos=0.500(forced) momOk=N ema50Ok=Y barRange=0.000000 zeroRangeBar=YES trigger=NO hasPos=NO portRisk=0.00% openPos=0 | 1.336630
OS	0	06:00:01.649	Cazyxio_v4.1 (EURUSD,M15)	2026.03.05 13:00:01 | GATE_FAIL | GBPUSD | Zero-range bar FAIL (v4.1 fix). barRange=0.000000 < minBarRange=0.000370 (0.30x ATR). Doji/flat bar excluded from momentum evaluation.
IJ	0	06:00:01.649	Cazyxio_v4.1 (EURUSD,M15)	2026.03.05 13:00:01 | BAR | EURUSD | close=1.16193 h4ema200=1.17680 h4slope=DOWN ema50=1.16150 atr=0.000893 atrSma=0.000893 atrRatio=1.000 dir=SHORT spread=16.0 spreadOK=YES atrGate=PASS touch=PASS momCandle=ZERO_RANGE_BAR barRange=0.000000 minBarRange=0.000268 (0.30xATR) momClosePos=0.500(forced) momOk=N ema50Ok=Y barRange=0.000000 zeroRangeBar=YES trigger=NO hasPos=NO portRisk=0.00% openPos=0 | 1.161930
LO	0	06:00:01.649	Cazyxio_v4.1 (EURUSD,M15)	2026.03.05 13:00:01 | GATE_FAIL | EURUSD | Zero-range bar FAIL (v4.1 fix). barRange=0.000000 < minBarRange=0.000268 (0.30x ATR). Doji/flat bar excluded from momentum evaluation.
NS	0	06:00:01.649	Cazyxio_v4.1 (EURUSD,M15)	2026.03.05 13:00:01 | BAR | USDJPY | close=157.437 h4ema200=155.737 h4slope=UP ema50=157.178 atr=0.077857 atrSma=0.121370 atrRatio=0.641 dir=LONG spread=15.0 spreadOK=YES atrGate=FAIL touch=FAIL momCandle=ZERO_RANGE_BAR barRange=0.000000 minBarRange=0.023357 (0.30xATR) momClosePos=0.500(forced) momOk=N ema50Ok=Y barRange=0.000000 zeroRangeBar=YES trigger=NO hasPos=NO portRisk=0.00% openPos=0 | 157.437000
DJ	0	06:00:01.649	Cazyxio_v4.1 (EURUSD,M15)	2026.03.05 13:00:01 | GATE_FAIL | USDJPY | ATR gate FAIL. ATR=0.077857 ATR_SMA=0.121370 Ratio=0.641 MinRatio=0.80. Market too quiet.
QR	0	06:00:01.649	Cazyxio_v4.1 (EURUSD,M15)	2026.03.05 13:00:01 | BAR | GBPJPY | close=210.436 h4ema200=210.348 h4slope=DOWN ema50=209.844 atr=0.142357 atrSma=0.157739 atrRatio=0.902 dir=NONE spread=34.0 spreadOK=NO atrGate=PASS touch=FAIL momCandle= zeroRangeBar=NO trigger=NO hasPos=NO portRisk=0.00% openPos=0 | 210.436000
FG	0	06:00:01.649	Cazyxio_v4.1 (EURUSD,M15)	2026.03.05 13:00:01 | GATE_FAIL | GBPJPY | No directional bias. h4slope=DOWN closeNow=210.436 h4ema200=210.348. Need H4 slope + price on correct side of H4 EMA200.
NQ	0	06:00:01.649	Cazyxio_v4.1 (EURUSD,M15)	2026.03.05 13:00:01 | BAR | USDCAD | close=1.36207 h4ema200=1.36857 h4slope=DOWN ema50=1.36435 atr=0.000656 atrSma=0.000877 atrRatio=0.748 dir=SHORT spread=20.0 spreadOK=YES atrGate=FAIL touch=PASS momCandle=ZERO_RANGE_BAR barRange=0.000000 minBarRange=0.000197 (0.30xATR) momClosePos=0.500(forced) momOk=N ema50Ok=Y barRange=0.000000 zeroRangeBar=YES trigger=NO hasPos=NO portRisk=0.00% openPos=0 | 1.362070
PD	0	06:00:01.649	Cazyxio_v4.1 (EURUSD,M15)	2026.03.05 13:00:01 | GATE_FAIL | USDCAD | ATR gate FAIL. ATR=0.000656 ATR_SMA=0.000877 Ratio=0.748 MinRatio=0.80. Market too quiet.
QR	0	06:00:01.899	Cazyxio_v4.1 (EURUSD,M15)	2026.03.05 13:00:01 | BAR | AUDUSD | close=0.70494 h4ema200=0.69913 h4slope=UP ema50=0.70494 atr=0.000814 atrSma=0.000936 atrRatio=0.870 dir=LONG spread=18.0 spreadOK=YES atrGate=PASS touch=PASS momCandle=ZERO_RANGE_BAR barRange=0.000000 minBarRange=0.000244 (0.30xATR) momClosePos=0.500(forced) momOk=N ema50Ok=Y barRange=0.000000 zeroRangeBar=YES trigger=NO hasPos=NO portRisk=0.00% openPos=0 | 0.704940
CE	0	06:00:01.899	Cazyxio_v4.1 (EURUSD,M15)	2026.03.05 13:00:01 | GATE_FAIL | AUDUSD | Zero-range bar FAIL (v4.1 fix). barRange=0.000000 < minBarRange=0.000244 (0.30x ATR). Doji/flat bar excluded from momentum evaluation.
LJ	0	06:00:24.297	Cazyxio_v4.1 (EURUSD,M15)	2026.03.05 13:00:24 | HEARTBEAT | SYSTEM | EA alive. Tick=55000 Equity=45490.80 OpenPos=0 UTC=2026.03.05 13:00 DayOfWeek=4 WeekendCloseActive=NO NewTradeBlocked=NO | 55000.000000
FN	0	06:01:24.272	Cazyxio_v4.1 (EURUSD,M15)	2026.03.05 13:01:24 | HEARTBEAT | SYSTEM | EA alive. Tick=55100 Equity=45490.80 OpenPos=0 UTC=2026.03.05 13:01 DayOfWeek=4 WeekendCloseActive=NO NewTradeBlocked=NO | 55100.000000
IR	0	06:02:07.320	Cazyxio_v4.1 (EURUSD,M15)	2026.03.05 13:02:07 | HEARTBEAT | SYSTEM | EA alive. Tick=55200 Equity=45490.80 OpenPos=0 UTC=2026.03.05 13:02 DayOfWeek=4 WeekendCloseActive=NO NewTradeBlocked=NO | 55200.000000
FF	0	06:02:45.774	Cazyxio_v4.1 (EURUSD,M15)	2026.03.05 13:02:45 | HEARTBEAT | SYSTEM | EA alive. Tick=55300 Equity=45490.80 OpenPos=0 UTC=2026.03.05 13:02 DayOfWeek=4 WeekendCloseActive=NO NewTradeBlocked=NO | 55300.000000
MJ	0	06:03:38.518	Cazyxio_v4.1 (EURUSD,M15)	2026.03.05 13:03:38 | HEARTBEAT | SYSTEM | EA alive. Tick=55400 Equity=45490.80 OpenPos=0 UTC=2026.03.05 13:03 DayOfWeek=4 WeekendCloseActive=NO NewTradeBlocked=NO | 55400.000000
KN	0	06:04:31.900	Cazyxio_v4.1 (EURUSD,M15)	2026.03.05 13:04:31 | HEARTBEAT | SYSTEM | EA alive. Tick=55500 Equity=45490.80 OpenPos=0 UTC=2026.03.05 13:04 DayOfWeek=4 WeekendCloseActive=NO NewTradeBlocked=NO | 55500.000000
ER	0	06:05:28.929	Cazyxio_v4.1 (EURUSD,M15)	2026.03.05 13:05:28 | HEARTBEAT | SYSTEM | EA alive. Tick=55600 Equity=45490.80 OpenPos=0 UTC=2026.03.05 13:05 DayOfWeek=4 WeekendCloseActive=NO NewTradeBlocked=NO | 55600.000000
HF	0	06:06:27.053	Cazyxio_v4.1 (EURUSD,M15)	2026.03.05 13:06:27 | HEARTBEAT | SYSTEM | EA alive. Tick=55700 Equity=45490.80 OpenPos=0 UTC=2026.03.05 13:06 DayOfWeek=4 WeekendCloseActive=NO NewTradeBlocked=NO | 55700.000000
KJ	0	06:07:24.864	Cazyxio_v4.1 (EURUSD,M15)	2026.03.05 13:07:24 | HEARTBEAT | SYSTEM | EA alive. Tick=55800 Equity=45490.80 OpenPos=0 UTC=2026.03.05 13:07 DayOfWeek=4 WeekendCloseActive=NO NewTradeBlocked=NO | 55800.000000
MN	0	06:08:30.997	Cazyxio_v4.1 (EURUSD,M15)	2026.03.05 13:08:30 | HEARTBEAT | SYSTEM | EA alive. Tick=55900 Equity=45490.80 OpenPos=0 UTC=2026.03.05 13:08 DayOfWeek=4 WeekendCloseActive=NO NewTradeBlocked=NO | 55900.000000
ER	0	06:09:34.619	Cazyxio_v4.1 (EURUSD,M15)	2026.03.05 13:09:34 | HEARTBEAT | SYSTEM | EA alive. Tick=56000 Equity=45490.80 OpenPos=0 UTC=2026.03.05 13:09 DayOfWeek=4 WeekendCloseActive=NO NewTradeBlocked=NO | 56000.000000
EF	0	06:10:43.732	Cazyxio_v4.1 (EURUSD,M15)	2026.03.05 13:10:43 | HEARTBEAT | SYSTEM | EA alive. Tick=56100 Equity=45490.80 OpenPos=0 UTC=2026.03.05 13:10 DayOfWeek=4 WeekendCloseActive=NO NewTradeBlocked=NO | 56100.000000
GJ	0	06:11:58.023	Cazyxio_v4.1 (EURUSD,M15)	2026.03.05 13:11:58 | HEARTBEAT | SYSTEM | EA alive. Tick=56200 Equity=45490.80 OpenPos=0 UTC=2026.03.05 13:11 DayOfWeek=4 WeekendCloseActive=NO NewTradeBlocked=NO | 56200.000000
GN	0	06:13:14.003	Cazyxio_v4.1 (EURUSD,M15)	2026.03.05 13:13:14 | HEARTBEAT | SYSTEM | EA alive. Tick=56300 Equity=45490.80 OpenPos=0 UTC=2026.03.05 13:13 DayOfWeek=4 WeekendCloseActive=NO NewTradeBlocked=NO | 56300.000000
HR	0	06:14:34.353	Cazyxio_v4.1 (EURUSD,M15)	2026.03.05 13:14:34 | HEARTBEAT | SYSTEM | EA alive. Tick=56400 Equity=45490.80 OpenPos=0 UTC=2026.03.05 13:14 DayOfWeek=4 WeekendCloseActive=NO NewTradeBlocked=NO | 56400.000000
NH	0	06:15:01.475	Cazyxio_v4.1 (EURUSD,M15)	2026.03.05 13:15:01 | BAR | EURUSD | close=1.16217 h4ema200=1.17680 h4slope=DOWN ema50=1.16153 atr=0.000886 atrSma=0.000889 atrRatio=0.997 dir=SHORT spread=16.0 spreadOK=YES atrGate=PASS touch=PASS momCandle=ZERO_RANGE_BAR barRange=0.000000 minBarRange=0.000266 (0.30xATR) momClosePos=0.500(forced) momOk=N ema50Ok=Y barRange=0.000000 zeroRangeBar=YES trigger=NO hasPos=NO portRisk=0.00% openPos=0 | 1.162170
IL	0	06:15:01.475	Cazyxio_v4.1 (EURUSD,M15)	2026.03.05 13:15:01 | GATE_FAIL | EURUSD | Zero-range bar FAIL (v4.1 fix). barRange=0.000000 < minBarRange=0.000266 (0.30x ATR). Doji/flat bar excluded from momentum evaluation.
GP	0	06:15:01.475	Cazyxio_v4.1 (EURUSD,M15)	2026.03.05 13:15:01 | BAR | USDJPY | close=157.510 h4ema200=155.737 h4slope=UP ema50=157.194 atr=0.080571 atrSma=0.120534 atrRatio=0.668 dir=LONG spread=15.0 spreadOK=YES atrGate=FAIL touch=FAIL momCandle=ZERO_RANGE_BAR barRange=0.000000 minBarRange=0.024171 (0.30xATR) momClosePos=0.500(forced) momOk=N ema50Ok=Y barRange=0.000000 zeroRangeBar=YES trigger=NO hasPos=NO portRisk=0.00% openPos=0 | 157.510000
PH	0	06:15:01.475	Cazyxio_v4.1 (EURUSD,M15)	2026.03.05 13:15:01 | GATE_FAIL | USDJPY | ATR gate FAIL. ATR=0.080571 ATR_SMA=0.120534 Ratio=0.668 MinRatio=0.80. Market too quiet.
IF	0	06:15:01.475	Cazyxio_v4.1 (EURUSD,M15)	2026.03.05 13:15:01 | BAR | AUDUSD | close=0.70483 h4ema200=0.69913 h4slope=UP ema50=0.70493 atr=0.000810 atrSma=0.000931 atrRatio=0.870 dir=LONG spread=19.0 spreadOK=YES atrGate=PASS touch=PASS momCandle=ZERO_RANGE_BAR barRange=0.000000 minBarRange=0.000243 (0.30xATR) momClosePos=0.500(forced) momOk=N ema50Ok=Y barRange=0.000000 zeroRangeBar=YES trigger=NO hasPos=NO portRisk=0.00% openPos=0 | 0.704830
PI	0	06:15:01.475	Cazyxio_v4.1 (EURUSD,M15)	2026.03.05 13:15:01 | GATE_FAIL | AUDUSD | Zero-range bar FAIL (v4.1 fix). barRange=0.000000 < minBarRange=0.000243 (0.30x ATR). Doji/flat bar excluded from momentum evaluation.
LN	0	06:15:01.724	Cazyxio_v4.1 (EURUSD,M15)	2026.03.05 13:15:01 | BAR | GBPUSD | close=1.33655 h4ema200=1.35062 h4slope=DOWN ema50=1.33510 atr=0.001179 atrSma=0.001177 atrRatio=1.002 dir=SHORT spread=20.0 spreadOK=YES atrGate=PASS touch=PASS momCandle=ZERO_RANGE_BAR barRange=0.000000 minBarRange=0.000354 (0.30xATR) momClosePos=0.500(forced) momOk=N ema50Ok=Y barRange=0.000000 zeroRangeBar=YES trigger=NO hasPos=NO portRisk=0.00% openPos=0 | 1.336550
EE	0	06:15:01.724	Cazyxio_v4.1 (EURUSD,M15)	2026.03.05 13:15:01 | GATE_FAIL | GBPUSD | Zero-range bar FAIL (v4.1 fix). barRange=0.000000 < minBarRange=0.000354 (0.30x ATR). Doji/flat bar excluded from momentum evaluation.
PK	0	06:15:01.725	Cazyxio_v4.1 (EURUSD,M15)	2026.03.05 13:15:01 | BAR | GBPJPY | close=210.528 h4ema200=210.349 h4slope=DOWN ema50=209.874 atr=0.138071 atrSma=0.157224 atrRatio=0.878 dir=NONE spread=37.0 spreadOK=NO atrGate=PASS touch=FAIL momCandle= zeroRangeBar=NO trigger=NO hasPos=NO portRisk=0.00% openPos=0 | 210.528000
PL	0	06:15:01.725	Cazyxio_v4.1 (EURUSD,M15)	2026.03.05 13:15:01 | GATE_FAIL | GBPJPY | No directional bias. h4slope=DOWN closeNow=210.528 h4ema200=210.349. Need H4 slope + price on correct side of H4 EMA200.
MF	0	06:15:01.725	Cazyxio_v4.1 (EURUSD,M15)	2026.03.05 13:15:01 | BAR | USDCAD | close=1.36158 h4ema200=1.36856 h4slope=DOWN ema50=1.36422 atr=0.000671 atrSma=0.000873 atrRatio=0.769 dir=SHORT spread=25.0 spreadOK=YES atrGate=FAIL touch=PASS momCandle=ZERO_RANGE_BAR barRange=0.000000 minBarRange=0.000201 (0.30xATR) momClosePos=0.500(forced) momOk=N ema50Ok=Y barRange=0.000000 zeroRangeBar=YES trigger=NO hasPos=NO portRisk=0.00% openPos=0 | 1.361580
MM	0	06:15:01.725	Cazyxio_v4.1 (EURUSD,M15)	2026.03.05 13:15:01 | GATE_FAIL | USDCAD | ATR gate FAIL. ATR=0.000671 ATR_SMA=0.000873 Ratio=0.769 MinRatio=0.80. Market too quiet.
KH	0	06:15:51.737	Cazyxio_v4.1 (EURUSD,M15)	2026.03.05 13:15:51 | HEARTBEAT | SYSTEM | EA alive. Tick=56500 Equity=45490.80 OpenPos=0 UTC=2026.03.05 13:15 DayOfWeek=4 WeekendCloseActive=NO NewTradeBlocked=NO | 56500.000000
KL	0	06:16:33.110	Cazyxio_v4.1 (EURUSD,M15)	2026.03.05 13:16:33 | HEARTBEAT | SYSTEM | EA alive. Tick=56600 Equity=45490.80 OpenPos=0 UTC=2026.03.05 13:16 DayOfWeek=4 WeekendCloseActive=NO NewTradeBlocked=NO | 56600.000000
PP	0	06:17:38.994	Cazyxio_v4.1 (EURUSD,M15)	2026.03.05 13:17:38 | HEARTBEAT | SYSTEM | EA alive. Tick=56700 Equity=45490.80 OpenPos=0 UTC=2026.03.05 13:17 DayOfWeek=4 WeekendCloseActive=NO NewTradeBlocked=NO | 56700.000000
ID	0	06:18:41.415	Cazyxio_v4.1 (EURUSD,M15)	2026.03.05 13:18:41 | HEARTBEAT | SYSTEM | EA alive. Tick=56800 Equity=45490.80 OpenPos=0 UTC=2026.03.05 13:18 DayOfWeek=4 WeekendCloseActive=NO NewTradeBlocked=NO | 56800.000000
IH	0	06:19:51.089	Cazyxio_v4.1 (EURUSD,M15)	2026.03.05 13:19:51 | HEARTBEAT | SYSTEM | EA alive. Tick=56900 Equity=45490.80 OpenPos=0 UTC=2026.03.05 13:19 DayOfWeek=4 WeekendCloseActive=NO NewTradeBlocked=NO | 56900.000000
NL	0	06:20:57.350	Cazyxio_v4.1 (EURUSD,M15)	2026.03.05 13:20:57 | HEARTBEAT | SYSTEM | EA alive. Tick=57000 Equity=45490.80 OpenPos=0 UTC=2026.03.05 13:20 DayOfWeek=4 WeekendCloseActive=NO NewTradeBlocked=NO | 57000.000000
JP	0	06:21:45.597	Cazyxio_v4.1 (EURUSD,M15)	2026.03.05 13:21:45 | HEARTBEAT | SYSTEM | EA alive. Tick=57100 Equity=45490.80 OpenPos=0 UTC=2026.03.05 13:21 DayOfWeek=4 WeekendCloseActive=NO NewTradeBlocked=NO | 57100.000000
DD	0	06:22:48.295	Cazyxio_v4.1 (EURUSD,M15)	2026.03.05 13:22:48 | HEARTBEAT | SYSTEM | EA alive. Tick=57200 Equity=45490.80 OpenPos=0 UTC=2026.03.05 13:22 DayOfWeek=4 WeekendCloseActive=NO NewTradeBlocked=NO | 57200.000000
NH	0	06:23:45.252	Cazyxio_v4.1 (EURUSD,M15)	2026.03.05 13:23:45 | HEARTBEAT | SYSTEM | EA alive. Tick=57300 Equity=45490.80 OpenPos=0 UTC=2026.03.05 13:23 DayOfWeek=4 WeekendCloseActive=NO NewTradeBlocked=NO | 57300.000000
JL	0	06:24:39.907	Cazyxio_v4.1 (EURUSD,M15)	2026.03.05 13:24:39 | HEARTBEAT | SYSTEM | EA alive. Tick=57400 Equity=45490.80 OpenPos=0 UTC=2026.03.05 13:24 DayOfWeek=4 WeekendCloseActive=NO NewTradeBlocked=NO | 57400.000000
LP	0	06:25:35.256	Cazyxio_v4.1 (EURUSD,M15)	2026.03.05 13:25:35 | HEARTBEAT | SYSTEM | EA alive. Tick=57500 Equity=45490.80 OpenPos=0 UTC=2026.03.05 13:25 DayOfWeek=4 WeekendCloseActive=NO NewTradeBlocked=NO | 57500.000000
KD	0	06:26:42.267	Cazyxio_v4.1 (EURUSD,M15)	2026.03.05 13:26:42 | HEARTBEAT | SYSTEM | EA alive. Tick=57600 Equity=45490.80 OpenPos=0 UTC=2026.03.05 13:26 DayOfWeek=4 WeekendCloseActive=NO NewTradeBlocked=NO | 57600.000000
FH	0	06:28:00.754	Cazyxio_v4.1 (EURUSD,M15)	2026.03.05 13:28:00 | HEARTBEAT | SYSTEM | EA alive. Tick=57700 Equity=45490.80 OpenPos=0 UTC=2026.03.05 13:28 DayOfWeek=4 WeekendCloseActive=NO NewTradeBlocked=NO | 57700.000000
GL	0	06:29:16.716	Cazyxio_v4.1 (EURUSD,M15)	2026.03.05 13:29:16 | HEARTBEAT | SYSTEM | EA alive. Tick=57800 Equity=45490.80 OpenPos=0 UTC=2026.03.05 13:29 DayOfWeek=4 WeekendCloseActive=NO NewTradeBlocked=NO | 57800.000000
OS	0	06:30:01.541	Cazyxio_v4.1 (EURUSD,M15)	2026.03.05 13:30:01 | BAR | GBPUSD | close=1.33533 h4ema200=1.35061 h4slope=DOWN ema50=1.33506 atr=0.001241 atrSma=0.001175 atrRatio=1.056 dir=SHORT spread=50.0 spreadOK=NO atrGate=PASS touch=PASS momCandle=ZERO_RANGE_BAR barRange=0.000000 minBarRange=0.000372 (0.30xATR) momClosePos=0.500(forced) momOk=N ema50Ok=Y barRange=0.000000 zeroRangeBar=YES trigger=NO hasPos=NO portRisk=0.00% openPos=0 | 1.335330
DJ	0	06:30:01.541	Cazyxio_v4.1 (EURUSD,M15)	2026.03.05 13:30:01 | GATE_FAIL | GBPUSD | Spread too wide. Spread=50.0 Max=30 points.
OG	0	06:30:01.541	Cazyxio_v4.1 (EURUSD,M15)	2026.03.05 13:30:01 | BAR | EURUSD | close=1.16121 h4ema200=1.17679 h4slope=DOWN ema50=1.16148 atr=0.000911 atrSma=0.000886 atrRatio=1.029 dir=SHORT spread=29.0 spreadOK=YES atrGate=PASS touch=PASS momCandle=ZERO_RANGE_BAR barRange=0.000000 minBarRange=0.000273 (0.30xATR) momClosePos=0.500(forced) momOk=N ema50Ok=Y barRange=0.000000 zeroRangeBar=YES trigger=NO hasPos=NO portRisk=0.00% openPos=0 | 1.161210
OL	0	06:30:01.541	Cazyxio_v4.1 (EURUSD,M15)	2026.03.05 13:30:01 | GATE_FAIL | EURUSD | Zero-range bar FAIL (v4.1 fix). barRange=0.000000 < minBarRange=0.000273 (0.30x ATR). Doji/flat bar excluded from momentum evaluation.
OL	0	06:30:01.541	Cazyxio_v4.1 (EURUSD,M15)	2026.03.05 13:30:01 | BAR | USDJPY | close=157.551 h4ema200=155.738 h4slope=UP ema50=157.210 atr=0.082286 atrSma=0.119742 atrRatio=0.687 dir=LONG spread=35.0 spreadOK=NO atrGate=FAIL touch=FAIL momCandle=ZERO_RANGE_BAR barRange=0.000000 minBarRange=0.024686 (0.30xATR) momClosePos=0.500(forced) momOk=N ema50Ok=Y barRange=0.000000 zeroRangeBar=YES trigger=NO hasPos=NO portRisk=0.00% openPos=0 | 157.551000
MH	0	06:30:01.541	Cazyxio_v4.1 (EURUSD,M15)	2026.03.05 13:30:01 | GATE_FAIL | USDJPY | Spread too wide. Spread=35.0 Max=30 points.
PH	0	06:30:01.541	Cazyxio_v4.1 (EURUSD,M15)	2026.03.05 13:30:01 | BAR | AUDUSD | close=0.70395 h4ema200=0.69912 h4slope=UP ema50=0.70486 atr=0.000889 atrSma=0.000928 atrRatio=0.958 dir=LONG spread=29.0 spreadOK=YES atrGate=PASS touch=PASS momCandle=ZERO_RANGE_BAR barRange=0.000000 minBarRange=0.000267 (0.30xATR) momClosePos=0.500(forced) momOk=N ema50Ok=Y barRange=0.000000 zeroRangeBar=YES trigger=NO hasPos=NO portRisk=0.00% openPos=0 | 0.703950
JP	0	06:30:01.541	Cazyxio_v4.1 (EURUSD,M15)	2026.03.05 13:30:01 | GATE_FAIL | AUDUSD | Zero-range bar FAIL (v4.1 fix). barRange=0.000000 < minBarRange=0.000267 (0.30x ATR). Doji/flat bar excluded from momentum evaluation.
RF	0	06:30:01.791	Cazyxio_v4.1 (EURUSD,M15)	2026.03.05 13:30:01 | BAR | GBPJPY | close=210.406 h4ema200=210.348 h4slope=DOWN ema50=209.889 atr=0.141214 atrSma=0.156944 atrRatio=0.900 dir=NONE spread=70.0 spreadOK=NO atrGate=PASS touch=FAIL momCandle= zeroRangeBar=NO trigger=NO hasPos=NO portRisk=0.00% openPos=0 | 210.406000
QS	0	06:30:01.791	Cazyxio_v4.1 (EURUSD,M15)	2026.03.05 13:30:01 | GATE_FAIL | GBPJPY | No directional bias. h4slope=DOWN closeNow=210.406 h4ema200=210.348. Need H4 slope + price on correct side of H4 EMA200.
DQ	0	06:30:01.791	Cazyxio_v4.1 (EURUSD,M15)	2026.03.05 13:30:01 | BAR | USDCAD | close=1.36197 h4ema200=1.36856 h4slope=DOWN ema50=1.36415 atr=0.000706 atrSma=0.000869 atrRatio=0.812 dir=SHORT spread=31.0 spreadOK=NO atrGate=PASS touch=FAIL momCandle=ZERO_RANGE_BAR barRange=0.000000 minBarRange=0.000212 (0.30xATR) momClosePos=0.500(forced) momOk=N ema50Ok=Y barRange=0.000000 zeroRangeBar=YES trigger=NO hasPos=NO portRisk=0.00% openPos=0 | 1.361970
MI	0	06:30:01.791	Cazyxio_v4.1 (EURUSD,M15)	2026.03.05 13:30:01 | GATE_FAIL | USDCAD | Spread too wide. Spread=31.0 Max=30 points.
HK	0	06:30:16.038	Cazyxio_v4.1 (EURUSD,M15)	2026.03.05 13:30:16 | HEARTBEAT | SYSTEM | EA alive. Tick=57900 Equity=45490.80 OpenPos=0 UTC=2026.03.05 13:30 DayOfWeek=4 WeekendCloseActive=NO NewTradeBlocked=NO | 57900.000000
OO	0	06:30:54.615	Cazyxio_v4.1 (EURUSD,M15)	2026.03.05 13:30:54 | HEARTBEAT | SYSTEM | EA alive. Tick=58000 Equity=45490.80 OpenPos=0 UTC=2026.03.05 13:30 DayOfWeek=4 WeekendCloseActive=NO NewTradeBlocked=NO | 58000.000000
QS	0	06:31:49.427	Cazyxio_v4.1 (EURUSD,M15)	2026.03.05 13:31:49 | HEARTBEAT | SYSTEM | EA alive. Tick=58100 Equity=45490.80 OpenPos=0 UTC=2026.03.05 13:31 DayOfWeek=4 WeekendCloseActive=NO NewTradeBlocked=NO | 58100.000000
QG	0	06:32:42.736	Cazyxio_v4.1 (EURUSD,M15)	2026.03.05 13:32:42 | HEARTBEAT | SYSTEM | EA alive. Tick=58200 Equity=45490.80 OpenPos=0 UTC=2026.03.05 13:32 DayOfWeek=4 WeekendCloseActive=NO NewTradeBlocked=NO | 58200.000000
OK	0	06:33:45.045	Cazyxio_v4.1 (EURUSD,M15)	2026.03.05 13:33:45 | HEARTBEAT | SYSTEM | EA alive. Tick=58300 Equity=45490.80 OpenPos=0 UTC=2026.03.05 13:33 DayOfWeek=4 WeekendCloseActive=NO NewTradeBlocked=NO | 58300.000000
QO	0	06:34:33.721	Cazyxio_v4.1 (EURUSD,M15)	2026.03.05 13:34:33 | HEARTBEAT | SYSTEM | EA alive. Tick=58400 Equity=45490.80 OpenPos=0 UTC=2026.03.05 13:34 DayOfWeek=4 WeekendCloseActive=NO NewTradeBlocked=NO | 58400.000000
PS	0	06:35:27.017	Cazyxio_v4.1 (EURUSD,M15)	2026.03.05 13:35:27 | HEARTBEAT | SYSTEM | EA alive. Tick=58500 Equity=45490.80 OpenPos=0 UTC=2026.03.05 13:35 DayOfWeek=4 WeekendCloseActive=NO NewTradeBlocked=NO | 58500.000000
LG	0	06:36:10.717	Cazyxio_v4.1 (EURUSD,M15)	2026.03.05 13:36:10 | HEARTBEAT | SYSTEM | EA alive. Tick=58600 Equity=45490.80 OpenPos=0 UTC=2026.03.05 13:36 DayOfWeek=4 WeekendCloseActive=NO NewTradeBlocked=NO | 58600.000000
GK	0	06:36:49.590	Cazyxio_v4.1 (EURUSD,M15)	2026.03.05 13:36:49 | HEARTBEAT | SYSTEM | EA alive. Tick=58700 Equity=45490.80 OpenPos=0 UTC=2026.03.05 13:36 DayOfWeek=4 WeekendCloseActive=NO NewTradeBlocked=NO | 58700.000000
LO	0	06:37:25.819	Cazyxio_v4.1 (EURUSD,M15)	2026.03.05 13:37:25 | HEARTBEAT | SYSTEM | EA alive. Tick=58800 Equity=45490.80 OpenPos=0 UTC=2026.03.05 13:37 DayOfWeek=4 WeekendCloseActive=NO NewTradeBlocked=NO | 58800.000000
JS	0	06:38:06.980	Cazyxio_v4.1 (EURUSD,M15)	2026.03.05 13:38:06 | HEARTBEAT | SYSTEM | EA alive. Tick=58900 Equity=45490.80 OpenPos=0 UTC=2026.03.05 13:38 DayOfWeek=4 WeekendCloseActive=NO NewTradeBlocked=NO | 58900.000000
JG	0	06:38:52.313	Cazyxio_v4.1 (EURUSD,M15)	2026.03.05 13:38:52 | HEARTBEAT | SYSTEM | EA alive. Tick=59000 Equity=45490.80 OpenPos=0 UTC=2026.03.05 13:38 DayOfWeek=4 WeekendCloseActive=NO NewTradeBlocked=NO | 59000.000000
CK	0	06:39:46.304	Cazyxio_v4.1 (EURUSD,M15)	2026.03.05 13:39:46 | HEARTBEAT | SYSTEM | EA alive. Tick=59100 Equity=45490.80 OpenPos=0 UTC=2026.03.05 13:39 DayOfWeek=4 WeekendCloseActive=NO NewTradeBlocked=NO | 59100.000000
JO	0	06:40:42.691	Cazyxio_v4.1 (EURUSD,M15)	2026.03.05 13:40:42 | HEARTBEAT | SYSTEM | EA alive. Tick=59200 Equity=45490.80 OpenPos=0 UTC=2026.03.05 13:40 DayOfWeek=4 WeekendCloseActive=NO NewTradeBlocked=NO | 59200.000000
RS	0	06:41:50.465	Cazyxio_v4.1 (EURUSD,M15)	2026.03.05 13:41:50 | HEARTBEAT | SYSTEM | EA alive. Tick=59300 Equity=45490.80 OpenPos=0 UTC=2026.03.05 13:41 DayOfWeek=4 WeekendCloseActive=NO NewTradeBlocked=NO | 59300.000000
IG	0	06:42:39.872	Cazyxio_v4.1 (EURUSD,M15)	2026.03.05 13:42:39 | HEARTBEAT | SYSTEM | EA alive. Tick=59400 Equity=45490.80 OpenPos=0 UTC=2026.03.05 13:42 DayOfWeek=4 WeekendCloseActive=NO NewTradeBlocked=NO | 59400.000000
PK	0	06:43:25.263	Cazyxio_v4.1 (EURUSD,M15)	2026.03.05 13:43:25 | HEARTBEAT | SYSTEM | EA alive. Tick=59500 Equity=45490.80 OpenPos=0 UTC=2026.03.05 13:43 DayOfWeek=4 WeekendCloseActive=NO NewTradeBlocked=NO | 59500.000000
OO	0	06:44:18.076	Cazyxio_v4.1 (EURUSD,M15)	2026.03.05 13:44:18 | HEARTBEAT | SYSTEM | EA alive. Tick=59600 Equity=45490.80 OpenPos=0 UTC=2026.03.05 13:44 DayOfWeek=4 WeekendCloseActive=NO NewTradeBlocked=NO | 59600.000000
CL	0	06:45:01.632	Cazyxio_v4.1 (EURUSD,M15)	2026.03.05 13:45:01 | BAR | GBPUSD | close=1.33462 h4ema200=1.35060 h4slope=DOWN ema50=1.33501 atr=0.001273 atrSma=0.001172 atrRatio=1.086 dir=SHORT spread=22.0 spreadOK=YES atrGate=PASS touch=PASS momCandle=ZERO_RANGE_BAR barRange=0.000000 minBarRange=0.000382 (0.30xATR) momClosePos=0.500(forced) momOk=N ema50Ok=Y barRange=0.000000 zeroRangeBar=YES trigger=NO hasPos=NO portRisk=0.00% openPos=0 | 1.334620
FK	0	06:45:01.632	Cazyxio_v4.1 (EURUSD,M15)	2026.03.05 13:45:01 | GATE_FAIL | GBPUSD | Zero-range bar FAIL (v4.1 fix). barRange=0.000000 < minBarRange=0.000382 (0.30x ATR). Doji/flat bar excluded from momentum evaluation.
RR	0	06:45:01.632	Cazyxio_v4.1 (EURUSD,M15)	2026.03.05 13:45:01 | BAR | EURUSD | close=1.15975 h4ema200=1.17677 h4slope=DOWN ema50=1.16136 atr=0.000974 atrSma=0.000883 atrRatio=1.102 dir=SHORT spread=16.0 spreadOK=YES atrGate=PASS touch=PASS momCandle=ZERO_RANGE_BAR barRange=0.000000 minBarRange=0.000292 (0.30xATR) momClosePos=0.500(forced) momOk=N ema50Ok=Y barRange=0.000000 zeroRangeBar=YES trigger=NO hasPos=NO portRisk=0.00% openPos=0 | 1.159750
EG	0	06:45:01.632	Cazyxio_v4.1 (EURUSD,M15)	2026.03.05 13:45:01 | GATE_FAIL | EURUSD | Zero-range bar FAIL (v4.1 fix). barRange=0.000000 < minBarRange=0.000292 (0.30x ATR). Doji/flat bar excluded from momentum evaluation.
IJ	0	06:45:01.632	Cazyxio_v4.1 (EURUSD,M15)	2026.03.05 13:45:01 | BAR | USDJPY | close=157.712 h4ema200=155.739 h4slope=UP ema50=157.235 atr=0.092143 atrSma=0.119047 atrRatio=0.774 dir=LONG spread=16.0 spreadOK=YES atrGate=FAIL touch=FAIL momCandle=ZERO_RANGE_BAR barRange=0.000000 minBarRange=0.027643 (0.30xATR) momClosePos=0.500(forced) momOk=N ema50Ok=Y barRange=0.000000 zeroRangeBar=YES trigger=NO hasPos=NO portRisk=0.00% openPos=0 | 157.712000
FR	0	06:45:01.632	Cazyxio_v4.1 (EURUSD,M15)	2026.03.05 13:45:01 | GATE_FAIL | USDJPY | ATR gate FAIL. ATR=0.092143 ATR_SMA=0.119047 Ratio=0.774 MinRatio=0.80. Market too quiet.
PH	0	06:45:01.632	Cazyxio_v4.1 (EURUSD,M15)	2026.03.05 13:45:01 | BAR | AUDUSD | close=0.70258 h4ema200=0.69911 h4slope=UP ema50=0.70471 atr=0.000949 atrSma=0.000925 atrRatio=1.026 dir=LONG spread=20.0 spreadOK=YES atrGate=PASS touch=PASS momCandle=ZERO_RANGE_BAR barRange=0.000000 minBarRange=0.000285 (0.30xATR) momClosePos=0.500(forced) momOk=N ema50Ok=Y barRange=0.000000 zeroRangeBar=YES trigger=NO hasPos=NO portRisk=0.00% openPos=0 | 0.702580
GS	0	06:45:01.632	Cazyxio_v4.1 (EURUSD,M15)	2026.03.05 13:45:01 | GATE_FAIL | AUDUSD | Zero-range bar FAIL (v4.1 fix). barRange=0.000000 < minBarRange=0.000285 (0.30x ATR). Doji/flat bar excluded from momentum evaluation.
OE	0	06:45:01.632	Cazyxio_v4.1 (EURUSD,M15)	2026.03.05 13:45:01 | BAR | GBPJPY | close=210.489 h4ema200=210.349 h4slope=DOWN ema50=209.916 atr=0.148714 atrSma=0.156793 atrRatio=0.948 dir=NONE spread=42.0 spreadOK=NO atrGate=PASS touch=FAIL momCandle= zeroRangeBar=NO trigger=NO hasPos=NO portRisk=0.00% openPos=0 | 210.489000
KS	0	06:45:01.632	Cazyxio_v4.1 (EURUSD,M15)	2026.03.05 13:45:01 | GATE_FAIL | GBPJPY | No directional bias. h4slope=DOWN closeNow=210.489 h4ema200=210.349. Need H4 slope + price on correct side of H4 EMA200.
OM	0	06:45:03.696	Cazyxio_v4.1 (EURUSD,M15)	2026.03.05 13:45:03 | BAR | USDCAD | close=1.36426 h4ema200=1.36859 h4slope=DOWN ema50=1.36424 atr=0.000837 atrSma=0.000867 atrRatio=0.965 dir=SHORT spread=26.0 spreadOK=YES atrGate=PASS touch=PASS momCandle=ZERO_RANGE_BAR barRange=0.000000 minBarRange=0.000251 (0.30xATR) momClosePos=0.500(forced) momOk=N ema50Ok=Y barRange=0.000000 zeroRangeBar=YES trigger=NO hasPos=NO portRisk=0.00% openPos=0 | 1.364260
NI	0	06:45:03.696	Cazyxio_v4.1 (EURUSD,M15)	2026.03.05 13:45:03 | GATE_FAIL | USDCAD | Zero-range bar FAIL (v4.1 fix). barRange=0.000000 < minBarRange=0.000251 (0.30x ATR). Doji/flat bar excluded from momentum evaluation.
CO	0	06:45:15.783	Cazyxio_v4.1 (EURUSD,M15)	2026.03.05 13:45:15 | HEARTBEAT | SYSTEM | EA alive. Tick=59700 Equity=45490.80 OpenPos=0 UTC=2026.03.05 13:45 DayOfWeek=4 WeekendCloseActive=NO NewTradeBlocked=NO | 59700.000000
RS	0	06:46:05.563	Cazyxio_v4.1 (EURUSD,M15)	2026.03.05 13:46:05 | HEARTBEAT | SYSTEM | EA alive. Tick=59800 Equity=45490.80 OpenPos=0 UTC=2026.03.05 13:46 DayOfWeek=4 WeekendCloseActive=NO NewTradeBlocked=NO | 59800.000000
NG	0	06:46:59.576	Cazyxio_v4.1 (EURUSD,M15)	2026.03.05 13:46:59 | HEARTBEAT | SYSTEM | EA alive. Tick=59900 Equity=45490.80 OpenPos=0 UTC=2026.03.05 13:46 DayOfWeek=4 WeekendCloseActive=NO NewTradeBlocked=NO | 59900.000000
IK	0	06:48:07.777	Cazyxio_v4.1 (EURUSD,M15)	2026.03.05 13:48:07 | HEARTBEAT | SYSTEM | EA alive. Tick=60000 Equity=45490.80 OpenPos=0 UTC=2026.03.05 13:48 DayOfWeek=4 WeekendCloseActive=NO NewTradeBlocked=NO | 60000.000000
PO	0	06:48:53.963	Cazyxio_v4.1 (EURUSD,M15)	2026.03.05 13:48:53 | HEARTBEAT | SYSTEM | EA alive. Tick=60100 Equity=45490.80 OpenPos=0 UTC=2026.03.05 13:48 DayOfWeek=4 WeekendCloseActive=NO NewTradeBlocked=NO | 60100.000000
DS	0	06:49:40.320	Cazyxio_v4.1 (EURUSD,M15)	2026.03.05 13:49:40 | HEARTBEAT | SYSTEM | EA alive. Tick=60200 Equity=45490.80 OpenPos=0 UTC=2026.03.05 13:49 DayOfWeek=4 WeekendCloseActive=NO NewTradeBlocked=NO | 60200.000000
NG	0	06:50:30.636	Cazyxio_v4.1 (EURUSD,M15)	2026.03.05 13:50:30 | HEARTBEAT | SYSTEM | EA alive. Tick=60300 Equity=45490.80 OpenPos=0 UTC=2026.03.05 13:50 DayOfWeek=4 WeekendCloseActive=NO NewTradeBlocked=NO | 60300.000000
JK	0	06:51:19.806	Cazyxio_v4.1 (EURUSD,M15)	2026.03.05 13:51:19 | HEARTBEAT | SYSTEM | EA alive. Tick=60400 Equity=45490.80 OpenPos=0 UTC=2026.03.05 13:51 DayOfWeek=4 WeekendCloseActive=NO NewTradeBlocked=NO | 60400.000000
RO	0	06:52:05.041	Cazyxio_v4.1 (EURUSD,M15)	2026.03.05 13:52:05 | HEARTBEAT | SYSTEM | EA alive. Tick=60500 Equity=45490.80 OpenPos=0 UTC=2026.03.05 13:52 DayOfWeek=4 WeekendCloseActive=NO NewTradeBlocked=NO | 60500.000000
RS	0	06:53:00.352	Cazyxio_v4.1 (EURUSD,M15)	2026.03.05 13:53:00 | HEARTBEAT | SYSTEM | EA alive. Tick=60600 Equity=45490.80 OpenPos=0 UTC=2026.03.05 13:53 DayOfWeek=4 WeekendCloseActive=NO NewTradeBlocked=NO | 60600.000000
NG	0	06:53:48.440	Cazyxio_v4.1 (EURUSD,M15)	2026.03.05 13:53:48 | HEARTBEAT | SYSTEM | EA alive. Tick=60700 Equity=45490.80 OpenPos=0 UTC=2026.03.05 13:53 DayOfWeek=4 WeekendCloseActive=NO NewTradeBlocked=NO | 60700.000000
MK	0	06:54:28.789	Cazyxio_v4.1 (EURUSD,M15)	2026.03.05 13:54:28 | HEARTBEAT | SYSTEM | EA alive. Tick=60800 Equity=45490.80 OpenPos=0 UTC=2026.03.05 13:54 DayOfWeek=4 WeekendCloseActive=NO NewTradeBlocked=NO | 60800.000000
IO	0	06:55:16.182	Cazyxio_v4.1 (EURUSD,M15)	2026.03.05 13:55:16 | HEARTBEAT | SYSTEM | EA alive. Tick=60900 Equity=45490.80 OpenPos=0 UTC=2026.03.05 13:55 DayOfWeek=4 WeekendCloseActive=NO NewTradeBlocked=NO | 60900.000000
CS	0	06:55:55.850	Cazyxio_v4.1 (EURUSD,M15)	2026.03.05 13:55:55 | HEARTBEAT | SYSTEM | EA alive. Tick=61000 Equity=45490.80 OpenPos=0 UTC=2026.03.05 13:55 DayOfWeek=4 WeekendCloseActive=NO NewTradeBlocked=NO | 61000.000000
OG	0	06:56:41.266	Cazyxio_v4.1 (EURUSD,M15)	2026.03.05 13:56:41 | HEARTBEAT | SYSTEM | EA alive. Tick=61100 Equity=45490.80 OpenPos=0 UTC=2026.03.05 13:56 DayOfWeek=4 WeekendCloseActive=NO NewTradeBlocked=NO | 61100.000000
CK	0	06:57:43.359	Cazyxio_v4.1 (EURUSD,M15)	2026.03.05 13:57:43 | HEARTBEAT | SYSTEM | EA alive. Tick=61200 Equity=45490.80 OpenPos=0 UTC=2026.03.05 13:57 DayOfWeek=4 WeekendCloseActive=NO NewTradeBlocked=NO | 61200.000000
GO	0	06:58:39.613	Cazyxio_v4.1 (EURUSD,M15)	2026.03.05 13:58:39 | HEARTBEAT | SYSTEM | EA alive. Tick=61300 Equity=45490.80 OpenPos=0 UTC=2026.03.05 13:58 DayOfWeek=4 WeekendCloseActive=NO NewTradeBlocked=NO | 61300.000000
ES	0	06:59:35.939	Cazyxio_v4.1 (EURUSD,M15)	2026.03.05 13:59:35 | HEARTBEAT | SYSTEM | EA alive. Tick=61400 Equity=45490.80 OpenPos=0 UTC=2026.03.05 13:59 DayOfWeek=4 WeekendCloseActive=NO NewTradeBlocked=NO | 61400.000000
OH	0	07:00:01.607	Cazyxio_v4.1 (EURUSD,M15)	2026.03.05 14:00:01 | BAR | GBPUSD | close=1.33447 h4ema200=1.35044 h4slope=DOWN ema50=1.33499 atr=0.001202 atrSma=0.001167 atrRatio=1.030 dir=SHORT spread=19.0 spreadOK=YES atrGate=PASS touch=PASS momCandle=ZERO_RANGE_BAR barRange=0.000000 minBarRange=0.000361 (0.30xATR) momClosePos=0.500(forced) momOk=N ema50Ok=Y barRange=0.000000 zeroRangeBar=YES trigger=NO hasPos=NO portRisk=0.00% openPos=0 | 1.334470
QO	0	07:00:01.607	Cazyxio_v4.1 (EURUSD,M15)	2026.03.05 14:00:01 | GATE_FAIL | GBPUSD | Zero-range bar FAIL (v4.1 fix). barRange=0.000000 < minBarRange=0.000361 (0.30x ATR). Doji/flat bar excluded from momentum evaluation.
JN	0	07:00:01.607	Cazyxio_v4.1 (EURUSD,M15)	2026.03.05 14:00:01 | BAR | EURUSD | close=1.15966 h4ema200=1.17660 h4slope=DOWN ema50=1.16129 atr=0.000944 atrSma=0.000879 atrRatio=1.073 dir=SHORT spread=17.0 spreadOK=YES atrGate=PASS touch=PASS momCandle=ZERO_RANGE_BAR barRange=0.000000 minBarRange=0.000283 (0.30xATR) momClosePos=0.500(forced) momOk=N ema50Ok=Y barRange=0.000000 zeroRangeBar=YES trigger=NO hasPos=NO portRisk=0.00% openPos=0 | 1.159660
EK	0	07:00:01.607	Cazyxio_v4.1 (EURUSD,M15)	2026.03.05 14:00:01 | GATE_FAIL | EURUSD | Zero-range bar FAIL (v4.1 fix). barRange=0.000000 < minBarRange=0.000283 (0.30x ATR). Doji/flat bar excluded from momentum evaluation.
NN	0	07:00:01.607	Cazyxio_v4.1 (EURUSD,M15)	2026.03.05 14:00:01 | BAR | USDJPY | close=157.757 h4ema200=155.760 h4slope=UP ema50=157.258 atr=0.088071 atrSma=0.118234 atrRatio=0.745 dir=LONG spread=15.0 spreadOK=YES atrGate=FAIL touch=FAIL momCandle=ZERO_RANGE_BAR barRange=0.000000 minBarRange=0.026421 (0.30xATR) momClosePos=0.500(forced) momOk=N ema50Ok=Y barRange=0.000000 zeroRangeBar=YES trigger=NO hasPos=NO portRisk=0.00% openPos=0 | 157.757000
PF	0	07:00:01.607	Cazyxio_v4.1 (EURUSD,M15)	2026.03.05 14:00:01 | GATE_FAIL | USDJPY | ATR gate FAIL. ATR=0.088071 ATR_SMA=0.118234 Ratio=0.745 MinRatio=0.80. Market too quiet.
RN	0	07:00:01.607	Cazyxio_v4.1 (EURUSD,M15)	2026.03.05 14:00:01 | BAR | GBPJPY | close=210.524 h4ema200=210.351 h4slope=DOWN ema50=209.941 atr=0.145143 atrSma=0.156533 atrRatio=0.927 dir=NONE spread=39.0 spreadOK=NO atrGate=PASS touch=FAIL momCandle= zeroRangeBar=NO trigger=NO hasPos=NO portRisk=0.00% openPos=0 | 210.524000
FK	0	07:00:01.607	Cazyxio_v4.1 (EURUSD,M15)	2026.03.05 14:00:01 | GATE_FAIL | GBPJPY | No directional bias. h4slope=DOWN closeNow=210.524 h4ema200=210.351. Need H4 slope + price on correct side of H4 EMA200.
FD	0	07:00:01.607	Cazyxio_v4.1 (EURUSD,M15)	2026.03.05 14:00:01 | BAR | USDCAD | close=1.36471 h4ema200=1.36855 h4slope=DOWN ema50=1.36428 atr=0.000846 atrSma=0.000863 atrRatio=0.981 dir=SHORT spread=26.0 spreadOK=YES atrGate=PASS touch=PASS momCandle=ZERO_RANGE_BAR barRange=0.000000 minBarRange=0.000254 (0.30xATR) momClosePos=0.500(forced) momOk=N ema50Ok=Y barRange=0.000000 zeroRangeBar=YES trigger=NO hasPos=NO portRisk=0.00% openPos=0 | 1.364710
GQ	0	07:00:01.607	Cazyxio_v4.1 (EURUSD,M15)	2026.03.05 14:00:01 | GATE_FAIL | USDCAD | Zero-range bar FAIL (v4.1 fix). barRange=0.000000 < minBarRange=0.000254 (0.30x ATR). Doji/flat bar excluded from momentum evaluation.
CD	0	07:00:01.860	Cazyxio_v4.1 (EURUSD,M15)	2026.03.05 14:00:01 | BAR | AUDUSD | close=0.70281 h4ema200=0.69915 h4slope=UP ema50=0.70465 atr=0.000939 atrSma=0.000921 atrRatio=1.020 dir=LONG spread=18.0 spreadOK=YES atrGate=PASS touch=PASS momCandle=ZERO_RANGE_BAR barRange=0.000000 minBarRange=0.000282 (0.30xATR) momClosePos=0.500(forced) momOk=N ema50Ok=Y barRange=0.000000 zeroRangeBar=YES trigger=NO hasPos=NO portRisk=0.00% openPos=0 | 0.702810
EL	0	07:00:01.860	Cazyxio_v4.1 (EURUSD,M15)	2026.03.05 14:00:01 | GATE_FAIL | AUDUSD | Zero-range bar FAIL (v4.1 fix). barRange=0.000000 < minBarRange=0.000282 (0.30x ATR). Doji/flat bar excluded from momentum evaluation.
RS	0	07:00:29.672	Cazyxio_v4.1 (EURUSD,M15)	2026.03.05 14:00:29 | HEARTBEAT | SYSTEM | EA alive. Tick=61500 Equity=45490.80 OpenPos=0 UTC=2026.03.05 14:00 DayOfWeek=4 WeekendCloseActive=NO NewTradeBlocked=NO | 61500.000000
HG	0	07:01:15.866	Cazyxio_v4.1 (EURUSD,M15)	2026.03.05 14:01:15 | HEARTBEAT | SYSTEM | EA alive. Tick=61600 Equity=45490.80 OpenPos=0 UTC=2026.03.05 14:01 DayOfWeek=4 WeekendCloseActive=NO NewTradeBlocked=NO | 61600.000000
GK	0	07:01:58.955	Cazyxio_v4.1 (EURUSD,M15)	2026.03.05 14:01:58 | HEARTBEAT | SYSTEM | EA alive. Tick=61700 Equity=45490.80 OpenPos=0 UTC=2026.03.05 14:01 DayOfWeek=4 WeekendCloseActive=NO NewTradeBlocked=NO | 61700.000000
QO	0	07:02:41.077	Cazyxio_v4.1 (EURUSD,M15)	2026.03.05 14:02:41 | HEARTBEAT | SYSTEM | EA alive. Tick=61800 Equity=45490.80 OpenPos=0 UTC=2026.03.05 14:02 DayOfWeek=4 WeekendCloseActive=NO NewTradeBlocked=NO | 61800.000000
FS	0	07:03:20.149	Cazyxio_v4.1 (EURUSD,M15)	2026.03.05 14:03:20 | HEARTBEAT | SYSTEM | EA alive. Tick=61900 Equity=45490.80 OpenPos=0 UTC=2026.03.05 14:03 DayOfWeek=4 WeekendCloseActive=NO NewTradeBlocked=NO | 61900.000000
GG	0	07:04:01.682	Cazyxio_v4.1 (EURUSD,M15)	2026.03.05 14:04:01 | HEARTBEAT | SYSTEM | EA alive. Tick=62000 Equity=45490.80 OpenPos=0 UTC=2026.03.05 14:04 DayOfWeek=4 WeekendCloseActive=NO NewTradeBlocked=NO | 62000.000000
LK	0	07:04:44.144	Cazyxio_v4.1 (EURUSD,M15)	2026.03.05 14:04:44 | HEARTBEAT | SYSTEM | EA alive. Tick=62100 Equity=45490.80 OpenPos=0 UTC=2026.03.05 14:04 DayOfWeek=4 WeekendCloseActive=NO NewTradeBlocked=NO | 62100.000000
LO	0	07:05:31.275	Cazyxio_v4.1 (EURUSD,M15)	2026.03.05 14:05:31 | HEARTBEAT | SYSTEM | EA alive. Tick=62200 Equity=45490.80 OpenPos=0 UTC=2026.03.05 14:05 DayOfWeek=4 WeekendCloseActive=NO NewTradeBlocked=NO | 62200.000000
LS	0	07:06:11.506	Cazyxio_v4.1 (EURUSD,M15)	2026.03.05 14:06:11 | HEARTBEAT | SYSTEM | EA alive. Tick=62300 Equity=45490.80 OpenPos=0 UTC=2026.03.05 14:06 DayOfWeek=4 WeekendCloseActive=NO NewTradeBlocked=NO | 62300.000000
QG	0	07:06:43.703	Cazyxio_v4.1 (EURUSD,M15)	2026.03.05 14:06:43 | HEARTBEAT | SYSTEM | EA alive. Tick=62400 Equity=45490.80 OpenPos=0 UTC=2026.03.05 14:06 DayOfWeek=4 WeekendCloseActive=NO NewTradeBlocked=NO | 62400.000000
DK	0	07:07:26.129	Cazyxio_v4.1 (EURUSD,M15)	2026.03.05 14:07:26 | HEARTBEAT | SYSTEM | EA alive. Tick=62500 Equity=45490.80 OpenPos=0 UTC=2026.03.05 14:07 DayOfWeek=4 WeekendCloseActive=NO NewTradeBlocked=NO | 62500.000000
RO	0	07:08:13.128	Cazyxio_v4.1 (EURUSD,M15)	2026.03.05 14:08:13 | HEARTBEAT | SYSTEM | EA alive. Tick=62600 Equity=45490.80 OpenPos=0 UTC=2026.03.05 14:08 DayOfWeek=4 WeekendCloseActive=NO NewTradeBlocked=NO | 62600.000000
DS	0	07:09:15.477	Cazyxio_v4.1 (EURUSD,M15)	2026.03.05 14:09:15 | HEARTBEAT | SYSTEM | EA alive. Tick=62700 Equity=45490.80 OpenPos=0 UTC=2026.03.05 14:09 DayOfWeek=4 WeekendCloseActive=NO NewTradeBlocked=NO | 62700.000000
KG	0	07:10:24.410	Cazyxio_v4.1 (EURUSD,M15)	2026.03.05 14:10:24 | HEARTBEAT | SYSTEM | EA alive. Tick=62800 Equity=45490.80 OpenPos=0 UTC=2026.03.05 14:10 DayOfWeek=4 WeekendCloseActive=NO NewTradeBlocked=NO | 62800.000000
OK	0	07:11:47.101	Cazyxio_v4.1 (EURUSD,M15)	2026.03.05 14:11:47 | HEARTBEAT | SYSTEM | EA alive. Tick=62900 Equity=45490.80 OpenPos=0 UTC=2026.03.05 14:11 DayOfWeek=4 WeekendCloseActive=NO NewTradeBlocked=NO | 62900.000000
RO	0	07:12:42.761	Cazyxio_v4.1 (EURUSD,M15)	2026.03.05 14:12:42 | HEARTBEAT | SYSTEM | EA alive. Tick=63000 Equity=45490.80 OpenPos=0 UTC=2026.03.05 14:12 DayOfWeek=4 WeekendCloseActive=NO NewTradeBlocked=NO | 63000.000000
CS	0	07:13:49.790	Cazyxio_v4.1 (EURUSD,M15)	2026.03.05 14:13:49 | HEARTBEAT | SYSTEM | EA alive. Tick=63100 Equity=45490.80 OpenPos=0 UTC=2026.03.05 14:13 DayOfWeek=4 WeekendCloseActive=NO NewTradeBlocked=NO | 63100.000000
MH	0	07:15:02.375	Cazyxio_v4.1 (EURUSD,M15)	2026.03.05 14:15:02 | BAR | GBPUSD | close=1.33459 h4ema200=1.35044 h4slope=DOWN ema50=1.33498 atr=0.001191 atrSma=0.001162 atrRatio=1.025 dir=SHORT spread=20.0 spreadOK=YES atrGate=PASS touch=PASS momCandle=ZERO_RANGE_BAR barRange=0.000010 minBarRange=0.000357 (0.30xATR) momClosePos=0.500(forced) momOk=N ema50Ok=Y barRange=0.000010 zeroRangeBar=YES trigger=NO hasPos=NO portRisk=0.00% openPos=0 | 1.334590
MO	0	07:15:02.375	Cazyxio_v4.1 (EURUSD,M15)	2026.03.05 14:15:02 | GATE_FAIL | GBPUSD | Zero-range bar FAIL (v4.1 fix). barRange=0.000010 < minBarRange=0.000357 (0.30x ATR). Doji/flat bar excluded from momentum evaluation.
FN	0	07:15:02.375	Cazyxio_v4.1 (EURUSD,M15)	2026.03.05 14:15:02 | BAR | EURUSD | close=1.15996 h4ema200=1.17661 h4slope=DOWN ema50=1.16125 atr=0.000976 atrSma=0.000875 atrRatio=1.115 dir=SHORT spread=13.0 spreadOK=YES atrGate=PASS touch=PASS momCandle=ZERO_RANGE_BAR barRange=0.000000 minBarRange=0.000293 (0.30xATR) momClosePos=0.500(forced) momOk=N ema50Ok=Y barRange=0.000000 zeroRangeBar=YES trigger=NO hasPos=NO portRisk=0.00% openPos=0 | 1.159960
FK	0	07:15:02.375	Cazyxio_v4.1 (EURUSD,M15)	2026.03.05 14:15:02 | GATE_FAIL | EURUSD | Zero-range bar FAIL (v4.1 fix). barRange=0.000000 < minBarRange=0.000293 (0.30x ATR). Doji/flat bar excluded from momentum evaluation.
HO	0	07:15:02.375	Cazyxio_v4.1 (EURUSD,M15)	2026.03.05 14:15:02 | BAR | USDJPY | close=157.730 h4ema200=155.760 h4slope=UP ema50=157.275 atr=0.098357 atrSma=0.117609 atrRatio=0.836 dir=LONG spread=15.0 spreadOK=YES atrGate=PASS touch=FAIL momCandle=ZERO_RANGE_BAR barRange=0.001000 minBarRange=0.029507 (0.30xATR) momClosePos=0.500(forced) momOk=N ema50Ok=Y barRange=0.001000 zeroRangeBar=YES trigger=NO hasPos=NO portRisk=0.00% openPos=0 | 157.730000
KE	0	07:15:02.375	Cazyxio_v4.1 (EURUSD,M15)	2026.03.05 14:15:02 | GATE_FAIL | USDJPY | Touch/pullback gate FAIL. Price has not approached EMA50 within last 12 bars (within 0.60 ATR). v4.1 tolerance=0.60x (tightened from v4.0 1.00x).
GE	0	07:15:02.375	Cazyxio_v4.1 (EURUSD,M15)	2026.03.05 14:15:02 | BAR | AUDUSD | close=0.70267 h4ema200=0.69914 h4slope=UP ema50=0.70457 atr=0.000957 atrSma=0.000917 atrRatio=1.044 dir=LONG spread=20.0 spreadOK=YES atrGate=PASS touch=PASS momCandle=ZERO_RANGE_BAR barRange=0.000000 minBarRange=0.000287 (0.30xATR) momClosePos=0.500(forced) momOk=N ema50Ok=Y barRange=0.000000 zeroRangeBar=YES trigger=NO hasPos=NO portRisk=0.00% openPos=0 | 0.702670
IL	0	07:15:02.375	Cazyxio_v4.1 (EURUSD,M15)	2026.03.05 14:15:02 | GATE_FAIL | AUDUSD | Zero-range bar FAIL (v4.1 fix). barRange=0.000000 < minBarRange=0.000287 (0.30x ATR). Doji/flat bar excluded from momentum evaluation.
QR	0	07:15:02.375	Cazyxio_v4.1 (EURUSD,M15)	2026.03.05 14:15:02 | BAR | GBPJPY | close=210.511 h4ema200=210.351 h4slope=DOWN ema50=209.963 atr=0.137214 atrSma=0.156239 atrRatio=0.878 dir=NONE spread=36.0 spreadOK=NO atrGate=PASS touch=FAIL momCandle= zeroRangeBar=NO trigger=NO hasPos=NO portRisk=0.00% openPos=0 | 210.511000
DD	0	07:15:02.375	Cazyxio_v4.1 (EURUSD,M15)	2026.03.05 14:15:02 | GATE_FAIL | GBPJPY | No directional bias. h4slope=DOWN closeNow=210.511 h4ema200=210.351. Need H4 slope + price on correct side of H4 EMA200.
LP	0	07:15:02.375	Cazyxio_v4.1 (EURUSD,M15)	2026.03.05 14:15:02 | BAR | USDCAD | close=1.36503 h4ema200=1.36856 h4slope=DOWN ema50=1.36432 atr=0.000846 atrSma=0.000859 atrRatio=0.986 dir=SHORT spread=26.0 spreadOK=YES atrGate=PASS touch=PASS momCandle=ZERO_RANGE_BAR barRange=0.000000 minBarRange=0.000254 (0.30xATR) momClosePos=0.500(forced) momOk=N ema50Ok=Y barRange=0.000000 zeroRangeBar=YES trigger=NO hasPos=NO portRisk=0.00% openPos=0 | 1.365030
CD	0	07:15:02.375	Cazyxio_v4.1 (EURUSD,M15)	2026.03.05 14:15:02 | GATE_FAIL | USDCAD | Zero-range bar FAIL (v4.1 fix). barRange=0.000000 < minBarRange=0.000254 (0.30x ATR). Doji/flat bar excluded from momentum evaluation.
GJ	0	07:15:02.963	Cazyxio_v4.1 (EURUSD,M15)	2026.03.05 14:15:02 | HEARTBEAT | SYSTEM | EA alive. Tick=63200 Equity=45490.80 OpenPos=0 UTC=2026.03.05 14:15 DayOfWeek=4 WeekendCloseActive=NO NewTradeBlocked=NO | 63200.000000
GN	0	07:16:15.168	Cazyxio_v4.1 (EURUSD,M15)	2026.03.05 14:16:15 | HEARTBEAT | SYSTEM | EA alive. Tick=63300 Equity=45490.80 OpenPos=0 UTC=2026.03.05 14:16 DayOfWeek=4 WeekendCloseActive=NO NewTradeBlocked=NO | 63300.000000
PR	0	07:17:13.520	Cazyxio_v4.1 (EURUSD,M15)	2026.03.05 14:17:13 | HEARTBEAT | SYSTEM | EA alive. Tick=63400 Equity=45490.80 OpenPos=0 UTC=2026.03.05 14:17 DayOfWeek=4 WeekendCloseActive=NO NewTradeBlocked=NO | 63400.000000
EF	0	07:18:15.241	Cazyxio_v4.1 (EURUSD,M15)	2026.03.05 14:18:15 | HEARTBEAT | SYSTEM | EA alive. Tick=63500 Equity=45490.80 OpenPos=0 UTC=2026.03.05 14:18 DayOfWeek=4 WeekendCloseActive=NO NewTradeBlocked=NO | 63500.000000
QJ	0	07:19:05.183	Cazyxio_v4.1 (EURUSD,M15)	2026.03.05 14:19:05 | HEARTBEAT | SYSTEM | EA alive. Tick=63600 Equity=45490.80 OpenPos=0 UTC=2026.03.05 14:19 DayOfWeek=4 WeekendCloseActive=NO NewTradeBlocked=NO | 63600.000000
EN	0	07:20:25.590	Cazyxio_v4.1 (EURUSD,M15)	2026.03.05 14:20:25 | HEARTBEAT | SYSTEM | EA alive. Tick=63700 Equity=45490.80 OpenPos=0 UTC=2026.03.05 14:20 DayOfWeek=4 WeekendCloseActive=NO NewTradeBlocked=NO | 63700.000000
OR	0	07:21:36.443	Cazyxio_v4.1 (EURUSD,M15)	2026.03.05 14:21:36 | HEARTBEAT | SYSTEM | EA alive. Tick=63800 Equity=45490.80 OpenPos=0 UTC=2026.03.05 14:21 DayOfWeek=4 WeekendCloseActive=NO NewTradeBlocked=NO | 63800.000000
NF	0	07:22:21.896	Cazyxio_v4.1 (EURUSD,M15)	2026.03.05 14:22:21 | HEARTBEAT | SYSTEM | EA alive. Tick=63900 Equity=45490.80 OpenPos=0 UTC=2026.03.05 14:22 DayOfWeek=4 WeekendCloseActive=NO NewTradeBlocked=NO | 63900.000000
NJ	0	07:23:31.204	Cazyxio_v4.1 (EURUSD,M15)	2026.03.05 14:23:31 | HEARTBEAT | SYSTEM | EA alive. Tick=64000 Equity=45490.80 OpenPos=0 UTC=2026.03.05 14:23 DayOfWeek=4 WeekendCloseActive=NO NewTradeBlocked=NO | 64000.000000
FN	0	07:24:27.081	Cazyxio_v4.1 (EURUSD,M15)	2026.03.05 14:24:27 | HEARTBEAT | SYSTEM | EA alive. Tick=64100 Equity=45490.80 OpenPos=0 UTC=2026.03.05 14:24 DayOfWeek=4 WeekendCloseActive=NO NewTradeBlocked=NO | 64100.000000
OR	0	07:25:29.241	Cazyxio_v4.1 (EURUSD,M15)	2026.03.05 14:25:29 | HEARTBEAT | SYSTEM | EA alive. Tick=64200 Equity=45490.80 OpenPos=0 UTC=2026.03.05 14:25 DayOfWeek=4 WeekendCloseActive=NO NewTradeBlocked=NO | 64200.000000
PF	0	07:26:29.342	Cazyxio_v4.1 (EURUSD,M15)	2026.03.05 14:26:29 | HEARTBEAT | SYSTEM | EA alive. Tick=64300 Equity=45490.80 OpenPos=0 UTC=2026.03.05 14:26 DayOfWeek=4 WeekendCloseActive=NO NewTradeBlocked=NO | 64300.000000
PJ	0	07:27:12.334	Cazyxio_v4.1 (EURUSD,M15)	2026.03.05 14:27:12 | HEARTBEAT | SYSTEM | EA alive. Tick=64400 Equity=45490.80 OpenPos=0 UTC=2026.03.05 14:27 DayOfWeek=4 WeekendCloseActive=NO NewTradeBlocked=NO | 64400.000000
EN	0	07:28:16.620	Cazyxio_v4.1 (EURUSD,M15)	2026.03.05 14:28:16 | HEARTBEAT | SYSTEM | EA alive. Tick=64500 Equity=45490.80 OpenPos=0 UTC=2026.03.05 14:28 DayOfWeek=4 WeekendCloseActive=NO NewTradeBlocked=NO | 64500.000000
GR	0	07:29:12.892	Cazyxio_v4.1 (EURUSD,M15)	2026.03.05 14:29:12 | HEARTBEAT | SYSTEM | EA alive. Tick=64600 Equity=45490.80 OpenPos=0 UTC=2026.03.05 14:29 DayOfWeek=4 WeekendCloseActive=NO NewTradeBlocked=NO | 64600.000000
QF	0	07:29:58.696	Cazyxio_v4.1 (EURUSD,M15)	2026.03.05 14:29:58 | HEARTBEAT | SYSTEM | EA alive. Tick=64700 Equity=45490.80 OpenPos=0 UTC=2026.03.05 14:29 DayOfWeek=4 WeekendCloseActive=NO NewTradeBlocked=NO | 64700.000000
DD	0	07:30:01.633	Cazyxio_v4.1 (EURUSD,M15)	2026.03.05 14:30:01 | BAR | EURUSD | close=1.15997 h4ema200=1.17661 h4slope=DOWN ema50=1.16120 atr=0.000944 atrSma=0.000873 atrRatio=1.081 dir=SHORT spread=17.0 spreadOK=YES atrGate=PASS touch=PASS momCandle=ZERO_RANGE_BAR barRange=0.000000 minBarRange=0.000283 (0.30xATR) momClosePos=0.500(forced) momOk=N ema50Ok=Y barRange=0.000000 zeroRangeBar=YES trigger=NO hasPos=NO portRisk=0.00% openPos=0 | 1.159970
FQ	0	07:30:01.633	Cazyxio_v4.1 (EURUSD,M15)	2026.03.05 14:30:01 | GATE_FAIL | EURUSD | Zero-range bar FAIL (v4.1 fix). barRange=0.000000 < minBarRange=0.000283 (0.30x ATR). Doji/flat bar excluded from momentum evaluation.
GD	0	07:30:01.633	Cazyxio_v4.1 (EURUSD,M15)	2026.03.05 14:30:01 | BAR | USDJPY | close=157.676 h4ema200=155.759 h4slope=UP ema50=157.289 atr=0.097429 atrSma=0.117081 atrRatio=0.832 dir=LONG spread=18.0 spreadOK=YES atrGate=PASS touch=FAIL momCandle=ZERO_RANGE_BAR barRange=0.000000 minBarRange=0.029229 (0.30xATR) momClosePos=0.500(forced) momOk=N ema50Ok=Y barRange=0.000000 zeroRangeBar=YES trigger=NO hasPos=NO portRisk=0.00% openPos=0 | 157.676000
LO	0	07:30:01.633	Cazyxio_v4.1 (EURUSD,M15)	2026.03.05 14:30:01 | GATE_FAIL | USDJPY | Touch/pullback gate FAIL. Price has not approached EMA50 within last 12 bars (within 0.60 ATR). v4.1 tolerance=0.60x (tightened from v4.0 1.00x).
ER	0	07:30:01.633	Cazyxio_v4.1 (EURUSD,M15)	2026.03.05 14:30:01 | BAR | AUDUSD | close=0.70247 h4ema200=0.69914 h4slope=UP ema50=0.70448 atr=0.000914 atrSma=0.000915 atrRatio=0.999 dir=LONG spread=20.0 spreadOK=YES atrGate=PASS touch=PASS momCandle=ZERO_RANGE_BAR barRange=0.000000 minBarRange=0.000274 (0.30xATR) momClosePos=0.500(forced) momOk=N ema50Ok=Y barRange=0.000000 zeroRangeBar=YES trigger=NO hasPos=NO portRisk=0.00% openPos=0 | 0.702470
JJ	0	07:30:01.633	Cazyxio_v4.1 (EURUSD,M15)	2026.03.05 14:30:01 | GATE_FAIL | AUDUSD | Zero-range bar FAIL (v4.1 fix). barRange=0.000000 < minBarRange=0.000274 (0.30x ATR). Doji/flat bar excluded from momentum evaluation.
LR	0	07:30:01.883	Cazyxio_v4.1 (EURUSD,M15)	2026.03.05 14:30:01 | BAR | GBPUSD | close=1.33464 h4ema200=1.35044 h4slope=DOWN ema50=1.33496 atr=0.001151 atrSma=0.001159 atrRatio=0.993 dir=SHORT spread=21.0 spreadOK=YES atrGate=PASS touch=PASS momCandle=ZERO_RANGE_BAR barRange=0.000000 minBarRange=0.000345 (0.30xATR) momClosePos=0.500(forced) momOk=N ema50Ok=Y barRange=0.000000 zeroRangeBar=YES trigger=NO hasPos=NO portRisk=0.00% openPos=0 | 1.334640
QQ	0	07:30:01.883	Cazyxio_v4.1 (EURUSD,M15)	2026.03.05 14:30:01 | GATE_FAIL | GBPUSD | Zero-range bar FAIL (v4.1 fix). barRange=0.000000 < minBarRange=0.000345 (0.30x ATR). Doji/flat bar excluded from momentum evaluation.
NG	0	07:30:01.883	Cazyxio_v4.1 (EURUSD,M15)	2026.03.05 14:30:01 | BAR | GBPJPY | close=210.442 h4ema200=210.350 h4slope=DOWN ema50=209.979 atr=0.135929 atrSma=0.156097 atrRatio=0.871 dir=NONE spread=44.0 spreadOK=NO atrGate=PASS touch=FAIL momCandle= zeroRangeBar=NO trigger=NO hasPos=NO portRisk=0.00% openPos=0 | 210.442000
HQ	0	07:30:01.883	Cazyxio_v4.1 (EURUSD,M15)	2026.03.05 14:30:01 | GATE_FAIL | GBPJPY | No directional bias. h4slope=DOWN closeNow=210.442 h4ema200=210.350. Need H4 slope + price on correct side of H4 EMA200.
JK	0	07:30:01.883	Cazyxio_v4.1 (EURUSD,M15)	2026.03.05 14:30:01 | BAR | USDCAD | close=1.36460 h4ema200=1.36855 h4slope=DOWN ema50=1.36431 atr=0.000803 atrSma=0.000855 atrRatio=0.939 dir=SHORT spread=27.0 spreadOK=YES atrGate=PASS touch=PASS momCandle=ZERO_RANGE_BAR barRange=0.000000 minBarRange=0.000241 (0.30xATR) momClosePos=0.500(forced) momOk=N ema50Ok=Y barRange=0.000000 zeroRangeBar=YES trigger=NO hasPos=NO portRisk=0.00% openPos=0 | 1.364600
IO	0	07:30:01.883	Cazyxio_v4.1 (EURUSD,M15)	2026.03.05 14:30:01 | GATE_FAIL | USDCAD | Zero-range bar FAIL (v4.1 fix). barRange=0.000000 < minBarRange=0.000241 (0.30x ATR). Doji/flat bar excluded from momentum evaluation.
EQ	0	07:30:39.519	Cazyxio_v4.1 (EURUSD,M15)	2026.03.05 14:30:39 | HEARTBEAT | SYSTEM | EA alive. Tick=64800 Equity=45490.80 OpenPos=0 UTC=2026.03.05 14:30 DayOfWeek=4 WeekendCloseActive=NO NewTradeBlocked=NO | 64800.000000
ME	0	07:31:23.172	Cazyxio_v4.1 (EURUSD,M15)	2026.03.05 14:31:23 | HEARTBEAT | SYSTEM | EA alive. Tick=64900 Equity=45490.80 OpenPos=0 UTC=2026.03.05 14:31 DayOfWeek=4 WeekendCloseActive=NO NewTradeBlocked=NO | 64900.000000
DI	0	07:32:06.972	Cazyxio_v4.1 (EURUSD,M15)	2026.03.05 14:32:06 | HEARTBEAT | SYSTEM | EA alive. Tick=65000 Equity=45490.80 OpenPos=0 UTC=2026.03.05 14:32 DayOfWeek=4 WeekendCloseActive=NO NewTradeBlocked=NO | 65000.000000
CM	0	07:32:57.184	Cazyxio_v4.1 (EURUSD,M15)	2026.03.05 14:32:57 | HEARTBEAT | SYSTEM | EA alive. Tick=65100 Equity=45490.80 OpenPos=0 UTC=2026.03.05 14:32 DayOfWeek=4 WeekendCloseActive=NO NewTradeBlocked=NO | 65100.000000
CQ	0	07:33:42.792	Cazyxio_v4.1 (EURUSD,M15)	2026.03.05 14:33:42 | HEARTBEAT | SYSTEM | EA alive. Tick=65200 Equity=45490.80 OpenPos=0 UTC=2026.03.05 14:33 DayOfWeek=4 WeekendCloseActive=NO NewTradeBlocked=NO | 65200.000000
RE	0	07:34:26.217	Cazyxio_v4.1 (EURUSD,M15)	2026.03.05 14:34:26 | HEARTBEAT | SYSTEM | EA alive. Tick=65300 Equity=45490.80 OpenPos=0 UTC=2026.03.05 14:34 DayOfWeek=4 WeekendCloseActive=NO NewTradeBlocked=NO | 65300.000000
QI	0	07:35:16.675	Cazyxio_v4.1 (EURUSD,M15)	2026.03.05 14:35:16 | HEARTBEAT | SYSTEM | EA alive. Tick=65400 Equity=45490.80 OpenPos=0 UTC=2026.03.05 14:35 DayOfWeek=4 WeekendCloseActive=NO NewTradeBlocked=NO | 65400.000000
NM	0	07:36:11.147	Cazyxio_v4.1 (EURUSD,M15)	2026.03.05 14:36:11 | HEARTBEAT | SYSTEM | EA alive. Tick=65500 Equity=45490.80 OpenPos=0 UTC=2026.03.05 14:36 DayOfWeek=4 WeekendCloseActive=NO NewTradeBlocked=NO | 65500.000000
LQ	0	07:37:11.230	Cazyxio_v4.1 (EURUSD,M15)	2026.03.05 14:37:11 | HEARTBEAT | SYSTEM | EA alive. Tick=65600 Equity=45490.80 OpenPos=0 UTC=2026.03.05 14:37 DayOfWeek=4 WeekendCloseActive=NO NewTradeBlocked=NO | 65600.000000
NE	0	07:38:00.682	Cazyxio_v4.1 (EURUSD,M15)	2026.03.05 14:38:00 | HEARTBEAT | SYSTEM | EA alive. Tick=65700 Equity=45490.80 OpenPos=0 UTC=2026.03.05 14:38 DayOfWeek=4 WeekendCloseActive=NO NewTradeBlocked=NO | 65700.000000
NI	0	07:38:53.581	Cazyxio_v4.1 (EURUSD,M15)	2026.03.05 14:38:53 | HEARTBEAT | SYSTEM | EA alive. Tick=65800 Equity=45490.80 OpenPos=0 UTC=2026.03.05 14:38 DayOfWeek=4 WeekendCloseActive=NO NewTradeBlocked=NO | 65800.000000
CM	0	07:39:31.226	Cazyxio_v4.1 (EURUSD,M15)	2026.03.05 14:39:31 | HEARTBEAT | SYSTEM | EA alive. Tick=65900 Equity=45490.80 OpenPos=0 UTC=2026.03.05 14:39 DayOfWeek=4 WeekendCloseActive=NO NewTradeBlocked=NO | 65900.000000
IQ	0	07:40:09.718	Cazyxio_v4.1 (EURUSD,M15)	2026.03.05 14:40:09 | HEARTBEAT | SYSTEM | EA alive. Tick=66000 Equity=45490.80 OpenPos=0 UTC=2026.03.05 14:40 DayOfWeek=4 WeekendCloseActive=NO NewTradeBlocked=NO | 66000.000000
PE	0	07:40:50.498	Cazyxio_v4.1 (EURUSD,M15)	2026.03.05 14:40:50 | HEARTBEAT | SYSTEM | EA alive. Tick=66100 Equity=45490.80 OpenPos=0 UTC=2026.03.05 14:40 DayOfWeek=4 WeekendCloseActive=NO NewTradeBlocked=NO | 66100.000000
QI	0	07:41:35.601	Cazyxio_v4.1 (EURUSD,M15)	2026.03.05 14:41:35 | HEARTBEAT | SYSTEM | EA alive. Tick=66200 Equity=45490.80 OpenPos=0 UTC=2026.03.05 14:41 DayOfWeek=4 WeekendCloseActive=NO NewTradeBlocked=NO | 66200.000000
QM	0	07:42:12.664	Cazyxio_v4.1 (EURUSD,M15)	2026.03.05 14:42:12 | HEARTBEAT | SYSTEM | EA alive. Tick=66300 Equity=45490.80 OpenPos=0 UTC=2026.03.05 14:42 DayOfWeek=4 WeekendCloseActive=NO NewTradeBlocked=NO | 66300.000000
JQ	0	07:42:54.814	Cazyxio_v4.1 (EURUSD,M15)	2026.03.05 14:42:54 | HEARTBEAT | SYSTEM | EA alive. Tick=66400 Equity=45490.80 OpenPos=0 UTC=2026.03.05 14:42 DayOfWeek=4 WeekendCloseActive=NO NewTradeBlocked=NO | 66400.000000
ME	0	07:43:38.742	Cazyxio_v4.1 (EURUSD,M15)	2026.03.05 14:43:38 | HEARTBEAT | SYSTEM | EA alive. Tick=66500 Equity=45490.80 OpenPos=0 UTC=2026.03.05 14:43 DayOfWeek=4 WeekendCloseActive=NO NewTradeBlocked=NO | 66500.000000
PI	0	07:44:35.427	Cazyxio_v4.1 (EURUSD,M15)	2026.03.05 14:44:35 | HEARTBEAT | SYSTEM | EA alive. Tick=66600 Equity=45490.80 OpenPos=0 UTC=2026.03.05 14:44 DayOfWeek=4 WeekendCloseActive=NO NewTradeBlocked=NO | 66600.000000
OR	0	07:45:01.819	Cazyxio_v4.1 (EURUSD,M15)	2026.03.05 14:45:01 | BAR | GBPUSD | close=1.33349 h4ema200=1.35043 h4slope=DOWN ema50=1.33486 atr=0.001210 atrSma=0.001156 atrRatio=1.046 dir=SHORT spread=20.0 spreadOK=YES atrGate=PASS touch=PASS momCandle=ZERO_RANGE_BAR barRange=0.000000 minBarRange=0.000363 (0.30xATR) momClosePos=0.500(forced) momOk=N ema50Ok=Y barRange=0.000000 zeroRangeBar=YES trigger=NO hasPos=NO portRisk=0.00% openPos=0 | 1.333490
PQ	0	07:45:01.819	Cazyxio_v4.1 (EURUSD,M15)	2026.03.05 14:45:01 | GATE_FAIL | GBPUSD | Zero-range bar FAIL (v4.1 fix). barRange=0.000000 < minBarRange=0.000363 (0.30x ATR). Doji/flat bar excluded from momentum evaluation.
QH	0	07:45:01.819	Cazyxio_v4.1 (EURUSD,M15)	2026.03.05 14:45:01 | BAR | EURUSD | close=1.15946 h4ema200=1.17660 h4slope=DOWN ema50=1.16111 atr=0.000978 atrSma=0.000872 atrRatio=1.121 dir=SHORT spread=17.0 spreadOK=YES atrGate=PASS touch=PASS momCandle=ZERO_RANGE_BAR barRange=0.000000 minBarRange=0.000293 (0.30xATR) momClosePos=0.500(forced) momOk=N ema50Ok=Y barRange=0.000000 zeroRangeBar=YES trigger=NO hasPos=NO portRisk=0.00% openPos=0 | 1.159460
EM	0	07:45:01.819	Cazyxio_v4.1 (EURUSD,M15)	2026.03.05 14:45:01 | GATE_FAIL | EURUSD | Zero-range bar FAIL (v4.1 fix). barRange=0.000000 < minBarRange=0.000293 (0.30x ATR). Doji/flat bar excluded from momentum evaluation.
NQ	0	07:45:01.819	Cazyxio_v4.1 (EURUSD,M15)	2026.03.05 14:45:01 | BAR | USDJPY | close=157.621 h4ema200=155.759 h4slope=UP ema50=157.300 atr=0.096000 atrSma=0.116578 atrRatio=0.823 dir=LONG spread=17.0 spreadOK=YES atrGate=PASS touch=FAIL momCandle=ZERO_RANGE_BAR barRange=0.000000 minBarRange=0.028800 (0.30xATR) momClosePos=0.500(forced) momOk=N ema50Ok=Y barRange=0.000000 zeroRangeBar=YES trigger=NO hasPos=NO portRisk=0.00% openPos=0 | 157.621000
LK	0	07:45:01.819	Cazyxio_v4.1 (EURUSD,M15)	2026.03.05 14:45:01 | GATE_FAIL | USDJPY | Touch/pullback gate FAIL. Price has not approached EMA50 within last 12 bars (within 0.60 ATR). v4.1 tolerance=0.60x (tightened from v4.0 1.00x).
OO	0	07:45:01.819	Cazyxio_v4.1 (EURUSD,M15)	2026.03.05 14:45:01 | BAR | AUDUSD | close=0.70171 h4ema200=0.69913 h4slope=UP ema50=0.70434 atr=0.000954 atrSma=0.000914 atrRatio=1.045 dir=LONG spread=18.0 spreadOK=YES atrGate=PASS touch=PASS momCandle=ZERO_RANGE_BAR barRange=0.000000 minBarRange=0.000286 (0.30xATR) momClosePos=0.500(forced) momOk=N ema50Ok=Y barRange=0.000000 zeroRangeBar=YES trigger=NO hasPos=NO portRisk=0.00% openPos=0 | 0.701710
IF	0	07:45:01.819	Cazyxio_v4.1 (EURUSD,M15)	2026.03.05 14:45:01 | GATE_FAIL | AUDUSD | Zero-range bar FAIL (v4.1 fix). barRange=0.000000 < minBarRange=0.000286 (0.30x ATR). Doji/flat bar excluded from momentum evaluation.
FK	0	07:45:01.819	Cazyxio_v4.1 (EURUSD,M15)	2026.03.05 14:45:01 | BAR | GBPJPY | close=210.191 h4ema200=210.348 h4slope=DOWN ema50=209.978 atr=0.154143 atrSma=0.156304 atrRatio=0.986 dir=SHORT spread=42.0 spreadOK=NO atrGate=PASS touch=FAIL momCandle=ZERO_RANGE_BAR barRange=0.000000 minBarRange=0.046243 (0.30xATR) momClosePos=0.500(forced) momOk=N ema50Ok=Y barRange=0.000000 zeroRangeBar=YES trigger=NO hasPos=NO portRisk=0.00% openPos=0 | 210.191000
LR	0	07:45:01.819	Cazyxio_v4.1 (EURUSD,M15)	2026.03.05 14:45:01 | GATE_FAIL | GBPJPY | Spread too wide. Spread=42.0 Max=30 points.
DP	0	07:45:01.819	Cazyxio_v4.1 (EURUSD,M15)	2026.03.05 14:45:01 | BAR | USDCAD | close=1.36548 h4ema200=1.36856 h4slope=DOWN ema50=1.36439 atr=0.000849 atrSma=0.000853 atrRatio=0.995 dir=SHORT spread=24.0 spreadOK=YES atrGate=PASS touch=PASS momCandle=ZERO_RANGE_BAR barRange=0.000000 minBarRange=0.000255 (0.30xATR) momClosePos=0.500(forced) momOk=N ema50Ok=Y barRange=0.000000 zeroRangeBar=YES trigger=NO hasPos=NO portRisk=0.00% openPos=0 | 1.365480
QE	0	07:45:01.819	Cazyxio_v4.1 (EURUSD,M15)	2026.03.05 14:45:01 | GATE_FAIL | USDCAD | Zero-range bar FAIL (v4.1 fix). barRange=0.000000 < minBarRange=0.000255 (0.30x ATR). Doji/flat bar excluded from momentum evaluation.
DK	0	07:45:11.512	Cazyxio_v4.1 (EURUSD,M15)	2026.03.05 14:45:11 | HEARTBEAT | SYSTEM | EA alive. Tick=66700 Equity=45490.80 OpenPos=0 UTC=2026.03.05 14:45 DayOfWeek=4 WeekendCloseActive=NO NewTradeBlocked=NO | 66700.000000
EO	0	07:46:00.710	Cazyxio_v4.1 (EURUSD,M15)	2026.03.05 14:46:00 | HEARTBEAT | SYSTEM | EA alive. Tick=66800 Equity=45490.80 OpenPos=0 UTC=2026.03.05 14:46 DayOfWeek=4 WeekendCloseActive=NO NewTradeBlocked=NO | 66800.000000
GS	0	07:46:45.707	Cazyxio_v4.1 (EURUSD,M15)	2026.03.05 14:46:45 | HEARTBEAT | SYSTEM | EA alive. Tick=66900 Equity=45490.80 OpenPos=0 UTC=2026.03.05 14:46 DayOfWeek=4 WeekendCloseActive=NO NewTradeBlocked=NO | 66900.000000
DG	0	07:47:30.602	Cazyxio_v4.1 (EURUSD,M15)	2026.03.05 14:47:30 | HEARTBEAT | SYSTEM | EA alive. Tick=67000 Equity=45490.80 OpenPos=0 UTC=2026.03.05 14:47 DayOfWeek=4 WeekendCloseActive=NO NewTradeBlocked=NO | 67000.000000
GK	0	07:48:12.592	Cazyxio_v4.1 (EURUSD,M15)	2026.03.05 14:48:12 | HEARTBEAT | SYSTEM | EA alive. Tick=67100 Equity=45490.80 OpenPos=0 UTC=2026.03.05 14:48 DayOfWeek=4 WeekendCloseActive=NO NewTradeBlocked=NO | 67100.000000
EO	0	07:48:58.686	Cazyxio_v4.1 (EURUSD,M15)	2026.03.05 14:48:58 | HEARTBEAT | SYSTEM | EA alive. Tick=67200 Equity=45490.80 OpenPos=0 UTC=2026.03.05 14:48 DayOfWeek=4 WeekendCloseActive=NO NewTradeBlocked=NO | 67200.000000
LS	0	07:49:47.398	Cazyxio_v4.1 (EURUSD,M15)	2026.03.05 14:49:47 | HEARTBEAT | SYSTEM | EA alive. Tick=67300 Equity=45490.80 OpenPos=0 UTC=2026.03.05 14:49 DayOfWeek=4 WeekendCloseActive=NO NewTradeBlocked=NO | 67300.000000
HG	0	07:50:35.868	Cazyxio_v4.1 (EURUSD,M15)	2026.03.05 14:50:35 | HEARTBEAT | SYSTEM | EA alive. Tick=67400 Equity=45490.80 OpenPos=0 UTC=2026.03.05 14:50 DayOfWeek=4 WeekendCloseActive=NO NewTradeBlocked=NO | 67400.000000
GK	0	07:51:28.611	Cazyxio_v4.1 (EURUSD,M15)	2026.03.05 14:51:28 | HEARTBEAT | SYSTEM | EA alive. Tick=67500 Equity=45490.80 OpenPos=0 UTC=2026.03.05 14:51 DayOfWeek=4 WeekendCloseActive=NO NewTradeBlocked=NO | 67500.000000
EO	0	07:52:17.636	Cazyxio_v4.1 (EURUSD,M15)	2026.03.05 14:52:17 | HEARTBEAT | SYSTEM | EA alive. Tick=67600 Equity=45490.80 OpenPos=0 UTC=2026.03.05 14:52 DayOfWeek=4 WeekendCloseActive=NO NewTradeBlocked=NO | 67600.000000
DS	0	07:53:07.908	Cazyxio_v4.1 (EURUSD,M15)	2026.03.05 14:53:07 | HEARTBEAT | SYSTEM | EA alive. Tick=67700 Equity=45490.80 OpenPos=0 UTC=2026.03.05 14:53 DayOfWeek=4 WeekendCloseActive=NO NewTradeBlocked=NO | 67700.000000
LG	0	07:53:47.292	Cazyxio_v4.1 (EURUSD,M15)	2026.03.05 14:53:47 | HEARTBEAT | SYSTEM | EA alive. Tick=67800 Equity=45490.80 OpenPos=0 UTC=2026.03.05 14:53 DayOfWeek=4 WeekendCloseActive=NO NewTradeBlocked=NO | 67800.000000
MK	0	07:54:38.782	Cazyxio_v4.1 (EURUSD,M15)	2026.03.05 14:54:38 | HEARTBEAT | SYSTEM | EA alive. Tick=67900 Equity=45490.80 OpenPos=0 UTC=2026.03.05 14:54 DayOfWeek=4 WeekendCloseActive=NO NewTradeBlocked=NO | 67900.000000
OO	0	07:55:25.093	Cazyxio_v4.1 (EURUSD,M15)	2026.03.05 14:55:25 | HEARTBEAT | SYSTEM | EA alive. Tick=68000 Equity=45490.80 OpenPos=0 UTC=2026.03.05 14:55 DayOfWeek=4 WeekendCloseActive=NO NewTradeBlocked=NO | 68000.000000
HS	0	07:56:16.572	Cazyxio_v4.1 (EURUSD,M15)	2026.03.05 14:56:16 | HEARTBEAT | SYSTEM | EA alive. Tick=68100 Equity=45490.80 OpenPos=0 UTC=2026.03.05 14:56 DayOfWeek=4 WeekendCloseActive=NO NewTradeBlocked=NO | 68100.000000
PG	0	07:56:54.967	Cazyxio_v4.1 (EURUSD,M15)	2026.03.05 14:56:54 | HEARTBEAT | SYSTEM | EA alive. Tick=68200 Equity=45490.80 OpenPos=0 UTC=2026.03.05 14:56 DayOfWeek=4 WeekendCloseActive=NO NewTradeBlocked=NO | 68200.000000
HK	0	07:57:36.643	Cazyxio_v4.1 (EURUSD,M15)	2026.03.05 14:57:36 | HEARTBEAT | SYSTEM | EA alive. Tick=68300 Equity=45490.80 OpenPos=0 UTC=2026.03.05 14:57 DayOfWeek=4 WeekendCloseActive=NO NewTradeBlocked=NO | 68300.000000
PO	0	07:58:17.611	Cazyxio_v4.1 (EURUSD,M15)	2026.03.05 14:58:17 | HEARTBEAT | SYSTEM | EA alive. Tick=68400 Equity=45490.80 OpenPos=0 UTC=2026.03.05 14:58 DayOfWeek=4 WeekendCloseActive=NO NewTradeBlocked=NO | 68400.000000
FS	0	07:58:53.008	Cazyxio_v4.1 (EURUSD,M15)	2026.03.05 14:58:53 | HEARTBEAT | SYSTEM | EA alive. Tick=68500 Equity=45490.80 OpenPos=0 UTC=2026.03.05 14:58 DayOfWeek=4 WeekendCloseActive=NO NewTradeBlocked=NO | 68500.000000
QG	0	07:59:30.949	Cazyxio_v4.1 (EURUSD,M15)	2026.03.05 14:59:30 | HEARTBEAT | SYSTEM | EA alive. Tick=68600 Equity=45490.80 OpenPos=0 UTC=2026.03.05 14:59 DayOfWeek=4 WeekendCloseActive=NO NewTradeBlocked=NO | 68600.000000
HD	0	08:00:01.727	Cazyxio_v4.1 (EURUSD,M15)	2026.03.05 15:00:01 | BAR | GBPUSD | close=1.33436 h4ema200=1.35044 h4slope=DOWN ema50=1.33487 atr=0.001281 atrSma=0.001154 atrRatio=1.109 dir=SHORT spread=20.0 spreadOK=YES atrGate=PASS touch=PASS momCandle=ZERO_RANGE_BAR barRange=0.000000 minBarRange=0.000384 (0.30xATR) momClosePos=0.500(forced) momOk=N ema50Ok=Y barRange=0.000000 zeroRangeBar=YES trigger=NO hasPos=NO portRisk=0.00% openPos=0 | 1.334360
EP	0	08:00:01.727	Cazyxio_v4.1 (EURUSD,M15)	2026.03.05 15:00:01 | GATE_FAIL | GBPUSD | Zero-range bar FAIL (v4.1 fix). barRange=0.000000 < minBarRange=0.000384 (0.30x ATR). Doji/flat bar excluded from momentum evaluation.
QI	0	08:00:01.727	Cazyxio_v4.1 (EURUSD,M15)	2026.03.05 15:00:01 | BAR | EURUSD | close=1.16023 h4ema200=1.17661 h4slope=DOWN ema50=1.16110 atr=0.001025 atrSma=0.000871 atrRatio=1.176 dir=SHORT spread=18.0 spreadOK=YES atrGate=PASS touch=PASS momCandle=ZERO_RANGE_BAR barRange=0.000000 minBarRange=0.000307 (0.30xATR) momClosePos=0.500(forced) momOk=N ema50Ok=Y barRange=0.000000 zeroRangeBar=YES trigger=NO hasPos=NO portRisk=0.00% openPos=0 | 1.160230
GN	0	08:00:01.727	Cazyxio_v4.1 (EURUSD,M15)	2026.03.05 15:00:01 | GATE_FAIL | EURUSD | Zero-range bar FAIL (v4.1 fix). barRange=0.000000 < minBarRange=0.000307 (0.30x ATR). Doji/flat bar excluded from momentum evaluation.
JS	0	08:00:01.727	Cazyxio_v4.1 (EURUSD,M15)	2026.03.05 15:00:01 | BAR | AUDUSD | close=0.70363 h4ema200=0.69915 h4slope=UP ema50=0.70438 atr=0.001070 atrSma=0.000914 atrRatio=1.171 dir=LONG spread=19.0 spreadOK=YES atrGate=PASS touch=PASS momCandle=ZERO_RANGE_BAR barRange=0.000000 minBarRange=0.000321 (0.30xATR) momClosePos=0.500(forced) momOk=N ema50Ok=Y barRange=0.000000 zeroRangeBar=YES trigger=NO hasPos=NO portRisk=0.00% openPos=0 | 0.703630
QK	0	08:00:01.727	Cazyxio_v4.1 (EURUSD,M15)	2026.03.05 15:00:01 | GATE_FAIL | AUDUSD | Zero-range bar FAIL (v4.1 fix). barRange=0.000000 < minBarRange=0.000321 (0.30x ATR). Doji/flat bar excluded from momentum evaluation.
CO	0	08:00:01.975	Cazyxio_v4.1 (EURUSD,M15)	2026.03.05 15:00:01 | BAR | USDJPY | close=157.559 h4ema200=155.758 h4slope=UP ema50=157.308 atr=0.101286 atrSma=0.116154 atrRatio=0.872 dir=LONG spread=17.0 spreadOK=YES atrGate=PASS touch=FAIL momCandle=ZERO_RANGE_BAR barRange=0.000000 minBarRange=0.030386 (0.30xATR) momClosePos=0.500(forced) momOk=N ema50Ok=Y barRange=0.000000 zeroRangeBar=YES trigger=NO hasPos=NO portRisk=0.00% openPos=0 | 157.559000
IE	0	08:00:01.975	Cazyxio_v4.1 (EURUSD,M15)	2026.03.05 15:00:01 | GATE_FAIL | USDJPY | Touch/pullback gate FAIL. Price has not approached EMA50 within last 12 bars (within 0.60 ATR). v4.1 tolerance=0.60x (tightened from v4.0 1.00x).
ED	0	08:00:01.975	Cazyxio_v4.1 (EURUSD,M15)	2026.03.05 15:00:01 | BAR | GBPJPY | close=210.250 h4ema200=210.348 h4slope=DOWN ema50=209.991 atr=0.158929 atrSma=0.156364 atrRatio=1.016 dir=SHORT spread=44.0 spreadOK=NO atrGate=PASS touch=FAIL momCandle=ZERO_RANGE_BAR barRange=0.000000 minBarRange=0.047679 (0.30xATR) momClosePos=0.500(forced) momOk=N ema50Ok=Y barRange=0.000000 zeroRangeBar=YES trigger=NO hasPos=NO portRisk=0.00% openPos=0 | 210.250000
CL	0	08:00:01.975	Cazyxio_v4.1 (EURUSD,M15)	2026.03.05 15:00:01 | GATE_FAIL | GBPJPY | Spread too wide. Spread=44.0 Max=30 points.
FQ	0	08:00:01.975	Cazyxio_v4.1 (EURUSD,M15)	2026.03.05 15:00:01 | BAR | USDCAD | close=1.36397 h4ema200=1.36855 h4slope=DOWN ema50=1.36432 atr=0.000966 atrSma=0.000851 atrRatio=1.135 dir=SHORT spread=25.0 spreadOK=YES atrGate=PASS touch=PASS momCandle=ZERO_RANGE_BAR barRange=0.000000 minBarRange=0.000290 (0.30xATR) momClosePos=0.500(forced) momOk=N ema50Ok=Y barRange=0.000000 zeroRangeBar=YES trigger=NO hasPos=NO portRisk=0.00% openPos=0 | 1.363970
KF	0	08:00:01.975	Cazyxio_v4.1 (EURUSD,M15)	2026.03.05 15:00:01 | GATE_FAIL | USDCAD | Zero-range bar FAIL (v4.1 fix). barRange=0.000000 < minBarRange=0.000290 (0.30x ATR). Doji/flat bar excluded from momentum evaluation.
EH	0	08:00:07.793	Cazyxio_v4.1 (EURUSD,M15)	2026.03.05 15:00:07 | HEARTBEAT | SYSTEM | EA alive. Tick=68700 Equity=45490.80 OpenPos=0 UTC=2026.03.05 15:00 DayOfWeek=4 WeekendCloseActive=NO NewTradeBlocked=NO | 68700.000000
IL	0	08:00:50.229	Cazyxio_v4.1 (EURUSD,M15)	2026.03.05 15:00:50 | HEARTBEAT | SYSTEM | EA alive. Tick=68800 Equity=45490.80 OpenPos=0 UTC=2026.03.05 15:00 DayOfWeek=4 WeekendCloseActive=NO NewTradeBlocked=NO | 68800.000000
DP	0	08:01:30.294	Cazyxio_v4.1 (EURUSD,M15)	2026.03.05 15:01:30 | HEARTBEAT | SYSTEM | EA alive. Tick=68900 Equity=45490.80 OpenPos=0 UTC=2026.03.05 15:01 DayOfWeek=4 WeekendCloseActive=NO NewTradeBlocked=NO | 68900.000000
QD	0	08:02:18.605	Cazyxio_v4.1 (EURUSD,M15)	2026.03.05 15:02:18 | HEARTBEAT | SYSTEM | EA alive. Tick=69000 Equity=45490.80 OpenPos=0 UTC=2026.03.05 15:02 DayOfWeek=4 WeekendCloseActive=NO NewTradeBlocked=NO | 69000.000000
DH	0	08:03:01.379	Cazyxio_v4.1 (EURUSD,M15)	2026.03.05 15:03:01 | HEARTBEAT | SYSTEM | EA alive. Tick=69100 Equity=45490.80 OpenPos=0 UTC=2026.03.05 15:03 DayOfWeek=4 WeekendCloseActive=NO NewTradeBlocked=NO | 69100.000000
KL	0	08:03:33.411	Cazyxio_v4.1 (EURUSD,M15)	2026.03.05 15:03:33 | HEARTBEAT | SYSTEM | EA alive. Tick=69200 Equity=45490.80 OpenPos=0 UTC=2026.03.05 15:03 DayOfWeek=4 WeekendCloseActive=NO NewTradeBlocked=NO | 69200.000000
HP	0	08:04:10.916	Cazyxio_v4.1 (EURUSD,M15)	2026.03.05 15:04:10 | HEARTBEAT | SYSTEM | EA alive. Tick=69300 Equity=45490.80 OpenPos=0 UTC=2026.03.05 15:04 DayOfWeek=4 WeekendCloseActive=NO NewTradeBlocked=NO | 69300.000000
ND	0	08:04:56.536	Cazyxio_v4.1 (EURUSD,M15)	2026.03.05 15:04:56 | HEARTBEAT | SYSTEM | EA alive. Tick=69400 Equity=45490.80 OpenPos=0 UTC=2026.03.05 15:04 DayOfWeek=4 WeekendCloseActive=NO NewTradeBlocked=NO | 69400.000000
RH	0	08:05:44.137	Cazyxio_v4.1 (EURUSD,M15)	2026.03.05 15:05:44 | HEARTBEAT | SYSTEM | EA alive. Tick=69500 Equity=45490.80 OpenPos=0 UTC=2026.03.05 15:05 DayOfWeek=4 WeekendCloseActive=NO NewTradeBlocked=NO | 69500.000000
IL	0	08:06:26.359	Cazyxio_v4.1 (EURUSD,M15)	2026.03.05 15:06:26 | HEARTBEAT | SYSTEM | EA alive. Tick=69600 Equity=45490.80 OpenPos=0 UTC=2026.03.05 15:06 DayOfWeek=4 WeekendCloseActive=NO NewTradeBlocked=NO | 69600.000000
RP	0	08:07:12.304	Cazyxio_v4.1 (EURUSD,M15)	2026.03.05 15:07:12 | HEARTBEAT | SYSTEM | EA alive. Tick=69700 Equity=45490.80 OpenPos=0 UTC=2026.03.05 15:07 DayOfWeek=4 WeekendCloseActive=NO NewTradeBlocked=NO | 69700.000000
PD	0	08:07:58.005	Cazyxio_v4.1 (EURUSD,M15)	2026.03.05 15:07:58 | HEARTBEAT | SYSTEM | EA alive. Tick=69800 Equity=45490.80 OpenPos=0 UTC=2026.03.05 15:07 DayOfWeek=4 WeekendCloseActive=NO NewTradeBlocked=NO | 69800.000000
JH	0	08:08:38.891	Cazyxio_v4.1 (EURUSD,M15)	2026.03.05 15:08:38 | HEARTBEAT | SYSTEM | EA alive. Tick=69900 Equity=45490.80 OpenPos=0 UTC=2026.03.05 15:08 DayOfWeek=4 WeekendCloseActive=NO NewTradeBlocked=NO | 69900.000000
DL	0	08:09:27.153	Cazyxio_v4.1 (EURUSD,M15)	2026.03.05 15:09:27 | HEARTBEAT | SYSTEM | EA alive. Tick=70000 Equity=45490.80 OpenPos=0 UTC=2026.03.05 15:09 DayOfWeek=4 WeekendCloseActive=NO NewTradeBlocked=NO | 70000.000000
GP	0	08:10:12.208	Cazyxio_v4.1 (EURUSD,M15)	2026.03.05 15:10:12 | HEARTBEAT | SYSTEM | EA alive. Tick=70100 Equity=45490.80 OpenPos=0 UTC=2026.03.05 15:10 DayOfWeek=4 WeekendCloseActive=NO NewTradeBlocked=NO | 70100.000000
RD	0	08:10:54.472	Cazyxio_v4.1 (EURUSD,M15)	2026.03.05 15:10:54 | HEARTBEAT | SYSTEM | EA alive. Tick=70200 Equity=45490.80 OpenPos=0 UTC=2026.03.05 15:10 DayOfWeek=4 WeekendCloseActive=NO NewTradeBlocked=NO | 70200.000000
EH	0	08:11:35.386	Cazyxio_v4.1 (EURUSD,M15)	2026.03.05 15:11:35 | HEARTBEAT | SYSTEM | EA alive. Tick=70300 Equity=45490.80 OpenPos=0 UTC=2026.03.05 15:11 DayOfWeek=4 WeekendCloseActive=NO NewTradeBlocked=NO | 70300.000000
OL	0	08:12:18.635	Cazyxio_v4.1 (EURUSD,M15)	2026.03.05 15:12:18 | HEARTBEAT | SYSTEM | EA alive. Tick=70400 Equity=45490.80 OpenPos=0 UTC=2026.03.05 15:12 DayOfWeek=4 WeekendCloseActive=NO NewTradeBlocked=NO | 70400.000000
KP	0	08:13:04.621	Cazyxio_v4.1 (EURUSD,M15)	2026.03.05 15:13:04 | HEARTBEAT | SYSTEM | EA alive. Tick=70500 Equity=45490.80 OpenPos=0 UTC=2026.03.05 15:13 DayOfWeek=4 WeekendCloseActive=NO NewTradeBlocked=NO | 70500.000000
PD	0	08:13:44.473	Cazyxio_v4.1 (EURUSD,M15)	2026.03.05 15:13:44 | HEARTBEAT | SYSTEM | EA alive. Tick=70600 Equity=45490.80 OpenPos=0 UTC=2026.03.05 15:13 DayOfWeek=4 WeekendCloseActive=NO NewTradeBlocked=NO | 70600.000000
CH	0	08:14:17.596	Cazyxio_v4.1 (EURUSD,M15)	2026.03.05 15:14:17 | HEARTBEAT | SYSTEM | EA alive. Tick=70700 Equity=45490.80 OpenPos=0 UTC=2026.03.05 15:14 DayOfWeek=4 WeekendCloseActive=NO NewTradeBlocked=NO | 70700.000000
EL	0	08:15:00.832	Cazyxio_v4.1 (EURUSD,M15)	2026.03.05 15:15:00 | HEARTBEAT | SYSTEM | EA alive. Tick=70800 Equity=45490.80 OpenPos=0 UTC=2026.03.05 15:15 DayOfWeek=4 WeekendCloseActive=NO NewTradeBlocked=NO | 70800.000000
IN	0	08:15:01.834	Cazyxio_v4.1 (EURUSD,M15)	2026.03.05 15:15:01 | BAR | EURUSD | close=1.15999 h4ema200=1.17661 h4slope=DOWN ema50=1.16105 atr=0.001071 atrSma=0.000871 atrRatio=1.229 dir=SHORT spread=19.0 spreadOK=YES atrGate=PASS touch=PASS momCandle=ZERO_RANGE_BAR barRange=0.000000 minBarRange=0.000321 (0.30xATR) momClosePos=0.500(forced) momOk=N ema50Ok=Y barRange=0.000000 zeroRangeBar=YES trigger=NO hasPos=NO portRisk=0.00% openPos=0 | 1.159990
LK	0	08:15:01.834	Cazyxio_v4.1 (EURUSD,M15)	2026.03.05 15:15:01 | GATE_FAIL | EURUSD | Zero-range bar FAIL (v4.1 fix). barRange=0.000000 < minBarRange=0.000321 (0.30x ATR). Doji/flat bar excluded from momentum evaluation.
QN	0	08:15:01.834	Cazyxio_v4.1 (EURUSD,M15)	2026.03.05 15:15:01 | BAR | USDJPY | close=157.555 h4ema200=155.758 h4slope=UP ema50=157.317 atr=0.111357 atrSma=0.115876 atrRatio=0.961 dir=LONG spread=20.0 spreadOK=YES atrGate=PASS touch=FAIL momCandle=ZERO_RANGE_BAR barRange=0.000000 minBarRange=0.033407 (0.30xATR) momClosePos=0.500(forced) momOk=N ema50Ok=Y barRange=0.000000 zeroRangeBar=YES trigger=NO hasPos=NO portRisk=0.00% openPos=0 | 157.555000
ME	0	08:15:01.834	Cazyxio_v4.1 (EURUSD,M15)	2026.03.05 15:15:01 | GATE_FAIL | USDJPY | Touch/pullback gate FAIL. Price has not approached EMA50 within last 12 bars (within 0.60 ATR). v4.1 tolerance=0.60x (tightened from v4.0 1.00x).
IE	0	08:15:01.834	Cazyxio_v4.1 (EURUSD,M15)	2026.03.05 15:15:01 | BAR | AUDUSD | close=0.70324 h4ema200=0.69915 h4slope=UP ema50=0.70432 atr=0.001148 atrSma=0.000914 atrRatio=1.255 dir=LONG spread=19.0 spreadOK=YES atrGate=PASS touch=PASS momCandle=ZERO_RANGE_BAR barRange=0.000000 minBarRange=0.000344 (0.30xATR) momClosePos=0.500(forced) momOk=N ema50Ok=Y barRange=0.000000 zeroRangeBar=YES trigger=NO hasPos=NO portRisk=0.00% openPos=0 | 0.703240
QL	0	08:15:01.834	Cazyxio_v4.1 (EURUSD,M15)	2026.03.05 15:15:01 | GATE_FAIL | AUDUSD | Zero-range bar FAIL (v4.1 fix). barRange=0.000000 < minBarRange=0.000344 (0.30x ATR). Doji/flat bar excluded from momentum evaluation.
NM	0	08:15:01.834	Cazyxio_v4.1 (EURUSD,M15)	2026.03.05 15:15:01 | BAR | USDCAD | close=1.36499 h4ema200=1.36856 h4slope=DOWN ema50=1.36439 atr=0.001061 atrSma=0.000851 atrRatio=1.247 dir=SHORT spread=27.0 spreadOK=YES atrGate=PASS touch=PASS momCandle=ZERO_RANGE_BAR barRange=0.000000 minBarRange=0.000318 (0.30xATR) momClosePos=0.500(forced) momOk=N ema50Ok=Y barRange=0.000000 zeroRangeBar=YES trigger=NO hasPos=NO portRisk=0.00% openPos=0 | 1.364990
NI	0	08:15:01.834	Cazyxio_v4.1 (EURUSD,M15)	2026.03.05 15:15:01 | GATE_FAIL | USDCAD | Zero-range bar FAIL (v4.1 fix). barRange=0.000000 < minBarRange=0.000318 (0.30x ATR). Doji/flat bar excluded from momentum evaluation.
IP	0	08:15:02.081	Cazyxio_v4.1 (EURUSD,M15)	2026.03.05 15:15:02 | BAR | GBPUSD | close=1.33428 h4ema200=1.35044 h4slope=DOWN ema50=1.33485 atr=0.001295 atrSma=0.001152 atrRatio=1.124 dir=SHORT spread=26.0 spreadOK=YES atrGate=PASS touch=PASS momCandle=ZERO_RANGE_BAR barRange=0.000000 minBarRange=0.000388 (0.30xATR) momClosePos=0.500(forced) momOk=N ema50Ok=Y barRange=0.000000 zeroRangeBar=YES trigger=NO hasPos=NO portRisk=0.00% openPos=0 | 1.334280
DG	0	08:15:02.081	Cazyxio_v4.1 (EURUSD,M15)	2026.03.05 15:15:02 | GATE_FAIL | GBPUSD | Zero-range bar FAIL (v4.1 fix). barRange=0.000000 < minBarRange=0.000388 (0.30x ATR). Doji/flat bar excluded from momentum evaluation.
LJ	0	08:15:02.081	Cazyxio_v4.1 (EURUSD,M15)	2026.03.05 15:15:02 | BAR | GBPJPY | close=210.227 h4ema200=210.348 h4slope=DOWN ema50=209.999 atr=0.156929 atrSma=0.156449 atrRatio=1.003 dir=SHORT spread=50.0 spreadOK=NO atrGate=PASS touch=FAIL momCandle=ZERO_RANGE_BAR barRange=0.000000 minBarRange=0.047079 (0.30xATR) momClosePos=0.500(forced) momOk=N ema50Ok=Y barRange=0.000000 zeroRangeBar=YES trigger=NO hasPos=NO portRisk=0.00% openPos=0 | 210.227000
JR	0	08:15:02.081	Cazyxio_v4.1 (EURUSD,M15)	2026.03.05 15:15:02 | GATE_FAIL | GBPJPY | Spread too wide. Spread=50.0 Max=30 points.
KQ	0	08:15:41.999	Cazyxio_v4.1 (EURUSD,M15)	2026.03.05 15:15:41 | HEARTBEAT | SYSTEM | EA alive. Tick=70900 Equity=45490.80 OpenPos=0 UTC=2026.03.05 15:15 DayOfWeek=4 WeekendCloseActive=NO NewTradeBlocked=NO | 70900.000000
IE	0	08:16:21.260	Cazyxio_v4.1 (EURUSD,M15)	2026.03.05 15:16:21 | HEARTBEAT | SYSTEM | EA alive. Tick=71000 Equity=45490.80 OpenPos=0 UTC=2026.03.05 15:16 DayOfWeek=4 WeekendCloseActive=NO NewTradeBlocked=NO | 71000.000000
KI	0	08:17:05.193	Cazyxio_v4.1 (EURUSD,M15)	2026.03.05 15:17:05 | HEARTBEAT | SYSTEM | EA alive. Tick=71100 Equity=45490.80 OpenPos=0 UTC=2026.03.05 15:17 DayOfWeek=4 WeekendCloseActive=NO NewTradeBlocked=NO | 71100.000000
IM	0	08:17:51.137	Cazyxio_v4.1 (EURUSD,M15)	2026.03.05 15:17:51 | HEARTBEAT | SYSTEM | EA alive. Tick=71200 Equity=45490.80 OpenPos=0 UTC=2026.03.05 15:17 DayOfWeek=4 WeekendCloseActive=NO NewTradeBlocked=NO | 71200.000000
PQ	0	08:18:37.717	Cazyxio_v4.1 (EURUSD,M15)	2026.03.05 15:18:37 | HEARTBEAT | SYSTEM | EA alive. Tick=71300 Equity=45490.80 OpenPos=0 UTC=2026.03.05 15:18 DayOfWeek=4 WeekendCloseActive=NO NewTradeBlocked=NO | 71300.000000
FE	0	08:19:20.806	Cazyxio_v4.1 (EURUSD,M15)	2026.03.05 15:19:20 | HEARTBEAT | SYSTEM | EA alive. Tick=71400 Equity=45490.80 OpenPos=0 UTC=2026.03.05 15:19 DayOfWeek=4 WeekendCloseActive=NO NewTradeBlocked=NO | 71400.000000
RI	0	08:19:58.882	Cazyxio_v4.1 (EURUSD,M15)	2026.03.05 15:19:58 | HEARTBEAT | SYSTEM | EA alive. Tick=71500 Equity=45490.80 OpenPos=0 UTC=2026.03.05 15:19 DayOfWeek=4 WeekendCloseActive=NO NewTradeBlocked=NO | 71500.000000
RM	0	08:20:37.190	Cazyxio_v4.1 (EURUSD,M15)	2026.03.05 15:20:37 | HEARTBEAT | SYSTEM | EA alive. Tick=71600 Equity=45490.80 OpenPos=0 UTC=2026.03.05 15:20 DayOfWeek=4 WeekendCloseActive=NO NewTradeBlocked=NO | 71600.000000
GQ	0	08:21:21.741	Cazyxio_v4.1 (EURUSD,M15)	2026.03.05 15:21:21 | HEARTBEAT | SYSTEM | EA alive. Tick=71700 Equity=45490.80 OpenPos=0 UTC=2026.03.05 15:21 DayOfWeek=4 WeekendCloseActive=NO NewTradeBlocked=NO | 71700.000000
DE	0	08:22:15.477	Cazyxio_v4.1 (EURUSD,M15)	2026.03.05 15:22:15 | HEARTBEAT | SYSTEM | EA alive. Tick=71800 Equity=45490.80 OpenPos=0 UTC=2026.03.05 15:22 DayOfWeek=4 WeekendCloseActive=NO NewTradeBlocked=NO | 71800.000000
FI	0	08:23:14.689	Cazyxio_v4.1 (EURUSD,M15)	2026.03.05 15:23:14 | HEARTBEAT | SYSTEM | EA alive. Tick=71900 Equity=45490.80 OpenPos=0 UTC=2026.03.05 15:23 DayOfWeek=4 WeekendCloseActive=NO NewTradeBlocked=NO | 71900.000000
OM	0	08:24:04.870	Cazyxio_v4.1 (EURUSD,M15)	2026.03.05 15:24:04 | HEARTBEAT | SYSTEM | EA alive. Tick=72000 Equity=45490.80 OpenPos=0 UTC=2026.03.05 15:24 DayOfWeek=4 WeekendCloseActive=NO NewTradeBlocked=NO | 72000.000000
JQ	0	08:24:44.370	Cazyxio_v4.1 (EURUSD,M15)	2026.03.05 15:24:44 | HEARTBEAT | SYSTEM | EA alive. Tick=72100 Equity=45490.80 OpenPos=0 UTC=2026.03.05 15:24 DayOfWeek=4 WeekendCloseActive=NO NewTradeBlocked=NO | 72100.000000
CE	0	08:25:25.705	Cazyxio_v4.1 (EURUSD,M15)	2026.03.05 15:25:25 | HEARTBEAT | SYSTEM | EA alive. Tick=72200 Equity=45490.80 OpenPos=0 UTC=2026.03.05 15:25 DayOfWeek=4 WeekendCloseActive=NO NewTradeBlocked=NO | 72200.000000
KI	0	08:26:06.238	Cazyxio_v4.1 (EURUSD,M15)	2026.03.05 15:26:06 | HEARTBEAT | SYSTEM | EA alive. Tick=72300 Equity=45490.80 OpenPos=0 UTC=2026.03.05 15:26 DayOfWeek=4 WeekendCloseActive=NO NewTradeBlocked=NO | 72300.000000
OM	0	08:26:41.580	Cazyxio_v4.1 (EURUSD,M15)	2026.03.05 15:26:41 | HEARTBEAT | SYSTEM | EA alive. Tick=72400 Equity=45490.80 OpenPos=0 UTC=2026.03.05 15:26 DayOfWeek=4 WeekendCloseActive=NO NewTradeBlocked=NO | 72400.000000
FQ	0	08:27:16.553	Cazyxio_v4.1 (EURUSD,M15)	2026.03.05 15:27:16 | HEARTBEAT | SYSTEM | EA alive. Tick=72500 Equity=45490.80 OpenPos=0 UTC=2026.03.05 15:27 DayOfWeek=4 WeekendCloseActive=NO NewTradeBlocked=NO | 72500.000000
HE	0	08:27:53.216	Cazyxio_v4.1 (EURUSD,M15)	2026.03.05 15:27:53 | HEARTBEAT | SYSTEM | EA alive. Tick=72600 Equity=45490.80 OpenPos=0 UTC=2026.03.05 15:27 DayOfWeek=4 WeekendCloseActive=NO NewTradeBlocked=NO | 72600.000000
EI	0	08:28:36.793	Cazyxio_v4.1 (EURUSD,M15)	2026.03.05 15:28:36 | HEARTBEAT | SYSTEM | EA alive. Tick=72700 Equity=45490.80 OpenPos=0 UTC=2026.03.05 15:28 DayOfWeek=4 WeekendCloseActive=NO NewTradeBlocked=NO | 72700.000000
NM	0	08:29:17.162	Cazyxio_v4.1 (EURUSD,M15)	2026.03.05 15:29:17 | HEARTBEAT | SYSTEM | EA alive. Tick=72800 Equity=45490.80 OpenPos=0 UTC=2026.03.05 15:29 DayOfWeek=4 WeekendCloseActive=NO NewTradeBlocked=NO | 72800.000000
EQ	0	08:29:59.682	Cazyxio_v4.1 (EURUSD,M15)	2026.03.05 15:29:59 | HEARTBEAT | SYSTEM | EA alive. Tick=72900 Equity=45490.80 OpenPos=0 UTC=2026.03.05 15:29 DayOfWeek=4 WeekendCloseActive=NO NewTradeBlocked=NO | 72900.000000
JK	0	08:30:01.709	Cazyxio_v4.1 (EURUSD,M15)	2026.03.05 15:30:01 | BAR | EURUSD | close=1.15796 h4ema200=1.17659 h4slope=DOWN ema50=1.16085 atr=0.001205 atrSma=0.000873 atrRatio=1.381 dir=SHORT spread=16.0 spreadOK=YES atrGate=PASS touch=PASS momCandle=ZERO_RANGE_BAR barRange=0.000000 minBarRange=0.000362 (0.30xATR) momClosePos=0.500(forced) momOk=N ema50Ok=Y barRange=0.000000 zeroRangeBar=YES trigger=NO hasPos=NO portRisk=0.00% openPos=0 | 1.157960
HH	0	08:30:01.709	Cazyxio_v4.1 (EURUSD,M15)	2026.03.05 15:30:01 | GATE_FAIL | EURUSD | Zero-range bar FAIL (v4.1 fix). barRange=0.000000 < minBarRange=0.000362 (0.30x ATR). Doji/flat bar excluded from momentum evaluation.
DM	0	08:30:01.709	Cazyxio_v4.1 (EURUSD,M15)	2026.03.05 15:30:01 | BAR | USDJPY | close=157.678 h4ema200=155.759 h4slope=UP ema50=157.336 atr=0.116071 atrSma=0.115573 atrRatio=1.004 dir=LONG spread=15.0 spreadOK=YES atrGate=PASS touch=FAIL momCandle=ZERO_RANGE_BAR barRange=0.000000 minBarRange=0.034821 (0.30xATR) momClosePos=0.500(forced) momOk=N ema50Ok=Y barRange=0.000000 zeroRangeBar=YES trigger=NO hasPos=NO portRisk=0.00% openPos=0 | 157.678000
DG	0	08:30:01.709	Cazyxio_v4.1 (EURUSD,M15)	2026.03.05 15:30:01 | GATE_FAIL | USDJPY | Touch/pullback gate FAIL. Price has not approached EMA50 within last 12 bars (within 0.60 ATR). v4.1 tolerance=0.60x (tightened from v4.0 1.00x).
JF	0	08:30:01.709	Cazyxio_v4.1 (EURUSD,M15)	2026.03.05 15:30:01 | BAR | USDCAD | close=1.36757 h4ema200=1.36858 h4slope=DOWN ema50=1.36461 atr=0.001225 atrSma=0.000853 atrRatio=1.437 dir=SHORT spread=26.0 spreadOK=YES atrGate=PASS touch=PASS momCandle=ZERO_RANGE_BAR barRange=0.000000 minBarRange=0.000367 (0.30xATR) momClosePos=0.500(forced) momOk=N ema50Ok=Y barRange=0.000000 zeroRangeBar=YES trigger=NO hasPos=NO portRisk=0.00% openPos=0 | 1.367570
OS	0	08:30:01.709	Cazyxio_v4.1 (EURUSD,M15)	2026.03.05 15:30:01 | GATE_FAIL | USDCAD | Zero-range bar FAIL (v4.1 fix). barRange=0.000000 < minBarRange=0.000367 (0.30x ATR). Doji/flat bar excluded from momentum evaluation.
FK	0	08:30:02.464	Cazyxio_v4.1 (EURUSD,M15)	2026.03.05 15:30:02 | BAR | GBPUSD | close=1.33275 h4ema200=1.35042 h4slope=DOWN ema50=1.33471 atr=0.001365 atrSma=0.001150 atrRatio=1.187 dir=SHORT spread=20.0 spreadOK=YES atrGate=PASS touch=PASS momCandle=ZERO_RANGE_BAR barRange=0.000010 minBarRange=0.000410 (0.30xATR) momClosePos=0.500(forced) momOk=N ema50Ok=Y barRange=0.000010 zeroRangeBar=YES trigger=NO hasPos=NO portRisk=0.00% openPos=0 | 1.332750
NN	0	08:30:02.464	Cazyxio_v4.1 (EURUSD,M15)	2026.03.05 15:30:02 | GATE_FAIL | GBPUSD | Zero-range bar FAIL (v4.1 fix). barRange=0.000010 < minBarRange=0.000410 (0.30x ATR). Doji/flat bar excluded from momentum evaluation.
HR	0	08:30:02.464	Cazyxio_v4.1 (EURUSD,M15)	2026.03.05 15:30:02 | BAR | AUDUSD | close=0.70145 h4ema200=0.69913 h4slope=UP ema50=0.70415 atr=0.001245 atrSma=0.000916 atrRatio=1.360 dir=LONG spread=19.0 spreadOK=YES atrGate=PASS touch=PASS momCandle=ZERO_RANGE_BAR barRange=0.000030 minBarRange=0.000373 (0.30xATR) momClosePos=0.500(forced) momOk=N ema50Ok=Y barRange=0.000030 zeroRangeBar=YES trigger=NO hasPos=NO portRisk=0.00% openPos=0 | 0.701450
MJ	0	08:30:02.464	Cazyxio_v4.1 (EURUSD,M15)	2026.03.05 15:30:02 | GATE_FAIL | AUDUSD | Zero-range bar FAIL (v4.1 fix). barRange=0.000030 < minBarRange=0.000373 (0.30x ATR). Doji/flat bar excluded from momentum evaluation.
NO	0	08:30:02.464	Cazyxio_v4.1 (EURUSD,M15)	2026.03.05 15:30:02 | BAR | GBPJPY | close=210.154 h4ema200=210.347 h4slope=DOWN ema50=210.002 atr=0.163714 atrSma=0.156551 atrRatio=1.046 dir=SHORT spread=41.0 spreadOK=NO atrGate=PASS touch=FAIL momCandle=ZERO_RANGE_BAR barRange=0.002000 minBarRange=0.049114 (0.30xATR) momClosePos=0.500(forced) momOk=N ema50Ok=Y barRange=0.002000 zeroRangeBar=YES trigger=NO hasPos=NO portRisk=0.00% openPos=0 | 210.154000
IQ	0	08:30:02.464	Cazyxio_v4.1 (EURUSD,M15)	2026.03.05 15:30:02 | GATE_FAIL | GBPJPY | Spread too wide. Spread=41.0 Max=30 points.
QS	0	08:30:33.655	Cazyxio_v4.1 (EURUSD,M15)	2026.03.05 15:30:33 | HEARTBEAT | SYSTEM | EA alive. Tick=73000 Equity=45490.80 OpenPos=0 UTC=2026.03.05 15:30 DayOfWeek=4 WeekendCloseActive=NO NewTradeBlocked=NO | 73000.000000
NG	0	08:31:19.983	Cazyxio_v4.1 (EURUSD,M15)	2026.03.05 15:31:19 | HEARTBEAT | SYSTEM | EA alive. Tick=73100 Equity=45490.80 OpenPos=0 UTC=2026.03.05 15:31 DayOfWeek=4 WeekendCloseActive=NO NewTradeBlocked=NO | 73100.000000
PK	0	08:32:02.304	Cazyxio_v4.1 (EURUSD,M15)	2026.03.05 15:32:02 | HEARTBEAT | SYSTEM | EA alive. Tick=73200 Equity=45490.80 OpenPos=0 UTC=2026.03.05 15:32 DayOfWeek=4 WeekendCloseActive=NO NewTradeBlocked=NO | 73200.000000
JO	0	08:32:57.940	Cazyxio_v4.1 (EURUSD,M15)	2026.03.05 15:32:57 | HEARTBEAT | SYSTEM | EA alive. Tick=73300 Equity=45490.80 OpenPos=0 UTC=2026.03.05 15:32 DayOfWeek=4 WeekendCloseActive=NO NewTradeBlocked=NO | 73300.000000
NS	0	08:33:47.563	Cazyxio_v4.1 (EURUSD,M15)	2026.03.05 15:33:47 | HEARTBEAT | SYSTEM | EA alive. Tick=73400 Equity=45490.80 OpenPos=0 UTC=2026.03.05 15:33 DayOfWeek=4 WeekendCloseActive=NO NewTradeBlocked=NO | 73400.000000
OG	0	08:34:28.110	Cazyxio_v4.1 (EURUSD,M15)	2026.03.05 15:34:28 | HEARTBEAT | SYSTEM | EA alive. Tick=73500 Equity=45490.80 OpenPos=0 UTC=2026.03.05 15:34 DayOfWeek=4 WeekendCloseActive=NO NewTradeBlocked=NO | 73500.000000
EK	0	08:35:11.168	Cazyxio_v4.1 (EURUSD,M15)	2026.03.05 15:35:11 | HEARTBEAT | SYSTEM | EA alive. Tick=73600 Equity=45490.80 OpenPos=0 UTC=2026.03.05 15:35 DayOfWeek=4 WeekendCloseActive=NO NewTradeBlocked=NO | 73600.000000
EO	0	08:35:55.834	Cazyxio_v4.1 (EURUSD,M15)	2026.03.05 15:35:55 | HEARTBEAT | SYSTEM | EA alive. Tick=73700 Equity=45490.80 OpenPos=0 UTC=2026.03.05 15:35 DayOfWeek=4 WeekendCloseActive=NO NewTradeBlocked=NO | 73700.000000
RS	0	08:36:43.076	Cazyxio_v4.1 (EURUSD,M15)	2026.03.05 15:36:43 | HEARTBEAT | SYSTEM | EA alive. Tick=73800 Equity=45490.80 OpenPos=0 UTC=2026.03.05 15:36 DayOfWeek=4 WeekendCloseActive=NO NewTradeBlocked=NO | 73800.000000
MG	0	08:37:23.630	Cazyxio_v4.1 (EURUSD,M15)	2026.03.05 15:37:23 | HEARTBEAT | SYSTEM | EA alive. Tick=73900 Equity=45490.80 OpenPos=0 UTC=2026.03.05 15:37 DayOfWeek=4 WeekendCloseActive=NO NewTradeBlocked=NO | 73900.000000
MK	0	08:38:00.974	Cazyxio_v4.1 (EURUSD,M15)	2026.03.05 15:38:00 | HEARTBEAT | SYSTEM | EA alive. Tick=74000 Equity=45490.80 OpenPos=0 UTC=2026.03.05 15:38 DayOfWeek=4 WeekendCloseActive=NO NewTradeBlocked=NO | 74000.000000
JO	0	08:38:42.362	Cazyxio_v4.1 (EURUSD,M15)	2026.03.05 15:38:42 | HEARTBEAT | SYSTEM | EA alive. Tick=74100 Equity=45490.80 OpenPos=0 UTC=2026.03.05 15:38 DayOfWeek=4 WeekendCloseActive=NO NewTradeBlocked=NO | 74100.000000
QS	0	08:39:20.681	Cazyxio_v4.1 (EURUSD,M15)	2026.03.05 15:39:20 | HEARTBEAT | SYSTEM | EA alive. Tick=74200 Equity=45490.80 OpenPos=0 UTC=2026.03.05 15:39 DayOfWeek=4 WeekendCloseActive=NO NewTradeBlocked=NO | 74200.000000
PG	0	08:40:12.615	Cazyxio_v4.1 (EURUSD,M15)	2026.03.05 15:40:12 | HEARTBEAT | SYSTEM | EA alive. Tick=74300 Equity=45490.80 OpenPos=0 UTC=2026.03.05 15:40 DayOfWeek=4 WeekendCloseActive=NO NewTradeBlocked=NO | 74300.000000
LK	0	08:40:58.143	Cazyxio_v4.1 (EURUSD,M15)	2026.03.05 15:40:58 | HEARTBEAT | SYSTEM | EA alive. Tick=74400 Equity=45490.80 OpenPos=0 UTC=2026.03.05 15:40 DayOfWeek=4 WeekendCloseActive=NO NewTradeBlocked=NO | 74400.000000
HO	0	08:41:38.874	Cazyxio_v4.1 (EURUSD,M15)	2026.03.05 15:41:38 | HEARTBEAT | SYSTEM | EA alive. Tick=74500 Equity=45490.80 OpenPos=0 UTC=2026.03.05 15:41 DayOfWeek=4 WeekendCloseActive=NO NewTradeBlocked=NO | 74500.000000
JS	0	08:42:20.947	Cazyxio_v4.1 (EURUSD,M15)	2026.03.05 15:42:20 | HEARTBEAT | SYSTEM | EA alive. Tick=74600 Equity=45490.80 OpenPos=0 UTC=2026.03.05 15:42 DayOfWeek=4 WeekendCloseActive=NO NewTradeBlocked=NO | 74600.000000
KG	0	08:43:16.730	Cazyxio_v4.1 (EURUSD,M15)	2026.03.05 15:43:16 | HEARTBEAT | SYSTEM | EA alive. Tick=74700 Equity=45490.80 OpenPos=0 UTC=2026.03.05 15:43 DayOfWeek=4 WeekendCloseActive=NO NewTradeBlocked=NO | 74700.000000
LK	0	08:43:53.577	Cazyxio_v4.1 (EURUSD,M15)	2026.03.05 15:43:53 | HEARTBEAT | SYSTEM | EA alive. Tick=74800 Equity=45490.80 OpenPos=0 UTC=2026.03.05 15:43 DayOfWeek=4 WeekendCloseActive=NO NewTradeBlocked=NO | 74800.000000
KO	0	08:44:45.407	Cazyxio_v4.1 (EURUSD,M15)	2026.03.05 15:44:45 | HEARTBEAT | SYSTEM | EA alive. Tick=74900 Equity=45490.80 OpenPos=0 UTC=2026.03.05 15:44 DayOfWeek=4 WeekendCloseActive=NO NewTradeBlocked=NO | 74900.000000
FM	0	08:45:01.703	Cazyxio_v4.1 (EURUSD,M15)	2026.03.05 15:45:01 | BAR | EURUSD | close=1.15717 h4ema200=1.17658 h4slope=DOWN ema50=1.16068 atr=0.001189 atrSma=0.000873 atrRatio=1.362 dir=SHORT spread=18.0 spreadOK=YES atrGate=PASS touch=PASS momCandle=ZERO_RANGE_BAR barRange=0.000000 minBarRange=0.000357 (0.30xATR) momClosePos=0.500(forced) momOk=N ema50Ok=Y barRange=0.000000 zeroRangeBar=YES trigger=NO hasPos=NO portRisk=0.00% openPos=0 | 1.157170
RI	0	08:45:01.703	Cazyxio_v4.1 (EURUSD,M15)	2026.03.05 15:45:01 | GATE_FAIL | EURUSD | Zero-range bar FAIL (v4.1 fix). barRange=0.000000 < minBarRange=0.000357 (0.30x ATR). Doji/flat bar excluded from momentum evaluation.
EL	0	08:45:01.703	Cazyxio_v4.1 (EURUSD,M15)	2026.03.05 15:45:01 | BAR | GBPJPY | close=209.999 h4ema200=210.346 h4slope=DOWN ema50=209.996 atr=0.165429 atrSma=0.156535 atrRatio=1.057 dir=SHORT spread=44.0 spreadOK=NO atrGate=PASS touch=PASS momCandle=ZERO_RANGE_BAR barRange=0.000000 minBarRange=0.049629 (0.30xATR) momClosePos=0.500(forced) momOk=N ema50Ok=Y barRange=0.000000 zeroRangeBar=YES trigger=NO hasPos=NO portRisk=0.00% openPos=0 | 209.999000
DG	0	08:45:01.703	Cazyxio_v4.1 (EURUSD,M15)	2026.03.05 15:45:01 | GATE_FAIL | GBPJPY | Spread too wide. Spread=44.0 Max=30 points.
GJ	0	08:45:01.958	Cazyxio_v4.1 (EURUSD,M15)	2026.03.05 15:45:01 | BAR | GBPUSD | close=1.33124 h4ema200=1.35041 h4slope=DOWN ema50=1.33451 atr=0.001357 atrSma=0.001148 atrRatio=1.182 dir=SHORT spread=23.0 spreadOK=YES atrGate=PASS touch=PASS momCandle=ZERO_RANGE_BAR barRange=0.000000 minBarRange=0.000407 (0.30xATR) momClosePos=0.500(forced) momOk=N ema50Ok=Y barRange=0.000000 zeroRangeBar=YES trigger=NO hasPos=NO portRisk=0.00% openPos=0 | 1.331240
MN	0	08:45:01.958	Cazyxio_v4.1 (EURUSD,M15)	2026.03.05 15:45:01 | GATE_FAIL | GBPUSD | Zero-range bar FAIL (v4.1 fix). barRange=0.000000 < minBarRange=0.000407 (0.30x ATR). Doji/flat bar excluded from momentum evaluation.
NR	0	08:45:01.958	Cazyxio_v4.1 (EURUSD,M15)	2026.03.05 15:45:01 | BAR | USDJPY | close=157.739 h4ema200=155.760 h4slope=UP ema50=157.354 atr=0.114286 atrSma=0.115276 atrRatio=0.991 dir=LONG spread=18.0 spreadOK=YES atrGate=PASS touch=FAIL momCandle=ZERO_RANGE_BAR barRange=0.000000 minBarRange=0.034286 (0.30xATR) momClosePos=0.500(forced) momOk=N ema50Ok=Y barRange=0.000000 zeroRangeBar=YES trigger=NO hasPos=NO portRisk=0.00% openPos=0 | 157.739000
PF	0	08:45:01.958	Cazyxio_v4.1 (EURUSD,M15)	2026.03.05 15:45:01 | GATE_FAIL | USDJPY | Touch/pullback gate FAIL. Price has not approached EMA50 within last 12 bars (within 0.60 ATR). v4.1 tolerance=0.60x (tightened from v4.0 1.00x).
PH	0	08:45:01.958	Cazyxio_v4.1 (EURUSD,M15)	2026.03.05 15:45:01 | BAR | AUDUSD | close=0.70050 h4ema200=0.69912 h4slope=UP ema50=0.70397 atr=0.001249 atrSma=0.000916 atrRatio=1.364 dir=LONG spread=20.0 spreadOK=YES atrGate=PASS touch=PASS momCandle=ZERO_RANGE_BAR barRange=0.000000 minBarRange=0.000375 (0.30xATR) momClosePos=0.500(forced) momOk=N ema50Ok=Y barRange=0.000000 zeroRangeBar=YES trigger=NO hasPos=NO portRisk=0.00% openPos=0 | 0.700500
FS	0	08:45:01.958	Cazyxio_v4.1 (EURUSD,M15)	2026.03.05 15:45:01 | GATE_FAIL | AUDUSD | Zero-range bar FAIL (v4.1 fix). barRange=0.000000 < minBarRange=0.000375 (0.30x ATR). Doji/flat bar excluded from momentum evaluation.
HK	0	08:45:01.958	Cazyxio_v4.1 (EURUSD,M15)	2026.03.05 15:45:01 | BAR | USDCAD | close=1.36862 h4ema200=1.36859 h4slope=DOWN ema50=1.36480 atr=0.001283 atrSma=0.000854 atrRatio=1.503 dir=NONE spread=27.0 spreadOK=YES atrGate=PASS touch=FAIL momCandle= zeroRangeBar=NO trigger=NO hasPos=NO portRisk=0.00% openPos=0 | 1.368620
IR	0	08:45:01.958	Cazyxio_v4.1 (EURUSD,M15)	2026.03.05 15:45:01 | GATE_FAIL | USDCAD | No directional bias. h4slope=DOWN closeNow=1.36862 h4ema200=1.36859. Need H4 slope + price on correct side of H4 EMA200.
ER	0	08:45:23.897	Cazyxio_v4.1 (EURUSD,M15)	2026.03.05 15:45:23 | HEARTBEAT | SYSTEM | EA alive. Tick=75000 Equity=45490.80 OpenPos=0 UTC=2026.03.05 15:45 DayOfWeek=4 WeekendCloseActive=NO NewTradeBlocked=NO | 75000.000000
DF	0	08:45:58.445	Cazyxio_v4.1 (EURUSD,M15)	2026.03.05 15:45:58 | HEARTBEAT | SYSTEM | EA alive. Tick=75100 Equity=45490.80 OpenPos=0 UTC=2026.03.05 15:45 DayOfWeek=4 WeekendCloseActive=NO NewTradeBlocked=NO | 75100.000000
GJ	0	08:46:40.416	Cazyxio_v4.1 (EURUSD,M15)	2026.03.05 15:46:40 | HEARTBEAT | SYSTEM | EA alive. Tick=75200 Equity=45490.80 OpenPos=0 UTC=2026.03.05 15:46 DayOfWeek=4 WeekendCloseActive=NO NewTradeBlocked=NO | 75200.000000
LN	0	08:47:18.807	Cazyxio_v4.1 (EURUSD,M15)	2026.03.05 15:47:18 | HEARTBEAT | SYSTEM | EA alive. Tick=75300 Equity=45490.80 OpenPos=0 UTC=2026.03.05 15:47 DayOfWeek=4 WeekendCloseActive=NO NewTradeBlocked=NO | 75300.000000
GR	0	08:48:11.368	Cazyxio_v4.1 (EURUSD,M15)	2026.03.05 15:48:11 | HEARTBEAT | SYSTEM | EA alive. Tick=75400 Equity=45490.80 OpenPos=0 UTC=2026.03.05 15:48 DayOfWeek=4 WeekendCloseActive=NO NewTradeBlocked=NO | 75400.000000
NF	0	08:48:59.121	Cazyxio_v4.1 (EURUSD,M15)	2026.03.05 15:48:59 | HEARTBEAT | SYSTEM | EA alive. Tick=75500 Equity=45490.80 OpenPos=0 UTC=2026.03.05 15:48 DayOfWeek=4 WeekendCloseActive=NO NewTradeBlocked=NO | 75500.000000
LJ	0	08:49:39.199	Cazyxio_v4.1 (EURUSD,M15)	2026.03.05 15:49:39 | HEARTBEAT | SYSTEM | EA alive. Tick=75600 Equity=45490.80 OpenPos=0 UTC=2026.03.05 15:49 DayOfWeek=4 WeekendCloseActive=NO NewTradeBlocked=NO | 75600.000000
DN	0	08:50:14.098	Cazyxio_v4.1 (EURUSD,M15)	2026.03.05 15:50:14 | HEARTBEAT | SYSTEM | EA alive. Tick=75700 Equity=45490.80 OpenPos=0 UTC=2026.03.05 15:50 DayOfWeek=4 WeekendCloseActive=NO NewTradeBlocked=NO | 75700.000000
MR	0	08:50:55.497	Cazyxio_v4.1 (EURUSD,M15)	2026.03.05 15:50:55 | HEARTBEAT | SYSTEM | EA alive. Tick=75800 Equity=45490.80 OpenPos=0 UTC=2026.03.05 15:50 DayOfWeek=4 WeekendCloseActive=NO NewTradeBlocked=NO | 75800.000000
KF	0	08:51:37.977	Cazyxio_v4.1 (EURUSD,M15)	2026.03.05 15:51:37 | HEARTBEAT | SYSTEM | EA alive. Tick=75900 Equity=45490.80 OpenPos=0 UTC=2026.03.05 15:51 DayOfWeek=4 WeekendCloseActive=NO NewTradeBlocked=NO | 75900.000000
HJ	0	08:52:17.227	Cazyxio_v4.1 (EURUSD,M15)	2026.03.05 15:52:17 | HEARTBEAT | SYSTEM | EA alive. Tick=76000 Equity=45490.80 OpenPos=0 UTC=2026.03.05 15:52 DayOfWeek=4 WeekendCloseActive=NO NewTradeBlocked=NO | 76000.000000
CN	0	08:53:07.443	Cazyxio_v4.1 (EURUSD,M15)	2026.03.05 15:53:07 | HEARTBEAT | SYSTEM | EA alive. Tick=76100 Equity=45490.80 OpenPos=0 UTC=2026.03.05 15:53 DayOfWeek=4 WeekendCloseActive=NO NewTradeBlocked=NO | 76100.000000
ER	0	08:53:49.274	Cazyxio_v4.1 (EURUSD,M15)	2026.03.05 15:53:49 | HEARTBEAT | SYSTEM | EA alive. Tick=76200 Equity=45490.80 OpenPos=0 UTC=2026.03.05 15:53 DayOfWeek=4 WeekendCloseActive=NO NewTradeBlocked=NO | 76200.000000
EF	0	08:54:29.699	Cazyxio_v4.1 (EURUSD,M15)	2026.03.05 15:54:29 | HEARTBEAT | SYSTEM | EA alive. Tick=76300 Equity=45490.80 OpenPos=0 UTC=2026.03.05 15:54 DayOfWeek=4 WeekendCloseActive=NO NewTradeBlocked=NO | 76300.000000
DJ	0	08:55:25.411	Cazyxio_v4.1 (EURUSD,M15)	2026.03.05 15:55:25 | HEARTBEAT | SYSTEM | EA alive. Tick=76400 Equity=45490.80 OpenPos=0 UTC=2026.03.05 15:55 DayOfWeek=4 WeekendCloseActive=NO NewTradeBlocked=NO | 76400.000000
NN	0	08:56:11.940	Cazyxio_v4.1 (EURUSD,M15)	2026.03.05 15:56:11 | HEARTBEAT | SYSTEM | EA alive. Tick=76500 Equity=45490.80 OpenPos=0 UTC=2026.03.05 15:56 DayOfWeek=4 WeekendCloseActive=NO NewTradeBlocked=NO | 76500.000000
MR	0	08:57:06.940	Cazyxio_v4.1 (EURUSD,M15)	2026.03.05 15:57:06 | HEARTBEAT | SYSTEM | EA alive. Tick=76600 Equity=45490.80 OpenPos=0 UTC=2026.03.05 15:57 DayOfWeek=4 WeekendCloseActive=NO NewTradeBlocked=NO | 76600.000000
EF	0	08:57:42.432	Cazyxio_v4.1 (EURUSD,M15)	2026.03.05 15:57:42 | HEARTBEAT | SYSTEM | EA alive. Tick=76700 Equity=45490.80 OpenPos=0 UTC=2026.03.05 15:57 DayOfWeek=4 WeekendCloseActive=NO NewTradeBlocked=NO | 76700.000000
MJ	0	08:58:21.299	Cazyxio_v4.1 (EURUSD,M15)	2026.03.05 15:58:21 | HEARTBEAT | SYSTEM | EA alive. Tick=76800 Equity=45490.80 OpenPos=0 UTC=2026.03.05 15:58 DayOfWeek=4 WeekendCloseActive=NO NewTradeBlocked=NO | 76800.000000
EN	0	08:59:00.803	Cazyxio_v4.1 (EURUSD,M15)	2026.03.05 15:59:00 | HEARTBEAT | SYSTEM | EA alive. Tick=76900 Equity=45490.80 OpenPos=0 UTC=2026.03.05 15:59 DayOfWeek=4 WeekendCloseActive=NO NewTradeBlocked=NO | 76900.000000
FR	0	08:59:40.912	Cazyxio_v4.1 (EURUSD,M15)	2026.03.05 15:59:40 | HEARTBEAT | SYSTEM | EA alive. Tick=77000 Equity=45490.80 OpenPos=0 UTC=2026.03.05 15:59 DayOfWeek=4 WeekendCloseActive=NO NewTradeBlocked=NO | 77000.000000
JI	0	09:00:01.941	Cazyxio_v4.1 (EURUSD,M15)	2026.03.05 16:00:01 | BAR | GBPUSD | close=1.33220 h4ema200=1.35042 h4slope=DOWN ema50=1.33446 atr=0.001376 atrSma=0.001147 atrRatio=1.200 dir=SHORT spread=21.0 spreadOK=YES atrGate=PASS touch=PASS momCandle=ZERO_RANGE_BAR barRange=0.000000 minBarRange=0.000413 (0.30xATR) momClosePos=0.500(forced) momOk=N ema50Ok=Y barRange=0.000000 zeroRangeBar=YES trigger=NO hasPos=NO portRisk=0.00% openPos=0 | 1.332200
FL	0	09:00:01.941	Cazyxio_v4.1 (EURUSD,M15)	2026.03.05 16:00:01 | GATE_FAIL | GBPUSD | Zero-range bar FAIL (v4.1 fix). barRange=0.000000 < minBarRange=0.000413 (0.30x ATR). Doji/flat bar excluded from momentum evaluation.
JM	0	09:00:01.941	Cazyxio_v4.1 (EURUSD,M15)	2026.03.05 16:00:01 | BAR | EURUSD | close=1.15821 h4ema200=1.17659 h4slope=DOWN ema50=1.16062 atr=0.001221 atrSma=0.000874 atrRatio=1.397 dir=SHORT spread=17.0 spreadOK=YES atrGate=PASS touch=PASS momCandle=ZERO_RANGE_BAR barRange=0.000000 minBarRange=0.000366 (0.30xATR) momClosePos=0.500(forced) momOk=N ema50Ok=Y barRange=0.000000 zeroRangeBar=YES trigger=NO hasPos=NO portRisk=0.00% openPos=0 | 1.158210
NJ	0	09:00:01.941	Cazyxio_v4.1 (EURUSD,M15)	2026.03.05 16:00:01 | GATE_FAIL | EURUSD | Zero-range bar FAIL (v4.1 fix). barRange=0.000000 < minBarRange=0.000366 (0.30x ATR). Doji/flat bar excluded from momentum evaluation.
FO	0	09:00:01.941	Cazyxio_v4.1 (EURUSD,M15)	2026.03.05 16:00:01 | BAR | USDJPY | close=157.610 h4ema200=155.758 h4slope=UP ema50=157.359 atr=0.122571 atrSma=0.115149 atrRatio=1.064 dir=LONG spread=18.0 spreadOK=YES atrGate=PASS touch=FAIL momCandle=ZERO_RANGE_BAR barRange=0.000000 minBarRange=0.036771 (0.30xATR) momClosePos=0.500(forced) momOk=N ema50Ok=Y barRange=0.000000 zeroRangeBar=YES trigger=NO hasPos=NO portRisk=0.00% openPos=0 | 157.610000
ND	0	09:00:01.941	Cazyxio_v4.1 (EURUSD,M15)	2026.03.05 16:00:01 | GATE_FAIL | USDJPY | Touch/pullback gate FAIL. Price has not approached EMA50 within last 12 bars (within 0.60 ATR). v4.1 tolerance=0.60x (tightened from v4.0 1.00x).
EK	0	09:00:01.941	Cazyxio_v4.1 (EURUSD,M15)	2026.03.05 16:00:01 | BAR | AUDUSD | close=0.70123 h4ema200=0.69913 h4slope=UP ema50=0.70389 atr=0.001246 atrSma=0.000915 atrRatio=1.361 dir=LONG spread=17.0 spreadOK=YES atrGate=PASS touch=FAIL momCandle=ZERO_RANGE_BAR barRange=0.000000 minBarRange=0.000374 (0.30xATR) momClosePos=0.500(forced) momOk=N ema50Ok=Y barRange=0.000000 zeroRangeBar=YES trigger=NO hasPos=NO portRisk=0.00% openPos=0 | 0.701230
IO	0	09:00:01.941	Cazyxio_v4.1 (EURUSD,M15)	2026.03.05 16:00:01 | GATE_FAIL | AUDUSD | Touch/pullback gate FAIL. Price has not approached EMA50 within last 12 bars (within 0.60 ATR). v4.1 tolerance=0.60x (tightened from v4.0 1.00x).
GP	0	09:00:01.941	Cazyxio_v4.1 (EURUSD,M15)	2026.03.05 16:00:01 | BAR | GBPJPY | close=209.969 h4ema200=210.346 h4slope=DOWN ema50=209.994 atr=0.169571 atrSma=0.156541 atrRatio=1.083 dir=SHORT spread=38.0 spreadOK=NO atrGate=PASS touch=PASS momCandle=ZERO_RANGE_BAR barRange=0.000000 minBarRange=0.050871 (0.30xATR) momClosePos=0.500(forced) momOk=N ema50Ok=Y barRange=0.000000 zeroRangeBar=YES trigger=NO hasPos=NO portRisk=0.00% openPos=0 | 209.969000
OK	0	09:00:01.941	Cazyxio_v4.1 (EURUSD,M15)	2026.03.05 16:00:01 | GATE_FAIL | GBPJPY | Spread too wide. Spread=38.0 Max=30 points.
OF	0	09:00:01.941	Cazyxio_v4.1 (EURUSD,M15)	2026.03.05 16:00:01 | BAR | USDCAD | close=1.36809 h4ema200=1.36859 h4slope=DOWN ema50=1.36491 atr=0.001303 atrSma=0.000853 atrRatio=1.527 dir=SHORT spread=25.0 spreadOK=YES atrGate=PASS touch=PASS momCandle=ZERO_RANGE_BAR barRange=0.000000 minBarRange=0.000391 (0.30xATR) momClosePos=0.500(forced) momOk=N ema50Ok=Y barRange=0.000000 zeroRangeBar=YES trigger=NO hasPos=NO portRisk=0.00% openPos=0 | 1.368090
RS	0	09:00:01.941	Cazyxio_v4.1 (EURUSD,M15)	2026.03.05 16:00:01 | GATE_FAIL | USDCAD | Zero-range bar FAIL (v4.1 fix). barRange=0.000000 < minBarRange=0.000391 (0.30x ATR). Doji/flat bar excluded from momentum evaluation.
CE	0	09:00:20.220	Cazyxio_v4.1 (EURUSD,M15)	2026.03.05 16:00:20 | HEARTBEAT | SYSTEM | EA alive. Tick=77100 Equity=45490.80 OpenPos=0 UTC=2026.03.05 16:00 DayOfWeek=4 WeekendCloseActive=NO NewTradeBlocked=NO | 77100.000000
QI	0	09:00:59.439	Cazyxio_v4.1 (EURUSD,M15)	2026.03.05 16:00:59 | HEARTBEAT | SYSTEM | EA alive. Tick=77200 Equity=45490.80 OpenPos=0 UTC=2026.03.05 16:00 DayOfWeek=4 WeekendCloseActive=NO NewTradeBlocked=NO | 77200.000000
IM	0	09:01:34.205	Cazyxio_v4.1 (EURUSD,M15)	2026.03.05 16:01:34 | HEARTBEAT | SYSTEM | EA alive. Tick=77300 Equity=45490.80 OpenPos=0 UTC=2026.03.05 16:01 DayOfWeek=4 WeekendCloseActive=NO NewTradeBlocked=NO | 77300.000000
OQ	0	09:02:23.284	Cazyxio_v4.1 (EURUSD,M15)	2026.03.05 16:02:23 | HEARTBEAT | SYSTEM | EA alive. Tick=77400 Equity=45490.80 OpenPos=0 UTC=2026.03.05 16:02 DayOfWeek=4 WeekendCloseActive=NO NewTradeBlocked=NO | 77400.000000
GE	0	09:03:05.061	Cazyxio_v4.1 (EURUSD,M15)	2026.03.05 16:03:05 | HEARTBEAT | SYSTEM | EA alive. Tick=77500 Equity=45490.80 OpenPos=0 UTC=2026.03.05 16:03 DayOfWeek=4 WeekendCloseActive=NO NewTradeBlocked=NO | 77500.000000
CI	0	09:03:52.470	Cazyxio_v4.1 (EURUSD,M15)	2026.03.05 16:03:52 | HEARTBEAT | SYSTEM | EA alive. Tick=77600 Equity=45490.80 OpenPos=0 UTC=2026.03.05 16:03 DayOfWeek=4 WeekendCloseActive=NO NewTradeBlocked=NO | 77600.000000
GM	0	09:04:30.198	Cazyxio_v4.1 (EURUSD,M15)	2026.03.05 16:04:30 | HEARTBEAT | SYSTEM | EA alive. Tick=77700 Equity=45490.80 OpenPos=0 UTC=2026.03.05 16:04 DayOfWeek=4 WeekendCloseActive=NO NewTradeBlocked=NO | 77700.000000
DQ	0	09:05:25.073	Cazyxio_v4.1 (EURUSD,M15)	2026.03.05 16:05:25 | HEARTBEAT | SYSTEM | EA alive. Tick=77800 Equity=45490.80 OpenPos=0 UTC=2026.03.05 16:05 DayOfWeek=4 WeekendCloseActive=NO NewTradeBlocked=NO | 77800.000000
GE	0	09:06:07.075	Cazyxio_v4.1 (EURUSD,M15)	2026.03.05 16:06:07 | HEARTBEAT | SYSTEM | EA alive. Tick=77900 Equity=45490.80 OpenPos=0 UTC=2026.03.05 16:06 DayOfWeek=4 WeekendCloseActive=NO NewTradeBlocked=NO | 77900.000000
QI	0	09:06:55.495	Cazyxio_v4.1 (EURUSD,M15)	2026.03.05 16:06:55 | HEARTBEAT | SYSTEM | EA alive. Tick=78000 Equity=45490.80 OpenPos=0 UTC=2026.03.05 16:06 DayOfWeek=4 WeekendCloseActive=NO NewTradeBlocked=NO | 78000.000000
GM	0	09:07:35.672	Cazyxio_v4.1 (EURUSD,M15)	2026.03.05 16:07:35 | HEARTBEAT | SYSTEM | EA alive. Tick=78100 Equity=45490.80 OpenPos=0 UTC=2026.03.05 16:07 DayOfWeek=4 WeekendCloseActive=NO NewTradeBlocked=NO | 78100.000000
QQ	0	09:08:22.262	Cazyxio_v4.1 (EURUSD,M15)	2026.03.05 16:08:22 | HEARTBEAT | SYSTEM | EA alive. Tick=78200 Equity=45490.80 OpenPos=0 UTC=2026.03.05 16:08 DayOfWeek=4 WeekendCloseActive=NO NewTradeBlocked=NO | 78200.000000
OE	0	09:09:03.849	Cazyxio_v4.1 (EURUSD,M15)	2026.03.05 16:09:03 | HEARTBEAT | SYSTEM | EA alive. Tick=78300 Equity=45490.80 OpenPos=0 UTC=2026.03.05 16:09 DayOfWeek=4 WeekendCloseActive=NO NewTradeBlocked=NO | 78300.000000
CI	0	09:09:45.810	Cazyxio_v4.1 (EURUSD,M15)	2026.03.05 16:09:45 | HEARTBEAT | SYSTEM | EA alive. Tick=78400 Equity=45490.80 OpenPos=0 UTC=2026.03.05 16:09 DayOfWeek=4 WeekendCloseActive=NO NewTradeBlocked=NO | 78400.000000
CM	0	09:10:26.364	Cazyxio_v4.1 (EURUSD,M15)	2026.03.05 16:10:26 | HEARTBEAT | SYSTEM | EA alive. Tick=78500 Equity=45490.80 OpenPos=0 UTC=2026.03.05 16:10 DayOfWeek=4 WeekendCloseActive=NO NewTradeBlocked=NO | 78500.000000
EQ	0	09:11:02.020	Cazyxio_v4.1 (EURUSD,M15)	2026.03.05 16:11:02 | HEARTBEAT | SYSTEM | EA alive. Tick=78600 Equity=45490.80 OpenPos=0 UTC=2026.03.05 16:11 DayOfWeek=4 WeekendCloseActive=NO NewTradeBlocked=NO | 78600.000000
CE	0	09:11:36.440	Cazyxio_v4.1 (EURUSD,M15)	2026.03.05 16:11:36 | HEARTBEAT | SYSTEM | EA alive. Tick=78700 Equity=45490.80 OpenPos=0 UTC=2026.03.05 16:11 DayOfWeek=4 WeekendCloseActive=NO NewTradeBlocked=NO | 78700.000000
JI	0	09:12:18.466	Cazyxio_v4.1 (EURUSD,M15)	2026.03.05 16:12:18 | HEARTBEAT | SYSTEM | EA alive. Tick=78800 Equity=45490.80 OpenPos=0 UTC=2026.03.05 16:12 DayOfWeek=4 WeekendCloseActive=NO NewTradeBlocked=NO | 78800.000000
CM	0	09:13:01.200	Cazyxio_v4.1 (EURUSD,M15)	2026.03.05 16:13:01 | HEARTBEAT | SYSTEM | EA alive. Tick=78900 Equity=45490.80 OpenPos=0 UTC=2026.03.05 16:13 DayOfWeek=4 WeekendCloseActive=NO NewTradeBlocked=NO | 78900.000000
GQ	0	09:13:43.464	Cazyxio_v4.1 (EURUSD,M15)	2026.03.05 16:13:43 | HEARTBEAT | SYSTEM | EA alive. Tick=79000 Equity=45490.80 OpenPos=0 UTC=2026.03.05 16:13 DayOfWeek=4 WeekendCloseActive=NO NewTradeBlocked=NO | 79000.000000
KE	0	09:14:24.951	Cazyxio_v4.1 (EURUSD,M15)	2026.03.05 16:14:24 | HEARTBEAT | SYSTEM | EA alive. Tick=79100 Equity=45490.80 OpenPos=0 UTC=2026.03.05 16:14 DayOfWeek=4 WeekendCloseActive=NO NewTradeBlocked=NO | 79100.000000
JF	0	09:15:01.786	Cazyxio_v4.1 (EURUSD,M15)	2026.03.05 16:15:01 | BAR | EURUSD | close=1.15734 h4ema200=1.17658 h4slope=DOWN ema50=1.16046 atr=0.001274 atrSma=0.000875 atrRatio=1.456 dir=SHORT spread=19.0 spreadOK=YES atrGate=PASS touch=FAIL momCandle=ZERO_RANGE_BAR barRange=0.000000 minBarRange=0.000382 (0.30xATR) momClosePos=0.500(forced) momOk=N ema50Ok=Y barRange=0.000000 zeroRangeBar=YES trigger=NO hasPos=NO portRisk=0.00% openPos=0 | 1.157340
DN	0	09:15:01.786	Cazyxio_v4.1 (EURUSD,M15)	2026.03.05 16:15:01 | GATE_FAIL | EURUSD | Touch/pullback gate FAIL. Price has not approached EMA50 within last 12 bars (within 0.60 ATR). v4.1 tolerance=0.60x (tightened from v4.0 1.00x).
ML	0	09:15:02.030	Cazyxio_v4.1 (EURUSD,M15)	2026.03.05 16:15:02 | BAR | GBPUSD | close=1.33089 h4ema200=1.35041 h4slope=DOWN ema50=1.33427 atr=0.001431 atrSma=0.001145 atrRatio=1.249 dir=SHORT spread=21.0 spreadOK=YES atrGate=PASS touch=PASS momCandle=ZERO_RANGE_BAR barRange=0.000000 minBarRange=0.000429 (0.30xATR) momClosePos=0.500(forced) momOk=N ema50Ok=Y barRange=0.000000 zeroRangeBar=YES trigger=NO hasPos=NO portRisk=0.00% openPos=0 | 1.330890
LK	0	09:15:02.030	Cazyxio_v4.1 (EURUSD,M15)	2026.03.05 16:15:02 | GATE_FAIL | GBPUSD | Zero-range bar FAIL (v4.1 fix). barRange=0.000000 < minBarRange=0.000429 (0.30x ATR). Doji/flat bar excluded from momentum evaluation.
MO	0	09:15:02.030	Cazyxio_v4.1 (EURUSD,M15)	2026.03.05 16:15:02 | BAR | USDJPY | close=157.671 h4ema200=155.759 h4slope=UP ema50=157.374 atr=0.132143 atrSma=0.115074 atrRatio=1.148 dir=LONG spread=19.0 spreadOK=YES atrGate=PASS touch=FAIL momCandle=ZERO_RANGE_BAR barRange=0.000000 minBarRange=0.039643 (0.30xATR) momClosePos=0.500(forced) momOk=N ema50Ok=Y barRange=0.000000 zeroRangeBar=YES trigger=NO hasPos=NO portRisk=0.00% openPos=0 | 157.671000
ED	0	09:15:02.030	Cazyxio_v4.1 (EURUSD,M15)	2026.03.05 16:15:02 | GATE_FAIL | USDJPY | Touch/pullback gate FAIL. Price has not approached EMA50 within last 12 bars (within 0.60 ATR). v4.1 tolerance=0.60x (tightened from v4.0 1.00x).
QD	0	09:15:02.030	Cazyxio_v4.1 (EURUSD,M15)	2026.03.05 16:15:02 | BAR | AUDUSD | close=0.69939 h4ema200=0.69911 h4slope=UP ema50=0.70364 atr=0.001373 atrSma=0.000916 atrRatio=1.498 dir=LONG spread=19.0 spreadOK=YES atrGate=PASS touch=FAIL momCandle=ZERO_RANGE_BAR barRange=0.000000 minBarRange=0.000412 (0.30xATR) momClosePos=0.500(forced) momOk=N ema50Ok=Y barRange=0.000000 zeroRangeBar=YES trigger=NO hasPos=NO portRisk=0.00% openPos=0 | 0.699390
MO	0	09:15:02.031	Cazyxio_v4.1 (EURUSD,M15)	2026.03.05 16:15:02 | GATE_FAIL | AUDUSD | Touch/pullback gate FAIL. Price has not approached EMA50 within last 12 bars (within 0.60 ATR). v4.1 tolerance=0.60x (tightened from v4.0 1.00x).
EP	0	09:15:02.031	Cazyxio_v4.1 (EURUSD,M15)	2026.03.05 16:15:02 | BAR | GBPJPY | close=209.845 h4ema200=210.344 h4slope=DOWN ema50=209.984 atr=0.175143 atrSma=0.156636 atrRatio=1.118 dir=SHORT spread=40.0 spreadOK=NO atrGate=PASS touch=PASS momCandle=ZERO_RANGE_BAR barRange=0.000000 minBarRange=0.052543 (0.30xATR) momClosePos=0.500(forced) momOk=N ema50Ok=Y barRange=0.000000 zeroRangeBar=YES trigger=NO hasPos=NO portRisk=0.00% openPos=0 | 209.845000
FK	0	09:15:02.031	Cazyxio_v4.1 (EURUSD,M15)	2026.03.05 16:15:02 | GATE_FAIL | GBPJPY | Spread too wide. Spread=40.0 Max=30 points.
EE	0	09:15:02.031	Cazyxio_v4.1 (EURUSD,M15)	2026.03.05 16:15:02 | BAR | USDCAD | close=1.36999 h4ema200=1.36861 h4slope=DOWN ema50=1.36518 atr=0.001426 atrSma=0.000855 atrRatio=1.668 dir=NONE spread=27.0 spreadOK=YES atrGate=PASS touch=FAIL momCandle= zeroRangeBar=NO trigger=NO hasPos=NO portRisk=0.00% openPos=0 | 1.369990
MO	0	09:15:02.031	Cazyxio_v4.1 (EURUSD,M15)	2026.03.05 16:15:02 | GATE_FAIL | USDCAD | No directional bias. h4slope=DOWN closeNow=1.36999 h4ema200=1.36861. Need H4 slope + price on correct side of H4 EMA200.
OG	0	09:15:05.169	Cazyxio_v4.1 (EURUSD,M15)	2026.03.05 16:15:05 | HEARTBEAT | SYSTEM | EA alive. Tick=79200 Equity=45490.80 OpenPos=0 UTC=2026.03.05 16:15 DayOfWeek=4 WeekendCloseActive=NO NewTradeBlocked=NO | 79200.000000
JK	0	09:15:40.588	Cazyxio_v4.1 (EURUSD,M15)	2026.03.05 16:15:40 | HEARTBEAT | SYSTEM | EA alive. Tick=79300 Equity=45490.80 OpenPos=0 UTC=2026.03.05 16:15 DayOfWeek=4 WeekendCloseActive=NO NewTradeBlocked=NO | 79300.000000
CO	0	09:16:12.551	Cazyxio_v4.1 (EURUSD,M15)	2026.03.05 16:16:12 | HEARTBEAT | SYSTEM | EA alive. Tick=79400 Equity=45490.80 OpenPos=0 UTC=2026.03.05 16:16 DayOfWeek=4 WeekendCloseActive=NO NewTradeBlocked=NO | 79400.000000
MS	0	09:16:51.694	Cazyxio_v4.1 (EURUSD,M15)	2026.03.05 16:16:51 | HEARTBEAT | SYSTEM | EA alive. Tick=79500 Equity=45490.80 OpenPos=0 UTC=2026.03.05 16:16 DayOfWeek=4 WeekendCloseActive=NO NewTradeBlocked=NO | 79500.000000
JG	0	09:17:33.667	Cazyxio_v4.1 (EURUSD,M15)	2026.03.05 16:17:33 | HEARTBEAT | SYSTEM | EA alive. Tick=79600 Equity=45490.80 OpenPos=0 UTC=2026.03.05 16:17 DayOfWeek=4 WeekendCloseActive=NO NewTradeBlocked=NO | 79600.000000
LK	0	09:18:25.754	Cazyxio_v4.1 (EURUSD,M15)	2026.03.05 16:18:25 | HEARTBEAT | SYSTEM | EA alive. Tick=79700 Equity=45490.80 OpenPos=0 UTC=2026.03.05 16:18 DayOfWeek=4 WeekendCloseActive=NO NewTradeBlocked=NO | 79700.000000
PO	0	09:19:06.614	Cazyxio_v4.1 (EURUSD,M15)	2026.03.05 16:19:06 | HEARTBEAT | SYSTEM | EA alive. Tick=79800 Equity=45490.80 OpenPos=0 UTC=2026.03.05 16:19 DayOfWeek=4 WeekendCloseActive=NO NewTradeBlocked=NO | 79800.000000
PS	0	09:19:45.993	Cazyxio_v4.1 (EURUSD,M15)	2026.03.05 16:19:45 | HEARTBEAT | SYSTEM | EA alive. Tick=79900 Equity=45490.80 OpenPos=0 UTC=2026.03.05 16:19 DayOfWeek=4 WeekendCloseActive=NO NewTradeBlocked=NO | 79900.000000
EG	0	09:20:16.633	Cazyxio_v4.1 (EURUSD,M15)	2026.03.05 16:20:16 | HEARTBEAT | SYSTEM | EA alive. Tick=80000 Equity=45490.80 OpenPos=0 UTC=2026.03.05 16:20 DayOfWeek=4 WeekendCloseActive=NO NewTradeBlocked=NO | 80000.000000
DK	0	09:20:58.656	Cazyxio_v4.1 (EURUSD,M15)	2026.03.05 16:20:58 | HEARTBEAT | SYSTEM | EA alive. Tick=80100 Equity=45490.80 OpenPos=0 UTC=2026.03.05 16:20 DayOfWeek=4 WeekendCloseActive=NO NewTradeBlocked=NO | 80100.000000
GO	0	09:21:46.155	Cazyxio_v4.1 (EURUSD,M15)	2026.03.05 16:21:46 | HEARTBEAT | SYSTEM | EA alive. Tick=80200 Equity=45490.80 OpenPos=0 UTC=2026.03.05 16:21 DayOfWeek=4 WeekendCloseActive=NO NewTradeBlocked=NO | 80200.000000
CS	0	09:22:34.868	Cazyxio_v4.1 (EURUSD,M15)	2026.03.05 16:22:34 | HEARTBEAT | SYSTEM | EA alive. Tick=80300 Equity=45490.80 OpenPos=0 UTC=2026.03.05 16:22 DayOfWeek=4 WeekendCloseActive=NO NewTradeBlocked=NO | 80300.000000
KG	0	09:23:19.593	Cazyxio_v4.1 (EURUSD,M15)	2026.03.05 16:23:19 | HEARTBEAT | SYSTEM | EA alive. Tick=80400 Equity=45490.80 OpenPos=0 UTC=2026.03.05 16:23 DayOfWeek=4 WeekendCloseActive=NO NewTradeBlocked=NO | 80400.000000
MK	0	09:24:02.280	Cazyxio_v4.1 (EURUSD,M15)	2026.03.05 16:24:02 | HEARTBEAT | SYSTEM | EA alive. Tick=80500 Equity=45490.80 OpenPos=0 UTC=2026.03.05 16:24 DayOfWeek=4 WeekendCloseActive=NO NewTradeBlocked=NO | 80500.000000
QO	0	09:24:40.482	Cazyxio_v4.1 (EURUSD,M15)	2026.03.05 16:24:40 | HEARTBEAT | SYSTEM | EA alive. Tick=80600 Equity=45490.80 OpenPos=0 UTC=2026.03.05 16:24 DayOfWeek=4 WeekendCloseActive=NO NewTradeBlocked=NO | 80600.000000
HS	0	09:25:24.224	Cazyxio_v4.1 (EURUSD,M15)	2026.03.05 16:25:24 | HEARTBEAT | SYSTEM | EA alive. Tick=80700 Equity=45490.80 OpenPos=0 UTC=2026.03.05 16:25 DayOfWeek=4 WeekendCloseActive=NO NewTradeBlocked=NO | 80700.000000
MG	0	09:26:05.833	Cazyxio_v4.1 (EURUSD,M15)	2026.03.05 16:26:05 | HEARTBEAT | SYSTEM | EA alive. Tick=80800 Equity=45490.80 OpenPos=0 UTC=2026.03.05 16:26 DayOfWeek=4 WeekendCloseActive=NO NewTradeBlocked=NO | 80800.000000
GK	0	09:27:00.124	Cazyxio_v4.1 (EURUSD,M15)	2026.03.05 16:27:00 | HEARTBEAT | SYSTEM | EA alive. Tick=80900 Equity=45490.80 OpenPos=0 UTC=2026.03.05 16:27 DayOfWeek=4 WeekendCloseActive=NO NewTradeBlocked=NO | 80900.000000
HO	0	09:27:36.042	Cazyxio_v4.1 (EURUSD,M15)	2026.03.05 16:27:36 | HEARTBEAT | SYSTEM | EA alive. Tick=81000 Equity=45490.80 OpenPos=0 UTC=2026.03.05 16:27 DayOfWeek=4 WeekendCloseActive=NO NewTradeBlocked=NO | 81000.000000
GS	0	09:28:17.844	Cazyxio_v4.1 (EURUSD,M15)	2026.03.05 16:28:17 | HEARTBEAT | SYSTEM | EA alive. Tick=81100 Equity=45490.80 OpenPos=0 UTC=2026.03.05 16:28 DayOfWeek=4 WeekendCloseActive=NO NewTradeBlocked=NO | 81100.000000
PG	0	09:29:01.990	Cazyxio_v4.1 (EURUSD,M15)	2026.03.05 16:29:01 | HEARTBEAT | SYSTEM | EA alive. Tick=81200 Equity=45490.80 OpenPos=0 UTC=2026.03.05 16:29 DayOfWeek=4 WeekendCloseActive=NO NewTradeBlocked=NO | 81200.000000
DK	0	09:29:39.158	Cazyxio_v4.1 (EURUSD,M15)	2026.03.05 16:29:39 | HEARTBEAT | SYSTEM | EA alive. Tick=81300 Equity=45490.80 OpenPos=0 UTC=2026.03.05 16:29 DayOfWeek=4 WeekendCloseActive=NO NewTradeBlocked=NO | 81300.000000
FP	0	09:30:01.840	Cazyxio_v4.1 (EURUSD,M15)	2026.03.05 16:30:01 | BAR | GBPUSD | close=1.32991 h4ema200=1.35040 h4slope=DOWN ema50=1.33406 atr=0.001479 atrSma=0.001144 atrRatio=1.292 dir=SHORT spread=23.0 spreadOK=YES atrGate=PASS touch=PASS momCandle=ZERO_RANGE_BAR barRange=0.000000 minBarRange=0.000444 (0.30xATR) momClosePos=0.500(forced) momOk=N ema50Ok=Y barRange=0.000000 zeroRangeBar=YES trigger=NO hasPos=NO portRisk=0.00% openPos=0 | 1.329910
FG	0	09:30:01.840	Cazyxio_v4.1 (EURUSD,M15)	2026.03.05 16:30:01 | GATE_FAIL | GBPUSD | Zero-range bar FAIL (v4.1 fix). barRange=0.000000 < minBarRange=0.000444 (0.30x ATR). Doji/flat bar excluded from momentum evaluation.
PG	0	09:30:01.840	Cazyxio_v4.1 (EURUSD,M15)	2026.03.05 16:30:01 | BAR | EURUSD | close=1.15601 h4ema200=1.17657 h4slope=DOWN ema50=1.16024 atr=0.001334 atrSma=0.000877 atrRatio=1.520 dir=SHORT spread=17.0 spreadOK=YES atrGate=PASS touch=FAIL momCandle=ZERO_RANGE_BAR barRange=0.000000 minBarRange=0.000400 (0.30xATR) momClosePos=0.500(forced) momOk=N ema50Ok=Y barRange=0.000000 zeroRangeBar=YES trigger=NO hasPos=NO portRisk=0.00% openPos=0 | 1.156010
GQ	0	09:30:01.840	Cazyxio_v4.1 (EURUSD,M15)	2026.03.05 16:30:01 | GATE_FAIL | EURUSD | Touch/pullback gate FAIL. Price has not approached EMA50 within last 12 bars (within 0.60 ATR). v4.1 tolerance=0.60x (tightened from v4.0 1.00x).
DQ	0	09:30:02.530	Cazyxio_v4.1 (EURUSD,M15)	2026.03.05 16:30:02 | BAR | USDJPY | close=157.765 h4ema200=155.760 h4slope=UP ema50=157.393 atr=0.133429 atrSma=0.115030 atrRatio=1.160 dir=LONG spread=18.0 spreadOK=YES atrGate=PASS touch=FAIL momCandle=ZERO_RANGE_BAR barRange=0.002000 minBarRange=0.040029 (0.30xATR) momClosePos=0.500(forced) momOk=N ema50Ok=Y barRange=0.002000 zeroRangeBar=YES trigger=NO hasPos=NO portRisk=0.00% openPos=0 | 157.765000
LK	0	09:30:02.530	Cazyxio_v4.1 (EURUSD,M15)	2026.03.05 16:30:02 | GATE_FAIL | USDJPY | Touch/pullback gate FAIL. Price has not approached EMA50 within last 12 bars (within 0.60 ATR). v4.1 tolerance=0.60x (tightened from v4.0 1.00x).
QP	0	09:30:02.530	Cazyxio_v4.1 (EURUSD,M15)	2026.03.05 16:30:02 | BAR | AUDUSD | close=0.69866 h4ema200=0.69910 h4slope=UP ema50=0.70342 atr=0.001424 atrSma=0.000917 atrRatio=1.553 dir=NONE spread=20.0 spreadOK=YES atrGate=PASS touch=FAIL momCandle= zeroRangeBar=NO trigger=NO hasPos=NO portRisk=0.00% openPos=0 | 0.698660
NJ	0	09:30:02.530	Cazyxio_v4.1 (EURUSD,M15)	2026.03.05 16:30:02 | GATE_FAIL | AUDUSD | No directional bias. h4slope=UP closeNow=0.69866 h4ema200=0.69910. Need H4 slope + price on correct side of H4 EMA200.
LI	0	09:30:02.530	Cazyxio_v4.1 (EURUSD,M15)	2026.03.05 16:30:02 | BAR | GBPJPY | close=209.817 h4ema200=210.344 h4slope=DOWN ema50=209.976 atr=0.175071 atrSma=0.156650 atrRatio=1.118 dir=SHORT spread=40.0 spreadOK=NO atrGate=PASS touch=PASS momCandle=ZERO_RANGE_BAR barRange=0.002000 minBarRange=0.052521 (0.30xATR) momClosePos=0.500(forced) momOk=N ema50Ok=Y barRange=0.002000 zeroRangeBar=YES trigger=NO hasPos=NO portRisk=0.00% openPos=0 | 209.817000
HP	0	09:30:02.530	Cazyxio_v4.1 (EURUSD,M15)	2026.03.05 16:30:02 | GATE_FAIL | GBPJPY | Spread too wide. Spread=40.0 Max=30 points.
LL	0	09:30:02.530	Cazyxio_v4.1 (EURUSD,M15)	2026.03.05 16:30:02 | BAR | USDCAD | close=1.37113 h4ema200=1.36862 h4slope=DOWN ema50=1.36546 atr=0.001499 atrSma=0.000857 atrRatio=1.748 dir=NONE spread=27.0 spreadOK=YES atrGate=PASS touch=FAIL momCandle= zeroRangeBar=NO trigger=NO hasPos=NO portRisk=0.00% openPos=0 | 1.371130
GF	0	09:30:02.530	Cazyxio_v4.1 (EURUSD,M15)	2026.03.05 16:30:02 | GATE_FAIL | USDCAD | No directional bias. h4slope=DOWN closeNow=1.37113 h4ema200=1.36862. Need H4 slope + price on correct side of H4 EMA200.
DO	0	09:30:21.192	Cazyxio_v4.1 (EURUSD,M15)	2026.03.05 16:30:21 | HEARTBEAT | SYSTEM | EA alive. Tick=81400 Equity=45490.80 OpenPos=0 UTC=2026.03.05 16:30 DayOfWeek=4 WeekendCloseActive=NO NewTradeBlocked=NO | 81400.000000
QS	0	09:31:02.260	Cazyxio_v4.1 (EURUSD,M15)	2026.03.05 16:31:02 | HEARTBEAT | SYSTEM | EA alive. Tick=81500 Equity=45490.80 OpenPos=0 UTC=2026.03.05 16:31 DayOfWeek=4 WeekendCloseActive=NO NewTradeBlocked=NO | 81500.000000
LG	0	09:31:40.762	Cazyxio_v4.1 (EURUSD,M15)	2026.03.05 16:31:40 | HEARTBEAT | SYSTEM | EA alive. Tick=81600 Equity=45490.80 OpenPos=0 UTC=2026.03.05 16:31 DayOfWeek=4 WeekendCloseActive=NO NewTradeBlocked=NO | 81600.000000
JK	0	09:32:24.358	Cazyxio_v4.1 (EURUSD,M15)	2026.03.05 16:32:24 | HEARTBEAT | SYSTEM | EA alive. Tick=81700 Equity=45490.80 OpenPos=0 UTC=2026.03.05 16:32 DayOfWeek=4 WeekendCloseActive=NO NewTradeBlocked=NO | 81700.000000
OO	0	09:33:10.040	Cazyxio_v4.1 (EURUSD,M15)	2026.03.05 16:33:10 | HEARTBEAT | SYSTEM | EA alive. Tick=81800 Equity=45490.80 OpenPos=0 UTC=2026.03.05 16:33 DayOfWeek=4 WeekendCloseActive=NO NewTradeBlocked=NO | 81800.000000
RS	0	09:33:54.575	Cazyxio_v4.1 (EURUSD,M15)	2026.03.05 16:33:54 | HEARTBEAT | SYSTEM | EA alive. Tick=81900 Equity=45490.80 OpenPos=0 UTC=2026.03.05 16:33 DayOfWeek=4 WeekendCloseActive=NO NewTradeBlocked=NO | 81900.000000
IG	0	09:34:35.081	Cazyxio_v4.1 (EURUSD,M15)	2026.03.05 16:34:35 | HEARTBEAT | SYSTEM | EA alive. Tick=82000 Equity=45490.80 OpenPos=0 UTC=2026.03.05 16:34 DayOfWeek=4 WeekendCloseActive=NO NewTradeBlocked=NO | 82000.000000
IK	0	09:35:16.954	Cazyxio_v4.1 (EURUSD,M15)	2026.03.05 16:35:16 | HEARTBEAT | SYSTEM | EA alive. Tick=82100 Equity=45490.80 OpenPos=0 UTC=2026.03.05 16:35 DayOfWeek=4 WeekendCloseActive=NO NewTradeBlocked=NO | 82100.000000
LO	0	09:36:10.105	Cazyxio_v4.1 (EURUSD,M15)	2026.03.05 16:36:10 | HEARTBEAT | SYSTEM | EA alive. Tick=82200 Equity=45490.80 OpenPos=0 UTC=2026.03.05 16:36 DayOfWeek=4 WeekendCloseActive=NO NewTradeBlocked=NO | 82200.000000
IS	0	09:37:00.947	Cazyxio_v4.1 (EURUSD,M15)	2026.03.05 16:37:00 | HEARTBEAT | SYSTEM | EA alive. Tick=82300 Equity=45490.80 OpenPos=0 UTC=2026.03.05 16:37 DayOfWeek=4 WeekendCloseActive=NO NewTradeBlocked=NO | 82300.000000
FG	0	09:37:51.834	Cazyxio_v4.1 (EURUSD,M15)	2026.03.05 16:37:51 | HEARTBEAT | SYSTEM | EA alive. Tick=82400 Equity=45490.80 OpenPos=0 UTC=2026.03.05 16:37 DayOfWeek=4 WeekendCloseActive=NO NewTradeBlocked=NO | 82400.000000
EK	0	09:38:31.010	Cazyxio_v4.1 (EURUSD,M15)	2026.03.05 16:38:31 | HEARTBEAT | SYSTEM | EA alive. Tick=82500 Equity=45490.80 OpenPos=0 UTC=2026.03.05 16:38 DayOfWeek=4 WeekendCloseActive=NO NewTradeBlocked=NO | 82500.000000
HO	0	09:39:12.412	Cazyxio_v4.1 (EURUSD,M15)	2026.03.05 16:39:12 | HEARTBEAT | SYSTEM | EA alive. Tick=82600 Equity=45490.80 OpenPos=0 UTC=2026.03.05 16:39 DayOfWeek=4 WeekendCloseActive=NO NewTradeBlocked=NO | 82600.000000
OS	0	09:39:47.608	Cazyxio_v4.1 (EURUSD,M15)	2026.03.05 16:39:47 | HEARTBEAT | SYSTEM | EA alive. Tick=82700 Equity=45490.80 OpenPos=0 UTC=2026.03.05 16:39 DayOfWeek=4 WeekendCloseActive=NO NewTradeBlocked=NO | 82700.000000
QG	0	09:40:29.233	Cazyxio_v4.1 (EURUSD,M15)	2026.03.05 16:40:29 | HEARTBEAT | SYSTEM | EA alive. Tick=82800 Equity=45490.80 OpenPos=0 UTC=2026.03.05 16:40 DayOfWeek=4 WeekendCloseActive=NO NewTradeBlocked=NO | 82800.000000
MK	0	09:41:08.124	Cazyxio_v4.1 (EURUSD,M15)	2026.03.05 16:41:08 | HEARTBEAT | SYSTEM | EA alive. Tick=82900 Equity=45490.80 OpenPos=0 UTC=2026.03.05 16:41 DayOfWeek=4 WeekendCloseActive=NO NewTradeBlocked=NO | 82900.000000
JO	0	09:42:00.810	Cazyxio_v4.1 (EURUSD,M15)	2026.03.05 16:42:00 | HEARTBEAT | SYSTEM | EA alive. Tick=83000 Equity=45490.80 OpenPos=0 UTC=2026.03.05 16:42 DayOfWeek=4 WeekendCloseActive=NO NewTradeBlocked=NO | 83000.000000
GS	0	09:42:52.390	Cazyxio_v4.1 (EURUSD,M15)	2026.03.05 16:42:52 | HEARTBEAT | SYSTEM | EA alive. Tick=83100 Equity=45490.80 OpenPos=0 UTC=2026.03.05 16:42 DayOfWeek=4 WeekendCloseActive=NO NewTradeBlocked=NO | 83100.000000
JG	0	09:43:39.811	Cazyxio_v4.1 (EURUSD,M15)	2026.03.05 16:43:39 | HEARTBEAT | SYSTEM | EA alive. Tick=83200 Equity=45490.80 OpenPos=0 UTC=2026.03.05 16:43 DayOfWeek=4 WeekendCloseActive=NO NewTradeBlocked=NO | 83200.000000
JK	0	09:44:23.285	Cazyxio_v4.1 (EURUSD,M15)	2026.03.05 16:44:23 | HEARTBEAT | SYSTEM | EA alive. Tick=83300 Equity=45490.80 OpenPos=0 UTC=2026.03.05 16:44 DayOfWeek=4 WeekendCloseActive=NO NewTradeBlocked=NO | 83300.000000
GO	0	09:44:58.783	Cazyxio_v4.1 (EURUSD,M15)	2026.03.05 16:44:58 | HEARTBEAT | SYSTEM | EA alive. Tick=83400 Equity=45490.80 OpenPos=0 UTC=2026.03.05 16:44 DayOfWeek=4 WeekendCloseActive=NO NewTradeBlocked=NO | 83400.000000
NL	0	09:45:01.799	Cazyxio_v4.1 (EURUSD,M15)	2026.03.05 16:45:01 | BAR | GBPUSD | close=1.33171 h4ema200=1.35041 h4slope=DOWN ema50=1.33404 atr=0.001513 atrSma=0.001145 atrRatio=1.322 dir=SHORT spread=19.0 spreadOK=YES atrGate=PASS touch=PASS momCandle=ZERO_RANGE_BAR barRange=0.000000 minBarRange=0.000454 (0.30xATR) momClosePos=0.500(forced) momOk=N ema50Ok=Y barRange=0.000000 zeroRangeBar=YES trigger=NO hasPos=NO portRisk=0.00% openPos=0 | 1.331710
RH	0	09:45:01.799	Cazyxio_v4.1 (EURUSD,M15)	2026.03.05 16:45:01 | GATE_FAIL | GBPUSD | Zero-range bar FAIL (v4.1 fix). barRange=0.000000 < minBarRange=0.000454 (0.30x ATR). Doji/flat bar excluded from momentum evaluation.
MP	0	09:45:01.799	Cazyxio_v4.1 (EURUSD,M15)	2026.03.05 16:45:01 | BAR | EURUSD | close=1.15792 h4ema200=1.17659 h4slope=DOWN ema50=1.16022 atr=0.001393 atrSma=0.000880 atrRatio=1.582 dir=SHORT spread=15.0 spreadOK=YES atrGate=PASS touch=FAIL momCandle=ZERO_RANGE_BAR barRange=0.000000 minBarRange=0.000418 (0.30xATR) momClosePos=0.500(forced) momOk=N ema50Ok=Y barRange=0.000000 zeroRangeBar=YES trigger=NO hasPos=NO portRisk=0.00% openPos=0 | 1.157920
PD	0	09:45:01.799	Cazyxio_v4.1 (EURUSD,M15)	2026.03.05 16:45:01 | GATE_FAIL | EURUSD | Touch/pullback gate FAIL. Price has not approached EMA50 within last 12 bars (within 0.60 ATR). v4.1 tolerance=0.60x (tightened from v4.0 1.00x).
KJ	0	09:45:02.053	Cazyxio_v4.1 (EURUSD,M15)	2026.03.05 16:45:02 | BAR | USDJPY | close=157.624 h4ema200=155.759 h4slope=UP ema50=157.396 atr=0.137214 atrSma=0.115075 atrRatio=1.192 dir=LONG spread=15.0 spreadOK=YES atrGate=PASS touch=FAIL momCandle=ZERO_RANGE_BAR barRange=0.000000 minBarRange=0.041164 (0.30xATR) momClosePos=0.500(forced) momOk=N ema50Ok=Y barRange=0.000000 zeroRangeBar=YES trigger=NO hasPos=NO portRisk=0.00% openPos=0 | 157.624000
RN	0	09:45:02.053	Cazyxio_v4.1 (EURUSD,M15)	2026.03.05 16:45:02 | GATE_FAIL | USDJPY | Touch/pullback gate FAIL. Price has not approached EMA50 within last 12 bars (within 0.60 ATR). v4.1 tolerance=0.60x (tightened from v4.0 1.00x).
DQ	0	09:45:02.053	Cazyxio_v4.1 (EURUSD,M15)	2026.03.05 16:45:02 | BAR | AUDUSD | close=0.70029 h4ema200=0.69912 h4slope=UP ema50=0.70335 atr=0.001457 atrSma=0.000919 atrRatio=1.585 dir=LONG spread=18.0 spreadOK=YES atrGate=PASS touch=FAIL momCandle=ZERO_RANGE_BAR barRange=0.000000 minBarRange=0.000437 (0.30xATR) momClosePos=0.500(forced) momOk=N ema50Ok=Y barRange=0.000000 zeroRangeBar=YES trigger=NO hasPos=NO portRisk=0.00% openPos=0 | 0.700290
IJ	0	09:45:02.053	Cazyxio_v4.1 (EURUSD,M15)	2026.03.05 16:45:02 | GATE_FAIL | AUDUSD | Touch/pullback gate FAIL. Price has not approached EMA50 within last 12 bars (within 0.60 ATR). v4.1 tolerance=0.60x (tightened from v4.0 1.00x).
MN	0	09:45:02.053	Cazyxio_v4.1 (EURUSD,M15)	2026.03.05 16:45:02 | BAR | GBPJPY | close=209.914 h4ema200=210.345 h4slope=DOWN ema50=209.977 atr=0.179143 atrSma=0.156629 atrRatio=1.144 dir=SHORT spread=36.0 spreadOK=NO atrGate=PASS touch=PASS momCandle=ZERO_RANGE_BAR barRange=0.000000 minBarRange=0.053743 (0.30xATR) momClosePos=0.500(forced) momOk=N ema50Ok=Y barRange=0.000000 zeroRangeBar=YES trigger=NO hasPos=NO portRisk=0.00% openPos=0 | 209.914000
QQ	0	09:45:02.053	Cazyxio_v4.1 (EURUSD,M15)	2026.03.05 16:45:02 | GATE_FAIL | GBPJPY | Spread too wide. Spread=36.0 Max=30 points.
FN	0	09:45:02.053	Cazyxio_v4.1 (EURUSD,M15)	2026.03.05 16:45:02 | BAR | USDCAD | close=1.36928 h4ema200=1.36860 h4slope=DOWN ema50=1.36554 atr=0.001598 atrSma=0.000861 atrRatio=1.856 dir=NONE spread=23.0 spreadOK=YES atrGate=PASS touch=FAIL momCandle= zeroRangeBar=NO trigger=NO hasPos=NO portRisk=0.00% openPos=0 | 1.369280
PE	0	09:45:02.053	Cazyxio_v4.1 (EURUSD,M15)	2026.03.05 16:45:02 | GATE_FAIL | USDCAD | No directional bias. h4slope=DOWN closeNow=1.36928 h4ema200=1.36860. Need H4 slope + price on correct side of H4 EMA200.
KQ	0	09:45:35.403	Cazyxio_v4.1 (EURUSD,M15)	2026.03.05 16:45:35 | HEARTBEAT | SYSTEM | EA alive. Tick=83500 Equity=45490.80 OpenPos=0 UTC=2026.03.05 16:45 DayOfWeek=4 WeekendCloseActive=NO NewTradeBlocked=NO | 83500.000000
OE	0	09:46:14.312	Cazyxio_v4.1 (EURUSD,M15)	2026.03.05 16:46:14 | HEARTBEAT | SYSTEM | EA alive. Tick=83600 Equity=45490.80 OpenPos=0 UTC=2026.03.05 16:46 DayOfWeek=4 WeekendCloseActive=NO NewTradeBlocked=NO | 83600.000000
GI	0	09:46:56.855	Cazyxio_v4.1 (EURUSD,M15)	2026.03.05 16:46:56 | HEARTBEAT | SYSTEM | EA alive. Tick=83700 Equity=45490.80 OpenPos=0 UTC=2026.03.05 16:46 DayOfWeek=4 WeekendCloseActive=NO NewTradeBlocked=NO | 83700.000000
NM	0	09:47:49.042	Cazyxio_v4.1 (EURUSD,M15)	2026.03.05 16:47:49 | HEARTBEAT | SYSTEM | EA alive. Tick=83800 Equity=45490.80 OpenPos=0 UTC=2026.03.05 16:47 DayOfWeek=4 WeekendCloseActive=NO NewTradeBlocked=NO | 83800.000000
KQ	0	09:48:34.794	Cazyxio_v4.1 (EURUSD,M15)	2026.03.05 16:48:34 | HEARTBEAT | SYSTEM | EA alive. Tick=83900 Equity=45490.80 OpenPos=0 UTC=2026.03.05 16:48 DayOfWeek=4 WeekendCloseActive=NO NewTradeBlocked=NO | 83900.000000
IE	0	09:49:16.234	Cazyxio_v4.1 (EURUSD,M15)	2026.03.05 16:49:16 | HEARTBEAT | SYSTEM | EA alive. Tick=84000 Equity=45490.80 OpenPos=0 UTC=2026.03.05 16:49 DayOfWeek=4 WeekendCloseActive=NO NewTradeBlocked=NO | 84000.000000
LI	0	09:50:20.112	Cazyxio_v4.1 (EURUSD,M15)	2026.03.05 16:50:20 | HEARTBEAT | SYSTEM | EA alive. Tick=84100 Equity=45490.80 OpenPos=0 UTC=2026.03.05 16:50 DayOfWeek=4 WeekendCloseActive=NO NewTradeBlocked=NO | 84100.000000
LM	0	09:51:15.939	Cazyxio_v4.1 (EURUSD,M15)	2026.03.05 16:51:15 | HEARTBEAT | SYSTEM | EA alive. Tick=84200 Equity=45490.80 OpenPos=0 UTC=2026.03.05 16:51 DayOfWeek=4 WeekendCloseActive=NO NewTradeBlocked=NO | 84200.000000
MQ	0	09:52:04.344	Cazyxio_v4.1 (EURUSD,M15)	2026.03.05 16:52:04 | HEARTBEAT | SYSTEM | EA alive. Tick=84300 Equity=45490.80 OpenPos=0 UTC=2026.03.05 16:52 DayOfWeek=4 WeekendCloseActive=NO NewTradeBlocked=NO | 84300.000000
PE	0	09:53:00.050	Cazyxio_v4.1 (EURUSD,M15)	2026.03.05 16:53:00 | HEARTBEAT | SYSTEM | EA alive. Tick=84400 Equity=45490.80 OpenPos=0 UTC=2026.03.05 16:53 DayOfWeek=4 WeekendCloseActive=NO NewTradeBlocked=NO | 84400.000000
DI	0	09:53:51.797	Cazyxio_v4.1 (EURUSD,M15)	2026.03.05 16:53:51 | HEARTBEAT | SYSTEM | EA alive. Tick=84500 Equity=45490.80 OpenPos=0 UTC=2026.03.05 16:53 DayOfWeek=4 WeekendCloseActive=NO NewTradeBlocked=NO | 84500.000000
DM	0	09:54:37.961	Cazyxio_v4.1 (EURUSD,M15)	2026.03.05 16:54:37 | HEARTBEAT | SYSTEM | EA alive. Tick=84600 Equity=45490.80 OpenPos=0 UTC=2026.03.05 16:54 DayOfWeek=4 WeekendCloseActive=NO NewTradeBlocked=NO | 84600.000000
QQ	0	09:55:31.132	Cazyxio_v4.1 (EURUSD,M15)	2026.03.05 16:55:31 | HEARTBEAT | SYSTEM | EA alive. Tick=84700 Equity=45490.80 OpenPos=0 UTC=2026.03.05 16:55 DayOfWeek=4 WeekendCloseActive=NO NewTradeBlocked=NO | 84700.000000
KE	0	09:56:23.702	Cazyxio_v4.1 (EURUSD,M15)	2026.03.05 16:56:23 | HEARTBEAT | SYSTEM | EA alive. Tick=84800 Equity=45490.80 OpenPos=0 UTC=2026.03.05 16:56 DayOfWeek=4 WeekendCloseActive=NO NewTradeBlocked=NO | 84800.000000
LI	0	09:57:16.234	Cazyxio_v4.1 (EURUSD,M15)	2026.03.05 16:57:16 | HEARTBEAT | SYSTEM | EA alive. Tick=84900 Equity=45490.80 OpenPos=0 UTC=2026.03.05 16:57 DayOfWeek=4 WeekendCloseActive=NO NewTradeBlocked=NO | 84900.000000
MM	0	09:58:14.119	Cazyxio_v4.1 (EURUSD,M15)	2026.03.05 16:58:14 | HEARTBEAT | SYSTEM | EA alive. Tick=85000 Equity=45490.80 OpenPos=0 UTC=2026.03.05 16:58 DayOfWeek=4 WeekendCloseActive=NO NewTradeBlocked=NO | 85000.000000
HQ	0	09:58:52.987	Cazyxio_v4.1 (EURUSD,M15)	2026.03.05 16:58:52 | HEARTBEAT | SYSTEM | EA alive. Tick=85100 Equity=45490.80 OpenPos=0 UTC=2026.03.05 16:58 DayOfWeek=4 WeekendCloseActive=NO NewTradeBlocked=NO | 85100.000000
DE	0	09:59:40.254	Cazyxio_v4.1 (EURUSD,M15)	2026.03.05 16:59:40 | HEARTBEAT | SYSTEM | EA alive. Tick=85200 Equity=45490.80 OpenPos=0 UTC=2026.03.05 16:59 DayOfWeek=4 WeekendCloseActive=NO NewTradeBlocked=NO | 85200.000000
HF	0	10:00:01.950	Cazyxio_v4.1 (EURUSD,M15)	2026.03.05 17:00:01 | BAR | GBPUSD | close=1.33180 h4ema200=1.35041 h4slope=DOWN ema50=1.33395 atr=0.001532 atrSma=0.001144 atrRatio=1.339 dir=SHORT spread=20.0 spreadOK=YES atrGate=PASS touch=PASS momCandle=ZERO_RANGE_BAR barRange=0.000000 minBarRange=0.000460 (0.30xATR) momClosePos=0.500(forced) momOk=N ema50Ok=Y barRange=0.000000 zeroRangeBar=YES trigger=NO hasPos=NO portRisk=0.00% openPos=0 | 1.331800
GM	0	10:00:01.950	Cazyxio_v4.1 (EURUSD,M15)	2026.03.05 17:00:01 | GATE_FAIL | GBPUSD | Zero-range bar FAIL (v4.1 fix). barRange=0.000000 < minBarRange=0.000460 (0.30x ATR). Doji/flat bar excluded from momentum evaluation.
PM	0	10:00:01.950	Cazyxio_v4.1 (EURUSD,M15)	2026.03.05 17:00:01 | BAR | EURUSD | close=1.15833 h4ema200=1.17659 h4slope=DOWN ema50=1.16016 atr=0.001371 atrSma=0.000883 atrRatio=1.553 dir=SHORT spread=17.0 spreadOK=YES atrGate=PASS touch=FAIL momCandle=ZERO_RANGE_BAR barRange=0.000000 minBarRange=0.000411 (0.30xATR) momClosePos=0.500(forced) momOk=N ema50Ok=Y barRange=0.000000 zeroRangeBar=YES trigger=NO hasPos=NO portRisk=0.00% openPos=0 | 1.158330
HJ	0	10:00:01.950	Cazyxio_v4.1 (EURUSD,M15)	2026.03.05 17:00:01 | GATE_FAIL | EURUSD | Touch/pullback gate FAIL. Price has not approached EMA50 within last 12 bars (within 0.60 ATR). v4.1 tolerance=0.60x (tightened from v4.0 1.00x).
FO	0	10:00:01.950	Cazyxio_v4.1 (EURUSD,M15)	2026.03.05 17:00:01 | BAR | USDJPY | close=157.576 h4ema200=155.758 h4slope=UP ema50=157.402 atr=0.131929 atrSma=0.114957 atrRatio=1.148 dir=LONG spread=17.0 spreadOK=YES atrGate=PASS touch=FAIL momCandle=ZERO_RANGE_BAR barRange=0.000000 minBarRange=0.039579 (0.30xATR) momClosePos=0.500(forced) momOk=N ema50Ok=Y barRange=0.000000 zeroRangeBar=YES trigger=NO hasPos=NO portRisk=0.00% openPos=0 | 157.576000
ED	0	10:00:01.950	Cazyxio_v4.1 (EURUSD,M15)	2026.03.05 17:00:01 | GATE_FAIL | USDJPY | Touch/pullback gate FAIL. Price has not approached EMA50 within last 12 bars (within 0.60 ATR). v4.1 tolerance=0.60x (tightened from v4.0 1.00x).
EK	0	10:00:01.950	Cazyxio_v4.1 (EURUSD,M15)	2026.03.05 17:00:01 | BAR | AUDUSD | close=0.70029 h4ema200=0.69912 h4slope=UP ema50=0.70323 atr=0.001389 atrSma=0.000920 atrRatio=1.510 dir=LONG spread=19.0 spreadOK=YES atrGate=PASS touch=FAIL momCandle=ZERO_RANGE_BAR barRange=0.000000 minBarRange=0.000417 (0.30xATR) momClosePos=0.500(forced) momOk=N ema50Ok=Y barRange=0.000000 zeroRangeBar=YES trigger=NO hasPos=NO portRisk=0.00% openPos=0 | 0.700290
RO	0	10:00:01.950	Cazyxio_v4.1 (EURUSD,M15)	2026.03.05 17:00:01 | GATE_FAIL | AUDUSD | Touch/pullback gate FAIL. Price has not approached EMA50 within last 12 bars (within 0.60 ATR). v4.1 tolerance=0.60x (tightened from v4.0 1.00x).
NP	0	10:00:01.950	Cazyxio_v4.1 (EURUSD,M15)	2026.03.05 17:00:01 | BAR | GBPJPY | close=209.862 h4ema200=210.344 h4slope=DOWN ema50=209.971 atr=0.173000 atrSma=0.156376 atrRatio=1.106 dir=SHORT spread=40.0 spreadOK=NO atrGate=PASS touch=PASS momCandle=ZERO_RANGE_BAR barRange=0.000000 minBarRange=0.051900 (0.30xATR) momClosePos=0.500(forced) momOk=N ema50Ok=Y barRange=0.000000 zeroRangeBar=YES trigger=NO hasPos=NO portRisk=0.00% openPos=0 | 209.862000
MK	0	10:00:01.950	Cazyxio_v4.1 (EURUSD,M15)	2026.03.05 17:00:01 | GATE_FAIL | GBPJPY | Spread too wide. Spread=40.0 Max=30 points.
ND	0	10:00:02.211	Cazyxio_v4.1 (EURUSD,M15)	2026.03.05 17:00:02 | BAR | USDCAD | close=1.36921 h4ema200=1.36860 h4slope=DOWN ema50=1.36568 atr=0.001502 atrSma=0.000863 atrRatio=1.741 dir=NONE spread=27.0 spreadOK=YES atrGate=PASS touch=FAIL momCandle= zeroRangeBar=NO trigger=NO hasPos=NO portRisk=0.00% openPos=0 | 1.369210
JO	0	10:00:02.211	Cazyxio_v4.1 (EURUSD,M15)	2026.03.05 17:00:02 | GATE_FAIL | USDCAD | No directional bias. h4slope=DOWN closeNow=1.36921 h4ema200=1.36860. Need H4 slope + price on correct side of H4 EMA200.
LG	0	10:00:21.401	Cazyxio_v4.1 (EURUSD,M15)	2026.03.05 17:00:21 | HEARTBEAT | SYSTEM | EA alive. Tick=85300 Equity=45490.80 OpenPos=0 UTC=2026.03.05 17:00 DayOfWeek=4 WeekendCloseActive=NO NewTradeBlocked=NO | 85300.000000
DK	0	10:00:59.638	Cazyxio_v4.1 (EURUSD,M15)	2026.03.05 17:00:59 | HEARTBEAT | SYSTEM | EA alive. Tick=85400 Equity=45490.80 OpenPos=0 UTC=2026.03.05 17:00 DayOfWeek=4 WeekendCloseActive=NO NewTradeBlocked=NO | 85400.000000
JO	0	10:01:52.468	Cazyxio_v4.1 (EURUSD,M15)	2026.03.05 17:01:52 | HEARTBEAT | SYSTEM | EA alive. Tick=85500 Equity=45490.80 OpenPos=0 UTC=2026.03.05 17:01 DayOfWeek=4 WeekendCloseActive=NO NewTradeBlocked=NO | 85500.000000
IS	0	10:02:40.811	Cazyxio_v4.1 (EURUSD,M15)	2026.03.05 17:02:40 | HEARTBEAT | SYSTEM | EA alive. Tick=85600 Equity=45490.80 OpenPos=0 UTC=2026.03.05 17:02 DayOfWeek=4 WeekendCloseActive=NO NewTradeBlocked=NO | 85600.000000
EG	0	10:03:28.519	Cazyxio_v4.1 (EURUSD,M15)	2026.03.05 17:03:28 | HEARTBEAT | SYSTEM | EA alive. Tick=85700 Equity=45490.80 OpenPos=0 UTC=2026.03.05 17:03 DayOfWeek=4 WeekendCloseActive=NO NewTradeBlocked=NO | 85700.000000
OK	0	10:04:23.400	Cazyxio_v4.1 (EURUSD,M15)	2026.03.05 17:04:23 | HEARTBEAT | SYSTEM | EA alive. Tick=85800 Equity=45490.80 OpenPos=0 UTC=2026.03.05 17:04 DayOfWeek=4 WeekendCloseActive=NO NewTradeBlocked=NO | 85800.000000
HO	0	10:05:25.048	Cazyxio_v4.1 (EURUSD,M15)	2026.03.05 17:05:25 | HEARTBEAT | SYSTEM | EA alive. Tick=85900 Equity=45490.80 OpenPos=0 UTC=2026.03.05 17:05 DayOfWeek=4 WeekendCloseActive=NO NewTradeBlocked=NO | 85900.000000
GS	0	10:06:22.196	Cazyxio_v4.1 (EURUSD,M15)	2026.03.05 17:06:22 | HEARTBEAT | SYSTEM | EA alive. Tick=86000 Equity=45490.80 OpenPos=0 UTC=2026.03.05 17:06 DayOfWeek=4 WeekendCloseActive=NO NewTradeBlocked=NO | 86000.000000
OG	0	10:07:07.667	Cazyxio_v4.1 (EURUSD,M15)	2026.03.05 17:07:07 | HEARTBEAT | SYSTEM | EA alive. Tick=86100 Equity=45490.80 OpenPos=0 UTC=2026.03.05 17:07 DayOfWeek=4 WeekendCloseActive=NO NewTradeBlocked=NO | 86100.000000
DK	0	10:07:49.082	Cazyxio_v4.1 (EURUSD,M15)	2026.03.05 17:07:49 | HEARTBEAT | SYSTEM | EA alive. Tick=86200 Equity=45490.80 OpenPos=0 UTC=2026.03.05 17:07 DayOfWeek=4 WeekendCloseActive=NO NewTradeBlocked=NO | 86200.000000
MO	0	10:08:34.068	Cazyxio_v4.1 (EURUSD,M15)	2026.03.05 17:08:34 | HEARTBEAT | SYSTEM | EA alive. Tick=86300 Equity=45490.80 OpenPos=0 UTC=2026.03.05 17:08 DayOfWeek=4 WeekendCloseActive=NO NewTradeBlocked=NO | 86300.000000
OS	0	10:09:23.801	Cazyxio_v4.1 (EURUSD,M15)	2026.03.05 17:09:23 | HEARTBEAT | SYSTEM | EA alive. Tick=86400 Equity=45490.80 OpenPos=0 UTC=2026.03.05 17:09 DayOfWeek=4 WeekendCloseActive=NO NewTradeBlocked=NO | 86400.000000
LG	0	10:10:18.004	Cazyxio_v4.1 (EURUSD,M15)	2026.03.05 17:10:18 | HEARTBEAT | SYSTEM | EA alive. Tick=86500 Equity=45490.80 OpenPos=0 UTC=2026.03.05 17:10 DayOfWeek=4 WeekendCloseActive=NO NewTradeBlocked=NO | 86500.000000
PK	0	10:11:02.188	Cazyxio_v4.1 (EURUSD,M15)	2026.03.05 17:11:02 | HEARTBEAT | SYSTEM | EA alive. Tick=86600 Equity=45490.80 OpenPos=0 UTC=2026.03.05 17:11 DayOfWeek=4 WeekendCloseActive=NO NewTradeBlocked=NO | 86600.000000
IO	0	10:11:47.138	Cazyxio_v4.1 (EURUSD,M15)	2026.03.05 17:11:47 | HEARTBEAT | SYSTEM | EA alive. Tick=86700 Equity=45490.80 OpenPos=0 UTC=2026.03.05 17:11 DayOfWeek=4 WeekendCloseActive=NO NewTradeBlocked=NO | 86700.000000
PS	0	10:12:37.662	Cazyxio_v4.1 (EURUSD,M15)	2026.03.05 17:12:37 | HEARTBEAT | SYSTEM | EA alive. Tick=86800 Equity=45490.80 OpenPos=0 UTC=2026.03.05 17:12 DayOfWeek=4 WeekendCloseActive=NO NewTradeBlocked=NO | 86800.000000
OG	0	10:13:35.389	Cazyxio_v4.1 (EURUSD,M15)	2026.03.05 17:13:35 | HEARTBEAT | SYSTEM | EA alive. Tick=86900 Equity=45490.80 OpenPos=0 UTC=2026.03.05 17:13 DayOfWeek=4 WeekendCloseActive=NO NewTradeBlocked=NO | 86900.000000
RK	0	10:14:34.006	Cazyxio_v4.1 (EURUSD,M15)	2026.03.05 17:14:34 | HEARTBEAT | SYSTEM | EA alive. Tick=87000 Equity=45490.80 OpenPos=0 UTC=2026.03.05 17:14 DayOfWeek=4 WeekendCloseActive=NO NewTradeBlocked=NO | 87000.000000
FP	0	10:15:01.896	Cazyxio_v4.1 (EURUSD,M15)	2026.03.05 17:15:01 | BAR | EURUSD | close=1.15774 h4ema200=1.17658 h4slope=DOWN ema50=1.16004 atr=0.001389 atrSma=0.000885 atrRatio=1.568 dir=SHORT spread=13.0 spreadOK=YES atrGate=PASS touch=FAIL momCandle=ZERO_RANGE_BAR barRange=0.000000 minBarRange=0.000417 (0.30xATR) momClosePos=0.500(forced) momOk=N ema50Ok=Y barRange=0.000000 zeroRangeBar=YES trigger=NO hasPos=NO portRisk=0.00% openPos=0 | 1.157740
MD	0	10:15:01.896	Cazyxio_v4.1 (EURUSD,M15)	2026.03.05 17:15:01 | GATE_FAIL | EURUSD | Touch/pullback gate FAIL. Price has not approached EMA50 within last 12 bars (within 0.60 ATR). v4.1 tolerance=0.60x (tightened from v4.0 1.00x).
PJ	0	10:15:01.896	Cazyxio_v4.1 (EURUSD,M15)	2026.03.05 17:15:01 | BAR | GBPJPY | close=209.975 h4ema200=210.346 h4slope=DOWN ema50=209.975 atr=0.175714 atrSma=0.156188 atrRatio=1.125 dir=SHORT spread=36.0 spreadOK=NO atrGate=PASS touch=PASS momCandle=ZERO_RANGE_BAR barRange=0.000000 minBarRange=0.052714 (0.30xATR) momClosePos=0.500(forced) momOk=N ema50Ok=Y barRange=0.000000 zeroRangeBar=YES trigger=NO hasPos=NO portRisk=0.00% openPos=0 | 209.975000
OM	0	10:15:01.896	Cazyxio_v4.1 (EURUSD,M15)	2026.03.05 17:15:01 | GATE_FAIL | GBPJPY | Spread too wide. Spread=36.0 Max=30 points.
LS	0	10:15:01.896	Cazyxio_v4.1 (EURUSD,M15)	2026.03.05 17:15:01 | BAR | USDCAD | close=1.36983 h4ema200=1.36860 h4slope=DOWN ema50=1.36587 atr=0.001546 atrSma=0.000866 atrRatio=1.786 dir=NONE spread=23.0 spreadOK=YES atrGate=PASS touch=FAIL momCandle= zeroRangeBar=NO trigger=NO hasPos=NO portRisk=0.00% openPos=0 | 1.369830
QI	0	10:15:01.896	Cazyxio_v4.1 (EURUSD,M15)	2026.03.05 17:15:01 | GATE_FAIL | USDCAD | No directional bias. h4slope=DOWN closeNow=1.36983 h4ema200=1.36860. Need H4 slope + price on correct side of H4 EMA200.
KE	0	10:15:02.143	Cazyxio_v4.1 (EURUSD,M15)	2026.03.05 17:15:02 | BAR | GBPUSD | close=1.33180 h4ema200=1.35041 h4slope=DOWN ema50=1.33387 atr=0.001549 atrSma=0.001144 atrRatio=1.354 dir=SHORT spread=20.0 spreadOK=YES atrGate=PASS touch=PASS momCandle=ZERO_RANGE_BAR barRange=0.000000 minBarRange=0.000465 (0.30xATR) momClosePos=0.500(forced) momOk=N ema50Ok=Y barRange=0.000000 zeroRangeBar=YES trigger=NO hasPos=NO portRisk=0.00% openPos=0 | 1.331800
HQ	0	10:15:02.143	Cazyxio_v4.1 (EURUSD,M15)	2026.03.05 17:15:02 | GATE_FAIL | GBPUSD | Zero-range bar FAIL (v4.1 fix). barRange=0.000000 < minBarRange=0.000465 (0.30x ATR). Doji/flat bar excluded from momentum evaluation.
NE	0	10:15:02.143	Cazyxio_v4.1 (EURUSD,M15)	2026.03.05 17:15:02 | BAR | USDJPY | close=157.658 h4ema200=155.759 h4slope=UP ema50=157.415 atr=0.135286 atrSma=0.114916 atrRatio=1.177 dir=LONG spread=15.0 spreadOK=YES atrGate=PASS touch=FAIL momCandle=ZERO_RANGE_BAR barRange=0.000000 minBarRange=0.040586 (0.30xATR) momClosePos=0.500(forced) momOk=N ema50Ok=Y barRange=0.000000 zeroRangeBar=YES trigger=NO hasPos=NO portRisk=0.00% openPos=0 | 157.658000
IO	0	10:15:02.143	Cazyxio_v4.1 (EURUSD,M15)	2026.03.05 17:15:02 | GATE_FAIL | USDJPY | Touch/pullback gate FAIL. Price has not approached EMA50 within last 12 bars (within 0.60 ATR). v4.1 tolerance=0.60x (tightened from v4.0 1.00x).
QR	0	10:15:02.143	Cazyxio_v4.1 (EURUSD,M15)	2026.03.05 17:15:02 | BAR | AUDUSD | close=0.70000 h4ema200=0.69912 h4slope=UP ema50=0.70310 atr=0.001428 atrSma=0.000922 atrRatio=1.549 dir=LONG spread=17.0 spreadOK=YES atrGate=PASS touch=FAIL momCandle=ZERO_RANGE_BAR barRange=0.000000 minBarRange=0.000428 (0.30xATR) momClosePos=0.500(forced) momOk=N ema50Ok=Y barRange=0.000000 zeroRangeBar=YES trigger=NO hasPos=NO portRisk=0.00% openPos=0 | 0.700000
RI	0	10:15:02.143	Cazyxio_v4.1 (EURUSD,M15)	2026.03.05 17:15:02 | GATE_FAIL | AUDUSD | Touch/pullback gate FAIL. Price has not approached EMA50 within last 12 bars (within 0.60 ATR). v4.1 tolerance=0.60x (tightened from v4.0 1.00x).
HJ	0	10:15:24.535	Cazyxio_v4.1 (EURUSD,M15)	2026.03.05 17:15:24 | HEARTBEAT | SYSTEM | EA alive. Tick=87100 Equity=45490.80 OpenPos=0 UTC=2026.03.05 17:15 DayOfWeek=4 WeekendCloseActive=NO NewTradeBlocked=NO | 87100.000000
NN	0	10:16:07.169	Cazyxio_v4.1 (EURUSD,M15)	2026.03.05 17:16:07 | HEARTBEAT | SYSTEM | EA alive. Tick=87200 Equity=45490.80 OpenPos=0 UTC=2026.03.05 17:16 DayOfWeek=4 WeekendCloseActive=NO NewTradeBlocked=NO | 87200.000000
NR	0	10:16:50.538	Cazyxio_v4.1 (EURUSD,M15)	2026.03.05 17:16:50 | HEARTBEAT | SYSTEM | EA alive. Tick=87300 Equity=45490.80 OpenPos=0 UTC=2026.03.05 17:16 DayOfWeek=4 WeekendCloseActive=NO NewTradeBlocked=NO | 87300.000000
HF	0	10:17:45.247	Cazyxio_v4.1 (EURUSD,M15)	2026.03.05 17:17:45 | HEARTBEAT | SYSTEM | EA alive. Tick=87400 Equity=45490.80 OpenPos=0 UTC=2026.03.05 17:17 DayOfWeek=4 WeekendCloseActive=NO NewTradeBlocked=NO | 87400.000000
LJ	0	10:18:45.938	Cazyxio_v4.1 (EURUSD,M15)	2026.03.05 17:18:45 | HEARTBEAT | SYSTEM | EA alive. Tick=87500 Equity=45490.80 OpenPos=0 UTC=2026.03.05 17:18 DayOfWeek=4 WeekendCloseActive=NO NewTradeBlocked=NO | 87500.000000
NN	0	10:19:26.717	Cazyxio_v4.1 (EURUSD,M15)	2026.03.05 17:19:26 | HEARTBEAT | SYSTEM | EA alive. Tick=87600 Equity=45490.80 OpenPos=0 UTC=2026.03.05 17:19 DayOfWeek=4 WeekendCloseActive=NO NewTradeBlocked=NO | 87600.000000
IR	0	10:20:09.215	Cazyxio_v4.1 (EURUSD,M15)	2026.03.05 17:20:09 | HEARTBEAT | SYSTEM | EA alive. Tick=87700 Equity=45490.80 OpenPos=0 UTC=2026.03.05 17:20 DayOfWeek=4 WeekendCloseActive=NO NewTradeBlocked=NO | 87700.000000
CF	0	10:20:44.347	Cazyxio_v4.1 (EURUSD,M15)	2026.03.05 17:20:44 | HEARTBEAT | SYSTEM | EA alive. Tick=87800 Equity=45490.80 OpenPos=0 UTC=2026.03.05 17:20 DayOfWeek=4 WeekendCloseActive=NO NewTradeBlocked=NO | 87800.000000
JJ	0	10:21:33.530	Cazyxio_v4.1 (EURUSD,M15)	2026.03.05 17:21:33 | HEARTBEAT | SYSTEM | EA alive. Tick=87900 Equity=45490.80 OpenPos=0 UTC=2026.03.05 17:21 DayOfWeek=4 WeekendCloseActive=NO NewTradeBlocked=NO | 87900.000000
EN	0	10:22:28.154	Cazyxio_v4.1 (EURUSD,M15)	2026.03.05 17:22:28 | HEARTBEAT | SYSTEM | EA alive. Tick=88000 Equity=45490.80 OpenPos=0 UTC=2026.03.05 17:22 DayOfWeek=4 WeekendCloseActive=NO NewTradeBlocked=NO | 88000.000000
DR	0	10:23:19.075	Cazyxio_v4.1 (EURUSD,M15)	2026.03.05 17:23:19 | HEARTBEAT | SYSTEM | EA alive. Tick=88100 Equity=45490.80 OpenPos=0 UTC=2026.03.05 17:23 DayOfWeek=4 WeekendCloseActive=NO NewTradeBlocked=NO | 88100.000000
QF	0	10:24:03.318	Cazyxio_v4.1 (EURUSD,M15)	2026.03.05 17:24:03 | HEARTBEAT | SYSTEM | EA alive. Tick=88200 Equity=45490.80 OpenPos=0 UTC=2026.03.05 17:24 DayOfWeek=4 WeekendCloseActive=NO NewTradeBlocked=NO | 88200.000000
EJ	0	10:24:52.633	Cazyxio_v4.1 (EURUSD,M15)	2026.03.05 17:24:52 | HEARTBEAT | SYSTEM | EA alive. Tick=88300 Equity=45490.80 OpenPos=0 UTC=2026.03.05 17:24 DayOfWeek=4 WeekendCloseActive=NO NewTradeBlocked=NO | 88300.000000
HN	0	10:26:03.276	Cazyxio_v4.1 (EURUSD,M15)	2026.03.05 17:26:03 | HEARTBEAT | SYSTEM | EA alive. Tick=88400 Equity=45490.80 OpenPos=0 UTC=2026.03.05 17:26 DayOfWeek=4 WeekendCloseActive=NO NewTradeBlocked=NO | 88400.000000
ER	0	10:27:16.317	Cazyxio_v4.1 (EURUSD,M15)	2026.03.05 17:27:16 | HEARTBEAT | SYSTEM | EA alive. Tick=88500 Equity=45490.80 OpenPos=0 UTC=2026.03.05 17:27 DayOfWeek=4 WeekendCloseActive=NO NewTradeBlocked=NO | 88500.000000
EF	0	10:28:17.497	Cazyxio_v4.1 (EURUSD,M15)	2026.03.05 17:28:17 | HEARTBEAT | SYSTEM | EA alive. Tick=88600 Equity=45490.80 OpenPos=0 UTC=2026.03.05 17:28 DayOfWeek=4 WeekendCloseActive=NO NewTradeBlocked=NO | 88600.000000
FJ	0	10:29:08.648	Cazyxio_v4.1 (EURUSD,M15)	2026.03.05 17:29:08 | HEARTBEAT | SYSTEM | EA alive. Tick=88700 Equity=45490.80 OpenPos=0 UTC=2026.03.05 17:29 DayOfWeek=4 WeekendCloseActive=NO NewTradeBlocked=NO | 88700.000000
LN	0	10:29:47.321	Cazyxio_v4.1 (EURUSD,M15)	2026.03.05 17:29:47 | HEARTBEAT | SYSTEM | EA alive. Tick=88800 Equity=45490.80 OpenPos=0 UTC=2026.03.05 17:29 DayOfWeek=4 WeekendCloseActive=NO NewTradeBlocked=NO | 88800.000000
QM	0	10:30:01.898	Cazyxio_v4.1 (EURUSD,M15)	2026.03.05 17:30:01 | BAR | EURUSD | close=1.15795 h4ema200=1.17659 h4slope=DOWN ema50=1.15997 atr=0.001392 atrSma=0.000889 atrRatio=1.567 dir=SHORT spread=19.0 spreadOK=YES atrGate=PASS touch=FAIL momCandle=ZERO_RANGE_BAR barRange=0.000000 minBarRange=0.000418 (0.30xATR) momClosePos=0.500(forced) momOk=N ema50Ok=Y barRange=0.000000 zeroRangeBar=YES trigger=NO hasPos=NO portRisk=0.00% openPos=0 | 1.157950
EJ	0	10:30:01.898	Cazyxio_v4.1 (EURUSD,M15)	2026.03.05 17:30:01 | GATE_FAIL | EURUSD | Touch/pullback gate FAIL. Price has not approached EMA50 within last 12 bars (within 0.60 ATR). v4.1 tolerance=0.60x (tightened from v4.0 1.00x).
NP	0	10:30:01.898	Cazyxio_v4.1 (EURUSD,M15)	2026.03.05 17:30:01 | BAR | USDCAD | close=1.36991 h4ema200=1.36860 h4slope=DOWN ema50=1.36603 atr=0.001570 atrSma=0.000870 atrRatio=1.804 dir=NONE spread=27.0 spreadOK=YES atrGate=PASS touch=FAIL momCandle= zeroRangeBar=NO trigger=NO hasPos=NO portRisk=0.00% openPos=0 | 1.369910
FJ	0	10:30:01.898	Cazyxio_v4.1 (EURUSD,M15)	2026.03.05 17:30:01 | GATE_FAIL | USDCAD | No directional bias. h4slope=DOWN closeNow=1.36991 h4ema200=1.36860. Need H4 slope + price on correct side of H4 EMA200.
MD	0	10:30:02.157	Cazyxio_v4.1 (EURUSD,M15)	2026.03.05 17:30:02 | BAR | GBPUSD | close=1.33226 h4ema200=1.35042 h4slope=DOWN ema50=1.33382 atr=0.001530 atrSma=0.001145 atrRatio=1.337 dir=SHORT spread=24.0 spreadOK=YES atrGate=PASS touch=PASS momCandle=ZERO_RANGE_BAR barRange=0.000000 minBarRange=0.000459 (0.30xATR) momClosePos=0.500(forced) momOk=N ema50Ok=Y barRange=0.000000 zeroRangeBar=YES trigger=NO hasPos=NO portRisk=0.00% openPos=0 | 1.332260
RP	0	10:30:02.157	Cazyxio_v4.1 (EURUSD,M15)	2026.03.05 17:30:02 | GATE_FAIL | GBPUSD | Zero-range bar FAIL (v4.1 fix). barRange=0.000000 < minBarRange=0.000459 (0.30x ATR). Doji/flat bar excluded from momentum evaluation.
JD	0	10:30:02.157	Cazyxio_v4.1 (EURUSD,M15)	2026.03.05 17:30:02 | BAR | USDJPY | close=157.635 h4ema200=155.759 h4slope=UP ema50=157.422 atr=0.131143 atrSma=0.114886 atrRatio=1.142 dir=LONG spread=19.0 spreadOK=YES atrGate=PASS touch=FAIL momCandle=ZERO_RANGE_BAR barRange=0.000000 minBarRange=0.039343 (0.30xATR) momClosePos=0.500(forced) momOk=N ema50Ok=Y barRange=0.000000 zeroRangeBar=YES trigger=NO hasPos=NO portRisk=0.00% openPos=0 | 157.635000
FL	0	10:30:02.157	Cazyxio_v4.1 (EURUSD,M15)	2026.03.05 17:30:02 | GATE_FAIL | USDJPY | Touch/pullback gate FAIL. Price has not approached EMA50 within last 12 bars (within 0.60 ATR). v4.1 tolerance=0.60x (tightened from v4.0 1.00x).
DM	0	10:30:02.157	Cazyxio_v4.1 (EURUSD,M15)	2026.03.05 17:30:02 | BAR | AUDUSD | close=0.69906 h4ema200=0.69911 h4slope=UP ema50=0.70290 atr=0.001439 atrSma=0.000924 atrRatio=1.557 dir=NONE spread=19.0 spreadOK=YES atrGate=PASS touch=FAIL momCandle= zeroRangeBar=NO trigger=NO hasPos=NO portRisk=0.00% openPos=0 | 0.699060
RH	0	10:30:02.157	Cazyxio_v4.1 (EURUSD,M15)	2026.03.05 17:30:02 | GATE_FAIL | AUDUSD | No directional bias. h4slope=UP closeNow=0.69906 h4ema200=0.69911. Need H4 slope + price on correct side of H4 EMA200.
GL	0	10:30:02.157	Cazyxio_v4.1 (EURUSD,M15)	2026.03.05 17:30:02 | BAR | GBPJPY | close=210.018 h4ema200=210.346 h4slope=DOWN ema50=209.978 atr=0.174214 atrSma=0.156044 atrRatio=1.116 dir=SHORT spread=44.0 spreadOK=NO atrGate=PASS touch=PASS momCandle=ZERO_RANGE_BAR barRange=0.000000 minBarRange=0.052264 (0.30xATR) momClosePos=0.500(forced) momOk=N ema50Ok=Y barRange=0.000000 zeroRangeBar=YES trigger=NO hasPos=NO portRisk=0.00% openPos=0 | 210.018000
NG	0	10:30:02.157	Cazyxio_v4.1 (EURUSD,M15)	2026.03.05 17:30:02 | GATE_FAIL | GBPJPY | Spread too wide. Spread=44.0 Max=30 points.
DE	0	10:30:23.042	Cazyxio_v4.1 (EURUSD,M15)	2026.03.05 17:30:23 | HEARTBEAT | SYSTEM | EA alive. Tick=88900 Equity=45490.80 OpenPos=0 UTC=2026.03.05 17:30 DayOfWeek=4 WeekendCloseActive=NO NewTradeBlocked=NO | 88900.000000
LI	0	10:31:14.258	Cazyxio_v4.1 (EURUSD,M15)	2026.03.05 17:31:14 | HEARTBEAT | SYSTEM | EA alive. Tick=89000 Equity=45490.80 OpenPos=0 UTC=2026.03.05 17:31 DayOfWeek=4 WeekendCloseActive=NO NewTradeBlocked=NO | 89000.000000
EM	0	10:32:04.777	Cazyxio_v4.1 (EURUSD,M15)	2026.03.05 17:32:04 | HEARTBEAT | SYSTEM | EA alive. Tick=89100 Equity=45490.80 OpenPos=0 UTC=2026.03.05 17:32 DayOfWeek=4 WeekendCloseActive=NO NewTradeBlocked=NO | 89100.000000
LQ	0	10:32:59.783	Cazyxio_v4.1 (EURUSD,M15)	2026.03.05 17:32:59 | HEARTBEAT | SYSTEM | EA alive. Tick=89200 Equity=45490.80 OpenPos=0 UTC=2026.03.05 17:32 DayOfWeek=4 WeekendCloseActive=NO NewTradeBlocked=NO | 89200.000000
ME	0	10:33:52.790	Cazyxio_v4.1 (EURUSD,M15)	2026.03.05 17:33:52 | HEARTBEAT | SYSTEM | EA alive. Tick=89300 Equity=45490.80 OpenPos=0 UTC=2026.03.05 17:33 DayOfWeek=4 WeekendCloseActive=NO NewTradeBlocked=NO | 89300.000000
EI	0	10:34:37.436	Cazyxio_v4.1 (EURUSD,M15)	2026.03.05 17:34:37 | HEARTBEAT | SYSTEM | EA alive. Tick=89400 Equity=45490.80 OpenPos=0 UTC=2026.03.05 17:34 DayOfWeek=4 WeekendCloseActive=NO NewTradeBlocked=NO | 89400.000000
EM	0	10:35:39.154	Cazyxio_v4.1 (EURUSD,M15)	2026.03.05 17:35:39 | HEARTBEAT | SYSTEM | EA alive. Tick=89500 Equity=45490.80 OpenPos=0 UTC=2026.03.05 17:35 DayOfWeek=4 WeekendCloseActive=NO NewTradeBlocked=NO | 89500.000000
LQ	0	10:36:30.998	Cazyxio_v4.1 (EURUSD,M15)	2026.03.05 17:36:30 | HEARTBEAT | SYSTEM | EA alive. Tick=89600 Equity=45490.80 OpenPos=0 UTC=2026.03.05 17:36 DayOfWeek=4 WeekendCloseActive=NO NewTradeBlocked=NO | 89600.000000
ME	0	10:37:25.912	Cazyxio_v4.1 (EURUSD,M15)	2026.03.05 17:37:25 | HEARTBEAT | SYSTEM | EA alive. Tick=89700 Equity=45490.80 OpenPos=0 UTC=2026.03.05 17:37 DayOfWeek=4 WeekendCloseActive=NO NewTradeBlocked=NO | 89700.000000
DI	0	10:37:55.717	Cazyxio_v4.1 (EURUSD,M15)	2026.03.05 17:37:55 | HEARTBEAT | SYSTEM | EA alive. Tick=89800 Equity=45490.80 OpenPos=0 UTC=2026.03.05 17:37 DayOfWeek=4 WeekendCloseActive=NO NewTradeBlocked=NO | 89800.000000
EM	0	10:38:27.872	Cazyxio_v4.1 (EURUSD,M15)	2026.03.05 17:38:27 | HEARTBEAT | SYSTEM | EA alive. Tick=89900 Equity=45490.80 OpenPos=0 UTC=2026.03.05 17:38 DayOfWeek=4 WeekendCloseActive=NO NewTradeBlocked=NO | 89900.000000
LQ	0	10:38:58.530	Cazyxio_v4.1 (EURUSD,M15)	2026.03.05 17:38:58 | HEARTBEAT | SYSTEM | EA alive. Tick=90000 Equity=45490.80 OpenPos=0 UTC=2026.03.05 17:38 DayOfWeek=4 WeekendCloseActive=NO NewTradeBlocked=NO | 90000.000000
LE	0	10:39:31.205	Cazyxio_v4.1 (EURUSD,M15)	2026.03.05 17:39:31 | HEARTBEAT | SYSTEM | EA alive. Tick=90100 Equity=45490.80 OpenPos=0 UTC=2026.03.05 17:39 DayOfWeek=4 WeekendCloseActive=NO NewTradeBlocked=NO | 90100.000000
GI	0	10:40:01.051	Cazyxio_v4.1 (EURUSD,M15)	2026.03.05 17:40:01 | HEARTBEAT | SYSTEM | EA alive. Tick=90200 Equity=45490.80 OpenPos=0 UTC=2026.03.05 17:40 DayOfWeek=4 WeekendCloseActive=NO NewTradeBlocked=NO | 90200.000000
JM	0	10:40:32.564	Cazyxio_v4.1 (EURUSD,M15)	2026.03.05 17:40:32 | HEARTBEAT | SYSTEM | EA alive. Tick=90300 Equity=45490.80 OpenPos=0 UTC=2026.03.05 17:40 DayOfWeek=4 WeekendCloseActive=NO NewTradeBlocked=NO | 90300.000000
EQ	0	10:41:05.928	Cazyxio_v4.1 (EURUSD,M15)	2026.03.05 17:41:05 | HEARTBEAT | SYSTEM | EA alive. Tick=90400 Equity=45490.80 OpenPos=0 UTC=2026.03.05 17:41 DayOfWeek=4 WeekendCloseActive=NO NewTradeBlocked=NO | 90400.000000
DE	0	10:41:43.404	Cazyxio_v4.1 (EURUSD,M15)	2026.03.05 17:41:43 | HEARTBEAT | SYSTEM | EA alive. Tick=90500 Equity=45490.80 OpenPos=0 UTC=2026.03.05 17:41 DayOfWeek=4 WeekendCloseActive=NO NewTradeBlocked=NO | 90500.000000
LI	0	10:42:16.685	Cazyxio_v4.1 (EURUSD,M15)	2026.03.05 17:42:16 | HEARTBEAT | SYSTEM | EA alive. Tick=90600 Equity=45490.80 OpenPos=0 UTC=2026.03.05 17:42 DayOfWeek=4 WeekendCloseActive=NO NewTradeBlocked=NO | 90600.000000
PM	0	10:42:52.384	Cazyxio_v4.1 (EURUSD,M15)	2026.03.05 17:42:52 | HEARTBEAT | SYSTEM | EA alive. Tick=90700 Equity=45490.80 OpenPos=0 UTC=2026.03.05 17:42 DayOfWeek=4 WeekendCloseActive=NO NewTradeBlocked=NO | 90700.000000
CQ	0	10:43:31.300	Cazyxio_v4.1 (EURUSD,M15)	2026.03.05 17:43:31 | HEARTBEAT | SYSTEM | EA alive. Tick=90800 Equity=45490.80 OpenPos=0 UTC=2026.03.05 17:43 DayOfWeek=4 WeekendCloseActive=NO NewTradeBlocked=NO | 90800.000000
OE	0	10:44:12.855	Cazyxio_v4.1 (EURUSD,M15)	2026.03.05 17:44:12 | HEARTBEAT | SYSTEM | EA alive. Tick=90900 Equity=45490.80 OpenPos=0 UTC=2026.03.05 17:44 DayOfWeek=4 WeekendCloseActive=NO NewTradeBlocked=NO | 90900.000000
HI	0	10:44:55.331	Cazyxio_v4.1 (EURUSD,M15)	2026.03.05 17:44:55 | HEARTBEAT | SYSTEM | EA alive. Tick=91000 Equity=45490.80 OpenPos=0 UTC=2026.03.05 17:44 DayOfWeek=4 WeekendCloseActive=NO NewTradeBlocked=NO | 91000.000000
GR	0	10:45:02.035	Cazyxio_v4.1 (EURUSD,M15)	2026.03.05 17:45:02 | BAR | GBPUSD | close=1.33297 h4ema200=1.35043 h4slope=DOWN ema50=1.33382 atr=0.001591 atrSma=0.001147 atrRatio=1.387 dir=SHORT spread=24.0 spreadOK=YES atrGate=PASS touch=PASS momCandle=ZERO_RANGE_BAR barRange=0.000000 minBarRange=0.000477 (0.30xATR) momClosePos=0.500(forced) momOk=N ema50Ok=Y barRange=0.000000 zeroRangeBar=YES trigger=NO hasPos=NO portRisk=0.00% openPos=0 | 1.332970
MQ	0	10:45:02.035	Cazyxio_v4.1 (EURUSD,M15)	2026.03.05 17:45:02 | GATE_FAIL | GBPUSD | Zero-range bar FAIL (v4.1 fix). barRange=0.000000 < minBarRange=0.000477 (0.30x ATR). Doji/flat bar excluded from momentum evaluation.
JF	0	10:45:02.035	Cazyxio_v4.1 (EURUSD,M15)	2026.03.05 17:45:02 | BAR | EURUSD | close=1.15843 h4ema200=1.17659 h4slope=DOWN ema50=1.15992 atr=0.001484 atrSma=0.000894 atrRatio=1.661 dir=SHORT spread=17.0 spreadOK=YES atrGate=PASS touch=FAIL momCandle=ZERO_RANGE_BAR barRange=0.000000 minBarRange=0.000445 (0.30xATR) momClosePos=0.500(forced) momOk=N ema50Ok=Y barRange=0.000000 zeroRangeBar=YES trigger=NO hasPos=NO portRisk=0.00% openPos=0 | 1.158430
LN	0	10:45:02.035	Cazyxio_v4.1 (EURUSD,M15)	2026.03.05 17:45:02 | GATE_FAIL | EURUSD | Touch/pullback gate FAIL. Price has not approached EMA50 within last 12 bars (within 0.60 ATR). v4.1 tolerance=0.60x (tightened from v4.0 1.00x).
KP	0	10:45:02.035	Cazyxio_v4.1 (EURUSD,M15)	2026.03.05 17:45:02 | BAR | USDJPY | close=157.690 h4ema200=155.759 h4slope=UP ema50=157.435 atr=0.134143 atrSma=0.114924 atrRatio=1.167 dir=LONG spread=15.0 spreadOK=YES atrGate=PASS touch=FAIL momCandle=ZERO_RANGE_BAR barRange=0.000000 minBarRange=0.040243 (0.30xATR) momClosePos=0.500(forced) momOk=N ema50Ok=Y barRange=0.000000 zeroRangeBar=YES trigger=NO hasPos=NO portRisk=0.00% openPos=0 | 157.690000
MH	0	10:45:02.035	Cazyxio_v4.1 (EURUSD,M15)	2026.03.05 17:45:02 | GATE_FAIL | USDJPY | Touch/pullback gate FAIL. Price has not approached EMA50 within last 12 bars (within 0.60 ATR). v4.1 tolerance=0.60x (tightened from v4.0 1.00x).
RN	0	10:45:02.035	Cazyxio_v4.1 (EURUSD,M15)	2026.03.05 17:45:02 | BAR | GBPJPY | close=210.198 h4ema200=210.348 h4slope=DOWN ema50=209.994 atr=0.176429 atrSma=0.155970 atrRatio=1.131 dir=SHORT spread=44.0 spreadOK=NO atrGate=PASS touch=PASS momCandle=ZERO_RANGE_BAR barRange=0.000000 minBarRange=0.052929 (0.30xATR) momClosePos=0.500(forced) momOk=N ema50Ok=Y barRange=0.000000 zeroRangeBar=YES trigger=NO hasPos=NO portRisk=0.00% openPos=0 | 210.198000
KQ	0	10:45:02.035	Cazyxio_v4.1 (EURUSD,M15)	2026.03.05 17:45:02 | GATE_FAIL | GBPJPY | Spread too wide. Spread=44.0 Max=30 points.
PO	0	10:45:02.245	Cazyxio_v4.1 (EURUSD,M15)	2026.03.05 17:45:02 | BAR | AUDUSD | close=0.69882 h4ema200=0.69911 h4slope=UP ema50=0.70273 atr=0.001477 atrSma=0.000927 atrRatio=1.593 dir=NONE spread=20.0 spreadOK=YES atrGate=PASS touch=FAIL momCandle= zeroRangeBar=NO trigger=NO hasPos=NO portRisk=0.00% openPos=0 | 0.698820
KE	0	10:45:02.245	Cazyxio_v4.1 (EURUSD,M15)	2026.03.05 17:45:02 | GATE_FAIL | AUDUSD | No directional bias. h4slope=UP closeNow=0.69882 h4ema200=0.69911. Need H4 slope + price on correct side of H4 EMA200.
LM	0	10:45:02.245	Cazyxio_v4.1 (EURUSD,M15)	2026.03.05 17:45:02 | BAR | USDCAD | close=1.36968 h4ema200=1.36860 h4slope=DOWN ema50=1.36617 atr=0.001632 atrSma=0.000876 atrRatio=1.864 dir=NONE spread=25.0 spreadOK=YES atrGate=PASS touch=FAIL momCandle= zeroRangeBar=NO trigger=NO hasPos=NO portRisk=0.00% openPos=0 | 1.369680
HH	0	10:45:02.245	Cazyxio_v4.1 (EURUSD,M15)	2026.03.05 17:45:02 | GATE_FAIL | USDCAD | No directional bias. h4slope=DOWN closeNow=1.36968 h4ema200=1.36860. Need H4 slope + price on correct side of H4 EMA200.
CL	0	10:45:34.676	Cazyxio_v4.1 (EURUSD,M15)	2026.03.05 17:45:34 | HEARTBEAT | SYSTEM | EA alive. Tick=91100 Equity=45490.80 OpenPos=0 UTC=2026.03.05 17:45 DayOfWeek=4 WeekendCloseActive=NO NewTradeBlocked=NO | 91100.000000
RP	0	10:46:13.920	Cazyxio_v4.1 (EURUSD,M15)	2026.03.05 17:46:13 | HEARTBEAT | SYSTEM | EA alive. Tick=91200 Equity=45490.80 OpenPos=0 UTC=2026.03.05 17:46 DayOfWeek=4 WeekendCloseActive=NO NewTradeBlocked=NO | 91200.000000
FD	0	10:47:06.431	Cazyxio_v4.1 (EURUSD,M15)	2026.03.05 17:47:06 | HEARTBEAT | SYSTEM | EA alive. Tick=91300 Equity=45490.80 OpenPos=0 UTC=2026.03.05 17:47 DayOfWeek=4 WeekendCloseActive=NO NewTradeBlocked=NO | 91300.000000
PH	0	10:48:01.340	Cazyxio_v4.1 (EURUSD,M15)	2026.03.05 17:48:01 | HEARTBEAT | SYSTEM | EA alive. Tick=91400 Equity=45490.80 OpenPos=0 UTC=2026.03.05 17:48 DayOfWeek=4 WeekendCloseActive=NO NewTradeBlocked=NO | 91400.000000
GL	0	10:48:43.790	Cazyxio_v4.1 (EURUSD,M15)	2026.03.05 17:48:43 | HEARTBEAT | SYSTEM | EA alive. Tick=91500 Equity=45490.80 OpenPos=0 UTC=2026.03.05 17:48 DayOfWeek=4 WeekendCloseActive=NO NewTradeBlocked=NO | 91500.000000
KP	0	10:49:32.663	Cazyxio_v4.1 (EURUSD,M15)	2026.03.05 17:49:32 | HEARTBEAT | SYSTEM | EA alive. Tick=91600 Equity=45490.80 OpenPos=0 UTC=2026.03.05 17:49 DayOfWeek=4 WeekendCloseActive=NO NewTradeBlocked=NO | 91600.000000
KD	0	10:50:05.812	Cazyxio_v4.1 (EURUSD,M15)	2026.03.05 17:50:05 | HEARTBEAT | SYSTEM | EA alive. Tick=91700 Equity=45490.80 OpenPos=0 UTC=2026.03.05 17:50 DayOfWeek=4 WeekendCloseActive=NO NewTradeBlocked=NO | 91700.000000
QH	0	10:50:50.049	Cazyxio_v4.1 (EURUSD,M15)	2026.03.05 17:50:50 | HEARTBEAT | SYSTEM | EA alive. Tick=91800 Equity=45490.80 OpenPos=0 UTC=2026.03.05 17:50 DayOfWeek=4 WeekendCloseActive=NO NewTradeBlocked=NO | 91800.000000
LL	0	10:51:48.193	Cazyxio_v4.1 (EURUSD,M15)	2026.03.05 17:51:48 | HEARTBEAT | SYSTEM | EA alive. Tick=91900 Equity=45490.80 OpenPos=0 UTC=2026.03.05 17:51 DayOfWeek=4 WeekendCloseActive=NO NewTradeBlocked=NO | 91900.000000
HP	0	10:52:31.598	Cazyxio_v4.1 (EURUSD,M15)	2026.03.05 17:52:31 | HEARTBEAT | SYSTEM | EA alive. Tick=92000 Equity=45490.80 OpenPos=0 UTC=2026.03.05 17:52 DayOfWeek=4 WeekendCloseActive=NO NewTradeBlocked=NO | 92000.000000
MD	0	10:53:18.857	Cazyxio_v4.1 (EURUSD,M15)	2026.03.05 17:53:18 | HEARTBEAT | SYSTEM | EA alive. Tick=92100 Equity=45490.80 OpenPos=0 UTC=2026.03.05 17:53 DayOfWeek=4 WeekendCloseActive=NO NewTradeBlocked=NO | 92100.000000
GH	0	10:54:00.201	Cazyxio_v4.1 (EURUSD,M15)	2026.03.05 17:54:00 | HEARTBEAT | SYSTEM | EA alive. Tick=92200 Equity=45490.80 OpenPos=0 UTC=2026.03.05 17:54 DayOfWeek=4 WeekendCloseActive=NO NewTradeBlocked=NO | 92200.000000
KL	0	10:54:46.681	Cazyxio_v4.1 (EURUSD,M15)	2026.03.05 17:54:46 | HEARTBEAT | SYSTEM | EA alive. Tick=92300 Equity=45490.80 OpenPos=0 UTC=2026.03.05 17:54 DayOfWeek=4 WeekendCloseActive=NO NewTradeBlocked=NO | 92300.000000
LP	0	10:55:29.780	Cazyxio_v4.1 (EURUSD,M15)	2026.03.05 17:55:29 | HEARTBEAT | SYSTEM | EA alive. Tick=92400 Equity=45490.80 OpenPos=0 UTC=2026.03.05 17:55 DayOfWeek=4 WeekendCloseActive=NO NewTradeBlocked=NO | 92400.000000
JD	0	10:56:16.507	Cazyxio_v4.1 (EURUSD,M15)	2026.03.05 17:56:16 | HEARTBEAT | SYSTEM | EA alive. Tick=92500 Equity=45490.80 OpenPos=0 UTC=2026.03.05 17:56 DayOfWeek=4 WeekendCloseActive=NO NewTradeBlocked=NO | 92500.000000
QH	0	10:56:59.487	Cazyxio_v4.1 (EURUSD,M15)	2026.03.05 17:56:59 | HEARTBEAT | SYSTEM | EA alive. Tick=92600 Equity=45490.80 OpenPos=0 UTC=2026.03.05 17:56 DayOfWeek=4 WeekendCloseActive=NO NewTradeBlocked=NO | 92600.000000
CL	0	10:57:45.646	Cazyxio_v4.1 (EURUSD,M15)	2026.03.05 17:57:45 | HEARTBEAT | SYSTEM | EA alive. Tick=92700 Equity=45490.80 OpenPos=0 UTC=2026.03.05 17:57 DayOfWeek=4 WeekendCloseActive=NO NewTradeBlocked=NO | 92700.000000
RP	0	10:58:39.532	Cazyxio_v4.1 (EURUSD,M15)	2026.03.05 17:58:39 | HEARTBEAT | SYSTEM | EA alive. Tick=92800 Equity=45490.80 OpenPos=0 UTC=2026.03.05 17:58 DayOfWeek=4 WeekendCloseActive=NO NewTradeBlocked=NO | 92800.000000
ID	0	10:59:31.792	Cazyxio_v4.1 (EURUSD,M15)	2026.03.05 17:59:31 | HEARTBEAT | SYSTEM | EA alive. Tick=92900 Equity=45490.80 OpenPos=0 UTC=2026.03.05 17:59 DayOfWeek=4 WeekendCloseActive=NO NewTradeBlocked=NO | 92900.000000
EG	0	11:00:01.934	Cazyxio_v4.1 (EURUSD,M15)	2026.03.05 18:00:01 | BAR | GBPUSD | close=1.33288 h4ema200=1.35025 h4slope=DOWN ema50=1.33378 atr=0.001521 atrSma=0.001147 atrRatio=1.326 dir=SHORT spread=20.0 spreadOK=YES atrGate=PASS touch=PASS momCandle=ZERO_RANGE_BAR barRange=0.000000 minBarRange=0.000456 (0.30xATR) momClosePos=0.500(forced) momOk=N ema50Ok=Y barRange=0.000000 zeroRangeBar=YES trigger=NO hasPos=NO portRisk=0.00% openPos=0 | 1.332880
PR	0	11:00:01.934	Cazyxio_v4.1 (EURUSD,M15)	2026.03.05 18:00:01 | GATE_FAIL | GBPUSD | Zero-range bar FAIL (v4.1 fix). barRange=0.000000 < minBarRange=0.000456 (0.30x ATR). Doji/flat bar excluded from momentum evaluation.
OJ	0	11:00:01.934	Cazyxio_v4.1 (EURUSD,M15)	2026.03.05 18:00:01 | BAR | EURUSD | close=1.15870 h4ema200=1.17642 h4slope=DOWN ema50=1.15989 atr=0.001463 atrSma=0.000898 atrRatio=1.629 dir=SHORT spread=16.0 spreadOK=YES atrGate=PASS touch=FAIL momCandle=ZERO_RANGE_BAR barRange=0.000000 minBarRange=0.000439 (0.30xATR) momClosePos=0.500(forced) momOk=N ema50Ok=Y barRange=0.000000 zeroRangeBar=YES trigger=NO hasPos=NO portRisk=0.00% openPos=0 | 1.158700
LM	0	11:00:01.934	Cazyxio_v4.1 (EURUSD,M15)	2026.03.05 18:00:01 | GATE_FAIL | EURUSD | Touch/pullback gate FAIL. Price has not approached EMA50 within last 12 bars (within 0.60 ATR). v4.1 tolerance=0.60x (tightened from v4.0 1.00x).
LL	0	11:00:01.934	Cazyxio_v4.1 (EURUSD,M15)	2026.03.05 18:00:01 | BAR | GBPJPY | close=210.184 h4ema200=210.346 h4slope=DOWN ema50=210.001 atr=0.164571 atrSma=0.155722 atrRatio=1.057 dir=SHORT spread=36.0 spreadOK=NO atrGate=PASS touch=PASS momCandle=ZERO_RANGE_BAR barRange=0.000000 minBarRange=0.049371 (0.30xATR) momClosePos=0.500(forced) momOk=N ema50Ok=Y barRange=0.000000 zeroRangeBar=YES trigger=NO hasPos=NO portRisk=0.00% openPos=0 | 210.184000
RD	0	11:00:01.934	Cazyxio_v4.1 (EURUSD,M15)	2026.03.05 18:00:01 | GATE_FAIL | GBPJPY | Spread too wide. Spread=36.0 Max=30 points.
JH	0	11:00:01.934	Cazyxio_v4.1 (EURUSD,M15)	2026.03.05 18:00:01 | BAR | USDCAD | close=1.37004 h4ema200=1.36862 h4slope=DOWN ema50=1.36633 atr=0.001641 atrSma=0.000881 atrRatio=1.862 dir=NONE spread=28.0 spreadOK=YES atrGate=PASS touch=FAIL momCandle= zeroRangeBar=NO trigger=NO hasPos=NO portRisk=0.00% openPos=0 | 1.370040
CS	0	11:00:01.934	Cazyxio_v4.1 (EURUSD,M15)	2026.03.05 18:00:01 | GATE_FAIL | USDCAD | No directional bias. h4slope=DOWN closeNow=1.37004 h4ema200=1.36862. Need H4 slope + price on correct side of H4 EMA200.
QP	0	11:00:02.198	Cazyxio_v4.1 (EURUSD,M15)	2026.03.05 18:00:02 | BAR | USDJPY | close=157.686 h4ema200=155.778 h4slope=UP ema50=157.444 atr=0.141714 atrSma=0.115094 atrRatio=1.231 dir=LONG spread=16.0 spreadOK=YES atrGate=PASS touch=FAIL momCandle=ZERO_RANGE_BAR barRange=0.000000 minBarRange=0.042514 (0.30xATR) momClosePos=0.500(forced) momOk=N ema50Ok=Y barRange=0.000000 zeroRangeBar=YES trigger=NO hasPos=NO portRisk=0.00% openPos=0 | 157.686000
GK	0	11:00:02.198	Cazyxio_v4.1 (EURUSD,M15)	2026.03.05 18:00:02 | GATE_FAIL | USDJPY | Touch/pullback gate FAIL. Price has not approached EMA50 within last 12 bars (within 0.60 ATR). v4.1 tolerance=0.60x (tightened from v4.0 1.00x).
MQ	0	11:00:02.198	Cazyxio_v4.1 (EURUSD,M15)	2026.03.05 18:00:02 | BAR | AUDUSD | close=0.69830 h4ema200=0.69909 h4slope=UP ema50=0.70254 atr=0.001441 atrSma=0.000930 atrRatio=1.550 dir=NONE spread=19.0 spreadOK=YES atrGate=PASS touch=FAIL momCandle= zeroRangeBar=NO trigger=NO hasPos=NO portRisk=0.00% openPos=0 | 0.698300
HK	0	11:00:02.198	Cazyxio_v4.1 (EURUSD,M15)	2026.03.05 18:00:02 | GATE_FAIL | AUDUSD | No directional bias. h4slope=UP closeNow=0.69830 h4ema200=0.69909. Need H4 slope + price on correct side of H4 EMA200.
MK	0	11:00:17.074	Cazyxio_v4.1 (EURUSD,M15)	2026.03.05 18:00:17 | HEARTBEAT | SYSTEM | EA alive. Tick=93000 Equity=45490.80 OpenPos=0 UTC=2026.03.05 18:00 DayOfWeek=4 WeekendCloseActive=NO NewTradeBlocked=NO | 93000.000000
MO	0	11:01:10.165	Cazyxio_v4.1 (EURUSD,M15)	2026.03.05 18:01:10 | HEARTBEAT | SYSTEM | EA alive. Tick=93100 Equity=45490.80 OpenPos=0 UTC=2026.03.05 18:01 DayOfWeek=4 WeekendCloseActive=NO NewTradeBlocked=NO | 93100.000000
OS	0	11:01:48.488	Cazyxio_v4.1 (EURUSD,M15)	2026.03.05 18:01:48 | HEARTBEAT | SYSTEM | EA alive. Tick=93200 Equity=45490.80 OpenPos=0 UTC=2026.03.05 18:01 DayOfWeek=4 WeekendCloseActive=NO NewTradeBlocked=NO | 93200.000000
RG	0	11:02:31.361	Cazyxio_v4.1 (EURUSD,M15)	2026.03.05 18:02:31 | HEARTBEAT | SYSTEM | EA alive. Tick=93300 Equity=45490.80 OpenPos=0 UTC=2026.03.05 18:02 DayOfWeek=4 WeekendCloseActive=NO NewTradeBlocked=NO | 93300.000000
LK	0	11:03:24.407	Cazyxio_v4.1 (EURUSD,M15)	2026.03.05 18:03:24 | HEARTBEAT | SYSTEM | EA alive. Tick=93400 Equity=45490.80 OpenPos=0 UTC=2026.03.05 18:03 DayOfWeek=4 WeekendCloseActive=NO NewTradeBlocked=NO | 93400.000000
MO	0	11:04:04.676	Cazyxio_v4.1 (EURUSD,M15)	2026.03.05 18:04:04 | HEARTBEAT | SYSTEM | EA alive. Tick=93500 Equity=45490.80 OpenPos=0 UTC=2026.03.05 18:04 DayOfWeek=4 WeekendCloseActive=NO NewTradeBlocked=NO | 93500.000000
LS	0	11:04:41.051	Cazyxio_v4.1 (EURUSD,M15)	2026.03.05 18:04:41 | HEARTBEAT | SYSTEM | EA alive. Tick=93600 Equity=45490.80 OpenPos=0 UTC=2026.03.05 18:04 DayOfWeek=4 WeekendCloseActive=NO NewTradeBlocked=NO | 93600.000000
JG	0	11:05:17.281	Cazyxio_v4.1 (EURUSD,M15)	2026.03.05 18:05:17 | HEARTBEAT | SYSTEM | EA alive. Tick=93700 Equity=45490.80 OpenPos=0 UTC=2026.03.05 18:05 DayOfWeek=4 WeekendCloseActive=NO NewTradeBlocked=NO | 93700.000000
DK	0	11:06:12.529	Cazyxio_v4.1 (EURUSD,M15)	2026.03.05 18:06:12 | HEARTBEAT | SYSTEM | EA alive. Tick=93800 Equity=45490.80 OpenPos=0 UTC=2026.03.05 18:06 DayOfWeek=4 WeekendCloseActive=NO NewTradeBlocked=NO | 93800.000000
NO	0	11:06:55.567	Cazyxio_v4.1 (EURUSD,M15)	2026.03.05 18:06:55 | HEARTBEAT | SYSTEM | EA alive. Tick=93900 Equity=45490.80 OpenPos=0 UTC=2026.03.05 18:06 DayOfWeek=4 WeekendCloseActive=NO NewTradeBlocked=NO | 93900.000000
KS	0	11:07:39.336	Cazyxio_v4.1 (EURUSD,M15)	2026.03.05 18:07:39 | HEARTBEAT | SYSTEM | EA alive. Tick=94000 Equity=45490.80 OpenPos=0 UTC=2026.03.05 18:07 DayOfWeek=4 WeekendCloseActive=NO NewTradeBlocked=NO | 94000.000000
HG	0	11:08:20.235	Cazyxio_v4.1 (EURUSD,M15)	2026.03.05 18:08:20 | HEARTBEAT | SYSTEM | EA alive. Tick=94100 Equity=45490.80 OpenPos=0 UTC=2026.03.05 18:08 DayOfWeek=4 WeekendCloseActive=NO NewTradeBlocked=NO | 94100.000000
CK	0	11:09:06.231	Cazyxio_v4.1 (EURUSD,M15)	2026.03.05 18:09:06 | HEARTBEAT | SYSTEM | EA alive. Tick=94200 Equity=45490.80 OpenPos=0 UTC=2026.03.05 18:09 DayOfWeek=4 WeekendCloseActive=NO NewTradeBlocked=NO | 94200.000000
DO	0	11:09:45.890	Cazyxio_v4.1 (EURUSD,M15)	2026.03.05 18:09:45 | HEARTBEAT | SYSTEM | EA alive. Tick=94300 Equity=45490.80 OpenPos=0 UTC=2026.03.05 18:09 DayOfWeek=4 WeekendCloseActive=NO NewTradeBlocked=NO | 94300.000000
NS	0	11:10:24.535	Cazyxio_v4.1 (EURUSD,M15)	2026.03.05 18:10:24 | HEARTBEAT | SYSTEM | EA alive. Tick=94400 Equity=45490.80 OpenPos=0 UTC=2026.03.05 18:10 DayOfWeek=4 WeekendCloseActive=NO NewTradeBlocked=NO | 94400.000000
CG	0	11:11:05.108	Cazyxio_v4.1 (EURUSD,M15)	2026.03.05 18:11:05 | HEARTBEAT | SYSTEM | EA alive. Tick=94500 Equity=45490.80 OpenPos=0 UTC=2026.03.05 18:11 DayOfWeek=4 WeekendCloseActive=NO NewTradeBlocked=NO | 94500.000000
CK	0	11:11:46.494	Cazyxio_v4.1 (EURUSD,M15)	2026.03.05 18:11:46 | HEARTBEAT | SYSTEM | EA alive. Tick=94600 Equity=45490.80 OpenPos=0 UTC=2026.03.05 18:11 DayOfWeek=4 WeekendCloseActive=NO NewTradeBlocked=NO | 94600.000000
MO	0	11:12:32.257	Cazyxio_v4.1 (EURUSD,M15)	2026.03.05 18:12:32 | HEARTBEAT | SYSTEM | EA alive. Tick=94700 Equity=45490.80 OpenPos=0 UTC=2026.03.05 18:12 DayOfWeek=4 WeekendCloseActive=NO NewTradeBlocked=NO | 94700.000000
MS	0	11:13:21.760	Cazyxio_v4.1 (EURUSD,M15)	2026.03.05 18:13:21 | HEARTBEAT | SYSTEM | EA alive. Tick=94800 Equity=45490.80 OpenPos=0 UTC=2026.03.05 18:13 DayOfWeek=4 WeekendCloseActive=NO NewTradeBlocked=NO | 94800.000000
LG	0	11:14:23.243	Cazyxio_v4.1 (EURUSD,M15)	2026.03.05 18:14:23 | HEARTBEAT | SYSTEM | EA alive. Tick=94900 Equity=45490.80 OpenPos=0 UTC=2026.03.05 18:14 DayOfWeek=4 WeekendCloseActive=NO NewTradeBlocked=NO | 94900.000000
CD	0	11:15:01.959	Cazyxio_v4.1 (EURUSD,M15)	2026.03.05 18:15:01 | BAR | EURUSD | close=1.15840 h4ema200=1.17641 h4slope=DOWN ema50=1.15982 atr=0.001426 atrSma=0.000902 atrRatio=1.581 dir=SHORT spread=20.0 spreadOK=YES atrGate=PASS touch=FAIL momCandle=ZERO_RANGE_BAR barRange=0.000000 minBarRange=0.000428 (0.30xATR) momClosePos=0.500(forced) momOk=N ema50Ok=Y barRange=0.000000 zeroRangeBar=YES trigger=NO hasPos=NO portRisk=0.00% openPos=0 | 1.158400
MP	0	11:15:01.959	Cazyxio_v4.1 (EURUSD,M15)	2026.03.05 18:15:01 | GATE_FAIL | EURUSD | Touch/pullback gate FAIL. Price has not approached EMA50 within last 12 bars (within 0.60 ATR). v4.1 tolerance=0.60x (tightened from v4.0 1.00x).
GF	0	11:15:01.959	Cazyxio_v4.1 (EURUSD,M15)	2026.03.05 18:15:01 | BAR | USDJPY | close=157.676 h4ema200=155.778 h4slope=UP ema50=157.453 atr=0.137857 atrSma=0.115164 atrRatio=1.197 dir=LONG spread=19.0 spreadOK=YES atrGate=PASS touch=FAIL momCandle=ZERO_RANGE_BAR barRange=0.000000 minBarRange=0.041357 (0.30xATR) momClosePos=0.500(forced) momOk=N ema50Ok=Y barRange=0.000000 zeroRangeBar=YES trigger=NO hasPos=NO portRisk=0.00% openPos=0 | 157.676000
PJ	0	11:15:01.959	Cazyxio_v4.1 (EURUSD,M15)	2026.03.05 18:15:01 | GATE_FAIL | USDJPY | Touch/pullback gate FAIL. Price has not approached EMA50 within last 12 bars (within 0.60 ATR). v4.1 tolerance=0.60x (tightened from v4.0 1.00x).
HL	0	11:15:01.959	Cazyxio_v4.1 (EURUSD,M15)	2026.03.05 18:15:01 | BAR | GBPJPY | close=210.157 h4ema200=210.346 h4slope=DOWN ema50=210.006 atr=0.162929 atrSma=0.155386 atrRatio=1.049 dir=SHORT spread=47.0 spreadOK=NO atrGate=PASS touch=PASS momCandle=ZERO_RANGE_BAR barRange=0.000000 minBarRange=0.048879 (0.30xATR) momClosePos=0.500(forced) momOk=N ema50Ok=Y barRange=0.000000 zeroRangeBar=YES trigger=NO hasPos=NO portRisk=0.00% openPos=0 | 210.157000
KG	0	11:15:01.959	Cazyxio_v4.1 (EURUSD,M15)	2026.03.05 18:15:01 | GATE_FAIL | GBPJPY | Spread too wide. Spread=47.0 Max=30 points.
DK	0	11:15:02.181	Cazyxio_v4.1 (EURUSD,M15)	2026.03.05 18:15:02 | BAR | GBPUSD | close=1.33283 h4ema200=1.35025 h4slope=DOWN ema50=1.33374 atr=0.001469 atrSma=0.001147 atrRatio=1.281 dir=SHORT spread=24.0 spreadOK=YES atrGate=PASS touch=PASS momCandle=ZERO_RANGE_BAR barRange=0.000000 minBarRange=0.000441 (0.30xATR) momClosePos=0.500(forced) momOk=N ema50Ok=Y barRange=0.000000 zeroRangeBar=YES trigger=NO hasPos=NO portRisk=0.00% openPos=0 | 1.332830
JN	0	11:15:02.181	Cazyxio_v4.1 (EURUSD,M15)	2026.03.05 18:15:02 | GATE_FAIL | GBPUSD | Zero-range bar FAIL (v4.1 fix). barRange=0.000000 < minBarRange=0.000441 (0.30x ATR). Doji/flat bar excluded from momentum evaluation.
JM	0	11:15:02.181	Cazyxio_v4.1 (EURUSD,M15)	2026.03.05 18:15:02 | BAR | AUDUSD | close=0.69874 h4ema200=0.69910 h4slope=UP ema50=0.70241 atr=0.001342 atrSma=0.000932 atrRatio=1.441 dir=NONE spread=20.0 spreadOK=YES atrGate=PASS touch=FAIL momCandle= zeroRangeBar=NO trigger=NO hasPos=NO portRisk=0.00% openPos=0 | 0.698740
EG	0	11:15:02.182	Cazyxio_v4.1 (EURUSD,M15)	2026.03.05 18:15:02 | GATE_FAIL | AUDUSD | No directional bias. h4slope=UP closeNow=0.69874 h4ema200=0.69910. Need H4 slope + price on correct side of H4 EMA200.
KS	0	11:15:02.182	Cazyxio_v4.1 (EURUSD,M15)	2026.03.05 18:15:02 | BAR | USDCAD | close=1.36921 h4ema200=1.36861 h4slope=DOWN ema50=1.36641 atr=0.001594 atrSma=0.000886 atrRatio=1.798 dir=NONE spread=28.0 spreadOK=YES atrGate=PASS touch=FAIL momCandle= zeroRangeBar=NO trigger=NO hasPos=NO portRisk=0.00% openPos=0 | 1.369210
FJ	0	11:15:02.182	Cazyxio_v4.1 (EURUSD,M15)	2026.03.05 18:15:02 | GATE_FAIL | USDCAD | No directional bias. h4slope=DOWN closeNow=1.36921 h4ema200=1.36861. Need H4 slope + price on correct side of H4 EMA200.
NJ	0	11:15:06.958	Cazyxio_v4.1 (EURUSD,M15)	2026.03.05 18:15:06 | HEARTBEAT | SYSTEM | EA alive. Tick=95000 Equity=45490.80 OpenPos=0 UTC=2026.03.05 18:15 DayOfWeek=4 WeekendCloseActive=NO NewTradeBlocked=NO | 95000.000000
IN	0	11:15:51.988	Cazyxio_v4.1 (EURUSD,M15)	2026.03.05 18:15:51 | HEARTBEAT | SYSTEM | EA alive. Tick=95100 Equity=45490.80 OpenPos=0 UTC=2026.03.05 18:15 DayOfWeek=4 WeekendCloseActive=NO NewTradeBlocked=NO | 95100.000000
HR	0	11:16:34.988	Cazyxio_v4.1 (EURUSD,M15)	2026.03.05 18:16:34 | HEARTBEAT | SYSTEM | EA alive. Tick=95200 Equity=45490.80 OpenPos=0 UTC=2026.03.05 18:16 DayOfWeek=4 WeekendCloseActive=NO NewTradeBlocked=NO | 95200.000000
CF	0	11:17:27.836	Cazyxio_v4.1 (EURUSD,M15)	2026.03.05 18:17:27 | HEARTBEAT | SYSTEM | EA alive. Tick=95300 Equity=45490.80 OpenPos=0 UTC=2026.03.05 18:17 DayOfWeek=4 WeekendCloseActive=NO NewTradeBlocked=NO | 95300.000000
CJ	0	11:18:21.323	Cazyxio_v4.1 (EURUSD,M15)	2026.03.05 18:18:21 | HEARTBEAT | SYSTEM | EA alive. Tick=95400 Equity=45490.80 OpenPos=0 UTC=2026.03.05 18:18 DayOfWeek=4 WeekendCloseActive=NO NewTradeBlocked=NO | 95400.000000
CN	0	11:19:08.641	Cazyxio_v4.1 (EURUSD,M15)	2026.03.05 18:19:08 | HEARTBEAT | SYSTEM | EA alive. Tick=95500 Equity=45490.80 OpenPos=0 UTC=2026.03.05 18:19 DayOfWeek=4 WeekendCloseActive=NO NewTradeBlocked=NO | 95500.000000
OR	0	11:20:02.702	Cazyxio_v4.1 (EURUSD,M15)	2026.03.05 18:20:02 | HEARTBEAT | SYSTEM | EA alive. Tick=95600 Equity=45490.80 OpenPos=0 UTC=2026.03.05 18:20 DayOfWeek=4 WeekendCloseActive=NO NewTradeBlocked=NO | 95600.000000
NF	0	11:21:01.641	Cazyxio_v4.1 (EURUSD,M15)	2026.03.05 18:21:01 | HEARTBEAT | SYSTEM | EA alive. Tick=95700 Equity=45490.80 OpenPos=0 UTC=2026.03.05 18:21 DayOfWeek=4 WeekendCloseActive=NO NewTradeBlocked=NO | 95700.000000
OJ	0	11:21:55.747	Cazyxio_v4.1 (EURUSD,M15)	2026.03.05 18:21:55 | HEARTBEAT | SYSTEM | EA alive. Tick=95800 Equity=45490.80 OpenPos=0 UTC=2026.03.05 18:21 DayOfWeek=4 WeekendCloseActive=NO NewTradeBlocked=NO | 95800.000000
JN	0	11:22:32.419	Cazyxio_v4.1 (EURUSD,M15)	2026.03.05 18:22:32 | HEARTBEAT | SYSTEM | EA alive. Tick=95900 Equity=45490.80 OpenPos=0 UTC=2026.03.05 18:22 DayOfWeek=4 WeekendCloseActive=NO NewTradeBlocked=NO | 95900.000000
OR	0	11:23:04.363	Cazyxio_v4.1 (EURUSD,M15)	2026.03.05 18:23:04 | HEARTBEAT | SYSTEM | EA alive. Tick=96000 Equity=45490.80 OpenPos=0 UTC=2026.03.05 18:23 DayOfWeek=4 WeekendCloseActive=NO NewTradeBlocked=NO | 96000.000000
LF	0	11:23:42.399	Cazyxio_v4.1 (EURUSD,M15)	2026.03.05 18:23:42 | HEARTBEAT | SYSTEM | EA alive. Tick=96100 Equity=45490.80 OpenPos=0 UTC=2026.03.05 18:23 DayOfWeek=4 WeekendCloseActive=NO NewTradeBlocked=NO | 96100.000000
JJ	0	11:24:30.390	Cazyxio_v4.1 (EURUSD,M15)	2026.03.05 18:24:30 | HEARTBEAT | SYSTEM | EA alive. Tick=96200 Equity=45490.80 OpenPos=0 UTC=2026.03.05 18:24 DayOfWeek=4 WeekendCloseActive=NO NewTradeBlocked=NO | 96200.000000
FN	0	11:25:19.078	Cazyxio_v4.1 (EURUSD,M15)	2026.03.05 18:25:19 | HEARTBEAT | SYSTEM | EA alive. Tick=96300 Equity=45490.80 OpenPos=0 UTC=2026.03.05 18:25 DayOfWeek=4 WeekendCloseActive=NO NewTradeBlocked=NO | 96300.000000
ER	0	11:26:10.872	Cazyxio_v4.1 (EURUSD,M15)	2026.03.05 18:26:10 | HEARTBEAT | SYSTEM | EA alive. Tick=96400 Equity=45490.80 OpenPos=0 UTC=2026.03.05 18:26 DayOfWeek=4 WeekendCloseActive=NO NewTradeBlocked=NO | 96400.000000
CF	0	11:27:06.824	Cazyxio_v4.1 (EURUSD,M15)	2026.03.05 18:27:06 | HEARTBEAT | SYSTEM | EA alive. Tick=96500 Equity=45490.80 OpenPos=0 UTC=2026.03.05 18:27 DayOfWeek=4 WeekendCloseActive=NO NewTradeBlocked=NO | 96500.000000
QJ	0	11:27:57.312	Cazyxio_v4.1 (EURUSD,M15)	2026.03.05 18:27:57 | HEARTBEAT | SYSTEM | EA alive. Tick=96600 Equity=45490.80 OpenPos=0 UTC=2026.03.05 18:27 DayOfWeek=4 WeekendCloseActive=NO NewTradeBlocked=NO | 96600.000000
FN	0	11:28:46.705	Cazyxio_v4.1 (EURUSD,M15)	2026.03.05 18:28:46 | HEARTBEAT | SYSTEM | EA alive. Tick=96700 Equity=45490.80 OpenPos=0 UTC=2026.03.05 18:28 DayOfWeek=4 WeekendCloseActive=NO NewTradeBlocked=NO | 96700.000000
RR	0	11:29:37.960	Cazyxio_v4.1 (EURUSD,M15)	2026.03.05 18:29:37 | HEARTBEAT | SYSTEM | EA alive. Tick=96800 Equity=45490.80 OpenPos=0 UTC=2026.03.05 18:29 DayOfWeek=4 WeekendCloseActive=NO NewTradeBlocked=NO | 96800.000000
QI	0	11:30:01.973	Cazyxio_v4.1 (EURUSD,M15)	2026.03.05 18:30:01 | BAR | EURUSD | close=1.15820 h4ema200=1.17641 h4slope=DOWN ema50=1.15975 atr=0.001433 atrSma=0.000906 atrRatio=1.581 dir=SHORT spread=16.0 spreadOK=YES atrGate=PASS touch=FAIL momCandle=ZERO_RANGE_BAR barRange=0.000000 minBarRange=0.000430 (0.30xATR) momClosePos=0.500(forced) momOk=N ema50Ok=Y barRange=0.000000 zeroRangeBar=YES trigger=NO hasPos=NO portRisk=0.00% openPos=0 | 1.158200
CO	0	11:30:01.973	Cazyxio_v4.1 (EURUSD,M15)	2026.03.05 18:30:01 | GATE_FAIL | EURUSD | Touch/pullback gate FAIL. Price has not approached EMA50 within last 12 bars (within 0.60 ATR). v4.1 tolerance=0.60x (tightened from v4.0 1.00x).
GS	0	11:30:01.973	Cazyxio_v4.1 (EURUSD,M15)	2026.03.05 18:30:01 | BAR | USDJPY | close=157.800 h4ema200=155.779 h4slope=UP ema50=157.471 atr=0.135000 atrSma=0.115274 atrRatio=1.171 dir=LONG spread=15.0 spreadOK=YES atrGate=PASS touch=FAIL momCandle=ZERO_RANGE_BAR barRange=0.000000 minBarRange=0.040500 (0.30xATR) momClosePos=0.500(forced) momOk=N ema50Ok=Y barRange=0.000000 zeroRangeBar=YES trigger=NO hasPos=NO portRisk=0.00% openPos=0 | 157.800000
FI	0	11:30:01.973	Cazyxio_v4.1 (EURUSD,M15)	2026.03.05 18:30:01 | GATE_FAIL | USDJPY | Touch/pullback gate FAIL. Price has not approached EMA50 within last 12 bars (within 0.60 ATR). v4.1 tolerance=0.60x (tightened from v4.0 1.00x).
RF	0	11:30:01.973	Cazyxio_v4.1 (EURUSD,M15)	2026.03.05 18:30:01 | BAR | AUDUSD | close=0.69797 h4ema200=0.69909 h4slope=UP ema50=0.70221 atr=0.001304 atrSma=0.000934 atrRatio=1.396 dir=NONE spread=17.0 spreadOK=YES atrGate=PASS touch=FAIL momCandle= zeroRangeBar=NO trigger=NO hasPos=NO portRisk=0.00% openPos=0 | 0.697970
CM	0	11:30:01.973	Cazyxio_v4.1 (EURUSD,M15)	2026.03.05 18:30:01 | GATE_FAIL | AUDUSD | No directional bias. h4slope=UP closeNow=0.69797 h4ema200=0.69909. Need H4 slope + price on correct side of H4 EMA200.
OG	0	11:30:02.229	Cazyxio_v4.1 (EURUSD,M15)	2026.03.05 18:30:02 | BAR | GBPUSD | close=1.33260 h4ema200=1.35025 h4slope=DOWN ema50=1.33368 atr=0.001424 atrSma=0.001146 atrRatio=1.243 dir=SHORT spread=21.0 spreadOK=YES atrGate=PASS touch=PASS momCandle=ZERO_RANGE_BAR barRange=0.000000 minBarRange=0.000427 (0.30xATR) momClosePos=0.500(forced) momOk=N ema50Ok=Y barRange=0.000000 zeroRangeBar=YES trigger=NO hasPos=NO portRisk=0.00% openPos=0 | 1.332600
GR	0	11:30:02.229	Cazyxio_v4.1 (EURUSD,M15)	2026.03.05 18:30:02 | GATE_FAIL | GBPUSD | Zero-range bar FAIL (v4.1 fix). barRange=0.000000 < minBarRange=0.000427 (0.30x ATR). Doji/flat bar excluded from momentum evaluation.
IF	0	11:30:02.229	Cazyxio_v4.1 (EURUSD,M15)	2026.03.05 18:30:02 | BAR | GBPJPY | close=210.287 h4ema200=210.347 h4slope=DOWN ema50=210.022 atr=0.162571 atrSma=0.155050 atrRatio=1.049 dir=SHORT spread=38.0 spreadOK=NO atrGate=PASS touch=PASS momCandle=ZERO_RANGE_BAR barRange=0.000000 minBarRange=0.048771 (0.30xATR) momClosePos=0.500(forced) momOk=N ema50Ok=Y barRange=0.000000 zeroRangeBar=YES trigger=NO hasPos=NO portRisk=0.00% openPos=0 | 210.287000
QI	0	11:30:02.229	Cazyxio_v4.1 (EURUSD,M15)	2026.03.05 18:30:02 | GATE_FAIL | GBPJPY | Spread too wide. Spread=38.0 Max=30 points.
PF	0	11:30:02.229	Cazyxio_v4.1 (EURUSD,M15)	2026.03.05 18:30:02 | BAR | USDCAD | close=1.36990 h4ema200=1.36862 h4slope=DOWN ema50=1.36657 atr=0.001536 atrSma=0.000892 atrRatio=1.722 dir=NONE spread=25.0 spreadOK=YES atrGate=PASS touch=FAIL momCandle= zeroRangeBar=NO trigger=NO hasPos=NO portRisk=0.00% openPos=0 | 1.369900
MM	0	11:30:02.229	Cazyxio_v4.1 (EURUSD,M15)	2026.03.05 18:30:02 | GATE_FAIL | USDCAD | No directional bias. h4slope=DOWN closeNow=1.36990 h4ema200=1.36862. Need H4 slope + price on correct side of H4 EMA200.
DI	0	11:30:24.719	Cazyxio_v4.1 (EURUSD,M15)	2026.03.05 18:30:24 | HEARTBEAT | SYSTEM | EA alive. Tick=96900 Equity=45490.80 OpenPos=0 UTC=2026.03.05 18:30 DayOfWeek=4 WeekendCloseActive=NO NewTradeBlocked=NO | 96900.000000
KM	0	11:31:14.799	Cazyxio_v4.1 (EURUSD,M15)	2026.03.05 18:31:14 | HEARTBEAT | SYSTEM | EA alive. Tick=97000 Equity=45490.80 OpenPos=0 UTC=2026.03.05 18:31 DayOfWeek=4 WeekendCloseActive=NO NewTradeBlocked=NO | 97000.000000
LQ	0	11:32:11.775	Cazyxio_v4.1 (EURUSD,M15)	2026.03.05 18:32:11 | HEARTBEAT | SYSTEM | EA alive. Tick=97100 Equity=45490.80 OpenPos=0 UTC=2026.03.05 18:32 DayOfWeek=4 WeekendCloseActive=NO NewTradeBlocked=NO | 97100.000000
RE	0	11:32:52.517	Cazyxio_v4.1 (EURUSD,M15)	2026.03.05 18:32:52 | HEARTBEAT | SYSTEM | EA alive. Tick=97200 Equity=45490.80 OpenPos=0 UTC=2026.03.05 18:32 DayOfWeek=4 WeekendCloseActive=NO NewTradeBlocked=NO | 97200.000000
KI	0	11:33:37.498	Cazyxio_v4.1 (EURUSD,M15)	2026.03.05 18:33:37 | HEARTBEAT | SYSTEM | EA alive. Tick=97300 Equity=45490.80 OpenPos=0 UTC=2026.03.05 18:33 DayOfWeek=4 WeekendCloseActive=NO NewTradeBlocked=NO | 97300.000000
EM	0	11:34:24.181	Cazyxio_v4.1 (EURUSD,M15)	2026.03.05 18:34:24 | HEARTBEAT | SYSTEM | EA alive. Tick=97400 Equity=45490.80 OpenPos=0 UTC=2026.03.05 18:34 DayOfWeek=4 WeekendCloseActive=NO NewTradeBlocked=NO | 97400.000000
IQ	0	11:35:16.278	Cazyxio_v4.1 (EURUSD,M15)	2026.03.05 18:35:16 | HEARTBEAT | SYSTEM | EA alive. Tick=97500 Equity=45490.80 OpenPos=0 UTC=2026.03.05 18:35 DayOfWeek=4 WeekendCloseActive=NO NewTradeBlocked=NO | 97500.000000
QE	0	11:35:55.533	Cazyxio_v4.1 (EURUSD,M15)	2026.03.05 18:35:55 | HEARTBEAT | SYSTEM | EA alive. Tick=97600 Equity=45490.80 OpenPos=0 UTC=2026.03.05 18:35 DayOfWeek=4 WeekendCloseActive=NO NewTradeBlocked=NO | 97600.000000
DI	0	11:36:32.944	Cazyxio_v4.1 (EURUSD,M15)	2026.03.05 18:36:32 | HEARTBEAT | SYSTEM | EA alive. Tick=97700 Equity=45490.80 OpenPos=0 UTC=2026.03.05 18:36 DayOfWeek=4 WeekendCloseActive=NO NewTradeBlocked=NO | 97700.000000
EM	0	11:37:23.092	Cazyxio_v4.1 (EURUSD,M15)	2026.03.05 18:37:23 | HEARTBEAT | SYSTEM | EA alive. Tick=97800 Equity=45490.80 OpenPos=0 UTC=2026.03.05 18:37 DayOfWeek=4 WeekendCloseActive=NO NewTradeBlocked=NO | 97800.000000
DQ	0	11:38:25.236	Cazyxio_v4.1 (EURUSD,M15)	2026.03.05 18:38:25 | HEARTBEAT | SYSTEM | EA alive. Tick=97900 Equity=45490.80 OpenPos=0 UTC=2026.03.05 18:38 DayOfWeek=4 WeekendCloseActive=NO NewTradeBlocked=NO | 97900.000000
PE	0	11:39:11.486	Cazyxio_v4.1 (EURUSD,M15)	2026.03.05 18:39:11 | HEARTBEAT | SYSTEM | EA alive. Tick=98000 Equity=45490.80 OpenPos=0 UTC=2026.03.05 18:39 DayOfWeek=4 WeekendCloseActive=NO NewTradeBlocked=NO | 98000.000000
QI	0	11:40:11.896	Cazyxio_v4.1 (EURUSD,M15)	2026.03.05 18:40:11 | HEARTBEAT | SYSTEM | EA alive. Tick=98100 Equity=45490.80 OpenPos=0 UTC=2026.03.05 18:40 DayOfWeek=4 WeekendCloseActive=NO NewTradeBlocked=NO | 98100.000000
DM	0	11:41:07.191	Cazyxio_v4.1 (EURUSD,M15)	2026.03.05 18:41:07 | HEARTBEAT | SYSTEM | EA alive. Tick=98200 Equity=45490.80 OpenPos=0 UTC=2026.03.05 18:41 DayOfWeek=4 WeekendCloseActive=NO NewTradeBlocked=NO | 98200.000000
DQ	0	11:42:03.291	Cazyxio_v4.1 (EURUSD,M15)	2026.03.05 18:42:03 | HEARTBEAT | SYSTEM | EA alive. Tick=98300 Equity=45490.80 OpenPos=0 UTC=2026.03.05 18:42 DayOfWeek=4 WeekendCloseActive=NO NewTradeBlocked=NO | 98300.000000
RE	0	11:42:50.325	Cazyxio_v4.1 (EURUSD,M15)	2026.03.05 18:42:50 | HEARTBEAT | SYSTEM | EA alive. Tick=98400 Equity=45490.80 OpenPos=0 UTC=2026.03.05 18:42 DayOfWeek=4 WeekendCloseActive=NO NewTradeBlocked=NO | 98400.000000
NI	0	11:43:45.450	Cazyxio_v4.1 (EURUSD,M15)	2026.03.05 18:43:45 | HEARTBEAT | SYSTEM | EA alive. Tick=98500 Equity=45490.80 OpenPos=0 UTC=2026.03.05 18:43 DayOfWeek=4 WeekendCloseActive=NO NewTradeBlocked=NO | 98500.000000
QM	0	11:45:01.174	Cazyxio_v4.1 (EURUSD,M15)	2026.03.05 18:45:01 | HEARTBEAT | SYSTEM | EA alive. Tick=98600 Equity=45490.80 OpenPos=0 UTC=2026.03.05 18:45 DayOfWeek=4 WeekendCloseActive=NO NewTradeBlocked=NO | 98600.000000
EO	0	11:45:02.031	Cazyxio_v4.1 (EURUSD,M15)	2026.03.05 18:45:02 | BAR | EURUSD | close=1.15899 h4ema200=1.17642 h4slope=DOWN ema50=1.15975 atr=0.001326 atrSma=0.000910 atrRatio=1.457 dir=SHORT spread=18.0 spreadOK=YES atrGate=PASS touch=PASS momCandle=ZERO_RANGE_BAR barRange=0.000000 minBarRange=0.000398 (0.30xATR) momClosePos=0.500(forced) momOk=N ema50Ok=Y barRange=0.000000 zeroRangeBar=YES trigger=NO hasPos=NO portRisk=0.00% openPos=0 | 1.158990
LD	0	11:45:02.031	Cazyxio_v4.1 (EURUSD,M15)	2026.03.05 18:45:02 | GATE_FAIL | EURUSD | Zero-range bar FAIL (v4.1 fix). barRange=0.000000 < minBarRange=0.000398 (0.30x ATR). Doji/flat bar excluded from momentum evaluation.
DI	0	11:45:02.031	Cazyxio_v4.1 (EURUSD,M15)	2026.03.05 18:45:02 | BAR | USDJPY | close=157.724 h4ema200=155.779 h4slope=UP ema50=157.478 atr=0.133500 atrSma=0.115391 atrRatio=1.157 dir=LONG spread=17.0 spreadOK=YES atrGate=PASS touch=FAIL momCandle=ZERO_RANGE_BAR barRange=0.000000 minBarRange=0.040050 (0.30xATR) momClosePos=0.500(forced) momOk=N ema50Ok=Y barRange=0.000000 zeroRangeBar=YES trigger=NO hasPos=NO portRisk=0.00% openPos=0 | 157.724000
KS	0	11:45:02.031	Cazyxio_v4.1 (EURUSD,M15)	2026.03.05 18:45:02 | GATE_FAIL | USDJPY | Touch/pullback gate FAIL. Price has not approached EMA50 within last 12 bars (within 0.60 ATR). v4.1 tolerance=0.60x (tightened from v4.0 1.00x).
QH	0	11:45:02.031	Cazyxio_v4.1 (EURUSD,M15)	2026.03.05 18:45:02 | BAR | USDCAD | close=1.36864 h4ema200=1.36861 h4slope=DOWN ema50=1.36661 atr=0.001429 atrSma=0.000896 atrRatio=1.595 dir=NONE spread=24.0 spreadOK=YES atrGate=PASS touch=FAIL momCandle= zeroRangeBar=NO trigger=NO hasPos=NO portRisk=0.00% openPos=0 | 1.368640
ES	0	11:45:02.031	Cazyxio_v4.1 (EURUSD,M15)	2026.03.05 18:45:02 | GATE_FAIL | USDCAD | No directional bias. h4slope=DOWN closeNow=1.36864 h4ema200=1.36861. Need H4 slope + price on correct side of H4 EMA200.
PQ	0	11:45:02.549	Cazyxio_v4.1 (EURUSD,M15)	2026.03.05 18:45:02 | BAR | AUDUSD | close=0.69916 h4ema200=0.69910 h4slope=UP ema50=0.70213 atr=0.001250 atrSma=0.000936 atrRatio=1.336 dir=LONG spread=20.0 spreadOK=YES atrGate=PASS touch=FAIL momCandle=ZERO_RANGE_BAR barRange=0.000020 minBarRange=0.000375 (0.30xATR) momClosePos=0.500(forced) momOk=N ema50Ok=Y barRange=0.000020 zeroRangeBar=YES trigger=NO hasPos=NO portRisk=0.00% openPos=0 | 0.699160
LJ	0	11:45:02.549	Cazyxio_v4.1 (EURUSD,M15)	2026.03.05 18:45:02 | GATE_FAIL | AUDUSD | Touch/pullback gate FAIL. Price has not approached EMA50 within last 12 bars (within 0.60 ATR). v4.1 tolerance=0.60x (tightened from v4.0 1.00x).
FM	0	11:45:02.549	Cazyxio_v4.1 (EURUSD,M15)	2026.03.05 18:45:02 | BAR | GBPJPY | close=210.388 h4ema200=210.348 h4slope=DOWN ema50=210.040 atr=0.161000 atrSma=0.154726 atrRatio=1.041 dir=NONE spread=44.0 spreadOK=NO atrGate=PASS touch=FAIL momCandle= zeroRangeBar=NO trigger=NO hasPos=NO portRisk=0.00% openPos=0 | 210.388000
LJ	0	11:45:02.549	Cazyxio_v4.1 (EURUSD,M15)	2026.03.05 18:45:02 | GATE_FAIL | GBPJPY | No directional bias. h4slope=DOWN closeNow=210.388 h4ema200=210.348. Need H4 slope + price on correct side of H4 EMA200.
OD	0	11:45:03.047	Cazyxio_v4.1 (EURUSD,M15)	2026.03.05 18:45:03 | BAR | GBPUSD | close=1.33388 h4ema200=1.35026 h4slope=DOWN ema50=1.33374 atr=0.001384 atrSma=0.001146 atrRatio=1.208 dir=SHORT spread=24.0 spreadOK=YES atrGate=PASS touch=PASS momCandle=ZERO_RANGE_BAR barRange=0.000000 minBarRange=0.000415 (0.30xATR) momClosePos=0.500(forced) momOk=N ema50Ok=Y barRange=0.000000 zeroRangeBar=YES trigger=NO hasPos=NO portRisk=0.00% openPos=0 | 1.333880
PS	0	11:45:03.047	Cazyxio_v4.1 (EURUSD,M15)	2026.03.05 18:45:03 | GATE_FAIL | GBPUSD | Zero-range bar FAIL (v4.1 fix). barRange=0.000000 < minBarRange=0.000415 (0.30x ATR). Doji/flat bar excluded from momentum evaluation.
CD	0	11:45:36.336	Cazyxio_v4.1 (EURUSD,M15)	2026.03.05 18:45:36 | HEARTBEAT | SYSTEM | EA alive. Tick=98700 Equity=45490.80 OpenPos=0 UTC=2026.03.05 18:45 DayOfWeek=4 WeekendCloseActive=NO NewTradeBlocked=NO | 98700.000000
EH	0	11:46:22.241	Cazyxio_v4.1 (EURUSD,M15)	2026.03.05 18:46:22 | HEARTBEAT | SYSTEM | EA alive. Tick=98800 Equity=45490.80 OpenPos=0 UTC=2026.03.05 18:46 DayOfWeek=4 WeekendCloseActive=NO NewTradeBlocked=NO | 98800.000000
NL	0	11:47:30.179	Cazyxio_v4.1 (EURUSD,M15)	2026.03.05 18:47:30 | HEARTBEAT | SYSTEM | EA alive. Tick=98900 Equity=45490.80 OpenPos=0 UTC=2026.03.05 18:47 DayOfWeek=4 WeekendCloseActive=NO NewTradeBlocked=NO | 98900.000000
PP	0	11:48:42.071	Cazyxio_v4.1 (EURUSD,M15)	2026.03.05 18:48:42 | HEARTBEAT | SYSTEM | EA alive. Tick=99000 Equity=45490.80 OpenPos=0 UTC=2026.03.05 18:48 DayOfWeek=4 WeekendCloseActive=NO NewTradeBlocked=NO | 99000.000000
DD	0	11:49:36.685	Cazyxio_v4.1 (EURUSD,M15)	2026.03.05 18:49:36 | HEARTBEAT | SYSTEM | EA alive. Tick=99100 Equity=45490.80 OpenPos=0 UTC=2026.03.05 18:49 DayOfWeek=4 WeekendCloseActive=NO NewTradeBlocked=NO | 99100.000000
GH	0	11:50:37.251	Cazyxio_v4.1 (EURUSD,M15)	2026.03.05 18:50:37 | HEARTBEAT | SYSTEM | EA alive. Tick=99200 Equity=45490.80 OpenPos=0 UTC=2026.03.05 18:50 DayOfWeek=4 WeekendCloseActive=NO NewTradeBlocked=NO | 99200.000000
FL	0	11:51:46.440	Cazyxio_v4.1 (EURUSD,M15)	2026.03.05 18:51:46 | HEARTBEAT | SYSTEM | EA alive. Tick=99300 Equity=45490.80 OpenPos=0 UTC=2026.03.05 18:51 DayOfWeek=4 WeekendCloseActive=NO NewTradeBlocked=NO | 99300.000000
QP	0	11:52:51.817	Cazyxio_v4.1 (EURUSD,M15)	2026.03.05 18:52:51 | HEARTBEAT | SYSTEM | EA alive. Tick=99400 Equity=45490.80 OpenPos=0 UTC=2026.03.05 18:52 DayOfWeek=4 WeekendCloseActive=NO NewTradeBlocked=NO | 99400.000000
KD	0	11:53:47.669	Cazyxio_v4.1 (EURUSD,M15)	2026.03.05 18:53:47 | HEARTBEAT | SYSTEM | EA alive. Tick=99500 Equity=45490.80 OpenPos=0 UTC=2026.03.05 18:53 DayOfWeek=4 WeekendCloseActive=NO NewTradeBlocked=NO | 99500.000000
OH	0	11:55:07.092	Cazyxio_v4.1 (EURUSD,M15)	2026.03.05 18:55:07 | HEARTBEAT | SYSTEM | EA alive. Tick=99600 Equity=45490.80 OpenPos=0 UTC=2026.03.05 18:55 DayOfWeek=4 WeekendCloseActive=NO NewTradeBlocked=NO | 99600.000000
RL	0	11:56:12.092	Cazyxio_v4.1 (EURUSD,M15)	2026.03.05 18:56:12 | HEARTBEAT | SYSTEM | EA alive. Tick=99700 Equity=45490.80 OpenPos=0 UTC=2026.03.05 18:56 DayOfWeek=4 WeekendCloseActive=NO NewTradeBlocked=NO | 99700.000000
FP	0	11:57:05.053	Cazyxio_v4.1 (EURUSD,M15)	2026.03.05 18:57:05 | HEARTBEAT | SYSTEM | EA alive. Tick=99800 Equity=45490.80 OpenPos=0 UTC=2026.03.05 18:57 DayOfWeek=4 WeekendCloseActive=NO NewTradeBlocked=NO | 99800.000000
JD	0	11:57:58.174	Cazyxio_v4.1 (EURUSD,M15)	2026.03.05 18:57:58 | HEARTBEAT | SYSTEM | EA alive. Tick=99900 Equity=45490.80 OpenPos=0 UTC=2026.03.05 18:57 DayOfWeek=4 WeekendCloseActive=NO NewTradeBlocked=NO | 99900.000000
QH	0	11:58:37.712	Cazyxio_v4.1 (EURUSD,M15)	2026.03.05 18:58:37 | HEARTBEAT | SYSTEM | EA alive. Tick=100000 Equity=45490.80 OpenPos=0 UTC=2026.03.05 18:58 DayOfWeek=4 WeekendCloseActive=NO NewTradeBlocked=NO | 100000.000000
RL	0	11:59:30.019	Cazyxio_v4.1 (EURUSD,M15)	2026.03.05 18:59:30 | HEARTBEAT | SYSTEM | EA alive. Tick=100100 Equity=45490.80 OpenPos=0 UTC=2026.03.05 18:59 DayOfWeek=4 WeekendCloseActive=NO NewTradeBlocked=NO | 100100.000000
GO	0	12:00:02.140	Cazyxio_v4.1 (EURUSD,M15)	2026.03.05 19:00:02 | BAR | GBPUSD | close=1.33305 h4ema200=1.35025 h4slope=DOWN ema50=1.33368 atr=0.001339 atrSma=0.001146 atrRatio=1.168 dir=SHORT spread=21.0 spreadOK=YES atrGate=PASS touch=PASS momCandle=ZERO_RANGE_BAR barRange=0.000000 minBarRange=0.000402 (0.30xATR) momClosePos=0.500(forced) momOk=N ema50Ok=Y barRange=0.000000 zeroRangeBar=YES trigger=NO hasPos=NO portRisk=0.00% openPos=0 | 1.333050
PJ	0	12:00:02.140	Cazyxio_v4.1 (EURUSD,M15)	2026.03.05 19:00:02 | GATE_FAIL | GBPUSD | Zero-range bar FAIL (v4.1 fix). barRange=0.000000 < minBarRange=0.000402 (0.30x ATR). Doji/flat bar excluded from momentum evaluation.
NS	0	12:00:02.140	Cazyxio_v4.1 (EURUSD,M15)	2026.03.05 19:00:02 | BAR | EURUSD | close=1.15852 h4ema200=1.17641 h4slope=DOWN ema50=1.15968 atr=0.001296 atrSma=0.000914 atrRatio=1.417 dir=SHORT spread=15.0 spreadOK=YES atrGate=PASS touch=PASS momCandle=ZERO_RANGE_BAR barRange=0.000000 minBarRange=0.000389 (0.30xATR) momClosePos=0.500(forced) momOk=N ema50Ok=Y barRange=0.000000 zeroRangeBar=YES trigger=NO hasPos=NO portRisk=0.00% openPos=0 | 1.158520
CP	0	12:00:02.140	Cazyxio_v4.1 (EURUSD,M15)	2026.03.05 19:00:02 | GATE_FAIL | EURUSD | Zero-range bar FAIL (v4.1 fix). barRange=0.000000 < minBarRange=0.000389 (0.30x ATR). Doji/flat bar excluded from momentum evaluation.
EJ	0	12:00:02.140	Cazyxio_v4.1 (EURUSD,M15)	2026.03.05 19:00:02 | BAR | AUDUSD | close=0.69873 h4ema200=0.69910 h4slope=UP ema50=0.70198 atr=0.001220 atrSma=0.000938 atrRatio=1.301 dir=NONE spread=16.0 spreadOK=YES atrGate=PASS touch=FAIL momCandle= zeroRangeBar=NO trigger=NO hasPos=NO portRisk=0.00% openPos=0 | 0.698730
PP	0	12:00:02.140	Cazyxio_v4.1 (EURUSD,M15)	2026.03.05 19:00:02 | GATE_FAIL | AUDUSD | No directional bias. h4slope=UP closeNow=0.69873 h4ema200=0.69910. Need H4 slope + price on correct side of H4 EMA200.
KH	0	12:00:02.140	Cazyxio_v4.1 (EURUSD,M15)	2026.03.05 19:00:02 | BAR | USDCAD | close=1.36871 h4ema200=1.36861 h4slope=DOWN ema50=1.36669 atr=0.001367 atrSma=0.000900 atrRatio=1.519 dir=NONE spread=24.0 spreadOK=YES atrGate=PASS touch=FAIL momCandle= zeroRangeBar=NO trigger=NO hasPos=NO portRisk=0.00% openPos=0 | 1.368710
JS	0	12:00:02.140	Cazyxio_v4.1 (EURUSD,M15)	2026.03.05 19:00:02 | GATE_FAIL | USDCAD | No directional bias. h4slope=DOWN closeNow=1.36871 h4ema200=1.36861. Need H4 slope + price on correct side of H4 EMA200.
MP	0	12:00:02.392	Cazyxio_v4.1 (EURUSD,M15)	2026.03.05 19:00:02 | BAR | USDJPY | close=157.726 h4ema200=155.779 h4slope=UP ema50=157.488 atr=0.132571 atrSma=0.115502 atrRatio=1.148 dir=LONG spread=14.0 spreadOK=YES atrGate=PASS touch=FAIL momCandle=ZERO_RANGE_BAR barRange=0.000000 minBarRange=0.039771 (0.30xATR) momClosePos=0.500(forced) momOk=N ema50Ok=Y barRange=0.000000 zeroRangeBar=YES trigger=NO hasPos=NO portRisk=0.00% openPos=0 | 157.726000
CH	0	12:00:02.392	Cazyxio_v4.1 (EURUSD,M15)	2026.03.05 19:00:02 | GATE_FAIL | USDJPY | Touch/pullback gate FAIL. Price has not approached EMA50 within last 12 bars (within 0.60 ATR). v4.1 tolerance=0.60x (tightened from v4.0 1.00x).
MN	0	12:00:02.392	Cazyxio_v4.1 (EURUSD,M15)	2026.03.05 19:00:02 | BAR | GBPJPY | close=210.261 h4ema200=210.347 h4slope=DOWN ema50=210.044 atr=0.158286 atrSma=0.154436 atrRatio=1.025 dir=SHORT spread=36.0 spreadOK=NO atrGate=PASS touch=PASS momCandle=ZERO_RANGE_BAR barRange=0.000000 minBarRange=0.047486 (0.30xATR) momClosePos=0.500(forced) momOk=N ema50Ok=Y barRange=0.000000 zeroRangeBar=YES trigger=NO hasPos=NO portRisk=0.00% openPos=0 | 210.261000
JQ	0	12:00:02.392	Cazyxio_v4.1 (EURUSD,M15)	2026.03.05 19:00:02 | GATE_FAIL | GBPJPY | Spread too wide. Spread=36.0 Max=30 points.
MR	0	12:00:23.103	Cazyxio_v4.1 (EURUSD,M15)	2026.03.05 19:00:23 | HEARTBEAT | SYSTEM | EA alive. Tick=100200 Equity=45490.80 OpenPos=0 UTC=2026.03.05 19:00 DayOfWeek=4 WeekendCloseActive=NO NewTradeBlocked=NO | 100200.000000
KF	0	12:01:06.500	Cazyxio_v4.1 (EURUSD,M15)	2026.03.05 19:01:06 | HEARTBEAT | SYSTEM | EA alive. Tick=100300 Equity=45490.80 OpenPos=0 UTC=2026.03.05 19:01 DayOfWeek=4 WeekendCloseActive=NO NewTradeBlocked=NO | 100300.000000
CK	0	12:01:51.450	Cazyxio_v4.1 (EURUSD,M15)	2026.03.05 19:01:51 | HEARTBEAT | SYSTEM | EA alive. Tick=100400 Equity=45490.80 OpenPos=0 UTC=2026.03.05 19:01 DayOfWeek=4 WeekendCloseActive=NO NewTradeBlocked=NO | 100400.000000
IO	0	12:02:36.347	Cazyxio_v4.1 (EURUSD,M15)	2026.03.05 19:02:36 | HEARTBEAT | SYSTEM | EA alive. Tick=100500 Equity=45490.80 OpenPos=0 UTC=2026.03.05 19:02 DayOfWeek=4 WeekendCloseActive=NO NewTradeBlocked=NO | 100500.000000
IS	0	12:03:24.629	Cazyxio_v4.1 (EURUSD,M15)	2026.03.05 19:03:24 | HEARTBEAT | SYSTEM | EA alive. Tick=100600 Equity=45490.80 OpenPos=0 UTC=2026.03.05 19:03 DayOfWeek=4 WeekendCloseActive=NO NewTradeBlocked=NO | 100600.000000
DG	0	12:04:17.944	Cazyxio_v4.1 (EURUSD,M15)	2026.03.05 19:04:17 | HEARTBEAT | SYSTEM | EA alive. Tick=100700 Equity=45490.80 OpenPos=0 UTC=2026.03.05 19:04 DayOfWeek=4 WeekendCloseActive=NO NewTradeBlocked=NO | 100700.000000
KH	0	12:05:20.937	Cazyxio_v4.1 (EURUSD,M15)	2026.03.05 19:05:20 | HEARTBEAT | SYSTEM | EA alive. Tick=100800 Equity=45490.80 OpenPos=0 UTC=2026.03.05 19:05 DayOfWeek=4 WeekendCloseActive=NO NewTradeBlocked=NO | 100800.000000
JL	0	12:06:08.984	Cazyxio_v4.1 (EURUSD,M15)	2026.03.05 19:06:08 | HEARTBEAT | SYSTEM | EA alive. Tick=100900 Equity=45490.80 OpenPos=0 UTC=2026.03.05 19:06 DayOfWeek=4 WeekendCloseActive=NO NewTradeBlocked=NO | 100900.000000
JP	0	12:06:56.876	Cazyxio_v4.1 (EURUSD,M15)	2026.03.05 19:06:56 | HEARTBEAT | SYSTEM | EA alive. Tick=101000 Equity=45490.80 OpenPos=0 UTC=2026.03.05 19:06 DayOfWeek=4 WeekendCloseActive=NO NewTradeBlocked=NO | 101000.000000
KD	0	12:07:42.254	Cazyxio_v4.1 (EURUSD,M15)	2026.03.05 19:07:42 | HEARTBEAT | SYSTEM | EA alive. Tick=101100 Equity=45490.80 OpenPos=0 UTC=2026.03.05 19:07 DayOfWeek=4 WeekendCloseActive=NO NewTradeBlocked=NO | 101100.000000
CI	0	12:08:35.866	Cazyxio_v4.1 (EURUSD,M15)	2026.03.05 19:08:35 | HEARTBEAT | SYSTEM | EA alive. Tick=101200 Equity=45490.80 OpenPos=0 UTC=2026.03.05 19:08 DayOfWeek=4 WeekendCloseActive=NO NewTradeBlocked=NO | 101200.000000
KM	0	12:09:33.702	Cazyxio_v4.1 (EURUSD,M15)	2026.03.05 19:09:33 | HEARTBEAT | SYSTEM | EA alive. Tick=101300 Equity=45490.80 OpenPos=0 UTC=2026.03.05 19:09 DayOfWeek=4 WeekendCloseActive=NO NewTradeBlocked=NO | 101300.000000
PQ	0	12:10:24.307	Cazyxio_v4.1 (EURUSD,M15)	2026.03.05 19:10:24 | HEARTBEAT | SYSTEM | EA alive. Tick=101400 Equity=45490.80 OpenPos=0 UTC=2026.03.05 19:10 DayOfWeek=4 WeekendCloseActive=NO NewTradeBlocked=NO | 101400.000000
LE	0	12:11:25.423	Cazyxio_v4.1 (EURUSD,M15)	2026.03.05 19:11:25 | HEARTBEAT | SYSTEM | EA alive. Tick=101500 Equity=45490.80 OpenPos=0 UTC=2026.03.05 19:11 DayOfWeek=4 WeekendCloseActive=NO NewTradeBlocked=NO | 101500.000000
LF	0	12:12:25.596	Cazyxio_v4.1 (EURUSD,M15)	2026.03.05 19:12:25 | HEARTBEAT | SYSTEM | EA alive. Tick=101600 Equity=45490.80 OpenPos=0 UTC=2026.03.05 19:12 DayOfWeek=4 WeekendCloseActive=NO NewTradeBlocked=NO | 101600.000000
KJ	0	12:13:22.619	Cazyxio_v4.1 (EURUSD,M15)	2026.03.05 19:13:22 | HEARTBEAT | SYSTEM | EA alive. Tick=101700 Equity=45490.80 OpenPos=0 UTC=2026.03.05 19:13 DayOfWeek=4 WeekendCloseActive=NO NewTradeBlocked=NO | 101700.000000
DN	0	12:14:20.837	Cazyxio_v4.1 (EURUSD,M15)	2026.03.05 19:14:20 | HEARTBEAT | SYSTEM | EA alive. Tick=101800 Equity=45490.80 OpenPos=0 UTC=2026.03.05 19:14 DayOfWeek=4 WeekendCloseActive=NO NewTradeBlocked=NO | 101800.000000
DL	0	12:15:02.679	Cazyxio_v4.1 (EURUSD,M15)	2026.03.05 19:15:02 | BAR | EURUSD | close=1.15846 h4ema200=1.17641 h4slope=DOWN ema50=1.15963 atr=0.001231 atrSma=0.000918 atrRatio=1.341 dir=SHORT spread=14.0 spreadOK=YES atrGate=PASS touch=PASS momCandle=ZERO_RANGE_BAR barRange=0.000000 minBarRange=0.000369 (0.30xATR) momClosePos=0.500(forced) momOk=N ema50Ok=Y barRange=0.000000 zeroRangeBar=YES trigger=NO hasPos=NO portRisk=0.00% openPos=0 | 1.158460
PI	0	12:15:02.679	Cazyxio_v4.1 (EURUSD,M15)	2026.03.05 19:15:02 | GATE_FAIL | EURUSD | Zero-range bar FAIL (v4.1 fix). barRange=0.000000 < minBarRange=0.000369 (0.30x ATR). Doji/flat bar excluded from momentum evaluation.
LL	0	12:15:02.679	Cazyxio_v4.1 (EURUSD,M15)	2026.03.05 19:15:02 | BAR | USDJPY | close=157.724 h4ema200=155.779 h4slope=UP ema50=157.497 atr=0.121000 atrSma=0.115495 atrRatio=1.048 dir=LONG spread=15.0 spreadOK=YES atrGate=PASS touch=FAIL momCandle=ZERO_RANGE_BAR barRange=0.001000 minBarRange=0.036300 (0.30xATR) momClosePos=0.500(forced) momOk=N ema50Ok=Y barRange=0.001000 zeroRangeBar=YES trigger=NO hasPos=NO portRisk=0.00% openPos=0 | 157.724000
ED	0	12:15:02.679	Cazyxio_v4.1 (EURUSD,M15)	2026.03.05 19:15:02 | GATE_FAIL | USDJPY | Touch/pullback gate FAIL. Price has not approached EMA50 within last 12 bars (within 0.60 ATR). v4.1 tolerance=0.60x (tightened from v4.0 1.00x).
OE	0	12:15:02.679	Cazyxio_v4.1 (EURUSD,M15)	2026.03.05 19:15:02 | BAR | AUDUSD | close=0.69884 h4ema200=0.69910 h4slope=UP ema50=0.70186 atr=0.001184 atrSma=0.000939 atrRatio=1.261 dir=NONE spread=15.0 spreadOK=YES atrGate=PASS touch=FAIL momCandle= zeroRangeBar=NO trigger=NO hasPos=NO portRisk=0.00% openPos=0 | 0.698840
OO	0	12:15:02.679	Cazyxio_v4.1 (EURUSD,M15)	2026.03.05 19:15:02 | GATE_FAIL | AUDUSD | No directional bias. h4slope=UP closeNow=0.69884 h4ema200=0.69910. Need H4 slope + price on correct side of H4 EMA200.
GD	0	12:15:02.679	Cazyxio_v4.1 (EURUSD,M15)	2026.03.05 19:15:02 | BAR | GBPJPY | close=210.233 h4ema200=210.347 h4slope=DOWN ema50=210.050 atr=0.151571 atrSma=0.154193 atrRatio=0.983 dir=SHORT spread=40.0 spreadOK=NO atrGate=PASS touch=PASS momCandle=ZERO_RANGE_BAR barRange=0.000000 minBarRange=0.045471 (0.30xATR) momClosePos=0.500(forced) momOk=N ema50Ok=Y barRange=0.000000 zeroRangeBar=YES trigger=NO hasPos=NO portRisk=0.00% openPos=0 | 210.233000
QO	0	12:15:02.679	Cazyxio_v4.1 (EURUSD,M15)	2026.03.05 19:15:02 | GATE_FAIL | GBPJPY | Spread too wide. Spread=40.0 Max=30 points.
PR	0	12:15:02.679	Cazyxio_v4.1 (EURUSD,M15)	2026.03.05 19:15:02 | BAR | USDCAD | close=1.36833 h4ema200=1.36860 h4slope=DOWN ema50=1.36674 atr=0.001339 atrSma=0.000904 atrRatio=1.480 dir=SHORT spread=22.0 spreadOK=YES atrGate=PASS touch=FAIL momCandle=ZERO_RANGE_BAR barRange=0.000010 minBarRange=0.000402 (0.30xATR) momClosePos=0.500(forced) momOk=N ema50Ok=Y barRange=0.000010 zeroRangeBar=YES trigger=NO hasPos=NO portRisk=0.00% openPos=0 | 1.368330
NE	0	12:15:02.679	Cazyxio_v4.1 (EURUSD,M15)	2026.03.05 19:15:02 | GATE_FAIL | USDCAD | Touch/pullback gate FAIL. Price has not approached EMA50 within last 12 bars (within 0.60 ATR). v4.1 tolerance=0.60x (tightened from v4.0 1.00x).
CH	0	12:15:02.929	Cazyxio_v4.1 (EURUSD,M15)	2026.03.05 19:15:02 | BAR | GBPUSD | close=1.33290 h4ema200=1.35025 h4slope=DOWN ema50=1.33365 atr=0.001290 atrSma=0.001146 atrRatio=1.125 dir=SHORT spread=22.0 spreadOK=YES atrGate=PASS touch=PASS momCandle=ZERO_RANGE_BAR barRange=0.000000 minBarRange=0.000387 (0.30xATR) momClosePos=0.500(forced) momOk=N ema50Ok=Y barRange=0.000000 zeroRangeBar=YES trigger=NO hasPos=NO portRisk=0.00% openPos=0 | 1.332900
GL	0	12:15:02.929	Cazyxio_v4.1 (EURUSD,M15)	2026.03.05 19:15:02 | GATE_FAIL | GBPUSD | Zero-range bar FAIL (v4.1 fix). barRange=0.000000 < minBarRange=0.000387 (0.30x ATR). Doji/flat bar excluded from momentum evaluation.
LS	0	12:15:31.751	Cazyxio_v4.1 (EURUSD,M15)	2026.03.05 19:15:31 | HEARTBEAT | SYSTEM | EA alive. Tick=101900 Equity=45490.80 OpenPos=0 UTC=2026.03.05 19:15 DayOfWeek=4 WeekendCloseActive=NO NewTradeBlocked=NO | 101900.000000
FD	0	12:16:32.644	Cazyxio_v4.1 (EURUSD,M15)	2026.03.05 19:16:32 | HEARTBEAT | SYSTEM | EA alive. Tick=102000 Equity=45490.80 OpenPos=0 UTC=2026.03.05 19:16 DayOfWeek=4 WeekendCloseActive=NO NewTradeBlocked=NO | 102000.000000
RH	0	12:17:46.791	Cazyxio_v4.1 (EURUSD,M15)	2026.03.05 19:17:46 | HEARTBEAT | SYSTEM | EA alive. Tick=102100 Equity=45490.80 OpenPos=0 UTC=2026.03.05 19:17 DayOfWeek=4 WeekendCloseActive=NO NewTradeBlocked=NO | 102100.000000
GL	0	12:18:59.362	Cazyxio_v4.1 (EURUSD,M15)	2026.03.05 19:18:59 | HEARTBEAT | SYSTEM | EA alive. Tick=102200 Equity=45490.80 OpenPos=0 UTC=2026.03.05 19:18 DayOfWeek=4 WeekendCloseActive=NO NewTradeBlocked=NO | 102200.000000
IP	0	12:19:56.011	Cazyxio_v4.1 (EURUSD,M15)	2026.03.05 19:19:56 | HEARTBEAT | SYSTEM | EA alive. Tick=102300 Equity=45490.80 OpenPos=0 UTC=2026.03.05 19:19 DayOfWeek=4 WeekendCloseActive=NO NewTradeBlocked=NO | 102300.000000
NE	0	12:20:38.579	Cazyxio_v4.1 (EURUSD,M15)	2026.03.05 19:20:38 | HEARTBEAT | SYSTEM | EA alive. Tick=102400 Equity=45490.80 OpenPos=0 UTC=2026.03.05 19:20 DayOfWeek=4 WeekendCloseActive=NO NewTradeBlocked=NO | 102400.000000
CI	0	12:21:24.014	Cazyxio_v4.1 (EURUSD,M15)	2026.03.05 19:21:24 | HEARTBEAT | SYSTEM | EA alive. Tick=102500 Equity=45490.80 OpenPos=0 UTC=2026.03.05 19:21 DayOfWeek=4 WeekendCloseActive=NO NewTradeBlocked=NO | 102500.000000
MM	0	12:22:23.660	Cazyxio_v4.1 (EURUSD,M15)	2026.03.05 19:22:23 | HEARTBEAT | SYSTEM | EA alive. Tick=102600 Equity=45490.80 OpenPos=0 UTC=2026.03.05 19:22 DayOfWeek=4 WeekendCloseActive=NO NewTradeBlocked=NO | 102600.000000
EQ	0	12:23:13.915	Cazyxio_v4.1 (EURUSD,M15)	2026.03.05 19:23:13 | HEARTBEAT | SYSTEM | EA alive. Tick=102700 Equity=45490.80 OpenPos=0 UTC=2026.03.05 19:23 DayOfWeek=4 WeekendCloseActive=NO NewTradeBlocked=NO | 102700.000000
IR	0	12:24:34.705	Cazyxio_v4.1 (EURUSD,M15)	2026.03.05 19:24:34 | HEARTBEAT | SYSTEM | EA alive. Tick=102800 Equity=45490.80 OpenPos=0 UTC=2026.03.05 19:24 DayOfWeek=4 WeekendCloseActive=NO NewTradeBlocked=NO | 102800.000000
CF	0	12:25:37.230	Cazyxio_v4.1 (EURUSD,M15)	2026.03.05 19:25:37 | HEARTBEAT | SYSTEM | EA alive. Tick=102900 Equity=45490.80 OpenPos=0 UTC=2026.03.05 19:25 DayOfWeek=4 WeekendCloseActive=NO NewTradeBlocked=NO | 102900.000000
EJ	0	12:26:35.826	Cazyxio_v4.1 (EURUSD,M15)	2026.03.05 19:26:35 | HEARTBEAT | SYSTEM | EA alive. Tick=103000 Equity=45490.80 OpenPos=0 UTC=2026.03.05 19:26 DayOfWeek=4 WeekendCloseActive=NO NewTradeBlocked=NO | 103000.000000
HN	0	12:27:35.097	Cazyxio_v4.1 (EURUSD,M15)	2026.03.05 19:27:35 | HEARTBEAT | SYSTEM | EA alive. Tick=103100 Equity=45490.80 OpenPos=0 UTC=2026.03.05 19:27 DayOfWeek=4 WeekendCloseActive=NO NewTradeBlocked=NO | 103100.000000
LS	0	12:28:30.032	Cazyxio_v4.1 (EURUSD,M15)	2026.03.05 19:28:30 | HEARTBEAT | SYSTEM | EA alive. Tick=103200 Equity=45490.80 OpenPos=0 UTC=2026.03.05 19:28 DayOfWeek=4 WeekendCloseActive=NO NewTradeBlocked=NO | 103200.000000
RG	0	12:29:36.417	Cazyxio_v4.1 (EURUSD,M15)	2026.03.05 19:29:36 | HEARTBEAT | SYSTEM | EA alive. Tick=103300 Equity=45490.80 OpenPos=0 UTC=2026.03.05 19:29 DayOfWeek=4 WeekendCloseActive=NO NewTradeBlocked=NO | 103300.000000
LE	0	12:30:02.095	Cazyxio_v4.1 (EURUSD,M15)	2026.03.05 19:30:02 | BAR | EURUSD | close=1.15775 h4ema200=1.17641 h4slope=DOWN ema50=1.15953 atr=0.001150 atrSma=0.000921 atrRatio=1.248 dir=SHORT spread=15.0 spreadOK=YES atrGate=PASS touch=PASS momCandle=ZERO_RANGE_BAR barRange=0.000000 minBarRange=0.000345 (0.30xATR) momClosePos=0.500(forced) momOk=N ema50Ok=Y barRange=0.000000 zeroRangeBar=YES trigger=NO hasPos=NO portRisk=0.00% openPos=0 | 1.157750
LR	0	12:30:02.095	Cazyxio_v4.1 (EURUSD,M15)	2026.03.05 19:30:02 | GATE_FAIL | EURUSD | Zero-range bar FAIL (v4.1 fix). barRange=0.000000 < minBarRange=0.000345 (0.30x ATR). Doji/flat bar excluded from momentum evaluation.
PH	0	12:30:02.095	Cazyxio_v4.1 (EURUSD,M15)	2026.03.05 19:30:02 | BAR | AUDUSD | close=0.69816 h4ema200=0.69909 h4slope=UP ema50=0.70169 atr=0.001054 atrSma=0.000941 atrRatio=1.120 dir=NONE spread=18.0 spreadOK=YES atrGate=PASS touch=FAIL momCandle= zeroRangeBar=NO trigger=NO hasPos=NO portRisk=0.00% openPos=0 | 0.698160
RR	0	12:30:02.095	Cazyxio_v4.1 (EURUSD,M15)	2026.03.05 19:30:02 | GATE_FAIL | AUDUSD | No directional bias. h4slope=UP closeNow=0.69816 h4ema200=0.69909. Need H4 slope + price on correct side of H4 EMA200.
GN	0	12:30:02.095	Cazyxio_v4.1 (EURUSD,M15)	2026.03.05 19:30:02 | BAR | USDCAD | close=1.36924 h4ema200=1.36861 h4slope=DOWN ema50=1.36688 atr=0.001206 atrSma=0.000908 atrRatio=1.328 dir=NONE spread=24.0 spreadOK=YES atrGate=PASS touch=FAIL momCandle= zeroRangeBar=NO trigger=NO hasPos=NO portRisk=0.00% openPos=0 | 1.369240
RE	0	12:30:02.095	Cazyxio_v4.1 (EURUSD,M15)	2026.03.05 19:30:02 | GATE_FAIL | USDCAD | No directional bias. h4slope=DOWN closeNow=1.36924 h4ema200=1.36861. Need H4 slope + price on correct side of H4 EMA200.
RN	0	12:30:02.320	Cazyxio_v4.1 (EURUSD,M15)	2026.03.05 19:30:02 | BAR | GBPUSD | close=1.33264 h4ema200=1.35025 h4slope=DOWN ema50=1.33360 atr=0.001209 atrSma=0.001146 atrRatio=1.055 dir=SHORT spread=23.0 spreadOK=YES atrGate=PASS touch=PASS momCandle=ZERO_RANGE_BAR barRange=0.000000 minBarRange=0.000363 (0.30xATR) momClosePos=0.500(forced) momOk=N ema50Ok=Y barRange=0.000000 zeroRangeBar=YES trigger=NO hasPos=NO portRisk=0.00% openPos=0 | 1.332640
DE	0	12:30:02.320	Cazyxio_v4.1 (EURUSD,M15)	2026.03.05 19:30:02 | GATE_FAIL | GBPUSD | Zero-range bar FAIL (v4.1 fix). barRange=0.000000 < minBarRange=0.000363 (0.30x ATR). Doji/flat bar excluded from momentum evaluation.
GI	0	12:30:02.320	Cazyxio_v4.1 (EURUSD,M15)	2026.03.05 19:30:02 | BAR | USDJPY | close=157.785 h4ema200=155.779 h4slope=UP ema50=157.511 atr=0.111500 atrSma=0.115482 atrRatio=0.966 dir=LONG spread=15.0 spreadOK=YES atrGate=PASS touch=FAIL momCandle=ZERO_RANGE_BAR barRange=0.000000 minBarRange=0.033450 (0.30xATR) momClosePos=0.500(forced) momOk=N ema50Ok=Y barRange=0.000000 zeroRangeBar=YES trigger=NO hasPos=NO portRisk=0.00% openPos=0 | 157.785000
FR	0	12:30:02.320	Cazyxio_v4.1 (EURUSD,M15)	2026.03.05 19:30:02 | GATE_FAIL | USDJPY | Touch/pullback gate FAIL. Price has not approached EMA50 within last 12 bars (within 0.60 ATR). v4.1 tolerance=0.60x (tightened from v4.0 1.00x).
DD	0	12:30:02.320	Cazyxio_v4.1 (EURUSD,M15)	2026.03.05 19:30:02 | BAR | GBPJPY | close=210.278 h4ema200=210.347 h4slope=DOWN ema50=210.061 atr=0.143500 atrSma=0.153935 atrRatio=0.932 dir=SHORT spread=41.0 spreadOK=NO atrGate=PASS touch=PASS momCandle=ZERO_RANGE_BAR barRange=0.000000 minBarRange=0.043050 (0.30xATR) momClosePos=0.500(forced) momOk=N ema50Ok=Y barRange=0.000000 zeroRangeBar=YES trigger=NO hasPos=NO portRisk=0.00% openPos=0 | 210.278000
CO	0	12:30:02.320	Cazyxio_v4.1 (EURUSD,M15)	2026.03.05 19:30:02 | GATE_FAIL | GBPJPY | Spread too wide. Spread=41.0 Max=30 points.
EM	0	12:30:17.610	Cazyxio_v4.1 (EURUSD,M15)	2026.03.05 19:30:17 | HEARTBEAT | SYSTEM | EA alive. Tick=103400 Equity=45490.80 OpenPos=0 UTC=2026.03.05 19:30 DayOfWeek=4 WeekendCloseActive=NO NewTradeBlocked=NO | 103400.000000
LQ	0	12:31:16.881	Cazyxio_v4.1 (EURUSD,M15)	2026.03.05 19:31:16 | HEARTBEAT | SYSTEM | EA alive. Tick=103500 Equity=45490.80 OpenPos=0 UTC=2026.03.05 19:31 DayOfWeek=4 WeekendCloseActive=NO NewTradeBlocked=NO | 103500.000000
HE	0	12:32:15.648	Cazyxio_v4.1 (EURUSD,M15)	2026.03.05 19:32:15 | HEARTBEAT | SYSTEM | EA alive. Tick=103600 Equity=45490.80 OpenPos=0 UTC=2026.03.05 19:32 DayOfWeek=4 WeekendCloseActive=NO NewTradeBlocked=NO | 103600.000000
OF	0	12:33:15.259	Cazyxio_v4.1 (EURUSD,M15)	2026.03.05 19:33:15 | HEARTBEAT | SYSTEM | EA alive. Tick=103700 Equity=45490.80 OpenPos=0 UTC=2026.03.05 19:33 DayOfWeek=4 WeekendCloseActive=NO NewTradeBlocked=NO | 103700.000000
FJ	0	12:34:08.046	Cazyxio_v4.1 (EURUSD,M15)	2026.03.05 19:34:08 | HEARTBEAT | SYSTEM | EA alive. Tick=103800 Equity=45490.80 OpenPos=0 UTC=2026.03.05 19:34 DayOfWeek=4 WeekendCloseActive=NO NewTradeBlocked=NO | 103800.000000
HN	0	12:35:12.823	Cazyxio_v4.1 (EURUSD,M15)	2026.03.05 19:35:12 | HEARTBEAT | SYSTEM | EA alive. Tick=103900 Equity=45490.80 OpenPos=0 UTC=2026.03.05 19:35 DayOfWeek=4 WeekendCloseActive=NO NewTradeBlocked=NO | 103900.000000
HR	0	12:36:09.259	Cazyxio_v4.1 (EURUSD,M15)	2026.03.05 19:36:09 | HEARTBEAT | SYSTEM | EA alive. Tick=104000 Equity=45490.80 OpenPos=0 UTC=2026.03.05 19:36 DayOfWeek=4 WeekendCloseActive=NO NewTradeBlocked=NO | 104000.000000
IG	0	12:37:06.981	Cazyxio_v4.1 (EURUSD,M15)	2026.03.05 19:37:06 | HEARTBEAT | SYSTEM | EA alive. Tick=104100 Equity=45490.80 OpenPos=0 UTC=2026.03.05 19:37 DayOfWeek=4 WeekendCloseActive=NO NewTradeBlocked=NO | 104100.000000
IK	0	12:38:07.830	Cazyxio_v4.1 (EURUSD,M15)	2026.03.05 19:38:07 | HEARTBEAT | SYSTEM | EA alive. Tick=104200 Equity=45490.80 OpenPos=0 UTC=2026.03.05 19:38 DayOfWeek=4 WeekendCloseActive=NO NewTradeBlocked=NO | 104200.000000
PO	0	12:39:03.409	Cazyxio_v4.1 (EURUSD,M15)	2026.03.05 19:39:03 | HEARTBEAT | SYSTEM | EA alive. Tick=104300 Equity=45490.80 OpenPos=0 UTC=2026.03.05 19:39 DayOfWeek=4 WeekendCloseActive=NO NewTradeBlocked=NO | 104300.000000
PS	0	12:40:12.564	Cazyxio_v4.1 (EURUSD,M15)	2026.03.05 19:40:12 | HEARTBEAT | SYSTEM | EA alive. Tick=104400 Equity=45490.80 OpenPos=0 UTC=2026.03.05 19:40 DayOfWeek=4 WeekendCloseActive=NO NewTradeBlocked=NO | 104400.000000
JD	0	12:41:07.213	Cazyxio_v4.1 (EURUSD,M15)	2026.03.05 19:41:07 | HEARTBEAT | SYSTEM | EA alive. Tick=104500 Equity=45490.80 OpenPos=0 UTC=2026.03.05 19:41 DayOfWeek=4 WeekendCloseActive=NO NewTradeBlocked=NO | 104500.000000
HH	0	12:41:50.547	Cazyxio_v4.1 (EURUSD,M15)	2026.03.05 19:41:50 | HEARTBEAT | SYSTEM | EA alive. Tick=104600 Equity=45490.80 OpenPos=0 UTC=2026.03.05 19:41 DayOfWeek=4 WeekendCloseActive=NO NewTradeBlocked=NO | 104600.000000
LL	0	12:42:32.775	Cazyxio_v4.1 (EURUSD,M15)	2026.03.05 19:42:32 | HEARTBEAT | SYSTEM | EA alive. Tick=104700 Equity=45490.80 OpenPos=0 UTC=2026.03.05 19:42 DayOfWeek=4 WeekendCloseActive=NO NewTradeBlocked=NO | 104700.000000
KP	0	12:43:16.717	Cazyxio_v4.1 (EURUSD,M15)	2026.03.05 19:43:16 | HEARTBEAT | SYSTEM | EA alive. Tick=104800 Equity=45490.80 OpenPos=0 UTC=2026.03.05 19:43 DayOfWeek=4 WeekendCloseActive=NO NewTradeBlocked=NO | 104800.000000
EE	0	12:43:52.700	Cazyxio_v4.1 (EURUSD,M15)	2026.03.05 19:43:52 | HEARTBEAT | SYSTEM | EA alive. Tick=104900 Equity=45490.80 OpenPos=0 UTC=2026.03.05 19:43 DayOfWeek=4 WeekendCloseActive=NO NewTradeBlocked=NO | 104900.000000
HI	0	12:44:34.333	Cazyxio_v4.1 (EURUSD,M15)	2026.03.05 19:44:34 | HEARTBEAT | SYSTEM | EA alive. Tick=105000 Equity=45490.80 OpenPos=0 UTC=2026.03.05 19:44 DayOfWeek=4 WeekendCloseActive=NO NewTradeBlocked=NO | 105000.000000
KS	0	12:45:02.097	Cazyxio_v4.1 (EURUSD,M15)	2026.03.05 19:45:02 | BAR | EURUSD | close=1.15759 h4ema200=1.17640 h4slope=DOWN ema50=1.15945 atr=0.001087 atrSma=0.000925 atrRatio=1.175 dir=SHORT spread=17.0 spreadOK=YES atrGate=PASS touch=PASS momCandle=ZERO_RANGE_BAR barRange=0.000000 minBarRange=0.000326 (0.30xATR) momClosePos=0.500(forced) momOk=N ema50Ok=Y barRange=0.000000 zeroRangeBar=YES trigger=NO hasPos=NO portRisk=0.00% openPos=0 | 1.157590
QP	0	12:45:02.097	Cazyxio_v4.1 (EURUSD,M15)	2026.03.05 19:45:02 | GATE_FAIL | EURUSD | Zero-range bar FAIL (v4.1 fix). barRange=0.000000 < minBarRange=0.000326 (0.30x ATR). Doji/flat bar excluded from momentum evaluation.
MJ	0	12:45:02.097	Cazyxio_v4.1 (EURUSD,M15)	2026.03.05 19:45:02 | BAR | USDCAD | close=1.36905 h4ema200=1.36861 h4slope=DOWN ema50=1.36695 atr=0.001167 atrSma=0.000913 atrRatio=1.278 dir=NONE spread=24.0 spreadOK=YES atrGate=PASS touch=FAIL momCandle= zeroRangeBar=NO trigger=NO hasPos=NO portRisk=0.00% openPos=0 | 1.369050
GP	0	12:45:02.097	Cazyxio_v4.1 (EURUSD,M15)	2026.03.05 19:45:02 | GATE_FAIL | USDCAD | No directional bias. h4slope=DOWN closeNow=1.36905 h4ema200=1.36861. Need H4 slope + price on correct side of H4 EMA200.
EJ	0	12:45:02.347	Cazyxio_v4.1 (EURUSD,M15)	2026.03.05 19:45:02 | BAR | GBPUSD | close=1.33236 h4ema200=1.35025 h4slope=DOWN ema50=1.33354 atr=0.001171 atrSma=0.001147 atrRatio=1.021 dir=SHORT spread=21.0 spreadOK=YES atrGate=PASS touch=PASS momCandle=ZERO_RANGE_BAR barRange=0.000000 minBarRange=0.000351 (0.30xATR) momClosePos=0.500(forced) momOk=N ema50Ok=Y barRange=0.000000 zeroRangeBar=YES trigger=NO hasPos=NO portRisk=0.00% openPos=0 | 1.332360
RN	0	12:45:02.347	Cazyxio_v4.1 (EURUSD,M15)	2026.03.05 19:45:02 | GATE_FAIL | GBPUSD | Zero-range bar FAIL (v4.1 fix). barRange=0.000000 < minBarRange=0.000351 (0.30x ATR). Doji/flat bar excluded from momentum evaluation.
HM	0	12:45:02.347	Cazyxio_v4.1 (EURUSD,M15)	2026.03.05 19:45:02 | BAR | AUDUSD | close=0.69815 h4ema200=0.69909 h4slope=UP ema50=0.70155 atr=0.001028 atrSma=0.000943 atrRatio=1.090 dir=NONE spread=18.0 spreadOK=YES atrGate=PASS touch=FAIL momCandle= zeroRangeBar=NO trigger=NO hasPos=NO portRisk=0.00% openPos=0 | 0.698150
KH	0	12:45:02.347	Cazyxio_v4.1 (EURUSD,M15)	2026.03.05 19:45:02 | GATE_FAIL | AUDUSD | No directional bias. h4slope=UP closeNow=0.69815 h4ema200=0.69909. Need H4 slope + price on correct side of H4 EMA200.
DO	0	12:45:02.347	Cazyxio_v4.1 (EURUSD,M15)	2026.03.05 19:45:02 | BAR | GBPJPY | close=210.246 h4ema200=210.347 h4slope=DOWN ema50=210.067 atr=0.140714 atrSma=0.153696 atrRatio=0.916 dir=SHORT spread=38.0 spreadOK=NO atrGate=PASS touch=PASS momCandle=ZERO_RANGE_BAR barRange=0.000000 minBarRange=0.042214 (0.30xATR) momClosePos=0.500(forced) momOk=N ema50Ok=Y barRange=0.000000 zeroRangeBar=YES trigger=NO hasPos=NO portRisk=0.00% openPos=0 | 210.246000
PG	0	12:45:02.347	Cazyxio_v4.1 (EURUSD,M15)	2026.03.05 19:45:02 | GATE_FAIL | GBPJPY | Spread too wide. Spread=38.0 Max=30 points.
OF	0	12:45:02.601	Cazyxio_v4.1 (EURUSD,M15)	2026.03.05 19:45:02 | BAR | USDJPY | close=157.796 h4ema200=155.779 h4slope=UP ema50=157.522 atr=0.106714 atrSma=0.115499 atrRatio=0.924 dir=LONG spread=15.0 spreadOK=YES atrGate=PASS touch=FAIL momCandle=ZERO_RANGE_BAR barRange=0.000000 minBarRange=0.032014 (0.30xATR) momClosePos=0.500(forced) momOk=N ema50Ok=Y barRange=0.000000 zeroRangeBar=YES trigger=NO hasPos=NO portRisk=0.00% openPos=0 | 157.796000
RJ	0	12:45:02.601	Cazyxio_v4.1 (EURUSD,M15)	2026.03.05 19:45:02 | GATE_FAIL | USDJPY | Touch/pullback gate FAIL. Price has not approached EMA50 within last 12 bars (within 0.60 ATR). v4.1 tolerance=0.60x (tightened from v4.0 1.00x).
GO	0	12:45:37.883	Cazyxio_v4.1 (EURUSD,M15)	2026.03.05 19:45:37 | HEARTBEAT | SYSTEM | EA alive. Tick=105100 Equity=45490.80 OpenPos=0 UTC=2026.03.05 19:45 DayOfWeek=4 WeekendCloseActive=NO NewTradeBlocked=NO | 105100.000000
RS	0	12:46:42.421	Cazyxio_v4.1 (EURUSD,M15)	2026.03.05 19:46:42 | HEARTBEAT | SYSTEM | EA alive. Tick=105200 Equity=45490.80 OpenPos=0 UTC=2026.03.05 19:46 DayOfWeek=4 WeekendCloseActive=NO NewTradeBlocked=NO | 105200.000000
PG	0	12:47:50.176	Cazyxio_v4.1 (EURUSD,M15)	2026.03.05 19:47:50 | HEARTBEAT | SYSTEM | EA alive. Tick=105300 Equity=45490.80 OpenPos=0 UTC=2026.03.05 19:47 DayOfWeek=4 WeekendCloseActive=NO NewTradeBlocked=NO | 105300.000000
QH	0	12:48:57.473	Cazyxio_v4.1 (EURUSD,M15)	2026.03.05 19:48:57 | HEARTBEAT | SYSTEM | EA alive. Tick=105400 Equity=45490.80 OpenPos=0 UTC=2026.03.05 19:48 DayOfWeek=4 WeekendCloseActive=NO NewTradeBlocked=NO | 105400.000000
HL	0	12:50:07.723	Cazyxio_v4.1 (EURUSD,M15)	2026.03.05 19:50:07 | HEARTBEAT | SYSTEM | EA alive. Tick=105500 Equity=45490.80 OpenPos=0 UTC=2026.03.05 19:50 DayOfWeek=4 WeekendCloseActive=NO NewTradeBlocked=NO | 105500.000000
MP	0	12:51:14.307	Cazyxio_v4.1 (EURUSD,M15)	2026.03.05 19:51:14 | HEARTBEAT | SYSTEM | EA alive. Tick=105600 Equity=45490.80 OpenPos=0 UTC=2026.03.05 19:51 DayOfWeek=4 WeekendCloseActive=NO NewTradeBlocked=NO | 105600.000000
PD	0	12:52:23.488	Cazyxio_v4.1 (EURUSD,M15)	2026.03.05 19:52:23 | HEARTBEAT | SYSTEM | EA alive. Tick=105700 Equity=45490.80 OpenPos=0 UTC=2026.03.05 19:52 DayOfWeek=4 WeekendCloseActive=NO NewTradeBlocked=NO | 105700.000000
CI	0	12:53:47.501	Cazyxio_v4.1 (EURUSD,M15)	2026.03.05 19:53:47 | HEARTBEAT | SYSTEM | EA alive. Tick=105800 Equity=45490.80 OpenPos=0 UTC=2026.03.05 19:53 DayOfWeek=4 WeekendCloseActive=NO NewTradeBlocked=NO | 105800.000000
JM	0	12:54:59.550	Cazyxio_v4.1 (EURUSD,M15)	2026.03.05 19:54:59 | HEARTBEAT | SYSTEM | EA alive. Tick=105900 Equity=45490.80 OpenPos=0 UTC=2026.03.05 19:54 DayOfWeek=4 WeekendCloseActive=NO NewTradeBlocked=NO | 105900.000000
RQ	0	12:56:10.622	Cazyxio_v4.1 (EURUSD,M15)	2026.03.05 19:56:10 | HEARTBEAT | SYSTEM | EA alive. Tick=106000 Equity=45490.80 OpenPos=0 UTC=2026.03.05 19:56 DayOfWeek=4 WeekendCloseActive=NO NewTradeBlocked=NO | 106000.000000
DE	0	12:57:26.591	Cazyxio_v4.1 (EURUSD,M15)	2026.03.05 19:57:26 | HEARTBEAT | SYSTEM | EA alive. Tick=106100 Equity=45490.80 OpenPos=0 UTC=2026.03.05 19:57 DayOfWeek=4 WeekendCloseActive=NO NewTradeBlocked=NO | 106100.000000
QF	0	12:58:27.188	Cazyxio_v4.1 (EURUSD,M15)	2026.03.05 19:58:27 | HEARTBEAT | SYSTEM | EA alive. Tick=106200 Equity=45490.80 OpenPos=0 UTC=2026.03.05 19:58 DayOfWeek=4 WeekendCloseActive=NO NewTradeBlocked=NO | 106200.000000
GJ	0	12:59:31.806	Cazyxio_v4.1 (EURUSD,M15)	2026.03.05 19:59:31 | HEARTBEAT | SYSTEM | EA alive. Tick=106300 Equity=45490.80 OpenPos=0 UTC=2026.03.05 19:59 DayOfWeek=4 WeekendCloseActive=NO NewTradeBlocked=NO | 106300.000000
GP	0	13:00:02.086	Cazyxio_v4.1 (EURUSD,M15)	2026.03.05 20:00:02 | BAR | EURUSD | close=1.15722 h4ema200=1.17640 h4slope=DOWN ema50=1.15935 atr=0.000989 atrSma=0.000928 atrRatio=1.065 dir=SHORT spread=17.0 spreadOK=YES atrGate=PASS touch=PASS momCandle=ZERO_RANGE_BAR barRange=0.000000 minBarRange=0.000297 (0.30xATR) momClosePos=0.500(forced) momOk=N ema50Ok=Y barRange=0.000000 zeroRangeBar=YES trigger=NO hasPos=NO portRisk=0.00% openPos=0 | 1.157220
QE	0	13:00:02.086	Cazyxio_v4.1 (EURUSD,M15)	2026.03.05 20:00:02 | GATE_FAIL | EURUSD | Zero-range bar FAIL (v4.1 fix). barRange=0.000000 < minBarRange=0.000297 (0.30x ATR). Doji/flat bar excluded from momentum evaluation.
QD	0	13:00:03.136	Cazyxio_v4.1 (EURUSD,M15)	2026.03.05 20:00:03 | BAR | GBPUSD | close=1.33193 h4ema200=1.35024 h4slope=DOWN ema50=1.33346 atr=0.001080 atrSma=0.001147 atrRatio=0.941 dir=SHORT spread=21.0 spreadOK=YES atrGate=PASS touch=PASS momCandle=ZERO_RANGE_BAR barRange=0.000030 minBarRange=0.000324 (0.30xATR) momClosePos=0.500(forced) momOk=N ema50Ok=Y barRange=0.000030 zeroRangeBar=YES trigger=NO hasPos=NO portRisk=0.00% openPos=0 | 1.331930
FP	0	13:00:03.136	Cazyxio_v4.1 (EURUSD,M15)	2026.03.05 20:00:03 | GATE_FAIL | GBPUSD | Zero-range bar FAIL (v4.1 fix). barRange=0.000030 < minBarRange=0.000324 (0.30x ATR). Doji/flat bar excluded from momentum evaluation.
ED	0	13:00:03.136	Cazyxio_v4.1 (EURUSD,M15)	2026.03.05 20:00:03 | BAR | USDJPY | close=157.808 h4ema200=155.780 h4slope=UP ema50=157.534 atr=0.098714 atrSma=0.115422 atrRatio=0.855 dir=LONG spread=15.0 spreadOK=YES atrGate=PASS touch=FAIL momCandle=ZERO_RANGE_BAR barRange=0.000000 minBarRange=0.029614 (0.30xATR) momClosePos=0.500(forced) momOk=N ema50Ok=Y barRange=0.000000 zeroRangeBar=YES trigger=NO hasPos=NO portRisk=0.00% openPos=0 | 157.808000
DL	0	13:00:03.136	Cazyxio_v4.1 (EURUSD,M15)	2026.03.05 20:00:03 | GATE_FAIL | USDJPY | Touch/pullback gate FAIL. Price has not approached EMA50 within last 12 bars (within 0.60 ATR). v4.1 tolerance=0.60x (tightened from v4.0 1.00x).
HM	0	13:00:03.136	Cazyxio_v4.1 (EURUSD,M15)	2026.03.05 20:00:03 | BAR | AUDUSD | close=0.69811 h4ema200=0.69909 h4slope=UP ema50=0.70142 atr=0.000939 atrSma=0.000945 atrRatio=0.994 dir=NONE spread=20.0 spreadOK=YES atrGate=PASS touch=FAIL momCandle= zeroRangeBar=NO trigger=NO hasPos=NO portRisk=0.00% openPos=0 | 0.698110
FH	0	13:00:03.136	Cazyxio_v4.1 (EURUSD,M15)	2026.03.05 20:00:03 | GATE_FAIL | AUDUSD | No directional bias. h4slope=UP closeNow=0.69811 h4ema200=0.69909. Need H4 slope + price on correct side of H4 EMA200.
GO	0	13:00:03.136	Cazyxio_v4.1 (EURUSD,M15)	2026.03.05 20:00:03 | BAR | GBPJPY | close=210.192 h4ema200=210.346 h4slope=DOWN ema50=210.070 atr=0.134857 atrSma=0.153498 atrRatio=0.879 dir=SHORT spread=39.0 spreadOK=NO atrGate=PASS touch=PASS momCandle=ZERO_RANGE_BAR barRange=0.002000 minBarRange=0.040457 (0.30xATR) momClosePos=0.500(forced) momOk=N ema50Ok=Y barRange=0.002000 zeroRangeBar=YES trigger=NO hasPos=NO portRisk=0.00% openPos=0 | 210.192000
FG	0	13:00:03.136	Cazyxio_v4.1 (EURUSD,M15)	2026.03.05 20:00:03 | GATE_FAIL | GBPJPY | Spread too wide. Spread=39.0 Max=30 points.
KI	0	13:00:03.136	Cazyxio_v4.1 (EURUSD,M15)	2026.03.05 20:00:03 | BAR | USDCAD | close=1.36903 h4ema200=1.36861 h4slope=DOWN ema50=1.36704 atr=0.001054 atrSma=0.000917 atrRatio=1.150 dir=NONE spread=26.0 spreadOK=YES atrGate=PASS touch=FAIL momCandle= zeroRangeBar=NO trigger=NO hasPos=NO portRisk=0.00% openPos=0 | 1.369030
RD	0	13:00:03.136	Cazyxio_v4.1 (EURUSD,M15)	2026.03.05 20:00:03 | GATE_FAIL | USDCAD | No directional bias. h4slope=DOWN closeNow=1.36903 h4ema200=1.36861. Need H4 slope + price on correct side of H4 EMA200.
NL	0	13:00:22.938	Cazyxio_v4.1 (EURUSD,M15)	2026.03.05 20:00:22 | HEARTBEAT | SYSTEM | EA alive. Tick=106400 Equity=45490.80 OpenPos=0 UTC=2026.03.05 20:00 DayOfWeek=4 WeekendCloseActive=NO NewTradeBlocked=YES | 106400.000000
GH	0	13:01:24.398	Cazyxio_v4.1 (EURUSD,M15)	2026.03.05 20:01:24 | HEARTBEAT | SYSTEM | EA alive. Tick=106500 Equity=45490.80 OpenPos=0 UTC=2026.03.05 20:01 DayOfWeek=4 WeekendCloseActive=NO NewTradeBlocked=YES | 106500.000000
KE	0	13:02:42.979	Cazyxio_v4.1 (EURUSD,M15)	2026.03.05 20:02:42 | HEARTBEAT | SYSTEM | EA alive. Tick=106600 Equity=45490.80 OpenPos=0 UTC=2026.03.05 20:02 DayOfWeek=4 WeekendCloseActive=NO NewTradeBlocked=YES | 106600.000000
RQ	0	13:03:55.766	Cazyxio_v4.1 (EURUSD,M15)	2026.03.05 20:03:55 | HEARTBEAT | SYSTEM | EA alive. Tick=106700 Equity=45490.80 OpenPos=0 UTC=2026.03.05 20:03 DayOfWeek=4 WeekendCloseActive=NO NewTradeBlocked=YES | 106700.000000
JM	0	13:04:49.442	Cazyxio_v4.1 (EURUSD,M15)	2026.03.05 20:04:49 | HEARTBEAT | SYSTEM | EA alive. Tick=106800 Equity=45490.80 OpenPos=0 UTC=2026.03.05 20:04 DayOfWeek=4 WeekendCloseActive=NO NewTradeBlocked=YES | 106800.000000
MN	0	13:05:19.303	Cazyxio_v4.1 (EURUSD,M15)	2026.03.05 20:05:19 | HEARTBEAT | SYSTEM | EA alive. Tick=106900 Equity=45490.80 OpenPos=0 UTC=2026.03.05 20:05 DayOfWeek=4 WeekendCloseActive=NO NewTradeBlocked=YES | 106900.000000
HJ	0	13:06:00.644	Cazyxio_v4.1 (EURUSD,M15)	2026.03.05 20:06:00 | HEARTBEAT | SYSTEM | EA alive. Tick=107000 Equity=45490.80 OpenPos=0 UTC=2026.03.05 20:06 DayOfWeek=4 WeekendCloseActive=NO NewTradeBlocked=YES | 107000.000000
CF	0	13:06:43.432	Cazyxio_v4.1 (EURUSD,M15)	2026.03.05 20:06:43 | HEARTBEAT | SYSTEM | EA alive. Tick=107100 Equity=45490.80 OpenPos=0 UTC=2026.03.05 20:06 DayOfWeek=4 WeekendCloseActive=NO NewTradeBlocked=YES | 107100.000000
JS	0	13:07:34.687	Cazyxio_v4.1 (EURUSD,M15)	2026.03.05 20:07:34 | HEARTBEAT | SYSTEM | EA alive. Tick=107200 Equity=45490.80 OpenPos=0 UTC=2026.03.05 20:07 DayOfWeek=4 WeekendCloseActive=NO NewTradeBlocked=YES | 107200.000000
HO	0	13:08:29.912	Cazyxio_v4.1 (EURUSD,M15)	2026.03.05 20:08:29 | HEARTBEAT | SYSTEM | EA alive. Tick=107300 Equity=45490.80 OpenPos=0 UTC=2026.03.05 20:08 DayOfWeek=4 WeekendCloseActive=NO NewTradeBlocked=YES | 107300.000000
CH	0	13:09:06.466	Cazyxio_v4.1 (EURUSD,M15)	2026.03.05 20:09:06 | HEARTBEAT | SYSTEM | EA alive. Tick=107400 Equity=45490.80 OpenPos=0 UTC=2026.03.05 20:09 DayOfWeek=4 WeekendCloseActive=NO NewTradeBlocked=YES | 107400.000000
LD	0	13:09:36.029	Cazyxio_v4.1 (EURUSD,M15)	2026.03.05 20:09:36 | HEARTBEAT | SYSTEM | EA alive. Tick=107500 Equity=45490.80 OpenPos=0 UTC=2026.03.05 20:09 DayOfWeek=4 WeekendCloseActive=NO NewTradeBlocked=YES | 107500.000000
RP	0	13:10:09.249	Cazyxio_v4.1 (EURUSD,M15)	2026.03.05 20:10:09 | HEARTBEAT | SYSTEM | EA alive. Tick=107600 Equity=45490.80 OpenPos=0 UTC=2026.03.05 20:10 DayOfWeek=4 WeekendCloseActive=NO NewTradeBlocked=YES | 107600.000000
MM	0	13:10:42.712	Cazyxio_v4.1 (EURUSD,M15)	2026.03.05 20:10:42 | HEARTBEAT | SYSTEM | EA alive. Tick=107700 Equity=45490.80 OpenPos=0 UTC=2026.03.05 20:10 DayOfWeek=4 WeekendCloseActive=NO NewTradeBlocked=YES | 107700.000000
EI	0	13:11:15.700	Cazyxio_v4.1 (EURUSD,M15)	2026.03.05 20:11:15 | HEARTBEAT | SYSTEM | EA alive. Tick=107800 Equity=45490.80 OpenPos=0 UTC=2026.03.05 20:11 DayOfWeek=4 WeekendCloseActive=NO NewTradeBlocked=YES | 107800.000000
ME	0	13:11:47.867	Cazyxio_v4.1 (EURUSD,M15)	2026.03.05 20:11:47 | HEARTBEAT | SYSTEM | EA alive. Tick=107900 Equity=45490.80 OpenPos=0 UTC=2026.03.05 20:11 DayOfWeek=4 WeekendCloseActive=NO NewTradeBlocked=YES | 107900.000000
CF	0	13:12:22.785	Cazyxio_v4.1 (EURUSD,M15)	2026.03.05 20:12:22 | HEARTBEAT | SYSTEM | EA alive. Tick=108000 Equity=45490.80 OpenPos=0 UTC=2026.03.05 20:12 DayOfWeek=4 WeekendCloseActive=NO NewTradeBlocked=YES | 108000.000000
GR	0	13:12:55.770	Cazyxio_v4.1 (EURUSD,M15)	2026.03.05 20:12:55 | HEARTBEAT | SYSTEM | EA alive. Tick=108100 Equity=45490.80 OpenPos=0 UTC=2026.03.05 20:12 DayOfWeek=4 WeekendCloseActive=NO NewTradeBlocked=YES | 108100.000000
MO	0	13:13:36.261	Cazyxio_v4.1 (EURUSD,M15)	2026.03.05 20:13:36 | HEARTBEAT | SYSTEM | EA alive. Tick=108200 Equity=45490.80 OpenPos=0 UTC=2026.03.05 20:13 DayOfWeek=4 WeekendCloseActive=NO NewTradeBlocked=YES | 108200.000000
LK	0	13:14:15.766	Cazyxio_v4.1 (EURUSD,M15)	2026.03.05 20:14:15 | HEARTBEAT | SYSTEM | EA alive. Tick=108300 Equity=45490.80 OpenPos=0 UTC=2026.03.05 20:14 DayOfWeek=4 WeekendCloseActive=NO NewTradeBlocked=YES | 108300.000000
FG	0	13:15:00.611	Cazyxio_v4.1 (EURUSD,M15)	2026.03.05 20:15:00 | HEARTBEAT | SYSTEM | EA alive. Tick=108400 Equity=45490.80 OpenPos=0 UTC=2026.03.05 20:15 DayOfWeek=4 WeekendCloseActive=NO NewTradeBlocked=YES | 108400.000000
ER	0	13:15:02.138	Cazyxio_v4.1 (EURUSD,M15)	2026.03.05 20:15:02 | BAR | EURUSD | close=1.16012 h4ema200=1.17643 h4slope=DOWN ema50=1.15949 atr=0.001136 atrSma=0.000934 atrRatio=1.215 dir=SHORT spread=18.0 spreadOK=YES atrGate=PASS touch=PASS momCandle=ZERO_RANGE_BAR barRange=0.000000 minBarRange=0.000341 (0.30xATR) momClosePos=0.500(forced) momOk=N ema50Ok=Y barRange=0.000000 zeroRangeBar=YES trigger=NO hasPos=NO portRisk=0.00% openPos=0 | 1.160120
MF	0	13:15:02.138	Cazyxio_v4.1 (EURUSD,M15)	2026.03.05 20:15:02 | GATE_FAIL | EURUSD | Zero-range bar FAIL (v4.1 fix). barRange=0.000000 < minBarRange=0.000341 (0.30x ATR). Doji/flat bar excluded from momentum evaluation.
PI	0	13:15:02.138	Cazyxio_v4.1 (EURUSD,M15)	2026.03.05 20:15:02 | BAR | GBPJPY | close=210.419 h4ema200=210.348 h4slope=DOWN ema50=210.092 atr=0.143000 atrSma=0.153664 atrRatio=0.931 dir=NONE spread=41.0 spreadOK=NO atrGate=PASS touch=FAIL momCandle= zeroRangeBar=NO trigger=NO hasPos=NO portRisk=0.00% openPos=0 | 210.419000
PN	0	13:15:02.138	Cazyxio_v4.1 (EURUSD,M15)	2026.03.05 20:15:02 | GATE_FAIL | GBPJPY | No directional bias. h4slope=DOWN closeNow=210.419 h4ema200=210.348. Need H4 slope + price on correct side of H4 EMA200.
HH	0	13:15:02.384	Cazyxio_v4.1 (EURUSD,M15)	2026.03.05 20:15:02 | BAR | GBPUSD | close=1.33561 h4ema200=1.35028 h4slope=DOWN ema50=1.33368 atr=0.001274 atrSma=0.001152 atrRatio=1.106 dir=SHORT spread=24.0 spreadOK=YES atrGate=PASS touch=PASS momCandle=ZERO_RANGE_BAR barRange=0.000000 minBarRange=0.000382 (0.30xATR) momClosePos=0.500(forced) momOk=N ema50Ok=Y barRange=0.000000 zeroRangeBar=YES trigger=NO hasPos=NO portRisk=0.00% openPos=0 | 1.335610
DO	0	13:15:02.384	Cazyxio_v4.1 (EURUSD,M15)	2026.03.05 20:15:02 | GATE_FAIL | GBPUSD | Zero-range bar FAIL (v4.1 fix). barRange=0.000000 < minBarRange=0.000382 (0.30x ATR). Doji/flat bar excluded from momentum evaluation.
MR	0	13:15:02.384	Cazyxio_v4.1 (EURUSD,M15)	2026.03.05 20:15:02 | BAR | USDJPY | close=157.539 h4ema200=155.777 h4slope=UP ema50=157.524 atr=0.115286 atrSma=0.115759 atrRatio=0.996 dir=LONG spread=19.0 spreadOK=YES atrGate=PASS touch=PASS momCandle=ZERO_RANGE_BAR barRange=0.000000 minBarRange=0.034586 (0.30xATR) momClosePos=0.500(forced) momOk=N ema50Ok=Y barRange=0.000000 zeroRangeBar=YES trigger=NO hasPos=NO portRisk=0.00% openPos=0 | 157.539000
MK	0	13:15:02.384	Cazyxio_v4.1 (EURUSD,M15)	2026.03.05 20:15:02 | GATE_FAIL | USDJPY | Zero-range bar FAIL (v4.1 fix). barRange=0.000000 < minBarRange=0.034586 (0.30x ATR). Doji/flat bar excluded from momentum evaluation.
EN	0	13:15:02.384	Cazyxio_v4.1 (EURUSD,M15)	2026.03.05 20:15:02 | BAR | AUDUSD | close=0.69993 h4ema200=0.69911 h4slope=UP ema50=0.70143 atr=0.001060 atrSma=0.000950 atrRatio=1.116 dir=LONG spread=20.0 spreadOK=YES atrGate=PASS touch=FAIL momCandle=ZERO_RANGE_BAR barRange=0.000000 minBarRange=0.000318 (0.30xATR) momClosePos=0.500(forced) momOk=N ema50Ok=Y barRange=0.000000 zeroRangeBar=YES trigger=NO hasPos=NO portRisk=0.00% openPos=0 | 0.699930
ND	0	13:15:02.384	Cazyxio_v4.1 (EURUSD,M15)	2026.03.05 20:15:02 | GATE_FAIL | AUDUSD | Touch/pullback gate FAIL. Price has not approached EMA50 within last 12 bars (within 0.60 ATR). v4.1 tolerance=0.60x (tightened from v4.0 1.00x).
OH	0	13:15:02.384	Cazyxio_v4.1 (EURUSD,M15)	2026.03.05 20:15:02 | BAR | USDCAD | close=1.36763 h4ema200=1.36860 h4slope=DOWN ema50=1.36701 atr=0.001111 atrSma=0.000922 atrRatio=1.205 dir=SHORT spread=27.0 spreadOK=YES atrGate=PASS touch=PASS momCandle=ZERO_RANGE_BAR barRange=0.000000 minBarRange=0.000333 (0.30xATR) momClosePos=0.500(forced) momOk=N ema50Ok=Y barRange=0.000000 zeroRangeBar=YES trigger=NO hasPos=NO portRisk=0.00% openPos=0 | 1.367630
GM	0	13:15:02.384	Cazyxio_v4.1 (EURUSD,M15)	2026.03.05 20:15:02 | GATE_FAIL | USDCAD | Zero-range bar FAIL (v4.1 fix). barRange=0.000000 < minBarRange=0.000333 (0.30x ATR). Doji/flat bar excluded from momentum evaluation.
HO	0	13:15:37.871	Cazyxio_v4.1 (EURUSD,M15)	2026.03.05 20:15:37 | HEARTBEAT | SYSTEM | EA alive. Tick=108500 Equity=45490.80 OpenPos=0 UTC=2026.03.05 20:15 DayOfWeek=4 WeekendCloseActive=NO NewTradeBlocked=YES | 108500.000000
GK	0	13:16:24.372	Cazyxio_v4.1 (EURUSD,M15)	2026.03.05 20:16:24 | HEARTBEAT | SYSTEM | EA alive. Tick=108600 Equity=45490.80 OpenPos=0 UTC=2026.03.05 20:16 DayOfWeek=4 WeekendCloseActive=NO NewTradeBlocked=YES | 108600.000000
CG	0	13:17:03.072	Cazyxio_v4.1 (EURUSD,M15)	2026.03.05 20:17:03 | HEARTBEAT | SYSTEM | EA alive. Tick=108700 Equity=45490.80 OpenPos=0 UTC=2026.03.05 20:17 DayOfWeek=4 WeekendCloseActive=NO NewTradeBlocked=YES | 108700.000000
PP	0	13:17:45.057	Cazyxio_v4.1 (EURUSD,M15)	2026.03.05 20:17:45 | HEARTBEAT | SYSTEM | EA alive. Tick=108800 Equity=45490.80 OpenPos=0 UTC=2026.03.05 20:17 DayOfWeek=4 WeekendCloseActive=NO NewTradeBlocked=YES | 108800.000000
NL	0	13:18:30.234	Cazyxio_v4.1 (EURUSD,M15)	2026.03.05 20:18:30 | HEARTBEAT | SYSTEM | EA alive. Tick=108900 Equity=45490.80 OpenPos=0 UTC=2026.03.05 20:18 DayOfWeek=4 WeekendCloseActive=NO NewTradeBlocked=YES | 108900.000000
MI	0	13:19:07.197	Cazyxio_v4.1 (EURUSD,M15)	2026.03.05 20:19:07 | HEARTBEAT | SYSTEM | EA alive. Tick=109000 Equity=45490.80 OpenPos=0 UTC=2026.03.05 20:19 DayOfWeek=4 WeekendCloseActive=NO NewTradeBlocked=YES | 109000.000000
IE	0	13:19:45.140	Cazyxio_v4.1 (EURUSD,M15)	2026.03.05 20:19:45 | HEARTBEAT | SYSTEM | EA alive. Tick=109100 Equity=45490.80 OpenPos=0 UTC=2026.03.05 20:19 DayOfWeek=4 WeekendCloseActive=NO NewTradeBlocked=YES | 109100.000000
HQ	0	13:20:30.240	Cazyxio_v4.1 (EURUSD,M15)	2026.03.05 20:20:30 | HEARTBEAT | SYSTEM | EA alive. Tick=109200 Equity=45490.80 OpenPos=0 UTC=2026.03.05 20:20 DayOfWeek=4 WeekendCloseActive=NO NewTradeBlocked=YES | 109200.000000
HR	0	13:21:03.867	Cazyxio_v4.1 (EURUSD,M15)	2026.03.05 20:21:03 | HEARTBEAT | SYSTEM | EA alive. Tick=109300 Equity=45490.80 OpenPos=0 UTC=2026.03.05 20:21 DayOfWeek=4 WeekendCloseActive=NO NewTradeBlocked=YES | 109300.000000
IN	0	13:21:43.734	Cazyxio_v4.1 (EURUSD,M15)	2026.03.05 20:21:43 | HEARTBEAT | SYSTEM | EA alive. Tick=109400 Equity=45490.80 OpenPos=0 UTC=2026.03.05 20:21 DayOfWeek=4 WeekendCloseActive=NO NewTradeBlocked=YES | 109400.000000
DJ	0	13:22:23.323	Cazyxio_v4.1 (EURUSD,M15)	2026.03.05 20:22:23 | HEARTBEAT | SYSTEM | EA alive. Tick=109500 Equity=45490.80 OpenPos=0 UTC=2026.03.05 20:22 DayOfWeek=4 WeekendCloseActive=NO NewTradeBlocked=YES | 109500.000000
MG	0	13:23:08.763	Cazyxio_v4.1 (EURUSD,M15)	2026.03.05 20:23:08 | HEARTBEAT | SYSTEM | EA alive. Tick=109600 Equity=45490.80 OpenPos=0 UTC=2026.03.05 20:23 DayOfWeek=4 WeekendCloseActive=NO NewTradeBlocked=YES | 109600.000000
IS	0	13:23:55.880	Cazyxio_v4.1 (EURUSD,M15)	2026.03.05 20:23:55 | HEARTBEAT | SYSTEM | EA alive. Tick=109700 Equity=45490.80 OpenPos=0 UTC=2026.03.05 20:23 DayOfWeek=4 WeekendCloseActive=NO NewTradeBlocked=YES | 109700.000000
DL	0	13:24:40.093	Cazyxio_v4.1 (EURUSD,M15)	2026.03.05 20:24:40 | HEARTBEAT | SYSTEM | EA alive. Tick=109800 Equity=45490.80 OpenPos=0 UTC=2026.03.05 20:24 DayOfWeek=4 WeekendCloseActive=NO NewTradeBlocked=YES | 109800.000000
OH	0	13:25:30.198	Cazyxio_v4.1 (EURUSD,M15)	2026.03.05 20:25:30 | HEARTBEAT | SYSTEM | EA alive. Tick=109900 Equity=45490.80 OpenPos=0 UTC=2026.03.05 20:25 DayOfWeek=4 WeekendCloseActive=NO NewTradeBlocked=YES | 109900.000000
ID	0	13:26:12.366	Cazyxio_v4.1 (EURUSD,M15)	2026.03.05 20:26:12 | HEARTBEAT | SYSTEM | EA alive. Tick=110000 Equity=45490.80 OpenPos=0 UTC=2026.03.05 20:26 DayOfWeek=4 WeekendCloseActive=NO NewTradeBlocked=YES | 110000.000000
KQ	0	13:27:00.299	Cazyxio_v4.1 (EURUSD,M15)	2026.03.05 20:27:00 | HEARTBEAT | SYSTEM | EA alive. Tick=110100 Equity=45490.80 OpenPos=0 UTC=2026.03.05 20:27 DayOfWeek=4 WeekendCloseActive=NO NewTradeBlocked=YES | 110100.000000
EM	0	13:27:37.075	Cazyxio_v4.1 (EURUSD,M15)	2026.03.05 20:27:37 | HEARTBEAT | SYSTEM | EA alive. Tick=110200 Equity=45490.80 OpenPos=0 UTC=2026.03.05 20:27 DayOfWeek=4 WeekendCloseActive=NO NewTradeBlocked=YES | 110200.000000
EI	0	13:28:18.139	Cazyxio_v4.1 (EURUSD,M15)	2026.03.05 20:28:18 | HEARTBEAT | SYSTEM | EA alive. Tick=110300 Equity=45490.80 OpenPos=0 UTC=2026.03.05 20:28 DayOfWeek=4 WeekendCloseActive=NO NewTradeBlocked=YES | 110300.000000
FJ	0	13:29:02.890	Cazyxio_v4.1 (EURUSD,M15)	2026.03.05 20:29:02 | HEARTBEAT | SYSTEM | EA alive. Tick=110400 Equity=45490.80 OpenPos=0 UTC=2026.03.05 20:29 DayOfWeek=4 WeekendCloseActive=NO NewTradeBlocked=YES | 110400.000000
KF	0	13:29:45.664	Cazyxio_v4.1 (EURUSD,M15)	2026.03.05 20:29:45 | HEARTBEAT | SYSTEM | EA alive. Tick=110500 Equity=45490.80 OpenPos=0 UTC=2026.03.05 20:29 DayOfWeek=4 WeekendCloseActive=NO NewTradeBlocked=YES | 110500.000000
LP	0	13:30:02.131	Cazyxio_v4.1 (EURUSD,M15)	2026.03.05 20:30:02 | BAR | GBPUSD | close=1.33544 h4ema200=1.35028 h4slope=DOWN ema50=1.33374 atr=0.001296 atrSma=0.001156 atrRatio=1.121 dir=SHORT spread=23.0 spreadOK=YES atrGate=PASS touch=PASS momCandle=ZERO_RANGE_BAR barRange=0.000000 minBarRange=0.000389 (0.30xATR) momClosePos=0.500(forced) momOk=N ema50Ok=Y barRange=0.000000 zeroRangeBar=YES trigger=NO hasPos=NO portRisk=0.00% openPos=0 | 1.335440
ED	0	13:30:02.131	Cazyxio_v4.1 (EURUSD,M15)	2026.03.05 20:30:02 | GATE_FAIL | GBPUSD | Zero-range bar FAIL (v4.1 fix). barRange=0.000000 < minBarRange=0.000389 (0.30x ATR). Doji/flat bar excluded from momentum evaluation.
RE	0	13:30:02.131	Cazyxio_v4.1 (EURUSD,M15)	2026.03.05 20:30:02 | BAR | EURUSD | close=1.16033 h4ema200=1.17643 h4slope=DOWN ema50=1.15953 atr=0.001153 atrSma=0.000940 atrRatio=1.226 dir=SHORT spread=18.0 spreadOK=YES atrGate=PASS touch=PASS momCandle=ZERO_RANGE_BAR barRange=0.000000 minBarRange=0.000346 (0.30xATR) momClosePos=0.500(forced) momOk=N ema50Ok=Y barRange=0.000000 zeroRangeBar=YES trigger=NO hasPos=NO portRisk=0.00% openPos=0 | 1.160330
OR	0	13:30:02.131	Cazyxio_v4.1 (EURUSD,M15)	2026.03.05 20:30:02 | GATE_FAIL | EURUSD | Zero-range bar FAIL (v4.1 fix). barRange=0.000000 < minBarRange=0.000346 (0.30x ATR). Doji/flat bar excluded from momentum evaluation.
GF	0	13:30:02.380	Cazyxio_v4.1 (EURUSD,M15)	2026.03.05 20:30:02 | BAR | USDJPY | close=157.487 h4ema200=155.776 h4slope=UP ema50=157.521 atr=0.119214 atrSma=0.116099 atrRatio=1.027 dir=LONG spread=17.0 spreadOK=YES atrGate=PASS touch=PASS momCandle=ZERO_RANGE_BAR barRange=0.000000 minBarRange=0.035764 (0.30xATR) momClosePos=0.500(forced) momOk=N ema50Ok=Y barRange=0.000000 zeroRangeBar=YES trigger=NO hasPos=NO portRisk=0.00% openPos=0 | 157.487000
RN	0	13:30:02.380	Cazyxio_v4.1 (EURUSD,M15)	2026.03.05 20:30:02 | GATE_FAIL | USDJPY | Zero-range bar FAIL (v4.1 fix). barRange=0.000000 < minBarRange=0.035764 (0.30x ATR). Doji/flat bar excluded from momentum evaluation.
KR	0	13:30:02.380	Cazyxio_v4.1 (EURUSD,M15)	2026.03.05 20:30:02 | BAR | AUDUSD | close=0.70029 h4ema200=0.69911 h4slope=UP ema50=0.70140 atr=0.001070 atrSma=0.000955 atrRatio=1.120 dir=LONG spread=17.0 spreadOK=YES atrGate=PASS touch=FAIL momCandle=ZERO_RANGE_BAR barRange=0.000000 minBarRange=0.000321 (0.30xATR) momClosePos=0.500(forced) momOk=N ema50Ok=Y barRange=0.000000 zeroRangeBar=YES trigger=NO hasPos=NO portRisk=0.00% openPos=0 | 0.700290
LH	0	13:30:02.380	Cazyxio_v4.1 (EURUSD,M15)	2026.03.05 20:30:02 | GATE_FAIL | AUDUSD | Touch/pullback gate FAIL. Price has not approached EMA50 within last 12 bars (within 0.60 ATR). v4.1 tolerance=0.60x (tightened from v4.0 1.00x).
IH	0	13:30:02.380	Cazyxio_v4.1 (EURUSD,M15)	2026.03.05 20:30:02 | BAR | GBPJPY | close=210.324 h4ema200=210.347 h4slope=DOWN ema50=210.097 atr=0.140500 atrSma=0.153846 atrRatio=0.913 dir=SHORT spread=37.0 spreadOK=NO atrGate=PASS touch=FAIL momCandle=ZERO_RANGE_BAR barRange=0.000000 minBarRange=0.042150 (0.30xATR) momClosePos=0.500(forced) momOk=N ema50Ok=Y barRange=0.000000 zeroRangeBar=YES trigger=NO hasPos=NO portRisk=0.00% openPos=0 | 210.324000
KP	0	13:30:02.380	Cazyxio_v4.1 (EURUSD,M15)	2026.03.05 20:30:02 | GATE_FAIL | GBPJPY | Spread too wide. Spread=37.0 Max=30 points.
RM	0	13:30:02.380	Cazyxio_v4.1 (EURUSD,M15)	2026.03.05 20:30:02 | BAR | USDCAD | close=1.36717 h4ema200=1.36859 h4slope=DOWN ema50=1.36699 atr=0.001103 atrSma=0.000927 atrRatio=1.190 dir=SHORT spread=25.0 spreadOK=YES atrGate=PASS touch=PASS momCandle=ZERO_RANGE_BAR barRange=0.000000 minBarRange=0.000331 (0.30xATR) momClosePos=0.500(forced) momOk=N ema50Ok=Y barRange=0.000000 zeroRangeBar=YES trigger=NO hasPos=NO portRisk=0.00% openPos=0 | 1.367170
QJ	0	13:30:02.380	Cazyxio_v4.1 (EURUSD,M15)	2026.03.05 20:30:02 | GATE_FAIL | USDCAD | Zero-range bar FAIL (v4.1 fix). barRange=0.000000 < minBarRange=0.000331 (0.30x ATR). Doji/flat bar excluded from momentum evaluation.
PP	0	13:30:22.151	Cazyxio_v4.1 (EURUSD,M15)	2026.03.05 20:30:22 | HEARTBEAT | SYSTEM | EA alive. Tick=110600 Equity=45490.80 OpenPos=0 UTC=2026.03.05 20:30 DayOfWeek=4 WeekendCloseActive=NO NewTradeBlocked=YES | 110600.000000
OL	0	13:31:04.816	Cazyxio_v4.1 (EURUSD,M15)	2026.03.05 20:31:04 | HEARTBEAT | SYSTEM | EA alive. Tick=110700 Equity=45490.80 OpenPos=0 UTC=2026.03.05 20:31 DayOfWeek=4 WeekendCloseActive=NO NewTradeBlocked=YES | 110700.000000
HI	0	13:31:53.844	Cazyxio_v4.1 (EURUSD,M15)	2026.03.05 20:31:53 | HEARTBEAT | SYSTEM | EA alive. Tick=110800 Equity=45490.80 OpenPos=0 UTC=2026.03.05 20:31 DayOfWeek=4 WeekendCloseActive=NO NewTradeBlocked=YES | 110800.000000
PE	0	13:32:38.669	Cazyxio_v4.1 (EURUSD,M15)	2026.03.05 20:32:38 | HEARTBEAT | SYSTEM | EA alive. Tick=110900 Equity=45490.80 OpenPos=0 UTC=2026.03.05 20:32 DayOfWeek=4 WeekendCloseActive=NO NewTradeBlocked=YES | 110900.000000
HQ	0	13:33:27.035	Cazyxio_v4.1 (EURUSD,M15)	2026.03.05 20:33:27 | HEARTBEAT | SYSTEM | EA alive. Tick=111000 Equity=45490.80 OpenPos=0 UTC=2026.03.05 20:33 DayOfWeek=4 WeekendCloseActive=NO NewTradeBlocked=YES | 111000.000000
FR	0	13:34:06.379	Cazyxio_v4.1 (EURUSD,M15)	2026.03.05 20:34:06 | HEARTBEAT | SYSTEM | EA alive. Tick=111100 Equity=45490.80 OpenPos=0 UTC=2026.03.05 20:34 DayOfWeek=4 WeekendCloseActive=NO NewTradeBlocked=YES | 111100.000000
EN	0	13:34:48.266	Cazyxio_v4.1 (EURUSD,M15)	2026.03.05 20:34:48 | HEARTBEAT | SYSTEM | EA alive. Tick=111200 Equity=45490.80 OpenPos=0 UTC=2026.03.05 20:34 DayOfWeek=4 WeekendCloseActive=NO NewTradeBlocked=YES | 111200.000000
NK	0	13:35:24.099	Cazyxio_v4.1 (EURUSD,M15)	2026.03.05 20:35:24 | HEARTBEAT | SYSTEM | EA alive. Tick=111300 Equity=45490.80 OpenPos=0 UTC=2026.03.05 20:35 DayOfWeek=4 WeekendCloseActive=NO NewTradeBlocked=YES | 111300.000000
OG	0	13:36:08.736	Cazyxio_v4.1 (EURUSD,M15)	2026.03.05 20:36:08 | HEARTBEAT | SYSTEM | EA alive. Tick=111400 Equity=45490.80 OpenPos=0 UTC=2026.03.05 20:36 DayOfWeek=4 WeekendCloseActive=NO NewTradeBlocked=YES | 111400.000000
DS	0	13:36:59.731	Cazyxio_v4.1 (EURUSD,M15)	2026.03.05 20:36:59 | HEARTBEAT | SYSTEM | EA alive. Tick=111500 Equity=45490.80 OpenPos=0 UTC=2026.03.05 20:36 DayOfWeek=4 WeekendCloseActive=NO NewTradeBlocked=YES | 111500.000000
GL	0	13:37:48.249	Cazyxio_v4.1 (EURUSD,M15)	2026.03.05 20:37:48 | HEARTBEAT | SYSTEM | EA alive. Tick=111600 Equity=45490.80 OpenPos=0 UTC=2026.03.05 20:37 DayOfWeek=4 WeekendCloseActive=NO NewTradeBlocked=YES | 111600.000000
IH	0	13:38:37.383	Cazyxio_v4.1 (EURUSD,M15)	2026.03.05 20:38:37 | HEARTBEAT | SYSTEM | EA alive. Tick=111700 Equity=45490.80 OpenPos=0 UTC=2026.03.05 20:38 DayOfWeek=4 WeekendCloseActive=NO NewTradeBlocked=YES | 111700.000000
OD	0	13:39:23.566	Cazyxio_v4.1 (EURUSD,M15)	2026.03.05 20:39:23 | HEARTBEAT | SYSTEM | EA alive. Tick=111800 Equity=45490.80 OpenPos=0 UTC=2026.03.05 20:39 DayOfWeek=4 WeekendCloseActive=NO NewTradeBlocked=YES | 111800.000000
NQ	0	13:40:12.622	Cazyxio_v4.1 (EURUSD,M15)	2026.03.05 20:40:12 | HEARTBEAT | SYSTEM | EA alive. Tick=111900 Equity=45490.80 OpenPos=0 UTC=2026.03.05 20:40 DayOfWeek=4 WeekendCloseActive=NO NewTradeBlocked=YES | 111900.000000
CM	0	13:41:00.406	Cazyxio_v4.1 (EURUSD,M15)	2026.03.05 20:41:00 | HEARTBEAT | SYSTEM | EA alive. Tick=112000 Equity=45490.80 OpenPos=0 UTC=2026.03.05 20:41 DayOfWeek=4 WeekendCloseActive=NO NewTradeBlocked=YES | 112000.000000
LN	0	13:41:48.144	Cazyxio_v4.1 (EURUSD,M15)	2026.03.05 20:41:48 | HEARTBEAT | SYSTEM | EA alive. Tick=112100 Equity=45490.80 OpenPos=0 UTC=2026.03.05 20:41 DayOfWeek=4 WeekendCloseActive=NO NewTradeBlocked=YES | 112100.000000
NJ	0	13:42:36.503	Cazyxio_v4.1 (EURUSD,M15)	2026.03.05 20:42:36 | HEARTBEAT | SYSTEM | EA alive. Tick=112200 Equity=45490.80 OpenPos=0 UTC=2026.03.05 20:42 DayOfWeek=4 WeekendCloseActive=NO NewTradeBlocked=YES | 112200.000000
JF	0	13:43:27.991	Cazyxio_v4.1 (EURUSD,M15)	2026.03.05 20:43:27 | HEARTBEAT | SYSTEM | EA alive. Tick=112300 Equity=45490.80 OpenPos=0 UTC=2026.03.05 20:43 DayOfWeek=4 WeekendCloseActive=NO NewTradeBlocked=YES | 112300.000000
JS	0	13:44:13.998	Cazyxio_v4.1 (EURUSD,M15)	2026.03.05 20:44:13 | HEARTBEAT | SYSTEM | EA alive. Tick=112400 Equity=45490.80 OpenPos=0 UTC=2026.03.05 20:44 DayOfWeek=4 WeekendCloseActive=NO NewTradeBlocked=YES | 112400.000000
GL	0	13:45:02.285	Cazyxio_v4.1 (EURUSD,M15)	2026.03.05 20:45:02 | BAR | GBPUSD | close=1.33561 h4ema200=1.35028 h4slope=DOWN ema50=1.33382 atr=0.001282 atrSma=0.001159 atrRatio=1.106 dir=SHORT spread=20.0 spreadOK=YES atrGate=PASS touch=PASS momCandle=ZERO_RANGE_BAR barRange=0.000000 minBarRange=0.000385 (0.30xATR) momClosePos=0.500(forced) momOk=N ema50Ok=Y barRange=0.000000 zeroRangeBar=YES trigger=NO hasPos=NO portRisk=0.00% openPos=0 | 1.335610
MK	0	13:45:02.285	Cazyxio_v4.1 (EURUSD,M15)	2026.03.05 20:45:02 | GATE_FAIL | GBPUSD | Zero-range bar FAIL (v4.1 fix). barRange=0.000000 < minBarRange=0.000385 (0.30x ATR). Doji/flat bar excluded from momentum evaluation.
RR	0	13:45:02.285	Cazyxio_v4.1 (EURUSD,M15)	2026.03.05 20:45:02 | BAR | EURUSD | close=1.16043 h4ema200=1.17643 h4slope=DOWN ema50=1.15957 atr=0.001122 atrSma=0.000945 atrRatio=1.187 dir=SHORT spread=15.0 spreadOK=YES atrGate=PASS touch=PASS momCandle=ZERO_RANGE_BAR barRange=0.000000 minBarRange=0.000337 (0.30xATR) momClosePos=0.500(forced) momOk=N ema50Ok=Y barRange=0.000000 zeroRangeBar=YES trigger=NO hasPos=NO portRisk=0.00% openPos=0 | 1.160430
QF	0	13:45:02.285	Cazyxio_v4.1 (EURUSD,M15)	2026.03.05 20:45:02 | GATE_FAIL | EURUSD | Zero-range bar FAIL (v4.1 fix). barRange=0.000000 < minBarRange=0.000337 (0.30x ATR). Doji/flat bar excluded from momentum evaluation.
JI	0	13:45:02.285	Cazyxio_v4.1 (EURUSD,M15)	2026.03.05 20:45:02 | BAR | GBPJPY | close=210.409 h4ema200=210.348 h4slope=DOWN ema50=210.113 atr=0.141214 atrSma=0.154005 atrRatio=0.917 dir=NONE spread=41.0 spreadOK=NO atrGate=PASS touch=FAIL momCandle= zeroRangeBar=NO trigger=NO hasPos=NO portRisk=0.00% openPos=0 | 210.409000
LN	0	13:45:02.285	Cazyxio_v4.1 (EURUSD,M15)	2026.03.05 20:45:02 | GATE_FAIL | GBPJPY | No directional bias. h4slope=DOWN closeNow=210.409 h4ema200=210.348. Need H4 slope + price on correct side of H4 EMA200.
QI	0	13:45:02.285	Cazyxio_v4.1 (EURUSD,M15)	2026.03.05 20:45:02 | BAR | USDCAD | close=1.36724 h4ema200=1.36859 h4slope=DOWN ema50=1.36701 atr=0.001061 atrSma=0.000930 atrRatio=1.140 dir=SHORT spread=25.0 spreadOK=YES atrGate=PASS touch=PASS momCandle=ZERO_RANGE_BAR barRange=0.000000 minBarRange=0.000318 (0.30xATR) momClosePos=0.500(forced) momOk=N ema50Ok=Y barRange=0.000000 zeroRangeBar=YES trigger=NO hasPos=NO portRisk=0.00% openPos=0 | 1.367240
DN	0	13:45:02.285	Cazyxio_v4.1 (EURUSD,M15)	2026.03.05 20:45:02 | GATE_FAIL | USDCAD | Zero-range bar FAIL (v4.1 fix). barRange=0.000000 < minBarRange=0.000318 (0.30x ATR). Doji/flat bar excluded from momentum evaluation.
HR	0	13:45:02.531	Cazyxio_v4.1 (EURUSD,M15)	2026.03.05 20:45:02 | BAR | USDJPY | close=157.533 h4ema200=155.777 h4slope=UP ema50=157.523 atr=0.118286 atrSma=0.116391 atrRatio=1.016 dir=LONG spread=17.0 spreadOK=YES atrGate=PASS touch=PASS momCandle=ZERO_RANGE_BAR barRange=0.000000 minBarRange=0.035486 (0.30xATR) momClosePos=0.500(forced) momOk=N ema50Ok=Y barRange=0.000000 zeroRangeBar=YES trigger=NO hasPos=NO portRisk=0.00% openPos=0 | 157.533000
EK	0	13:45:02.531	Cazyxio_v4.1 (EURUSD,M15)	2026.03.05 20:45:02 | GATE_FAIL | USDJPY | Zero-range bar FAIL (v4.1 fix). barRange=0.000000 < minBarRange=0.035486 (0.30x ATR). Doji/flat bar excluded from momentum evaluation.
HO	0	13:45:02.531	Cazyxio_v4.1 (EURUSD,M15)	2026.03.05 20:45:02 | BAR | AUDUSD | close=0.70084 h4ema200=0.69912 h4slope=UP ema50=0.70139 atr=0.001072 atrSma=0.000960 atrRatio=1.117 dir=LONG spread=19.0 spreadOK=YES atrGate=PASS touch=PASS momCandle=ZERO_RANGE_BAR barRange=0.000000 minBarRange=0.000322 (0.30xATR) momClosePos=0.500(forced) momOk=N ema50Ok=Y barRange=0.000000 zeroRangeBar=YES trigger=NO hasPos=NO portRisk=0.00% openPos=0 | 0.700840
MF	0	13:45:02.531	Cazyxio_v4.1 (EURUSD,M15)	2026.03.05 20:45:02 | GATE_FAIL | AUDUSD | Zero-range bar FAIL (v4.1 fix). barRange=0.000000 < minBarRange=0.000322 (0.30x ATR). Doji/flat bar excluded from momentum evaluation.
LE	0	13:45:11.250	Cazyxio_v4.1 (EURUSD,M15)	2026.03.05 20:45:11 | HEARTBEAT | SYSTEM | EA alive. Tick=112500 Equity=45490.80 OpenPos=0 UTC=2026.03.05 20:45 DayOfWeek=4 WeekendCloseActive=NO NewTradeBlocked=YES | 112500.000000
EQ	0	13:46:01.665	Cazyxio_v4.1 (EURUSD,M15)	2026.03.05 20:46:01 | HEARTBEAT | SYSTEM | EA alive. Tick=112600 Equity=45490.80 OpenPos=0 UTC=2026.03.05 20:46 DayOfWeek=4 WeekendCloseActive=NO NewTradeBlocked=YES | 112600.000000
FM	0	13:47:12.650	Cazyxio_v4.1 (EURUSD,M15)	2026.03.05 20:47:12 | HEARTBEAT | SYSTEM | EA alive. Tick=112700 Equity=45490.80 OpenPos=0 UTC=2026.03.05 20:47 DayOfWeek=4 WeekendCloseActive=NO NewTradeBlocked=YES | 112700.000000
RN	0	13:48:22.758	Cazyxio_v4.1 (EURUSD,M15)	2026.03.05 20:48:22 | HEARTBEAT | SYSTEM | EA alive. Tick=112800 Equity=45490.80 OpenPos=0 UTC=2026.03.05 20:48 DayOfWeek=4 WeekendCloseActive=NO NewTradeBlocked=YES | 112800.000000
OJ	0	13:49:18.341	Cazyxio_v4.1 (EURUSD,M15)	2026.03.05 20:49:18 | HEARTBEAT | SYSTEM | EA alive. Tick=112900 Equity=45490.80 OpenPos=0 UTC=2026.03.05 20:49 DayOfWeek=4 WeekendCloseActive=NO NewTradeBlocked=YES | 112900.000000
RG	0	13:50:06.997	Cazyxio_v4.1 (EURUSD,M15)	2026.03.05 20:50:06 | HEARTBEAT | SYSTEM | EA alive. Tick=113000 Equity=45490.80 OpenPos=0 UTC=2026.03.05 20:50 DayOfWeek=4 WeekendCloseActive=NO NewTradeBlocked=YES | 113000.000000
LS	0	13:50:44.698	Cazyxio_v4.1 (EURUSD,M15)	2026.03.05 20:50:44 | HEARTBEAT | SYSTEM | EA alive. Tick=113100 Equity=45490.80 OpenPos=0 UTC=2026.03.05 20:50 DayOfWeek=4 WeekendCloseActive=NO NewTradeBlocked=YES | 113100.000000
OO	0	13:51:24.900	Cazyxio_v4.1 (EURUSD,M15)	2026.03.05 20:51:24 | HEARTBEAT | SYSTEM | EA alive. Tick=113200 Equity=45490.80 OpenPos=0 UTC=2026.03.05 20:51 DayOfWeek=4 WeekendCloseActive=NO NewTradeBlocked=YES | 113200.000000
HH	0	13:52:06.782	Cazyxio_v4.1 (EURUSD,M15)	2026.03.05 20:52:06 | HEARTBEAT | SYSTEM | EA alive. Tick=113300 Equity=45490.80 OpenPos=0 UTC=2026.03.05 20:52 DayOfWeek=4 WeekendCloseActive=NO NewTradeBlocked=YES | 113300.000000
OD	0	13:53:00.690	Cazyxio_v4.1 (EURUSD,M15)	2026.03.05 20:53:00 | HEARTBEAT | SYSTEM | EA alive. Tick=113400 Equity=45490.80 OpenPos=0 UTC=2026.03.05 20:53 DayOfWeek=4 WeekendCloseActive=NO NewTradeBlocked=YES | 113400.000000
HP	0	13:53:57.321	Cazyxio_v4.1 (EURUSD,M15)	2026.03.05 20:53:57 | HEARTBEAT | SYSTEM | EA alive. Tick=113500 Equity=45490.80 OpenPos=0 UTC=2026.03.05 20:53 DayOfWeek=4 WeekendCloseActive=NO NewTradeBlocked=YES | 113500.000000
NM	0	13:54:58.939	Cazyxio_v4.1 (EURUSD,M15)	2026.03.05 20:54:58 | HEARTBEAT | SYSTEM | EA alive. Tick=113600 Equity=45490.80 OpenPos=0 UTC=2026.03.05 20:54 DayOfWeek=4 WeekendCloseActive=NO NewTradeBlocked=YES | 113600.000000
NI	0	13:55:34.738	Cazyxio_v4.1 (EURUSD,M15)	2026.03.05 20:55:34 | HEARTBEAT | SYSTEM | EA alive. Tick=113700 Equity=45490.80 OpenPos=0 UTC=2026.03.05 20:55 DayOfWeek=4 WeekendCloseActive=NO NewTradeBlocked=YES | 113700.000000
RJ	0	13:56:38.111	Cazyxio_v4.1 (EURUSD,M15)	2026.03.05 20:56:38 | HEARTBEAT | SYSTEM | EA alive. Tick=113800 Equity=45490.80 OpenPos=0 UTC=2026.03.05 20:56 DayOfWeek=4 WeekendCloseActive=NO NewTradeBlocked=YES | 113800.000000
NF	0	13:57:36.147	Cazyxio_v4.1 (EURUSD,M15)	2026.03.05 20:57:36 | HEARTBEAT | SYSTEM | EA alive. Tick=113900 Equity=45490.80 OpenPos=0 UTC=2026.03.05 20:57 DayOfWeek=4 WeekendCloseActive=NO NewTradeBlocked=YES | 113900.000000
OR	0	13:58:30.176	Cazyxio_v4.1 (EURUSD,M15)	2026.03.05 20:58:30 | HEARTBEAT | SYSTEM | EA alive. Tick=114000 Equity=45490.80 OpenPos=0 UTC=2026.03.05 20:58 DayOfWeek=4 WeekendCloseActive=NO NewTradeBlocked=YES | 114000.000000
FO	0	13:59:12.198	Cazyxio_v4.1 (EURUSD,M15)	2026.03.05 20:59:12 | HEARTBEAT | SYSTEM | EA alive. Tick=114100 Equity=45490.80 OpenPos=0 UTC=2026.03.05 20:59 DayOfWeek=4 WeekendCloseActive=NO NewTradeBlocked=YES | 114100.000000
LK	0	13:59:58.033	Cazyxio_v4.1 (EURUSD,M15)	2026.03.05 20:59:58 | HEARTBEAT | SYSTEM | EA alive. Tick=114200 Equity=45490.80 OpenPos=0 UTC=2026.03.05 20:59 DayOfWeek=4 WeekendCloseActive=NO NewTradeBlocked=YES | 114200.000000
EJ	0	14:00:00.063	Cazyxio_v4.1 (EURUSD,M15)	2026.03.05 21:00:00 | SESSION_WAIT | SYSTEM | Outside session. UTC_hour=21 Sessions: 7:00-17:00 and 12:00-21:00 UTC. Waiting.
GI	0	14:00:36.921	Cazyxio_v4.1 (EURUSD,M15)	2026.03.05 21:00:36 | HEARTBEAT | SYSTEM | EA alive. Tick=114300 Equity=45490.80 OpenPos=0 UTC=2026.03.05 21:00 DayOfWeek=4 WeekendCloseActive=NO NewTradeBlocked=YES | 114300.000000
NE	0	14:01:21.381	Cazyxio_v4.1 (EURUSD,M15)	2026.03.05 21:01:21 | HEARTBEAT | SYSTEM | EA alive. Tick=114400 Equity=45490.80 OpenPos=0 UTC=2026.03.05 21:01 DayOfWeek=4 WeekendCloseActive=NO NewTradeBlocked=YES | 114400.000000
QF	0	14:02:26.754	Cazyxio_v4.1 (EURUSD,M15)	2026.03.05 21:02:26 | HEARTBEAT | SYSTEM | EA alive. Tick=114500 Equity=45490.80 OpenPos=0 UTC=2026.03.05 21:02 DayOfWeek=4 WeekendCloseActive=NO NewTradeBlocked=YES | 114500.000000
PR	0	14:03:50.277	Cazyxio_v4.1 (EURUSD,M15)	2026.03.05 21:03:50 | HEARTBEAT | SYSTEM | EA alive. Tick=114600 Equity=45490.80 OpenPos=0 UTC=2026.03.05 21:03 DayOfWeek=4 WeekendCloseActive=NO NewTradeBlocked=YES | 114600.000000
IN	0	14:05:13.984	Cazyxio_v4.1 (EURUSD,M15)	2026.03.05 21:05:13 | HEARTBEAT | SYSTEM | EA alive. Tick=114700 Equity=45490.80 OpenPos=0 UTC=2026.03.05 21:05 DayOfWeek=4 WeekendCloseActive=NO NewTradeBlocked=YES | 114700.000000
JK	0	14:06:13.595	Cazyxio_v4.1 (EURUSD,M15)	2026.03.05 21:06:13 | HEARTBEAT | SYSTEM | EA alive. Tick=114800 Equity=45490.80 OpenPos=0 UTC=2026.03.05 21:06 DayOfWeek=4 WeekendCloseActive=NO NewTradeBlocked=YES | 114800.000000
FG	0	14:07:25.314	Cazyxio_v4.1 (EURUSD,M15)	2026.03.05 21:07:25 | HEARTBEAT | SYSTEM | EA alive. Tick=114900 Equity=45490.80 OpenPos=0 UTC=2026.03.05 21:07 DayOfWeek=4 WeekendCloseActive=NO NewTradeBlocked=YES | 114900.000000
FS	0	14:09:13.592	Cazyxio_v4.1 (EURUSD,M15)	2026.03.05 21:09:13 | HEARTBEAT | SYSTEM | EA alive. Tick=115000 Equity=45490.80 OpenPos=0 UTC=2026.03.05 21:09 DayOfWeek=4 WeekendCloseActive=NO NewTradeBlocked=YES | 115000.000000
LL	0	14:10:41.116	Cazyxio_v4.1 (EURUSD,M15)	2026.03.05 21:10:41 | HEARTBEAT | SYSTEM | EA alive. Tick=115100 Equity=45490.80 OpenPos=0 UTC=2026.03.05 21:10 DayOfWeek=4 WeekendCloseActive=NO NewTradeBlocked=YES | 115100.000000
OH	0	14:12:15.483	Cazyxio_v4.1 (EURUSD,M15)	2026.03.05 21:12:15 | HEARTBEAT | SYSTEM | EA alive. Tick=115200 Equity=45490.80 OpenPos=0 UTC=2026.03.05 21:12 DayOfWeek=4 WeekendCloseActive=NO NewTradeBlocked=YES | 115200.000000
LE	0	14:13:32.076	Cazyxio_v4.1 (EURUSD,M15)	2026.03.05 21:13:32 | HEARTBEAT | SYSTEM | EA alive. Tick=115300 Equity=45490.80 OpenPos=0 UTC=2026.03.05 21:13 DayOfWeek=4 WeekendCloseActive=NO NewTradeBlocked=YES | 115300.000000
NQ	0	14:16:13.734	Cazyxio_v4.1 (EURUSD,M15)	2026.03.05 21:16:13 | HEARTBEAT | SYSTEM | EA alive. Tick=115400 Equity=45490.80 OpenPos=0 UTC=2026.03.05 21:16 DayOfWeek=4 WeekendCloseActive=NO NewTradeBlocked=YES | 115400.000000
NM	0	14:19:50.140	Cazyxio_v4.1 (EURUSD,M15)	2026.03.05 21:19:50 | HEARTBEAT | SYSTEM | EA alive. Tick=115500 Equity=45490.80 OpenPos=0 UTC=2026.03.05 21:19 DayOfWeek=4 WeekendCloseActive=NO NewTradeBlocked=YES | 115500.000000
EN	0	14:23:01.193	Cazyxio_v4.1 (EURUSD,M15)	2026.03.05 21:23:01 | HEARTBEAT | SYSTEM | EA alive. Tick=115600 Equity=45490.80 OpenPos=0 UTC=2026.03.05 21:23 DayOfWeek=4 WeekendCloseActive=NO NewTradeBlocked=YES | 115600.000000
MJ	0	14:24:29.538	Cazyxio_v4.1 (EURUSD,M15)	2026.03.05 21:24:29 | HEARTBEAT | SYSTEM | EA alive. Tick=115700 Equity=45490.80 OpenPos=0 UTC=2026.03.05 21:24 DayOfWeek=4 WeekendCloseActive=NO NewTradeBlocked=YES | 115700.000000
KF	0	14:25:49.193	Cazyxio_v4.1 (EURUSD,M15)	2026.03.05 21:25:49 | HEARTBEAT | SYSTEM | EA alive. Tick=115800 Equity=45490.80 OpenPos=0 UTC=2026.03.05 21:25 DayOfWeek=4 WeekendCloseActive=NO NewTradeBlocked=YES | 115800.000000
RS	0	14:28:50.748	Cazyxio_v4.1 (EURUSD,M15)	2026.03.05 21:28:50 | HEARTBEAT | SYSTEM | EA alive. Tick=115900 Equity=45490.80 OpenPos=0 UTC=2026.03.05 21:28 DayOfWeek=4 WeekendCloseActive=NO NewTradeBlocked=YES | 115900.000000
HO	0	14:30:01.204	Cazyxio_v4.1 (EURUSD,M15)	2026.03.05 21:30:01 | HEARTBEAT | SYSTEM | EA alive. Tick=116000 Equity=45490.80 OpenPos=0 UTC=2026.03.05 21:30 DayOfWeek=4 WeekendCloseActive=NO NewTradeBlocked=YES | 116000.000000
DH	0	14:31:51.889	Cazyxio_v4.1 (EURUSD,M15)	2026.03.05 21:31:51 | HEARTBEAT | SYSTEM | EA alive. Tick=116100 Equity=45490.80 OpenPos=0 UTC=2026.03.05 21:31 DayOfWeek=4 WeekendCloseActive=NO NewTradeBlocked=YES | 116100.000000
PD	0	14:33:37.111	Cazyxio_v4.1 (EURUSD,M15)	2026.03.05 21:33:37 | HEARTBEAT | SYSTEM | EA alive. Tick=116200 Equity=45490.80 OpenPos=0 UTC=2026.03.05 21:33 DayOfWeek=4 WeekendCloseActive=NO NewTradeBlocked=YES | 116200.000000
MP	0	14:37:13.118	Cazyxio_v4.1 (EURUSD,M15)	2026.03.05 21:37:13 | HEARTBEAT | SYSTEM | EA alive. Tick=116300 Equity=45490.80 OpenPos=0 UTC=2026.03.05 21:37 DayOfWeek=4 WeekendCloseActive=NO NewTradeBlocked=YES | 116300.000000
QM	0	14:39:24.286	Cazyxio_v4.1 (EURUSD,M15)	2026.03.05 21:39:24 | HEARTBEAT | SYSTEM | EA alive. Tick=116400 Equity=45490.80 OpenPos=0 UTC=2026.03.05 21:39 DayOfWeek=4 WeekendCloseActive=NO NewTradeBlocked=YES | 116400.000000
GI	0	14:42:06.303	Cazyxio_v4.1 (EURUSD,M15)	2026.03.05 21:42:06 | HEARTBEAT | SYSTEM | EA alive. Tick=116500 Equity=45490.80 OpenPos=0 UTC=2026.03.05 21:42 DayOfWeek=4 WeekendCloseActive=NO NewTradeBlocked=YES | 116500.000000
EE	0	14:44:02.314	Cazyxio_v4.1 (EURUSD,M15)	2026.03.05 21:44:02 | HEARTBEAT | SYSTEM | EA alive. Tick=116600 Equity=45490.80 OpenPos=0 UTC=2026.03.05 21:44 DayOfWeek=4 WeekendCloseActive=NO NewTradeBlocked=YES | 116600.000000
GF	0	14:45:31.803	Cazyxio_v4.1 (EURUSD,M15)	2026.03.05 21:45:31 | HEARTBEAT | SYSTEM | EA alive. Tick=116700 Equity=45490.80 OpenPos=0 UTC=2026.03.05 21:45 DayOfWeek=4 WeekendCloseActive=NO NewTradeBlocked=YES | 116700.000000
IR	0	14:46:38.015	Cazyxio_v4.1 (EURUSD,M15)	2026.03.05 21:46:38 | HEARTBEAT | SYSTEM | EA alive. Tick=116800 Equity=45490.80 OpenPos=0 UTC=2026.03.05 21:46 DayOfWeek=4 WeekendCloseActive=NO NewTradeBlocked=YES | 116800.000000
JO	0	14:48:09.735	Cazyxio_v4.1 (EURUSD,M15)	2026.03.05 21:48:09 | HEARTBEAT | SYSTEM | EA alive. Tick=116900 Equity=45490.80 OpenPos=0 UTC=2026.03.05 21:48 DayOfWeek=4 WeekendCloseActive=NO NewTradeBlocked=YES | 116900.000000
MK	0	14:49:22.856	Cazyxio_v4.1 (EURUSD,M15)	2026.03.05 21:49:22 | HEARTBEAT | SYSTEM | EA alive. Tick=117000 Equity=45490.80 OpenPos=0 UTC=2026.03.05 21:49 DayOfWeek=4 WeekendCloseActive=NO NewTradeBlocked=YES | 117000.000000
HG	0	14:51:00.272	Cazyxio_v4.1 (EURUSD,M15)	2026.03.05 21:51:00 | HEARTBEAT | SYSTEM | EA alive. Tick=117100 Equity=45490.80 OpenPos=0 UTC=2026.03.05 21:51 DayOfWeek=4 WeekendCloseActive=NO NewTradeBlocked=YES | 117100.000000
LP	0	14:52:23.699	Cazyxio_v4.1 (EURUSD,M15)	2026.03.05 21:52:23 | HEARTBEAT | SYSTEM | EA alive. Tick=117200 Equity=45490.80 OpenPos=0 UTC=2026.03.05 21:52 DayOfWeek=4 WeekendCloseActive=NO NewTradeBlocked=YES | 117200.000000
DL	0	14:53:47.014	Cazyxio_v4.1 (EURUSD,M15)	2026.03.05 21:53:47 | HEARTBEAT | SYSTEM | EA alive. Tick=117300 Equity=45490.80 OpenPos=0 UTC=2026.03.05 21:53 DayOfWeek=4 WeekendCloseActive=NO NewTradeBlocked=YES | 117300.000000
IH	0	14:55:01.637	Cazyxio_v4.1 (EURUSD,M15)	2026.03.05 21:55:01 | HEARTBEAT | SYSTEM | EA alive. Tick=117400 Equity=45490.80 OpenPos=0 UTC=2026.03.05 21:55 DayOfWeek=4 WeekendCloseActive=NO NewTradeBlocked=YES | 117400.000000
KE	0	14:56:24.746	Cazyxio_v4.1 (EURUSD,M15)	2026.03.05 21:56:24 | HEARTBEAT | SYSTEM | EA alive. Tick=117500 Equity=45490.80 OpenPos=0 UTC=2026.03.05 21:56 DayOfWeek=4 WeekendCloseActive=NO NewTradeBlocked=YES | 117500.000000
DQ	0	14:58:06.396	Cazyxio_v4.1 (EURUSD,M15)	2026.03.05 21:58:06 | HEARTBEAT | SYSTEM | EA alive. Tick=117600 Equity=45490.80 OpenPos=0 UTC=2026.03.05 21:58 DayOfWeek=4 WeekendCloseActive=NO NewTradeBlocked=YES | 117600.000000
JR	0	14:59:16.661	Cazyxio_v4.1 (EURUSD,M15)	2026.03.05 21:59:16 | HEARTBEAT | SYSTEM | EA alive. Tick=117700 Equity=45490.80 OpenPos=0 UTC=2026.03.05 21:59 DayOfWeek=4 WeekendCloseActive=NO NewTradeBlocked=YES | 117700.000000
KQ	0	15:00:02.036	Cazyxio_v4.1 (EURUSD,M15)	2026.03.05 22:00:02 | DAILY_GUARD_RESET | SYSTEM | New trading day. StartEquity=45490.80 MaxDailyLossPct=2.00 | 45490.800000
JN	0	15:00:02.036	Cazyxio_v4.1 (EURUSD,M15)	2026.03.05 22:00:02 | SESSION_WAIT | SYSTEM | Outside session. UTC_hour=22 Sessions: 7:00-17:00 and 12:00-21:00 UTC. Waiting.
FE	0	15:08:54.321	Cazyxio_v4.1 (EURUSD,M15)	2026.03.05 22:08:54 | HEARTBEAT | SYSTEM | EA alive. Tick=117800 Equity=45490.80 OpenPos=0 UTC=2026.03.05 22:08 DayOfWeek=4 WeekendCloseActive=NO NewTradeBlocked=YES | 117800.000000
EQ	0	15:11:03.690	Cazyxio_v4.1 (EURUSD,M15)	2026.03.05 22:11:03 | HEARTBEAT | SYSTEM | EA alive. Tick=117900 Equity=45490.80 OpenPos=0 UTC=2026.03.05 22:11 DayOfWeek=4 WeekendCloseActive=NO NewTradeBlocked=YES | 117900.000000
HM	0	15:12:42.634	Cazyxio_v4.1 (EURUSD,M15)	2026.03.05 22:12:42 | HEARTBEAT | SYSTEM | EA alive. Tick=118000 Equity=45490.80 OpenPos=0 UTC=2026.03.05 22:12 DayOfWeek=4 WeekendCloseActive=NO NewTradeBlocked=YES | 118000.000000
JN	0	15:35:34.549	Cazyxio_v4.1 (EURUSD,M15)	2026.03.05 22:35:34 | HEARTBEAT | SYSTEM | EA alive. Tick=118100 Equity=45490.80 OpenPos=0 UTC=2026.03.05 22:35 DayOfWeek=4 WeekendCloseActive=NO NewTradeBlocked=YES | 118100.000000
HJ	0	15:47:43.252	Cazyxio_v4.1 (EURUSD,M15)	2026.03.05 22:47:43 | HEARTBEAT | SYSTEM | EA alive. Tick=118200 Equity=45490.80 OpenPos=0 UTC=2026.03.05 22:47 DayOfWeek=4 WeekendCloseActive=NO NewTradeBlocked=YES | 118200.000000
GF	0	15:56:36.406	Cazyxio_v4.1 (EURUSD,M15)	2026.03.05 22:56:36 | HEARTBEAT | SYSTEM | EA alive. Tick=118300 Equity=45490.80 OpenPos=0 UTC=2026.03.05 22:56 DayOfWeek=4 WeekendCloseActive=NO NewTradeBlocked=YES | 118300.000000
MN	0	16:00:00.243	Cazyxio_v4.1 (EURUSD,M15)	2026.03.05 23:00:00 | SESSION_WAIT | SYSTEM | Outside session. UTC_hour=23 Sessions: 7:00-17:00 and 12:00-21:00 UTC. Waiting.
GD	0	16:01:41.465	Cazyxio_v4.1 (EURUSD,M15)	2026.03.05 23:01:41 | HEARTBEAT | SYSTEM | EA alive. Tick=118400 Equity=45490.80 OpenPos=0 UTC=2026.03.05 23:01 DayOfWeek=4 WeekendCloseActive=NO NewTradeBlocked=YES | 118400.000000
OQ	0	16:04:14.819	Cazyxio_v4.1 (EURUSD,M15)	2026.03.05 23:04:14 | HEARTBEAT | SYSTEM | EA alive. Tick=118500 Equity=45490.80 OpenPos=0 UTC=2026.03.05 23:04 DayOfWeek=4 WeekendCloseActive=NO NewTradeBlocked=YES | 118500.000000
RM	0	16:07:07.644	Cazyxio_v4.1 (EURUSD,M15)	2026.03.05 23:07:07 | HEARTBEAT | SYSTEM | EA alive. Tick=118600 Equity=45490.80 OpenPos=0 UTC=2026.03.05 23:07 DayOfWeek=4 WeekendCloseActive=NO NewTradeBlocked=YES | 118600.000000
HI	0	16:12:45.417	Cazyxio_v4.1 (EURUSD,M15)	2026.03.05 23:12:45 | HEARTBEAT | SYSTEM | EA alive. Tick=118700 Equity=45490.80 OpenPos=0 UTC=2026.03.05 23:12 DayOfWeek=4 WeekendCloseActive=NO NewTradeBlocked=YES | 118700.000000
HJ	0	16:16:30.888	Cazyxio_v4.1 (EURUSD,M15)	2026.03.05 23:16:30 | HEARTBEAT | SYSTEM | EA alive. Tick=118800 Equity=45490.80 OpenPos=0 UTC=2026.03.05 23:16 DayOfWeek=4 WeekendCloseActive=NO NewTradeBlocked=YES | 118800.000000
QF	0	16:23:25.249	Cazyxio_v4.1 (EURUSD,M15)	2026.03.05 23:23:25 | HEARTBEAT | SYSTEM | EA alive. Tick=118900 Equity=45490.80 OpenPos=0 UTC=2026.03.05 23:23 DayOfWeek=4 WeekendCloseActive=NO NewTradeBlocked=YES | 118900.000000
FR	0	16:26:16.166	Cazyxio_v4.1 (EURUSD,M15)	2026.03.05 23:26:16 | HEARTBEAT | SYSTEM | EA alive. Tick=119000 Equity=45490.80 OpenPos=0 UTC=2026.03.05 23:26 DayOfWeek=4 WeekendCloseActive=NO NewTradeBlocked=YES | 119000.000000
EO	0	16:29:16.036	Cazyxio_v4.1 (EURUSD,M15)	2026.03.05 23:29:16 | HEARTBEAT | SYSTEM | EA alive. Tick=119100 Equity=45490.80 OpenPos=0 UTC=2026.03.05 23:29 DayOfWeek=4 WeekendCloseActive=NO NewTradeBlocked=YES | 119100.000000
NK	0	16:31:44.795	Cazyxio_v4.1 (EURUSD,M15)	2026.03.05 23:31:44 | HEARTBEAT | SYSTEM | EA alive. Tick=119200 Equity=45490.80 OpenPos=0 UTC=2026.03.05 23:31 DayOfWeek=4 WeekendCloseActive=NO NewTradeBlocked=YES | 119200.000000
LD	0	16:34:46.363	Cazyxio_v4.1 (EURUSD,M15)	2026.03.05 23:34:46 | HEARTBEAT | SYSTEM | EA alive. Tick=119300 Equity=45490.80 OpenPos=0 UTC=2026.03.05 23:34 DayOfWeek=4 WeekendCloseActive=NO NewTradeBlocked=YES | 119300.000000
EP	0	16:38:18.421	Cazyxio_v4.1 (EURUSD,M15)	2026.03.05 23:38:18 | HEARTBEAT | SYSTEM | EA alive. Tick=119400 Equity=45490.80 OpenPos=0 UTC=2026.03.05 23:38 DayOfWeek=4 WeekendCloseActive=NO NewTradeBlocked=YES | 119400.000000
PL	0	16:41:48.408	Cazyxio_v4.1 (EURUSD,M15)	2026.03.05 23:41:48 | HEARTBEAT | SYSTEM | EA alive. Tick=119500 Equity=45490.80 OpenPos=0 UTC=2026.03.05 23:41 DayOfWeek=4 WeekendCloseActive=NO NewTradeBlocked=YES | 119500.000000
RI	0	16:45:13.488	Cazyxio_v4.1 (EURUSD,M15)	2026.03.05 23:45:13 | HEARTBEAT | SYSTEM | EA alive. Tick=119600 Equity=45490.80 OpenPos=0 UTC=2026.03.05 23:45 DayOfWeek=4 WeekendCloseActive=NO NewTradeBlocked=YES | 119600.000000
CE	0	16:47:45.641	Cazyxio_v4.1 (EURUSD,M15)	2026.03.05 23:47:45 | HEARTBEAT | SYSTEM | EA alive. Tick=119700 Equity=45490.80 OpenPos=0 UTC=2026.03.05 23:47 DayOfWeek=4 WeekendCloseActive=NO NewTradeBlocked=YES | 119700.000000
JQ	0	16:50:30.206	Cazyxio_v4.1 (EURUSD,M15)	2026.03.05 23:50:30 | HEARTBEAT | SYSTEM | EA alive. Tick=119800 Equity=45490.80 OpenPos=0 UTC=2026.03.05 23:50 DayOfWeek=4 WeekendCloseActive=NO NewTradeBlocked=YES | 119800.000000
QR	0	16:53:35.411	Cazyxio_v4.1 (EURUSD,M15)	2026.03.05 23:53:35 | HEARTBEAT | SYSTEM | EA alive. Tick=119900 Equity=45490.80 OpenPos=0 UTC=2026.03.05 23:53 DayOfWeek=4 WeekendCloseActive=NO NewTradeBlocked=YES | 119900.000000
ON	0	16:57:06.815	Cazyxio_v4.1 (EURUSD,M15)	2026.03.05 23:57:06 | HEARTBEAT | SYSTEM | EA alive. Tick=120000 Equity=45490.80 OpenPos=0 UTC=2026.03.05 23:57 DayOfWeek=4 WeekendCloseActive=NO NewTradeBlocked=YES | 120000.000000
RK	0	16:59:06.964	Cazyxio_v4.1 (EURUSD,M15)	2026.03.05 23:59:06 | HEARTBEAT | SYSTEM | EA alive. Tick=120100 Equity=45490.80 OpenPos=0 UTC=2026.03.05 23:59 DayOfWeek=4 WeekendCloseActive=NO NewTradeBlocked=YES | 120100.000000
PI	0	17:00:00.266	Cazyxio_v4.1 (EURUSD,M15)	2026.03.06 00:00:00 | SESSION_WAIT | SYSTEM | Outside session. UTC_hour=0 Sessions: 7:00-17:00 and 12:00-21:00 UTC. Waiting.
DH	0	17:00:27.267	Cazyxio_v4.1 (EURUSD,M15)	2026.03.06 00:00:27 | HEARTBEAT | SYSTEM | EA alive. Tick=120200 Equity=45490.80 OpenPos=0 UTC=2026.03.06 00:00 DayOfWeek=5 WeekendCloseActive=NO NewTradeBlocked=YES | 120200.000000
RE	0	17:01:33.161	Cazyxio_v4.1 (EURUSD,M15)	2026.03.06 00:01:33 | HEARTBEAT | SYSTEM | EA alive. Tick=120300 Equity=45490.80 OpenPos=0 UTC=2026.03.06 00:01 DayOfWeek=5 WeekendCloseActive=NO NewTradeBlocked=YES | 120300.000000
QQ	0	17:03:27.355	Cazyxio_v4.1 (EURUSD,M15)	2026.03.06 00:03:27 | HEARTBEAT | SYSTEM | EA alive. Tick=120400 Equity=45490.80 OpenPos=0 UTC=2026.03.06 00:03 DayOfWeek=5 WeekendCloseActive=NO NewTradeBlocked=YES | 120400.000000
OM	0	17:05:10.638	Cazyxio_v4.1 (EURUSD,M15)	2026.03.06 00:05:10 | HEARTBEAT | SYSTEM | EA alive. Tick=120500 Equity=45490.80 OpenPos=0 UTC=2026.03.06 00:05 DayOfWeek=5 WeekendCloseActive=NO NewTradeBlocked=YES | 120500.000000
IN	0	17:07:04.496	Cazyxio_v4.1 (EURUSD,M15)	2026.03.06 00:07:04 | HEARTBEAT | SYSTEM | EA alive. Tick=120600 Equity=45490.80 OpenPos=0 UTC=2026.03.06 00:07 DayOfWeek=5 WeekendCloseActive=NO NewTradeBlocked=YES | 120600.000000
FJ	0	17:09:24.684	Cazyxio_v4.1 (EURUSD,M15)	2026.03.06 00:09:24 | HEARTBEAT | SYSTEM | EA alive. Tick=120700 Equity=45490.80 OpenPos=0 UTC=2026.03.06 00:09 DayOfWeek=5 WeekendCloseActive=NO NewTradeBlocked=YES | 120700.000000
GF	0	17:12:21.908	Cazyxio_v4.1 (EURUSD,M15)	2026.03.06 00:12:21 | HEARTBEAT | SYSTEM | EA alive. Tick=120800 Equity=45490.80 OpenPos=0 UTC=2026.03.06 00:12 DayOfWeek=5 WeekendCloseActive=NO NewTradeBlocked=YES | 120800.000000
OS	0	17:14:40.306	Cazyxio_v4.1 (EURUSD,M15)	2026.03.06 00:14:40 | HEARTBEAT | SYSTEM | EA alive. Tick=120900 Equity=45490.80 OpenPos=0 UTC=2026.03.06 00:14 DayOfWeek=5 WeekendCloseActive=NO NewTradeBlocked=YES | 120900.000000
GO	0	17:17:19.563	Cazyxio_v4.1 (EURUSD,M15)	2026.03.06 00:17:19 | HEARTBEAT | SYSTEM | EA alive. Tick=121000 Equity=45490.80 OpenPos=0 UTC=2026.03.06 00:17 DayOfWeek=5 WeekendCloseActive=NO NewTradeBlocked=YES | 121000.000000
JH	0	17:18:49.655	Cazyxio_v4.1 (EURUSD,M15)	2026.03.06 00:18:49 | HEARTBEAT | SYSTEM | EA alive. Tick=121100 Equity=45490.80 OpenPos=0 UTC=2026.03.06 00:18 DayOfWeek=5 WeekendCloseActive=NO NewTradeBlocked=YES | 121100.000000
KD	0	17:20:23.756	Cazyxio_v4.1 (EURUSD,M15)	2026.03.06 00:20:23 | HEARTBEAT | SYSTEM | EA alive. Tick=121200 Equity=45490.80 OpenPos=0 UTC=2026.03.06 00:20 DayOfWeek=5 WeekendCloseActive=NO NewTradeBlocked=YES | 121200.000000
DP	0	17:22:16.151	Cazyxio_v4.1 (EURUSD,M15)	2026.03.06 00:22:16 | HEARTBEAT | SYSTEM | EA alive. Tick=121300 Equity=45490.80 OpenPos=0 UTC=2026.03.06 00:22 DayOfWeek=5 WeekendCloseActive=NO NewTradeBlocked=YES | 121300.000000
CM	0	17:23:46.946	Cazyxio_v4.1 (EURUSD,M15)	2026.03.06 00:23:46 | HEARTBEAT | SYSTEM | EA alive. Tick=121400 Equity=45490.80 OpenPos=0 UTC=2026.03.06 00:23 DayOfWeek=5 WeekendCloseActive=NO NewTradeBlocked=YES | 121400.000000
HI	0	17:25:08.255	Cazyxio_v4.1 (EURUSD,M15)	2026.03.06 00:25:08 | HEARTBEAT | SYSTEM | EA alive. Tick=121500 Equity=45490.80 OpenPos=0 UTC=2026.03.06 00:25 DayOfWeek=5 WeekendCloseActive=NO NewTradeBlocked=YES | 121500.000000
GE	0	17:27:35.623	Cazyxio_v4.1 (EURUSD,M15)	2026.03.06 00:27:35 | HEARTBEAT | SYSTEM | EA alive. Tick=121600 Equity=45490.80 OpenPos=0 UTC=2026.03.06 00:27 DayOfWeek=5 WeekendCloseActive=NO NewTradeBlocked=YES | 121600.000000
JF	0	17:30:25.769	Cazyxio_v4.1 (EURUSD,M15)	2026.03.06 00:30:25 | HEARTBEAT | SYSTEM | EA alive. Tick=121700 Equity=45490.80 OpenPos=0 UTC=2026.03.06 00:30 DayOfWeek=5 WeekendCloseActive=NO NewTradeBlocked=YES | 121700.000000
PR	0	17:32:15.817	Cazyxio_v4.1 (EURUSD,M15)	2026.03.06 00:32:15 | HEARTBEAT | SYSTEM | EA alive. Tick=121800 Equity=45490.80 OpenPos=0 UTC=2026.03.06 00:32 DayOfWeek=5 WeekendCloseActive=NO NewTradeBlocked=YES | 121800.000000
GO	0	17:34:12.874	Cazyxio_v4.1 (EURUSD,M15)	2026.03.06 00:34:12 | HEARTBEAT | SYSTEM | EA alive. Tick=121900 Equity=45490.80 OpenPos=0 UTC=2026.03.06 00:34 DayOfWeek=5 WeekendCloseActive=NO NewTradeBlocked=YES | 121900.000000
QK	0	17:36:13.243	Cazyxio_v4.1 (EURUSD,M15)	2026.03.06 00:36:13 | HEARTBEAT | SYSTEM | EA alive. Tick=122000 Equity=45490.80 OpenPos=0 UTC=2026.03.06 00:36 DayOfWeek=5 WeekendCloseActive=NO NewTradeBlocked=YES | 122000.000000
JG	0	17:38:39.866	Cazyxio_v4.1 (EURUSD,M15)	2026.03.06 00:38:39 | HEARTBEAT | SYSTEM | EA alive. Tick=122100 Equity=45490.80 OpenPos=0 UTC=2026.03.06 00:38 DayOfWeek=5 WeekendCloseActive=NO NewTradeBlocked=YES | 122100.000000
OP	0	17:41:34.003	Cazyxio_v4.1 (EURUSD,M15)	2026.03.06 00:41:34 | HEARTBEAT | SYSTEM | EA alive. Tick=122200 Equity=45490.80 OpenPos=0 UTC=2026.03.06 00:41 DayOfWeek=5 WeekendCloseActive=NO NewTradeBlocked=YES | 122200.000000
LL	0	17:44:18.845	Cazyxio_v4.1 (EURUSD,M15)	2026.03.06 00:44:18 | HEARTBEAT | SYSTEM | EA alive. Tick=122300 Equity=45490.80 OpenPos=0 UTC=2026.03.06 00:44 DayOfWeek=5 WeekendCloseActive=NO NewTradeBlocked=YES | 122300.000000
FH	0	17:46:30.043	Cazyxio_v4.1 (EURUSD,M15)	2026.03.06 00:46:30 | HEARTBEAT | SYSTEM | EA alive. Tick=122400 Equity=45490.80 OpenPos=0 UTC=2026.03.06 00:46 DayOfWeek=5 WeekendCloseActive=NO NewTradeBlocked=YES | 122400.000000
DE	0	17:48:25.661	Cazyxio_v4.1 (EURUSD,M15)	2026.03.06 00:48:25 | HEARTBEAT | SYSTEM | EA alive. Tick=122500 Equity=45490.80 OpenPos=0 UTC=2026.03.06 00:48 DayOfWeek=5 WeekendCloseActive=NO NewTradeBlocked=YES | 122500.000000
MQ	0	17:50:41.692	Cazyxio_v4.1 (EURUSD,M15)	2026.03.06 00:50:41 | HEARTBEAT | SYSTEM | EA alive. Tick=122600 Equity=45490.80 OpenPos=0 UTC=2026.03.06 00:50 DayOfWeek=5 WeekendCloseActive=NO NewTradeBlocked=YES | 122600.000000
RR	0	17:52:06.132	Cazyxio_v4.1 (EURUSD,M15)	2026.03.06 00:52:06 | HEARTBEAT | SYSTEM | EA alive. Tick=122700 Equity=45490.80 OpenPos=0 UTC=2026.03.06 00:52 DayOfWeek=5 WeekendCloseActive=NO NewTradeBlocked=YES | 122700.000000
DN	0	17:53:38.393	Cazyxio_v4.1 (EURUSD,M15)	2026.03.06 00:53:38 | HEARTBEAT | SYSTEM | EA alive. Tick=122800 Equity=45490.80 OpenPos=0 UTC=2026.03.06 00:53 DayOfWeek=5 WeekendCloseActive=NO NewTradeBlocked=YES | 122800.000000
DJ	0	17:54:52.224	Cazyxio_v4.1 (EURUSD,M15)	2026.03.06 00:54:52 | HEARTBEAT | SYSTEM | EA alive. Tick=122900 Equity=45490.80 OpenPos=0 UTC=2026.03.06 00:54 DayOfWeek=5 WeekendCloseActive=NO NewTradeBlocked=YES | 122900.000000
KG	0	17:55:47.310	Cazyxio_v4.1 (EURUSD,M15)	2026.03.06 00:55:47 | HEARTBEAT | SYSTEM | EA alive. Tick=123000 Equity=45490.80 OpenPos=0 UTC=2026.03.06 00:55 DayOfWeek=5 WeekendCloseActive=NO NewTradeBlocked=YES | 123000.000000
RS	0	17:57:12.519	Cazyxio_v4.1 (EURUSD,M15)	2026.03.06 00:57:12 | HEARTBEAT | SYSTEM | EA alive. Tick=123100 Equity=45490.80 OpenPos=0 UTC=2026.03.06 00:57 DayOfWeek=5 WeekendCloseActive=NO NewTradeBlocked=YES | 123100.000000
CO	0	17:58:40.694	Cazyxio_v4.1 (EURUSD,M15)	2026.03.06 00:58:40 | HEARTBEAT | SYSTEM | EA alive. Tick=123200 Equity=45490.80 OpenPos=0 UTC=2026.03.06 00:58 DayOfWeek=5 WeekendCloseActive=NO NewTradeBlocked=YES | 123200.000000
IF	0	18:00:00.532	Cazyxio_v4.1 (EURUSD,M15)	2026.03.06 01:00:00 | SESSION_WAIT | SYSTEM | Outside session. UTC_hour=1 Sessions: 7:00-17:00 and 12:00-21:00 UTC. Waiting.
MM	0	18:00:11.858	Cazyxio_v4.1 (EURUSD,M15)	2026.03.06 01:00:11 | HEARTBEAT | SYSTEM | EA alive. Tick=123300 Equity=45490.80 OpenPos=0 UTC=2026.03.06 01:00 DayOfWeek=5 WeekendCloseActive=NO NewTradeBlocked=YES | 123300.000000
LI	0	18:01:05.472	Cazyxio_v4.1 (EURUSD,M15)	2026.03.06 01:01:05 | HEARTBEAT | SYSTEM | EA alive. Tick=123400 Equity=45490.80 OpenPos=0 UTC=2026.03.06 01:01 DayOfWeek=5 WeekendCloseActive=NO NewTradeBlocked=YES | 123400.000000
GJ	0	18:02:18.454	Cazyxio_v4.1 (EURUSD,M15)	2026.03.06 01:02:18 | HEARTBEAT | SYSTEM | EA alive. Tick=123500 Equity=45490.80 OpenPos=0 UTC=2026.03.06 01:02 DayOfWeek=5 WeekendCloseActive=NO NewTradeBlocked=YES | 123500.000000
RF	0	18:03:33.199	Cazyxio_v4.1 (EURUSD,M15)	2026.03.06 01:03:33 | HEARTBEAT | SYSTEM | EA alive. Tick=123600 Equity=45490.80 OpenPos=0 UTC=2026.03.06 01:03 DayOfWeek=5 WeekendCloseActive=NO NewTradeBlocked=YES | 123600.000000
MS	0	18:05:24.383	Cazyxio_v4.1 (EURUSD,M15)	2026.03.06 01:05:24 | HEARTBEAT | SYSTEM | EA alive. Tick=123700 Equity=45490.80 OpenPos=0 UTC=2026.03.06 01:05 DayOfWeek=5 WeekendCloseActive=NO NewTradeBlocked=YES | 123700.000000
CO	0	18:06:49.722	Cazyxio_v4.1 (EURUSD,M15)	2026.03.06 01:06:49 | HEARTBEAT | SYSTEM | EA alive. Tick=123800 Equity=45490.80 OpenPos=0 UTC=2026.03.06 01:06 DayOfWeek=5 WeekendCloseActive=NO NewTradeBlocked=YES | 123800.000000
KK	0	18:08:18.391	Cazyxio_v4.1 (EURUSD,M15)	2026.03.06 01:08:18 | HEARTBEAT | SYSTEM | EA alive. Tick=123900 Equity=45490.80 OpenPos=0 UTC=2026.03.06 01:08 DayOfWeek=5 WeekendCloseActive=NO NewTradeBlocked=YES | 123900.000000
OD	0	18:10:03.585	Cazyxio_v4.1 (EURUSD,M15)	2026.03.06 01:10:03 | HEARTBEAT | SYSTEM | EA alive. Tick=124000 Equity=45490.80 OpenPos=0 UTC=2026.03.06 01:10 DayOfWeek=5 WeekendCloseActive=NO NewTradeBlocked=YES | 124000.000000
RP	0	18:12:34.245	Cazyxio_v4.1 (EURUSD,M15)	2026.03.06 01:12:34 | HEARTBEAT | SYSTEM | EA alive. Tick=124100 Equity=45490.80 OpenPos=0 UTC=2026.03.06 01:12 DayOfWeek=5 WeekendCloseActive=NO NewTradeBlocked=YES | 124100.000000
NL	0	18:15:05.732	Cazyxio_v4.1 (EURUSD,M15)	2026.03.06 01:15:05 | HEARTBEAT | SYSTEM | EA alive. Tick=124200 Equity=45490.80 OpenPos=0 UTC=2026.03.06 01:15 DayOfWeek=5 WeekendCloseActive=NO NewTradeBlocked=YES | 124200.000000
MI	0	18:16:32.709	Cazyxio_v4.1 (EURUSD,M15)	2026.03.06 01:16:32 | HEARTBEAT | SYSTEM | EA alive. Tick=124300 Equity=45490.80 OpenPos=0 UTC=2026.03.06 01:16 DayOfWeek=5 WeekendCloseActive=NO NewTradeBlocked=YES | 124300.000000
FE	0	18:18:07.733	Cazyxio_v4.1 (EURUSD,M15)	2026.03.06 01:18:07 | HEARTBEAT | SYSTEM | EA alive. Tick=124400 Equity=45490.80 OpenPos=0 UTC=2026.03.06 01:18 DayOfWeek=5 WeekendCloseActive=NO NewTradeBlocked=YES | 124400.000000
IF	0	18:19:54.779	Cazyxio_v4.1 (EURUSD,M15)	2026.03.06 01:19:54 | HEARTBEAT | SYSTEM | EA alive. Tick=124500 Equity=45490.80 OpenPos=0 UTC=2026.03.06 01:19 DayOfWeek=5 WeekendCloseActive=NO NewTradeBlocked=YES | 124500.000000
RR	0	18:21:24.508	Cazyxio_v4.1 (EURUSD,M15)	2026.03.06 01:21:24 | HEARTBEAT | SYSTEM | EA alive. Tick=124600 Equity=45490.80 OpenPos=0 UTC=2026.03.06 01:21 DayOfWeek=5 WeekendCloseActive=NO NewTradeBlocked=YES | 124600.000000
RN	0	18:23:30.243	Cazyxio_v4.1 (EURUSD,M15)	2026.03.06 01:23:30 | HEARTBEAT | SYSTEM | EA alive. Tick=124700 Equity=45490.80 OpenPos=0 UTC=2026.03.06 01:23 DayOfWeek=5 WeekendCloseActive=NO NewTradeBlocked=YES | 124700.000000
MK	0	18:25:10.118	Cazyxio_v4.1 (EURUSD,M15)	2026.03.06 01:25:10 | HEARTBEAT | SYSTEM | EA alive. Tick=124800 Equity=45490.80 OpenPos=0 UTC=2026.03.06 01:25 DayOfWeek=5 WeekendCloseActive=NO NewTradeBlocked=YES | 124800.000000
NG	0	18:27:43.670	Cazyxio_v4.1 (EURUSD,M15)	2026.03.06 01:27:43 | HEARTBEAT | SYSTEM | EA alive. Tick=124900 Equity=45490.80 OpenPos=0 UTC=2026.03.06 01:27 DayOfWeek=5 WeekendCloseActive=NO NewTradeBlocked=YES | 124900.000000
HS	0	18:29:41.632	Cazyxio_v4.1 (EURUSD,M15)	2026.03.06 01:29:41 | HEARTBEAT | SYSTEM | EA alive. Tick=125000 Equity=45490.80 OpenPos=0 UTC=2026.03.06 01:29 DayOfWeek=5 WeekendCloseActive=NO NewTradeBlocked=YES | 125000.000000
RL	0	18:30:40.861	Cazyxio_v4.1 (EURUSD,M15)	2026.03.06 01:30:40 | HEARTBEAT | SYSTEM | EA alive. Tick=125100 Equity=45490.80 OpenPos=0 UTC=2026.03.06 01:30 DayOfWeek=5 WeekendCloseActive=NO NewTradeBlocked=YES | 125100.000000
KH	0	18:31:33.700	Cazyxio_v4.1 (EURUSD,M15)	2026.03.06 01:31:33 | HEARTBEAT | SYSTEM | EA alive. Tick=125200 Equity=45490.80 OpenPos=0 UTC=2026.03.06 01:31 DayOfWeek=5 WeekendCloseActive=NO NewTradeBlocked=YES | 125200.000000
FE	0	18:32:23.720	Cazyxio_v4.1 (EURUSD,M15)	2026.03.06 01:32:23 | HEARTBEAT | SYSTEM | EA alive. Tick=125300 Equity=45490.80 OpenPos=0 UTC=2026.03.06 01:32 DayOfWeek=5 WeekendCloseActive=NO NewTradeBlocked=YES | 125300.000000
HQ	0	18:33:17.455	Cazyxio_v4.1 (EURUSD,M15)	2026.03.06 01:33:17 | HEARTBEAT | SYSTEM | EA alive. Tick=125400 Equity=45490.80 OpenPos=0 UTC=2026.03.06 01:33 DayOfWeek=5 WeekendCloseActive=NO NewTradeBlocked=YES | 125400.000000
QM	0	18:34:20.992	Cazyxio_v4.1 (EURUSD,M15)	2026.03.06 01:34:20 | HEARTBEAT | SYSTEM | EA alive. Tick=125500 Equity=45490.80 OpenPos=0 UTC=2026.03.06 01:34 DayOfWeek=5 WeekendCloseActive=NO NewTradeBlocked=YES | 125500.000000
CN	0	18:35:14.254	Cazyxio_v4.1 (EURUSD,M15)	2026.03.06 01:35:14 | HEARTBEAT | SYSTEM | EA alive. Tick=125600 Equity=45490.80 OpenPos=0 UTC=2026.03.06 01:35 DayOfWeek=5 WeekendCloseActive=NO NewTradeBlocked=YES | 125600.000000
OJ	0	18:36:06.622	Cazyxio_v4.1 (EURUSD,M15)	2026.03.06 01:36:06 | HEARTBEAT | SYSTEM | EA alive. Tick=125700 Equity=45490.80 OpenPos=0 UTC=2026.03.06 01:36 DayOfWeek=5 WeekendCloseActive=NO NewTradeBlocked=YES | 125700.000000
IF	0	18:36:52.039	Cazyxio_v4.1 (EURUSD,M15)	2026.03.06 01:36:52 | HEARTBEAT | SYSTEM | EA alive. Tick=125800 Equity=45490.80 OpenPos=0 UTC=2026.03.06 01:36 DayOfWeek=5 WeekendCloseActive=NO NewTradeBlocked=YES | 125800.000000
PS	0	18:37:35.802	Cazyxio_v4.1 (EURUSD,M15)	2026.03.06 01:37:35 | HEARTBEAT | SYSTEM | EA alive. Tick=125900 Equity=45490.80 OpenPos=0 UTC=2026.03.06 01:37 DayOfWeek=5 WeekendCloseActive=NO NewTradeBlocked=YES | 125900.000000
HO	0	18:38:28.175	Cazyxio_v4.1 (EURUSD,M15)	2026.03.06 01:38:28 | HEARTBEAT | SYSTEM | EA alive. Tick=126000 Equity=45490.80 OpenPos=0 UTC=2026.03.06 01:38 DayOfWeek=5 WeekendCloseActive=NO NewTradeBlocked=YES | 126000.000000
JH	0	18:39:23.921	Cazyxio_v4.1 (EURUSD,M15)	2026.03.06 01:39:23 | HEARTBEAT | SYSTEM | EA alive. Tick=126100 Equity=45490.80 OpenPos=0 UTC=2026.03.06 01:39 DayOfWeek=5 WeekendCloseActive=NO NewTradeBlocked=YES | 126100.000000
GD	0	18:40:24.001	Cazyxio_v4.1 (EURUSD,M15)	2026.03.06 01:40:24 | HEARTBEAT | SYSTEM | EA alive. Tick=126200 Equity=45490.80 OpenPos=0 UTC=2026.03.06 01:40 DayOfWeek=5 WeekendCloseActive=NO NewTradeBlocked=YES | 126200.000000
MP	0	18:41:08.026	Cazyxio_v4.1 (EURUSD,M15)	2026.03.06 01:41:08 | HEARTBEAT | SYSTEM | EA alive. Tick=126300 Equity=45490.80 OpenPos=0 UTC=2026.03.06 01:41 DayOfWeek=5 WeekendCloseActive=NO NewTradeBlocked=YES | 126300.000000
HM	0	18:41:53.014	Cazyxio_v4.1 (EURUSD,M15)	2026.03.06 01:41:53 | HEARTBEAT | SYSTEM | EA alive. Tick=126400 Equity=45490.80 OpenPos=0 UTC=2026.03.06 01:41 DayOfWeek=5 WeekendCloseActive=NO NewTradeBlocked=YES | 126400.000000
II	0	18:42:53.168	Cazyxio_v4.1 (EURUSD,M15)	2026.03.06 01:42:53 | HEARTBEAT | SYSTEM | EA alive. Tick=126500 Equity=45490.80 OpenPos=0 UTC=2026.03.06 01:42 DayOfWeek=5 WeekendCloseActive=NO NewTradeBlocked=YES | 126500.000000
DE	0	18:44:22.109	Cazyxio_v4.1 (EURUSD,M15)	2026.03.06 01:44:22 | HEARTBEAT | SYSTEM | EA alive. Tick=126600 Equity=45490.80 OpenPos=0 UTC=2026.03.06 01:44 DayOfWeek=5 WeekendCloseActive=NO NewTradeBlocked=YES | 126600.000000
HF	0	18:45:35.016	Cazyxio_v4.1 (EURUSD,M15)	2026.03.06 01:45:35 | HEARTBEAT | SYSTEM | EA alive. Tick=126700 Equity=45490.80 OpenPos=0 UTC=2026.03.06 01:45 DayOfWeek=5 WeekendCloseActive=NO NewTradeBlocked=YES | 126700.000000
FR	0	18:46:38.783	Cazyxio_v4.1 (EURUSD,M15)	2026.03.06 01:46:38 | HEARTBEAT | SYSTEM | EA alive. Tick=126800 Equity=45490.80 OpenPos=0 UTC=2026.03.06 01:46 DayOfWeek=5 WeekendCloseActive=NO NewTradeBlocked=YES | 126800.000000
QO	0	18:48:03.731	Cazyxio_v4.1 (EURUSD,M15)	2026.03.06 01:48:03 | HEARTBEAT | SYSTEM | EA alive. Tick=126900 Equity=45490.80 OpenPos=0 UTC=2026.03.06 01:48 DayOfWeek=5 WeekendCloseActive=NO NewTradeBlocked=YES | 126900.000000
OK	0	18:49:24.198	Cazyxio_v4.1 (EURUSD,M15)	2026.03.06 01:49:24 | HEARTBEAT | SYSTEM | EA alive. Tick=127000 Equity=45490.80 OpenPos=0 UTC=2026.03.06 01:49 DayOfWeek=5 WeekendCloseActive=NO NewTradeBlocked=YES | 127000.000000
IG	0	18:50:57.923	Cazyxio_v4.1 (EURUSD,M15)	2026.03.06 01:50:57 | HEARTBEAT | SYSTEM | EA alive. Tick=127100 Equity=45490.80 OpenPos=0 UTC=2026.03.06 01:50 DayOfWeek=5 WeekendCloseActive=NO NewTradeBlocked=YES | 127100.000000
QP	0	18:51:58.791	Cazyxio_v4.1 (EURUSD,M15)	2026.03.06 01:51:58 | HEARTBEAT | SYSTEM | EA alive. Tick=127200 Equity=45490.80 OpenPos=0 UTC=2026.03.06 01:51 DayOfWeek=5 WeekendCloseActive=NO NewTradeBlocked=YES | 127200.000000
ML	0	18:53:03.276	Cazyxio_v4.1 (EURUSD,M15)	2026.03.06 01:53:03 | HEARTBEAT | SYSTEM | EA alive. Tick=127300 Equity=45490.80 OpenPos=0 UTC=2026.03.06 01:53 DayOfWeek=5 WeekendCloseActive=NO NewTradeBlocked=YES | 127300.000000
RH	0	18:54:22.456	Cazyxio_v4.1 (EURUSD,M15)	2026.03.06 01:54:22 | HEARTBEAT | SYSTEM | EA alive. Tick=127400 Equity=45490.80 OpenPos=0 UTC=2026.03.06 01:54 DayOfWeek=5 WeekendCloseActive=NO NewTradeBlocked=YES | 127400.000000
LE	0	18:55:36.138	Cazyxio_v4.1 (EURUSD,M15)	2026.03.06 01:55:36 | HEARTBEAT | SYSTEM | EA alive. Tick=127500 Equity=45490.80 OpenPos=0 UTC=2026.03.06 01:55 DayOfWeek=5 WeekendCloseActive=NO NewTradeBlocked=YES | 127500.000000
QQ	0	18:56:58.761	Cazyxio_v4.1 (EURUSD,M15)	2026.03.06 01:56:58 | HEARTBEAT | SYSTEM | EA alive. Tick=127600 Equity=45490.80 OpenPos=0 UTC=2026.03.06 01:56 DayOfWeek=5 WeekendCloseActive=NO NewTradeBlocked=YES | 127600.000000
OR	0	18:58:11.521	Cazyxio_v4.1 (EURUSD,M15)	2026.03.06 01:58:11 | HEARTBEAT | SYSTEM | EA alive. Tick=127700 Equity=45490.80 OpenPos=0 UTC=2026.03.06 01:58 DayOfWeek=5 WeekendCloseActive=NO NewTradeBlocked=YES | 127700.000000
GN	0	18:59:18.548	Cazyxio_v4.1 (EURUSD,M15)	2026.03.06 01:59:18 | HEARTBEAT | SYSTEM | EA alive. Tick=127800 Equity=45490.80 OpenPos=0 UTC=2026.03.06 01:59 DayOfWeek=5 WeekendCloseActive=NO NewTradeBlocked=YES | 127800.000000
PD	0	19:00:00.521	Cazyxio_v4.1 (EURUSD,M15)	2026.03.06 02:00:00 | SESSION_WAIT | SYSTEM | Outside session. UTC_hour=2 Sessions: 7:00-17:00 and 12:00-21:00 UTC. Waiting.
JL	0	19:00:11.537	Cazyxio_v4.1 (EURUSD,M15)	2026.03.06 02:00:11 | HEARTBEAT | SYSTEM | EA alive. Tick=127900 Equity=45490.80 OpenPos=0 UTC=2026.03.06 02:00 DayOfWeek=5 WeekendCloseActive=NO NewTradeBlocked=YES | 127900.000000
DH	0	19:01:15.088	Cazyxio_v4.1 (EURUSD,M15)	2026.03.06 02:01:15 | HEARTBEAT | SYSTEM | EA alive. Tick=128000 Equity=45490.80 OpenPos=0 UTC=2026.03.06 02:01 DayOfWeek=5 WeekendCloseActive=NO NewTradeBlocked=YES | 128000.000000
ID	0	19:02:01.824	Cazyxio_v4.1 (EURUSD,M15)	2026.03.06 02:02:01 | HEARTBEAT | SYSTEM | EA alive. Tick=128100 Equity=45490.80 OpenPos=0 UTC=2026.03.06 02:02 DayOfWeek=5 WeekendCloseActive=NO NewTradeBlocked=YES | 128100.000000
NQ	0	19:02:51.872	Cazyxio_v4.1 (EURUSD,M15)	2026.03.06 02:02:51 | HEARTBEAT | SYSTEM | EA alive. Tick=128200 Equity=45490.80 OpenPos=0 UTC=2026.03.06 02:02 DayOfWeek=5 WeekendCloseActive=NO NewTradeBlocked=YES | 128200.000000
FM	0	19:03:48.529	Cazyxio_v4.1 (EURUSD,M15)	2026.03.06 02:03:48 | HEARTBEAT | SYSTEM | EA alive. Tick=128300 Equity=45490.80 OpenPos=0 UTC=2026.03.06 02:03 DayOfWeek=5 WeekendCloseActive=NO NewTradeBlocked=YES | 128300.000000
KI	0	19:04:43.598	Cazyxio_v4.1 (EURUSD,M15)	2026.03.06 02:04:43 | HEARTBEAT | SYSTEM | EA alive. Tick=128400 Equity=45490.80 OpenPos=0 UTC=2026.03.06 02:04 DayOfWeek=5 WeekendCloseActive=NO NewTradeBlocked=YES | 128400.000000
NJ	0	19:05:43.480	Cazyxio_v4.1 (EURUSD,M15)	2026.03.06 02:05:43 | HEARTBEAT | SYSTEM | EA alive. Tick=128500 Equity=45490.80 OpenPos=0 UTC=2026.03.06 02:05 DayOfWeek=5 WeekendCloseActive=NO NewTradeBlocked=YES | 128500.000000
KF	0	19:06:45.398	Cazyxio_v4.1 (EURUSD,M15)	2026.03.06 02:06:45 | HEARTBEAT | SYSTEM | EA alive. Tick=128600 Equity=45490.80 OpenPos=0 UTC=2026.03.06 02:06 DayOfWeek=5 WeekendCloseActive=NO NewTradeBlocked=YES | 128600.000000
HS	0	19:07:49.510	Cazyxio_v4.1 (EURUSD,M15)	2026.03.06 02:07:49 | HEARTBEAT | SYSTEM | EA alive. Tick=128700 Equity=45490.80 OpenPos=0 UTC=2026.03.06 02:07 DayOfWeek=5 WeekendCloseActive=NO NewTradeBlocked=YES | 128700.000000
KO	0	19:08:51.312	Cazyxio_v4.1 (EURUSD,M15)	2026.03.06 02:08:51 | HEARTBEAT | SYSTEM | EA alive. Tick=128800 Equity=45490.80 OpenPos=0 UTC=2026.03.06 02:08 DayOfWeek=5 WeekendCloseActive=NO NewTradeBlocked=YES | 128800.000000
EK	0	19:10:12.669	Cazyxio_v4.1 (EURUSD,M15)	2026.03.06 02:10:12 | HEARTBEAT | SYSTEM | EA alive. Tick=128900 Equity=45490.80 OpenPos=0 UTC=2026.03.06 02:10 DayOfWeek=5 WeekendCloseActive=NO NewTradeBlocked=YES | 128900.000000
DD	0	19:11:16.041	Cazyxio_v4.1 (EURUSD,M15)	2026.03.06 02:11:16 | HEARTBEAT | SYSTEM | EA alive. Tick=129000 Equity=45490.80 OpenPos=0 UTC=2026.03.06 02:11 DayOfWeek=5 WeekendCloseActive=NO NewTradeBlocked=YES | 129000.000000
OP	0	19:12:19.320	Cazyxio_v4.1 (EURUSD,M15)	2026.03.06 02:12:19 | HEARTBEAT | SYSTEM | EA alive. Tick=129100 Equity=45490.80 OpenPos=0 UTC=2026.03.06 02:12 DayOfWeek=5 WeekendCloseActive=NO NewTradeBlocked=YES | 129100.000000
EL	0	19:13:18.109	Cazyxio_v4.1 (EURUSD,M15)	2026.03.06 02:13:18 | HEARTBEAT | SYSTEM | EA alive. Tick=129200 Equity=45490.80 OpenPos=0 UTC=2026.03.06 02:13 DayOfWeek=5 WeekendCloseActive=NO NewTradeBlocked=YES | 129200.000000
GI	0	19:14:38.542	Cazyxio_v4.1 (EURUSD,M15)	2026.03.06 02:14:38 | HEARTBEAT | SYSTEM | EA alive. Tick=129300 Equity=45490.80 OpenPos=0 UTC=2026.03.06 02:14 DayOfWeek=5 WeekendCloseActive=NO NewTradeBlocked=YES | 129300.000000
RE	0	19:16:11.859	Cazyxio_v4.1 (EURUSD,M15)	2026.03.06 02:16:11 | HEARTBEAT | SYSTEM | EA alive. Tick=129400 Equity=45490.80 OpenPos=0 UTC=2026.03.06 02:16 DayOfWeek=5 WeekendCloseActive=NO NewTradeBlocked=YES | 129400.000000
GF	0	19:17:47.613	Cazyxio_v4.1 (EURUSD,M15)	2026.03.06 02:17:47 | HEARTBEAT | SYSTEM | EA alive. Tick=129500 Equity=45490.80 OpenPos=0 UTC=2026.03.06 02:17 DayOfWeek=5 WeekendCloseActive=NO NewTradeBlocked=YES | 129500.000000
IR	0	19:19:28.916	Cazyxio_v4.1 (EURUSD,M15)	2026.03.06 02:19:28 | HEARTBEAT | SYSTEM | EA alive. Tick=129600 Equity=45490.80 OpenPos=0 UTC=2026.03.06 02:19 DayOfWeek=5 WeekendCloseActive=NO NewTradeBlocked=YES | 129600.000000
LN	0	19:21:21.671	Cazyxio_v4.1 (EURUSD,M15)	2026.03.06 02:21:21 | HEARTBEAT | SYSTEM | EA alive. Tick=129700 Equity=45490.80 OpenPos=0 UTC=2026.03.06 02:21 DayOfWeek=5 WeekendCloseActive=NO NewTradeBlocked=YES | 129700.000000
LK	0	19:22:52.926	Cazyxio_v4.1 (EURUSD,M15)	2026.03.06 02:22:52 | HEARTBEAT | SYSTEM | EA alive. Tick=129800 Equity=45490.80 OpenPos=0 UTC=2026.03.06 02:22 DayOfWeek=5 WeekendCloseActive=NO NewTradeBlocked=YES | 129800.000000
CG	0	19:23:56.935	Cazyxio_v4.1 (EURUSD,M15)	2026.03.06 02:23:56 | HEARTBEAT | SYSTEM | EA alive. Tick=129900 Equity=45490.80 OpenPos=0 UTC=2026.03.06 02:23 DayOfWeek=5 WeekendCloseActive=NO NewTradeBlocked=YES | 129900.000000
LS	0	19:26:12.207	Cazyxio_v4.1 (EURUSD,M15)	2026.03.06 02:26:12 | HEARTBEAT | SYSTEM | EA alive. Tick=130000 Equity=45490.80 OpenPos=0 UTC=2026.03.06 02:26 DayOfWeek=5 WeekendCloseActive=NO NewTradeBlocked=YES | 130000.000000
ML	0	19:28:14.637	Cazyxio_v4.1 (EURUSD,M15)	2026.03.06 02:28:14 | HEARTBEAT | SYSTEM | EA alive. Tick=130100 Equity=45490.80 OpenPos=0 UTC=2026.03.06 02:28 DayOfWeek=5 WeekendCloseActive=NO NewTradeBlocked=YES | 130100.000000
QH	0	19:30:10.881	Cazyxio_v4.1 (EURUSD,M15)	2026.03.06 02:30:10 | HEARTBEAT | SYSTEM | EA alive. Tick=130200 Equity=45490.80 OpenPos=0 UTC=2026.03.06 02:30 DayOfWeek=5 WeekendCloseActive=NO NewTradeBlocked=YES | 130200.000000
NE	0	19:31:52.791	Cazyxio_v4.1 (EURUSD,M15)	2026.03.06 02:31:52 | HEARTBEAT | SYSTEM | EA alive. Tick=130300 Equity=45490.80 OpenPos=0 UTC=2026.03.06 02:31 DayOfWeek=5 WeekendCloseActive=NO NewTradeBlocked=YES | 130300.000000
QQ	0	19:33:17.691	Cazyxio_v4.1 (EURUSD,M15)	2026.03.06 02:33:17 | HEARTBEAT | SYSTEM | EA alive. Tick=130400 Equity=45490.80 OpenPos=0 UTC=2026.03.06 02:33 DayOfWeek=5 WeekendCloseActive=NO NewTradeBlocked=YES | 130400.000000
LM	0	19:34:54.631	Cazyxio_v4.1 (EURUSD,M15)	2026.03.06 02:34:54 | HEARTBEAT | SYSTEM | EA alive. Tick=130500 Equity=45490.80 OpenPos=0 UTC=2026.03.06 02:34 DayOfWeek=5 WeekendCloseActive=NO NewTradeBlocked=YES | 130500.000000
ON	0	19:37:10.972	Cazyxio_v4.1 (EURUSD,M15)	2026.03.06 02:37:10 | HEARTBEAT | SYSTEM | EA alive. Tick=130600 Equity=45490.80 OpenPos=0 UTC=2026.03.06 02:37 DayOfWeek=5 WeekendCloseActive=NO NewTradeBlocked=YES | 130600.000000
MJ	0	19:38:52.917	Cazyxio_v4.1 (EURUSD,M15)	2026.03.06 02:38:52 | HEARTBEAT | SYSTEM | EA alive. Tick=130700 Equity=45490.80 OpenPos=0 UTC=2026.03.06 02:38 DayOfWeek=5 WeekendCloseActive=NO NewTradeBlocked=YES | 130700.000000
GF	0	19:40:45.594	Cazyxio_v4.1 (EURUSD,M15)	2026.03.06 02:40:45 | HEARTBEAT | SYSTEM | EA alive. Tick=130800 Equity=45490.80 OpenPos=0 UTC=2026.03.06 02:40 DayOfWeek=5 WeekendCloseActive=NO NewTradeBlocked=YES | 130800.000000
LS	0	19:43:24.369	Cazyxio_v4.1 (EURUSD,M15)	2026.03.06 02:43:24 | HEARTBEAT | SYSTEM | EA alive. Tick=130900 Equity=45490.80 OpenPos=0 UTC=2026.03.06 02:43 DayOfWeek=5 WeekendCloseActive=NO NewTradeBlocked=YES | 130900.000000
OO	0	19:46:45.121	Cazyxio_v4.1 (EURUSD,M15)	2026.03.06 02:46:45 | HEARTBEAT | SYSTEM | EA alive. Tick=131000 Equity=45490.80 OpenPos=0 UTC=2026.03.06 02:46 DayOfWeek=5 WeekendCloseActive=NO NewTradeBlocked=YES | 131000.000000
LH	0	19:48:59.928	Cazyxio_v4.1 (EURUSD,M15)	2026.03.06 02:48:59 | HEARTBEAT | SYSTEM | EA alive. Tick=131100 Equity=45490.80 OpenPos=0 UTC=2026.03.06 02:48 DayOfWeek=5 WeekendCloseActive=NO NewTradeBlocked=YES | 131100.000000
KD	0	19:50:41.409	Cazyxio_v4.1 (EURUSD,M15)	2026.03.06 02:50:41 | HEARTBEAT | SYSTEM | EA alive. Tick=131200 Equity=45490.80 OpenPos=0 UTC=2026.03.06 02:50 DayOfWeek=5 WeekendCloseActive=NO NewTradeBlocked=YES | 131200.000000
FP	0	19:52:28.817	Cazyxio_v4.1 (EURUSD,M15)	2026.03.06 02:52:28 | HEARTBEAT | SYSTEM | EA alive. Tick=131300 Equity=45490.80 OpenPos=0 UTC=2026.03.06 02:52 DayOfWeek=5 WeekendCloseActive=NO NewTradeBlocked=YES | 131300.000000
NM	0	19:54:15.907	Cazyxio_v4.1 (EURUSD,M15)	2026.03.06 02:54:15 | HEARTBEAT | SYSTEM | EA alive. Tick=131400 Equity=45490.80 OpenPos=0 UTC=2026.03.06 02:54 DayOfWeek=5 WeekendCloseActive=NO NewTradeBlocked=YES | 131400.000000
NI	0	19:56:02.035	Cazyxio_v4.1 (EURUSD,M15)	2026.03.06 02:56:02 | HEARTBEAT | SYSTEM | EA alive. Tick=131500 Equity=45490.80 OpenPos=0 UTC=2026.03.06 02:56 DayOfWeek=5 WeekendCloseActive=NO NewTradeBlocked=YES | 131500.000000
LE	0	19:58:12.738	Cazyxio_v4.1 (EURUSD,M15)	2026.03.06 02:58:12 | HEARTBEAT | SYSTEM | EA alive. Tick=131600 Equity=45490.80 OpenPos=0 UTC=2026.03.06 02:58 DayOfWeek=5 WeekendCloseActive=NO NewTradeBlocked=YES | 131600.000000
LH	0	20:00:00.653	Cazyxio_v4.1 (EURUSD,M15)	2026.03.06 03:00:00 | SESSION_WAIT | SYSTEM | Outside session. UTC_hour=3 Sessions: 7:00-17:00 and 12:00-21:00 UTC. Waiting.
FK	0	20:00:18.610	Cazyxio_v4.1 (EURUSD,M15)	2026.03.06 03:00:18 | HEARTBEAT | SYSTEM | EA alive. Tick=131700 Equity=45490.80 OpenPos=0 UTC=2026.03.06 03:00 DayOfWeek=5 WeekendCloseActive=NO NewTradeBlocked=YES | 131700.000000
IG	0	20:01:54.757	Cazyxio_v4.1 (EURUSD,M15)	2026.03.06 03:01:54 | HEARTBEAT | SYSTEM | EA alive. Tick=131800 Equity=45490.80 OpenPos=0 UTC=2026.03.06 03:01 DayOfWeek=5 WeekendCloseActive=NO NewTradeBlocked=YES | 131800.000000
KP	0	20:03:35.245	Cazyxio_v4.1 (EURUSD,M15)	2026.03.06 03:03:35 | HEARTBEAT | SYSTEM | EA alive. Tick=131900 Equity=45490.80 OpenPos=0 UTC=2026.03.06 03:03 DayOfWeek=5 WeekendCloseActive=NO NewTradeBlocked=YES | 131900.000000
CL	0	20:05:14.452	Cazyxio_v4.1 (EURUSD,M15)	2026.03.06 03:05:14 | HEARTBEAT | SYSTEM | EA alive. Tick=132000 Equity=45490.80 OpenPos=0 UTC=2026.03.06 03:05 DayOfWeek=5 WeekendCloseActive=NO NewTradeBlocked=YES | 132000.000000
OI	0	20:07:45.304	Cazyxio_v4.1 (EURUSD,M15)	2026.03.06 03:07:45 | HEARTBEAT | SYSTEM | EA alive. Tick=132100 Equity=45490.80 OpenPos=0 UTC=2026.03.06 03:07 DayOfWeek=5 WeekendCloseActive=NO NewTradeBlocked=YES | 132100.000000
DE	0	20:10:20.857	Cazyxio_v4.1 (EURUSD,M15)	2026.03.06 03:10:20 | HEARTBEAT | SYSTEM | EA alive. Tick=132200 Equity=45490.80 OpenPos=0 UTC=2026.03.06 03:10 DayOfWeek=5 WeekendCloseActive=NO NewTradeBlocked=YES | 132200.000000
MQ	0	20:12:50.669	Cazyxio_v4.1 (EURUSD,M15)	2026.03.06 03:12:50 | HEARTBEAT | SYSTEM | EA alive. Tick=132300 Equity=45490.80 OpenPos=0 UTC=2026.03.06 03:12 DayOfWeek=5 WeekendCloseActive=NO NewTradeBlocked=YES | 132300.000000
IR	0	20:16:31.843	Cazyxio_v4.1 (EURUSD,M15)	2026.03.06 03:16:31 | HEARTBEAT | SYSTEM | EA alive. Tick=132400 Equity=45490.80 OpenPos=0 UTC=2026.03.06 03:16 DayOfWeek=5 WeekendCloseActive=NO NewTradeBlocked=YES | 132400.000000
QN	0	20:19:37.714	Cazyxio_v4.1 (EURUSD,M15)	2026.03.06 03:19:37 | HEARTBEAT | SYSTEM | EA alive. Tick=132500 Equity=45490.80 OpenPos=0 UTC=2026.03.06 03:19 DayOfWeek=5 WeekendCloseActive=NO NewTradeBlocked=YES | 132500.000000
HJ	0	20:22:53.979	Cazyxio_v4.1 (EURUSD,M15)	2026.03.06 03:22:53 | HEARTBEAT | SYSTEM | EA alive. Tick=132600 Equity=45490.80 OpenPos=0 UTC=2026.03.06 03:22 DayOfWeek=5 WeekendCloseActive=NO NewTradeBlocked=YES | 132600.000000
FG	0	20:25:20.682	Cazyxio_v4.1 (EURUSD,M15)	2026.03.06 03:25:20 | HEARTBEAT | SYSTEM | EA alive. Tick=132700 Equity=45490.80 OpenPos=0 UTC=2026.03.06 03:25 DayOfWeek=5 WeekendCloseActive=NO NewTradeBlocked=YES | 132700.000000
MS	0	20:27:39.823	Cazyxio_v4.1 (EURUSD,M15)	2026.03.06 03:27:39 | HEARTBEAT | SYSTEM | EA alive. Tick=132800 Equity=45490.80 OpenPos=0 UTC=2026.03.06 03:27 DayOfWeek=5 WeekendCloseActive=NO NewTradeBlocked=YES | 132800.000000
FL	0	20:29:31.217	Cazyxio_v4.1 (EURUSD,M15)	2026.03.06 03:29:31 | HEARTBEAT | SYSTEM | EA alive. Tick=132900 Equity=45490.80 OpenPos=0 UTC=2026.03.06 03:29 DayOfWeek=5 WeekendCloseActive=NO NewTradeBlocked=YES | 132900.000000
FH	0	20:31:01.128	Cazyxio_v4.1 (EURUSD,M15)	2026.03.06 03:31:01 | HEARTBEAT | SYSTEM | EA alive. Tick=133000 Equity=45490.80 OpenPos=0 UTC=2026.03.06 03:31 DayOfWeek=5 WeekendCloseActive=NO NewTradeBlocked=YES | 133000.000000
DD	0	20:32:47.066	Cazyxio_v4.1 (EURUSD,M15)	2026.03.06 03:32:47 | HEARTBEAT | SYSTEM | EA alive. Tick=133100 Equity=45490.80 OpenPos=0 UTC=2026.03.06 03:32 DayOfWeek=5 WeekendCloseActive=NO NewTradeBlocked=YES | 133100.000000
QQ	0	20:35:22.547	Cazyxio_v4.1 (EURUSD,M15)	2026.03.06 03:35:22 | HEARTBEAT | SYSTEM | EA alive. Tick=133200 Equity=45490.80 OpenPos=0 UTC=2026.03.06 03:35 DayOfWeek=5 WeekendCloseActive=NO NewTradeBlocked=YES | 133200.000000
DM	0	20:38:48.943	Cazyxio_v4.1 (EURUSD,M15)	2026.03.06 03:38:48 | HEARTBEAT | SYSTEM | EA alive. Tick=133300 Equity=45490.80 OpenPos=0 UTC=2026.03.06 03:38 DayOfWeek=5 WeekendCloseActive=NO NewTradeBlocked=YES | 133300.000000
CI	0	20:42:43.488	Cazyxio_v4.1 (EURUSD,M15)	2026.03.06 03:42:43 | HEARTBEAT | SYSTEM | EA alive. Tick=133400 Equity=45490.80 OpenPos=0 UTC=2026.03.06 03:42 DayOfWeek=5 WeekendCloseActive=NO NewTradeBlocked=YES | 133400.000000
KJ	0	20:46:10.983	Cazyxio_v4.1 (EURUSD,M15)	2026.03.06 03:46:10 | HEARTBEAT | SYSTEM | EA alive. Tick=133500 Equity=45490.80 OpenPos=0 UTC=2026.03.06 03:46 DayOfWeek=5 WeekendCloseActive=NO NewTradeBlocked=YES | 133500.000000
IF	0	20:47:47.627	Cazyxio_v4.1 (EURUSD,M15)	2026.03.06 03:47:47 | HEARTBEAT | SYSTEM | EA alive. Tick=133600 Equity=45490.80 OpenPos=0 UTC=2026.03.06 03:47 DayOfWeek=5 WeekendCloseActive=NO NewTradeBlocked=YES | 133600.000000
CS	0	20:49:43.098	Cazyxio_v4.1 (EURUSD,M15)	2026.03.06 03:49:43 | HEARTBEAT | SYSTEM | EA alive. Tick=133700 Equity=45490.80 OpenPos=0 UTC=2026.03.06 03:49 DayOfWeek=5 WeekendCloseActive=NO NewTradeBlocked=YES | 133700.000000
PO	0	20:53:14.414	Cazyxio_v4.1 (EURUSD,M15)	2026.03.06 03:53:14 | HEARTBEAT | SYSTEM | EA alive. Tick=133800 Equity=45490.80 OpenPos=0 UTC=2026.03.06 03:53 DayOfWeek=5 WeekendCloseActive=NO NewTradeBlocked=YES | 133800.000000
EK	0	20:55:46.561	Cazyxio_v4.1 (EURUSD,M15)	2026.03.06 03:55:46 | HEARTBEAT | SYSTEM | EA alive. Tick=133900 Equity=45490.80 OpenPos=0 UTC=2026.03.06 03:55 DayOfWeek=5 WeekendCloseActive=NO NewTradeBlocked=YES | 133900.000000
HD	0	20:59:57.623	Cazyxio_v4.1 (EURUSD,M15)	2026.03.06 03:59:57 | HEARTBEAT | SYSTEM | EA alive. Tick=134000 Equity=45490.80 OpenPos=0 UTC=2026.03.06 03:59 DayOfWeek=5 WeekendCloseActive=NO NewTradeBlocked=YES | 134000.000000
NN	0	21:00:00.197	Cazyxio_v4.1 (EURUSD,M15)	2026.03.06 04:00:00 | SESSION_WAIT | SYSTEM | Outside session. UTC_hour=4 Sessions: 7:00-17:00 and 12:00-21:00 UTC. Waiting.
EE	0	21:02:17.573	Cazyxio_v4.1 (EURUSD,M15)	2026.03.06 04:02:17 | HEARTBEAT | SYSTEM | EA alive. Tick=134100 Equity=45490.80 OpenPos=0 UTC=2026.03.06 04:02 DayOfWeek=5 WeekendCloseActive=NO NewTradeBlocked=YES | 134100.000000
NF	0	21:05:13.551	Cazyxio_v4.1 (EURUSD,M15)	2026.03.06 04:05:13 | HEARTBEAT | SYSTEM | EA alive. Tick=134200 Equity=45490.80 OpenPos=0 UTC=2026.03.06 04:05 DayOfWeek=5 WeekendCloseActive=NO NewTradeBlocked=YES | 134200.000000
CR	0	21:09:04.158	Cazyxio_v4.1 (EURUSD,M15)	2026.03.06 04:09:04 | HEARTBEAT | SYSTEM | EA alive. Tick=134300 Equity=45490.80 OpenPos=0 UTC=2026.03.06 04:09 DayOfWeek=5 WeekendCloseActive=NO NewTradeBlocked=YES | 134300.000000
ON	0	21:12:21.837	Cazyxio_v4.1 (EURUSD,M15)	2026.03.06 04:12:21 | HEARTBEAT | SYSTEM | EA alive. Tick=134400 Equity=45490.80 OpenPos=0 UTC=2026.03.06 04:12 DayOfWeek=5 WeekendCloseActive=NO NewTradeBlocked=YES | 134400.000000
MK	0	21:15:01.997	Cazyxio_v4.1 (EURUSD,M15)	2026.03.06 04:15:01 | HEARTBEAT | SYSTEM | EA alive. Tick=134500 Equity=45490.80 OpenPos=0 UTC=2026.03.06 04:15 DayOfWeek=5 WeekendCloseActive=NO NewTradeBlocked=YES | 134500.000000
KG	0	21:19:36.227	Cazyxio_v4.1 (EURUSD,M15)	2026.03.06 04:19:36 | HEARTBEAT | SYSTEM | EA alive. Tick=134600 Equity=45490.80 OpenPos=0 UTC=2026.03.06 04:19 DayOfWeek=5 WeekendCloseActive=NO NewTradeBlocked=YES | 134600.000000
PP	0	21:24:27.475	Cazyxio_v4.1 (EURUSD,M15)	2026.03.06 04:24:27 | HEARTBEAT | SYSTEM | EA alive. Tick=134700 Equity=45490.80 OpenPos=0 UTC=2026.03.06 04:24 DayOfWeek=5 WeekendCloseActive=NO NewTradeBlocked=YES | 134700.000000
DL	0	21:29:06.537	Cazyxio_v4.1 (EURUSD,M15)	2026.03.06 04:29:06 | HEARTBEAT | SYSTEM | EA alive. Tick=134800 Equity=45490.80 OpenPos=0 UTC=2026.03.06 04:29 DayOfWeek=5 WeekendCloseActive=NO NewTradeBlocked=YES | 134800.000000
KH	0	21:32:49.811	Cazyxio_v4.1 (EURUSD,M15)	2026.03.06 04:32:49 | HEARTBEAT | SYSTEM | EA alive. Tick=134900 Equity=45490.80 OpenPos=0 UTC=2026.03.06 04:32 DayOfWeek=5 WeekendCloseActive=NO NewTradeBlocked=YES | 134900.000000
CE	0	21:35:52.485	Cazyxio_v4.1 (EURUSD,M15)	2026.03.06 04:35:52 | HEARTBEAT | SYSTEM | EA alive. Tick=135000 Equity=45490.80 OpenPos=0 UTC=2026.03.06 04:35 DayOfWeek=5 WeekendCloseActive=NO NewTradeBlocked=YES | 135000.000000
FQ	0	21:38:36.409	Cazyxio_v4.1 (EURUSD,M15)	2026.03.06 04:38:36 | HEARTBEAT | SYSTEM | EA alive. Tick=135100 Equity=45490.80 OpenPos=0 UTC=2026.03.06 04:38 DayOfWeek=5 WeekendCloseActive=NO NewTradeBlocked=YES | 135100.000000
MM	0	21:40:45.814	Cazyxio_v4.1 (EURUSD,M15)	2026.03.06 04:40:45 | HEARTBEAT | SYSTEM | EA alive. Tick=135200 Equity=45490.80 OpenPos=0 UTC=2026.03.06 04:40 DayOfWeek=5 WeekendCloseActive=NO NewTradeBlocked=YES | 135200.000000
QN	0	21:42:45.652	Cazyxio_v4.1 (EURUSD,M15)	2026.03.06 04:42:45 | HEARTBEAT | SYSTEM | EA alive. Tick=135300 Equity=45490.80 OpenPos=0 UTC=2026.03.06 04:42 DayOfWeek=5 WeekendCloseActive=NO NewTradeBlocked=YES | 135300.000000
FJ	0	21:43:47.542	Cazyxio_v4.1 (EURUSD,M15)	2026.03.06 04:43:47 | HEARTBEAT | SYSTEM | EA alive. Tick=135400 Equity=45490.80 OpenPos=0 UTC=2026.03.06 04:43 DayOfWeek=5 WeekendCloseActive=NO NewTradeBlocked=YES | 135400.000000
PG	0	21:47:59.300	Cazyxio_v4.1 (EURUSD,M15)	2026.03.06 04:47:59 | HEARTBEAT | SYSTEM | EA alive. Tick=135500 Equity=45490.80 OpenPos=0 UTC=2026.03.06 04:47 DayOfWeek=5 WeekendCloseActive=NO NewTradeBlocked=YES | 135500.000000
HS	0	21:52:55.229	Cazyxio_v4.1 (EURUSD,M15)	2026.03.06 04:52:55 | HEARTBEAT | SYSTEM | EA alive. Tick=135600 Equity=45490.80 OpenPos=0 UTC=2026.03.06 04:52 DayOfWeek=5 WeekendCloseActive=NO NewTradeBlocked=YES | 135600.000000
NO	0	21:55:09.479	Cazyxio_v4.1 (EURUSD,M15)	2026.03.06 04:55:09 | HEARTBEAT | SYSTEM | EA alive. Tick=135700 Equity=45490.80 OpenPos=0 UTC=2026.03.06 04:55 DayOfWeek=5 WeekendCloseActive=NO NewTradeBlocked=YES | 135700.000000
HH	0	21:57:56.190	Cazyxio_v4.1 (EURUSD,M15)	2026.03.06 04:57:56 | HEARTBEAT | SYSTEM | EA alive. Tick=135800 Equity=45490.80 OpenPos=0 UTC=2026.03.06 04:57 DayOfWeek=5 WeekendCloseActive=NO NewTradeBlocked=YES | 135800.000000
PJ	0	22:00:00.039	Cazyxio_v4.1 (EURUSD,M15)	2026.03.06 05:00:00 | SESSION_WAIT | SYSTEM | Outside session. UTC_hour=5 Sessions: 7:00-17:00 and 12:00-21:00 UTC. Waiting.
OI	0	22:00:16.538	Cazyxio_v4.1 (EURUSD,M15)	2026.03.06 05:00:16 | HEARTBEAT | SYSTEM | EA alive. Tick=135900 Equity=45490.80 OpenPos=0 UTC=2026.03.06 05:00 DayOfWeek=5 WeekendCloseActive=NO NewTradeBlocked=YES | 135900.000000
CJ	0	22:01:25.872	Cazyxio_v4.1 (EURUSD,M15)	2026.03.06 05:01:25 | HEARTBEAT | SYSTEM | EA alive. Tick=136000 Equity=45490.80 OpenPos=0 UTC=2026.03.06 05:01 DayOfWeek=5 WeekendCloseActive=NO NewTradeBlocked=YES | 136000.000000
HF	0	22:03:25.918	Cazyxio_v4.1 (EURUSD,M15)	2026.03.06 05:03:25 | HEARTBEAT | SYSTEM | EA alive. Tick=136100 Equity=45490.80 OpenPos=0 UTC=2026.03.06 05:03 DayOfWeek=5 WeekendCloseActive=NO NewTradeBlocked=YES | 136100.000000
IR	0	22:05:46.535	Cazyxio_v4.1 (EURUSD,M15)	2026.03.06 05:05:46 | HEARTBEAT | SYSTEM | EA alive. Tick=136200 Equity=45490.80 OpenPos=0 UTC=2026.03.06 05:05 DayOfWeek=5 WeekendCloseActive=NO NewTradeBlocked=YES | 136200.000000
KO	0	22:08:08.785	Cazyxio_v4.1 (EURUSD,M15)	2026.03.06 05:08:08 | HEARTBEAT | SYSTEM | EA alive. Tick=136300 Equity=45490.80 OpenPos=0 UTC=2026.03.06 05:08 DayOfWeek=5 WeekendCloseActive=NO NewTradeBlocked=YES | 136300.000000
MK	0	22:11:13.709	Cazyxio_v4.1 (EURUSD,M15)	2026.03.06 05:11:13 | HEARTBEAT | SYSTEM | EA alive. Tick=136400 Equity=45490.80 OpenPos=0 UTC=2026.03.06 05:11 DayOfWeek=5 WeekendCloseActive=NO NewTradeBlocked=YES | 136400.000000
FD	0	22:14:30.338	Cazyxio_v4.1 (EURUSD,M15)	2026.03.06 05:14:30 | HEARTBEAT | SYSTEM | EA alive. Tick=136500 Equity=45490.80 OpenPos=0 UTC=2026.03.06 05:14 DayOfWeek=5 WeekendCloseActive=NO NewTradeBlocked=YES | 136500.000000
IP	0	22:17:38.945	Cazyxio_v4.1 (EURUSD,M15)	2026.03.06 05:17:38 | HEARTBEAT | SYSTEM | EA alive. Tick=136600 Equity=45490.80 OpenPos=0 UTC=2026.03.06 05:17 DayOfWeek=5 WeekendCloseActive=NO NewTradeBlocked=YES | 136600.000000
PL	0	22:20:39.904	Cazyxio_v4.1 (EURUSD,M15)	2026.03.06 05:20:39 | HEARTBEAT | SYSTEM | EA alive. Tick=136700 Equity=45490.80 OpenPos=0 UTC=2026.03.06 05:20 DayOfWeek=5 WeekendCloseActive=NO NewTradeBlocked=YES | 136700.000000
QI	0	22:22:48.031	Cazyxio_v4.1 (EURUSD,M15)	2026.03.06 05:22:48 | HEARTBEAT | SYSTEM | EA alive. Tick=136800 Equity=45490.80 OpenPos=0 UTC=2026.03.06 05:22 DayOfWeek=5 WeekendCloseActive=NO NewTradeBlocked=YES | 136800.000000
JE	0	22:24:44.250	Cazyxio_v4.1 (EURUSD,M15)	2026.03.06 05:24:44 | HEARTBEAT | SYSTEM | EA alive. Tick=136900 Equity=45490.80 OpenPos=0 UTC=2026.03.06 05:24 DayOfWeek=5 WeekendCloseActive=NO NewTradeBlocked=YES | 136900.000000
LQ	0	22:27:17.480	Cazyxio_v4.1 (EURUSD,M15)	2026.03.06 05:27:17 | HEARTBEAT | SYSTEM | EA alive. Tick=137000 Equity=45490.80 OpenPos=0 UTC=2026.03.06 05:27 DayOfWeek=5 WeekendCloseActive=NO NewTradeBlocked=YES | 137000.000000
NR	0	22:30:13.882	Cazyxio_v4.1 (EURUSD,M15)	2026.03.06 05:30:13 | HEARTBEAT | SYSTEM | EA alive. Tick=137100 Equity=45490.80 OpenPos=0 UTC=2026.03.06 05:30 DayOfWeek=5 WeekendCloseActive=NO NewTradeBlocked=YES | 137100.000000
LN	0	22:31:38.395	Cazyxio_v4.1 (EURUSD,M15)	2026.03.06 05:31:38 | HEARTBEAT | SYSTEM | EA alive. Tick=137200 Equity=45490.80 OpenPos=0 UTC=2026.03.06 05:31 DayOfWeek=5 WeekendCloseActive=NO NewTradeBlocked=YES | 137200.000000
CK	0	22:33:12.907	Cazyxio_v4.1 (EURUSD,M15)	2026.03.06 05:33:12 | HEARTBEAT | SYSTEM | EA alive. Tick=137300 Equity=45490.80 OpenPos=0 UTC=2026.03.06 05:33 DayOfWeek=5 WeekendCloseActive=NO NewTradeBlocked=YES | 137300.000000
KG	0	22:35:06.273	Cazyxio_v4.1 (EURUSD,M15)	2026.03.06 05:35:06 | HEARTBEAT | SYSTEM | EA alive. Tick=137400 Equity=45490.80 OpenPos=0 UTC=2026.03.06 05:35 DayOfWeek=5 WeekendCloseActive=NO NewTradeBlocked=YES | 137400.000000
LS	0	22:37:31.825	Cazyxio_v4.1 (EURUSD,M15)	2026.03.06 05:37:31 | HEARTBEAT | SYSTEM | EA alive. Tick=137500 Equity=45490.80 OpenPos=0 UTC=2026.03.06 05:37 DayOfWeek=5 WeekendCloseActive=NO NewTradeBlocked=YES | 137500.000000
NL	0	22:40:02.740	Cazyxio_v4.1 (EURUSD,M15)	2026.03.06 05:40:02 | HEARTBEAT | SYSTEM | EA alive. Tick=137600 Equity=45490.80 OpenPos=0 UTC=2026.03.06 05:40 DayOfWeek=5 WeekendCloseActive=NO NewTradeBlocked=YES | 137600.000000
QH	0	22:42:04.853	Cazyxio_v4.1 (EURUSD,M15)	2026.03.06 05:42:04 | HEARTBEAT | SYSTEM | EA alive. Tick=137700 Equity=45490.80 OpenPos=0 UTC=2026.03.06 05:42 DayOfWeek=5 WeekendCloseActive=NO NewTradeBlocked=YES | 137700.000000
FD	0	22:44:37.416	Cazyxio_v4.1 (EURUSD,M15)	2026.03.06 05:44:37 | HEARTBEAT | SYSTEM | EA alive. Tick=137800 Equity=45490.80 OpenPos=0 UTC=2026.03.06 05:44 DayOfWeek=5 WeekendCloseActive=NO NewTradeBlocked=YES | 137800.000000
RQ	0	22:46:13.016	Cazyxio_v4.1 (EURUSD,M15)	2026.03.06 05:46:13 | HEARTBEAT | SYSTEM | EA alive. Tick=137900 Equity=45490.80 OpenPos=0 UTC=2026.03.06 05:46 DayOfWeek=5 WeekendCloseActive=NO NewTradeBlocked=YES | 137900.000000
DM	0	22:47:25.767	Cazyxio_v4.1 (EURUSD,M15)	2026.03.06 05:47:25 | HEARTBEAT | SYSTEM | EA alive. Tick=138000 Equity=45490.80 OpenPos=0 UTC=2026.03.06 05:47 DayOfWeek=5 WeekendCloseActive=NO NewTradeBlocked=YES | 138000.000000
NN	0	22:48:39.823	Cazyxio_v4.1 (EURUSD,M15)	2026.03.06 05:48:39 | HEARTBEAT | SYSTEM | EA alive. Tick=138100 Equity=45490.80 OpenPos=0 UTC=2026.03.06 05:48 DayOfWeek=5 WeekendCloseActive=NO NewTradeBlocked=YES | 138100.000000
MJ	0	22:50:00.456	Cazyxio_v4.1 (EURUSD,M15)	2026.03.06 05:50:00 | HEARTBEAT | SYSTEM | EA alive. Tick=138200 Equity=45490.80 OpenPos=0 UTC=2026.03.06 05:50 DayOfWeek=5 WeekendCloseActive=NO NewTradeBlocked=YES | 138200.000000
LF	0	22:51:02.348	Cazyxio_v4.1 (EURUSD,M15)	2026.03.06 05:51:02 | HEARTBEAT | SYSTEM | EA alive. Tick=138300 Equity=45490.80 OpenPos=0 UTC=2026.03.06 05:51 DayOfWeek=5 WeekendCloseActive=NO NewTradeBlocked=YES | 138300.000000
MS	0	22:52:03.771	Cazyxio_v4.1 (EURUSD,M15)	2026.03.06 05:52:03 | HEARTBEAT | SYSTEM | EA alive. Tick=138400 Equity=45490.80 OpenPos=0 UTC=2026.03.06 05:52 DayOfWeek=5 WeekendCloseActive=NO NewTradeBlocked=YES | 138400.000000
CO	0	22:53:19.716	Cazyxio_v4.1 (EURUSD,M15)	2026.03.06 05:53:19 | HEARTBEAT | SYSTEM | EA alive. Tick=138500 Equity=45490.80 OpenPos=0 UTC=2026.03.06 05:53 DayOfWeek=5 WeekendCloseActive=NO NewTradeBlocked=YES | 138500.000000
JK	0	22:54:25.688	Cazyxio_v4.1 (EURUSD,M15)	2026.03.06 05:54:25 | HEARTBEAT | SYSTEM | EA alive. Tick=138600 Equity=45490.80 OpenPos=0 UTC=2026.03.06 05:54 DayOfWeek=5 WeekendCloseActive=NO NewTradeBlocked=YES | 138600.000000
MD	0	22:56:21.553	Cazyxio_v4.1 (EURUSD,M15)	2026.03.06 05:56:21 | HEARTBEAT | SYSTEM | EA alive. Tick=138700 Equity=45490.80 OpenPos=0 UTC=2026.03.06 05:56 DayOfWeek=5 WeekendCloseActive=NO NewTradeBlocked=YES | 138700.000000
PP	0	22:58:17.400	Cazyxio_v4.1 (EURUSD,M15)	2026.03.06 05:58:17 | HEARTBEAT | SYSTEM | EA alive. Tick=138800 Equity=45490.80 OpenPos=0 UTC=2026.03.06 05:58 DayOfWeek=5 WeekendCloseActive=NO NewTradeBlocked=YES | 138800.000000
MM	0	22:59:22.787	Cazyxio_v4.1 (EURUSD,M15)	2026.03.06 05:59:22 | HEARTBEAT | SYSTEM | EA alive. Tick=138900 Equity=45490.80 OpenPos=0 UTC=2026.03.06 05:59 DayOfWeek=5 WeekendCloseActive=NO NewTradeBlocked=YES | 138900.000000
NG	0	23:00:00.113	Cazyxio_v4.1 (EURUSD,M15)	2026.03.06 06:00:00 | SESSION_WAIT | SYSTEM | Outside session. UTC_hour=6 Sessions: 7:00-17:00 and 12:00-21:00 UTC. Waiting.
DR	0	23:00:28.235	Cazyxio_v4.1 (EURUSD,M15)	2026.03.06 06:00:28 | HEARTBEAT | SYSTEM | EA alive. Tick=139000 Equity=45490.80 OpenPos=0 UTC=2026.03.06 06:00 DayOfWeek=5 WeekendCloseActive=NO NewTradeBlocked=YES | 139000.000000
EO	0	23:01:45.729	Cazyxio_v4.1 (EURUSD,M15)	2026.03.06 06:01:45 | HEARTBEAT | SYSTEM | EA alive. Tick=139100 Equity=45490.80 OpenPos=0 UTC=2026.03.06 06:01 DayOfWeek=5 WeekendCloseActive=NO NewTradeBlocked=YES | 139100.000000
GK	0	23:03:07.842	Cazyxio_v4.1 (EURUSD,M15)	2026.03.06 06:03:07 | HEARTBEAT | SYSTEM | EA alive. Tick=139200 Equity=45490.80 OpenPos=0 UTC=2026.03.06 06:03 DayOfWeek=5 WeekendCloseActive=NO NewTradeBlocked=YES | 139200.000000
NG	0	23:04:38.378	Cazyxio_v4.1 (EURUSD,M15)	2026.03.06 06:04:38 | HEARTBEAT | SYSTEM | EA alive. Tick=139300 Equity=45490.80 OpenPos=0 UTC=2026.03.06 06:04 DayOfWeek=5 WeekendCloseActive=NO NewTradeBlocked=YES | 139300.000000
JP	0	23:06:11.905	Cazyxio_v4.1 (EURUSD,M15)	2026.03.06 06:06:11 | HEARTBEAT | SYSTEM | EA alive. Tick=139400 Equity=45490.80 OpenPos=0 UTC=2026.03.06 06:06 DayOfWeek=5 WeekendCloseActive=NO NewTradeBlocked=YES | 139400.000000
RL	0	23:07:41.384	Cazyxio_v4.1 (EURUSD,M15)	2026.03.06 06:07:41 | HEARTBEAT | SYSTEM | EA alive. Tick=139500 Equity=45490.80 OpenPos=0 UTC=2026.03.06 06:07 DayOfWeek=5 WeekendCloseActive=NO NewTradeBlocked=YES | 139500.000000
OH	0	23:08:56.630	Cazyxio_v4.1 (EURUSD,M15)	2026.03.06 06:08:56 | HEARTBEAT | SYSTEM | EA alive. Tick=139600 Equity=45490.80 OpenPos=0 UTC=2026.03.06 06:08 DayOfWeek=5 WeekendCloseActive=NO NewTradeBlocked=YES | 139600.000000
EE	0	23:10:27.008	Cazyxio_v4.1 (EURUSD,M15)	2026.03.06 06:10:27 | HEARTBEAT | SYSTEM | EA alive. Tick=139700 Equity=45490.80 OpenPos=0 UTC=2026.03.06 06:10 DayOfWeek=5 WeekendCloseActive=NO NewTradeBlocked=YES | 139700.000000
PQ	0	23:11:54.932	Cazyxio_v4.1 (EURUSD,M15)	2026.03.06 06:11:54 | HEARTBEAT | SYSTEM | EA alive. Tick=139800 Equity=45490.80 OpenPos=0 UTC=2026.03.06 06:11 DayOfWeek=5 WeekendCloseActive=NO NewTradeBlocked=YES | 139800.000000
DR	0	23:13:24.905	Cazyxio_v4.1 (EURUSD,M15)	2026.03.06 06:13:24 | HEARTBEAT | SYSTEM | EA alive. Tick=139900 Equity=45490.80 OpenPos=0 UTC=2026.03.06 06:13 DayOfWeek=5 WeekendCloseActive=NO NewTradeBlocked=YES | 139900.000000
FN	0	23:15:04.196	Cazyxio_v4.1 (EURUSD,M15)	2026.03.06 06:15:04 | HEARTBEAT | SYSTEM | EA alive. Tick=140000 Equity=45490.80 OpenPos=0 UTC=2026.03.06 06:15 DayOfWeek=5 WeekendCloseActive=NO NewTradeBlocked=YES | 140000.000000
FJ	0	23:17:40.879	Cazyxio_v4.1 (EURUSD,M15)	2026.03.06 06:17:40 | HEARTBEAT | SYSTEM | EA alive. Tick=140100 Equity=45490.80 OpenPos=0 UTC=2026.03.06 06:17 DayOfWeek=5 WeekendCloseActive=NO NewTradeBlocked=YES | 140100.000000
PG	0	23:19:36.833	Cazyxio_v4.1 (EURUSD,M15)	2026.03.06 06:19:36 | HEARTBEAT | SYSTEM | EA alive. Tick=140200 Equity=45490.80 OpenPos=0 UTC=2026.03.06 06:19 DayOfWeek=5 WeekendCloseActive=NO NewTradeBlocked=YES | 140200.000000
FS	0	23:21:21.869	Cazyxio_v4.1 (EURUSD,M15)	2026.03.06 06:21:21 | HEARTBEAT | SYSTEM | EA alive. Tick=140300 Equity=45490.80 OpenPos=0 UTC=2026.03.06 06:21 DayOfWeek=5 WeekendCloseActive=NO NewTradeBlocked=YES | 140300.000000
RO	0	23:22:26.538	Cazyxio_v4.1 (EURUSD,M15)	2026.03.06 06:22:26 | HEARTBEAT | SYSTEM | EA alive. Tick=140400 Equity=45490.80 OpenPos=0 UTC=2026.03.06 06:22 DayOfWeek=5 WeekendCloseActive=NO NewTradeBlocked=YES | 140400.000000
RH	0	23:24:55.435	Cazyxio_v4.1 (EURUSD,M15)	2026.03.06 06:24:55 | HEARTBEAT | SYSTEM | EA alive. Tick=140500 Equity=45490.80 OpenPos=0 UTC=2026.03.06 06:24 DayOfWeek=5 WeekendCloseActive=NO NewTradeBlocked=YES | 140500.000000
JD	0	23:26:30.868	Cazyxio_v4.1 (EURUSD,M15)	2026.03.06 06:26:30 | HEARTBEAT | SYSTEM | EA alive. Tick=140600 Equity=45490.80 OpenPos=0 UTC=2026.03.06 06:26 DayOfWeek=5 WeekendCloseActive=NO NewTradeBlocked=YES | 140600.000000
NQ	0	23:27:42.100	Cazyxio_v4.1 (EURUSD,M15)	2026.03.06 06:27:42 | HEARTBEAT | SYSTEM | EA alive. Tick=140700 Equity=45490.80 OpenPos=0 UTC=2026.03.06 06:27 DayOfWeek=5 WeekendCloseActive=NO NewTradeBlocked=YES | 140700.000000
QM	0	23:29:10.095	Cazyxio_v4.1 (EURUSD,M15)	2026.03.06 06:29:10 | HEARTBEAT | SYSTEM | EA alive. Tick=140800 Equity=45490.80 OpenPos=0 UTC=2026.03.06 06:29 DayOfWeek=5 WeekendCloseActive=NO NewTradeBlocked=YES | 140800.000000
FI	0	23:30:55.399	Cazyxio_v4.1 (EURUSD,M15)	2026.03.06 06:30:55 | HEARTBEAT | SYSTEM | EA alive. Tick=140900 Equity=45490.80 OpenPos=0 UTC=2026.03.06 06:30 DayOfWeek=5 WeekendCloseActive=NO NewTradeBlocked=YES | 140900.000000
MJ	0	23:32:41.314	Cazyxio_v4.1 (EURUSD,M15)	2026.03.06 06:32:41 | HEARTBEAT | SYSTEM | EA alive. Tick=141000 Equity=45490.80 OpenPos=0 UTC=2026.03.06 06:32 DayOfWeek=5 WeekendCloseActive=NO NewTradeBlocked=YES | 141000.000000
RF	0	23:34:57.395	Cazyxio_v4.1 (EURUSD,M15)	2026.03.06 06:34:57 | HEARTBEAT | SYSTEM | EA alive. Tick=141100 Equity=45490.80 OpenPos=0 UTC=2026.03.06 06:34 DayOfWeek=5 WeekendCloseActive=NO NewTradeBlocked=YES | 141100.000000
IR	0	23:36:51.705	Cazyxio_v4.1 (EURUSD,M15)	2026.03.06 06:36:51 | HEARTBEAT | SYSTEM | EA alive. Tick=141200 Equity=45490.80 OpenPos=0 UTC=2026.03.06 06:36 DayOfWeek=5 WeekendCloseActive=NO NewTradeBlocked=YES | 141200.000000
JO	0	23:38:29.214	Cazyxio_v4.1 (EURUSD,M15)	2026.03.06 06:38:29 | HEARTBEAT | SYSTEM | EA alive. Tick=141300 Equity=45490.80 OpenPos=0 UTC=2026.03.06 06:38 DayOfWeek=5 WeekendCloseActive=NO NewTradeBlocked=YES | 141300.000000
OK	0	23:39:41.571	Cazyxio_v4.1 (EURUSD,M15)	2026.03.06 06:39:41 | HEARTBEAT | SYSTEM | EA alive. Tick=141400 Equity=45490.80 OpenPos=0 UTC=2026.03.06 06:39 DayOfWeek=5 WeekendCloseActive=NO NewTradeBlocked=YES | 141400.000000
JD	0	23:40:57.387	Cazyxio_v4.1 (EURUSD,M15)	2026.03.06 06:40:57 | HEARTBEAT | SYSTEM | EA alive. Tick=141500 Equity=45490.80 OpenPos=0 UTC=2026.03.06 06:40 DayOfWeek=5 WeekendCloseActive=NO NewTradeBlocked=YES | 141500.000000
PP	0	23:41:50.098	Cazyxio_v4.1 (EURUSD,M15)	2026.03.06 06:41:50 | HEARTBEAT | SYSTEM | EA alive. Tick=141600 Equity=45490.80 OpenPos=0 UTC=2026.03.06 06:41 DayOfWeek=5 WeekendCloseActive=NO NewTradeBlocked=YES | 141600.000000
ML	0	23:42:52.429	Cazyxio_v4.1 (EURUSD,M15)	2026.03.06 06:42:52 | HEARTBEAT | SYSTEM | EA alive. Tick=141700 Equity=45490.80 OpenPos=0 UTC=2026.03.06 06:42 DayOfWeek=5 WeekendCloseActive=NO NewTradeBlocked=YES | 141700.000000
HI	0	23:44:24.668	Cazyxio_v4.1 (EURUSD,M15)	2026.03.06 06:44:24 | HEARTBEAT | SYSTEM | EA alive. Tick=141800 Equity=45490.80 OpenPos=0 UTC=2026.03.06 06:44 DayOfWeek=5 WeekendCloseActive=NO NewTradeBlocked=YES | 141800.000000
JE	0	23:45:45.144	Cazyxio_v4.1 (EURUSD,M15)	2026.03.06 06:45:45 | HEARTBEAT | SYSTEM | EA alive. Tick=141900 Equity=45490.80 OpenPos=0 UTC=2026.03.06 06:45 DayOfWeek=5 WeekendCloseActive=NO NewTradeBlocked=YES | 141900.000000
JQ	0	23:47:07.270	Cazyxio_v4.1 (EURUSD,M15)	2026.03.06 06:47:07 | HEARTBEAT | SYSTEM | EA alive. Tick=142000 Equity=45490.80 OpenPos=0 UTC=2026.03.06 06:47 DayOfWeek=5 WeekendCloseActive=NO NewTradeBlocked=YES | 142000.000000
ER	0	23:49:06.343	Cazyxio_v4.1 (EURUSD,M15)	2026.03.06 06:49:06 | HEARTBEAT | SYSTEM | EA alive. Tick=142100 Equity=45490.80 OpenPos=0 UTC=2026.03.06 06:49 DayOfWeek=5 WeekendCloseActive=NO NewTradeBlocked=YES | 142100.000000
QN	0	23:50:39.394	Cazyxio_v4.1 (EURUSD,M15)	2026.03.06 06:50:39 | HEARTBEAT | SYSTEM | EA alive. Tick=142200 Equity=45490.80 OpenPos=0 UTC=2026.03.06 06:50 DayOfWeek=5 WeekendCloseActive=NO NewTradeBlocked=YES | 142200.000000
OK	0	23:52:47.499	Cazyxio_v4.1 (EURUSD,M15)	2026.03.06 06:52:47 | HEARTBEAT | SYSTEM | EA alive. Tick=142300 Equity=45490.80 OpenPos=0 UTC=2026.03.06 06:52 DayOfWeek=5 WeekendCloseActive=NO NewTradeBlocked=YES | 142300.000000
GG	0	23:55:11.049	Cazyxio_v4.1 (EURUSD,M15)	2026.03.06 06:55:11 | HEARTBEAT | SYSTEM | EA alive. Tick=142400 Equity=45490.80 OpenPos=0 UTC=2026.03.06 06:55 DayOfWeek=5 WeekendCloseActive=NO NewTradeBlocked=YES | 142400.000000
DS	0	23:56:42.735	Cazyxio_v4.1 (EURUSD,M15)	2026.03.06 06:56:42 | HEARTBEAT | SYSTEM | EA alive. Tick=142500 Equity=45490.80 OpenPos=0 UTC=2026.03.06 06:56 DayOfWeek=5 WeekendCloseActive=NO NewTradeBlocked=YES | 142500.000000
GL	0	23:58:31.455	Cazyxio_v4.1 (EURUSD,M15)	2026.03.06 06:58:31 | HEARTBEAT | SYSTEM | EA alive. Tick=142600 Equity=45490.80 OpenPos=0 UTC=2026.03.06 06:58 DayOfWeek=5 WeekendCloseActive=NO NewTradeBlocked=YES | 142600.000000