QP	0	00:00:00.707	Cazyxio_v4.3 (EURUSD,M15)	2026.03.24 06:00:00 | SESSION_WAIT | SYSTEM | Outside session. UTC_hour=6 Waiting.
JN	0	00:00:36.461	Cazyxio_v4.3 (EURUSD,M15)	2026.03.24 06:00:36 | HEARTBEAT | SYSTEM | EA alive. Tick=59800 Equity=44972.40 OpenPos=0 PendingOrders=0 UTC=2026.03.24 06:00 DayOfWeek=2 WeekendCloseActive=NO NewTradeBlocked=NO | 59800.000000
PH	0	00:01:41.008	Cazyxio_v4.3 (EURUSD,M15)	2026.03.24 06:01:41 | HEARTBEAT | SYSTEM | EA alive. Tick=59900 Equity=44972.40 OpenPos=0 PendingOrders=0 UTC=2026.03.24 06:01 DayOfWeek=2 WeekendCloseActive=NO NewTradeBlocked=NO | 59900.000000
LJ	0	00:02:40.791	Cazyxio_v4.3 (EURUSD,M15)	2026.03.24 06:02:40 | HEARTBEAT | SYSTEM | EA alive. Tick=60000 Equity=44972.40 OpenPos=0 PendingOrders=0 UTC=2026.03.24 06:02 DayOfWeek=2 WeekendCloseActive=NO NewTradeBlocked=NO | 60000.000000
CD	0	00:03:25.236	Cazyxio_v4.3 (EURUSD,M15)	2026.03.24 06:03:25 | HEARTBEAT | SYSTEM | EA alive. Tick=60100 Equity=44972.40 OpenPos=0 PendingOrders=0 UTC=2026.03.24 06:03 DayOfWeek=2 WeekendCloseActive=NO NewTradeBlocked=NO | 60100.000000
QF	0	00:04:24.284	Cazyxio_v4.3 (EURUSD,M15)	2026.03.24 06:04:24 | HEARTBEAT | SYSTEM | EA alive. Tick=60200 Equity=44972.40 OpenPos=0 PendingOrders=0 UTC=2026.03.24 06:04 DayOfWeek=2 WeekendCloseActive=NO NewTradeBlocked=NO | 60200.000000
EP	0	00:05:27.636	Cazyxio_v4.3 (EURUSD,M15)	2026.03.24 06:05:27 | HEARTBEAT | SYSTEM | EA alive. Tick=60300 Equity=44972.40 OpenPos=0 PendingOrders=0 UTC=2026.03.24 06:05 DayOfWeek=2 WeekendCloseActive=NO NewTradeBlocked=NO | 60300.000000
HR	0	00:06:25.520	Cazyxio_v4.3 (EURUSD,M15)	2026.03.24 06:06:25 | HEARTBEAT | SYSTEM | EA alive. Tick=60400 Equity=44972.40 OpenPos=0 PendingOrders=0 UTC=2026.03.24 06:06 DayOfWeek=2 WeekendCloseActive=NO NewTradeBlocked=NO | 60400.000000
DL	0	00:07:14.424	Cazyxio_v4.3 (EURUSD,M15)	2026.03.24 06:07:14 | HEARTBEAT | SYSTEM | EA alive. Tick=60500 Equity=44972.40 OpenPos=0 PendingOrders=0 UTC=2026.03.24 06:07 DayOfWeek=2 WeekendCloseActive=NO NewTradeBlocked=NO | 60500.000000
KN	0	00:08:10.554	Cazyxio_v4.3 (EURUSD,M15)	2026.03.24 06:08:10 | HEARTBEAT | SYSTEM | EA alive. Tick=60600 Equity=44972.40 OpenPos=0 PendingOrders=0 UTC=2026.03.24 06:08 DayOfWeek=2 WeekendCloseActive=NO NewTradeBlocked=NO | 60600.000000
FH	0	00:09:55.086	Cazyxio_v4.3 (EURUSD,M15)	2026.03.24 06:09:55 | HEARTBEAT | SYSTEM | EA alive. Tick=60700 Equity=44972.40 OpenPos=0 PendingOrders=0 UTC=2026.03.24 06:09 DayOfWeek=2 WeekendCloseActive=NO NewTradeBlocked=NO | 60700.000000
FJ	0	00:11:27.106	Cazyxio_v4.3 (EURUSD,M15)	2026.03.24 06:11:27 | HEARTBEAT | SYSTEM | EA alive. Tick=60800 Equity=44972.40 OpenPos=0 PendingOrders=0 UTC=2026.03.24 06:11 DayOfWeek=2 WeekendCloseActive=NO NewTradeBlocked=NO | 60800.000000
KD	0	00:12:42.852	Cazyxio_v4.3 (EURUSD,M15)	2026.03.24 06:12:42 | HEARTBEAT | SYSTEM | EA alive. Tick=60900 Equity=44972.40 OpenPos=0 PendingOrders=0 UTC=2026.03.24 06:12 DayOfWeek=2 WeekendCloseActive=NO NewTradeBlocked=NO | 60900.000000
OF	0	00:14:03.287	Cazyxio_v4.3 (EURUSD,M15)	2026.03.24 06:14:03 | HEARTBEAT | SYSTEM | EA alive. Tick=61000 Equity=44972.40 OpenPos=0 PendingOrders=0 UTC=2026.03.24 06:14 DayOfWeek=2 WeekendCloseActive=NO NewTradeBlocked=NO | 61000.000000
IP	0	00:15:14.125	Cazyxio_v4.3 (EURUSD,M15)	2026.03.24 06:15:14 | HEARTBEAT | SYSTEM | EA alive. Tick=61100 Equity=44972.40 OpenPos=0 PendingOrders=0 UTC=2026.03.24 06:15 DayOfWeek=2 WeekendCloseActive=NO NewTradeBlocked=NO | 61100.000000
LR	0	00:16:29.138	Cazyxio_v4.3 (EURUSD,M15)	2026.03.24 06:16:29 | HEARTBEAT | SYSTEM | EA alive. Tick=61200 Equity=44972.40 OpenPos=0 PendingOrders=0 UTC=2026.03.24 06:16 DayOfWeek=2 WeekendCloseActive=NO NewTradeBlocked=NO | 61200.000000
FL	0	00:18:09.394	Cazyxio_v4.3 (EURUSD,M15)	2026.03.24 06:18:09 | HEARTBEAT | SYSTEM | EA alive. Tick=61300 Equity=44972.40 OpenPos=0 PendingOrders=0 UTC=2026.03.24 06:18 DayOfWeek=2 WeekendCloseActive=NO NewTradeBlocked=NO | 61300.000000
DN	0	00:19:22.926	Cazyxio_v4.3 (EURUSD,M15)	2026.03.24 06:19:22 | HEARTBEAT | SYSTEM | EA alive. Tick=61400 Equity=44972.40 OpenPos=0 PendingOrders=0 UTC=2026.03.24 06:19 DayOfWeek=2 WeekendCloseActive=NO NewTradeBlocked=NO | 61400.000000
FH	0	00:20:38.454	Cazyxio_v4.3 (EURUSD,M15)	2026.03.24 06:20:38 | HEARTBEAT | SYSTEM | EA alive. Tick=61500 Equity=44972.40 OpenPos=0 PendingOrders=0 UTC=2026.03.24 06:20 DayOfWeek=2 WeekendCloseActive=NO NewTradeBlocked=NO | 61500.000000
HJ	0	00:21:44.075	Cazyxio_v4.3 (EURUSD,M15)	2026.03.24 06:21:44 | HEARTBEAT | SYSTEM | EA alive. Tick=61600 Equity=44972.40 OpenPos=0 PendingOrders=0 UTC=2026.03.24 06:21 DayOfWeek=2 WeekendCloseActive=NO NewTradeBlocked=NO | 61600.000000
ED	0	00:22:53.170	Cazyxio_v4.3 (EURUSD,M15)	2026.03.24 06:22:53 | HEARTBEAT | SYSTEM | EA alive. Tick=61700 Equity=44972.40 OpenPos=0 PendingOrders=0 UTC=2026.03.24 06:22 DayOfWeek=2 WeekendCloseActive=NO NewTradeBlocked=NO | 61700.000000
EF	0	00:24:12.437	Cazyxio_v4.3 (EURUSD,M15)	2026.03.24 06:24:12 | HEARTBEAT | SYSTEM | EA alive. Tick=61800 Equity=44972.40 OpenPos=0 PendingOrders=0 UTC=2026.03.24 06:24 DayOfWeek=2 WeekendCloseActive=NO NewTradeBlocked=NO | 61800.000000
MP	0	00:25:38.779	Cazyxio_v4.3 (EURUSD,M15)	2026.03.24 06:25:38 | HEARTBEAT | SYSTEM | EA alive. Tick=61900 Equity=44972.40 OpenPos=0 PendingOrders=0 UTC=2026.03.24 06:25 DayOfWeek=2 WeekendCloseActive=NO NewTradeBlocked=NO | 61900.000000
JR	0	00:26:41.711	Cazyxio_v4.3 (EURUSD,M15)	2026.03.24 06:26:41 | HEARTBEAT | SYSTEM | EA alive. Tick=62000 Equity=44972.40 OpenPos=0 PendingOrders=0 UTC=2026.03.24 06:26 DayOfWeek=2 WeekendCloseActive=NO NewTradeBlocked=NO | 62000.000000
JL	0	00:28:03.559	Cazyxio_v4.3 (EURUSD,M15)	2026.03.24 06:28:03 | HEARTBEAT | SYSTEM | EA alive. Tick=62100 Equity=44972.40 OpenPos=0 PendingOrders=0 UTC=2026.03.24 06:28 DayOfWeek=2 WeekendCloseActive=NO NewTradeBlocked=NO | 62100.000000
RN	0	00:29:58.176	Cazyxio_v4.3 (EURUSD,M15)	2026.03.24 06:29:58 | HEARTBEAT | SYSTEM | EA alive. Tick=62200 Equity=44972.40 OpenPos=0 PendingOrders=0 UTC=2026.03.24 06:29 DayOfWeek=2 WeekendCloseActive=NO NewTradeBlocked=NO | 62200.000000
HH	0	00:31:15.120	Cazyxio_v4.3 (EURUSD,M15)	2026.03.24 06:31:15 | HEARTBEAT | SYSTEM | EA alive. Tick=62300 Equity=44972.40 OpenPos=0 PendingOrders=0 UTC=2026.03.24 06:31 DayOfWeek=2 WeekendCloseActive=NO NewTradeBlocked=NO | 62300.000000
JJ	0	00:32:36.705	Cazyxio_v4.3 (EURUSD,M15)	2026.03.24 06:32:36 | HEARTBEAT | SYSTEM | EA alive. Tick=62400 Equity=44972.40 OpenPos=0 PendingOrders=0 UTC=2026.03.24 06:32 DayOfWeek=2 WeekendCloseActive=NO NewTradeBlocked=NO | 62400.000000
HD	0	00:33:35.441	Cazyxio_v4.3 (EURUSD,M15)	2026.03.24 06:33:35 | HEARTBEAT | SYSTEM | EA alive. Tick=62500 Equity=44972.40 OpenPos=0 PendingOrders=0 UTC=2026.03.24 06:33 DayOfWeek=2 WeekendCloseActive=NO NewTradeBlocked=NO | 62500.000000
PF	0	00:34:43.248	Cazyxio_v4.3 (EURUSD,M15)	2026.03.24 06:34:43 | HEARTBEAT | SYSTEM | EA alive. Tick=62600 Equity=44972.40 OpenPos=0 PendingOrders=0 UTC=2026.03.24 06:34 DayOfWeek=2 WeekendCloseActive=NO NewTradeBlocked=NO | 62600.000000
DP	0	00:35:47.704	Cazyxio_v4.3 (EURUSD,M15)	2026.03.24 06:35:47 | HEARTBEAT | SYSTEM | EA alive. Tick=62700 Equity=44972.40 OpenPos=0 PendingOrders=0 UTC=2026.03.24 06:35 DayOfWeek=2 WeekendCloseActive=NO NewTradeBlocked=NO | 62700.000000
OR	0	00:36:49.683	Cazyxio_v4.3 (EURUSD,M15)	2026.03.24 06:36:49 | HEARTBEAT | SYSTEM | EA alive. Tick=62800 Equity=44972.40 OpenPos=0 PendingOrders=0 UTC=2026.03.24 06:36 DayOfWeek=2 WeekendCloseActive=NO NewTradeBlocked=NO | 62800.000000
KL	0	00:37:40.109	Cazyxio_v4.3 (EURUSD,M15)	2026.03.24 06:37:40 | HEARTBEAT | SYSTEM | EA alive. Tick=62900 Equity=44972.40 OpenPos=0 PendingOrders=0 UTC=2026.03.24 06:37 DayOfWeek=2 WeekendCloseActive=NO NewTradeBlocked=NO | 62900.000000
KN	0	00:38:42.070	Cazyxio_v4.3 (EURUSD,M15)	2026.03.24 06:38:42 | HEARTBEAT | SYSTEM | EA alive. Tick=63000 Equity=44972.40 OpenPos=0 PendingOrders=0 UTC=2026.03.24 06:38 DayOfWeek=2 WeekendCloseActive=NO NewTradeBlocked=NO | 63000.000000
KH	0	00:39:58.420	Cazyxio_v4.3 (EURUSD,M15)	2026.03.24 06:39:58 | HEARTBEAT | SYSTEM | EA alive. Tick=63100 Equity=44972.40 OpenPos=0 PendingOrders=0 UTC=2026.03.24 06:39 DayOfWeek=2 WeekendCloseActive=NO NewTradeBlocked=NO | 63100.000000
KJ	0	00:40:52.888	Cazyxio_v4.3 (EURUSD,M15)	2026.03.24 06:40:52 | HEARTBEAT | SYSTEM | EA alive. Tick=63200 Equity=44972.40 OpenPos=0 PendingOrders=0 UTC=2026.03.24 06:40 DayOfWeek=2 WeekendCloseActive=NO NewTradeBlocked=NO | 63200.000000
ED	0	00:42:07.462	Cazyxio_v4.3 (EURUSD,M15)	2026.03.24 06:42:07 | HEARTBEAT | SYSTEM | EA alive. Tick=63300 Equity=44972.40 OpenPos=0 PendingOrders=0 UTC=2026.03.24 06:42 DayOfWeek=2 WeekendCloseActive=NO NewTradeBlocked=NO | 63300.000000
DF	0	00:43:32.002	Cazyxio_v4.3 (EURUSD,M15)	2026.03.24 06:43:32 | HEARTBEAT | SYSTEM | EA alive. Tick=63400 Equity=44972.40 OpenPos=0 PendingOrders=0 UTC=2026.03.24 06:43 DayOfWeek=2 WeekendCloseActive=NO NewTradeBlocked=NO | 63400.000000
IP	0	00:44:47.828	Cazyxio_v4.3 (EURUSD,M15)	2026.03.24 06:44:47 | HEARTBEAT | SYSTEM | EA alive. Tick=63500 Equity=44972.40 OpenPos=0 PendingOrders=0 UTC=2026.03.24 06:44 DayOfWeek=2 WeekendCloseActive=NO NewTradeBlocked=NO | 63500.000000
RR	0	00:45:48.569	Cazyxio_v4.3 (EURUSD,M15)	2026.03.24 06:45:48 | HEARTBEAT | SYSTEM | EA alive. Tick=63600 Equity=44972.40 OpenPos=0 PendingOrders=0 UTC=2026.03.24 06:45 DayOfWeek=2 WeekendCloseActive=NO NewTradeBlocked=NO | 63600.000000
ML	0	00:46:34.059	Cazyxio_v4.3 (EURUSD,M15)	2026.03.24 06:46:34 | HEARTBEAT | SYSTEM | EA alive. Tick=63700 Equity=44972.40 OpenPos=0 PendingOrders=0 UTC=2026.03.24 06:46 DayOfWeek=2 WeekendCloseActive=NO NewTradeBlocked=NO | 63700.000000
LN	0	00:47:57.068	Cazyxio_v4.3 (EURUSD,M15)	2026.03.24 06:47:57 | HEARTBEAT | SYSTEM | EA alive. Tick=63800 Equity=44972.40 OpenPos=0 PendingOrders=0 UTC=2026.03.24 06:47 DayOfWeek=2 WeekendCloseActive=NO NewTradeBlocked=NO | 63800.000000
HH	0	00:49:23.095	Cazyxio_v4.3 (EURUSD,M15)	2026.03.24 06:49:23 | HEARTBEAT | SYSTEM | EA alive. Tick=63900 Equity=44972.40 OpenPos=0 PendingOrders=0 UTC=2026.03.24 06:49 DayOfWeek=2 WeekendCloseActive=NO NewTradeBlocked=NO | 63900.000000
EJ	0	00:50:51.571	Cazyxio_v4.3 (EURUSD,M15)	2026.03.24 06:50:51 | HEARTBEAT | SYSTEM | EA alive. Tick=64000 Equity=44972.40 OpenPos=0 PendingOrders=0 UTC=2026.03.24 06:50 DayOfWeek=2 WeekendCloseActive=NO NewTradeBlocked=NO | 64000.000000
GD	0	00:52:03.456	Cazyxio_v4.3 (EURUSD,M15)	2026.03.24 06:52:03 | HEARTBEAT | SYSTEM | EA alive. Tick=64100 Equity=44972.40 OpenPos=0 PendingOrders=0 UTC=2026.03.24 06:52 DayOfWeek=2 WeekendCloseActive=NO NewTradeBlocked=NO | 64100.000000
DF	0	00:53:06.344	Cazyxio_v4.3 (EURUSD,M15)	2026.03.24 06:53:06 | HEARTBEAT | SYSTEM | EA alive. Tick=64200 Equity=44972.40 OpenPos=0 PendingOrders=0 UTC=2026.03.24 06:53 DayOfWeek=2 WeekendCloseActive=NO NewTradeBlocked=NO | 64200.000000
NP	0	00:54:05.790	Cazyxio_v4.3 (EURUSD,M15)	2026.03.24 06:54:05 | HEARTBEAT | SYSTEM | EA alive. Tick=64300 Equity=44972.40 OpenPos=0 PendingOrders=0 UTC=2026.03.24 06:54 DayOfWeek=2 WeekendCloseActive=NO NewTradeBlocked=NO | 64300.000000
OR	0	00:55:06.549	Cazyxio_v4.3 (EURUSD,M15)	2026.03.24 06:55:06 | HEARTBEAT | SYSTEM | EA alive. Tick=64400 Equity=44972.40 OpenPos=0 PendingOrders=0 UTC=2026.03.24 06:55 DayOfWeek=2 WeekendCloseActive=NO NewTradeBlocked=NO | 64400.000000
EL	0	00:56:01.948	Cazyxio_v4.3 (EURUSD,M15)	2026.03.24 06:56:01 | HEARTBEAT | SYSTEM | EA alive. Tick=64500 Equity=44972.40 OpenPos=0 PendingOrders=0 UTC=2026.03.24 06:56 DayOfWeek=2 WeekendCloseActive=NO NewTradeBlocked=NO | 64500.000000
GN	0	00:57:03.992	Cazyxio_v4.3 (EURUSD,M15)	2026.03.24 06:57:03 | HEARTBEAT | SYSTEM | EA alive. Tick=64600 Equity=44972.40 OpenPos=0 PendingOrders=0 UTC=2026.03.24 06:57 DayOfWeek=2 WeekendCloseActive=NO NewTradeBlocked=NO | 64600.000000
MH	0	00:58:01.102	Cazyxio_v4.3 (EURUSD,M15)	2026.03.24 06:58:01 | HEARTBEAT | SYSTEM | EA alive. Tick=64700 Equity=44972.40 OpenPos=0 PendingOrders=0 UTC=2026.03.24 06:58 DayOfWeek=2 WeekendCloseActive=NO NewTradeBlocked=NO | 64700.000000
OJ	0	00:58:51.746	Cazyxio_v4.3 (EURUSD,M15)	2026.03.24 06:58:51 | HEARTBEAT | SYSTEM | EA alive. Tick=64800 Equity=44972.40 OpenPos=0 PendingOrders=0 UTC=2026.03.24 06:58 DayOfWeek=2 WeekendCloseActive=NO NewTradeBlocked=NO | 64800.000000
RD	0	00:59:33.474	Cazyxio_v4.3 (EURUSD,M15)	2026.03.24 06:59:33 | HEARTBEAT | SYSTEM | EA alive. Tick=64900 Equity=44972.40 OpenPos=0 PendingOrders=0 UTC=2026.03.24 06:59 DayOfWeek=2 WeekendCloseActive=NO NewTradeBlocked=NO | 64900.000000
PF	0	01:00:01.667	Cazyxio_v4.3 (EURUSD,M15)	2026.03.24 07:00:01 | SESSION_ACTIVE | SYSTEM | Session now ACTIVE. UTC_hour=7 Trading enabled.
QF	0	01:02:22.029	Cazyxio_v4.3 (EURUSD,M15)	2026.03.24 07:02:22 | GATE_FAIL | GBPUSD | CopyBuffer failed for Daily EMA200.
NG	0	01:04:42.436	Cazyxio_v4.3 (EURUSD,M15)	2026.03.24 07:04:42 | GATE_FAIL | EURUSD | CopyBuffer failed for Daily EMA200.
EF	0	01:07:02.760	Cazyxio_v4.3 (EURUSD,M15)	2026.03.24 07:07:02 | GATE_FAIL | USDJPY | CopyBuffer failed for Daily EMA200.
DD	0	01:07:02.760	Cazyxio_v4.3 (EURUSD,M15)	2026.03.24 07:07:02 | BAR | AUDUSD | close=0.69859 h4ema200=0.70251 h4slope=DOWN dailyEMA200=0.67266 adx=40.6 ema50=0.69836 distToEMA50=2.3pips touchSeq=3 atr=0.000847 atrRatio=0.626 dir=NONE spread=19.0 spreadOK=YES atrGate=FAIL touch=FAIL momCandle= zeroRangeBar=NO trigger=NO hasPos=NO portRisk=0.00% openPos=0 | 0.698590
FS	0	01:07:02.760	Cazyxio_v4.3 (EURUSD,M15)	2026.03.24 07:07:02 | GATE_FAIL | AUDUSD | No directional bias. h4slope=DOWN closeNow=0.69859 h4ema200=0.70251 dailyEMA200=0.67266
RD	0	01:07:02.760	Cazyxio_v4.3 (EURUSD,M15)	2026.03.24 07:07:02 | BAR | GBPJPY | close=212.697 h4ema200=211.239 h4slope=UP dailyEMA200=205.280 adx=11.9 ema50=212.580 distToEMA50=11.7pips touchSeq=12 atr=0.124714 atrRatio=0.666 dir=LONG spread=41.0 spreadOK=NO atrGate=FAIL touch=PASS momCandle=momClosePos=0.693 momOk=Y ema50Ok=Y barRange=0.153000 zeroRangeBar=NO trigger=YES hasPos=NO portRisk=0.00% openPos=0 | 212.697000
MP	0	01:07:02.760	Cazyxio_v4.3 (EURUSD,M15)	2026.03.24 07:07:02 | GATE_FAIL | GBPJPY | Spread too wide. Spread=41.0 Max=30 points.
CN	0	01:07:02.760	Cazyxio_v4.3 (EURUSD,M15)	2026.03.24 07:07:02 | BAR | USDCAD | close=1.37495 h4ema200=1.36794 h4slope=UP dailyEMA200=1.38060 adx=21.1 ema50=1.37419 distToEMA50=7.6pips touchSeq=0 atr=0.000526 atrRatio=0.587 dir=NONE spread=26.0 spreadOK=YES atrGate=FAIL touch=FAIL momCandle= zeroRangeBar=NO trigger=NO hasPos=NO portRisk=0.00% openPos=0 | 1.374950
QM	0	01:07:02.760	Cazyxio_v4.3 (EURUSD,M15)	2026.03.24 07:07:02 | GATE_FAIL | USDCAD | No directional bias. h4slope=UP closeNow=1.37495 h4ema200=1.36794 dailyEMA200=1.38060
PS	0	01:07:41.542	Cazyxio_v4.3 (EURUSD,M15)	2026.03.24 07:07:41 | HEARTBEAT | SYSTEM | EA alive. Tick=65000 Equity=44972.40 OpenPos=0 PendingOrders=0 UTC=2026.03.24 07:07 DayOfWeek=2 WeekendCloseActive=NO NewTradeBlocked=NO | 65000.000000
MM	0	01:08:38.902	Cazyxio_v4.3 (EURUSD,M15)	2026.03.24 07:08:38 | HEARTBEAT | SYSTEM | EA alive. Tick=65100 Equity=44972.40 OpenPos=0 PendingOrders=0 UTC=2026.03.24 07:08 DayOfWeek=2 WeekendCloseActive=NO NewTradeBlocked=NO | 65100.000000
IO	0	01:09:28.574	Cazyxio_v4.3 (EURUSD,M15)	2026.03.24 07:09:28 | HEARTBEAT | SYSTEM | EA alive. Tick=65200 Equity=44972.40 OpenPos=0 PendingOrders=0 UTC=2026.03.24 07:09 DayOfWeek=2 WeekendCloseActive=NO NewTradeBlocked=NO | 65200.000000
RI	0	01:10:16.711	Cazyxio_v4.3 (EURUSD,M15)	2026.03.24 07:10:16 | HEARTBEAT | SYSTEM | EA alive. Tick=65300 Equity=44972.40 OpenPos=0 PendingOrders=0 UTC=2026.03.24 07:10 DayOfWeek=2 WeekendCloseActive=NO NewTradeBlocked=NO | 65300.000000
QK	0	01:10:54.969	Cazyxio_v4.3 (EURUSD,M15)	2026.03.24 07:10:54 | HEARTBEAT | SYSTEM | EA alive. Tick=65400 Equity=44972.40 OpenPos=0 PendingOrders=0 UTC=2026.03.24 07:10 DayOfWeek=2 WeekendCloseActive=NO NewTradeBlocked=NO | 65400.000000
NE	0	01:11:36.938	Cazyxio_v4.3 (EURUSD,M15)	2026.03.24 07:11:36 | HEARTBEAT | SYSTEM | EA alive. Tick=65500 Equity=44972.40 OpenPos=0 PendingOrders=0 UTC=2026.03.24 07:11 DayOfWeek=2 WeekendCloseActive=NO NewTradeBlocked=NO | 65500.000000
JG	0	01:12:25.850	Cazyxio_v4.3 (EURUSD,M15)	2026.03.24 07:12:25 | HEARTBEAT | SYSTEM | EA alive. Tick=65600 Equity=44972.40 OpenPos=0 PendingOrders=0 UTC=2026.03.24 07:12 DayOfWeek=2 WeekendCloseActive=NO NewTradeBlocked=NO | 65600.000000
HQ	0	01:13:03.529	Cazyxio_v4.3 (EURUSD,M15)	2026.03.24 07:13:03 | HEARTBEAT | SYSTEM | EA alive. Tick=65700 Equity=44972.40 OpenPos=0 PendingOrders=0 UTC=2026.03.24 07:13 DayOfWeek=2 WeekendCloseActive=NO NewTradeBlocked=NO | 65700.000000
MS	0	01:13:45.067	Cazyxio_v4.3 (EURUSD,M15)	2026.03.24 07:13:45 | HEARTBEAT | SYSTEM | EA alive. Tick=65800 Equity=44972.40 OpenPos=0 PendingOrders=0 UTC=2026.03.24 07:13 DayOfWeek=2 WeekendCloseActive=NO NewTradeBlocked=NO | 65800.000000
KM	0	01:14:25.499	Cazyxio_v4.3 (EURUSD,M15)	2026.03.24 07:14:25 | HEARTBEAT | SYSTEM | EA alive. Tick=65900 Equity=44972.40 OpenPos=0 PendingOrders=0 UTC=2026.03.24 07:14 DayOfWeek=2 WeekendCloseActive=NO NewTradeBlocked=NO | 65900.000000
IO	0	01:17:22.035	Cazyxio_v4.3 (EURUSD,M15)	2026.03.24 07:17:22 | GATE_FAIL | EURUSD | CopyBuffer failed for Daily EMA200.
OO	0	01:19:42.410	Cazyxio_v4.3 (EURUSD,M15)	2026.03.24 07:19:42 | GATE_FAIL | USDJPY | CopyBuffer failed for Daily EMA200.
IO	0	01:19:42.410	Cazyxio_v4.3 (EURUSD,M15)	2026.03.24 07:19:42 | BAR | AUDUSD | close=0.70061 h4ema200=0.70251 h4slope=DOWN dailyEMA200=0.67266 adx=37.8 ema50=0.69844 distToEMA50=21.7pips touchSeq=0 atr=0.001011 atrRatio=0.744 dir=NONE spread=21.0 spreadOK=YES atrGate=FAIL touch=FAIL momCandle= zeroRangeBar=NO trigger=NO hasPos=NO portRisk=0.00% openPos=0 | 0.700610
CJ	0	01:19:42.410	Cazyxio_v4.3 (EURUSD,M15)	2026.03.24 07:19:42 | GATE_FAIL | AUDUSD | No directional bias. h4slope=DOWN closeNow=0.70061 h4ema200=0.70251 dailyEMA200=0.67266
CN	0	01:19:42.410	Cazyxio_v4.3 (EURUSD,M15)	2026.03.24 07:19:42 | BAR | GBPJPY | close=212.927 h4ema200=211.240 h4slope=UP dailyEMA200=205.280 adx=12.3 ema50=212.596 distToEMA50=33.1pips touchSeq=0 atr=0.130429 atrRatio=0.696 dir=LONG spread=44.0 spreadOK=NO atrGate=FAIL touch=PASS momCandle=momClosePos=0.875 momOk=Y ema50Ok=Y barRange=0.265000 zeroRangeBar=NO trigger=YES hasPos=NO portRisk=0.00% openPos=0 | 212.927000
HK	0	01:19:42.410	Cazyxio_v4.3 (EURUSD,M15)	2026.03.24 07:19:42 | GATE_FAIL | GBPJPY | Spread too wide. Spread=44.0 Max=30 points.
QE	0	01:19:42.410	Cazyxio_v4.3 (EURUSD,M15)	2026.03.24 07:19:42 | BAR | USDCAD | close=1.37278 h4ema200=1.36793 h4slope=UP dailyEMA200=1.38060 adx=18.3 ema50=1.37412 distToEMA50=13.4pips touchSeq=0 atr=0.000659 atrRatio=0.732 dir=NONE spread=26.0 spreadOK=YES atrGate=FAIL touch=FAIL momCandle= zeroRangeBar=NO trigger=NO hasPos=NO portRisk=0.00% openPos=0 | 1.372780
GE	0	01:19:42.410	Cazyxio_v4.3 (EURUSD,M15)	2026.03.24 07:19:42 | GATE_FAIL | USDCAD | No directional bias. h4slope=UP closeNow=1.37278 h4ema200=1.36793 dailyEMA200=1.38060
FI	0	01:22:03.154	Cazyxio_v4.3 (EURUSD,M15)	2026.03.24 07:22:03 | GATE_FAIL | GBPUSD | CopyBuffer failed for Daily EMA200.
PH	0	01:22:15.686	Cazyxio_v4.3 (EURUSD,M15)	2026.03.24 07:22:15 | HEARTBEAT | SYSTEM | EA alive. Tick=66000 Equity=44972.40 OpenPos=0 PendingOrders=0 UTC=2026.03.24 07:22 DayOfWeek=2 WeekendCloseActive=NO NewTradeBlocked=NO | 66000.000000
RJ	0	01:23:18.913	Cazyxio_v4.3 (EURUSD,M15)	2026.03.24 07:23:18 | HEARTBEAT | SYSTEM | EA alive. Tick=66100 Equity=44972.40 OpenPos=0 PendingOrders=0 UTC=2026.03.24 07:23 DayOfWeek=2 WeekendCloseActive=NO NewTradeBlocked=NO | 66100.000000
ED	0	01:24:14.551	Cazyxio_v4.3 (EURUSD,M15)	2026.03.24 07:24:14 | HEARTBEAT | SYSTEM | EA alive. Tick=66200 Equity=44972.40 OpenPos=0 PendingOrders=0 UTC=2026.03.24 07:24 DayOfWeek=2 WeekendCloseActive=NO NewTradeBlocked=NO | 66200.000000
GF	0	01:25:23.611	Cazyxio_v4.3 (EURUSD,M15)	2026.03.24 07:25:23 | HEARTBEAT | SYSTEM | EA alive. Tick=66300 Equity=44972.40 OpenPos=0 PendingOrders=0 UTC=2026.03.24 07:25 DayOfWeek=2 WeekendCloseActive=NO NewTradeBlocked=NO | 66300.000000
HP	0	01:26:22.433	Cazyxio_v4.3 (EURUSD,M15)	2026.03.24 07:26:22 | HEARTBEAT | SYSTEM | EA alive. Tick=66400 Equity=44972.40 OpenPos=0 PendingOrders=0 UTC=2026.03.24 07:26 DayOfWeek=2 WeekendCloseActive=NO NewTradeBlocked=NO | 66400.000000
ER	0	01:27:35.561	Cazyxio_v4.3 (EURUSD,M15)	2026.03.24 07:27:35 | HEARTBEAT | SYSTEM | EA alive. Tick=66500 Equity=44972.40 OpenPos=0 PendingOrders=0 UTC=2026.03.24 07:27 DayOfWeek=2 WeekendCloseActive=NO NewTradeBlocked=NO | 66500.000000
NL	0	01:28:47.774	Cazyxio_v4.3 (EURUSD,M15)	2026.03.24 07:28:47 | HEARTBEAT | SYSTEM | EA alive. Tick=66600 Equity=44972.40 OpenPos=0 PendingOrders=0 UTC=2026.03.24 07:28 DayOfWeek=2 WeekendCloseActive=NO NewTradeBlocked=NO | 66600.000000
CN	0	01:29:43.608	Cazyxio_v4.3 (EURUSD,M15)	2026.03.24 07:29:43 | HEARTBEAT | SYSTEM | EA alive. Tick=66700 Equity=44972.40 OpenPos=0 PendingOrders=0 UTC=2026.03.24 07:29 DayOfWeek=2 WeekendCloseActive=NO NewTradeBlocked=NO | 66700.000000
LI	0	01:32:22.310	Cazyxio_v4.3 (EURUSD,M15)	2026.03.24 07:32:22 | GATE_FAIL | GBPUSD | CopyBuffer failed for Daily EMA200.
RK	0	01:34:42.649	Cazyxio_v4.3 (EURUSD,M15)	2026.03.24 07:34:42 | GATE_FAIL | EURUSD | CopyBuffer failed for Daily EMA200.
QK	0	01:37:03.003	Cazyxio_v4.3 (EURUSD,M15)	2026.03.24 07:37:03 | GATE_FAIL | USDJPY | CopyBuffer failed for Daily EMA200.
DH	0	01:37:03.003	Cazyxio_v4.3 (EURUSD,M15)	2026.03.24 07:37:03 | BAR | AUDUSD | close=0.69878 h4ema200=0.70250 h4slope=DOWN dailyEMA200=0.67265 adx=37.8 ema50=0.69842 distToEMA50=3.6pips touchSeq=1 atr=0.001088 atrRatio=0.798 dir=NONE spread=21.0 spreadOK=YES atrGate=FAIL touch=FAIL momCandle= zeroRangeBar=NO trigger=NO hasPos=NO portRisk=0.00% openPos=0 | 0.698780
IG	0	01:37:03.003	Cazyxio_v4.3 (EURUSD,M15)	2026.03.24 07:37:03 | GATE_FAIL | AUDUSD | No directional bias. h4slope=DOWN closeNow=0.69878 h4ema200=0.70250 dailyEMA200=0.67265
PN	0	01:37:03.003	Cazyxio_v4.3 (EURUSD,M15)	2026.03.24 07:37:03 | BAR | GBPJPY | close=212.849 h4ema200=211.241 h4slope=UP dailyEMA200=205.281 adx=12.3 ema50=212.608 distToEMA50=24.1pips touchSeq=0 atr=0.133143 atrRatio=0.710 dir=LONG spread=45.0 spreadOK=NO atrGate=FAIL touch=PASS momCandle=momClosePos=0.226 momOk=N ema50Ok=Y barRange=0.146000 zeroRangeBar=NO trigger=NO hasPos=NO portRisk=0.00% openPos=0 | 212.849000
ML	0	01:37:03.003	Cazyxio_v4.3 (EURUSD,M15)	2026.03.24 07:37:03 | GATE_FAIL | GBPJPY | Spread too wide. Spread=45.0 Max=30 points.
GR	0	01:37:03.003	Cazyxio_v4.3 (EURUSD,M15)	2026.03.24 07:37:03 | BAR | USDCAD | close=1.37387 h4ema200=1.36794 h4slope=UP dailyEMA200=1.38060 adx=18.3 ema50=1.37413 distToEMA50=2.6pips touchSeq=1 atr=0.000699 atrRatio=0.775 dir=NONE spread=28.0 spreadOK=YES atrGate=FAIL touch=FAIL momCandle= zeroRangeBar=NO trigger=NO hasPos=NO portRisk=0.00% openPos=0 | 1.373870
QQ	0	01:37:03.003	Cazyxio_v4.3 (EURUSD,M15)	2026.03.24 07:37:03 | GATE_FAIL | USDCAD | No directional bias. h4slope=UP closeNow=1.37387 h4ema200=1.36794 dailyEMA200=1.38060
FD	0	01:37:38.572	Cazyxio_v4.3 (EURUSD,M15)	2026.03.24 07:37:38 | HEARTBEAT | SYSTEM | EA alive. Tick=66800 Equity=44972.40 OpenPos=0 PendingOrders=0 UTC=2026.03.24 07:37 DayOfWeek=2 WeekendCloseActive=NO NewTradeBlocked=NO | 66800.000000
MF	0	01:38:18.305	Cazyxio_v4.3 (EURUSD,M15)	2026.03.24 07:38:18 | HEARTBEAT | SYSTEM | EA alive. Tick=66900 Equity=44972.40 OpenPos=0 PendingOrders=0 UTC=2026.03.24 07:38 DayOfWeek=2 WeekendCloseActive=NO NewTradeBlocked=NO | 66900.000000
DP	0	01:39:28.972	Cazyxio_v4.3 (EURUSD,M15)	2026.03.24 07:39:28 | HEARTBEAT | SYSTEM | EA alive. Tick=67000 Equity=44972.40 OpenPos=0 PendingOrders=0 UTC=2026.03.24 07:39 DayOfWeek=2 WeekendCloseActive=NO NewTradeBlocked=NO | 67000.000000
OR	0	01:40:20.816	Cazyxio_v4.3 (EURUSD,M15)	2026.03.24 07:40:20 | HEARTBEAT | SYSTEM | EA alive. Tick=67100 Equity=44972.40 OpenPos=0 PendingOrders=0 UTC=2026.03.24 07:40 DayOfWeek=2 WeekendCloseActive=NO NewTradeBlocked=NO | 67100.000000
EL	0	01:41:37.653	Cazyxio_v4.3 (EURUSD,M15)	2026.03.24 07:41:37 | HEARTBEAT | SYSTEM | EA alive. Tick=67200 Equity=44972.40 OpenPos=0 PendingOrders=0 UTC=2026.03.24 07:41 DayOfWeek=2 WeekendCloseActive=NO NewTradeBlocked=NO | 67200.000000
JN	0	01:42:48.125	Cazyxio_v4.3 (EURUSD,M15)	2026.03.24 07:42:48 | HEARTBEAT | SYSTEM | EA alive. Tick=67300 Equity=44972.40 OpenPos=0 PendingOrders=0 UTC=2026.03.24 07:42 DayOfWeek=2 WeekendCloseActive=NO NewTradeBlocked=NO | 67300.000000
CH	0	01:43:57.642	Cazyxio_v4.3 (EURUSD,M15)	2026.03.24 07:43:57 | HEARTBEAT | SYSTEM | EA alive. Tick=67400 Equity=44972.40 OpenPos=0 PendingOrders=0 UTC=2026.03.24 07:43 DayOfWeek=2 WeekendCloseActive=NO NewTradeBlocked=NO | 67400.000000
EJ	0	01:44:51.713	Cazyxio_v4.3 (EURUSD,M15)	2026.03.24 07:44:51 | HEARTBEAT | SYSTEM | EA alive. Tick=67500 Equity=44972.40 OpenPos=0 PendingOrders=0 UTC=2026.03.24 07:44 DayOfWeek=2 WeekendCloseActive=NO NewTradeBlocked=NO | 67500.000000
LE	0	01:47:22.246	Cazyxio_v4.3 (EURUSD,M15)	2026.03.24 07:47:22 | GATE_FAIL | GBPUSD | CopyBuffer failed for Daily EMA200.
IG	0	01:49:42.653	Cazyxio_v4.3 (EURUSD,M15)	2026.03.24 07:49:42 | GATE_FAIL | EURUSD | CopyBuffer failed for Daily EMA200.
NG	0	01:52:03.004	Cazyxio_v4.3 (EURUSD,M15)	2026.03.24 07:52:03 | GATE_FAIL | USDJPY | CopyBuffer failed for Daily EMA200.
JE	0	01:52:03.004	Cazyxio_v4.3 (EURUSD,M15)	2026.03.24 07:52:03 | BAR | AUDUSD | close=0.69904 h4ema200=0.70251 h4slope=DOWN dailyEMA200=0.67265 adx=37.8 ema50=0.69846 distToEMA50=5.8pips touchSeq=2 atr=0.001110 atrRatio=0.811 dir=NONE spread=21.0 spreadOK=YES atrGate=PASS touch=FAIL momCandle= zeroRangeBar=NO trigger=NO hasPos=NO portRisk=0.00% openPos=0 | 0.699040
KS	0	01:52:03.004	Cazyxio_v4.3 (EURUSD,M15)	2026.03.24 07:52:03 | GATE_FAIL | AUDUSD | No directional bias. h4slope=DOWN closeNow=0.69904 h4ema200=0.70251 dailyEMA200=0.67265
LG	0	01:52:03.004	Cazyxio_v4.3 (EURUSD,M15)	2026.03.24 07:52:03 | BAR | GBPJPY | close=212.926 h4ema200=211.240 h4slope=UP dailyEMA200=205.280 adx=12.3 ema50=212.619 distToEMA50=30.7pips touchSeq=0 atr=0.137143 atrRatio=0.730 dir=LONG spread=42.0 spreadOK=NO atrGate=FAIL touch=PASS momCandle=momClosePos=0.853 momOk=Y ema50Ok=Y barRange=0.177000 zeroRangeBar=NO trigger=YES hasPos=NO portRisk=0.00% openPos=0 | 212.926000
MP	0	01:52:03.004	Cazyxio_v4.3 (EURUSD,M15)	2026.03.24 07:52:03 | GATE_FAIL | GBPJPY | Spread too wide. Spread=42.0 Max=30 points.
DO	0	01:52:03.004	Cazyxio_v4.3 (EURUSD,M15)	2026.03.24 07:52:03 | BAR | USDCAD | close=1.37367 h4ema200=1.36794 h4slope=UP dailyEMA200=1.38060 adx=18.3 ema50=1.37411 distToEMA50=4.4pips touchSeq=2 atr=0.000734 atrRatio=0.810 dir=NONE spread=26.0 spreadOK=YES atrGate=PASS touch=FAIL momCandle= zeroRangeBar=NO trigger=NO hasPos=NO portRisk=0.00% openPos=0 | 1.373670
JM	0	01:52:03.004	Cazyxio_v4.3 (EURUSD,M15)	2026.03.24 07:52:03 | GATE_FAIL | USDCAD | No directional bias. h4slope=UP closeNow=1.37367 h4ema200=1.36794 dailyEMA200=1.38060
LP	0	01:52:55.900	Cazyxio_v4.3 (EURUSD,M15)	2026.03.24 07:52:55 | HEARTBEAT | SYSTEM | EA alive. Tick=67600 Equity=44972.40 OpenPos=0 PendingOrders=0 UTC=2026.03.24 07:52 DayOfWeek=2 WeekendCloseActive=NO NewTradeBlocked=NO | 67600.000000
ER	0	01:54:10.523	Cazyxio_v4.3 (EURUSD,M15)	2026.03.24 07:54:10 | HEARTBEAT | SYSTEM | EA alive. Tick=67700 Equity=44972.40 OpenPos=0 PendingOrders=0 UTC=2026.03.24 07:54 DayOfWeek=2 WeekendCloseActive=NO NewTradeBlocked=NO | 67700.000000
IL	0	01:55:14.133	Cazyxio_v4.3 (EURUSD,M15)	2026.03.24 07:55:14 | HEARTBEAT | SYSTEM | EA alive. Tick=67800 Equity=44972.40 OpenPos=0 PendingOrders=0 UTC=2026.03.24 07:55 DayOfWeek=2 WeekendCloseActive=NO NewTradeBlocked=NO | 67800.000000
JN	0	01:56:08.560	Cazyxio_v4.3 (EURUSD,M15)	2026.03.24 07:56:08 | HEARTBEAT | SYSTEM | EA alive. Tick=67900 Equity=44972.40 OpenPos=0 PendingOrders=0 UTC=2026.03.24 07:56 DayOfWeek=2 WeekendCloseActive=NO NewTradeBlocked=NO | 67900.000000
IH	0	01:57:10.726	Cazyxio_v4.3 (EURUSD,M15)	2026.03.24 07:57:10 | HEARTBEAT | SYSTEM | EA alive. Tick=68000 Equity=44972.40 OpenPos=0 PendingOrders=0 UTC=2026.03.24 07:57 DayOfWeek=2 WeekendCloseActive=NO NewTradeBlocked=NO | 68000.000000
FJ	0	01:58:16.999	Cazyxio_v4.3 (EURUSD,M15)	2026.03.24 07:58:16 | HEARTBEAT | SYSTEM | EA alive. Tick=68100 Equity=44972.40 OpenPos=0 PendingOrders=0 UTC=2026.03.24 07:58 DayOfWeek=2 WeekendCloseActive=NO NewTradeBlocked=NO | 68100.000000
ND	0	01:59:31.653	Cazyxio_v4.3 (EURUSD,M15)	2026.03.24 07:59:31 | HEARTBEAT | SYSTEM | EA alive. Tick=68200 Equity=44972.40 OpenPos=0 PendingOrders=0 UTC=2026.03.24 07:59 DayOfWeek=2 WeekendCloseActive=NO NewTradeBlocked=NO | 68200.000000
JG	0	02:02:22.299	Cazyxio_v4.3 (EURUSD,M15)	2026.03.24 08:02:22 | GATE_FAIL | GBPUSD | CopyBuffer failed for Daily EMA200.
GQ	0	02:04:42.619	Cazyxio_v4.3 (EURUSD,M15)	2026.03.24 08:04:42 | GATE_FAIL | EURUSD | CopyBuffer failed for Daily EMA200.
LQ	0	02:07:02.974	Cazyxio_v4.3 (EURUSD,M15)	2026.03.24 08:07:02 | GATE_FAIL | USDJPY | CopyBuffer failed for Daily EMA200.
QS	0	02:07:02.974	Cazyxio_v4.3 (EURUSD,M15)	2026.03.24 08:07:02 | BAR | AUDUSD | close=0.69885 h4ema200=0.70251 h4slope=DOWN dailyEMA200=0.67265 adx=37.8 ema50=0.69847 distToEMA50=3.8pips touchSeq=3 atr=0.001165 atrRatio=0.848 dir=NONE spread=22.0 spreadOK=YES atrGate=PASS touch=FAIL momCandle= zeroRangeBar=NO trigger=NO hasPos=NO portRisk=0.00% openPos=0 | 0.698850
EQ	0	02:07:02.974	Cazyxio_v4.3 (EURUSD,M15)	2026.03.24 08:07:02 | GATE_FAIL | AUDUSD | No directional bias. h4slope=DOWN closeNow=0.69885 h4ema200=0.70251 dailyEMA200=0.67265
PE	0	02:07:02.974	Cazyxio_v4.3 (EURUSD,M15)	2026.03.24 08:07:02 | BAR | GBPJPY | close=212.852 h4ema200=211.239 h4slope=UP dailyEMA200=205.279 adx=12.3 ema50=212.622 distToEMA50=23.0pips touchSeq=0 atr=0.152214 atrRatio=0.808 dir=LONG spread=46.0 spreadOK=NO atrGate=PASS touch=PASS momCandle=momClosePos=0.426 momOk=N ema50Ok=Y barRange=0.136000 zeroRangeBar=NO trigger=NO hasPos=NO portRisk=0.00% openPos=0 | 212.852000
MF	0	02:07:02.974	Cazyxio_v4.3 (EURUSD,M15)	2026.03.24 08:07:02 | GATE_FAIL | GBPJPY | Spread too wide. Spread=46.0 Max=30 points.
PM	0	02:07:02.974	Cazyxio_v4.3 (EURUSD,M15)	2026.03.24 08:07:02 | BAR | USDCAD | close=1.37392 h4ema200=1.36794 h4slope=UP dailyEMA200=1.38060 adx=18.3 ema50=1.37411 distToEMA50=1.9pips touchSeq=3 atr=0.000790 atrRatio=0.869 dir=NONE spread=27.0 spreadOK=YES atrGate=PASS touch=FAIL momCandle= zeroRangeBar=NO trigger=NO hasPos=NO portRisk=0.00% openPos=0 | 1.373920
LK	0	02:07:02.974	Cazyxio_v4.3 (EURUSD,M15)	2026.03.24 08:07:02 | GATE_FAIL | USDCAD | No directional bias. h4slope=UP closeNow=1.37392 h4ema200=1.36794 dailyEMA200=1.38060
MM	0	02:07:32.227	Cazyxio_v4.3 (EURUSD,M15)	2026.03.24 08:07:32 | HEARTBEAT | SYSTEM | EA alive. Tick=68300 Equity=44972.40 OpenPos=0 PendingOrders=0 UTC=2026.03.24 08:07 DayOfWeek=2 WeekendCloseActive=NO NewTradeBlocked=NO | 68300.000000
JO	0	02:08:17.151	Cazyxio_v4.3 (EURUSD,M15)	2026.03.24 08:08:17 | HEARTBEAT | SYSTEM | EA alive. Tick=68400 Equity=44972.40 OpenPos=0 PendingOrders=0 UTC=2026.03.24 08:08 DayOfWeek=2 WeekendCloseActive=NO NewTradeBlocked=NO | 68400.000000
CI	0	02:09:04.164	Cazyxio_v4.3 (EURUSD,M15)	2026.03.24 08:09:04 | HEARTBEAT | SYSTEM | EA alive. Tick=68500 Equity=44972.40 OpenPos=0 PendingOrders=0 UTC=2026.03.24 08:09 DayOfWeek=2 WeekendCloseActive=NO NewTradeBlocked=NO | 68500.000000
JK	0	02:09:43.631	Cazyxio_v4.3 (EURUSD,M15)	2026.03.24 08:09:43 | HEARTBEAT | SYSTEM | EA alive. Tick=68600 Equity=44972.40 OpenPos=0 PendingOrders=0 UTC=2026.03.24 08:09 DayOfWeek=2 WeekendCloseActive=NO NewTradeBlocked=NO | 68600.000000
EE	0	02:10:38.779	Cazyxio_v4.3 (EURUSD,M15)	2026.03.24 08:10:38 | HEARTBEAT | SYSTEM | EA alive. Tick=68700 Equity=44972.40 OpenPos=0 PendingOrders=0 UTC=2026.03.24 08:10 DayOfWeek=2 WeekendCloseActive=NO NewTradeBlocked=NO | 68700.000000
RG	0	02:11:36.720	Cazyxio_v4.3 (EURUSD,M15)	2026.03.24 08:11:36 | HEARTBEAT | SYSTEM | EA alive. Tick=68800 Equity=44972.40 OpenPos=0 PendingOrders=0 UTC=2026.03.24 08:11 DayOfWeek=2 WeekendCloseActive=NO NewTradeBlocked=NO | 68800.000000
QQ	0	02:12:32.997	Cazyxio_v4.3 (EURUSD,M15)	2026.03.24 08:12:32 | HEARTBEAT | SYSTEM | EA alive. Tick=68900 Equity=44972.40 OpenPos=0 PendingOrders=0 UTC=2026.03.24 08:12 DayOfWeek=2 WeekendCloseActive=NO NewTradeBlocked=NO | 68900.000000
JS	0	02:13:29.953	Cazyxio_v4.3 (EURUSD,M15)	2026.03.24 08:13:29 | HEARTBEAT | SYSTEM | EA alive. Tick=69000 Equity=44972.40 OpenPos=0 PendingOrders=0 UTC=2026.03.24 08:13 DayOfWeek=2 WeekendCloseActive=NO NewTradeBlocked=NO | 69000.000000
HM	0	02:14:25.468	Cazyxio_v4.3 (EURUSD,M15)	2026.03.24 08:14:25 | HEARTBEAT | SYSTEM | EA alive. Tick=69100 Equity=44972.40 OpenPos=0 PendingOrders=0 UTC=2026.03.24 08:14 DayOfWeek=2 WeekendCloseActive=NO NewTradeBlocked=NO | 69100.000000
OO	0	02:17:22.198	Cazyxio_v4.3 (EURUSD,M15)	2026.03.24 08:17:22 | GATE_FAIL | EURUSD | CopyBuffer failed for Daily EMA200.
DO	0	02:19:42.532	Cazyxio_v4.3 (EURUSD,M15)	2026.03.24 08:19:42 | GATE_FAIL | USDJPY | CopyBuffer failed for Daily EMA200.
OM	0	02:19:42.532	Cazyxio_v4.3 (EURUSD,M15)	2026.03.24 08:19:42 | BAR | AUDUSD | close=0.69841 h4ema200=0.70250 h4slope=DOWN dailyEMA200=0.67264 adx=37.8 ema50=0.69843 distToEMA50=0.2pips touchSeq=4 atr=0.001186 atrRatio=0.860 dir=NONE spread=16.0 spreadOK=YES atrGate=PASS touch=FAIL momCandle= zeroRangeBar=NO trigger=NO hasPos=NO portRisk=0.00% openPos=0 | 0.698410
MJ	0	02:19:42.532	Cazyxio_v4.3 (EURUSD,M15)	2026.03.24 08:19:42 | GATE_FAIL | AUDUSD | No directional bias. h4slope=DOWN closeNow=0.69841 h4ema200=0.70250 dailyEMA200=0.67264
OQ	0	02:19:42.532	Cazyxio_v4.3 (EURUSD,M15)	2026.03.24 08:19:42 | BAR | GBPJPY | close=212.679 h4ema200=211.238 h4slope=UP dailyEMA200=205.278 adx=12.3 ema50=212.623 distToEMA50=5.6pips touchSeq=1 atr=0.153571 atrRatio=0.814 dir=LONG spread=43.0 spreadOK=NO atrGate=PASS touch=PASS momCandle=momClosePos=0.308 momOk=N ema50Ok=Y barRange=0.247000 zeroRangeBar=NO trigger=NO hasPos=NO portRisk=0.00% openPos=0 | 212.679000
HH	0	02:19:42.532	Cazyxio_v4.3 (EURUSD,M15)	2026.03.24 08:19:42 | GATE_FAIL | GBPJPY | Spread too wide. Spread=43.0 Max=30 points.
CG	0	02:19:42.533	Cazyxio_v4.3 (EURUSD,M15)	2026.03.24 08:19:42 | BAR | USDCAD | close=1.37433 h4ema200=1.36795 h4slope=UP dailyEMA200=1.38061 adx=18.3 ema50=1.37414 distToEMA50=1.9pips touchSeq=4 atr=0.000815 atrRatio=0.893 dir=NONE spread=24.0 spreadOK=YES atrGate=PASS touch=FAIL momCandle= zeroRangeBar=NO trigger=NO hasPos=NO portRisk=0.00% openPos=0 | 1.374330
QE	0	02:19:42.533	Cazyxio_v4.3 (EURUSD,M15)	2026.03.24 08:19:42 | GATE_FAIL | USDCAD | No directional bias. h4slope=UP closeNow=1.37433 h4ema200=1.36795 dailyEMA200=1.38061
QI	0	02:22:03.669	Cazyxio_v4.3 (EURUSD,M15)	2026.03.24 08:22:03 | GATE_FAIL | GBPUSD | CopyBuffer failed for Daily EMA200.
HK	0	02:22:13.847	Cazyxio_v4.3 (EURUSD,M15)	2026.03.24 08:22:13 | HEARTBEAT | SYSTEM | EA alive. Tick=69200 Equity=44972.40 OpenPos=0 PendingOrders=0 UTC=2026.03.24 08:22 DayOfWeek=2 WeekendCloseActive=NO NewTradeBlocked=NO | 69200.000000
LE	0	02:23:04.035	Cazyxio_v4.3 (EURUSD,M15)	2026.03.24 08:23:04 | HEARTBEAT | SYSTEM | EA alive. Tick=69300 Equity=44972.40 OpenPos=0 PendingOrders=0 UTC=2026.03.24 08:23 DayOfWeek=2 WeekendCloseActive=NO NewTradeBlocked=NO | 69300.000000
MG	0	02:24:04.662	Cazyxio_v4.3 (EURUSD,M15)	2026.03.24 08:24:04 | HEARTBEAT | SYSTEM | EA alive. Tick=69400 Equity=44972.40 OpenPos=0 PendingOrders=0 UTC=2026.03.24 08:24 DayOfWeek=2 WeekendCloseActive=NO NewTradeBlocked=NO | 69400.000000
NQ	0	02:25:11.367	Cazyxio_v4.3 (EURUSD,M15)	2026.03.24 08:25:11 | HEARTBEAT | SYSTEM | EA alive. Tick=69500 Equity=44972.40 OpenPos=0 PendingOrders=0 UTC=2026.03.24 08:25 DayOfWeek=2 WeekendCloseActive=NO NewTradeBlocked=NO | 69500.000000
KS	0	02:25:59.616	Cazyxio_v4.3 (EURUSD,M15)	2026.03.24 08:25:59 | HEARTBEAT | SYSTEM | EA alive. Tick=69600 Equity=44972.40 OpenPos=0 PendingOrders=0 UTC=2026.03.24 08:25 DayOfWeek=2 WeekendCloseActive=NO NewTradeBlocked=NO | 69600.000000
LM	0	02:26:44.012	Cazyxio_v4.3 (EURUSD,M15)	2026.03.24 08:26:44 | HEARTBEAT | SYSTEM | EA alive. Tick=69700 Equity=44972.40 OpenPos=0 PendingOrders=0 UTC=2026.03.24 08:26 DayOfWeek=2 WeekendCloseActive=NO NewTradeBlocked=NO | 69700.000000
QO	0	02:27:37.270	Cazyxio_v4.3 (EURUSD,M15)	2026.03.24 08:27:37 | HEARTBEAT | SYSTEM | EA alive. Tick=69800 Equity=44972.40 OpenPos=0 PendingOrders=0 UTC=2026.03.24 08:27 DayOfWeek=2 WeekendCloseActive=NO NewTradeBlocked=NO | 69800.000000
DI	0	02:28:45.731	Cazyxio_v4.3 (EURUSD,M15)	2026.03.24 08:28:45 | HEARTBEAT | SYSTEM | EA alive. Tick=69900 Equity=44972.40 OpenPos=0 PendingOrders=0 UTC=2026.03.24 08:28 DayOfWeek=2 WeekendCloseActive=NO NewTradeBlocked=NO | 69900.000000
MK	0	02:29:44.971	Cazyxio_v4.3 (EURUSD,M15)	2026.03.24 08:29:44 | HEARTBEAT | SYSTEM | EA alive. Tick=70000 Equity=44972.40 OpenPos=0 PendingOrders=0 UTC=2026.03.24 08:29 DayOfWeek=2 WeekendCloseActive=NO NewTradeBlocked=NO | 70000.000000
CE	0	02:32:22.239	Cazyxio_v4.3 (EURUSD,M15)	2026.03.24 08:32:22 | GATE_FAIL | EURUSD | CopyBuffer failed for Daily EMA200.
GE	0	02:34:42.555	Cazyxio_v4.3 (EURUSD,M15)	2026.03.24 08:34:42 | GATE_FAIL | USDJPY | CopyBuffer failed for Daily EMA200.
OD	0	02:34:42.555	Cazyxio_v4.3 (EURUSD,M15)	2026.03.24 08:34:42 | BAR | AUDUSD | close=0.69683 h4ema200=0.70249 h4slope=DOWN dailyEMA200=0.67263 adx=37.8 ema50=0.69833 distToEMA50=15.0pips touchSeq=0 atr=0.001194 atrRatio=0.862 dir=NONE spread=18.0 spreadOK=YES atrGate=PASS touch=FAIL momCandle= zeroRangeBar=NO trigger=NO hasPos=NO portRisk=0.00% openPos=0 | 0.696830
ID	0	02:34:42.555	Cazyxio_v4.3 (EURUSD,M15)	2026.03.24 08:34:42 | GATE_FAIL | AUDUSD | No directional bias. h4slope=DOWN closeNow=0.69683 h4ema200=0.70249 dailyEMA200=0.67263
KK	0	02:34:42.555	Cazyxio_v4.3 (EURUSD,M15)	2026.03.24 08:34:42 | BAR | GBPJPY | close=212.526 h4ema200=211.236 h4slope=UP dailyEMA200=205.277 adx=12.3 ema50=212.612 distToEMA50=8.6pips touchSeq=2 atr=0.158643 atrRatio=0.839 dir=LONG spread=45.0 spreadOK=NO atrGate=PASS touch=PASS momCandle=momClosePos=0.042 momOk=N ema50Ok=Y barRange=0.237000 zeroRangeBar=NO trigger=NO hasPos=NO portRisk=0.00% openPos=0 | 212.526000
CR	0	02:34:42.555	Cazyxio_v4.3 (EURUSD,M15)	2026.03.24 08:34:42 | GATE_FAIL | GBPJPY | Spread too wide. Spread=45.0 Max=30 points.
PQ	0	02:34:42.555	Cazyxio_v4.3 (EURUSD,M15)	2026.03.24 08:34:42 | BAR | USDCAD | close=1.37514 h4ema200=1.36795 h4slope=UP dailyEMA200=1.38061 adx=18.3 ema50=1.37419 distToEMA50=9.5pips touchSeq=5 atr=0.000831 atrRatio=0.907 dir=NONE spread=29.0 spreadOK=YES atrGate=PASS touch=FAIL momCandle= zeroRangeBar=NO trigger=NO hasPos=NO portRisk=0.00% openPos=0 | 1.375140
KO	0	02:34:42.555	Cazyxio_v4.3 (EURUSD,M15)	2026.03.24 08:34:42 | GATE_FAIL | USDCAD | No directional bias. h4slope=UP closeNow=1.37514 h4ema200=1.36795 dailyEMA200=1.38061
GG	0	02:37:05.320	Cazyxio_v4.3 (EURUSD,M15)	2026.03.24 08:37:05 | GATE_FAIL | GBPUSD | CopyBuffer failed for Daily EMA200.
PQ	0	02:37:27.342	Cazyxio_v4.3 (EURUSD,M15)	2026.03.24 08:37:27 | HEARTBEAT | SYSTEM | EA alive. Tick=70100 Equity=44972.40 OpenPos=0 PendingOrders=0 UTC=2026.03.24 08:37 DayOfWeek=2 WeekendCloseActive=NO NewTradeBlocked=NO | 70100.000000
IS	0	02:38:10.076	Cazyxio_v4.3 (EURUSD,M15)	2026.03.24 08:38:10 | HEARTBEAT | SYSTEM | EA alive. Tick=70200 Equity=44972.40 OpenPos=0 PendingOrders=0 UTC=2026.03.24 08:38 DayOfWeek=2 WeekendCloseActive=NO NewTradeBlocked=NO | 70200.000000
CM	0	02:38:51.106	Cazyxio_v4.3 (EURUSD,M15)	2026.03.24 08:38:51 | HEARTBEAT | SYSTEM | EA alive. Tick=70300 Equity=44972.40 OpenPos=0 PendingOrders=0 UTC=2026.03.24 08:38 DayOfWeek=2 WeekendCloseActive=NO NewTradeBlocked=NO | 70300.000000
DO	0	02:39:46.520	Cazyxio_v4.3 (EURUSD,M15)	2026.03.24 08:39:46 | HEARTBEAT | SYSTEM | EA alive. Tick=70400 Equity=44972.40 OpenPos=0 PendingOrders=0 UTC=2026.03.24 08:39 DayOfWeek=2 WeekendCloseActive=NO NewTradeBlocked=NO | 70400.000000
MI	0	02:40:29.174	Cazyxio_v4.3 (EURUSD,M15)	2026.03.24 08:40:29 | HEARTBEAT | SYSTEM | EA alive. Tick=70500 Equity=44972.40 OpenPos=0 PendingOrders=0 UTC=2026.03.24 08:40 DayOfWeek=2 WeekendCloseActive=NO NewTradeBlocked=NO | 70500.000000
RK	0	02:41:33.699	Cazyxio_v4.3 (EURUSD,M15)	2026.03.24 08:41:33 | HEARTBEAT | SYSTEM | EA alive. Tick=70600 Equity=44972.40 OpenPos=0 PendingOrders=0 UTC=2026.03.24 08:41 DayOfWeek=2 WeekendCloseActive=NO NewTradeBlocked=NO | 70600.000000
KE	0	02:42:34.020	Cazyxio_v4.3 (EURUSD,M15)	2026.03.24 08:42:34 | HEARTBEAT | SYSTEM | EA alive. Tick=70700 Equity=44972.40 OpenPos=0 PendingOrders=0 UTC=2026.03.24 08:42 DayOfWeek=2 WeekendCloseActive=NO NewTradeBlocked=NO | 70700.000000
QG	0	02:43:25.234	Cazyxio_v4.3 (EURUSD,M15)	2026.03.24 08:43:25 | HEARTBEAT | SYSTEM | EA alive. Tick=70800 Equity=44972.40 OpenPos=0 PendingOrders=0 UTC=2026.03.24 08:43 DayOfWeek=2 WeekendCloseActive=NO NewTradeBlocked=NO | 70800.000000
OQ	0	02:44:21.743	Cazyxio_v4.3 (EURUSD,M15)	2026.03.24 08:44:21 | HEARTBEAT | SYSTEM | EA alive. Tick=70900 Equity=44972.40 OpenPos=0 PendingOrders=0 UTC=2026.03.24 08:44 DayOfWeek=2 WeekendCloseActive=NO NewTradeBlocked=NO | 70900.000000
OR	0	02:47:22.320	Cazyxio_v4.3 (EURUSD,M15)	2026.03.24 08:47:22 | GATE_FAIL | GBPUSD | CopyBuffer failed for Daily EMA200.
RS	0	02:49:42.728	Cazyxio_v4.3 (EURUSD,M15)	2026.03.24 08:49:42 | GATE_FAIL | EURUSD | CopyBuffer failed for Daily EMA200.
LR	0	02:52:03.057	Cazyxio_v4.3 (EURUSD,M15)	2026.03.24 08:52:03 | GATE_FAIL | USDJPY | CopyBuffer failed for Daily EMA200.
OR	0	02:52:03.057	Cazyxio_v4.3 (EURUSD,M15)	2026.03.24 08:52:03 | BAR | AUDUSD | close=0.69680 h4ema200=0.70248 h4slope=DOWN dailyEMA200=0.67262 adx=37.8 ema50=0.69824 distToEMA50=14.4pips touchSeq=0 atr=0.001232 atrRatio=0.886 dir=NONE spread=20.0 spreadOK=YES atrGate=PASS touch=FAIL momCandle= zeroRangeBar=NO trigger=NO hasPos=NO portRisk=0.00% openPos=0 | 0.696800
GO	0	02:52:03.057	Cazyxio_v4.3 (EURUSD,M15)	2026.03.24 08:52:03 | GATE_FAIL | AUDUSD | No directional bias. h4slope=DOWN closeNow=0.69680 h4ema200=0.70248 dailyEMA200=0.67262
OG	0	02:52:03.057	Cazyxio_v4.3 (EURUSD,M15)	2026.03.24 08:52:03 | BAR | GBPJPY | close=212.501 h4ema200=211.236 h4slope=UP dailyEMA200=205.276 adx=11.6 ema50=212.606 distToEMA50=10.5pips touchSeq=3 atr=0.172571 atrRatio=0.911 dir=LONG spread=45.0 spreadOK=NO atrGate=PASS touch=PASS momCandle=momClosePos=0.608 momOk=N ema50Ok=Y barRange=0.120000 zeroRangeBar=NO trigger=NO hasPos=NO portRisk=0.00% openPos=0 | 212.501000
RD	0	02:52:03.057	Cazyxio_v4.3 (EURUSD,M15)	2026.03.24 08:52:03 | GATE_FAIL | GBPJPY | Spread too wide. Spread=45.0 Max=30 points.
EH	0	02:52:03.057	Cazyxio_v4.3 (EURUSD,M15)	2026.03.24 08:52:03 | BAR | USDCAD | close=1.37483 h4ema200=1.36795 h4slope=UP dailyEMA200=1.38061 adx=18.3 ema50=1.37421 distToEMA50=6.2pips touchSeq=6 atr=0.000859 atrRatio=0.935 dir=NONE spread=26.0 spreadOK=YES atrGate=PASS touch=FAIL momCandle= zeroRangeBar=NO trigger=NO hasPos=NO portRisk=0.00% openPos=0 | 1.374830
KF	0	02:52:03.057	Cazyxio_v4.3 (EURUSD,M15)	2026.03.24 08:52:03 | GATE_FAIL | USDCAD | No directional bias. h4slope=UP closeNow=1.37483 h4ema200=1.36795 dailyEMA200=1.38061
LO	0	02:52:20.031	Cazyxio_v4.3 (EURUSD,M15)	2026.03.24 08:52:20 | HEARTBEAT | SYSTEM | EA alive. Tick=71000 Equity=44972.40 OpenPos=0 PendingOrders=0 UTC=2026.03.24 08:52 DayOfWeek=2 WeekendCloseActive=NO NewTradeBlocked=NO | 71000.000000
II	0	02:53:06.738	Cazyxio_v4.3 (EURUSD,M15)	2026.03.24 08:53:06 | HEARTBEAT | SYSTEM | EA alive. Tick=71100 Equity=44972.40 OpenPos=0 PendingOrders=0 UTC=2026.03.24 08:53 DayOfWeek=2 WeekendCloseActive=NO NewTradeBlocked=NO | 71100.000000
PK	0	02:53:59.456	Cazyxio_v4.3 (EURUSD,M15)	2026.03.24 08:53:59 | HEARTBEAT | SYSTEM | EA alive. Tick=71200 Equity=44972.40 OpenPos=0 PendingOrders=0 UTC=2026.03.24 08:53 DayOfWeek=2 WeekendCloseActive=NO NewTradeBlocked=NO | 71200.000000
NE	0	02:54:49.464	Cazyxio_v4.3 (EURUSD,M15)	2026.03.24 08:54:49 | HEARTBEAT | SYSTEM | EA alive. Tick=71300 Equity=44972.40 OpenPos=0 PendingOrders=0 UTC=2026.03.24 08:54 DayOfWeek=2 WeekendCloseActive=NO NewTradeBlocked=NO | 71300.000000
PG	0	02:55:35.122	Cazyxio_v4.3 (EURUSD,M15)	2026.03.24 08:55:35 | HEARTBEAT | SYSTEM | EA alive. Tick=71400 Equity=44972.40 OpenPos=0 PendingOrders=0 UTC=2026.03.24 08:55 DayOfWeek=2 WeekendCloseActive=NO NewTradeBlocked=NO | 71400.000000
PQ	0	02:56:23.332	Cazyxio_v4.3 (EURUSD,M15)	2026.03.24 08:56:23 | HEARTBEAT | SYSTEM | EA alive. Tick=71500 Equity=44972.40 OpenPos=0 PendingOrders=0 UTC=2026.03.24 08:56 DayOfWeek=2 WeekendCloseActive=NO NewTradeBlocked=NO | 71500.000000
GS	0	02:57:16.569	Cazyxio_v4.3 (EURUSD,M15)	2026.03.24 08:57:16 | HEARTBEAT | SYSTEM | EA alive. Tick=71600 Equity=44972.40 OpenPos=0 PendingOrders=0 UTC=2026.03.24 08:57 DayOfWeek=2 WeekendCloseActive=NO NewTradeBlocked=NO | 71600.000000
KM	0	02:58:06.090	Cazyxio_v4.3 (EURUSD,M15)	2026.03.24 08:58:06 | HEARTBEAT | SYSTEM | EA alive. Tick=71700 Equity=44972.40 OpenPos=0 PendingOrders=0 UTC=2026.03.24 08:58 DayOfWeek=2 WeekendCloseActive=NO NewTradeBlocked=NO | 71700.000000
JO	0	02:58:53.125	Cazyxio_v4.3 (EURUSD,M15)	2026.03.24 08:58:53 | HEARTBEAT | SYSTEM | EA alive. Tick=71800 Equity=44972.40 OpenPos=0 PendingOrders=0 UTC=2026.03.24 08:58 DayOfWeek=2 WeekendCloseActive=NO NewTradeBlocked=NO | 71800.000000
NI	0	02:59:35.902	Cazyxio_v4.3 (EURUSD,M15)	2026.03.24 08:59:35 | HEARTBEAT | SYSTEM | EA alive. Tick=71900 Equity=44972.40 OpenPos=0 PendingOrders=0 UTC=2026.03.24 08:59 DayOfWeek=2 WeekendCloseActive=NO NewTradeBlocked=NO | 71900.000000
RK	0	03:02:22.225	Cazyxio_v4.3 (EURUSD,M15)	2026.03.24 09:02:22 | GATE_FAIL | EURUSD | CopyBuffer failed for Daily EMA200.
KK	0	03:04:42.597	Cazyxio_v4.3 (EURUSD,M15)	2026.03.24 09:04:42 | GATE_FAIL | USDJPY | CopyBuffer failed for Daily EMA200.
MJ	0	03:04:42.597	Cazyxio_v4.3 (EURUSD,M15)	2026.03.24 09:04:42 | BAR | AUDUSD | close=0.69622 h4ema200=0.70242 h4slope=DOWN dailyEMA200=0.67262 adx=37.0 ema50=0.69816 distToEMA50=19.4pips touchSeq=0 atr=0.001174 atrRatio=0.842 dir=NONE spread=20.0 spreadOK=YES atrGate=PASS touch=FAIL momCandle= zeroRangeBar=NO trigger=NO hasPos=NO portRisk=0.00% openPos=0 | 0.696220
JG	0	03:04:42.597	Cazyxio_v4.3 (EURUSD,M15)	2026.03.24 09:04:42 | GATE_FAIL | AUDUSD | No directional bias. h4slope=DOWN closeNow=0.69622 h4ema200=0.70242 dailyEMA200=0.67262
RO	0	03:04:42.597	Cazyxio_v4.3 (EURUSD,M15)	2026.03.24 09:04:42 | BAR | GBPJPY | close=212.421 h4ema200=211.248 h4slope=UP dailyEMA200=205.276 adx=11.5 ema50=212.599 distToEMA50=17.8pips touchSeq=4 atr=0.170500 atrRatio=0.899 dir=LONG spread=37.0 spreadOK=NO atrGate=PASS touch=PASS momCandle=momClosePos=0.614 momOk=N ema50Ok=Y barRange=0.295000 zeroRangeBar=NO trigger=NO hasPos=NO portRisk=0.00% openPos=0 | 212.421000
NL	0	03:04:42.597	Cazyxio_v4.3 (EURUSD,M15)	2026.03.24 09:04:42 | GATE_FAIL | GBPJPY | Spread too wide. Spread=37.0 Max=30 points.
OS	0	03:04:42.597	Cazyxio_v4.3 (EURUSD,M15)	2026.03.24 09:04:42 | BAR | USDCAD | close=1.37465 h4ema200=1.36801 h4slope=UP dailyEMA200=1.38061 adx=18.5 ema50=1.37422 distToEMA50=4.3pips touchSeq=7 atr=0.000838 atrRatio=0.909 dir=NONE spread=24.0 spreadOK=YES atrGate=PASS touch=FAIL momCandle= zeroRangeBar=NO trigger=NO hasPos=NO portRisk=0.00% openPos=0 | 1.374650
FQ	0	03:04:42.597	Cazyxio_v4.3 (EURUSD,M15)	2026.03.24 09:04:42 | GATE_FAIL | USDCAD | No directional bias. h4slope=UP closeNow=1.37465 h4ema200=1.36801 dailyEMA200=1.38061
DE	0	03:07:02.985	Cazyxio_v4.3 (EURUSD,M15)	2026.03.24 09:07:02 | GATE_FAIL | GBPUSD | CopyBuffer failed for Daily EMA200.
RG	0	03:07:31.555	Cazyxio_v4.3 (EURUSD,M15)	2026.03.24 09:07:31 | HEARTBEAT | SYSTEM | EA alive. Tick=72000 Equity=44972.40 OpenPos=0 PendingOrders=0 UTC=2026.03.24 09:07 DayOfWeek=2 WeekendCloseActive=NO NewTradeBlocked=NO | 72000.000000
HQ	0	03:08:18.257	Cazyxio_v4.3 (EURUSD,M15)	2026.03.24 09:08:18 | HEARTBEAT | SYSTEM | EA alive. Tick=72100 Equity=44972.40 OpenPos=0 PendingOrders=0 UTC=2026.03.24 09:08 DayOfWeek=2 WeekendCloseActive=NO NewTradeBlocked=NO | 72100.000000
DS	0	03:09:08.063	Cazyxio_v4.3 (EURUSD,M15)	2026.03.24 09:09:08 | HEARTBEAT | SYSTEM | EA alive. Tick=72200 Equity=44972.40 OpenPos=0 PendingOrders=0 UTC=2026.03.24 09:09 DayOfWeek=2 WeekendCloseActive=NO NewTradeBlocked=NO | 72200.000000
IM	0	03:09:52.435	Cazyxio_v4.3 (EURUSD,M15)	2026.03.24 09:09:52 | HEARTBEAT | SYSTEM | EA alive. Tick=72300 Equity=44972.40 OpenPos=0 PendingOrders=0 UTC=2026.03.24 09:09 DayOfWeek=2 WeekendCloseActive=NO NewTradeBlocked=NO | 72300.000000
DO	0	03:10:35.728	Cazyxio_v4.3 (EURUSD,M15)	2026.03.24 09:10:35 | HEARTBEAT | SYSTEM | EA alive. Tick=72400 Equity=44972.40 OpenPos=0 PendingOrders=0 UTC=2026.03.24 09:10 DayOfWeek=2 WeekendCloseActive=NO NewTradeBlocked=NO | 72400.000000
QI	0	03:11:26.993	Cazyxio_v4.3 (EURUSD,M15)	2026.03.24 09:11:26 | HEARTBEAT | SYSTEM | EA alive. Tick=72500 Equity=44972.40 OpenPos=0 PendingOrders=0 UTC=2026.03.24 09:11 DayOfWeek=2 WeekendCloseActive=NO NewTradeBlocked=NO | 72500.000000
MK	0	03:12:08.703	Cazyxio_v4.3 (EURUSD,M15)	2026.03.24 09:12:08 | HEARTBEAT | SYSTEM | EA alive. Tick=72600 Equity=44972.40 OpenPos=0 PendingOrders=0 UTC=2026.03.24 09:12 DayOfWeek=2 WeekendCloseActive=NO NewTradeBlocked=NO | 72600.000000
ME	0	03:13:11.599	Cazyxio_v4.3 (EURUSD,M15)	2026.03.24 09:13:11 | HEARTBEAT | SYSTEM | EA alive. Tick=72700 Equity=44972.40 OpenPos=0 PendingOrders=0 UTC=2026.03.24 09:13 DayOfWeek=2 WeekendCloseActive=NO NewTradeBlocked=NO | 72700.000000
MG	0	03:14:13.750	Cazyxio_v4.3 (EURUSD,M15)	2026.03.24 09:14:13 | HEARTBEAT | SYSTEM | EA alive. Tick=72800 Equity=44972.40 OpenPos=0 PendingOrders=0 UTC=2026.03.24 09:14 DayOfWeek=2 WeekendCloseActive=NO NewTradeBlocked=NO | 72800.000000
NP	0	03:17:22.666	Cazyxio_v4.3 (EURUSD,M15)	2026.03.24 09:17:22 | GATE_FAIL | GBPUSD | CopyBuffer failed for Daily EMA200.
EQ	0	03:19:43.101	Cazyxio_v4.3 (EURUSD,M15)	2026.03.24 09:19:43 | GATE_FAIL | EURUSD | CopyBuffer failed for Daily EMA200.
JP	0	03:22:03.480	Cazyxio_v4.3 (EURUSD,M15)	2026.03.24 09:22:03 | GATE_FAIL | USDJPY | CopyBuffer failed for Daily EMA200.
QP	0	03:22:03.480	Cazyxio_v4.3 (EURUSD,M15)	2026.03.24 09:22:03 | BAR | AUDUSD | close=0.69546 h4ema200=0.70241 h4slope=DOWN dailyEMA200=0.67262 adx=37.6 ema50=0.69803 distToEMA50=25.7pips touchSeq=0 atr=0.001215 atrRatio=0.869 dir=NONE spread=18.0 spreadOK=YES atrGate=PASS touch=FAIL momCandle= zeroRangeBar=NO trigger=NO hasPos=NO portRisk=0.00% openPos=0 | 0.695460
MQ	0	03:22:03.480	Cazyxio_v4.3 (EURUSD,M15)	2026.03.24 09:22:03 | GATE_FAIL | AUDUSD | No directional bias. h4slope=DOWN closeNow=0.69546 h4ema200=0.70241 dailyEMA200=0.67262
CE	0	03:22:03.480	Cazyxio_v4.3 (EURUSD,M15)	2026.03.24 09:22:03 | BAR | GBPJPY | close=212.447 h4ema200=211.248 h4slope=UP dailyEMA200=205.277 adx=11.5 ema50=212.595 distToEMA50=14.8pips touchSeq=5 atr=0.174429 atrRatio=0.919 dir=LONG spread=38.0 spreadOK=NO atrGate=PASS touch=PASS momCandle=momClosePos=0.625 momOk=N ema50Ok=Y barRange=0.128000 zeroRangeBar=NO trigger=NO hasPos=NO portRisk=0.00% openPos=0 | 212.447000
NF	0	03:22:03.480	Cazyxio_v4.3 (EURUSD,M15)	2026.03.24 09:22:03 | GATE_FAIL | GBPJPY | Spread too wide. Spread=38.0 Max=30 points.
OJ	0	03:22:03.480	Cazyxio_v4.3 (EURUSD,M15)	2026.03.24 09:22:03 | BAR | USDCAD | close=1.37504 h4ema200=1.36802 h4slope=UP dailyEMA200=1.38061 adx=18.5 ema50=1.37427 distToEMA50=7.7pips touchSeq=8 atr=0.000868 atrRatio=0.939 dir=NONE spread=23.0 spreadOK=YES atrGate=PASS touch=FAIL momCandle= zeroRangeBar=NO trigger=NO hasPos=NO portRisk=0.00% openPos=0 | 1.375040
LH	0	03:22:03.480	Cazyxio_v4.3 (EURUSD,M15)	2026.03.24 09:22:03 | GATE_FAIL | USDCAD | No directional bias. h4slope=UP closeNow=1.37504 h4ema200=1.36802 dailyEMA200=1.38061
NM	0	03:22:17.611	Cazyxio_v4.3 (EURUSD,M15)	2026.03.24 09:22:17 | HEARTBEAT | SYSTEM | EA alive. Tick=72900 Equity=44972.40 OpenPos=0 PendingOrders=0 UTC=2026.03.24 09:22 DayOfWeek=2 WeekendCloseActive=NO NewTradeBlocked=NO | 72900.000000
PO	0	03:23:11.274	Cazyxio_v4.3 (EURUSD,M15)	2026.03.24 09:23:11 | HEARTBEAT | SYSTEM | EA alive. Tick=73000 Equity=44972.40 OpenPos=0 PendingOrders=0 UTC=2026.03.24 09:23 DayOfWeek=2 WeekendCloseActive=NO NewTradeBlocked=NO | 73000.000000
JI	0	03:24:39.419	Cazyxio_v4.3 (EURUSD,M15)	2026.03.24 09:24:39 | HEARTBEAT | SYSTEM | EA alive. Tick=73100 Equity=44972.40 OpenPos=0 PendingOrders=0 UTC=2026.03.24 09:24 DayOfWeek=2 WeekendCloseActive=NO NewTradeBlocked=NO | 73100.000000
NK	0	03:25:56.247	Cazyxio_v4.3 (EURUSD,M15)	2026.03.24 09:25:56 | HEARTBEAT | SYSTEM | EA alive. Tick=73200 Equity=44972.40 OpenPos=0 PendingOrders=0 UTC=2026.03.24 09:25 DayOfWeek=2 WeekendCloseActive=NO NewTradeBlocked=NO | 73200.000000
RE	0	03:27:25.744	Cazyxio_v4.3 (EURUSD,M15)	2026.03.24 09:27:25 | HEARTBEAT | SYSTEM | EA alive. Tick=73300 Equity=44972.40 OpenPos=0 PendingOrders=0 UTC=2026.03.24 09:27 DayOfWeek=2 WeekendCloseActive=NO NewTradeBlocked=NO | 73300.000000
GG	0	03:28:58.726	Cazyxio_v4.3 (EURUSD,M15)	2026.03.24 09:28:58 | HEARTBEAT | SYSTEM | EA alive. Tick=73400 Equity=44972.40 OpenPos=0 PendingOrders=0 UTC=2026.03.24 09:28 DayOfWeek=2 WeekendCloseActive=NO NewTradeBlocked=NO | 73400.000000
RP	0	03:32:22.406	Cazyxio_v4.3 (EURUSD,M15)	2026.03.24 09:32:22 | GATE_FAIL | GBPUSD | CopyBuffer failed for Daily EMA200.
OQ	0	03:34:42.790	Cazyxio_v4.3 (EURUSD,M15)	2026.03.24 09:34:42 | GATE_FAIL | EURUSD | CopyBuffer failed for Daily EMA200.
NP	0	03:37:03.145	Cazyxio_v4.3 (EURUSD,M15)	2026.03.24 09:37:03 | GATE_FAIL | USDJPY | CopyBuffer failed for Daily EMA200.
RP	0	03:37:03.145	Cazyxio_v4.3 (EURUSD,M15)	2026.03.24 09:37:03 | BAR | AUDUSD | close=0.69562 h4ema200=0.70242 h4slope=DOWN dailyEMA200=0.67262 adx=37.6 ema50=0.69796 distToEMA50=23.4pips touchSeq=0 atr=0.001199 atrRatio=0.855 dir=NONE spread=18.0 spreadOK=YES atrGate=PASS touch=FAIL momCandle= zeroRangeBar=NO trigger=NO hasPos=NO portRisk=0.00% openPos=0 | 0.695620
FQ	0	03:37:03.145	Cazyxio_v4.3 (EURUSD,M15)	2026.03.24 09:37:03 | GATE_FAIL | AUDUSD | No directional bias. h4slope=DOWN closeNow=0.69562 h4ema200=0.70242 dailyEMA200=0.67262
MF	0	03:37:03.145	Cazyxio_v4.3 (EURUSD,M15)	2026.03.24 09:37:03 | BAR | GBPJPY | close=212.499 h4ema200=211.248 h4slope=UP dailyEMA200=205.277 adx=11.5 ema50=212.591 distToEMA50=9.2pips touchSeq=6 atr=0.170357 atrRatio=0.898 dir=LONG spread=37.0 spreadOK=NO atrGate=PASS touch=PASS momCandle=momClosePos=0.615 momOk=N ema50Ok=Y barRange=0.156000 zeroRangeBar=NO trigger=NO hasPos=NO portRisk=0.00% openPos=0 | 212.499000
QF	0	03:37:03.145	Cazyxio_v4.3 (EURUSD,M15)	2026.03.24 09:37:03 | GATE_FAIL | GBPJPY | Spread too wide. Spread=37.0 Max=30 points.
DJ	0	03:37:03.145	Cazyxio_v4.3 (EURUSD,M15)	2026.03.24 09:37:03 | BAR | USDCAD | close=1.37459 h4ema200=1.36801 h4slope=UP dailyEMA200=1.38060 adx=18.5 ema50=1.37425 distToEMA50=3.4pips touchSeq=9 atr=0.000874 atrRatio=0.943 dir=NONE spread=22.0 spreadOK=YES atrGate=PASS touch=FAIL momCandle= zeroRangeBar=NO trigger=NO hasPos=NO portRisk=0.00% openPos=0 | 1.374590
KH	0	03:37:03.145	Cazyxio_v4.3 (EURUSD,M15)	2026.03.24 09:37:03 | GATE_FAIL | USDCAD | No directional bias. h4slope=UP closeNow=1.37459 h4ema200=1.36801 dailyEMA200=1.38060
JM	0	03:37:26.642	Cazyxio_v4.3 (EURUSD,M15)	2026.03.24 09:37:26 | HEARTBEAT | SYSTEM | EA alive. Tick=73500 Equity=44972.40 OpenPos=0 PendingOrders=0 UTC=2026.03.24 09:37 DayOfWeek=2 WeekendCloseActive=NO NewTradeBlocked=NO | 73500.000000
NO	0	03:38:22.571	Cazyxio_v4.3 (EURUSD,M15)	2026.03.24 09:38:22 | HEARTBEAT | SYSTEM | EA alive. Tick=73600 Equity=44972.40 OpenPos=0 PendingOrders=0 UTC=2026.03.24 09:38 DayOfWeek=2 WeekendCloseActive=NO NewTradeBlocked=NO | 73600.000000
PI	0	03:39:32.501	Cazyxio_v4.3 (EURUSD,M15)	2026.03.24 09:39:32 | HEARTBEAT | SYSTEM | EA alive. Tick=73700 Equity=44972.40 OpenPos=0 PendingOrders=0 UTC=2026.03.24 09:39 DayOfWeek=2 WeekendCloseActive=NO NewTradeBlocked=NO | 73700.000000
CK	0	03:41:05.413	Cazyxio_v4.3 (EURUSD,M15)	2026.03.24 09:41:05 | HEARTBEAT | SYSTEM | EA alive. Tick=73800 Equity=44972.40 OpenPos=0 PendingOrders=0 UTC=2026.03.24 09:41 DayOfWeek=2 WeekendCloseActive=NO NewTradeBlocked=NO | 73800.000000
IE	0	03:42:29.065	Cazyxio_v4.3 (EURUSD,M15)	2026.03.24 09:42:29 | HEARTBEAT | SYSTEM | EA alive. Tick=73900 Equity=44972.40 OpenPos=0 PendingOrders=0 UTC=2026.03.24 09:42 DayOfWeek=2 WeekendCloseActive=NO NewTradeBlocked=NO | 73900.000000
QG	0	03:43:47.192	Cazyxio_v4.3 (EURUSD,M15)	2026.03.24 09:43:47 | HEARTBEAT | SYSTEM | EA alive. Tick=74000 Equity=44972.40 OpenPos=0 PendingOrders=0 UTC=2026.03.24 09:43 DayOfWeek=2 WeekendCloseActive=NO NewTradeBlocked=NO | 74000.000000
MQ	0	03:44:56.229	Cazyxio_v4.3 (EURUSD,M15)	2026.03.24 09:44:56 | HEARTBEAT | SYSTEM | EA alive. Tick=74100 Equity=44972.40 OpenPos=0 PendingOrders=0 UTC=2026.03.24 09:44 DayOfWeek=2 WeekendCloseActive=NO NewTradeBlocked=NO | 74100.000000
KR	0	03:47:23.568	Cazyxio_v4.3 (EURUSD,M15)	2026.03.24 09:47:23 | GATE_FAIL | GBPUSD | CopyBuffer failed for Daily EMA200.
JR	0	03:49:43.920	Cazyxio_v4.3 (EURUSD,M15)	2026.03.24 09:49:43 | GATE_FAIL | EURUSD | CopyBuffer failed for Daily EMA200.
RR	0	03:52:04.381	Cazyxio_v4.3 (EURUSD,M15)	2026.03.24 09:52:04 | GATE_FAIL | USDJPY | CopyBuffer failed for Daily EMA200.
KM	0	03:52:04.381	Cazyxio_v4.3 (EURUSD,M15)	2026.03.24 09:52:04 | BAR | AUDUSD | close=0.69675 h4ema200=0.70242 h4slope=DOWN dailyEMA200=0.67263 adx=37.4 ema50=0.69794 distToEMA50=11.9pips touchSeq=1 atr=0.001212 atrRatio=0.862 dir=NONE spread=20.0 spreadOK=YES atrGate=PASS touch=FAIL momCandle= zeroRangeBar=NO trigger=NO hasPos=NO portRisk=0.00% openPos=0 | 0.696750
RO	0	03:52:04.381	Cazyxio_v4.3 (EURUSD,M15)	2026.03.24 09:52:04 | GATE_FAIL | AUDUSD | No directional bias. h4slope=DOWN closeNow=0.69675 h4ema200=0.70242 dailyEMA200=0.67263
LI	0	03:52:04.381	Cazyxio_v4.3 (EURUSD,M15)	2026.03.24 09:52:04 | BAR | GBPJPY | close=212.535 h4ema200=211.248 h4slope=UP dailyEMA200=205.277 adx=11.5 ema50=212.589 distToEMA50=5.4pips touchSeq=7 atr=0.167357 atrRatio=0.883 dir=LONG spread=42.0 spreadOK=NO atrGate=PASS touch=PASS momCandle=momClosePos=0.863 momOk=Y ema50Ok=Y barRange=0.146000 zeroRangeBar=NO trigger=YES hasPos=NO portRisk=0.00% openPos=0 | 212.535000
ID	0	03:52:04.381	Cazyxio_v4.3 (EURUSD,M15)	2026.03.24 09:52:04 | GATE_FAIL | GBPJPY | Spread too wide. Spread=42.0 Max=30 points.
HK	0	03:52:04.381	Cazyxio_v4.3 (EURUSD,M15)	2026.03.24 09:52:04 | BAR | USDCAD | close=1.37393 h4ema200=1.36801 h4slope=UP dailyEMA200=1.38060 adx=18.5 ema50=1.37423 distToEMA50=3.0pips touchSeq=10 atr=0.000882 atrRatio=0.949 dir=NONE spread=25.0 spreadOK=YES atrGate=PASS touch=FAIL momCandle= zeroRangeBar=NO trigger=NO hasPos=NO portRisk=0.00% openPos=0 | 1.373930
HF	0	03:52:04.381	Cazyxio_v4.3 (EURUSD,M15)	2026.03.24 09:52:04 | GATE_FAIL | USDCAD | No directional bias. h4slope=UP closeNow=1.37393 h4ema200=1.36801 dailyEMA200=1.38060
DO	0	03:52:54.568	Cazyxio_v4.3 (EURUSD,M15)	2026.03.24 09:52:54 | HEARTBEAT | SYSTEM | EA alive. Tick=74200 Equity=44972.40 OpenPos=0 PendingOrders=0 UTC=2026.03.24 09:52 DayOfWeek=2 WeekendCloseActive=NO NewTradeBlocked=NO | 74200.000000
FI	0	03:53:53.822	Cazyxio_v4.3 (EURUSD,M15)	2026.03.24 09:53:53 | HEARTBEAT | SYSTEM | EA alive. Tick=74300 Equity=44972.40 OpenPos=0 PendingOrders=0 UTC=2026.03.24 09:53 DayOfWeek=2 WeekendCloseActive=NO NewTradeBlocked=NO | 74300.000000
HK	0	03:55:10.383	Cazyxio_v4.3 (EURUSD,M15)	2026.03.24 09:55:10 | HEARTBEAT | SYSTEM | EA alive. Tick=74400 Equity=44972.40 OpenPos=0 PendingOrders=0 UTC=2026.03.24 09:55 DayOfWeek=2 WeekendCloseActive=NO NewTradeBlocked=NO | 74400.000000
LE	0	03:56:05.986	Cazyxio_v4.3 (EURUSD,M15)	2026.03.24 09:56:05 | HEARTBEAT | SYSTEM | EA alive. Tick=74500 Equity=44972.40 OpenPos=0 PendingOrders=0 UTC=2026.03.24 09:56 DayOfWeek=2 WeekendCloseActive=NO NewTradeBlocked=NO | 74500.000000
FG	0	03:57:20.792	Cazyxio_v4.3 (EURUSD,M15)	2026.03.24 09:57:20 | HEARTBEAT | SYSTEM | EA alive. Tick=74600 Equity=44972.40 OpenPos=0 PendingOrders=0 UTC=2026.03.24 09:57 DayOfWeek=2 WeekendCloseActive=NO NewTradeBlocked=NO | 74600.000000
LQ	0	03:58:35.229	Cazyxio_v4.3 (EURUSD,M15)	2026.03.24 09:58:35 | HEARTBEAT | SYSTEM | EA alive. Tick=74700 Equity=44972.40 OpenPos=0 PendingOrders=0 UTC=2026.03.24 09:58 DayOfWeek=2 WeekendCloseActive=NO NewTradeBlocked=NO | 74700.000000
ES	0	04:02:22.412	Cazyxio_v4.3 (EURUSD,M15)	2026.03.24 10:02:22 | GATE_FAIL | EURUSD | CopyBuffer failed for Daily EMA200.
DS	0	04:04:42.782	Cazyxio_v4.3 (EURUSD,M15)	2026.03.24 10:04:42 | GATE_FAIL | USDJPY | CopyBuffer failed for Daily EMA200.
NQ	0	04:04:42.782	Cazyxio_v4.3 (EURUSD,M15)	2026.03.24 10:04:42 | BAR | AUDUSD | close=0.69722 h4ema200=0.70242 h4slope=DOWN dailyEMA200=0.67263 adx=37.4 ema50=0.69791 distToEMA50=6.9pips touchSeq=2 atr=0.001257 atrRatio=0.891 dir=NONE spread=20.0 spreadOK=YES atrGate=PASS touch=FAIL momCandle= zeroRangeBar=NO trigger=NO hasPos=NO portRisk=0.00% openPos=0 | 0.697220
OO	0	04:04:42.782	Cazyxio_v4.3 (EURUSD,M15)	2026.03.24 10:04:42 | GATE_FAIL | AUDUSD | No directional bias. h4slope=DOWN closeNow=0.69722 h4ema200=0.70242 dailyEMA200=0.67263
II	0	04:04:42.782	Cazyxio_v4.3 (EURUSD,M15)	2026.03.24 10:04:42 | BAR | GBPJPY | close=212.590 h4ema200=211.250 h4slope=UP dailyEMA200=205.278 adx=11.5 ema50=212.595 distToEMA50=0.5pips touchSeq=8 atr=0.173071 atrRatio=0.914 dir=LONG spread=42.0 spreadOK=NO atrGate=PASS touch=PASS momCandle=momClosePos=0.850 momOk=Y ema50Ok=Y barRange=0.133000 zeroRangeBar=NO trigger=YES hasPos=NO portRisk=0.00% openPos=0 | 212.590000
ID	0	04:04:42.782	Cazyxio_v4.3 (EURUSD,M15)	2026.03.24 10:04:42 | GATE_FAIL | GBPJPY | Spread too wide. Spread=42.0 Max=30 points.
JH	0	04:04:42.782	Cazyxio_v4.3 (EURUSD,M15)	2026.03.24 10:04:42 | BAR | USDCAD | close=1.37396 h4ema200=1.36801 h4slope=UP dailyEMA200=1.38060 adx=18.5 ema50=1.37422 distToEMA50=2.6pips touchSeq=11 atr=0.000871 atrRatio=0.934 dir=NONE spread=26.0 spreadOK=YES atrGate=PASS touch=FAIL momCandle= zeroRangeBar=NO trigger=NO hasPos=NO portRisk=0.00% openPos=0 | 1.373960
CI	0	04:04:42.782	Cazyxio_v4.3 (EURUSD,M15)	2026.03.24 10:04:42 | GATE_FAIL | USDCAD | No directional bias. h4slope=UP closeNow=1.37396 h4ema200=1.36801 dailyEMA200=1.38060
RM	0	04:07:06.335	Cazyxio_v4.3 (EURUSD,M15)	2026.03.24 10:07:06 | GATE_FAIL | GBPUSD | CopyBuffer failed for Daily EMA200.
CO	0	04:07:07.397	Cazyxio_v4.3 (EURUSD,M15)	2026.03.24 10:07:07 | HEARTBEAT | SYSTEM | EA alive. Tick=74800 Equity=44972.40 OpenPos=0 PendingOrders=0 UTC=2026.03.24 10:07 DayOfWeek=2 WeekendCloseActive=NO NewTradeBlocked=NO | 74800.000000
CI	0	04:08:14.552	Cazyxio_v4.3 (EURUSD,M15)	2026.03.24 10:08:14 | HEARTBEAT | SYSTEM | EA alive. Tick=74900 Equity=44972.40 OpenPos=0 PendingOrders=0 UTC=2026.03.24 10:08 DayOfWeek=2 WeekendCloseActive=NO NewTradeBlocked=NO | 74900.000000
DK	0	04:09:56.417	Cazyxio_v4.3 (EURUSD,M15)	2026.03.24 10:09:56 | HEARTBEAT | SYSTEM | EA alive. Tick=75000 Equity=44972.40 OpenPos=0 PendingOrders=0 UTC=2026.03.24 10:09 DayOfWeek=2 WeekendCloseActive=NO NewTradeBlocked=NO | 75000.000000
EE	0	04:10:58.458	Cazyxio_v4.3 (EURUSD,M15)	2026.03.24 10:10:58 | HEARTBEAT | SYSTEM | EA alive. Tick=75100 Equity=44972.40 OpenPos=0 PendingOrders=0 UTC=2026.03.24 10:10 DayOfWeek=2 WeekendCloseActive=NO NewTradeBlocked=NO | 75100.000000
RG	0	04:12:19.699	Cazyxio_v4.3 (EURUSD,M15)	2026.03.24 10:12:19 | HEARTBEAT | SYSTEM | EA alive. Tick=75200 Equity=44972.40 OpenPos=0 PendingOrders=0 UTC=2026.03.24 10:12 DayOfWeek=2 WeekendCloseActive=NO NewTradeBlocked=NO | 75200.000000
RQ	0	04:13:44.124	Cazyxio_v4.3 (EURUSD,M15)	2026.03.24 10:13:44 | HEARTBEAT | SYSTEM | EA alive. Tick=75300 Equity=44972.40 OpenPos=0 PendingOrders=0 UTC=2026.03.24 10:13 DayOfWeek=2 WeekendCloseActive=NO NewTradeBlocked=NO | 75300.000000
JS	0	04:17:22.442	Cazyxio_v4.3 (EURUSD,M15)	2026.03.24 10:17:22 | GATE_FAIL | EURUSD | CopyBuffer failed for Daily EMA200.
GS	0	04:19:42.769	Cazyxio_v4.3 (EURUSD,M15)	2026.03.24 10:19:42 | GATE_FAIL | USDJPY | CopyBuffer failed for Daily EMA200.
IQ	0	04:19:42.769	Cazyxio_v4.3 (EURUSD,M15)	2026.03.24 10:19:42 | BAR | AUDUSD | close=0.69709 h4ema200=0.70243 h4slope=DOWN dailyEMA200=0.67264 adx=37.3 ema50=0.69791 distToEMA50=8.2pips touchSeq=3 atr=0.001220 atrRatio=0.863 dir=NONE spread=20.0 spreadOK=YES atrGate=PASS touch=FAIL momCandle= zeroRangeBar=NO trigger=NO hasPos=NO portRisk=0.00% openPos=0 | 0.697090
IO	0	04:19:42.769	Cazyxio_v4.3 (EURUSD,M15)	2026.03.24 10:19:42 | GATE_FAIL | AUDUSD | No directional bias. h4slope=DOWN closeNow=0.69709 h4ema200=0.70243 dailyEMA200=0.67264
ED	0	04:19:42.770	Cazyxio_v4.3 (EURUSD,M15)	2026.03.24 10:19:42 | BAR | GBPJPY | close=212.632 h4ema200=211.250 h4slope=UP dailyEMA200=205.278 adx=11.5 ema50=212.597 distToEMA50=3.5pips touchSeq=9 atr=0.170214 atrRatio=0.901 dir=LONG spread=38.0 spreadOK=NO atrGate=PASS touch=PASS momCandle=momClosePos=0.427 momOk=N ema50Ok=Y barRange=0.143000 zeroRangeBar=NO trigger=NO hasPos=NO portRisk=0.00% openPos=0 | 212.632000
GD	0	04:19:42.770	Cazyxio_v4.3 (EURUSD,M15)	2026.03.24 10:19:42 | GATE_FAIL | GBPJPY | Spread too wide. Spread=38.0 Max=30 points.
DH	0	04:19:42.770	Cazyxio_v4.3 (EURUSD,M15)	2026.03.24 10:19:42 | BAR | USDCAD | close=1.37365 h4ema200=1.36800 h4slope=UP dailyEMA200=1.38059 adx=18.5 ema50=1.37416 distToEMA50=5.1pips touchSeq=12 atr=0.000866 atrRatio=0.927 dir=NONE spread=24.0 spreadOK=YES atrGate=PASS touch=FAIL momCandle= zeroRangeBar=NO trigger=NO hasPos=NO portRisk=0.00% openPos=0 | 1.373650
OI	0	04:19:42.770	Cazyxio_v4.3 (EURUSD,M15)	2026.03.24 10:19:42 | GATE_FAIL | USDCAD | No directional bias. h4slope=UP closeNow=1.37365 h4ema200=1.36800 dailyEMA200=1.38059
NN	0	04:22:04.690	Cazyxio_v4.3 (EURUSD,M15)	2026.03.24 10:22:04 | GATE_FAIL | GBPUSD | CopyBuffer failed for Daily EMA200.
JO	0	04:22:05.113	Cazyxio_v4.3 (EURUSD,M15)	2026.03.24 10:22:05 | HEARTBEAT | SYSTEM | EA alive. Tick=75400 Equity=44972.40 OpenPos=0 PendingOrders=0 UTC=2026.03.24 10:22 DayOfWeek=2 WeekendCloseActive=NO NewTradeBlocked=NO | 75400.000000
CI	0	04:23:34.216	Cazyxio_v4.3 (EURUSD,M15)	2026.03.24 10:23:34 | HEARTBEAT | SYSTEM | EA alive. Tick=75500 Equity=44972.40 OpenPos=0 PendingOrders=0 UTC=2026.03.24 10:23 DayOfWeek=2 WeekendCloseActive=NO NewTradeBlocked=NO | 75500.000000
LK	0	04:24:59.812	Cazyxio_v4.3 (EURUSD,M15)	2026.03.24 10:24:59 | HEARTBEAT | SYSTEM | EA alive. Tick=75600 Equity=44972.40 OpenPos=0 PendingOrders=0 UTC=2026.03.24 10:24 DayOfWeek=2 WeekendCloseActive=NO NewTradeBlocked=NO | 75600.000000
KE	0	04:26:41.778	Cazyxio_v4.3 (EURUSD,M15)	2026.03.24 10:26:41 | HEARTBEAT | SYSTEM | EA alive. Tick=75700 Equity=44972.40 OpenPos=0 PendingOrders=0 UTC=2026.03.24 10:26 DayOfWeek=2 WeekendCloseActive=NO NewTradeBlocked=NO | 75700.000000
LG	0	04:28:05.520	Cazyxio_v4.3 (EURUSD,M15)	2026.03.24 10:28:05 | HEARTBEAT | SYSTEM | EA alive. Tick=75800 Equity=44972.40 OpenPos=0 PendingOrders=0 UTC=2026.03.24 10:28 DayOfWeek=2 WeekendCloseActive=NO NewTradeBlocked=NO | 75800.000000
RQ	0	04:29:09.101	Cazyxio_v4.3 (EURUSD,M15)	2026.03.24 10:29:09 | HEARTBEAT | SYSTEM | EA alive. Tick=75900 Equity=44972.40 OpenPos=0 PendingOrders=0 UTC=2026.03.24 10:29 DayOfWeek=2 WeekendCloseActive=NO NewTradeBlocked=NO | 75900.000000
ES	0	04:29:57.159	Cazyxio_v4.3 (EURUSD,M15)	2026.03.24 10:29:57 | HEARTBEAT | SYSTEM | EA alive. Tick=76000 Equity=44972.40 OpenPos=0 PendingOrders=0 UTC=2026.03.24 10:29 DayOfWeek=2 WeekendCloseActive=NO NewTradeBlocked=NO | 76000.000000
EL	0	04:32:22.428	Cazyxio_v4.3 (EURUSD,M15)	2026.03.24 10:32:22 | GATE_FAIL | GBPUSD | CopyBuffer failed for Daily EMA200.
QL	0	04:34:42.814	Cazyxio_v4.3 (EURUSD,M15)	2026.03.24 10:34:42 | GATE_FAIL | EURUSD | CopyBuffer failed for Daily EMA200.
CL	0	04:37:03.219	Cazyxio_v4.3 (EURUSD,M15)	2026.03.24 10:37:03 | GATE_FAIL | USDJPY | CopyBuffer failed for Daily EMA200.
RM	0	04:37:03.219	Cazyxio_v4.3 (EURUSD,M15)	2026.03.24 10:37:03 | BAR | AUDUSD | close=0.69704 h4ema200=0.70242 h4slope=DOWN dailyEMA200=0.67263 adx=37.3 ema50=0.69785 distToEMA50=8.1pips touchSeq=4 atr=0.001048 atrRatio=0.740 dir=NONE spread=18.0 spreadOK=YES atrGate=FAIL touch=FAIL momCandle= zeroRangeBar=NO trigger=NO hasPos=NO portRisk=0.00% openPos=0 | 0.697040
DM	0	04:37:03.219	Cazyxio_v4.3 (EURUSD,M15)	2026.03.24 10:37:03 | GATE_FAIL | AUDUSD | No directional bias. h4slope=DOWN closeNow=0.69704 h4ema200=0.70242 dailyEMA200=0.67263
CQ	0	04:37:03.219	Cazyxio_v4.3 (EURUSD,M15)	2026.03.24 10:37:03 | BAR | GBPJPY | close=212.608 h4ema200=211.250 h4slope=UP dailyEMA200=205.278 adx=11.5 ema50=212.596 distToEMA50=1.2pips touchSeq=10 atr=0.158286 atrRatio=0.840 dir=LONG spread=38.0 spreadOK=NO atrGate=PASS touch=PASS momCandle=momClosePos=0.120 momOk=N ema50Ok=Y barRange=0.083000 zeroRangeBar=NO trigger=NO hasPos=NO portRisk=0.00% openPos=0 | 212.608000
IJ	0	04:37:03.219	Cazyxio_v4.3 (EURUSD,M15)	2026.03.24 10:37:03 | GATE_FAIL | GBPJPY | Spread too wide. Spread=38.0 Max=30 points.
KD	0	04:37:03.219	Cazyxio_v4.3 (EURUSD,M15)	2026.03.24 10:37:03 | BAR | USDCAD | close=1.37299 h4ema200=1.36800 h4slope=UP dailyEMA200=1.38060 adx=18.5 ema50=1.37412 distToEMA50=11.3pips touchSeq=0 atr=0.000725 atrRatio=0.776 dir=NONE spread=24.0 spreadOK=YES atrGate=FAIL touch=FAIL momCandle= zeroRangeBar=NO trigger=NO hasPos=NO portRisk=0.00% openPos=0 | 1.372990
ID	0	04:37:03.219	Cazyxio_v4.3 (EURUSD,M15)	2026.03.24 10:37:03 | GATE_FAIL | USDCAD | No directional bias. h4slope=UP closeNow=1.37299 h4ema200=1.36800 dailyEMA200=1.38060
CI	0	04:38:09.825	Cazyxio_v4.3 (EURUSD,M15)	2026.03.24 10:38:09 | HEARTBEAT | SYSTEM | EA alive. Tick=76100 Equity=44972.40 OpenPos=0 PendingOrders=0 UTC=2026.03.24 10:38 DayOfWeek=2 WeekendCloseActive=NO NewTradeBlocked=NO | 76100.000000
LK	0	04:39:35.025	Cazyxio_v4.3 (EURUSD,M15)	2026.03.24 10:39:35 | HEARTBEAT | SYSTEM | EA alive. Tick=76200 Equity=44972.40 OpenPos=0 PendingOrders=0 UTC=2026.03.24 10:39 DayOfWeek=2 WeekendCloseActive=NO NewTradeBlocked=NO | 76200.000000
PE	0	04:40:36.195	Cazyxio_v4.3 (EURUSD,M15)	2026.03.24 10:40:36 | HEARTBEAT | SYSTEM | EA alive. Tick=76300 Equity=44972.40 OpenPos=0 PendingOrders=0 UTC=2026.03.24 10:40 DayOfWeek=2 WeekendCloseActive=NO NewTradeBlocked=NO | 76300.000000
CG	0	04:41:52.991	Cazyxio_v4.3 (EURUSD,M15)	2026.03.24 10:41:52 | HEARTBEAT | SYSTEM | EA alive. Tick=76400 Equity=44972.40 OpenPos=0 PendingOrders=0 UTC=2026.03.24 10:41 DayOfWeek=2 WeekendCloseActive=NO NewTradeBlocked=NO | 76400.000000
HQ	0	04:43:04.996	Cazyxio_v4.3 (EURUSD,M15)	2026.03.24 10:43:04 | HEARTBEAT | SYSTEM | EA alive. Tick=76500 Equity=44972.40 OpenPos=0 PendingOrders=0 UTC=2026.03.24 10:43 DayOfWeek=2 WeekendCloseActive=NO NewTradeBlocked=NO | 76500.000000
GS	0	04:44:16.404	Cazyxio_v4.3 (EURUSD,M15)	2026.03.24 10:44:16 | HEARTBEAT | SYSTEM | EA alive. Tick=76600 Equity=44972.40 OpenPos=0 PendingOrders=0 UTC=2026.03.24 10:44 DayOfWeek=2 WeekendCloseActive=NO NewTradeBlocked=NO | 76600.000000
FL	0	04:47:23.681	Cazyxio_v4.3 (EURUSD,M15)	2026.03.24 10:47:23 | GATE_FAIL | GBPUSD | CopyBuffer failed for Daily EMA200.
CL	0	04:49:44.074	Cazyxio_v4.3 (EURUSD,M15)	2026.03.24 10:49:44 | GATE_FAIL | EURUSD | CopyBuffer failed for Daily EMA200.
PL	0	04:52:04.474	Cazyxio_v4.3 (EURUSD,M15)	2026.03.24 10:52:04 | GATE_FAIL | USDJPY | CopyBuffer failed for Daily EMA200.
MM	0	04:52:04.475	Cazyxio_v4.3 (EURUSD,M15)	2026.03.24 10:52:04 | BAR | AUDUSD | close=0.69723 h4ema200=0.70243 h4slope=DOWN dailyEMA200=0.67263 adx=37.3 ema50=0.69784 distToEMA50=6.1pips touchSeq=5 atr=0.000983 atrRatio=0.694 dir=NONE spread=19.0 spreadOK=YES atrGate=FAIL touch=FAIL momCandle= zeroRangeBar=NO trigger=NO hasPos=NO portRisk=0.00% openPos=0 | 0.697230
LM	0	04:52:04.475	Cazyxio_v4.3 (EURUSD,M15)	2026.03.24 10:52:04 | GATE_FAIL | AUDUSD | No directional bias. h4slope=DOWN closeNow=0.69723 h4ema200=0.70243 dailyEMA200=0.67263
JO	0	04:52:04.475	Cazyxio_v4.3 (EURUSD,M15)	2026.03.24 10:52:04 | BAR | GBPJPY | close=212.705 h4ema200=211.250 h4slope=UP dailyEMA200=205.279 adx=11.5 ema50=212.603 distToEMA50=10.2pips touchSeq=11 atr=0.158857 atrRatio=0.845 dir=LONG spread=42.0 spreadOK=NO atrGate=PASS touch=PASS momCandle=momClosePos=0.992 momOk=Y ema50Ok=Y barRange=0.119000 zeroRangeBar=NO trigger=YES hasPos=NO portRisk=0.00% openPos=0 | 212.705000
FJ	0	04:52:04.475	Cazyxio_v4.3 (EURUSD,M15)	2026.03.24 10:52:04 | GATE_FAIL | GBPJPY | Spread too wide. Spread=42.0 Max=30 points.
DG	0	04:52:04.475	Cazyxio_v4.3 (EURUSD,M15)	2026.03.24 10:52:04 | BAR | USDCAD | close=1.37344 h4ema200=1.36800 h4slope=UP dailyEMA200=1.38060 adx=18.5 ema50=1.37411 distToEMA50=6.7pips touchSeq=1 atr=0.000689 atrRatio=0.736 dir=NONE spread=26.0 spreadOK=YES atrGate=FAIL touch=FAIL momCandle= zeroRangeBar=NO trigger=NO hasPos=NO portRisk=0.00% openPos=0 | 1.373440
PD	0	04:52:04.475	Cazyxio_v4.3 (EURUSD,M15)	2026.03.24 10:52:04 | GATE_FAIL | USDCAD | No directional bias. h4slope=UP closeNow=1.37344 h4ema200=1.36800 dailyEMA200=1.38060
OI	0	04:52:13.405	Cazyxio_v4.3 (EURUSD,M15)	2026.03.24 10:52:13 | HEARTBEAT | SYSTEM | EA alive. Tick=76700 Equity=44972.40 OpenPos=0 PendingOrders=0 UTC=2026.03.24 10:52 DayOfWeek=2 WeekendCloseActive=NO NewTradeBlocked=NO | 76700.000000
FK	0	04:53:15.870	Cazyxio_v4.3 (EURUSD,M15)	2026.03.24 10:53:15 | HEARTBEAT | SYSTEM | EA alive. Tick=76800 Equity=44972.40 OpenPos=0 PendingOrders=0 UTC=2026.03.24 10:53 DayOfWeek=2 WeekendCloseActive=NO NewTradeBlocked=NO | 76800.000000
OE	0	04:54:44.869	Cazyxio_v4.3 (EURUSD,M15)	2026.03.24 10:54:44 | HEARTBEAT | SYSTEM | EA alive. Tick=76900 Equity=44972.40 OpenPos=0 PendingOrders=0 UTC=2026.03.24 10:54 DayOfWeek=2 WeekendCloseActive=NO NewTradeBlocked=NO | 76900.000000
HG	0	04:56:08.268	Cazyxio_v4.3 (EURUSD,M15)	2026.03.24 10:56:08 | HEARTBEAT | SYSTEM | EA alive. Tick=77000 Equity=44972.40 OpenPos=0 PendingOrders=0 UTC=2026.03.24 10:56 DayOfWeek=2 WeekendCloseActive=NO NewTradeBlocked=NO | 77000.000000
HQ	0	04:57:38.368	Cazyxio_v4.3 (EURUSD,M15)	2026.03.24 10:57:38 | HEARTBEAT | SYSTEM | EA alive. Tick=77100 Equity=44972.40 OpenPos=0 PendingOrders=0 UTC=2026.03.24 10:57 DayOfWeek=2 WeekendCloseActive=NO NewTradeBlocked=NO | 77100.000000
DS	0	04:58:41.464	Cazyxio_v4.3 (EURUSD,M15)	2026.03.24 10:58:41 | HEARTBEAT | SYSTEM | EA alive. Tick=77200 Equity=44972.40 OpenPos=0 PendingOrders=0 UTC=2026.03.24 10:58 DayOfWeek=2 WeekendCloseActive=NO NewTradeBlocked=NO | 77200.000000
GM	0	04:59:49.147	Cazyxio_v4.3 (EURUSD,M15)	2026.03.24 10:59:49 | HEARTBEAT | SYSTEM | EA alive. Tick=77300 Equity=44972.40 OpenPos=0 PendingOrders=0 UTC=2026.03.24 10:59 DayOfWeek=2 WeekendCloseActive=NO NewTradeBlocked=NO | 77300.000000
EO	0	05:02:22.430	Cazyxio_v4.3 (EURUSD,M15)	2026.03.24 11:02:22 | GATE_FAIL | EURUSD | CopyBuffer failed for Daily EMA200.
OO	0	05:04:42.819	Cazyxio_v4.3 (EURUSD,M15)	2026.03.24 11:04:42 | GATE_FAIL | USDJPY | CopyBuffer failed for Daily EMA200.
FL	0	05:04:42.819	Cazyxio_v4.3 (EURUSD,M15)	2026.03.24 11:04:42 | BAR | AUDUSD | close=0.69753 h4ema200=0.70243 h4slope=DOWN dailyEMA200=0.67264 adx=37.3 ema50=0.69783 distToEMA50=3.0pips touchSeq=6 atr=0.000975 atrRatio=0.688 dir=NONE spread=20.0 spreadOK=YES atrGate=FAIL touch=FAIL momCandle= zeroRangeBar=NO trigger=NO hasPos=NO portRisk=0.00% openPos=0 | 0.697530
DK	0	05:04:42.819	Cazyxio_v4.3 (EURUSD,M15)	2026.03.24 11:04:42 | GATE_FAIL | AUDUSD | No directional bias. h4slope=DOWN closeNow=0.69753 h4ema200=0.70243 dailyEMA200=0.67264
OM	0	05:04:42.819	Cazyxio_v4.3 (EURUSD,M15)	2026.03.24 11:04:42 | BAR | GBPJPY | close=212.718 h4ema200=211.250 h4slope=UP dailyEMA200=205.279 adx=11.5 ema50=212.607 distToEMA50=11.1pips touchSeq=12 atr=0.152857 atrRatio=0.816 dir=LONG spread=42.0 spreadOK=NO atrGate=PASS touch=PASS momCandle=momClosePos=0.809 momOk=Y ema50Ok=Y barRange=0.110000 zeroRangeBar=NO trigger=YES hasPos=NO portRisk=0.00% openPos=0 | 212.718000
RH	0	05:04:42.819	Cazyxio_v4.3 (EURUSD,M15)	2026.03.24 11:04:42 | GATE_FAIL | GBPJPY | Spread too wide. Spread=42.0 Max=30 points.
NF	0	05:04:42.819	Cazyxio_v4.3 (EURUSD,M15)	2026.03.24 11:04:42 | BAR | USDCAD | close=1.37317 h4ema200=1.36800 h4slope=UP dailyEMA200=1.38059 adx=18.5 ema50=1.37406 distToEMA50=8.9pips touchSeq=0 atr=0.000697 atrRatio=0.745 dir=NONE spread=26.0 spreadOK=YES atrGate=FAIL touch=FAIL momCandle= zeroRangeBar=NO trigger=NO hasPos=NO portRisk=0.00% openPos=0 | 1.373170
PE	0	05:04:42.819	Cazyxio_v4.3 (EURUSD,M15)	2026.03.24 11:04:42 | GATE_FAIL | USDCAD | No directional bias. h4slope=UP closeNow=1.37317 h4ema200=1.36800 dailyEMA200=1.38059
QI	0	05:07:05.611	Cazyxio_v4.3 (EURUSD,M15)	2026.03.24 11:07:05 | GATE_FAIL | GBPUSD | CopyBuffer failed for Daily EMA200.
GK	0	05:07:46.219	Cazyxio_v4.3 (EURUSD,M15)	2026.03.24 11:07:46 | HEARTBEAT | SYSTEM | EA alive. Tick=77400 Equity=44972.40 OpenPos=0 PendingOrders=0 UTC=2026.03.24 11:07 DayOfWeek=2 WeekendCloseActive=NO NewTradeBlocked=NO | 77400.000000
CE	0	05:08:59.441	Cazyxio_v4.3 (EURUSD,M15)	2026.03.24 11:08:59 | HEARTBEAT | SYSTEM | EA alive. Tick=77500 Equity=44972.40 OpenPos=0 PendingOrders=0 UTC=2026.03.24 11:08 DayOfWeek=2 WeekendCloseActive=NO NewTradeBlocked=NO | 77500.000000
QG	0	05:09:55.583	Cazyxio_v4.3 (EURUSD,M15)	2026.03.24 11:09:55 | HEARTBEAT | SYSTEM | EA alive. Tick=77600 Equity=44972.40 OpenPos=0 PendingOrders=0 UTC=2026.03.24 11:09 DayOfWeek=2 WeekendCloseActive=NO NewTradeBlocked=NO | 77600.000000
QQ	0	05:11:12.869	Cazyxio_v4.3 (EURUSD,M15)	2026.03.24 11:11:12 | HEARTBEAT | SYSTEM | EA alive. Tick=77700 Equity=44972.40 OpenPos=0 PendingOrders=0 UTC=2026.03.24 11:11 DayOfWeek=2 WeekendCloseActive=NO NewTradeBlocked=NO | 77700.000000
RS	0	05:12:46.720	Cazyxio_v4.3 (EURUSD,M15)	2026.03.24 11:12:46 | HEARTBEAT | SYSTEM | EA alive. Tick=77800 Equity=44972.40 OpenPos=0 PendingOrders=0 UTC=2026.03.24 11:12 DayOfWeek=2 WeekendCloseActive=NO NewTradeBlocked=NO | 77800.000000
LM	0	05:14:00.317	Cazyxio_v4.3 (EURUSD,M15)	2026.03.24 11:14:00 | HEARTBEAT | SYSTEM | EA alive. Tick=77900 Equity=44972.40 OpenPos=0 PendingOrders=0 UTC=2026.03.24 11:14 DayOfWeek=2 WeekendCloseActive=NO NewTradeBlocked=NO | 77900.000000
IN	0	05:17:24.655	Cazyxio_v4.3 (EURUSD,M15)	2026.03.24 11:17:24 | GATE_FAIL | GBPUSD | CopyBuffer failed for Daily EMA200.
KO	0	05:19:45.016	Cazyxio_v4.3 (EURUSD,M15)	2026.03.24 11:19:45 | GATE_FAIL | EURUSD | CopyBuffer failed for Daily EMA200.
IN	0	05:22:05.404	Cazyxio_v4.3 (EURUSD,M15)	2026.03.24 11:22:05 | GATE_FAIL | USDJPY | CopyBuffer failed for Daily EMA200.
PL	0	05:22:05.404	Cazyxio_v4.3 (EURUSD,M15)	2026.03.24 11:22:05 | BAR | AUDUSD | close=0.69761 h4ema200=0.70243 h4slope=DOWN dailyEMA200=0.67264 adx=37.3 ema50=0.69782 distToEMA50=2.1pips touchSeq=7 atr=0.000981 atrRatio=0.692 dir=NONE spread=17.0 spreadOK=YES atrGate=FAIL touch=FAIL momCandle= zeroRangeBar=NO trigger=NO hasPos=NO portRisk=0.00% openPos=0 | 0.697610
MK	0	05:22:05.404	Cazyxio_v4.3 (EURUSD,M15)	2026.03.24 11:22:05 | GATE_FAIL | AUDUSD | No directional bias. h4slope=DOWN closeNow=0.69761 h4ema200=0.70243 dailyEMA200=0.67264
FM	0	05:22:05.405	Cazyxio_v4.3 (EURUSD,M15)	2026.03.24 11:22:05 | BAR | GBPJPY | close=212.761 h4ema200=211.251 h4slope=UP dailyEMA200=205.279 adx=11.5 ema50=212.614 distToEMA50=14.7pips touchSeq=12 atr=0.152857 atrRatio=0.818 dir=LONG spread=33.0 spreadOK=NO atrGate=PASS touch=PASS momCandle=momClosePos=0.833 momOk=Y ema50Ok=Y barRange=0.126000 zeroRangeBar=NO trigger=YES hasPos=NO portRisk=0.00% openPos=0 | 212.761000
QH	0	05:22:05.405	Cazyxio_v4.3 (EURUSD,M15)	2026.03.24 11:22:05 | GATE_FAIL | GBPJPY | Spread too wide. Spread=33.0 Max=30 points.
CF	0	05:22:05.405	Cazyxio_v4.3 (EURUSD,M15)	2026.03.24 11:22:05 | BAR | USDCAD | close=1.37320 h4ema200=1.36800 h4slope=UP dailyEMA200=1.38060 adx=18.5 ema50=1.37403 distToEMA50=8.3pips touchSeq=1 atr=0.000709 atrRatio=0.758 dir=NONE spread=24.0 spreadOK=YES atrGate=FAIL touch=FAIL momCandle= zeroRangeBar=NO trigger=NO hasPos=NO portRisk=0.00% openPos=0 | 1.373200
GE	0	05:22:05.405	Cazyxio_v4.3 (EURUSD,M15)	2026.03.24 11:22:05 | GATE_FAIL | USDCAD | No directional bias. h4slope=UP closeNow=1.37320 h4ema200=1.36800 dailyEMA200=1.38060
EK	0	05:22:18.085	Cazyxio_v4.3 (EURUSD,M15)	2026.03.24 11:22:18 | HEARTBEAT | SYSTEM | EA alive. Tick=78000 Equity=44972.40 OpenPos=0 PendingOrders=0 UTC=2026.03.24 11:22 DayOfWeek=2 WeekendCloseActive=NO NewTradeBlocked=NO | 78000.000000
CE	0	05:23:37.824	Cazyxio_v4.3 (EURUSD,M15)	2026.03.24 11:23:37 | HEARTBEAT | SYSTEM | EA alive. Tick=78100 Equity=44972.40 OpenPos=0 PendingOrders=0 UTC=2026.03.24 11:23 DayOfWeek=2 WeekendCloseActive=NO NewTradeBlocked=NO | 78100.000000
NG	0	05:25:06.030	Cazyxio_v4.3 (EURUSD,M15)	2026.03.24 11:25:06 | HEARTBEAT | SYSTEM | EA alive. Tick=78200 Equity=44972.40 OpenPos=0 PendingOrders=0 UTC=2026.03.24 11:25 DayOfWeek=2 WeekendCloseActive=NO NewTradeBlocked=NO | 78200.000000
NQ	0	05:26:02.462	Cazyxio_v4.3 (EURUSD,M15)	2026.03.24 11:26:02 | HEARTBEAT | SYSTEM | EA alive. Tick=78300 Equity=44972.40 OpenPos=0 PendingOrders=0 UTC=2026.03.24 11:26 DayOfWeek=2 WeekendCloseActive=NO NewTradeBlocked=NO | 78300.000000
LS	0	05:27:05.210	Cazyxio_v4.3 (EURUSD,M15)	2026.03.24 11:27:05 | HEARTBEAT | SYSTEM | EA alive. Tick=78400 Equity=44972.40 OpenPos=0 PendingOrders=0 UTC=2026.03.24 11:27 DayOfWeek=2 WeekendCloseActive=NO NewTradeBlocked=NO | 78400.000000
FM	0	05:28:19.699	Cazyxio_v4.3 (EURUSD,M15)	2026.03.24 11:28:19 | HEARTBEAT | SYSTEM | EA alive. Tick=78500 Equity=44972.40 OpenPos=0 PendingOrders=0 UTC=2026.03.24 11:28 DayOfWeek=2 WeekendCloseActive=NO NewTradeBlocked=NO | 78500.000000
FO	0	05:29:31.106	Cazyxio_v4.3 (EURUSD,M15)	2026.03.24 11:29:31 | HEARTBEAT | SYSTEM | EA alive. Tick=78600 Equity=44972.40 OpenPos=0 PendingOrders=0 UTC=2026.03.24 11:29 DayOfWeek=2 WeekendCloseActive=NO NewTradeBlocked=NO | 78600.000000
JH	0	05:32:22.551	Cazyxio_v4.3 (EURUSD,M15)	2026.03.24 11:32:22 | GATE_FAIL | GBPUSD | CopyBuffer failed for Daily EMA200.
MI	0	05:34:42.939	Cazyxio_v4.3 (EURUSD,M15)	2026.03.24 11:34:42 | GATE_FAIL | EURUSD | CopyBuffer failed for Daily EMA200.
DH	0	05:37:03.357	Cazyxio_v4.3 (EURUSD,M15)	2026.03.24 11:37:03 | GATE_FAIL | USDJPY | CopyBuffer failed for Daily EMA200.
RJ	0	05:37:03.357	Cazyxio_v4.3 (EURUSD,M15)	2026.03.24 11:37:03 | BAR | AUDUSD | close=0.69700 h4ema200=0.70243 h4slope=DOWN dailyEMA200=0.67263 adx=37.3 ema50=0.69777 distToEMA50=7.7pips touchSeq=8 atr=0.000942 atrRatio=0.666 dir=NONE spread=17.0 spreadOK=YES atrGate=FAIL touch=FAIL momCandle= zeroRangeBar=NO trigger=NO hasPos=NO portRisk=0.00% openPos=0 | 0.697000
HI	0	05:37:03.357	Cazyxio_v4.3 (EURUSD,M15)	2026.03.24 11:37:03 | GATE_FAIL | AUDUSD | No directional bias. h4slope=DOWN closeNow=0.69700 h4ema200=0.70243 dailyEMA200=0.67263
KR	0	05:37:03.357	Cazyxio_v4.3 (EURUSD,M15)	2026.03.24 11:37:03 | BAR | GBPJPY | close=212.749 h4ema200=211.251 h4slope=UP dailyEMA200=205.280 adx=11.5 ema50=212.622 distToEMA50=12.7pips touchSeq=12 atr=0.143214 atrRatio=0.770 dir=LONG spread=39.0 spreadOK=NO atrGate=FAIL touch=PASS momCandle=momClosePos=0.658 momOk=Y ema50Ok=Y barRange=0.120000 zeroRangeBar=NO trigger=YES hasPos=NO portRisk=0.00% openPos=0 | 212.749000
IN	0	05:37:03.357	Cazyxio_v4.3 (EURUSD,M15)	2026.03.24 11:37:03 | GATE_FAIL | GBPJPY | Spread too wide. Spread=39.0 Max=30 points.
OD	0	05:37:03.357	Cazyxio_v4.3 (EURUSD,M15)	2026.03.24 11:37:03 | BAR | USDCAD | close=1.37393 h4ema200=1.36801 h4slope=UP dailyEMA200=1.38060 adx=18.5 ema50=1.37405 distToEMA50=1.2pips touchSeq=2 atr=0.000713 atrRatio=0.761 dir=NONE spread=27.0 spreadOK=YES atrGate=FAIL touch=FAIL momCandle= zeroRangeBar=NO trigger=NO hasPos=NO portRisk=0.00% openPos=0 | 1.373930
RS	0	05:37:03.357	Cazyxio_v4.3 (EURUSD,M15)	2026.03.24 11:37:03 | GATE_FAIL | USDCAD | No directional bias. h4slope=UP closeNow=1.37393 h4ema200=1.36801 dailyEMA200=1.38060
PE	0	05:37:45.352	Cazyxio_v4.3 (EURUSD,M15)	2026.03.24 11:37:45 | HEARTBEAT | SYSTEM | EA alive. Tick=78700 Equity=44972.40 OpenPos=0 PendingOrders=0 UTC=2026.03.24 11:37 DayOfWeek=2 WeekendCloseActive=NO NewTradeBlocked=NO | 78700.000000
OG	0	05:38:59.785	Cazyxio_v4.3 (EURUSD,M15)	2026.03.24 11:38:59 | HEARTBEAT | SYSTEM | EA alive. Tick=78800 Equity=44972.40 OpenPos=0 PendingOrders=0 UTC=2026.03.24 11:38 DayOfWeek=2 WeekendCloseActive=NO NewTradeBlocked=NO | 78800.000000
KQ	0	05:40:36.919	Cazyxio_v4.3 (EURUSD,M15)	2026.03.24 11:40:36 | HEARTBEAT | SYSTEM | EA alive. Tick=78900 Equity=44972.40 OpenPos=0 PendingOrders=0 UTC=2026.03.24 11:40 DayOfWeek=2 WeekendCloseActive=NO NewTradeBlocked=NO | 78900.000000
PS	0	05:41:52.360	Cazyxio_v4.3 (EURUSD,M15)	2026.03.24 11:41:52 | HEARTBEAT | SYSTEM | EA alive. Tick=79000 Equity=44972.40 OpenPos=0 PendingOrders=0 UTC=2026.03.24 11:41 DayOfWeek=2 WeekendCloseActive=NO NewTradeBlocked=NO | 79000.000000
EM	0	05:43:01.091	Cazyxio_v4.3 (EURUSD,M15)	2026.03.24 11:43:01 | HEARTBEAT | SYSTEM | EA alive. Tick=79100 Equity=44972.40 OpenPos=0 PendingOrders=0 UTC=2026.03.24 11:43 DayOfWeek=2 WeekendCloseActive=NO NewTradeBlocked=NO | 79100.000000
IO	0	05:44:13.380	Cazyxio_v4.3 (EURUSD,M15)	2026.03.24 11:44:13 | HEARTBEAT | SYSTEM | EA alive. Tick=79200 Equity=44972.40 OpenPos=0 PendingOrders=0 UTC=2026.03.24 11:44 DayOfWeek=2 WeekendCloseActive=NO NewTradeBlocked=NO | 79200.000000
CH	0	05:47:22.620	Cazyxio_v4.3 (EURUSD,M15)	2026.03.24 11:47:22 | GATE_FAIL | GBPUSD | CopyBuffer failed for Daily EMA200.
HI	0	05:49:42.952	Cazyxio_v4.3 (EURUSD,M15)	2026.03.24 11:49:42 | GATE_FAIL | EURUSD | CopyBuffer failed for Daily EMA200.
QH	0	05:52:03.297	Cazyxio_v4.3 (EURUSD,M15)	2026.03.24 11:52:03 | GATE_FAIL | USDJPY | CopyBuffer failed for Daily EMA200.
EJ	0	05:52:03.297	Cazyxio_v4.3 (EURUSD,M15)	2026.03.24 11:52:03 | BAR | AUDUSD | close=0.69734 h4ema200=0.70242 h4slope=DOWN dailyEMA200=0.67263 adx=37.3 ema50=0.69775 distToEMA50=4.1pips touchSeq=9 atr=0.000876 atrRatio=0.620 dir=NONE spread=16.0 spreadOK=YES atrGate=FAIL touch=FAIL momCandle= zeroRangeBar=NO trigger=NO hasPos=NO portRisk=0.00% openPos=0 | 0.697340
OI	0	05:52:03.297	Cazyxio_v4.3 (EURUSD,M15)	2026.03.24 11:52:03 | GATE_FAIL | AUDUSD | No directional bias. h4slope=DOWN closeNow=0.69734 h4ema200=0.70242 dailyEMA200=0.67263
GO	0	05:52:03.297	Cazyxio_v4.3 (EURUSD,M15)	2026.03.24 11:52:03 | BAR | GBPJPY | close=212.773 h4ema200=211.250 h4slope=UP dailyEMA200=205.279 adx=11.5 ema50=212.624 distToEMA50=14.9pips touchSeq=12 atr=0.136929 atrRatio=0.739 dir=LONG spread=39.0 spreadOK=NO atrGate=FAIL touch=PASS momCandle=momClosePos=0.440 momOk=N ema50Ok=Y barRange=0.100000 zeroRangeBar=NO trigger=NO hasPos=NO portRisk=0.00% openPos=0 | 212.773000
NN	0	05:52:03.297	Cazyxio_v4.3 (EURUSD,M15)	2026.03.24 11:52:03 | GATE_FAIL | GBPJPY | Spread too wide. Spread=39.0 Max=30 points.
GD	0	05:52:03.297	Cazyxio_v4.3 (EURUSD,M15)	2026.03.24 11:52:03 | BAR | USDCAD | close=1.37374 h4ema200=1.36801 h4slope=UP dailyEMA200=1.38060 adx=18.5 ema50=1.37404 distToEMA50=3.0pips touchSeq=3 atr=0.000700 atrRatio=0.746 dir=NONE spread=25.0 spreadOK=YES atrGate=FAIL touch=FAIL momCandle= zeroRangeBar=NO trigger=NO hasPos=NO portRisk=0.00% openPos=0 | 1.373740
NS	0	05:52:03.297	Cazyxio_v4.3 (EURUSD,M15)	2026.03.24 11:52:03 | GATE_FAIL | USDCAD | No directional bias. h4slope=UP closeNow=1.37374 h4ema200=1.36801 dailyEMA200=1.38060
JE	0	05:52:18.836	Cazyxio_v4.3 (EURUSD,M15)	2026.03.24 11:52:18 | HEARTBEAT | SYSTEM | EA alive. Tick=79300 Equity=44972.40 OpenPos=0 PendingOrders=0 UTC=2026.03.24 11:52 DayOfWeek=2 WeekendCloseActive=NO NewTradeBlocked=NO | 79300.000000
RG	0	05:53:08.136	Cazyxio_v4.3 (EURUSD,M15)	2026.03.24 11:53:08 | HEARTBEAT | SYSTEM | EA alive. Tick=79400 Equity=44972.40 OpenPos=0 PendingOrders=0 UTC=2026.03.24 11:53 DayOfWeek=2 WeekendCloseActive=NO NewTradeBlocked=NO | 79400.000000
MQ	0	05:53:39.320	Cazyxio_v4.3 (EURUSD,M15)	2026.03.24 11:53:39 | HEARTBEAT | SYSTEM | EA alive. Tick=79500 Equity=44972.40 OpenPos=0 PendingOrders=0 UTC=2026.03.24 11:53 DayOfWeek=2 WeekendCloseActive=NO NewTradeBlocked=NO | 79500.000000
NS	0	05:54:10.766	Cazyxio_v4.3 (EURUSD,M15)	2026.03.24 11:54:10 | HEARTBEAT | SYSTEM | EA alive. Tick=79600 Equity=44972.40 OpenPos=0 PendingOrders=0 UTC=2026.03.24 11:54 DayOfWeek=2 WeekendCloseActive=NO NewTradeBlocked=NO | 79600.000000
PM	0	05:54:48.221	Cazyxio_v4.3 (EURUSD,M15)	2026.03.24 11:54:48 | HEARTBEAT | SYSTEM | EA alive. Tick=79700 Equity=44972.40 OpenPos=0 PendingOrders=0 UTC=2026.03.24 11:54 DayOfWeek=2 WeekendCloseActive=NO NewTradeBlocked=NO | 79700.000000
DO	0	05:55:33.048	Cazyxio_v4.3 (EURUSD,M15)	2026.03.24 11:55:33 | HEARTBEAT | SYSTEM | EA alive. Tick=79800 Equity=44972.40 OpenPos=0 PendingOrders=0 UTC=2026.03.24 11:55 DayOfWeek=2 WeekendCloseActive=NO NewTradeBlocked=NO | 79800.000000
EI	0	05:56:12.914	Cazyxio_v4.3 (EURUSD,M15)	2026.03.24 11:56:12 | HEARTBEAT | SYSTEM | EA alive. Tick=79900 Equity=44972.40 OpenPos=0 PendingOrders=0 UTC=2026.03.24 11:56 DayOfWeek=2 WeekendCloseActive=NO NewTradeBlocked=NO | 79900.000000
MK	0	05:56:57.062	Cazyxio_v4.3 (EURUSD,M15)	2026.03.24 11:56:57 | HEARTBEAT | SYSTEM | EA alive. Tick=80000 Equity=44972.40 OpenPos=0 PendingOrders=0 UTC=2026.03.24 11:56 DayOfWeek=2 WeekendCloseActive=NO NewTradeBlocked=NO | 80000.000000
KE	0	05:57:46.205	Cazyxio_v4.3 (EURUSD,M15)	2026.03.24 11:57:46 | HEARTBEAT | SYSTEM | EA alive. Tick=80100 Equity=44972.40 OpenPos=0 PendingOrders=0 UTC=2026.03.24 11:57 DayOfWeek=2 WeekendCloseActive=NO NewTradeBlocked=NO | 80100.000000
CG	0	05:58:34.404	Cazyxio_v4.3 (EURUSD,M15)	2026.03.24 11:58:34 | HEARTBEAT | SYSTEM | EA alive. Tick=80200 Equity=44972.40 OpenPos=0 PendingOrders=0 UTC=2026.03.24 11:58 DayOfWeek=2 WeekendCloseActive=NO NewTradeBlocked=NO | 80200.000000
GQ	0	05:59:27.588	Cazyxio_v4.3 (EURUSD,M15)	2026.03.24 11:59:27 | HEARTBEAT | SYSTEM | EA alive. Tick=80300 Equity=44972.40 OpenPos=0 PendingOrders=0 UTC=2026.03.24 11:59 DayOfWeek=2 WeekendCloseActive=NO NewTradeBlocked=NO | 80300.000000
OR	0	06:02:22.594	Cazyxio_v4.3 (EURUSD,M15)	2026.03.24 12:02:22 | GATE_FAIL | GBPUSD | CopyBuffer failed for Daily EMA200.
QS	0	06:04:42.948	Cazyxio_v4.3 (EURUSD,M15)	2026.03.24 12:04:42 | GATE_FAIL | EURUSD | CopyBuffer failed for Daily EMA200.
GR	0	06:07:03.262	Cazyxio_v4.3 (EURUSD,M15)	2026.03.24 12:07:03 | GATE_FAIL | USDJPY | CopyBuffer failed for Daily EMA200.
RS	0	06:07:03.262	Cazyxio_v4.3 (EURUSD,M15)	2026.03.24 12:07:03 | BAR | AUDUSD | close=0.69685 h4ema200=0.70242 h4slope=DOWN dailyEMA200=0.67262 adx=37.3 ema50=0.69769 distToEMA50=8.4pips touchSeq=10 atr=0.000974 atrRatio=0.693 dir=NONE spread=17.0 spreadOK=YES atrGate=FAIL touch=FAIL momCandle= zeroRangeBar=NO trigger=NO hasPos=NO portRisk=0.00% openPos=0 | 0.696850
MO	0	06:07:03.262	Cazyxio_v4.3 (EURUSD,M15)	2026.03.24 12:07:03 | GATE_FAIL | AUDUSD | No directional bias. h4slope=DOWN closeNow=0.69685 h4ema200=0.70242 dailyEMA200=0.67262
CG	0	06:07:03.262	Cazyxio_v4.3 (EURUSD,M15)	2026.03.24 12:07:03 | BAR | GBPJPY | close=212.677 h4ema200=211.249 h4slope=UP dailyEMA200=205.278 adx=11.5 ema50=212.623 distToEMA50=5.4pips touchSeq=12 atr=0.148286 atrRatio=0.807 dir=LONG spread=37.0 spreadOK=NO atrGate=PASS touch=PASS momCandle=momClosePos=0.502 momOk=N ema50Ok=Y barRange=0.261000 zeroRangeBar=NO trigger=NO hasPos=NO portRisk=0.00% openPos=0 | 212.677000
RD	0	06:07:03.262	Cazyxio_v4.3 (EURUSD,M15)	2026.03.24 12:07:03 | GATE_FAIL | GBPJPY | Spread too wide. Spread=37.0 Max=30 points.
EJ	0	06:07:03.262	Cazyxio_v4.3 (EURUSD,M15)	2026.03.24 12:07:03 | BAR | USDCAD | close=1.37455 h4ema200=1.36802 h4slope=UP dailyEMA200=1.38061 adx=18.5 ema50=1.37410 distToEMA50=4.5pips touchSeq=4 atr=0.000745 atrRatio=0.797 dir=NONE spread=26.0 spreadOK=YES atrGate=FAIL touch=FAIL momCandle= zeroRangeBar=NO trigger=NO hasPos=NO portRisk=0.00% openPos=0 | 1.374550
JI	0	06:07:03.262	Cazyxio_v4.3 (EURUSD,M15)	2026.03.24 12:07:03 | GATE_FAIL | USDCAD | No directional bias. h4slope=UP closeNow=1.37455 h4ema200=1.36802 dailyEMA200=1.38061
OO	0	06:07:31.533	Cazyxio_v4.3 (EURUSD,M15)	2026.03.24 12:07:31 | HEARTBEAT | SYSTEM | EA alive. Tick=80400 Equity=44972.40 OpenPos=0 PendingOrders=0 UTC=2026.03.24 12:07 DayOfWeek=2 WeekendCloseActive=NO NewTradeBlocked=NO | 80400.000000
CI	0	06:08:25.633	Cazyxio_v4.3 (EURUSD,M15)	2026.03.24 12:08:25 | HEARTBEAT | SYSTEM | EA alive. Tick=80500 Equity=44972.40 OpenPos=0 PendingOrders=0 UTC=2026.03.24 12:08 DayOfWeek=2 WeekendCloseActive=NO NewTradeBlocked=NO | 80500.000000
LK	0	06:09:14.178	Cazyxio_v4.3 (EURUSD,M15)	2026.03.24 12:09:14 | HEARTBEAT | SYSTEM | EA alive. Tick=80600 Equity=44972.40 OpenPos=0 PendingOrders=0 UTC=2026.03.24 12:09 DayOfWeek=2 WeekendCloseActive=NO NewTradeBlocked=NO | 80600.000000
LE	0	06:10:03.237	Cazyxio_v4.3 (EURUSD,M15)	2026.03.24 12:10:03 | HEARTBEAT | SYSTEM | EA alive. Tick=80700 Equity=44972.40 OpenPos=0 PendingOrders=0 UTC=2026.03.24 12:10 DayOfWeek=2 WeekendCloseActive=NO NewTradeBlocked=NO | 80700.000000
PG	0	06:11:00.012	Cazyxio_v4.3 (EURUSD,M15)	2026.03.24 12:11:00 | HEARTBEAT | SYSTEM | EA alive. Tick=80800 Equity=44972.40 OpenPos=0 PendingOrders=0 UTC=2026.03.24 12:11 DayOfWeek=2 WeekendCloseActive=NO NewTradeBlocked=NO | 80800.000000
DQ	0	06:11:45.906	Cazyxio_v4.3 (EURUSD,M15)	2026.03.24 12:11:45 | HEARTBEAT | SYSTEM | EA alive. Tick=80900 Equity=44972.40 OpenPos=0 PendingOrders=0 UTC=2026.03.24 12:11 DayOfWeek=2 WeekendCloseActive=NO NewTradeBlocked=NO | 80900.000000
ES	0	06:13:05.428	Cazyxio_v4.3 (EURUSD,M15)	2026.03.24 12:13:05 | HEARTBEAT | SYSTEM | EA alive. Tick=81000 Equity=44972.40 OpenPos=0 PendingOrders=0 UTC=2026.03.24 12:13 DayOfWeek=2 WeekendCloseActive=NO NewTradeBlocked=NO | 81000.000000
QM	0	06:14:22.746	Cazyxio_v4.3 (EURUSD,M15)	2026.03.24 12:14:22 | HEARTBEAT | SYSTEM | EA alive. Tick=81100 Equity=44972.40 OpenPos=0 PendingOrders=0 UTC=2026.03.24 12:14 DayOfWeek=2 WeekendCloseActive=NO NewTradeBlocked=NO | 81100.000000
EN	0	06:17:22.644	Cazyxio_v4.3 (EURUSD,M15)	2026.03.24 12:17:22 | GATE_FAIL | GBPUSD | CopyBuffer failed for Daily EMA200.
JO	0	06:19:43.059	Cazyxio_v4.3 (EURUSD,M15)	2026.03.24 12:19:43 | GATE_FAIL | EURUSD | CopyBuffer failed for Daily EMA200.
JN	0	06:22:03.454	Cazyxio_v4.3 (EURUSD,M15)	2026.03.24 12:22:03 | GATE_FAIL | USDJPY | CopyBuffer failed for Daily EMA200.
IO	0	06:22:03.454	Cazyxio_v4.3 (EURUSD,M15)	2026.03.24 12:22:03 | BAR | AUDUSD | close=0.69615 h4ema200=0.70241 h4slope=DOWN dailyEMA200=0.67262 adx=37.3 ema50=0.69762 distToEMA50=14.7pips touchSeq=0 atr=0.000924 atrRatio=0.665 dir=NONE spread=16.0 spreadOK=YES atrGate=FAIL touch=FAIL momCandle= zeroRangeBar=NO trigger=NO hasPos=NO portRisk=0.00% openPos=0 | 0.696150
FK	0	06:22:03.454	Cazyxio_v4.3 (EURUSD,M15)	2026.03.24 12:22:03 | GATE_FAIL | AUDUSD | No directional bias. h4slope=DOWN closeNow=0.69615 h4ema200=0.70241 dailyEMA200=0.67262
MR	0	06:22:03.454	Cazyxio_v4.3 (EURUSD,M15)	2026.03.24 12:22:03 | BAR | GBPJPY | close=212.581 h4ema200=211.249 h4slope=UP dailyEMA200=205.277 adx=11.5 ema50=212.620 distToEMA50=3.9pips touchSeq=12 atr=0.132500 atrRatio=0.729 dir=LONG spread=39.0 spreadOK=NO atrGate=FAIL touch=PASS momCandle=momClosePos=0.174 momOk=N ema50Ok=Y barRange=0.172000 zeroRangeBar=NO trigger=NO hasPos=NO portRisk=0.00% openPos=0 | 212.581000
EH	0	06:22:03.454	Cazyxio_v4.3 (EURUSD,M15)	2026.03.24 12:22:03 | GATE_FAIL | GBPJPY | Spread too wide. Spread=39.0 Max=30 points.
IE	0	06:22:03.454	Cazyxio_v4.3 (EURUSD,M15)	2026.03.24 12:22:03 | BAR | USDCAD | close=1.37514 h4ema200=1.36802 h4slope=UP dailyEMA200=1.38061 adx=18.5 ema50=1.37414 distToEMA50=10.0pips touchSeq=0 atr=0.000726 atrRatio=0.781 dir=NONE spread=23.0 spreadOK=YES atrGate=FAIL touch=FAIL momCandle= zeroRangeBar=NO trigger=NO hasPos=NO portRisk=0.00% openPos=0 | 1.375140
IE	0	06:22:03.454	Cazyxio_v4.3 (EURUSD,M15)	2026.03.24 12:22:03 | GATE_FAIL | USDCAD | No directional bias. h4slope=UP closeNow=1.37514 h4ema200=1.36802 dailyEMA200=1.38061
EH	0	06:22:32.516	Cazyxio_v4.3 (EURUSD,M15)	2026.03.24 12:22:32 | HEARTBEAT | SYSTEM | EA alive. Tick=81200 Equity=44972.40 OpenPos=0 PendingOrders=0 UTC=2026.03.24 12:22 DayOfWeek=2 WeekendCloseActive=NO NewTradeBlocked=NO | 81200.000000
EJ	0	06:23:15.542	Cazyxio_v4.3 (EURUSD,M15)	2026.03.24 12:23:15 | HEARTBEAT | SYSTEM | EA alive. Tick=81300 Equity=44972.40 OpenPos=0 PendingOrders=0 UTC=2026.03.24 12:23 DayOfWeek=2 WeekendCloseActive=NO NewTradeBlocked=NO | 81300.000000
MD	0	06:24:25.095	Cazyxio_v4.3 (EURUSD,M15)	2026.03.24 12:24:25 | HEARTBEAT | SYSTEM | EA alive. Tick=81400 Equity=44972.40 OpenPos=0 PendingOrders=0 UTC=2026.03.24 12:24 DayOfWeek=2 WeekendCloseActive=NO NewTradeBlocked=NO | 81400.000000
HF	0	06:25:13.673	Cazyxio_v4.3 (EURUSD,M15)	2026.03.24 12:25:13 | HEARTBEAT | SYSTEM | EA alive. Tick=81500 Equity=44972.40 OpenPos=0 PendingOrders=0 UTC=2026.03.24 12:25 DayOfWeek=2 WeekendCloseActive=NO NewTradeBlocked=NO | 81500.000000
CP	0	06:26:15.370	Cazyxio_v4.3 (EURUSD,M15)	2026.03.24 12:26:15 | HEARTBEAT | SYSTEM | EA alive. Tick=81600 Equity=44972.40 OpenPos=0 PendingOrders=0 UTC=2026.03.24 12:26 DayOfWeek=2 WeekendCloseActive=NO NewTradeBlocked=NO | 81600.000000
IR	0	06:27:28.715	Cazyxio_v4.3 (EURUSD,M15)	2026.03.24 12:27:28 | HEARTBEAT | SYSTEM | EA alive. Tick=81700 Equity=44972.40 OpenPos=0 PendingOrders=0 UTC=2026.03.24 12:27 DayOfWeek=2 WeekendCloseActive=NO NewTradeBlocked=NO | 81700.000000
QL	0	06:28:47.260	Cazyxio_v4.3 (EURUSD,M15)	2026.03.24 12:28:47 | HEARTBEAT | SYSTEM | EA alive. Tick=81800 Equity=44972.40 OpenPos=0 PendingOrders=0 UTC=2026.03.24 12:28 DayOfWeek=2 WeekendCloseActive=NO NewTradeBlocked=NO | 81800.000000
NN	0	06:29:30.176	Cazyxio_v4.3 (EURUSD,M15)	2026.03.24 12:29:30 | HEARTBEAT | SYSTEM | EA alive. Tick=81900 Equity=44972.40 OpenPos=0 PendingOrders=0 UTC=2026.03.24 12:29 DayOfWeek=2 WeekendCloseActive=NO NewTradeBlocked=NO | 81900.000000
FH	0	06:32:22.538	Cazyxio_v4.3 (EURUSD,M15)	2026.03.24 12:32:22 | GATE_FAIL | EURUSD | CopyBuffer failed for Daily EMA200.
PK	0	06:34:42.933	Cazyxio_v4.3 (EURUSD,M15)	2026.03.24 12:34:42 | GATE_FAIL | USDJPY | CopyBuffer failed for Daily EMA200.
KJ	0	06:34:42.934	Cazyxio_v4.3 (EURUSD,M15)	2026.03.24 12:34:42 | BAR | AUDUSD | close=0.69637 h4ema200=0.70241 h4slope=DOWN dailyEMA200=0.67262 adx=37.3 ema50=0.69756 distToEMA50=11.9pips touchSeq=0 atr=0.000944 atrRatio=0.687 dir=NONE spread=20.0 spreadOK=YES atrGate=FAIL touch=FAIL momCandle= zeroRangeBar=NO trigger=NO hasPos=NO portRisk=0.00% openPos=0 | 0.696370
EF	0	06:34:42.934	Cazyxio_v4.3 (EURUSD,M15)	2026.03.24 12:34:42 | GATE_FAIL | AUDUSD | No directional bias. h4slope=DOWN closeNow=0.69637 h4ema200=0.70241 dailyEMA200=0.67262
GR	0	06:34:42.934	Cazyxio_v4.3 (EURUSD,M15)	2026.03.24 12:34:42 | BAR | GBPJPY | close=212.702 h4ema200=211.250 h4slope=UP dailyEMA200=205.278 adx=11.5 ema50=212.627 distToEMA50=7.5pips touchSeq=12 atr=0.137000 atrRatio=0.761 dir=LONG spread=39.0 spreadOK=NO atrGate=FAIL touch=PASS momCandle=momClosePos=0.948 momOk=Y ema50Ok=Y barRange=0.155000 zeroRangeBar=NO trigger=YES hasPos=NO portRisk=0.00% openPos=0 | 212.702000
HO	0	06:34:42.934	Cazyxio_v4.3 (EURUSD,M15)	2026.03.24 12:34:42 | GATE_FAIL | GBPJPY | Spread too wide. Spread=39.0 Max=30 points.
HQ	0	06:34:42.934	Cazyxio_v4.3 (EURUSD,M15)	2026.03.24 12:34:42 | BAR | USDCAD | close=1.37526 h4ema200=1.36802 h4slope=UP dailyEMA200=1.38061 adx=18.5 ema50=1.37419 distToEMA50=10.7pips touchSeq=0 atr=0.000706 atrRatio=0.765 dir=NONE spread=25.0 spreadOK=YES atrGate=FAIL touch=FAIL momCandle= zeroRangeBar=NO trigger=NO hasPos=NO portRisk=0.00% openPos=0 | 1.375260
KP	0	06:34:42.934	Cazyxio_v4.3 (EURUSD,M15)	2026.03.24 12:34:42 | GATE_FAIL | USDCAD | No directional bias. h4slope=UP closeNow=1.37526 h4ema200=1.36802 dailyEMA200=1.38061
HE	0	06:37:03.452	Cazyxio_v4.3 (EURUSD,M15)	2026.03.24 12:37:03 | GATE_FAIL | GBPUSD | CopyBuffer failed for Daily EMA200.
GD	0	06:37:29.985	Cazyxio_v4.3 (EURUSD,M15)	2026.03.24 12:37:29 | HEARTBEAT | SYSTEM | EA alive. Tick=82000 Equity=44972.40 OpenPos=0 PendingOrders=0 UTC=2026.03.24 12:37 DayOfWeek=2 WeekendCloseActive=NO NewTradeBlocked=NO | 82000.000000
IF	0	06:38:19.009	Cazyxio_v4.3 (EURUSD,M15)	2026.03.24 12:38:19 | HEARTBEAT | SYSTEM | EA alive. Tick=82100 Equity=44972.40 OpenPos=0 PendingOrders=0 UTC=2026.03.24 12:38 DayOfWeek=2 WeekendCloseActive=NO NewTradeBlocked=NO | 82100.000000
RP	0	06:39:10.230	Cazyxio_v4.3 (EURUSD,M15)	2026.03.24 12:39:10 | HEARTBEAT | SYSTEM | EA alive. Tick=82200 Equity=44972.40 OpenPos=0 PendingOrders=0 UTC=2026.03.24 12:39 DayOfWeek=2 WeekendCloseActive=NO NewTradeBlocked=NO | 82200.000000
NR	0	06:40:04.586	Cazyxio_v4.3 (EURUSD,M15)	2026.03.24 12:40:04 | HEARTBEAT | SYSTEM | EA alive. Tick=82300 Equity=44972.40 OpenPos=0 PendingOrders=0 UTC=2026.03.24 12:40 DayOfWeek=2 WeekendCloseActive=NO NewTradeBlocked=NO | 82300.000000
PL	0	06:41:07.826	Cazyxio_v4.3 (EURUSD,M15)	2026.03.24 12:41:07 | HEARTBEAT | SYSTEM | EA alive. Tick=82400 Equity=44972.40 OpenPos=0 PendingOrders=0 UTC=2026.03.24 12:41 DayOfWeek=2 WeekendCloseActive=NO NewTradeBlocked=NO | 82400.000000
GN	0	06:41:52.746	Cazyxio_v4.3 (EURUSD,M15)	2026.03.24 12:41:52 | HEARTBEAT | SYSTEM | EA alive. Tick=82500 Equity=44972.40 OpenPos=0 PendingOrders=0 UTC=2026.03.24 12:41 DayOfWeek=2 WeekendCloseActive=NO NewTradeBlocked=NO | 82500.000000
JH	0	06:42:45.702	Cazyxio_v4.3 (EURUSD,M15)	2026.03.24 12:42:45 | HEARTBEAT | SYSTEM | EA alive. Tick=82600 Equity=44972.40 OpenPos=0 PendingOrders=0 UTC=2026.03.24 12:42 DayOfWeek=2 WeekendCloseActive=NO NewTradeBlocked=NO | 82600.000000
RJ	0	06:43:49.840	Cazyxio_v4.3 (EURUSD,M15)	2026.03.24 12:43:49 | HEARTBEAT | SYSTEM | EA alive. Tick=82700 Equity=44972.40 OpenPos=0 PendingOrders=0 UTC=2026.03.24 12:43 DayOfWeek=2 WeekendCloseActive=NO NewTradeBlocked=NO | 82700.000000
MD	0	06:44:44.538	Cazyxio_v4.3 (EURUSD,M15)	2026.03.24 12:44:44 | HEARTBEAT | SYSTEM | EA alive. Tick=82800 Equity=44972.40 OpenPos=0 PendingOrders=0 UTC=2026.03.24 12:44 DayOfWeek=2 WeekendCloseActive=NO NewTradeBlocked=NO | 82800.000000
QF	0	06:47:22.777	Cazyxio_v4.3 (EURUSD,M15)	2026.03.24 12:47:22 | GATE_FAIL | EURUSD | CopyBuffer failed for Daily EMA200.
CQ	0	06:49:43.077	Cazyxio_v4.3 (EURUSD,M15)	2026.03.24 12:49:43 | GATE_FAIL | USDJPY | CopyBuffer failed for Daily EMA200.
KP	0	06:49:43.077	Cazyxio_v4.3 (EURUSD,M15)	2026.03.24 12:49:43 | BAR | AUDUSD | close=0.69514 h4ema200=0.70241 h4slope=DOWN dailyEMA200=0.67262 adx=37.5 ema50=0.69746 distToEMA50=23.2pips touchSeq=0 atr=0.000972 atrRatio=0.716 dir=NONE spread=18.0 spreadOK=YES atrGate=FAIL touch=FAIL momCandle= zeroRangeBar=NO trigger=NO hasPos=NO portRisk=0.00% openPos=0 | 0.695140
EP	0	06:49:43.077	Cazyxio_v4.3 (EURUSD,M15)	2026.03.24 12:49:43 | GATE_FAIL | AUDUSD | No directional bias. h4slope=DOWN closeNow=0.69514 h4ema200=0.70241 dailyEMA200=0.67262
CK	0	06:49:43.077	Cazyxio_v4.3 (EURUSD,M15)	2026.03.24 12:49:43 | BAR | GBPJPY | close=212.753 h4ema200=211.250 h4slope=UP dailyEMA200=205.279 adx=11.5 ema50=212.633 distToEMA50=12.0pips touchSeq=12 atr=0.135286 atrRatio=0.760 dir=LONG spread=43.0 spreadOK=NO atrGate=FAIL touch=PASS momCandle=momClosePos=0.890 momOk=Y ema50Ok=Y barRange=0.127000 zeroRangeBar=NO trigger=YES hasPos=NO portRisk=0.00% openPos=0 | 212.753000
OQ	0	06:49:43.077	Cazyxio_v4.3 (EURUSD,M15)	2026.03.24 12:49:43 | GATE_FAIL | GBPJPY | Spread too wide. Spread=43.0 Max=30 points.
DO	0	06:49:43.077	Cazyxio_v4.3 (EURUSD,M15)	2026.03.24 12:49:43 | BAR | USDCAD | close=1.37541 h4ema200=1.36801 h4slope=UP dailyEMA200=1.38061 adx=18.5 ema50=1.37421 distToEMA50=12.0pips touchSeq=0 atr=0.000735 atrRatio=0.803 dir=NONE spread=24.0 spreadOK=YES atrGate=PASS touch=FAIL momCandle= zeroRangeBar=NO trigger=NO hasPos=NO portRisk=0.00% openPos=0 | 1.375410
EJ	0	06:49:43.077	Cazyxio_v4.3 (EURUSD,M15)	2026.03.24 12:49:43 | GATE_FAIL | USDCAD | No directional bias. h4slope=UP closeNow=1.37541 h4ema200=1.36801 dailyEMA200=1.38061
HR	0	06:52:04.094	Cazyxio_v4.3 (EURUSD,M15)	2026.03.24 12:52:04 | GATE_FAIL | GBPUSD | CopyBuffer failed for Daily EMA200.
PR	0	06:52:27.572	Cazyxio_v4.3 (EURUSD,M15)	2026.03.24 12:52:27 | HEARTBEAT | SYSTEM | EA alive. Tick=82900 Equity=44972.40 OpenPos=0 PendingOrders=0 UTC=2026.03.24 12:52 DayOfWeek=2 WeekendCloseActive=NO NewTradeBlocked=NO | 82900.000000
EL	0	06:53:06.079	Cazyxio_v4.3 (EURUSD,M15)	2026.03.24 12:53:06 | HEARTBEAT | SYSTEM | EA alive. Tick=83000 Equity=44972.40 OpenPos=0 PendingOrders=0 UTC=2026.03.24 12:53 DayOfWeek=2 WeekendCloseActive=NO NewTradeBlocked=NO | 83000.000000
EN	0	06:53:35.824	Cazyxio_v4.3 (EURUSD,M15)	2026.03.24 12:53:35 | HEARTBEAT | SYSTEM | EA alive. Tick=83100 Equity=44972.40 OpenPos=0 PendingOrders=0 UTC=2026.03.24 12:53 DayOfWeek=2 WeekendCloseActive=NO NewTradeBlocked=NO | 83100.000000
NH	0	06:54:10.617	Cazyxio_v4.3 (EURUSD,M15)	2026.03.24 12:54:10 | HEARTBEAT | SYSTEM | EA alive. Tick=83200 Equity=44972.40 OpenPos=0 PendingOrders=0 UTC=2026.03.24 12:54 DayOfWeek=2 WeekendCloseActive=NO NewTradeBlocked=NO | 83200.000000
RJ	0	06:54:51.316	Cazyxio_v4.3 (EURUSD,M15)	2026.03.24 12:54:51 | HEARTBEAT | SYSTEM | EA alive. Tick=83300 Equity=44972.40 OpenPos=0 PendingOrders=0 UTC=2026.03.24 12:54 DayOfWeek=2 WeekendCloseActive=NO NewTradeBlocked=NO | 83300.000000
PD	0	06:55:39.698	Cazyxio_v4.3 (EURUSD,M15)	2026.03.24 12:55:39 | HEARTBEAT | SYSTEM | EA alive. Tick=83400 Equity=44972.40 OpenPos=0 PendingOrders=0 UTC=2026.03.24 12:55 DayOfWeek=2 WeekendCloseActive=NO NewTradeBlocked=NO | 83400.000000
LF	0	06:56:19.033	Cazyxio_v4.3 (EURUSD,M15)	2026.03.24 12:56:19 | HEARTBEAT | SYSTEM | EA alive. Tick=83500 Equity=44972.40 OpenPos=0 PendingOrders=0 UTC=2026.03.24 12:56 DayOfWeek=2 WeekendCloseActive=NO NewTradeBlocked=NO | 83500.000000
MP	0	06:56:58.003	Cazyxio_v4.3 (EURUSD,M15)	2026.03.24 12:56:58 | HEARTBEAT | SYSTEM | EA alive. Tick=83600 Equity=44972.40 OpenPos=0 PendingOrders=0 UTC=2026.03.24 12:56 DayOfWeek=2 WeekendCloseActive=NO NewTradeBlocked=NO | 83600.000000
DR	0	06:57:36.595	Cazyxio_v4.3 (EURUSD,M15)	2026.03.24 12:57:36 | HEARTBEAT | SYSTEM | EA alive. Tick=83700 Equity=44972.40 OpenPos=0 PendingOrders=0 UTC=2026.03.24 12:57 DayOfWeek=2 WeekendCloseActive=NO NewTradeBlocked=NO | 83700.000000
RL	0	06:58:16.329	Cazyxio_v4.3 (EURUSD,M15)	2026.03.24 12:58:16 | HEARTBEAT | SYSTEM | EA alive. Tick=83800 Equity=44972.40 OpenPos=0 PendingOrders=0 UTC=2026.03.24 12:58 DayOfWeek=2 WeekendCloseActive=NO NewTradeBlocked=NO | 83800.000000
LN	0	06:58:56.970	Cazyxio_v4.3 (EURUSD,M15)	2026.03.24 12:58:56 | HEARTBEAT | SYSTEM | EA alive. Tick=83900 Equity=44972.40 OpenPos=0 PendingOrders=0 UTC=2026.03.24 12:58 DayOfWeek=2 WeekendCloseActive=NO NewTradeBlocked=NO | 83900.000000
QH	0	06:59:45.668	Cazyxio_v4.3 (EURUSD,M15)	2026.03.24 12:59:45 | HEARTBEAT | SYSTEM | EA alive. Tick=84000 Equity=44972.40 OpenPos=0 PendingOrders=0 UTC=2026.03.24 12:59 DayOfWeek=2 WeekendCloseActive=NO NewTradeBlocked=NO | 84000.000000
KJ	0	07:02:22.609	Cazyxio_v4.3 (EURUSD,M15)	2026.03.24 13:02:22 | GATE_FAIL | EURUSD | CopyBuffer failed for Daily EMA200.
RJ	0	07:04:42.980	Cazyxio_v4.3 (EURUSD,M15)	2026.03.24 13:04:42 | GATE_FAIL | USDJPY | CopyBuffer failed for Daily EMA200.
FD	0	07:04:42.980	Cazyxio_v4.3 (EURUSD,M15)	2026.03.24 13:04:42 | BAR | AUDUSD | close=0.69555 h4ema200=0.70235 h4slope=DOWN dailyEMA200=0.67262 adx=37.2 ema50=0.69741 distToEMA50=18.6pips touchSeq=0 atr=0.000981 atrRatio=0.732 dir=NONE spread=19.0 spreadOK=YES atrGate=FAIL touch=FAIL momCandle= zeroRangeBar=NO trigger=NO hasPos=NO portRisk=0.00% openPos=0 | 0.695550
RG	0	07:04:42.980	Cazyxio_v4.3 (EURUSD,M15)	2026.03.24 13:04:42 | GATE_FAIL | AUDUSD | No directional bias. h4slope=DOWN closeNow=0.69555 h4ema200=0.70235 dailyEMA200=0.67262
DN	0	07:04:42.980	Cazyxio_v4.3 (EURUSD,M15)	2026.03.24 13:04:42 | BAR | GBPJPY | close=212.679 h4ema200=211.264 h4slope=UP dailyEMA200=205.278 adx=11.4 ema50=212.632 distToEMA50=4.7pips touchSeq=12 atr=0.132500 atrRatio=0.752 dir=LONG spread=41.0 spreadOK=NO atrGate=FAIL touch=PASS momCandle=momClosePos=0.191 momOk=N ema50Ok=Y barRange=0.136000 zeroRangeBar=NO trigger=NO hasPos=NO portRisk=0.00% openPos=0 | 212.679000
PM	0	07:04:42.980	Cazyxio_v4.3 (EURUSD,M15)	2026.03.24 13:04:42 | GATE_FAIL | GBPJPY | Spread too wide. Spread=41.0 Max=30 points.
HP	0	07:04:42.980	Cazyxio_v4.3 (EURUSD,M15)	2026.03.24 13:04:42 | BAR | USDCAD | close=1.37426 h4ema200=1.36807 h4slope=UP dailyEMA200=1.38060 adx=18.7 ema50=1.37418 distToEMA50=0.8pips touchSeq=1 atr=0.000814 atrRatio=0.895 dir=NONE spread=25.0 spreadOK=YES atrGate=PASS touch=FAIL momCandle= zeroRangeBar=NO trigger=NO hasPos=NO portRisk=0.00% openPos=0 | 1.374260
GN	0	07:04:42.980	Cazyxio_v4.3 (EURUSD,M15)	2026.03.24 13:04:42 | GATE_FAIL | USDCAD | No directional bias. h4slope=UP closeNow=1.37426 h4ema200=1.36807 dailyEMA200=1.38060
RF	0	07:07:03.968	Cazyxio_v4.3 (EURUSD,M15)	2026.03.24 13:07:03 | GATE_FAIL | GBPUSD | CopyBuffer failed for Daily EMA200.
HF	0	07:07:25.933	Cazyxio_v4.3 (EURUSD,M15)	2026.03.24 13:07:25 | HEARTBEAT | SYSTEM | EA alive. Tick=84100 Equity=44972.40 OpenPos=0 PendingOrders=0 UTC=2026.03.24 13:07 DayOfWeek=2 WeekendCloseActive=NO NewTradeBlocked=NO | 84100.000000
QP	0	07:08:06.973	Cazyxio_v4.3 (EURUSD,M15)	2026.03.24 13:08:06 | HEARTBEAT | SYSTEM | EA alive. Tick=84200 Equity=44972.40 OpenPos=0 PendingOrders=0 UTC=2026.03.24 13:08 DayOfWeek=2 WeekendCloseActive=NO NewTradeBlocked=NO | 84200.000000
JR	0	07:08:38.747	Cazyxio_v4.3 (EURUSD,M15)	2026.03.24 13:08:38 | HEARTBEAT | SYSTEM | EA alive. Tick=84300 Equity=44972.40 OpenPos=0 PendingOrders=0 UTC=2026.03.24 13:08 DayOfWeek=2 WeekendCloseActive=NO NewTradeBlocked=NO | 84300.000000
FL	0	07:09:06.991	Cazyxio_v4.3 (EURUSD,M15)	2026.03.24 13:09:06 | HEARTBEAT | SYSTEM | EA alive. Tick=84400 Equity=44972.40 OpenPos=0 PendingOrders=0 UTC=2026.03.24 13:09 DayOfWeek=2 WeekendCloseActive=NO NewTradeBlocked=NO | 84400.000000
MN	0	07:09:37.329	Cazyxio_v4.3 (EURUSD,M15)	2026.03.24 13:09:37 | HEARTBEAT | SYSTEM | EA alive. Tick=84500 Equity=44972.40 OpenPos=0 PendingOrders=0 UTC=2026.03.24 13:09 DayOfWeek=2 WeekendCloseActive=NO NewTradeBlocked=NO | 84500.000000
OH	0	07:10:10.314	Cazyxio_v4.3 (EURUSD,M15)	2026.03.24 13:10:10 | HEARTBEAT | SYSTEM | EA alive. Tick=84600 Equity=44972.40 OpenPos=0 PendingOrders=0 UTC=2026.03.24 13:10 DayOfWeek=2 WeekendCloseActive=NO NewTradeBlocked=NO | 84600.000000
GJ	0	07:10:43.952	Cazyxio_v4.3 (EURUSD,M15)	2026.03.24 13:10:43 | HEARTBEAT | SYSTEM | EA alive. Tick=84700 Equity=44972.40 OpenPos=0 PendingOrders=0 UTC=2026.03.24 13:10 DayOfWeek=2 WeekendCloseActive=NO NewTradeBlocked=NO | 84700.000000
CD	0	07:11:17.038	Cazyxio_v4.3 (EURUSD,M15)	2026.03.24 13:11:17 | HEARTBEAT | SYSTEM | EA alive. Tick=84800 Equity=44972.40 OpenPos=0 PendingOrders=0 UTC=2026.03.24 13:11 DayOfWeek=2 WeekendCloseActive=NO NewTradeBlocked=NO | 84800.000000
JF	0	07:11:50.729	Cazyxio_v4.3 (EURUSD,M15)	2026.03.24 13:11:50 | HEARTBEAT | SYSTEM | EA alive. Tick=84900 Equity=44972.40 OpenPos=0 PendingOrders=0 UTC=2026.03.24 13:11 DayOfWeek=2 WeekendCloseActive=NO NewTradeBlocked=NO | 84900.000000
LP	0	07:12:23.742	Cazyxio_v4.3 (EURUSD,M15)	2026.03.24 13:12:23 | HEARTBEAT | SYSTEM | EA alive. Tick=85000 Equity=44972.40 OpenPos=0 PendingOrders=0 UTC=2026.03.24 13:12 DayOfWeek=2 WeekendCloseActive=NO NewTradeBlocked=NO | 85000.000000
RR	0	07:12:57.061	Cazyxio_v4.3 (EURUSD,M15)	2026.03.24 13:12:57 | HEARTBEAT | SYSTEM | EA alive. Tick=85100 Equity=44972.40 OpenPos=0 PendingOrders=0 UTC=2026.03.24 13:12 DayOfWeek=2 WeekendCloseActive=NO NewTradeBlocked=NO | 85100.000000
ML	0	07:13:27.883	Cazyxio_v4.3 (EURUSD,M15)	2026.03.24 13:13:27 | HEARTBEAT | SYSTEM | EA alive. Tick=85200 Equity=44972.40 OpenPos=0 PendingOrders=0 UTC=2026.03.24 13:13 DayOfWeek=2 WeekendCloseActive=NO NewTradeBlocked=NO | 85200.000000
EN	0	07:14:00.914	Cazyxio_v4.3 (EURUSD,M15)	2026.03.24 13:14:00 | HEARTBEAT | SYSTEM | EA alive. Tick=85300 Equity=44972.40 OpenPos=0 PendingOrders=0 UTC=2026.03.24 13:14 DayOfWeek=2 WeekendCloseActive=NO NewTradeBlocked=NO | 85300.000000
FH	0	07:14:36.148	Cazyxio_v4.3 (EURUSD,M15)	2026.03.24 13:14:36 | HEARTBEAT | SYSTEM | EA alive. Tick=85400 Equity=44972.40 OpenPos=0 PendingOrders=0 UTC=2026.03.24 13:14 DayOfWeek=2 WeekendCloseActive=NO NewTradeBlocked=NO | 85400.000000
JJ	0	07:17:22.635	Cazyxio_v4.3 (EURUSD,M15)	2026.03.24 13:17:22 | GATE_FAIL | EURUSD | CopyBuffer failed for Daily EMA200.
EJ	0	07:19:42.963	Cazyxio_v4.3 (EURUSD,M15)	2026.03.24 13:19:42 | GATE_FAIL | USDJPY | CopyBuffer failed for Daily EMA200.
KD	0	07:19:42.963	Cazyxio_v4.3 (EURUSD,M15)	2026.03.24 13:19:42 | BAR | AUDUSD | close=0.69523 h4ema200=0.70234 h4slope=DOWN dailyEMA200=0.67261 adx=38.4 ema50=0.69728 distToEMA50=20.5pips touchSeq=0 atr=0.001040 atrRatio=0.786 dir=NONE spread=19.0 spreadOK=YES atrGate=FAIL touch=FAIL momCandle= zeroRangeBar=NO trigger=NO hasPos=NO portRisk=0.00% openPos=0 | 0.695230
DG	0	07:19:42.963	Cazyxio_v4.3 (EURUSD,M15)	2026.03.24 13:19:42 | GATE_FAIL | AUDUSD | No directional bias. h4slope=DOWN closeNow=0.69523 h4ema200=0.70234 dailyEMA200=0.67261
NL	0	07:19:42.963	Cazyxio_v4.3 (EURUSD,M15)	2026.03.24 13:19:42 | BAR | GBPJPY | close=212.518 h4ema200=211.262 h4slope=UP dailyEMA200=205.277 adx=11.4 ema50=212.622 distToEMA50=10.4pips touchSeq=12 atr=0.144286 atrRatio=0.827 dir=LONG spread=42.0 spreadOK=NO atrGate=PASS touch=PASS momCandle=momClosePos=0.406 momOk=N ema50Ok=Y barRange=0.276000 zeroRangeBar=NO trigger=NO hasPos=NO portRisk=0.00% openPos=0 | 212.518000
PL	0	07:19:42.963	Cazyxio_v4.3 (EURUSD,M15)	2026.03.24 13:19:42 | GATE_FAIL | GBPJPY | Spread too wide. Spread=42.0 Max=30 points.
PP	0	07:19:42.963	Cazyxio_v4.3 (EURUSD,M15)	2026.03.24 13:19:42 | BAR | USDCAD | close=1.37459 h4ema200=1.36808 h4slope=UP dailyEMA200=1.38061 adx=18.7 ema50=1.37423 distToEMA50=3.6pips touchSeq=2 atr=0.000848 atrRatio=0.939 dir=NONE spread=28.0 spreadOK=YES atrGate=PASS touch=FAIL momCandle= zeroRangeBar=NO trigger=NO hasPos=NO portRisk=0.00% openPos=0 | 1.374590
DN	0	07:19:42.963	Cazyxio_v4.3 (EURUSD,M15)	2026.03.24 13:19:42 | GATE_FAIL | USDCAD | No directional bias. h4slope=UP closeNow=1.37459 h4ema200=1.36808 dailyEMA200=1.38061
FF	0	07:22:03.814	Cazyxio_v4.3 (EURUSD,M15)	2026.03.24 13:22:03 | GATE_FAIL | GBPUSD | CopyBuffer failed for Daily EMA200.
NF	0	07:22:18.666	Cazyxio_v4.3 (EURUSD,M15)	2026.03.24 13:22:18 | HEARTBEAT | SYSTEM | EA alive. Tick=85500 Equity=44972.40 OpenPos=0 PendingOrders=0 UTC=2026.03.24 13:22 DayOfWeek=2 WeekendCloseActive=NO NewTradeBlocked=NO | 85500.000000
CP	0	07:22:59.296	Cazyxio_v4.3 (EURUSD,M15)	2026.03.24 13:22:59 | HEARTBEAT | SYSTEM | EA alive. Tick=85600 Equity=44972.40 OpenPos=0 PendingOrders=0 UTC=2026.03.24 13:22 DayOfWeek=2 WeekendCloseActive=NO NewTradeBlocked=NO | 85600.000000
NR	0	07:23:45.689	Cazyxio_v4.3 (EURUSD,M15)	2026.03.24 13:23:45 | HEARTBEAT | SYSTEM | EA alive. Tick=85700 Equity=44972.40 OpenPos=0 PendingOrders=0 UTC=2026.03.24 13:23 DayOfWeek=2 WeekendCloseActive=NO NewTradeBlocked=NO | 85700.000000
PL	0	07:24:23.215	Cazyxio_v4.3 (EURUSD,M15)	2026.03.24 13:24:23 | HEARTBEAT | SYSTEM | EA alive. Tick=85800 Equity=44972.40 OpenPos=0 PendingOrders=0 UTC=2026.03.24 13:24 DayOfWeek=2 WeekendCloseActive=NO NewTradeBlocked=NO | 85800.000000
KN	0	07:25:06.772	Cazyxio_v4.3 (EURUSD,M15)	2026.03.24 13:25:06 | HEARTBEAT | SYSTEM | EA alive. Tick=85900 Equity=44972.40 OpenPos=0 PendingOrders=0 UTC=2026.03.24 13:25 DayOfWeek=2 WeekendCloseActive=NO NewTradeBlocked=NO | 85900.000000
PH	0	07:25:51.272	Cazyxio_v4.3 (EURUSD,M15)	2026.03.24 13:25:51 | HEARTBEAT | SYSTEM | EA alive. Tick=86000 Equity=44972.40 OpenPos=0 PendingOrders=0 UTC=2026.03.24 13:25 DayOfWeek=2 WeekendCloseActive=NO NewTradeBlocked=NO | 86000.000000
MJ	0	07:26:29.553	Cazyxio_v4.3 (EURUSD,M15)	2026.03.24 13:26:29 | HEARTBEAT | SYSTEM | EA alive. Tick=86100 Equity=44972.40 OpenPos=0 PendingOrders=0 UTC=2026.03.24 13:26 DayOfWeek=2 WeekendCloseActive=NO NewTradeBlocked=NO | 86100.000000
GD	0	07:27:08.840	Cazyxio_v4.3 (EURUSD,M15)	2026.03.24 13:27:08 | HEARTBEAT | SYSTEM | EA alive. Tick=86200 Equity=44972.40 OpenPos=0 PendingOrders=0 UTC=2026.03.24 13:27 DayOfWeek=2 WeekendCloseActive=NO NewTradeBlocked=NO | 86200.000000
QF	0	07:27:54.666	Cazyxio_v4.3 (EURUSD,M15)	2026.03.24 13:27:54 | HEARTBEAT | SYSTEM | EA alive. Tick=86300 Equity=44972.40 OpenPos=0 PendingOrders=0 UTC=2026.03.24 13:27 DayOfWeek=2 WeekendCloseActive=NO NewTradeBlocked=NO | 86300.000000
QP	0	07:28:35.238	Cazyxio_v4.3 (EURUSD,M15)	2026.03.24 13:28:35 | HEARTBEAT | SYSTEM | EA alive. Tick=86400 Equity=44972.40 OpenPos=0 PendingOrders=0 UTC=2026.03.24 13:28 DayOfWeek=2 WeekendCloseActive=NO NewTradeBlocked=NO | 86400.000000
KR	0	07:29:12.529	Cazyxio_v4.3 (EURUSD,M15)	2026.03.24 13:29:12 | HEARTBEAT | SYSTEM | EA alive. Tick=86500 Equity=44972.40 OpenPos=0 PendingOrders=0 UTC=2026.03.24 13:29 DayOfWeek=2 WeekendCloseActive=NO NewTradeBlocked=NO | 86500.000000
KL	0	07:29:50.619	Cazyxio_v4.3 (EURUSD,M15)	2026.03.24 13:29:50 | HEARTBEAT | SYSTEM | EA alive. Tick=86600 Equity=44972.40 OpenPos=0 PendingOrders=0 UTC=2026.03.24 13:29 DayOfWeek=2 WeekendCloseActive=NO NewTradeBlocked=NO | 86600.000000
FO	0	07:32:22.757	Cazyxio_v4.3 (EURUSD,M15)	2026.03.24 13:32:22 | GATE_FAIL | GBPUSD | CopyBuffer failed for Daily EMA200.
HN	0	07:34:43.084	Cazyxio_v4.3 (EURUSD,M15)	2026.03.24 13:34:43 | GATE_FAIL | EURUSD | CopyBuffer failed for Daily EMA200.
FI	0	07:37:03.506	Cazyxio_v4.3 (EURUSD,M15)	2026.03.24 13:37:03 | GATE_FAIL | USDJPY | CopyBuffer failed for Daily EMA200.
OI	0	07:37:03.506	Cazyxio_v4.3 (EURUSD,M15)	2026.03.24 13:37:03 | BAR | AUDUSD | close=0.69504 h4ema200=0.70234 h4slope=DOWN dailyEMA200=0.67262 adx=38.4 ema50=0.69720 distToEMA50=21.6pips touchSeq=0 atr=0.001054 atrRatio=0.810 dir=NONE spread=20.0 spreadOK=YES atrGate=PASS touch=FAIL momCandle= zeroRangeBar=NO trigger=NO hasPos=NO portRisk=0.00% openPos=0 | 0.695040
EH	0	07:37:03.506	Cazyxio_v4.3 (EURUSD,M15)	2026.03.24 13:37:03 | GATE_FAIL | AUDUSD | No directional bias. h4slope=DOWN closeNow=0.69504 h4ema200=0.70234 dailyEMA200=0.67262
CL	0	07:37:03.506	Cazyxio_v4.3 (EURUSD,M15)	2026.03.24 13:37:03 | BAR | GBPJPY | close=212.442 h4ema200=211.262 h4slope=UP dailyEMA200=205.277 adx=11.4 ema50=212.615 distToEMA50=17.3pips touchSeq=0 atr=0.147500 atrRatio=0.855 dir=LONG spread=44.0 spreadOK=NO atrGate=PASS touch=PASS momCandle=momClosePos=0.017 momOk=N ema50Ok=Y barRange=0.117000 zeroRangeBar=NO trigger=NO hasPos=NO portRisk=0.00% openPos=0 | 212.442000
OI	0	07:37:03.506	Cazyxio_v4.3 (EURUSD,M15)	2026.03.24 13:37:03 | GATE_FAIL | GBPJPY | Spread too wide. Spread=44.0 Max=30 points.
ND	0	07:37:03.506	Cazyxio_v4.3 (EURUSD,M15)	2026.03.24 13:37:03 | BAR | USDCAD | close=1.37473 h4ema200=1.36809 h4slope=UP dailyEMA200=1.38062 adx=19.6 ema50=1.37430 distToEMA50=4.3pips touchSeq=3 atr=0.000923 atrRatio=1.030 dir=NONE spread=27.0 spreadOK=YES atrGate=PASS touch=FAIL momCandle= zeroRangeBar=NO trigger=NO hasPos=NO portRisk=0.00% openPos=0 | 1.374730
OR	0	07:37:03.506	Cazyxio_v4.3 (EURUSD,M15)	2026.03.24 13:37:03 | GATE_FAIL | USDCAD | No directional bias. h4slope=UP closeNow=1.37473 h4ema200=1.36809 dailyEMA200=1.38062
QJ	0	07:37:23.878	Cazyxio_v4.3 (EURUSD,M15)	2026.03.24 13:37:23 | HEARTBEAT | SYSTEM | EA alive. Tick=86700 Equity=44972.40 OpenPos=0 PendingOrders=0 UTC=2026.03.24 13:37 DayOfWeek=2 WeekendCloseActive=NO NewTradeBlocked=NO | 86700.000000
OD	0	07:38:00.596	Cazyxio_v4.3 (EURUSD,M15)	2026.03.24 13:38:00 | HEARTBEAT | SYSTEM | EA alive. Tick=86800 Equity=44972.40 OpenPos=0 PendingOrders=0 UTC=2026.03.24 13:38 DayOfWeek=2 WeekendCloseActive=NO NewTradeBlocked=NO | 86800.000000
GF	0	07:38:31.130	Cazyxio_v4.3 (EURUSD,M15)	2026.03.24 13:38:31 | HEARTBEAT | SYSTEM | EA alive. Tick=86900 Equity=44972.40 OpenPos=0 PendingOrders=0 UTC=2026.03.24 13:38 DayOfWeek=2 WeekendCloseActive=NO NewTradeBlocked=NO | 86900.000000
GP	0	07:39:04.232	Cazyxio_v4.3 (EURUSD,M15)	2026.03.24 13:39:04 | HEARTBEAT | SYSTEM | EA alive. Tick=87000 Equity=44972.40 OpenPos=0 PendingOrders=0 UTC=2026.03.24 13:39 DayOfWeek=2 WeekendCloseActive=NO NewTradeBlocked=NO | 87000.000000
GR	0	07:39:36.892	Cazyxio_v4.3 (EURUSD,M15)	2026.03.24 13:39:36 | HEARTBEAT | SYSTEM | EA alive. Tick=87100 Equity=44972.40 OpenPos=0 PendingOrders=0 UTC=2026.03.24 13:39 DayOfWeek=2 WeekendCloseActive=NO NewTradeBlocked=NO | 87100.000000
NL	0	07:40:16.637	Cazyxio_v4.3 (EURUSD,M15)	2026.03.24 13:40:16 | HEARTBEAT | SYSTEM | EA alive. Tick=87200 Equity=44972.40 OpenPos=0 PendingOrders=0 UTC=2026.03.24 13:40 DayOfWeek=2 WeekendCloseActive=NO NewTradeBlocked=NO | 87200.000000
ON	0	07:40:48.858	Cazyxio_v4.3 (EURUSD,M15)	2026.03.24 13:40:48 | HEARTBEAT | SYSTEM | EA alive. Tick=87300 Equity=44972.40 OpenPos=0 PendingOrders=0 UTC=2026.03.24 13:40 DayOfWeek=2 WeekendCloseActive=NO NewTradeBlocked=NO | 87300.000000
JH	0	07:41:24.719	Cazyxio_v4.3 (EURUSD,M15)	2026.03.24 13:41:24 | HEARTBEAT | SYSTEM | EA alive. Tick=87400 Equity=44972.40 OpenPos=0 PendingOrders=0 UTC=2026.03.24 13:41 DayOfWeek=2 WeekendCloseActive=NO NewTradeBlocked=NO | 87400.000000
QJ	0	07:41:57.413	Cazyxio_v4.3 (EURUSD,M15)	2026.03.24 13:41:57 | HEARTBEAT | SYSTEM | EA alive. Tick=87500 Equity=44972.40 OpenPos=0 PendingOrders=0 UTC=2026.03.24 13:41 DayOfWeek=2 WeekendCloseActive=NO NewTradeBlocked=NO | 87500.000000
ID	0	07:42:33.937	Cazyxio_v4.3 (EURUSD,M15)	2026.03.24 13:42:33 | HEARTBEAT | SYSTEM | EA alive. Tick=87600 Equity=44972.40 OpenPos=0 PendingOrders=0 UTC=2026.03.24 13:42 DayOfWeek=2 WeekendCloseActive=NO NewTradeBlocked=NO | 87600.000000
PF	0	07:43:18.403	Cazyxio_v4.3 (EURUSD,M15)	2026.03.24 13:43:18 | HEARTBEAT | SYSTEM | EA alive. Tick=87700 Equity=44972.40 OpenPos=0 PendingOrders=0 UTC=2026.03.24 13:43 DayOfWeek=2 WeekendCloseActive=NO NewTradeBlocked=NO | 87700.000000
HP	0	07:44:08.181	Cazyxio_v4.3 (EURUSD,M15)	2026.03.24 13:44:08 | HEARTBEAT | SYSTEM | EA alive. Tick=87800 Equity=44972.40 OpenPos=0 PendingOrders=0 UTC=2026.03.24 13:44 DayOfWeek=2 WeekendCloseActive=NO NewTradeBlocked=NO | 87800.000000
CR	0	07:44:51.926	Cazyxio_v4.3 (EURUSD,M15)	2026.03.24 13:44:51 | HEARTBEAT | SYSTEM | EA alive. Tick=87900 Equity=44972.40 OpenPos=0 PendingOrders=0 UTC=2026.03.24 13:44 DayOfWeek=2 WeekendCloseActive=NO NewTradeBlocked=NO | 87900.000000
JL	0	07:47:22.699	Cazyxio_v4.3 (EURUSD,M15)	2026.03.24 13:47:22 | GATE_FAIL | EURUSD | CopyBuffer failed for Daily EMA200.
HL	0	07:49:43.058	Cazyxio_v4.3 (EURUSD,M15)	2026.03.24 13:49:43 | GATE_FAIL | USDJPY | CopyBuffer failed for Daily EMA200.
HO	0	07:49:43.058	Cazyxio_v4.3 (EURUSD,M15)	2026.03.24 13:49:43 | BAR | AUDUSD | close=0.69507 h4ema200=0.70234 h4slope=DOWN dailyEMA200=0.67261 adx=38.4 ema50=0.69711 distToEMA50=20.4pips touchSeq=0 atr=0.001032 atrRatio=0.806 dir=NONE spread=19.0 spreadOK=YES atrGate=PASS touch=FAIL momCandle= zeroRangeBar=NO trigger=NO hasPos=NO portRisk=0.00% openPos=0 | 0.695070
GM	0	07:49:43.058	Cazyxio_v4.3 (EURUSD,M15)	2026.03.24 13:49:43 | GATE_FAIL | AUDUSD | No directional bias. h4slope=DOWN closeNow=0.69507 h4ema200=0.70234 dailyEMA200=0.67261
JQ	0	07:49:43.058	Cazyxio_v4.3 (EURUSD,M15)	2026.03.24 13:49:43 | BAR | GBPJPY | close=212.431 h4ema200=211.262 h4slope=UP dailyEMA200=205.276 adx=11.4 ema50=212.606 distToEMA50=17.5pips touchSeq=0 atr=0.147429 atrRatio=0.865 dir=LONG spread=46.0 spreadOK=NO atrGate=PASS touch=PASS momCandle=momClosePos=0.129 momOk=N ema50Ok=Y barRange=0.163000 zeroRangeBar=NO trigger=NO hasPos=NO portRisk=0.00% openPos=0 | 212.431000
KJ	0	07:49:43.058	Cazyxio_v4.3 (EURUSD,M15)	2026.03.24 13:49:43 | GATE_FAIL | GBPJPY | Spread too wide. Spread=46.0 Max=30 points.
HF	0	07:49:43.058	Cazyxio_v4.3 (EURUSD,M15)	2026.03.24 13:49:43 | BAR | USDCAD | close=1.37505 h4ema200=1.36808 h4slope=UP dailyEMA200=1.38062 adx=19.6 ema50=1.37431 distToEMA50=7.4pips touchSeq=4 atr=0.000907 atrRatio=1.023 dir=NONE spread=28.0 spreadOK=YES atrGate=PASS touch=FAIL momCandle= zeroRangeBar=NO trigger=NO hasPos=NO portRisk=0.00% openPos=0 | 1.375050
ND	0	07:49:43.058	Cazyxio_v4.3 (EURUSD,M15)	2026.03.24 13:49:43 | GATE_FAIL | USDCAD | No directional bias. h4slope=UP closeNow=1.37505 h4ema200=1.36808 dailyEMA200=1.38062
PH	0	07:52:03.425	Cazyxio_v4.3 (EURUSD,M15)	2026.03.24 13:52:03 | GATE_FAIL | GBPUSD | CopyBuffer failed for Daily EMA200.
PH	0	07:52:31.227	Cazyxio_v4.3 (EURUSD,M15)	2026.03.24 13:52:31 | HEARTBEAT | SYSTEM | EA alive. Tick=88000 Equity=44972.40 OpenPos=0 PendingOrders=0 UTC=2026.03.24 13:52 DayOfWeek=2 WeekendCloseActive=NO NewTradeBlocked=NO | 88000.000000
DJ	0	07:53:13.479	Cazyxio_v4.3 (EURUSD,M15)	2026.03.24 13:53:13 | HEARTBEAT | SYSTEM | EA alive. Tick=88100 Equity=44972.40 OpenPos=0 PendingOrders=0 UTC=2026.03.24 13:53 DayOfWeek=2 WeekendCloseActive=NO NewTradeBlocked=NO | 88100.000000
JD	0	07:53:50.590	Cazyxio_v4.3 (EURUSD,M15)	2026.03.24 13:53:50 | HEARTBEAT | SYSTEM | EA alive. Tick=88200 Equity=44972.40 OpenPos=0 PendingOrders=0 UTC=2026.03.24 13:53 DayOfWeek=2 WeekendCloseActive=NO NewTradeBlocked=NO | 88200.000000
PF	0	07:54:38.256	Cazyxio_v4.3 (EURUSD,M15)	2026.03.24 13:54:38 | HEARTBEAT | SYSTEM | EA alive. Tick=88300 Equity=44972.40 OpenPos=0 PendingOrders=0 UTC=2026.03.24 13:54 DayOfWeek=2 WeekendCloseActive=NO NewTradeBlocked=NO | 88300.000000
MP	0	07:55:19.403	Cazyxio_v4.3 (EURUSD,M15)	2026.03.24 13:55:19 | HEARTBEAT | SYSTEM | EA alive. Tick=88400 Equity=44972.40 OpenPos=0 PendingOrders=0 UTC=2026.03.24 13:55 DayOfWeek=2 WeekendCloseActive=NO NewTradeBlocked=NO | 88400.000000
NR	0	07:56:04.252	Cazyxio_v4.3 (EURUSD,M15)	2026.03.24 13:56:04 | HEARTBEAT | SYSTEM | EA alive. Tick=88500 Equity=44972.40 OpenPos=0 PendingOrders=0 UTC=2026.03.24 13:56 DayOfWeek=2 WeekendCloseActive=NO NewTradeBlocked=NO | 88500.000000
OL	0	07:56:47.301	Cazyxio_v4.3 (EURUSD,M15)	2026.03.24 13:56:47 | HEARTBEAT | SYSTEM | EA alive. Tick=88600 Equity=44972.40 OpenPos=0 PendingOrders=0 UTC=2026.03.24 13:56 DayOfWeek=2 WeekendCloseActive=NO NewTradeBlocked=NO | 88600.000000
GN	0	07:57:27.821	Cazyxio_v4.3 (EURUSD,M15)	2026.03.24 13:57:27 | HEARTBEAT | SYSTEM | EA alive. Tick=88700 Equity=44972.40 OpenPos=0 PendingOrders=0 UTC=2026.03.24 13:57 DayOfWeek=2 WeekendCloseActive=NO NewTradeBlocked=NO | 88700.000000
QH	0	07:58:05.871	Cazyxio_v4.3 (EURUSD,M15)	2026.03.24 13:58:05 | HEARTBEAT | SYSTEM | EA alive. Tick=88800 Equity=44972.40 OpenPos=0 PendingOrders=0 UTC=2026.03.24 13:58 DayOfWeek=2 WeekendCloseActive=NO NewTradeBlocked=NO | 88800.000000
GJ	0	07:58:43.316	Cazyxio_v4.3 (EURUSD,M15)	2026.03.24 13:58:43 | HEARTBEAT | SYSTEM | EA alive. Tick=88900 Equity=44972.40 OpenPos=0 PendingOrders=0 UTC=2026.03.24 13:58 DayOfWeek=2 WeekendCloseActive=NO NewTradeBlocked=NO | 88900.000000
FD	0	07:59:26.310	Cazyxio_v4.3 (EURUSD,M15)	2026.03.24 13:59:26 | HEARTBEAT | SYSTEM | EA alive. Tick=89000 Equity=44972.40 OpenPos=0 PendingOrders=0 UTC=2026.03.24 13:59 DayOfWeek=2 WeekendCloseActive=NO NewTradeBlocked=NO | 89000.000000
PF	0	08:02:22.756	Cazyxio_v4.3 (EURUSD,M15)	2026.03.24 14:02:22 | GATE_FAIL | EURUSD | CopyBuffer failed for Daily EMA200.
QF	0	08:04:43.097	Cazyxio_v4.3 (EURUSD,M15)	2026.03.24 14:04:43 | GATE_FAIL | USDJPY | CopyBuffer failed for Daily EMA200.
OR	0	08:04:43.097	Cazyxio_v4.3 (EURUSD,M15)	2026.03.24 14:04:43 | BAR | AUDUSD | close=0.69622 h4ema200=0.70235 h4slope=DOWN dailyEMA200=0.67263 adx=38.2 ema50=0.69714 distToEMA50=9.2pips touchSeq=1 atr=0.001089 atrRatio=0.864 dir=NONE spread=20.0 spreadOK=YES atrGate=PASS touch=FAIL momCandle= zeroRangeBar=NO trigger=NO hasPos=NO portRisk=0.00% openPos=0 | 0.696220
MS	0	08:04:43.097	Cazyxio_v4.3 (EURUSD,M15)	2026.03.24 14:04:43 | GATE_FAIL | AUDUSD | No directional bias. h4slope=DOWN closeNow=0.69622 h4ema200=0.70235 dailyEMA200=0.67263
OK	0	08:04:43.097	Cazyxio_v4.3 (EURUSD,M15)	2026.03.24 14:04:43 | BAR | GBPJPY | close=212.416 h4ema200=211.263 h4slope=UP dailyEMA200=205.277 adx=11.4 ema50=212.601 distToEMA50=18.5pips touchSeq=0 atr=0.151714 atrRatio=0.901 dir=LONG spread=46.0 spreadOK=NO atrGate=PASS touch=PASS momCandle=momClosePos=0.191 momOk=N ema50Ok=Y barRange=0.136000 zeroRangeBar=NO trigger=NO hasPos=NO portRisk=0.00% openPos=0 | 212.416000
PQ	0	08:04:43.097	Cazyxio_v4.3 (EURUSD,M15)	2026.03.24 14:04:43 | GATE_FAIL | GBPJPY | Spread too wide. Spread=46.0 Max=30 points.
LL	0	08:04:43.097	Cazyxio_v4.3 (EURUSD,M15)	2026.03.24 14:04:43 | BAR | USDCAD | close=1.37418 h4ema200=1.36807 h4slope=UP dailyEMA200=1.38060 adx=19.6 ema50=1.37424 distToEMA50=0.6pips touchSeq=5 atr=0.000981 atrRatio=1.117 dir=NONE spread=24.0 spreadOK=YES atrGate=PASS touch=FAIL momCandle= zeroRangeBar=NO trigger=NO hasPos=NO portRisk=0.00% openPos=0 | 1.374180
QJ	0	08:04:43.097	Cazyxio_v4.3 (EURUSD,M15)	2026.03.24 14:04:43 | GATE_FAIL | USDCAD | No directional bias. h4slope=UP closeNow=1.37418 h4ema200=1.36807 dailyEMA200=1.38060
IR	0	08:07:03.574	Cazyxio_v4.3 (EURUSD,M15)	2026.03.24 14:07:03 | GATE_FAIL | GBPUSD | CopyBuffer failed for Daily EMA200.
ER	0	08:07:06.010	Cazyxio_v4.3 (EURUSD,M15)	2026.03.24 14:07:06 | HEARTBEAT | SYSTEM | EA alive. Tick=89100 Equity=44972.40 OpenPos=0 PendingOrders=0 UTC=2026.03.24 14:07 DayOfWeek=2 WeekendCloseActive=NO NewTradeBlocked=NO | 89100.000000
HL	0	08:07:44.240	Cazyxio_v4.3 (EURUSD,M15)	2026.03.24 14:07:44 | HEARTBEAT | SYSTEM | EA alive. Tick=89200 Equity=44972.40 OpenPos=0 PendingOrders=0 UTC=2026.03.24 14:07 DayOfWeek=2 WeekendCloseActive=NO NewTradeBlocked=NO | 89200.000000
QN	0	08:08:26.406	Cazyxio_v4.3 (EURUSD,M15)	2026.03.24 14:08:26 | HEARTBEAT | SYSTEM | EA alive. Tick=89300 Equity=44972.40 OpenPos=0 PendingOrders=0 UTC=2026.03.24 14:08 DayOfWeek=2 WeekendCloseActive=NO NewTradeBlocked=NO | 89300.000000
QH	0	08:09:01.131	Cazyxio_v4.3 (EURUSD,M15)	2026.03.24 14:09:01 | HEARTBEAT | SYSTEM | EA alive. Tick=89400 Equity=44972.40 OpenPos=0 PendingOrders=0 UTC=2026.03.24 14:09 DayOfWeek=2 WeekendCloseActive=NO NewTradeBlocked=NO | 89400.000000
QJ	0	08:09:31.650	Cazyxio_v4.3 (EURUSD,M15)	2026.03.24 14:09:31 | HEARTBEAT | SYSTEM | EA alive. Tick=89500 Equity=44972.40 OpenPos=0 PendingOrders=0 UTC=2026.03.24 14:09 DayOfWeek=2 WeekendCloseActive=NO NewTradeBlocked=NO | 89500.000000
KD	0	08:10:09.904	Cazyxio_v4.3 (EURUSD,M15)	2026.03.24 14:10:09 | HEARTBEAT | SYSTEM | EA alive. Tick=89600 Equity=44972.40 OpenPos=0 PendingOrders=0 UTC=2026.03.24 14:10 DayOfWeek=2 WeekendCloseActive=NO NewTradeBlocked=NO | 89600.000000
IF	0	08:10:50.245	Cazyxio_v4.3 (EURUSD,M15)	2026.03.24 14:10:50 | HEARTBEAT | SYSTEM | EA alive. Tick=89700 Equity=44972.40 OpenPos=0 PendingOrders=0 UTC=2026.03.24 14:10 DayOfWeek=2 WeekendCloseActive=NO NewTradeBlocked=NO | 89700.000000
DP	0	08:11:31.423	Cazyxio_v4.3 (EURUSD,M15)	2026.03.24 14:11:31 | HEARTBEAT | SYSTEM | EA alive. Tick=89800 Equity=44972.40 OpenPos=0 PendingOrders=0 UTC=2026.03.24 14:11 DayOfWeek=2 WeekendCloseActive=NO NewTradeBlocked=NO | 89800.000000
CR	0	08:12:16.007	Cazyxio_v4.3 (EURUSD,M15)	2026.03.24 14:12:16 | HEARTBEAT | SYSTEM | EA alive. Tick=89900 Equity=44972.40 OpenPos=0 PendingOrders=0 UTC=2026.03.24 14:12 DayOfWeek=2 WeekendCloseActive=NO NewTradeBlocked=NO | 89900.000000
JL	0	08:12:58.404	Cazyxio_v4.3 (EURUSD,M15)	2026.03.24 14:12:58 | HEARTBEAT | SYSTEM | EA alive. Tick=90000 Equity=44972.40 OpenPos=0 PendingOrders=0 UTC=2026.03.24 14:12 DayOfWeek=2 WeekendCloseActive=NO NewTradeBlocked=NO | 90000.000000
JN	0	08:13:36.450	Cazyxio_v4.3 (EURUSD,M15)	2026.03.24 14:13:36 | HEARTBEAT | SYSTEM | EA alive. Tick=90100 Equity=44972.40 OpenPos=0 PendingOrders=0 UTC=2026.03.24 14:13 DayOfWeek=2 WeekendCloseActive=NO NewTradeBlocked=NO | 90100.000000
RH	0	08:14:14.970	Cazyxio_v4.3 (EURUSD,M15)	2026.03.24 14:14:14 | HEARTBEAT | SYSTEM | EA alive. Tick=90200 Equity=44972.40 OpenPos=0 PendingOrders=0 UTC=2026.03.24 14:14 DayOfWeek=2 WeekendCloseActive=NO NewTradeBlocked=NO | 90200.000000
CJ	0	08:15:00.066	Cazyxio_v4.3 (EURUSD,M15)	2026.03.24 14:15:00 | HEARTBEAT | SYSTEM | EA alive. Tick=90300 Equity=44972.40 OpenPos=0 PendingOrders=0 UTC=2026.03.24 14:15 DayOfWeek=2 WeekendCloseActive=NO NewTradeBlocked=NO | 90300.000000
ED	0	08:17:22.683	Cazyxio_v4.3 (EURUSD,M15)	2026.03.24 14:17:22 | GATE_FAIL | EURUSD | CopyBuffer failed for Daily EMA200.
FD	0	08:19:43.014	Cazyxio_v4.3 (EURUSD,M15)	2026.03.24 14:19:43 | GATE_FAIL | USDJPY | CopyBuffer failed for Daily EMA200.
ND	0	08:19:43.014	Cazyxio_v4.3 (EURUSD,M15)	2026.03.24 14:19:43 | BAR | AUDUSD | close=0.69685 h4ema200=0.70236 h4slope=DOWN dailyEMA200=0.67263 adx=38.1 ema50=0.69714 distToEMA50=2.9pips touchSeq=2 atr=0.001093 atrRatio=0.882 dir=NONE spread=19.0 spreadOK=YES atrGate=PASS touch=FAIL momCandle= zeroRangeBar=NO trigger=NO hasPos=NO portRisk=0.00% openPos=0 | 0.696850
DR	0	08:19:43.014	Cazyxio_v4.3 (EURUSD,M15)	2026.03.24 14:19:43 | GATE_FAIL | AUDUSD | No directional bias. h4slope=DOWN closeNow=0.69685 h4ema200=0.70236 dailyEMA200=0.67263
OD	0	08:19:43.014	Cazyxio_v4.3 (EURUSD,M15)	2026.03.24 14:19:43 | BAR | GBPJPY | close=212.603 h4ema200=211.264 h4slope=UP dailyEMA200=205.278 adx=11.4 ema50=212.607 distToEMA50=0.4pips touchSeq=1 atr=0.156000 atrRatio=0.937 dir=LONG spread=40.0 spreadOK=NO atrGate=PASS touch=PASS momCandle=momClosePos=0.892 momOk=Y ema50Ok=Y barRange=0.232000 zeroRangeBar=NO trigger=YES hasPos=NO portRisk=0.00% openPos=0 | 212.603000
ES	0	08:19:43.014	Cazyxio_v4.3 (EURUSD,M15)	2026.03.24 14:19:43 | GATE_FAIL | GBPJPY | Spread too wide. Spread=40.0 Max=30 points.
RN	0	08:19:43.014	Cazyxio_v4.3 (EURUSD,M15)	2026.03.24 14:19:43 | BAR | USDCAD | close=1.37355 h4ema200=1.36807 h4slope=UP dailyEMA200=1.38060 adx=19.4 ema50=1.37422 distToEMA50=6.7pips touchSeq=6 atr=0.001014 atrRatio=1.168 dir=NONE spread=27.0 spreadOK=YES atrGate=PASS touch=FAIL momCandle= zeroRangeBar=NO trigger=NO hasPos=NO portRisk=0.00% openPos=0 | 1.373550
LL	0	08:19:43.014	Cazyxio_v4.3 (EURUSD,M15)	2026.03.24 14:19:43 | GATE_FAIL | USDCAD | No directional bias. h4slope=UP closeNow=1.37355 h4ema200=1.36807 dailyEMA200=1.38060
HP	0	08:22:03.430	Cazyxio_v4.3 (EURUSD,M15)	2026.03.24 14:22:03 | GATE_FAIL | GBPUSD | CopyBuffer failed for Daily EMA200.
GP	0	08:22:38.552	Cazyxio_v4.3 (EURUSD,M15)	2026.03.24 14:22:38 | HEARTBEAT | SYSTEM | EA alive. Tick=90400 Equity=44972.40 OpenPos=0 PendingOrders=0 UTC=2026.03.24 14:22 DayOfWeek=2 WeekendCloseActive=NO NewTradeBlocked=NO | 90400.000000
QR	0	08:23:18.944	Cazyxio_v4.3 (EURUSD,M15)	2026.03.24 14:23:18 | HEARTBEAT | SYSTEM | EA alive. Tick=90500 Equity=44972.40 OpenPos=0 PendingOrders=0 UTC=2026.03.24 14:23 DayOfWeek=2 WeekendCloseActive=NO NewTradeBlocked=NO | 90500.000000
FL	0	08:24:01.065	Cazyxio_v4.3 (EURUSD,M15)	2026.03.24 14:24:01 | HEARTBEAT | SYSTEM | EA alive. Tick=90600 Equity=44972.40 OpenPos=0 PendingOrders=0 UTC=2026.03.24 14:24 DayOfWeek=2 WeekendCloseActive=NO NewTradeBlocked=NO | 90600.000000
LN	0	08:24:41.955	Cazyxio_v4.3 (EURUSD,M15)	2026.03.24 14:24:41 | HEARTBEAT | SYSTEM | EA alive. Tick=90700 Equity=44972.40 OpenPos=0 PendingOrders=0 UTC=2026.03.24 14:24 DayOfWeek=2 WeekendCloseActive=NO NewTradeBlocked=NO | 90700.000000
FH	0	08:25:27.174	Cazyxio_v4.3 (EURUSD,M15)	2026.03.24 14:25:27 | HEARTBEAT | SYSTEM | EA alive. Tick=90800 Equity=44972.40 OpenPos=0 PendingOrders=0 UTC=2026.03.24 14:25 DayOfWeek=2 WeekendCloseActive=NO NewTradeBlocked=NO | 90800.000000
DJ	0	08:26:17.311	Cazyxio_v4.3 (EURUSD,M15)	2026.03.24 14:26:17 | HEARTBEAT | SYSTEM | EA alive. Tick=90900 Equity=44972.40 OpenPos=0 PendingOrders=0 UTC=2026.03.24 14:26 DayOfWeek=2 WeekendCloseActive=NO NewTradeBlocked=NO | 90900.000000
GD	0	08:27:02.061	Cazyxio_v4.3 (EURUSD,M15)	2026.03.24 14:27:02 | HEARTBEAT | SYSTEM | EA alive. Tick=91000 Equity=44972.40 OpenPos=0 PendingOrders=0 UTC=2026.03.24 14:27 DayOfWeek=2 WeekendCloseActive=NO NewTradeBlocked=NO | 91000.000000
CF	0	08:27:50.065	Cazyxio_v4.3 (EURUSD,M15)	2026.03.24 14:27:50 | HEARTBEAT | SYSTEM | EA alive. Tick=91100 Equity=44972.40 OpenPos=0 PendingOrders=0 UTC=2026.03.24 14:27 DayOfWeek=2 WeekendCloseActive=NO NewTradeBlocked=NO | 91100.000000
OP	0	08:28:23.347	Cazyxio_v4.3 (EURUSD,M15)	2026.03.24 14:28:23 | HEARTBEAT | SYSTEM | EA alive. Tick=91200 Equity=44972.40 OpenPos=0 PendingOrders=0 UTC=2026.03.24 14:28 DayOfWeek=2 WeekendCloseActive=NO NewTradeBlocked=NO | 91200.000000
OR	0	08:29:06.032	Cazyxio_v4.3 (EURUSD,M15)	2026.03.24 14:29:06 | HEARTBEAT | SYSTEM | EA alive. Tick=91300 Equity=44972.40 OpenPos=0 PendingOrders=0 UTC=2026.03.24 14:29 DayOfWeek=2 WeekendCloseActive=NO NewTradeBlocked=NO | 91300.000000
DL	0	08:30:01.985	Cazyxio_v4.3 (EURUSD,M15)	2026.03.24 14:30:01 | HEARTBEAT | SYSTEM | EA alive. Tick=91400 Equity=44972.40 OpenPos=0 PendingOrders=0 UTC=2026.03.24 14:30 DayOfWeek=2 WeekendCloseActive=NO NewTradeBlocked=NO | 91400.000000
IN	0	08:32:22.902	Cazyxio_v4.3 (EURUSD,M15)	2026.03.24 14:32:22 | GATE_FAIL | EURUSD | CopyBuffer failed for Daily EMA200.
DN	0	08:34:43.270	Cazyxio_v4.3 (EURUSD,M15)	2026.03.24 14:34:43 | GATE_FAIL | USDJPY | CopyBuffer failed for Daily EMA200.
FJ	0	08:34:43.270	Cazyxio_v4.3 (EURUSD,M15)	2026.03.24 14:34:43 | BAR | AUDUSD | close=0.69703 h4ema200=0.70236 h4slope=DOWN dailyEMA200=0.67264 adx=38.0 ema50=0.69714 distToEMA50=1.1pips touchSeq=3 atr=0.001071 atrRatio=0.882 dir=NONE spread=20.0 spreadOK=YES atrGate=PASS touch=FAIL momCandle= zeroRangeBar=NO trigger=NO hasPos=NO portRisk=0.00% openPos=0 | 0.697030
NH	0	08:34:43.270	Cazyxio_v4.3 (EURUSD,M15)	2026.03.24 14:34:43 | GATE_FAIL | AUDUSD | No directional bias. h4slope=DOWN closeNow=0.69703 h4ema200=0.70236 dailyEMA200=0.67264
MR	0	08:34:43.270	Cazyxio_v4.3 (EURUSD,M15)	2026.03.24 14:34:43 | BAR | GBPJPY | close=212.636 h4ema200=211.264 h4slope=UP dailyEMA200=205.278 adx=11.4 ema50=212.606 distToEMA50=3.0pips touchSeq=2 atr=0.155071 atrRatio=0.943 dir=LONG spread=42.0 spreadOK=NO atrGate=PASS touch=PASS momCandle=momClosePos=0.721 momOk=Y ema50Ok=Y barRange=0.111000 zeroRangeBar=NO trigger=YES hasPos=NO portRisk=0.00% openPos=0 | 212.636000
II	0	08:34:43.270	Cazyxio_v4.3 (EURUSD,M15)	2026.03.24 14:34:43 | GATE_FAIL | GBPJPY | Spread too wide. Spread=42.0 Max=30 points.
HD	0	08:34:43.270	Cazyxio_v4.3 (EURUSD,M15)	2026.03.24 14:34:43 | BAR | USDCAD | close=1.37362 h4ema200=1.36806 h4slope=UP dailyEMA200=1.38060 adx=19.4 ema50=1.37419 distToEMA50=5.7pips touchSeq=7 atr=0.001002 atrRatio=1.168 dir=NONE spread=27.0 spreadOK=YES atrGate=PASS touch=FAIL momCandle= zeroRangeBar=NO trigger=NO hasPos=NO portRisk=0.00% openPos=0 | 1.373620
MR	0	08:34:43.270	Cazyxio_v4.3 (EURUSD,M15)	2026.03.24 14:34:43 | GATE_FAIL | USDCAD | No directional bias. h4slope=UP closeNow=1.37362 h4ema200=1.36806 dailyEMA200=1.38060
EK	0	08:37:04.196	Cazyxio_v4.3 (EURUSD,M15)	2026.03.24 14:37:04 | GATE_FAIL | GBPUSD | CopyBuffer failed for Daily EMA200.
MJ	0	08:37:39.363	Cazyxio_v4.3 (EURUSD,M15)	2026.03.24 14:37:39 | HEARTBEAT | SYSTEM | EA alive. Tick=91500 Equity=44972.40 OpenPos=0 PendingOrders=0 UTC=2026.03.24 14:37 DayOfWeek=2 WeekendCloseActive=NO NewTradeBlocked=NO | 91500.000000
GD	0	08:38:26.337	Cazyxio_v4.3 (EURUSD,M15)	2026.03.24 14:38:26 | HEARTBEAT | SYSTEM | EA alive. Tick=91600 Equity=44972.40 OpenPos=0 PendingOrders=0 UTC=2026.03.24 14:38 DayOfWeek=2 WeekendCloseActive=NO NewTradeBlocked=NO | 91600.000000
FF	0	08:39:09.652	Cazyxio_v4.3 (EURUSD,M15)	2026.03.24 14:39:09 | HEARTBEAT | SYSTEM | EA alive. Tick=91700 Equity=44972.40 OpenPos=0 PendingOrders=0 UTC=2026.03.24 14:39 DayOfWeek=2 WeekendCloseActive=NO NewTradeBlocked=NO | 91700.000000
QP	0	08:40:07.561	Cazyxio_v4.3 (EURUSD,M15)	2026.03.24 14:40:07 | HEARTBEAT | SYSTEM | EA alive. Tick=91800 Equity=44972.40 OpenPos=0 PendingOrders=0 UTC=2026.03.24 14:40 DayOfWeek=2 WeekendCloseActive=NO NewTradeBlocked=NO | 91800.000000
HR	0	08:40:50.696	Cazyxio_v4.3 (EURUSD,M15)	2026.03.24 14:40:50 | HEARTBEAT | SYSTEM | EA alive. Tick=91900 Equity=44972.40 OpenPos=0 PendingOrders=0 UTC=2026.03.24 14:40 DayOfWeek=2 WeekendCloseActive=NO NewTradeBlocked=NO | 91900.000000
ML	0	08:41:25.632	Cazyxio_v4.3 (EURUSD,M15)	2026.03.24 14:41:25 | HEARTBEAT | SYSTEM | EA alive. Tick=92000 Equity=44972.40 OpenPos=0 PendingOrders=0 UTC=2026.03.24 14:41 DayOfWeek=2 WeekendCloseActive=NO NewTradeBlocked=NO | 92000.000000
PN	0	08:42:10.223	Cazyxio_v4.3 (EURUSD,M15)	2026.03.24 14:42:10 | HEARTBEAT | SYSTEM | EA alive. Tick=92100 Equity=44972.40 OpenPos=0 PendingOrders=0 UTC=2026.03.24 14:42 DayOfWeek=2 WeekendCloseActive=NO NewTradeBlocked=NO | 92100.000000
LH	0	08:43:02.240	Cazyxio_v4.3 (EURUSD,M15)	2026.03.24 14:43:02 | HEARTBEAT | SYSTEM | EA alive. Tick=92200 Equity=44972.40 OpenPos=0 PendingOrders=0 UTC=2026.03.24 14:43 DayOfWeek=2 WeekendCloseActive=NO NewTradeBlocked=NO | 92200.000000
LJ	0	08:43:48.767	Cazyxio_v4.3 (EURUSD,M15)	2026.03.24 14:43:48 | HEARTBEAT | SYSTEM | EA alive. Tick=92300 Equity=44972.40 OpenPos=0 PendingOrders=0 UTC=2026.03.24 14:43 DayOfWeek=2 WeekendCloseActive=NO NewTradeBlocked=NO | 92300.000000
OD	0	08:44:33.433	Cazyxio_v4.3 (EURUSD,M15)	2026.03.24 14:44:33 | HEARTBEAT | SYSTEM | EA alive. Tick=92400 Equity=44972.40 OpenPos=0 PendingOrders=0 UTC=2026.03.24 14:44 DayOfWeek=2 WeekendCloseActive=NO NewTradeBlocked=NO | 92400.000000
KF	0	08:47:22.830	Cazyxio_v4.3 (EURUSD,M15)	2026.03.24 14:47:22 | GATE_FAIL | EURUSD | CopyBuffer failed for Daily EMA200.
QQ	0	08:49:43.163	Cazyxio_v4.3 (EURUSD,M15)	2026.03.24 14:49:43 | GATE_FAIL | USDJPY | CopyBuffer failed for Daily EMA200.
KR	0	08:49:43.163	Cazyxio_v4.3 (EURUSD,M15)	2026.03.24 14:49:43 | BAR | AUDUSD | close=0.69669 h4ema200=0.70235 h4slope=DOWN dailyEMA200=0.67263 adx=38.0 ema50=0.69709 distToEMA50=4.0pips touchSeq=4 atr=0.001116 atrRatio=0.937 dir=NONE spread=20.0 spreadOK=YES atrGate=PASS touch=FAIL momCandle= zeroRangeBar=NO trigger=NO hasPos=NO portRisk=0.00% openPos=0 | 0.696690
HP	0	08:49:43.163	Cazyxio_v4.3 (EURUSD,M15)	2026.03.24 14:49:43 | GATE_FAIL | AUDUSD | No directional bias. h4slope=DOWN closeNow=0.69669 h4ema200=0.70235 dailyEMA200=0.67263
MI	0	08:49:43.163	Cazyxio_v4.3 (EURUSD,M15)	2026.03.24 14:49:43 | BAR | GBPJPY | close=212.729 h4ema200=211.264 h4slope=UP dailyEMA200=205.278 adx=11.4 ema50=212.613 distToEMA50=11.6pips touchSeq=3 atr=0.160500 atrRatio=0.988 dir=LONG spread=46.0 spreadOK=NO atrGate=PASS touch=PASS momCandle=momClosePos=1.000 momOk=Y ema50Ok=Y barRange=0.162000 zeroRangeBar=NO trigger=YES hasPos=NO portRisk=0.00% openPos=0 | 212.729000
FQ	0	08:49:43.163	Cazyxio_v4.3 (EURUSD,M15)	2026.03.24 14:49:43 | GATE_FAIL | GBPJPY | Spread too wide. Spread=46.0 Max=30 points.
JL	0	08:49:43.163	Cazyxio_v4.3 (EURUSD,M15)	2026.03.24 14:49:43 | BAR | USDCAD | close=1.37433 h4ema200=1.36808 h4slope=UP dailyEMA200=1.38061 adx=19.4 ema50=1.37424 distToEMA50=0.9pips touchSeq=8 atr=0.001049 atrRatio=1.238 dir=NONE spread=28.0 spreadOK=YES atrGate=PASS touch=FAIL momCandle= zeroRangeBar=NO trigger=NO hasPos=NO portRisk=0.00% openPos=0 | 1.374330
JJ	0	08:49:43.163	Cazyxio_v4.3 (EURUSD,M15)	2026.03.24 14:49:43 | GATE_FAIL | USDCAD | No directional bias. h4slope=UP closeNow=1.37433 h4ema200=1.36808 dailyEMA200=1.38061
CS	0	08:52:03.729	Cazyxio_v4.3 (EURUSD,M15)	2026.03.24 14:52:03 | GATE_FAIL | GBPUSD | CopyBuffer failed for Daily EMA200.
NR	0	08:52:15.271	Cazyxio_v4.3 (EURUSD,M15)	2026.03.24 14:52:15 | HEARTBEAT | SYSTEM | EA alive. Tick=92500 Equity=44972.40 OpenPos=0 PendingOrders=0 UTC=2026.03.24 14:52 DayOfWeek=2 WeekendCloseActive=NO NewTradeBlocked=NO | 92500.000000
NL	0	08:52:42.848	Cazyxio_v4.3 (EURUSD,M15)	2026.03.24 14:52:42 | HEARTBEAT | SYSTEM | EA alive. Tick=92600 Equity=44972.40 OpenPos=0 PendingOrders=0 UTC=2026.03.24 14:52 DayOfWeek=2 WeekendCloseActive=NO NewTradeBlocked=NO | 92600.000000
MN	0	08:53:09.523	Cazyxio_v4.3 (EURUSD,M15)	2026.03.24 14:53:09 | HEARTBEAT | SYSTEM | EA alive. Tick=92700 Equity=44972.40 OpenPos=0 PendingOrders=0 UTC=2026.03.24 14:53 DayOfWeek=2 WeekendCloseActive=NO NewTradeBlocked=NO | 92700.000000
KH	0	08:53:38.125	Cazyxio_v4.3 (EURUSD,M15)	2026.03.24 14:53:38 | HEARTBEAT | SYSTEM | EA alive. Tick=92800 Equity=44972.40 OpenPos=0 PendingOrders=0 UTC=2026.03.24 14:53 DayOfWeek=2 WeekendCloseActive=NO NewTradeBlocked=NO | 92800.000000
KJ	0	08:54:08.122	Cazyxio_v4.3 (EURUSD,M15)	2026.03.24 14:54:08 | HEARTBEAT | SYSTEM | EA alive. Tick=92900 Equity=44972.40 OpenPos=0 PendingOrders=0 UTC=2026.03.24 14:54 DayOfWeek=2 WeekendCloseActive=NO NewTradeBlocked=NO | 92900.000000
FD	0	08:54:36.930	Cazyxio_v4.3 (EURUSD,M15)	2026.03.24 14:54:36 | HEARTBEAT | SYSTEM | EA alive. Tick=93000 Equity=44972.40 OpenPos=0 PendingOrders=0 UTC=2026.03.24 14:54 DayOfWeek=2 WeekendCloseActive=NO NewTradeBlocked=NO | 93000.000000
DF	0	08:55:06.238	Cazyxio_v4.3 (EURUSD,M15)	2026.03.24 14:55:06 | HEARTBEAT | SYSTEM | EA alive. Tick=93100 Equity=44972.40 OpenPos=0 PendingOrders=0 UTC=2026.03.24 14:55 DayOfWeek=2 WeekendCloseActive=NO NewTradeBlocked=NO | 93100.000000
EP	0	08:55:40.082	Cazyxio_v4.3 (EURUSD,M15)	2026.03.24 14:55:40 | HEARTBEAT | SYSTEM | EA alive. Tick=93200 Equity=44972.40 OpenPos=0 PendingOrders=0 UTC=2026.03.24 14:55 DayOfWeek=2 WeekendCloseActive=NO NewTradeBlocked=NO | 93200.000000
FR	0	08:56:14.901	Cazyxio_v4.3 (EURUSD,M15)	2026.03.24 14:56:14 | HEARTBEAT | SYSTEM | EA alive. Tick=93300 Equity=44972.40 OpenPos=0 PendingOrders=0 UTC=2026.03.24 14:56 DayOfWeek=2 WeekendCloseActive=NO NewTradeBlocked=NO | 93300.000000
PL	0	08:56:43.327	Cazyxio_v4.3 (EURUSD,M15)	2026.03.24 14:56:43 | HEARTBEAT | SYSTEM | EA alive. Tick=93400 Equity=44972.40 OpenPos=0 PendingOrders=0 UTC=2026.03.24 14:56 DayOfWeek=2 WeekendCloseActive=NO NewTradeBlocked=NO | 93400.000000
PN	0	08:57:14.153	Cazyxio_v4.3 (EURUSD,M15)	2026.03.24 14:57:14 | HEARTBEAT | SYSTEM | EA alive. Tick=93500 Equity=44972.40 OpenPos=0 PendingOrders=0 UTC=2026.03.24 14:57 DayOfWeek=2 WeekendCloseActive=NO NewTradeBlocked=NO | 93500.000000
MH	0	08:57:43.770	Cazyxio_v4.3 (EURUSD,M15)	2026.03.24 14:57:43 | HEARTBEAT | SYSTEM | EA alive. Tick=93600 Equity=44972.40 OpenPos=0 PendingOrders=0 UTC=2026.03.24 14:57 DayOfWeek=2 WeekendCloseActive=NO NewTradeBlocked=NO | 93600.000000
FJ	0	08:58:14.710	Cazyxio_v4.3 (EURUSD,M15)	2026.03.24 14:58:14 | HEARTBEAT | SYSTEM | EA alive. Tick=93700 Equity=44972.40 OpenPos=0 PendingOrders=0 UTC=2026.03.24 14:58 DayOfWeek=2 WeekendCloseActive=NO NewTradeBlocked=NO | 93700.000000
ED	0	08:58:45.654	Cazyxio_v4.3 (EURUSD,M15)	2026.03.24 14:58:45 | HEARTBEAT | SYSTEM | EA alive. Tick=93800 Equity=44972.40 OpenPos=0 PendingOrders=0 UTC=2026.03.24 14:58 DayOfWeek=2 WeekendCloseActive=NO NewTradeBlocked=NO | 93800.000000
GF	0	08:59:17.880	Cazyxio_v4.3 (EURUSD,M15)	2026.03.24 14:59:17 | HEARTBEAT | SYSTEM | EA alive. Tick=93900 Equity=44972.40 OpenPos=0 PendingOrders=0 UTC=2026.03.24 14:59 DayOfWeek=2 WeekendCloseActive=NO NewTradeBlocked=NO | 93900.000000
RP	0	08:59:44.380	Cazyxio_v4.3 (EURUSD,M15)	2026.03.24 14:59:44 | HEARTBEAT | SYSTEM | EA alive. Tick=94000 Equity=44972.40 OpenPos=0 PendingOrders=0 UTC=2026.03.24 14:59 DayOfWeek=2 WeekendCloseActive=NO NewTradeBlocked=NO | 94000.000000
RS	0	09:02:22.874	Cazyxio_v4.3 (EURUSD,M15)	2026.03.24 15:02:22 | GATE_FAIL | GBPUSD | CopyBuffer failed for Daily EMA200.
OM	0	09:04:43.250	Cazyxio_v4.3 (EURUSD,M15)	2026.03.24 15:04:43 | GATE_FAIL | EURUSD | CopyBuffer failed for Daily EMA200.
LM	0	09:07:03.694	Cazyxio_v4.3 (EURUSD,M15)	2026.03.24 15:07:03 | GATE_FAIL | USDJPY | CopyBuffer failed for Daily EMA200.
IO	0	09:07:03.694	Cazyxio_v4.3 (EURUSD,M15)	2026.03.24 15:07:03 | BAR | AUDUSD | close=0.69649 h4ema200=0.70235 h4slope=DOWN dailyEMA200=0.67263 adx=35.7 ema50=0.69706 distToEMA50=5.7pips touchSeq=5 atr=0.001323 atrRatio=1.130 dir=NONE spread=21.0 spreadOK=YES atrGate=PASS touch=FAIL momCandle= zeroRangeBar=NO trigger=NO hasPos=NO portRisk=0.00% openPos=0 | 0.696490
CL	0	09:07:03.694	Cazyxio_v4.3 (EURUSD,M15)	2026.03.24 15:07:03 | GATE_FAIL | AUDUSD | No directional bias. h4slope=DOWN closeNow=0.69649 h4ema200=0.70235 dailyEMA200=0.67263
RS	0	09:07:03.694	Cazyxio_v4.3 (EURUSD,M15)	2026.03.24 15:07:03 | BAR | GBPJPY | close=212.654 h4ema200=211.263 h4slope=UP dailyEMA200=205.278 adx=11.7 ema50=212.612 distToEMA50=4.2pips touchSeq=4 atr=0.180643 atrRatio=1.125 dir=LONG spread=45.0 spreadOK=NO atrGate=PASS touch=PASS momCandle=momClosePos=0.382 momOk=N ema50Ok=Y barRange=0.322000 zeroRangeBar=NO trigger=NO hasPos=NO portRisk=0.00% openPos=0 | 212.654000
NJ	0	09:07:03.694	Cazyxio_v4.3 (EURUSD,M15)	2026.03.24 15:07:03 | GATE_FAIL | GBPJPY | Spread too wide. Spread=45.0 Max=30 points.
KI	0	09:07:03.694	Cazyxio_v4.3 (EURUSD,M15)	2026.03.24 15:07:03 | BAR | USDCAD | close=1.37485 h4ema200=1.36808 h4slope=UP dailyEMA200=1.38061 adx=19.4 ema50=1.37428 distToEMA50=5.7pips touchSeq=9 atr=0.001176 atrRatio=1.402 dir=NONE spread=28.0 spreadOK=YES atrGate=PASS touch=FAIL momCandle= zeroRangeBar=NO trigger=NO hasPos=NO portRisk=0.00% openPos=0 | 1.374850
DG	0	09:07:03.694	Cazyxio_v4.3 (EURUSD,M15)	2026.03.24 15:07:03 | GATE_FAIL | USDCAD | No directional bias. h4slope=UP closeNow=1.37485 h4ema200=1.36808 dailyEMA200=1.38061
NN	0	09:07:15.203	Cazyxio_v4.3 (EURUSD,M15)	2026.03.24 15:07:15 | HEARTBEAT | SYSTEM | EA alive. Tick=94100 Equity=44972.40 OpenPos=0 PendingOrders=0 UTC=2026.03.24 15:07 DayOfWeek=2 WeekendCloseActive=NO NewTradeBlocked=NO | 94100.000000
LH	0	09:07:48.120	Cazyxio_v4.3 (EURUSD,M15)	2026.03.24 15:07:48 | HEARTBEAT | SYSTEM | EA alive. Tick=94200 Equity=44972.40 OpenPos=0 PendingOrders=0 UTC=2026.03.24 15:07 DayOfWeek=2 WeekendCloseActive=NO NewTradeBlocked=NO | 94200.000000
OJ	0	09:08:16.494	Cazyxio_v4.3 (EURUSD,M15)	2026.03.24 15:08:16 | HEARTBEAT | SYSTEM | EA alive. Tick=94300 Equity=44972.40 OpenPos=0 PendingOrders=0 UTC=2026.03.24 15:08 DayOfWeek=2 WeekendCloseActive=NO NewTradeBlocked=NO | 94300.000000
ID	0	09:08:48.939	Cazyxio_v4.3 (EURUSD,M15)	2026.03.24 15:08:48 | HEARTBEAT | SYSTEM | EA alive. Tick=94400 Equity=44972.40 OpenPos=0 PendingOrders=0 UTC=2026.03.24 15:08 DayOfWeek=2 WeekendCloseActive=NO NewTradeBlocked=NO | 94400.000000
KF	0	09:09:22.873	Cazyxio_v4.3 (EURUSD,M15)	2026.03.24 15:09:22 | HEARTBEAT | SYSTEM | EA alive. Tick=94500 Equity=44972.40 OpenPos=0 PendingOrders=0 UTC=2026.03.24 15:09 DayOfWeek=2 WeekendCloseActive=NO NewTradeBlocked=NO | 94500.000000
QP	0	09:10:01.345	Cazyxio_v4.3 (EURUSD,M15)	2026.03.24 15:10:01 | HEARTBEAT | SYSTEM | EA alive. Tick=94600 Equity=44972.40 OpenPos=0 PendingOrders=0 UTC=2026.03.24 15:10 DayOfWeek=2 WeekendCloseActive=NO NewTradeBlocked=NO | 94600.000000
PR	0	09:10:34.616	Cazyxio_v4.3 (EURUSD,M15)	2026.03.24 15:10:34 | HEARTBEAT | SYSTEM | EA alive. Tick=94700 Equity=44972.40 OpenPos=0 PendingOrders=0 UTC=2026.03.24 15:10 DayOfWeek=2 WeekendCloseActive=NO NewTradeBlocked=NO | 94700.000000
JL	0	09:11:11.192	Cazyxio_v4.3 (EURUSD,M15)	2026.03.24 15:11:11 | HEARTBEAT | SYSTEM | EA alive. Tick=94800 Equity=44972.40 OpenPos=0 PendingOrders=0 UTC=2026.03.24 15:11 DayOfWeek=2 WeekendCloseActive=NO NewTradeBlocked=NO | 94800.000000
DN	0	09:11:47.927	Cazyxio_v4.3 (EURUSD,M15)	2026.03.24 15:11:47 | HEARTBEAT | SYSTEM | EA alive. Tick=94900 Equity=44972.40 OpenPos=0 PendingOrders=0 UTC=2026.03.24 15:11 DayOfWeek=2 WeekendCloseActive=NO NewTradeBlocked=NO | 94900.000000
GH	0	09:12:34.921	Cazyxio_v4.3 (EURUSD,M15)	2026.03.24 15:12:34 | HEARTBEAT | SYSTEM | EA alive. Tick=95000 Equity=44972.40 OpenPos=0 PendingOrders=0 UTC=2026.03.24 15:12 DayOfWeek=2 WeekendCloseActive=NO NewTradeBlocked=NO | 95000.000000
PJ	0	09:13:16.299	Cazyxio_v4.3 (EURUSD,M15)	2026.03.24 15:13:16 | HEARTBEAT | SYSTEM | EA alive. Tick=95100 Equity=44972.40 OpenPos=0 PendingOrders=0 UTC=2026.03.24 15:13 DayOfWeek=2 WeekendCloseActive=NO NewTradeBlocked=NO | 95100.000000
ND	0	09:13:51.859	Cazyxio_v4.3 (EURUSD,M15)	2026.03.24 15:13:51 | HEARTBEAT | SYSTEM | EA alive. Tick=95200 Equity=44972.40 OpenPos=0 PendingOrders=0 UTC=2026.03.24 15:13 DayOfWeek=2 WeekendCloseActive=NO NewTradeBlocked=NO | 95200.000000
OF	0	09:14:30.105	Cazyxio_v4.3 (EURUSD,M15)	2026.03.24 15:14:30 | HEARTBEAT | SYSTEM | EA alive. Tick=95300 Equity=44972.40 OpenPos=0 PendingOrders=0 UTC=2026.03.24 15:14 DayOfWeek=2 WeekendCloseActive=NO NewTradeBlocked=NO | 95300.000000
LQ	0	09:17:23.090	Cazyxio_v4.3 (EURUSD,M15)	2026.03.24 15:17:23 | GATE_FAIL | GBPUSD | CopyBuffer failed for Daily EMA200.
DS	0	09:19:43.493	Cazyxio_v4.3 (EURUSD,M15)	2026.03.24 15:19:43 | GATE_FAIL | EURUSD | CopyBuffer failed for Daily EMA200.
HS	0	09:22:03.773	Cazyxio_v4.3 (EURUSD,M15)	2026.03.24 15:22:03 | GATE_FAIL | USDJPY | CopyBuffer failed for Daily EMA200.
IQ	0	09:22:03.773	Cazyxio_v4.3 (EURUSD,M15)	2026.03.24 15:22:03 | BAR | AUDUSD | close=0.69638 h4ema200=0.70235 h4slope=DOWN dailyEMA200=0.67263 adx=35.7 ema50=0.69705 distToEMA50=6.7pips touchSeq=6 atr=0.001234 atrRatio=1.076 dir=NONE spread=19.0 spreadOK=YES atrGate=PASS touch=FAIL momCandle= zeroRangeBar=NO trigger=NO hasPos=NO portRisk=0.00% openPos=0 | 0.696380
EO	0	09:22:03.773	Cazyxio_v4.3 (EURUSD,M15)	2026.03.24 15:22:03 | GATE_FAIL | AUDUSD | No directional bias. h4slope=DOWN closeNow=0.69638 h4ema200=0.70235 dailyEMA200=0.67263
HD	0	09:22:03.773	Cazyxio_v4.3 (EURUSD,M15)	2026.03.24 15:22:03 | BAR | GBPJPY | close=212.582 h4ema200=211.263 h4slope=UP dailyEMA200=205.278 adx=11.7 ema50=212.611 distToEMA50=2.9pips touchSeq=5 atr=0.166714 atrRatio=1.053 dir=LONG spread=40.0 spreadOK=NO atrGate=PASS touch=PASS momCandle=momClosePos=0.276 momOk=N ema50Ok=Y barRange=0.170000 zeroRangeBar=NO trigger=NO hasPos=NO portRisk=0.00% openPos=0 | 212.582000
ED	0	09:22:03.773	Cazyxio_v4.3 (EURUSD,M15)	2026.03.24 15:22:03 | GATE_FAIL | GBPJPY | Spread too wide. Spread=40.0 Max=30 points.
LK	0	09:22:03.773	Cazyxio_v4.3 (EURUSD,M15)	2026.03.24 15:22:03 | BAR | USDCAD | close=1.37533 h4ema200=1.36808 h4slope=UP dailyEMA200=1.38062 adx=19.4 ema50=1.37433 distToEMA50=10.0pips touchSeq=10 atr=0.001166 atrRatio=1.410 dir=NONE spread=25.0 spreadOK=YES atrGate=PASS touch=FAIL momCandle= zeroRangeBar=NO trigger=NO hasPos=NO portRisk=0.00% openPos=0 | 1.375330
II	0	09:22:03.773	Cazyxio_v4.3 (EURUSD,M15)	2026.03.24 15:22:03 | GATE_FAIL | USDCAD | No directional bias. h4slope=UP closeNow=1.37533 h4ema200=1.36808 dailyEMA200=1.38062
OL	0	09:22:10.760	Cazyxio_v4.3 (EURUSD,M15)	2026.03.24 15:22:10 | HEARTBEAT | SYSTEM | EA alive. Tick=95400 Equity=44972.40 OpenPos=0 PendingOrders=0 UTC=2026.03.24 15:22 DayOfWeek=2 WeekendCloseActive=NO NewTradeBlocked=NO | 95400.000000
FN	0	09:22:48.934	Cazyxio_v4.3 (EURUSD,M15)	2026.03.24 15:22:48 | HEARTBEAT | SYSTEM | EA alive. Tick=95500 Equity=44972.40 OpenPos=0 PendingOrders=0 UTC=2026.03.24 15:22 DayOfWeek=2 WeekendCloseActive=NO NewTradeBlocked=NO | 95500.000000
NH	0	09:23:43.645	Cazyxio_v4.3 (EURUSD,M15)	2026.03.24 15:23:43 | HEARTBEAT | SYSTEM | EA alive. Tick=95600 Equity=44972.40 OpenPos=0 PendingOrders=0 UTC=2026.03.24 15:23 DayOfWeek=2 WeekendCloseActive=NO NewTradeBlocked=NO | 95600.000000
MJ	0	09:24:39.188	Cazyxio_v4.3 (EURUSD,M15)	2026.03.24 15:24:39 | HEARTBEAT | SYSTEM | EA alive. Tick=95700 Equity=44972.40 OpenPos=0 PendingOrders=0 UTC=2026.03.24 15:24 DayOfWeek=2 WeekendCloseActive=NO NewTradeBlocked=NO | 95700.000000
RD	0	09:25:21.225	Cazyxio_v4.3 (EURUSD,M15)	2026.03.24 15:25:21 | HEARTBEAT | SYSTEM | EA alive. Tick=95800 Equity=44972.40 OpenPos=0 PendingOrders=0 UTC=2026.03.24 15:25 DayOfWeek=2 WeekendCloseActive=NO NewTradeBlocked=NO | 95800.000000
JF	0	09:26:00.916	Cazyxio_v4.3 (EURUSD,M15)	2026.03.24 15:26:00 | HEARTBEAT | SYSTEM | EA alive. Tick=95900 Equity=44972.40 OpenPos=0 PendingOrders=0 UTC=2026.03.24 15:26 DayOfWeek=2 WeekendCloseActive=NO NewTradeBlocked=NO | 95900.000000
EP	0	09:26:41.964	Cazyxio_v4.3 (EURUSD,M15)	2026.03.24 15:26:41 | HEARTBEAT | SYSTEM | EA alive. Tick=96000 Equity=44972.40 OpenPos=0 PendingOrders=0 UTC=2026.03.24 15:26 DayOfWeek=2 WeekendCloseActive=NO NewTradeBlocked=NO | 96000.000000
NR	0	09:27:30.322	Cazyxio_v4.3 (EURUSD,M15)	2026.03.24 15:27:30 | HEARTBEAT | SYSTEM | EA alive. Tick=96100 Equity=44972.40 OpenPos=0 PendingOrders=0 UTC=2026.03.24 15:27 DayOfWeek=2 WeekendCloseActive=NO NewTradeBlocked=NO | 96100.000000
LL	0	09:28:17.790	Cazyxio_v4.3 (EURUSD,M15)	2026.03.24 15:28:17 | HEARTBEAT | SYSTEM | EA alive. Tick=96200 Equity=44972.40 OpenPos=0 PendingOrders=0 UTC=2026.03.24 15:28 DayOfWeek=2 WeekendCloseActive=NO NewTradeBlocked=NO | 96200.000000
NN	0	09:29:02.926	Cazyxio_v4.3 (EURUSD,M15)	2026.03.24 15:29:02 | HEARTBEAT | SYSTEM | EA alive. Tick=96300 Equity=44972.40 OpenPos=0 PendingOrders=0 UTC=2026.03.24 15:29 DayOfWeek=2 WeekendCloseActive=NO NewTradeBlocked=NO | 96300.000000
RH	0	09:29:39.801	Cazyxio_v4.3 (EURUSD,M15)	2026.03.24 15:29:39 | HEARTBEAT | SYSTEM | EA alive. Tick=96400 Equity=44972.40 OpenPos=0 PendingOrders=0 UTC=2026.03.24 15:29 DayOfWeek=2 WeekendCloseActive=NO NewTradeBlocked=NO | 96400.000000
GK	0	09:32:23.062	Cazyxio_v4.3 (EURUSD,M15)	2026.03.24 15:32:23 | GATE_FAIL | GBPUSD | CopyBuffer failed for Daily EMA200.
CE	0	09:34:43.348	Cazyxio_v4.3 (EURUSD,M15)	2026.03.24 15:34:43 | GATE_FAIL | EURUSD | CopyBuffer failed for Daily EMA200.
RE	0	09:37:03.779	Cazyxio_v4.3 (EURUSD,M15)	2026.03.24 15:37:03 | GATE_FAIL | USDJPY | CopyBuffer failed for Daily EMA200.
KG	0	09:37:03.779	Cazyxio_v4.3 (EURUSD,M15)	2026.03.24 15:37:03 | BAR | AUDUSD | close=0.69683 h4ema200=0.70236 h4slope=DOWN dailyEMA200=0.67263 adx=35.7 ema50=0.69706 distToEMA50=2.3pips touchSeq=7 atr=0.001266 atrRatio=1.119 dir=NONE spread=20.0 spreadOK=YES atrGate=PASS touch=FAIL momCandle= zeroRangeBar=NO trigger=NO hasPos=NO portRisk=0.00% openPos=0 | 0.696830
NE	0	09:37:03.779	Cazyxio_v4.3 (EURUSD,M15)	2026.03.24 15:37:03 | GATE_FAIL | AUDUSD | No directional bias. h4slope=DOWN closeNow=0.69683 h4ema200=0.70236 dailyEMA200=0.67263
MJ	0	09:37:03.779	Cazyxio_v4.3 (EURUSD,M15)	2026.03.24 15:37:03 | BAR | GBPJPY | close=212.580 h4ema200=211.263 h4slope=UP dailyEMA200=205.277 adx=11.7 ema50=212.608 distToEMA50=2.8pips touchSeq=6 atr=0.164714 atrRatio=1.050 dir=LONG spread=37.0 spreadOK=NO atrGate=PASS touch=PASS momCandle=momClosePos=0.307 momOk=N ema50Ok=Y barRange=0.088000 zeroRangeBar=NO trigger=NO hasPos=NO portRisk=0.00% openPos=0 | 212.580000
KR	0	09:37:03.779	Cazyxio_v4.3 (EURUSD,M15)	2026.03.24 15:37:03 | GATE_FAIL | GBPJPY | Spread too wide. Spread=37.0 Max=30 points.
CQ	0	09:37:03.779	Cazyxio_v4.3 (EURUSD,M15)	2026.03.24 15:37:03 | BAR | USDCAD | close=1.37537 h4ema200=1.36808 h4slope=UP dailyEMA200=1.38062 adx=19.4 ema50=1.37437 distToEMA50=10.0pips touchSeq=11 atr=0.001167 atrRatio=1.426 dir=NONE spread=27.0 spreadOK=YES atrGate=PASS touch=FAIL momCandle= zeroRangeBar=NO trigger=NO hasPos=NO portRisk=0.00% openPos=0 | 1.375370
KO	0	09:37:03.779	Cazyxio_v4.3 (EURUSD,M15)	2026.03.24 15:37:03 | GATE_FAIL | USDCAD | No directional bias. h4slope=UP closeNow=1.37537 h4ema200=1.36808 dailyEMA200=1.38062
LF	0	09:37:25.462	Cazyxio_v4.3 (EURUSD,M15)	2026.03.24 15:37:25 | HEARTBEAT | SYSTEM | EA alive. Tick=96500 Equity=44972.40 OpenPos=0 PendingOrders=0 UTC=2026.03.24 15:37 DayOfWeek=2 WeekendCloseActive=NO NewTradeBlocked=NO | 96500.000000
IP	0	09:38:07.167	Cazyxio_v4.3 (EURUSD,M15)	2026.03.24 15:38:07 | HEARTBEAT | SYSTEM | EA alive. Tick=96600 Equity=44972.40 OpenPos=0 PendingOrders=0 UTC=2026.03.24 15:38 DayOfWeek=2 WeekendCloseActive=NO NewTradeBlocked=NO | 96600.000000
DR	0	09:38:53.171	Cazyxio_v4.3 (EURUSD,M15)	2026.03.24 15:38:53 | HEARTBEAT | SYSTEM | EA alive. Tick=96700 Equity=44972.40 OpenPos=0 PendingOrders=0 UTC=2026.03.24 15:38 DayOfWeek=2 WeekendCloseActive=NO NewTradeBlocked=NO | 96700.000000
FL	0	09:39:55.994	Cazyxio_v4.3 (EURUSD,M15)	2026.03.24 15:39:55 | HEARTBEAT | SYSTEM | EA alive. Tick=96800 Equity=44972.40 OpenPos=0 PendingOrders=0 UTC=2026.03.24 15:39 DayOfWeek=2 WeekendCloseActive=NO NewTradeBlocked=NO | 96800.000000
IN	0	09:41:01.187	Cazyxio_v4.3 (EURUSD,M15)	2026.03.24 15:41:01 | HEARTBEAT | SYSTEM | EA alive. Tick=96900 Equity=44972.40 OpenPos=0 PendingOrders=0 UTC=2026.03.24 15:41 DayOfWeek=2 WeekendCloseActive=NO NewTradeBlocked=NO | 96900.000000
EH	0	09:41:56.318	Cazyxio_v4.3 (EURUSD,M15)	2026.03.24 15:41:56 | HEARTBEAT | SYSTEM | EA alive. Tick=97000 Equity=44972.40 OpenPos=0 PendingOrders=0 UTC=2026.03.24 15:41 DayOfWeek=2 WeekendCloseActive=NO NewTradeBlocked=NO | 97000.000000
OJ	0	09:42:49.160	Cazyxio_v4.3 (EURUSD,M15)	2026.03.24 15:42:49 | HEARTBEAT | SYSTEM | EA alive. Tick=97100 Equity=44972.40 OpenPos=0 PendingOrders=0 UTC=2026.03.24 15:42 DayOfWeek=2 WeekendCloseActive=NO NewTradeBlocked=NO | 97100.000000
GD	0	09:43:32.907	Cazyxio_v4.3 (EURUSD,M15)	2026.03.24 15:43:32 | HEARTBEAT | SYSTEM | EA alive. Tick=97200 Equity=44972.40 OpenPos=0 PendingOrders=0 UTC=2026.03.24 15:43 DayOfWeek=2 WeekendCloseActive=NO NewTradeBlocked=NO | 97200.000000
OF	0	09:44:27.717	Cazyxio_v4.3 (EURUSD,M15)	2026.03.24 15:44:27 | HEARTBEAT | SYSTEM | EA alive. Tick=97300 Equity=44972.40 OpenPos=0 PendingOrders=0 UTC=2026.03.24 15:44 DayOfWeek=2 WeekendCloseActive=NO NewTradeBlocked=NO | 97300.000000
DP	0	09:47:22.879	Cazyxio_v4.3 (EURUSD,M15)	2026.03.24 15:47:22 | GATE_FAIL | EURUSD | CopyBuffer failed for Daily EMA200.
MS	0	09:49:43.242	Cazyxio_v4.3 (EURUSD,M15)	2026.03.24 15:49:43 | GATE_FAIL | USDJPY | CopyBuffer failed for Daily EMA200.
OP	0	09:49:43.242	Cazyxio_v4.3 (EURUSD,M15)	2026.03.24 15:49:43 | BAR | AUDUSD | close=0.69697 h4ema200=0.70235 h4slope=DOWN dailyEMA200=0.67263 adx=35.7 ema50=0.69704 distToEMA50=0.7pips touchSeq=8 atr=0.001237 atrRatio=1.105 dir=NONE spread=20.0 spreadOK=YES atrGate=PASS touch=FAIL momCandle= zeroRangeBar=NO trigger=NO hasPos=NO portRisk=0.00% openPos=0 | 0.696970
KN	0	09:49:43.242	Cazyxio_v4.3 (EURUSD,M15)	2026.03.24 15:49:43 | GATE_FAIL | AUDUSD | No directional bias. h4slope=DOWN closeNow=0.69697 h4ema200=0.70235 dailyEMA200=0.67263
EE	0	09:49:43.242	Cazyxio_v4.3 (EURUSD,M15)	2026.03.24 15:49:43 | BAR | GBPJPY | close=212.578 h4ema200=211.263 h4slope=UP dailyEMA200=205.277 adx=11.7 ema50=212.607 distToEMA50=2.9pips touchSeq=7 atr=0.157643 atrRatio=1.013 dir=LONG spread=42.0 spreadOK=NO atrGate=PASS touch=PASS momCandle=momClosePos=0.405 momOk=N ema50Ok=Y barRange=0.111000 zeroRangeBar=NO trigger=NO hasPos=NO portRisk=0.00% openPos=0 | 212.578000
RG	0	09:49:43.242	Cazyxio_v4.3 (EURUSD,M15)	2026.03.24 15:49:43 | GATE_FAIL | GBPJPY | Spread too wide. Spread=42.0 Max=30 points.
JK	0	09:49:43.242	Cazyxio_v4.3 (EURUSD,M15)	2026.03.24 15:49:43 | BAR | USDCAD | close=1.37557 h4ema200=1.36809 h4slope=UP dailyEMA200=1.38062 adx=19.4 ema50=1.37443 distToEMA50=11.4pips touchSeq=12 atr=0.001154 atrRatio=1.423 dir=NONE spread=24.0 spreadOK=YES atrGate=PASS touch=FAIL momCandle= zeroRangeBar=NO trigger=NO hasPos=NO portRisk=0.00% openPos=0 | 1.375570
MI	0	09:49:43.242	Cazyxio_v4.3 (EURUSD,M15)	2026.03.24 15:49:43 | GATE_FAIL | USDCAD | No directional bias. h4slope=UP closeNow=1.37557 h4ema200=1.36809 dailyEMA200=1.38062
GM	0	09:52:03.783	Cazyxio_v4.3 (EURUSD,M15)	2026.03.24 15:52:03 | GATE_FAIL | GBPUSD | CopyBuffer failed for Daily EMA200.
CL	0	09:52:38.291	Cazyxio_v4.3 (EURUSD,M15)	2026.03.24 15:52:38 | HEARTBEAT | SYSTEM | EA alive. Tick=97400 Equity=44972.40 OpenPos=0 PendingOrders=0 UTC=2026.03.24 15:52 DayOfWeek=2 WeekendCloseActive=NO NewTradeBlocked=NO | 97400.000000
EN	0	09:53:29.180	Cazyxio_v4.3 (EURUSD,M15)	2026.03.24 15:53:29 | HEARTBEAT | SYSTEM | EA alive. Tick=97500 Equity=44972.40 OpenPos=0 PendingOrders=0 UTC=2026.03.24 15:53 DayOfWeek=2 WeekendCloseActive=NO NewTradeBlocked=NO | 97500.000000
NH	0	09:54:07.700	Cazyxio_v4.3 (EURUSD,M15)	2026.03.24 15:54:07 | HEARTBEAT | SYSTEM | EA alive. Tick=97600 Equity=44972.40 OpenPos=0 PendingOrders=0 UTC=2026.03.24 15:54 DayOfWeek=2 WeekendCloseActive=NO NewTradeBlocked=NO | 97600.000000
IJ	0	09:55:00.865	Cazyxio_v4.3 (EURUSD,M15)	2026.03.24 15:55:00 | HEARTBEAT | SYSTEM | EA alive. Tick=97700 Equity=44972.40 OpenPos=0 PendingOrders=0 UTC=2026.03.24 15:55 DayOfWeek=2 WeekendCloseActive=NO NewTradeBlocked=NO | 97700.000000
PD	0	09:55:47.231	Cazyxio_v4.3 (EURUSD,M15)	2026.03.24 15:55:47 | HEARTBEAT | SYSTEM | EA alive. Tick=97800 Equity=44972.40 OpenPos=0 PendingOrders=0 UTC=2026.03.24 15:55 DayOfWeek=2 WeekendCloseActive=NO NewTradeBlocked=NO | 97800.000000
NF	0	09:56:30.577	Cazyxio_v4.3 (EURUSD,M15)	2026.03.24 15:56:30 | HEARTBEAT | SYSTEM | EA alive. Tick=97900 Equity=44972.40 OpenPos=0 PendingOrders=0 UTC=2026.03.24 15:56 DayOfWeek=2 WeekendCloseActive=NO NewTradeBlocked=NO | 97900.000000
HP	0	09:57:03.648	Cazyxio_v4.3 (EURUSD,M15)	2026.03.24 15:57:03 | HEARTBEAT | SYSTEM | EA alive. Tick=98000 Equity=44972.40 OpenPos=0 PendingOrders=0 UTC=2026.03.24 15:57 DayOfWeek=2 WeekendCloseActive=NO NewTradeBlocked=NO | 98000.000000
OR	0	09:57:41.571	Cazyxio_v4.3 (EURUSD,M15)	2026.03.24 15:57:41 | HEARTBEAT | SYSTEM | EA alive. Tick=98100 Equity=44972.40 OpenPos=0 PendingOrders=0 UTC=2026.03.24 15:57 DayOfWeek=2 WeekendCloseActive=NO NewTradeBlocked=NO | 98100.000000
JL	0	09:58:13.403	Cazyxio_v4.3 (EURUSD,M15)	2026.03.24 15:58:13 | HEARTBEAT | SYSTEM | EA alive. Tick=98200 Equity=44972.40 OpenPos=0 PendingOrders=0 UTC=2026.03.24 15:58 DayOfWeek=2 WeekendCloseActive=NO NewTradeBlocked=NO | 98200.000000
CN	0	09:59:07.450	Cazyxio_v4.3 (EURUSD,M15)	2026.03.24 15:59:07 | HEARTBEAT | SYSTEM | EA alive. Tick=98300 Equity=44972.40 OpenPos=0 PendingOrders=0 UTC=2026.03.24 15:59 DayOfWeek=2 WeekendCloseActive=NO NewTradeBlocked=NO | 98300.000000
MH	0	09:59:51.586	Cazyxio_v4.3 (EURUSD,M15)	2026.03.24 15:59:51 | HEARTBEAT | SYSTEM | EA alive. Tick=98400 Equity=44972.40 OpenPos=0 PendingOrders=0 UTC=2026.03.24 15:59 DayOfWeek=2 WeekendCloseActive=NO NewTradeBlocked=NO | 98400.000000
OK	0	10:02:22.896	Cazyxio_v4.3 (EURUSD,M15)	2026.03.24 16:02:22 | GATE_FAIL | GBPUSD | CopyBuffer failed for Daily EMA200.
NE	0	10:04:43.294	Cazyxio_v4.3 (EURUSD,M15)	2026.03.24 16:04:43 | GATE_FAIL | EURUSD | CopyBuffer failed for Daily EMA200.
KE	0	10:07:03.612	Cazyxio_v4.3 (EURUSD,M15)	2026.03.24 16:07:03 | GATE_FAIL | USDJPY | CopyBuffer failed for Daily EMA200.
KG	0	10:07:03.612	Cazyxio_v4.3 (EURUSD,M15)	2026.03.24 16:07:03 | BAR | AUDUSD | close=0.69634 h4ema200=0.70235 h4slope=DOWN dailyEMA200=0.67262 adx=35.7 ema50=0.69699 distToEMA50=6.5pips touchSeq=9 atr=0.001239 atrRatio=1.116 dir=NONE spread=18.0 spreadOK=YES atrGate=PASS touch=FAIL momCandle= zeroRangeBar=NO trigger=NO hasPos=NO portRisk=0.00% openPos=0 | 0.696340
EE	0	10:07:03.612	Cazyxio_v4.3 (EURUSD,M15)	2026.03.24 16:07:03 | GATE_FAIL | AUDUSD | No directional bias. h4slope=DOWN closeNow=0.69634 h4ema200=0.70235 dailyEMA200=0.67262
LG	0	10:07:03.612	Cazyxio_v4.3 (EURUSD,M15)	2026.03.24 16:07:03 | BAR | GBPJPY | close=212.608 h4ema200=211.264 h4slope=UP dailyEMA200=205.278 adx=11.7 ema50=212.610 distToEMA50=0.2pips touchSeq=8 atr=0.164214 atrRatio=1.063 dir=LONG spread=40.0 spreadOK=NO atrGate=PASS touch=PASS momCandle=momClosePos=0.737 momOk=Y ema50Ok=Y barRange=0.190000 zeroRangeBar=NO trigger=YES hasPos=NO portRisk=0.00% openPos=0 | 212.608000
LR	0	10:07:03.612	Cazyxio_v4.3 (EURUSD,M15)	2026.03.24 16:07:03 | GATE_FAIL | GBPJPY | Spread too wide. Spread=40.0 Max=30 points.
PR	0	10:07:03.612	Cazyxio_v4.3 (EURUSD,M15)	2026.03.24 16:07:03 | BAR | USDCAD | close=1.37642 h4ema200=1.36809 h4slope=UP dailyEMA200=1.38063 adx=20.1 ema50=1.37454 distToEMA50=18.8pips touchSeq=0 atr=0.001199 atrRatio=1.489 dir=NONE spread=25.0 spreadOK=YES atrGate=PASS touch=FAIL momCandle= zeroRangeBar=NO trigger=NO hasPos=NO portRisk=0.00% openPos=0 | 1.376420
QO	0	10:07:03.612	Cazyxio_v4.3 (EURUSD,M15)	2026.03.24 16:07:03 | GATE_FAIL | USDCAD | No directional bias. h4slope=UP closeNow=1.37642 h4ema200=1.36809 dailyEMA200=1.38063
KF	0	10:07:34.309	Cazyxio_v4.3 (EURUSD,M15)	2026.03.24 16:07:34 | HEARTBEAT | SYSTEM | EA alive. Tick=98500 Equity=44972.40 OpenPos=0 PendingOrders=0 UTC=2026.03.24 16:07 DayOfWeek=2 WeekendCloseActive=NO NewTradeBlocked=NO | 98500.000000
CP	0	10:08:25.850	Cazyxio_v4.3 (EURUSD,M15)	2026.03.24 16:08:25 | HEARTBEAT | SYSTEM | EA alive. Tick=98600 Equity=44972.40 OpenPos=0 PendingOrders=0 UTC=2026.03.24 16:08 DayOfWeek=2 WeekendCloseActive=NO NewTradeBlocked=NO | 98600.000000
RR	0	10:09:35.210	Cazyxio_v4.3 (EURUSD,M15)	2026.03.24 16:09:35 | HEARTBEAT | SYSTEM | EA alive. Tick=98700 Equity=44972.40 OpenPos=0 PendingOrders=0 UTC=2026.03.24 16:09 DayOfWeek=2 WeekendCloseActive=NO NewTradeBlocked=NO | 98700.000000
GL	0	10:10:19.743	Cazyxio_v4.3 (EURUSD,M15)	2026.03.24 16:10:19 | HEARTBEAT | SYSTEM | EA alive. Tick=98800 Equity=44972.40 OpenPos=0 PendingOrders=0 UTC=2026.03.24 16:10 DayOfWeek=2 WeekendCloseActive=NO NewTradeBlocked=NO | 98800.000000
LN	0	10:11:09.581	Cazyxio_v4.3 (EURUSD,M15)	2026.03.24 16:11:09 | HEARTBEAT | SYSTEM | EA alive. Tick=98900 Equity=44972.40 OpenPos=0 PendingOrders=0 UTC=2026.03.24 16:11 DayOfWeek=2 WeekendCloseActive=NO NewTradeBlocked=NO | 98900.000000
FH	0	10:11:48.789	Cazyxio_v4.3 (EURUSD,M15)	2026.03.24 16:11:48 | HEARTBEAT | SYSTEM | EA alive. Tick=99000 Equity=44972.40 OpenPos=0 PendingOrders=0 UTC=2026.03.24 16:11 DayOfWeek=2 WeekendCloseActive=NO NewTradeBlocked=NO | 99000.000000
QJ	0	10:12:35.910	Cazyxio_v4.3 (EURUSD,M15)	2026.03.24 16:12:35 | HEARTBEAT | SYSTEM | EA alive. Tick=99100 Equity=44972.40 OpenPos=0 PendingOrders=0 UTC=2026.03.24 16:12 DayOfWeek=2 WeekendCloseActive=NO NewTradeBlocked=NO | 99100.000000
OD	0	10:13:42.579	Cazyxio_v4.3 (EURUSD,M15)	2026.03.24 16:13:42 | HEARTBEAT | SYSTEM | EA alive. Tick=99200 Equity=44972.40 OpenPos=0 PendingOrders=0 UTC=2026.03.24 16:13 DayOfWeek=2 WeekendCloseActive=NO NewTradeBlocked=NO | 99200.000000
JF	0	10:14:33.575	Cazyxio_v4.3 (EURUSD,M15)	2026.03.24 16:14:33 | HEARTBEAT | SYSTEM | EA alive. Tick=99300 Equity=44972.40 OpenPos=0 PendingOrders=0 UTC=2026.03.24 16:14 DayOfWeek=2 WeekendCloseActive=NO NewTradeBlocked=NO | 99300.000000
IP	0	10:17:22.947	Cazyxio_v4.3 (EURUSD,M15)	2026.03.24 16:17:22 | GATE_FAIL | EURUSD | CopyBuffer failed for Daily EMA200.
HS	0	10:19:43.404	Cazyxio_v4.3 (EURUSD,M15)	2026.03.24 16:19:43 | GATE_FAIL | USDJPY | CopyBuffer failed for Daily EMA200.
DS	0	10:19:43.404	Cazyxio_v4.3 (EURUSD,M15)	2026.03.24 16:19:43 | BAR | AUDUSD | close=0.69656 h4ema200=0.70236 h4slope=DOWN dailyEMA200=0.67263 adx=35.7 ema50=0.69701 distToEMA50=4.5pips touchSeq=10 atr=0.001214 atrRatio=1.104 dir=NONE spread=18.0 spreadOK=YES atrGate=PASS touch=FAIL momCandle= zeroRangeBar=NO trigger=NO hasPos=NO portRisk=0.00% openPos=0 | 0.696560
JN	0	10:19:43.404	Cazyxio_v4.3 (EURUSD,M15)	2026.03.24 16:19:43 | GATE_FAIL | AUDUSD | No directional bias. h4slope=DOWN closeNow=0.69656 h4ema200=0.70236 dailyEMA200=0.67263
DE	0	10:19:43.404	Cazyxio_v4.3 (EURUSD,M15)	2026.03.24 16:19:43 | BAR | GBPJPY | close=212.587 h4ema200=211.264 h4slope=UP dailyEMA200=205.278 adx=11.7 ema50=212.609 distToEMA50=2.2pips touchSeq=9 atr=0.160429 atrRatio=1.046 dir=LONG spread=39.0 spreadOK=NO atrGate=PASS touch=PASS momCandle=momClosePos=0.422 momOk=N ema50Ok=Y barRange=0.102000 zeroRangeBar=NO trigger=NO hasPos=NO portRisk=0.00% openPos=0 | 212.587000
MG	0	10:19:43.404	Cazyxio_v4.3 (EURUSD,M15)	2026.03.24 16:19:43 | GATE_FAIL | GBPJPY | Spread too wide. Spread=39.0 Max=30 points.
GH	0	10:19:43.404	Cazyxio_v4.3 (EURUSD,M15)	2026.03.24 16:19:43 | BAR | USDCAD | close=1.37646 h4ema200=1.36809 h4slope=UP dailyEMA200=1.38062 adx=20.1 ema50=1.37458 distToEMA50=18.8pips touchSeq=0 atr=0.001119 atrRatio=1.403 dir=NONE spread=26.0 spreadOK=YES atrGate=PASS touch=FAIL momCandle= zeroRangeBar=NO trigger=NO hasPos=NO portRisk=0.00% openPos=0 | 1.376460
II	0	10:19:43.404	Cazyxio_v4.3 (EURUSD,M15)	2026.03.24 16:19:43 | GATE_FAIL | USDCAD | No directional bias. h4slope=UP closeNow=1.37646 h4ema200=1.36809 dailyEMA200=1.38062
LM	0	10:22:06.596	Cazyxio_v4.3 (EURUSD,M15)	2026.03.24 16:22:06 | GATE_FAIL | GBPUSD | CopyBuffer failed for Daily EMA200.
GL	0	10:22:18.076	Cazyxio_v4.3 (EURUSD,M15)	2026.03.24 16:22:18 | HEARTBEAT | SYSTEM | EA alive. Tick=99400 Equity=44972.40 OpenPos=0 PendingOrders=0 UTC=2026.03.24 16:22 DayOfWeek=2 WeekendCloseActive=NO NewTradeBlocked=NO | 99400.000000
EN	0	10:23:09.688	Cazyxio_v4.3 (EURUSD,M15)	2026.03.24 16:23:09 | HEARTBEAT | SYSTEM | EA alive. Tick=99500 Equity=44972.40 OpenPos=0 PendingOrders=0 UTC=2026.03.24 16:23 DayOfWeek=2 WeekendCloseActive=NO NewTradeBlocked=NO | 99500.000000
MH	0	10:24:36.977	Cazyxio_v4.3 (EURUSD,M15)	2026.03.24 16:24:36 | HEARTBEAT | SYSTEM | EA alive. Tick=99600 Equity=44972.40 OpenPos=0 PendingOrders=0 UTC=2026.03.24 16:24 DayOfWeek=2 WeekendCloseActive=NO NewTradeBlocked=NO | 99600.000000
HJ	0	10:25:42.564	Cazyxio_v4.3 (EURUSD,M15)	2026.03.24 16:25:42 | HEARTBEAT | SYSTEM | EA alive. Tick=99700 Equity=44972.40 OpenPos=0 PendingOrders=0 UTC=2026.03.24 16:25 DayOfWeek=2 WeekendCloseActive=NO NewTradeBlocked=NO | 99700.000000
RD	0	10:26:24.916	Cazyxio_v4.3 (EURUSD,M15)	2026.03.24 16:26:24 | HEARTBEAT | SYSTEM | EA alive. Tick=99800 Equity=44972.40 OpenPos=0 PendingOrders=0 UTC=2026.03.24 16:26 DayOfWeek=2 WeekendCloseActive=NO NewTradeBlocked=NO | 99800.000000
HF	0	10:27:09.948	Cazyxio_v4.3 (EURUSD,M15)	2026.03.24 16:27:09 | HEARTBEAT | SYSTEM | EA alive. Tick=99900 Equity=44972.40 OpenPos=0 PendingOrders=0 UTC=2026.03.24 16:27 DayOfWeek=2 WeekendCloseActive=NO NewTradeBlocked=NO | 99900.000000
RP	0	10:27:55.593	Cazyxio_v4.3 (EURUSD,M15)	2026.03.24 16:27:55 | HEARTBEAT | SYSTEM | EA alive. Tick=100000 Equity=44972.40 OpenPos=0 PendingOrders=0 UTC=2026.03.24 16:27 DayOfWeek=2 WeekendCloseActive=NO NewTradeBlocked=NO | 100000.000000
GR	0	10:28:47.924	Cazyxio_v4.3 (EURUSD,M15)	2026.03.24 16:28:47 | HEARTBEAT | SYSTEM | EA alive. Tick=100100 Equity=44972.40 OpenPos=0 PendingOrders=0 UTC=2026.03.24 16:28 DayOfWeek=2 WeekendCloseActive=NO NewTradeBlocked=NO | 100100.000000
NL	0	10:29:31.058	Cazyxio_v4.3 (EURUSD,M15)	2026.03.24 16:29:31 | HEARTBEAT | SYSTEM | EA alive. Tick=100200 Equity=44972.40 OpenPos=0 PendingOrders=0 UTC=2026.03.24 16:29 DayOfWeek=2 WeekendCloseActive=NO NewTradeBlocked=NO | 100200.000000
IN	0	10:32:23.053	Cazyxio_v4.3 (EURUSD,M15)	2026.03.24 16:32:23 | GATE_FAIL | EURUSD | CopyBuffer failed for Daily EMA200.
ON	0	10:34:43.410	Cazyxio_v4.3 (EURUSD,M15)	2026.03.24 16:34:43 | GATE_FAIL | USDJPY | CopyBuffer failed for Daily EMA200.
NI	0	10:34:43.410	Cazyxio_v4.3 (EURUSD,M15)	2026.03.24 16:34:43 | BAR | AUDUSD | close=0.69715 h4ema200=0.70236 h4slope=DOWN dailyEMA200=0.67263 adx=35.7 ema50=0.69702 distToEMA50=1.3pips touchSeq=11 atr=0.001121 atrRatio=1.030 dir=NONE spread=19.0 spreadOK=YES atrGate=PASS touch=FAIL momCandle= zeroRangeBar=NO trigger=NO hasPos=NO portRisk=0.00% openPos=0 | 0.697150
KK	0	10:34:43.410	Cazyxio_v4.3 (EURUSD,M15)	2026.03.24 16:34:43 | GATE_FAIL | AUDUSD | No directional bias. h4slope=DOWN closeNow=0.69715 h4ema200=0.70236 dailyEMA200=0.67263
RN	0	10:34:43.410	Cazyxio_v4.3 (EURUSD,M15)	2026.03.24 16:34:43 | BAR | GBPJPY | close=212.691 h4ema200=211.264 h4slope=UP dailyEMA200=205.278 adx=11.7 ema50=212.613 distToEMA50=7.8pips touchSeq=10 atr=0.149000 atrRatio=0.978 dir=LONG spread=40.0 spreadOK=NO atrGate=PASS touch=PASS momCandle=momClosePos=0.933 momOk=Y ema50Ok=Y barRange=0.120000 zeroRangeBar=NO trigger=YES hasPos=NO portRisk=0.00% openPos=0 | 212.691000
DH	0	10:34:43.410	Cazyxio_v4.3 (EURUSD,M15)	2026.03.24 16:34:43 | GATE_FAIL | GBPJPY | Spread too wide. Spread=40.0 Max=30 points.
HG	0	10:34:43.410	Cazyxio_v4.3 (EURUSD,M15)	2026.03.24 16:34:43 | BAR | USDCAD | close=1.37647 h4ema200=1.36809 h4slope=UP dailyEMA200=1.38063 adx=20.1 ema50=1.37468 distToEMA50=17.9pips touchSeq=0 atr=0.001063 atrRatio=1.345 dir=NONE spread=27.0 spreadOK=YES atrGate=PASS touch=FAIL momCandle= zeroRangeBar=NO trigger=NO hasPos=NO portRisk=0.00% openPos=0 | 1.376470
FR	0	10:34:43.410	Cazyxio_v4.3 (EURUSD,M15)	2026.03.24 16:34:43 | GATE_FAIL | USDCAD | No directional bias. h4slope=UP closeNow=1.37647 h4ema200=1.36809 dailyEMA200=1.38063
PJ	0	10:37:05.680	Cazyxio_v4.3 (EURUSD,M15)	2026.03.24 16:37:05 | GATE_FAIL | GBPUSD | CopyBuffer failed for Daily EMA200.
MK	0	10:37:22.821	Cazyxio_v4.3 (EURUSD,M15)	2026.03.24 16:37:22 | HEARTBEAT | SYSTEM | EA alive. Tick=100300 Equity=44972.40 OpenPos=0 PendingOrders=0 UTC=2026.03.24 16:37 DayOfWeek=2 WeekendCloseActive=NO NewTradeBlocked=NO | 100300.000000
QE	0	10:38:19.620	Cazyxio_v4.3 (EURUSD,M15)	2026.03.24 16:38:19 | HEARTBEAT | SYSTEM | EA alive. Tick=100400 Equity=44972.40 OpenPos=0 PendingOrders=0 UTC=2026.03.24 16:38 DayOfWeek=2 WeekendCloseActive=NO NewTradeBlocked=NO | 100400.000000
HG	0	10:39:06.288	Cazyxio_v4.3 (EURUSD,M15)	2026.03.24 16:39:06 | HEARTBEAT | SYSTEM | EA alive. Tick=100500 Equity=44972.40 OpenPos=0 PendingOrders=0 UTC=2026.03.24 16:39 DayOfWeek=2 WeekendCloseActive=NO NewTradeBlocked=NO | 100500.000000
RQ	0	10:39:46.378	Cazyxio_v4.3 (EURUSD,M15)	2026.03.24 16:39:46 | HEARTBEAT | SYSTEM | EA alive. Tick=100600 Equity=44972.40 OpenPos=0 PendingOrders=0 UTC=2026.03.24 16:39 DayOfWeek=2 WeekendCloseActive=NO NewTradeBlocked=NO | 100600.000000
KP	0	10:40:29.955	Cazyxio_v4.3 (EURUSD,M15)	2026.03.24 16:40:29 | HEARTBEAT | SYSTEM | EA alive. Tick=100700 Equity=44972.40 OpenPos=0 PendingOrders=0 UTC=2026.03.24 16:40 DayOfWeek=2 WeekendCloseActive=NO NewTradeBlocked=NO | 100700.000000
PR	0	10:41:37.801	Cazyxio_v4.3 (EURUSD,M15)	2026.03.24 16:41:37 | HEARTBEAT | SYSTEM | EA alive. Tick=100800 Equity=44972.40 OpenPos=0 PendingOrders=0 UTC=2026.03.24 16:41 DayOfWeek=2 WeekendCloseActive=NO NewTradeBlocked=NO | 100800.000000
NL	0	10:42:44.099	Cazyxio_v4.3 (EURUSD,M15)	2026.03.24 16:42:44 | HEARTBEAT | SYSTEM | EA alive. Tick=100900 Equity=44972.40 OpenPos=0 PendingOrders=0 UTC=2026.03.24 16:42 DayOfWeek=2 WeekendCloseActive=NO NewTradeBlocked=NO | 100900.000000
LN	0	10:43:47.689	Cazyxio_v4.3 (EURUSD,M15)	2026.03.24 16:43:47 | HEARTBEAT | SYSTEM | EA alive. Tick=101000 Equity=44972.40 OpenPos=0 PendingOrders=0 UTC=2026.03.24 16:43 DayOfWeek=2 WeekendCloseActive=NO NewTradeBlocked=NO | 101000.000000
DI	0	10:45:01.104	Cazyxio_v4.3 (EURUSD,M15)	2026.03.24 16:45:01 | HEARTBEAT | SYSTEM | EA alive. Tick=101100 Equity=44972.40 OpenPos=0 PendingOrders=0 UTC=2026.03.24 16:45 DayOfWeek=2 WeekendCloseActive=NO NewTradeBlocked=NO | 101100.000000
OK	0	10:47:23.141	Cazyxio_v4.3 (EURUSD,M15)	2026.03.24 16:47:23 | GATE_FAIL | EURUSD | CopyBuffer failed for Daily EMA200.
IJ	0	10:49:43.520	Cazyxio_v4.3 (EURUSD,M15)	2026.03.24 16:49:43 | GATE_FAIL | USDJPY | CopyBuffer failed for Daily EMA200.
OJ	0	10:49:43.521	Cazyxio_v4.3 (EURUSD,M15)	2026.03.24 16:49:43 | BAR | AUDUSD | close=0.69667 h4ema200=0.70235 h4slope=DOWN dailyEMA200=0.67263 adx=35.7 ema50=0.69699 distToEMA50=3.2pips touchSeq=12 atr=0.001164 atrRatio=1.079 dir=NONE spread=19.0 spreadOK=YES atrGate=PASS touch=FAIL momCandle= zeroRangeBar=NO trigger=NO hasPos=NO portRisk=0.00% openPos=0 | 0.696670
GG	0	10:49:43.521	Cazyxio_v4.3 (EURUSD,M15)	2026.03.24 16:49:43 | GATE_FAIL | AUDUSD | No directional bias. h4slope=DOWN closeNow=0.69667 h4ema200=0.70235 dailyEMA200=0.67263
DO	0	10:49:43.521	Cazyxio_v4.3 (EURUSD,M15)	2026.03.24 16:49:43 | BAR | GBPJPY | close=212.644 h4ema200=211.264 h4slope=UP dailyEMA200=205.278 adx=11.7 ema50=212.615 distToEMA50=2.9pips touchSeq=11 atr=0.151071 atrRatio=0.999 dir=LONG spread=41.0 spreadOK=NO atrGate=PASS touch=PASS momCandle=momClosePos=0.610 momOk=N ema50Ok=Y barRange=0.146000 zeroRangeBar=NO trigger=NO hasPos=NO portRisk=0.00% openPos=0 | 212.644000
PL	0	10:49:43.521	Cazyxio_v4.3 (EURUSD,M15)	2026.03.24 16:49:43 | GATE_FAIL | GBPJPY | Spread too wide. Spread=41.0 Max=30 points.
NP	0	10:49:43.521	Cazyxio_v4.3 (EURUSD,M15)	2026.03.24 16:49:43 | BAR | USDCAD | close=1.37703 h4ema200=1.36810 h4slope=UP dailyEMA200=1.38063 adx=20.4 ema50=1.37479 distToEMA50=22.4pips touchSeq=0 atr=0.001083 atrRatio=1.383 dir=NONE spread=26.0 spreadOK=YES atrGate=PASS touch=FAIL momCandle= zeroRangeBar=NO trigger=NO hasPos=NO portRisk=0.00% openPos=0 | 1.377030
FQ	0	10:49:43.521	Cazyxio_v4.3 (EURUSD,M15)	2026.03.24 16:49:43 | GATE_FAIL | USDCAD | No directional bias. h4slope=UP closeNow=1.37703 h4ema200=1.36810 dailyEMA200=1.38063
HE	0	10:52:07.873	Cazyxio_v4.3 (EURUSD,M15)	2026.03.24 16:52:07 | GATE_FAIL | GBPUSD | CopyBuffer failed for Daily EMA200.
IG	0	10:53:03.384	Cazyxio_v4.3 (EURUSD,M15)	2026.03.24 16:53:03 | HEARTBEAT | SYSTEM | EA alive. Tick=101200 Equity=44972.40 OpenPos=0 PendingOrders=0 UTC=2026.03.24 16:53 DayOfWeek=2 WeekendCloseActive=NO NewTradeBlocked=NO | 101200.000000
OQ	0	10:54:03.134	Cazyxio_v4.3 (EURUSD,M15)	2026.03.24 16:54:03 | HEARTBEAT | SYSTEM | EA alive. Tick=101300 Equity=44972.40 OpenPos=0 PendingOrders=0 UTC=2026.03.24 16:54 DayOfWeek=2 WeekendCloseActive=NO NewTradeBlocked=NO | 101300.000000
QP	0	10:55:27.292	Cazyxio_v4.3 (EURUSD,M15)	2026.03.24 16:55:27 | HEARTBEAT | SYSTEM | EA alive. Tick=101400 Equity=44972.40 OpenPos=0 PendingOrders=0 UTC=2026.03.24 16:55 DayOfWeek=2 WeekendCloseActive=NO NewTradeBlocked=NO | 101400.000000
DR	0	10:56:17.890	Cazyxio_v4.3 (EURUSD,M15)	2026.03.24 16:56:17 | HEARTBEAT | SYSTEM | EA alive. Tick=101500 Equity=44972.40 OpenPos=0 PendingOrders=0 UTC=2026.03.24 16:56 DayOfWeek=2 WeekendCloseActive=NO NewTradeBlocked=NO | 101500.000000
CL	0	10:57:09.418	Cazyxio_v4.3 (EURUSD,M15)	2026.03.24 16:57:09 | HEARTBEAT | SYSTEM | EA alive. Tick=101600 Equity=44972.40 OpenPos=0 PendingOrders=0 UTC=2026.03.24 16:57 DayOfWeek=2 WeekendCloseActive=NO NewTradeBlocked=NO | 101600.000000
KN	0	10:57:53.753	Cazyxio_v4.3 (EURUSD,M15)	2026.03.24 16:57:53 | HEARTBEAT | SYSTEM | EA alive. Tick=101700 Equity=44972.40 OpenPos=0 PendingOrders=0 UTC=2026.03.24 16:57 DayOfWeek=2 WeekendCloseActive=NO NewTradeBlocked=NO | 101700.000000
PI	0	10:59:02.710	Cazyxio_v4.3 (EURUSD,M15)	2026.03.24 16:59:02 | HEARTBEAT | SYSTEM | EA alive. Tick=101800 Equity=44972.40 OpenPos=0 PendingOrders=0 UTC=2026.03.24 16:59 DayOfWeek=2 WeekendCloseActive=NO NewTradeBlocked=NO | 101800.000000
HJ	0	11:02:23.181	Cazyxio_v4.3 (EURUSD,M15)	2026.03.24 17:02:23 | GATE_FAIL | GBPUSD | CopyBuffer failed for Daily EMA200.
IJ	0	11:04:43.602	Cazyxio_v4.3 (EURUSD,M15)	2026.03.24 17:04:43 | GATE_FAIL | EURUSD | CopyBuffer failed for Daily EMA200.
CJ	0	11:07:03.975	Cazyxio_v4.3 (EURUSD,M15)	2026.03.24 17:07:03 | GATE_FAIL | USDJPY | CopyBuffer failed for Daily EMA200.
EE	0	11:07:03.975	Cazyxio_v4.3 (EURUSD,M15)	2026.03.24 17:07:03 | BAR | AUDUSD | close=0.69645 h4ema200=0.70227 h4slope=DOWN dailyEMA200=0.67261 adx=34.8 ema50=0.69689 distToEMA50=4.4pips touchSeq=12 atr=0.001294 atrRatio=1.206 dir=NONE spread=19.0 spreadOK=YES atrGate=PASS touch=FAIL momCandle= zeroRangeBar=NO trigger=NO hasPos=NO portRisk=0.00% openPos=0 | 0.696450
IG	0	11:07:03.975	Cazyxio_v4.3 (EURUSD,M15)	2026.03.24 17:07:03 | GATE_FAIL | AUDUSD | No directional bias. h4slope=DOWN closeNow=0.69645 h4ema200=0.70227 dailyEMA200=0.67261
QO	0	11:07:03.975	Cazyxio_v4.3 (EURUSD,M15)	2026.03.24 17:07:03 | BAR | GBPJPY | close=212.661 h4ema200=211.277 h4slope=UP dailyEMA200=205.277 adx=11.9 ema50=212.613 distToEMA50=4.8pips touchSeq=12 atr=0.156929 atrRatio=1.045 dir=LONG spread=51.0 spreadOK=NO atrGate=PASS touch=PASS momCandle=momClosePos=0.276 momOk=N ema50Ok=Y barRange=0.076000 zeroRangeBar=NO trigger=NO hasPos=NO portRisk=0.00% openPos=0 | 212.661000
NL	0	11:07:03.975	Cazyxio_v4.3 (EURUSD,M15)	2026.03.24 17:07:03 | GATE_FAIL | GBPJPY | Spread too wide. Spread=51.0 Max=30 points.
MS	0	11:07:03.975	Cazyxio_v4.3 (EURUSD,M15)	2026.03.24 17:07:03 | BAR | USDCAD | close=1.37714 h4ema200=1.36820 h4slope=UP dailyEMA200=1.38064 adx=24.1 ema50=1.37492 distToEMA50=22.2pips touchSeq=0 atr=0.001059 atrRatio=1.364 dir=NONE spread=28.0 spreadOK=YES atrGate=PASS touch=FAIL momCandle= zeroRangeBar=NO trigger=NO hasPos=NO portRisk=0.00% openPos=0 | 1.377140
EN	0	11:07:03.975	Cazyxio_v4.3 (EURUSD,M15)	2026.03.24 17:07:03 | GATE_FAIL | USDCAD | No directional bias. h4slope=UP closeNow=1.37714 h4ema200=1.36820 dailyEMA200=1.38064
CG	0	11:07:15.645	Cazyxio_v4.3 (EURUSD,M15)	2026.03.24 17:07:15 | HEARTBEAT | SYSTEM | EA alive. Tick=101900 Equity=44972.40 OpenPos=0 PendingOrders=0 UTC=2026.03.24 17:07 DayOfWeek=2 WeekendCloseActive=NO NewTradeBlocked=NO | 101900.000000
JQ	0	11:07:47.851	Cazyxio_v4.3 (EURUSD,M15)	2026.03.24 17:07:47 | HEARTBEAT | SYSTEM | EA alive. Tick=102000 Equity=44972.40 OpenPos=0 PendingOrders=0 UTC=2026.03.24 17:07 DayOfWeek=2 WeekendCloseActive=NO NewTradeBlocked=NO | 102000.000000
PS	0	11:08:20.296	Cazyxio_v4.3 (EURUSD,M15)	2026.03.24 17:08:20 | HEARTBEAT | SYSTEM | EA alive. Tick=102100 Equity=44972.40 OpenPos=0 PendingOrders=0 UTC=2026.03.24 17:08 DayOfWeek=2 WeekendCloseActive=NO NewTradeBlocked=NO | 102100.000000
JR	0	11:08:53.038	Cazyxio_v4.3 (EURUSD,M15)	2026.03.24 17:08:53 | HEARTBEAT | SYSTEM | EA alive. Tick=102200 Equity=44972.40 OpenPos=0 PendingOrders=0 UTC=2026.03.24 17:08 DayOfWeek=2 WeekendCloseActive=NO NewTradeBlocked=NO | 102200.000000
FL	0	11:09:24.309	Cazyxio_v4.3 (EURUSD,M15)	2026.03.24 17:09:24 | HEARTBEAT | SYSTEM | EA alive. Tick=102300 Equity=44972.40 OpenPos=0 PendingOrders=0 UTC=2026.03.24 17:09 DayOfWeek=2 WeekendCloseActive=NO NewTradeBlocked=NO | 102300.000000
ON	0	11:09:57.876	Cazyxio_v4.3 (EURUSD,M15)	2026.03.24 17:09:57 | HEARTBEAT | SYSTEM | EA alive. Tick=102400 Equity=44972.40 OpenPos=0 PendingOrders=0 UTC=2026.03.24 17:09 DayOfWeek=2 WeekendCloseActive=NO NewTradeBlocked=NO | 102400.000000
LH	0	11:10:30.220	Cazyxio_v4.3 (EURUSD,M15)	2026.03.24 17:10:30 | HEARTBEAT | SYSTEM | EA alive. Tick=102500 Equity=44972.40 OpenPos=0 PendingOrders=0 UTC=2026.03.24 17:10 DayOfWeek=2 WeekendCloseActive=NO NewTradeBlocked=NO | 102500.000000
NK	0	11:10:59.916	Cazyxio_v4.3 (EURUSD,M15)	2026.03.24 17:10:59 | HEARTBEAT | SYSTEM | EA alive. Tick=102600 Equity=44972.40 OpenPos=0 PendingOrders=0 UTC=2026.03.24 17:10 DayOfWeek=2 WeekendCloseActive=NO NewTradeBlocked=NO | 102600.000000
CE	0	11:11:35.707	Cazyxio_v4.3 (EURUSD,M15)	2026.03.24 17:11:35 | HEARTBEAT | SYSTEM | EA alive. Tick=102700 Equity=44972.40 OpenPos=0 PendingOrders=0 UTC=2026.03.24 17:11 DayOfWeek=2 WeekendCloseActive=NO NewTradeBlocked=NO | 102700.000000
MG	0	11:12:10.371	Cazyxio_v4.3 (EURUSD,M15)	2026.03.24 17:12:10 | HEARTBEAT | SYSTEM | EA alive. Tick=102800 Equity=44972.40 OpenPos=0 PendingOrders=0 UTC=2026.03.24 17:12 DayOfWeek=2 WeekendCloseActive=NO NewTradeBlocked=NO | 102800.000000
RQ	0	11:12:48.224	Cazyxio_v4.3 (EURUSD,M15)	2026.03.24 17:12:48 | HEARTBEAT | SYSTEM | EA alive. Tick=102900 Equity=44972.40 OpenPos=0 PendingOrders=0 UTC=2026.03.24 17:12 DayOfWeek=2 WeekendCloseActive=NO NewTradeBlocked=NO | 102900.000000
CP	0	11:13:22.006	Cazyxio_v4.3 (EURUSD,M15)	2026.03.24 17:13:22 | HEARTBEAT | SYSTEM | EA alive. Tick=103000 Equity=44972.40 OpenPos=0 PendingOrders=0 UTC=2026.03.24 17:13 DayOfWeek=2 WeekendCloseActive=NO NewTradeBlocked=NO | 103000.000000
JR	0	11:14:01.288	Cazyxio_v4.3 (EURUSD,M15)	2026.03.24 17:14:01 | HEARTBEAT | SYSTEM | EA alive. Tick=103100 Equity=44972.40 OpenPos=0 PendingOrders=0 UTC=2026.03.24 17:14 DayOfWeek=2 WeekendCloseActive=NO NewTradeBlocked=NO | 103100.000000
PL	0	11:14:41.343	Cazyxio_v4.3 (EURUSD,M15)	2026.03.24 17:14:41 | HEARTBEAT | SYSTEM | EA alive. Tick=103200 Equity=44972.40 OpenPos=0 PendingOrders=0 UTC=2026.03.24 17:14 DayOfWeek=2 WeekendCloseActive=NO NewTradeBlocked=NO | 103200.000000
JN	0	11:17:23.160	Cazyxio_v4.3 (EURUSD,M15)	2026.03.24 17:17:23 | GATE_FAIL | EURUSD | CopyBuffer failed for Daily EMA200.
ON	0	11:19:43.599	Cazyxio_v4.3 (EURUSD,M15)	2026.03.24 17:19:43 | GATE_FAIL | USDJPY | CopyBuffer failed for Daily EMA200.
II	0	11:19:43.599	Cazyxio_v4.3 (EURUSD,M15)	2026.03.24 17:19:43 | BAR | AUDUSD | close=0.69423 h4ema200=0.70227 h4slope=DOWN dailyEMA200=0.67260 adx=35.3 ema50=0.69677 distToEMA50=25.4pips touchSeq=0 atr=0.001267 atrRatio=1.188 dir=NONE spread=21.0 spreadOK=YES atrGate=PASS touch=FAIL momCandle= zeroRangeBar=NO trigger=NO hasPos=NO portRisk=0.00% openPos=0 | 0.694230
PK	0	11:19:43.599	Cazyxio_v4.3 (EURUSD,M15)	2026.03.24 17:19:43 | GATE_FAIL | AUDUSD | No directional bias. h4slope=DOWN closeNow=0.69423 h4ema200=0.70227 dailyEMA200=0.67260
ES	0	11:19:43.599	Cazyxio_v4.3 (EURUSD,M15)	2026.03.24 17:19:43 | BAR | GBPJPY | close=212.577 h4ema200=211.278 h4slope=UP dailyEMA200=205.278 adx=11.9 ema50=212.613 distToEMA50=3.6pips touchSeq=12 atr=0.152143 atrRatio=1.019 dir=LONG spread=42.0 spreadOK=NO atrGate=PASS touch=PASS momCandle=momClosePos=0.433 momOk=N ema50Ok=Y barRange=0.231000 zeroRangeBar=NO trigger=NO hasPos=NO portRisk=0.00% openPos=0 | 212.577000
HH	0	11:19:43.599	Cazyxio_v4.3 (EURUSD,M15)	2026.03.24 17:19:43 | GATE_FAIL | GBPJPY | Spread too wide. Spread=42.0 Max=30 points.
FG	0	11:19:43.599	Cazyxio_v4.3 (EURUSD,M15)	2026.03.24 17:19:43 | BAR | USDCAD | close=1.37808 h4ema200=1.36820 h4slope=UP dailyEMA200=1.38064 adx=24.3 ema50=1.37505 distToEMA50=30.3pips touchSeq=0 atr=0.001019 atrRatio=1.321 dir=NONE spread=27.0 spreadOK=YES atrGate=PASS touch=FAIL momCandle= zeroRangeBar=NO trigger=NO hasPos=NO portRisk=0.00% openPos=0 | 1.378080
KR	0	11:19:43.599	Cazyxio_v4.3 (EURUSD,M15)	2026.03.24 17:19:43 | GATE_FAIL | USDCAD | No directional bias. h4slope=UP closeNow=1.37808 h4ema200=1.36820 dailyEMA200=1.38064
EJ	0	11:22:04.157	Cazyxio_v4.3 (EURUSD,M15)	2026.03.24 17:22:04 | GATE_FAIL | GBPUSD | CopyBuffer failed for Daily EMA200.
QK	0	11:22:26.967	Cazyxio_v4.3 (EURUSD,M15)	2026.03.24 17:22:26 | HEARTBEAT | SYSTEM | EA alive. Tick=103300 Equity=44972.40 OpenPos=0 PendingOrders=0 UTC=2026.03.24 17:22 DayOfWeek=2 WeekendCloseActive=NO NewTradeBlocked=NO | 103300.000000
DE	0	11:23:10.211	Cazyxio_v4.3 (EURUSD,M15)	2026.03.24 17:23:10 | HEARTBEAT | SYSTEM | EA alive. Tick=103400 Equity=44972.40 OpenPos=0 PendingOrders=0 UTC=2026.03.24 17:23 DayOfWeek=2 WeekendCloseActive=NO NewTradeBlocked=NO | 103400.000000
RG	0	11:23:55.312	Cazyxio_v4.3 (EURUSD,M15)	2026.03.24 17:23:55 | HEARTBEAT | SYSTEM | EA alive. Tick=103500 Equity=44972.40 OpenPos=0 PendingOrders=0 UTC=2026.03.24 17:23 DayOfWeek=2 WeekendCloseActive=NO NewTradeBlocked=NO | 103500.000000
OQ	0	11:24:40.066	Cazyxio_v4.3 (EURUSD,M15)	2026.03.24 17:24:40 | HEARTBEAT | SYSTEM | EA alive. Tick=103600 Equity=44972.40 OpenPos=0 PendingOrders=0 UTC=2026.03.24 17:24 DayOfWeek=2 WeekendCloseActive=NO NewTradeBlocked=NO | 103600.000000
RP	0	11:25:29.493	Cazyxio_v4.3 (EURUSD,M15)	2026.03.24 17:25:29 | HEARTBEAT | SYSTEM | EA alive. Tick=103700 Equity=44972.40 OpenPos=0 PendingOrders=0 UTC=2026.03.24 17:25 DayOfWeek=2 WeekendCloseActive=NO NewTradeBlocked=NO | 103700.000000
JR	0	11:26:21.199	Cazyxio_v4.3 (EURUSD,M15)	2026.03.24 17:26:21 | HEARTBEAT | SYSTEM | EA alive. Tick=103800 Equity=44972.40 OpenPos=0 PendingOrders=0 UTC=2026.03.24 17:26 DayOfWeek=2 WeekendCloseActive=NO NewTradeBlocked=NO | 103800.000000
ML	0	11:27:00.735	Cazyxio_v4.3 (EURUSD,M15)	2026.03.24 17:27:00 | HEARTBEAT | SYSTEM | EA alive. Tick=103900 Equity=44972.40 OpenPos=0 PendingOrders=0 UTC=2026.03.24 17:27 DayOfWeek=2 WeekendCloseActive=NO NewTradeBlocked=NO | 103900.000000
FN	0	11:27:44.590	Cazyxio_v4.3 (EURUSD,M15)	2026.03.24 17:27:44 | HEARTBEAT | SYSTEM | EA alive. Tick=104000 Equity=44972.40 OpenPos=0 PendingOrders=0 UTC=2026.03.24 17:27 DayOfWeek=2 WeekendCloseActive=NO NewTradeBlocked=NO | 104000.000000
NI	0	11:28:31.171	Cazyxio_v4.3 (EURUSD,M15)	2026.03.24 17:28:31 | HEARTBEAT | SYSTEM | EA alive. Tick=104100 Equity=44972.40 OpenPos=0 PendingOrders=0 UTC=2026.03.24 17:28 DayOfWeek=2 WeekendCloseActive=NO NewTradeBlocked=NO | 104100.000000
NK	0	11:29:18.277	Cazyxio_v4.3 (EURUSD,M15)	2026.03.24 17:29:18 | HEARTBEAT | SYSTEM | EA alive. Tick=104200 Equity=44972.40 OpenPos=0 PendingOrders=0 UTC=2026.03.24 17:29 DayOfWeek=2 WeekendCloseActive=NO NewTradeBlocked=NO | 104200.000000
FD	0	11:32:23.075	Cazyxio_v4.3 (EURUSD,M15)	2026.03.24 17:32:23 | GATE_FAIL | GBPUSD | CopyBuffer failed for Daily EMA200.
RE	0	11:34:43.472	Cazyxio_v4.3 (EURUSD,M15)	2026.03.24 17:34:43 | GATE_FAIL | EURUSD | CopyBuffer failed for Daily EMA200.
GD	0	11:37:03.829	Cazyxio_v4.3 (EURUSD,M15)	2026.03.24 17:37:03 | GATE_FAIL | USDJPY | CopyBuffer failed for Daily EMA200.
CD	0	11:37:03.829	Cazyxio_v4.3 (EURUSD,M15)	2026.03.24 17:37:03 | BAR | AUDUSD | close=0.69445 h4ema200=0.70227 h4slope=DOWN dailyEMA200=0.67261 adx=35.3 ema50=0.69669 distToEMA50=22.4pips touchSeq=0 atr=0.001251 atrRatio=1.181 dir=NONE spread=19.0 spreadOK=YES atrGate=PASS touch=FAIL momCandle= zeroRangeBar=NO trigger=NO hasPos=NO portRisk=0.00% openPos=0 | 0.694450
KE	0	11:37:03.829	Cazyxio_v4.3 (EURUSD,M15)	2026.03.24 17:37:03 | GATE_FAIL | AUDUSD | No directional bias. h4slope=DOWN closeNow=0.69445 h4ema200=0.70227 dailyEMA200=0.67261
CD	0	11:37:03.829	Cazyxio_v4.3 (EURUSD,M15)	2026.03.24 17:37:03 | BAR | GBPJPY | close=212.685 h4ema200=211.278 h4slope=UP dailyEMA200=205.279 adx=11.9 ema50=212.619 distToEMA50=6.6pips touchSeq=12 atr=0.145214 atrRatio=0.979 dir=LONG spread=38.0 spreadOK=NO atrGate=PASS touch=PASS momCandle=momClosePos=0.984 momOk=Y ema50Ok=Y barRange=0.127000 zeroRangeBar=NO trigger=YES hasPos=NO portRisk=0.00% openPos=0 | 212.685000
MR	0	11:37:03.829	Cazyxio_v4.3 (EURUSD,M15)	2026.03.24 17:37:03 | GATE_FAIL | GBPJPY | Spread too wide. Spread=38.0 Max=30 points.
CM	0	11:37:03.829	Cazyxio_v4.3 (EURUSD,M15)	2026.03.24 17:37:03 | BAR | USDCAD | close=1.37790 h4ema200=1.36820 h4slope=UP dailyEMA200=1.38064 adx=24.3 ema50=1.37517 distToEMA50=27.3pips touchSeq=0 atr=0.000954 atrRatio=1.246 dir=NONE spread=22.0 spreadOK=YES atrGate=PASS touch=FAIL momCandle= zeroRangeBar=NO trigger=NO hasPos=NO portRisk=0.00% openPos=0 | 1.377900
OO	0	11:37:03.829	Cazyxio_v4.3 (EURUSD,M15)	2026.03.24 17:37:03 | GATE_FAIL | USDCAD | No directional bias. h4slope=UP closeNow=1.37790 h4ema200=1.36820 dailyEMA200=1.38064
EQ	0	11:37:11.084	Cazyxio_v4.3 (EURUSD,M15)	2026.03.24 17:37:11 | HEARTBEAT | SYSTEM | EA alive. Tick=104300 Equity=44972.40 OpenPos=0 PendingOrders=0 UTC=2026.03.24 17:37 DayOfWeek=2 WeekendCloseActive=NO NewTradeBlocked=NO | 104300.000000
GP	0	11:38:16.559	Cazyxio_v4.3 (EURUSD,M15)	2026.03.24 17:38:16 | HEARTBEAT | SYSTEM | EA alive. Tick=104400 Equity=44972.40 OpenPos=0 PendingOrders=0 UTC=2026.03.24 17:38 DayOfWeek=2 WeekendCloseActive=NO NewTradeBlocked=NO | 104400.000000
RR	0	11:39:10.016	Cazyxio_v4.3 (EURUSD,M15)	2026.03.24 17:39:10 | HEARTBEAT | SYSTEM | EA alive. Tick=104500 Equity=44972.40 OpenPos=0 PendingOrders=0 UTC=2026.03.24 17:39 DayOfWeek=2 WeekendCloseActive=NO NewTradeBlocked=NO | 104500.000000
RL	0	11:40:17.243	Cazyxio_v4.3 (EURUSD,M15)	2026.03.24 17:40:17 | HEARTBEAT | SYSTEM | EA alive. Tick=104600 Equity=44972.40 OpenPos=0 PendingOrders=0 UTC=2026.03.24 17:40 DayOfWeek=2 WeekendCloseActive=NO NewTradeBlocked=NO | 104600.000000
DN	0	11:41:12.394	Cazyxio_v4.3 (EURUSD,M15)	2026.03.24 17:41:12 | HEARTBEAT | SYSTEM | EA alive. Tick=104700 Equity=44972.40 OpenPos=0 PendingOrders=0 UTC=2026.03.24 17:41 DayOfWeek=2 WeekendCloseActive=NO NewTradeBlocked=NO | 104700.000000
EI	0	11:42:04.763	Cazyxio_v4.3 (EURUSD,M15)	2026.03.24 17:42:04 | HEARTBEAT | SYSTEM | EA alive. Tick=104800 Equity=44972.40 OpenPos=0 PendingOrders=0 UTC=2026.03.24 17:42 DayOfWeek=2 WeekendCloseActive=NO NewTradeBlocked=NO | 104800.000000
CK	0	11:43:04.746	Cazyxio_v4.3 (EURUSD,M15)	2026.03.24 17:43:04 | HEARTBEAT | SYSTEM | EA alive. Tick=104900 Equity=44972.40 OpenPos=0 PendingOrders=0 UTC=2026.03.24 17:43 DayOfWeek=2 WeekendCloseActive=NO NewTradeBlocked=NO | 104900.000000
LE	0	11:44:05.513	Cazyxio_v4.3 (EURUSD,M15)	2026.03.24 17:44:05 | HEARTBEAT | SYSTEM | EA alive. Tick=105000 Equity=44972.40 OpenPos=0 PendingOrders=0 UTC=2026.03.24 17:44 DayOfWeek=2 WeekendCloseActive=NO NewTradeBlocked=NO | 105000.000000
OG	0	11:47:23.248	Cazyxio_v4.3 (EURUSD,M15)	2026.03.24 17:47:23 | GATE_FAIL | EURUSD | CopyBuffer failed for Daily EMA200.
NG	0	11:49:43.617	Cazyxio_v4.3 (EURUSD,M15)	2026.03.24 17:49:43 | GATE_FAIL | USDJPY | CopyBuffer failed for Daily EMA200.
EF	0	11:49:43.617	Cazyxio_v4.3 (EURUSD,M15)	2026.03.24 17:49:43 | BAR | AUDUSD | close=0.69399 h4ema200=0.70227 h4slope=DOWN dailyEMA200=0.67260 adx=35.3 ema50=0.69657 distToEMA50=25.8pips touchSeq=0 atr=0.001248 atrRatio=1.183 dir=NONE spread=19.0 spreadOK=YES atrGate=PASS touch=FAIL momCandle= zeroRangeBar=NO trigger=NO hasPos=NO portRisk=0.00% openPos=0 | 0.693990
KR	0	11:49:43.617	Cazyxio_v4.3 (EURUSD,M15)	2026.03.24 17:49:43 | GATE_FAIL | AUDUSD | No directional bias. h4slope=DOWN closeNow=0.69399 h4ema200=0.70227 dailyEMA200=0.67260
DJ	0	11:49:43.617	Cazyxio_v4.3 (EURUSD,M15)	2026.03.24 17:49:43 | BAR | GBPJPY | close=212.687 h4ema200=211.278 h4slope=UP dailyEMA200=205.279 adx=11.9 ema50=212.621 distToEMA50=6.6pips touchSeq=12 atr=0.141429 atrRatio=0.960 dir=LONG spread=40.0 spreadOK=NO atrGate=PASS touch=PASS momCandle=momClosePos=0.230 momOk=N ema50Ok=Y barRange=0.087000 zeroRangeBar=NO trigger=NO hasPos=NO portRisk=0.00% openPos=0 | 212.687000
CS	0	11:49:43.617	Cazyxio_v4.3 (EURUSD,M15)	2026.03.24 17:49:43 | GATE_FAIL | GBPJPY | Spread too wide. Spread=40.0 Max=30 points.
ML	0	11:49:43.617	Cazyxio_v4.3 (EURUSD,M15)	2026.03.24 17:49:43 | BAR | USDCAD | close=1.37820 h4ema200=1.36820 h4slope=UP dailyEMA200=1.38064 adx=24.3 ema50=1.37529 distToEMA50=29.1pips touchSeq=0 atr=0.000891 atrRatio=1.171 dir=NONE spread=23.0 spreadOK=YES atrGate=PASS touch=FAIL momCandle= zeroRangeBar=NO trigger=NO hasPos=NO portRisk=0.00% openPos=0 | 1.378200
DM	0	11:49:43.617	Cazyxio_v4.3 (EURUSD,M15)	2026.03.24 17:49:43 | GATE_FAIL | USDCAD | No directional bias. h4slope=UP closeNow=1.37820 h4ema200=1.36820 dailyEMA200=1.38064
OQ	0	11:52:04.355	Cazyxio_v4.3 (EURUSD,M15)	2026.03.24 17:52:04 | GATE_FAIL | GBPUSD | CopyBuffer failed for Daily EMA200.
PS	0	11:52:09.310	Cazyxio_v4.3 (EURUSD,M15)	2026.03.24 17:52:09 | HEARTBEAT | SYSTEM | EA alive. Tick=105100 Equity=44972.40 OpenPos=0 PendingOrders=0 UTC=2026.03.24 17:52 DayOfWeek=2 WeekendCloseActive=NO NewTradeBlocked=NO | 105100.000000
KR	0	11:52:47.902	Cazyxio_v4.3 (EURUSD,M15)	2026.03.24 17:52:47 | HEARTBEAT | SYSTEM | EA alive. Tick=105200 Equity=44972.40 OpenPos=0 PendingOrders=0 UTC=2026.03.24 17:52 DayOfWeek=2 WeekendCloseActive=NO NewTradeBlocked=NO | 105200.000000
JL	0	11:53:27.661	Cazyxio_v4.3 (EURUSD,M15)	2026.03.24 17:53:27 | HEARTBEAT | SYSTEM | EA alive. Tick=105300 Equity=44972.40 OpenPos=0 PendingOrders=0 UTC=2026.03.24 17:53 DayOfWeek=2 WeekendCloseActive=NO NewTradeBlocked=NO | 105300.000000
ON	0	11:54:13.515	Cazyxio_v4.3 (EURUSD,M15)	2026.03.24 17:54:13 | HEARTBEAT | SYSTEM | EA alive. Tick=105400 Equity=44972.40 OpenPos=0 PendingOrders=0 UTC=2026.03.24 17:54 DayOfWeek=2 WeekendCloseActive=NO NewTradeBlocked=NO | 105400.000000
KH	0	11:55:04.572	Cazyxio_v4.3 (EURUSD,M15)	2026.03.24 17:55:04 | HEARTBEAT | SYSTEM | EA alive. Tick=105500 Equity=44972.40 OpenPos=0 PendingOrders=0 UTC=2026.03.24 17:55 DayOfWeek=2 WeekendCloseActive=NO NewTradeBlocked=NO | 105500.000000
EK	0	11:55:42.633	Cazyxio_v4.3 (EURUSD,M15)	2026.03.24 17:55:42 | HEARTBEAT | SYSTEM | EA alive. Tick=105600 Equity=44972.40 OpenPos=0 PendingOrders=0 UTC=2026.03.24 17:55 DayOfWeek=2 WeekendCloseActive=NO NewTradeBlocked=NO | 105600.000000
NE	0	11:56:10.239	Cazyxio_v4.3 (EURUSD,M15)	2026.03.24 17:56:10 | HEARTBEAT | SYSTEM | EA alive. Tick=105700 Equity=44972.40 OpenPos=0 PendingOrders=0 UTC=2026.03.24 17:56 DayOfWeek=2 WeekendCloseActive=NO NewTradeBlocked=NO | 105700.000000
QG	0	11:56:38.625	Cazyxio_v4.3 (EURUSD,M15)	2026.03.24 17:56:38 | HEARTBEAT | SYSTEM | EA alive. Tick=105800 Equity=44972.40 OpenPos=0 PendingOrders=0 UTC=2026.03.24 17:56 DayOfWeek=2 WeekendCloseActive=NO NewTradeBlocked=NO | 105800.000000
MQ	0	11:57:09.514	Cazyxio_v4.3 (EURUSD,M15)	2026.03.24 17:57:09 | HEARTBEAT | SYSTEM | EA alive. Tick=105900 Equity=44972.40 OpenPos=0 PendingOrders=0 UTC=2026.03.24 17:57 DayOfWeek=2 WeekendCloseActive=NO NewTradeBlocked=NO | 105900.000000
JP	0	11:57:43.256	Cazyxio_v4.3 (EURUSD,M15)	2026.03.24 17:57:43 | HEARTBEAT | SYSTEM | EA alive. Tick=106000 Equity=44972.40 OpenPos=0 PendingOrders=0 UTC=2026.03.24 17:57 DayOfWeek=2 WeekendCloseActive=NO NewTradeBlocked=NO | 106000.000000
RR	0	11:58:16.673	Cazyxio_v4.3 (EURUSD,M15)	2026.03.24 17:58:16 | HEARTBEAT | SYSTEM | EA alive. Tick=106100 Equity=44972.40 OpenPos=0 PendingOrders=0 UTC=2026.03.24 17:58 DayOfWeek=2 WeekendCloseActive=NO NewTradeBlocked=NO | 106100.000000
CL	0	11:58:51.634	Cazyxio_v4.3 (EURUSD,M15)	2026.03.24 17:58:51 | HEARTBEAT | SYSTEM | EA alive. Tick=106200 Equity=44972.40 OpenPos=0 PendingOrders=0 UTC=2026.03.24 17:58 DayOfWeek=2 WeekendCloseActive=NO NewTradeBlocked=NO | 106200.000000
GN	0	11:59:32.725	Cazyxio_v4.3 (EURUSD,M15)	2026.03.24 17:59:32 | HEARTBEAT | SYSTEM | EA alive. Tick=106300 Equity=44972.40 OpenPos=0 PendingOrders=0 UTC=2026.03.24 17:59 DayOfWeek=2 WeekendCloseActive=NO NewTradeBlocked=NO | 106300.000000
GH	0	12:02:23.399	Cazyxio_v4.3 (EURUSD,M15)	2026.03.24 18:02:23 | GATE_FAIL | GBPUSD | CopyBuffer failed for Daily EMA200.
RH	0	12:04:43.755	Cazyxio_v4.3 (EURUSD,M15)	2026.03.24 18:04:43 | GATE_FAIL | EURUSD | CopyBuffer failed for Daily EMA200.
DH	0	12:07:04.132	Cazyxio_v4.3 (EURUSD,M15)	2026.03.24 18:07:04 | GATE_FAIL | USDJPY | CopyBuffer failed for Daily EMA200.
DK	0	12:07:04.132	Cazyxio_v4.3 (EURUSD,M15)	2026.03.24 18:07:04 | BAR | AUDUSD | close=0.69515 h4ema200=0.70228 h4slope=DOWN dailyEMA200=0.67261 adx=35.3 ema50=0.69655 distToEMA50=14.0pips touchSeq=1 atr=0.001327 atrRatio=1.262 dir=NONE spread=20.0 spreadOK=YES atrGate=PASS touch=FAIL momCandle= zeroRangeBar=NO trigger=NO hasPos=NO portRisk=0.00% openPos=0 | 0.695150
MI	0	12:07:04.132	Cazyxio_v4.3 (EURUSD,M15)	2026.03.24 18:07:04 | GATE_FAIL | AUDUSD | No directional bias. h4slope=DOWN closeNow=0.69515 h4ema200=0.70228 dailyEMA200=0.67261
FS	0	12:07:04.132	Cazyxio_v4.3 (EURUSD,M15)	2026.03.24 18:07:04 | BAR | GBPJPY | close=212.783 h4ema200=211.279 h4slope=UP dailyEMA200=205.279 adx=11.9 ema50=212.629 distToEMA50=15.4pips touchSeq=12 atr=0.143143 atrRatio=0.977 dir=LONG spread=43.0 spreadOK=NO atrGate=PASS touch=PASS momCandle=momClosePos=0.969 momOk=Y ema50Ok=Y barRange=0.129000 zeroRangeBar=NO trigger=YES hasPos=NO portRisk=0.00% openPos=0 | 212.783000
PN	0	12:07:04.132	Cazyxio_v4.3 (EURUSD,M15)	2026.03.24 18:07:04 | GATE_FAIL | GBPJPY | Spread too wide. Spread=43.0 Max=30 points.
NQ	0	12:07:04.132	Cazyxio_v4.3 (EURUSD,M15)	2026.03.24 18:07:04 | BAR | USDCAD | close=1.37776 h4ema200=1.36820 h4slope=UP dailyEMA200=1.38064 adx=24.3 ema50=1.37538 distToEMA50=23.8pips touchSeq=0 atr=0.000921 atrRatio=1.216 dir=NONE spread=27.0 spreadOK=YES atrGate=PASS touch=FAIL momCandle= zeroRangeBar=NO trigger=NO hasPos=NO portRisk=0.00% openPos=0 | 1.377760
JP	0	12:07:04.132	Cazyxio_v4.3 (EURUSD,M15)	2026.03.24 18:07:04 | GATE_FAIL | USDCAD | No directional bias. h4slope=UP closeNow=1.37776 h4ema200=1.36820 dailyEMA200=1.38064
CE	0	12:07:19.785	Cazyxio_v4.3 (EURUSD,M15)	2026.03.24 18:07:19 | HEARTBEAT | SYSTEM | EA alive. Tick=106400 Equity=44972.40 OpenPos=0 PendingOrders=0 UTC=2026.03.24 18:07 DayOfWeek=2 WeekendCloseActive=NO NewTradeBlocked=NO | 106400.000000
LG	0	12:08:09.954	Cazyxio_v4.3 (EURUSD,M15)	2026.03.24 18:08:09 | HEARTBEAT | SYSTEM | EA alive. Tick=106500 Equity=44972.40 OpenPos=0 PendingOrders=0 UTC=2026.03.24 18:08 DayOfWeek=2 WeekendCloseActive=NO NewTradeBlocked=NO | 106500.000000
KF	0	12:08:58.423	Cazyxio_v4.3 (EURUSD,M15)	2026.03.24 18:08:58 | HEARTBEAT | SYSTEM | EA alive. Tick=106600 Equity=44972.40 OpenPos=0 PendingOrders=0 UTC=2026.03.24 18:08 DayOfWeek=2 WeekendCloseActive=NO NewTradeBlocked=NO | 106600.000000
GP	0	12:09:43.286	Cazyxio_v4.3 (EURUSD,M15)	2026.03.24 18:09:43 | HEARTBEAT | SYSTEM | EA alive. Tick=106700 Equity=44972.40 OpenPos=0 PendingOrders=0 UTC=2026.03.24 18:09 DayOfWeek=2 WeekendCloseActive=NO NewTradeBlocked=NO | 106700.000000
OR	0	12:10:32.022	Cazyxio_v4.3 (EURUSD,M15)	2026.03.24 18:10:32 | HEARTBEAT | SYSTEM | EA alive. Tick=106800 Equity=44972.40 OpenPos=0 PendingOrders=0 UTC=2026.03.24 18:10 DayOfWeek=2 WeekendCloseActive=NO NewTradeBlocked=NO | 106800.000000
OL	0	12:11:24.984	Cazyxio_v4.3 (EURUSD,M15)	2026.03.24 18:11:24 | HEARTBEAT | SYSTEM | EA alive. Tick=106900 Equity=44972.40 OpenPos=0 PendingOrders=0 UTC=2026.03.24 18:11 DayOfWeek=2 WeekendCloseActive=NO NewTradeBlocked=NO | 106900.000000
HO	0	12:12:15.838	Cazyxio_v4.3 (EURUSD,M15)	2026.03.24 18:12:15 | HEARTBEAT | SYSTEM | EA alive. Tick=107000 Equity=44972.40 OpenPos=0 PendingOrders=0 UTC=2026.03.24 18:12 DayOfWeek=2 WeekendCloseActive=NO NewTradeBlocked=NO | 107000.000000
FI	0	12:13:15.891	Cazyxio_v4.3 (EURUSD,M15)	2026.03.24 18:13:15 | HEARTBEAT | SYSTEM | EA alive. Tick=107100 Equity=44972.40 OpenPos=0 PendingOrders=0 UTC=2026.03.24 18:13 DayOfWeek=2 WeekendCloseActive=NO NewTradeBlocked=NO | 107100.000000
MK	0	12:14:15.714	Cazyxio_v4.3 (EURUSD,M15)	2026.03.24 18:14:15 | HEARTBEAT | SYSTEM | EA alive. Tick=107200 Equity=44972.40 OpenPos=0 PendingOrders=0 UTC=2026.03.24 18:14 DayOfWeek=2 WeekendCloseActive=NO NewTradeBlocked=NO | 107200.000000
LD	0	12:17:23.572	Cazyxio_v4.3 (EURUSD,M15)	2026.03.24 18:17:23 | GATE_FAIL | GBPUSD | CopyBuffer failed for Daily EMA200.
GE	0	12:19:43.929	Cazyxio_v4.3 (EURUSD,M15)	2026.03.24 18:19:43 | GATE_FAIL | EURUSD | CopyBuffer failed for Daily EMA200.
FD	0	12:22:04.268	Cazyxio_v4.3 (EURUSD,M15)	2026.03.24 18:22:04 | GATE_FAIL | USDJPY | CopyBuffer failed for Daily EMA200.
OD	0	12:22:04.268	Cazyxio_v4.3 (EURUSD,M15)	2026.03.24 18:22:04 | BAR | AUDUSD | close=0.69499 h4ema200=0.70229 h4slope=DOWN dailyEMA200=0.67262 adx=35.3 ema50=0.69652 distToEMA50=15.3pips touchSeq=2 atr=0.001215 atrRatio=1.160 dir=NONE spread=19.0 spreadOK=YES atrGate=PASS touch=FAIL momCandle= zeroRangeBar=NO trigger=NO hasPos=NO portRisk=0.00% openPos=0 | 0.694990
NE	0	12:22:04.268	Cazyxio_v4.3 (EURUSD,M15)	2026.03.24 18:22:04 | GATE_FAIL | AUDUSD | No directional bias. h4slope=DOWN closeNow=0.69499 h4ema200=0.70229 dailyEMA200=0.67262
PI	0	12:22:04.268	Cazyxio_v4.3 (EURUSD,M15)	2026.03.24 18:22:04 | BAR | GBPJPY | close=212.679 h4ema200=211.278 h4slope=UP dailyEMA200=205.278 adx=11.9 ema50=212.628 distToEMA50=5.1pips touchSeq=12 atr=0.127429 atrRatio=0.875 dir=LONG spread=36.0 spreadOK=NO atrGate=PASS touch=PASS momCandle=momClosePos=0.107 momOk=N ema50Ok=Y barRange=0.150000 zeroRangeBar=NO trigger=NO hasPos=NO portRisk=0.00% openPos=0 | 212.679000
LR	0	12:22:04.268	Cazyxio_v4.3 (EURUSD,M15)	2026.03.24 18:22:04 | GATE_FAIL | GBPJPY | Spread too wide. Spread=36.0 Max=30 points.
DR	0	12:22:04.268	Cazyxio_v4.3 (EURUSD,M15)	2026.03.24 18:22:04 | BAR | USDCAD | close=1.37801 h4ema200=1.36819 h4slope=UP dailyEMA200=1.38064 adx=24.3 ema50=1.37545 distToEMA50=25.6pips touchSeq=0 atr=0.000851 atrRatio=1.133 dir=NONE spread=21.0 spreadOK=YES atrGate=PASS touch=FAIL momCandle= zeroRangeBar=NO trigger=NO hasPos=NO portRisk=0.00% openPos=0 | 1.378010
CO	0	12:22:04.268	Cazyxio_v4.3 (EURUSD,M15)	2026.03.24 18:22:04 | GATE_FAIL | USDCAD | No directional bias. h4slope=UP closeNow=1.37801 h4ema200=1.36819 dailyEMA200=1.38064
NQ	0	12:22:11.088	Cazyxio_v4.3 (EURUSD,M15)	2026.03.24 18:22:11 | HEARTBEAT | SYSTEM | EA alive. Tick=107300 Equity=44972.40 OpenPos=0 PendingOrders=0 UTC=2026.03.24 18:22 DayOfWeek=2 WeekendCloseActive=NO NewTradeBlocked=NO | 107300.000000
IP	0	12:23:01.011	Cazyxio_v4.3 (EURUSD,M15)	2026.03.24 18:23:01 | HEARTBEAT | SYSTEM | EA alive. Tick=107400 Equity=44972.40 OpenPos=0 PendingOrders=0 UTC=2026.03.24 18:23 DayOfWeek=2 WeekendCloseActive=NO NewTradeBlocked=NO | 107400.000000
RR	0	12:23:59.094	Cazyxio_v4.3 (EURUSD,M15)	2026.03.24 18:23:59 | HEARTBEAT | SYSTEM | EA alive. Tick=107500 Equity=44972.40 OpenPos=0 PendingOrders=0 UTC=2026.03.24 18:23 DayOfWeek=2 WeekendCloseActive=NO NewTradeBlocked=NO | 107500.000000
EL	0	12:24:54.874	Cazyxio_v4.3 (EURUSD,M15)	2026.03.24 18:24:54 | HEARTBEAT | SYSTEM | EA alive. Tick=107600 Equity=44972.40 OpenPos=0 PendingOrders=0 UTC=2026.03.24 18:24 DayOfWeek=2 WeekendCloseActive=NO NewTradeBlocked=NO | 107600.000000
FN	0	12:25:59.924	Cazyxio_v4.3 (EURUSD,M15)	2026.03.24 18:25:59 | HEARTBEAT | SYSTEM | EA alive. Tick=107700 Equity=44972.40 OpenPos=0 PendingOrders=0 UTC=2026.03.24 18:25 DayOfWeek=2 WeekendCloseActive=NO NewTradeBlocked=NO | 107700.000000
FI	0	12:26:57.909	Cazyxio_v4.3 (EURUSD,M15)	2026.03.24 18:26:57 | HEARTBEAT | SYSTEM | EA alive. Tick=107800 Equity=44972.40 OpenPos=0 PendingOrders=0 UTC=2026.03.24 18:26 DayOfWeek=2 WeekendCloseActive=NO NewTradeBlocked=NO | 107800.000000
FK	0	12:27:56.342	Cazyxio_v4.3 (EURUSD,M15)	2026.03.24 18:27:56 | HEARTBEAT | SYSTEM | EA alive. Tick=107900 Equity=44972.40 OpenPos=0 PendingOrders=0 UTC=2026.03.24 18:27 DayOfWeek=2 WeekendCloseActive=NO NewTradeBlocked=NO | 107900.000000
GE	0	12:28:41.188	Cazyxio_v4.3 (EURUSD,M15)	2026.03.24 18:28:41 | HEARTBEAT | SYSTEM | EA alive. Tick=108000 Equity=44972.40 OpenPos=0 PendingOrders=0 UTC=2026.03.24 18:28 DayOfWeek=2 WeekendCloseActive=NO NewTradeBlocked=NO | 108000.000000
CG	0	12:29:32.909	Cazyxio_v4.3 (EURUSD,M15)	2026.03.24 18:29:32 | HEARTBEAT | SYSTEM | EA alive. Tick=108100 Equity=44972.40 OpenPos=0 PendingOrders=0 UTC=2026.03.24 18:29 DayOfWeek=2 WeekendCloseActive=NO NewTradeBlocked=NO | 108100.000000
CF	0	12:32:23.231	Cazyxio_v4.3 (EURUSD,M15)	2026.03.24 18:32:23 | GATE_FAIL | EURUSD | CopyBuffer failed for Daily EMA200.
QQ	0	12:34:43.564	Cazyxio_v4.3 (EURUSD,M15)	2026.03.24 18:34:43 | GATE_FAIL | USDJPY | CopyBuffer failed for Daily EMA200.
PR	0	12:34:43.564	Cazyxio_v4.3 (EURUSD,M15)	2026.03.24 18:34:43 | BAR | AUDUSD | close=0.69625 h4ema200=0.70229 h4slope=DOWN dailyEMA200=0.67263 adx=35.2 ema50=0.69653 distToEMA50=2.8pips touchSeq=3 atr=0.001191 atrRatio=1.142 dir=NONE spread=17.0 spreadOK=YES atrGate=PASS touch=FAIL momCandle= zeroRangeBar=NO trigger=NO hasPos=NO portRisk=0.00% openPos=0 | 0.696250
KP	0	12:34:43.564	Cazyxio_v4.3 (EURUSD,M15)	2026.03.24 18:34:43 | GATE_FAIL | AUDUSD | No directional bias. h4slope=DOWN closeNow=0.69625 h4ema200=0.70229 dailyEMA200=0.67263
NI	0	12:34:43.564	Cazyxio_v4.3 (EURUSD,M15)	2026.03.24 18:34:43 | BAR | GBPJPY | close=212.683 h4ema200=211.279 h4slope=UP dailyEMA200=205.279 adx=11.9 ema50=212.634 distToEMA50=4.9pips touchSeq=12 atr=0.122857 atrRatio=0.850 dir=LONG spread=41.0 spreadOK=NO atrGate=PASS touch=PASS momCandle=momClosePos=0.716 momOk=Y ema50Ok=Y barRange=0.081000 zeroRangeBar=NO trigger=YES hasPos=NO portRisk=0.00% openPos=0 | 212.683000
OQ	0	12:34:43.564	Cazyxio_v4.3 (EURUSD,M15)	2026.03.24 18:34:43 | GATE_FAIL | GBPJPY | Spread too wide. Spread=41.0 Max=30 points.
MN	0	12:34:43.564	Cazyxio_v4.3 (EURUSD,M15)	2026.03.24 18:34:43 | BAR | USDCAD | close=1.37692 h4ema200=1.36818 h4slope=UP dailyEMA200=1.38063 adx=23.7 ema50=1.37548 distToEMA50=14.4pips touchSeq=0 atr=0.000824 atrRatio=1.103 dir=NONE spread=26.0 spreadOK=YES atrGate=PASS touch=FAIL momCandle= zeroRangeBar=NO trigger=NO hasPos=NO portRisk=0.00% openPos=0 | 1.376920
NJ	0	12:34:43.564	Cazyxio_v4.3 (EURUSD,M15)	2026.03.24 18:34:43 | GATE_FAIL | USDCAD | No directional bias. h4slope=UP closeNow=1.37692 h4ema200=1.36818 dailyEMA200=1.38063
CS	0	12:37:04.119	Cazyxio_v4.3 (EURUSD,M15)	2026.03.24 18:37:04 | GATE_FAIL | GBPUSD | CopyBuffer failed for Daily EMA200.
DR	0	12:37:27.073	Cazyxio_v4.3 (EURUSD,M15)	2026.03.24 18:37:27 | HEARTBEAT | SYSTEM | EA alive. Tick=108200 Equity=44972.40 OpenPos=0 PendingOrders=0 UTC=2026.03.24 18:37 DayOfWeek=2 WeekendCloseActive=NO NewTradeBlocked=NO | 108200.000000
NL	0	12:38:29.904	Cazyxio_v4.3 (EURUSD,M15)	2026.03.24 18:38:29 | HEARTBEAT | SYSTEM | EA alive. Tick=108300 Equity=44972.40 OpenPos=0 PendingOrders=0 UTC=2026.03.24 18:38 DayOfWeek=2 WeekendCloseActive=NO NewTradeBlocked=NO | 108300.000000
QN	0	12:39:23.793	Cazyxio_v4.3 (EURUSD,M15)	2026.03.24 18:39:23 | HEARTBEAT | SYSTEM | EA alive. Tick=108400 Equity=44972.40 OpenPos=0 PendingOrders=0 UTC=2026.03.24 18:39 DayOfWeek=2 WeekendCloseActive=NO NewTradeBlocked=NO | 108400.000000
HI	0	12:40:05.712	Cazyxio_v4.3 (EURUSD,M15)	2026.03.24 18:40:05 | HEARTBEAT | SYSTEM | EA alive. Tick=108500 Equity=44972.40 OpenPos=0 PendingOrders=0 UTC=2026.03.24 18:40 DayOfWeek=2 WeekendCloseActive=NO NewTradeBlocked=NO | 108500.000000
MK	0	12:40:43.069	Cazyxio_v4.3 (EURUSD,M15)	2026.03.24 18:40:43 | HEARTBEAT | SYSTEM | EA alive. Tick=108600 Equity=44972.40 OpenPos=0 PendingOrders=0 UTC=2026.03.24 18:40 DayOfWeek=2 WeekendCloseActive=NO NewTradeBlocked=NO | 108600.000000
IE	0	12:41:20.187	Cazyxio_v4.3 (EURUSD,M15)	2026.03.24 18:41:20 | HEARTBEAT | SYSTEM | EA alive. Tick=108700 Equity=44972.40 OpenPos=0 PendingOrders=0 UTC=2026.03.24 18:41 DayOfWeek=2 WeekendCloseActive=NO NewTradeBlocked=NO | 108700.000000
JG	0	12:42:02.976	Cazyxio_v4.3 (EURUSD,M15)	2026.03.24 18:42:02 | HEARTBEAT | SYSTEM | EA alive. Tick=108800 Equity=44972.40 OpenPos=0 PendingOrders=0 UTC=2026.03.24 18:42 DayOfWeek=2 WeekendCloseActive=NO NewTradeBlocked=NO | 108800.000000
LF	0	12:42:42.758	Cazyxio_v4.3 (EURUSD,M15)	2026.03.24 18:42:42 | HEARTBEAT | SYSTEM | EA alive. Tick=108900 Equity=44972.40 OpenPos=0 PendingOrders=0 UTC=2026.03.24 18:42 DayOfWeek=2 WeekendCloseActive=NO NewTradeBlocked=NO | 108900.000000
PP	0	12:43:17.931	Cazyxio_v4.3 (EURUSD,M15)	2026.03.24 18:43:17 | HEARTBEAT | SYSTEM | EA alive. Tick=109000 Equity=44972.40 OpenPos=0 PendingOrders=0 UTC=2026.03.24 18:43 DayOfWeek=2 WeekendCloseActive=NO NewTradeBlocked=NO | 109000.000000
RR	0	12:43:53.306	Cazyxio_v4.3 (EURUSD,M15)	2026.03.24 18:43:53 | HEARTBEAT | SYSTEM | EA alive. Tick=109100 Equity=44972.40 OpenPos=0 PendingOrders=0 UTC=2026.03.24 18:43 DayOfWeek=2 WeekendCloseActive=NO NewTradeBlocked=NO | 109100.000000
DL	0	12:44:32.923	Cazyxio_v4.3 (EURUSD,M15)	2026.03.24 18:44:32 | HEARTBEAT | SYSTEM | EA alive. Tick=109200 Equity=44972.40 OpenPos=0 PendingOrders=0 UTC=2026.03.24 18:44 DayOfWeek=2 WeekendCloseActive=NO NewTradeBlocked=NO | 109200.000000
MO	0	12:47:23.549	Cazyxio_v4.3 (EURUSD,M15)	2026.03.24 18:47:23 | GATE_FAIL | EURUSD | CopyBuffer failed for Daily EMA200.
CN	0	12:49:43.957	Cazyxio_v4.3 (EURUSD,M15)	2026.03.24 18:49:43 | GATE_FAIL | USDJPY | CopyBuffer failed for Daily EMA200.
PM	0	12:49:43.957	Cazyxio_v4.3 (EURUSD,M15)	2026.03.24 18:49:43 | BAR | AUDUSD | close=0.69668 h4ema200=0.70229 h4slope=DOWN dailyEMA200=0.67263 adx=35.0 ema50=0.69654 distToEMA50=1.4pips touchSeq=4 atr=0.001150 atrRatio=1.106 dir=NONE spread=19.0 spreadOK=YES atrGate=PASS touch=FAIL momCandle= zeroRangeBar=NO trigger=NO hasPos=NO portRisk=0.00% openPos=0 | 0.696680
RK	0	12:49:43.957	Cazyxio_v4.3 (EURUSD,M15)	2026.03.24 18:49:43 | GATE_FAIL | AUDUSD | No directional bias. h4slope=DOWN closeNow=0.69668 h4ema200=0.70229 dailyEMA200=0.67263
DS	0	12:49:43.957	Cazyxio_v4.3 (EURUSD,M15)	2026.03.24 18:49:43 | BAR | GBPJPY | close=212.712 h4ema200=211.278 h4slope=UP dailyEMA200=205.279 adx=11.9 ema50=212.635 distToEMA50=7.7pips touchSeq=12 atr=0.122929 atrRatio=0.854 dir=LONG spread=41.0 spreadOK=NO atrGate=PASS touch=PASS momCandle=momClosePos=0.363 momOk=N ema50Ok=Y barRange=0.113000 zeroRangeBar=NO trigger=NO hasPos=NO portRisk=0.00% openPos=0 | 212.712000
GH	0	12:49:43.957	Cazyxio_v4.3 (EURUSD,M15)	2026.03.24 18:49:43 | GATE_FAIL | GBPJPY | Spread too wide. Spread=41.0 Max=30 points.
NG	0	12:49:43.957	Cazyxio_v4.3 (EURUSD,M15)	2026.03.24 18:49:43 | BAR | USDCAD | close=1.37663 h4ema200=1.36819 h4slope=UP dailyEMA200=1.38063 adx=23.6 ema50=1.37554 distToEMA50=10.9pips touchSeq=0 atr=0.000819 atrRatio=1.102 dir=NONE spread=24.0 spreadOK=YES atrGate=PASS touch=FAIL momCandle= zeroRangeBar=NO trigger=NO hasPos=NO portRisk=0.00% openPos=0 | 1.376630
GR	0	12:49:43.957	Cazyxio_v4.3 (EURUSD,M15)	2026.03.24 18:49:43 | GATE_FAIL | USDCAD | No directional bias. h4slope=UP closeNow=1.37663 h4ema200=1.36819 dailyEMA200=1.38063
QJ	0	12:52:04.726	Cazyxio_v4.3 (EURUSD,M15)	2026.03.24 18:52:04 | GATE_FAIL | GBPUSD | CopyBuffer failed for Daily EMA200.
QK	0	12:52:13.950	Cazyxio_v4.3 (EURUSD,M15)	2026.03.24 18:52:13 | HEARTBEAT | SYSTEM | EA alive. Tick=109300 Equity=44972.40 OpenPos=0 PendingOrders=0 UTC=2026.03.24 18:52 DayOfWeek=2 WeekendCloseActive=NO NewTradeBlocked=NO | 109300.000000
CE	0	12:53:04.106	Cazyxio_v4.3 (EURUSD,M15)	2026.03.24 18:53:04 | HEARTBEAT | SYSTEM | EA alive. Tick=109400 Equity=44972.40 OpenPos=0 PendingOrders=0 UTC=2026.03.24 18:53 DayOfWeek=2 WeekendCloseActive=NO NewTradeBlocked=NO | 109400.000000
HG	0	12:53:43.349	Cazyxio_v4.3 (EURUSD,M15)	2026.03.24 18:53:43 | HEARTBEAT | SYSTEM | EA alive. Tick=109500 Equity=44972.40 OpenPos=0 PendingOrders=0 UTC=2026.03.24 18:53 DayOfWeek=2 WeekendCloseActive=NO NewTradeBlocked=NO | 109500.000000
PQ	0	12:54:25.511	Cazyxio_v4.3 (EURUSD,M15)	2026.03.24 18:54:25 | HEARTBEAT | SYSTEM | EA alive. Tick=109600 Equity=44972.40 OpenPos=0 PendingOrders=0 UTC=2026.03.24 18:54 DayOfWeek=2 WeekendCloseActive=NO NewTradeBlocked=NO | 109600.000000
JP	0	12:55:15.075	Cazyxio_v4.3 (EURUSD,M15)	2026.03.24 18:55:15 | HEARTBEAT | SYSTEM | EA alive. Tick=109700 Equity=44972.40 OpenPos=0 PendingOrders=0 UTC=2026.03.24 18:55 DayOfWeek=2 WeekendCloseActive=NO NewTradeBlocked=NO | 109700.000000
GR	0	12:56:00.978	Cazyxio_v4.3 (EURUSD,M15)	2026.03.24 18:56:00 | HEARTBEAT | SYSTEM | EA alive. Tick=109800 Equity=44972.40 OpenPos=0 PendingOrders=0 UTC=2026.03.24 18:56 DayOfWeek=2 WeekendCloseActive=NO NewTradeBlocked=NO | 109800.000000
RL	0	12:56:49.045	Cazyxio_v4.3 (EURUSD,M15)	2026.03.24 18:56:49 | HEARTBEAT | SYSTEM | EA alive. Tick=109900 Equity=44972.40 OpenPos=0 PendingOrders=0 UTC=2026.03.24 18:56 DayOfWeek=2 WeekendCloseActive=NO NewTradeBlocked=NO | 109900.000000
EN	0	12:57:46.449	Cazyxio_v4.3 (EURUSD,M15)	2026.03.24 18:57:46 | HEARTBEAT | SYSTEM | EA alive. Tick=110000 Equity=44972.40 OpenPos=0 PendingOrders=0 UTC=2026.03.24 18:57 DayOfWeek=2 WeekendCloseActive=NO NewTradeBlocked=NO | 110000.000000
HI	0	12:58:27.805	Cazyxio_v4.3 (EURUSD,M15)	2026.03.24 18:58:27 | HEARTBEAT | SYSTEM | EA alive. Tick=110100 Equity=44972.40 OpenPos=0 PendingOrders=0 UTC=2026.03.24 18:58 DayOfWeek=2 WeekendCloseActive=NO NewTradeBlocked=NO | 110100.000000
RK	0	12:59:15.266	Cazyxio_v4.3 (EURUSD,M15)	2026.03.24 18:59:15 | HEARTBEAT | SYSTEM | EA alive. Tick=110200 Equity=44972.40 OpenPos=0 PendingOrders=0 UTC=2026.03.24 18:59 DayOfWeek=2 WeekendCloseActive=NO NewTradeBlocked=NO | 110200.000000
HE	0	13:02:23.258	Cazyxio_v4.3 (EURUSD,M15)	2026.03.24 19:02:23 | GATE_FAIL | EURUSD | CopyBuffer failed for Daily EMA200.
JE	0	13:04:43.554	Cazyxio_v4.3 (EURUSD,M15)	2026.03.24 19:04:43 | GATE_FAIL | USDJPY | CopyBuffer failed for Daily EMA200.
CG	0	13:04:43.554	Cazyxio_v4.3 (EURUSD,M15)	2026.03.24 19:04:43 | BAR | AUDUSD | close=0.69653 h4ema200=0.70230 h4slope=DOWN dailyEMA200=0.67263 adx=35.0 ema50=0.69656 distToEMA50=0.3pips touchSeq=5 atr=0.001157 atrRatio=1.116 dir=NONE spread=18.0 spreadOK=YES atrGate=PASS touch=FAIL momCandle= zeroRangeBar=NO trigger=NO hasPos=NO portRisk=0.00% openPos=0 | 0.696530
KE	0	13:04:43.554	Cazyxio_v4.3 (EURUSD,M15)	2026.03.24 19:04:43 | GATE_FAIL | AUDUSD | No directional bias. h4slope=DOWN closeNow=0.69653 h4ema200=0.70230 dailyEMA200=0.67263
PG	0	13:04:43.554	Cazyxio_v4.3 (EURUSD,M15)	2026.03.24 19:04:43 | BAR | GBPJPY | close=212.742 h4ema200=211.279 h4slope=UP dailyEMA200=205.279 adx=11.9 ema50=212.640 distToEMA50=10.2pips touchSeq=12 atr=0.120643 atrRatio=0.842 dir=LONG spread=40.0 spreadOK=NO atrGate=PASS touch=PASS momCandle=momClosePos=0.889 momOk=Y ema50Ok=Y barRange=0.081000 zeroRangeBar=NO trigger=YES hasPos=NO portRisk=0.00% openPos=0 | 212.742000
IR	0	13:04:43.554	Cazyxio_v4.3 (EURUSD,M15)	2026.03.24 19:04:43 | GATE_FAIL | GBPJPY | Spread too wide. Spread=40.0 Max=30 points.
ER	0	13:04:43.554	Cazyxio_v4.3 (EURUSD,M15)	2026.03.24 19:04:43 | BAR | USDCAD | close=1.37692 h4ema200=1.36818 h4slope=UP dailyEMA200=1.38063 adx=23.6 ema50=1.37558 distToEMA50=13.4pips touchSeq=0 atr=0.000825 atrRatio=1.114 dir=NONE spread=25.0 spreadOK=YES atrGate=PASS touch=FAIL momCandle= zeroRangeBar=NO trigger=NO hasPos=NO portRisk=0.00% openPos=0 | 1.376920
CO	0	13:04:43.554	Cazyxio_v4.3 (EURUSD,M15)	2026.03.24 19:04:43 | GATE_FAIL | USDCAD | No directional bias. h4slope=UP closeNow=1.37692 h4ema200=1.36818 dailyEMA200=1.38063
JG	0	13:07:03.969	Cazyxio_v4.3 (EURUSD,M15)	2026.03.24 19:07:03 | GATE_FAIL | GBPUSD | CopyBuffer failed for Daily EMA200.
RQ	0	13:07:07.257	Cazyxio_v4.3 (EURUSD,M15)	2026.03.24 19:07:07 | HEARTBEAT | SYSTEM | EA alive. Tick=110300 Equity=44972.40 OpenPos=0 PendingOrders=0 UTC=2026.03.24 19:07 DayOfWeek=2 WeekendCloseActive=NO NewTradeBlocked=NO | 110300.000000
PP	0	13:08:01.045	Cazyxio_v4.3 (EURUSD,M15)	2026.03.24 19:08:01 | HEARTBEAT | SYSTEM | EA alive. Tick=110400 Equity=44972.40 OpenPos=0 PendingOrders=0 UTC=2026.03.24 19:08 DayOfWeek=2 WeekendCloseActive=NO NewTradeBlocked=NO | 110400.000000
RR	0	13:08:44.250	Cazyxio_v4.3 (EURUSD,M15)	2026.03.24 19:08:44 | HEARTBEAT | SYSTEM | EA alive. Tick=110500 Equity=44972.40 OpenPos=0 PendingOrders=0 UTC=2026.03.24 19:08 DayOfWeek=2 WeekendCloseActive=NO NewTradeBlocked=NO | 110500.000000
JL	0	13:09:36.376	Cazyxio_v4.3 (EURUSD,M15)	2026.03.24 19:09:36 | HEARTBEAT | SYSTEM | EA alive. Tick=110600 Equity=44972.40 OpenPos=0 PendingOrders=0 UTC=2026.03.24 19:09 DayOfWeek=2 WeekendCloseActive=NO NewTradeBlocked=NO | 110600.000000
HN	0	13:10:36.729	Cazyxio_v4.3 (EURUSD,M15)	2026.03.24 19:10:36 | HEARTBEAT | SYSTEM | EA alive. Tick=110700 Equity=44972.40 OpenPos=0 PendingOrders=0 UTC=2026.03.24 19:10 DayOfWeek=2 WeekendCloseActive=NO NewTradeBlocked=NO | 110700.000000
QI	0	13:11:36.129	Cazyxio_v4.3 (EURUSD,M15)	2026.03.24 19:11:36 | HEARTBEAT | SYSTEM | EA alive. Tick=110800 Equity=44972.40 OpenPos=0 PendingOrders=0 UTC=2026.03.24 19:11 DayOfWeek=2 WeekendCloseActive=NO NewTradeBlocked=NO | 110800.000000
HK	0	13:12:54.503	Cazyxio_v4.3 (EURUSD,M15)	2026.03.24 19:12:54 | HEARTBEAT | SYSTEM | EA alive. Tick=110900 Equity=44972.40 OpenPos=0 PendingOrders=0 UTC=2026.03.24 19:12 DayOfWeek=2 WeekendCloseActive=NO NewTradeBlocked=NO | 110900.000000
ME	0	13:13:45.235	Cazyxio_v4.3 (EURUSD,M15)	2026.03.24 19:13:45 | HEARTBEAT | SYSTEM | EA alive. Tick=111000 Equity=44972.40 OpenPos=0 PendingOrders=0 UTC=2026.03.24 19:13 DayOfWeek=2 WeekendCloseActive=NO NewTradeBlocked=NO | 111000.000000
QG	0	13:14:47.289	Cazyxio_v4.3 (EURUSD,M15)	2026.03.24 19:14:47 | HEARTBEAT | SYSTEM | EA alive. Tick=111100 Equity=44972.40 OpenPos=0 PendingOrders=0 UTC=2026.03.24 19:14 DayOfWeek=2 WeekendCloseActive=NO NewTradeBlocked=NO | 111100.000000
OG	0	13:17:23.548	Cazyxio_v4.3 (EURUSD,M15)	2026.03.24 19:17:23 | GATE_FAIL | GBPUSD | CopyBuffer failed for Daily EMA200.
FQ	0	13:19:43.900	Cazyxio_v4.3 (EURUSD,M15)	2026.03.24 19:19:43 | GATE_FAIL | EURUSD | CopyBuffer failed for Daily EMA200.
DQ	0	13:22:04.244	Cazyxio_v4.3 (EURUSD,M15)	2026.03.24 19:22:04 | GATE_FAIL | USDJPY | CopyBuffer failed for Daily EMA200.
OS	0	13:22:04.244	Cazyxio_v4.3 (EURUSD,M15)	2026.03.24 19:22:04 | BAR | AUDUSD | close=0.69761 h4ema200=0.70230 h4slope=DOWN dailyEMA200=0.67264 adx=35.0 ema50=0.69662 distToEMA50=9.9pips touchSeq=6 atr=0.001129 atrRatio=1.092 dir=NONE spread=16.0 spreadOK=YES atrGate=PASS touch=FAIL momCandle= zeroRangeBar=NO trigger=NO hasPos=NO portRisk=0.00% openPos=0 | 0.697610
LQ	0	13:22:04.244	Cazyxio_v4.3 (EURUSD,M15)	2026.03.24 19:22:04 | GATE_FAIL | AUDUSD | No directional bias. h4slope=DOWN closeNow=0.69761 h4ema200=0.70230 dailyEMA200=0.67264
HI	0	13:22:04.244	Cazyxio_v4.3 (EURUSD,M15)	2026.03.24 19:22:04 | BAR | GBPJPY | close=212.736 h4ema200=211.279 h4slope=UP dailyEMA200=205.279 adx=11.9 ema50=212.646 distToEMA50=9.0pips touchSeq=12 atr=0.112857 atrRatio=0.792 dir=LONG spread=39.0 spreadOK=NO atrGate=FAIL touch=PASS momCandle=momClosePos=0.681 momOk=Y ema50Ok=Y barRange=0.091000 zeroRangeBar=NO trigger=YES hasPos=NO portRisk=0.00% openPos=0 | 212.736000
PF	0	13:22:04.245	Cazyxio_v4.3 (EURUSD,M15)	2026.03.24 19:22:04 | GATE_FAIL | GBPJPY | Spread too wide. Spread=39.0 Max=30 points.
HM	0	13:22:04.245	Cazyxio_v4.3 (EURUSD,M15)	2026.03.24 19:22:04 | BAR | USDCAD | close=1.37637 h4ema200=1.36818 h4slope=UP dailyEMA200=1.38063 adx=23.6 ema50=1.37561 distToEMA50=7.6pips touchSeq=1 atr=0.000782 atrRatio=1.059 dir=NONE spread=21.0 spreadOK=YES atrGate=PASS touch=FAIL momCandle= zeroRangeBar=NO trigger=NO hasPos=NO portRisk=0.00% openPos=0 | 1.376370
GK	0	13:22:04.245	Cazyxio_v4.3 (EURUSD,M15)	2026.03.24 19:22:04 | GATE_FAIL | USDCAD | No directional bias. h4slope=UP closeNow=1.37637 h4ema200=1.36818 dailyEMA200=1.38063
CR	0	13:23:06.647	Cazyxio_v4.3 (EURUSD,M15)	2026.03.24 19:23:06 | HEARTBEAT | SYSTEM | EA alive. Tick=111200 Equity=44972.40 OpenPos=0 PendingOrders=0 UTC=2026.03.24 19:23 DayOfWeek=2 WeekendCloseActive=NO NewTradeBlocked=NO | 111200.000000
LL	0	13:24:04.483	Cazyxio_v4.3 (EURUSD,M15)	2026.03.24 19:24:04 | HEARTBEAT | SYSTEM | EA alive. Tick=111300 Equity=44972.40 OpenPos=0 PendingOrders=0 UTC=2026.03.24 19:24 DayOfWeek=2 WeekendCloseActive=NO NewTradeBlocked=NO | 111300.000000
RN	0	13:25:01.015	Cazyxio_v4.3 (EURUSD,M15)	2026.03.24 19:25:01 | HEARTBEAT | SYSTEM | EA alive. Tick=111400 Equity=44972.40 OpenPos=0 PendingOrders=0 UTC=2026.03.24 19:25 DayOfWeek=2 WeekendCloseActive=NO NewTradeBlocked=NO | 111400.000000
DH	0	13:26:02.940	Cazyxio_v4.3 (EURUSD,M15)	2026.03.24 19:26:02 | HEARTBEAT | SYSTEM | EA alive. Tick=111500 Equity=44972.40 OpenPos=0 PendingOrders=0 UTC=2026.03.24 19:26 DayOfWeek=2 WeekendCloseActive=NO NewTradeBlocked=NO | 111500.000000
GK	0	13:27:14.476	Cazyxio_v4.3 (EURUSD,M15)	2026.03.24 19:27:14 | HEARTBEAT | SYSTEM | EA alive. Tick=111600 Equity=44972.40 OpenPos=0 PendingOrders=0 UTC=2026.03.24 19:27 DayOfWeek=2 WeekendCloseActive=NO NewTradeBlocked=NO | 111600.000000
PE	0	13:28:33.430	Cazyxio_v4.3 (EURUSD,M15)	2026.03.24 19:28:33 | HEARTBEAT | SYSTEM | EA alive. Tick=111700 Equity=44972.40 OpenPos=0 PendingOrders=0 UTC=2026.03.24 19:28 DayOfWeek=2 WeekendCloseActive=NO NewTradeBlocked=NO | 111700.000000
DG	0	13:29:49.897	Cazyxio_v4.3 (EURUSD,M15)	2026.03.24 19:29:49 | HEARTBEAT | SYSTEM | EA alive. Tick=111800 Equity=44972.40 OpenPos=0 PendingOrders=0 UTC=2026.03.24 19:29 DayOfWeek=2 WeekendCloseActive=NO NewTradeBlocked=NO | 111800.000000
QP	0	13:32:23.272	Cazyxio_v4.3 (EURUSD,M15)	2026.03.24 19:32:23 | GATE_FAIL | GBPUSD | CopyBuffer failed for Daily EMA200.
KQ	0	13:34:43.680	Cazyxio_v4.3 (EURUSD,M15)	2026.03.24 19:34:43 | GATE_FAIL | EURUSD | CopyBuffer failed for Daily EMA200.
IP	0	13:37:04.009	Cazyxio_v4.3 (EURUSD,M15)	2026.03.24 19:37:04 | GATE_FAIL | USDJPY | CopyBuffer failed for Daily EMA200.
KS	0	13:37:04.009	Cazyxio_v4.3 (EURUSD,M15)	2026.03.24 19:37:04 | BAR | AUDUSD | close=0.69723 h4ema200=0.70230 h4slope=DOWN dailyEMA200=0.67263 adx=35.0 ema50=0.69662 distToEMA50=6.1pips touchSeq=7 atr=0.001116 atrRatio=1.083 dir=NONE spread=18.0 spreadOK=YES atrGate=PASS touch=FAIL momCandle= zeroRangeBar=NO trigger=NO hasPos=NO portRisk=0.00% openPos=0 | 0.697230
JQ	0	13:37:04.009	Cazyxio_v4.3 (EURUSD,M15)	2026.03.24 19:37:04 | GATE_FAIL | AUDUSD | No directional bias. h4slope=DOWN closeNow=0.69723 h4ema200=0.70230 dailyEMA200=0.67263
RK	0	13:37:04.009	Cazyxio_v4.3 (EURUSD,M15)	2026.03.24 19:37:04 | BAR | GBPJPY | close=212.776 h4ema200=211.279 h4slope=UP dailyEMA200=205.279 adx=11.9 ema50=212.650 distToEMA50=12.6pips touchSeq=12 atr=0.114286 atrRatio=0.805 dir=LONG spread=35.0 spreadOK=NO atrGate=PASS touch=PASS momCandle=momClosePos=0.696 momOk=Y ema50Ok=Y barRange=0.079000 zeroRangeBar=NO trigger=YES hasPos=NO portRisk=0.00% openPos=0 | 212.776000
PF	0	13:37:04.009	Cazyxio_v4.3 (EURUSD,M15)	2026.03.24 19:37:04 | GATE_FAIL | GBPJPY | Spread too wide. Spread=35.0 Max=30 points.
NM	0	13:37:04.009	Cazyxio_v4.3 (EURUSD,M15)	2026.03.24 19:37:04 | BAR | USDCAD | close=1.37659 h4ema200=1.36818 h4slope=UP dailyEMA200=1.38063 adx=23.6 ema50=1.37565 distToEMA50=9.4pips touchSeq=0 atr=0.000772 atrRatio=1.049 dir=NONE spread=24.0 spreadOK=YES atrGate=PASS touch=FAIL momCandle= zeroRangeBar=NO trigger=NO hasPos=NO portRisk=0.00% openPos=0 | 1.376590
CK	0	13:37:04.009	Cazyxio_v4.3 (EURUSD,M15)	2026.03.24 19:37:04 | GATE_FAIL | USDCAD | No directional bias. h4slope=UP closeNow=1.37659 h4ema200=1.36818 dailyEMA200=1.38063
NM	0	13:38:20.291	Cazyxio_v4.3 (EURUSD,M15)	2026.03.24 19:38:20 | HEARTBEAT | SYSTEM | EA alive. Tick=111900 Equity=44972.40 OpenPos=0 PendingOrders=0 UTC=2026.03.24 19:38 DayOfWeek=2 WeekendCloseActive=NO NewTradeBlocked=NO | 111900.000000
IL	0	13:39:34.785	Cazyxio_v4.3 (EURUSD,M15)	2026.03.24 19:39:34 | HEARTBEAT | SYSTEM | EA alive. Tick=112000 Equity=44972.40 OpenPos=0 PendingOrders=0 UTC=2026.03.24 19:39 DayOfWeek=2 WeekendCloseActive=NO NewTradeBlocked=NO | 112000.000000
JN	0	13:40:43.221	Cazyxio_v4.3 (EURUSD,M15)	2026.03.24 19:40:43 | HEARTBEAT | SYSTEM | EA alive. Tick=112100 Equity=44972.40 OpenPos=0 PendingOrders=0 UTC=2026.03.24 19:40 DayOfWeek=2 WeekendCloseActive=NO NewTradeBlocked=NO | 112100.000000
MH	0	13:41:53.010	Cazyxio_v4.3 (EURUSD,M15)	2026.03.24 19:41:53 | HEARTBEAT | SYSTEM | EA alive. Tick=112200 Equity=44972.40 OpenPos=0 PendingOrders=0 UTC=2026.03.24 19:41 DayOfWeek=2 WeekendCloseActive=NO NewTradeBlocked=NO | 112200.000000
NJ	0	13:43:34.754	Cazyxio_v4.3 (EURUSD,M15)	2026.03.24 19:43:34 | HEARTBEAT | SYSTEM | EA alive. Tick=112300 Equity=44972.40 OpenPos=0 PendingOrders=0 UTC=2026.03.24 19:43 DayOfWeek=2 WeekendCloseActive=NO NewTradeBlocked=NO | 112300.000000
GE	0	13:44:57.121	Cazyxio_v4.3 (EURUSD,M15)	2026.03.24 19:44:57 | HEARTBEAT | SYSTEM | EA alive. Tick=112400 Equity=44972.40 OpenPos=0 PendingOrders=0 UTC=2026.03.24 19:44 DayOfWeek=2 WeekendCloseActive=NO NewTradeBlocked=NO | 112400.000000
PF	0	13:47:24.824	Cazyxio_v4.3 (EURUSD,M15)	2026.03.24 19:47:24 | GATE_FAIL | GBPUSD | CopyBuffer failed for Daily EMA200.
IF	0	13:49:45.208	Cazyxio_v4.3 (EURUSD,M15)	2026.03.24 19:49:45 | GATE_FAIL | EURUSD | CopyBuffer failed for Daily EMA200.
CF	0	13:52:05.533	Cazyxio_v4.3 (EURUSD,M15)	2026.03.24 19:52:05 | GATE_FAIL | USDJPY | CopyBuffer failed for Daily EMA200.
OR	0	13:52:05.533	Cazyxio_v4.3 (EURUSD,M15)	2026.03.24 19:52:05 | BAR | AUDUSD | close=0.69704 h4ema200=0.70230 h4slope=DOWN dailyEMA200=0.67263 adx=35.0 ema50=0.69663 distToEMA50=4.1pips touchSeq=8 atr=0.001084 atrRatio=1.055 dir=NONE spread=17.0 spreadOK=YES atrGate=PASS touch=FAIL momCandle= zeroRangeBar=NO trigger=NO hasPos=NO portRisk=0.00% openPos=0 | 0.697040
GS	0	13:52:05.533	Cazyxio_v4.3 (EURUSD,M15)	2026.03.24 19:52:05 | GATE_FAIL | AUDUSD | No directional bias. h4slope=DOWN closeNow=0.69704 h4ema200=0.70230 dailyEMA200=0.67263
RJ	0	13:52:05.533	Cazyxio_v4.3 (EURUSD,M15)	2026.03.24 19:52:05 | BAR | GBPJPY | close=212.718 h4ema200=211.279 h4slope=UP dailyEMA200=205.279 adx=11.9 ema50=212.653 distToEMA50=6.5pips touchSeq=12 atr=0.109143 atrRatio=0.773 dir=LONG spread=37.0 spreadOK=NO atrGate=FAIL touch=PASS momCandle=momClosePos=0.352 momOk=N ema50Ok=Y barRange=0.088000 zeroRangeBar=NO trigger=NO hasPos=NO portRisk=0.00% openPos=0 | 212.718000
LP	0	13:52:05.533	Cazyxio_v4.3 (EURUSD,M15)	2026.03.24 19:52:05 | GATE_FAIL | GBPJPY | Spread too wide. Spread=37.0 Max=30 points.
KL	0	13:52:05.533	Cazyxio_v4.3 (EURUSD,M15)	2026.03.24 19:52:05 | BAR | USDCAD | close=1.37628 h4ema200=1.36818 h4slope=UP dailyEMA200=1.38062 adx=23.5 ema50=1.37566 distToEMA50=6.2pips touchSeq=1 atr=0.000742 atrRatio=1.011 dir=NONE spread=26.0 spreadOK=YES atrGate=PASS touch=FAIL momCandle= zeroRangeBar=NO trigger=NO hasPos=NO portRisk=0.00% openPos=0 | 1.376280
DJ	0	13:52:05.533	Cazyxio_v4.3 (EURUSD,M15)	2026.03.24 19:52:05 | GATE_FAIL | USDCAD | No directional bias. h4slope=UP closeNow=1.37628 h4ema200=1.36818 dailyEMA200=1.38062
ES	0	13:53:18.958	Cazyxio_v4.3 (EURUSD,M15)	2026.03.24 19:53:18 | HEARTBEAT | SYSTEM | EA alive. Tick=112500 Equity=44972.40 OpenPos=0 PendingOrders=0 UTC=2026.03.24 19:53 DayOfWeek=2 WeekendCloseActive=NO NewTradeBlocked=NO | 112500.000000
PM	0	13:54:58.374	Cazyxio_v4.3 (EURUSD,M15)	2026.03.24 19:54:58 | HEARTBEAT | SYSTEM | EA alive. Tick=112600 Equity=44972.40 OpenPos=0 PendingOrders=0 UTC=2026.03.24 19:54 DayOfWeek=2 WeekendCloseActive=NO NewTradeBlocked=NO | 112600.000000
NO	0	13:55:58.056	Cazyxio_v4.3 (EURUSD,M15)	2026.03.24 19:55:58 | HEARTBEAT | SYSTEM | EA alive. Tick=112700 Equity=44972.40 OpenPos=0 PendingOrders=0 UTC=2026.03.24 19:55 DayOfWeek=2 WeekendCloseActive=NO NewTradeBlocked=NO | 112700.000000
DN	0	13:56:46.336	Cazyxio_v4.3 (EURUSD,M15)	2026.03.24 19:56:46 | HEARTBEAT | SYSTEM | EA alive. Tick=112800 Equity=44972.40 OpenPos=0 PendingOrders=0 UTC=2026.03.24 19:56 DayOfWeek=2 WeekendCloseActive=NO NewTradeBlocked=NO | 112800.000000
DH	0	13:58:05.941	Cazyxio_v4.3 (EURUSD,M15)	2026.03.24 19:58:05 | HEARTBEAT | SYSTEM | EA alive. Tick=112900 Equity=44972.40 OpenPos=0 PendingOrders=0 UTC=2026.03.24 19:58 DayOfWeek=2 WeekendCloseActive=NO NewTradeBlocked=NO | 112900.000000
HJ	0	13:59:29.647	Cazyxio_v4.3 (EURUSD,M15)	2026.03.24 19:59:29 | HEARTBEAT | SYSTEM | EA alive. Tick=113000 Equity=44972.40 OpenPos=0 PendingOrders=0 UTC=2026.03.24 19:59 DayOfWeek=2 WeekendCloseActive=NO NewTradeBlocked=NO | 113000.000000
DD	0	14:02:23.332	Cazyxio_v4.3 (EURUSD,M15)	2026.03.24 20:02:23 | GATE_FAIL | EURUSD | CopyBuffer failed for Daily EMA200.
QD	0	14:04:43.646	Cazyxio_v4.3 (EURUSD,M15)	2026.03.24 20:04:43 | GATE_FAIL | USDJPY | CopyBuffer failed for Daily EMA200.
RD	0	14:04:43.646	Cazyxio_v4.3 (EURUSD,M15)	2026.03.24 20:04:43 | BAR | AUDUSD | close=0.69678 h4ema200=0.70230 h4slope=DOWN dailyEMA200=0.67263 adx=35.0 ema50=0.69664 distToEMA50=1.4pips touchSeq=9 atr=0.001007 atrRatio=0.982 dir=NONE spread=15.0 spreadOK=YES atrGate=PASS touch=FAIL momCandle= zeroRangeBar=NO trigger=NO hasPos=NO portRisk=0.00% openPos=0 | 0.696780
CE	0	14:04:43.646	Cazyxio_v4.3 (EURUSD,M15)	2026.03.24 20:04:43 | GATE_FAIL | AUDUSD | No directional bias. h4slope=DOWN closeNow=0.69678 h4ema200=0.70230 dailyEMA200=0.67263
QE	0	14:04:43.646	Cazyxio_v4.3 (EURUSD,M15)	2026.03.24 20:04:43 | BAR | GBPJPY | close=212.748 h4ema200=211.279 h4slope=UP dailyEMA200=205.280 adx=11.9 ema50=212.658 distToEMA50=9.0pips touchSeq=12 atr=0.101429 atrRatio=0.722 dir=LONG spread=33.0 spreadOK=NO atrGate=FAIL touch=PASS momCandle=momClosePos=0.898 momOk=Y ema50Ok=Y barRange=0.049000 zeroRangeBar=NO trigger=YES hasPos=NO portRisk=0.00% openPos=0 | 212.748000
DR	0	14:04:43.646	Cazyxio_v4.3 (EURUSD,M15)	2026.03.24 20:04:43 | GATE_FAIL | GBPJPY | Spread too wide. Spread=33.0 Max=30 points.
CN	0	14:04:43.646	Cazyxio_v4.3 (EURUSD,M15)	2026.03.24 20:04:43 | BAR | USDCAD | close=1.37631 h4ema200=1.36818 h4slope=UP dailyEMA200=1.38062 adx=23.5 ema50=1.37569 distToEMA50=6.2pips touchSeq=2 atr=0.000688 atrRatio=0.940 dir=NONE spread=25.0 spreadOK=YES atrGate=PASS touch=FAIL momCandle= zeroRangeBar=NO trigger=NO hasPos=NO portRisk=0.00% openPos=0 | 1.376310
HL	0	14:04:43.646	Cazyxio_v4.3 (EURUSD,M15)	2026.03.24 20:04:43 | GATE_FAIL | USDCAD | No directional bias. h4slope=UP closeNow=1.37631 h4ema200=1.36818 dailyEMA200=1.38062
NP	0	14:07:08.744	Cazyxio_v4.3 (EURUSD,M15)	2026.03.24 20:07:08 | GATE_FAIL | GBPUSD | CopyBuffer failed for Daily EMA200.
CP	0	14:09:36.754	Cazyxio_v4.3 (EURUSD,M15)	2026.03.24 20:09:36 | HEARTBEAT | SYSTEM | EA alive. Tick=113100 Equity=44972.40 OpenPos=0 PendingOrders=0 UTC=2026.03.24 20:09 DayOfWeek=2 WeekendCloseActive=NO NewTradeBlocked=NO | 113100.000000
GS	0	14:12:19.848	Cazyxio_v4.3 (EURUSD,M15)	2026.03.24 20:12:19 | HEARTBEAT | SYSTEM | EA alive. Tick=113200 Equity=44972.40 OpenPos=0 PendingOrders=0 UTC=2026.03.24 20:12 DayOfWeek=2 WeekendCloseActive=NO NewTradeBlocked=NO | 113200.000000
HM	0	14:14:21.016	Cazyxio_v4.3 (EURUSD,M15)	2026.03.24 20:14:21 | HEARTBEAT | SYSTEM | EA alive. Tick=113300 Equity=44972.40 OpenPos=0 PendingOrders=0 UTC=2026.03.24 20:14 DayOfWeek=2 WeekendCloseActive=NO NewTradeBlocked=NO | 113300.000000
RO	0	14:17:23.558	Cazyxio_v4.3 (EURUSD,M15)	2026.03.24 20:17:23 | GATE_FAIL | EURUSD | CopyBuffer failed for Daily EMA200.
HO	0	14:19:43.946	Cazyxio_v4.3 (EURUSD,M15)	2026.03.24 20:19:43 | GATE_FAIL | USDJPY | CopyBuffer failed for Daily EMA200.
JN	0	14:19:43.946	Cazyxio_v4.3 (EURUSD,M15)	2026.03.24 20:19:43 | BAR | AUDUSD | close=0.69663 h4ema200=0.70230 h4slope=DOWN dailyEMA200=0.67263 adx=35.0 ema50=0.69664 distToEMA50=0.1pips touchSeq=10 atr=0.001001 atrRatio=0.978 dir=NONE spread=19.0 spreadOK=YES atrGate=PASS touch=FAIL momCandle= zeroRangeBar=NO trigger=NO hasPos=NO portRisk=0.00% openPos=0 | 0.696630
NK	0	14:19:43.946	Cazyxio_v4.3 (EURUSD,M15)	2026.03.24 20:19:43 | GATE_FAIL | AUDUSD | No directional bias. h4slope=DOWN closeNow=0.69663 h4ema200=0.70230 dailyEMA200=0.67263
QL	0	14:19:43.946	Cazyxio_v4.3 (EURUSD,M15)	2026.03.24 20:19:43 | BAR | GBPJPY | close=212.778 h4ema200=211.280 h4slope=UP dailyEMA200=205.280 adx=11.9 ema50=212.664 distToEMA50=11.4pips touchSeq=12 atr=0.099000 atrRatio=0.707 dir=LONG spread=48.0 spreadOK=NO atrGate=FAIL touch=PASS momCandle=momClosePos=0.762 momOk=Y ema50Ok=Y barRange=0.042000 zeroRangeBar=NO trigger=YES hasPos=NO portRisk=0.00% openPos=0 | 212.778000
EK	0	14:19:43.946	Cazyxio_v4.3 (EURUSD,M15)	2026.03.24 20:19:43 | GATE_FAIL | GBPJPY | Spread too wide. Spread=48.0 Max=30 points.
RG	0	14:19:43.946	Cazyxio_v4.3 (EURUSD,M15)	2026.03.24 20:19:43 | BAR | USDCAD | close=1.37634 h4ema200=1.36818 h4slope=UP dailyEMA200=1.38062 adx=23.3 ema50=1.37570 distToEMA50=6.4pips touchSeq=3 atr=0.000744 atrRatio=1.017 dir=NONE spread=27.0 spreadOK=YES atrGate=PASS touch=FAIL momCandle= zeroRangeBar=NO trigger=NO hasPos=NO portRisk=0.00% openPos=0 | 1.376340
RE	0	14:19:43.946	Cazyxio_v4.3 (EURUSD,M15)	2026.03.24 20:19:43 | GATE_FAIL | USDCAD | No directional bias. h4slope=UP closeNow=1.37634 h4ema200=1.36818 dailyEMA200=1.38062
MI	0	14:22:06.611	Cazyxio_v4.3 (EURUSD,M15)	2026.03.24 20:22:06 | GATE_FAIL | GBPUSD | CopyBuffer failed for Daily EMA200.
CK	0	14:22:31.953	Cazyxio_v4.3 (EURUSD,M15)	2026.03.24 20:22:31 | HEARTBEAT | SYSTEM | EA alive. Tick=113400 Equity=44972.40 OpenPos=0 PendingOrders=0 UTC=2026.03.24 20:22 DayOfWeek=2 WeekendCloseActive=NO NewTradeBlocked=NO | 113400.000000
NJ	0	14:23:02.867	Cazyxio_v4.3 (EURUSD,M15)	2026.03.24 20:23:02 | HEARTBEAT | SYSTEM | EA alive. Tick=113500 Equity=44972.40 OpenPos=0 PendingOrders=0 UTC=2026.03.24 20:23 DayOfWeek=2 WeekendCloseActive=NO NewTradeBlocked=NO | 113500.000000
FD	0	14:23:31.656	Cazyxio_v4.3 (EURUSD,M15)	2026.03.24 20:23:31 | HEARTBEAT | SYSTEM | EA alive. Tick=113600 Equity=44972.40 OpenPos=0 PendingOrders=0 UTC=2026.03.24 20:23 DayOfWeek=2 WeekendCloseActive=NO NewTradeBlocked=NO | 113600.000000
HF	0	14:24:02.329	Cazyxio_v4.3 (EURUSD,M15)	2026.03.24 20:24:02 | HEARTBEAT | SYSTEM | EA alive. Tick=113700 Equity=44972.40 OpenPos=0 PendingOrders=0 UTC=2026.03.24 20:24 DayOfWeek=2 WeekendCloseActive=NO NewTradeBlocked=NO | 113700.000000
PP	0	14:24:32.994	Cazyxio_v4.3 (EURUSD,M15)	2026.03.24 20:24:32 | HEARTBEAT | SYSTEM | EA alive. Tick=113800 Equity=44972.40 OpenPos=0 PendingOrders=0 UTC=2026.03.24 20:24 DayOfWeek=2 WeekendCloseActive=NO NewTradeBlocked=NO | 113800.000000
MS	0	14:25:08.583	Cazyxio_v4.3 (EURUSD,M15)	2026.03.24 20:25:08 | HEARTBEAT | SYSTEM | EA alive. Tick=113900 Equity=44972.40 OpenPos=0 PendingOrders=0 UTC=2026.03.24 20:25 DayOfWeek=2 WeekendCloseActive=NO NewTradeBlocked=NO | 113900.000000
EM	0	14:25:40.075	Cazyxio_v4.3 (EURUSD,M15)	2026.03.24 20:25:40 | HEARTBEAT | SYSTEM | EA alive. Tick=114000 Equity=44972.40 OpenPos=0 PendingOrders=0 UTC=2026.03.24 20:25 DayOfWeek=2 WeekendCloseActive=NO NewTradeBlocked=NO | 114000.000000
RO	0	14:26:12.752	Cazyxio_v4.3 (EURUSD,M15)	2026.03.24 20:26:12 | HEARTBEAT | SYSTEM | EA alive. Tick=114100 Equity=44972.40 OpenPos=0 PendingOrders=0 UTC=2026.03.24 20:26 DayOfWeek=2 WeekendCloseActive=NO NewTradeBlocked=NO | 114100.000000
FI	0	14:26:45.769	Cazyxio_v4.3 (EURUSD,M15)	2026.03.24 20:26:45 | HEARTBEAT | SYSTEM | EA alive. Tick=114200 Equity=44972.40 OpenPos=0 PendingOrders=0 UTC=2026.03.24 20:26 DayOfWeek=2 WeekendCloseActive=NO NewTradeBlocked=NO | 114200.000000
KH	0	14:27:18.196	Cazyxio_v4.3 (EURUSD,M15)	2026.03.24 20:27:18 | HEARTBEAT | SYSTEM | EA alive. Tick=114300 Equity=44972.40 OpenPos=0 PendingOrders=0 UTC=2026.03.24 20:27 DayOfWeek=2 WeekendCloseActive=NO NewTradeBlocked=NO | 114300.000000
MJ	0	14:27:48.800	Cazyxio_v4.3 (EURUSD,M15)	2026.03.24 20:27:48 | HEARTBEAT | SYSTEM | EA alive. Tick=114400 Equity=44972.40 OpenPos=0 PendingOrders=0 UTC=2026.03.24 20:27 DayOfWeek=2 WeekendCloseActive=NO NewTradeBlocked=NO | 114400.000000
ED	0	14:28:17.605	Cazyxio_v4.3 (EURUSD,M15)	2026.03.24 20:28:17 | HEARTBEAT | SYSTEM | EA alive. Tick=114500 Equity=44972.40 OpenPos=0 PendingOrders=0 UTC=2026.03.24 20:28 DayOfWeek=2 WeekendCloseActive=NO NewTradeBlocked=NO | 114500.000000
EF	0	14:28:45.777	Cazyxio_v4.3 (EURUSD,M15)	2026.03.24 20:28:45 | HEARTBEAT | SYSTEM | EA alive. Tick=114600 Equity=44972.40 OpenPos=0 PendingOrders=0 UTC=2026.03.24 20:28 DayOfWeek=2 WeekendCloseActive=NO NewTradeBlocked=NO | 114600.000000
NQ	0	14:29:15.715	Cazyxio_v4.3 (EURUSD,M15)	2026.03.24 20:29:15 | HEARTBEAT | SYSTEM | EA alive. Tick=114700 Equity=44972.40 OpenPos=0 PendingOrders=0 UTC=2026.03.24 20:29 DayOfWeek=2 WeekendCloseActive=NO NewTradeBlocked=NO | 114700.000000
JS	0	14:29:47.931	Cazyxio_v4.3 (EURUSD,M15)	2026.03.24 20:29:47 | HEARTBEAT | SYSTEM | EA alive. Tick=114800 Equity=44972.40 OpenPos=0 PendingOrders=0 UTC=2026.03.24 20:29 DayOfWeek=2 WeekendCloseActive=NO NewTradeBlocked=NO | 114800.000000
LM	0	14:32:23.493	Cazyxio_v4.3 (EURUSD,M15)	2026.03.24 20:32:23 | GATE_FAIL | EURUSD | CopyBuffer failed for Daily EMA200.
JM	0	14:34:43.911	Cazyxio_v4.3 (EURUSD,M15)	2026.03.24 20:34:43 | GATE_FAIL | USDJPY | CopyBuffer failed for Daily EMA200.
IL	0	14:34:43.912	Cazyxio_v4.3 (EURUSD,M15)	2026.03.24 20:34:43 | BAR | AUDUSD | close=0.69924 h4ema200=0.70232 h4slope=DOWN dailyEMA200=0.67265 adx=32.0 ema50=0.69683 distToEMA50=24.1pips touchSeq=0 atr=0.001171 atrRatio=1.140 dir=NONE spread=23.0 spreadOK=YES atrGate=PASS touch=FAIL momCandle= zeroRangeBar=NO trigger=NO hasPos=NO portRisk=0.00% openPos=0 | 0.699240
EM	0	14:34:43.912	Cazyxio_v4.3 (EURUSD,M15)	2026.03.24 20:34:43 | GATE_FAIL | AUDUSD | No directional bias. h4slope=DOWN closeNow=0.69924 h4ema200=0.70232 dailyEMA200=0.67265
MP	0	14:34:43.912	Cazyxio_v4.3 (EURUSD,M15)	2026.03.24 20:34:43 | BAR | GBPJPY | close=212.710 h4ema200=211.279 h4slope=UP dailyEMA200=205.279 adx=12.5 ema50=212.664 distToEMA50=4.6pips touchSeq=12 atr=0.104286 atrRatio=0.746 dir=LONG spread=53.0 spreadOK=NO atrGate=FAIL touch=PASS momCandle=momClosePos=0.261 momOk=N ema50Ok=Y barRange=0.245000 zeroRangeBar=NO trigger=NO hasPos=NO portRisk=0.00% openPos=0 | 212.710000
HJ	0	14:34:43.912	Cazyxio_v4.3 (EURUSD,M15)	2026.03.24 20:34:43 | GATE_FAIL | GBPJPY | Spread too wide. Spread=53.0 Max=30 points.
JI	0	14:34:43.912	Cazyxio_v4.3 (EURUSD,M15)	2026.03.24 20:34:43 | BAR | USDCAD | close=1.37531 h4ema200=1.36818 h4slope=UP dailyEMA200=1.38062 adx=22.9 ema50=1.37568 distToEMA50=3.7pips touchSeq=4 atr=0.000809 atrRatio=1.106 dir=NONE spread=26.0 spreadOK=YES atrGate=PASS touch=FAIL momCandle= zeroRangeBar=NO trigger=NO hasPos=NO portRisk=0.00% openPos=0 | 1.375310
GG	0	14:34:43.912	Cazyxio_v4.3 (EURUSD,M15)	2026.03.24 20:34:43 | GATE_FAIL | USDCAD | No directional bias. h4slope=UP closeNow=1.37531 h4ema200=1.36818 dailyEMA200=1.38062
LO	0	14:37:04.753	Cazyxio_v4.3 (EURUSD,M15)	2026.03.24 20:37:04 | GATE_FAIL | GBPUSD | CopyBuffer failed for Daily EMA200.
MI	0	14:37:29.342	Cazyxio_v4.3 (EURUSD,M15)	2026.03.24 20:37:29 | HEARTBEAT | SYSTEM | EA alive. Tick=114900 Equity=44972.40 OpenPos=0 PendingOrders=0 UTC=2026.03.24 20:37 DayOfWeek=2 WeekendCloseActive=NO NewTradeBlocked=NO | 114900.000000
JK	0	14:38:14.065	Cazyxio_v4.3 (EURUSD,M15)	2026.03.24 20:38:14 | HEARTBEAT | SYSTEM | EA alive. Tick=115000 Equity=44972.40 OpenPos=0 PendingOrders=0 UTC=2026.03.24 20:38 DayOfWeek=2 WeekendCloseActive=NO NewTradeBlocked=NO | 115000.000000
PJ	0	14:39:00.150	Cazyxio_v4.3 (EURUSD,M15)	2026.03.24 20:39:00 | HEARTBEAT | SYSTEM | EA alive. Tick=115100 Equity=44972.40 OpenPos=0 PendingOrders=0 UTC=2026.03.24 20:39 DayOfWeek=2 WeekendCloseActive=NO NewTradeBlocked=NO | 115100.000000
OD	0	14:39:34.166	Cazyxio_v4.3 (EURUSD,M15)	2026.03.24 20:39:34 | HEARTBEAT | SYSTEM | EA alive. Tick=115200 Equity=44972.40 OpenPos=0 PendingOrders=0 UTC=2026.03.24 20:39 DayOfWeek=2 WeekendCloseActive=NO NewTradeBlocked=NO | 115200.000000
CF	0	14:40:04.069	Cazyxio_v4.3 (EURUSD,M15)	2026.03.24 20:40:04 | HEARTBEAT | SYSTEM | EA alive. Tick=115300 Equity=44972.40 OpenPos=0 PendingOrders=0 UTC=2026.03.24 20:40 DayOfWeek=2 WeekendCloseActive=NO NewTradeBlocked=NO | 115300.000000
QP	0	14:40:34.588	Cazyxio_v4.3 (EURUSD,M15)	2026.03.24 20:40:34 | HEARTBEAT | SYSTEM | EA alive. Tick=115400 Equity=44972.40 OpenPos=0 PendingOrders=0 UTC=2026.03.24 20:40 DayOfWeek=2 WeekendCloseActive=NO NewTradeBlocked=NO | 115400.000000
RS	0	14:41:11.876	Cazyxio_v4.3 (EURUSD,M15)	2026.03.24 20:41:11 | HEARTBEAT | SYSTEM | EA alive. Tick=115500 Equity=44972.40 OpenPos=0 PendingOrders=0 UTC=2026.03.24 20:41 DayOfWeek=2 WeekendCloseActive=NO NewTradeBlocked=NO | 115500.000000
NM	0	14:41:47.933	Cazyxio_v4.3 (EURUSD,M15)	2026.03.24 20:41:47 | HEARTBEAT | SYSTEM | EA alive. Tick=115600 Equity=44972.40 OpenPos=0 PendingOrders=0 UTC=2026.03.24 20:41 DayOfWeek=2 WeekendCloseActive=NO NewTradeBlocked=NO | 115600.000000
JO	0	14:42:22.129	Cazyxio_v4.3 (EURUSD,M15)	2026.03.24 20:42:22 | HEARTBEAT | SYSTEM | EA alive. Tick=115700 Equity=44972.40 OpenPos=0 PendingOrders=0 UTC=2026.03.24 20:42 DayOfWeek=2 WeekendCloseActive=NO NewTradeBlocked=NO | 115700.000000
GI	0	14:42:53.915	Cazyxio_v4.3 (EURUSD,M15)	2026.03.24 20:42:53 | HEARTBEAT | SYSTEM | EA alive. Tick=115800 Equity=44972.40 OpenPos=0 PendingOrders=0 UTC=2026.03.24 20:42 DayOfWeek=2 WeekendCloseActive=NO NewTradeBlocked=NO | 115800.000000
DH	0	14:43:25.342	Cazyxio_v4.3 (EURUSD,M15)	2026.03.24 20:43:25 | HEARTBEAT | SYSTEM | EA alive. Tick=115900 Equity=44972.40 OpenPos=0 PendingOrders=0 UTC=2026.03.24 20:43 DayOfWeek=2 WeekendCloseActive=NO NewTradeBlocked=NO | 115900.000000
IJ	0	14:44:03.724	Cazyxio_v4.3 (EURUSD,M15)	2026.03.24 20:44:03 | HEARTBEAT | SYSTEM | EA alive. Tick=116000 Equity=44972.40 OpenPos=0 PendingOrders=0 UTC=2026.03.24 20:44 DayOfWeek=2 WeekendCloseActive=NO NewTradeBlocked=NO | 116000.000000
ID	0	14:44:43.728	Cazyxio_v4.3 (EURUSD,M15)	2026.03.24 20:44:43 | HEARTBEAT | SYSTEM | EA alive. Tick=116100 Equity=44972.40 OpenPos=0 PendingOrders=0 UTC=2026.03.24 20:44 DayOfWeek=2 WeekendCloseActive=NO NewTradeBlocked=NO | 116100.000000
OG	0	14:47:23.448	Cazyxio_v4.3 (EURUSD,M15)	2026.03.24 20:47:23 | GATE_FAIL | GBPUSD | CopyBuffer failed for Daily EMA200.
HF	0	14:49:43.790	Cazyxio_v4.3 (EURUSD,M15)	2026.03.24 20:49:43 | GATE_FAIL | EURUSD | CopyBuffer failed for Daily EMA200.
CQ	0	14:52:04.200	Cazyxio_v4.3 (EURUSD,M15)	2026.03.24 20:52:04 | GATE_FAIL | USDJPY | CopyBuffer failed for Daily EMA200.
HM	0	14:52:04.200	Cazyxio_v4.3 (EURUSD,M15)	2026.03.24 20:52:04 | BAR | AUDUSD | close=0.69936 h4ema200=0.70232 h4slope=DOWN dailyEMA200=0.67265 adx=32.0 ema50=0.69693 distToEMA50=24.3pips touchSeq=0 atr=0.001275 atrRatio=1.238 dir=NONE spread=33.0 spreadOK=NO atrGate=PASS touch=FAIL momCandle= zeroRangeBar=NO trigger=NO hasPos=NO portRisk=0.00% openPos=0 | 0.699360
RP	0	14:52:04.200	Cazyxio_v4.3 (EURUSD,M15)	2026.03.24 20:52:04 | GATE_FAIL | AUDUSD | No directional bias. h4slope=DOWN closeNow=0.69936 h4ema200=0.70232 dailyEMA200=0.67265
FK	0	14:52:04.200	Cazyxio_v4.3 (EURUSD,M15)	2026.03.24 20:52:04 | BAR | GBPJPY | close=212.792 h4ema200=211.280 h4slope=UP dailyEMA200=205.280 adx=12.5 ema50=212.673 distToEMA50=11.9pips touchSeq=12 atr=0.105857 atrRatio=0.759 dir=LONG spread=93.0 spreadOK=NO atrGate=FAIL touch=PASS momCandle=momClosePos=0.826 momOk=Y ema50Ok=Y barRange=0.149000 zeroRangeBar=NO trigger=YES hasPos=NO portRisk=0.00% openPos=0 | 212.792000
JQ	0	14:52:04.200	Cazyxio_v4.3 (EURUSD,M15)	2026.03.24 20:52:04 | GATE_FAIL | GBPJPY | Spread too wide. Spread=93.0 Max=30 points.
KP	0	14:52:04.200	Cazyxio_v4.3 (EURUSD,M15)	2026.03.24 20:52:04 | BAR | USDCAD | close=1.37568 h4ema200=1.36818 h4slope=UP dailyEMA200=1.38063 adx=22.9 ema50=1.37570 distToEMA50=0.2pips touchSeq=5 atr=0.000877 atrRatio=1.197 dir=NONE spread=36.0 spreadOK=NO atrGate=PASS touch=FAIL momCandle= zeroRangeBar=NO trigger=NO hasPos=NO portRisk=0.00% openPos=0 | 1.375680
HJ	0	14:52:04.200	Cazyxio_v4.3 (EURUSD,M15)	2026.03.24 20:52:04 | GATE_FAIL | USDCAD | No directional bias. h4slope=UP closeNow=1.37568 h4ema200=1.36818 dailyEMA200=1.38063
LR	0	14:52:26.177	Cazyxio_v4.3 (EURUSD,M15)	2026.03.24 20:52:26 | HEARTBEAT | SYSTEM | EA alive. Tick=116200 Equity=44972.40 OpenPos=0 PendingOrders=0 UTC=2026.03.24 20:52 DayOfWeek=2 WeekendCloseActive=NO NewTradeBlocked=NO | 116200.000000
NM	0	14:53:32.824	Cazyxio_v4.3 (EURUSD,M15)	2026.03.24 20:53:32 | HEARTBEAT | SYSTEM | EA alive. Tick=116300 Equity=44972.40 OpenPos=0 PendingOrders=0 UTC=2026.03.24 20:53 DayOfWeek=2 WeekendCloseActive=NO NewTradeBlocked=NO | 116300.000000
DO	0	14:54:37.744	Cazyxio_v4.3 (EURUSD,M15)	2026.03.24 20:54:37 | HEARTBEAT | SYSTEM | EA alive. Tick=116400 Equity=44972.40 OpenPos=0 PendingOrders=0 UTC=2026.03.24 20:54 DayOfWeek=2 WeekendCloseActive=NO NewTradeBlocked=NO | 116400.000000
HI	0	14:55:30.961	Cazyxio_v4.3 (EURUSD,M15)	2026.03.24 20:55:30 | HEARTBEAT | SYSTEM | EA alive. Tick=116500 Equity=44972.40 OpenPos=0 PendingOrders=0 UTC=2026.03.24 20:55 DayOfWeek=2 WeekendCloseActive=NO NewTradeBlocked=NO | 116500.000000
GK	0	14:56:26.686	Cazyxio_v4.3 (EURUSD,M15)	2026.03.24 20:56:26 | HEARTBEAT | SYSTEM | EA alive. Tick=116600 Equity=44972.40 OpenPos=0 PendingOrders=0 UTC=2026.03.24 20:56 DayOfWeek=2 WeekendCloseActive=NO NewTradeBlocked=NO | 116600.000000
LJ	0	14:57:48.778	Cazyxio_v4.3 (EURUSD,M15)	2026.03.24 20:57:48 | HEARTBEAT | SYSTEM | EA alive. Tick=116700 Equity=44972.40 OpenPos=0 PendingOrders=0 UTC=2026.03.24 20:57 DayOfWeek=2 WeekendCloseActive=NO NewTradeBlocked=NO | 116700.000000
CD	0	14:58:35.486	Cazyxio_v4.3 (EURUSD,M15)	2026.03.24 20:58:35 | HEARTBEAT | SYSTEM | EA alive. Tick=116800 Equity=44972.40 OpenPos=0 PendingOrders=0 UTC=2026.03.24 20:58 DayOfWeek=2 WeekendCloseActive=NO NewTradeBlocked=NO | 116800.000000
CF	0	14:59:36.979	Cazyxio_v4.3 (EURUSD,M15)	2026.03.24 20:59:36 | HEARTBEAT | SYSTEM | EA alive. Tick=116900 Equity=44972.40 OpenPos=0 PendingOrders=0 UTC=2026.03.24 20:59 DayOfWeek=2 WeekendCloseActive=NO NewTradeBlocked=NO | 116900.000000
CM	0	15:00:00.895	Cazyxio_v4.3 (EURUSD,M15)	2026.03.24 21:00:00 | SESSION_WAIT | SYSTEM | Outside session. UTC_hour=21 Waiting.
FO	0	15:00:03.073	Cazyxio_v4.3 (EURUSD,M15)	2026.03.24 21:00:03 | DAILY_GUARD_RESET | SYSTEM | New trading day. StartEquity=44972.40 MaxDailyLossPct=2.00 | 44972.400000
RI	0	15:00:03.073	Cazyxio_v4.3 (EURUSD,M15)	2026.03.24 21:00:03 | DAILY_SUMMARY | SYSTEM | SESSION END SUMMARY | Bars=0 Signals=0 Orders=0 SLHits=0 LimitPlaced=0 LimitFilled=0 LimitExpired=0 FallbackOrders=0 | GateFails: DIR=0 SPR=0 ATR=0 TOUCH=0 MOM=0 ZRNG=0 COOL=0 WKND=0 ADX=0 DAILY_TF=0 | LotCapped=0 | Equity=44972.40 Balance=44972.40 DayPnL=0.00 DayDD=0.00% ActiveCooldowns=NONE
CJ	0	15:08:44.815	Cazyxio_v4.3 (EURUSD,M15)	2026.03.24 21:08:44 | HEARTBEAT | SYSTEM | EA alive. Tick=117000 Equity=44972.40 OpenPos=0 PendingOrders=0 UTC=2026.03.24 21:08 DayOfWeek=2 WeekendCloseActive=NO NewTradeBlocked=NO | 117000.000000
ID	0	15:13:46.792	Cazyxio_v4.3 (EURUSD,M15)	2026.03.24 21:13:46 | HEARTBEAT | SYSTEM | EA alive. Tick=117100 Equity=44972.40 OpenPos=0 PendingOrders=0 UTC=2026.03.24 21:13 DayOfWeek=2 WeekendCloseActive=NO NewTradeBlocked=NO | 117100.000000
EF	0	15:20:26.815	Cazyxio_v4.3 (EURUSD,M15)	2026.03.24 21:20:26 | HEARTBEAT | SYSTEM | EA alive. Tick=117200 Equity=44972.40 OpenPos=0 PendingOrders=0 UTC=2026.03.24 21:20 DayOfWeek=2 WeekendCloseActive=NO NewTradeBlocked=NO | 117200.000000
HQ	0	15:32:38.073	Cazyxio_v4.3 (EURUSD,M15)	2026.03.24 21:32:38 | HEARTBEAT | SYSTEM | EA alive. Tick=117300 Equity=44972.40 OpenPos=0 PendingOrders=0 UTC=2026.03.24 21:32 DayOfWeek=2 WeekendCloseActive=NO NewTradeBlocked=NO | 117300.000000
NS	0	15:39:09.104	Cazyxio_v4.3 (EURUSD,M15)	2026.03.24 21:39:09 | HEARTBEAT | SYSTEM | EA alive. Tick=117400 Equity=44972.40 OpenPos=0 PendingOrders=0 UTC=2026.03.24 21:39 DayOfWeek=2 WeekendCloseActive=NO NewTradeBlocked=NO | 117400.000000
KM	0	15:43:58.698	Cazyxio_v4.3 (EURUSD,M15)	2026.03.24 21:43:58 | HEARTBEAT | SYSTEM | EA alive. Tick=117500 Equity=44972.40 OpenPos=0 PendingOrders=0 UTC=2026.03.24 21:43 DayOfWeek=2 WeekendCloseActive=NO NewTradeBlocked=NO | 117500.000000
MO	0	15:46:28.532	Cazyxio_v4.3 (EURUSD,M15)	2026.03.24 21:46:28 | HEARTBEAT | SYSTEM | EA alive. Tick=117600 Equity=44972.40 OpenPos=0 PendingOrders=0 UTC=2026.03.24 21:46 DayOfWeek=2 WeekendCloseActive=NO NewTradeBlocked=NO | 117600.000000
GN	0	15:52:28.542	Cazyxio_v4.3 (EURUSD,M15)	2026.03.24 21:52:28 | HEARTBEAT | SYSTEM | EA alive. Tick=117700 Equity=44972.40 OpenPos=0 PendingOrders=0 UTC=2026.03.24 21:52 DayOfWeek=2 WeekendCloseActive=NO NewTradeBlocked=NO | 117700.000000
NH	0	15:59:53.506	Cazyxio_v4.3 (EURUSD,M15)	2026.03.24 21:59:53 | HEARTBEAT | SYSTEM | EA alive. Tick=117800 Equity=44972.40 OpenPos=0 PendingOrders=0 UTC=2026.03.24 21:59 DayOfWeek=2 WeekendCloseActive=NO NewTradeBlocked=NO | 117800.000000
QG	0	16:00:00.096	Cazyxio_v4.3 (EURUSD,M15)	2026.03.24 22:00:00 | SESSION_WAIT | SYSTEM | Outside session. UTC_hour=22 Waiting.
NJ	0	16:02:00.307	Cazyxio_v4.3 (EURUSD,M15)	2026.03.24 22:02:00 | HEARTBEAT | SYSTEM | EA alive. Tick=117900 Equity=44972.40 OpenPos=0 PendingOrders=0 UTC=2026.03.24 22:02 DayOfWeek=2 WeekendCloseActive=NO NewTradeBlocked=NO | 117900.000000
EE	0	16:04:28.337	Cazyxio_v4.3 (EURUSD,M15)	2026.03.24 22:04:28 | HEARTBEAT | SYSTEM | EA alive. Tick=118000 Equity=44972.40 OpenPos=0 PendingOrders=0 UTC=2026.03.24 22:04 DayOfWeek=2 WeekendCloseActive=NO NewTradeBlocked=NO | 118000.000000
GG	0	16:07:04.006	Cazyxio_v4.3 (EURUSD,M15)	2026.03.24 22:07:04 | HEARTBEAT | SYSTEM | EA alive. Tick=118100 Equity=44972.40 OpenPos=0 PendingOrders=0 UTC=2026.03.24 22:07 DayOfWeek=2 WeekendCloseActive=NO NewTradeBlocked=NO | 118100.000000
GQ	0	16:09:21.127	Cazyxio_v4.3 (EURUSD,M15)	2026.03.24 22:09:21 | HEARTBEAT | SYSTEM | EA alive. Tick=118200 Equity=44972.40 OpenPos=0 PendingOrders=0 UTC=2026.03.24 22:09 DayOfWeek=2 WeekendCloseActive=NO NewTradeBlocked=NO | 118200.000000
LS	0	16:11:52.602	Cazyxio_v4.3 (EURUSD,M15)	2026.03.24 22:11:52 | HEARTBEAT | SYSTEM | EA alive. Tick=118300 Equity=44972.40 OpenPos=0 PendingOrders=0 UTC=2026.03.24 22:11 DayOfWeek=2 WeekendCloseActive=NO NewTradeBlocked=NO | 118300.000000
RR	0	16:14:58.865	Cazyxio_v4.3 (EURUSD,M15)	2026.03.24 22:14:58 | HEARTBEAT | SYSTEM | EA alive. Tick=118400 Equity=44972.40 OpenPos=0 PendingOrders=0 UTC=2026.03.24 22:14 DayOfWeek=2 WeekendCloseActive=NO NewTradeBlocked=NO | 118400.000000
GL	0	16:17:06.979	Cazyxio_v4.3 (EURUSD,M15)	2026.03.24 22:17:06 | HEARTBEAT | SYSTEM | EA alive. Tick=118500 Equity=44972.40 OpenPos=0 PendingOrders=0 UTC=2026.03.24 22:17 DayOfWeek=2 WeekendCloseActive=NO NewTradeBlocked=NO | 118500.000000
QN	0	16:18:56.934	Cazyxio_v4.3 (EURUSD,M15)	2026.03.24 22:18:56 | HEARTBEAT | SYSTEM | EA alive. Tick=118600 Equity=44972.40 OpenPos=0 PendingOrders=0 UTC=2026.03.24 22:18 DayOfWeek=2 WeekendCloseActive=NO NewTradeBlocked=NO | 118600.000000
EH	0	16:20:42.692	Cazyxio_v4.3 (EURUSD,M15)	2026.03.24 22:20:42 | HEARTBEAT | SYSTEM | EA alive. Tick=118700 Equity=44972.40 OpenPos=0 PendingOrders=0 UTC=2026.03.24 22:20 DayOfWeek=2 WeekendCloseActive=NO NewTradeBlocked=NO | 118700.000000
IK	0	16:23:07.035	Cazyxio_v4.3 (EURUSD,M15)	2026.03.24 22:23:07 | HEARTBEAT | SYSTEM | EA alive. Tick=118800 Equity=44972.40 OpenPos=0 PendingOrders=0 UTC=2026.03.24 22:23 DayOfWeek=2 WeekendCloseActive=NO NewTradeBlocked=NO | 118800.000000
IE	0	16:25:18.253	Cazyxio_v4.3 (EURUSD,M15)	2026.03.24 22:25:18 | HEARTBEAT | SYSTEM | EA alive. Tick=118900 Equity=44972.40 OpenPos=0 PendingOrders=0 UTC=2026.03.24 22:25 DayOfWeek=2 WeekendCloseActive=NO NewTradeBlocked=NO | 118900.000000
KG	0	16:26:14.858	Cazyxio_v4.3 (EURUSD,M15)	2026.03.24 22:26:14 | HEARTBEAT | SYSTEM | EA alive. Tick=119000 Equity=44972.40 OpenPos=0 PendingOrders=0 UTC=2026.03.24 22:26 DayOfWeek=2 WeekendCloseActive=NO NewTradeBlocked=NO | 119000.000000
OQ	0	16:27:25.631	Cazyxio_v4.3 (EURUSD,M15)	2026.03.24 22:27:25 | HEARTBEAT | SYSTEM | EA alive. Tick=119100 Equity=44972.40 OpenPos=0 PendingOrders=0 UTC=2026.03.24 22:27 DayOfWeek=2 WeekendCloseActive=NO NewTradeBlocked=NO | 119100.000000
MP	0	16:29:41.451	Cazyxio_v4.3 (EURUSD,M15)	2026.03.24 22:29:41 | HEARTBEAT | SYSTEM | EA alive. Tick=119200 Equity=44972.40 OpenPos=0 PendingOrders=0 UTC=2026.03.24 22:29 DayOfWeek=2 WeekendCloseActive=NO NewTradeBlocked=NO | 119200.000000
MR	0	16:31:06.863	Cazyxio_v4.3 (EURUSD,M15)	2026.03.24 22:31:06 | HEARTBEAT | SYSTEM | EA alive. Tick=119300 Equity=44972.40 OpenPos=0 PendingOrders=0 UTC=2026.03.24 22:31 DayOfWeek=2 WeekendCloseActive=NO NewTradeBlocked=NO | 119300.000000
FL	0	16:33:02.846	Cazyxio_v4.3 (EURUSD,M15)	2026.03.24 22:33:02 | HEARTBEAT | SYSTEM | EA alive. Tick=119400 Equity=44972.40 OpenPos=0 PendingOrders=0 UTC=2026.03.24 22:33 DayOfWeek=2 WeekendCloseActive=NO NewTradeBlocked=NO | 119400.000000
RN	0	16:34:12.746	Cazyxio_v4.3 (EURUSD,M15)	2026.03.24 22:34:12 | HEARTBEAT | SYSTEM | EA alive. Tick=119500 Equity=44972.40 OpenPos=0 PendingOrders=0 UTC=2026.03.24 22:34 DayOfWeek=2 WeekendCloseActive=NO NewTradeBlocked=NO | 119500.000000
OI	0	16:35:57.847	Cazyxio_v4.3 (EURUSD,M15)	2026.03.24 22:35:57 | HEARTBEAT | SYSTEM | EA alive. Tick=119600 Equity=44972.40 OpenPos=0 PendingOrders=0 UTC=2026.03.24 22:35 DayOfWeek=2 WeekendCloseActive=NO NewTradeBlocked=NO | 119600.000000
IK	0	16:37:34.135	Cazyxio_v4.3 (EURUSD,M15)	2026.03.24 22:37:34 | HEARTBEAT | SYSTEM | EA alive. Tick=119700 Equity=44972.40 OpenPos=0 PendingOrders=0 UTC=2026.03.24 22:37 DayOfWeek=2 WeekendCloseActive=NO NewTradeBlocked=NO | 119700.000000
JE	0	16:39:46.037	Cazyxio_v4.3 (EURUSD,M15)	2026.03.24 22:39:46 | HEARTBEAT | SYSTEM | EA alive. Tick=119800 Equity=44972.40 OpenPos=0 PendingOrders=0 UTC=2026.03.24 22:39 DayOfWeek=2 WeekendCloseActive=NO NewTradeBlocked=NO | 119800.000000
IG	0	16:42:29.184	Cazyxio_v4.3 (EURUSD,M15)	2026.03.24 22:42:29 | HEARTBEAT | SYSTEM | EA alive. Tick=119900 Equity=44972.40 OpenPos=0 PendingOrders=0 UTC=2026.03.24 22:42 DayOfWeek=2 WeekendCloseActive=NO NewTradeBlocked=NO | 119900.000000
FF	0	16:44:47.543	Cazyxio_v4.3 (EURUSD,M15)	2026.03.24 22:44:47 | HEARTBEAT | SYSTEM | EA alive. Tick=120000 Equity=44972.40 OpenPos=0 PendingOrders=0 UTC=2026.03.24 22:44 DayOfWeek=2 WeekendCloseActive=NO NewTradeBlocked=NO | 120000.000000
FP	0	16:46:14.664	Cazyxio_v4.3 (EURUSD,M15)	2026.03.24 22:46:14 | HEARTBEAT | SYSTEM | EA alive. Tick=120100 Equity=44972.40 OpenPos=0 PendingOrders=0 UTC=2026.03.24 22:46 DayOfWeek=2 WeekendCloseActive=NO NewTradeBlocked=NO | 120100.000000
JR	0	16:48:54.301	Cazyxio_v4.3 (EURUSD,M15)	2026.03.24 22:48:54 | HEARTBEAT | SYSTEM | EA alive. Tick=120200 Equity=44972.40 OpenPos=0 PendingOrders=0 UTC=2026.03.24 22:48 DayOfWeek=2 WeekendCloseActive=NO NewTradeBlocked=NO | 120200.000000
JL	0	16:51:25.079	Cazyxio_v4.3 (EURUSD,M15)	2026.03.24 22:51:25 | HEARTBEAT | SYSTEM | EA alive. Tick=120300 Equity=44972.40 OpenPos=0 PendingOrders=0 UTC=2026.03.24 22:51 DayOfWeek=2 WeekendCloseActive=NO NewTradeBlocked=NO | 120300.000000
FO	0	16:53:21.765	Cazyxio_v4.3 (EURUSD,M15)	2026.03.24 22:53:21 | HEARTBEAT | SYSTEM | EA alive. Tick=120400 Equity=44972.40 OpenPos=0 PendingOrders=0 UTC=2026.03.24 22:53 DayOfWeek=2 WeekendCloseActive=NO NewTradeBlocked=NO | 120400.000000
RI	0	16:55:03.497	Cazyxio_v4.3 (EURUSD,M15)	2026.03.24 22:55:03 | HEARTBEAT | SYSTEM | EA alive. Tick=120500 Equity=44972.40 OpenPos=0 PendingOrders=0 UTC=2026.03.24 22:55 DayOfWeek=2 WeekendCloseActive=NO NewTradeBlocked=NO | 120500.000000
CK	0	16:57:10.658	Cazyxio_v4.3 (EURUSD,M15)	2026.03.24 22:57:10 | HEARTBEAT | SYSTEM | EA alive. Tick=120600 Equity=44972.40 OpenPos=0 PendingOrders=0 UTC=2026.03.24 22:57 DayOfWeek=2 WeekendCloseActive=NO NewTradeBlocked=NO | 120600.000000
OE	0	16:58:47.185	Cazyxio_v4.3 (EURUSD,M15)	2026.03.24 22:58:47 | HEARTBEAT | SYSTEM | EA alive. Tick=120700 Equity=44972.40 OpenPos=0 PendingOrders=0 UTC=2026.03.24 22:58 DayOfWeek=2 WeekendCloseActive=NO NewTradeBlocked=NO | 120700.000000
NI	0	17:00:00.199	Cazyxio_v4.3 (EURUSD,M15)	2026.03.24 23:00:00 | SESSION_WAIT | SYSTEM | Outside session. UTC_hour=23 Waiting.
DD	0	17:00:14.883	Cazyxio_v4.3 (EURUSD,M15)	2026.03.24 23:00:14 | HEARTBEAT | SYSTEM | EA alive. Tick=120800 Equity=44972.40 OpenPos=0 PendingOrders=0 UTC=2026.03.24 23:00 DayOfWeek=2 WeekendCloseActive=NO NewTradeBlocked=NO | 120800.000000
FF	0	17:01:32.325	Cazyxio_v4.3 (EURUSD,M15)	2026.03.24 23:01:32 | HEARTBEAT | SYSTEM | EA alive. Tick=120900 Equity=44972.40 OpenPos=0 PendingOrders=0 UTC=2026.03.24 23:01 DayOfWeek=2 WeekendCloseActive=NO NewTradeBlocked=NO | 120900.000000
OP	0	17:03:03.500	Cazyxio_v4.3 (EURUSD,M15)	2026.03.24 23:03:03 | HEARTBEAT | SYSTEM | EA alive. Tick=121000 Equity=44972.40 OpenPos=0 PendingOrders=0 UTC=2026.03.24 23:03 DayOfWeek=2 WeekendCloseActive=NO NewTradeBlocked=NO | 121000.000000
QR	0	17:04:05.747	Cazyxio_v4.3 (EURUSD,M15)	2026.03.24 23:04:05 | HEARTBEAT | SYSTEM | EA alive. Tick=121100 Equity=44972.40 OpenPos=0 PendingOrders=0 UTC=2026.03.24 23:04 DayOfWeek=2 WeekendCloseActive=NO NewTradeBlocked=NO | 121100.000000
PM	0	17:05:11.291	Cazyxio_v4.3 (EURUSD,M15)	2026.03.24 23:05:11 | HEARTBEAT | SYSTEM | EA alive. Tick=121200 Equity=44972.40 OpenPos=0 PendingOrders=0 UTC=2026.03.24 23:05 DayOfWeek=2 WeekendCloseActive=NO NewTradeBlocked=NO | 121200.000000
IO	0	17:06:25.053	Cazyxio_v4.3 (EURUSD,M15)	2026.03.24 23:06:25 | HEARTBEAT | SYSTEM | EA alive. Tick=121300 Equity=44972.40 OpenPos=0 PendingOrders=0 UTC=2026.03.24 23:06 DayOfWeek=2 WeekendCloseActive=NO NewTradeBlocked=NO | 121300.000000
KI	0	17:08:05.280	Cazyxio_v4.3 (EURUSD,M15)	2026.03.24 23:08:05 | HEARTBEAT | SYSTEM | EA alive. Tick=121400 Equity=44972.40 OpenPos=0 PendingOrders=0 UTC=2026.03.24 23:08 DayOfWeek=2 WeekendCloseActive=NO NewTradeBlocked=NO | 121400.000000
RK	0	17:10:08.044	Cazyxio_v4.3 (EURUSD,M15)	2026.03.24 23:10:08 | HEARTBEAT | SYSTEM | EA alive. Tick=121500 Equity=44972.40 OpenPos=0 PendingOrders=0 UTC=2026.03.24 23:10 DayOfWeek=2 WeekendCloseActive=NO NewTradeBlocked=NO | 121500.000000
CJ	0	17:11:20.534	Cazyxio_v4.3 (EURUSD,M15)	2026.03.24 23:11:20 | HEARTBEAT | SYSTEM | EA alive. Tick=121600 Equity=44972.40 OpenPos=0 PendingOrders=0 UTC=2026.03.24 23:11 DayOfWeek=2 WeekendCloseActive=NO NewTradeBlocked=NO | 121600.000000
JD	0	17:13:04.175	Cazyxio_v4.3 (EURUSD,M15)	2026.03.24 23:13:04 | HEARTBEAT | SYSTEM | EA alive. Tick=121700 Equity=44972.40 OpenPos=0 PendingOrders=0 UTC=2026.03.24 23:13 DayOfWeek=2 WeekendCloseActive=NO NewTradeBlocked=NO | 121700.000000
NF	0	17:14:42.532	Cazyxio_v4.3 (EURUSD,M15)	2026.03.24 23:14:42 | HEARTBEAT | SYSTEM | EA alive. Tick=121800 Equity=44972.40 OpenPos=0 PendingOrders=0 UTC=2026.03.24 23:14 DayOfWeek=2 WeekendCloseActive=NO NewTradeBlocked=NO | 121800.000000
OP	0	17:16:36.764	Cazyxio_v4.3 (EURUSD,M15)	2026.03.24 23:16:36 | HEARTBEAT | SYSTEM | EA alive. Tick=121900 Equity=44972.40 OpenPos=0 PendingOrders=0 UTC=2026.03.24 23:16 DayOfWeek=2 WeekendCloseActive=NO NewTradeBlocked=NO | 121900.000000
FS	0	17:18:07.877	Cazyxio_v4.3 (EURUSD,M15)	2026.03.24 23:18:07 | HEARTBEAT | SYSTEM | EA alive. Tick=122000 Equity=44972.40 OpenPos=0 PendingOrders=0 UTC=2026.03.24 23:18 DayOfWeek=2 WeekendCloseActive=NO NewTradeBlocked=NO | 122000.000000
OM	0	17:22:04.802	Cazyxio_v4.3 (EURUSD,M15)	2026.03.24 23:22:04 | HEARTBEAT | SYSTEM | EA alive. Tick=122100 Equity=44972.40 OpenPos=0 PendingOrders=0 UTC=2026.03.24 23:22 DayOfWeek=2 WeekendCloseActive=NO NewTradeBlocked=NO | 122100.000000
IO	0	17:25:00.319	Cazyxio_v4.3 (EURUSD,M15)	2026.03.24 23:25:00 | HEARTBEAT | SYSTEM | EA alive. Tick=122200 Equity=44972.40 OpenPos=0 PendingOrders=0 UTC=2026.03.24 23:25 DayOfWeek=2 WeekendCloseActive=NO NewTradeBlocked=NO | 122200.000000
HI	0	17:26:55.924	Cazyxio_v4.3 (EURUSD,M15)	2026.03.24 23:26:55 | HEARTBEAT | SYSTEM | EA alive. Tick=122300 Equity=44972.40 OpenPos=0 PendingOrders=0 UTC=2026.03.24 23:26 DayOfWeek=2 WeekendCloseActive=NO NewTradeBlocked=NO | 122300.000000
JH	0	17:29:50.790	Cazyxio_v4.3 (EURUSD,M15)	2026.03.24 23:29:50 | HEARTBEAT | SYSTEM | EA alive. Tick=122400 Equity=44972.40 OpenPos=0 PendingOrders=0 UTC=2026.03.24 23:29 DayOfWeek=2 WeekendCloseActive=NO NewTradeBlocked=NO | 122400.000000
FJ	0	17:32:18.316	Cazyxio_v4.3 (EURUSD,M15)	2026.03.24 23:32:18 | HEARTBEAT | SYSTEM | EA alive. Tick=122500 Equity=44972.40 OpenPos=0 PendingOrders=0 UTC=2026.03.24 23:32 DayOfWeek=2 WeekendCloseActive=NO NewTradeBlocked=NO | 122500.000000
GD	0	17:34:19.966	Cazyxio_v4.3 (EURUSD,M15)	2026.03.24 23:34:19 | HEARTBEAT | SYSTEM | EA alive. Tick=122600 Equity=44972.40 OpenPos=0 PendingOrders=0 UTC=2026.03.24 23:34 DayOfWeek=2 WeekendCloseActive=NO NewTradeBlocked=NO | 122600.000000
CF	0	17:36:45.694	Cazyxio_v4.3 (EURUSD,M15)	2026.03.24 23:36:45 | HEARTBEAT | SYSTEM | EA alive. Tick=122700 Equity=44972.40 OpenPos=0 PendingOrders=0 UTC=2026.03.24 23:36 DayOfWeek=2 WeekendCloseActive=NO NewTradeBlocked=NO | 122700.000000
JQ	0	17:39:35.096	Cazyxio_v4.3 (EURUSD,M15)	2026.03.24 23:39:35 | HEARTBEAT | SYSTEM | EA alive. Tick=122800 Equity=44972.40 OpenPos=0 PendingOrders=0 UTC=2026.03.24 23:39 DayOfWeek=2 WeekendCloseActive=NO NewTradeBlocked=NO | 122800.000000
PS	0	17:41:23.529	Cazyxio_v4.3 (EURUSD,M15)	2026.03.24 23:41:23 | HEARTBEAT | SYSTEM | EA alive. Tick=122900 Equity=44972.40 OpenPos=0 PendingOrders=0 UTC=2026.03.24 23:41 DayOfWeek=2 WeekendCloseActive=NO NewTradeBlocked=NO | 122900.000000
RM	0	17:43:28.332	Cazyxio_v4.3 (EURUSD,M15)	2026.03.24 23:43:28 | HEARTBEAT | SYSTEM | EA alive. Tick=123000 Equity=44972.40 OpenPos=0 PendingOrders=0 UTC=2026.03.24 23:43 DayOfWeek=2 WeekendCloseActive=NO NewTradeBlocked=NO | 123000.000000
PN	0	17:43:56.510	Cazyxio_v4.3 (EURUSD,M15)	2026.03.24 23:43:56 | DEINIT | SYSTEM | EA removed. Reason=1 Ticks=123017
OR	0	17:44:07.247	Cazyxio_v4.4 (EURUSD,M15)	2026.03.24 23:44:07 | STARTUP | SYSTEM | Cazyxio v4.3 OnInit() started. Account=Christopher Watson Server=Forex.com-Demo 535 Mode=DEMO Balance=44972.40
JF	0	17:44:07.247	Cazyxio_v4.4 (EURUSD,M15)	[Cazyxio v4.3] Log file opened: Cazyxio_v4_log.csv
PO	0	17:44:07.247	Cazyxio_v4.4 (EURUSD,M15)	2026.03.24 23:44:07 | STARTUP | SYSTEM | Live key check PASSED.
DM	0	17:44:07.247	Cazyxio_v4.4 (EURUSD,M15)	2026.03.24 23:44:07 | STARTUP | GBPUSD | All 5 indicator handles loaded OK.
GM	0	17:44:07.247	Cazyxio_v4.4 (EURUSD,M15)	2026.03.24 23:44:07 | STARTUP | EURUSD | All 5 indicator handles loaded OK.
FN	0	17:44:07.247	Cazyxio_v4.4 (EURUSD,M15)	2026.03.24 23:44:07 | STARTUP | USDJPY | All 5 indicator handles loaded OK.
EN	0	17:44:07.247	Cazyxio_v4.4 (EURUSD,M15)	2026.03.24 23:44:07 | STARTUP | AUDUSD | All 5 indicator handles loaded OK.
KI	0	17:44:07.247	Cazyxio_v4.4 (EURUSD,M15)	2026.03.24 23:44:07 | STARTUP | GBPJPY | All 5 indicator handles loaded OK.
KI	0	17:44:07.247	Cazyxio_v4.4 (EURUSD,M15)	2026.03.24 23:44:07 | STARTUP | USDCAD | All 5 indicator handles loaded OK.
PG	0	17:44:07.247	Cazyxio_v4.4 (EURUSD,M15)	2026.03.24 23:44:07 | WARMUP_START | SYSTEM | Pre-warming Daily EMA200 handles (max 5s)...
QF	0	17:44:54.174	Cazyxio_v4.4 (EURUSD,M15)	2026.03.24 23:44:54 | WARMUP_TIMEOUT | SYSTEM | Daily EMA200 warm-up timed out after 5s. Non-critical — some session-open bars may still be skipped.
DO	0	17:44:54.174	Cazyxio_v4.4 (EURUSD,M15)	2026.03.24 23:44:54 | INIT_OK | SYSTEM | v4.4 Initialization COMPLETE. 6/6 symbols loaded. ExecTF=PERIOD_M15 HTF=PERIOD_H4 RiskPct=0.50 TP_R=3.50 (v4.4: 3.5R, LimitExpiry=6bars) MaxLotsPerSym=2.00 DailyTrendFilter=ON ADXFilter=ON ADXMin=20.0 LimitFallback=ON TouchATRFrac=0.60 ATRMinRatio=0.80 MinBarRangeFactor=0.30 SLCooldownBars=4 MaxDailyLossPct=2.00 WeekendClose=YES
QJ	0	17:44:54.174	Cazyxio_v4.4 (EURUSD,M15)	2026.03.24 23:44:54 | DAILY_GUARD_RESET | SYSTEM | New trading day. StartEquity=44972.40 MaxDailyLossPct=2.00 | 44972.400000
MM	0	17:44:54.174	Cazyxio_v4.4 (EURUSD,M15)	2026.03.24 23:44:54 | DAILY_SUMMARY | SYSTEM | SESSION END SUMMARY | Bars=0 Signals=0 Orders=0 SLHits=0 LimitPlaced=0 LimitFilled=0 LimitExpired=0 FallbackOrders=0 | GateFails: DIR=0 SPR=0 ATR=0 TOUCH=0 MOM=0 ZRNG=0 COOL=0 WKND=0 ADX=0 DAILY_TF=0 | LotCapped=0 | Equity=44972.40 Balance=44972.40 DayPnL=0.00 DayDD=0.00% ActiveCooldowns=NONE
HS	0	17:44:54.174	Cazyxio_v4.4 (EURUSD,M15)	2026.03.24 23:44:54 | SESSION_WAIT | SYSTEM | Outside session. UTC_hour=23 Waiting.
IN	0	17:48:04.908	Cazyxio_v4.4 (EURUSD,M15)	2026.03.24 23:48:04 | HEARTBEAT | SYSTEM | EA alive. Tick=100 Equity=44972.40 OpenPos=0 PendingOrders=0 UTC=2026.03.24 23:48 DayOfWeek=2 WeekendCloseActive=NO NewTradeBlocked=NO | 100.000000
JH	0	17:51:09.365	Cazyxio_v4.4 (EURUSD,M15)	2026.03.24 23:51:09 | HEARTBEAT | SYSTEM | EA alive. Tick=200 Equity=44972.40 OpenPos=0 PendingOrders=0 UTC=2026.03.24 23:51 DayOfWeek=2 WeekendCloseActive=NO NewTradeBlocked=NO | 200.000000
CE	0	17:53:36.937	Cazyxio_v4.4 (EURUSD,M15)	2026.03.24 23:53:36 | HEARTBEAT | SYSTEM | EA alive. Tick=300 Equity=44972.40 OpenPos=0 PendingOrders=0 UTC=2026.03.24 23:53 DayOfWeek=2 WeekendCloseActive=NO NewTradeBlocked=NO | 300.000000
IG	0	17:56:36.987	Cazyxio_v4.4 (EURUSD,M15)	2026.03.24 23:56:36 | HEARTBEAT | SYSTEM | EA alive. Tick=400 Equity=44972.40 OpenPos=0 PendingOrders=0 UTC=2026.03.24 23:56 DayOfWeek=2 WeekendCloseActive=NO NewTradeBlocked=NO | 400.000000
IP	0	17:59:03.980	Cazyxio_v4.4 (EURUSD,M15)	2026.03.24 23:59:03 | HEARTBEAT | SYSTEM | EA alive. Tick=500 Equity=44972.40 OpenPos=0 PendingOrders=0 UTC=2026.03.24 23:59 DayOfWeek=2 WeekendCloseActive=NO NewTradeBlocked=NO | 500.000000
EL	0	18:00:00.335	Cazyxio_v4.4 (EURUSD,M15)	2026.03.25 00:00:00 | SESSION_WAIT | SYSTEM | Outside session. UTC_hour=0 Waiting.
DR	0	18:00:27.581	Cazyxio_v4.4 (EURUSD,M15)	2026.03.25 00:00:27 | HEARTBEAT | SYSTEM | EA alive. Tick=600 Equity=44972.40 OpenPos=0 PendingOrders=0 UTC=2026.03.25 00:00 DayOfWeek=3 WeekendCloseActive=NO NewTradeBlocked=NO | 600.000000
EO	0	18:01:35.547	Cazyxio_v4.4 (EURUSD,M15)	2026.03.25 00:01:35 | HEARTBEAT | SYSTEM | EA alive. Tick=700 Equity=44972.40 OpenPos=0 PendingOrders=0 UTC=2026.03.25 00:01 DayOfWeek=3 WeekendCloseActive=NO NewTradeBlocked=NO | 700.000000
PI	0	18:02:22.424	Cazyxio_v4.4 (EURUSD,M15)	2026.03.25 00:02:22 | HEARTBEAT | SYSTEM | EA alive. Tick=800 Equity=44972.40 OpenPos=0 PendingOrders=0 UTC=2026.03.25 00:02 DayOfWeek=3 WeekendCloseActive=NO NewTradeBlocked=NO | 800.000000
IJ	0	18:03:28.527	Cazyxio_v4.4 (EURUSD,M15)	2026.03.25 00:03:28 | HEARTBEAT | SYSTEM | EA alive. Tick=900 Equity=44972.40 OpenPos=0 PendingOrders=0 UTC=2026.03.25 00:03 DayOfWeek=3 WeekendCloseActive=NO NewTradeBlocked=NO | 900.000000
KD	0	18:04:35.357	Cazyxio_v4.4 (EURUSD,M15)	2026.03.25 00:04:35 | HEARTBEAT | SYSTEM | EA alive. Tick=1000 Equity=44972.40 OpenPos=0 PendingOrders=0 UTC=2026.03.25 00:04 DayOfWeek=3 WeekendCloseActive=NO NewTradeBlocked=NO | 1000.000000
DF	0	18:05:44.962	Cazyxio_v4.4 (EURUSD,M15)	2026.03.25 00:05:44 | HEARTBEAT | SYSTEM | EA alive. Tick=1100 Equity=44972.40 OpenPos=0 PendingOrders=0 UTC=2026.03.25 00:05 DayOfWeek=3 WeekendCloseActive=NO NewTradeBlocked=NO | 1100.000000
GS	0	18:06:51.997	Cazyxio_v4.4 (EURUSD,M15)	2026.03.25 00:06:51 | HEARTBEAT | SYSTEM | EA alive. Tick=1200 Equity=44972.40 OpenPos=0 PendingOrders=0 UTC=2026.03.25 00:06 DayOfWeek=3 WeekendCloseActive=NO NewTradeBlocked=NO | 1200.000000
HM	0	18:08:12.185	Cazyxio_v4.4 (EURUSD,M15)	2026.03.25 00:08:12 | HEARTBEAT | SYSTEM | EA alive. Tick=1300 Equity=44972.40 OpenPos=0 PendingOrders=0 UTC=2026.03.25 00:08 DayOfWeek=3 WeekendCloseActive=NO NewTradeBlocked=NO | 1300.000000
RO	0	18:09:14.812	Cazyxio_v4.4 (EURUSD,M15)	2026.03.25 00:09:14 | HEARTBEAT | SYSTEM | EA alive. Tick=1400 Equity=44972.40 OpenPos=0 PendingOrders=0 UTC=2026.03.25 00:09 DayOfWeek=3 WeekendCloseActive=NO NewTradeBlocked=NO | 1400.000000
OI	0	18:10:27.235	Cazyxio_v4.4 (EURUSD,M15)	2026.03.25 00:10:27 | HEARTBEAT | SYSTEM | EA alive. Tick=1500 Equity=44972.40 OpenPos=0 PendingOrders=0 UTC=2026.03.25 00:10 DayOfWeek=3 WeekendCloseActive=NO NewTradeBlocked=NO | 1500.000000
MJ	0	18:11:31.294	Cazyxio_v4.4 (EURUSD,M15)	2026.03.25 00:11:31 | HEARTBEAT | SYSTEM | EA alive. Tick=1600 Equity=44972.40 OpenPos=0 PendingOrders=0 UTC=2026.03.25 00:11 DayOfWeek=3 WeekendCloseActive=NO NewTradeBlocked=NO | 1600.000000
ED	0	18:12:35.365	Cazyxio_v4.4 (EURUSD,M15)	2026.03.25 00:12:35 | HEARTBEAT | SYSTEM | EA alive. Tick=1700 Equity=44972.40 OpenPos=0 PendingOrders=0 UTC=2026.03.25 00:12 DayOfWeek=3 WeekendCloseActive=NO NewTradeBlocked=NO | 1700.000000
NF	0	18:13:50.343	Cazyxio_v4.4 (EURUSD,M15)	2026.03.25 00:13:50 | HEARTBEAT | SYSTEM | EA alive. Tick=1800 Equity=44972.40 OpenPos=0 PendingOrders=0 UTC=2026.03.25 00:13 DayOfWeek=3 WeekendCloseActive=NO NewTradeBlocked=NO | 1800.000000
IP	0	18:15:00.579	Cazyxio_v4.4 (EURUSD,M15)	2026.03.25 00:15:00 | HEARTBEAT | SYSTEM | EA alive. Tick=1900 Equity=44972.40 OpenPos=0 PendingOrders=0 UTC=2026.03.25 00:15 DayOfWeek=3 WeekendCloseActive=NO NewTradeBlocked=NO | 1900.000000
CM	0	18:15:49.526	Cazyxio_v4.4 (EURUSD,M15)	2026.03.25 00:15:49 | HEARTBEAT | SYSTEM | EA alive. Tick=2000 Equity=44972.40 OpenPos=0 PendingOrders=0 UTC=2026.03.25 00:15 DayOfWeek=3 WeekendCloseActive=NO NewTradeBlocked=NO | 2000.000000
RO	0	18:16:41.292	Cazyxio_v4.4 (EURUSD,M15)	2026.03.25 00:16:41 | HEARTBEAT | SYSTEM | EA alive. Tick=2100 Equity=44972.40 OpenPos=0 PendingOrders=0 UTC=2026.03.25 00:16 DayOfWeek=3 WeekendCloseActive=NO NewTradeBlocked=NO | 2100.000000
RI	0	18:17:43.150	Cazyxio_v4.4 (EURUSD,M15)	2026.03.25 00:17:43 | HEARTBEAT | SYSTEM | EA alive. Tick=2200 Equity=44972.40 OpenPos=0 PendingOrders=0 UTC=2026.03.25 00:17 DayOfWeek=3 WeekendCloseActive=NO NewTradeBlocked=NO | 2200.000000
RK	0	18:18:42.483	Cazyxio_v4.4 (EURUSD,M15)	2026.03.25 00:18:42 | HEARTBEAT | SYSTEM | EA alive. Tick=2300 Equity=44972.40 OpenPos=0 PendingOrders=0 UTC=2026.03.25 00:18 DayOfWeek=3 WeekendCloseActive=NO NewTradeBlocked=NO | 2300.000000
ID	0	18:20:00.742	Cazyxio_v4.4 (EURUSD,M15)	2026.03.25 00:20:00 | HEARTBEAT | SYSTEM | EA alive. Tick=2400 Equity=44972.40 OpenPos=0 PendingOrders=0 UTC=2026.03.25 00:20 DayOfWeek=3 WeekendCloseActive=NO NewTradeBlocked=NO | 2400.000000
DF	0	18:21:02.030	Cazyxio_v4.4 (EURUSD,M15)	2026.03.25 00:21:02 | HEARTBEAT | SYSTEM | EA alive. Tick=2500 Equity=44972.40 OpenPos=0 PendingOrders=0 UTC=2026.03.25 00:21 DayOfWeek=3 WeekendCloseActive=NO NewTradeBlocked=NO | 2500.000000
LP	0	18:22:06.307	Cazyxio_v4.4 (EURUSD,M15)	2026.03.25 00:22:06 | HEARTBEAT | SYSTEM | EA alive. Tick=2600 Equity=44972.40 OpenPos=0 PendingOrders=0 UTC=2026.03.25 00:22 DayOfWeek=3 WeekendCloseActive=NO NewTradeBlocked=NO | 2600.000000
GR	0	18:23:24.837	Cazyxio_v4.4 (EURUSD,M15)	2026.03.25 00:23:24 | HEARTBEAT | SYSTEM | EA alive. Tick=2700 Equity=44972.40 OpenPos=0 PendingOrders=0 UTC=2026.03.25 00:23 DayOfWeek=3 WeekendCloseActive=NO NewTradeBlocked=NO | 2700.000000
LO	0	18:24:32.930	Cazyxio_v4.4 (EURUSD,M15)	2026.03.25 00:24:32 | HEARTBEAT | SYSTEM | EA alive. Tick=2800 Equity=44972.40 OpenPos=0 PendingOrders=0 UTC=2026.03.25 00:24 DayOfWeek=3 WeekendCloseActive=NO NewTradeBlocked=NO | 2800.000000
GI	0	18:25:44.103	Cazyxio_v4.4 (EURUSD,M15)	2026.03.25 00:25:44 | HEARTBEAT | SYSTEM | EA alive. Tick=2900 Equity=44972.40 OpenPos=0 PendingOrders=0 UTC=2026.03.25 00:25 DayOfWeek=3 WeekendCloseActive=NO NewTradeBlocked=NO | 2900.000000
LK	0	18:26:58.167	Cazyxio_v4.4 (EURUSD,M15)	2026.03.25 00:26:58 | HEARTBEAT | SYSTEM | EA alive. Tick=3000 Equity=44972.40 OpenPos=0 PendingOrders=0 UTC=2026.03.25 00:26 DayOfWeek=3 WeekendCloseActive=NO NewTradeBlocked=NO | 3000.000000
GE	0	18:28:33.986	Cazyxio_v4.4 (EURUSD,M15)	2026.03.25 00:28:33 | HEARTBEAT | SYSTEM | EA alive. Tick=3100 Equity=44972.40 OpenPos=0 PendingOrders=0 UTC=2026.03.25 00:28 DayOfWeek=3 WeekendCloseActive=NO NewTradeBlocked=NO | 3100.000000
HF	0	18:30:16.434	Cazyxio_v4.4 (EURUSD,M15)	2026.03.25 00:30:16 | HEARTBEAT | SYSTEM | EA alive. Tick=3200 Equity=44972.40 OpenPos=0 PendingOrders=0 UTC=2026.03.25 00:30 DayOfWeek=3 WeekendCloseActive=NO NewTradeBlocked=NO | 3200.000000
KP	0	18:30:49.912	Cazyxio_v4.4 (EURUSD,M15)	2026.03.25 00:30:49 | HEARTBEAT | SYSTEM | EA alive. Tick=3300 Equity=44972.40 OpenPos=0 PendingOrders=0 UTC=2026.03.25 00:30 DayOfWeek=3 WeekendCloseActive=NO NewTradeBlocked=NO | 3300.000000
RR	0	18:31:26.145	Cazyxio_v4.4 (EURUSD,M15)	2026.03.25 00:31:26 | HEARTBEAT | SYSTEM | EA alive. Tick=3400 Equity=44972.40 OpenPos=0 PendingOrders=0 UTC=2026.03.25 00:31 DayOfWeek=3 WeekendCloseActive=NO NewTradeBlocked=NO | 3400.000000
KL	0	18:32:24.624	Cazyxio_v4.4 (EURUSD,M15)	2026.03.25 00:32:24 | HEARTBEAT | SYSTEM | EA alive. Tick=3500 Equity=44972.40 OpenPos=0 PendingOrders=0 UTC=2026.03.25 00:32 DayOfWeek=3 WeekendCloseActive=NO NewTradeBlocked=NO | 3500.000000
PI	0	18:33:44.495	Cazyxio_v4.4 (EURUSD,M15)	2026.03.25 00:33:44 | HEARTBEAT | SYSTEM | EA alive. Tick=3600 Equity=44972.40 OpenPos=0 PendingOrders=0 UTC=2026.03.25 00:33 DayOfWeek=3 WeekendCloseActive=NO NewTradeBlocked=NO | 3600.000000
LK	0	18:35:03.592	Cazyxio_v4.4 (EURUSD,M15)	2026.03.25 00:35:03 | HEARTBEAT | SYSTEM | EA alive. Tick=3700 Equity=44972.40 OpenPos=0 PendingOrders=0 UTC=2026.03.25 00:35 DayOfWeek=3 WeekendCloseActive=NO NewTradeBlocked=NO | 3700.000000
ME	0	18:36:17.750	Cazyxio_v4.4 (EURUSD,M15)	2026.03.25 00:36:17 | HEARTBEAT | SYSTEM | EA alive. Tick=3800 Equity=44972.40 OpenPos=0 PendingOrders=0 UTC=2026.03.25 00:36 DayOfWeek=3 WeekendCloseActive=NO NewTradeBlocked=NO | 3800.000000
IG	0	18:37:39.946	Cazyxio_v4.4 (EURUSD,M15)	2026.03.25 00:37:39 | HEARTBEAT | SYSTEM | EA alive. Tick=3900 Equity=44972.40 OpenPos=0 PendingOrders=0 UTC=2026.03.25 00:37 DayOfWeek=3 WeekendCloseActive=NO NewTradeBlocked=NO | 3900.000000
IP	0	18:38:58.668	Cazyxio_v4.4 (EURUSD,M15)	2026.03.25 00:38:58 | HEARTBEAT | SYSTEM | EA alive. Tick=4000 Equity=44972.40 OpenPos=0 PendingOrders=0 UTC=2026.03.25 00:38 DayOfWeek=3 WeekendCloseActive=NO NewTradeBlocked=NO | 4000.000000
ER	0	18:40:03.117	Cazyxio_v4.4 (EURUSD,M15)	2026.03.25 00:40:03 | HEARTBEAT | SYSTEM | EA alive. Tick=4100 Equity=44972.40 OpenPos=0 PendingOrders=0 UTC=2026.03.25 00:40 DayOfWeek=3 WeekendCloseActive=NO NewTradeBlocked=NO | 4100.000000
FL	0	18:41:01.128	Cazyxio_v4.4 (EURUSD,M15)	2026.03.25 00:41:01 | HEARTBEAT | SYSTEM | EA alive. Tick=4200 Equity=44972.40 OpenPos=0 PendingOrders=0 UTC=2026.03.25 00:41 DayOfWeek=3 WeekendCloseActive=NO NewTradeBlocked=NO | 4200.000000
PN	0	18:42:19.893	Cazyxio_v4.4 (EURUSD,M15)	2026.03.25 00:42:19 | HEARTBEAT | SYSTEM | EA alive. Tick=4300 Equity=44972.40 OpenPos=0 PendingOrders=0 UTC=2026.03.25 00:42 DayOfWeek=3 WeekendCloseActive=NO NewTradeBlocked=NO | 4300.000000
KK	0	18:43:27.497	Cazyxio_v4.4 (EURUSD,M15)	2026.03.25 00:43:27 | HEARTBEAT | SYSTEM | EA alive. Tick=4400 Equity=44972.40 OpenPos=0 PendingOrders=0 UTC=2026.03.25 00:43 DayOfWeek=3 WeekendCloseActive=NO NewTradeBlocked=NO | 4400.000000
QE	0	18:44:47.186	Cazyxio_v4.4 (EURUSD,M15)	2026.03.25 00:44:47 | HEARTBEAT | SYSTEM | EA alive. Tick=4500 Equity=44972.40 OpenPos=0 PendingOrders=0 UTC=2026.03.25 00:44 DayOfWeek=3 WeekendCloseActive=NO NewTradeBlocked=NO | 4500.000000
KG	0	18:46:15.575	Cazyxio_v4.4 (EURUSD,M15)	2026.03.25 00:46:15 | HEARTBEAT | SYSTEM | EA alive. Tick=4600 Equity=44972.40 OpenPos=0 PendingOrders=0 UTC=2026.03.25 00:46 DayOfWeek=3 WeekendCloseActive=NO NewTradeBlocked=NO | 4600.000000
RQ	0	18:47:20.984	Cazyxio_v4.4 (EURUSD,M15)	2026.03.25 00:47:20 | HEARTBEAT | SYSTEM | EA alive. Tick=4700 Equity=44972.40 OpenPos=0 PendingOrders=0 UTC=2026.03.25 00:47 DayOfWeek=3 WeekendCloseActive=NO NewTradeBlocked=NO | 4700.000000
KR	0	18:48:43.724	Cazyxio_v4.4 (EURUSD,M15)	2026.03.25 00:48:43 | HEARTBEAT | SYSTEM | EA alive. Tick=4800 Equity=44972.40 OpenPos=0 PendingOrders=0 UTC=2026.03.25 00:48 DayOfWeek=3 WeekendCloseActive=NO NewTradeBlocked=NO | 4800.000000
EL	0	18:50:13.987	Cazyxio_v4.4 (EURUSD,M15)	2026.03.25 00:50:13 | HEARTBEAT | SYSTEM | EA alive. Tick=4900 Equity=44972.40 OpenPos=0 PendingOrders=0 UTC=2026.03.25 00:50 DayOfWeek=3 WeekendCloseActive=NO NewTradeBlocked=NO | 4900.000000
PN	0	18:51:24.062	Cazyxio_v4.4 (EURUSD,M15)	2026.03.25 00:51:24 | HEARTBEAT | SYSTEM | EA alive. Tick=5000 Equity=44972.40 OpenPos=0 PendingOrders=0 UTC=2026.03.25 00:51 DayOfWeek=3 WeekendCloseActive=NO NewTradeBlocked=NO | 5000.000000
JH	0	18:52:50.922	Cazyxio_v4.4 (EURUSD,M15)	2026.03.25 00:52:50 | HEARTBEAT | SYSTEM | EA alive. Tick=5100 Equity=44972.40 OpenPos=0 PendingOrders=0 UTC=2026.03.25 00:52 DayOfWeek=3 WeekendCloseActive=NO NewTradeBlocked=NO | 5100.000000
GE	0	18:53:47.722	Cazyxio_v4.4 (EURUSD,M15)	2026.03.25 00:53:47 | HEARTBEAT | SYSTEM | EA alive. Tick=5200 Equity=44972.40 OpenPos=0 PendingOrders=0 UTC=2026.03.25 00:53 DayOfWeek=3 WeekendCloseActive=NO NewTradeBlocked=NO | 5200.000000
GG	0	18:54:34.062	Cazyxio_v4.4 (EURUSD,M15)	2026.03.25 00:54:34 | HEARTBEAT | SYSTEM | EA alive. Tick=5300 Equity=44972.40 OpenPos=0 PendingOrders=0 UTC=2026.03.25 00:54 DayOfWeek=3 WeekendCloseActive=NO NewTradeBlocked=NO | 5300.000000
RQ	0	18:55:15.442	Cazyxio_v4.4 (EURUSD,M15)	2026.03.25 00:55:15 | HEARTBEAT | SYSTEM | EA alive. Tick=5400 Equity=44972.40 OpenPos=0 PendingOrders=0 UTC=2026.03.25 00:55 DayOfWeek=3 WeekendCloseActive=NO NewTradeBlocked=NO | 5400.000000
LS	0	18:56:28.829	Cazyxio_v4.4 (EURUSD,M15)	2026.03.25 00:56:28 | HEARTBEAT | SYSTEM | EA alive. Tick=5500 Equity=44972.40 OpenPos=0 PendingOrders=0 UTC=2026.03.25 00:56 DayOfWeek=3 WeekendCloseActive=NO NewTradeBlocked=NO | 5500.000000
CL	0	18:57:47.700	Cazyxio_v4.4 (EURUSD,M15)	2026.03.25 00:57:47 | HEARTBEAT | SYSTEM | EA alive. Tick=5600 Equity=44972.40 OpenPos=0 PendingOrders=0 UTC=2026.03.25 00:57 DayOfWeek=3 WeekendCloseActive=NO NewTradeBlocked=NO | 5600.000000
EN	0	18:59:09.825	Cazyxio_v4.4 (EURUSD,M15)	2026.03.25 00:59:09 | HEARTBEAT | SYSTEM | EA alive. Tick=5700 Equity=44972.40 OpenPos=0 PendingOrders=0 UTC=2026.03.25 00:59 DayOfWeek=3 WeekendCloseActive=NO NewTradeBlocked=NO | 5700.000000
KF	0	19:00:00.428	Cazyxio_v4.4 (EURUSD,M15)	2026.03.25 01:00:00 | SESSION_WAIT | SYSTEM | Outside session. UTC_hour=1 Waiting.
KH	0	19:00:06.316	Cazyxio_v4.4 (EURUSD,M15)	2026.03.25 01:00:06 | HEARTBEAT | SYSTEM | EA alive. Tick=5800 Equity=44972.40 OpenPos=0 PendingOrders=0 UTC=2026.03.25 01:00 DayOfWeek=3 WeekendCloseActive=NO NewTradeBlocked=NO | 5800.000000
KJ	0	19:00:41.617	Cazyxio_v4.4 (EURUSD,M15)	2026.03.25 01:00:41 | HEARTBEAT | SYSTEM | EA alive. Tick=5900 Equity=44972.40 OpenPos=0 PendingOrders=0 UTC=2026.03.25 01:00 DayOfWeek=3 WeekendCloseActive=NO NewTradeBlocked=NO | 5900.000000
FG	0	19:01:15.420	Cazyxio_v4.4 (EURUSD,M15)	2026.03.25 01:01:15 | HEARTBEAT | SYSTEM | EA alive. Tick=6000 Equity=44972.40 OpenPos=0 PendingOrders=0 UTC=2026.03.25 01:01 DayOfWeek=3 WeekendCloseActive=NO NewTradeBlocked=NO | 6000.000000
LQ	0	19:01:56.459	Cazyxio_v4.4 (EURUSD,M15)	2026.03.25 01:01:56 | HEARTBEAT | SYSTEM | EA alive. Tick=6100 Equity=44972.40 OpenPos=0 PendingOrders=0 UTC=2026.03.25 01:01 DayOfWeek=3 WeekendCloseActive=NO NewTradeBlocked=NO | 6100.000000
NS	0	19:02:41.014	Cazyxio_v4.4 (EURUSD,M15)	2026.03.25 01:02:41 | HEARTBEAT | SYSTEM | EA alive. Tick=6200 Equity=44972.40 OpenPos=0 PendingOrders=0 UTC=2026.03.25 01:02 DayOfWeek=3 WeekendCloseActive=NO NewTradeBlocked=NO | 6200.000000
MM	0	19:03:21.504	Cazyxio_v4.4 (EURUSD,M15)	2026.03.25 01:03:21 | HEARTBEAT | SYSTEM | EA alive. Tick=6300 Equity=44972.40 OpenPos=0 PendingOrders=0 UTC=2026.03.25 01:03 DayOfWeek=3 WeekendCloseActive=NO NewTradeBlocked=NO | 6300.000000
FN	0	19:04:06.993	Cazyxio_v4.4 (EURUSD,M15)	2026.03.25 01:04:06 | HEARTBEAT | SYSTEM | EA alive. Tick=6400 Equity=44972.40 OpenPos=0 PendingOrders=0 UTC=2026.03.25 01:04 DayOfWeek=3 WeekendCloseActive=NO NewTradeBlocked=NO | 6400.000000
HH	0	19:05:08.189	Cazyxio_v4.4 (EURUSD,M15)	2026.03.25 01:05:08 | HEARTBEAT | SYSTEM | EA alive. Tick=6500 Equity=44972.40 OpenPos=0 PendingOrders=0 UTC=2026.03.25 01:05 DayOfWeek=3 WeekendCloseActive=NO NewTradeBlocked=NO | 6500.000000
JJ	0	19:06:16.418	Cazyxio_v4.4 (EURUSD,M15)	2026.03.25 01:06:16 | HEARTBEAT | SYSTEM | EA alive. Tick=6600 Equity=44972.40 OpenPos=0 PendingOrders=0 UTC=2026.03.25 01:06 DayOfWeek=3 WeekendCloseActive=NO NewTradeBlocked=NO | 6600.000000
HD	0	19:07:13.802	Cazyxio_v4.4 (EURUSD,M15)	2026.03.25 01:07:13 | HEARTBEAT | SYSTEM | EA alive. Tick=6700 Equity=44972.40 OpenPos=0 PendingOrders=0 UTC=2026.03.25 01:07 DayOfWeek=3 WeekendCloseActive=NO NewTradeBlocked=NO | 6700.000000
EQ	0	19:08:16.349	Cazyxio_v4.4 (EURUSD,M15)	2026.03.25 01:08:16 | HEARTBEAT | SYSTEM | EA alive. Tick=6800 Equity=44972.40 OpenPos=0 PendingOrders=0 UTC=2026.03.25 01:08 DayOfWeek=3 WeekendCloseActive=NO NewTradeBlocked=NO | 6800.000000
RS	0	19:09:38.666	Cazyxio_v4.4 (EURUSD,M15)	2026.03.25 01:09:38 | HEARTBEAT | SYSTEM | EA alive. Tick=6900 Equity=44972.40 OpenPos=0 PendingOrders=0 UTC=2026.03.25 01:09 DayOfWeek=3 WeekendCloseActive=NO NewTradeBlocked=NO | 6900.000000
RM	0	19:10:35.983	Cazyxio_v4.4 (EURUSD,M15)	2026.03.25 01:10:35 | HEARTBEAT | SYSTEM | EA alive. Tick=7000 Equity=44972.40 OpenPos=0 PendingOrders=0 UTC=2026.03.25 01:10 DayOfWeek=3 WeekendCloseActive=NO NewTradeBlocked=NO | 7000.000000
PO	0	19:11:57.005	Cazyxio_v4.4 (EURUSD,M15)	2026.03.25 01:11:57 | HEARTBEAT | SYSTEM | EA alive. Tick=7100 Equity=44972.40 OpenPos=0 PendingOrders=0 UTC=2026.03.25 01:11 DayOfWeek=3 WeekendCloseActive=NO NewTradeBlocked=NO | 7100.000000
HH	0	19:13:11.751	Cazyxio_v4.4 (EURUSD,M15)	2026.03.25 01:13:11 | HEARTBEAT | SYSTEM | EA alive. Tick=7200 Equity=44972.40 OpenPos=0 PendingOrders=0 UTC=2026.03.25 01:13 DayOfWeek=3 WeekendCloseActive=NO NewTradeBlocked=NO | 7200.000000
CJ	0	19:14:32.041	Cazyxio_v4.4 (EURUSD,M15)	2026.03.25 01:14:32 | HEARTBEAT | SYSTEM | EA alive. Tick=7300 Equity=44972.40 OpenPos=0 PendingOrders=0 UTC=2026.03.25 01:14 DayOfWeek=3 WeekendCloseActive=NO NewTradeBlocked=NO | 7300.000000
KD	0	19:15:22.725	Cazyxio_v4.4 (EURUSD,M15)	2026.03.25 01:15:22 | HEARTBEAT | SYSTEM | EA alive. Tick=7400 Equity=44972.40 OpenPos=0 PendingOrders=0 UTC=2026.03.25 01:15 DayOfWeek=3 WeekendCloseActive=NO NewTradeBlocked=NO | 7400.000000
IF	0	19:16:17.180	Cazyxio_v4.4 (EURUSD,M15)	2026.03.25 01:16:17 | HEARTBEAT | SYSTEM | EA alive. Tick=7500 Equity=44972.40 OpenPos=0 PendingOrders=0 UTC=2026.03.25 01:16 DayOfWeek=3 WeekendCloseActive=NO NewTradeBlocked=NO | 7500.000000
NS	0	19:17:36.966	Cazyxio_v4.4 (EURUSD,M15)	2026.03.25 01:17:36 | HEARTBEAT | SYSTEM | EA alive. Tick=7600 Equity=44972.40 OpenPos=0 PendingOrders=0 UTC=2026.03.25 01:17 DayOfWeek=3 WeekendCloseActive=NO NewTradeBlocked=NO | 7600.000000
CM	0	19:18:46.966	Cazyxio_v4.4 (EURUSD,M15)	2026.03.25 01:18:46 | HEARTBEAT | SYSTEM | EA alive. Tick=7700 Equity=44972.40 OpenPos=0 PendingOrders=0 UTC=2026.03.25 01:18 DayOfWeek=3 WeekendCloseActive=NO NewTradeBlocked=NO | 7700.000000
EO	0	19:20:13.158	Cazyxio_v4.4 (EURUSD,M15)	2026.03.25 01:20:13 | HEARTBEAT | SYSTEM | EA alive. Tick=7800 Equity=44972.40 OpenPos=0 PendingOrders=0 UTC=2026.03.25 01:20 DayOfWeek=3 WeekendCloseActive=NO NewTradeBlocked=NO | 7800.000000
DI	0	19:21:35.129	Cazyxio_v4.4 (EURUSD,M15)	2026.03.25 01:21:35 | HEARTBEAT | SYSTEM | EA alive. Tick=7900 Equity=44972.40 OpenPos=0 PendingOrders=0 UTC=2026.03.25 01:21 DayOfWeek=3 WeekendCloseActive=NO NewTradeBlocked=NO | 7900.000000
GJ	0	19:23:07.890	Cazyxio_v4.4 (EURUSD,M15)	2026.03.25 01:23:07 | HEARTBEAT | SYSTEM | EA alive. Tick=8000 Equity=44972.40 OpenPos=0 PendingOrders=0 UTC=2026.03.25 01:23 DayOfWeek=3 WeekendCloseActive=NO NewTradeBlocked=NO | 8000.000000
MD	0	19:24:21.286	Cazyxio_v4.4 (EURUSD,M15)	2026.03.25 01:24:21 | HEARTBEAT | SYSTEM | EA alive. Tick=8100 Equity=44972.40 OpenPos=0 PendingOrders=0 UTC=2026.03.25 01:24 DayOfWeek=3 WeekendCloseActive=NO NewTradeBlocked=NO | 8100.000000
QF	0	19:25:36.014	Cazyxio_v4.4 (EURUSD,M15)	2026.03.25 01:25:36 | HEARTBEAT | SYSTEM | EA alive. Tick=8200 Equity=44972.40 OpenPos=0 PendingOrders=0 UTC=2026.03.25 01:25 DayOfWeek=3 WeekendCloseActive=NO NewTradeBlocked=NO | 8200.000000
GP	0	19:26:42.976	Cazyxio_v4.4 (EURUSD,M15)	2026.03.25 01:26:42 | HEARTBEAT | SYSTEM | EA alive. Tick=8300 Equity=44972.40 OpenPos=0 PendingOrders=0 UTC=2026.03.25 01:26 DayOfWeek=3 WeekendCloseActive=NO NewTradeBlocked=NO | 8300.000000
HM	0	19:27:54.598	Cazyxio_v4.4 (EURUSD,M15)	2026.03.25 01:27:54 | HEARTBEAT | SYSTEM | EA alive. Tick=8400 Equity=44972.40 OpenPos=0 PendingOrders=0 UTC=2026.03.25 01:27 DayOfWeek=3 WeekendCloseActive=NO NewTradeBlocked=NO | 8400.000000
HO	0	19:28:52.359	Cazyxio_v4.4 (EURUSD,M15)	2026.03.25 01:28:52 | HEARTBEAT | SYSTEM | EA alive. Tick=8500 Equity=44972.40 OpenPos=0 PendingOrders=0 UTC=2026.03.25 01:28 DayOfWeek=3 WeekendCloseActive=NO NewTradeBlocked=NO | 8500.000000
OI	0	19:30:23.517	Cazyxio_v4.4 (EURUSD,M15)	2026.03.25 01:30:23 | HEARTBEAT | SYSTEM | EA alive. Tick=8600 Equity=44972.40 OpenPos=0 PendingOrders=0 UTC=2026.03.25 01:30 DayOfWeek=3 WeekendCloseActive=NO NewTradeBlocked=NO | 8600.000000
QK	0	19:31:36.150	Cazyxio_v4.4 (EURUSD,M15)	2026.03.25 01:31:36 | HEARTBEAT | SYSTEM | EA alive. Tick=8700 Equity=44972.40 OpenPos=0 PendingOrders=0 UTC=2026.03.25 01:31 DayOfWeek=3 WeekendCloseActive=NO NewTradeBlocked=NO | 8700.000000
HD	0	19:33:16.616	Cazyxio_v4.4 (EURUSD,M15)	2026.03.25 01:33:16 | HEARTBEAT | SYSTEM | EA alive. Tick=8800 Equity=44972.40 OpenPos=0 PendingOrders=0 UTC=2026.03.25 01:33 DayOfWeek=3 WeekendCloseActive=NO NewTradeBlocked=NO | 8800.000000
MF	0	19:35:48.480	Cazyxio_v4.4 (EURUSD,M15)	2026.03.25 01:35:48 | HEARTBEAT | SYSTEM | EA alive. Tick=8900 Equity=44972.40 OpenPos=0 PendingOrders=0 UTC=2026.03.25 01:35 DayOfWeek=3 WeekendCloseActive=NO NewTradeBlocked=NO | 8900.000000
PP	0	19:37:03.849	Cazyxio_v4.4 (EURUSD,M15)	2026.03.25 01:37:03 | HEARTBEAT | SYSTEM | EA alive. Tick=9000 Equity=44972.40 OpenPos=0 PendingOrders=0 UTC=2026.03.25 01:37 DayOfWeek=3 WeekendCloseActive=NO NewTradeBlocked=NO | 9000.000000
FR	0	19:38:32.725	Cazyxio_v4.4 (EURUSD,M15)	2026.03.25 01:38:32 | HEARTBEAT | SYSTEM | EA alive. Tick=9100 Equity=44972.40 OpenPos=0 PendingOrders=0 UTC=2026.03.25 01:38 DayOfWeek=3 WeekendCloseActive=NO NewTradeBlocked=NO | 9100.000000
CO	0	19:40:29.819	Cazyxio_v4.4 (EURUSD,M15)	2026.03.25 01:40:29 | HEARTBEAT | SYSTEM | EA alive. Tick=9200 Equity=44972.40 OpenPos=0 PendingOrders=0 UTC=2026.03.25 01:40 DayOfWeek=3 WeekendCloseActive=NO NewTradeBlocked=NO | 9200.000000
RI	0	19:41:59.381	Cazyxio_v4.4 (EURUSD,M15)	2026.03.25 01:41:59 | HEARTBEAT | SYSTEM | EA alive. Tick=9300 Equity=44972.40 OpenPos=0 PendingOrders=0 UTC=2026.03.25 01:41 DayOfWeek=3 WeekendCloseActive=NO NewTradeBlocked=NO | 9300.000000
QK	0	19:43:03.041	Cazyxio_v4.4 (EURUSD,M15)	2026.03.25 01:43:03 | HEARTBEAT | SYSTEM | EA alive. Tick=9400 Equity=44972.40 OpenPos=0 PendingOrders=0 UTC=2026.03.25 01:43 DayOfWeek=3 WeekendCloseActive=NO NewTradeBlocked=NO | 9400.000000
EE	0	19:44:01.028	Cazyxio_v4.4 (EURUSD,M15)	2026.03.25 01:44:01 | HEARTBEAT | SYSTEM | EA alive. Tick=9500 Equity=44972.40 OpenPos=0 PendingOrders=0 UTC=2026.03.25 01:44 DayOfWeek=3 WeekendCloseActive=NO NewTradeBlocked=NO | 9500.000000
IF	0	19:45:01.298	Cazyxio_v4.4 (EURUSD,M15)	2026.03.25 01:45:01 | HEARTBEAT | SYSTEM | EA alive. Tick=9600 Equity=44972.40 OpenPos=0 PendingOrders=0 UTC=2026.03.25 01:45 DayOfWeek=3 WeekendCloseActive=NO NewTradeBlocked=NO | 9600.000000
DP	0	19:46:03.120	Cazyxio_v4.4 (EURUSD,M15)	2026.03.25 01:46:03 | HEARTBEAT | SYSTEM | EA alive. Tick=9700 Equity=44972.40 OpenPos=0 PendingOrders=0 UTC=2026.03.25 01:46 DayOfWeek=3 WeekendCloseActive=NO NewTradeBlocked=NO | 9700.000000
MR	0	19:47:16.041	Cazyxio_v4.4 (EURUSD,M15)	2026.03.25 01:47:16 | HEARTBEAT | SYSTEM | EA alive. Tick=9800 Equity=44972.40 OpenPos=0 PendingOrders=0 UTC=2026.03.25 01:47 DayOfWeek=3 WeekendCloseActive=NO NewTradeBlocked=NO | 9800.000000
HL	0	19:48:42.809	Cazyxio_v4.4 (EURUSD,M15)	2026.03.25 01:48:42 | HEARTBEAT | SYSTEM | EA alive. Tick=9900 Equity=44972.40 OpenPos=0 PendingOrders=0 UTC=2026.03.25 01:48 DayOfWeek=3 WeekendCloseActive=NO NewTradeBlocked=NO | 9900.000000
CI	0	19:50:48.881	Cazyxio_v4.4 (EURUSD,M15)	2026.03.25 01:50:48 | HEARTBEAT | SYSTEM | EA alive. Tick=10000 Equity=44972.40 OpenPos=0 PendingOrders=0 UTC=2026.03.25 01:50 DayOfWeek=3 WeekendCloseActive=NO NewTradeBlocked=NO | 10000.000000
KK	0	19:52:06.803	Cazyxio_v4.4 (EURUSD,M15)	2026.03.25 01:52:06 | HEARTBEAT | SYSTEM | EA alive. Tick=10100 Equity=44972.40 OpenPos=0 PendingOrders=0 UTC=2026.03.25 01:52 DayOfWeek=3 WeekendCloseActive=NO NewTradeBlocked=NO | 10100.000000
FE	0	19:53:41.809	Cazyxio_v4.4 (EURUSD,M15)	2026.03.25 01:53:41 | HEARTBEAT | SYSTEM | EA alive. Tick=10200 Equity=44972.40 OpenPos=0 PendingOrders=0 UTC=2026.03.25 01:53 DayOfWeek=3 WeekendCloseActive=NO NewTradeBlocked=NO | 10200.000000
GG	0	19:55:13.356	Cazyxio_v4.4 (EURUSD,M15)	2026.03.25 01:55:13 | HEARTBEAT | SYSTEM | EA alive. Tick=10300 Equity=44972.40 OpenPos=0 PendingOrders=0 UTC=2026.03.25 01:55 DayOfWeek=3 WeekendCloseActive=NO NewTradeBlocked=NO | 10300.000000
IQ	0	19:56:55.760	Cazyxio_v4.4 (EURUSD,M15)	2026.03.25 01:56:55 | HEARTBEAT | SYSTEM | EA alive. Tick=10400 Equity=44972.40 OpenPos=0 PendingOrders=0 UTC=2026.03.25 01:56 DayOfWeek=3 WeekendCloseActive=NO NewTradeBlocked=NO | 10400.000000
PS	0	19:58:25.352	Cazyxio_v4.4 (EURUSD,M15)	2026.03.25 01:58:25 | HEARTBEAT | SYSTEM | EA alive. Tick=10500 Equity=44972.40 OpenPos=0 PendingOrders=0 UTC=2026.03.25 01:58 DayOfWeek=3 WeekendCloseActive=NO NewTradeBlocked=NO | 10500.000000
CM	0	19:59:51.228	Cazyxio_v4.4 (EURUSD,M15)	2026.03.25 01:59:51 | HEARTBEAT | SYSTEM | EA alive. Tick=10600 Equity=44972.40 OpenPos=0 PendingOrders=0 UTC=2026.03.25 01:59 DayOfWeek=3 WeekendCloseActive=NO NewTradeBlocked=NO | 10600.000000
CQ	0	20:00:00.510	Cazyxio_v4.4 (EURUSD,M15)	2026.03.25 02:00:00 | SESSION_WAIT | SYSTEM | Outside session. UTC_hour=2 Waiting.
LO	0	20:00:53.124	Cazyxio_v4.4 (EURUSD,M15)	2026.03.25 02:00:53 | HEARTBEAT | SYSTEM | EA alive. Tick=10700 Equity=44972.40 OpenPos=0 PendingOrders=0 UTC=2026.03.25 02:00 DayOfWeek=3 WeekendCloseActive=NO NewTradeBlocked=NO | 10700.000000
MI	0	20:01:59.454	Cazyxio_v4.4 (EURUSD,M15)	2026.03.25 02:01:59 | HEARTBEAT | SYSTEM | EA alive. Tick=10800 Equity=44972.40 OpenPos=0 PendingOrders=0 UTC=2026.03.25 02:01 DayOfWeek=3 WeekendCloseActive=NO NewTradeBlocked=NO | 10800.000000
DK	0	20:03:54.840	Cazyxio_v4.4 (EURUSD,M15)	2026.03.25 02:03:54 | HEARTBEAT | SYSTEM | EA alive. Tick=10900 Equity=44972.40 OpenPos=0 PendingOrders=0 UTC=2026.03.25 02:03 DayOfWeek=3 WeekendCloseActive=NO NewTradeBlocked=NO | 10900.000000
CE	0	20:05:28.128	Cazyxio_v4.4 (EURUSD,M15)	2026.03.25 02:05:28 | HEARTBEAT | SYSTEM | EA alive. Tick=11000 Equity=44972.40 OpenPos=0 PendingOrders=0 UTC=2026.03.25 02:05 DayOfWeek=3 WeekendCloseActive=NO NewTradeBlocked=NO | 11000.000000
GG	0	20:07:40.915	Cazyxio_v4.4 (EURUSD,M15)	2026.03.25 02:07:40 | HEARTBEAT | SYSTEM | EA alive. Tick=11100 Equity=44972.40 OpenPos=0 PendingOrders=0 UTC=2026.03.25 02:07 DayOfWeek=3 WeekendCloseActive=NO NewTradeBlocked=NO | 11100.000000
JQ	0	20:09:46.231	Cazyxio_v4.4 (EURUSD,M15)	2026.03.25 02:09:46 | HEARTBEAT | SYSTEM | EA alive. Tick=11200 Equity=44972.40 OpenPos=0 PendingOrders=0 UTC=2026.03.25 02:09 DayOfWeek=3 WeekendCloseActive=NO NewTradeBlocked=NO | 11200.000000
NS	0	20:10:51.994	Cazyxio_v4.4 (EURUSD,M15)	2026.03.25 02:10:51 | HEARTBEAT | SYSTEM | EA alive. Tick=11300 Equity=44972.40 OpenPos=0 PendingOrders=0 UTC=2026.03.25 02:10 DayOfWeek=3 WeekendCloseActive=NO NewTradeBlocked=NO | 11300.000000
LM	0	20:12:11.730	Cazyxio_v4.4 (EURUSD,M15)	2026.03.25 02:12:11 | HEARTBEAT | SYSTEM | EA alive. Tick=11400 Equity=44972.40 OpenPos=0 PendingOrders=0 UTC=2026.03.25 02:12 DayOfWeek=3 WeekendCloseActive=NO NewTradeBlocked=NO | 11400.000000
PO	0	20:13:25.427	Cazyxio_v4.4 (EURUSD,M15)	2026.03.25 02:13:25 | HEARTBEAT | SYSTEM | EA alive. Tick=11500 Equity=44972.40 OpenPos=0 PendingOrders=0 UTC=2026.03.25 02:13 DayOfWeek=3 WeekendCloseActive=NO NewTradeBlocked=NO | 11500.000000
GI	0	20:15:09.428	Cazyxio_v4.4 (EURUSD,M15)	2026.03.25 02:15:09 | HEARTBEAT | SYSTEM | EA alive. Tick=11600 Equity=44972.40 OpenPos=0 PendingOrders=0 UTC=2026.03.25 02:15 DayOfWeek=3 WeekendCloseActive=NO NewTradeBlocked=NO | 11600.000000
KK	0	20:16:52.463	Cazyxio_v4.4 (EURUSD,M15)	2026.03.25 02:16:52 | HEARTBEAT | SYSTEM | EA alive. Tick=11700 Equity=44972.40 OpenPos=0 PendingOrders=0 UTC=2026.03.25 02:16 DayOfWeek=3 WeekendCloseActive=NO NewTradeBlocked=NO | 11700.000000
GE	0	20:17:46.628	Cazyxio_v4.4 (EURUSD,M15)	2026.03.25 02:17:46 | HEARTBEAT | SYSTEM | EA alive. Tick=11800 Equity=44972.40 OpenPos=0 PendingOrders=0 UTC=2026.03.25 02:17 DayOfWeek=3 WeekendCloseActive=NO NewTradeBlocked=NO | 11800.000000
FG	0	20:19:25.005	Cazyxio_v4.4 (EURUSD,M15)	2026.03.25 02:19:25 | HEARTBEAT | SYSTEM | EA alive. Tick=11900 Equity=44972.40 OpenPos=0 PendingOrders=0 UTC=2026.03.25 02:19 DayOfWeek=3 WeekendCloseActive=NO NewTradeBlocked=NO | 11900.000000
MQ	0	20:20:40.431	Cazyxio_v4.4 (EURUSD,M15)	2026.03.25 02:20:40 | HEARTBEAT | SYSTEM | EA alive. Tick=12000 Equity=44972.40 OpenPos=0 PendingOrders=0 UTC=2026.03.25 02:20 DayOfWeek=3 WeekendCloseActive=NO NewTradeBlocked=NO | 12000.000000
GS	0	20:21:55.900	Cazyxio_v4.4 (EURUSD,M15)	2026.03.25 02:21:55 | HEARTBEAT | SYSTEM | EA alive. Tick=12100 Equity=44972.40 OpenPos=0 PendingOrders=0 UTC=2026.03.25 02:21 DayOfWeek=3 WeekendCloseActive=NO NewTradeBlocked=NO | 12100.000000
IM	0	20:23:24.584	Cazyxio_v4.4 (EURUSD,M15)	2026.03.25 02:23:24 | HEARTBEAT | SYSTEM | EA alive. Tick=12200 Equity=44972.40 OpenPos=0 PendingOrders=0 UTC=2026.03.25 02:23 DayOfWeek=3 WeekendCloseActive=NO NewTradeBlocked=NO | 12200.000000
RO	0	20:25:08.789	Cazyxio_v4.4 (EURUSD,M15)	2026.03.25 02:25:08 | HEARTBEAT | SYSTEM | EA alive. Tick=12300 Equity=44972.40 OpenPos=0 PendingOrders=0 UTC=2026.03.25 02:25 DayOfWeek=3 WeekendCloseActive=NO NewTradeBlocked=NO | 12300.000000
CI	0	20:26:19.875	Cazyxio_v4.4 (EURUSD,M15)	2026.03.25 02:26:19 | HEARTBEAT | SYSTEM | EA alive. Tick=12400 Equity=44972.40 OpenPos=0 PendingOrders=0 UTC=2026.03.25 02:26 DayOfWeek=3 WeekendCloseActive=NO NewTradeBlocked=NO | 12400.000000
MK	0	20:27:43.414	Cazyxio_v4.4 (EURUSD,M15)	2026.03.25 02:27:43 | HEARTBEAT | SYSTEM | EA alive. Tick=12500 Equity=44972.40 OpenPos=0 PendingOrders=0 UTC=2026.03.25 02:27 DayOfWeek=3 WeekendCloseActive=NO NewTradeBlocked=NO | 12500.000000
RE	0	20:29:02.039	Cazyxio_v4.4 (EURUSD,M15)	2026.03.25 02:29:02 | HEARTBEAT | SYSTEM | EA alive. Tick=12600 Equity=44972.40 OpenPos=0 PendingOrders=0 UTC=2026.03.25 02:29 DayOfWeek=3 WeekendCloseActive=NO NewTradeBlocked=NO | 12600.000000
OG	0	20:30:14.643	Cazyxio_v4.4 (EURUSD,M15)	2026.03.25 02:30:14 | HEARTBEAT | SYSTEM | EA alive. Tick=12700 Equity=44972.40 OpenPos=0 PendingOrders=0 UTC=2026.03.25 02:30 DayOfWeek=3 WeekendCloseActive=NO NewTradeBlocked=NO | 12700.000000
KQ	0	20:31:43.015	Cazyxio_v4.4 (EURUSD,M15)	2026.03.25 02:31:43 | HEARTBEAT | SYSTEM | EA alive. Tick=12800 Equity=44972.40 OpenPos=0 PendingOrders=0 UTC=2026.03.25 02:31 DayOfWeek=3 WeekendCloseActive=NO NewTradeBlocked=NO | 12800.000000
QS	0	20:32:56.771	Cazyxio_v4.4 (EURUSD,M15)	2026.03.25 02:32:56 | HEARTBEAT | SYSTEM | EA alive. Tick=12900 Equity=44972.40 OpenPos=0 PendingOrders=0 UTC=2026.03.25 02:32 DayOfWeek=3 WeekendCloseActive=NO NewTradeBlocked=NO | 12900.000000
DM	0	20:34:12.954	Cazyxio_v4.4 (EURUSD,M15)	2026.03.25 02:34:12 | HEARTBEAT | SYSTEM | EA alive. Tick=13000 Equity=44972.40 OpenPos=0 PendingOrders=0 UTC=2026.03.25 02:34 DayOfWeek=3 WeekendCloseActive=NO NewTradeBlocked=NO | 13000.000000
NO	0	20:35:55.416	Cazyxio_v4.4 (EURUSD,M15)	2026.03.25 02:35:55 | HEARTBEAT | SYSTEM | EA alive. Tick=13100 Equity=44972.40 OpenPos=0 PendingOrders=0 UTC=2026.03.25 02:35 DayOfWeek=3 WeekendCloseActive=NO NewTradeBlocked=NO | 13100.000000
GI	0	20:38:14.023	Cazyxio_v4.4 (EURUSD,M15)	2026.03.25 02:38:14 | HEARTBEAT | SYSTEM | EA alive. Tick=13200 Equity=44972.40 OpenPos=0 PendingOrders=0 UTC=2026.03.25 02:38 DayOfWeek=3 WeekendCloseActive=NO NewTradeBlocked=NO | 13200.000000
DK	0	20:39:26.621	Cazyxio_v4.4 (EURUSD,M15)	2026.03.25 02:39:26 | HEARTBEAT | SYSTEM | EA alive. Tick=13300 Equity=44972.40 OpenPos=0 PendingOrders=0 UTC=2026.03.25 02:39 DayOfWeek=3 WeekendCloseActive=NO NewTradeBlocked=NO | 13300.000000
IE	0	20:41:25.793	Cazyxio_v4.4 (EURUSD,M15)	2026.03.25 02:41:25 | HEARTBEAT | SYSTEM | EA alive. Tick=13400 Equity=44972.40 OpenPos=0 PendingOrders=0 UTC=2026.03.25 02:41 DayOfWeek=3 WeekendCloseActive=NO NewTradeBlocked=NO | 13400.000000
LG	0	20:43:29.110	Cazyxio_v4.4 (EURUSD,M15)	2026.03.25 02:43:29 | HEARTBEAT | SYSTEM | EA alive. Tick=13500 Equity=44972.40 OpenPos=0 PendingOrders=0 UTC=2026.03.25 02:43 DayOfWeek=3 WeekendCloseActive=NO NewTradeBlocked=NO | 13500.000000
NQ	0	20:44:44.984	Cazyxio_v4.4 (EURUSD,M15)	2026.03.25 02:44:44 | HEARTBEAT | SYSTEM | EA alive. Tick=13600 Equity=44972.40 OpenPos=0 PendingOrders=0 UTC=2026.03.25 02:44 DayOfWeek=3 WeekendCloseActive=NO NewTradeBlocked=NO | 13600.000000
RS	0	20:46:19.210	Cazyxio_v4.4 (EURUSD,M15)	2026.03.25 02:46:19 | HEARTBEAT | SYSTEM | EA alive. Tick=13700 Equity=44972.40 OpenPos=0 PendingOrders=0 UTC=2026.03.25 02:46 DayOfWeek=3 WeekendCloseActive=NO NewTradeBlocked=NO | 13700.000000
MM	0	20:47:43.272	Cazyxio_v4.4 (EURUSD,M15)	2026.03.25 02:47:43 | HEARTBEAT | SYSTEM | EA alive. Tick=13800 Equity=44972.40 OpenPos=0 PendingOrders=0 UTC=2026.03.25 02:47 DayOfWeek=3 WeekendCloseActive=NO NewTradeBlocked=NO | 13800.000000
CO	0	20:49:08.113	Cazyxio_v4.4 (EURUSD,M15)	2026.03.25 02:49:08 | HEARTBEAT | SYSTEM | EA alive. Tick=13900 Equity=44972.40 OpenPos=0 PendingOrders=0 UTC=2026.03.25 02:49 DayOfWeek=3 WeekendCloseActive=NO NewTradeBlocked=NO | 13900.000000
GI	0	20:50:26.708	Cazyxio_v4.4 (EURUSD,M15)	2026.03.25 02:50:26 | HEARTBEAT | SYSTEM | EA alive. Tick=14000 Equity=44972.40 OpenPos=0 PendingOrders=0 UTC=2026.03.25 02:50 DayOfWeek=3 WeekendCloseActive=NO NewTradeBlocked=NO | 14000.000000
LK	0	20:51:57.517	Cazyxio_v4.4 (EURUSD,M15)	2026.03.25 02:51:57 | HEARTBEAT | SYSTEM | EA alive. Tick=14100 Equity=44972.40 OpenPos=0 PendingOrders=0 UTC=2026.03.25 02:51 DayOfWeek=3 WeekendCloseActive=NO NewTradeBlocked=NO | 14100.000000
IE	0	20:54:16.548	Cazyxio_v4.4 (EURUSD,M15)	2026.03.25 02:54:16 | HEARTBEAT | SYSTEM | EA alive. Tick=14200 Equity=44972.40 OpenPos=0 PendingOrders=0 UTC=2026.03.25 02:54 DayOfWeek=3 WeekendCloseActive=NO NewTradeBlocked=NO | 14200.000000
QG	0	20:56:22.443	Cazyxio_v4.4 (EURUSD,M15)	2026.03.25 02:56:22 | HEARTBEAT | SYSTEM | EA alive. Tick=14300 Equity=44972.40 OpenPos=0 PendingOrders=0 UTC=2026.03.25 02:56 DayOfWeek=3 WeekendCloseActive=NO NewTradeBlocked=NO | 14300.000000
NQ	0	20:57:52.337	Cazyxio_v4.4 (EURUSD,M15)	2026.03.25 02:57:52 | HEARTBEAT | SYSTEM | EA alive. Tick=14400 Equity=44972.40 OpenPos=0 PendingOrders=0 UTC=2026.03.25 02:57 DayOfWeek=3 WeekendCloseActive=NO NewTradeBlocked=NO | 14400.000000
DS	0	20:59:26.245	Cazyxio_v4.4 (EURUSD,M15)	2026.03.25 02:59:26 | HEARTBEAT | SYSTEM | EA alive. Tick=14500 Equity=44972.40 OpenPos=0 PendingOrders=0 UTC=2026.03.25 02:59 DayOfWeek=3 WeekendCloseActive=NO NewTradeBlocked=NO | 14500.000000
JS	0	21:00:00.673	Cazyxio_v4.4 (EURUSD,M15)	2026.03.25 03:00:00 | SESSION_WAIT | SYSTEM | Outside session. UTC_hour=3 Waiting.
LM	0	21:00:45.035	Cazyxio_v4.4 (EURUSD,M15)	2026.03.25 03:00:45 | HEARTBEAT | SYSTEM | EA alive. Tick=14600 Equity=44972.40 OpenPos=0 PendingOrders=0 UTC=2026.03.25 03:00 DayOfWeek=3 WeekendCloseActive=NO NewTradeBlocked=NO | 14600.000000
RO	0	21:02:40.277	Cazyxio_v4.4 (EURUSD,M15)	2026.03.25 03:02:40 | HEARTBEAT | SYSTEM | EA alive. Tick=14700 Equity=44972.40 OpenPos=0 PendingOrders=0 UTC=2026.03.25 03:02 DayOfWeek=3 WeekendCloseActive=NO NewTradeBlocked=NO | 14700.000000
PI	0	21:04:37.622	Cazyxio_v4.4 (EURUSD,M15)	2026.03.25 03:04:37 | HEARTBEAT | SYSTEM | EA alive. Tick=14800 Equity=44972.40 OpenPos=0 PendingOrders=0 UTC=2026.03.25 03:04 DayOfWeek=3 WeekendCloseActive=NO NewTradeBlocked=NO | 14800.000000
HK	0	21:06:29.491	Cazyxio_v4.4 (EURUSD,M15)	2026.03.25 03:06:29 | HEARTBEAT | SYSTEM | EA alive. Tick=14900 Equity=44972.40 OpenPos=0 PendingOrders=0 UTC=2026.03.25 03:06 DayOfWeek=3 WeekendCloseActive=NO NewTradeBlocked=NO | 14900.000000
HE	0	21:08:20.310	Cazyxio_v4.4 (EURUSD,M15)	2026.03.25 03:08:20 | HEARTBEAT | SYSTEM | EA alive. Tick=15000 Equity=44972.40 OpenPos=0 PendingOrders=0 UTC=2026.03.25 03:08 DayOfWeek=3 WeekendCloseActive=NO NewTradeBlocked=NO | 15000.000000
EG	0	21:10:24.408	Cazyxio_v4.4 (EURUSD,M15)	2026.03.25 03:10:24 | HEARTBEAT | SYSTEM | EA alive. Tick=15100 Equity=44972.40 OpenPos=0 PendingOrders=0 UTC=2026.03.25 03:10 DayOfWeek=3 WeekendCloseActive=NO NewTradeBlocked=NO | 15100.000000
PQ	0	21:12:19.346	Cazyxio_v4.4 (EURUSD,M15)	2026.03.25 03:12:19 | HEARTBEAT | SYSTEM | EA alive. Tick=15200 Equity=44972.40 OpenPos=0 PendingOrders=0 UTC=2026.03.25 03:12 DayOfWeek=3 WeekendCloseActive=NO NewTradeBlocked=NO | 15200.000000
HS	0	21:13:23.910	Cazyxio_v4.4 (EURUSD,M15)	2026.03.25 03:13:23 | HEARTBEAT | SYSTEM | EA alive. Tick=15300 Equity=44972.40 OpenPos=0 PendingOrders=0 UTC=2026.03.25 03:13 DayOfWeek=3 WeekendCloseActive=NO NewTradeBlocked=NO | 15300.000000
FM	0	21:14:58.559	Cazyxio_v4.4 (EURUSD,M15)	2026.03.25 03:14:58 | HEARTBEAT | SYSTEM | EA alive. Tick=15400 Equity=44972.40 OpenPos=0 PendingOrders=0 UTC=2026.03.25 03:14 DayOfWeek=3 WeekendCloseActive=NO NewTradeBlocked=NO | 15400.000000
LO	0	21:16:42.753	Cazyxio_v4.4 (EURUSD,M15)	2026.03.25 03:16:42 | HEARTBEAT | SYSTEM | EA alive. Tick=15500 Equity=44972.40 OpenPos=0 PendingOrders=0 UTC=2026.03.25 03:16 DayOfWeek=3 WeekendCloseActive=NO NewTradeBlocked=NO | 15500.000000
HI	0	21:18:38.715	Cazyxio_v4.4 (EURUSD,M15)	2026.03.25 03:18:38 | HEARTBEAT | SYSTEM | EA alive. Tick=15600 Equity=44972.40 OpenPos=0 PendingOrders=0 UTC=2026.03.25 03:18 DayOfWeek=3 WeekendCloseActive=NO NewTradeBlocked=NO | 15600.000000
MK	0	21:20:33.700	Cazyxio_v4.4 (EURUSD,M15)	2026.03.25 03:20:33 | HEARTBEAT | SYSTEM | EA alive. Tick=15700 Equity=44972.40 OpenPos=0 PendingOrders=0 UTC=2026.03.25 03:20 DayOfWeek=3 WeekendCloseActive=NO NewTradeBlocked=NO | 15700.000000
IE	0	21:21:50.875	Cazyxio_v4.4 (EURUSD,M15)	2026.03.25 03:21:50 | HEARTBEAT | SYSTEM | EA alive. Tick=15800 Equity=44972.40 OpenPos=0 PendingOrders=0 UTC=2026.03.25 03:21 DayOfWeek=3 WeekendCloseActive=NO NewTradeBlocked=NO | 15800.000000
RG	0	21:23:31.753	Cazyxio_v4.4 (EURUSD,M15)	2026.03.25 03:23:31 | HEARTBEAT | SYSTEM | EA alive. Tick=15900 Equity=44972.40 OpenPos=0 PendingOrders=0 UTC=2026.03.25 03:23 DayOfWeek=3 WeekendCloseActive=NO NewTradeBlocked=NO | 15900.000000
QQ	0	21:24:51.250	Cazyxio_v4.4 (EURUSD,M15)	2026.03.25 03:24:51 | HEARTBEAT | SYSTEM | EA alive. Tick=16000 Equity=44972.40 OpenPos=0 PendingOrders=0 UTC=2026.03.25 03:24 DayOfWeek=3 WeekendCloseActive=NO NewTradeBlocked=NO | 16000.000000
QS	0	21:26:40.050	Cazyxio_v4.4 (EURUSD,M15)	2026.03.25 03:26:40 | HEARTBEAT | SYSTEM | EA alive. Tick=16100 Equity=44972.40 OpenPos=0 PendingOrders=0 UTC=2026.03.25 03:26 DayOfWeek=3 WeekendCloseActive=NO NewTradeBlocked=NO | 16100.000000
GM	0	21:28:41.809	Cazyxio_v4.4 (EURUSD,M15)	2026.03.25 03:28:41 | HEARTBEAT | SYSTEM | EA alive. Tick=16200 Equity=44972.40 OpenPos=0 PendingOrders=0 UTC=2026.03.25 03:28 DayOfWeek=3 WeekendCloseActive=NO NewTradeBlocked=NO | 16200.000000
RO	0	21:30:09.571	Cazyxio_v4.4 (EURUSD,M15)	2026.03.25 03:30:09 | HEARTBEAT | SYSTEM | EA alive. Tick=16300 Equity=44972.40 OpenPos=0 PendingOrders=0 UTC=2026.03.25 03:30 DayOfWeek=3 WeekendCloseActive=NO NewTradeBlocked=NO | 16300.000000
QI	0	21:32:30.110	Cazyxio_v4.4 (EURUSD,M15)	2026.03.25 03:32:30 | HEARTBEAT | SYSTEM | EA alive. Tick=16400 Equity=44972.40 OpenPos=0 PendingOrders=0 UTC=2026.03.25 03:32 DayOfWeek=3 WeekendCloseActive=NO NewTradeBlocked=NO | 16400.000000
KK	0	21:34:32.110	Cazyxio_v4.4 (EURUSD,M15)	2026.03.25 03:34:32 | HEARTBEAT | SYSTEM | EA alive. Tick=16500 Equity=44972.40 OpenPos=0 PendingOrders=0 UTC=2026.03.25 03:34 DayOfWeek=3 WeekendCloseActive=NO NewTradeBlocked=NO | 16500.000000
KE	0	21:36:01.200	Cazyxio_v4.4 (EURUSD,M15)	2026.03.25 03:36:01 | HEARTBEAT | SYSTEM | EA alive. Tick=16600 Equity=44972.40 OpenPos=0 PendingOrders=0 UTC=2026.03.25 03:36 DayOfWeek=3 WeekendCloseActive=NO NewTradeBlocked=NO | 16600.000000
QG	0	21:37:26.335	Cazyxio_v4.4 (EURUSD,M15)	2026.03.25 03:37:26 | HEARTBEAT | SYSTEM | EA alive. Tick=16700 Equity=44972.40 OpenPos=0 PendingOrders=0 UTC=2026.03.25 03:37 DayOfWeek=3 WeekendCloseActive=NO NewTradeBlocked=NO | 16700.000000
GQ	0	21:39:28.023	Cazyxio_v4.4 (EURUSD,M15)	2026.03.25 03:39:28 | HEARTBEAT | SYSTEM | EA alive. Tick=16800 Equity=44972.40 OpenPos=0 PendingOrders=0 UTC=2026.03.25 03:39 DayOfWeek=3 WeekendCloseActive=NO NewTradeBlocked=NO | 16800.000000
MS	0	21:40:56.551	Cazyxio_v4.4 (EURUSD,M15)	2026.03.25 03:40:56 | HEARTBEAT | SYSTEM | EA alive. Tick=16900 Equity=44972.40 OpenPos=0 PendingOrders=0 UTC=2026.03.25 03:40 DayOfWeek=3 WeekendCloseActive=NO NewTradeBlocked=NO | 16900.000000
QM	0	21:43:01.677	Cazyxio_v4.4 (EURUSD,M15)	2026.03.25 03:43:01 | HEARTBEAT | SYSTEM | EA alive. Tick=17000 Equity=44972.40 OpenPos=0 PendingOrders=0 UTC=2026.03.25 03:43 DayOfWeek=3 WeekendCloseActive=NO NewTradeBlocked=NO | 17000.000000
OO	0	21:45:33.165	Cazyxio_v4.4 (EURUSD,M15)	2026.03.25 03:45:33 | HEARTBEAT | SYSTEM | EA alive. Tick=17100 Equity=44972.40 OpenPos=0 PendingOrders=0 UTC=2026.03.25 03:45 DayOfWeek=3 WeekendCloseActive=NO NewTradeBlocked=NO | 17100.000000
QI	0	21:48:29.973	Cazyxio_v4.4 (EURUSD,M15)	2026.03.25 03:48:29 | HEARTBEAT | SYSTEM | EA alive. Tick=17200 Equity=44972.40 OpenPos=0 PendingOrders=0 UTC=2026.03.25 03:48 DayOfWeek=3 WeekendCloseActive=NO NewTradeBlocked=NO | 17200.000000
RK	0	21:50:38.353	Cazyxio_v4.4 (EURUSD,M15)	2026.03.25 03:50:38 | HEARTBEAT | SYSTEM | EA alive. Tick=17300 Equity=44972.40 OpenPos=0 PendingOrders=0 UTC=2026.03.25 03:50 DayOfWeek=3 WeekendCloseActive=NO NewTradeBlocked=NO | 17300.000000
ME	0	21:53:04.245	Cazyxio_v4.4 (EURUSD,M15)	2026.03.25 03:53:04 | HEARTBEAT | SYSTEM | EA alive. Tick=17400 Equity=44972.40 OpenPos=0 PendingOrders=0 UTC=2026.03.25 03:53 DayOfWeek=3 WeekendCloseActive=NO NewTradeBlocked=NO | 17400.000000
FG	0	21:55:27.396	Cazyxio_v4.4 (EURUSD,M15)	2026.03.25 03:55:27 | HEARTBEAT | SYSTEM | EA alive. Tick=17500 Equity=44972.40 OpenPos=0 PendingOrders=0 UTC=2026.03.25 03:55 DayOfWeek=3 WeekendCloseActive=NO NewTradeBlocked=NO | 17500.000000
RQ	0	21:57:18.938	Cazyxio_v4.4 (EURUSD,M15)	2026.03.25 03:57:18 | HEARTBEAT | SYSTEM | EA alive. Tick=17600 Equity=44972.40 OpenPos=0 PendingOrders=0 UTC=2026.03.25 03:57 DayOfWeek=3 WeekendCloseActive=NO NewTradeBlocked=NO | 17600.000000
LS	0	21:58:21.957	Cazyxio_v4.4 (EURUSD,M15)	2026.03.25 03:58:21 | HEARTBEAT | SYSTEM | EA alive. Tick=17700 Equity=44972.40 OpenPos=0 PendingOrders=0 UTC=2026.03.25 03:58 DayOfWeek=3 WeekendCloseActive=NO NewTradeBlocked=NO | 17700.000000
DM	0	21:59:32.130	Cazyxio_v4.4 (EURUSD,M15)	2026.03.25 03:59:32 | HEARTBEAT | SYSTEM | EA alive. Tick=17800 Equity=44972.40 OpenPos=0 PendingOrders=0 UTC=2026.03.25 03:59 DayOfWeek=3 WeekendCloseActive=NO NewTradeBlocked=NO | 17800.000000
DQ	0	22:00:00.733	Cazyxio_v4.4 (EURUSD,M15)	2026.03.25 04:00:00 | SESSION_WAIT | SYSTEM | Outside session. UTC_hour=4 Waiting.
FO	0	22:01:18.835	Cazyxio_v4.4 (EURUSD,M15)	2026.03.25 04:01:18 | HEARTBEAT | SYSTEM | EA alive. Tick=17900 Equity=44972.40 OpenPos=0 PendingOrders=0 UTC=2026.03.25 04:01 DayOfWeek=3 WeekendCloseActive=NO NewTradeBlocked=NO | 17900.000000
GI	0	22:03:22.847	Cazyxio_v4.4 (EURUSD,M15)	2026.03.25 04:03:22 | HEARTBEAT | SYSTEM | EA alive. Tick=18000 Equity=44972.40 OpenPos=0 PendingOrders=0 UTC=2026.03.25 04:03 DayOfWeek=3 WeekendCloseActive=NO NewTradeBlocked=NO | 18000.000000
KK	0	22:05:56.670	Cazyxio_v4.4 (EURUSD,M15)	2026.03.25 04:05:56 | HEARTBEAT | SYSTEM | EA alive. Tick=18100 Equity=44972.40 OpenPos=0 PendingOrders=0 UTC=2026.03.25 04:05 DayOfWeek=3 WeekendCloseActive=NO NewTradeBlocked=NO | 18100.000000
PE	0	22:07:43.215	Cazyxio_v4.4 (EURUSD,M15)	2026.03.25 04:07:43 | HEARTBEAT | SYSTEM | EA alive. Tick=18200 Equity=44972.40 OpenPos=0 PendingOrders=0 UTC=2026.03.25 04:07 DayOfWeek=3 WeekendCloseActive=NO NewTradeBlocked=NO | 18200.000000
QG	0	22:10:13.399	Cazyxio_v4.4 (EURUSD,M15)	2026.03.25 04:10:13 | HEARTBEAT | SYSTEM | EA alive. Tick=18300 Equity=44972.40 OpenPos=0 PendingOrders=0 UTC=2026.03.25 04:10 DayOfWeek=3 WeekendCloseActive=NO NewTradeBlocked=NO | 18300.000000
NQ	0	22:12:58.859	Cazyxio_v4.4 (EURUSD,M15)	2026.03.25 04:12:58 | HEARTBEAT | SYSTEM | EA alive. Tick=18400 Equity=44972.40 OpenPos=0 PendingOrders=0 UTC=2026.03.25 04:12 DayOfWeek=3 WeekendCloseActive=NO NewTradeBlocked=NO | 18400.000000
FS	0	22:15:55.748	Cazyxio_v4.4 (EURUSD,M15)	2026.03.25 04:15:55 | HEARTBEAT | SYSTEM | EA alive. Tick=18500 Equity=44972.40 OpenPos=0 PendingOrders=0 UTC=2026.03.25 04:15 DayOfWeek=3 WeekendCloseActive=NO NewTradeBlocked=NO | 18500.000000
LM	0	22:18:53.972	Cazyxio_v4.4 (EURUSD,M15)	2026.03.25 04:18:53 | HEARTBEAT | SYSTEM | EA alive. Tick=18600 Equity=44972.40 OpenPos=0 PendingOrders=0 UTC=2026.03.25 04:18 DayOfWeek=3 WeekendCloseActive=NO NewTradeBlocked=NO | 18600.000000
IO	0	22:21:37.867	Cazyxio_v4.4 (EURUSD,M15)	2026.03.25 04:21:37 | HEARTBEAT | SYSTEM | EA alive. Tick=18700 Equity=44972.40 OpenPos=0 PendingOrders=0 UTC=2026.03.25 04:21 DayOfWeek=3 WeekendCloseActive=NO NewTradeBlocked=NO | 18700.000000
GI	0	22:23:39.081	Cazyxio_v4.4 (EURUSD,M15)	2026.03.25 04:23:39 | HEARTBEAT | SYSTEM | EA alive. Tick=18800 Equity=44972.40 OpenPos=0 PendingOrders=0 UTC=2026.03.25 04:23 DayOfWeek=3 WeekendCloseActive=NO NewTradeBlocked=NO | 18800.000000
RK	0	22:25:53.114	Cazyxio_v4.4 (EURUSD,M15)	2026.03.25 04:25:53 | HEARTBEAT | SYSTEM | EA alive. Tick=18900 Equity=44972.40 OpenPos=0 PendingOrders=0 UTC=2026.03.25 04:25 DayOfWeek=3 WeekendCloseActive=NO NewTradeBlocked=NO | 18900.000000
KE	0	22:29:17.780	Cazyxio_v4.4 (EURUSD,M15)	2026.03.25 04:29:17 | HEARTBEAT | SYSTEM | EA alive. Tick=19000 Equity=44972.40 OpenPos=0 PendingOrders=0 UTC=2026.03.25 04:29 DayOfWeek=3 WeekendCloseActive=NO NewTradeBlocked=NO | 19000.000000
RG	0	22:30:47.891	Cazyxio_v4.4 (EURUSD,M15)	2026.03.25 04:30:47 | HEARTBEAT | SYSTEM | EA alive. Tick=19100 Equity=44972.40 OpenPos=0 PendingOrders=0 UTC=2026.03.25 04:30 DayOfWeek=3 WeekendCloseActive=NO NewTradeBlocked=NO | 19100.000000
QQ	0	22:32:23.641	Cazyxio_v4.4 (EURUSD,M15)	2026.03.25 04:32:23 | HEARTBEAT | SYSTEM | EA alive. Tick=19200 Equity=44972.40 OpenPos=0 PendingOrders=0 UTC=2026.03.25 04:32 DayOfWeek=3 WeekendCloseActive=NO NewTradeBlocked=NO | 19200.000000
JS	0	22:34:35.840	Cazyxio_v4.4 (EURUSD,M15)	2026.03.25 04:34:35 | HEARTBEAT | SYSTEM | EA alive. Tick=19300 Equity=44972.40 OpenPos=0 PendingOrders=0 UTC=2026.03.25 04:34 DayOfWeek=3 WeekendCloseActive=NO NewTradeBlocked=NO | 19300.000000
PM	0	22:39:03.597	Cazyxio_v4.4 (EURUSD,M15)	2026.03.25 04:39:03 | HEARTBEAT | SYSTEM | EA alive. Tick=19400 Equity=44972.40 OpenPos=0 PendingOrders=0 UTC=2026.03.25 04:39 DayOfWeek=3 WeekendCloseActive=NO NewTradeBlocked=NO | 19400.000000
KO	0	22:41:40.540	Cazyxio_v4.4 (EURUSD,M15)	2026.03.25 04:41:40 | HEARTBEAT | SYSTEM | EA alive. Tick=19500 Equity=44972.40 OpenPos=0 PendingOrders=0 UTC=2026.03.25 04:41 DayOfWeek=3 WeekendCloseActive=NO NewTradeBlocked=NO | 19500.000000
QI	0	22:44:17.244	Cazyxio_v4.4 (EURUSD,M15)	2026.03.25 04:44:17 | HEARTBEAT | SYSTEM | EA alive. Tick=19600 Equity=44972.40 OpenPos=0 PendingOrders=0 UTC=2026.03.25 04:44 DayOfWeek=3 WeekendCloseActive=NO NewTradeBlocked=NO | 19600.000000
NK	0	22:46:11.050	Cazyxio_v4.4 (EURUSD,M15)	2026.03.25 04:46:11 | HEARTBEAT | SYSTEM | EA alive. Tick=19700 Equity=44972.40 OpenPos=0 PendingOrders=0 UTC=2026.03.25 04:46 DayOfWeek=3 WeekendCloseActive=NO NewTradeBlocked=NO | 19700.000000
JE	0	22:49:09.350	Cazyxio_v4.4 (EURUSD,M15)	2026.03.25 04:49:09 | HEARTBEAT | SYSTEM | EA alive. Tick=19800 Equity=44972.40 OpenPos=0 PendingOrders=0 UTC=2026.03.25 04:49 DayOfWeek=3 WeekendCloseActive=NO NewTradeBlocked=NO | 19800.000000
LG	0	22:51:41.643	Cazyxio_v4.4 (EURUSD,M15)	2026.03.25 04:51:41 | HEARTBEAT | SYSTEM | EA alive. Tick=19900 Equity=44972.40 OpenPos=0 PendingOrders=0 UTC=2026.03.25 04:51 DayOfWeek=3 WeekendCloseActive=NO NewTradeBlocked=NO | 19900.000000
HQ	0	22:55:30.797	Cazyxio_v4.4 (EURUSD,M15)	2026.03.25 04:55:30 | HEARTBEAT | SYSTEM | EA alive. Tick=20000 Equity=44972.40 OpenPos=0 PendingOrders=0 UTC=2026.03.25 04:55 DayOfWeek=3 WeekendCloseActive=NO NewTradeBlocked=NO | 20000.000000
DS	0	22:58:00.990	Cazyxio_v4.4 (EURUSD,M15)	2026.03.25 04:58:00 | HEARTBEAT | SYSTEM | EA alive. Tick=20100 Equity=44972.40 OpenPos=0 PendingOrders=0 UTC=2026.03.25 04:58 DayOfWeek=3 WeekendCloseActive=NO NewTradeBlocked=NO | 20100.000000
JS	0	23:00:02.671	Cazyxio_v4.4 (EURUSD,M15)	2026.03.25 05:00:02 | SESSION_WAIT | SYSTEM | Outside session. UTC_hour=5 Waiting.
FM	0	23:00:24.806	Cazyxio_v4.4 (EURUSD,M15)	2026.03.25 05:00:24 | HEARTBEAT | SYSTEM | EA alive. Tick=20200 Equity=44972.40 OpenPos=0 PendingOrders=0 UTC=2026.03.25 05:00 DayOfWeek=3 WeekendCloseActive=NO NewTradeBlocked=NO | 20200.000000
LO	0	23:01:48.063	Cazyxio_v4.4 (EURUSD,M15)	2026.03.25 05:01:48 | HEARTBEAT | SYSTEM | EA alive. Tick=20300 Equity=44972.40 OpenPos=0 PendingOrders=0 UTC=2026.03.25 05:01 DayOfWeek=3 WeekendCloseActive=NO NewTradeBlocked=NO | 20300.000000
KI	0	23:04:03.537	Cazyxio_v4.4 (EURUSD,M15)	2026.03.25 05:04:03 | HEARTBEAT | SYSTEM | EA alive. Tick=20400 Equity=44972.40 OpenPos=0 PendingOrders=0 UTC=2026.03.25 05:04 DayOfWeek=3 WeekendCloseActive=NO NewTradeBlocked=NO | 20400.000000
IK	0	23:06:53.591	Cazyxio_v4.4 (EURUSD,M15)	2026.03.25 05:06:53 | HEARTBEAT | SYSTEM | EA alive. Tick=20500 Equity=44972.40 OpenPos=0 PendingOrders=0 UTC=2026.03.25 05:06 DayOfWeek=3 WeekendCloseActive=NO NewTradeBlocked=NO | 20500.000000
LE	0	23:08:37.840	Cazyxio_v4.4 (EURUSD,M15)	2026.03.25 05:08:37 | HEARTBEAT | SYSTEM | EA alive. Tick=20600 Equity=44972.40 OpenPos=0 PendingOrders=0 UTC=2026.03.25 05:08 DayOfWeek=3 WeekendCloseActive=NO NewTradeBlocked=NO | 20600.000000
DG	0	23:10:32.782	Cazyxio_v4.4 (EURUSD,M15)	2026.03.25 05:10:32 | HEARTBEAT | SYSTEM | EA alive. Tick=20700 Equity=44972.40 OpenPos=0 PendingOrders=0 UTC=2026.03.25 05:10 DayOfWeek=3 WeekendCloseActive=NO NewTradeBlocked=NO | 20700.000000
CQ	0	23:12:14.925	Cazyxio_v4.4 (EURUSD,M15)	2026.03.25 05:12:14 | HEARTBEAT | SYSTEM | EA alive. Tick=20800 Equity=44972.40 OpenPos=0 PendingOrders=0 UTC=2026.03.25 05:12 DayOfWeek=3 WeekendCloseActive=NO NewTradeBlocked=NO | 20800.000000
OS	0	23:15:05.225	Cazyxio_v4.4 (EURUSD,M15)	2026.03.25 05:15:05 | HEARTBEAT | SYSTEM | EA alive. Tick=20900 Equity=44972.40 OpenPos=0 PendingOrders=0 UTC=2026.03.25 05:15 DayOfWeek=3 WeekendCloseActive=NO NewTradeBlocked=NO | 20900.000000
GM	0	23:17:12.294	Cazyxio_v4.4 (EURUSD,M15)	2026.03.25 05:17:12 | HEARTBEAT | SYSTEM | EA alive. Tick=21000 Equity=44972.40 OpenPos=0 PendingOrders=0 UTC=2026.03.25 05:17 DayOfWeek=3 WeekendCloseActive=NO NewTradeBlocked=NO | 21000.000000
KO	0	23:19:27.841	Cazyxio_v4.4 (EURUSD,M15)	2026.03.25 05:19:27 | HEARTBEAT | SYSTEM | EA alive. Tick=21100 Equity=44972.40 OpenPos=0 PendingOrders=0 UTC=2026.03.25 05:19 DayOfWeek=3 WeekendCloseActive=NO NewTradeBlocked=NO | 21100.000000
QI	0	23:21:19.198	Cazyxio_v4.4 (EURUSD,M15)	2026.03.25 05:21:19 | HEARTBEAT | SYSTEM | EA alive. Tick=21200 Equity=44972.40 OpenPos=0 PendingOrders=0 UTC=2026.03.25 05:21 DayOfWeek=3 WeekendCloseActive=NO NewTradeBlocked=NO | 21200.000000
CK	0	23:24:10.874	Cazyxio_v4.4 (EURUSD,M15)	2026.03.25 05:24:10 | HEARTBEAT | SYSTEM | EA alive. Tick=21300 Equity=44972.40 OpenPos=0 PendingOrders=0 UTC=2026.03.25 05:24 DayOfWeek=3 WeekendCloseActive=NO NewTradeBlocked=NO | 21300.000000
JE	0	23:26:26.583	Cazyxio_v4.4 (EURUSD,M15)	2026.03.25 05:26:26 | HEARTBEAT | SYSTEM | EA alive. Tick=21400 Equity=44972.40 OpenPos=0 PendingOrders=0 UTC=2026.03.25 05:26 DayOfWeek=3 WeekendCloseActive=NO NewTradeBlocked=NO | 21400.000000
RG	0	23:28:23.190	Cazyxio_v4.4 (EURUSD,M15)	2026.03.25 05:28:23 | HEARTBEAT | SYSTEM | EA alive. Tick=21500 Equity=44972.40 OpenPos=0 PendingOrders=0 UTC=2026.03.25 05:28 DayOfWeek=3 WeekendCloseActive=NO NewTradeBlocked=NO | 21500.000000
JQ	0	23:30:05.832	Cazyxio_v4.4 (EURUSD,M15)	2026.03.25 05:30:05 | HEARTBEAT | SYSTEM | EA alive. Tick=21600 Equity=44972.40 OpenPos=0 PendingOrders=0 UTC=2026.03.25 05:30 DayOfWeek=3 WeekendCloseActive=NO NewTradeBlocked=NO | 21600.000000
IS	0	23:31:11.845	Cazyxio_v4.4 (EURUSD,M15)	2026.03.25 05:31:11 | HEARTBEAT | SYSTEM | EA alive. Tick=21700 Equity=44972.40 OpenPos=0 PendingOrders=0 UTC=2026.03.25 05:31 DayOfWeek=3 WeekendCloseActive=NO NewTradeBlocked=NO | 21700.000000
OM	0	23:32:41.154	Cazyxio_v4.4 (EURUSD,M15)	2026.03.25 05:32:41 | HEARTBEAT | SYSTEM | EA alive. Tick=21800 Equity=44972.40 OpenPos=0 PendingOrders=0 UTC=2026.03.25 05:32 DayOfWeek=3 WeekendCloseActive=NO NewTradeBlocked=NO | 21800.000000
JO	0	23:34:16.937	Cazyxio_v4.4 (EURUSD,M15)	2026.03.25 05:34:16 | HEARTBEAT | SYSTEM | EA alive. Tick=21900 Equity=44972.40 OpenPos=0 PendingOrders=0 UTC=2026.03.25 05:34 DayOfWeek=3 WeekendCloseActive=NO NewTradeBlocked=NO | 21900.000000
QI	0	23:35:54.612	Cazyxio_v4.4 (EURUSD,M15)	2026.03.25 05:35:54 | HEARTBEAT | SYSTEM | EA alive. Tick=22000 Equity=44972.40 OpenPos=0 PendingOrders=0 UTC=2026.03.25 05:35 DayOfWeek=3 WeekendCloseActive=NO NewTradeBlocked=NO | 22000.000000
JK	0	23:37:47.385	Cazyxio_v4.4 (EURUSD,M15)	2026.03.25 05:37:47 | HEARTBEAT | SYSTEM | EA alive. Tick=22100 Equity=44972.40 OpenPos=0 PendingOrders=0 UTC=2026.03.25 05:37 DayOfWeek=3 WeekendCloseActive=NO NewTradeBlocked=NO | 22100.000000
LE	0	23:40:10.066	Cazyxio_v4.4 (EURUSD,M15)	2026.03.25 05:40:10 | HEARTBEAT | SYSTEM | EA alive. Tick=22200 Equity=44972.40 OpenPos=0 PendingOrders=0 UTC=2026.03.25 05:40 DayOfWeek=3 WeekendCloseActive=NO NewTradeBlocked=NO | 22200.000000
OG	0	23:42:29.153	Cazyxio_v4.4 (EURUSD,M15)	2026.03.25 05:42:29 | HEARTBEAT | SYSTEM | EA alive. Tick=22300 Equity=44972.40 OpenPos=0 PendingOrders=0 UTC=2026.03.25 05:42 DayOfWeek=3 WeekendCloseActive=NO NewTradeBlocked=NO | 22300.000000
HQ	0	23:44:13.190	Cazyxio_v4.4 (EURUSD,M15)	2026.03.25 05:44:13 | HEARTBEAT | SYSTEM | EA alive. Tick=22400 Equity=44972.40 OpenPos=0 PendingOrders=0 UTC=2026.03.25 05:44 DayOfWeek=3 WeekendCloseActive=NO NewTradeBlocked=NO | 22400.000000
ES	0	23:46:02.058	Cazyxio_v4.4 (EURUSD,M15)	2026.03.25 05:46:02 | HEARTBEAT | SYSTEM | EA alive. Tick=22500 Equity=44972.40 OpenPos=0 PendingOrders=0 UTC=2026.03.25 05:46 DayOfWeek=3 WeekendCloseActive=NO NewTradeBlocked=NO | 22500.000000
QM	0	23:47:24.572	Cazyxio_v4.4 (EURUSD,M15)	2026.03.25 05:47:24 | HEARTBEAT | SYSTEM | EA alive. Tick=22600 Equity=44972.40 OpenPos=0 PendingOrders=0 UTC=2026.03.25 05:47 DayOfWeek=3 WeekendCloseActive=NO NewTradeBlocked=NO | 22600.000000
QO	0	23:48:32.791	Cazyxio_v4.4 (EURUSD,M15)	2026.03.25 05:48:32 | HEARTBEAT | SYSTEM | EA alive. Tick=22700 Equity=44972.40 OpenPos=0 PendingOrders=0 UTC=2026.03.25 05:48 DayOfWeek=3 WeekendCloseActive=NO NewTradeBlocked=NO | 22700.000000
JI	0	23:49:53.610	Cazyxio_v4.4 (EURUSD,M15)	2026.03.25 05:49:53 | HEARTBEAT | SYSTEM | EA alive. Tick=22800 Equity=44972.40 OpenPos=0 PendingOrders=0 UTC=2026.03.25 05:49 DayOfWeek=3 WeekendCloseActive=NO NewTradeBlocked=NO | 22800.000000
OK	0	23:51:15.656	Cazyxio_v4.4 (EURUSD,M15)	2026.03.25 05:51:15 | HEARTBEAT | SYSTEM | EA alive. Tick=22900 Equity=44972.40 OpenPos=0 PendingOrders=0 UTC=2026.03.25 05:51 DayOfWeek=3 WeekendCloseActive=NO NewTradeBlocked=NO | 22900.000000
CE	0	23:52:46.497	Cazyxio_v4.4 (EURUSD,M15)	2026.03.25 05:52:46 | HEARTBEAT | SYSTEM | EA alive. Tick=23000 Equity=44972.40 OpenPos=0 PendingOrders=0 UTC=2026.03.25 05:52 DayOfWeek=3 WeekendCloseActive=NO NewTradeBlocked=NO | 23000.000000
EG	0	23:54:49.970	Cazyxio_v4.4 (EURUSD,M15)	2026.03.25 05:54:49 | HEARTBEAT | SYSTEM | EA alive. Tick=23100 Equity=44972.40 OpenPos=0 PendingOrders=0 UTC=2026.03.25 05:54 DayOfWeek=3 WeekendCloseActive=NO NewTradeBlocked=NO | 23100.000000
OQ	0	23:56:08.662	Cazyxio_v4.4 (EURUSD,M15)	2026.03.25 05:56:08 | HEARTBEAT | SYSTEM | EA alive. Tick=23200 Equity=44972.40 OpenPos=0 PendingOrders=0 UTC=2026.03.25 05:56 DayOfWeek=3 WeekendCloseActive=NO NewTradeBlocked=NO | 23200.000000
QS	0	23:57:27.166	Cazyxio_v4.4 (EURUSD,M15)	2026.03.25 05:57:27 | HEARTBEAT | SYSTEM | EA alive. Tick=23300 Equity=44972.40 OpenPos=0 PendingOrders=0 UTC=2026.03.25 05:57 DayOfWeek=3 WeekendCloseActive=NO NewTradeBlocked=NO | 23300.000000
IM	0	23:58:41.457	Cazyxio_v4.4 (EURUSD,M15)	2026.03.25 05:58:41 | HEARTBEAT | SYSTEM | EA alive. Tick=23400 Equity=44972.40 OpenPos=0 PendingOrders=0 UTC=2026.03.25 05:58 DayOfWeek=3 WeekendCloseActive=NO NewTradeBlocked=NO | 23400.000000