PP	0	00:00:01.004	Cazyxio_v4.2 (EURUSD,M15)	2026.03.11 06:00:01 | SESSION_WAIT | SYSTEM | Outside session. UTC_hour=6 Waiting.
IN	0	00:00:54.895	Cazyxio_v4.2 (EURUSD,M15)	2026.03.11 06:00:54 | HEARTBEAT | SYSTEM | EA alive. Tick=148200 Equity=44783.64 OpenPos=0 PendingOrders=0 UTC=2026.03.11 06:00 DayOfWeek=3 WeekendCloseActive=NO NewTradeBlocked=NO | 148200.000000
EH	0	00:02:41.644	Cazyxio_v4.2 (EURUSD,M15)	2026.03.11 06:02:41 | HEARTBEAT | SYSTEM | EA alive. Tick=148300 Equity=44783.64 OpenPos=0 PendingOrders=0 UTC=2026.03.11 06:02 DayOfWeek=3 WeekendCloseActive=NO NewTradeBlocked=NO | 148300.000000
NJ	0	00:03:56.288	Cazyxio_v4.2 (EURUSD,M15)	2026.03.11 06:03:56 | HEARTBEAT | SYSTEM | EA alive. Tick=148400 Equity=44783.64 OpenPos=0 PendingOrders=0 UTC=2026.03.11 06:03 DayOfWeek=3 WeekendCloseActive=NO NewTradeBlocked=NO | 148400.000000
OD	0	00:05:05.869	Cazyxio_v4.2 (EURUSD,M15)	2026.03.11 06:05:05 | HEARTBEAT | SYSTEM | EA alive. Tick=148500 Equity=44783.64 OpenPos=0 PendingOrders=0 UTC=2026.03.11 06:05 DayOfWeek=3 WeekendCloseActive=NO NewTradeBlocked=NO | 148500.000000
KG	0	00:06:15.862	Cazyxio_v4.2 (EURUSD,M15)	2026.03.11 06:06:15 | HEARTBEAT | SYSTEM | EA alive. Tick=148600 Equity=44783.64 OpenPos=0 PendingOrders=0 UTC=2026.03.11 06:06 DayOfWeek=3 WeekendCloseActive=NO NewTradeBlocked=NO | 148600.000000
MQ	0	00:08:08.994	Cazyxio_v4.2 (EURUSD,M15)	2026.03.11 06:08:08 | HEARTBEAT | SYSTEM | EA alive. Tick=148700 Equity=44783.64 OpenPos=0 PendingOrders=0 UTC=2026.03.11 06:08 DayOfWeek=3 WeekendCloseActive=NO NewTradeBlocked=NO | 148700.000000
OS	0	00:09:19.681	Cazyxio_v4.2 (EURUSD,M15)	2026.03.11 06:09:19 | HEARTBEAT | SYSTEM | EA alive. Tick=148800 Equity=44783.64 OpenPos=0 PendingOrders=0 UTC=2026.03.11 06:09 DayOfWeek=3 WeekendCloseActive=NO NewTradeBlocked=NO | 148800.000000
KM	0	00:10:46.733	Cazyxio_v4.2 (EURUSD,M15)	2026.03.11 06:10:46 | HEARTBEAT | SYSTEM | EA alive. Tick=148900 Equity=44783.64 OpenPos=0 PendingOrders=0 UTC=2026.03.11 06:10 DayOfWeek=3 WeekendCloseActive=NO NewTradeBlocked=NO | 148900.000000
GL	0	00:12:38.665	Cazyxio_v4.2 (EURUSD,M15)	2026.03.11 06:12:38 | HEARTBEAT | SYSTEM | EA alive. Tick=149000 Equity=44783.64 OpenPos=0 PendingOrders=0 UTC=2026.03.11 06:12 DayOfWeek=3 WeekendCloseActive=NO NewTradeBlocked=NO | 149000.000000
EN	0	00:14:13.809	Cazyxio_v4.2 (EURUSD,M15)	2026.03.11 06:14:13 | HEARTBEAT | SYSTEM | EA alive. Tick=149100 Equity=44783.64 OpenPos=0 PendingOrders=0 UTC=2026.03.11 06:14 DayOfWeek=3 WeekendCloseActive=NO NewTradeBlocked=NO | 149100.000000
IH	0	00:15:20.228	Cazyxio_v4.2 (EURUSD,M15)	2026.03.11 06:15:20 | HEARTBEAT | SYSTEM | EA alive. Tick=149200 Equity=44783.64 OpenPos=0 PendingOrders=0 UTC=2026.03.11 06:15 DayOfWeek=3 WeekendCloseActive=NO NewTradeBlocked=NO | 149200.000000
DJ	0	00:16:24.484	Cazyxio_v4.2 (EURUSD,M15)	2026.03.11 06:16:24 | HEARTBEAT | SYSTEM | EA alive. Tick=149300 Equity=44783.64 OpenPos=0 PendingOrders=0 UTC=2026.03.11 06:16 DayOfWeek=3 WeekendCloseActive=NO NewTradeBlocked=NO | 149300.000000
CE	0	00:17:35.721	Cazyxio_v4.2 (EURUSD,M15)	2026.03.11 06:17:35 | HEARTBEAT | SYSTEM | EA alive. Tick=149400 Equity=44783.64 OpenPos=0 PendingOrders=0 UTC=2026.03.11 06:17 DayOfWeek=3 WeekendCloseActive=NO NewTradeBlocked=NO | 149400.000000
NG	0	00:18:41.271	Cazyxio_v4.2 (EURUSD,M15)	2026.03.11 06:18:41 | HEARTBEAT | SYSTEM | EA alive. Tick=149500 Equity=44783.64 OpenPos=0 PendingOrders=0 UTC=2026.03.11 06:18 DayOfWeek=3 WeekendCloseActive=NO NewTradeBlocked=NO | 149500.000000
RQ	0	00:20:08.153	Cazyxio_v4.2 (EURUSD,M15)	2026.03.11 06:20:08 | HEARTBEAT | SYSTEM | EA alive. Tick=149600 Equity=44783.64 OpenPos=0 PendingOrders=0 UTC=2026.03.11 06:20 DayOfWeek=3 WeekendCloseActive=NO NewTradeBlocked=NO | 149600.000000
OS	0	00:21:38.991	Cazyxio_v4.2 (EURUSD,M15)	2026.03.11 06:21:38 | HEARTBEAT | SYSTEM | EA alive. Tick=149700 Equity=44783.64 OpenPos=0 PendingOrders=0 UTC=2026.03.11 06:21 DayOfWeek=3 WeekendCloseActive=NO NewTradeBlocked=NO | 149700.000000
QR	0	00:23:46.739	Cazyxio_v4.2 (EURUSD,M15)	2026.03.11 06:23:46 | HEARTBEAT | SYSTEM | EA alive. Tick=149800 Equity=44783.64 OpenPos=0 PendingOrders=0 UTC=2026.03.11 06:23 DayOfWeek=3 WeekendCloseActive=NO NewTradeBlocked=NO | 149800.000000
KL	0	00:25:20.823	Cazyxio_v4.2 (EURUSD,M15)	2026.03.11 06:25:20 | HEARTBEAT | SYSTEM | EA alive. Tick=149900 Equity=44783.64 OpenPos=0 PendingOrders=0 UTC=2026.03.11 06:25 DayOfWeek=3 WeekendCloseActive=NO NewTradeBlocked=NO | 149900.000000
HN	0	00:26:49.795	Cazyxio_v4.2 (EURUSD,M15)	2026.03.11 06:26:49 | HEARTBEAT | SYSTEM | EA alive. Tick=150000 Equity=44783.64 OpenPos=0 PendingOrders=0 UTC=2026.03.11 06:26 DayOfWeek=3 WeekendCloseActive=NO NewTradeBlocked=NO | 150000.000000
JH	0	00:28:03.704	Cazyxio_v4.2 (EURUSD,M15)	2026.03.11 06:28:03 | HEARTBEAT | SYSTEM | EA alive. Tick=150100 Equity=44783.64 OpenPos=0 PendingOrders=0 UTC=2026.03.11 06:28 DayOfWeek=3 WeekendCloseActive=NO NewTradeBlocked=NO | 150100.000000
GK	0	00:29:20.793	Cazyxio_v4.2 (EURUSD,M15)	2026.03.11 06:29:20 | HEARTBEAT | SYSTEM | EA alive. Tick=150200 Equity=44783.64 OpenPos=0 PendingOrders=0 UTC=2026.03.11 06:29 DayOfWeek=3 WeekendCloseActive=NO NewTradeBlocked=NO | 150200.000000
NE	0	00:31:13.258	Cazyxio_v4.2 (EURUSD,M15)	2026.03.11 06:31:13 | HEARTBEAT | SYSTEM | EA alive. Tick=150300 Equity=44783.64 OpenPos=0 PendingOrders=0 UTC=2026.03.11 06:31 DayOfWeek=3 WeekendCloseActive=NO NewTradeBlocked=NO | 150300.000000
PG	0	00:32:55.273	Cazyxio_v4.2 (EURUSD,M15)	2026.03.11 06:32:55 | HEARTBEAT | SYSTEM | EA alive. Tick=150400 Equity=44783.64 OpenPos=0 PendingOrders=0 UTC=2026.03.11 06:32 DayOfWeek=3 WeekendCloseActive=NO NewTradeBlocked=NO | 150400.000000
RQ	0	00:34:39.503	Cazyxio_v4.2 (EURUSD,M15)	2026.03.11 06:34:39 | HEARTBEAT | SYSTEM | EA alive. Tick=150500 Equity=44783.64 OpenPos=0 PendingOrders=0 UTC=2026.03.11 06:34 DayOfWeek=3 WeekendCloseActive=NO NewTradeBlocked=NO | 150500.000000
FP	0	00:35:35.887	Cazyxio_v4.2 (EURUSD,M15)	2026.03.11 06:35:35 | HEARTBEAT | SYSTEM | EA alive. Tick=150600 Equity=44783.64 OpenPos=0 PendingOrders=0 UTC=2026.03.11 06:35 DayOfWeek=3 WeekendCloseActive=NO NewTradeBlocked=NO | 150600.000000
HR	0	00:36:31.644	Cazyxio_v4.2 (EURUSD,M15)	2026.03.11 06:36:31 | HEARTBEAT | SYSTEM | EA alive. Tick=150700 Equity=44783.64 OpenPos=0 PendingOrders=0 UTC=2026.03.11 06:36 DayOfWeek=3 WeekendCloseActive=NO NewTradeBlocked=NO | 150700.000000
ML	0	00:38:20.694	Cazyxio_v4.2 (EURUSD,M15)	2026.03.11 06:38:20 | HEARTBEAT | SYSTEM | EA alive. Tick=150800 Equity=44783.64 OpenPos=0 PendingOrders=0 UTC=2026.03.11 06:38 DayOfWeek=3 WeekendCloseActive=NO NewTradeBlocked=NO | 150800.000000
PN	0	00:39:41.832	Cazyxio_v4.2 (EURUSD,M15)	2026.03.11 06:39:41 | HEARTBEAT | SYSTEM | EA alive. Tick=150900 Equity=44783.64 OpenPos=0 PendingOrders=0 UTC=2026.03.11 06:39 DayOfWeek=3 WeekendCloseActive=NO NewTradeBlocked=NO | 150900.000000
II	0	00:41:24.540	Cazyxio_v4.2 (EURUSD,M15)	2026.03.11 06:41:24 | HEARTBEAT | SYSTEM | EA alive. Tick=151000 Equity=44783.64 OpenPos=0 PendingOrders=0 UTC=2026.03.11 06:41 DayOfWeek=3 WeekendCloseActive=NO NewTradeBlocked=NO | 151000.000000
KK	0	00:42:47.833	Cazyxio_v4.2 (EURUSD,M15)	2026.03.11 06:42:47 | HEARTBEAT | SYSTEM | EA alive. Tick=151100 Equity=44783.64 OpenPos=0 PendingOrders=0 UTC=2026.03.11 06:42 DayOfWeek=3 WeekendCloseActive=NO NewTradeBlocked=NO | 151100.000000
LE	0	00:44:05.883	Cazyxio_v4.2 (EURUSD,M15)	2026.03.11 06:44:05 | HEARTBEAT | SYSTEM | EA alive. Tick=151200 Equity=44783.64 OpenPos=0 PendingOrders=0 UTC=2026.03.11 06:44 DayOfWeek=3 WeekendCloseActive=NO NewTradeBlocked=NO | 151200.000000
MG	0	00:46:26.134	Cazyxio_v4.2 (EURUSD,M15)	2026.03.11 06:46:26 | HEARTBEAT | SYSTEM | EA alive. Tick=151300 Equity=44783.64 OpenPos=0 PendingOrders=0 UTC=2026.03.11 06:46 DayOfWeek=3 WeekendCloseActive=NO NewTradeBlocked=NO | 151300.000000
NF	0	00:48:44.126	Cazyxio_v4.2 (EURUSD,M15)	2026.03.11 06:48:44 | HEARTBEAT | SYSTEM | EA alive. Tick=151400 Equity=44783.64 OpenPos=0 PendingOrders=0 UTC=2026.03.11 06:48 DayOfWeek=3 WeekendCloseActive=NO NewTradeBlocked=NO | 151400.000000
JP	0	00:50:27.646	Cazyxio_v4.2 (EURUSD,M15)	2026.03.11 06:50:27 | HEARTBEAT | SYSTEM | EA alive. Tick=151500 Equity=44783.64 OpenPos=0 PendingOrders=0 UTC=2026.03.11 06:50 DayOfWeek=3 WeekendCloseActive=NO NewTradeBlocked=NO | 151500.000000
PR	0	00:52:25.198	Cazyxio_v4.2 (EURUSD,M15)	2026.03.11 06:52:25 | HEARTBEAT | SYSTEM | EA alive. Tick=151600 Equity=44783.64 OpenPos=0 PendingOrders=0 UTC=2026.03.11 06:52 DayOfWeek=3 WeekendCloseActive=NO NewTradeBlocked=NO | 151600.000000
RL	0	00:55:14.256	Cazyxio_v4.2 (EURUSD,M15)	2026.03.11 06:55:14 | HEARTBEAT | SYSTEM | EA alive. Tick=151700 Equity=44783.64 OpenPos=0 PendingOrders=0 UTC=2026.03.11 06:55 DayOfWeek=3 WeekendCloseActive=NO NewTradeBlocked=NO | 151700.000000
NO	0	00:56:59.309	Cazyxio_v4.2 (EURUSD,M15)	2026.03.11 06:56:59 | HEARTBEAT | SYSTEM | EA alive. Tick=151800 Equity=44783.64 OpenPos=0 PendingOrders=0 UTC=2026.03.11 06:56 DayOfWeek=3 WeekendCloseActive=NO NewTradeBlocked=NO | 151800.000000
QI	0	00:59:37.114	Cazyxio_v4.2 (EURUSD,M15)	2026.03.11 06:59:37 | HEARTBEAT | SYSTEM | EA alive. Tick=151900 Equity=44783.64 OpenPos=0 PendingOrders=0 UTC=2026.03.11 06:59 DayOfWeek=3 WeekendCloseActive=NO NewTradeBlocked=NO | 151900.000000
CK	0	01:00:00.140	Cazyxio_v4.2 (EURUSD,M15)	2026.03.11 07:00:00 | SESSION_ACTIVE | SYSTEM | Session now ACTIVE. UTC_hour=7 Trading enabled.
LI	0	01:00:00.140	Cazyxio_v4.2 (EURUSD,M15)	2026.03.11 07:00:00 | BAR | GBPUSD | close=1.34500 h4ema200=1.34822 h4slope=DOWN ema50=1.34412 distToEMA50=8.8pips touchSeq=0 atr=0.000596 atrSma=0.000999 atrRatio=0.597 dir=SHORT spread=23.0 spreadOK=YES atrGate=FAIL touch=FAIL momCandle=momClosePos=0.231 momOk=Y ema50Ok=Y barRange=0.000650 zeroRangeBar=NO trigger=YES hasPos=NO portRisk=0.00% openPos=0 | 1.345000
CR	0	01:00:00.140	Cazyxio_v4.2 (EURUSD,M15)	2026.03.11 07:00:00 | GATE_FAIL | GBPUSD | ATR gate FAIL. ATR=0.000596 ATR_SMA=0.000999 Ratio=0.597 MinRatio=0.80
LO	0	01:00:00.140	Cazyxio_v4.2 (EURUSD,M15)	2026.03.11 07:00:00 | POST_SL_CONTEXT | EURUSD | Bar 1 after SL hit. SLHitPrice=1.16330 BarClose=1.16354 MoveSinceSL=-2.4pips Verdict=REVERSED_AGAINST_TRADE (positive=price went our way, negative=continued against us)
KM	0	01:00:00.140	Cazyxio_v4.2 (EURUSD,M15)	2026.03.11 07:00:00 | BAR | EURUSD | close=1.16354 h4ema200=1.17332 h4slope=DOWN ema50=1.16268 distToEMA50=8.6pips touchSeq=0 atr=0.000478 atrSma=0.000834 atrRatio=0.573 dir=SHORT spread=19.0 spreadOK=YES atrGate=FAIL touch=FAIL momCandle=momClosePos=0.429 momOk=N ema50Ok=Y barRange=0.000630 zeroRangeBar=NO trigger=NO hasPos=NO portRisk=0.00% openPos=0 | 1.163540
KK	0	01:00:00.140	Cazyxio_v4.2 (EURUSD,M15)	2026.03.11 07:00:00 | GATE_FAIL | EURUSD | ATR gate FAIL. ATR=0.000478 ATR_SMA=0.000834 Ratio=0.573 MinRatio=0.80
NK	0	01:00:00.140	Cazyxio_v4.2 (EURUSD,M15)	2026.03.11 07:00:00 | BAR | USDJPY | close=157.902 h4ema200=156.194 h4slope=UP ema50=158.068 distToEMA50=16.6pips touchSeq=0 atr=0.088429 atrSma=0.106663 atrRatio=0.829 dir=LONG spread=15.0 spreadOK=YES atrGate=PASS touch=PASS momCandle=momClosePos=0.289 momOk=N ema50Ok=Y barRange=0.159000 zeroRangeBar=NO trigger=NO hasPos=NO portRisk=0.00% openPos=0 | 157.902000
ES	0	01:00:00.140	Cazyxio_v4.2 (EURUSD,M15)	2026.03.11 07:00:00 | GATE_FAIL | USDJPY | Momentum candle FAIL. dir=LONG close=157.902 ema50=158.068 momClosePos=0.289 momOk=N ema50Ok=Y barRange=0.159000
IF	0	01:00:00.140	Cazyxio_v4.2 (EURUSD,M15)	2026.03.11 07:00:00 | BAR | AUDUSD | close=0.71748 h4ema200=0.70047 h4slope=UP ema50=0.71497 distToEMA50=25.1pips touchSeq=0 atr=0.000741 atrSma=0.000912 atrRatio=0.813 dir=LONG spread=18.0 spreadOK=YES atrGate=PASS touch=FAIL momCandle=momClosePos=0.424 momOk=N ema50Ok=Y barRange=0.000850 zeroRangeBar=NO trigger=NO hasPos=NO portRisk=0.00% openPos=0 | 0.717480
KK	0	01:00:00.140	Cazyxio_v4.2 (EURUSD,M15)	2026.03.11 07:00:00 | GATE_FAIL | AUDUSD | Touch/pullback gate FAIL. Price has not approached EMA50 within last 12 bars (within 0.60 ATR). DistToEMA50=25.1pips.
MK	0	01:00:00.140	Cazyxio_v4.2 (EURUSD,M15)	2026.03.11 07:00:00 | BAR | GBPJPY | close=212.381 h4ema200=210.588 h4slope=UP ema50=212.468 distToEMA50=8.7pips touchSeq=2 atr=0.108143 atrSma=0.118151 atrRatio=0.915 dir=LONG spread=46.0 spreadOK=NO atrGate=PASS touch=PASS momCandle=momClosePos=0.160 momOk=N ema50Ok=Y barRange=0.175000 zeroRangeBar=NO trigger=NO hasPos=NO portRisk=0.00% openPos=0 | 212.381000
CJ	0	01:00:00.140	Cazyxio_v4.2 (EURUSD,M15)	2026.03.11 07:00:00 | GATE_FAIL | GBPJPY | Spread too wide. Spread=46.0 Max=30 points.
HI	0	01:00:00.140	Cazyxio_v4.2 (EURUSD,M15)	2026.03.11 07:00:00 | BAR | USDCAD | close=1.35626 h4ema200=1.36675 h4slope=DOWN ema50=1.35666 distToEMA50=4.0pips touchSeq=1 atr=0.000381 atrSma=0.000667 atrRatio=0.571 dir=SHORT spread=27.0 spreadOK=YES atrGate=FAIL touch=FAIL momCandle=momClosePos=1.000 momOk=N ema50Ok=Y barRange=0.000410 zeroRangeBar=NO trigger=NO hasPos=NO portRisk=0.00% openPos=0 | 1.356260
NF	0	01:00:00.140	Cazyxio_v4.2 (EURUSD,M15)	2026.03.11 07:00:00 | GATE_FAIL | USDCAD | ATR gate FAIL. ATR=0.000381 ATR_SMA=0.000667 Ratio=0.571 MinRatio=0.80
GP	0	01:00:01.084	Cazyxio_v4.2 (EURUSD,M15)	2026.03.11 07:00:01 | POST_SL_CONTEXT | EURUSD | Bar 2 after SL hit. SLHitPrice=1.16330 BarClose=1.16327 MoveSinceSL=0.3pips Verdict=CONTINUED_IN_TRADE_DIR (positive=price went our way, negative=continued against us)
PQ	0	01:00:01.084	Cazyxio_v4.2 (EURUSD,M15)	2026.03.11 07:00:01 | BAR | EURUSD | close=1.16327 h4ema200=1.17332 h4slope=DOWN ema50=1.16270 distToEMA50=5.7pips touchSeq=0 atr=0.000433 atrSma=0.000834 atrRatio=0.519 dir=SHORT spread=16.0 spreadOK=YES atrGate=FAIL touch=FAIL momCandle=momClosePos=0.544 momOk=N ema50Ok=Y barRange=0.000680 zeroRangeBar=NO trigger=NO hasPos=NO portRisk=0.00% openPos=0 | 1.163270
QN	0	01:00:01.084	Cazyxio_v4.2 (EURUSD,M15)	2026.03.11 07:00:01 | GATE_FAIL | EURUSD | ATR gate FAIL. ATR=0.000433 ATR_SMA=0.000834 Ratio=0.519 MinRatio=0.80
DE	0	01:00:01.084	Cazyxio_v4.2 (EURUSD,M15)	2026.03.11 07:00:01 | BAR | GBPJPY | close=212.470 h4ema200=210.588 h4slope=UP ema50=212.468 distToEMA50=0.2pips touchSeq=3 atr=0.104786 atrSma=0.118201 atrRatio=0.887 dir=LONG spread=46.0 spreadOK=NO atrGate=PASS touch=PASS momCandle=momClosePos=0.861 momOk=Y ema50Ok=Y barRange=0.144000 zeroRangeBar=NO trigger=YES hasPos=NO portRisk=0.00% openPos=0 | 212.470000
LG	0	01:00:01.084	Cazyxio_v4.2 (EURUSD,M15)	2026.03.11 07:00:01 | GATE_FAIL | GBPJPY | Spread too wide. Spread=46.0 Max=30 points.
RE	0	01:00:01.340	Cazyxio_v4.2 (EURUSD,M15)	2026.03.11 07:00:01 | BAR | GBPUSD | close=1.34480 h4ema200=1.34822 h4slope=DOWN ema50=1.34415 distToEMA50=6.5pips touchSeq=1 atr=0.000537 atrSma=0.000998 atrRatio=0.538 dir=SHORT spread=20.0 spreadOK=YES atrGate=FAIL touch=FAIL momCandle=momClosePos=0.720 momOk=N ema50Ok=Y barRange=0.000820 zeroRangeBar=NO trigger=NO hasPos=NO portRisk=0.00% openPos=0 | 1.344800
FR	0	01:00:01.340	Cazyxio_v4.2 (EURUSD,M15)	2026.03.11 07:00:01 | GATE_FAIL | GBPUSD | ATR gate FAIL. ATR=0.000537 ATR_SMA=0.000998 Ratio=0.538 MinRatio=0.80
IL	0	01:00:01.340	Cazyxio_v4.2 (EURUSD,M15)	2026.03.11 07:00:01 | BAR | USDJPY | close=157.990 h4ema200=156.194 h4slope=UP ema50=158.065 distToEMA50=7.5pips touchSeq=1 atr=0.081571 atrSma=0.106639 atrRatio=0.765 dir=LONG spread=16.0 spreadOK=YES atrGate=FAIL touch=PASS momCandle=momClosePos=0.848 momOk=Y ema50Ok=Y barRange=0.112000 zeroRangeBar=NO trigger=YES hasPos=NO portRisk=0.00% openPos=0 | 157.990000
OF	0	01:00:01.340	Cazyxio_v4.2 (EURUSD,M15)	2026.03.11 07:00:01 | NEAR_MISS | USDJPY | ATR near-miss. Ratio=0.765 MinRatio=0.80 Gap=0.035
LK	0	01:00:01.340	Cazyxio_v4.2 (EURUSD,M15)	2026.03.11 07:00:01 | GATE_FAIL | USDJPY | ATR gate FAIL. ATR=0.081571 ATR_SMA=0.106639 Ratio=0.765 MinRatio=0.80
CJ	0	01:00:01.340	Cazyxio_v4.2 (EURUSD,M15)	2026.03.11 07:00:01 | BAR | AUDUSD | close=0.71725 h4ema200=0.70047 h4slope=UP ema50=0.71506 distToEMA50=21.9pips touchSeq=0 atr=0.000678 atrSma=0.000912 atrRatio=0.744 dir=LONG spread=19.0 spreadOK=YES atrGate=FAIL touch=FAIL momCandle=momClosePos=0.600 momOk=N ema50Ok=Y barRange=0.000750 zeroRangeBar=NO trigger=NO hasPos=NO portRisk=0.00% openPos=0 | 0.717250
FO	0	01:00:01.340	Cazyxio_v4.2 (EURUSD,M15)	2026.03.11 07:00:01 | NEAR_MISS | AUDUSD | ATR near-miss. Ratio=0.744 MinRatio=0.80 Gap=0.056
HS	0	01:00:01.340	Cazyxio_v4.2 (EURUSD,M15)	2026.03.11 07:00:01 | GATE_FAIL | AUDUSD | ATR gate FAIL. ATR=0.000678 ATR_SMA=0.000912 Ratio=0.744 MinRatio=0.80
JM	0	01:00:01.340	Cazyxio_v4.2 (EURUSD,M15)	2026.03.11 07:00:01 | BAR | USDCAD | close=1.35640 h4ema200=1.36675 h4slope=DOWN ema50=1.35665 distToEMA50=2.5pips touchSeq=2 atr=0.000354 atrSma=0.000667 atrRatio=0.530 dir=SHORT spread=27.0 spreadOK=YES atrGate=FAIL touch=FAIL momCandle=momClosePos=0.479 momOk=N ema50Ok=Y barRange=0.000480 zeroRangeBar=NO trigger=NO hasPos=NO portRisk=0.00% openPos=0 | 1.356400
CK	0	01:00:01.340	Cazyxio_v4.2 (EURUSD,M15)	2026.03.11 07:00:01 | GATE_FAIL | USDCAD | ATR gate FAIL. ATR=0.000354 ATR_SMA=0.000667 Ratio=0.530 MinRatio=0.80
CH	0	01:00:41.072	Cazyxio_v4.2 (EURUSD,M15)	2026.03.11 07:00:41 | HEARTBEAT | SYSTEM | EA alive. Tick=152000 Equity=44783.64 OpenPos=0 PendingOrders=0 UTC=2026.03.11 07:00 DayOfWeek=3 WeekendCloseActive=NO NewTradeBlocked=NO | 152000.000000
MJ	0	01:02:04.652	Cazyxio_v4.2 (EURUSD,M15)	2026.03.11 07:02:04 | HEARTBEAT | SYSTEM | EA alive. Tick=152100 Equity=44783.64 OpenPos=0 PendingOrders=0 UTC=2026.03.11 07:02 DayOfWeek=3 WeekendCloseActive=NO NewTradeBlocked=NO | 152100.000000
KD	0	01:03:15.633	Cazyxio_v4.2 (EURUSD,M15)	2026.03.11 07:03:15 | HEARTBEAT | SYSTEM | EA alive. Tick=152200 Equity=44783.64 OpenPos=0 PendingOrders=0 UTC=2026.03.11 07:03 DayOfWeek=3 WeekendCloseActive=NO NewTradeBlocked=NO | 152200.000000
PG	0	01:04:55.459	Cazyxio_v4.2 (EURUSD,M15)	2026.03.11 07:04:55 | HEARTBEAT | SYSTEM | EA alive. Tick=152300 Equity=44783.64 OpenPos=0 PendingOrders=0 UTC=2026.03.11 07:04 DayOfWeek=3 WeekendCloseActive=NO NewTradeBlocked=NO | 152300.000000
CQ	0	01:06:02.773	Cazyxio_v4.2 (EURUSD,M15)	2026.03.11 07:06:02 | HEARTBEAT | SYSTEM | EA alive. Tick=152400 Equity=44783.64 OpenPos=0 PendingOrders=0 UTC=2026.03.11 07:06 DayOfWeek=3 WeekendCloseActive=NO NewTradeBlocked=NO | 152400.000000
NS	0	01:07:01.151	Cazyxio_v4.2 (EURUSD,M15)	2026.03.11 07:07:01 | HEARTBEAT | SYSTEM | EA alive. Tick=152500 Equity=44783.64 OpenPos=0 PendingOrders=0 UTC=2026.03.11 07:07 DayOfWeek=3 WeekendCloseActive=NO NewTradeBlocked=NO | 152500.000000
NM	0	01:08:26.086	Cazyxio_v4.2 (EURUSD,M15)	2026.03.11 07:08:26 | HEARTBEAT | SYSTEM | EA alive. Tick=152600 Equity=44783.64 OpenPos=0 PendingOrders=0 UTC=2026.03.11 07:08 DayOfWeek=3 WeekendCloseActive=NO NewTradeBlocked=NO | 152600.000000
ML	0	01:09:51.460	Cazyxio_v4.2 (EURUSD,M15)	2026.03.11 07:09:51 | HEARTBEAT | SYSTEM | EA alive. Tick=152700 Equity=44783.64 OpenPos=0 PendingOrders=0 UTC=2026.03.11 07:09 DayOfWeek=3 WeekendCloseActive=NO NewTradeBlocked=NO | 152700.000000
QN	0	01:11:03.865	Cazyxio_v4.2 (EURUSD,M15)	2026.03.11 07:11:03 | HEARTBEAT | SYSTEM | EA alive. Tick=152800 Equity=44783.64 OpenPos=0 PendingOrders=0 UTC=2026.03.11 07:11 DayOfWeek=3 WeekendCloseActive=NO NewTradeBlocked=NO | 152800.000000
IH	0	01:12:19.840	Cazyxio_v4.2 (EURUSD,M15)	2026.03.11 07:12:19 | HEARTBEAT | SYSTEM | EA alive. Tick=152900 Equity=44783.64 OpenPos=0 PendingOrders=0 UTC=2026.03.11 07:12 DayOfWeek=3 WeekendCloseActive=NO NewTradeBlocked=NO | 152900.000000
LJ	0	01:13:40.798	Cazyxio_v4.2 (EURUSD,M15)	2026.03.11 07:13:40 | HEARTBEAT | SYSTEM | EA alive. Tick=153000 Equity=44783.64 OpenPos=0 PendingOrders=0 UTC=2026.03.11 07:13 DayOfWeek=3 WeekendCloseActive=NO NewTradeBlocked=NO | 153000.000000
IE	0	01:14:57.637	Cazyxio_v4.2 (EURUSD,M15)	2026.03.11 07:14:57 | HEARTBEAT | SYSTEM | EA alive. Tick=153100 Equity=44783.64 OpenPos=0 PendingOrders=0 UTC=2026.03.11 07:14 DayOfWeek=3 WeekendCloseActive=NO NewTradeBlocked=NO | 153100.000000
QJ	0	01:15:01.097	Cazyxio_v4.2 (EURUSD,M15)	2026.03.11 07:15:01 | POST_SL_CONTEXT | EURUSD | Bar 3 after SL hit. SLHitPrice=1.16330 BarClose=1.16271 MoveSinceSL=5.9pips Verdict=CONTINUED_IN_TRADE_DIR (positive=price went our way, negative=continued against us)
ED	0	01:15:01.097	Cazyxio_v4.2 (EURUSD,M15)	2026.03.11 07:15:01 | BAR | EURUSD | close=1.16271 h4ema200=1.17331 h4slope=DOWN ema50=1.16268 distToEMA50=0.3pips touchSeq=1 atr=0.000449 atrSma=0.000834 atrRatio=0.539 dir=SHORT spread=19.0 spreadOK=YES atrGate=FAIL touch=PASS momCandle=momClosePos=0.039 momOk=Y ema50Ok=Y barRange=0.000770 zeroRangeBar=NO trigger=YES hasPos=NO portRisk=0.00% openPos=0 | 1.162710
LD	0	01:15:01.097	Cazyxio_v4.2 (EURUSD,M15)	2026.03.11 07:15:01 | GATE_FAIL | EURUSD | ATR gate FAIL. ATR=0.000449 ATR_SMA=0.000834 Ratio=0.539 MinRatio=0.80
MN	0	01:15:01.342	Cazyxio_v4.2 (EURUSD,M15)	2026.03.11 07:15:01 | BAR | GBPUSD | close=1.34426 h4ema200=1.34822 h4slope=DOWN ema50=1.34414 distToEMA50=1.2pips touchSeq=2 atr=0.000566 atrSma=0.000998 atrRatio=0.567 dir=SHORT spread=22.0 spreadOK=YES atrGate=FAIL touch=PASS momCandle=momClosePos=0.214 momOk=Y ema50Ok=Y barRange=0.000980 zeroRangeBar=NO trigger=YES hasPos=NO portRisk=0.00% openPos=0 | 1.344260
FL	0	01:15:01.342	Cazyxio_v4.2 (EURUSD,M15)	2026.03.11 07:15:01 | GATE_FAIL | GBPUSD | ATR gate FAIL. ATR=0.000566 ATR_SMA=0.000998 Ratio=0.567 MinRatio=0.80
MJ	0	01:15:01.342	Cazyxio_v4.2 (EURUSD,M15)	2026.03.11 07:15:01 | BAR | USDJPY | close=158.025 h4ema200=156.195 h4slope=UP ema50=158.065 distToEMA50=4.0pips touchSeq=2 atr=0.082143 atrSma=0.106723 atrRatio=0.770 dir=LONG spread=17.0 spreadOK=YES atrGate=FAIL touch=PASS momCandle=momClosePos=0.920 momOk=Y ema50Ok=Y barRange=0.075000 zeroRangeBar=NO trigger=YES hasPos=NO portRisk=0.00% openPos=0 | 158.025000
NK	0	01:15:01.342	Cazyxio_v4.2 (EURUSD,M15)	2026.03.11 07:15:01 | NEAR_MISS | USDJPY | ATR near-miss. Ratio=0.770 MinRatio=0.80 Gap=0.030
JD	0	01:15:01.342	Cazyxio_v4.2 (EURUSD,M15)	2026.03.11 07:15:01 | GATE_FAIL | USDJPY | ATR gate FAIL. ATR=0.082143 ATR_SMA=0.106723 Ratio=0.770 MinRatio=0.80
HM	0	01:15:01.342	Cazyxio_v4.2 (EURUSD,M15)	2026.03.11 07:15:01 | BAR | AUDUSD | close=0.71755 h4ema200=0.70047 h4slope=UP ema50=0.71517 distToEMA50=23.8pips touchSeq=0 atr=0.000704 atrSma=0.000912 atrRatio=0.771 dir=LONG spread=19.0 spreadOK=YES atrGate=FAIL touch=FAIL momCandle=momClosePos=0.641 momOk=N ema50Ok=Y barRange=0.001310 zeroRangeBar=NO trigger=NO hasPos=NO portRisk=0.00% openPos=0 | 0.717550
NR	0	01:15:01.342	Cazyxio_v4.2 (EURUSD,M15)	2026.03.11 07:15:01 | NEAR_MISS | AUDUSD | ATR near-miss. Ratio=0.771 MinRatio=0.80 Gap=0.029
JM	0	01:15:01.342	Cazyxio_v4.2 (EURUSD,M15)	2026.03.11 07:15:01 | GATE_FAIL | AUDUSD | ATR gate FAIL. ATR=0.000704 ATR_SMA=0.000912 Ratio=0.771 MinRatio=0.80
FJ	0	01:15:01.342	Cazyxio_v4.2 (EURUSD,M15)	2026.03.11 07:15:01 | BAR | GBPJPY | close=212.437 h4ema200=210.588 h4slope=UP ema50=212.466 distToEMA50=2.9pips touchSeq=4 atr=0.109714 atrSma=0.118394 atrRatio=0.927 dir=LONG spread=38.0 spreadOK=NO atrGate=PASS touch=PASS momCandle=momClosePos=0.516 momOk=N ema50Ok=Y barRange=0.128000 zeroRangeBar=NO trigger=NO hasPos=NO portRisk=0.00% openPos=0 | 212.437000
FE	0	01:15:01.342	Cazyxio_v4.2 (EURUSD,M15)	2026.03.11 07:15:01 | GATE_FAIL | GBPJPY | Spread too wide. Spread=38.0 Max=30 points.
PF	0	01:15:01.342	Cazyxio_v4.2 (EURUSD,M15)	2026.03.11 07:15:01 | BAR | USDCAD | close=1.35651 h4ema200=1.36675 h4slope=DOWN ema50=1.35665 distToEMA50=1.4pips touchSeq=3 atr=0.000354 atrSma=0.000666 atrRatio=0.531 dir=SHORT spread=26.0 spreadOK=YES atrGate=FAIL touch=PASS momCandle=momClosePos=0.907 momOk=N ema50Ok=Y barRange=0.000430 zeroRangeBar=NO trigger=NO hasPos=NO portRisk=0.00% openPos=0 | 1.356510
KQ	0	01:15:01.342	Cazyxio_v4.2 (EURUSD,M15)	2026.03.11 07:15:01 | GATE_FAIL | USDCAD | ATR gate FAIL. ATR=0.000354 ATR_SMA=0.000666 Ratio=0.531 MinRatio=0.80
PR	0	01:15:25.534	Cazyxio_v4.2 (EURUSD,M15)	2026.03.11 07:15:25 | HEARTBEAT | SYSTEM | EA alive. Tick=153200 Equity=44783.64 OpenPos=0 PendingOrders=0 UTC=2026.03.11 07:15 DayOfWeek=3 WeekendCloseActive=NO NewTradeBlocked=NO | 153200.000000
KL	0	01:15:56.524	Cazyxio_v4.2 (EURUSD,M15)	2026.03.11 07:15:56 | HEARTBEAT | SYSTEM | EA alive. Tick=153300 Equity=44783.64 OpenPos=0 PendingOrders=0 UTC=2026.03.11 07:15 DayOfWeek=3 WeekendCloseActive=NO NewTradeBlocked=NO | 153300.000000
GO	0	01:16:28.231	Cazyxio_v4.2 (EURUSD,M15)	2026.03.11 07:16:28 | HEARTBEAT | SYSTEM | EA alive. Tick=153400 Equity=44783.64 OpenPos=0 PendingOrders=0 UTC=2026.03.11 07:16 DayOfWeek=3 WeekendCloseActive=NO NewTradeBlocked=NO | 153400.000000
FI	0	01:17:01.435	Cazyxio_v4.2 (EURUSD,M15)	2026.03.11 07:17:01 | HEARTBEAT | SYSTEM | EA alive. Tick=153500 Equity=44783.64 OpenPos=0 PendingOrders=0 UTC=2026.03.11 07:17 DayOfWeek=3 WeekendCloseActive=NO NewTradeBlocked=NO | 153500.000000
OK	0	01:17:41.212	Cazyxio_v4.2 (EURUSD,M15)	2026.03.11 07:17:41 | HEARTBEAT | SYSTEM | EA alive. Tick=153600 Equity=44783.64 OpenPos=0 PendingOrders=0 UTC=2026.03.11 07:17 DayOfWeek=3 WeekendCloseActive=NO NewTradeBlocked=NO | 153600.000000
IE	0	01:18:19.527	Cazyxio_v4.2 (EURUSD,M15)	2026.03.11 07:18:19 | HEARTBEAT | SYSTEM | EA alive. Tick=153700 Equity=44783.64 OpenPos=0 PendingOrders=0 UTC=2026.03.11 07:18 DayOfWeek=3 WeekendCloseActive=NO NewTradeBlocked=NO | 153700.000000
OD	0	01:19:00.337	Cazyxio_v4.2 (EURUSD,M15)	2026.03.11 07:19:00 | HEARTBEAT | SYSTEM | EA alive. Tick=153800 Equity=44783.64 OpenPos=0 PendingOrders=0 UTC=2026.03.11 07:19 DayOfWeek=3 WeekendCloseActive=NO NewTradeBlocked=NO | 153800.000000
KF	0	01:19:56.667	Cazyxio_v4.2 (EURUSD,M15)	2026.03.11 07:19:56 | HEARTBEAT | SYSTEM | EA alive. Tick=153900 Equity=44783.64 OpenPos=0 PendingOrders=0 UTC=2026.03.11 07:19 DayOfWeek=3 WeekendCloseActive=NO NewTradeBlocked=NO | 153900.000000
QP	0	01:20:40.337	Cazyxio_v4.2 (EURUSD,M15)	2026.03.11 07:20:40 | HEARTBEAT | SYSTEM | EA alive. Tick=154000 Equity=44783.64 OpenPos=0 PendingOrders=0 UTC=2026.03.11 07:20 DayOfWeek=3 WeekendCloseActive=NO NewTradeBlocked=NO | 154000.000000
MR	0	01:21:19.161	Cazyxio_v4.2 (EURUSD,M15)	2026.03.11 07:21:19 | HEARTBEAT | SYSTEM | EA alive. Tick=154100 Equity=44783.64 OpenPos=0 PendingOrders=0 UTC=2026.03.11 07:21 DayOfWeek=3 WeekendCloseActive=NO NewTradeBlocked=NO | 154100.000000
DM	0	01:22:05.211	Cazyxio_v4.2 (EURUSD,M15)	2026.03.11 07:22:05 | HEARTBEAT | SYSTEM | EA alive. Tick=154200 Equity=44783.64 OpenPos=0 PendingOrders=0 UTC=2026.03.11 07:22 DayOfWeek=3 WeekendCloseActive=NO NewTradeBlocked=NO | 154200.000000
RO	0	01:22:54.118	Cazyxio_v4.2 (EURUSD,M15)	2026.03.11 07:22:54 | HEARTBEAT | SYSTEM | EA alive. Tick=154300 Equity=44783.64 OpenPos=0 PendingOrders=0 UTC=2026.03.11 07:22 DayOfWeek=3 WeekendCloseActive=NO NewTradeBlocked=NO | 154300.000000
RI	0	01:23:45.674	Cazyxio_v4.2 (EURUSD,M15)	2026.03.11 07:23:45 | HEARTBEAT | SYSTEM | EA alive. Tick=154400 Equity=44783.64 OpenPos=0 PendingOrders=0 UTC=2026.03.11 07:23 DayOfWeek=3 WeekendCloseActive=NO NewTradeBlocked=NO | 154400.000000
HK	0	01:24:29.628	Cazyxio_v4.2 (EURUSD,M15)	2026.03.11 07:24:29 | HEARTBEAT | SYSTEM | EA alive. Tick=154500 Equity=44783.64 OpenPos=0 PendingOrders=0 UTC=2026.03.11 07:24 DayOfWeek=3 WeekendCloseActive=NO NewTradeBlocked=NO | 154500.000000
KJ	0	01:25:22.158	Cazyxio_v4.2 (EURUSD,M15)	2026.03.11 07:25:22 | HEARTBEAT | SYSTEM | EA alive. Tick=154600 Equity=44783.64 OpenPos=0 PendingOrders=0 UTC=2026.03.11 07:25 DayOfWeek=3 WeekendCloseActive=NO NewTradeBlocked=NO | 154600.000000
ID	0	01:26:28.027	Cazyxio_v4.2 (EURUSD,M15)	2026.03.11 07:26:28 | HEARTBEAT | SYSTEM | EA alive. Tick=154700 Equity=44783.64 OpenPos=0 PendingOrders=0 UTC=2026.03.11 07:26 DayOfWeek=3 WeekendCloseActive=NO NewTradeBlocked=NO | 154700.000000
EF	0	01:27:18.914	Cazyxio_v4.2 (EURUSD,M15)	2026.03.11 07:27:18 | HEARTBEAT | SYSTEM | EA alive. Tick=154800 Equity=44783.64 OpenPos=0 PendingOrders=0 UTC=2026.03.11 07:27 DayOfWeek=3 WeekendCloseActive=NO NewTradeBlocked=NO | 154800.000000
MP	0	01:28:17.780	Cazyxio_v4.2 (EURUSD,M15)	2026.03.11 07:28:17 | HEARTBEAT | SYSTEM | EA alive. Tick=154900 Equity=44783.64 OpenPos=0 PendingOrders=0 UTC=2026.03.11 07:28 DayOfWeek=3 WeekendCloseActive=NO NewTradeBlocked=NO | 154900.000000
HS	0	01:29:08.397	Cazyxio_v4.2 (EURUSD,M15)	2026.03.11 07:29:08 | HEARTBEAT | SYSTEM | EA alive. Tick=155000 Equity=44783.64 OpenPos=0 PendingOrders=0 UTC=2026.03.11 07:29 DayOfWeek=3 WeekendCloseActive=NO NewTradeBlocked=NO | 155000.000000
LP	0	01:30:01.466	Cazyxio_v4.2 (EURUSD,M15)	2026.03.11 07:30:01 | POST_SL_CONTEXT | EURUSD | Bar 4 after SL hit. SLHitPrice=1.16330 BarClose=1.16291 MoveSinceSL=3.9pips Verdict=CONTINUED_IN_TRADE_DIR (positive=price went our way, negative=continued against us)
IR	0	01:30:01.466	Cazyxio_v4.2 (EURUSD,M15)	2026.03.11 07:30:01 | BAR | EURUSD | close=1.16291 h4ema200=1.17332 h4slope=DOWN ema50=1.16270 distToEMA50=2.1pips touchSeq=2 atr=0.000581 atrSma=0.000837 atrRatio=0.695 dir=SHORT spread=16.0 spreadOK=YES atrGate=FAIL touch=PASS momCandle=momClosePos=0.292 momOk=Y ema50Ok=Y barRange=0.002190 zeroRangeBar=NO trigger=YES hasPos=NO portRisk=0.00% openPos=0 | 1.162910
EN	0	01:30:01.466	Cazyxio_v4.2 (EURUSD,M15)	2026.03.11 07:30:01 | GATE_FAIL | EURUSD | ATR gate FAIL. ATR=0.000581 ATR_SMA=0.000837 Ratio=0.695 MinRatio=0.80
EH	0	01:30:01.466	Cazyxio_v4.2 (EURUSD,M15)	2026.03.11 07:30:01 | BAR | USDJPY | close=158.115 h4ema200=156.196 h4slope=UP ema50=158.070 distToEMA50=4.5pips touchSeq=3 atr=0.091786 atrSma=0.106949 atrRatio=0.858 dir=LONG spread=15.0 spreadOK=YES atrGate=PASS touch=PASS momCandle=momClosePos=0.745 momOk=Y ema50Ok=Y barRange=0.192000 zeroRangeBar=NO trigger=YES hasPos=NO portRisk=0.00% openPos=0 | 158.115000
GE	0	01:30:01.466	Cazyxio_v4.2 (EURUSD,M15)	2026.03.11 07:30:01 | SIGNAL | USDJPY | VALID SIGNAL (LIMIT): LONG limitPrice=158.066 sl=157.919 tp=158.433 stopDist=0.147 lots=2.41 riskPct=0.50 R:R=2.50 ema50=158.070 distToLimit=6.7pips expiresIn=4bars touchSeq=3 | 158.066000
HR	0	01:30:01.596	Cazyxio_v4.2 (EURUSD,M15)	2026.03.11 07:30:01 | LIMIT_PLACED | USDJPY | BUY_LIMIT lots=2.41 limitPrice=158.066 sl=157.919 tp=158.433 expiresIn=4bars ticket=4399842 | 2.410000
QD	0	01:30:01.596	Cazyxio_v4.2 (EURUSD,M15)	2026.03.11 07:30:01 | BAR | AUDUSD | close=0.71679 h4ema200=0.70047 h4slope=UP ema50=0.71520 distToEMA50=15.9pips touchSeq=0 atr=0.000734 atrSma=0.000913 atrRatio=0.803 dir=LONG spread=18.0 spreadOK=YES atrGate=PASS touch=FAIL momCandle=momClosePos=0.193 momOk=N ema50Ok=Y barRange=0.001400 zeroRangeBar=NO trigger=NO hasPos=NO portRisk=0.00% openPos=0 | 0.716790
EI	0	01:30:01.596	Cazyxio_v4.2 (EURUSD,M15)	2026.03.11 07:30:01 | GATE_FAIL | AUDUSD | Touch/pullback gate FAIL. Price has not approached EMA50 within last 12 bars (within 0.60 ATR). DistToEMA50=15.9pips.
EM	0	01:30:01.596	Cazyxio_v4.2 (EURUSD,M15)	2026.03.11 07:30:01 | BAR | GBPJPY | close=212.443 h4ema200=210.588 h4slope=UP ema50=212.465 distToEMA50=2.2pips touchSeq=5 atr=0.113929 atrSma=0.118573 atrRatio=0.961 dir=LONG spread=41.0 spreadOK=NO atrGate=PASS touch=PASS momCandle=momClosePos=0.432 momOk=N ema50Ok=Y barRange=0.139000 zeroRangeBar=NO trigger=NO hasPos=NO portRisk=0.00% openPos=0 | 212.443000
MH	0	01:30:01.596	Cazyxio_v4.2 (EURUSD,M15)	2026.03.11 07:30:01 | GATE_FAIL | GBPJPY | Spread too wide. Spread=41.0 Max=30 points.
RJ	0	01:30:01.596	Cazyxio_v4.2 (EURUSD,M15)	2026.03.11 07:30:01 | BAR | USDCAD | close=1.35667 h4ema200=1.36676 h4slope=DOWN ema50=1.35666 distToEMA50=0.1pips touchSeq=4 atr=0.000386 atrSma=0.000666 atrRatio=0.579 dir=SHORT spread=26.0 spreadOK=YES atrGate=FAIL touch=PASS momCandle=momClosePos=0.536 momOk=N ema50Ok=Y barRange=0.000840 zeroRangeBar=NO trigger=NO hasPos=NO portRisk=0.00% openPos=0 | 1.356670
OD	0	01:30:01.596	Cazyxio_v4.2 (EURUSD,M15)	2026.03.11 07:30:01 | GATE_FAIL | USDCAD | ATR gate FAIL. ATR=0.000386 ATR_SMA=0.000666 Ratio=0.579 MinRatio=0.80
LN	0	01:30:01.717	Cazyxio_v4.2 (EURUSD,M15)	2026.03.11 07:30:01 | BAR | GBPUSD | close=1.34355 h4ema200=1.34821 h4slope=DOWN ema50=1.34409 distToEMA50=5.4pips touchSeq=3 atr=0.000679 atrSma=0.000999 atrRatio=0.679 dir=SHORT spread=21.0 spreadOK=YES atrGate=FAIL touch=PASS momCandle=momClosePos=0.248 momOk=Y ema50Ok=Y barRange=0.002060 zeroRangeBar=NO trigger=YES hasPos=NO portRisk=0.00% openPos=0 | 1.343550
FL	0	01:30:01.717	Cazyxio_v4.2 (EURUSD,M15)	2026.03.11 07:30:01 | GATE_FAIL | GBPUSD | ATR gate FAIL. ATR=0.000679 ATR_SMA=0.000999 Ratio=0.679 MinRatio=0.80
LF	0	01:30:13.651	Cazyxio_v4.2 (EURUSD,M15)	2026.03.11 07:30:13 | HEARTBEAT | SYSTEM | EA alive. Tick=155100 Equity=44783.64 OpenPos=0 PendingOrders=1 UTC=2026.03.11 07:30 DayOfWeek=3 WeekendCloseActive=NO NewTradeBlocked=NO | 155100.000000
KP	0	01:31:00.710	Cazyxio_v4.2 (EURUSD,M15)	2026.03.11 07:31:00 | HEARTBEAT | SYSTEM | EA alive. Tick=155200 Equity=44783.64 OpenPos=0 PendingOrders=1 UTC=2026.03.11 07:31 DayOfWeek=3 WeekendCloseActive=NO NewTradeBlocked=NO | 155200.000000
MS	0	01:31:40.833	Cazyxio_v4.2 (EURUSD,M15)	2026.03.11 07:31:40 | HEARTBEAT | SYSTEM | EA alive. Tick=155300 Equity=44783.64 OpenPos=0 PendingOrders=1 UTC=2026.03.11 07:31 DayOfWeek=3 WeekendCloseActive=NO NewTradeBlocked=NO | 155300.000000
NM	0	01:32:47.358	Cazyxio_v4.2 (EURUSD,M15)	2026.03.11 07:32:47 | HEARTBEAT | SYSTEM | EA alive. Tick=155400 Equity=44783.64 OpenPos=0 PendingOrders=1 UTC=2026.03.11 07:32 DayOfWeek=3 WeekendCloseActive=NO NewTradeBlocked=NO | 155400.000000
QO	0	01:33:41.107	Cazyxio_v4.2 (EURUSD,M15)	2026.03.11 07:33:41 | HEARTBEAT | SYSTEM | EA alive. Tick=155500 Equity=44783.64 OpenPos=0 PendingOrders=1 UTC=2026.03.11 07:33 DayOfWeek=3 WeekendCloseActive=NO NewTradeBlocked=NO | 155500.000000
LI	0	01:34:27.255	Cazyxio_v4.2 (EURUSD,M15)	2026.03.11 07:34:27 | HEARTBEAT | SYSTEM | EA alive. Tick=155600 Equity=44783.64 OpenPos=0 PendingOrders=1 UTC=2026.03.11 07:34 DayOfWeek=3 WeekendCloseActive=NO NewTradeBlocked=NO | 155600.000000
GH	0	01:35:33.435	Cazyxio_v4.2 (EURUSD,M15)	2026.03.11 07:35:33 | HEARTBEAT | SYSTEM | EA alive. Tick=155700 Equity=44783.64 OpenPos=0 PendingOrders=1 UTC=2026.03.11 07:35 DayOfWeek=3 WeekendCloseActive=NO NewTradeBlocked=NO | 155700.000000
FJ	0	01:36:43.460	Cazyxio_v4.2 (EURUSD,M15)	2026.03.11 07:36:43 | HEARTBEAT | SYSTEM | EA alive. Tick=155800 Equity=44783.64 OpenPos=0 PendingOrders=1 UTC=2026.03.11 07:36 DayOfWeek=3 WeekendCloseActive=NO NewTradeBlocked=NO | 155800.000000
ND	0	01:37:32.711	Cazyxio_v4.2 (EURUSD,M15)	2026.03.11 07:37:32 | HEARTBEAT | SYSTEM | EA alive. Tick=155900 Equity=44783.64 OpenPos=0 PendingOrders=1 UTC=2026.03.11 07:37 DayOfWeek=3 WeekendCloseActive=NO NewTradeBlocked=NO | 155900.000000
CF	0	01:38:34.205	Cazyxio_v4.2 (EURUSD,M15)	2026.03.11 07:38:34 | HEARTBEAT | SYSTEM | EA alive. Tick=156000 Equity=44783.64 OpenPos=0 PendingOrders=1 UTC=2026.03.11 07:38 DayOfWeek=3 WeekendCloseActive=NO NewTradeBlocked=NO | 156000.000000
IQ	0	01:39:20.837	Cazyxio_v4.2 (EURUSD,M15)	2026.03.11 07:39:20 | HEARTBEAT | SYSTEM | EA alive. Tick=156100 Equity=44783.64 OpenPos=0 PendingOrders=1 UTC=2026.03.11 07:39 DayOfWeek=3 WeekendCloseActive=NO NewTradeBlocked=NO | 156100.000000
IS	0	01:40:07.547	Cazyxio_v4.2 (EURUSD,M15)	2026.03.11 07:40:07 | HEARTBEAT | SYSTEM | EA alive. Tick=156200 Equity=44783.64 OpenPos=0 PendingOrders=1 UTC=2026.03.11 07:40 DayOfWeek=3 WeekendCloseActive=NO NewTradeBlocked=NO | 156200.000000
KM	0	01:40:52.895	Cazyxio_v4.2 (EURUSD,M15)	2026.03.11 07:40:52 | HEARTBEAT | SYSTEM | EA alive. Tick=156300 Equity=44783.64 OpenPos=0 PendingOrders=1 UTC=2026.03.11 07:40 DayOfWeek=3 WeekendCloseActive=NO NewTradeBlocked=NO | 156300.000000
LO	0	01:41:40.617	Cazyxio_v4.2 (EURUSD,M15)	2026.03.11 07:41:40 | HEARTBEAT | SYSTEM | EA alive. Tick=156400 Equity=44783.64 OpenPos=0 PendingOrders=1 UTC=2026.03.11 07:41 DayOfWeek=3 WeekendCloseActive=NO NewTradeBlocked=NO | 156400.000000
DN	0	01:42:44.142	Cazyxio_v4.2 (EURUSD,M15)	2026.03.11 07:42:44 | HEARTBEAT | SYSTEM | EA alive. Tick=156500 Equity=44783.64 OpenPos=0 PendingOrders=1 UTC=2026.03.11 07:42 DayOfWeek=3 WeekendCloseActive=NO NewTradeBlocked=NO | 156500.000000
MH	0	01:43:36.823	Cazyxio_v4.2 (EURUSD,M15)	2026.03.11 07:43:36 | HEARTBEAT | SYSTEM | EA alive. Tick=156600 Equity=44783.64 OpenPos=0 PendingOrders=1 UTC=2026.03.11 07:43 DayOfWeek=3 WeekendCloseActive=NO NewTradeBlocked=NO | 156600.000000
MJ	0	01:44:27.552	Cazyxio_v4.2 (EURUSD,M15)	2026.03.11 07:44:27 | HEARTBEAT | SYSTEM | EA alive. Tick=156700 Equity=44783.64 OpenPos=0 PendingOrders=1 UTC=2026.03.11 07:44 DayOfWeek=3 WeekendCloseActive=NO NewTradeBlocked=NO | 156700.000000
MF	0	01:45:01.312	Cazyxio_v4.2 (EURUSD,M15)	2026.03.11 07:45:01 | BAR | EURUSD | close=1.16161 h4ema200=1.17330 h4slope=DOWN ema50=1.16261 distToEMA50=10.0pips touchSeq=0 atr=0.000679 atrSma=0.000839 atrRatio=0.808 dir=SHORT spread=16.0 spreadOK=YES atrGate=PASS touch=PASS momCandle=momClosePos=0.123 momOk=Y ema50Ok=Y barRange=0.001630 zeroRangeBar=NO trigger=YES hasPos=NO portRisk=0.00% openPos=0 | 1.161610
RK	0	01:45:01.312	Cazyxio_v4.2 (EURUSD,M15)	2026.03.11 07:45:01 | SIGNAL | EURUSD | VALID SIGNAL (LIMIT): SHORT limitPrice=1.16264 sl=1.16373 tp=1.15993 stopDist=0.00109 lots=2.06 riskPct=0.50 R:R=2.50 ema50=1.16261 distToLimit=10.1pips expiresIn=4bars touchSeq=0 | 1.162640
HN	0	01:45:01.447	Cazyxio_v4.2 (EURUSD,M15)	2026.03.11 07:45:01 | LIMIT_PLACED | EURUSD | SELL_LIMIT lots=2.06 limitPrice=1.16264 sl=1.16373 tp=1.15993 expiresIn=4bars ticket=4399919 | 2.060000
JG	0	01:45:01.447	Cazyxio_v4.2 (EURUSD,M15)	2026.03.11 07:45:01 | BAR | AUDUSD | close=0.71579 h4ema200=0.70046 h4slope=UP ema50=0.71519 distToEMA50=6.0pips touchSeq=1 atr=0.000794 atrSma=0.000915 atrRatio=0.868 dir=LONG spread=18.0 spreadOK=YES atrGate=PASS touch=FAIL momCandle=momClosePos=0.229 momOk=N ema50Ok=Y barRange=0.001440 zeroRangeBar=NO trigger=NO hasPos=NO portRisk=0.00% openPos=0 | 0.715790
QI	0	01:45:01.447	Cazyxio_v4.2 (EURUSD,M15)	2026.03.11 07:45:01 | NEAR_MISS | AUDUSD | Touch near-miss. BestDistRatio=1.252 (1.0=exactly at tolerance, <1.5=near miss) DistToEMA50=6.0pips
CM	0	01:45:01.447	Cazyxio_v4.2 (EURUSD,M15)	2026.03.11 07:45:01 | GATE_FAIL | AUDUSD | Touch/pullback gate FAIL. Price has not approached EMA50 within last 12 bars (within 0.60 ATR). DistToEMA50=6.0pips.
DK	0	01:45:01.447	Cazyxio_v4.2 (EURUSD,M15)	2026.03.11 07:45:01 | BAR | GBPJPY | close=212.564 h4ema200=210.589 h4slope=UP ema50=212.474 distToEMA50=9.0pips touchSeq=6 atr=0.117143 atrSma=0.118767 atrRatio=0.986 dir=LONG spread=33.0 spreadOK=NO atrGate=PASS touch=PASS momCandle=momClosePos=0.807 momOk=Y ema50Ok=Y barRange=0.150000 zeroRangeBar=NO trigger=YES hasPos=NO portRisk=0.00% openPos=0 | 212.564000
QQ	0	01:45:01.447	Cazyxio_v4.2 (EURUSD,M15)	2026.03.11 07:45:01 | GATE_FAIL | GBPJPY | Spread too wide. Spread=33.0 Max=30 points.
IR	0	01:45:01.447	Cazyxio_v4.2 (EURUSD,M15)	2026.03.11 07:45:01 | BAR | USDCAD | close=1.35697 h4ema200=1.36676 h4slope=DOWN ema50=1.35668 distToEMA50=2.9pips touchSeq=5 atr=0.000411 atrSma=0.000666 atrRatio=0.617 dir=SHORT spread=25.0 spreadOK=YES atrGate=FAIL touch=PASS momCandle=momClosePos=0.606 momOk=N ema50Ok=Y barRange=0.000660 zeroRangeBar=NO trigger=NO hasPos=NO portRisk=0.00% openPos=0 | 1.356970
RM	0	01:45:01.447	Cazyxio_v4.2 (EURUSD,M15)	2026.03.11 07:45:01 | GATE_FAIL | USDCAD | ATR gate FAIL. ATR=0.000411 ATR_SMA=0.000666 Ratio=0.617 MinRatio=0.80
IG	0	01:45:02.910	Cazyxio_v4.2 (EURUSD,M15)	2026.03.11 07:45:02 | BAR | GBPUSD | close=1.34313 h4ema200=1.34821 h4slope=DOWN ema50=1.34403 distToEMA50=9.0pips touchSeq=0 atr=0.000731 atrSma=0.001000 atrRatio=0.731 dir=SHORT spread=20.0 spreadOK=YES atrGate=FAIL touch=PASS momCandle=momClosePos=0.240 momOk=Y ema50Ok=Y barRange=0.001250 zeroRangeBar=NO trigger=YES hasPos=NO portRisk=0.00% openPos=0 | 1.343130
HE	0	01:45:02.910	Cazyxio_v4.2 (EURUSD,M15)	2026.03.11 07:45:02 | NEAR_MISS | GBPUSD | ATR near-miss. Ratio=0.731 MinRatio=0.80 Gap=0.069
OE	0	01:45:02.910	Cazyxio_v4.2 (EURUSD,M15)	2026.03.11 07:45:02 | GATE_FAIL | GBPUSD | ATR gate FAIL. ATR=0.000731 ATR_SMA=0.001000 Ratio=0.731 MinRatio=0.80
LR	0	01:45:07.478	Cazyxio_v4.2 (EURUSD,M15)	2026.03.11 07:45:07 | LIMIT_PENDING | USDJPY | Limit order still pending. BarsRemaining=3 LimitPrice=158.066 CurrentPrice=158.270 DistToLimit=20.4pips Ticket=4399842
IE	0	01:45:26.378	Cazyxio_v4.2 (EURUSD,M15)	2026.03.11 07:45:26 | HEARTBEAT | SYSTEM | EA alive. Tick=156800 Equity=44783.64 OpenPos=0 PendingOrders=2 UTC=2026.03.11 07:45 DayOfWeek=3 WeekendCloseActive=NO NewTradeBlocked=NO | 156800.000000
NG	0	01:46:27.215	Cazyxio_v4.2 (EURUSD,M15)	2026.03.11 07:46:27 | HEARTBEAT | SYSTEM | EA alive. Tick=156900 Equity=44783.64 OpenPos=0 PendingOrders=2 UTC=2026.03.11 07:46 DayOfWeek=3 WeekendCloseActive=NO NewTradeBlocked=NO | 156900.000000
EF	0	01:47:37.367	Cazyxio_v4.2 (EURUSD,M15)	2026.03.11 07:47:37 | HEARTBEAT | SYSTEM | EA alive. Tick=157000 Equity=44783.64 OpenPos=0 PendingOrders=2 UTC=2026.03.11 07:47 DayOfWeek=3 WeekendCloseActive=NO NewTradeBlocked=NO | 157000.000000
RP	0	01:48:41.127	Cazyxio_v4.2 (EURUSD,M15)	2026.03.11 07:48:41 | HEARTBEAT | SYSTEM | EA alive. Tick=157100 Equity=44783.64 OpenPos=0 PendingOrders=2 UTC=2026.03.11 07:48 DayOfWeek=3 WeekendCloseActive=NO NewTradeBlocked=NO | 157100.000000
PR	0	01:49:58.748	Cazyxio_v4.2 (EURUSD,M15)	2026.03.11 07:49:58 | HEARTBEAT | SYSTEM | EA alive. Tick=157200 Equity=44783.64 OpenPos=0 PendingOrders=2 UTC=2026.03.11 07:49 DayOfWeek=3 WeekendCloseActive=NO NewTradeBlocked=NO | 157200.000000
RL	0	01:50:50.476	Cazyxio_v4.2 (EURUSD,M15)	2026.03.11 07:50:50 | HEARTBEAT | SYSTEM | EA alive. Tick=157300 Equity=44783.64 OpenPos=0 PendingOrders=2 UTC=2026.03.11 07:50 DayOfWeek=3 WeekendCloseActive=NO NewTradeBlocked=NO | 157300.000000
EO	0	01:51:42.432	Cazyxio_v4.2 (EURUSD,M15)	2026.03.11 07:51:42 | HEARTBEAT | SYSTEM | EA alive. Tick=157400 Equity=44783.64 OpenPos=0 PendingOrders=2 UTC=2026.03.11 07:51 DayOfWeek=3 WeekendCloseActive=NO NewTradeBlocked=NO | 157400.000000
FI	0	01:52:57.434	Cazyxio_v4.2 (EURUSD,M15)	2026.03.11 07:52:57 | HEARTBEAT | SYSTEM | EA alive. Tick=157500 Equity=44783.64 OpenPos=0 PendingOrders=2 UTC=2026.03.11 07:52 DayOfWeek=3 WeekendCloseActive=NO NewTradeBlocked=NO | 157500.000000
RK	0	01:53:49.983	Cazyxio_v4.2 (EURUSD,M15)	2026.03.11 07:53:49 | HEARTBEAT | SYSTEM | EA alive. Tick=157600 Equity=44783.64 OpenPos=0 PendingOrders=2 UTC=2026.03.11 07:53 DayOfWeek=3 WeekendCloseActive=NO NewTradeBlocked=NO | 157600.000000
FE	0	01:54:46.269	Cazyxio_v4.2 (EURUSD,M15)	2026.03.11 07:54:46 | HEARTBEAT | SYSTEM | EA alive. Tick=157700 Equity=44783.64 OpenPos=0 PendingOrders=2 UTC=2026.03.11 07:54 DayOfWeek=3 WeekendCloseActive=NO NewTradeBlocked=NO | 157700.000000
MD	0	01:55:32.944	Cazyxio_v4.2 (EURUSD,M15)	2026.03.11 07:55:32 | HEARTBEAT | SYSTEM | EA alive. Tick=157800 Equity=44783.64 OpenPos=0 PendingOrders=2 UTC=2026.03.11 07:55 DayOfWeek=3 WeekendCloseActive=NO NewTradeBlocked=NO | 157800.000000
MF	0	01:56:28.842	Cazyxio_v4.2 (EURUSD,M15)	2026.03.11 07:56:28 | HEARTBEAT | SYSTEM | EA alive. Tick=157900 Equity=44783.64 OpenPos=0 PendingOrders=2 UTC=2026.03.11 07:56 DayOfWeek=3 WeekendCloseActive=NO NewTradeBlocked=NO | 157900.000000
DP	0	01:57:13.989	Cazyxio_v4.2 (EURUSD,M15)	2026.03.11 07:57:13 | HEARTBEAT | SYSTEM | EA alive. Tick=158000 Equity=44783.64 OpenPos=0 PendingOrders=2 UTC=2026.03.11 07:57 DayOfWeek=3 WeekendCloseActive=NO NewTradeBlocked=NO | 158000.000000
DR	0	01:58:01.614	Cazyxio_v4.2 (EURUSD,M15)	2026.03.11 07:58:01 | HEARTBEAT | SYSTEM | EA alive. Tick=158100 Equity=44783.64 OpenPos=0 PendingOrders=2 UTC=2026.03.11 07:58 DayOfWeek=3 WeekendCloseActive=NO NewTradeBlocked=NO | 158100.000000
LM	0	01:58:49.034	Cazyxio_v4.2 (EURUSD,M15)	2026.03.11 07:58:49 | HEARTBEAT | SYSTEM | EA alive. Tick=158200 Equity=44783.64 OpenPos=0 PendingOrders=2 UTC=2026.03.11 07:58 DayOfWeek=3 WeekendCloseActive=NO NewTradeBlocked=NO | 158200.000000
IO	0	01:59:39.269	Cazyxio_v4.2 (EURUSD,M15)	2026.03.11 07:59:39 | HEARTBEAT | SYSTEM | EA alive. Tick=158300 Equity=44783.64 OpenPos=0 PendingOrders=2 UTC=2026.03.11 07:59 DayOfWeek=3 WeekendCloseActive=NO NewTradeBlocked=NO | 158300.000000
KD	0	02:00:01.207	Cazyxio_v4.2 (EURUSD,M15)	2026.03.11 08:00:01 | LIMIT_PENDING | EURUSD | Limit order still pending. BarsRemaining=3 LimitPrice=1.16264 CurrentPrice=1.16161 DistToLimit=10.3pips Ticket=4399919
LK	0	02:00:01.493	Cazyxio_v4.2 (EURUSD,M15)	2026.03.11 08:00:01 | BAR | GBPUSD | close=1.34340 h4ema200=1.34821 h4slope=DOWN ema50=1.34402 distToEMA50=6.2pips touchSeq=1 atr=0.000781 atrSma=0.001001 atrRatio=0.780 dir=SHORT spread=22.0 spreadOK=YES atrGate=FAIL touch=PASS momCandle=momClosePos=0.529 momOk=N ema50Ok=Y barRange=0.001040 zeroRangeBar=NO trigger=NO hasPos=NO portRisk=0.00% openPos=0 | 1.343400
EK	0	02:00:01.493	Cazyxio_v4.2 (EURUSD,M15)	2026.03.11 08:00:01 | NEAR_MISS | GBPUSD | ATR near-miss. Ratio=0.780 MinRatio=0.80 Gap=0.020
KF	0	02:00:01.493	Cazyxio_v4.2 (EURUSD,M15)	2026.03.11 08:00:01 | GATE_FAIL | GBPUSD | ATR gate FAIL. ATR=0.000781 ATR_SMA=0.001001 Ratio=0.780 MinRatio=0.80
HQ	0	02:00:01.493	Cazyxio_v4.2 (EURUSD,M15)	2026.03.11 08:00:01 | LIMIT_PENDING | USDJPY | Limit order still pending. BarsRemaining=2 LimitPrice=158.066 CurrentPrice=158.239 DistToLimit=17.3pips Ticket=4399842
DD	0	02:00:01.493	Cazyxio_v4.2 (EURUSD,M15)	2026.03.11 08:00:01 | BAR | AUDUSD | close=0.71629 h4ema200=0.70046 h4slope=UP ema50=0.71525 distToEMA50=10.4pips touchSeq=0 atr=0.000818 atrSma=0.000916 atrRatio=0.893 dir=LONG spread=17.0 spreadOK=YES atrGate=PASS touch=FAIL momCandle=momClosePos=0.678 momOk=Y ema50Ok=Y barRange=0.000870 zeroRangeBar=NO trigger=YES hasPos=NO portRisk=0.00% openPos=0 | 0.716290
QN	0	02:00:01.493	Cazyxio_v4.2 (EURUSD,M15)	2026.03.11 08:00:01 | NEAR_MISS | AUDUSD | Touch near-miss. BestDistRatio=1.252 (1.0=exactly at tolerance, <1.5=near miss) DistToEMA50=10.4pips
IR	0	02:00:01.493	Cazyxio_v4.2 (EURUSD,M15)	2026.03.11 08:00:01 | GATE_FAIL | AUDUSD | Touch/pullback gate FAIL. Price has not approached EMA50 within last 12 bars (within 0.60 ATR). DistToEMA50=10.4pips.
OR	0	02:00:01.493	Cazyxio_v4.2 (EURUSD,M15)	2026.03.11 08:00:01 | BAR | GBPJPY | close=212.560 h4ema200=210.589 h4slope=UP ema50=212.477 distToEMA50=8.3pips touchSeq=7 atr=0.121786 atrSma=0.118935 atrRatio=1.024 dir=LONG spread=44.0 spreadOK=NO atrGate=PASS touch=PASS momCandle=momClosePos=0.461 momOk=N ema50Ok=Y barRange=0.141000 zeroRangeBar=NO trigger=NO hasPos=NO portRisk=0.00% openPos=0 | 212.560000
NM	0	02:00:01.493	Cazyxio_v4.2 (EURUSD,M15)	2026.03.11 08:00:01 | GATE_FAIL | GBPJPY | Spread too wide. Spread=44.0 Max=30 points.
RS	0	02:00:01.493	Cazyxio_v4.2 (EURUSD,M15)	2026.03.11 08:00:01 | BAR | USDCAD | close=1.35624 h4ema200=1.36675 h4slope=DOWN ema50=1.35663 distToEMA50=3.9pips touchSeq=6 atr=0.000450 atrSma=0.000666 atrRatio=0.676 dir=SHORT spread=25.0 spreadOK=YES atrGate=FAIL touch=PASS momCandle=momClosePos=0.057 momOk=Y ema50Ok=Y barRange=0.000870 zeroRangeBar=NO trigger=YES hasPos=NO portRisk=0.00% openPos=0 | 1.356240
MI	0	02:00:01.493	Cazyxio_v4.2 (EURUSD,M15)	2026.03.11 08:00:01 | GATE_FAIL | USDCAD | ATR gate FAIL. ATR=0.000450 ATR_SMA=0.000666 Ratio=0.676 MinRatio=0.80
OJ	0	02:00:20.422	Cazyxio_v4.2 (EURUSD,M15)	2026.03.11 08:00:20 | HEARTBEAT | SYSTEM | EA alive. Tick=158400 Equity=44783.64 OpenPos=0 PendingOrders=2 UTC=2026.03.11 08:00 DayOfWeek=3 WeekendCloseActive=NO NewTradeBlocked=NO | 158400.000000
KD	0	02:00:57.114	Cazyxio_v4.2 (EURUSD,M15)	2026.03.11 08:00:57 | HEARTBEAT | SYSTEM | EA alive. Tick=158500 Equity=44783.64 OpenPos=0 PendingOrders=2 UTC=2026.03.11 08:00 DayOfWeek=3 WeekendCloseActive=NO NewTradeBlocked=NO | 158500.000000
EG	0	02:01:36.928	Cazyxio_v4.2 (EURUSD,M15)	2026.03.11 08:01:36 | HEARTBEAT | SYSTEM | EA alive. Tick=158600 Equity=44783.64 OpenPos=0 PendingOrders=2 UTC=2026.03.11 08:01 DayOfWeek=3 WeekendCloseActive=NO NewTradeBlocked=NO | 158600.000000
HQ	0	02:02:20.322	Cazyxio_v4.2 (EURUSD,M15)	2026.03.11 08:02:20 | HEARTBEAT | SYSTEM | EA alive. Tick=158700 Equity=44783.64 OpenPos=0 PendingOrders=2 UTC=2026.03.11 08:02 DayOfWeek=3 WeekendCloseActive=NO NewTradeBlocked=NO | 158700.000000
FS	0	02:02:58.911	Cazyxio_v4.2 (EURUSD,M15)	2026.03.11 08:02:58 | HEARTBEAT | SYSTEM | EA alive. Tick=158800 Equity=44783.64 OpenPos=0 PendingOrders=2 UTC=2026.03.11 08:02 DayOfWeek=3 WeekendCloseActive=NO NewTradeBlocked=NO | 158800.000000
PM	0	02:03:38.534	Cazyxio_v4.2 (EURUSD,M15)	2026.03.11 08:03:38 | HEARTBEAT | SYSTEM | EA alive. Tick=158900 Equity=44783.64 OpenPos=0 PendingOrders=2 UTC=2026.03.11 08:03 DayOfWeek=3 WeekendCloseActive=NO NewTradeBlocked=NO | 158900.000000
HL	0	02:04:24.122	Cazyxio_v4.2 (EURUSD,M15)	2026.03.11 08:04:24 | HEARTBEAT | SYSTEM | EA alive. Tick=159000 Equity=44783.64 OpenPos=0 PendingOrders=2 UTC=2026.03.11 08:04 DayOfWeek=3 WeekendCloseActive=NO NewTradeBlocked=NO | 159000.000000
CN	0	02:05:25.265	Cazyxio_v4.2 (EURUSD,M15)	2026.03.11 08:05:25 | HEARTBEAT | SYSTEM | EA alive. Tick=159100 Equity=44783.64 OpenPos=0 PendingOrders=2 UTC=2026.03.11 08:05 DayOfWeek=3 WeekendCloseActive=NO NewTradeBlocked=NO | 159100.000000
PH	0	02:06:13.254	Cazyxio_v4.2 (EURUSD,M15)	2026.03.11 08:06:13 | HEARTBEAT | SYSTEM | EA alive. Tick=159200 Equity=44783.64 OpenPos=0 PendingOrders=2 UTC=2026.03.11 08:06 DayOfWeek=3 WeekendCloseActive=NO NewTradeBlocked=NO | 159200.000000
EJ	0	02:07:04.393	Cazyxio_v4.2 (EURUSD,M15)	2026.03.11 08:07:04 | HEARTBEAT | SYSTEM | EA alive. Tick=159300 Equity=44783.64 OpenPos=0 PendingOrders=2 UTC=2026.03.11 08:07 DayOfWeek=3 WeekendCloseActive=NO NewTradeBlocked=NO | 159300.000000
FE	0	02:08:01.478	Cazyxio_v4.2 (EURUSD,M15)	2026.03.11 08:08:01 | HEARTBEAT | SYSTEM | EA alive. Tick=159400 Equity=44783.64 OpenPos=0 PendingOrders=2 UTC=2026.03.11 08:08 DayOfWeek=3 WeekendCloseActive=NO NewTradeBlocked=NO | 159400.000000
JG	0	02:09:03.846	Cazyxio_v4.2 (EURUSD,M15)	2026.03.11 08:09:03 | HEARTBEAT | SYSTEM | EA alive. Tick=159500 Equity=44783.64 OpenPos=0 PendingOrders=2 UTC=2026.03.11 08:09 DayOfWeek=3 WeekendCloseActive=NO NewTradeBlocked=NO | 159500.000000
NQ	0	02:10:06.417	Cazyxio_v4.2 (EURUSD,M15)	2026.03.11 08:10:06 | HEARTBEAT | SYSTEM | EA alive. Tick=159600 Equity=44783.64 OpenPos=0 PendingOrders=2 UTC=2026.03.11 08:10 DayOfWeek=3 WeekendCloseActive=NO NewTradeBlocked=NO | 159600.000000
PS	0	02:11:08.177	Cazyxio_v4.2 (EURUSD,M15)	2026.03.11 08:11:08 | HEARTBEAT | SYSTEM | EA alive. Tick=159700 Equity=44783.64 OpenPos=0 PendingOrders=2 UTC=2026.03.11 08:11 DayOfWeek=3 WeekendCloseActive=NO NewTradeBlocked=NO | 159700.000000
IR	0	02:12:00.577	Cazyxio_v4.2 (EURUSD,M15)	2026.03.11 08:12:00 | HEARTBEAT | SYSTEM | EA alive. Tick=159800 Equity=44783.64 OpenPos=0 PendingOrders=2 UTC=2026.03.11 08:12 DayOfWeek=3 WeekendCloseActive=NO NewTradeBlocked=NO | 159800.000000
CL	0	02:13:05.420	Cazyxio_v4.2 (EURUSD,M15)	2026.03.11 08:13:05 | HEARTBEAT | SYSTEM | EA alive. Tick=159900 Equity=44783.64 OpenPos=0 PendingOrders=2 UTC=2026.03.11 08:13 DayOfWeek=3 WeekendCloseActive=NO NewTradeBlocked=NO | 159900.000000
QN	0	02:14:04.829	Cazyxio_v4.2 (EURUSD,M15)	2026.03.11 08:14:04 | HEARTBEAT | SYSTEM | EA alive. Tick=160000 Equity=44783.64 OpenPos=0 PendingOrders=2 UTC=2026.03.11 08:14 DayOfWeek=3 WeekendCloseActive=NO NewTradeBlocked=NO | 160000.000000
NF	0	02:15:01.252	Cazyxio_v4.2 (EURUSD,M15)	2026.03.11 08:15:01 | LIMIT_PENDING | EURUSD | Limit order still pending. BarsRemaining=2 LimitPrice=1.16264 CurrentPrice=1.16199 DistToLimit=6.5pips Ticket=4399919
CI	0	02:15:01.499	Cazyxio_v4.2 (EURUSD,M15)	2026.03.11 08:15:01 | BAR | AUDUSD | close=0.71722 h4ema200=0.70047 h4slope=UP ema50=0.71536 distToEMA50=18.6pips touchSeq=0 atr=0.000847 atrSma=0.000917 atrRatio=0.924 dir=LONG spread=18.0 spreadOK=YES atrGate=PASS touch=FAIL momCandle=momClosePos=0.975 momOk=Y ema50Ok=Y barRange=0.001180 zeroRangeBar=NO trigger=YES hasPos=NO portRisk=0.00% openPos=0 | 0.717220
KJ	0	02:15:01.499	Cazyxio_v4.2 (EURUSD,M15)	2026.03.11 08:15:01 | NEAR_MISS | AUDUSD | Touch near-miss. BestDistRatio=1.252 (1.0=exactly at tolerance, <1.5=near miss) DistToEMA50=18.6pips
GN	0	02:15:01.499	Cazyxio_v4.2 (EURUSD,M15)	2026.03.11 08:15:01 | GATE_FAIL | AUDUSD | Touch/pullback gate FAIL. Price has not approached EMA50 within last 12 bars (within 0.60 ATR). DistToEMA50=18.6pips.
PK	0	02:15:01.499	Cazyxio_v4.2 (EURUSD,M15)	2026.03.11 08:15:01 | BAR | USDCAD | close=1.35601 h4ema200=1.36675 h4slope=DOWN ema50=1.35660 distToEMA50=5.9pips touchSeq=0 atr=0.000479 atrSma=0.000666 atrRatio=0.719 dir=SHORT spread=25.0 spreadOK=YES atrGate=FAIL touch=PASS momCandle=momClosePos=0.136 momOk=Y ema50Ok=Y barRange=0.000810 zeroRangeBar=NO trigger=YES hasPos=NO portRisk=0.00% openPos=0 | 1.356010
IN	0	02:15:01.499	Cazyxio_v4.2 (EURUSD,M15)	2026.03.11 08:15:01 | NEAR_MISS | USDCAD | ATR near-miss. Ratio=0.719 MinRatio=0.80 Gap=0.081
DS	0	02:15:01.499	Cazyxio_v4.2 (EURUSD,M15)	2026.03.11 08:15:01 | GATE_FAIL | USDCAD | ATR gate FAIL. ATR=0.000479 ATR_SMA=0.000666 Ratio=0.719 MinRatio=0.80
MM	0	02:15:01.752	Cazyxio_v4.2 (EURUSD,M15)	2026.03.11 08:15:01 | BAR | GBPUSD | close=1.34333 h4ema200=1.34821 h4slope=DOWN ema50=1.34399 distToEMA50=6.6pips touchSeq=2 atr=0.000821 atrSma=0.001000 atrRatio=0.821 dir=SHORT spread=20.0 spreadOK=YES atrGate=PASS touch=PASS momCandle=momClosePos=0.842 momOk=N ema50Ok=Y barRange=0.001200 zeroRangeBar=NO trigger=NO hasPos=NO portRisk=0.00% openPos=0 | 1.343330
ED	0	02:15:01.752	Cazyxio_v4.2 (EURUSD,M15)	2026.03.11 08:15:01 | GATE_FAIL | GBPUSD | Momentum candle FAIL. dir=SHORT close=1.34333 ema50=1.34399 momClosePos=0.842 momOk=N ema50Ok=Y barRange=0.001200
MM	0	02:15:01.753	Cazyxio_v4.2 (EURUSD,M15)	2026.03.11 08:15:01 | BAR | GBPJPY | close=212.558 h4ema200=210.589 h4slope=UP ema50=212.480 distToEMA50=7.8pips touchSeq=8 atr=0.121643 atrSma=0.119036 atrRatio=1.022 dir=LONG spread=38.0 spreadOK=NO atrGate=PASS touch=PASS momCandle=momClosePos=0.848 momOk=Y ema50Ok=Y barRange=0.125000 zeroRangeBar=NO trigger=YES hasPos=NO portRisk=0.00% openPos=0 | 212.558000
DO	0	02:15:01.753	Cazyxio_v4.2 (EURUSD,M15)	2026.03.11 08:15:01 | GATE_FAIL | GBPJPY | Spread too wide. Spread=38.0 Max=30 points.
JM	0	02:15:02.002	Cazyxio_v4.2 (EURUSD,M15)	2026.03.11 08:15:02 | LIMIT_PENDING | USDJPY | Limit order still pending. BarsRemaining=1 LimitPrice=158.066 CurrentPrice=158.241 DistToLimit=17.5pips Ticket=4399842
CO	0	02:15:02.754	Cazyxio_v4.2 (EURUSD,M15)	2026.03.11 08:15:02 | HEARTBEAT | SYSTEM | EA alive. Tick=160100 Equity=44783.64 OpenPos=0 PendingOrders=2 UTC=2026.03.11 08:15 DayOfWeek=3 WeekendCloseActive=NO NewTradeBlocked=NO | 160100.000000
OI	0	02:16:01.836	Cazyxio_v4.2 (EURUSD,M15)	2026.03.11 08:16:01 | HEARTBEAT | SYSTEM | EA alive. Tick=160200 Equity=44783.64 OpenPos=0 PendingOrders=2 UTC=2026.03.11 08:16 DayOfWeek=3 WeekendCloseActive=NO NewTradeBlocked=NO | 160200.000000
OK	0	02:16:57.032	Cazyxio_v4.2 (EURUSD,M15)	2026.03.11 08:16:57 | HEARTBEAT | SYSTEM | EA alive. Tick=160300 Equity=44783.64 OpenPos=0 PendingOrders=2 UTC=2026.03.11 08:16 DayOfWeek=3 WeekendCloseActive=NO NewTradeBlocked=NO | 160300.000000
JE	0	02:18:11.770	Cazyxio_v4.2 (EURUSD,M15)	2026.03.11 08:18:11 | HEARTBEAT | SYSTEM | EA alive. Tick=160400 Equity=44783.64 OpenPos=0 PendingOrders=2 UTC=2026.03.11 08:18 DayOfWeek=3 WeekendCloseActive=NO NewTradeBlocked=NO | 160400.000000
FD	0	02:19:21.328	Cazyxio_v4.2 (EURUSD,M15)	2026.03.11 08:19:21 | HEARTBEAT | SYSTEM | EA alive. Tick=160500 Equity=44783.64 OpenPos=0 PendingOrders=2 UTC=2026.03.11 08:19 DayOfWeek=3 WeekendCloseActive=NO NewTradeBlocked=NO | 160500.000000
KF	0	02:20:29.279	Cazyxio_v4.2 (EURUSD,M15)	2026.03.11 08:20:29 | HEARTBEAT | SYSTEM | EA alive. Tick=160600 Equity=44783.64 OpenPos=0 PendingOrders=2 UTC=2026.03.11 08:20 DayOfWeek=3 WeekendCloseActive=NO NewTradeBlocked=NO | 160600.000000
MP	0	02:21:43.614	Cazyxio_v4.2 (EURUSD,M15)	2026.03.11 08:21:43 | HEARTBEAT | SYSTEM | EA alive. Tick=160700 Equity=44783.64 OpenPos=0 PendingOrders=2 UTC=2026.03.11 08:21 DayOfWeek=3 WeekendCloseActive=NO NewTradeBlocked=NO | 160700.000000
DR	0	02:22:33.960	Cazyxio_v4.2 (EURUSD,M15)	2026.03.11 08:22:33 | HEARTBEAT | SYSTEM | EA alive. Tick=160800 Equity=44783.64 OpenPos=0 PendingOrders=2 UTC=2026.03.11 08:22 DayOfWeek=3 WeekendCloseActive=NO NewTradeBlocked=NO | 160800.000000
DM	0	02:23:36.244	Cazyxio_v4.2 (EURUSD,M15)	2026.03.11 08:23:36 | HEARTBEAT | SYSTEM | EA alive. Tick=160900 Equity=44783.64 OpenPos=0 PendingOrders=2 UTC=2026.03.11 08:23 DayOfWeek=3 WeekendCloseActive=NO NewTradeBlocked=NO | 160900.000000
RO	0	02:24:37.294	Cazyxio_v4.2 (EURUSD,M15)	2026.03.11 08:24:37 | HEARTBEAT | SYSTEM | EA alive. Tick=161000 Equity=44783.64 OpenPos=0 PendingOrders=2 UTC=2026.03.11 08:24 DayOfWeek=3 WeekendCloseActive=NO NewTradeBlocked=NO | 161000.000000
FI	0	02:25:38.853	Cazyxio_v4.2 (EURUSD,M15)	2026.03.11 08:25:38 | HEARTBEAT | SYSTEM | EA alive. Tick=161100 Equity=44783.64 OpenPos=0 PendingOrders=2 UTC=2026.03.11 08:25 DayOfWeek=3 WeekendCloseActive=NO NewTradeBlocked=NO | 161100.000000
FK	0	02:26:44.876	Cazyxio_v4.2 (EURUSD,M15)	2026.03.11 08:26:44 | HEARTBEAT | SYSTEM | EA alive. Tick=161200 Equity=44783.64 OpenPos=0 PendingOrders=2 UTC=2026.03.11 08:26 DayOfWeek=3 WeekendCloseActive=NO NewTradeBlocked=NO | 161200.000000
CJ	0	02:28:11.945	Cazyxio_v4.2 (EURUSD,M15)	2026.03.11 08:28:11 | HEARTBEAT | SYSTEM | EA alive. Tick=161300 Equity=44783.64 OpenPos=0 PendingOrders=2 UTC=2026.03.11 08:28 DayOfWeek=3 WeekendCloseActive=NO NewTradeBlocked=NO | 161300.000000
QD	0	02:29:17.399	Cazyxio_v4.2 (EURUSD,M15)	2026.03.11 08:29:17 | HEARTBEAT | SYSTEM | EA alive. Tick=161400 Equity=44783.64 OpenPos=0 PendingOrders=2 UTC=2026.03.11 08:29 DayOfWeek=3 WeekendCloseActive=NO NewTradeBlocked=NO | 161400.000000
CH	0	02:30:01.417	Cazyxio_v4.2 (EURUSD,M15)	2026.03.11 08:30:01 | BAR | GBPUSD | close=1.34265 h4ema200=1.34820 h4slope=DOWN ema50=1.34391 distToEMA50=12.6pips touchSeq=0 atr=0.000874 atrSma=0.001000 atrRatio=0.874 dir=SHORT spread=20.0 spreadOK=YES atrGate=PASS touch=PASS momCandle=momClosePos=0.364 momOk=N ema50Ok=Y barRange=0.001070 zeroRangeBar=NO trigger=NO hasPos=NO portRisk=0.00% openPos=0 | 1.342650
KJ	0	02:30:01.417	Cazyxio_v4.2 (EURUSD,M15)	2026.03.11 08:30:01 | NEAR_MISS | GBPUSD | Momentum near-miss. momClosePos=0.364 Threshold=0.350 Gap=0.014 dir=SHORT
MM	0	02:30:01.417	Cazyxio_v4.2 (EURUSD,M15)	2026.03.11 08:30:01 | GATE_FAIL | GBPUSD | Momentum candle FAIL. dir=SHORT close=1.34265 ema50=1.34391 momClosePos=0.364 momOk=N ema50Ok=Y barRange=0.001070
RJ	0	02:30:01.417	Cazyxio_v4.2 (EURUSD,M15)	2026.03.11 08:30:01 | LIMIT_PENDING | EURUSD | Limit order still pending. BarsRemaining=1 LimitPrice=1.16264 CurrentPrice=1.16141 DistToLimit=12.3pips Ticket=4399919
GQ	0	02:30:01.417	Cazyxio_v4.2 (EURUSD,M15)	2026.03.11 08:30:01 | BAR | AUDUSD | close=0.71649 h4ema200=0.70046 h4slope=UP ema50=0.71538 distToEMA50=11.1pips touchSeq=0 atr=0.000897 atrSma=0.000918 atrRatio=0.977 dir=LONG spread=20.0 spreadOK=YES atrGate=PASS touch=FAIL momCandle=momClosePos=0.299 momOk=N ema50Ok=Y barRange=0.001270 zeroRangeBar=NO trigger=NO hasPos=NO portRisk=0.00% openPos=0 | 0.716490
IQ	0	02:30:01.417	Cazyxio_v4.2 (EURUSD,M15)	2026.03.11 08:30:01 | NEAR_MISS | AUDUSD | Touch near-miss. BestDistRatio=1.252 (1.0=exactly at tolerance, <1.5=near miss) DistToEMA50=11.1pips
QK	0	02:30:01.417	Cazyxio_v4.2 (EURUSD,M15)	2026.03.11 08:30:01 | GATE_FAIL | AUDUSD | Touch/pullback gate FAIL. Price has not approached EMA50 within last 12 bars (within 0.60 ATR). DistToEMA50=11.1pips.
JK	0	02:30:01.417	Cazyxio_v4.2 (EURUSD,M15)	2026.03.11 08:30:01 | BAR | GBPJPY | close=212.579 h4ema200=210.589 h4slope=UP ema50=212.485 distToEMA50=9.4pips touchSeq=9 atr=0.125071 atrSma=0.119058 atrRatio=1.051 dir=LONG spread=44.0 spreadOK=NO atrGate=PASS touch=PASS momCandle=momClosePos=0.380 momOk=N ema50Ok=Y barRange=0.150000 zeroRangeBar=NO trigger=NO hasPos=NO portRisk=0.00% openPos=0 | 212.579000
JJ	0	02:30:01.417	Cazyxio_v4.2 (EURUSD,M15)	2026.03.11 08:30:01 | GATE_FAIL | GBPJPY | Spread too wide. Spread=44.0 Max=30 points.
FG	0	02:30:01.417	Cazyxio_v4.2 (EURUSD,M15)	2026.03.11 08:30:01 | BAR | USDCAD | close=1.35651 h4ema200=1.36675 h4slope=DOWN ema50=1.35662 distToEMA50=1.1pips touchSeq=1 atr=0.000516 atrSma=0.000667 atrRatio=0.774 dir=SHORT spread=26.0 spreadOK=YES atrGate=FAIL touch=PASS momCandle=momClosePos=0.620 momOk=N ema50Ok=Y barRange=0.000790 zeroRangeBar=NO trigger=NO hasPos=NO portRisk=0.00% openPos=0 | 1.356510
OH	0	02:30:01.417	Cazyxio_v4.2 (EURUSD,M15)	2026.03.11 08:30:01 | NEAR_MISS | USDCAD | ATR near-miss. Ratio=0.774 MinRatio=0.80 Gap=0.026
FQ	0	02:30:01.417	Cazyxio_v4.2 (EURUSD,M15)	2026.03.11 08:30:01 | GATE_FAIL | USDCAD | ATR gate FAIL. ATR=0.000516 ATR_SMA=0.000667 Ratio=0.774 MinRatio=0.80
GR	0	02:30:01.872	Cazyxio_v4.2 (EURUSD,M15)	2026.03.11 08:30:01 | LIMIT_EXPIRED | USDJPY | Limit order expired (unfilled after 4 bars). LimitPrice=158.066 CurrentPrice=158.342 DistanceFromLimit=27.6pips Ticket=4399842
GR	0	02:30:01.998	Cazyxio_v4.2 (EURUSD,M15)	2026.03.11 08:30:01 | LIMIT_CANCELLED | USDJPY | Pending limit order cancelled. Reason=EXPIRY Ticket=4399842 LimitPrice=158.066
LS	0	02:30:18.566	Cazyxio_v4.2 (EURUSD,M15)	2026.03.11 08:30:18 | HEARTBEAT | SYSTEM | EA alive. Tick=161500 Equity=44783.64 OpenPos=0 PendingOrders=1 UTC=2026.03.11 08:30 DayOfWeek=3 WeekendCloseActive=NO NewTradeBlocked=NO | 161500.000000
ER	0	02:31:15.388	Cazyxio_v4.2 (EURUSD,M15)	2026.03.11 08:31:15 | HEARTBEAT | SYSTEM | EA alive. Tick=161600 Equity=44783.64 OpenPos=0 PendingOrders=1 UTC=2026.03.11 08:31 DayOfWeek=3 WeekendCloseActive=NO NewTradeBlocked=NO | 161600.000000
CL	0	02:32:27.035	Cazyxio_v4.2 (EURUSD,M15)	2026.03.11 08:32:27 | HEARTBEAT | SYSTEM | EA alive. Tick=161700 Equity=44783.64 OpenPos=0 PendingOrders=1 UTC=2026.03.11 08:32 DayOfWeek=3 WeekendCloseActive=NO NewTradeBlocked=NO | 161700.000000
JN	0	02:33:34.963	Cazyxio_v4.2 (EURUSD,M15)	2026.03.11 08:33:34 | HEARTBEAT | SYSTEM | EA alive. Tick=161800 Equity=44783.64 OpenPos=0 PendingOrders=1 UTC=2026.03.11 08:33 DayOfWeek=3 WeekendCloseActive=NO NewTradeBlocked=NO | 161800.000000
HH	0	02:34:32.782	Cazyxio_v4.2 (EURUSD,M15)	2026.03.11 08:34:32 | HEARTBEAT | SYSTEM | EA alive. Tick=161900 Equity=44783.64 OpenPos=0 PendingOrders=1 UTC=2026.03.11 08:34 DayOfWeek=3 WeekendCloseActive=NO NewTradeBlocked=NO | 161900.000000
NK	0	02:35:47.169	Cazyxio_v4.2 (EURUSD,M15)	2026.03.11 08:35:47 | HEARTBEAT | SYSTEM | EA alive. Tick=162000 Equity=44783.64 OpenPos=0 PendingOrders=1 UTC=2026.03.11 08:35 DayOfWeek=3 WeekendCloseActive=NO NewTradeBlocked=NO | 162000.000000
RE	0	02:37:12.963	Cazyxio_v4.2 (EURUSD,M15)	2026.03.11 08:37:12 | HEARTBEAT | SYSTEM | EA alive. Tick=162100 Equity=44783.64 OpenPos=0 PendingOrders=1 UTC=2026.03.11 08:37 DayOfWeek=3 WeekendCloseActive=NO NewTradeBlocked=NO | 162100.000000
IG	0	02:38:27.024	Cazyxio_v4.2 (EURUSD,M15)	2026.03.11 08:38:27 | HEARTBEAT | SYSTEM | EA alive. Tick=162200 Equity=44783.64 OpenPos=0 PendingOrders=1 UTC=2026.03.11 08:38 DayOfWeek=3 WeekendCloseActive=NO NewTradeBlocked=NO | 162200.000000
IQ	0	02:39:37.650	Cazyxio_v4.2 (EURUSD,M15)	2026.03.11 08:39:37 | HEARTBEAT | SYSTEM | EA alive. Tick=162300 Equity=44783.64 OpenPos=0 PendingOrders=1 UTC=2026.03.11 08:39 DayOfWeek=3 WeekendCloseActive=NO NewTradeBlocked=NO | 162300.000000
EP	0	02:40:39.360	Cazyxio_v4.2 (EURUSD,M15)	2026.03.11 08:40:39 | HEARTBEAT | SYSTEM | EA alive. Tick=162400 Equity=44783.64 OpenPos=0 PendingOrders=1 UTC=2026.03.11 08:40 DayOfWeek=3 WeekendCloseActive=NO NewTradeBlocked=NO | 162400.000000
KR	0	02:41:50.578	Cazyxio_v4.2 (EURUSD,M15)	2026.03.11 08:41:50 | HEARTBEAT | SYSTEM | EA alive. Tick=162500 Equity=44783.64 OpenPos=0 PendingOrders=1 UTC=2026.03.11 08:41 DayOfWeek=3 WeekendCloseActive=NO NewTradeBlocked=NO | 162500.000000
OL	0	02:42:55.760	Cazyxio_v4.2 (EURUSD,M15)	2026.03.11 08:42:55 | HEARTBEAT | SYSTEM | EA alive. Tick=162600 Equity=44783.64 OpenPos=0 PendingOrders=1 UTC=2026.03.11 08:42 DayOfWeek=3 WeekendCloseActive=NO NewTradeBlocked=NO | 162600.000000
FN	0	02:43:52.579	Cazyxio_v4.2 (EURUSD,M15)	2026.03.11 08:43:52 | HEARTBEAT | SYSTEM | EA alive. Tick=162700 Equity=44783.64 OpenPos=0 PendingOrders=1 UTC=2026.03.11 08:43 DayOfWeek=3 WeekendCloseActive=NO NewTradeBlocked=NO | 162700.000000
MI	0	02:44:42.584	Cazyxio_v4.2 (EURUSD,M15)	2026.03.11 08:44:42 | HEARTBEAT | SYSTEM | EA alive. Tick=162800 Equity=44783.64 OpenPos=0 PendingOrders=1 UTC=2026.03.11 08:44 DayOfWeek=3 WeekendCloseActive=NO NewTradeBlocked=NO | 162800.000000
HH	0	02:45:01.477	Cazyxio_v4.2 (EURUSD,M15)	2026.03.11 08:45:01 | BAR | GBPUSD | close=1.34131 h4ema200=1.34819 h4slope=DOWN ema50=1.34376 distToEMA50=24.5pips touchSeq=0 atr=0.000954 atrSma=0.001000 atrRatio=0.954 dir=SHORT spread=20.0 spreadOK=YES atrGate=PASS touch=PASS momCandle=momClosePos=0.018 momOk=Y ema50Ok=Y barRange=0.001680 zeroRangeBar=NO trigger=YES hasPos=NO portRisk=0.00% openPos=0 | 1.341310
HL	0	02:45:01.477	Cazyxio_v4.2 (EURUSD,M15)	2026.03.11 08:45:01 | SIGNAL | GBPUSD | VALID SIGNAL (LIMIT): SHORT limitPrice=1.34380 sl=1.34533 tp=1.33998 stopDist=0.00153 lots=1.46 riskPct=0.50 R:R=2.50 ema50=1.34376 distToLimit=24.9pips expiresIn=4bars touchSeq=0 | 1.343800
NL	0	02:45:01.604	Cazyxio_v4.2 (EURUSD,M15)	2026.03.11 08:45:01 | LIMIT_PLACED | GBPUSD | SELL_LIMIT lots=1.46 limitPrice=1.34380 sl=1.34533 tp=1.33998 expiresIn=4bars ticket=4400118 | 1.460000
KE	0	02:45:01.604	Cazyxio_v4.2 (EURUSD,M15)	2026.03.11 08:45:01 | LIMIT_EXPIRED | EURUSD | Limit order expired (unfilled after 4 bars). LimitPrice=1.16264 CurrentPrice=1.16059 DistanceFromLimit=20.5pips Ticket=4399919
PM	0	02:45:01.731	Cazyxio_v4.2 (EURUSD,M15)	2026.03.11 08:45:01 | LIMIT_CANCELLED | EURUSD | Pending limit order cancelled. Reason=EXPIRY Ticket=4399919 LimitPrice=1.16264
RK	0	02:45:01.731	Cazyxio_v4.2 (EURUSD,M15)	2026.03.11 08:45:01 | BAR | AUDUSD | close=0.71561 h4ema200=0.70045 h4slope=UP ema50=0.71535 distToEMA50=2.6pips touchSeq=1 atr=0.000926 atrSma=0.000919 atrRatio=1.008 dir=LONG spread=16.0 spreadOK=YES atrGate=PASS touch=PASS momCandle=momClosePos=0.009 momOk=N ema50Ok=Y barRange=0.001080 zeroRangeBar=NO trigger=NO hasPos=NO portRisk=0.00% openPos=0 | 0.715610
IG	0	02:45:01.731	Cazyxio_v4.2 (EURUSD,M15)	2026.03.11 08:45:01 | GATE_FAIL | AUDUSD | Momentum candle FAIL. dir=LONG close=0.71561 ema50=0.71535 momClosePos=0.009 momOk=N ema50Ok=Y barRange=0.001080
KH	0	02:45:01.731	Cazyxio_v4.2 (EURUSD,M15)	2026.03.11 08:45:01 | BAR | GBPJPY | close=212.471 h4ema200=210.588 h4slope=UP ema50=212.480 distToEMA50=0.9pips touchSeq=10 atr=0.132071 atrSma=0.119154 atrRatio=1.108 dir=LONG spread=39.0 spreadOK=NO atrGate=PASS touch=PASS momCandle=momClosePos=0.065 momOk=N ema50Ok=Y barRange=0.170000 zeroRangeBar=NO trigger=NO hasPos=NO portRisk=0.00% openPos=0 | 212.471000
EE	0	02:45:01.731	Cazyxio_v4.2 (EURUSD,M15)	2026.03.11 08:45:01 | GATE_FAIL | GBPJPY | Spread too wide. Spread=39.0 Max=30 points.
PF	0	02:45:01.731	Cazyxio_v4.2 (EURUSD,M15)	2026.03.11 08:45:01 | BAR | USDCAD | close=1.35707 h4ema200=1.36676 h4slope=DOWN ema50=1.35666 distToEMA50=4.1pips touchSeq=2 atr=0.000554 atrSma=0.000667 atrRatio=0.831 dir=SHORT spread=25.0 spreadOK=YES atrGate=PASS touch=PASS momCandle=momClosePos=0.813 momOk=N ema50Ok=Y barRange=0.000800 zeroRangeBar=NO trigger=NO hasPos=NO portRisk=0.00% openPos=0 | 1.357070
DL	0	02:45:01.731	Cazyxio_v4.2 (EURUSD,M15)	2026.03.11 08:45:01 | GATE_FAIL | USDCAD | Momentum candle FAIL. dir=SHORT close=1.35707 ema50=1.35666 momClosePos=0.813 momOk=N ema50Ok=Y barRange=0.000800
NI	0	02:45:04.628	Cazyxio_v4.2 (EURUSD,M15)	2026.03.11 08:45:04 | BAR | USDJPY | close=158.399 h4ema200=156.199 h4slope=UP ema50=158.120 distToEMA50=27.9pips touchSeq=0 atr=0.103214 atrSma=0.107386 atrRatio=0.961 dir=LONG spread=13.0 spreadOK=YES atrGate=PASS touch=PASS momCandle=momClosePos=0.955 momOk=Y ema50Ok=Y barRange=0.088000 zeroRangeBar=NO trigger=YES hasPos=NO portRisk=0.00% openPos=0 | 158.399000
ID	0	02:45:04.628	Cazyxio_v4.2 (EURUSD,M15)	2026.03.11 08:45:04 | SIGNAL | USDJPY | VALID SIGNAL (LIMIT): LONG limitPrice=158.114 sl=157.949 tp=158.527 stopDist=0.165 lots=2.14 riskPct=0.50 R:R=2.50 ema50=158.120 distToLimit=30.0pips expiresIn=4bars touchSeq=0 | 158.114000
ED	0	02:45:04.836	Cazyxio_v4.2 (EURUSD,M15)	2026.03.11 08:45:04 | LIMIT_PLACED | USDJPY | BUY_LIMIT lots=2.14 limitPrice=158.114 sl=157.949 tp=158.527 expiresIn=4bars ticket=4400123 | 2.140000
HQ	0	02:45:45.057	Cazyxio_v4.2 (EURUSD,M15)	2026.03.11 08:45:45 | HEARTBEAT | SYSTEM | EA alive. Tick=162900 Equity=44783.64 OpenPos=0 PendingOrders=2 UTC=2026.03.11 08:45 DayOfWeek=3 WeekendCloseActive=NO NewTradeBlocked=NO | 162900.000000
PS	0	02:46:44.317	Cazyxio_v4.2 (EURUSD,M15)	2026.03.11 08:46:44 | HEARTBEAT | SYSTEM | EA alive. Tick=163000 Equity=44783.64 OpenPos=0 PendingOrders=2 UTC=2026.03.11 08:46 DayOfWeek=3 WeekendCloseActive=NO NewTradeBlocked=NO | 163000.000000
CM	0	02:48:25.640	Cazyxio_v4.2 (EURUSD,M15)	2026.03.11 08:48:25 | HEARTBEAT | SYSTEM | EA alive. Tick=163100 Equity=44783.64 OpenPos=0 PendingOrders=2 UTC=2026.03.11 08:48 DayOfWeek=3 WeekendCloseActive=NO NewTradeBlocked=NO | 163100.000000
NL	0	02:49:49.646	Cazyxio_v4.2 (EURUSD,M15)	2026.03.11 08:49:49 | HEARTBEAT | SYSTEM | EA alive. Tick=163200 Equity=44783.64 OpenPos=0 PendingOrders=2 UTC=2026.03.11 08:49 DayOfWeek=3 WeekendCloseActive=NO NewTradeBlocked=NO | 163200.000000
FN	0	02:50:58.563	Cazyxio_v4.2 (EURUSD,M15)	2026.03.11 08:50:58 | HEARTBEAT | SYSTEM | EA alive. Tick=163300 Equity=44783.64 OpenPos=0 PendingOrders=2 UTC=2026.03.11 08:50 DayOfWeek=3 WeekendCloseActive=NO NewTradeBlocked=NO | 163300.000000
MH	0	02:52:03.623	Cazyxio_v4.2 (EURUSD,M15)	2026.03.11 08:52:03 | HEARTBEAT | SYSTEM | EA alive. Tick=163400 Equity=44783.64 OpenPos=0 PendingOrders=2 UTC=2026.03.11 08:52 DayOfWeek=3 WeekendCloseActive=NO NewTradeBlocked=NO | 163400.000000
RJ	0	02:53:10.979	Cazyxio_v4.2 (EURUSD,M15)	2026.03.11 08:53:10 | HEARTBEAT | SYSTEM | EA alive. Tick=163500 Equity=44783.64 OpenPos=0 PendingOrders=2 UTC=2026.03.11 08:53 DayOfWeek=3 WeekendCloseActive=NO NewTradeBlocked=NO | 163500.000000
KE	0	02:54:24.308	Cazyxio_v4.2 (EURUSD,M15)	2026.03.11 08:54:24 | HEARTBEAT | SYSTEM | EA alive. Tick=163600 Equity=44783.64 OpenPos=0 PendingOrders=2 UTC=2026.03.11 08:54 DayOfWeek=3 WeekendCloseActive=NO NewTradeBlocked=NO | 163600.000000
CG	0	02:55:16.574	Cazyxio_v4.2 (EURUSD,M15)	2026.03.11 08:55:16 | HEARTBEAT | SYSTEM | EA alive. Tick=163700 Equity=44783.64 OpenPos=0 PendingOrders=2 UTC=2026.03.11 08:55 DayOfWeek=3 WeekendCloseActive=NO NewTradeBlocked=NO | 163700.000000
CQ	0	02:56:22.678	Cazyxio_v4.2 (EURUSD,M15)	2026.03.11 08:56:22 | HEARTBEAT | SYSTEM | EA alive. Tick=163800 Equity=44783.64 OpenPos=0 PendingOrders=2 UTC=2026.03.11 08:56 DayOfWeek=3 WeekendCloseActive=NO NewTradeBlocked=NO | 163800.000000
PS	0	02:57:27.331	Cazyxio_v4.2 (EURUSD,M15)	2026.03.11 08:57:27 | HEARTBEAT | SYSTEM | EA alive. Tick=163900 Equity=44783.64 OpenPos=0 PendingOrders=2 UTC=2026.03.11 08:57 DayOfWeek=3 WeekendCloseActive=NO NewTradeBlocked=NO | 163900.000000
OR	0	02:58:00.355	Cazyxio_v4.2 (EURUSD,M15)	2026.03.11 08:58:00 | HEARTBEAT | SYSTEM | EA alive. Tick=164000 Equity=44783.64 OpenPos=0 PendingOrders=2 UTC=2026.03.11 08:58 DayOfWeek=3 WeekendCloseActive=NO NewTradeBlocked=NO | 164000.000000
EL	0	02:58:33.678	Cazyxio_v4.2 (EURUSD,M15)	2026.03.11 08:58:33 | HEARTBEAT | SYSTEM | EA alive. Tick=164100 Equity=44783.64 OpenPos=0 PendingOrders=2 UTC=2026.03.11 08:58 DayOfWeek=3 WeekendCloseActive=NO NewTradeBlocked=NO | 164100.000000
EN	0	02:59:10.756	Cazyxio_v4.2 (EURUSD,M15)	2026.03.11 08:59:10 | HEARTBEAT | SYSTEM | EA alive. Tick=164200 Equity=44783.64 OpenPos=0 PendingOrders=2 UTC=2026.03.11 08:59 DayOfWeek=3 WeekendCloseActive=NO NewTradeBlocked=NO | 164200.000000
FH	0	02:59:52.562	Cazyxio_v4.2 (EURUSD,M15)	2026.03.11 08:59:52 | HEARTBEAT | SYSTEM | EA alive. Tick=164300 Equity=44783.64 OpenPos=0 PendingOrders=2 UTC=2026.03.11 08:59 DayOfWeek=3 WeekendCloseActive=NO NewTradeBlocked=NO | 164300.000000
OD	0	03:00:01.500	Cazyxio_v4.2 (EURUSD,M15)	2026.03.11 09:00:01 | BAR | EURUSD | close=1.16116 h4ema200=1.17318 h4slope=DOWN ema50=1.16236 distToEMA50=12.0pips touchSeq=0 atr=0.000891 atrSma=0.000847 atrRatio=1.052 dir=SHORT spread=19.0 spreadOK=YES atrGate=PASS touch=PASS momCandle=momClosePos=0.918 momOk=N ema50Ok=Y barRange=0.000970 zeroRangeBar=NO trigger=NO hasPos=NO portRisk=0.00% openPos=0 | 1.161160
GL	0	03:00:01.500	Cazyxio_v4.2 (EURUSD,M15)	2026.03.11 09:00:01 | GATE_FAIL | EURUSD | Momentum candle FAIL. dir=SHORT close=1.16116 ema50=1.16236 momClosePos=0.918 momOk=N ema50Ok=Y barRange=0.000970
NJ	0	03:00:01.500	Cazyxio_v4.2 (EURUSD,M15)	2026.03.11 09:00:01 | LIMIT_PENDING | USDJPY | Limit order still pending. BarsRemaining=3 LimitPrice=158.114 CurrentPrice=158.415 DistToLimit=30.1pips Ticket=4400123
MN	0	03:00:01.500	Cazyxio_v4.2 (EURUSD,M15)	2026.03.11 09:00:01 | BAR | AUDUSD | close=0.71605 h4ema200=0.70061 h4slope=UP ema50=0.71540 distToEMA50=6.5pips touchSeq=2 atr=0.000960 atrSma=0.000920 atrRatio=1.044 dir=LONG spread=18.0 spreadOK=YES atrGate=PASS touch=PASS momCandle=momClosePos=0.781 momOk=Y ema50Ok=Y barRange=0.001140 zeroRangeBar=NO trigger=YES hasPos=NO portRisk=0.00% openPos=0 | 0.716050
MM	0	03:00:01.500	Cazyxio_v4.2 (EURUSD,M15)	2026.03.11 09:00:01 | SIGNAL | AUDUSD | VALID SIGNAL (LIMIT): LONG limitPrice=0.71535 sl=0.71381 tp=0.71919 stopDist=0.00154 lots=1.45 riskPct=0.50 R:R=2.50 ema50=0.71540 distToLimit=8.8pips expiresIn=4bars touchSeq=2 | 0.715350
HK	0	03:00:01.667	Cazyxio_v4.2 (EURUSD,M15)	2026.03.11 09:00:01 | LIMIT_PLACED | AUDUSD | BUY_LIMIT lots=1.45 limitPrice=0.71535 sl=0.71381 tp=0.71919 expiresIn=4bars ticket=4400182 | 1.450000
QO	0	03:00:01.667	Cazyxio_v4.2 (EURUSD,M15)	2026.03.11 09:00:01 | BAR | GBPJPY | close=212.663 h4ema200=210.611 h4slope=UP ema50=212.494 distToEMA50=16.9pips touchSeq=11 atr=0.144000 atrSma=0.119338 atrRatio=1.207 dir=LONG spread=40.0 spreadOK=NO atrGate=PASS touch=PASS momCandle=momClosePos=0.992 momOk=Y ema50Ok=Y barRange=0.250000 zeroRangeBar=NO trigger=YES hasPos=NO portRisk=0.00% openPos=0 | 212.663000
ML	0	03:00:01.667	Cazyxio_v4.2 (EURUSD,M15)	2026.03.11 09:00:01 | GATE_FAIL | GBPJPY | Spread too wide. Spread=40.0 Max=30 points.
NR	0	03:00:01.667	Cazyxio_v4.2 (EURUSD,M15)	2026.03.11 09:00:01 | BAR | USDCAD | close=1.35632 h4ema200=1.36665 h4slope=DOWN ema50=1.35661 distToEMA50=2.9pips touchSeq=3 atr=0.000601 atrSma=0.000668 atrRatio=0.900 dir=SHORT spread=25.0 spreadOK=YES atrGate=PASS touch=PASS momCandle=momClosePos=0.047 momOk=Y ema50Ok=Y barRange=0.000850 zeroRangeBar=NO trigger=YES hasPos=NO portRisk=0.00% openPos=0 | 1.356320
HG	0	03:00:01.667	Cazyxio_v4.2 (EURUSD,M15)	2026.03.11 09:00:01 | SIGNAL | USDCAD | VALID SIGNAL (LIMIT): SHORT limitPrice=1.35664 sl=1.35760 tp=1.35424 stopDist=0.00096 lots=3.16 riskPct=0.50 R:R=2.50 ema50=1.35661 distToLimit=3.3pips expiresIn=4bars touchSeq=3 | 1.356640
FE	0	03:00:01.815	Cazyxio_v4.2 (EURUSD,M15)	2026.03.11 09:00:01 | LIMIT_PLACED | USDCAD | SELL_LIMIT lots=3.16 limitPrice=1.35664 sl=1.35760 tp=1.35424 expiresIn=4bars ticket=4400189 | 3.160000
HN	0	03:00:02.004	Cazyxio_v4.2 (EURUSD,M15)	2026.03.11 09:00:02 | LIMIT_PENDING | GBPUSD | Limit order still pending. BarsRemaining=3 LimitPrice=1.34380 CurrentPrice=1.34263 DistToLimit=11.7pips Ticket=4400118
QH	0	03:00:27.735	Cazyxio_v4.2 (EURUSD,M15)	2026.03.11 09:00:27 | HEARTBEAT | SYSTEM | EA alive. Tick=164400 Equity=44783.64 OpenPos=0 PendingOrders=4 UTC=2026.03.11 09:00 DayOfWeek=3 WeekendCloseActive=NO NewTradeBlocked=NO | 164400.000000
OJ	0	03:01:02.116	Cazyxio_v4.2 (EURUSD,M15)	2026.03.11 09:01:02 | HEARTBEAT | SYSTEM | EA alive. Tick=164500 Equity=44783.64 OpenPos=0 PendingOrders=4 UTC=2026.03.11 09:01 DayOfWeek=3 WeekendCloseActive=NO NewTradeBlocked=NO | 164500.000000
GE	0	03:01:40.938	Cazyxio_v4.2 (EURUSD,M15)	2026.03.11 09:01:40 | HEARTBEAT | SYSTEM | EA alive. Tick=164600 Equity=44783.64 OpenPos=0 PendingOrders=4 UTC=2026.03.11 09:01 DayOfWeek=3 WeekendCloseActive=NO NewTradeBlocked=NO | 164600.000000
JG	0	03:02:22.512	Cazyxio_v4.2 (EURUSD,M15)	2026.03.11 09:02:22 | HEARTBEAT | SYSTEM | EA alive. Tick=164700 Equity=44783.64 OpenPos=0 PendingOrders=4 UTC=2026.03.11 09:02 DayOfWeek=3 WeekendCloseActive=NO NewTradeBlocked=NO | 164700.000000
HQ	0	03:03:04.180	Cazyxio_v4.2 (EURUSD,M15)	2026.03.11 09:03:04 | HEARTBEAT | SYSTEM | EA alive. Tick=164800 Equity=44783.64 OpenPos=0 PendingOrders=4 UTC=2026.03.11 09:03 DayOfWeek=3 WeekendCloseActive=NO NewTradeBlocked=NO | 164800.000000
IS	0	03:03:36.284	Cazyxio_v4.2 (EURUSD,M15)	2026.03.11 09:03:36 | HEARTBEAT | SYSTEM | EA alive. Tick=164900 Equity=44783.64 OpenPos=0 PendingOrders=4 UTC=2026.03.11 09:03 DayOfWeek=3 WeekendCloseActive=NO NewTradeBlocked=NO | 164900.000000
FL	0	03:03:37.317	Cazyxio_v4.2 (EURUSD,M15)	2026.03.11 09:03:37 | LIMIT_FILLED | USDCAD | Limit order filled! LimitPrice=1.35664 FillPrice=1.35664 Slippage=0.0pips Lots=3.16 Ticket=4400189
PJ	0	03:04:09.934	Cazyxio_v4.2 (EURUSD,M15)	2026.03.11 09:04:09 | LIMIT_FILLED | AUDUSD | Limit order filled! LimitPrice=0.71535 FillPrice=0.71535 Slippage=0.0pips Lots=1.45 Ticket=4400182
KM	0	03:04:11.457	Cazyxio_v4.2 (EURUSD,M15)	2026.03.11 09:04:11 | HEARTBEAT | SYSTEM | EA alive. Tick=165000 Equity=44690.88 OpenPos=2 PendingOrders=2 UTC=2026.03.11 09:04 DayOfWeek=3 WeekendCloseActive=NO NewTradeBlocked=NO | 165000.000000
QO	0	03:04:48.974	Cazyxio_v4.2 (EURUSD,M15)	2026.03.11 09:04:48 | HEARTBEAT | SYSTEM | EA alive. Tick=165100 Equity=44712.41 OpenPos=2 PendingOrders=2 UTC=2026.03.11 09:04 DayOfWeek=3 WeekendCloseActive=NO NewTradeBlocked=NO | 165100.000000
FN	0	03:05:39.446	Cazyxio_v4.2 (EURUSD,M15)	2026.03.11 09:05:39 | HEARTBEAT | SYSTEM | EA alive. Tick=165200 Equity=44799.28 OpenPos=2 PendingOrders=2 UTC=2026.03.11 09:05 DayOfWeek=3 WeekendCloseActive=NO NewTradeBlocked=NO | 165200.000000
IH	0	03:06:26.957	Cazyxio_v4.2 (EURUSD,M15)	2026.03.11 09:06:26 | HEARTBEAT | SYSTEM | EA alive. Tick=165300 Equity=44744.05 OpenPos=2 PendingOrders=2 UTC=2026.03.11 09:06 DayOfWeek=3 WeekendCloseActive=NO NewTradeBlocked=NO | 165300.000000
DJ	0	03:07:20.273	Cazyxio_v4.2 (EURUSD,M15)	2026.03.11 09:07:20 | HEARTBEAT | SYSTEM | EA alive. Tick=165400 Equity=44714.43 OpenPos=2 PendingOrders=2 UTC=2026.03.11 09:07 DayOfWeek=3 WeekendCloseActive=NO NewTradeBlocked=NO | 165400.000000
LD	0	03:08:09.889	Cazyxio_v4.2 (EURUSD,M15)	2026.03.11 09:08:09 | HEARTBEAT | SYSTEM | EA alive. Tick=165500 Equity=44810.88 OpenPos=2 PendingOrders=2 UTC=2026.03.11 09:08 DayOfWeek=3 WeekendCloseActive=NO NewTradeBlocked=NO | 165500.000000
QG	0	03:08:56.548	Cazyxio_v4.2 (EURUSD,M15)	2026.03.11 09:08:56 | HEARTBEAT | SYSTEM | EA alive. Tick=165600 Equity=44797.83 OpenPos=2 PendingOrders=2 UTC=2026.03.11 09:08 DayOfWeek=3 WeekendCloseActive=NO NewTradeBlocked=NO | 165600.000000
QQ	0	03:09:36.741	Cazyxio_v4.2 (EURUSD,M15)	2026.03.11 09:09:36 | HEARTBEAT | SYSTEM | EA alive. Tick=165700 Equity=44872.54 OpenPos=2 PendingOrders=2 UTC=2026.03.11 09:09 DayOfWeek=3 WeekendCloseActive=NO NewTradeBlocked=NO | 165700.000000
PS	0	03:10:13.365	Cazyxio_v4.2 (EURUSD,M15)	2026.03.11 09:10:13 | HEARTBEAT | SYSTEM | EA alive. Tick=165800 Equity=44885.59 OpenPos=2 PendingOrders=2 UTC=2026.03.11 09:10 DayOfWeek=3 WeekendCloseActive=NO NewTradeBlocked=NO | 165800.000000
DM	0	03:10:53.637	Cazyxio_v4.2 (EURUSD,M15)	2026.03.11 09:10:53 | HEARTBEAT | SYSTEM | EA alive. Tick=165900 Equity=44860.85 OpenPos=2 PendingOrders=2 UTC=2026.03.11 09:10 DayOfWeek=3 WeekendCloseActive=NO NewTradeBlocked=NO | 165900.000000
GL	0	03:11:35.590	Cazyxio_v4.2 (EURUSD,M15)	2026.03.11 09:11:35 | HEARTBEAT | SYSTEM | EA alive. Tick=166000 Equity=44869.02 OpenPos=2 PendingOrders=2 UTC=2026.03.11 09:11 DayOfWeek=3 WeekendCloseActive=NO NewTradeBlocked=NO | 166000.000000
HN	0	03:12:14.327	Cazyxio_v4.2 (EURUSD,M15)	2026.03.11 09:12:14 | HEARTBEAT | SYSTEM | EA alive. Tick=166100 Equity=44889.11 OpenPos=2 PendingOrders=2 UTC=2026.03.11 09:12 DayOfWeek=3 WeekendCloseActive=NO NewTradeBlocked=NO | 166100.000000
EH	0	03:13:08.285	Cazyxio_v4.2 (EURUSD,M15)	2026.03.11 09:13:08 | HEARTBEAT | SYSTEM | EA alive. Tick=166200 Equity=44925.15 OpenPos=2 PendingOrders=2 UTC=2026.03.11 09:13 DayOfWeek=3 WeekendCloseActive=NO NewTradeBlocked=NO | 166200.000000
OJ	0	03:13:59.160	Cazyxio_v4.2 (EURUSD,M15)	2026.03.11 09:13:59 | HEARTBEAT | SYSTEM | EA alive. Tick=166300 Equity=44931.21 OpenPos=2 PendingOrders=2 UTC=2026.03.11 09:13 DayOfWeek=3 WeekendCloseActive=NO NewTradeBlocked=NO | 166300.000000
HE	0	03:14:44.900	Cazyxio_v4.2 (EURUSD,M15)	2026.03.11 09:14:44 | HEARTBEAT | SYSTEM | EA alive. Tick=166400 Equity=44860.28 OpenPos=2 PendingOrders=2 UTC=2026.03.11 09:14 DayOfWeek=3 WeekendCloseActive=NO NewTradeBlocked=NO | 166400.000000
IH	0	03:15:01.467	Cazyxio_v4.2 (EURUSD,M15)	2026.03.11 09:15:01 | BAR | EURUSD | close=1.16012 h4ema200=1.17317 h4slope=DOWN ema50=1.16223 distToEMA50=21.1pips touchSeq=0 atr=0.001029 atrSma=0.000850 atrRatio=1.211 dir=SHORT spread=17.0 spreadOK=YES atrGate=PASS touch=PASS momCandle=momClosePos=0.496 momOk=N ema50Ok=Y barRange=0.002360 zeroRangeBar=NO trigger=NO hasPos=NO portRisk=1.00% openPos=2 | 1.160120
DH	0	03:15:01.467	Cazyxio_v4.2 (EURUSD,M15)	2026.03.11 09:15:01 | GATE_FAIL | EURUSD | Momentum candle FAIL. dir=SHORT close=1.16012 ema50=1.16223 momClosePos=0.496 momOk=N ema50Ok=Y barRange=0.002360
GP	0	03:15:01.467	Cazyxio_v4.2 (EURUSD,M15)	2026.03.11 09:15:01 | BAR | USDCAD | close=1.35628 h4ema200=1.36665 h4slope=DOWN ema50=1.35660 distToEMA50=3.2pips touchSeq=4 atr=0.000634 atrSma=0.000668 atrRatio=0.948 dir=SHORT spread=27.0 spreadOK=YES atrGate=PASS touch=PASS momCandle=momClosePos=0.409 momOk=N ema50Ok=Y barRange=0.000660 zeroRangeBar=NO trigger=NO hasPos=YES portRisk=1.00% openPos=2 | 1.356280
DE	0	03:15:01.467	Cazyxio_v4.2 (EURUSD,M15)	2026.03.11 09:15:01 | POSITION_HEALTH | USDCAD | ticket=4400189 dir=SHORT openPrice=1.35664 curPrice=1.35656 unrealPnL=18.64 curR=0.083 MFE=0.8pips MAE=0.0pips timeOpen=11min SL=1.35760 TP=1.35424
JR	0	03:15:01.467	Cazyxio_v4.2 (EURUSD,M15)	2026.03.11 09:15:01 | TRAIL_SKIP | USDCAD | Trail not yet active. ProfitDist=0.00008 ActivateAt=0.00144 MFE=0.00008 ticket=4400189
RG	0	03:15:01.777	Cazyxio_v4.2 (EURUSD,M15)	2026.03.11 09:15:01 | LIMIT_PENDING | GBPUSD | Limit order still pending. BarsRemaining=2 LimitPrice=1.34380 CurrentPrice=1.34224 DistToLimit=15.6pips Ticket=4400118
IK	0	03:15:01.777	Cazyxio_v4.2 (EURUSD,M15)	2026.03.11 09:15:01 | LIMIT_PENDING | USDJPY | Limit order still pending. BarsRemaining=2 LimitPrice=158.114 CurrentPrice=158.426 DistToLimit=31.2pips Ticket=4400123
LQ	0	03:15:01.777	Cazyxio_v4.2 (EURUSD,M15)	2026.03.11 09:15:01 | BAR | AUDUSD | close=0.71569 h4ema200=0.70061 h4slope=UP ema50=0.71540 distToEMA50=2.9pips touchSeq=3 atr=0.000986 atrSma=0.000920 atrRatio=1.071 dir=LONG spread=19.0 spreadOK=YES atrGate=PASS touch=PASS momCandle=momClosePos=0.523 momOk=N ema50Ok=Y barRange=0.001110 zeroRangeBar=NO trigger=NO hasPos=YES portRisk=1.00% openPos=2 | 0.715690
OM	0	03:15:01.777	Cazyxio_v4.2 (EURUSD,M15)	2026.03.11 09:15:01 | POSITION_HEALTH | AUDUSD | ticket=4400182 dir=LONG openPrice=0.71535 curPrice=0.71570 unrealPnL=50.75 curR=0.228 MFE=3.5pips MAE=0.0pips timeOpen=10min SL=0.71381 TP=0.71919
KO	0	03:15:01.777	Cazyxio_v4.2 (EURUSD,M15)	2026.03.11 09:15:01 | TRAIL_SKIP | AUDUSD | Trail not yet active. ProfitDist=0.00035 ActivateAt=0.00230 MFE=0.00035 ticket=4400182
LG	0	03:15:01.777	Cazyxio_v4.2 (EURUSD,M15)	2026.03.11 09:15:01 | BAR | GBPJPY | close=212.634 h4ema200=210.610 h4slope=UP ema50=212.499 distToEMA50=13.5pips touchSeq=12 atr=0.159286 atrSma=0.119679 atrRatio=1.331 dir=LONG spread=40.0 spreadOK=NO atrGate=PASS touch=PASS momCandle=momClosePos=0.829 momOk=Y ema50Ok=Y barRange=0.310000 zeroRangeBar=NO trigger=YES hasPos=NO portRisk=1.00% openPos=2 | 212.634000
KD	0	03:15:01.777	Cazyxio_v4.2 (EURUSD,M15)	2026.03.11 09:15:01 | GATE_FAIL | GBPJPY | Spread too wide. Spread=40.0 Max=30 points.
GK	0	03:15:24.518	Cazyxio_v4.2 (EURUSD,M15)	2026.03.11 09:15:24 | HEARTBEAT | SYSTEM | EA alive. Tick=166500 Equity=44845.73 OpenPos=2 PendingOrders=2 UTC=2026.03.11 09:15 DayOfWeek=3 WeekendCloseActive=NO NewTradeBlocked=NO | 166500.000000
IJ	0	03:16:16.496	Cazyxio_v4.2 (EURUSD,M15)	2026.03.11 09:16:16 | HEARTBEAT | SYSTEM | EA alive. Tick=166600 Equity=44745.76 OpenPos=2 PendingOrders=2 UTC=2026.03.11 09:16 DayOfWeek=3 WeekendCloseActive=NO NewTradeBlocked=NO | 166600.000000
HD	0	03:17:09.033	Cazyxio_v4.2 (EURUSD,M15)	2026.03.11 09:17:09 | HEARTBEAT | SYSTEM | EA alive. Tick=166700 Equity=44756.79 OpenPos=2 PendingOrders=2 UTC=2026.03.11 09:17 DayOfWeek=3 WeekendCloseActive=NO NewTradeBlocked=NO | 166700.000000
MF	0	03:17:51.760	Cazyxio_v4.2 (EURUSD,M15)	2026.03.11 09:17:51 | HEARTBEAT | SYSTEM | EA alive. Tick=166800 Equity=44827.14 OpenPos=2 PendingOrders=2 UTC=2026.03.11 09:17 DayOfWeek=3 WeekendCloseActive=NO NewTradeBlocked=NO | 166800.000000
EP	0	03:18:33.152	Cazyxio_v4.2 (EURUSD,M15)	2026.03.11 09:18:33 | HEARTBEAT | SYSTEM | EA alive. Tick=166900 Equity=44774.80 OpenPos=2 PendingOrders=2 UTC=2026.03.11 09:18 DayOfWeek=3 WeekendCloseActive=NO NewTradeBlocked=NO | 166900.000000
NS	0	03:19:17.998	Cazyxio_v4.2 (EURUSD,M15)	2026.03.11 09:19:17 | HEARTBEAT | SYSTEM | EA alive. Tick=167000 Equity=44754.77 OpenPos=2 PendingOrders=2 UTC=2026.03.11 09:19 DayOfWeek=3 WeekendCloseActive=NO NewTradeBlocked=NO | 167000.000000
FM	0	03:20:00.651	Cazyxio_v4.2 (EURUSD,M15)	2026.03.11 09:20:00 | HEARTBEAT | SYSTEM | EA alive. Tick=167100 Equity=44756.79 OpenPos=2 PendingOrders=2 UTC=2026.03.11 09:20 DayOfWeek=3 WeekendCloseActive=NO NewTradeBlocked=NO | 167100.000000
MO	0	03:20:48.171	Cazyxio_v4.2 (EURUSD,M15)	2026.03.11 09:20:48 | HEARTBEAT | SYSTEM | EA alive. Tick=167200 Equity=44802.66 OpenPos=2 PendingOrders=2 UTC=2026.03.11 09:20 DayOfWeek=3 WeekendCloseActive=NO NewTradeBlocked=NO | 167200.000000
QI	0	03:21:45.549	Cazyxio_v4.2 (EURUSD,M15)	2026.03.11 09:21:45 | HEARTBEAT | SYSTEM | EA alive. Tick=167300 Equity=44755.30 OpenPos=2 PendingOrders=2 UTC=2026.03.11 09:21 DayOfWeek=3 WeekendCloseActive=NO NewTradeBlocked=NO | 167300.000000
MH	0	03:22:34.755	Cazyxio_v4.2 (EURUSD,M15)	2026.03.11 09:22:34 | HEARTBEAT | SYSTEM | EA alive. Tick=167400 Equity=44714.57 OpenPos=2 PendingOrders=2 UTC=2026.03.11 09:22 DayOfWeek=3 WeekendCloseActive=NO NewTradeBlocked=NO | 167400.000000
KJ	0	03:23:30.186	Cazyxio_v4.2 (EURUSD,M15)	2026.03.11 09:23:30 | HEARTBEAT | SYSTEM | EA alive. Tick=167500 Equity=44708.77 OpenPos=2 PendingOrders=2 UTC=2026.03.11 09:23 DayOfWeek=3 WeekendCloseActive=NO NewTradeBlocked=NO | 167500.000000
QD	0	03:24:30.608	Cazyxio_v4.2 (EURUSD,M15)	2026.03.11 09:24:30 | HEARTBEAT | SYSTEM | EA alive. Tick=167600 Equity=44748.80 OpenPos=2 PendingOrders=2 UTC=2026.03.11 09:24 DayOfWeek=3 WeekendCloseActive=NO NewTradeBlocked=NO | 167600.000000
NF	0	03:25:14.910	Cazyxio_v4.2 (EURUSD,M15)	2026.03.11 09:25:14 | HEARTBEAT | SYSTEM | EA alive. Tick=167700 Equity=44774.45 OpenPos=2 PendingOrders=2 UTC=2026.03.11 09:25 DayOfWeek=3 WeekendCloseActive=NO NewTradeBlocked=NO | 167700.000000
FQ	0	03:26:03.682	Cazyxio_v4.2 (EURUSD,M15)	2026.03.11 09:26:03 | HEARTBEAT | SYSTEM | EA alive. Tick=167800 Equity=44746.03 OpenPos=2 PendingOrders=2 UTC=2026.03.11 09:26 DayOfWeek=3 WeekendCloseActive=NO NewTradeBlocked=NO | 167800.000000
CS	0	03:26:53.647	Cazyxio_v4.2 (EURUSD,M15)	2026.03.11 09:26:53 | HEARTBEAT | SYSTEM | EA alive. Tick=167900 Equity=44747.48 OpenPos=2 PendingOrders=2 UTC=2026.03.11 09:26 DayOfWeek=3 WeekendCloseActive=NO NewTradeBlocked=NO | 167900.000000
IM	0	03:27:39.996	Cazyxio_v4.2 (EURUSD,M15)	2026.03.11 09:27:39 | HEARTBEAT | SYSTEM | EA alive. Tick=168000 Equity=44732.06 OpenPos=2 PendingOrders=2 UTC=2026.03.11 09:27 DayOfWeek=3 WeekendCloseActive=NO NewTradeBlocked=NO | 168000.000000
MO	0	03:28:23.006	Cazyxio_v4.2 (EURUSD,M15)	2026.03.11 09:28:23 | HEARTBEAT | SYSTEM | EA alive. Tick=168100 Equity=44733.55 OpenPos=2 PendingOrders=2 UTC=2026.03.11 09:28 DayOfWeek=3 WeekendCloseActive=NO NewTradeBlocked=NO | 168100.000000
IN	0	03:29:04.506	Cazyxio_v4.2 (EURUSD,M15)	2026.03.11 09:29:04 | HEARTBEAT | SYSTEM | EA alive. Tick=168200 Equity=44737.33 OpenPos=2 PendingOrders=2 UTC=2026.03.11 09:29 DayOfWeek=3 WeekendCloseActive=NO NewTradeBlocked=NO | 168200.000000
HH	0	03:29:51.479	Cazyxio_v4.2 (EURUSD,M15)	2026.03.11 09:29:51 | HEARTBEAT | SYSTEM | EA alive. Tick=168300 Equity=44761.49 OpenPos=2 PendingOrders=2 UTC=2026.03.11 09:29 DayOfWeek=3 WeekendCloseActive=NO NewTradeBlocked=NO | 168300.000000
OF	0	03:30:01.462	Cazyxio_v4.2 (EURUSD,M15)	2026.03.11 09:30:01 | LIMIT_PENDING | GBPUSD | Limit order still pending. BarsRemaining=1 LimitPrice=1.34380 CurrentPrice=1.34130 DistToLimit=25.0pips Ticket=4400118
FR	0	03:30:01.462	Cazyxio_v4.2 (EURUSD,M15)	2026.03.11 09:30:01 | BAR | EURUSD | close=1.15918 h4ema200=1.17316 h4slope=DOWN ema50=1.16208 distToEMA50=29.0pips touchSeq=0 atr=0.001062 atrSma=0.000852 atrRatio=1.247 dir=SHORT spread=16.0 spreadOK=YES atrGate=PASS touch=PASS momCandle=momClosePos=0.118 momOk=Y ema50Ok=Y barRange=0.001190 zeroRangeBar=NO trigger=YES hasPos=NO portRisk=1.00% openPos=2 | 1.159180
QG	0	03:30:01.462	Cazyxio_v4.2 (EURUSD,M15)	2026.03.11 09:30:01 | SIGNAL | EURUSD | VALID SIGNAL (LIMIT): SHORT limitPrice=1.16213 sl=1.16383 tp=1.15788 stopDist=0.00170 lots=1.31 riskPct=0.50 R:R=2.50 ema50=1.16208 distToLimit=29.5pips expiresIn=4bars touchSeq=0 | 1.162130
QK	0	03:30:01.626	Cazyxio_v4.2 (EURUSD,M15)	2026.03.11 09:30:01 | LIMIT_PLACED | EURUSD | SELL_LIMIT lots=1.31 limitPrice=1.16213 sl=1.16383 tp=1.15788 expiresIn=4bars ticket=4400357 | 1.310000
RN	0	03:30:01.626	Cazyxio_v4.2 (EURUSD,M15)	2026.03.11 09:30:01 | LIMIT_PENDING | USDJPY | Limit order still pending. BarsRemaining=1 LimitPrice=158.114 CurrentPrice=158.443 DistToLimit=32.9pips Ticket=4400123
KD	0	03:30:01.626	Cazyxio_v4.2 (EURUSD,M15)	2026.03.11 09:30:01 | BAR | AUDUSD | close=0.71542 h4ema200=0.70061 h4slope=UP ema50=0.71539 distToEMA50=0.3pips touchSeq=4 atr=0.000964 atrSma=0.000919 atrRatio=1.049 dir=LONG spread=17.0 spreadOK=YES atrGate=PASS touch=PASS momCandle=momClosePos=0.205 momOk=N ema50Ok=Y barRange=0.000440 zeroRangeBar=NO trigger=NO hasPos=YES portRisk=1.00% openPos=2 | 0.715420
CQ	0	03:30:01.626	Cazyxio_v4.2 (EURUSD,M15)	2026.03.11 09:30:01 | POSITION_HEALTH | AUDUSD | ticket=4400182 dir=LONG openPrice=0.71535 curPrice=0.71539 unrealPnL=5.80 curR=0.026 MFE=3.5pips MAE=0.0pips timeOpen=25min SL=0.71381 TP=0.71919
RL	0	03:30:01.626	Cazyxio_v4.2 (EURUSD,M15)	2026.03.11 09:30:01 | TRAIL_SKIP | AUDUSD | Trail not yet active. ProfitDist=0.00004 ActivateAt=0.00230 MFE=0.00004 ticket=4400182
FN	0	03:30:01.626	Cazyxio_v4.2 (EURUSD,M15)	2026.03.11 09:30:01 | BAR | GBPJPY | close=212.504 h4ema200=210.609 h4slope=UP ema50=212.494 distToEMA50=1.0pips touchSeq=12 atr=0.162714 atrSma=0.119975 atrRatio=1.356 dir=LONG spread=44.0 spreadOK=NO atrGate=PASS touch=PASS momCandle=momClosePos=0.035 momOk=N ema50Ok=Y barRange=0.198000 zeroRangeBar=NO trigger=NO hasPos=NO portRisk=1.00% openPos=2 | 212.504000
RK	0	03:30:01.626	Cazyxio_v4.2 (EURUSD,M15)	2026.03.11 09:30:01 | GATE_FAIL | GBPJPY | Spread too wide. Spread=44.0 Max=30 points.
LD	0	03:30:01.626	Cazyxio_v4.2 (EURUSD,M15)	2026.03.11 09:30:01 | BAR | USDCAD | close=1.35649 h4ema200=1.36665 h4slope=DOWN ema50=1.35660 distToEMA50=1.1pips touchSeq=5 atr=0.000634 atrSma=0.000669 atrRatio=0.947 dir=SHORT spread=25.0 spreadOK=YES atrGate=PASS touch=PASS momCandle=momClosePos=0.364 momOk=N ema50Ok=Y barRange=0.000550 zeroRangeBar=NO trigger=NO hasPos=YES portRisk=1.00% openPos=2 | 1.356490
QJ	0	03:30:01.626	Cazyxio_v4.2 (EURUSD,M15)	2026.03.11 09:30:01 | POSITION_HEALTH | USDCAD | ticket=4400189 dir=SHORT openPrice=1.35664 curPrice=1.35675 unrealPnL=-25.62 curR=-0.114 MFE=0.8pips MAE=1.1pips timeOpen=26min SL=1.35760 TP=1.35424
II	0	03:30:01.626	Cazyxio_v4.2 (EURUSD,M15)	2026.03.11 09:30:01 | TRAIL_SKIP | USDCAD | Trail not yet active. ProfitDist=-0.00011 ActivateAt=0.00144 MFE=-0.00011 ticket=4400189
QL	0	03:30:31.657	Cazyxio_v4.2 (EURUSD,M15)	2026.03.11 09:30:31 | HEARTBEAT | SYSTEM | EA alive. Tick=168400 Equity=44749.54 OpenPos=2 PendingOrders=3 UTC=2026.03.11 09:30 DayOfWeek=3 WeekendCloseActive=NO NewTradeBlocked=NO | 168400.000000
MO	0	03:31:24.495	Cazyxio_v4.2 (EURUSD,M15)	2026.03.11 09:31:24 | HEARTBEAT | SYSTEM | EA alive. Tick=168500 Equity=44826.57 OpenPos=2 PendingOrders=3 UTC=2026.03.11 09:31 DayOfWeek=3 WeekendCloseActive=NO NewTradeBlocked=NO | 168500.000000
DI	0	03:32:27.240	Cazyxio_v4.2 (EURUSD,M15)	2026.03.11 09:32:27 | HEARTBEAT | SYSTEM | EA alive. Tick=168600 Equity=44830.61 OpenPos=2 PendingOrders=3 UTC=2026.03.11 09:32 DayOfWeek=3 WeekendCloseActive=NO NewTradeBlocked=NO | 168600.000000
NK	0	03:33:21.784	Cazyxio_v4.2 (EURUSD,M15)	2026.03.11 09:33:21 | HEARTBEAT | SYSTEM | EA alive. Tick=168700 Equity=44891.60 OpenPos=2 PendingOrders=3 UTC=2026.03.11 09:33 DayOfWeek=3 WeekendCloseActive=NO NewTradeBlocked=NO | 168700.000000
HE	0	03:34:17.699	Cazyxio_v4.2 (EURUSD,M15)	2026.03.11 09:34:17 | HEARTBEAT | SYSTEM | EA alive. Tick=168800 Equity=44944.78 OpenPos=2 PendingOrders=3 UTC=2026.03.11 09:34 DayOfWeek=3 WeekendCloseActive=NO NewTradeBlocked=NO | 168800.000000
OD	0	03:35:07.254	Cazyxio_v4.2 (EURUSD,M15)	2026.03.11 09:35:07 | HEARTBEAT | SYSTEM | EA alive. Tick=168900 Equity=44930.85 OpenPos=2 PendingOrders=3 UTC=2026.03.11 09:35 DayOfWeek=3 WeekendCloseActive=NO NewTradeBlocked=NO | 168900.000000
PF	0	03:35:51.696	Cazyxio_v4.2 (EURUSD,M15)	2026.03.11 09:35:51 | HEARTBEAT | SYSTEM | EA alive. Tick=169000 Equity=44876.23 OpenPos=2 PendingOrders=3 UTC=2026.03.11 09:35 DayOfWeek=3 WeekendCloseActive=NO NewTradeBlocked=NO | 169000.000000
HP	0	03:36:38.863	Cazyxio_v4.2 (EURUSD,M15)	2026.03.11 09:36:38 | HEARTBEAT | SYSTEM | EA alive. Tick=169100 Equity=44922.46 OpenPos=2 PendingOrders=3 UTC=2026.03.11 09:36 DayOfWeek=3 WeekendCloseActive=NO NewTradeBlocked=NO | 169100.000000
ER	0	03:37:30.495	Cazyxio_v4.2 (EURUSD,M15)	2026.03.11 09:37:30 | HEARTBEAT | SYSTEM | EA alive. Tick=169200 Equity=44804.99 OpenPos=2 PendingOrders=3 UTC=2026.03.11 09:37 DayOfWeek=3 WeekendCloseActive=NO NewTradeBlocked=NO | 169200.000000
IM	0	03:38:29.810	Cazyxio_v4.2 (EURUSD,M15)	2026.03.11 09:38:29 | HEARTBEAT | SYSTEM | EA alive. Tick=169300 Equity=44802.66 OpenPos=2 PendingOrders=3 UTC=2026.03.11 09:38 DayOfWeek=3 WeekendCloseActive=NO NewTradeBlocked=NO | 169300.000000
CO	0	03:39:24.653	Cazyxio_v4.2 (EURUSD,M15)	2026.03.11 09:39:24 | HEARTBEAT | SYSTEM | EA alive. Tick=169400 Equity=44808.77 OpenPos=2 PendingOrders=3 UTC=2026.03.11 09:39 DayOfWeek=3 WeekendCloseActive=NO NewTradeBlocked=NO | 169400.000000
JI	0	03:40:34.578	Cazyxio_v4.2 (EURUSD,M15)	2026.03.11 09:40:34 | HEARTBEAT | SYSTEM | EA alive. Tick=169500 Equity=44790.45 OpenPos=2 PendingOrders=3 UTC=2026.03.11 09:40 DayOfWeek=3 WeekendCloseActive=NO NewTradeBlocked=NO | 169500.000000
RK	0	03:41:21.071	Cazyxio_v4.2 (EURUSD,M15)	2026.03.11 09:41:21 | HEARTBEAT | SYSTEM | EA alive. Tick=169600 Equity=44809.96 OpenPos=2 PendingOrders=3 UTC=2026.03.11 09:41 DayOfWeek=3 WeekendCloseActive=NO NewTradeBlocked=NO | 169600.000000
PJ	0	03:42:07.987	Cazyxio_v4.2 (EURUSD,M15)	2026.03.11 09:42:07 | HEARTBEAT | SYSTEM | EA alive. Tick=169700 Equity=44723.05 OpenPos=2 PendingOrders=3 UTC=2026.03.11 09:42 DayOfWeek=3 WeekendCloseActive=NO NewTradeBlocked=NO | 169700.000000
KD	0	03:43:18.031	Cazyxio_v4.2 (EURUSD,M15)	2026.03.11 09:43:18 | HEARTBEAT | SYSTEM | EA alive. Tick=169800 Equity=44642.61 OpenPos=2 PendingOrders=3 UTC=2026.03.11 09:43 DayOfWeek=3 WeekendCloseActive=NO NewTradeBlocked=NO | 169800.000000
QF	0	03:44:10.428	Cazyxio_v4.2 (EURUSD,M15)	2026.03.11 09:44:10 | HEARTBEAT | SYSTEM | EA alive. Tick=169900 Equity=44623.45 OpenPos=2 PendingOrders=3 UTC=2026.03.11 09:44 DayOfWeek=3 WeekendCloseActive=NO NewTradeBlocked=NO | 169900.000000
EM	0	03:45:01.615	Cazyxio_v4.2 (EURUSD,M15)	2026.03.11 09:45:01 | LIMIT_PENDING | EURUSD | Limit order still pending. BarsRemaining=3 LimitPrice=1.16213 CurrentPrice=1.15941 DistToLimit=27.2pips Ticket=4400357
KO	0	03:45:01.615	Cazyxio_v4.2 (EURUSD,M15)	2026.03.11 09:45:01 | LIMIT_EXPIRED | USDJPY | Limit order expired (unfilled after 4 bars). LimitPrice=158.114 CurrentPrice=158.465 DistanceFromLimit=35.1pips Ticket=4400123
FF	0	03:45:01.749	Cazyxio_v4.2 (EURUSD,M15)	2026.03.11 09:45:01 | LIMIT_CANCELLED | USDJPY | Pending limit order cancelled. Reason=EXPIRY Ticket=4400123 LimitPrice=158.114
OQ	0	03:45:01.749	Cazyxio_v4.2 (EURUSD,M15)	2026.03.11 09:45:01 | BAR | AUDUSD | close=0.71494 h4ema200=0.70060 h4slope=UP ema50=0.71535 distToEMA50=4.1pips touchSeq=5 atr=0.001011 atrSma=0.000918 atrRatio=1.101 dir=LONG spread=13.0 spreadOK=YES atrGate=PASS touch=PASS momCandle=momClosePos=0.083 momOk=N ema50Ok=Y barRange=0.001320 zeroRangeBar=NO trigger=NO hasPos=YES portRisk=1.00% openPos=2 | 0.714940
JM	0	03:45:01.749	Cazyxio_v4.2 (EURUSD,M15)	2026.03.11 09:45:01 | POSITION_HEALTH | AUDUSD | ticket=4400182 dir=LONG openPrice=0.71535 curPrice=0.71494 unrealPnL=-59.45 curR=-0.267 MFE=3.5pips MAE=4.1pips timeOpen=40min SL=0.71381 TP=0.71919
HO	0	03:45:01.749	Cazyxio_v4.2 (EURUSD,M15)	2026.03.11 09:45:01 | TRAIL_SKIP | AUDUSD | Trail not yet active. ProfitDist=-0.00041 ActivateAt=0.00230 MFE=-0.00041 ticket=4400182
FI	0	03:45:01.749	Cazyxio_v4.2 (EURUSD,M15)	2026.03.11 09:45:01 | BAR | GBPJPY | close=212.610 h4ema200=210.610 h4slope=UP ema50=212.503 distToEMA50=10.7pips touchSeq=12 atr=0.161500 atrSma=0.120181 atrRatio=1.344 dir=LONG spread=43.0 spreadOK=NO atrGate=PASS touch=PASS momCandle=momClosePos=0.617 momOk=N ema50Ok=Y barRange=0.180000 zeroRangeBar=NO trigger=NO hasPos=NO portRisk=1.00% openPos=2 | 212.610000
GD	0	03:45:01.749	Cazyxio_v4.2 (EURUSD,M15)	2026.03.11 09:45:01 | GATE_FAIL | GBPJPY | Spread too wide. Spread=43.0 Max=30 points.
QJ	0	03:45:01.867	Cazyxio_v4.2 (EURUSD,M15)	2026.03.11 09:45:01 | LIMIT_EXPIRED | GBPUSD | Limit order expired (unfilled after 4 bars). LimitPrice=1.34380 CurrentPrice=1.34176 DistanceFromLimit=20.4pips Ticket=4400118
OJ	0	03:45:02.000	Cazyxio_v4.2 (EURUSD,M15)	2026.03.11 09:45:02 | LIMIT_CANCELLED | GBPUSD | Pending limit order cancelled. Reason=EXPIRY Ticket=4400118 LimitPrice=1.34380
KH	0	03:45:03.183	Cazyxio_v4.2 (EURUSD,M15)	2026.03.11 09:45:03 | BAR | USDCAD | close=1.35694 h4ema200=1.36665 h4slope=DOWN ema50=1.35663 distToEMA50=3.1pips touchSeq=6 atr=0.000642 atrSma=0.000669 atrRatio=0.960 dir=SHORT spread=24.0 spreadOK=YES atrGate=PASS touch=PASS momCandle=momClosePos=1.000 momOk=N ema50Ok=Y barRange=0.000820 zeroRangeBar=NO trigger=NO hasPos=YES portRisk=1.00% openPos=2 | 1.356940
OM	0	03:45:03.183	Cazyxio_v4.2 (EURUSD,M15)	2026.03.11 09:45:03 | POSITION_HEALTH | USDCAD | ticket=4400189 dir=SHORT openPrice=1.35664 curPrice=1.35718 unrealPnL=-125.73 curR=-0.562 MFE=0.8pips MAE=5.4pips timeOpen=41min SL=1.35760 TP=1.35424
GL	0	03:45:03.183	Cazyxio_v4.2 (EURUSD,M15)	2026.03.11 09:45:03 | TRAIL_SKIP | USDCAD | Trail not yet active. ProfitDist=-0.00054 ActivateAt=0.00144 MFE=-0.00054 ticket=4400189
MQ	0	03:45:05.022	Cazyxio_v4.2 (EURUSD,M15)	2026.03.11 09:45:05 | HEARTBEAT | SYSTEM | EA alive. Tick=170000 Equity=44602.50 OpenPos=2 PendingOrders=1 UTC=2026.03.11 09:45 DayOfWeek=3 WeekendCloseActive=NO NewTradeBlocked=NO | 170000.000000
JS	0	03:46:02.605	Cazyxio_v4.2 (EURUSD,M15)	2026.03.11 09:46:02 | HEARTBEAT | SYSTEM | EA alive. Tick=170100 Equity=44621.05 OpenPos=2 PendingOrders=1 UTC=2026.03.11 09:46 DayOfWeek=3 WeekendCloseActive=NO NewTradeBlocked=NO | 170100.000000
IM	0	03:47:10.219	Cazyxio_v4.2 (EURUSD,M15)	2026.03.11 09:47:10 | HEARTBEAT | SYSTEM | EA alive. Tick=170200 Equity=44571.68 OpenPos=2 PendingOrders=1 UTC=2026.03.11 09:47 DayOfWeek=3 WeekendCloseActive=NO NewTradeBlocked=NO | 170200.000000
RL	0	03:48:14.103	Cazyxio_v4.2 (EURUSD,M15)	2026.03.11 09:48:14 | HEARTBEAT | SYSTEM | EA alive. Tick=170300 Equity=44585.61 OpenPos=2 PendingOrders=1 UTC=2026.03.11 09:48 DayOfWeek=3 WeekendCloseActive=NO NewTradeBlocked=NO | 170300.000000
RN	0	03:49:25.479	Cazyxio_v4.2 (EURUSD,M15)	2026.03.11 09:49:25 | HEARTBEAT | SYSTEM | EA alive. Tick=170400 Equity=44597.81 OpenPos=2 PendingOrders=1 UTC=2026.03.11 09:49 DayOfWeek=3 WeekendCloseActive=NO NewTradeBlocked=NO | 170400.000000
PH	0	03:50:22.375	Cazyxio_v4.2 (EURUSD,M15)	2026.03.11 09:50:22 | HEARTBEAT | SYSTEM | EA alive. Tick=170500 Equity=44568.51 OpenPos=2 PendingOrders=1 UTC=2026.03.11 09:50 DayOfWeek=3 WeekendCloseActive=NO NewTradeBlocked=NO | 170500.000000
QJ	0	03:51:14.258	Cazyxio_v4.2 (EURUSD,M15)	2026.03.11 09:51:14 | HEARTBEAT | SYSTEM | EA alive. Tick=170600 Equity=44524.40 OpenPos=2 PendingOrders=1 UTC=2026.03.11 09:51 DayOfWeek=3 WeekendCloseActive=NO NewTradeBlocked=NO | 170600.000000
ME	0	03:52:13.477	Cazyxio_v4.2 (EURUSD,M15)	2026.03.11 09:52:13 | HEARTBEAT | SYSTEM | EA alive. Tick=170700 Equity=44527.61 OpenPos=2 PendingOrders=1 UTC=2026.03.11 09:52 DayOfWeek=3 WeekendCloseActive=NO NewTradeBlocked=NO | 170700.000000
FG	0	03:52:59.815	Cazyxio_v4.2 (EURUSD,M15)	2026.03.11 09:52:59 | HEARTBEAT | SYSTEM | EA alive. Tick=170800 Equity=44520.05 OpenPos=2 PendingOrders=1 UTC=2026.03.11 09:52 DayOfWeek=3 WeekendCloseActive=NO NewTradeBlocked=NO | 170800.000000
PQ	0	03:54:01.460	Cazyxio_v4.2 (EURUSD,M15)	2026.03.11 09:54:01 | HEARTBEAT | SYSTEM | EA alive. Tick=170900 Equity=44515.09 OpenPos=2 PendingOrders=1 UTC=2026.03.11 09:54 DayOfWeek=3 WeekendCloseActive=NO NewTradeBlocked=NO | 170900.000000
FS	0	03:55:05.172	Cazyxio_v4.2 (EURUSD,M15)	2026.03.11 09:55:05 | HEARTBEAT | SYSTEM | EA alive. Tick=171000 Equity=44495.94 OpenPos=2 PendingOrders=1 UTC=2026.03.11 09:55 DayOfWeek=3 WeekendCloseActive=NO NewTradeBlocked=NO | 171000.000000
DR	0	03:55:50.822	Cazyxio_v4.2 (EURUSD,M15)	2026.03.11 09:55:50 | HEARTBEAT | SYSTEM | EA alive. Tick=171100 Equity=44509.29 OpenPos=2 PendingOrders=1 UTC=2026.03.11 09:55 DayOfWeek=3 WeekendCloseActive=NO NewTradeBlocked=NO | 171100.000000
OL	0	03:56:47.684	Cazyxio_v4.2 (EURUSD,M15)	2026.03.11 09:56:47 | HEARTBEAT | SYSTEM | EA alive. Tick=171200 Equity=44429.11 OpenPos=2 PendingOrders=1 UTC=2026.03.11 09:56 DayOfWeek=3 WeekendCloseActive=NO NewTradeBlocked=NO | 171200.000000
RN	0	03:56:48.518	Cazyxio_v4.2 (EURUSD,M15)	2026.03.11 09:56:48 | SL_HIT | USDCAD | Stop loss triggered. Profit=-224.57 MFE=0.8pips MAE=5.4pips TimeOpen=53min EntryPrice=1.35664 | Initiating 4-bar cooldown.
QI	0	03:56:48.518	Cazyxio_v4.2 (EURUSD,M15)	2026.03.11 09:56:48 | SL_COOLDOWN | USDCAD | Cooldown active for 4 bars (60 min). CooldownEnds=2026.03.11 13:56
KH	0	03:57:43.505	Cazyxio_v4.2 (EURUSD,M15)	2026.03.11 09:57:43 | HEARTBEAT | SYSTEM | EA alive. Tick=171300 Equity=44437.27 OpenPos=1 PendingOrders=1 UTC=2026.03.11 09:57 DayOfWeek=3 WeekendCloseActive=NO NewTradeBlocked=NO | 171300.000000
IJ	0	03:58:45.015	Cazyxio_v4.2 (EURUSD,M15)	2026.03.11 09:58:45 | HEARTBEAT | SYSTEM | EA alive. Tick=171400 Equity=44456.12 OpenPos=1 PendingOrders=1 UTC=2026.03.11 09:58 DayOfWeek=3 WeekendCloseActive=NO NewTradeBlocked=NO | 171400.000000
GD	0	03:59:39.861	Cazyxio_v4.2 (EURUSD,M15)	2026.03.11 09:59:39 | HEARTBEAT | SYSTEM | EA alive. Tick=171500 Equity=44450.32 OpenPos=1 PendingOrders=1 UTC=2026.03.11 09:59 DayOfWeek=3 WeekendCloseActive=NO NewTradeBlocked=NO | 171500.000000
KH	0	04:00:01.849	Cazyxio_v4.2 (EURUSD,M15)	2026.03.11 10:00:01 | BAR | GBPUSD | close=1.34148 h4ema200=1.34813 h4slope=DOWN ema50=1.34342 distToEMA50=19.4pips touchSeq=0 atr=0.001331 atrSma=0.001007 atrRatio=1.321 dir=SHORT spread=22.0 spreadOK=YES atrGate=PASS touch=PASS momCandle=momClosePos=0.669 momOk=N ema50Ok=Y barRange=0.001480 zeroRangeBar=NO trigger=NO hasPos=NO portRisk=0.50% openPos=1 | 1.341480
FI	0	04:00:01.849	Cazyxio_v4.2 (EURUSD,M15)	2026.03.11 10:00:01 | GATE_FAIL | GBPUSD | Momentum candle FAIL. dir=SHORT close=1.34148 ema50=1.34342 momClosePos=0.669 momOk=N ema50Ok=Y barRange=0.001480
MN	0	04:00:01.849	Cazyxio_v4.2 (EURUSD,M15)	2026.03.11 10:00:01 | LIMIT_PENDING | EURUSD | Limit order still pending. BarsRemaining=2 LimitPrice=1.16213 CurrentPrice=1.15915 DistToLimit=29.8pips Ticket=4400357
EM	0	04:00:01.849	Cazyxio_v4.2 (EURUSD,M15)	2026.03.11 10:00:01 | BAR | USDJPY | close=158.468 h4ema200=156.221 h4slope=UP ema50=158.179 distToEMA50=28.9pips touchSeq=0 atr=0.091571 atrSma=0.106474 atrRatio=0.860 dir=LONG spread=17.0 spreadOK=YES atrGate=PASS touch=PASS momCandle=momClosePos=0.625 momOk=N ema50Ok=Y barRange=0.048000 zeroRangeBar=NO trigger=NO hasPos=NO portRisk=0.50% openPos=1 | 158.468000
PQ	0	04:00:01.849	Cazyxio_v4.2 (EURUSD,M15)	2026.03.11 10:00:01 | NEAR_MISS | USDJPY | Momentum near-miss. momClosePos=0.625 Threshold=0.650 Gap=0.025 dir=LONG
JN	0	04:00:01.849	Cazyxio_v4.2 (EURUSD,M15)	2026.03.11 10:00:01 | GATE_FAIL | USDJPY | Momentum candle FAIL. dir=LONG close=158.468 ema50=158.179 momClosePos=0.625 momOk=N ema50Ok=Y barRange=0.048000
QS	0	04:00:01.849	Cazyxio_v4.2 (EURUSD,M15)	2026.03.11 10:00:01 | BAR | AUDUSD | close=0.71460 h4ema200=0.70060 h4slope=UP ema50=0.71531 distToEMA50=7.1pips touchSeq=6 atr=0.001018 atrSma=0.000917 atrRatio=1.110 dir=LONG spread=17.0 spreadOK=YES atrGate=PASS touch=PASS momCandle=momClosePos=0.319 momOk=N ema50Ok=Y barRange=0.000940 zeroRangeBar=NO trigger=NO hasPos=YES portRisk=0.50% openPos=1 | 0.714600
GP	0	04:00:01.849	Cazyxio_v4.2 (EURUSD,M15)	2026.03.11 10:00:01 | POSITION_HEALTH | AUDUSD | ticket=4400182 dir=LONG openPrice=0.71535 curPrice=0.71460 unrealPnL=-108.75 curR=-0.488 MFE=3.5pips MAE=7.5pips timeOpen=55min SL=0.71381 TP=0.71919
PN	0	04:00:01.849	Cazyxio_v4.2 (EURUSD,M15)	2026.03.11 10:00:01 | TRAIL_SKIP | AUDUSD | Trail not yet active. ProfitDist=-0.00075 ActivateAt=0.00230 MFE=-0.00075 ticket=4400182
KE	0	04:00:01.849	Cazyxio_v4.2 (EURUSD,M15)	2026.03.11 10:00:01 | BAR | GBPJPY | close=212.587 h4ema200=210.610 h4slope=UP ema50=212.505 distToEMA50=8.2pips touchSeq=12 atr=0.163643 atrSma=0.120428 atrRatio=1.359 dir=LONG spread=43.0 spreadOK=NO atrGate=PASS touch=PASS momCandle=momClosePos=0.650 momOk=Y ema50Ok=Y barRange=0.203000 zeroRangeBar=NO trigger=YES hasPos=NO portRisk=0.50% openPos=1 | 212.587000
OJ	0	04:00:01.849	Cazyxio_v4.2 (EURUSD,M15)	2026.03.11 10:00:01 | GATE_FAIL | GBPJPY | Spread too wide. Spread=43.0 Max=30 points.
PG	0	04:00:01.849	Cazyxio_v4.2 (EURUSD,M15)	2026.03.11 10:00:01 | POST_SL_CONTEXT | USDCAD | Bar 1 after SL hit. SLHitPrice=1.35760 BarClose=1.35717 MoveSinceSL=4.3pips Verdict=CONTINUED_IN_TRADE_DIR (positive=price went our way, negative=continued against us)
GG	0	04:00:01.849	Cazyxio_v4.2 (EURUSD,M15)	2026.03.11 10:00:01 | BAR | USDCAD | close=1.35717 h4ema200=1.36666 h4slope=DOWN ema50=1.35666 distToEMA50=5.1pips touchSeq=7 atr=0.000647 atrSma=0.000669 atrRatio=0.968 dir=SHORT spread=24.0 spreadOK=YES atrGate=PASS touch=PASS momCandle=momClosePos=0.638 momOk=N ema50Ok=Y barRange=0.000470 zeroRangeBar=NO trigger=NO hasPos=NO portRisk=0.50% openPos=1 | 1.357170
NL	0	04:00:01.849	Cazyxio_v4.2 (EURUSD,M15)	2026.03.11 10:00:01 | GATE_FAIL | USDCAD | Momentum candle FAIL. dir=SHORT close=1.35717 ema50=1.35666 momClosePos=0.638 momOk=N ema50Ok=Y barRange=0.000470
KG	0	04:00:23.802	Cazyxio_v4.2 (EURUSD,M15)	2026.03.11 10:00:23 | HEARTBEAT | SYSTEM | EA alive. Tick=171600 Equity=44454.67 OpenPos=1 PendingOrders=1 UTC=2026.03.11 10:00 DayOfWeek=3 WeekendCloseActive=NO NewTradeBlocked=NO | 171600.000000
GF	0	04:01:10.193	Cazyxio_v4.2 (EURUSD,M15)	2026.03.11 10:01:10 | HEARTBEAT | SYSTEM | EA alive. Tick=171700 Equity=44457.57 OpenPos=1 PendingOrders=1 UTC=2026.03.11 10:01 DayOfWeek=3 WeekendCloseActive=NO NewTradeBlocked=NO | 171700.000000
IP	0	04:02:11.062	Cazyxio_v4.2 (EURUSD,M15)	2026.03.11 10:02:11 | HEARTBEAT | SYSTEM | EA alive. Tick=171800 Equity=44483.67 OpenPos=1 PendingOrders=1 UTC=2026.03.11 10:02 DayOfWeek=3 WeekendCloseActive=NO NewTradeBlocked=NO | 171800.000000
PR	0	04:02:57.798	Cazyxio_v4.2 (EURUSD,M15)	2026.03.11 10:02:57 | HEARTBEAT | SYSTEM | EA alive. Tick=171900 Equity=44492.37 OpenPos=1 PendingOrders=1 UTC=2026.03.11 10:02 DayOfWeek=3 WeekendCloseActive=NO NewTradeBlocked=NO | 171900.000000
HL	0	04:03:48.048	Cazyxio_v4.2 (EURUSD,M15)	2026.03.11 10:03:48 | HEARTBEAT | SYSTEM | EA alive. Tick=172000 Equity=44509.77 OpenPos=1 PendingOrders=1 UTC=2026.03.11 10:03 DayOfWeek=3 WeekendCloseActive=NO NewTradeBlocked=NO | 172000.000000
HO	0	04:04:45.180	Cazyxio_v4.2 (EURUSD,M15)	2026.03.11 10:04:45 | HEARTBEAT | SYSTEM | EA alive. Tick=172100 Equity=44548.92 OpenPos=1 PendingOrders=1 UTC=2026.03.11 10:04 DayOfWeek=3 WeekendCloseActive=NO NewTradeBlocked=NO | 172100.000000
GI	0	04:05:38.291	Cazyxio_v4.2 (EURUSD,M15)	2026.03.11 10:05:38 | HEARTBEAT | SYSTEM | EA alive. Tick=172200 Equity=44575.02 OpenPos=1 PendingOrders=1 UTC=2026.03.11 10:05 DayOfWeek=3 WeekendCloseActive=NO NewTradeBlocked=NO | 172200.000000
IK	0	04:06:32.679	Cazyxio_v4.2 (EURUSD,M15)	2026.03.11 10:06:32 | HEARTBEAT | SYSTEM | EA alive. Tick=172300 Equity=44569.22 OpenPos=1 PendingOrders=1 UTC=2026.03.11 10:06 DayOfWeek=3 WeekendCloseActive=NO NewTradeBlocked=NO | 172300.000000
GE	0	04:07:39.808	Cazyxio_v4.2 (EURUSD,M15)	2026.03.11 10:07:39 | HEARTBEAT | SYSTEM | EA alive. Tick=172400 Equity=44575.02 OpenPos=1 PendingOrders=1 UTC=2026.03.11 10:07 DayOfWeek=3 WeekendCloseActive=NO NewTradeBlocked=NO | 172400.000000
LD	0	04:08:49.796	Cazyxio_v4.2 (EURUSD,M15)	2026.03.11 10:08:49 | HEARTBEAT | SYSTEM | EA alive. Tick=172500 Equity=44557.62 OpenPos=1 PendingOrders=1 UTC=2026.03.11 10:08 DayOfWeek=3 WeekendCloseActive=NO NewTradeBlocked=NO | 172500.000000
NF	0	04:09:50.338	Cazyxio_v4.2 (EURUSD,M15)	2026.03.11 10:09:50 | HEARTBEAT | SYSTEM | EA alive. Tick=172600 Equity=44601.12 OpenPos=1 PendingOrders=1 UTC=2026.03.11 10:09 DayOfWeek=3 WeekendCloseActive=NO NewTradeBlocked=NO | 172600.000000
JP	0	04:10:41.333	Cazyxio_v4.2 (EURUSD,M15)	2026.03.11 10:10:41 | HEARTBEAT | SYSTEM | EA alive. Tick=172700 Equity=44576.47 OpenPos=1 PendingOrders=1 UTC=2026.03.11 10:10 DayOfWeek=3 WeekendCloseActive=NO NewTradeBlocked=NO | 172700.000000
LR	0	04:11:28.715	Cazyxio_v4.2 (EURUSD,M15)	2026.03.11 10:11:28 | HEARTBEAT | SYSTEM | EA alive. Tick=172800 Equity=44561.97 OpenPos=1 PendingOrders=1 UTC=2026.03.11 10:11 DayOfWeek=3 WeekendCloseActive=NO NewTradeBlocked=NO | 172800.000000
HM	0	04:12:16.582	Cazyxio_v4.2 (EURUSD,M15)	2026.03.11 10:12:16 | HEARTBEAT | SYSTEM | EA alive. Tick=172900 Equity=44573.57 OpenPos=1 PendingOrders=1 UTC=2026.03.11 10:12 DayOfWeek=3 WeekendCloseActive=NO NewTradeBlocked=NO | 172900.000000
DO	0	04:13:16.158	Cazyxio_v4.2 (EURUSD,M15)	2026.03.11 10:13:16 | HEARTBEAT | SYSTEM | EA alive. Tick=173000 Equity=44554.72 OpenPos=1 PendingOrders=1 UTC=2026.03.11 10:13 DayOfWeek=3 WeekendCloseActive=NO NewTradeBlocked=NO | 173000.000000
GI	0	04:14:35.010	Cazyxio_v4.2 (EURUSD,M15)	2026.03.11 10:14:35 | HEARTBEAT | SYSTEM | EA alive. Tick=173100 Equity=44588.07 OpenPos=1 PendingOrders=1 UTC=2026.03.11 10:14 DayOfWeek=3 WeekendCloseActive=NO NewTradeBlocked=NO | 173100.000000
FF	0	04:15:01.623	Cazyxio_v4.2 (EURUSD,M15)	2026.03.11 10:15:01 | LIMIT_PENDING | EURUSD | Limit order still pending. BarsRemaining=1 LimitPrice=1.16213 CurrentPrice=1.16006 DistToLimit=20.7pips Ticket=4400357
LE	0	04:15:01.623	Cazyxio_v4.2 (EURUSD,M15)	2026.03.11 10:15:01 | BAR | USDJPY | close=158.391 h4ema200=156.220 h4slope=UP ema50=158.184 distToEMA50=20.7pips touchSeq=0 atr=0.090571 atrSma=0.106115 atrRatio=0.854 dir=LONG spread=17.0 spreadOK=YES atrGate=PASS touch=PASS momCandle=momClosePos=0.071 momOk=N ema50Ok=Y barRange=0.098000 zeroRangeBar=NO trigger=NO hasPos=NO portRisk=0.50% openPos=1 | 158.391000
OJ	0	04:15:01.623	Cazyxio_v4.2 (EURUSD,M15)	2026.03.11 10:15:01 | GATE_FAIL | USDJPY | Momentum candle FAIL. dir=LONG close=158.391 ema50=158.184 momClosePos=0.071 momOk=N ema50Ok=Y barRange=0.098000
OM	0	04:15:02.365	Cazyxio_v4.2 (EURUSD,M15)	2026.03.11 10:15:02 | BAR | GBPUSD | close=1.34233 h4ema200=1.34814 h4slope=DOWN ema50=1.34340 distToEMA50=10.7pips touchSeq=1 atr=0.001361 atrSma=0.001009 atrRatio=1.349 dir=SHORT spread=23.0 spreadOK=YES atrGate=PASS touch=FAIL momCandle=momClosePos=0.935 momOk=N ema50Ok=Y barRange=0.001240 zeroRangeBar=NO trigger=NO hasPos=NO portRisk=0.50% openPos=1 | 1.342330
QF	0	04:15:02.365	Cazyxio_v4.2 (EURUSD,M15)	2026.03.11 10:15:02 | NEAR_MISS | GBPUSD | Touch near-miss. BestDistRatio=1.310 (1.0=exactly at tolerance, <1.5=near miss) DistToEMA50=10.7pips
DJ	0	04:15:02.365	Cazyxio_v4.2 (EURUSD,M15)	2026.03.11 10:15:02 | GATE_FAIL | GBPUSD | Touch/pullback gate FAIL. Price has not approached EMA50 within last 12 bars (within 0.60 ATR). DistToEMA50=10.7pips.
IG	0	04:15:02.365	Cazyxio_v4.2 (EURUSD,M15)	2026.03.11 10:15:02 | BAR | AUDUSD | close=0.71574 h4ema200=0.70061 h4slope=UP ema50=0.71537 distToEMA50=3.7pips touchSeq=7 atr=0.001049 atrSma=0.000917 atrRatio=1.144 dir=LONG spread=20.0 spreadOK=YES atrGate=PASS touch=PASS momCandle=momClosePos=0.983 momOk=Y ema50Ok=Y barRange=0.001170 zeroRangeBar=NO trigger=YES hasPos=YES portRisk=0.50% openPos=1 | 0.715740
DD	0	04:15:02.365	Cazyxio_v4.2 (EURUSD,M15)	2026.03.11 10:15:02 | POSITION_HEALTH | AUDUSD | ticket=4400182 dir=LONG openPrice=0.71535 curPrice=0.71574 unrealPnL=56.55 curR=0.254 MFE=3.9pips MAE=7.5pips timeOpen=70min SL=0.71381 TP=0.71919
EF	0	04:15:02.365	Cazyxio_v4.2 (EURUSD,M15)	2026.03.11 10:15:02 | TRAIL_SKIP | AUDUSD | Trail not yet active. ProfitDist=0.00039 ActivateAt=0.00230 MFE=0.00039 ticket=4400182
GN	0	04:15:02.365	Cazyxio_v4.2 (EURUSD,M15)	2026.03.11 10:15:02 | BAR | GBPJPY | close=212.618 h4ema200=210.610 h4slope=UP ema50=212.511 distToEMA50=10.7pips touchSeq=12 atr=0.161357 atrSma=0.120582 atrRatio=1.338 dir=LONG spread=44.0 spreadOK=NO atrGate=PASS touch=PASS momCandle=momClosePos=0.664 momOk=Y ema50Ok=Y barRange=0.113000 zeroRangeBar=NO trigger=YES hasPos=NO portRisk=0.50% openPos=1 | 212.618000
IM	0	04:15:02.365	Cazyxio_v4.2 (EURUSD,M15)	2026.03.11 10:15:02 | GATE_FAIL | GBPJPY | Spread too wide. Spread=44.0 Max=30 points.
IO	0	04:15:03.441	Cazyxio_v4.2 (EURUSD,M15)	2026.03.11 10:15:03 | POST_SL_CONTEXT | USDCAD | Bar 2 after SL hit. SLHitPrice=1.35760 BarClose=1.35715 MoveSinceSL=4.5pips Verdict=CONTINUED_IN_TRADE_DIR (positive=price went our way, negative=continued against us)
FR	0	04:15:03.441	Cazyxio_v4.2 (EURUSD,M15)	2026.03.11 10:15:03 | BAR | USDCAD | close=1.35715 h4ema200=1.36666 h4slope=DOWN ema50=1.35668 distToEMA50=4.7pips touchSeq=8 atr=0.000651 atrSma=0.000668 atrRatio=0.974 dir=SHORT spread=24.0 spreadOK=YES atrGate=PASS touch=PASS momCandle=momClosePos=0.340 momOk=Y ema50Ok=Y barRange=0.000530 zeroRangeBar=NO trigger=YES hasPos=NO portRisk=0.50% openPos=1 | 1.357150
GD	0	04:15:03.441	Cazyxio_v4.2 (EURUSD,M15)	2026.03.11 10:15:03 | GATE_FAIL | USDCAD | SL cooldown active. Last SL=2026.03.11 12:56 CooldownEnds=2026.03.11 13:56 MinsRemaining=41
KI	0	04:15:23.921	Cazyxio_v4.2 (EURUSD,M15)	2026.03.11 10:15:23 | HEARTBEAT | SYSTEM | EA alive. Tick=173200 Equity=44615.62 OpenPos=1 PendingOrders=1 UTC=2026.03.11 10:15 DayOfWeek=3 WeekendCloseActive=NO NewTradeBlocked=NO | 173200.000000
QK	0	04:16:14.270	Cazyxio_v4.2 (EURUSD,M15)	2026.03.11 10:16:14 | HEARTBEAT | SYSTEM | EA alive. Tick=173300 Equity=44618.52 OpenPos=1 PendingOrders=1 UTC=2026.03.11 10:16 DayOfWeek=3 WeekendCloseActive=NO NewTradeBlocked=NO | 173300.000000
KJ	0	04:17:03.503	Cazyxio_v4.2 (EURUSD,M15)	2026.03.11 10:17:03 | HEARTBEAT | SYSTEM | EA alive. Tick=173400 Equity=44605.47 OpenPos=1 PendingOrders=1 UTC=2026.03.11 10:17 DayOfWeek=3 WeekendCloseActive=NO NewTradeBlocked=NO | 173400.000000
JD	0	04:18:04.223	Cazyxio_v4.2 (EURUSD,M15)	2026.03.11 10:18:04 | HEARTBEAT | SYSTEM | EA alive. Tick=173500 Equity=44624.32 OpenPos=1 PendingOrders=1 UTC=2026.03.11 10:18 DayOfWeek=3 WeekendCloseActive=NO NewTradeBlocked=NO | 173500.000000
MF	0	04:19:10.859	Cazyxio_v4.2 (EURUSD,M15)	2026.03.11 10:19:10 | HEARTBEAT | SYSTEM | EA alive. Tick=173600 Equity=44615.62 OpenPos=1 PendingOrders=1 UTC=2026.03.11 10:19 DayOfWeek=3 WeekendCloseActive=NO NewTradeBlocked=NO | 173600.000000
HP	0	04:20:36.818	Cazyxio_v4.2 (EURUSD,M15)	2026.03.11 10:20:36 | HEARTBEAT | SYSTEM | EA alive. Tick=173700 Equity=44588.07 OpenPos=1 PendingOrders=1 UTC=2026.03.11 10:20 DayOfWeek=3 WeekendCloseActive=NO NewTradeBlocked=NO | 173700.000000
ES	0	04:21:38.068	Cazyxio_v4.2 (EURUSD,M15)	2026.03.11 10:21:38 | HEARTBEAT | SYSTEM | EA alive. Tick=173800 Equity=44580.82 OpenPos=1 PendingOrders=1 UTC=2026.03.11 10:21 DayOfWeek=3 WeekendCloseActive=NO NewTradeBlocked=NO | 173800.000000
KM	0	04:22:53.317	Cazyxio_v4.2 (EURUSD,M15)	2026.03.11 10:22:53 | HEARTBEAT | SYSTEM | EA alive. Tick=173900 Equity=44625.77 OpenPos=1 PendingOrders=1 UTC=2026.03.11 10:22 DayOfWeek=3 WeekendCloseActive=NO NewTradeBlocked=NO | 173900.000000
DO	0	04:24:09.232	Cazyxio_v4.2 (EURUSD,M15)	2026.03.11 10:24:09 | HEARTBEAT | SYSTEM | EA alive. Tick=174000 Equity=44599.67 OpenPos=1 PendingOrders=1 UTC=2026.03.11 10:24 DayOfWeek=3 WeekendCloseActive=NO NewTradeBlocked=NO | 174000.000000
GI	0	04:25:07.323	Cazyxio_v4.2 (EURUSD,M15)	2026.03.11 10:25:07 | HEARTBEAT | SYSTEM | EA alive. Tick=174100 Equity=44575.02 OpenPos=1 PendingOrders=1 UTC=2026.03.11 10:25 DayOfWeek=3 WeekendCloseActive=NO NewTradeBlocked=NO | 174100.000000
JH	0	04:26:37.484	Cazyxio_v4.2 (EURUSD,M15)	2026.03.11 10:26:37 | HEARTBEAT | SYSTEM | EA alive. Tick=174200 Equity=44573.57 OpenPos=1 PendingOrders=1 UTC=2026.03.11 10:26 DayOfWeek=3 WeekendCloseActive=NO NewTradeBlocked=NO | 174200.000000
LJ	0	04:28:03.826	Cazyxio_v4.2 (EURUSD,M15)	2026.03.11 10:28:03 | HEARTBEAT | SYSTEM | EA alive. Tick=174300 Equity=44570.67 OpenPos=1 PendingOrders=1 UTC=2026.03.11 10:28 DayOfWeek=3 WeekendCloseActive=NO NewTradeBlocked=NO | 174300.000000
MD	0	04:29:41.864	Cazyxio_v4.2 (EURUSD,M15)	2026.03.11 10:29:41 | HEARTBEAT | SYSTEM | EA alive. Tick=174400 Equity=44583.72 OpenPos=1 PendingOrders=1 UTC=2026.03.11 10:29 DayOfWeek=3 WeekendCloseActive=NO NewTradeBlocked=NO | 174400.000000
EF	0	04:30:01.593	Cazyxio_v4.2 (EURUSD,M15)	2026.03.11 10:30:01 | LIMIT_EXPIRED | EURUSD | Limit order expired (unfilled after 4 bars). LimitPrice=1.16213 CurrentPrice=1.16029 DistanceFromLimit=18.4pips Ticket=4400357
DN	0	04:30:01.722	Cazyxio_v4.2 (EURUSD,M15)	2026.03.11 10:30:01 | LIMIT_CANCELLED | EURUSD | Pending limit order cancelled. Reason=EXPIRY Ticket=4400357 LimitPrice=1.16213
FE	0	04:30:01.722	Cazyxio_v4.2 (EURUSD,M15)	2026.03.11 10:30:01 | BAR | USDJPY | close=158.384 h4ema200=156.220 h4slope=UP ema50=158.192 distToEMA50=19.2pips touchSeq=0 atr=0.089643 atrSma=0.105739 atrRatio=0.848 dir=LONG spread=17.0 spreadOK=YES atrGate=PASS touch=FAIL momCandle=momClosePos=0.516 momOk=N ema50Ok=Y barRange=0.062000 zeroRangeBar=NO trigger=NO hasPos=NO portRisk=0.50% openPos=1 | 158.384000
GI	0	04:30:01.722	Cazyxio_v4.2 (EURUSD,M15)	2026.03.11 10:30:01 | GATE_FAIL | USDJPY | Touch/pullback gate FAIL. Price has not approached EMA50 within last 12 bars (within 0.60 ATR). DistToEMA50=19.2pips.
JL	0	04:30:01.722	Cazyxio_v4.2 (EURUSD,M15)	2026.03.11 10:30:01 | BAR | AUDUSD | close=0.71553 h4ema200=0.70061 h4slope=UP ema50=0.71537 distToEMA50=1.6pips touchSeq=8 atr=0.000991 atrSma=0.000915 atrRatio=1.082 dir=LONG spread=18.0 spreadOK=YES atrGate=PASS touch=PASS momCandle=momClosePos=0.260 momOk=N ema50Ok=Y barRange=0.000500 zeroRangeBar=NO trigger=NO hasPos=YES portRisk=0.50% openPos=1 | 0.715530
EJ	0	04:30:01.722	Cazyxio_v4.2 (EURUSD,M15)	2026.03.11 10:30:01 | POSITION_HEALTH | AUDUSD | ticket=4400182 dir=LONG openPrice=0.71535 curPrice=0.71552 unrealPnL=24.65 curR=0.111 MFE=3.9pips MAE=7.5pips timeOpen=85min SL=0.71381 TP=0.71919
RD	0	04:30:01.722	Cazyxio_v4.2 (EURUSD,M15)	2026.03.11 10:30:01 | TRAIL_SKIP | AUDUSD | Trail not yet active. ProfitDist=0.00017 ActivateAt=0.00230 MFE=0.00017 ticket=4400182
QK	0	04:30:01.722	Cazyxio_v4.2 (EURUSD,M15)	2026.03.11 10:30:01 | BAR | GBPJPY | close=212.800 h4ema200=210.612 h4slope=UP ema50=212.529 distToEMA50=27.1pips touchSeq=0 atr=0.169857 atrSma=0.120932 atrRatio=1.405 dir=LONG spread=45.0 spreadOK=NO atrGate=PASS touch=PASS momCandle=momClosePos=0.757 momOk=Y ema50Ok=Y barRange=0.247000 zeroRangeBar=NO trigger=YES hasPos=NO portRisk=0.50% openPos=1 | 212.800000
OP	0	04:30:01.722	Cazyxio_v4.2 (EURUSD,M15)	2026.03.11 10:30:01 | GATE_FAIL | GBPJPY | Spread too wide. Spread=45.0 Max=30 points.
OQ	0	04:30:02.490	Cazyxio_v4.2 (EURUSD,M15)	2026.03.11 10:30:02 | BAR | GBPUSD | close=1.34355 h4ema200=1.34816 h4slope=DOWN ema50=1.34346 distToEMA50=0.9pips touchSeq=2 atr=0.001421 atrSma=0.001011 atrRatio=1.405 dir=SHORT spread=21.0 spreadOK=YES atrGate=PASS touch=PASS momCandle=momClosePos=0.709 momOk=N ema50Ok=Y barRange=0.001790 zeroRangeBar=NO trigger=NO hasPos=NO portRisk=0.50% openPos=1 | 1.343550
MP	0	04:30:02.490	Cazyxio_v4.2 (EURUSD,M15)	2026.03.11 10:30:02 | GATE_FAIL | GBPUSD | Momentum candle FAIL. dir=SHORT close=1.34355 ema50=1.34346 momClosePos=0.709 momOk=N ema50Ok=Y barRange=0.001790
PE	0	04:30:02.490	Cazyxio_v4.2 (EURUSD,M15)	2026.03.11 10:30:02 | POST_SL_CONTEXT | USDCAD | Bar 3 after SL hit. SLHitPrice=1.35760 BarClose=1.35725 MoveSinceSL=3.5pips Verdict=CONTINUED_IN_TRADE_DIR (positive=price went our way, negative=continued against us)
QE	0	04:30:02.490	Cazyxio_v4.2 (EURUSD,M15)	2026.03.11 10:30:02 | BAR | USDCAD | close=1.35725 h4ema200=1.36666 h4slope=DOWN ema50=1.35671 distToEMA50=5.4pips touchSeq=9 atr=0.000649 atrSma=0.000668 atrRatio=0.972 dir=SHORT spread=24.0 spreadOK=YES atrGate=PASS touch=PASS momCandle=momClosePos=0.975 momOk=N ema50Ok=Y barRange=0.000400 zeroRangeBar=NO trigger=NO hasPos=NO portRisk=0.50% openPos=1 | 1.357250
FN	0	04:30:02.490	Cazyxio_v4.2 (EURUSD,M15)	2026.03.11 10:30:02 | GATE_FAIL | USDCAD | Momentum candle FAIL. dir=SHORT close=1.35725 ema50=1.35671 momClosePos=0.975 momOk=N ema50Ok=Y barRange=0.000400
QJ	0	04:30:51.878	Cazyxio_v4.2 (EURUSD,M15)	2026.03.11 10:30:51 | HEARTBEAT | SYSTEM | EA alive. Tick=174500 Equity=44573.57 OpenPos=1 PendingOrders=0 UTC=2026.03.11 10:30 DayOfWeek=3 WeekendCloseActive=NO NewTradeBlocked=NO | 174500.000000
KD	0	04:31:59.164	Cazyxio_v4.2 (EURUSD,M15)	2026.03.11 10:31:59 | HEARTBEAT | SYSTEM | EA alive. Tick=174600 Equity=44598.22 OpenPos=1 PendingOrders=0 UTC=2026.03.11 10:31 DayOfWeek=3 WeekendCloseActive=NO NewTradeBlocked=NO | 174600.000000
LF	0	04:33:02.383	Cazyxio_v4.2 (EURUSD,M15)	2026.03.11 10:33:02 | HEARTBEAT | SYSTEM | EA alive. Tick=174700 Equity=44605.47 OpenPos=1 PendingOrders=0 UTC=2026.03.11 10:33 DayOfWeek=3 WeekendCloseActive=NO NewTradeBlocked=NO | 174700.000000
HP	0	04:34:10.730	Cazyxio_v4.2 (EURUSD,M15)	2026.03.11 10:34:10 | HEARTBEAT | SYSTEM | EA alive. Tick=174800 Equity=44589.52 OpenPos=1 PendingOrders=0 UTC=2026.03.11 10:34 DayOfWeek=3 WeekendCloseActive=NO NewTradeBlocked=NO | 174800.000000
OS	0	04:35:35.605	Cazyxio_v4.2 (EURUSD,M15)	2026.03.11 10:35:35 | HEARTBEAT | SYSTEM | EA alive. Tick=174900 Equity=44612.72 OpenPos=1 PendingOrders=0 UTC=2026.03.11 10:35 DayOfWeek=3 WeekendCloseActive=NO NewTradeBlocked=NO | 174900.000000
KM	0	04:36:37.459	Cazyxio_v4.2 (EURUSD,M15)	2026.03.11 10:36:37 | HEARTBEAT | SYSTEM | EA alive. Tick=175000 Equity=44618.52 OpenPos=1 PendingOrders=0 UTC=2026.03.11 10:36 DayOfWeek=3 WeekendCloseActive=NO NewTradeBlocked=NO | 175000.000000
EO	0	04:38:07.838	Cazyxio_v4.2 (EURUSD,M15)	2026.03.11 10:38:07 | HEARTBEAT | SYSTEM | EA alive. Tick=175100 Equity=44635.92 OpenPos=1 PendingOrders=0 UTC=2026.03.11 10:38 DayOfWeek=3 WeekendCloseActive=NO NewTradeBlocked=NO | 175100.000000
CI	0	04:39:20.769	Cazyxio_v4.2 (EURUSD,M15)	2026.03.11 10:39:20 | HEARTBEAT | SYSTEM | EA alive. Tick=175200 Equity=44638.82 OpenPos=1 PendingOrders=0 UTC=2026.03.11 10:39 DayOfWeek=3 WeekendCloseActive=NO NewTradeBlocked=NO | 175200.000000
PH	0	04:40:29.124	Cazyxio_v4.2 (EURUSD,M15)	2026.03.11 10:40:29 | HEARTBEAT | SYSTEM | EA alive. Tick=175300 Equity=44640.27 OpenPos=1 PendingOrders=0 UTC=2026.03.11 10:40 DayOfWeek=3 WeekendCloseActive=NO NewTradeBlocked=NO | 175300.000000
KJ	0	04:41:21.696	Cazyxio_v4.2 (EURUSD,M15)	2026.03.11 10:41:21 | HEARTBEAT | SYSTEM | EA alive. Tick=175400 Equity=44659.12 OpenPos=1 PendingOrders=0 UTC=2026.03.11 10:41 DayOfWeek=3 WeekendCloseActive=NO NewTradeBlocked=NO | 175400.000000
GD	0	04:42:32.113	Cazyxio_v4.2 (EURUSD,M15)	2026.03.11 10:42:32 | HEARTBEAT | SYSTEM | EA alive. Tick=175500 Equity=44662.02 OpenPos=1 PendingOrders=0 UTC=2026.03.11 10:42 DayOfWeek=3 WeekendCloseActive=NO NewTradeBlocked=NO | 175500.000000
HF	0	04:43:25.840	Cazyxio_v4.2 (EURUSD,M15)	2026.03.11 10:43:25 | HEARTBEAT | SYSTEM | EA alive. Tick=175600 Equity=44685.22 OpenPos=1 PendingOrders=0 UTC=2026.03.11 10:43 DayOfWeek=3 WeekendCloseActive=NO NewTradeBlocked=NO | 175600.000000
RQ	0	04:44:20.386	Cazyxio_v4.2 (EURUSD,M15)	2026.03.11 10:44:20 | HEARTBEAT | SYSTEM | EA alive. Tick=175700 Equity=44685.22 OpenPos=1 PendingOrders=0 UTC=2026.03.11 10:44 DayOfWeek=3 WeekendCloseActive=NO NewTradeBlocked=NO | 175700.000000
LN	0	04:45:01.785	Cazyxio_v4.2 (EURUSD,M15)	2026.03.11 10:45:01 | BAR | EURUSD | close=1.16093 h4ema200=1.17317 h4slope=DOWN ema50=1.16176 distToEMA50=8.3pips touchSeq=1 atr=0.001004 atrSma=0.000856 atrRatio=1.173 dir=SHORT spread=16.0 spreadOK=YES atrGate=PASS touch=FAIL momCandle=momClosePos=0.825 momOk=N ema50Ok=Y barRange=0.000970 zeroRangeBar=NO trigger=NO hasPos=NO portRisk=0.50% openPos=1 | 1.160930
DD	0	04:45:01.785	Cazyxio_v4.2 (EURUSD,M15)	2026.03.11 10:45:01 | NEAR_MISS | EURUSD | Touch near-miss. BestDistRatio=1.232 (1.0=exactly at tolerance, <1.5=near miss) DistToEMA50=8.3pips
LO	0	04:45:01.785	Cazyxio_v4.2 (EURUSD,M15)	2026.03.11 10:45:01 | GATE_FAIL | EURUSD | Touch/pullback gate FAIL. Price has not approached EMA50 within last 12 bars (within 0.60 ATR). DistToEMA50=8.3pips.
DG	0	04:45:01.785	Cazyxio_v4.2 (EURUSD,M15)	2026.03.11 10:45:01 | BAR | AUDUSD | close=0.71624 h4ema200=0.70062 h4slope=UP ema50=0.71543 distToEMA50=8.1pips touchSeq=9 atr=0.000957 atrSma=0.000914 atrRatio=1.047 dir=LONG spread=18.0 spreadOK=YES atrGate=PASS touch=PASS momCandle=momClosePos=0.903 momOk=Y ema50Ok=Y barRange=0.000930 zeroRangeBar=NO trigger=YES hasPos=YES portRisk=0.50% openPos=1 | 0.716240
NE	0	04:45:01.785	Cazyxio_v4.2 (EURUSD,M15)	2026.03.11 10:45:01 | POSITION_HEALTH | AUDUSD | ticket=4400182 dir=LONG openPrice=0.71535 curPrice=0.71625 unrealPnL=130.50 curR=0.586 MFE=9.0pips MAE=7.5pips timeOpen=100min SL=0.71381 TP=0.71919
QG	0	04:45:01.785	Cazyxio_v4.2 (EURUSD,M15)	2026.03.11 10:45:01 | TRAIL_SKIP | AUDUSD | Trail not yet active. ProfitDist=0.00090 ActivateAt=0.00230 MFE=0.00090 ticket=4400182
NQ	0	04:45:01.785	Cazyxio_v4.2 (EURUSD,M15)	2026.03.11 10:45:01 | BAR | GBPJPY | close=212.824 h4ema200=210.612 h4slope=UP ema50=212.541 distToEMA50=28.3pips touchSeq=0 atr=0.164786 atrSma=0.121082 atrRatio=1.361 dir=LONG spread=38.0 spreadOK=NO atrGate=PASS touch=PASS momCandle=momClosePos=0.328 momOk=N ema50Ok=Y barRange=0.067000 zeroRangeBar=NO trigger=NO hasPos=NO portRisk=0.50% openPos=1 | 212.824000
PM	0	04:45:01.785	Cazyxio_v4.2 (EURUSD,M15)	2026.03.11 10:45:01 | GATE_FAIL | GBPJPY | Spread too wide. Spread=38.0 Max=30 points.
PN	0	04:45:03.185	Cazyxio_v4.2 (EURUSD,M15)	2026.03.11 10:45:03 | BAR | GBPUSD | close=1.34427 h4ema200=1.34816 h4slope=DOWN ema50=1.34352 distToEMA50=7.5pips touchSeq=3 atr=0.001351 atrSma=0.001012 atrRatio=1.335 dir=SHORT spread=19.0 spreadOK=YES atrGate=PASS touch=PASS momCandle=momClosePos=0.826 momOk=N ema50Ok=Y barRange=0.001090 zeroRangeBar=NO trigger=NO hasPos=NO portRisk=0.50% openPos=1 | 1.344270
NE	0	04:45:03.185	Cazyxio_v4.2 (EURUSD,M15)	2026.03.11 10:45:03 | GATE_FAIL | GBPUSD | Momentum candle FAIL. dir=SHORT close=1.34427 ema50=1.34352 momClosePos=0.826 momOk=N ema50Ok=Y barRange=0.001090
RR	0	04:45:03.185	Cazyxio_v4.2 (EURUSD,M15)	2026.03.11 10:45:03 | POST_SL_CONTEXT | USDCAD | Bar 4 after SL hit. SLHitPrice=1.35760 BarClose=1.35714 MoveSinceSL=4.6pips Verdict=CONTINUED_IN_TRADE_DIR (positive=price went our way, negative=continued against us)
IN	0	04:45:03.185	Cazyxio_v4.2 (EURUSD,M15)	2026.03.11 10:45:03 | BAR | USDCAD | close=1.35714 h4ema200=1.36666 h4slope=DOWN ema50=1.35672 distToEMA50=4.2pips touchSeq=10 atr=0.000623 atrSma=0.000667 atrRatio=0.934 dir=SHORT spread=21.0 spreadOK=YES atrGate=PASS touch=PASS momCandle=momClosePos=0.229 momOk=Y ema50Ok=Y barRange=0.000480 zeroRangeBar=NO trigger=YES hasPos=NO portRisk=0.50% openPos=1 | 1.357140
MS	0	04:45:03.185	Cazyxio_v4.2 (EURUSD,M15)	2026.03.11 10:45:03 | GATE_FAIL | USDCAD | SL cooldown active. Last SL=2026.03.11 12:56 CooldownEnds=2026.03.11 13:56 MinsRemaining=11
RH	0	04:45:06.944	Cazyxio_v4.2 (EURUSD,M15)	2026.03.11 10:45:06 | BAR | USDJPY | close=158.316 h4ema200=156.220 h4slope=UP ema50=158.194 distToEMA50=12.2pips touchSeq=0 atr=0.084714 atrSma=0.105317 atrRatio=0.804 dir=LONG spread=15.0 spreadOK=YES atrGate=PASS touch=FAIL momCandle=momClosePos=0.236 momOk=N ema50Ok=Y barRange=0.123000 zeroRangeBar=NO trigger=NO hasPos=NO portRisk=0.50% openPos=1 | 158.316000
JL	0	04:45:06.944	Cazyxio_v4.2 (EURUSD,M15)	2026.03.11 10:45:06 | GATE_FAIL | USDJPY | Touch/pullback gate FAIL. Price has not approached EMA50 within last 12 bars (within 0.60 ATR). DistToEMA50=12.2pips.
LG	0	04:45:54.401	Cazyxio_v4.2 (EURUSD,M15)	2026.03.11 10:45:54 | HEARTBEAT | SYSTEM | EA alive. Tick=175800 Equity=44677.97 OpenPos=1 PendingOrders=0 UTC=2026.03.11 10:45 DayOfWeek=3 WeekendCloseActive=NO NewTradeBlocked=NO | 175800.000000
RF	0	04:47:13.292	Cazyxio_v4.2 (EURUSD,M15)	2026.03.11 10:47:13 | HEARTBEAT | SYSTEM | EA alive. Tick=175900 Equity=44669.27 OpenPos=1 PendingOrders=0 UTC=2026.03.11 10:47 DayOfWeek=3 WeekendCloseActive=NO NewTradeBlocked=NO | 175900.000000
NP	0	04:48:43.447	Cazyxio_v4.2 (EURUSD,M15)	2026.03.11 10:48:43 | HEARTBEAT | SYSTEM | EA alive. Tick=176000 Equity=44651.87 OpenPos=1 PendingOrders=0 UTC=2026.03.11 10:48 DayOfWeek=3 WeekendCloseActive=NO NewTradeBlocked=NO | 176000.000000
QR	0	04:49:55.982	Cazyxio_v4.2 (EURUSD,M15)	2026.03.11 10:49:55 | HEARTBEAT | SYSTEM | EA alive. Tick=176100 Equity=44653.32 OpenPos=1 PendingOrders=0 UTC=2026.03.11 10:49 DayOfWeek=3 WeekendCloseActive=NO NewTradeBlocked=NO | 176100.000000
EL	0	04:51:00.788	Cazyxio_v4.2 (EURUSD,M15)	2026.03.11 10:51:00 | HEARTBEAT | SYSTEM | EA alive. Tick=176200 Equity=44670.72 OpenPos=1 PendingOrders=0 UTC=2026.03.11 10:51 DayOfWeek=3 WeekendCloseActive=NO NewTradeBlocked=NO | 176200.000000
GO	0	04:52:12.823	Cazyxio_v4.2 (EURUSD,M15)	2026.03.11 10:52:12 | HEARTBEAT | SYSTEM | EA alive. Tick=176300 Equity=44696.82 OpenPos=1 PendingOrders=0 UTC=2026.03.11 10:52 DayOfWeek=3 WeekendCloseActive=NO NewTradeBlocked=NO | 176300.000000
JI	0	04:53:18.144	Cazyxio_v4.2 (EURUSD,M15)	2026.03.11 10:53:18 | HEARTBEAT | SYSTEM | EA alive. Tick=176400 Equity=44683.77 OpenPos=1 PendingOrders=0 UTC=2026.03.11 10:53 DayOfWeek=3 WeekendCloseActive=NO NewTradeBlocked=NO | 176400.000000
HK	0	04:54:35.364	Cazyxio_v4.2 (EURUSD,M15)	2026.03.11 10:54:35 | HEARTBEAT | SYSTEM | EA alive. Tick=176500 Equity=44670.72 OpenPos=1 PendingOrders=0 UTC=2026.03.11 10:54 DayOfWeek=3 WeekendCloseActive=NO NewTradeBlocked=NO | 176500.000000
KE	0	04:55:44.838	Cazyxio_v4.2 (EURUSD,M15)	2026.03.11 10:55:44 | HEARTBEAT | SYSTEM | EA alive. Tick=176600 Equity=44692.47 OpenPos=1 PendingOrders=0 UTC=2026.03.11 10:55 DayOfWeek=3 WeekendCloseActive=NO NewTradeBlocked=NO | 176600.000000
DD	0	04:56:58.894	Cazyxio_v4.2 (EURUSD,M15)	2026.03.11 10:56:58 | HEARTBEAT | SYSTEM | EA alive. Tick=176700 Equity=44692.47 OpenPos=1 PendingOrders=0 UTC=2026.03.11 10:56 DayOfWeek=3 WeekendCloseActive=NO NewTradeBlocked=NO | 176700.000000
QF	0	04:58:36.029	Cazyxio_v4.2 (EURUSD,M15)	2026.03.11 10:58:36 | HEARTBEAT | SYSTEM | EA alive. Tick=176800 Equity=44688.12 OpenPos=1 PendingOrders=0 UTC=2026.03.11 10:58 DayOfWeek=3 WeekendCloseActive=NO NewTradeBlocked=NO | 176800.000000
PM	0	05:00:01.688	Cazyxio_v4.2 (EURUSD,M15)	2026.03.11 11:00:01 | BAR | GBPUSD | close=1.34447 h4ema200=1.34816 h4slope=DOWN ema50=1.34356 distToEMA50=9.1pips touchSeq=4 atr=0.001313 atrSma=0.001012 atrRatio=1.297 dir=SHORT spread=22.0 spreadOK=YES atrGate=PASS touch=PASS momCandle=momClosePos=0.847 momOk=N ema50Ok=Y barRange=0.000720 zeroRangeBar=NO trigger=NO hasPos=NO portRisk=0.50% openPos=1 | 1.344470
FG	0	05:00:01.688	Cazyxio_v4.2 (EURUSD,M15)	2026.03.11 11:00:01 | GATE_FAIL | GBPUSD | Momentum candle FAIL. dir=SHORT close=1.34447 ema50=1.34356 momClosePos=0.847 momOk=N ema50Ok=Y barRange=0.000720
QN	0	05:00:01.688	Cazyxio_v4.2 (EURUSD,M15)	2026.03.11 11:00:01 | BAR | EURUSD | close=1.16063 h4ema200=1.17317 h4slope=DOWN ema50=1.16171 distToEMA50=10.8pips touchSeq=2 atr=0.000934 atrSma=0.000855 atrRatio=1.092 dir=SHORT spread=17.0 spreadOK=YES atrGate=PASS touch=FAIL momCandle=momClosePos=0.317 momOk=Y ema50Ok=Y barRange=0.000630 zeroRangeBar=NO trigger=YES hasPos=NO portRisk=0.50% openPos=1 | 1.160630
PQ	0	05:00:01.688	Cazyxio_v4.2 (EURUSD,M15)	2026.03.11 11:00:01 | NEAR_MISS | EURUSD | Touch near-miss. BestDistRatio=1.232 (1.0=exactly at tolerance, <1.5=near miss) DistToEMA50=10.8pips
NJ	0	05:00:01.688	Cazyxio_v4.2 (EURUSD,M15)	2026.03.11 11:00:01 | GATE_FAIL | EURUSD | Touch/pullback gate FAIL. Price has not approached EMA50 within last 12 bars (within 0.60 ATR). DistToEMA50=10.8pips.
LF	0	05:00:01.688	Cazyxio_v4.2 (EURUSD,M15)	2026.03.11 11:00:01 | BAR | USDJPY | close=158.285 h4ema200=156.219 h4slope=UP ema50=158.196 distToEMA50=8.9pips touchSeq=1 atr=0.079571 atrSma=0.104828 atrRatio=0.759 dir=LONG spread=14.0 spreadOK=YES atrGate=FAIL touch=FAIL momCandle=momClosePos=0.452 momOk=N ema50Ok=Y barRange=0.084000 zeroRangeBar=NO trigger=NO hasPos=NO portRisk=0.50% openPos=1 | 158.285000
OD	0	05:00:01.688	Cazyxio_v4.2 (EURUSD,M15)	2026.03.11 11:00:01 | NEAR_MISS | USDJPY | ATR near-miss. Ratio=0.759 MinRatio=0.80 Gap=0.041
PE	0	05:00:01.688	Cazyxio_v4.2 (EURUSD,M15)	2026.03.11 11:00:01 | GATE_FAIL | USDJPY | ATR gate FAIL. ATR=0.079571 ATR_SMA=0.104828 Ratio=0.759 MinRatio=0.80
NM	0	05:00:01.688	Cazyxio_v4.2 (EURUSD,M15)	2026.03.11 11:00:01 | BAR | GBPJPY | close=212.820 h4ema200=210.612 h4slope=UP ema50=212.552 distToEMA50=26.8pips touchSeq=0 atr=0.163714 atrSma=0.121353 atrRatio=1.349 dir=LONG spread=44.0 spreadOK=NO atrGate=PASS touch=PASS momCandle=momClosePos=0.944 momOk=Y ema50Ok=Y barRange=0.126000 zeroRangeBar=NO trigger=YES hasPos=NO portRisk=0.50% openPos=1 | 212.820000
GM	0	05:00:01.688	Cazyxio_v4.2 (EURUSD,M15)	2026.03.11 11:00:01 | GATE_FAIL | GBPJPY | Spread too wide. Spread=44.0 Max=30 points.
NP	0	05:00:01.688	Cazyxio_v4.2 (EURUSD,M15)	2026.03.11 11:00:01 | BAR | USDCAD | close=1.35684 h4ema200=1.36665 h4slope=DOWN ema50=1.35671 distToEMA50=1.3pips touchSeq=11 atr=0.000619 atrSma=0.000667 atrRatio=0.928 dir=SHORT spread=27.0 spreadOK=YES atrGate=PASS touch=PASS momCandle=momClosePos=0.300 momOk=Y ema50Ok=Y barRange=0.000600 zeroRangeBar=NO trigger=YES hasPos=NO portRisk=0.50% openPos=1 | 1.356840
PE	0	05:00:01.688	Cazyxio_v4.2 (EURUSD,M15)	2026.03.11 11:00:01 | SIGNAL | USDCAD | VALID SIGNAL (LIMIT): SHORT limitPrice=1.35675 sl=1.35774 tp=1.35428 stopDist=0.00099 lots=3.06 riskPct=0.50 R:R=2.50 ema50=1.35671 distToLimit=1.0pips expiresIn=4bars touchSeq=11 | 1.356750
DJ	0	05:00:01.688	Cazyxio_v4.2 (EURUSD,M15)	CTrade::OrderSend: sell limit 3.06 USDCAD at 1.35675 sl: 1.35774 tp: 1.35428 [invalid price]
QF	0	05:00:01.688	Cazyxio_v4.2 (EURUSD,M15)	2026.03.11 11:00:01 | ORDER_FAILED | USDCAD | SELL_LIMIT FAILED. retcode=10015 desc=invalid price limitPrice=1.35675
KP	0	05:00:01.964	Cazyxio_v4.2 (EURUSD,M15)	2026.03.11 11:00:01 | BAR | AUDUSD | close=0.71616 h4ema200=0.70061 h4slope=UP ema50=0.71545 distToEMA50=7.1pips touchSeq=10 atr=0.000891 atrSma=0.000912 atrRatio=0.976 dir=LONG spread=19.0 spreadOK=YES atrGate=PASS touch=PASS momCandle=momClosePos=0.542 momOk=N ema50Ok=Y barRange=0.000480 zeroRangeBar=NO trigger=NO hasPos=YES portRisk=0.50% openPos=1 | 0.716160
MS	0	05:00:01.964	Cazyxio_v4.2 (EURUSD,M15)	2026.03.11 11:00:01 | POSITION_HEALTH | AUDUSD | ticket=4400182 dir=LONG openPrice=0.71535 curPrice=0.71612 unrealPnL=111.65 curR=0.501 MFE=9.0pips MAE=7.5pips timeOpen=115min SL=0.71381 TP=0.71919
LM	0	05:00:01.964	Cazyxio_v4.2 (EURUSD,M15)	2026.03.11 11:00:01 | TRAIL_SKIP | AUDUSD | Trail not yet active. ProfitDist=0.00077 ActivateAt=0.00230 MFE=0.00077 ticket=4400182
KQ	0	05:00:12.859	Cazyxio_v4.2 (EURUSD,M15)	2026.03.11 11:00:12 | HEARTBEAT | SYSTEM | EA alive. Tick=176900 Equity=44677.97 OpenPos=1 PendingOrders=0 UTC=2026.03.11 11:00 DayOfWeek=3 WeekendCloseActive=NO NewTradeBlocked=NO | 176900.000000
RP	0	05:01:17.962	Cazyxio_v4.2 (EURUSD,M15)	2026.03.11 11:01:17 | HEARTBEAT | SYSTEM | EA alive. Tick=177000 Equity=44685.22 OpenPos=1 PendingOrders=0 UTC=2026.03.11 11:01 DayOfWeek=3 WeekendCloseActive=NO NewTradeBlocked=NO | 177000.000000
IR	0	05:02:44.463	Cazyxio_v4.2 (EURUSD,M15)	2026.03.11 11:02:44 | HEARTBEAT | SYSTEM | EA alive. Tick=177100 Equity=44708.42 OpenPos=1 PendingOrders=0 UTC=2026.03.11 11:02 DayOfWeek=3 WeekendCloseActive=NO NewTradeBlocked=NO | 177100.000000
GL	0	05:04:00.394	Cazyxio_v4.2 (EURUSD,M15)	2026.03.11 11:04:00 | HEARTBEAT | SYSTEM | EA alive. Tick=177200 Equity=44692.47 OpenPos=1 PendingOrders=0 UTC=2026.03.11 11:04 DayOfWeek=3 WeekendCloseActive=NO NewTradeBlocked=NO | 177200.000000
NN	0	05:05:14.326	Cazyxio_v4.2 (EURUSD,M15)	2026.03.11 11:05:14 | HEARTBEAT | SYSTEM | EA alive. Tick=177300 Equity=44683.77 OpenPos=1 PendingOrders=0 UTC=2026.03.11 11:05 DayOfWeek=3 WeekendCloseActive=NO NewTradeBlocked=NO | 177300.000000
DI	0	05:06:18.064	Cazyxio_v4.2 (EURUSD,M15)	2026.03.11 11:06:18 | HEARTBEAT | SYSTEM | EA alive. Tick=177400 Equity=44667.82 OpenPos=1 PendingOrders=0 UTC=2026.03.11 11:06 DayOfWeek=3 WeekendCloseActive=NO NewTradeBlocked=NO | 177400.000000
MK	0	05:07:31.273	Cazyxio_v4.2 (EURUSD,M15)	2026.03.11 11:07:31 | HEARTBEAT | SYSTEM | EA alive. Tick=177500 Equity=44654.77 OpenPos=1 PendingOrders=0 UTC=2026.03.11 11:07 DayOfWeek=3 WeekendCloseActive=NO NewTradeBlocked=NO | 177500.000000
KE	0	05:08:42.337	Cazyxio_v4.2 (EURUSD,M15)	2026.03.11 11:08:42 | HEARTBEAT | SYSTEM | EA alive. Tick=177600 Equity=44693.92 OpenPos=1 PendingOrders=0 UTC=2026.03.11 11:08 DayOfWeek=3 WeekendCloseActive=NO NewTradeBlocked=NO | 177600.000000
JG	0	05:10:21.582	Cazyxio_v4.2 (EURUSD,M15)	2026.03.11 11:10:21 | HEARTBEAT | SYSTEM | EA alive. Tick=177700 Equity=44682.32 OpenPos=1 PendingOrders=0 UTC=2026.03.11 11:10 DayOfWeek=3 WeekendCloseActive=NO NewTradeBlocked=NO | 177700.000000
GF	0	05:11:47.951	Cazyxio_v4.2 (EURUSD,M15)	2026.03.11 11:11:47 | HEARTBEAT | SYSTEM | EA alive. Tick=177800 Equity=44680.87 OpenPos=1 PendingOrders=0 UTC=2026.03.11 11:11 DayOfWeek=3 WeekendCloseActive=NO NewTradeBlocked=NO | 177800.000000
FP	0	05:13:10.036	Cazyxio_v4.2 (EURUSD,M15)	2026.03.11 11:13:10 | HEARTBEAT | SYSTEM | EA alive. Tick=177900 Equity=44677.97 OpenPos=1 PendingOrders=0 UTC=2026.03.11 11:13 DayOfWeek=3 WeekendCloseActive=NO NewTradeBlocked=NO | 177900.000000
RR	0	05:14:15.551	Cazyxio_v4.2 (EURUSD,M15)	2026.03.11 11:14:15 | HEARTBEAT | SYSTEM | EA alive. Tick=178000 Equity=44685.22 OpenPos=1 PendingOrders=0 UTC=2026.03.11 11:14 DayOfWeek=3 WeekendCloseActive=NO NewTradeBlocked=NO | 178000.000000
HQ	0	05:15:01.621	Cazyxio_v4.2 (EURUSD,M15)	2026.03.11 11:15:01 | BAR | EURUSD | close=1.16068 h4ema200=1.17317 h4slope=DOWN ema50=1.16167 distToEMA50=9.9pips touchSeq=3 atr=0.000909 atrSma=0.000854 atrRatio=1.065 dir=SHORT spread=17.0 spreadOK=YES atrGate=PASS touch=FAIL momCandle=momClosePos=0.721 momOk=N ema50Ok=Y barRange=0.000610 zeroRangeBar=NO trigger=NO hasPos=NO portRisk=0.50% openPos=1 | 1.160680
RR	0	05:15:01.621	Cazyxio_v4.2 (EURUSD,M15)	2026.03.11 11:15:01 | NEAR_MISS | EURUSD | Touch near-miss. BestDistRatio=1.247 (1.0=exactly at tolerance, <1.5=near miss) DistToEMA50=9.9pips
HJ	0	05:15:01.621	Cazyxio_v4.2 (EURUSD,M15)	2026.03.11 11:15:01 | GATE_FAIL | EURUSD | Touch/pullback gate FAIL. Price has not approached EMA50 within last 12 bars (within 0.60 ATR). DistToEMA50=9.9pips.
ML	0	05:15:01.868	Cazyxio_v4.2 (EURUSD,M15)	2026.03.11 11:15:01 | BAR | GBPUSD | close=1.34454 h4ema200=1.34816 h4slope=DOWN ema50=1.34360 distToEMA50=9.4pips touchSeq=5 atr=0.001309 atrSma=0.001013 atrRatio=1.293 dir=SHORT spread=23.0 spreadOK=YES atrGate=PASS touch=PASS momCandle=momClosePos=0.646 momOk=N ema50Ok=Y barRange=0.000960 zeroRangeBar=NO trigger=NO hasPos=NO portRisk=0.50% openPos=1 | 1.344540
PG	0	05:15:01.868	Cazyxio_v4.2 (EURUSD,M15)	2026.03.11 11:15:01 | GATE_FAIL | GBPUSD | Momentum candle FAIL. dir=SHORT close=1.34454 ema50=1.34360 momClosePos=0.646 momOk=N ema50Ok=Y barRange=0.000960
OL	0	05:15:01.868	Cazyxio_v4.2 (EURUSD,M15)	2026.03.11 11:15:01 | BAR | GBPJPY | close=212.778 h4ema200=210.612 h4slope=UP ema50=212.559 distToEMA50=21.9pips touchSeq=0 atr=0.162500 atrSma=0.121596 atrRatio=1.336 dir=LONG spread=40.0 spreadOK=NO atrGate=PASS touch=PASS momCandle=momClosePos=0.530 momOk=N ema50Ok=Y barRange=0.132000 zeroRangeBar=NO trigger=NO hasPos=NO portRisk=0.50% openPos=1 | 212.778000
IN	0	05:15:01.868	Cazyxio_v4.2 (EURUSD,M15)	2026.03.11 11:15:01 | GATE_FAIL | GBPJPY | Spread too wide. Spread=40.0 Max=30 points.
JR	0	05:15:02.116	Cazyxio_v4.2 (EURUSD,M15)	2026.03.11 11:15:02 | BAR | AUDUSD | close=0.71663 h4ema200=0.70062 h4slope=UP ema50=0.71552 distToEMA50=11.1pips touchSeq=0 atr=0.000874 atrSma=0.000910 atrRatio=0.960 dir=LONG spread=19.0 spreadOK=YES atrGate=PASS touch=PASS momCandle=momClosePos=1.000 momOk=Y ema50Ok=Y barRange=0.000660 zeroRangeBar=NO trigger=YES hasPos=YES portRisk=0.50% openPos=1 | 0.716630
EH	0	05:15:02.116	Cazyxio_v4.2 (EURUSD,M15)	2026.03.11 11:15:02 | POSITION_HEALTH | AUDUSD | ticket=4400182 dir=LONG openPrice=0.71535 curPrice=0.71662 unrealPnL=184.15 curR=0.827 MFE=12.7pips MAE=7.5pips timeOpen=130min SL=0.71381 TP=0.71919
CE	0	05:15:02.116	Cazyxio_v4.2 (EURUSD,M15)	2026.03.11 11:15:02 | TRAIL_SKIP | AUDUSD | Trail not yet active. ProfitDist=0.00127 ActivateAt=0.00230 MFE=0.00127 ticket=4400182
IF	0	05:15:02.640	Cazyxio_v4.2 (EURUSD,M15)	2026.03.11 11:15:02 | BAR | USDCAD | close=1.35700 h4ema200=1.36666 h4slope=DOWN ema50=1.35673 distToEMA50=2.7pips touchSeq=12 atr=0.000599 atrSma=0.000666 atrRatio=0.900 dir=SHORT spread=25.0 spreadOK=YES atrGate=PASS touch=PASS momCandle=momClosePos=0.567 momOk=N ema50Ok=Y barRange=0.000600 zeroRangeBar=NO trigger=NO hasPos=NO portRisk=0.50% openPos=1 | 1.357000
KO	0	05:15:02.640	Cazyxio_v4.2 (EURUSD,M15)	2026.03.11 11:15:02 | GATE_FAIL | USDCAD | Momentum candle FAIL. dir=SHORT close=1.35700 ema50=1.35673 momClosePos=0.567 momOk=N ema50Ok=Y barRange=0.000600
QJ	0	05:15:05.081	Cazyxio_v4.2 (EURUSD,M15)	2026.03.11 11:15:05 | BAR | USDJPY | close=158.249 h4ema200=156.219 h4slope=UP ema50=158.197 distToEMA50=5.2pips touchSeq=2 atr=0.081071 atrSma=0.104360 atrRatio=0.777 dir=LONG spread=16.0 spreadOK=YES atrGate=FAIL touch=FAIL momCandle=momClosePos=0.081 momOk=N ema50Ok=Y barRange=0.074000 zeroRangeBar=NO trigger=NO hasPos=NO portRisk=0.50% openPos=1 | 158.249000
LH	0	05:15:05.081	Cazyxio_v4.2 (EURUSD,M15)	2026.03.11 11:15:05 | NEAR_MISS | USDJPY | ATR near-miss. Ratio=0.777 MinRatio=0.80 Gap=0.023
HP	0	05:15:05.081	Cazyxio_v4.2 (EURUSD,M15)	2026.03.11 11:15:05 | GATE_FAIL | USDJPY | ATR gate FAIL. ATR=0.081071 ATR_SMA=0.104360 Ratio=0.777 MinRatio=0.80
JR	0	05:15:07.602	Cazyxio_v4.2 (EURUSD,M15)	2026.03.11 11:15:07 | HEARTBEAT | SYSTEM | EA alive. Tick=178100 Equity=44738.87 OpenPos=1 PendingOrders=0 UTC=2026.03.11 11:15 DayOfWeek=3 WeekendCloseActive=NO NewTradeBlocked=NO | 178100.000000
JM	0	05:16:28.841	Cazyxio_v4.2 (EURUSD,M15)	2026.03.11 11:16:28 | HEARTBEAT | SYSTEM | EA alive. Tick=178200 Equity=44753.37 OpenPos=1 PendingOrders=0 UTC=2026.03.11 11:16 DayOfWeek=3 WeekendCloseActive=NO NewTradeBlocked=NO | 178200.000000
MO	0	05:17:30.027	Cazyxio_v4.2 (EURUSD,M15)	2026.03.11 11:17:30 | HEARTBEAT | SYSTEM | EA alive. Tick=178300 Equity=44753.37 OpenPos=1 PendingOrders=0 UTC=2026.03.11 11:17 DayOfWeek=3 WeekendCloseActive=NO NewTradeBlocked=NO | 178300.000000
CI	0	05:18:48.571	Cazyxio_v4.2 (EURUSD,M15)	2026.03.11 11:18:48 | HEARTBEAT | SYSTEM | EA alive. Tick=178400 Equity=44725.82 OpenPos=1 PendingOrders=0 UTC=2026.03.11 11:18 DayOfWeek=3 WeekendCloseActive=NO NewTradeBlocked=NO | 178400.000000
IK	0	05:19:56.823	Cazyxio_v4.2 (EURUSD,M15)	2026.03.11 11:19:56 | HEARTBEAT | SYSTEM | EA alive. Tick=178500 Equity=44699.72 OpenPos=1 PendingOrders=0 UTC=2026.03.11 11:19 DayOfWeek=3 WeekendCloseActive=NO NewTradeBlocked=NO | 178500.000000
RJ	0	05:21:07.501	Cazyxio_v4.2 (EURUSD,M15)	2026.03.11 11:21:07 | HEARTBEAT | SYSTEM | EA alive. Tick=178600 Equity=44701.17 OpenPos=1 PendingOrders=0 UTC=2026.03.11 11:21 DayOfWeek=3 WeekendCloseActive=NO NewTradeBlocked=NO | 178600.000000
ED	0	05:22:03.685	Cazyxio_v4.2 (EURUSD,M15)	2026.03.11 11:22:03 | HEARTBEAT | SYSTEM | EA alive. Tick=178700 Equity=44705.52 OpenPos=1 PendingOrders=0 UTC=2026.03.11 11:22 DayOfWeek=3 WeekendCloseActive=NO NewTradeBlocked=NO | 178700.000000
QF	0	05:23:19.541	Cazyxio_v4.2 (EURUSD,M15)	2026.03.11 11:23:19 | HEARTBEAT | SYSTEM | EA alive. Tick=178800 Equity=44735.97 OpenPos=1 PendingOrders=0 UTC=2026.03.11 11:23 DayOfWeek=3 WeekendCloseActive=NO NewTradeBlocked=NO | 178800.000000
OP	0	05:24:51.584	Cazyxio_v4.2 (EURUSD,M15)	2026.03.11 11:24:51 | HEARTBEAT | SYSTEM | EA alive. Tick=178900 Equity=44734.52 OpenPos=1 PendingOrders=0 UTC=2026.03.11 11:24 DayOfWeek=3 WeekendCloseActive=NO NewTradeBlocked=NO | 178900.000000
MS	0	05:26:30.144	Cazyxio_v4.2 (EURUSD,M15)	2026.03.11 11:26:30 | HEARTBEAT | SYSTEM | EA alive. Tick=179000 Equity=44727.27 OpenPos=1 PendingOrders=0 UTC=2026.03.11 11:26 DayOfWeek=3 WeekendCloseActive=NO NewTradeBlocked=NO | 179000.000000
EM	0	05:28:00.413	Cazyxio_v4.2 (EURUSD,M15)	2026.03.11 11:28:00 | HEARTBEAT | SYSTEM | EA alive. Tick=179100 Equity=44715.67 OpenPos=1 PendingOrders=0 UTC=2026.03.11 11:28 DayOfWeek=3 WeekendCloseActive=NO NewTradeBlocked=NO | 179100.000000
PO	0	05:28:57.352	Cazyxio_v4.2 (EURUSD,M15)	2026.03.11 11:28:57 | HEARTBEAT | SYSTEM | EA alive. Tick=179200 Equity=44699.72 OpenPos=1 PendingOrders=0 UTC=2026.03.11 11:28 DayOfWeek=3 WeekendCloseActive=NO NewTradeBlocked=NO | 179200.000000
DJ	0	05:30:01.587	Cazyxio_v4.2 (EURUSD,M15)	2026.03.11 11:30:01 | BAR | EURUSD | close=1.16015 h4ema200=1.17317 h4slope=DOWN ema50=1.16159 distToEMA50=14.4pips touchSeq=0 atr=0.000922 atrSma=0.000852 atrRatio=1.082 dir=SHORT spread=18.0 spreadOK=YES atrGate=PASS touch=FAIL momCandle=momClosePos=0.170 momOk=Y ema50Ok=Y barRange=0.001000 zeroRangeBar=NO trigger=YES hasPos=NO portRisk=0.50% openPos=1 | 1.160150
PL	0	05:30:01.587	Cazyxio_v4.2 (EURUSD,M15)	2026.03.11 11:30:01 | NEAR_MISS | EURUSD | Touch near-miss. BestDistRatio=1.247 (1.0=exactly at tolerance, <1.5=near miss) DistToEMA50=14.4pips
HG	0	05:30:01.587	Cazyxio_v4.2 (EURUSD,M15)	2026.03.11 11:30:01 | GATE_FAIL | EURUSD | Touch/pullback gate FAIL. Price has not approached EMA50 within last 12 bars (within 0.60 ATR). DistToEMA50=14.4pips.
DP	0	05:30:01.587	Cazyxio_v4.2 (EURUSD,M15)	2026.03.11 11:30:01 | BAR | USDCAD | close=1.35688 h4ema200=1.36665 h4slope=DOWN ema50=1.35673 distToEMA50=1.5pips touchSeq=12 atr=0.000582 atrSma=0.000665 atrRatio=0.876 dir=SHORT spread=24.0 spreadOK=YES atrGate=PASS touch=PASS momCandle=momClosePos=0.228 momOk=Y ema50Ok=Y barRange=0.000570 zeroRangeBar=NO trigger=YES hasPos=NO portRisk=0.50% openPos=1 | 1.356880
HE	0	05:30:01.587	Cazyxio_v4.2 (EURUSD,M15)	2026.03.11 11:30:01 | SIGNAL | USDCAD | VALID SIGNAL (LIMIT): SHORT limitPrice=1.35676 sl=1.35769 tp=1.35443 stopDist=0.00093 lots=3.25 riskPct=0.50 R:R=2.50 ema50=1.35673 distToLimit=1.3pips expiresIn=4bars touchSeq=12 | 1.356760
DK	0	05:30:01.587	Cazyxio_v4.2 (EURUSD,M15)	CTrade::OrderSend: sell limit 3.25 USDCAD at 1.35676 sl: 1.35769 tp: 1.35443 [invalid price]
HF	0	05:30:01.587	Cazyxio_v4.2 (EURUSD,M15)	2026.03.11 11:30:01 | ORDER_FAILED | USDCAD | SELL_LIMIT FAILED. retcode=10015 desc=invalid price limitPrice=1.35676
FN	0	05:30:01.830	Cazyxio_v4.2 (EURUSD,M15)	2026.03.11 11:30:01 | BAR | GBPUSD | close=1.34365 h4ema200=1.34816 h4slope=DOWN ema50=1.34357 distToEMA50=0.8pips touchSeq=6 atr=0.001311 atrSma=0.001014 atrRatio=1.293 dir=SHORT spread=22.0 spreadOK=YES atrGate=PASS touch=PASS momCandle=momClosePos=0.167 momOk=Y ema50Ok=Y barRange=0.001260 zeroRangeBar=NO trigger=YES hasPos=NO portRisk=0.50% openPos=1 | 1.343650
IS	0	05:30:01.830	Cazyxio_v4.2 (EURUSD,M15)	2026.03.11 11:30:01 | SIGNAL | GBPUSD | VALID SIGNAL (LIMIT): SHORT limitPrice=1.34364 sl=1.34574 tp=1.33840 stopDist=0.00210 lots=1.06 riskPct=0.50 R:R=2.50 ema50=1.34357 distToLimit=0.0pips expiresIn=4bars touchSeq=6 | 1.343640
JO	0	05:30:01.830	Cazyxio_v4.2 (EURUSD,M15)	CTrade::OrderSend: sell limit 1.06 GBPUSD at 1.34364 sl: 1.34574 tp: 1.33840 [invalid price]
QL	0	05:30:01.830	Cazyxio_v4.2 (EURUSD,M15)	2026.03.11 11:30:01 | ORDER_FAILED | GBPUSD | SELL_LIMIT FAILED. retcode=10015 desc=invalid price limitPrice=1.34364
NH	0	05:30:01.830	Cazyxio_v4.2 (EURUSD,M15)	2026.03.11 11:30:01 | BAR | AUDUSD | close=0.71635 h4ema200=0.70062 h4slope=UP ema50=0.71554 distToEMA50=8.1pips touchSeq=1 atr=0.000833 atrSma=0.000907 atrRatio=0.918 dir=LONG spread=19.0 spreadOK=YES atrGate=PASS touch=PASS momCandle=momClosePos=0.180 momOk=N ema50Ok=Y barRange=0.000610 zeroRangeBar=NO trigger=NO hasPos=YES portRisk=0.50% openPos=1 | 0.716350
LD	0	05:30:01.830	Cazyxio_v4.2 (EURUSD,M15)	2026.03.11 11:30:01 | POSITION_HEALTH | AUDUSD | ticket=4400182 dir=LONG openPrice=0.71535 curPrice=0.71634 unrealPnL=143.55 curR=0.645 MFE=12.7pips MAE=7.5pips timeOpen=145min SL=0.71381 TP=0.71919
RI	0	05:30:01.830	Cazyxio_v4.2 (EURUSD,M15)	2026.03.11 11:30:01 | TRAIL_SKIP | AUDUSD | Trail not yet active. ProfitDist=0.00099 ActivateAt=0.00230 MFE=0.00099 ticket=4400182
HS	0	05:30:01.830	Cazyxio_v4.2 (EURUSD,M15)	2026.03.11 11:30:01 | BAR | GBPJPY | close=212.761 h4ema200=210.612 h4slope=UP ema50=212.567 distToEMA50=19.4pips touchSeq=1 atr=0.160929 atrSma=0.121839 atrRatio=1.321 dir=LONG spread=41.0 spreadOK=NO atrGate=PASS touch=PASS momCandle=momClosePos=0.495 momOk=N ema50Ok=Y barRange=0.103000 zeroRangeBar=NO trigger=NO hasPos=NO portRisk=0.50% openPos=1 | 212.761000
EO	0	05:30:01.830	Cazyxio_v4.2 (EURUSD,M15)	2026.03.11 11:30:01 | GATE_FAIL | GBPJPY | Spread too wide. Spread=41.0 Max=30 points.
FO	0	05:30:02.596	Cazyxio_v4.2 (EURUSD,M15)	2026.03.11 11:30:02 | BAR | USDJPY | close=158.342 h4ema200=156.220 h4slope=UP ema50=158.206 distToEMA50=13.6pips touchSeq=0 atr=0.082786 atrSma=0.103906 atrRatio=0.797 dir=LONG spread=17.0 spreadOK=YES atrGate=FAIL touch=FAIL momCandle=momClosePos=0.980 momOk=Y ema50Ok=Y barRange=0.101000 zeroRangeBar=NO trigger=YES hasPos=NO portRisk=0.50% openPos=1 | 158.342000
CE	0	05:30:02.596	Cazyxio_v4.2 (EURUSD,M15)	2026.03.11 11:30:02 | NEAR_MISS | USDJPY | ATR near-miss. Ratio=0.797 MinRatio=0.80 Gap=0.003
NE	0	05:30:02.596	Cazyxio_v4.2 (EURUSD,M15)	2026.03.11 11:30:02 | GATE_FAIL | USDJPY | ATR gate FAIL. ATR=0.082786 ATR_SMA=0.103906 Ratio=0.797 MinRatio=0.80
JN	0	05:30:04.028	Cazyxio_v4.2 (EURUSD,M15)	2026.03.11 11:30:04 | HEARTBEAT | SYSTEM | EA alive. Tick=179300 Equity=44704.07 OpenPos=1 PendingOrders=0 UTC=2026.03.11 11:30 DayOfWeek=3 WeekendCloseActive=NO NewTradeBlocked=NO | 179300.000000
PH	0	05:30:54.233	Cazyxio_v4.2 (EURUSD,M15)	2026.03.11 11:30:54 | HEARTBEAT | SYSTEM | EA alive. Tick=179400 Equity=44715.67 OpenPos=1 PendingOrders=0 UTC=2026.03.11 11:30 DayOfWeek=3 WeekendCloseActive=NO NewTradeBlocked=NO | 179400.000000
HJ	0	05:31:44.825	Cazyxio_v4.2 (EURUSD,M15)	2026.03.11 11:31:44 | HEARTBEAT | SYSTEM | EA alive. Tick=179500 Equity=44725.82 OpenPos=1 PendingOrders=0 UTC=2026.03.11 11:31 DayOfWeek=3 WeekendCloseActive=NO NewTradeBlocked=NO | 179500.000000
PD	0	05:33:06.781	Cazyxio_v4.2 (EURUSD,M15)	2026.03.11 11:33:06 | HEARTBEAT | SYSTEM | EA alive. Tick=179600 Equity=44724.37 OpenPos=1 PendingOrders=0 UTC=2026.03.11 11:33 DayOfWeek=3 WeekendCloseActive=NO NewTradeBlocked=NO | 179600.000000
GG	0	05:34:24.657	Cazyxio_v4.2 (EURUSD,M15)	2026.03.11 11:34:24 | HEARTBEAT | SYSTEM | EA alive. Tick=179700 Equity=44683.77 OpenPos=1 PendingOrders=0 UTC=2026.03.11 11:34 DayOfWeek=3 WeekendCloseActive=NO NewTradeBlocked=NO | 179700.000000
QQ	0	05:35:27.929	Cazyxio_v4.2 (EURUSD,M15)	2026.03.11 11:35:27 | HEARTBEAT | SYSTEM | EA alive. Tick=179800 Equity=44712.77 OpenPos=1 PendingOrders=0 UTC=2026.03.11 11:35 DayOfWeek=3 WeekendCloseActive=NO NewTradeBlocked=NO | 179800.000000
LS	0	05:36:59.059	Cazyxio_v4.2 (EURUSD,M15)	2026.03.11 11:36:59 | HEARTBEAT | SYSTEM | EA alive. Tick=179900 Equity=44698.27 OpenPos=1 PendingOrders=0 UTC=2026.03.11 11:36 DayOfWeek=3 WeekendCloseActive=NO NewTradeBlocked=NO | 179900.000000
MM	0	05:38:28.088	Cazyxio_v4.2 (EURUSD,M15)	2026.03.11 11:38:28 | HEARTBEAT | SYSTEM | EA alive. Tick=180000 Equity=44720.02 OpenPos=1 PendingOrders=0 UTC=2026.03.11 11:38 DayOfWeek=3 WeekendCloseActive=NO NewTradeBlocked=NO | 180000.000000
CL	0	05:39:37.889	Cazyxio_v4.2 (EURUSD,M15)	2026.03.11 11:39:37 | HEARTBEAT | SYSTEM | EA alive. Tick=180100 Equity=44708.42 OpenPos=1 PendingOrders=0 UTC=2026.03.11 11:39 DayOfWeek=3 WeekendCloseActive=NO NewTradeBlocked=NO | 180100.000000
KN	0	05:40:58.815	Cazyxio_v4.2 (EURUSD,M15)	2026.03.11 11:40:58 | HEARTBEAT | SYSTEM | EA alive. Tick=180200 Equity=44679.42 OpenPos=1 PendingOrders=0 UTC=2026.03.11 11:40 DayOfWeek=3 WeekendCloseActive=NO NewTradeBlocked=NO | 180200.000000
HH	0	05:42:13.883	Cazyxio_v4.2 (EURUSD,M15)	2026.03.11 11:42:13 | HEARTBEAT | SYSTEM | EA alive. Tick=180300 Equity=44715.67 OpenPos=1 PendingOrders=0 UTC=2026.03.11 11:42 DayOfWeek=3 WeekendCloseActive=NO NewTradeBlocked=NO | 180300.000000
OJ	0	05:43:25.756	Cazyxio_v4.2 (EURUSD,M15)	2026.03.11 11:43:25 | HEARTBEAT | SYSTEM | EA alive. Tick=180400 Equity=44686.67 OpenPos=1 PendingOrders=0 UTC=2026.03.11 11:43 DayOfWeek=3 WeekendCloseActive=NO NewTradeBlocked=NO | 180400.000000
QE	0	05:44:22.287	Cazyxio_v4.2 (EURUSD,M15)	2026.03.11 11:44:22 | HEARTBEAT | SYSTEM | EA alive. Tick=180500 Equity=44686.67 OpenPos=1 PendingOrders=0 UTC=2026.03.11 11:44 DayOfWeek=3 WeekendCloseActive=NO NewTradeBlocked=NO | 180500.000000
EG	0	05:45:01.999	Cazyxio_v4.2 (EURUSD,M15)	2026.03.11 11:45:01 | BAR | GBPUSD | close=1.34316 h4ema200=1.34815 h4slope=DOWN ema50=1.34354 distToEMA50=3.8pips touchSeq=7 atr=0.001305 atrSma=0.001015 atrRatio=1.285 dir=SHORT spread=19.0 spreadOK=YES atrGate=PASS touch=PASS momCandle=momClosePos=0.333 momOk=Y ema50Ok=Y barRange=0.000990 zeroRangeBar=NO trigger=YES hasPos=NO portRisk=0.50% openPos=1 | 1.343160
CK	0	05:45:01.999	Cazyxio_v4.2 (EURUSD,M15)	2026.03.11 11:45:01 | SIGNAL | GBPUSD | VALID SIGNAL (LIMIT): SHORT limitPrice=1.34360 sl=1.34569 tp=1.33838 stopDist=0.00209 lots=1.07 riskPct=0.50 R:R=2.50 ema50=1.34354 distToLimit=4.4pips expiresIn=4bars touchSeq=7 | 1.343600
KH	0	05:45:02.128	Cazyxio_v4.2 (EURUSD,M15)	2026.03.11 11:45:02 | LIMIT_PLACED | GBPUSD | SELL_LIMIT lots=1.07 limitPrice=1.34360 sl=1.34569 tp=1.33838 expiresIn=4bars ticket=4400627 | 1.070000
GO	0	05:45:02.128	Cazyxio_v4.2 (EURUSD,M15)	2026.03.11 11:45:02 | BAR | EURUSD | close=1.16018 h4ema200=1.17317 h4slope=DOWN ema50=1.16154 distToEMA50=13.6pips touchSeq=0 atr=0.000885 atrSma=0.000851 atrRatio=1.040 dir=SHORT spread=12.0 spreadOK=YES atrGate=PASS touch=FAIL momCandle=momClosePos=0.542 momOk=N ema50Ok=Y barRange=0.000480 zeroRangeBar=NO trigger=NO hasPos=NO portRisk=0.50% openPos=1 | 1.160180
DD	0	05:45:02.128	Cazyxio_v4.2 (EURUSD,M15)	2026.03.11 11:45:02 | NEAR_MISS | EURUSD | Touch near-miss. BestDistRatio=1.247 (1.0=exactly at tolerance, <1.5=near miss) DistToEMA50=13.6pips
LN	0	05:45:02.128	Cazyxio_v4.2 (EURUSD,M15)	2026.03.11 11:45:02 | GATE_FAIL | EURUSD | Touch/pullback gate FAIL. Price has not approached EMA50 within last 12 bars (within 0.60 ATR). DistToEMA50=13.6pips.
CE	0	05:45:02.128	Cazyxio_v4.2 (EURUSD,M15)	2026.03.11 11:45:02 | BAR | USDJPY | close=158.442 h4ema200=156.221 h4slope=UP ema50=158.219 distToEMA50=22.3pips touchSeq=0 atr=0.083286 atrSma=0.103581 atrRatio=0.804 dir=LONG spread=15.0 spreadOK=YES atrGate=PASS touch=FAIL momCandle=momClosePos=0.864 momOk=Y ema50Ok=Y barRange=0.132000 zeroRangeBar=NO trigger=YES hasPos=NO portRisk=0.50% openPos=1 | 158.442000
OH	0	05:45:02.128	Cazyxio_v4.2 (EURUSD,M15)	2026.03.11 11:45:02 | NEAR_MISS | USDJPY | Touch near-miss. BestDistRatio=1.062 (1.0=exactly at tolerance, <1.5=near miss) DistToEMA50=22.3pips
PS	0	05:45:02.128	Cazyxio_v4.2 (EURUSD,M15)	2026.03.11 11:45:02 | GATE_FAIL | USDJPY | Touch/pullback gate FAIL. Price has not approached EMA50 within last 12 bars (within 0.60 ATR). DistToEMA50=22.3pips.
CR	0	05:45:02.128	Cazyxio_v4.2 (EURUSD,M15)	2026.03.11 11:45:02 | BAR | AUDUSD | close=0.71629 h4ema200=0.70062 h4slope=UP ema50=0.71557 distToEMA50=7.2pips touchSeq=2 atr=0.000779 atrSma=0.000904 atrRatio=0.862 dir=LONG spread=16.0 spreadOK=YES atrGate=PASS touch=PASS momCandle=momClosePos=0.423 momOk=N ema50Ok=Y barRange=0.000520 zeroRangeBar=NO trigger=NO hasPos=YES portRisk=0.50% openPos=1 | 0.716290
HO	0	05:45:02.128	Cazyxio_v4.2 (EURUSD,M15)	2026.03.11 11:45:02 | POSITION_HEALTH | AUDUSD | ticket=4400182 dir=LONG openPrice=0.71535 curPrice=0.71630 unrealPnL=137.75 curR=0.618 MFE=12.7pips MAE=7.5pips timeOpen=160min SL=0.71381 TP=0.71919
LN	0	05:45:02.128	Cazyxio_v4.2 (EURUSD,M15)	2026.03.11 11:45:02 | TRAIL_SKIP | AUDUSD | Trail not yet active. ProfitDist=0.00095 ActivateAt=0.00230 MFE=0.00095 ticket=4400182
NE	0	05:45:02.128	Cazyxio_v4.2 (EURUSD,M15)	2026.03.11 11:45:02 | BAR | GBPJPY | close=212.811 h4ema200=210.612 h4slope=UP ema50=212.578 distToEMA50=23.3pips touchSeq=0 atr=0.160071 atrSma=0.122146 atrRatio=1.310 dir=LONG spread=38.0 spreadOK=NO atrGate=PASS touch=PASS momCandle=momClosePos=0.659 momOk=Y ema50Ok=Y barRange=0.138000 zeroRangeBar=NO trigger=YES hasPos=NO portRisk=0.50% openPos=1 | 212.811000
GE	0	05:45:02.128	Cazyxio_v4.2 (EURUSD,M15)	2026.03.11 11:45:02 | GATE_FAIL | GBPJPY | Spread too wide. Spread=38.0 Max=30 points.
FH	0	05:45:02.128	Cazyxio_v4.2 (EURUSD,M15)	2026.03.11 11:45:02 | BAR | USDCAD | close=1.35633 h4ema200=1.36665 h4slope=DOWN ema50=1.35670 distToEMA50=3.7pips touchSeq=12 atr=0.000571 atrSma=0.000664 atrRatio=0.860 dir=SHORT spread=24.0 spreadOK=YES atrGate=PASS touch=PASS momCandle=momClosePos=0.016 momOk=Y ema50Ok=Y barRange=0.000630 zeroRangeBar=NO trigger=YES hasPos=NO portRisk=0.50% openPos=1 | 1.356330
RM	0	05:45:02.128	Cazyxio_v4.2 (EURUSD,M15)	2026.03.11 11:45:02 | SIGNAL | USDCAD | VALID SIGNAL (LIMIT): SHORT limitPrice=1.35673 sl=1.35764 tp=1.35445 stopDist=0.00091 lots=3.32 riskPct=0.50 R:R=2.50 ema50=1.35670 distToLimit=3.8pips expiresIn=4bars touchSeq=12 | 1.356730
ML	0	05:45:02.256	Cazyxio_v4.2 (EURUSD,M15)	2026.03.11 11:45:02 | LIMIT_PLACED | USDCAD | SELL_LIMIT lots=3.32 limitPrice=1.35673 sl=1.35764 tp=1.35445 expiresIn=4bars ticket=4400628 | 3.320000
EE	0	05:45:23.373	Cazyxio_v4.2 (EURUSD,M15)	2026.03.11 11:45:23 | HEARTBEAT | SYSTEM | EA alive. Tick=180600 Equity=44677.97 OpenPos=1 PendingOrders=2 UTC=2026.03.11 11:45 DayOfWeek=3 WeekendCloseActive=NO NewTradeBlocked=NO | 180600.000000
PG	0	05:46:12.183	Cazyxio_v4.2 (EURUSD,M15)	2026.03.11 11:46:12 | HEARTBEAT | SYSTEM | EA alive. Tick=180700 Equity=44650.42 OpenPos=1 PendingOrders=2 UTC=2026.03.11 11:46 DayOfWeek=3 WeekendCloseActive=NO NewTradeBlocked=NO | 180700.000000
KQ	0	05:46:52.151	Cazyxio_v4.2 (EURUSD,M15)	2026.03.11 11:46:52 | HEARTBEAT | SYSTEM | EA alive. Tick=180800 Equity=44635.92 OpenPos=1 PendingOrders=2 UTC=2026.03.11 11:46 DayOfWeek=3 WeekendCloseActive=NO NewTradeBlocked=NO | 180800.000000
JP	0	05:47:46.449	Cazyxio_v4.2 (EURUSD,M15)	2026.03.11 11:47:46 | HEARTBEAT | SYSTEM | EA alive. Tick=180900 Equity=44657.67 OpenPos=1 PendingOrders=2 UTC=2026.03.11 11:47 DayOfWeek=3 WeekendCloseActive=NO NewTradeBlocked=NO | 180900.000000
FR	0	05:48:46.096	Cazyxio_v4.2 (EURUSD,M15)	2026.03.11 11:48:46 | HEARTBEAT | SYSTEM | EA alive. Tick=181000 Equity=44669.27 OpenPos=1 PendingOrders=2 UTC=2026.03.11 11:48 DayOfWeek=3 WeekendCloseActive=NO NewTradeBlocked=NO | 181000.000000
LL	0	05:50:02.792	Cazyxio_v4.2 (EURUSD,M15)	2026.03.11 11:50:02 | HEARTBEAT | SYSTEM | EA alive. Tick=181100 Equity=44663.47 OpenPos=1 PendingOrders=2 UTC=2026.03.11 11:50 DayOfWeek=3 WeekendCloseActive=NO NewTradeBlocked=NO | 181100.000000
JQ	0	05:50:09.941	Cazyxio_v4.2 (EURUSD,M15)	2026.03.11 11:50:09 | LIMIT_FILLED | GBPUSD | Limit order filled! LimitPrice=1.34360 FillPrice=1.34385 Slippage=2.5pips Lots=1.07 Ticket=4400627
MF	0	05:50:32.819	Cazyxio_v4.2 (EURUSD,M15)	2026.03.11 11:50:32 | HEARTBEAT | SYSTEM | EA alive. Tick=181200 Equity=44696.24 OpenPos=2 PendingOrders=1 UTC=2026.03.11 11:50 DayOfWeek=3 WeekendCloseActive=NO NewTradeBlocked=NO | 181200.000000
OP	0	05:51:08.326	Cazyxio_v4.2 (EURUSD,M15)	2026.03.11 11:51:08 | HEARTBEAT | SYSTEM | EA alive. Tick=181300 Equity=44697.47 OpenPos=2 PendingOrders=1 UTC=2026.03.11 11:51 DayOfWeek=3 WeekendCloseActive=NO NewTradeBlocked=NO | 181300.000000
QS	0	05:51:51.601	Cazyxio_v4.2 (EURUSD,M15)	2026.03.11 11:51:51 | HEARTBEAT | SYSTEM | EA alive. Tick=181400 Equity=44674.55 OpenPos=2 PendingOrders=1 UTC=2026.03.11 11:51 DayOfWeek=3 WeekendCloseActive=NO NewTradeBlocked=NO | 181400.000000
EM	0	05:52:42.332	Cazyxio_v4.2 (EURUSD,M15)	2026.03.11 11:52:42 | HEARTBEAT | SYSTEM | EA alive. Tick=181500 Equity=44676.59 OpenPos=2 PendingOrders=1 UTC=2026.03.11 11:52 DayOfWeek=3 WeekendCloseActive=NO NewTradeBlocked=NO | 181500.000000
HO	0	05:53:40.230	Cazyxio_v4.2 (EURUSD,M15)	2026.03.11 11:53:40 | HEARTBEAT | SYSTEM | EA alive. Tick=181600 Equity=44694.81 OpenPos=2 PendingOrders=1 UTC=2026.03.11 11:53 DayOfWeek=3 WeekendCloseActive=NO NewTradeBlocked=NO | 181600.000000
DI	0	05:54:50.045	Cazyxio_v4.2 (EURUSD,M15)	2026.03.11 11:54:50 | HEARTBEAT | SYSTEM | EA alive. Tick=181700 Equity=44676.31 OpenPos=2 PendingOrders=1 UTC=2026.03.11 11:54 DayOfWeek=3 WeekendCloseActive=NO NewTradeBlocked=NO | 181700.000000
FH	0	05:55:48.054	Cazyxio_v4.2 (EURUSD,M15)	2026.03.11 11:55:48 | HEARTBEAT | SYSTEM | EA alive. Tick=181800 Equity=44675.79 OpenPos=2 PendingOrders=1 UTC=2026.03.11 11:55 DayOfWeek=3 WeekendCloseActive=NO NewTradeBlocked=NO | 181800.000000
RD	0	05:55:52.945	Cazyxio_v4.2 (EURUSD,M15)	2026.03.11 11:55:52 | LIMIT_FILLED | USDCAD | Limit order filled! LimitPrice=1.35673 FillPrice=1.35673 Slippage=0.0pips Lots=3.32 Ticket=4400628
GR	0	05:57:02.722	Cazyxio_v4.2 (EURUSD,M15)	2026.03.11 11:57:02 | HEARTBEAT | SYSTEM | EA alive. Tick=181900 Equity=44639.50 OpenPos=3 PendingOrders=0 UTC=2026.03.11 11:57 DayOfWeek=3 WeekendCloseActive=NO NewTradeBlocked=NO | 181900.000000
CL	0	05:58:04.525	Cazyxio_v4.2 (EURUSD,M15)	2026.03.11 11:58:04 | HEARTBEAT | SYSTEM | EA alive. Tick=182000 Equity=44701.41 OpenPos=3 PendingOrders=0 UTC=2026.03.11 11:58 DayOfWeek=3 WeekendCloseActive=NO NewTradeBlocked=NO | 182000.000000
GN	0	05:58:49.831	Cazyxio_v4.2 (EURUSD,M15)	2026.03.11 11:58:49 | HEARTBEAT | SYSTEM | EA alive. Tick=182100 Equity=44746.42 OpenPos=3 PendingOrders=0 UTC=2026.03.11 11:58 DayOfWeek=3 WeekendCloseActive=NO NewTradeBlocked=NO | 182100.000000
KH	0	05:59:44.491	Cazyxio_v4.2 (EURUSD,M15)	2026.03.11 11:59:44 | HEARTBEAT | SYSTEM | EA alive. Tick=182200 Equity=44688.82 OpenPos=3 PendingOrders=0 UTC=2026.03.11 11:59 DayOfWeek=3 WeekendCloseActive=NO NewTradeBlocked=NO | 182200.000000
RH	0	06:00:01.723	Cazyxio_v4.2 (EURUSD,M15)	2026.03.11 12:00:01 | BAR | EURUSD | close=1.15938 h4ema200=1.17316 h4slope=DOWN ema50=1.16142 distToEMA50=20.4pips touchSeq=0 atr=0.000917 atrSma=0.000850 atrRatio=1.079 dir=SHORT spread=18.0 spreadOK=YES atrGate=PASS touch=FAIL momCandle=momClosePos=0.000 momOk=Y ema50Ok=Y barRange=0.001500 zeroRangeBar=NO trigger=YES hasPos=NO portRisk=1.50% openPos=3 | 1.159380
GO	0	06:00:01.723	Cazyxio_v4.2 (EURUSD,M15)	2026.03.11 12:00:01 | NEAR_MISS | EURUSD | Touch near-miss. BestDistRatio=1.247 (1.0=exactly at tolerance, <1.5=near miss) DistToEMA50=20.4pips
KD	0	06:00:01.723	Cazyxio_v4.2 (EURUSD,M15)	2026.03.11 12:00:01 | GATE_FAIL | EURUSD | Touch/pullback gate FAIL. Price has not approached EMA50 within last 12 bars (within 0.60 ATR). DistToEMA50=20.4pips.
KS	0	06:00:01.723	Cazyxio_v4.2 (EURUSD,M15)	2026.03.11 12:00:01 | BAR | USDJPY | close=158.492 h4ema200=156.221 h4slope=UP ema50=158.232 distToEMA50=26.0pips touchSeq=0 atr=0.086571 atrSma=0.103301 atrRatio=0.838 dir=LONG spread=14.0 spreadOK=YES atrGate=PASS touch=FAIL momCandle=momClosePos=0.962 momOk=Y ema50Ok=Y barRange=0.131000 zeroRangeBar=NO trigger=YES hasPos=NO portRisk=1.50% openPos=3 | 158.492000
CR	0	06:00:01.723	Cazyxio_v4.2 (EURUSD,M15)	2026.03.11 12:00:01 | NEAR_MISS | USDJPY | Touch near-miss. BestDistRatio=1.062 (1.0=exactly at tolerance, <1.5=near miss) DistToEMA50=26.0pips
PI	0	06:00:01.723	Cazyxio_v4.2 (EURUSD,M15)	2026.03.11 12:00:01 | GATE_FAIL | USDJPY | Touch/pullback gate FAIL. Price has not approached EMA50 within last 12 bars (within 0.60 ATR). DistToEMA50=26.0pips.
RS	0	06:00:01.723	Cazyxio_v4.2 (EURUSD,M15)	2026.03.11 12:00:01 | BAR | USDCAD | close=1.35659 h4ema200=1.36665 h4slope=DOWN ema50=1.35670 distToEMA50=1.1pips touchSeq=12 atr=0.000574 atrSma=0.000662 atrRatio=0.867 dir=SHORT spread=26.0 spreadOK=YES atrGate=PASS touch=PASS momCandle=momClosePos=0.779 momOk=N ema50Ok=Y barRange=0.000860 zeroRangeBar=NO trigger=NO hasPos=YES portRisk=1.50% openPos=3 | 1.356590
NE	0	06:00:01.723	Cazyxio_v4.2 (EURUSD,M15)	2026.03.11 12:00:01 | POSITION_HEALTH | USDCAD | ticket=4400628 dir=SHORT openPrice=1.35673 curPrice=1.35684 unrealPnL=-26.92 curR=-0.120 MFE=0.0pips MAE=1.1pips timeOpen=4min SL=1.35764 TP=1.35445
DE	0	06:00:01.723	Cazyxio_v4.2 (EURUSD,M15)	2026.03.11 12:00:01 | TRAIL_SKIP | USDCAD | Trail not yet active. ProfitDist=-0.00011 ActivateAt=0.00137 MFE=-0.00011 ticket=4400628
RE	0	06:00:01.972	Cazyxio_v4.2 (EURUSD,M15)	2026.03.11 12:00:01 | BAR | GBPUSD | close=1.34269 h4ema200=1.34815 h4slope=DOWN ema50=1.34348 distToEMA50=7.9pips touchSeq=8 atr=0.001334 atrSma=0.001018 atrRatio=1.311 dir=SHORT spread=23.0 spreadOK=YES atrGate=PASS touch=PASS momCandle=momClosePos=0.215 momOk=Y ema50Ok=Y barRange=0.002090 zeroRangeBar=NO trigger=YES hasPos=YES portRisk=1.50% openPos=3 | 1.342690
MO	0	06:00:01.972	Cazyxio_v4.2 (EURUSD,M15)	2026.03.11 12:00:01 | POSITION_HEALTH | GBPUSD | ticket=4400627 dir=SHORT openPrice=1.34385 curPrice=1.34291 unrealPnL=100.58 curR=0.450 MFE=9.4pips MAE=0.0pips timeOpen=9min SL=1.34569 TP=1.33838
PM	0	06:00:01.972	Cazyxio_v4.2 (EURUSD,M15)	2026.03.11 12:00:01 | TRAIL_SKIP | GBPUSD | Trail not yet active. ProfitDist=0.00094 ActivateAt=0.00313 MFE=0.00094 ticket=4400627
RL	0	06:00:01.972	Cazyxio_v4.2 (EURUSD,M15)	2026.03.11 12:00:01 | BAR | AUDUSD | close=0.71572 h4ema200=0.70061 h4slope=UP ema50=0.71555 distToEMA50=1.7pips touchSeq=3 atr=0.000802 atrSma=0.000901 atrRatio=0.890 dir=LONG spread=20.0 spreadOK=YES atrGate=PASS touch=PASS momCandle=momClosePos=0.036 momOk=N ema50Ok=Y barRange=0.001400 zeroRangeBar=NO trigger=NO hasPos=YES portRisk=1.50% openPos=3 | 0.715720
OJ	0	06:00:01.972	Cazyxio_v4.2 (EURUSD,M15)	2026.03.11 12:00:01 | POSITION_HEALTH | AUDUSD | ticket=4400182 dir=LONG openPrice=0.71535 curPrice=0.71571 unrealPnL=52.20 curR=0.234 MFE=12.7pips MAE=7.5pips timeOpen=175min SL=0.71381 TP=0.71919
KD	0	06:00:01.972	Cazyxio_v4.2 (EURUSD,M15)	2026.03.11 12:00:01 | TRAIL_SKIP | AUDUSD | Trail not yet active. ProfitDist=0.00036 ActivateAt=0.00230 MFE=0.00036 ticket=4400182
OF	0	06:00:01.972	Cazyxio_v4.2 (EURUSD,M15)	2026.03.11 12:00:01 | BAR | GBPJPY | close=212.815 h4ema200=210.612 h4slope=UP ema50=212.587 distToEMA50=22.8pips touchSeq=0 atr=0.165286 atrSma=0.122674 atrRatio=1.347 dir=LONG spread=44.0 spreadOK=NO atrGate=PASS touch=PASS momCandle=momClosePos=0.427 momOk=N ema50Ok=Y barRange=0.241000 zeroRangeBar=NO trigger=NO hasPos=NO portRisk=1.50% openPos=3 | 212.815000
CP	0	06:00:01.972	Cazyxio_v4.2 (EURUSD,M15)	2026.03.11 12:00:01 | GATE_FAIL | GBPJPY | Spread too wide. Spread=44.0 Max=30 points.
GL	0	06:00:24.689	Cazyxio_v4.2 (EURUSD,M15)	2026.03.11 12:00:24 | HEARTBEAT | SYSTEM | EA alive. Tick=182300 Equity=44669.41 OpenPos=3 PendingOrders=0 UTC=2026.03.11 12:00 DayOfWeek=3 WeekendCloseActive=NO NewTradeBlocked=NO | 182300.000000
IN	0	06:01:06.099	Cazyxio_v4.2 (EURUSD,M15)	2026.03.11 12:01:06 | HEARTBEAT | SYSTEM | EA alive. Tick=182400 Equity=44631.33 OpenPos=3 PendingOrders=0 UTC=2026.03.11 12:01 DayOfWeek=3 WeekendCloseActive=NO NewTradeBlocked=NO | 182400.000000
KH	0	06:01:50.597	Cazyxio_v4.2 (EURUSD,M15)	2026.03.11 12:01:50 | HEARTBEAT | SYSTEM | EA alive. Tick=182500 Equity=44569.96 OpenPos=3 PendingOrders=0 UTC=2026.03.11 12:01 DayOfWeek=3 WeekendCloseActive=NO NewTradeBlocked=NO | 182500.000000
PK	0	06:02:35.320	Cazyxio_v4.2 (EURUSD,M15)	2026.03.11 12:02:35 | HEARTBEAT | SYSTEM | EA alive. Tick=182600 Equity=44576.54 OpenPos=3 PendingOrders=0 UTC=2026.03.11 12:02 DayOfWeek=3 WeekendCloseActive=NO NewTradeBlocked=NO | 182600.000000
DE	0	06:03:25.283	Cazyxio_v4.2 (EURUSD,M15)	2026.03.11 12:03:25 | HEARTBEAT | SYSTEM | EA alive. Tick=182700 Equity=44543.06 OpenPos=3 PendingOrders=0 UTC=2026.03.11 12:03 DayOfWeek=3 WeekendCloseActive=NO NewTradeBlocked=NO | 182700.000000
FG	0	06:04:35.945	Cazyxio_v4.2 (EURUSD,M15)	2026.03.11 12:04:35 | HEARTBEAT | SYSTEM | EA alive. Tick=182800 Equity=44593.21 OpenPos=3 PendingOrders=0 UTC=2026.03.11 12:04 DayOfWeek=3 WeekendCloseActive=NO NewTradeBlocked=NO | 182800.000000
HQ	0	06:05:27.867	Cazyxio_v4.2 (EURUSD,M15)	2026.03.11 12:05:27 | HEARTBEAT | SYSTEM | EA alive. Tick=182900 Equity=44653.97 OpenPos=3 PendingOrders=0 UTC=2026.03.11 12:05 DayOfWeek=3 WeekendCloseActive=NO NewTradeBlocked=NO | 182900.000000
EP	0	06:06:07.973	Cazyxio_v4.2 (EURUSD,M15)	2026.03.11 12:06:07 | HEARTBEAT | SYSTEM | EA alive. Tick=183000 Equity=44717.03 OpenPos=3 PendingOrders=0 UTC=2026.03.11 12:06 DayOfWeek=3 WeekendCloseActive=NO NewTradeBlocked=NO | 183000.000000
HR	0	06:07:03.707	Cazyxio_v4.2 (EURUSD,M15)	2026.03.11 12:07:03 | HEARTBEAT | SYSTEM | EA alive. Tick=183100 Equity=44708.20 OpenPos=3 PendingOrders=0 UTC=2026.03.11 12:07 DayOfWeek=3 WeekendCloseActive=NO NewTradeBlocked=NO | 183100.000000
KL	0	06:07:45.324	Cazyxio_v4.2 (EURUSD,M15)	2026.03.11 12:07:45 | HEARTBEAT | SYSTEM | EA alive. Tick=183200 Equity=44664.85 OpenPos=3 PendingOrders=0 UTC=2026.03.11 12:07 DayOfWeek=3 WeekendCloseActive=NO NewTradeBlocked=NO | 183200.000000
NN	0	06:08:46.429	Cazyxio_v4.2 (EURUSD,M15)	2026.03.11 12:08:46 | HEARTBEAT | SYSTEM | EA alive. Tick=183300 Equity=44684.23 OpenPos=3 PendingOrders=0 UTC=2026.03.11 12:08 DayOfWeek=3 WeekendCloseActive=NO NewTradeBlocked=NO | 183300.000000
II	0	06:09:51.136	Cazyxio_v4.2 (EURUSD,M15)	2026.03.11 12:09:51 | HEARTBEAT | SYSTEM | EA alive. Tick=183400 Equity=44651.75 OpenPos=3 PendingOrders=0 UTC=2026.03.11 12:09 DayOfWeek=3 WeekendCloseActive=NO NewTradeBlocked=NO | 183400.000000
MK	0	06:10:47.465	Cazyxio_v4.2 (EURUSD,M15)	2026.03.11 12:10:47 | HEARTBEAT | SYSTEM | EA alive. Tick=183500 Equity=44643.02 OpenPos=3 PendingOrders=0 UTC=2026.03.11 12:10 DayOfWeek=3 WeekendCloseActive=NO NewTradeBlocked=NO | 183500.000000
QE	0	06:11:45.692	Cazyxio_v4.2 (EURUSD,M15)	2026.03.11 12:11:45 | HEARTBEAT | SYSTEM | EA alive. Tick=183600 Equity=44593.96 OpenPos=3 PendingOrders=0 UTC=2026.03.11 12:11 DayOfWeek=3 WeekendCloseActive=NO NewTradeBlocked=NO | 183600.000000
CG	0	06:12:57.608	Cazyxio_v4.2 (EURUSD,M15)	2026.03.11 12:12:57 | HEARTBEAT | SYSTEM | EA alive. Tick=183700 Equity=44576.68 OpenPos=3 PendingOrders=0 UTC=2026.03.11 12:12 DayOfWeek=3 WeekendCloseActive=NO NewTradeBlocked=NO | 183700.000000
OF	0	06:13:40.043	Cazyxio_v4.2 (EURUSD,M15)	2026.03.11 12:13:40 | HEARTBEAT | SYSTEM | EA alive. Tick=183800 Equity=44620.35 OpenPos=3 PendingOrders=0 UTC=2026.03.11 12:13 DayOfWeek=3 WeekendCloseActive=NO NewTradeBlocked=NO | 183800.000000
OP	0	06:14:38.631	Cazyxio_v4.2 (EURUSD,M15)	2026.03.11 12:14:38 | HEARTBEAT | SYSTEM | EA alive. Tick=183900 Equity=44587.80 OpenPos=3 PendingOrders=0 UTC=2026.03.11 12:14 DayOfWeek=3 WeekendCloseActive=NO NewTradeBlocked=NO | 183900.000000
OQ	0	06:15:01.841	Cazyxio_v4.2 (EURUSD,M15)	2026.03.11 12:15:01 | BAR | EURUSD | close=1.15935 h4ema200=1.17316 h4slope=DOWN ema50=1.16134 distToEMA50=19.9pips touchSeq=0 atr=0.000884 atrSma=0.000848 atrRatio=1.041 dir=SHORT spread=16.0 spreadOK=YES atrGate=PASS touch=FAIL momCandle=momClosePos=0.292 momOk=Y ema50Ok=Y barRange=0.000480 zeroRangeBar=NO trigger=YES hasPos=NO portRisk=1.50% openPos=3 | 1.159350
CG	0	06:15:01.841	Cazyxio_v4.2 (EURUSD,M15)	2026.03.11 12:15:01 | NEAR_MISS | EURUSD | Touch near-miss. BestDistRatio=1.247 (1.0=exactly at tolerance, <1.5=near miss) DistToEMA50=19.9pips
OK	0	06:15:01.841	Cazyxio_v4.2 (EURUSD,M15)	2026.03.11 12:15:01 | GATE_FAIL | EURUSD | Touch/pullback gate FAIL. Price has not approached EMA50 within last 12 bars (within 0.60 ATR). DistToEMA50=19.9pips.
OJ	0	06:15:01.841	Cazyxio_v4.2 (EURUSD,M15)	2026.03.11 12:15:01 | BAR | AUDUSD | close=0.71567 h4ema200=0.70061 h4slope=UP ema50=0.71555 distToEMA50=1.2pips touchSeq=4 atr=0.000762 atrSma=0.000898 atrRatio=0.849 dir=LONG spread=18.0 spreadOK=YES atrGate=PASS touch=PASS momCandle=momClosePos=0.552 momOk=N ema50Ok=Y barRange=0.000580 zeroRangeBar=NO trigger=NO hasPos=YES portRisk=1.50% openPos=3 | 0.715670
GD	0	06:15:01.841	Cazyxio_v4.2 (EURUSD,M15)	2026.03.11 12:15:01 | POSITION_HEALTH | AUDUSD | ticket=4400182 dir=LONG openPrice=0.71535 curPrice=0.71566 unrealPnL=44.95 curR=0.202 MFE=12.7pips MAE=7.5pips timeOpen=190min SL=0.71381 TP=0.71919
EG	0	06:15:01.842	Cazyxio_v4.2 (EURUSD,M15)	2026.03.11 12:15:01 | TRAIL_SKIP | AUDUSD | Trail not yet active. ProfitDist=0.00031 ActivateAt=0.00230 MFE=0.00031 ticket=4400182
RQ	0	06:15:01.842	Cazyxio_v4.2 (EURUSD,M15)	2026.03.11 12:15:01 | BAR | GBPJPY | close=212.781 h4ema200=210.612 h4slope=UP ema50=212.594 distToEMA50=18.7pips touchSeq=1 atr=0.158143 atrSma=0.123034 atrRatio=1.285 dir=LONG spread=43.0 spreadOK=NO atrGate=PASS touch=PASS momCandle=momClosePos=0.240 momOk=N ema50Ok=Y barRange=0.146000 zeroRangeBar=NO trigger=NO hasPos=NO portRisk=1.50% openPos=3 | 212.781000
PM	0	06:15:01.842	Cazyxio_v4.2 (EURUSD,M15)	2026.03.11 12:15:01 | GATE_FAIL | GBPJPY | Spread too wide. Spread=43.0 Max=30 points.
OQ	0	06:15:01.842	Cazyxio_v4.2 (EURUSD,M15)	2026.03.11 12:15:01 | BAR | USDCAD | close=1.35696 h4ema200=1.36665 h4slope=DOWN ema50=1.35673 distToEMA50=2.3pips touchSeq=12 atr=0.000579 atrSma=0.000661 atrRatio=0.876 dir=SHORT spread=23.0 spreadOK=YES atrGate=PASS touch=PASS momCandle=momClosePos=0.815 momOk=N ema50Ok=Y barRange=0.000920 zeroRangeBar=NO trigger=NO hasPos=YES portRisk=1.50% openPos=3 | 1.356960
MG	0	06:15:01.842	Cazyxio_v4.2 (EURUSD,M15)	2026.03.11 12:15:01 | POSITION_HEALTH | USDCAD | ticket=4400628 dir=SHORT openPrice=1.35673 curPrice=1.35720 unrealPnL=-114.97 curR=-0.515 MFE=0.0pips MAE=4.7pips timeOpen=19min SL=1.35764 TP=1.35445
JR	0	06:15:01.842	Cazyxio_v4.2 (EURUSD,M15)	2026.03.11 12:15:01 | TRAIL_SKIP | USDCAD | Trail not yet active. ProfitDist=-0.00047 ActivateAt=0.00137 MFE=-0.00047 ticket=4400628
DG	0	06:15:02.381	Cazyxio_v4.2 (EURUSD,M15)	2026.03.11 12:15:02 | BAR | GBPUSD | close=1.34250 h4ema200=1.34815 h4slope=DOWN ema50=1.34344 distToEMA50=9.4pips touchSeq=9 atr=0.001279 atrSma=0.001018 atrRatio=1.256 dir=SHORT spread=23.0 spreadOK=YES atrGate=PASS touch=PASS momCandle=momClosePos=0.082 momOk=Y ema50Ok=Y barRange=0.000850 zeroRangeBar=NO trigger=YES hasPos=YES portRisk=1.50% openPos=3 | 1.342500
RM	0	06:15:02.381	Cazyxio_v4.2 (EURUSD,M15)	2026.03.11 12:15:02 | POSITION_HEALTH | GBPUSD | ticket=4400627 dir=SHORT openPrice=1.34385 curPrice=1.34278 unrealPnL=114.49 curR=0.512 MFE=10.7pips MAE=0.0pips timeOpen=24min SL=1.34569 TP=1.33838
PK	0	06:15:02.381	Cazyxio_v4.2 (EURUSD,M15)	2026.03.11 12:15:02 | TRAIL_SKIP | GBPUSD | Trail not yet active. ProfitDist=0.00107 ActivateAt=0.00313 MFE=0.00107 ticket=4400627
IQ	0	06:15:02.381	Cazyxio_v4.2 (EURUSD,M15)	2026.03.11 12:15:02 | BAR | USDJPY | close=158.493 h4ema200=156.221 h4slope=UP ema50=158.242 distToEMA50=25.1pips touchSeq=0 atr=0.087643 atrSma=0.102989 atrRatio=0.851 dir=LONG spread=19.0 spreadOK=YES atrGate=PASS touch=FAIL momCandle=momClosePos=0.512 momOk=N ema50Ok=Y barRange=0.082000 zeroRangeBar=NO trigger=NO hasPos=NO portRisk=1.50% openPos=3 | 158.493000
MG	0	06:15:02.381	Cazyxio_v4.2 (EURUSD,M15)	2026.03.11 12:15:02 | NEAR_MISS | USDJPY | Touch near-miss. BestDistRatio=1.062 (1.0=exactly at tolerance, <1.5=near miss) DistToEMA50=25.1pips
JL	0	06:15:02.381	Cazyxio_v4.2 (EURUSD,M15)	2026.03.11 12:15:02 | GATE_FAIL | USDJPY | Touch/pullback gate FAIL. Price has not approached EMA50 within last 12 bars (within 0.60 ATR). DistToEMA50=25.1pips.
GD	0	06:15:36.779	Cazyxio_v4.2 (EURUSD,M15)	2026.03.11 12:15:36 | HEARTBEAT | SYSTEM | EA alive. Tick=184000 Equity=44523.40 OpenPos=3 PendingOrders=0 UTC=2026.03.11 12:15 DayOfWeek=3 WeekendCloseActive=NO NewTradeBlocked=NO | 184000.000000
CF	0	06:15:39.731	Cazyxio_v4.2 (EURUSD,M15)	2026.03.11 12:15:39 | SL_HIT | USDCAD | Stop loss triggered. Profit=-238.39 MFE=0.0pips MAE=4.7pips TimeOpen=19min EntryPrice=1.35673 | Initiating 4-bar cooldown.
GQ	0	06:15:39.731	Cazyxio_v4.2 (EURUSD,M15)	2026.03.11 12:15:39 | SL_COOLDOWN | USDCAD | Cooldown active for 4 bars (60 min). CooldownEnds=2026.03.11 16:15
GP	0	06:16:34.563	Cazyxio_v4.2 (EURUSD,M15)	2026.03.11 12:16:34 | HEARTBEAT | SYSTEM | EA alive. Tick=184100 Equity=44509.63 OpenPos=2 PendingOrders=0 UTC=2026.03.11 12:16 DayOfWeek=3 WeekendCloseActive=NO NewTradeBlocked=NO | 184100.000000
PR	0	06:17:32.881	Cazyxio_v4.2 (EURUSD,M15)	2026.03.11 12:17:32 | HEARTBEAT | SYSTEM | EA alive. Tick=184200 Equity=44499.66 OpenPos=2 PendingOrders=0 UTC=2026.03.11 12:17 DayOfWeek=3 WeekendCloseActive=NO NewTradeBlocked=NO | 184200.000000
FL	0	06:18:30.509	Cazyxio_v4.2 (EURUSD,M15)	2026.03.11 12:18:30 | HEARTBEAT | SYSTEM | EA alive. Tick=184300 Equity=44533.01 OpenPos=2 PendingOrders=0 UTC=2026.03.11 12:18 DayOfWeek=3 WeekendCloseActive=NO NewTradeBlocked=NO | 184300.000000
PN	0	06:19:15.715	Cazyxio_v4.2 (EURUSD,M15)	2026.03.11 12:19:15 | HEARTBEAT | SYSTEM | EA alive. Tick=184400 Equity=44541.22 OpenPos=2 PendingOrders=0 UTC=2026.03.11 12:19 DayOfWeek=3 WeekendCloseActive=NO NewTradeBlocked=NO | 184400.000000
MI	0	06:20:09.209	Cazyxio_v4.2 (EURUSD,M15)	2026.03.11 12:20:09 | HEARTBEAT | SYSTEM | EA alive. Tick=184500 Equity=44549.23 OpenPos=2 PendingOrders=0 UTC=2026.03.11 12:20 DayOfWeek=3 WeekendCloseActive=NO NewTradeBlocked=NO | 184500.000000
MK	0	06:21:14.176	Cazyxio_v4.2 (EURUSD,M15)	2026.03.11 12:21:14 | HEARTBEAT | SYSTEM | EA alive. Tick=184600 Equity=44540.60 OpenPos=2 PendingOrders=0 UTC=2026.03.11 12:21 DayOfWeek=3 WeekendCloseActive=NO NewTradeBlocked=NO | 184600.000000
RE	0	06:22:05.486	Cazyxio_v4.2 (EURUSD,M15)	2026.03.11 12:22:05 | HEARTBEAT | SYSTEM | EA alive. Tick=184700 Equity=44539.08 OpenPos=2 PendingOrders=0 UTC=2026.03.11 12:22 DayOfWeek=3 WeekendCloseActive=NO NewTradeBlocked=NO | 184700.000000
PG	0	06:23:01.094	Cazyxio_v4.2 (EURUSD,M15)	2026.03.11 12:23:01 | HEARTBEAT | SYSTEM | EA alive. Tick=184800 Equity=44542.26 OpenPos=2 PendingOrders=0 UTC=2026.03.11 12:23 DayOfWeek=3 WeekendCloseActive=NO NewTradeBlocked=NO | 184800.000000
MF	0	06:23:58.948	Cazyxio_v4.2 (EURUSD,M15)	2026.03.11 12:23:58 | HEARTBEAT | SYSTEM | EA alive. Tick=184900 Equity=44543.71 OpenPos=2 PendingOrders=0 UTC=2026.03.11 12:23 DayOfWeek=3 WeekendCloseActive=NO NewTradeBlocked=NO | 184900.000000
MP	0	06:24:56.378	Cazyxio_v4.2 (EURUSD,M15)	2026.03.11 12:24:56 | HEARTBEAT | SYSTEM | EA alive. Tick=185000 Equity=44558.24 OpenPos=2 PendingOrders=0 UTC=2026.03.11 12:24 DayOfWeek=3 WeekendCloseActive=NO NewTradeBlocked=NO | 185000.000000
KR	0	06:25:44.371	Cazyxio_v4.2 (EURUSD,M15)	2026.03.11 12:25:44 | HEARTBEAT | SYSTEM | EA alive. Tick=185100 Equity=44559.76 OpenPos=2 PendingOrders=0 UTC=2026.03.11 12:25 DayOfWeek=3 WeekendCloseActive=NO NewTradeBlocked=NO | 185100.000000
GL	0	06:26:39.330	Cazyxio_v4.2 (EURUSD,M15)	2026.03.11 12:26:39 | HEARTBEAT | SYSTEM | EA alive. Tick=185200 Equity=44551.34 OpenPos=2 PendingOrders=0 UTC=2026.03.11 12:26 DayOfWeek=3 WeekendCloseActive=NO NewTradeBlocked=NO | 185200.000000
RO	0	06:27:32.008	Cazyxio_v4.2 (EURUSD,M15)	2026.03.11 12:27:32 | HEARTBEAT | SYSTEM | EA alive. Tick=185300 Equity=44558.11 OpenPos=2 PendingOrders=0 UTC=2026.03.11 12:27 DayOfWeek=3 WeekendCloseActive=NO NewTradeBlocked=NO | 185300.000000
OI	0	06:28:18.593	Cazyxio_v4.2 (EURUSD,M15)	2026.03.11 12:28:18 | HEARTBEAT | SYSTEM | EA alive. Tick=185400 Equity=44544.75 OpenPos=2 PendingOrders=0 UTC=2026.03.11 12:28 DayOfWeek=3 WeekendCloseActive=NO NewTradeBlocked=NO | 185400.000000
LK	0	06:29:07.024	Cazyxio_v4.2 (EURUSD,M15)	2026.03.11 12:29:07 | HEARTBEAT | SYSTEM | EA alive. Tick=185500 Equity=44556.11 OpenPos=2 PendingOrders=0 UTC=2026.03.11 12:29 DayOfWeek=3 WeekendCloseActive=NO NewTradeBlocked=NO | 185500.000000
QE	0	06:29:56.654	Cazyxio_v4.2 (EURUSD,M15)	2026.03.11 12:29:56 | HEARTBEAT | SYSTEM | EA alive. Tick=185600 Equity=44545.00 OpenPos=2 PendingOrders=0 UTC=2026.03.11 12:29 DayOfWeek=3 WeekendCloseActive=NO NewTradeBlocked=NO | 185600.000000
FJ	0	06:30:01.822	Cazyxio_v4.2 (EURUSD,M15)	2026.03.11 12:30:01 | BAR | GBPUSD | close=1.34281 h4ema200=1.34815 h4slope=DOWN ema50=1.34342 distToEMA50=6.1pips touchSeq=10 atr=0.001164 atrSma=0.001018 atrRatio=1.143 dir=SHORT spread=40.0 spreadOK=NO atrGate=PASS touch=PASS momCandle=momClosePos=0.887 momOk=N ema50Ok=Y barRange=0.000970 zeroRangeBar=NO trigger=NO hasPos=YES portRisk=1.00% openPos=2 | 1.342810
IK	0	06:30:01.822	Cazyxio_v4.2 (EURUSD,M15)	2026.03.11 12:30:01 | POSITION_HEALTH | GBPUSD | ticket=4400627 dir=SHORT openPrice=1.34385 curPrice=1.34318 unrealPnL=71.69 curR=0.321 MFE=10.7pips MAE=0.0pips timeOpen=39min SL=1.34569 TP=1.33838
JG	0	06:30:01.822	Cazyxio_v4.2 (EURUSD,M15)	2026.03.11 12:30:01 | TRAIL_SKIP | GBPUSD | Trail not yet active. ProfitDist=0.00067 ActivateAt=0.00313 MFE=0.00067 ticket=4400627
OQ	0	06:30:01.822	Cazyxio_v4.2 (EURUSD,M15)	2026.03.11 12:30:01 | BAR | EURUSD | close=1.15998 h4ema200=1.17317 h4slope=DOWN ema50=1.16131 distToEMA50=13.3pips touchSeq=0 atr=0.000774 atrSma=0.000846 atrRatio=0.914 dir=SHORT spread=26.0 spreadOK=YES atrGate=PASS touch=FAIL momCandle=momClosePos=0.798 momOk=N ema50Ok=Y barRange=0.000840 zeroRangeBar=NO trigger=NO hasPos=NO portRisk=1.00% openPos=2 | 1.159980
DR	0	06:30:01.822	Cazyxio_v4.2 (EURUSD,M15)	2026.03.11 12:30:01 | NEAR_MISS | EURUSD | Touch near-miss. BestDistRatio=1.247 (1.0=exactly at tolerance, <1.5=near miss) DistToEMA50=13.3pips
HI	0	06:30:01.822	Cazyxio_v4.2 (EURUSD,M15)	2026.03.11 12:30:01 | GATE_FAIL | EURUSD | Touch/pullback gate FAIL. Price has not approached EMA50 within last 12 bars (within 0.60 ATR). DistToEMA50=13.3pips.
JN	0	06:30:01.822	Cazyxio_v4.2 (EURUSD,M15)	2026.03.11 12:30:01 | BAR | USDJPY | close=158.380 h4ema200=156.220 h4slope=UP ema50=158.243 distToEMA50=13.7pips touchSeq=0 atr=0.091071 atrSma=0.102827 atrRatio=0.886 dir=LONG spread=39.0 spreadOK=NO atrGate=PASS touch=FAIL momCandle=momClosePos=0.221 momOk=N ema50Ok=Y barRange=0.145000 zeroRangeBar=NO trigger=NO hasPos=NO portRisk=1.00% openPos=2 | 158.380000
HJ	0	06:30:01.822	Cazyxio_v4.2 (EURUSD,M15)	2026.03.11 12:30:01 | GATE_FAIL | USDJPY | Spread too wide. Spread=39.0 Max=30 points.
PD	0	06:30:01.822	Cazyxio_v4.2 (EURUSD,M15)	2026.03.11 12:30:01 | BAR | AUDUSD | close=0.71642 h4ema200=0.70062 h4slope=UP ema50=0.71562 distToEMA50=8.0pips touchSeq=5 atr=0.000754 atrSma=0.000895 atrRatio=0.842 dir=LONG spread=22.0 spreadOK=YES atrGate=PASS touch=PASS momCandle=momClosePos=0.980 momOk=Y ema50Ok=Y barRange=0.000990 zeroRangeBar=NO trigger=YES hasPos=YES portRisk=1.00% openPos=2 | 0.716420
CF	0	06:30:01.822	Cazyxio_v4.2 (EURUSD,M15)	2026.03.11 12:30:01 | POSITION_HEALTH | AUDUSD | ticket=4400182 dir=LONG openPrice=0.71535 curPrice=0.71643 unrealPnL=156.60 curR=0.703 MFE=12.7pips MAE=7.5pips timeOpen=205min SL=0.71381 TP=0.71919
CH	0	06:30:01.822	Cazyxio_v4.2 (EURUSD,M15)	2026.03.11 12:30:01 | TRAIL_SKIP | AUDUSD | Trail not yet active. ProfitDist=0.00108 ActivateAt=0.00230 MFE=0.00108 ticket=4400182
OQ	0	06:30:01.822	Cazyxio_v4.2 (EURUSD,M15)	2026.03.11 12:30:01 | BAR | GBPJPY | close=212.681 h4ema200=210.611 h4slope=UP ema50=212.594 distToEMA50=8.7pips touchSeq=2 atr=0.152000 atrSma=0.123439 atrRatio=1.231 dir=LONG spread=98.0 spreadOK=NO atrGate=PASS touch=PASS momCandle=momClosePos=0.480 momOk=N ema50Ok=Y barRange=0.221000 zeroRangeBar=NO trigger=NO hasPos=NO portRisk=1.00% openPos=2 | 212.681000
RL	0	06:30:01.822	Cazyxio_v4.2 (EURUSD,M15)	2026.03.11 12:30:01 | GATE_FAIL | GBPJPY | Spread too wide. Spread=98.0 Max=30 points.
MM	0	06:30:01.822	Cazyxio_v4.2 (EURUSD,M15)	2026.03.11 12:30:01 | POST_SL_CONTEXT | USDCAD | Bar 1 after SL hit. SLHitPrice=1.35770 BarClose=1.35643 MoveSinceSL=12.7pips Verdict=CONTINUED_IN_TRADE_DIR (positive=price went our way, negative=continued against us)
QN	0	06:30:01.822	Cazyxio_v4.2 (EURUSD,M15)	2026.03.11 12:30:01 | BAR | USDCAD | close=1.35643 h4ema200=1.36665 h4slope=DOWN ema50=1.35669 distToEMA50=2.6pips touchSeq=12 atr=0.000639 atrSma=0.000662 atrRatio=0.965 dir=SHORT spread=41.0 spreadOK=NO atrGate=PASS touch=PASS momCandle=momClosePos=0.000 momOk=Y ema50Ok=Y barRange=0.001460 zeroRangeBar=NO trigger=YES hasPos=NO portRisk=1.00% openPos=2 | 1.356430
NJ	0	06:30:01.822	Cazyxio_v4.2 (EURUSD,M15)	2026.03.11 12:30:01 | GATE_FAIL | USDCAD | Spread too wide. Spread=41.0 Max=30 points.
ID	0	06:30:24.483	Cazyxio_v4.2 (EURUSD,M15)	2026.03.11 12:30:24 | HEARTBEAT | SYSTEM | EA alive. Tick=185700 Equity=44522.18 OpenPos=2 PendingOrders=0 UTC=2026.03.11 12:30 DayOfWeek=3 WeekendCloseActive=NO NewTradeBlocked=NO | 185700.000000
IG	0	06:30:54.578	Cazyxio_v4.2 (EURUSD,M15)	2026.03.11 12:30:54 | HEARTBEAT | SYSTEM | EA alive. Tick=185800 Equity=44547.65 OpenPos=2 PendingOrders=0 UTC=2026.03.11 12:30 DayOfWeek=3 WeekendCloseActive=NO NewTradeBlocked=NO | 185800.000000
CQ	0	06:31:29.483	Cazyxio_v4.2 (EURUSD,M15)	2026.03.11 12:31:29 | HEARTBEAT | SYSTEM | EA alive. Tick=185900 Equity=44558.83 OpenPos=2 PendingOrders=0 UTC=2026.03.11 12:31 DayOfWeek=3 WeekendCloseActive=NO NewTradeBlocked=NO | 185900.000000
QS	0	06:32:08.746	Cazyxio_v4.2 (EURUSD,M15)	2026.03.11 12:32:08 | HEARTBEAT | SYSTEM | EA alive. Tick=186000 Equity=44548.54 OpenPos=2 PendingOrders=0 UTC=2026.03.11 12:32 DayOfWeek=3 WeekendCloseActive=NO NewTradeBlocked=NO | 186000.000000
FM	0	06:32:52.115	Cazyxio_v4.2 (EURUSD,M15)	2026.03.11 12:32:52 | HEARTBEAT | SYSTEM | EA alive. Tick=186100 Equity=44550.10 OpenPos=2 PendingOrders=0 UTC=2026.03.11 12:32 DayOfWeek=3 WeekendCloseActive=NO NewTradeBlocked=NO | 186100.000000
QL	0	06:33:30.001	Cazyxio_v4.2 (EURUSD,M15)	2026.03.11 12:33:30 | HEARTBEAT | SYSTEM | EA alive. Tick=186200 Equity=44537.73 OpenPos=2 PendingOrders=0 UTC=2026.03.11 12:33 DayOfWeek=3 WeekendCloseActive=NO NewTradeBlocked=NO | 186200.000000
GN	0	06:34:04.626	Cazyxio_v4.2 (EURUSD,M15)	2026.03.11 12:34:04 | HEARTBEAT | SYSTEM | EA alive. Tick=186300 Equity=44520.91 OpenPos=2 PendingOrders=0 UTC=2026.03.11 12:34 DayOfWeek=3 WeekendCloseActive=NO NewTradeBlocked=NO | 186300.000000
QH	0	06:34:44.620	Cazyxio_v4.2 (EURUSD,M15)	2026.03.11 12:34:44 | HEARTBEAT | SYSTEM | EA alive. Tick=186400 Equity=44525.94 OpenPos=2 PendingOrders=0 UTC=2026.03.11 12:34 DayOfWeek=3 WeekendCloseActive=NO NewTradeBlocked=NO | 186400.000000
CJ	0	06:35:19.630	Cazyxio_v4.2 (EURUSD,M15)	2026.03.11 12:35:19 | HEARTBEAT | SYSTEM | EA alive. Tick=186500 Equity=44531.46 OpenPos=2 PendingOrders=0 UTC=2026.03.11 12:35 DayOfWeek=3 WeekendCloseActive=NO NewTradeBlocked=NO | 186500.000000
RE	0	06:35:50.714	Cazyxio_v4.2 (EURUSD,M15)	2026.03.11 12:35:50 | HEARTBEAT | SYSTEM | EA alive. Tick=186600 Equity=44547.07 OpenPos=2 PendingOrders=0 UTC=2026.03.11 12:35 DayOfWeek=3 WeekendCloseActive=NO NewTradeBlocked=NO | 186600.000000
EG	0	06:36:38.605	Cazyxio_v4.2 (EURUSD,M15)	2026.03.11 12:36:38 | HEARTBEAT | SYSTEM | EA alive. Tick=186700 Equity=44541.93 OpenPos=2 PendingOrders=0 UTC=2026.03.11 12:36 DayOfWeek=3 WeekendCloseActive=NO NewTradeBlocked=NO | 186700.000000
RQ	0	06:37:18.898	Cazyxio_v4.2 (EURUSD,M15)	2026.03.11 12:37:18 | HEARTBEAT | SYSTEM | EA alive. Tick=186800 Equity=44544.14 OpenPos=2 PendingOrders=0 UTC=2026.03.11 12:37 DayOfWeek=3 WeekendCloseActive=NO NewTradeBlocked=NO | 186800.000000
JS	0	06:37:59.970	Cazyxio_v4.2 (EURUSD,M15)	2026.03.11 12:37:59 | HEARTBEAT | SYSTEM | EA alive. Tick=186900 Equity=44550.38 OpenPos=2 PendingOrders=0 UTC=2026.03.11 12:37 DayOfWeek=3 WeekendCloseActive=NO NewTradeBlocked=NO | 186900.000000
FR	0	06:38:40.051	Cazyxio_v4.2 (EURUSD,M15)	2026.03.11 12:38:40 | HEARTBEAT | SYSTEM | EA alive. Tick=187000 Equity=44557.98 OpenPos=2 PendingOrders=0 UTC=2026.03.11 12:38 DayOfWeek=3 WeekendCloseActive=NO NewTradeBlocked=NO | 187000.000000
LL	0	06:39:23.082	Cazyxio_v4.2 (EURUSD,M15)	2026.03.11 12:39:23 | HEARTBEAT | SYSTEM | EA alive. Tick=187100 Equity=44564.33 OpenPos=2 PendingOrders=0 UTC=2026.03.11 12:39 DayOfWeek=3 WeekendCloseActive=NO NewTradeBlocked=NO | 187100.000000
RN	0	06:40:03.975	Cazyxio_v4.2 (EURUSD,M15)	2026.03.11 12:40:03 | HEARTBEAT | SYSTEM | EA alive. Tick=187200 Equity=44561.44 OpenPos=2 PendingOrders=0 UTC=2026.03.11 12:40 DayOfWeek=3 WeekendCloseActive=NO NewTradeBlocked=NO | 187200.000000
HH	0	06:41:04.044	Cazyxio_v4.2 (EURUSD,M15)	2026.03.11 12:41:04 | HEARTBEAT | SYSTEM | EA alive. Tick=187300 Equity=44570.04 OpenPos=2 PendingOrders=0 UTC=2026.03.11 12:41 DayOfWeek=3 WeekendCloseActive=NO NewTradeBlocked=NO | 187300.000000
EK	0	06:42:04.181	Cazyxio_v4.2 (EURUSD,M15)	2026.03.11 12:42:04 | HEARTBEAT | SYSTEM | EA alive. Tick=187400 Equity=44561.15 OpenPos=2 PendingOrders=0 UTC=2026.03.11 12:42 DayOfWeek=3 WeekendCloseActive=NO NewTradeBlocked=NO | 187400.000000
DE	0	06:42:51.854	Cazyxio_v4.2 (EURUSD,M15)	2026.03.11 12:42:51 | HEARTBEAT | SYSTEM | EA alive. Tick=187500 Equity=44566.05 OpenPos=2 PendingOrders=0 UTC=2026.03.11 12:42 DayOfWeek=3 WeekendCloseActive=NO NewTradeBlocked=NO | 187500.000000
FG	0	06:43:40.307	Cazyxio_v4.2 (EURUSD,M15)	2026.03.11 12:43:40 | HEARTBEAT | SYSTEM | EA alive. Tick=187600 Equity=44561.22 OpenPos=2 PendingOrders=0 UTC=2026.03.11 12:43 DayOfWeek=3 WeekendCloseActive=NO NewTradeBlocked=NO | 187600.000000
FQ	0	06:44:32.534	Cazyxio_v4.2 (EURUSD,M15)	2026.03.11 12:44:32 | HEARTBEAT | SYSTEM | EA alive. Tick=187700 Equity=44564.88 OpenPos=2 PendingOrders=0 UTC=2026.03.11 12:44 DayOfWeek=3 WeekendCloseActive=NO NewTradeBlocked=NO | 187700.000000
OO	0	06:45:02.714	Cazyxio_v4.2 (EURUSD,M15)	2026.03.11 12:45:02 | BAR | GBPUSD | close=1.34131 h4ema200=1.34813 h4slope=DOWN ema50=1.34329 distToEMA50=19.8pips touchSeq=0 atr=0.001205 atrSma=0.001020 atrRatio=1.182 dir=SHORT spread=22.0 spreadOK=YES atrGate=PASS touch=PASS momCandle=momClosePos=0.123 momOk=Y ema50Ok=Y barRange=0.002200 zeroRangeBar=NO trigger=YES hasPos=YES portRisk=1.00% openPos=2 | 1.341310
MD	0	06:45:02.714	Cazyxio_v4.2 (EURUSD,M15)	2026.03.11 12:45:02 | POSITION_HEALTH | GBPUSD | ticket=4400627 dir=SHORT openPrice=1.34385 curPrice=1.34153 unrealPnL=248.24 curR=1.111 MFE=23.2pips MAE=0.0pips timeOpen=54min SL=1.34569 TP=1.33838
JD	0	06:45:02.714	Cazyxio_v4.2 (EURUSD,M15)	2026.03.11 12:45:02 | TRAIL_SKIP | GBPUSD | Trail not yet active. ProfitDist=0.00232 ActivateAt=0.00313 MFE=0.00232 ticket=4400627
HK	0	06:45:02.714	Cazyxio_v4.2 (EURUSD,M15)	2026.03.11 12:45:02 | BAR | EURUSD | close=1.15902 h4ema200=1.17316 h4slope=DOWN ema50=1.16118 distToEMA50=21.6pips touchSeq=0 atr=0.000820 atrSma=0.000845 atrRatio=0.970 dir=SHORT spread=15.0 spreadOK=YES atrGate=PASS touch=FAIL momCandle=momClosePos=0.230 momOk=Y ema50Ok=Y barRange=0.001830 zeroRangeBar=NO trigger=YES hasPos=NO portRisk=1.00% openPos=2 | 1.159020
JN	0	06:45:02.714	Cazyxio_v4.2 (EURUSD,M15)	2026.03.11 12:45:02 | NEAR_MISS | EURUSD | Touch near-miss. BestDistRatio=1.247 (1.0=exactly at tolerance, <1.5=near miss) DistToEMA50=21.6pips
FE	0	06:45:02.714	Cazyxio_v4.2 (EURUSD,M15)	2026.03.11 12:45:02 | GATE_FAIL | EURUSD | Touch/pullback gate FAIL. Price has not approached EMA50 within last 12 bars (within 0.60 ATR). DistToEMA50=21.6pips.
DR	0	06:45:02.714	Cazyxio_v4.2 (EURUSD,M15)	2026.03.11 12:45:02 | BAR | USDJPY | close=158.511 h4ema200=156.222 h4slope=UP ema50=158.259 distToEMA50=25.2pips touchSeq=0 atr=0.101571 atrSma=0.102848 atrRatio=0.988 dir=LONG spread=19.0 spreadOK=YES atrGate=PASS touch=FAIL momCandle=momClosePos=0.932 momOk=Y ema50Ok=Y barRange=0.219000 zeroRangeBar=NO trigger=YES hasPos=NO portRisk=1.00% openPos=2 | 158.511000
DQ	0	06:45:02.714	Cazyxio_v4.2 (EURUSD,M15)	2026.03.11 12:45:02 | NEAR_MISS | USDJPY | Touch near-miss. BestDistRatio=1.062 (1.0=exactly at tolerance, <1.5=near miss) DistToEMA50=25.2pips
OJ	0	06:45:02.714	Cazyxio_v4.2 (EURUSD,M15)	2026.03.11 12:45:02 | GATE_FAIL | USDJPY | Touch/pullback gate FAIL. Price has not approached EMA50 within last 12 bars (within 0.60 ATR). DistToEMA50=25.2pips.
PK	0	06:45:02.714	Cazyxio_v4.2 (EURUSD,M15)	2026.03.11 12:45:02 | BAR | AUDUSD | close=0.71540 h4ema200=0.70061 h4slope=UP ema50=0.71557 distToEMA50=1.7pips touchSeq=6 atr=0.000841 atrSma=0.000894 atrRatio=0.941 dir=LONG spread=16.0 spreadOK=YES atrGate=PASS touch=PASS momCandle=momClosePos=0.220 momOk=N ema50Ok=Y barRange=0.001680 zeroRangeBar=NO trigger=NO hasPos=YES portRisk=1.00% openPos=2 | 0.715400
HH	0	06:45:02.714	Cazyxio_v4.2 (EURUSD,M15)	2026.03.11 12:45:02 | POSITION_HEALTH | AUDUSD | ticket=4400182 dir=LONG openPrice=0.71535 curPrice=0.71540 unrealPnL=7.25 curR=0.033 MFE=12.7pips MAE=7.5pips timeOpen=220min SL=0.71381 TP=0.71919
IE	0	06:45:02.714	Cazyxio_v4.2 (EURUSD,M15)	2026.03.11 12:45:02 | TRAIL_SKIP | AUDUSD | Trail not yet active. ProfitDist=0.00005 ActivateAt=0.00230 MFE=0.00005 ticket=4400182
GD	0	06:45:02.714	Cazyxio_v4.2 (EURUSD,M15)	2026.03.11 12:45:02 | BAR | GBPJPY | close=212.618 h4ema200=210.610 h4slope=UP ema50=212.592 distToEMA50=2.6pips touchSeq=3 atr=0.148500 atrSma=0.123748 atrRatio=1.200 dir=LONG spread=41.0 spreadOK=NO atrGate=PASS touch=PASS momCandle=momClosePos=0.285 momOk=N ema50Ok=Y barRange=0.158000 zeroRangeBar=NO trigger=NO hasPos=NO portRisk=1.00% openPos=2 | 212.618000
PS	0	06:45:02.714	Cazyxio_v4.2 (EURUSD,M15)	2026.03.11 12:45:02 | GATE_FAIL | GBPJPY | Spread too wide. Spread=41.0 Max=30 points.
DP	0	06:45:02.714	Cazyxio_v4.2 (EURUSD,M15)	2026.03.11 12:45:02 | POST_SL_CONTEXT | USDCAD | Bar 2 after SL hit. SLHitPrice=1.35770 BarClose=1.35751 MoveSinceSL=1.9pips Verdict=CONTINUED_IN_TRADE_DIR (positive=price went our way, negative=continued against us)
ER	0	06:45:02.714	Cazyxio_v4.2 (EURUSD,M15)	2026.03.11 12:45:02 | BAR | USDCAD | close=1.35751 h4ema200=1.36666 h4slope=DOWN ema50=1.35677 distToEMA50=7.4pips touchSeq=12 atr=0.000714 atrSma=0.000663 atrRatio=1.078 dir=SHORT spread=27.0 spreadOK=YES atrGate=PASS touch=PASS momCandle=momClosePos=0.829 momOk=N ema50Ok=Y barRange=0.001640 zeroRangeBar=NO trigger=NO hasPos=NO portRisk=1.00% openPos=2 | 1.357510
QS	0	06:45:02.714	Cazyxio_v4.2 (EURUSD,M15)	2026.03.11 12:45:02 | GATE_FAIL | USDCAD | Momentum candle FAIL. dir=SHORT close=1.35751 ema50=1.35677 momClosePos=0.829 momOk=N ema50Ok=Y barRange=0.001640
KN	0	06:45:17.992	Cazyxio_v4.2 (EURUSD,M15)	2026.03.11 12:45:17 | HEARTBEAT | SYSTEM | EA alive. Tick=187800 Equity=44570.09 OpenPos=2 PendingOrders=0 UTC=2026.03.11 12:45 DayOfWeek=3 WeekendCloseActive=NO NewTradeBlocked=NO | 187800.000000
JH	0	06:46:05.803	Cazyxio_v4.2 (EURUSD,M15)	2026.03.11 12:46:05 | HEARTBEAT | SYSTEM | EA alive. Tick=187900 Equity=44578.99 OpenPos=2 PendingOrders=0 UTC=2026.03.11 12:46 DayOfWeek=3 WeekendCloseActive=NO NewTradeBlocked=NO | 187900.000000
LK	0	06:46:45.573	Cazyxio_v4.2 (EURUSD,M15)	2026.03.11 12:46:45 | HEARTBEAT | SYSTEM | EA alive. Tick=188000 Equity=44592.59 OpenPos=2 PendingOrders=0 UTC=2026.03.11 12:46 DayOfWeek=3 WeekendCloseActive=NO NewTradeBlocked=NO | 188000.000000
DE	0	06:47:24.867	Cazyxio_v4.2 (EURUSD,M15)	2026.03.11 12:47:24 | HEARTBEAT | SYSTEM | EA alive. Tick=188100 Equity=44597.48 OpenPos=2 PendingOrders=0 UTC=2026.03.11 12:47 DayOfWeek=3 WeekendCloseActive=NO NewTradeBlocked=NO | 188100.000000
DG	0	06:47:59.785	Cazyxio_v4.2 (EURUSD,M15)	2026.03.11 12:47:59 | HEARTBEAT | SYSTEM | EA alive. Tick=188200 Equity=44604.39 OpenPos=2 PendingOrders=0 UTC=2026.03.11 12:47 DayOfWeek=3 WeekendCloseActive=NO NewTradeBlocked=NO | 188200.000000
IQ	0	06:48:45.207	Cazyxio_v4.2 (EURUSD,M15)	2026.03.11 12:48:45 | HEARTBEAT | SYSTEM | EA alive. Tick=188300 Equity=44601.84 OpenPos=2 PendingOrders=0 UTC=2026.03.11 12:48 DayOfWeek=3 WeekendCloseActive=NO NewTradeBlocked=NO | 188300.000000
IP	0	06:49:20.065	Cazyxio_v4.2 (EURUSD,M15)	2026.03.11 12:49:20 | HEARTBEAT | SYSTEM | EA alive. Tick=188400 Equity=44623.52 OpenPos=2 PendingOrders=0 UTC=2026.03.11 12:49 DayOfWeek=3 WeekendCloseActive=NO NewTradeBlocked=NO | 188400.000000
FR	0	06:50:02.102	Cazyxio_v4.2 (EURUSD,M15)	2026.03.11 12:50:02 | HEARTBEAT | SYSTEM | EA alive. Tick=188500 Equity=44633.87 OpenPos=2 PendingOrders=0 UTC=2026.03.11 12:50 DayOfWeek=3 WeekendCloseActive=NO NewTradeBlocked=NO | 188500.000000
DL	0	06:50:40.959	Cazyxio_v4.2 (EURUSD,M15)	2026.03.11 12:50:40 | HEARTBEAT | SYSTEM | EA alive. Tick=188600 Equity=44648.29 OpenPos=2 PendingOrders=0 UTC=2026.03.11 12:50 DayOfWeek=3 WeekendCloseActive=NO NewTradeBlocked=NO | 188600.000000
KN	0	06:51:25.910	Cazyxio_v4.2 (EURUSD,M15)	2026.03.11 12:51:25 | HEARTBEAT | SYSTEM | EA alive. Tick=188700 Equity=44653.88 OpenPos=2 PendingOrders=0 UTC=2026.03.11 12:51 DayOfWeek=3 WeekendCloseActive=NO NewTradeBlocked=NO | 188700.000000
DI	0	06:52:05.210	Cazyxio_v4.2 (EURUSD,M15)	2026.03.11 12:52:05 | HEARTBEAT | SYSTEM | EA alive. Tick=188800 Equity=44641.86 OpenPos=2 PendingOrders=0 UTC=2026.03.11 12:52 DayOfWeek=3 WeekendCloseActive=NO NewTradeBlocked=NO | 188800.000000
FK	0	06:52:44.451	Cazyxio_v4.2 (EURUSD,M15)	2026.03.11 12:52:44 | HEARTBEAT | SYSTEM | EA alive. Tick=188900 Equity=44608.24 OpenPos=2 PendingOrders=0 UTC=2026.03.11 12:52 DayOfWeek=3 WeekendCloseActive=NO NewTradeBlocked=NO | 188900.000000
RE	0	06:53:22.339	Cazyxio_v4.2 (EURUSD,M15)	2026.03.11 12:53:22 | HEARTBEAT | SYSTEM | EA alive. Tick=189000 Equity=44578.28 OpenPos=2 PendingOrders=0 UTC=2026.03.11 12:53 DayOfWeek=3 WeekendCloseActive=NO NewTradeBlocked=NO | 189000.000000
OG	0	06:54:12.609	Cazyxio_v4.2 (EURUSD,M15)	2026.03.11 12:54:12 | HEARTBEAT | SYSTEM | EA alive. Tick=189100 Equity=44611.55 OpenPos=2 PendingOrders=0 UTC=2026.03.11 12:54 DayOfWeek=3 WeekendCloseActive=NO NewTradeBlocked=NO | 189100.000000
RF	0	06:54:48.029	Cazyxio_v4.2 (EURUSD,M15)	2026.03.11 12:54:48 | HEARTBEAT | SYSTEM | EA alive. Tick=189200 Equity=44594.05 OpenPos=2 PendingOrders=0 UTC=2026.03.11 12:54 DayOfWeek=3 WeekendCloseActive=NO NewTradeBlocked=NO | 189200.000000
QP	0	06:55:32.616	Cazyxio_v4.2 (EURUSD,M15)	2026.03.11 12:55:32 | HEARTBEAT | SYSTEM | EA alive. Tick=189300 Equity=44604.76 OpenPos=2 PendingOrders=0 UTC=2026.03.11 12:55 DayOfWeek=3 WeekendCloseActive=NO NewTradeBlocked=NO | 189300.000000
CR	0	06:56:10.885	Cazyxio_v4.2 (EURUSD,M15)	2026.03.11 12:56:10 | HEARTBEAT | SYSTEM | EA alive. Tick=189400 Equity=44601.45 OpenPos=2 PendingOrders=0 UTC=2026.03.11 12:56 DayOfWeek=3 WeekendCloseActive=NO NewTradeBlocked=NO | 189400.000000
EL	0	06:56:54.964	Cazyxio_v4.2 (EURUSD,M15)	2026.03.11 12:56:54 | HEARTBEAT | SYSTEM | EA alive. Tick=189500 Equity=44609.45 OpenPos=2 PendingOrders=0 UTC=2026.03.11 12:56 DayOfWeek=3 WeekendCloseActive=NO NewTradeBlocked=NO | 189500.000000
NO	0	06:57:41.539	Cazyxio_v4.2 (EURUSD,M15)	2026.03.11 12:57:41 | HEARTBEAT | SYSTEM | EA alive. Tick=189600 Equity=44612.38 OpenPos=2 PendingOrders=0 UTC=2026.03.11 12:57 DayOfWeek=3 WeekendCloseActive=NO NewTradeBlocked=NO | 189600.000000
DI	0	06:58:27.045	Cazyxio_v4.2 (EURUSD,M15)	2026.03.11 12:58:27 | HEARTBEAT | SYSTEM | EA alive. Tick=189700 Equity=44611.52 OpenPos=2 PendingOrders=0 UTC=2026.03.11 12:58 DayOfWeek=3 WeekendCloseActive=NO NewTradeBlocked=NO | 189700.000000
QK	0	06:59:02.755	Cazyxio_v4.2 (EURUSD,M15)	2026.03.11 12:59:02 | HEARTBEAT | SYSTEM | EA alive. Tick=189800 Equity=44614.42 OpenPos=2 PendingOrders=0 UTC=2026.03.11 12:59 DayOfWeek=3 WeekendCloseActive=NO NewTradeBlocked=NO | 189800.000000
OE	0	06:59:40.934	Cazyxio_v4.2 (EURUSD,M15)	2026.03.11 12:59:40 | HEARTBEAT | SYSTEM | EA alive. Tick=189900 Equity=44617.39 OpenPos=2 PendingOrders=0 UTC=2026.03.11 12:59 DayOfWeek=3 WeekendCloseActive=NO NewTradeBlocked=NO | 189900.000000
MK	0	07:00:01.902	Cazyxio_v4.2 (EURUSD,M15)	2026.03.11 13:00:01 | BAR | GBPUSD | close=1.33981 h4ema200=1.34804 h4slope=DOWN ema50=1.34309 distToEMA50=32.8pips touchSeq=0 atr=0.001257 atrSma=0.001020 atrRatio=1.232 dir=SHORT spread=22.0 spreadOK=YES atrGate=PASS touch=PASS momCandle=momClosePos=0.230 momOk=Y ema50Ok=Y barRange=0.001960 zeroRangeBar=NO trigger=YES hasPos=YES portRisk=1.00% openPos=2 | 1.339810
OH	0	07:00:01.902	Cazyxio_v4.2 (EURUSD,M15)	2026.03.11 13:00:01 | POSITION_HEALTH | GBPUSD | ticket=4400627 dir=SHORT openPrice=1.34385 curPrice=1.34003 unrealPnL=408.74 curR=1.830 MFE=38.2pips MAE=0.0pips timeOpen=69min SL=1.34569 TP=1.33838
QF	0	07:00:02.028	Cazyxio_v4.2 (EURUSD,M15)	2026.03.11 13:00:02 | TRAIL_MOVED | GBPUSD | SELL trail moved. oldSL=1.34569 newSL=1.34254 ask=1.34003 MFE=0.00382 ticket=4400627
RR	0	07:00:02.028	Cazyxio_v4.2 (EURUSD,M15)	2026.03.11 13:00:02 | BAR | EURUSD | close=1.15817 h4ema200=1.17300 h4slope=DOWN ema50=1.16103 distToEMA50=28.6pips touchSeq=0 atr=0.000848 atrSma=0.000844 atrRatio=1.005 dir=SHORT spread=17.0 spreadOK=YES atrGate=PASS touch=FAIL momCandle=momClosePos=0.372 momOk=N ema50Ok=Y barRange=0.001370 zeroRangeBar=NO trigger=NO hasPos=NO portRisk=1.00% openPos=2 | 1.158170
GR	0	07:00:02.028	Cazyxio_v4.2 (EURUSD,M15)	2026.03.11 13:00:02 | NEAR_MISS | EURUSD | Touch near-miss. BestDistRatio=1.247 (1.0=exactly at tolerance, <1.5=near miss) DistToEMA50=28.6pips
OI	0	07:00:02.028	Cazyxio_v4.2 (EURUSD,M15)	2026.03.11 13:00:02 | GATE_FAIL | EURUSD | Touch/pullback gate FAIL. Price has not approached EMA50 within last 12 bars (within 0.60 ATR). DistToEMA50=28.6pips.
PN	0	07:00:02.028	Cazyxio_v4.2 (EURUSD,M15)	2026.03.11 13:00:02 | BAR | USDJPY | close=158.605 h4ema200=156.246 h4slope=UP ema50=158.276 distToEMA50=32.9pips touchSeq=0 atr=0.100643 atrSma=0.102781 atrRatio=0.979 dir=LONG spread=16.0 spreadOK=YES atrGate=PASS touch=FAIL momCandle=momClosePos=0.864 momOk=Y ema50Ok=Y barRange=0.110000 zeroRangeBar=NO trigger=YES hasPos=NO portRisk=1.00% openPos=2 | 158.605000
EE	0	07:00:02.028	Cazyxio_v4.2 (EURUSD,M15)	2026.03.11 13:00:02 | NEAR_MISS | USDJPY | Touch near-miss. BestDistRatio=1.062 (1.0=exactly at tolerance, <1.5=near miss) DistToEMA50=32.9pips
NN	0	07:00:02.028	Cazyxio_v4.2 (EURUSD,M15)	2026.03.11 13:00:02 | GATE_FAIL | USDJPY | Touch/pullback gate FAIL. Price has not approached EMA50 within last 12 bars (within 0.60 ATR). DistToEMA50=32.9pips.
OG	0	07:00:02.028	Cazyxio_v4.2 (EURUSD,M15)	2026.03.11 13:00:02 | BAR | AUDUSD | close=0.71455 h4ema200=0.70074 h4slope=UP ema50=0.71550 distToEMA50=9.5pips touchSeq=7 atr=0.000831 atrSma=0.000892 atrRatio=0.932 dir=LONG spread=19.0 spreadOK=YES atrGate=PASS touch=PASS momCandle=momClosePos=0.265 momOk=N ema50Ok=Y barRange=0.001170 zeroRangeBar=NO trigger=NO hasPos=YES portRisk=1.00% openPos=2 | 0.714550
ID	0	07:00:02.028	Cazyxio_v4.2 (EURUSD,M15)	2026.03.11 13:00:02 | POSITION_HEALTH | AUDUSD | ticket=4400182 dir=LONG openPrice=0.71535 curPrice=0.71454 unrealPnL=-117.45 curR=-0.527 MFE=12.7pips MAE=8.1pips timeOpen=235min SL=0.71381 TP=0.71919
KI	0	07:00:02.028	Cazyxio_v4.2 (EURUSD,M15)	2026.03.11 13:00:02 | TRAIL_SKIP | AUDUSD | Trail not yet active. ProfitDist=-0.00081 ActivateAt=0.00230 MFE=-0.00081 ticket=4400182
RO	0	07:00:02.028	Cazyxio_v4.2 (EURUSD,M15)	2026.03.11 13:00:02 | BAR | GBPJPY | close=212.506 h4ema200=210.628 h4slope=UP ema50=212.584 distToEMA50=7.8pips touchSeq=4 atr=0.149500 atrSma=0.124127 atrRatio=1.204 dir=LONG spread=45.0 spreadOK=NO atrGate=PASS touch=PASS momCandle=momClosePos=0.384 momOk=N ema50Ok=Y barRange=0.185000 zeroRangeBar=NO trigger=NO hasPos=NO portRisk=1.00% openPos=2 | 212.506000
RN	0	07:00:02.028	Cazyxio_v4.2 (EURUSD,M15)	2026.03.11 13:00:02 | GATE_FAIL | GBPJPY | Spread too wide. Spread=45.0 Max=30 points.
OM	0	07:00:02.028	Cazyxio_v4.2 (EURUSD,M15)	2026.03.11 13:00:02 | POST_SL_CONTEXT | USDCAD | Bar 3 after SL hit. SLHitPrice=1.35770 BarClose=1.35910 MoveSinceSL=-14.0pips Verdict=REVERSED_AGAINST_TRADE (positive=price went our way, negative=continued against us)
II	0	07:00:02.028	Cazyxio_v4.2 (EURUSD,M15)	2026.03.11 13:00:02 | BAR | USDCAD | close=1.35910 h4ema200=1.36660 h4slope=DOWN ema50=1.35692 distToEMA50=21.8pips touchSeq=0 atr=0.000781 atrSma=0.000664 atrRatio=1.177 dir=SHORT spread=27.0 spreadOK=YES atrGate=PASS touch=PASS momCandle=momClosePos=0.930 momOk=N ema50Ok=Y barRange=0.001710 zeroRangeBar=NO trigger=NO hasPos=NO portRisk=1.00% openPos=2 | 1.359100
LH	0	07:00:02.028	Cazyxio_v4.2 (EURUSD,M15)	2026.03.11 13:00:02 | GATE_FAIL | USDCAD | Momentum candle FAIL. dir=SHORT close=1.35910 ema50=1.35692 momClosePos=0.930 momOk=N ema50Ok=Y barRange=0.001710
CS	0	07:00:19.399	Cazyxio_v4.2 (EURUSD,M15)	2026.03.11 13:00:19 | HEARTBEAT | SYSTEM | EA alive. Tick=190000 Equity=44610.25 OpenPos=2 PendingOrders=0 UTC=2026.03.11 13:00 DayOfWeek=3 WeekendCloseActive=NO NewTradeBlocked=NO | 190000.000000
CM	0	07:00:54.216	Cazyxio_v4.2 (EURUSD,M15)	2026.03.11 13:00:54 | HEARTBEAT | SYSTEM | EA alive. Tick=190100 Equity=44616.47 OpenPos=2 PendingOrders=0 UTC=2026.03.11 13:00 DayOfWeek=3 WeekendCloseActive=NO NewTradeBlocked=NO | 190100.000000
LL	0	07:01:35.771	Cazyxio_v4.2 (EURUSD,M15)	2026.03.11 13:01:35 | HEARTBEAT | SYSTEM | EA alive. Tick=190200 Equity=44597.18 OpenPos=2 PendingOrders=0 UTC=2026.03.11 13:01 DayOfWeek=3 WeekendCloseActive=NO NewTradeBlocked=NO | 190200.000000
JN	0	07:02:13.057	Cazyxio_v4.2 (EURUSD,M15)	2026.03.11 13:02:13 | HEARTBEAT | SYSTEM | EA alive. Tick=190300 Equity=44610.78 OpenPos=2 PendingOrders=0 UTC=2026.03.11 13:02 DayOfWeek=3 WeekendCloseActive=NO NewTradeBlocked=NO | 190300.000000
EH	0	07:02:54.184	Cazyxio_v4.2 (EURUSD,M15)	2026.03.11 13:02:54 | HEARTBEAT | SYSTEM | EA alive. Tick=190400 Equity=44614.58 OpenPos=2 PendingOrders=0 UTC=2026.03.11 13:02 DayOfWeek=3 WeekendCloseActive=NO NewTradeBlocked=NO | 190400.000000
DJ	0	07:03:33.159	Cazyxio_v4.2 (EURUSD,M15)	2026.03.11 13:03:33 | HEARTBEAT | SYSTEM | EA alive. Tick=190500 Equity=44629.63 OpenPos=2 PendingOrders=0 UTC=2026.03.11 13:03 DayOfWeek=3 WeekendCloseActive=NO NewTradeBlocked=NO | 190500.000000
FE	0	07:04:23.151	Cazyxio_v4.2 (EURUSD,M15)	2026.03.11 13:04:23 | HEARTBEAT | SYSTEM | EA alive. Tick=190600 Equity=44603.84 OpenPos=2 PendingOrders=0 UTC=2026.03.11 13:04 DayOfWeek=3 WeekendCloseActive=NO NewTradeBlocked=NO | 190600.000000
EG	0	07:05:12.010	Cazyxio_v4.2 (EURUSD,M15)	2026.03.11 13:05:12 | HEARTBEAT | SYSTEM | EA alive. Tick=190700 Equity=44607.08 OpenPos=2 PendingOrders=0 UTC=2026.03.11 13:05 DayOfWeek=3 WeekendCloseActive=NO NewTradeBlocked=NO | 190700.000000
GQ	0	07:05:54.111	Cazyxio_v4.2 (EURUSD,M15)	2026.03.11 13:05:54 | HEARTBEAT | SYSTEM | EA alive. Tick=190800 Equity=44607.02 OpenPos=2 PendingOrders=0 UTC=2026.03.11 13:05 DayOfWeek=3 WeekendCloseActive=NO NewTradeBlocked=NO | 190800.000000
FS	0	07:06:40.230	Cazyxio_v4.2 (EURUSD,M15)	2026.03.11 13:06:40 | HEARTBEAT | SYSTEM | EA alive. Tick=190900 Equity=44578.81 OpenPos=2 PendingOrders=0 UTC=2026.03.11 13:06 DayOfWeek=3 WeekendCloseActive=NO NewTradeBlocked=NO | 190900.000000
FR	0	07:07:31.051	Cazyxio_v4.2 (EURUSD,M15)	2026.03.11 13:07:31 | HEARTBEAT | SYSTEM | EA alive. Tick=191000 Equity=44568.66 OpenPos=2 PendingOrders=0 UTC=2026.03.11 13:07 DayOfWeek=3 WeekendCloseActive=NO NewTradeBlocked=NO | 191000.000000
PL	0	07:08:13.579	Cazyxio_v4.2 (EURUSD,M15)	2026.03.11 13:08:13 | HEARTBEAT | SYSTEM | EA alive. Tick=191100 Equity=44590.58 OpenPos=2 PendingOrders=0 UTC=2026.03.11 13:08 DayOfWeek=3 WeekendCloseActive=NO NewTradeBlocked=NO | 191100.000000
NN	0	07:08:55.196	Cazyxio_v4.2 (EURUSD,M15)	2026.03.11 13:08:55 | HEARTBEAT | SYSTEM | EA alive. Tick=191200 Equity=44587.37 OpenPos=2 PendingOrders=0 UTC=2026.03.11 13:08 DayOfWeek=3 WeekendCloseActive=NO NewTradeBlocked=NO | 191200.000000
EH	0	07:09:38.169	Cazyxio_v4.2 (EURUSD,M15)	2026.03.11 13:09:38 | HEARTBEAT | SYSTEM | EA alive. Tick=191300 Equity=44574.15 OpenPos=2 PendingOrders=0 UTC=2026.03.11 13:09 DayOfWeek=3 WeekendCloseActive=NO NewTradeBlocked=NO | 191300.000000
QK	0	07:10:20.612	Cazyxio_v4.2 (EURUSD,M15)	2026.03.11 13:10:20 | HEARTBEAT | SYSTEM | EA alive. Tick=191400 Equity=44575.60 OpenPos=2 PendingOrders=0 UTC=2026.03.11 13:10 DayOfWeek=3 WeekendCloseActive=NO NewTradeBlocked=NO | 191400.000000
EE	0	07:10:59.708	Cazyxio_v4.2 (EURUSD,M15)	2026.03.11 13:10:59 | HEARTBEAT | SYSTEM | EA alive. Tick=191500 Equity=44563.21 OpenPos=2 PendingOrders=0 UTC=2026.03.11 13:10 DayOfWeek=3 WeekendCloseActive=NO NewTradeBlocked=NO | 191500.000000
CG	0	07:11:56.207	Cazyxio_v4.2 (EURUSD,M15)	2026.03.11 13:11:56 | HEARTBEAT | SYSTEM | EA alive. Tick=191600 Equity=44563.35 OpenPos=2 PendingOrders=0 UTC=2026.03.11 13:11 DayOfWeek=3 WeekendCloseActive=NO NewTradeBlocked=NO | 191600.000000
IQ	0	07:12:43.988	Cazyxio_v4.2 (EURUSD,M15)	2026.03.11 13:12:43 | HEARTBEAT | SYSTEM | EA alive. Tick=191700 Equity=44579.99 OpenPos=2 PendingOrders=0 UTC=2026.03.11 13:12 DayOfWeek=3 WeekendCloseActive=NO NewTradeBlocked=NO | 191700.000000
FP	0	07:13:29.036	Cazyxio_v4.2 (EURUSD,M15)	2026.03.11 13:13:29 | HEARTBEAT | SYSTEM | EA alive. Tick=191800 Equity=44559.42 OpenPos=2 PendingOrders=0 UTC=2026.03.11 13:13 DayOfWeek=3 WeekendCloseActive=NO NewTradeBlocked=NO | 191800.000000
OR	0	07:14:15.377	Cazyxio_v4.2 (EURUSD,M15)	2026.03.11 13:14:15 | HEARTBEAT | SYSTEM | EA alive. Tick=191900 Equity=44561.25 OpenPos=2 PendingOrders=0 UTC=2026.03.11 13:14 DayOfWeek=3 WeekendCloseActive=NO NewTradeBlocked=NO | 191900.000000
LR	0	07:15:01.807	Cazyxio_v4.2 (EURUSD,M15)	2026.03.11 13:15:01 | BAR | EURUSD | close=1.15838 h4ema200=1.17300 h4slope=DOWN ema50=1.16094 distToEMA50=25.6pips touchSeq=0 atr=0.000884 atrSma=0.000843 atrRatio=1.049 dir=SHORT spread=17.0 spreadOK=YES atrGate=PASS touch=FAIL momCandle=momClosePos=0.544 momOk=N ema50Ok=Y barRange=0.001140 zeroRangeBar=NO trigger=NO hasPos=NO portRisk=1.00% openPos=2 | 1.158380
CQ	0	07:15:01.807	Cazyxio_v4.2 (EURUSD,M15)	2026.03.11 13:15:01 | NEAR_MISS | EURUSD | Touch near-miss. BestDistRatio=1.247 (1.0=exactly at tolerance, <1.5=near miss) DistToEMA50=25.6pips
KI	0	07:15:01.807	Cazyxio_v4.2 (EURUSD,M15)	2026.03.11 13:15:01 | GATE_FAIL | EURUSD | Touch/pullback gate FAIL. Price has not approached EMA50 within last 12 bars (within 0.60 ATR). DistToEMA50=25.6pips.
GS	0	07:15:01.807	Cazyxio_v4.2 (EURUSD,M15)	2026.03.11 13:15:01 | BAR | USDJPY | close=158.540 h4ema200=156.246 h4slope=UP ema50=158.284 distToEMA50=25.6pips touchSeq=0 atr=0.107214 atrSma=0.102879 atrRatio=1.042 dir=LONG spread=15.0 spreadOK=YES atrGate=PASS touch=FAIL momCandle=momClosePos=0.482 momOk=N ema50Ok=Y barRange=0.139000 zeroRangeBar=NO trigger=NO hasPos=NO portRisk=1.00% openPos=2 | 158.540000
KE	0	07:15:01.807	Cazyxio_v4.2 (EURUSD,M15)	2026.03.11 13:15:01 | NEAR_MISS | USDJPY | Touch near-miss. BestDistRatio=1.062 (1.0=exactly at tolerance, <1.5=near miss) DistToEMA50=25.6pips
HN	0	07:15:01.807	Cazyxio_v4.2 (EURUSD,M15)	2026.03.11 13:15:01 | GATE_FAIL | USDJPY | Touch/pullback gate FAIL. Price has not approached EMA50 within last 12 bars (within 0.60 ATR). DistToEMA50=25.6pips.
GJ	0	07:15:02.059	Cazyxio_v4.2 (EURUSD,M15)	2026.03.11 13:15:02 | BAR | GBPJPY | close=212.612 h4ema200=210.629 h4slope=UP ema50=212.590 distToEMA50=2.2pips touchSeq=5 atr=0.148571 atrSma=0.124534 atrRatio=1.193 dir=LONG spread=41.0 spreadOK=NO atrGate=PASS touch=PASS momCandle=momClosePos=0.755 momOk=Y ema50Ok=Y barRange=0.200000 zeroRangeBar=NO trigger=YES hasPos=NO portRisk=1.00% openPos=2 | 212.612000
RF	0	07:15:02.059	Cazyxio_v4.2 (EURUSD,M15)	2026.03.11 13:15:02 | GATE_FAIL | GBPJPY | Spread too wide. Spread=41.0 Max=30 points.
JE	0	07:15:02.308	Cazyxio_v4.2 (EURUSD,M15)	2026.03.11 13:15:02 | POST_SL_CONTEXT | USDCAD | Bar 4 after SL hit. SLHitPrice=1.35770 BarClose=1.35891 MoveSinceSL=-12.1pips Verdict=REVERSED_AGAINST_TRADE (positive=price went our way, negative=continued against us)
LL	0	07:15:02.308	Cazyxio_v4.2 (EURUSD,M15)	2026.03.11 13:15:02 | BAR | USDCAD | close=1.35891 h4ema200=1.36660 h4slope=DOWN ema50=1.35699 distToEMA50=19.2pips touchSeq=0 atr=0.000807 atrSma=0.000665 atrRatio=1.215 dir=SHORT spread=24.0 spreadOK=YES atrGate=PASS touch=PASS momCandle=momClosePos=0.326 momOk=Y ema50Ok=Y barRange=0.000890 zeroRangeBar=NO trigger=YES hasPos=NO portRisk=1.00% openPos=2 | 1.358910
FR	0	07:15:02.308	Cazyxio_v4.2 (EURUSD,M15)	2026.03.11 13:15:02 | GATE_FAIL | USDCAD | SL cooldown active. Last SL=2026.03.11 15:15 CooldownEnds=2026.03.11 16:15 MinsRemaining=0
IF	0	07:15:02.943	Cazyxio_v4.2 (EURUSD,M15)	2026.03.11 13:15:02 | BAR | GBPUSD | close=1.34102 h4ema200=1.34805 h4slope=DOWN ema50=1.34306 distToEMA50=20.4pips touchSeq=0 atr=0.001268 atrSma=0.001022 atrRatio=1.241 dir=SHORT spread=20.0 spreadOK=YES atrGate=PASS touch=PASS momCandle=momClosePos=0.851 momOk=N ema50Ok=Y barRange=0.001610 zeroRangeBar=NO trigger=NO hasPos=YES portRisk=1.00% openPos=2 | 1.341020
NK	0	07:15:02.943	Cazyxio_v4.2 (EURUSD,M15)	2026.03.11 13:15:02 | POSITION_HEALTH | GBPUSD | ticket=4400627 dir=SHORT openPrice=1.34385 curPrice=1.34124 unrealPnL=279.27 curR=1.250 MFE=38.2pips MAE=0.0pips timeOpen=84min SL=1.34254 TP=1.33838
RI	0	07:15:02.943	Cazyxio_v4.2 (EURUSD,M15)	2026.03.11 13:15:02 | TRAIL_SKIP | GBPUSD | Trail not yet active. ProfitDist=0.00261 ActivateAt=0.00313 MFE=0.00261 ticket=4400627
RM	0	07:15:03.416	Cazyxio_v4.2 (EURUSD,M15)	2026.03.11 13:15:03 | BAR | AUDUSD | close=0.71513 h4ema200=0.70074 h4slope=UP ema50=0.71551 distToEMA50=3.8pips touchSeq=8 atr=0.000821 atrSma=0.000890 atrRatio=0.923 dir=LONG spread=16.0 spreadOK=YES atrGate=PASS touch=PASS momCandle=momClosePos=0.835 momOk=Y ema50Ok=Y barRange=0.000790 zeroRangeBar=NO trigger=YES hasPos=YES portRisk=1.00% openPos=2 | 0.715130
QN	0	07:15:03.416	Cazyxio_v4.2 (EURUSD,M15)	2026.03.11 13:15:03 | POSITION_HEALTH | AUDUSD | ticket=4400182 dir=LONG openPrice=0.71535 curPrice=0.71514 unrealPnL=-30.45 curR=-0.137 MFE=12.7pips MAE=8.1pips timeOpen=250min SL=0.71381 TP=0.71919
DP	0	07:15:03.416	Cazyxio_v4.2 (EURUSD,M15)	2026.03.11 13:15:03 | TRAIL_SKIP | AUDUSD | Trail not yet active. ProfitDist=-0.00021 ActivateAt=0.00230 MFE=-0.00021 ticket=4400182
OE	0	07:15:09.264	Cazyxio_v4.2 (EURUSD,M15)	2026.03.11 13:15:09 | HEARTBEAT | SYSTEM | EA alive. Tick=192000 Equity=44567.05 OpenPos=2 PendingOrders=0 UTC=2026.03.11 13:15 DayOfWeek=3 WeekendCloseActive=NO NewTradeBlocked=NO | 192000.000000
PG	0	07:16:03.400	Cazyxio_v4.2 (EURUSD,M15)	2026.03.11 13:16:03 | HEARTBEAT | SYSTEM | EA alive. Tick=192100 Equity=44549.83 OpenPos=2 PendingOrders=0 UTC=2026.03.11 13:16 DayOfWeek=3 WeekendCloseActive=NO NewTradeBlocked=NO | 192100.000000
JQ	0	07:16:59.088	Cazyxio_v4.2 (EURUSD,M15)	2026.03.11 13:16:59 | HEARTBEAT | SYSTEM | EA alive. Tick=192200 Equity=44559.91 OpenPos=2 PendingOrders=0 UTC=2026.03.11 13:16 DayOfWeek=3 WeekendCloseActive=NO NewTradeBlocked=NO | 192200.000000
PS	0	07:18:04.311	Cazyxio_v4.2 (EURUSD,M15)	2026.03.11 13:18:04 | HEARTBEAT | SYSTEM | EA alive. Tick=192300 Equity=44545.17 OpenPos=2 PendingOrders=0 UTC=2026.03.11 13:18 DayOfWeek=3 WeekendCloseActive=NO NewTradeBlocked=NO | 192300.000000
QR	0	07:19:07.296	Cazyxio_v4.2 (EURUSD,M15)	2026.03.11 13:19:07 | HEARTBEAT | SYSTEM | EA alive. Tick=192400 Equity=44568.09 OpenPos=2 PendingOrders=0 UTC=2026.03.11 13:19 DayOfWeek=3 WeekendCloseActive=NO NewTradeBlocked=NO | 192400.000000
LL	0	07:19:59.951	Cazyxio_v4.2 (EURUSD,M15)	2026.03.11 13:19:59 | HEARTBEAT | SYSTEM | EA alive. Tick=192500 Equity=44566.51 OpenPos=2 PendingOrders=0 UTC=2026.03.11 13:19 DayOfWeek=3 WeekendCloseActive=NO NewTradeBlocked=NO | 192500.000000
EN	0	07:20:50.931	Cazyxio_v4.2 (EURUSD,M15)	2026.03.11 13:20:50 | HEARTBEAT | SYSTEM | EA alive. Tick=192600 Equity=44577.87 OpenPos=2 PendingOrders=0 UTC=2026.03.11 13:20 DayOfWeek=3 WeekendCloseActive=NO NewTradeBlocked=NO | 192600.000000
MH	0	07:21:56.702	Cazyxio_v4.2 (EURUSD,M15)	2026.03.11 13:21:56 | HEARTBEAT | SYSTEM | EA alive. Tick=192700 Equity=44582.53 OpenPos=2 PendingOrders=0 UTC=2026.03.11 13:21 DayOfWeek=3 WeekendCloseActive=NO NewTradeBlocked=NO | 192700.000000
CK	0	07:22:54.467	Cazyxio_v4.2 (EURUSD,M15)	2026.03.11 13:22:54 | HEARTBEAT | SYSTEM | EA alive. Tick=192800 Equity=44601.83 OpenPos=2 PendingOrders=0 UTC=2026.03.11 13:22 DayOfWeek=3 WeekendCloseActive=NO NewTradeBlocked=NO | 192800.000000
ME	0	07:24:05.832	Cazyxio_v4.2 (EURUSD,M15)	2026.03.11 13:24:05 | HEARTBEAT | SYSTEM | EA alive. Tick=192900 Equity=44614.29 OpenPos=2 PendingOrders=0 UTC=2026.03.11 13:24 DayOfWeek=3 WeekendCloseActive=NO NewTradeBlocked=NO | 192900.000000
QG	0	07:25:11.733	Cazyxio_v4.2 (EURUSD,M15)	2026.03.11 13:25:11 | HEARTBEAT | SYSTEM | EA alive. Tick=193000 Equity=44608.67 OpenPos=2 PendingOrders=0 UTC=2026.03.11 13:25 DayOfWeek=3 WeekendCloseActive=NO NewTradeBlocked=NO | 193000.000000
FQ	0	07:25:56.981	Cazyxio_v4.2 (EURUSD,M15)	2026.03.11 13:25:56 | HEARTBEAT | SYSTEM | EA alive. Tick=193100 Equity=44576.36 OpenPos=2 PendingOrders=0 UTC=2026.03.11 13:25 DayOfWeek=3 WeekendCloseActive=NO NewTradeBlocked=NO | 193100.000000
JP	0	07:26:58.361	Cazyxio_v4.2 (EURUSD,M15)	2026.03.11 13:26:58 | HEARTBEAT | SYSTEM | EA alive. Tick=193200 Equity=44582.01 OpenPos=2 PendingOrders=0 UTC=2026.03.11 13:26 DayOfWeek=3 WeekendCloseActive=NO NewTradeBlocked=NO | 193200.000000
MR	0	07:28:11.261	Cazyxio_v4.2 (EURUSD,M15)	2026.03.11 13:28:11 | HEARTBEAT | SYSTEM | EA alive. Tick=193300 Equity=44582.25 OpenPos=2 PendingOrders=0 UTC=2026.03.11 13:28 DayOfWeek=3 WeekendCloseActive=NO NewTradeBlocked=NO | 193300.000000
PL	0	07:29:15.471	Cazyxio_v4.2 (EURUSD,M15)	2026.03.11 13:29:15 | HEARTBEAT | SYSTEM | EA alive. Tick=193400 Equity=44566.44 OpenPos=2 PendingOrders=0 UTC=2026.03.11 13:29 DayOfWeek=3 WeekendCloseActive=NO NewTradeBlocked=NO | 193400.000000
RL	0	07:30:01.865	Cazyxio_v4.2 (EURUSD,M15)	2026.03.11 13:30:01 | BAR | GBPUSD | close=1.34165 h4ema200=1.34805 h4slope=DOWN ema50=1.34303 distToEMA50=13.8pips touchSeq=1 atr=0.001266 atrSma=0.001023 atrRatio=1.238 dir=SHORT spread=21.0 spreadOK=YES atrGate=PASS touch=PASS momCandle=momClosePos=0.582 momOk=N ema50Ok=Y barRange=0.001220 zeroRangeBar=NO trigger=NO hasPos=YES portRisk=1.00% openPos=2 | 1.341650
KQ	0	07:30:01.865	Cazyxio_v4.2 (EURUSD,M15)	2026.03.11 13:30:01 | POSITION_HEALTH | GBPUSD | ticket=4400627 dir=SHORT openPrice=1.34385 curPrice=1.34188 unrealPnL=210.79 curR=0.943 MFE=38.2pips MAE=0.0pips timeOpen=99min SL=1.34254 TP=1.33838
MO	0	07:30:01.865	Cazyxio_v4.2 (EURUSD,M15)	2026.03.11 13:30:01 | TRAIL_SKIP | GBPUSD | Trail not yet active. ProfitDist=0.00197 ActivateAt=0.00313 MFE=0.00197 ticket=4400627
HI	0	07:30:01.865	Cazyxio_v4.2 (EURUSD,M15)	2026.03.11 13:30:01 | BAR | EURUSD | close=1.15874 h4ema200=1.17300 h4slope=DOWN ema50=1.16086 distToEMA50=21.2pips touchSeq=0 atr=0.000864 atrSma=0.000841 atrRatio=1.027 dir=SHORT spread=15.0 spreadOK=YES atrGate=PASS touch=FAIL momCandle=momClosePos=0.580 momOk=N ema50Ok=Y barRange=0.000810 zeroRangeBar=NO trigger=NO hasPos=NO portRisk=1.00% openPos=2 | 1.158740
OK	0	07:30:01.865	Cazyxio_v4.2 (EURUSD,M15)	2026.03.11 13:30:01 | NEAR_MISS | EURUSD | Touch near-miss. BestDistRatio=1.247 (1.0=exactly at tolerance, <1.5=near miss) DistToEMA50=21.2pips
GP	0	07:30:01.865	Cazyxio_v4.2 (EURUSD,M15)	2026.03.11 13:30:01 | GATE_FAIL | EURUSD | Touch/pullback gate FAIL. Price has not approached EMA50 within last 12 bars (within 0.60 ATR). DistToEMA50=21.2pips.
QF	0	07:30:01.865	Cazyxio_v4.2 (EURUSD,M15)	2026.03.11 13:30:01 | BAR | AUDUSD | close=0.71559 h4ema200=0.70075 h4slope=UP ema50=0.71553 distToEMA50=0.6pips touchSeq=9 atr=0.000814 atrSma=0.000888 atrRatio=0.917 dir=LONG spread=18.0 spreadOK=YES atrGate=PASS touch=PASS momCandle=momClosePos=0.524 momOk=N ema50Ok=Y barRange=0.001050 zeroRangeBar=NO trigger=NO hasPos=YES portRisk=1.00% openPos=2 | 0.715590
MQ	0	07:30:01.865	Cazyxio_v4.2 (EURUSD,M15)	2026.03.11 13:30:01 | POSITION_HEALTH | AUDUSD | ticket=4400182 dir=LONG openPrice=0.71535 curPrice=0.71563 unrealPnL=40.60 curR=0.182 MFE=12.7pips MAE=8.1pips timeOpen=265min SL=0.71381 TP=0.71919
DK	0	07:30:01.865	Cazyxio_v4.2 (EURUSD,M15)	2026.03.11 13:30:01 | TRAIL_SKIP | AUDUSD | Trail not yet active. ProfitDist=0.00028 ActivateAt=0.00230 MFE=0.00028 ticket=4400182
QN	0	07:30:01.865	Cazyxio_v4.2 (EURUSD,M15)	2026.03.11 13:30:01 | BAR | GBPJPY | close=212.677 h4ema200=210.630 h4slope=UP ema50=212.596 distToEMA50=8.1pips touchSeq=6 atr=0.152143 atrSma=0.124939 atrRatio=1.218 dir=LONG spread=40.0 spreadOK=NO atrGate=PASS touch=PASS momCandle=momClosePos=0.604 momOk=N ema50Ok=Y barRange=0.159000 zeroRangeBar=NO trigger=NO hasPos=NO portRisk=1.00% openPos=2 | 212.677000
JI	0	07:30:01.865	Cazyxio_v4.2 (EURUSD,M15)	2026.03.11 13:30:01 | GATE_FAIL | GBPJPY | Spread too wide. Spread=40.0 Max=30 points.
OH	0	07:30:02.113	Cazyxio_v4.2 (EURUSD,M15)	2026.03.11 13:30:02 | BAR | USDCAD | close=1.35909 h4ema200=1.36660 h4slope=DOWN ema50=1.35708 distToEMA50=20.1pips touchSeq=0 atr=0.000828 atrSma=0.000665 atrRatio=1.244 dir=SHORT spread=24.0 spreadOK=YES atrGate=PASS touch=PASS momCandle=momClosePos=0.780 momOk=N ema50Ok=Y barRange=0.000820 zeroRangeBar=NO trigger=NO hasPos=NO portRisk=1.00% openPos=2 | 1.359090
QH	0	07:30:02.113	Cazyxio_v4.2 (EURUSD,M15)	2026.03.11 13:30:02 | GATE_FAIL | USDCAD | Momentum candle FAIL. dir=SHORT close=1.35909 ema50=1.35708 momClosePos=0.780 momOk=N ema50Ok=Y barRange=0.000820
JQ	0	07:30:03.115	Cazyxio_v4.2 (EURUSD,M15)	2026.03.11 13:30:03 | BAR | USDJPY | close=158.517 h4ema200=156.245 h4slope=UP ema50=158.292 distToEMA50=22.5pips touchSeq=0 atr=0.106714 atrSma=0.102974 atrRatio=1.036 dir=LONG spread=15.0 spreadOK=YES atrGate=PASS touch=FAIL momCandle=momClosePos=0.457 momOk=N ema50Ok=Y barRange=0.092000 zeroRangeBar=NO trigger=NO hasPos=NO portRisk=1.00% openPos=2 | 158.517000
KF	0	07:30:03.115	Cazyxio_v4.2 (EURUSD,M15)	2026.03.11 13:30:03 | NEAR_MISS | USDJPY | Touch near-miss. BestDistRatio=1.062 (1.0=exactly at tolerance, <1.5=near miss) DistToEMA50=22.5pips
DL	0	07:30:03.115	Cazyxio_v4.2 (EURUSD,M15)	2026.03.11 13:30:03 | GATE_FAIL | USDJPY | Touch/pullback gate FAIL. Price has not approached EMA50 within last 12 bars (within 0.60 ATR). DistToEMA50=22.5pips.
CD	0	07:30:08.110	Cazyxio_v4.2 (EURUSD,M15)	2026.03.11 13:30:08 | HEARTBEAT | SYSTEM | EA alive. Tick=193500 Equity=44561.02 OpenPos=2 PendingOrders=0 UTC=2026.03.11 13:30 DayOfWeek=3 WeekendCloseActive=NO NewTradeBlocked=NO | 193500.000000
EF	0	07:30:58.892	Cazyxio_v4.2 (EURUSD,M15)	2026.03.11 13:30:58 | HEARTBEAT | SYSTEM | EA alive. Tick=193600 Equity=44566.99 OpenPos=2 PendingOrders=0 UTC=2026.03.11 13:30 DayOfWeek=3 WeekendCloseActive=NO NewTradeBlocked=NO | 193600.000000
OQ	0	07:31:49.891	Cazyxio_v4.2 (EURUSD,M15)	2026.03.11 13:31:49 | HEARTBEAT | SYSTEM | EA alive. Tick=193700 Equity=44565.74 OpenPos=2 PendingOrders=0 UTC=2026.03.11 13:31 DayOfWeek=3 WeekendCloseActive=NO NewTradeBlocked=NO | 193700.000000
GS	0	07:32:52.576	Cazyxio_v4.2 (EURUSD,M15)	2026.03.11 13:32:52 | HEARTBEAT | SYSTEM | EA alive. Tick=193800 Equity=44578.62 OpenPos=2 PendingOrders=0 UTC=2026.03.11 13:32 DayOfWeek=3 WeekendCloseActive=NO NewTradeBlocked=NO | 193800.000000
QM	0	07:33:36.248	Cazyxio_v4.2 (EURUSD,M15)	2026.03.11 13:33:36 | HEARTBEAT | SYSTEM | EA alive. Tick=193900 Equity=44565.36 OpenPos=2 PendingOrders=0 UTC=2026.03.11 13:33 DayOfWeek=3 WeekendCloseActive=NO NewTradeBlocked=NO | 193900.000000
NO	0	07:34:18.217	Cazyxio_v4.2 (EURUSD,M15)	2026.03.11 13:34:18 | HEARTBEAT | SYSTEM | EA alive. Tick=194000 Equity=44564.19 OpenPos=2 PendingOrders=0 UTC=2026.03.11 13:34 DayOfWeek=3 WeekendCloseActive=NO NewTradeBlocked=NO | 194000.000000
CN	0	07:35:04.710	Cazyxio_v4.2 (EURUSD,M15)	2026.03.11 13:35:04 | HEARTBEAT | SYSTEM | EA alive. Tick=194100 Equity=44576.96 OpenPos=2 PendingOrders=0 UTC=2026.03.11 13:35 DayOfWeek=3 WeekendCloseActive=NO NewTradeBlocked=NO | 194100.000000
OH	0	07:36:00.091	Cazyxio_v4.2 (EURUSD,M15)	2026.03.11 13:36:00 | HEARTBEAT | SYSTEM | EA alive. Tick=194200 Equity=44586.14 OpenPos=2 PendingOrders=0 UTC=2026.03.11 13:36 DayOfWeek=3 WeekendCloseActive=NO NewTradeBlocked=NO | 194200.000000
LJ	0	07:36:45.176	Cazyxio_v4.2 (EURUSD,M15)	2026.03.11 13:36:45 | HEARTBEAT | SYSTEM | EA alive. Tick=194300 Equity=44595.53 OpenPos=2 PendingOrders=0 UTC=2026.03.11 13:36 DayOfWeek=3 WeekendCloseActive=NO NewTradeBlocked=NO | 194300.000000
FD	0	07:37:29.152	Cazyxio_v4.2 (EURUSD,M15)	2026.03.11 13:37:29 | HEARTBEAT | SYSTEM | EA alive. Tick=194400 Equity=44602.57 OpenPos=2 PendingOrders=0 UTC=2026.03.11 13:37 DayOfWeek=3 WeekendCloseActive=NO NewTradeBlocked=NO | 194400.000000
CG	0	07:38:11.324	Cazyxio_v4.2 (EURUSD,M15)	2026.03.11 13:38:11 | HEARTBEAT | SYSTEM | EA alive. Tick=194500 Equity=44606.27 OpenPos=2 PendingOrders=0 UTC=2026.03.11 13:38 DayOfWeek=3 WeekendCloseActive=NO NewTradeBlocked=NO | 194500.000000
EQ	0	07:38:50.460	Cazyxio_v4.2 (EURUSD,M15)	2026.03.11 13:38:50 | HEARTBEAT | SYSTEM | EA alive. Tick=194600 Equity=44631.33 OpenPos=2 PendingOrders=0 UTC=2026.03.11 13:38 DayOfWeek=3 WeekendCloseActive=NO NewTradeBlocked=NO | 194600.000000
DS	0	07:39:42.837	Cazyxio_v4.2 (EURUSD,M15)	2026.03.11 13:39:42 | HEARTBEAT | SYSTEM | EA alive. Tick=194700 Equity=44658.78 OpenPos=2 PendingOrders=0 UTC=2026.03.11 13:39 DayOfWeek=3 WeekendCloseActive=NO NewTradeBlocked=NO | 194700.000000
IM	0	07:40:20.245	Cazyxio_v4.2 (EURUSD,M15)	2026.03.11 13:40:20 | HEARTBEAT | SYSTEM | EA alive. Tick=194800 Equity=44664.31 OpenPos=2 PendingOrders=0 UTC=2026.03.11 13:40 DayOfWeek=3 WeekendCloseActive=NO NewTradeBlocked=NO | 194800.000000
ML	0	07:41:08.701	Cazyxio_v4.2 (EURUSD,M15)	2026.03.11 13:41:08 | HEARTBEAT | SYSTEM | EA alive. Tick=194900 Equity=44644.73 OpenPos=2 PendingOrders=0 UTC=2026.03.11 13:41 DayOfWeek=3 WeekendCloseActive=NO NewTradeBlocked=NO | 194900.000000
HN	0	07:42:03.611	Cazyxio_v4.2 (EURUSD,M15)	2026.03.11 13:42:03 | HEARTBEAT | SYSTEM | EA alive. Tick=195000 Equity=44680.04 OpenPos=2 PendingOrders=0 UTC=2026.03.11 13:42 DayOfWeek=3 WeekendCloseActive=NO NewTradeBlocked=NO | 195000.000000
HH	0	07:42:58.678	Cazyxio_v4.2 (EURUSD,M15)	2026.03.11 13:42:58 | HEARTBEAT | SYSTEM | EA alive. Tick=195100 Equity=44695.30 OpenPos=2 PendingOrders=0 UTC=2026.03.11 13:42 DayOfWeek=3 WeekendCloseActive=NO NewTradeBlocked=NO | 195100.000000
IJ	0	07:43:52.320	Cazyxio_v4.2 (EURUSD,M15)	2026.03.11 13:43:52 | HEARTBEAT | SYSTEM | EA alive. Tick=195200 Equity=44705.41 OpenPos=2 PendingOrders=0 UTC=2026.03.11 13:43 DayOfWeek=3 WeekendCloseActive=NO NewTradeBlocked=NO | 195200.000000
FE	0	07:44:35.228	Cazyxio_v4.2 (EURUSD,M15)	2026.03.11 13:44:35 | HEARTBEAT | SYSTEM | EA alive. Tick=195300 Equity=44704.30 OpenPos=2 PendingOrders=0 UTC=2026.03.11 13:44 DayOfWeek=3 WeekendCloseActive=NO NewTradeBlocked=NO | 195300.000000
FH	0	07:45:01.889	Cazyxio_v4.2 (EURUSD,M15)	2026.03.11 13:45:01 | BAR | GBPUSD | close=1.34046 h4ema200=1.34804 h4slope=DOWN ema50=1.34288 distToEMA50=24.2pips touchSeq=0 atr=0.001246 atrSma=0.001025 atrRatio=1.216 dir=SHORT spread=22.0 spreadOK=YES atrGate=PASS touch=PASS momCandle=momClosePos=0.199 momOk=Y ema50Ok=Y barRange=0.001510 zeroRangeBar=NO trigger=YES hasPos=YES portRisk=1.00% openPos=2 | 1.340460
FK	0	07:45:01.889	Cazyxio_v4.2 (EURUSD,M15)	2026.03.11 13:45:01 | POSITION_HEALTH | GBPUSD | ticket=4400627 dir=SHORT openPrice=1.34385 curPrice=1.34067 unrealPnL=340.26 curR=1.523 MFE=38.2pips MAE=0.0pips timeOpen=114min SL=1.34254 TP=1.33838
FF	0	07:45:01.889	Cazyxio_v4.2 (EURUSD,M15)	2026.03.11 13:45:01 | BAR | EURUSD | close=1.15817 h4ema200=1.17300 h4slope=DOWN ema50=1.16074 distToEMA50=25.7pips touchSeq=0 atr=0.000899 atrSma=0.000840 atrRatio=1.070 dir=SHORT spread=17.0 spreadOK=YES atrGate=PASS touch=FAIL momCandle=momClosePos=0.161 momOk=Y ema50Ok=Y barRange=0.000930 zeroRangeBar=NO trigger=YES hasPos=NO portRisk=1.00% openPos=2 | 1.158170
DK	0	07:45:01.889	Cazyxio_v4.2 (EURUSD,M15)	2026.03.11 13:45:01 | GATE_FAIL | EURUSD | Touch/pullback gate FAIL. Price has not approached EMA50 within last 12 bars (within 0.60 ATR). DistToEMA50=25.7pips.
LI	0	07:45:01.889	Cazyxio_v4.2 (EURUSD,M15)	2026.03.11 13:45:01 | BAR | AUDUSD | close=0.71565 h4ema200=0.70075 h4slope=UP ema50=0.71553 distToEMA50=1.2pips touchSeq=10 atr=0.000849 atrSma=0.000887 atrRatio=0.958 dir=LONG spread=19.0 spreadOK=YES atrGate=PASS touch=PASS momCandle=momClosePos=0.618 momOk=N ema50Ok=Y barRange=0.001020 zeroRangeBar=NO trigger=NO hasPos=YES portRisk=1.00% openPos=2 | 0.715650
JD	0	07:45:01.889	Cazyxio_v4.2 (EURUSD,M15)	2026.03.11 13:45:01 | POSITION_HEALTH | AUDUSD | ticket=4400182 dir=LONG openPrice=0.71535 curPrice=0.71566 unrealPnL=44.95 curR=0.202 MFE=12.7pips MAE=8.1pips timeOpen=280min SL=0.71381 TP=0.71919
RF	0	07:45:01.889	Cazyxio_v4.2 (EURUSD,M15)	2026.03.11 13:45:01 | TRAIL_SKIP | AUDUSD | Trail not yet active. ProfitDist=0.00031 ActivateAt=0.00230 MFE=0.00031 ticket=4400182
CQ	0	07:45:02.133	Cazyxio_v4.2 (EURUSD,M15)	2026.03.11 13:45:02 | BAR | USDJPY | close=158.597 h4ema200=156.246 h4slope=UP ema50=158.307 distToEMA50=29.0pips touchSeq=0 atr=0.108571 atrSma=0.103015 atrRatio=1.054 dir=LONG spread=16.0 spreadOK=YES atrGate=PASS touch=FAIL momCandle=momClosePos=0.977 momOk=Y ema50Ok=Y barRange=0.087000 zeroRangeBar=NO trigger=YES hasPos=NO portRisk=1.00% openPos=2 | 158.597000
ES	0	07:45:02.133	Cazyxio_v4.2 (EURUSD,M15)	2026.03.11 13:45:02 | NEAR_MISS | USDJPY | Touch near-miss. BestDistRatio=1.062 (1.0=exactly at tolerance, <1.5=near miss) DistToEMA50=29.0pips
NG	0	07:45:02.133	Cazyxio_v4.2 (EURUSD,M15)	2026.03.11 13:45:02 | GATE_FAIL | USDJPY | Touch/pullback gate FAIL. Price has not approached EMA50 within last 12 bars (within 0.60 ATR). DistToEMA50=29.0pips.
KN	0	07:45:02.133	Cazyxio_v4.2 (EURUSD,M15)	2026.03.11 13:45:02 | BAR | GBPJPY | close=212.594 h4ema200=210.629 h4slope=UP ema50=212.592 distToEMA50=0.2pips touchSeq=7 atr=0.144857 atrSma=0.125202 atrRatio=1.157 dir=LONG spread=39.0 spreadOK=NO atrGate=PASS touch=PASS momCandle=momClosePos=0.329 momOk=N ema50Ok=Y barRange=0.149000 zeroRangeBar=NO trigger=NO hasPos=NO portRisk=1.00% openPos=2 | 212.594000
DI	0	07:45:02.133	Cazyxio_v4.2 (EURUSD,M15)	2026.03.11 13:45:02 | GATE_FAIL | GBPJPY | Spread too wide. Spread=39.0 Max=30 points.
FE	0	07:45:02.133	Cazyxio_v4.2 (EURUSD,M15)	2026.03.11 13:45:02 | BAR | USDCAD | close=1.35857 h4ema200=1.36660 h4slope=DOWN ema50=1.35712 distToEMA50=14.5pips touchSeq=0 atr=0.000860 atrSma=0.000666 atrRatio=1.290 dir=SHORT spread=25.0 spreadOK=YES atrGate=PASS touch=PASS momCandle=momClosePos=0.202 momOk=Y ema50Ok=Y barRange=0.000840 zeroRangeBar=NO trigger=YES hasPos=NO portRisk=1.00% openPos=2 | 1.358570
NI	0	07:45:02.133	Cazyxio_v4.2 (EURUSD,M15)	2026.03.11 13:45:02 | SIGNAL | USDCAD | VALID SIGNAL (LIMIT): SHORT limitPrice=1.35716 sl=1.35854 tp=1.35372 stopDist=0.00138 lots=2.20 riskPct=0.50 R:R=2.50 ema50=1.35712 distToLimit=14.3pips expiresIn=4bars touchSeq=0 | 1.357160
MG	0	07:45:02.133	Cazyxio_v4.2 (EURUSD,M15)	CTrade::OrderSend: sell limit 2.20 USDCAD at 1.35716 sl: 1.35854 tp: 1.35372 [invalid price]
HR	0	07:45:02.133	Cazyxio_v4.2 (EURUSD,M15)	2026.03.11 13:45:02 | ORDER_FAILED | USDCAD | SELL_LIMIT FAILED. retcode=10015 desc=invalid price limitPrice=1.35716
RR	0	07:45:13.936	Cazyxio_v4.2 (EURUSD,M15)	2026.03.11 13:45:13 | HEARTBEAT | SYSTEM | EA alive. Tick=195400 Equity=44714.52 OpenPos=2 PendingOrders=0 UTC=2026.03.11 13:45 DayOfWeek=3 WeekendCloseActive=NO NewTradeBlocked=NO | 195400.000000
HM	0	07:46:04.053	Cazyxio_v4.2 (EURUSD,M15)	2026.03.11 13:46:04 | HEARTBEAT | SYSTEM | EA alive. Tick=195500 Equity=44722.94 OpenPos=2 PendingOrders=0 UTC=2026.03.11 13:46 DayOfWeek=3 WeekendCloseActive=NO NewTradeBlocked=NO | 195500.000000
KO	0	07:46:50.252	Cazyxio_v4.2 (EURUSD,M15)	2026.03.11 13:46:50 | HEARTBEAT | SYSTEM | EA alive. Tick=195600 Equity=44712.62 OpenPos=2 PendingOrders=0 UTC=2026.03.11 13:46 DayOfWeek=3 WeekendCloseActive=NO NewTradeBlocked=NO | 195600.000000
EI	0	07:47:48.278	Cazyxio_v4.2 (EURUSD,M15)	2026.03.11 13:47:48 | HEARTBEAT | SYSTEM | EA alive. Tick=195700 Equity=44721.38 OpenPos=2 PendingOrders=0 UTC=2026.03.11 13:47 DayOfWeek=3 WeekendCloseActive=NO NewTradeBlocked=NO | 195700.000000
FK	0	07:48:55.079	Cazyxio_v4.2 (EURUSD,M15)	2026.03.11 13:48:55 | HEARTBEAT | SYSTEM | EA alive. Tick=195800 Equity=44698.98 OpenPos=2 PendingOrders=0 UTC=2026.03.11 13:48 DayOfWeek=3 WeekendCloseActive=NO NewTradeBlocked=NO | 195800.000000
RJ	0	07:49:43.383	Cazyxio_v4.2 (EURUSD,M15)	2026.03.11 13:49:43 | HEARTBEAT | SYSTEM | EA alive. Tick=195900 Equity=44689.35 OpenPos=2 PendingOrders=0 UTC=2026.03.11 13:49 DayOfWeek=3 WeekendCloseActive=NO NewTradeBlocked=NO | 195900.000000
GD	0	07:50:31.761	Cazyxio_v4.2 (EURUSD,M15)	2026.03.11 13:50:31 | HEARTBEAT | SYSTEM | EA alive. Tick=196000 Equity=44679.24 OpenPos=2 PendingOrders=0 UTC=2026.03.11 13:50 DayOfWeek=3 WeekendCloseActive=NO NewTradeBlocked=NO | 196000.000000
OF	0	07:51:17.639	Cazyxio_v4.2 (EURUSD,M15)	2026.03.11 13:51:17 | HEARTBEAT | SYSTEM | EA alive. Tick=196100 Equity=44674.75 OpenPos=2 PendingOrders=0 UTC=2026.03.11 13:51 DayOfWeek=3 WeekendCloseActive=NO NewTradeBlocked=NO | 196100.000000
NP	0	07:52:00.890	Cazyxio_v4.2 (EURUSD,M15)	2026.03.11 13:52:00 | HEARTBEAT | SYSTEM | EA alive. Tick=196200 Equity=44655.59 OpenPos=2 PendingOrders=0 UTC=2026.03.11 13:52 DayOfWeek=3 WeekendCloseActive=NO NewTradeBlocked=NO | 196200.000000
MS	0	07:52:50.456	Cazyxio_v4.2 (EURUSD,M15)	2026.03.11 13:52:50 | HEARTBEAT | SYSTEM | EA alive. Tick=196300 Equity=44655.70 OpenPos=2 PendingOrders=0 UTC=2026.03.11 13:52 DayOfWeek=3 WeekendCloseActive=NO NewTradeBlocked=NO | 196300.000000
GM	0	07:53:32.956	Cazyxio_v4.2 (EURUSD,M15)	2026.03.11 13:53:32 | HEARTBEAT | SYSTEM | EA alive. Tick=196400 Equity=44664.03 OpenPos=2 PendingOrders=0 UTC=2026.03.11 13:53 DayOfWeek=3 WeekendCloseActive=NO NewTradeBlocked=NO | 196400.000000
PO	0	07:54:08.733	Cazyxio_v4.2 (EURUSD,M15)	2026.03.11 13:54:08 | HEARTBEAT | SYSTEM | EA alive. Tick=196500 Equity=44657.84 OpenPos=2 PendingOrders=0 UTC=2026.03.11 13:54 DayOfWeek=3 WeekendCloseActive=NO NewTradeBlocked=NO | 196500.000000
PI	0	07:54:46.878	Cazyxio_v4.2 (EURUSD,M15)	2026.03.11 13:54:46 | HEARTBEAT | SYSTEM | EA alive. Tick=196600 Equity=44641.69 OpenPos=2 PendingOrders=0 UTC=2026.03.11 13:54 DayOfWeek=3 WeekendCloseActive=NO NewTradeBlocked=NO | 196600.000000
FH	0	07:55:31.924	Cazyxio_v4.2 (EURUSD,M15)	2026.03.11 13:55:31 | HEARTBEAT | SYSTEM | EA alive. Tick=196700 Equity=44676.11 OpenPos=2 PendingOrders=0 UTC=2026.03.11 13:55 DayOfWeek=3 WeekendCloseActive=NO NewTradeBlocked=NO | 196700.000000
FJ	0	07:56:25.135	Cazyxio_v4.2 (EURUSD,M15)	2026.03.11 13:56:25 | HEARTBEAT | SYSTEM | EA alive. Tick=196800 Equity=44681.70 OpenPos=2 PendingOrders=0 UTC=2026.03.11 13:56 DayOfWeek=3 WeekendCloseActive=NO NewTradeBlocked=NO | 196800.000000
ND	0	07:57:13.002	Cazyxio_v4.2 (EURUSD,M15)	2026.03.11 13:57:13 | HEARTBEAT | SYSTEM | EA alive. Tick=196900 Equity=44693.40 OpenPos=2 PendingOrders=0 UTC=2026.03.11 13:57 DayOfWeek=3 WeekendCloseActive=NO NewTradeBlocked=NO | 196900.000000
PF	0	07:57:58.302	Cazyxio_v4.2 (EURUSD,M15)	2026.03.11 13:57:58 | HEARTBEAT | SYSTEM | EA alive. Tick=197000 Equity=44723.96 OpenPos=2 PendingOrders=0 UTC=2026.03.11 13:57 DayOfWeek=3 WeekendCloseActive=NO NewTradeBlocked=NO | 197000.000000
OQ	0	07:58:48.932	Cazyxio_v4.2 (EURUSD,M15)	2026.03.11 13:58:48 | HEARTBEAT | SYSTEM | EA alive. Tick=197100 Equity=44730.35 OpenPos=2 PendingOrders=0 UTC=2026.03.11 13:58 DayOfWeek=3 WeekendCloseActive=NO NewTradeBlocked=NO | 197100.000000
QS	0	07:59:20.758	Cazyxio_v4.2 (EURUSD,M15)	2026.03.11 13:59:20 | HEARTBEAT | SYSTEM | EA alive. Tick=197200 Equity=44729.29 OpenPos=2 PendingOrders=0 UTC=2026.03.11 13:59 DayOfWeek=3 WeekendCloseActive=NO NewTradeBlocked=NO | 197200.000000
HM	0	07:59:56.999	Cazyxio_v4.2 (EURUSD,M15)	2026.03.11 13:59:56 | HEARTBEAT | SYSTEM | EA alive. Tick=197300 Equity=44720.42 OpenPos=2 PendingOrders=0 UTC=2026.03.11 13:59 DayOfWeek=3 WeekendCloseActive=NO NewTradeBlocked=NO | 197300.000000
GM	0	08:00:01.883	Cazyxio_v4.2 (EURUSD,M15)	2026.03.11 14:00:01 | BAR | GBPUSD | close=1.34174 h4ema200=1.34805 h4slope=DOWN ema50=1.34288 distToEMA50=11.4pips touchSeq=1 atr=0.001305 atrSma=0.001026 atrRatio=1.271 dir=SHORT spread=21.0 spreadOK=YES atrGate=PASS touch=PASS momCandle=momClosePos=0.937 momOk=N ema50Ok=Y barRange=0.001920 zeroRangeBar=NO trigger=NO hasPos=YES portRisk=1.00% openPos=2 | 1.341740
PS	0	08:00:01.883	Cazyxio_v4.2 (EURUSD,M15)	2026.03.11 14:00:01 | POSITION_HEALTH | GBPUSD | ticket=4400627 dir=SHORT openPrice=1.34385 curPrice=1.34196 unrealPnL=202.23 curR=0.905 MFE=38.2pips MAE=0.0pips timeOpen=129min SL=1.34254 TP=1.33838
MP	0	08:00:01.883	Cazyxio_v4.2 (EURUSD,M15)	2026.03.11 14:00:01 | TRAIL_SKIP | GBPUSD | Trail not yet active. ProfitDist=0.00189 ActivateAt=0.00313 MFE=0.00189 ticket=4400627
IJ	0	08:00:01.883	Cazyxio_v4.2 (EURUSD,M15)	2026.03.11 14:00:01 | BAR | EURUSD | close=1.15909 h4ema200=1.17301 h4slope=DOWN ema50=1.16071 distToEMA50=16.2pips touchSeq=0 atr=0.000939 atrSma=0.000840 atrRatio=1.118 dir=SHORT spread=16.0 spreadOK=YES atrGate=PASS touch=FAIL momCandle=momClosePos=0.902 momOk=N ema50Ok=Y barRange=0.001530 zeroRangeBar=NO trigger=NO hasPos=NO portRisk=1.00% openPos=2 | 1.159090
MI	0	08:00:01.883	Cazyxio_v4.2 (EURUSD,M15)	2026.03.11 14:00:01 | GATE_FAIL | EURUSD | Touch/pullback gate FAIL. Price has not approached EMA50 within last 12 bars (within 0.60 ATR). DistToEMA50=16.2pips.
RS	0	08:00:01.883	Cazyxio_v4.2 (EURUSD,M15)	2026.03.11 14:00:01 | BAR | USDJPY | close=158.474 h4ema200=156.245 h4slope=UP ema50=158.309 distToEMA50=16.5pips touchSeq=0 atr=0.112143 atrSma=0.103146 atrRatio=1.087 dir=LONG spread=15.0 spreadOK=YES atrGate=PASS touch=FAIL momCandle=momClosePos=0.023 momOk=N ema50Ok=Y barRange=0.173000 zeroRangeBar=NO trigger=NO hasPos=NO portRisk=1.00% openPos=2 | 158.474000
LE	0	08:00:01.883	Cazyxio_v4.2 (EURUSD,M15)	2026.03.11 14:00:01 | NEAR_MISS | USDJPY | Touch near-miss. BestDistRatio=1.062 (1.0=exactly at tolerance, <1.5=near miss) DistToEMA50=16.5pips
CN	0	08:00:01.883	Cazyxio_v4.2 (EURUSD,M15)	2026.03.11 14:00:01 | GATE_FAIL | USDJPY | Touch/pullback gate FAIL. Price has not approached EMA50 within last 12 bars (within 0.60 ATR). DistToEMA50=16.5pips.
NJ	0	08:00:01.883	Cazyxio_v4.2 (EURUSD,M15)	2026.03.11 14:00:01 | BAR | GBPJPY | close=212.639 h4ema200=210.629 h4slope=UP ema50=212.596 distToEMA50=4.3pips touchSeq=8 atr=0.150429 atrSma=0.125464 atrRatio=1.199 dir=LONG spread=40.0 spreadOK=NO atrGate=PASS touch=PASS momCandle=momClosePos=0.658 momOk=Y ema50Ok=Y barRange=0.146000 zeroRangeBar=NO trigger=YES hasPos=NO portRisk=1.00% openPos=2 | 212.639000
NF	0	08:00:01.883	Cazyxio_v4.2 (EURUSD,M15)	2026.03.11 14:00:01 | GATE_FAIL | GBPJPY | Spread too wide. Spread=40.0 Max=30 points.
OK	0	08:00:01.883	Cazyxio_v4.2 (EURUSD,M15)	2026.03.11 14:00:01 | BAR | USDCAD | close=1.35862 h4ema200=1.36660 h4slope=DOWN ema50=1.35718 distToEMA50=14.4pips touchSeq=0 atr=0.000888 atrSma=0.000667 atrRatio=1.331 dir=SHORT spread=24.0 spreadOK=YES atrGate=PASS touch=PASS momCandle=momClosePos=0.330 momOk=Y ema50Ok=Y barRange=0.000880 zeroRangeBar=NO trigger=YES hasPos=NO portRisk=1.00% openPos=2 | 1.358620
IN	0	08:00:01.883	Cazyxio_v4.2 (EURUSD,M15)	2026.03.11 14:00:01 | SIGNAL | USDCAD | VALID SIGNAL (LIMIT): SHORT limitPrice=1.35722 sl=1.35864 tp=1.35367 stopDist=0.00142 lots=2.13 riskPct=0.50 R:R=2.50 ema50=1.35718 distToLimit=13.9pips expiresIn=4bars touchSeq=0 | 1.357220
RM	0	08:00:01.883	Cazyxio_v4.2 (EURUSD,M15)	CTrade::OrderSend: sell limit 2.13 USDCAD at 1.35722 sl: 1.35864 tp: 1.35367 [invalid price]
EM	0	08:00:01.883	Cazyxio_v4.2 (EURUSD,M15)	2026.03.11 14:00:01 | ORDER_FAILED | USDCAD | SELL_LIMIT FAILED. retcode=10015 desc=invalid price limitPrice=1.35722
CE	0	08:00:02.130	Cazyxio_v4.2 (EURUSD,M15)	2026.03.11 14:00:02 | BAR | AUDUSD | close=0.71669 h4ema200=0.70076 h4slope=UP ema50=0.71562 distToEMA50=10.7pips touchSeq=11 atr=0.000894 atrSma=0.000887 atrRatio=1.008 dir=LONG spread=17.0 spreadOK=YES atrGate=PASS touch=PASS momCandle=momClosePos=0.961 momOk=Y ema50Ok=Y barRange=0.001550 zeroRangeBar=NO trigger=YES hasPos=YES portRisk=1.00% openPos=2 | 0.716690
DE	0	08:00:02.130	Cazyxio_v4.2 (EURUSD,M15)	2026.03.11 14:00:02 | POSITION_HEALTH | AUDUSD | ticket=4400182 dir=LONG openPrice=0.71535 curPrice=0.71668 unrealPnL=192.85 curR=0.866 MFE=13.3pips MAE=8.1pips timeOpen=295min SL=0.71381 TP=0.71919
CI	0	08:00:02.130	Cazyxio_v4.2 (EURUSD,M15)	2026.03.11 14:00:02 | TRAIL_SKIP | AUDUSD | Trail not yet active. ProfitDist=0.00133 ActivateAt=0.00230 MFE=0.00133 ticket=4400182
RM	0	08:00:28.451	Cazyxio_v4.2 (EURUSD,M15)	2026.03.11 14:00:28 | HEARTBEAT | SYSTEM | EA alive. Tick=197400 Equity=44740.68 OpenPos=2 PendingOrders=0 UTC=2026.03.11 14:00 DayOfWeek=3 WeekendCloseActive=NO NewTradeBlocked=NO | 197400.000000
RL	0	08:00:54.683	Cazyxio_v4.2 (EURUSD,M15)	2026.03.11 14:00:54 | SL_HIT | GBPUSD | Stop loss triggered. Profit=140.17 MFE=38.2pips MAE=0.0pips TimeOpen=130min EntryPrice=1.34385 | Initiating 4-bar cooldown.
JI	0	08:00:54.683	Cazyxio_v4.2 (EURUSD,M15)	2026.03.11 14:00:54 | SL_COOLDOWN | GBPUSD | Cooldown active for 4 bars (60 min). CooldownEnds=2026.03.11 18:00
NI	0	08:00:58.664	Cazyxio_v4.2 (EURUSD,M15)	2026.03.11 14:00:58 | HEARTBEAT | SYSTEM | EA alive. Tick=197500 Equity=44797.25 OpenPos=1 PendingOrders=0 UTC=2026.03.11 14:00 DayOfWeek=3 WeekendCloseActive=NO NewTradeBlocked=NO | 197500.000000
MK	0	08:01:25.157	Cazyxio_v4.2 (EURUSD,M15)	2026.03.11 14:01:25 | HEARTBEAT | SYSTEM | EA alive. Tick=197600 Equity=44866.85 OpenPos=1 PendingOrders=0 UTC=2026.03.11 14:01 DayOfWeek=3 WeekendCloseActive=NO NewTradeBlocked=NO | 197600.000000
FE	0	08:01:51.602	Cazyxio_v4.2 (EURUSD,M15)	2026.03.11 14:01:51 | HEARTBEAT | SYSTEM | EA alive. Tick=197700 Equity=44865.40 OpenPos=1 PendingOrders=0 UTC=2026.03.11 14:01 DayOfWeek=3 WeekendCloseActive=NO NewTradeBlocked=NO | 197700.000000
KD	0	08:02:19.919	Cazyxio_v4.2 (EURUSD,M15)	2026.03.11 14:02:19 | HEARTBEAT | SYSTEM | EA alive. Tick=197800 Equity=44816.10 OpenPos=1 PendingOrders=0 UTC=2026.03.11 14:02 DayOfWeek=3 WeekendCloseActive=NO NewTradeBlocked=NO | 197800.000000
CF	0	08:02:49.459	Cazyxio_v4.2 (EURUSD,M15)	2026.03.11 14:02:49 | HEARTBEAT | SYSTEM | EA alive. Tick=197900 Equity=44759.55 OpenPos=1 PendingOrders=0 UTC=2026.03.11 14:02 DayOfWeek=3 WeekendCloseActive=NO NewTradeBlocked=NO | 197900.000000
KP	0	08:03:17.304	Cazyxio_v4.2 (EURUSD,M15)	2026.03.11 14:03:17 | HEARTBEAT | SYSTEM | EA alive. Tick=198000 Equity=44671.10 OpenPos=1 PendingOrders=0 UTC=2026.03.11 14:03 DayOfWeek=3 WeekendCloseActive=NO NewTradeBlocked=NO | 198000.000000
JR	0	08:03:46.881	Cazyxio_v4.2 (EURUSD,M15)	2026.03.11 14:03:46 | HEARTBEAT | SYSTEM | EA alive. Tick=198100 Equity=44647.90 OpenPos=1 PendingOrders=0 UTC=2026.03.11 14:03 DayOfWeek=3 WeekendCloseActive=NO NewTradeBlocked=NO | 198100.000000
IM	0	08:04:18.268	Cazyxio_v4.2 (EURUSD,M15)	2026.03.11 14:04:18 | HEARTBEAT | SYSTEM | EA alive. Tick=198200 Equity=44682.70 OpenPos=1 PendingOrders=0 UTC=2026.03.11 14:04 DayOfWeek=3 WeekendCloseActive=NO NewTradeBlocked=NO | 198200.000000
PO	0	08:04:47.992	Cazyxio_v4.2 (EURUSD,M15)	2026.03.11 14:04:47 | HEARTBEAT | SYSTEM | EA alive. Tick=198300 Equity=44691.40 OpenPos=1 PendingOrders=0 UTC=2026.03.11 14:04 DayOfWeek=3 WeekendCloseActive=NO NewTradeBlocked=NO | 198300.000000
MI	0	08:05:16.364	Cazyxio_v4.2 (EURUSD,M15)	2026.03.11 14:05:16 | HEARTBEAT | SYSTEM | EA alive. Tick=198400 Equity=44745.05 OpenPos=1 PendingOrders=0 UTC=2026.03.11 14:05 DayOfWeek=3 WeekendCloseActive=NO NewTradeBlocked=NO | 198400.000000
DK	0	08:05:49.357	Cazyxio_v4.2 (EURUSD,M15)	2026.03.11 14:05:49 | HEARTBEAT | SYSTEM | EA alive. Tick=198500 Equity=44843.65 OpenPos=1 PendingOrders=0 UTC=2026.03.11 14:05 DayOfWeek=3 WeekendCloseActive=NO NewTradeBlocked=NO | 198500.000000
OJ	0	08:06:21.727	Cazyxio_v4.2 (EURUSD,M15)	2026.03.11 14:06:21 | HEARTBEAT | SYSTEM | EA alive. Tick=198600 Equity=44808.85 OpenPos=1 PendingOrders=0 UTC=2026.03.11 14:06 DayOfWeek=3 WeekendCloseActive=NO NewTradeBlocked=NO | 198600.000000
LD	0	08:06:53.621	Cazyxio_v4.2 (EURUSD,M15)	2026.03.11 14:06:53 | HEARTBEAT | SYSTEM | EA alive. Tick=198700 Equity=44758.10 OpenPos=1 PendingOrders=0 UTC=2026.03.11 14:06 DayOfWeek=3 WeekendCloseActive=NO NewTradeBlocked=NO | 198700.000000
NF	0	08:07:23.042	Cazyxio_v4.2 (EURUSD,M15)	2026.03.11 14:07:23 | HEARTBEAT | SYSTEM | EA alive. Tick=198800 Equity=44756.65 OpenPos=1 PendingOrders=0 UTC=2026.03.11 14:07 DayOfWeek=3 WeekendCloseActive=NO NewTradeBlocked=NO | 198800.000000
RP	0	08:07:51.217	Cazyxio_v4.2 (EURUSD,M15)	2026.03.11 14:07:51 | HEARTBEAT | SYSTEM | EA alive. Tick=198900 Equity=44716.05 OpenPos=1 PendingOrders=0 UTC=2026.03.11 14:07 DayOfWeek=3 WeekendCloseActive=NO NewTradeBlocked=NO | 198900.000000
MS	0	08:08:21.455	Cazyxio_v4.2 (EURUSD,M15)	2026.03.11 14:08:21 | HEARTBEAT | SYSTEM | EA alive. Tick=199000 Equity=44656.60 OpenPos=1 PendingOrders=0 UTC=2026.03.11 14:08 DayOfWeek=3 WeekendCloseActive=NO NewTradeBlocked=NO | 199000.000000
GM	0	08:08:52.928	Cazyxio_v4.2 (EURUSD,M15)	2026.03.11 14:08:52 | HEARTBEAT | SYSTEM | EA alive. Tick=199100 Equity=44684.15 OpenPos=1 PendingOrders=0 UTC=2026.03.11 14:08 DayOfWeek=3 WeekendCloseActive=NO NewTradeBlocked=NO | 199100.000000
EO	0	08:09:24.529	Cazyxio_v4.2 (EURUSD,M15)	2026.03.11 14:09:24 | HEARTBEAT | SYSTEM | EA alive. Tick=199200 Equity=44694.30 OpenPos=1 PendingOrders=0 UTC=2026.03.11 14:09 DayOfWeek=3 WeekendCloseActive=NO NewTradeBlocked=NO | 199200.000000
HI	0	08:09:59.052	Cazyxio_v4.2 (EURUSD,M15)	2026.03.11 14:09:59 | HEARTBEAT | SYSTEM | EA alive. Tick=199300 Equity=44765.35 OpenPos=1 PendingOrders=0 UTC=2026.03.11 14:09 DayOfWeek=3 WeekendCloseActive=NO NewTradeBlocked=NO | 199300.000000
GH	0	08:10:30.291	Cazyxio_v4.2 (EURUSD,M15)	2026.03.11 14:10:30 | HEARTBEAT | SYSTEM | EA alive. Tick=199400 Equity=44739.25 OpenPos=1 PendingOrders=0 UTC=2026.03.11 14:10 DayOfWeek=3 WeekendCloseActive=NO NewTradeBlocked=NO | 199400.000000
HJ	0	08:11:03.317	Cazyxio_v4.2 (EURUSD,M15)	2026.03.11 14:11:03 | HEARTBEAT | SYSTEM | EA alive. Tick=199500 Equity=44710.25 OpenPos=1 PendingOrders=0 UTC=2026.03.11 14:11 DayOfWeek=3 WeekendCloseActive=NO NewTradeBlocked=NO | 199500.000000
ID	0	08:11:38.219	Cazyxio_v4.2 (EURUSD,M15)	2026.03.11 14:11:38 | HEARTBEAT | SYSTEM | EA alive. Tick=199600 Equity=44720.40 OpenPos=1 PendingOrders=0 UTC=2026.03.11 14:11 DayOfWeek=3 WeekendCloseActive=NO NewTradeBlocked=NO | 199600.000000
OF	0	08:12:15.373	Cazyxio_v4.2 (EURUSD,M15)	2026.03.11 14:12:15 | HEARTBEAT | SYSTEM | EA alive. Tick=199700 Equity=44726.20 OpenPos=1 PendingOrders=0 UTC=2026.03.11 14:12 DayOfWeek=3 WeekendCloseActive=NO NewTradeBlocked=NO | 199700.000000
QQ	0	08:12:48.814	Cazyxio_v4.2 (EURUSD,M15)	2026.03.11 14:12:48 | HEARTBEAT | SYSTEM | EA alive. Tick=199800 Equity=44716.05 OpenPos=1 PendingOrders=0 UTC=2026.03.11 14:12 DayOfWeek=3 WeekendCloseActive=NO NewTradeBlocked=NO | 199800.000000
PS	0	08:13:22.609	Cazyxio_v4.2 (EURUSD,M15)	2026.03.11 14:13:22 | HEARTBEAT | SYSTEM | EA alive. Tick=199900 Equity=44727.65 OpenPos=1 PendingOrders=0 UTC=2026.03.11 14:13 DayOfWeek=3 WeekendCloseActive=NO NewTradeBlocked=NO | 199900.000000
IM	0	08:13:55.737	Cazyxio_v4.2 (EURUSD,M15)	2026.03.11 14:13:55 | HEARTBEAT | SYSTEM | EA alive. Tick=200000 Equity=44776.95 OpenPos=1 PendingOrders=0 UTC=2026.03.11 14:13 DayOfWeek=3 WeekendCloseActive=NO NewTradeBlocked=NO | 200000.000000
FO	0	08:14:29.121	Cazyxio_v4.2 (EURUSD,M15)	2026.03.11 14:14:29 | HEARTBEAT | SYSTEM | EA alive. Tick=200100 Equity=44781.30 OpenPos=1 PendingOrders=0 UTC=2026.03.11 14:14 DayOfWeek=3 WeekendCloseActive=NO NewTradeBlocked=NO | 200100.000000
PP	0	08:15:02.020	Cazyxio_v4.2 (EURUSD,M15)	2026.03.11 14:15:02 | POST_SL_CONTEXT | GBPUSD | Bar 1 after SL hit. SLHitPrice=1.34254 BarClose=1.34314 MoveSinceSL=-6.0pips Verdict=REVERSED_AGAINST_TRADE (positive=price went our way, negative=continued against us)
QR	0	08:15:02.020	Cazyxio_v4.2 (EURUSD,M15)	2026.03.11 14:15:02 | BAR | GBPUSD | close=1.34314 h4ema200=1.34807 h4slope=DOWN ema50=1.34295 distToEMA50=1.9pips touchSeq=2 atr=0.001450 atrSma=0.001030 atrRatio=1.407 dir=SHORT spread=22.0 spreadOK=YES atrGate=PASS touch=PASS momCandle=momClosePos=0.609 momOk=N ema50Ok=Y barRange=0.002760 zeroRangeBar=NO trigger=NO hasPos=NO portRisk=0.50% openPos=1 | 1.343140
GQ	0	08:15:02.020	Cazyxio_v4.2 (EURUSD,M15)	2026.03.11 14:15:02 | GATE_FAIL | GBPUSD | Momentum candle FAIL. dir=SHORT close=1.34314 ema50=1.34295 momClosePos=0.609 momOk=N ema50Ok=Y barRange=0.002760
JE	0	08:15:02.020	Cazyxio_v4.2 (EURUSD,M15)	2026.03.11 14:15:02 | BAR | EURUSD | close=1.15962 h4ema200=1.17301 h4slope=DOWN ema50=1.16068 distToEMA50=10.6pips touchSeq=1 atr=0.001086 atrSma=0.000842 atrRatio=1.291 dir=SHORT spread=18.0 spreadOK=YES atrGate=PASS touch=FAIL momCandle=momClosePos=0.422 momOk=N ema50Ok=Y barRange=0.002680 zeroRangeBar=NO trigger=NO hasPos=NO portRisk=0.50% openPos=1 | 1.159620
FM	0	08:15:02.020	Cazyxio_v4.2 (EURUSD,M15)	2026.03.11 14:15:02 | GATE_FAIL | EURUSD | Touch/pullback gate FAIL. Price has not approached EMA50 within last 12 bars (within 0.60 ATR). DistToEMA50=10.6pips.
RJ	0	08:15:02.020	Cazyxio_v4.2 (EURUSD,M15)	2026.03.11 14:15:02 | BAR | AUDUSD | close=0.71759 h4ema200=0.70077 h4slope=UP ema50=0.71573 distToEMA50=18.6pips touchSeq=0 atr=0.001024 atrSma=0.000888 atrRatio=1.153 dir=LONG spread=21.0 spreadOK=YES atrGate=PASS touch=PASS momCandle=momClosePos=0.541 momOk=N ema50Ok=Y barRange=0.002290 zeroRangeBar=NO trigger=NO hasPos=YES portRisk=0.50% openPos=1 | 0.717590
PE	0	08:15:02.020	Cazyxio_v4.2 (EURUSD,M15)	2026.03.11 14:15:02 | POSITION_HEALTH | AUDUSD | ticket=4400182 dir=LONG openPrice=0.71535 curPrice=0.71757 unrealPnL=321.90 curR=1.445 MFE=22.2pips MAE=8.1pips timeOpen=310min SL=0.71381 TP=0.71919
OH	0	08:15:02.020	Cazyxio_v4.2 (EURUSD,M15)	2026.03.11 14:15:02 | TRAIL_SKIP | AUDUSD | Trail not yet active. ProfitDist=0.00222 ActivateAt=0.00230 MFE=0.00222 ticket=4400182
CO	0	08:15:02.020	Cazyxio_v4.2 (EURUSD,M15)	2026.03.11 14:15:02 | BAR | GBPJPY | close=212.892 h4ema200=210.632 h4slope=UP ema50=212.617 distToEMA50=27.5pips touchSeq=0 atr=0.161929 atrSma=0.125948 atrRatio=1.286 dir=LONG spread=46.0 spreadOK=NO atrGate=PASS touch=PASS momCandle=momClosePos=0.958 momOk=Y ema50Ok=Y barRange=0.289000 zeroRangeBar=NO trigger=YES hasPos=NO portRisk=0.50% openPos=1 | 212.892000
KO	0	08:15:02.020	Cazyxio_v4.2 (EURUSD,M15)	2026.03.11 14:15:02 | GATE_FAIL | GBPJPY | Spread too wide. Spread=46.0 Max=30 points.
DQ	0	08:15:02.020	Cazyxio_v4.2 (EURUSD,M15)	2026.03.11 14:15:02 | BAR | USDCAD | close=1.35777 h4ema200=1.36659 h4slope=DOWN ema50=1.35717 distToEMA50=6.0pips touchSeq=1 atr=0.000928 atrSma=0.000668 atrRatio=1.389 dir=SHORT spread=26.0 spreadOK=YES atrGate=PASS touch=PASS momCandle=momClosePos=0.078 momOk=Y ema50Ok=Y barRange=0.001160 zeroRangeBar=NO trigger=YES hasPos=NO portRisk=0.50% openPos=1 | 1.357770
ND	0	08:15:02.020	Cazyxio_v4.2 (EURUSD,M15)	2026.03.11 14:15:02 | SIGNAL | USDCAD | VALID SIGNAL (LIMIT): SHORT limitPrice=1.35722 sl=1.35870 tp=1.35351 stopDist=0.00148 lots=2.04 riskPct=0.50 R:R=2.50 ema50=1.35717 distToLimit=5.6pips expiresIn=4bars touchSeq=1 | 1.357220
JD	0	08:15:02.020	Cazyxio_v4.2 (EURUSD,M15)	CTrade::OrderSend: sell limit 2.04 USDCAD at 1.35722 sl: 1.35870 tp: 1.35351 [invalid price]
NG	0	08:15:02.020	Cazyxio_v4.2 (EURUSD,M15)	2026.03.11 14:15:02 | ORDER_FAILED | USDCAD | SELL_LIMIT FAILED. retcode=10015 desc=invalid price limitPrice=1.35722
EP	0	08:15:02.519	Cazyxio_v4.2 (EURUSD,M15)	2026.03.11 14:15:02 | BAR | USDJPY | close=158.501 h4ema200=156.245 h4slope=UP ema50=158.318 distToEMA50=18.3pips touchSeq=0 atr=0.123857 atrSma=0.103472 atrRatio=1.197 dir=LONG spread=19.0 spreadOK=YES atrGate=PASS touch=FAIL momCandle=momClosePos=0.802 momOk=Y ema50Ok=Y barRange=0.247000 zeroRangeBar=NO trigger=YES hasPos=NO portRisk=0.50% openPos=1 | 158.501000
GQ	0	08:15:02.519	Cazyxio_v4.2 (EURUSD,M15)	2026.03.11 14:15:02 | GATE_FAIL | USDJPY | Touch/pullback gate FAIL. Price has not approached EMA50 within last 12 bars (within 0.60 ATR). DistToEMA50=18.3pips.
EI	0	08:15:03.271	Cazyxio_v4.2 (EURUSD,M15)	2026.03.11 14:15:03 | HEARTBEAT | SYSTEM | EA alive. Tick=200200 Equity=44788.55 OpenPos=1 PendingOrders=0 UTC=2026.03.11 14:15 DayOfWeek=3 WeekendCloseActive=NO NewTradeBlocked=NO | 200200.000000
EK	0	08:15:35.576	Cazyxio_v4.2 (EURUSD,M15)	2026.03.11 14:15:35 | HEARTBEAT | SYSTEM | EA alive. Tick=200300 Equity=44745.05 OpenPos=1 PendingOrders=0 UTC=2026.03.11 14:15 DayOfWeek=3 WeekendCloseActive=NO NewTradeBlocked=NO | 200300.000000
QE	0	08:16:07.784	Cazyxio_v4.2 (EURUSD,M15)	2026.03.11 14:16:07 | HEARTBEAT | SYSTEM | EA alive. Tick=200400 Equity=44750.85 OpenPos=1 PendingOrders=0 UTC=2026.03.11 14:16 DayOfWeek=3 WeekendCloseActive=NO NewTradeBlocked=NO | 200400.000000
QG	0	08:16:41.410	Cazyxio_v4.2 (EURUSD,M15)	2026.03.11 14:16:41 | HEARTBEAT | SYSTEM | EA alive. Tick=200500 Equity=44723.30 OpenPos=1 PendingOrders=0 UTC=2026.03.11 14:16 DayOfWeek=3 WeekendCloseActive=NO NewTradeBlocked=NO | 200500.000000
IF	0	08:17:13.659	Cazyxio_v4.2 (EURUSD,M15)	2026.03.11 14:17:13 | HEARTBEAT | SYSTEM | EA alive. Tick=200600 Equity=44750.85 OpenPos=1 PendingOrders=0 UTC=2026.03.11 14:17 DayOfWeek=3 WeekendCloseActive=NO NewTradeBlocked=NO | 200600.000000
HP	0	08:17:47.226	Cazyxio_v4.2 (EURUSD,M15)	2026.03.11 14:17:47 | HEARTBEAT | SYSTEM | EA alive. Tick=200700 Equity=44779.85 OpenPos=1 PendingOrders=0 UTC=2026.03.11 14:17 DayOfWeek=3 WeekendCloseActive=NO NewTradeBlocked=NO | 200700.000000
JR	0	08:18:21.113	Cazyxio_v4.2 (EURUSD,M15)	2026.03.11 14:18:21 | HEARTBEAT | SYSTEM | EA alive. Tick=200800 Equity=44775.50 OpenPos=1 PendingOrders=0 UTC=2026.03.11 14:18 DayOfWeek=3 WeekendCloseActive=NO NewTradeBlocked=NO | 200800.000000
LL	0	08:18:56.511	Cazyxio_v4.2 (EURUSD,M15)	2026.03.11 14:18:56 | HEARTBEAT | SYSTEM | EA alive. Tick=200900 Equity=44794.35 OpenPos=1 PendingOrders=0 UTC=2026.03.11 14:18 DayOfWeek=3 WeekendCloseActive=NO NewTradeBlocked=NO | 200900.000000
OO	0	08:19:32.793	Cazyxio_v4.2 (EURUSD,M15)	2026.03.11 14:19:32 | HEARTBEAT | SYSTEM | EA alive. Tick=201000 Equity=44800.15 OpenPos=1 PendingOrders=0 UTC=2026.03.11 14:19 DayOfWeek=3 WeekendCloseActive=NO NewTradeBlocked=NO | 201000.000000
OI	0	08:20:10.690	Cazyxio_v4.2 (EURUSD,M15)	2026.03.11 14:20:10 | HEARTBEAT | SYSTEM | EA alive. Tick=201100 Equity=44775.50 OpenPos=1 PendingOrders=0 UTC=2026.03.11 14:20 DayOfWeek=3 WeekendCloseActive=NO NewTradeBlocked=NO | 201100.000000
OK	0	08:20:48.370	Cazyxio_v4.2 (EURUSD,M15)	2026.03.11 14:20:48 | HEARTBEAT | SYSTEM | EA alive. Tick=201200 Equity=44788.55 OpenPos=1 PendingOrders=0 UTC=2026.03.11 14:20 DayOfWeek=3 WeekendCloseActive=NO NewTradeBlocked=NO | 201200.000000
OE	0	08:21:21.889	Cazyxio_v4.2 (EURUSD,M15)	2026.03.11 14:21:21 | HEARTBEAT | SYSTEM | EA alive. Tick=201300 Equity=44823.35 OpenPos=1 PendingOrders=0 UTC=2026.03.11 14:21 DayOfWeek=3 WeekendCloseActive=NO NewTradeBlocked=NO | 201300.000000
DD	0	08:22:01.352	Cazyxio_v4.2 (EURUSD,M15)	2026.03.11 14:22:01 | HEARTBEAT | SYSTEM | EA alive. Tick=201400 Equity=44819.00 OpenPos=1 PendingOrders=0 UTC=2026.03.11 14:22 DayOfWeek=3 WeekendCloseActive=NO NewTradeBlocked=NO | 201400.000000
LF	0	08:22:42.547	Cazyxio_v4.2 (EURUSD,M15)	2026.03.11 14:22:42 | HEARTBEAT | SYSTEM | EA alive. Tick=201500 Equity=44797.25 OpenPos=1 PendingOrders=0 UTC=2026.03.11 14:22 DayOfWeek=3 WeekendCloseActive=NO NewTradeBlocked=NO | 201500.000000
HP	0	08:23:16.563	Cazyxio_v4.2 (EURUSD,M15)	2026.03.11 14:23:16 | HEARTBEAT | SYSTEM | EA alive. Tick=201600 Equity=44785.65 OpenPos=1 PendingOrders=0 UTC=2026.03.11 14:23 DayOfWeek=3 WeekendCloseActive=NO NewTradeBlocked=NO | 201600.000000
FR	0	08:23:52.958	Cazyxio_v4.2 (EURUSD,M15)	2026.03.11 14:23:52 | HEARTBEAT | SYSTEM | EA alive. Tick=201700 Equity=44769.70 OpenPos=1 PendingOrders=0 UTC=2026.03.11 14:23 DayOfWeek=3 WeekendCloseActive=NO NewTradeBlocked=NO | 201700.000000
JM	0	08:24:25.212	Cazyxio_v4.2 (EURUSD,M15)	2026.03.11 14:24:25 | HEARTBEAT | SYSTEM | EA alive. Tick=201800 Equity=44755.20 OpenPos=1 PendingOrders=0 UTC=2026.03.11 14:24 DayOfWeek=3 WeekendCloseActive=NO NewTradeBlocked=NO | 201800.000000
KO	0	08:25:00.948	Cazyxio_v4.2 (EURUSD,M15)	2026.03.11 14:25:00 | HEARTBEAT | SYSTEM | EA alive. Tick=201900 Equity=44759.55 OpenPos=1 PendingOrders=0 UTC=2026.03.11 14:25 DayOfWeek=3 WeekendCloseActive=NO NewTradeBlocked=NO | 201900.000000
FI	0	08:25:38.636	Cazyxio_v4.2 (EURUSD,M15)	2026.03.11 14:25:38 | HEARTBEAT | SYSTEM | EA alive. Tick=202000 Equity=44739.25 OpenPos=1 PendingOrders=0 UTC=2026.03.11 14:25 DayOfWeek=3 WeekendCloseActive=NO NewTradeBlocked=NO | 202000.000000
GK	0	08:26:20.793	Cazyxio_v4.2 (EURUSD,M15)	2026.03.11 14:26:20 | HEARTBEAT | SYSTEM | EA alive. Tick=202100 Equity=44736.35 OpenPos=1 PendingOrders=0 UTC=2026.03.11 14:26 DayOfWeek=3 WeekendCloseActive=NO NewTradeBlocked=NO | 202100.000000
RJ	0	08:27:05.052	Cazyxio_v4.2 (EURUSD,M15)	2026.03.11 14:27:05 | HEARTBEAT | SYSTEM | EA alive. Tick=202200 Equity=44681.25 OpenPos=1 PendingOrders=0 UTC=2026.03.11 14:27 DayOfWeek=3 WeekendCloseActive=NO NewTradeBlocked=NO | 202200.000000
ED	0	08:27:54.880	Cazyxio_v4.2 (EURUSD,M15)	2026.03.11 14:27:54 | HEARTBEAT | SYSTEM | EA alive. Tick=202300 Equity=44665.30 OpenPos=1 PendingOrders=0 UTC=2026.03.11 14:27 DayOfWeek=3 WeekendCloseActive=NO NewTradeBlocked=NO | 202300.000000
LF	0	08:28:39.460	Cazyxio_v4.2 (EURUSD,M15)	2026.03.11 14:28:39 | HEARTBEAT | SYSTEM | EA alive. Tick=202400 Equity=44660.95 OpenPos=1 PendingOrders=0 UTC=2026.03.11 14:28 DayOfWeek=3 WeekendCloseActive=NO NewTradeBlocked=NO | 202400.000000
JP	0	08:29:31.818	Cazyxio_v4.2 (EURUSD,M15)	2026.03.11 14:29:31 | HEARTBEAT | SYSTEM | EA alive. Tick=202500 Equity=44703.00 OpenPos=1 PendingOrders=0 UTC=2026.03.11 14:29 DayOfWeek=3 WeekendCloseActive=NO NewTradeBlocked=NO | 202500.000000
PM	0	08:30:02.031	Cazyxio_v4.2 (EURUSD,M15)	2026.03.11 14:30:02 | POST_SL_CONTEXT | GBPUSD | Bar 2 after SL hit. SLHitPrice=1.34254 BarClose=1.34274 MoveSinceSL=-2.0pips Verdict=REVERSED_AGAINST_TRADE (positive=price went our way, negative=continued against us)
IM	0	08:30:02.031	Cazyxio_v4.2 (EURUSD,M15)	2026.03.11 14:30:02 | BAR | GBPUSD | close=1.34274 h4ema200=1.34806 h4slope=DOWN ema50=1.34293 distToEMA50=1.9pips touchSeq=3 atr=0.001479 atrSma=0.001033 atrRatio=1.432 dir=SHORT spread=21.0 spreadOK=YES atrGate=PASS touch=PASS momCandle=momClosePos=0.485 momOk=N ema50Ok=Y barRange=0.001340 zeroRangeBar=NO trigger=NO hasPos=NO portRisk=0.50% openPos=1 | 1.342740
ID	0	08:30:02.031	Cazyxio_v4.2 (EURUSD,M15)	2026.03.11 14:30:02 | GATE_FAIL | GBPUSD | Momentum candle FAIL. dir=SHORT close=1.34274 ema50=1.34293 momClosePos=0.485 momOk=N ema50Ok=Y barRange=0.001340
LR	0	08:30:02.031	Cazyxio_v4.2 (EURUSD,M15)	2026.03.11 14:30:02 | BAR | EURUSD | close=1.15922 h4ema200=1.17301 h4slope=DOWN ema50=1.16061 distToEMA50=13.9pips touchSeq=0 atr=0.001128 atrSma=0.000842 atrRatio=1.339 dir=SHORT spread=15.0 spreadOK=YES atrGate=PASS touch=FAIL momCandle=momClosePos=0.437 momOk=N ema50Ok=Y barRange=0.001190 zeroRangeBar=NO trigger=NO hasPos=NO portRisk=0.50% openPos=1 | 1.159220
RR	0	08:30:02.031	Cazyxio_v4.2 (EURUSD,M15)	2026.03.11 14:30:02 | GATE_FAIL | EURUSD | Touch/pullback gate FAIL. Price has not approached EMA50 within last 12 bars (within 0.60 ATR). DistToEMA50=13.9pips.
RG	0	08:30:02.031	Cazyxio_v4.2 (EURUSD,M15)	2026.03.11 14:30:02 | BAR | AUDUSD | close=0.71710 h4ema200=0.70076 h4slope=UP ema50=0.71576 distToEMA50=13.4pips touchSeq=0 atr=0.001074 atrSma=0.000889 atrRatio=1.209 dir=LONG spread=17.0 spreadOK=YES atrGate=PASS touch=PASS momCandle=momClosePos=0.387 momOk=N ema50Ok=Y barRange=0.001370 zeroRangeBar=NO trigger=NO hasPos=YES portRisk=0.50% openPos=1 | 0.717100
EP	0	08:30:02.031	Cazyxio_v4.2 (EURUSD,M15)	2026.03.11 14:30:02 | POSITION_HEALTH | AUDUSD | ticket=4400182 dir=LONG openPrice=0.71535 curPrice=0.71712 unrealPnL=256.65 curR=1.152 MFE=22.2pips MAE=8.1pips timeOpen=325min SL=0.71381 TP=0.71919
OM	0	08:30:02.031	Cazyxio_v4.2 (EURUSD,M15)	2026.03.11 14:30:02 | TRAIL_SKIP | AUDUSD | Trail not yet active. ProfitDist=0.00177 ActivateAt=0.00230 MFE=0.00177 ticket=4400182
RN	0	08:30:02.283	Cazyxio_v4.2 (EURUSD,M15)	2026.03.11 14:30:02 | BAR | USDJPY | close=158.592 h4ema200=156.246 h4slope=UP ema50=158.332 distToEMA50=26.0pips touchSeq=0 atr=0.128071 atrSma=0.103752 atrRatio=1.234 dir=LONG spread=16.0 spreadOK=YES atrGate=PASS touch=FAIL momCandle=momClosePos=0.896 momOk=Y ema50Ok=Y barRange=0.135000 zeroRangeBar=NO trigger=YES hasPos=NO portRisk=0.50% openPos=1 | 158.592000
MG	0	08:30:02.283	Cazyxio_v4.2 (EURUSD,M15)	2026.03.11 14:30:02 | GATE_FAIL | USDJPY | Touch/pullback gate FAIL. Price has not approached EMA50 within last 12 bars (within 0.60 ATR). DistToEMA50=26.0pips.
FQ	0	08:30:02.283	Cazyxio_v4.2 (EURUSD,M15)	2026.03.11 14:30:02 | BAR | GBPJPY | close=212.958 h4ema200=210.633 h4slope=UP ema50=212.633 distToEMA50=32.5pips touchSeq=0 atr=0.161357 atrSma=0.126263 atrRatio=1.278 dir=LONG spread=45.0 spreadOK=NO atrGate=PASS touch=PASS momCandle=momClosePos=0.976 momOk=Y ema50Ok=Y barRange=0.123000 zeroRangeBar=NO trigger=YES hasPos=NO portRisk=0.50% openPos=1 | 212.958000
GI	0	08:30:02.283	Cazyxio_v4.2 (EURUSD,M15)	2026.03.11 14:30:02 | GATE_FAIL | GBPJPY | Spread too wide. Spread=45.0 Max=30 points.
MJ	0	08:30:02.283	Cazyxio_v4.2 (EURUSD,M15)	2026.03.11 14:30:02 | BAR | USDCAD | close=1.35756 h4ema200=1.36659 h4slope=DOWN ema50=1.35718 distToEMA50=3.8pips touchSeq=2 atr=0.000939 atrSma=0.000668 atrRatio=1.405 dir=SHORT spread=23.0 spreadOK=YES atrGate=PASS touch=PASS momCandle=momClosePos=0.416 momOk=N ema50Ok=Y barRange=0.000770 zeroRangeBar=NO trigger=NO hasPos=NO portRisk=0.50% openPos=1 | 1.357560
CK	0	08:30:02.283	Cazyxio_v4.2 (EURUSD,M15)	2026.03.11 14:30:02 | NEAR_MISS | USDCAD | Momentum near-miss. momClosePos=0.416 Threshold=0.350 Gap=0.066 dir=SHORT
DL	0	08:30:02.283	Cazyxio_v4.2 (EURUSD,M15)	2026.03.11 14:30:02 | GATE_FAIL | USDCAD | Momentum candle FAIL. dir=SHORT close=1.35756 ema50=1.35718 momClosePos=0.416 momOk=N ema50Ok=Y barRange=0.000770
QG	0	08:30:18.554	Cazyxio_v4.2 (EURUSD,M15)	2026.03.11 14:30:18 | HEARTBEAT | SYSTEM | EA alive. Tick=202600 Equity=44730.55 OpenPos=1 PendingOrders=0 UTC=2026.03.11 14:30 DayOfWeek=3 WeekendCloseActive=NO NewTradeBlocked=NO | 202600.000000
OQ	0	08:30:55.467	Cazyxio_v4.2 (EURUSD,M15)	2026.03.11 14:30:55 | HEARTBEAT | SYSTEM | EA alive. Tick=202700 Equity=44753.75 OpenPos=1 PendingOrders=0 UTC=2026.03.11 14:30 DayOfWeek=3 WeekendCloseActive=NO NewTradeBlocked=NO | 202700.000000
GP	0	08:31:29.401	Cazyxio_v4.2 (EURUSD,M15)	2026.03.11 14:31:29 | HEARTBEAT | SYSTEM | EA alive. Tick=202800 Equity=44732.00 OpenPos=1 PendingOrders=0 UTC=2026.03.11 14:31 DayOfWeek=3 WeekendCloseActive=NO NewTradeBlocked=NO | 202800.000000
LR	0	08:32:06.506	Cazyxio_v4.2 (EURUSD,M15)	2026.03.11 14:32:06 | HEARTBEAT | SYSTEM | EA alive. Tick=202900 Equity=44739.25 OpenPos=1 PendingOrders=0 UTC=2026.03.11 14:32 DayOfWeek=3 WeekendCloseActive=NO NewTradeBlocked=NO | 202900.000000
FL	0	08:32:47.183	Cazyxio_v4.2 (EURUSD,M15)	2026.03.11 14:32:47 | HEARTBEAT | SYSTEM | EA alive. Tick=203000 Equity=44742.15 OpenPos=1 PendingOrders=0 UTC=2026.03.11 14:32 DayOfWeek=3 WeekendCloseActive=NO NewTradeBlocked=NO | 203000.000000
MN	0	08:33:27.563	Cazyxio_v4.2 (EURUSD,M15)	2026.03.11 14:33:27 | HEARTBEAT | SYSTEM | EA alive. Tick=203100 Equity=44745.05 OpenPos=1 PendingOrders=0 UTC=2026.03.11 14:33 DayOfWeek=3 WeekendCloseActive=NO NewTradeBlocked=NO | 203100.000000
II	0	08:34:18.361	Cazyxio_v4.2 (EURUSD,M15)	2026.03.11 14:34:18 | HEARTBEAT | SYSTEM | EA alive. Tick=203200 Equity=44692.85 OpenPos=1 PendingOrders=0 UTC=2026.03.11 14:34 DayOfWeek=3 WeekendCloseActive=NO NewTradeBlocked=NO | 203200.000000
JK	0	08:35:02.644	Cazyxio_v4.2 (EURUSD,M15)	2026.03.11 14:35:02 | HEARTBEAT | SYSTEM | EA alive. Tick=203300 Equity=44707.35 OpenPos=1 PendingOrders=0 UTC=2026.03.11 14:35 DayOfWeek=3 WeekendCloseActive=NO NewTradeBlocked=NO | 203300.000000
CE	0	08:35:44.870	Cazyxio_v4.2 (EURUSD,M15)	2026.03.11 14:35:44 | HEARTBEAT | SYSTEM | EA alive. Tick=203400 Equity=44730.55 OpenPos=1 PendingOrders=0 UTC=2026.03.11 14:35 DayOfWeek=3 WeekendCloseActive=NO NewTradeBlocked=NO | 203400.000000
JG	0	08:36:31.825	Cazyxio_v4.2 (EURUSD,M15)	2026.03.11 14:36:31 | HEARTBEAT | SYSTEM | EA alive. Tick=203500 Equity=44772.60 OpenPos=1 PendingOrders=0 UTC=2026.03.11 14:36 DayOfWeek=3 WeekendCloseActive=NO NewTradeBlocked=NO | 203500.000000
QF	0	08:37:15.785	Cazyxio_v4.2 (EURUSD,M15)	2026.03.11 14:37:15 | HEARTBEAT | SYSTEM | EA alive. Tick=203600 Equity=44742.15 OpenPos=1 PendingOrders=0 UTC=2026.03.11 14:37 DayOfWeek=3 WeekendCloseActive=NO NewTradeBlocked=NO | 203600.000000
IP	0	08:37:58.736	Cazyxio_v4.2 (EURUSD,M15)	2026.03.11 14:37:58 | HEARTBEAT | SYSTEM | EA alive. Tick=203700 Equity=44713.15 OpenPos=1 PendingOrders=0 UTC=2026.03.11 14:37 DayOfWeek=3 WeekendCloseActive=NO NewTradeBlocked=NO | 203700.000000
CR	0	08:38:51.426	Cazyxio_v4.2 (EURUSD,M15)	2026.03.11 14:38:51 | HEARTBEAT | SYSTEM | EA alive. Tick=203800 Equity=44732.00 OpenPos=1 PendingOrders=0 UTC=2026.03.11 14:38 DayOfWeek=3 WeekendCloseActive=NO NewTradeBlocked=NO | 203800.000000
KL	0	08:39:39.395	Cazyxio_v4.2 (EURUSD,M15)	2026.03.11 14:39:39 | HEARTBEAT | SYSTEM | EA alive. Tick=203900 Equity=44717.50 OpenPos=1 PendingOrders=0 UTC=2026.03.11 14:39 DayOfWeek=3 WeekendCloseActive=NO NewTradeBlocked=NO | 203900.000000
IO	0	08:40:29.441	Cazyxio_v4.2 (EURUSD,M15)	2026.03.11 14:40:29 | HEARTBEAT | SYSTEM | EA alive. Tick=204000 Equity=44743.60 OpenPos=1 PendingOrders=0 UTC=2026.03.11 14:40 DayOfWeek=3 WeekendCloseActive=NO NewTradeBlocked=NO | 204000.000000
RI	0	08:41:07.912	Cazyxio_v4.2 (EURUSD,M15)	2026.03.11 14:41:07 | HEARTBEAT | SYSTEM | EA alive. Tick=204100 Equity=44726.20 OpenPos=1 PendingOrders=0 UTC=2026.03.11 14:41 DayOfWeek=3 WeekendCloseActive=NO NewTradeBlocked=NO | 204100.000000
CK	0	08:42:13.776	Cazyxio_v4.2 (EURUSD,M15)	2026.03.11 14:42:13 | HEARTBEAT | SYSTEM | EA alive. Tick=204200 Equity=44685.60 OpenPos=1 PendingOrders=0 UTC=2026.03.11 14:42 DayOfWeek=3 WeekendCloseActive=NO NewTradeBlocked=NO | 204200.000000
PE	0	08:43:05.850	Cazyxio_v4.2 (EURUSD,M15)	2026.03.11 14:43:05 | HEARTBEAT | SYSTEM | EA alive. Tick=204300 Equity=44684.15 OpenPos=1 PendingOrders=0 UTC=2026.03.11 14:43 DayOfWeek=3 WeekendCloseActive=NO NewTradeBlocked=NO | 204300.000000
ID	0	08:43:54.691	Cazyxio_v4.2 (EURUSD,M15)	2026.03.11 14:43:54 | HEARTBEAT | SYSTEM | EA alive. Tick=204400 Equity=44668.20 OpenPos=1 PendingOrders=0 UTC=2026.03.11 14:43 DayOfWeek=3 WeekendCloseActive=NO NewTradeBlocked=NO | 204400.000000
GF	0	08:44:57.971	Cazyxio_v4.2 (EURUSD,M15)	2026.03.11 14:44:57 | HEARTBEAT | SYSTEM | EA alive. Tick=204500 Equity=44697.20 OpenPos=1 PendingOrders=0 UTC=2026.03.11 14:44 DayOfWeek=3 WeekendCloseActive=NO NewTradeBlocked=NO | 204500.000000
HL	0	08:45:02.044	Cazyxio_v4.2 (EURUSD,M15)	2026.03.11 14:45:02 | POST_SL_CONTEXT | GBPUSD | Bar 3 after SL hit. SLHitPrice=1.34254 BarClose=1.34215 MoveSinceSL=3.9pips Verdict=CONTINUED_IN_TRADE_DIR (positive=price went our way, negative=continued against us)
IQ	0	08:45:02.044	Cazyxio_v4.2 (EURUSD,M15)	2026.03.11 14:45:02 | BAR | GBPUSD | close=1.34215 h4ema200=1.34806 h4slope=DOWN ema50=1.34287 distToEMA50=7.2pips touchSeq=4 atr=0.001490 atrSma=0.001036 atrRatio=1.439 dir=SHORT spread=20.0 spreadOK=YES atrGate=PASS touch=PASS momCandle=momClosePos=0.210 momOk=Y ema50Ok=Y barRange=0.001430 zeroRangeBar=NO trigger=YES hasPos=NO portRisk=0.50% openPos=1 | 1.342150
PF	0	08:45:02.044	Cazyxio_v4.2 (EURUSD,M15)	2026.03.11 14:45:02 | GATE_FAIL | GBPUSD | SL cooldown active. Last SL=2026.03.11 17:00 CooldownEnds=2026.03.11 18:00 MinsRemaining=15
OL	0	08:45:02.044	Cazyxio_v4.2 (EURUSD,M15)	2026.03.11 14:45:02 | BAR | EURUSD | close=1.15861 h4ema200=1.17300 h4slope=DOWN ema50=1.16051 distToEMA50=19.0pips touchSeq=0 atr=0.001156 atrSma=0.000843 atrRatio=1.372 dir=SHORT spread=15.0 spreadOK=YES atrGate=PASS touch=FAIL momCandle=momClosePos=0.273 momOk=Y ema50Ok=Y barRange=0.001390 zeroRangeBar=NO trigger=YES hasPos=NO portRisk=0.50% openPos=1 | 1.158610
OQ	0	08:45:02.044	Cazyxio_v4.2 (EURUSD,M15)	2026.03.11 14:45:02 | GATE_FAIL | EURUSD | Touch/pullback gate FAIL. Price has not approached EMA50 within last 12 bars (within 0.60 ATR). DistToEMA50=19.0pips.
JF	0	08:45:02.044	Cazyxio_v4.2 (EURUSD,M15)	2026.03.11 14:45:02 | BAR | AUDUSD | close=0.71695 h4ema200=0.70076 h4slope=UP ema50=0.71580 distToEMA50=11.5pips touchSeq=1 atr=0.001093 atrSma=0.000890 atrRatio=1.228 dir=LONG spread=19.0 spreadOK=YES atrGate=PASS touch=PASS momCandle=momClosePos=0.236 momOk=N ema50Ok=Y barRange=0.000890 zeroRangeBar=NO trigger=NO hasPos=YES portRisk=0.50% openPos=1 | 0.716950
QQ	0	08:45:02.044	Cazyxio_v4.2 (EURUSD,M15)	2026.03.11 14:45:02 | POSITION_HEALTH | AUDUSD | ticket=4400182 dir=LONG openPrice=0.71535 curPrice=0.71695 unrealPnL=232.00 curR=1.042 MFE=22.2pips MAE=8.1pips timeOpen=340min SL=0.71381 TP=0.71919
OL	0	08:45:02.044	Cazyxio_v4.2 (EURUSD,M15)	2026.03.11 14:45:02 | TRAIL_SKIP | AUDUSD | Trail not yet active. ProfitDist=0.00160 ActivateAt=0.00230 MFE=0.00160 ticket=4400182
CN	0	08:45:02.044	Cazyxio_v4.2 (EURUSD,M15)	2026.03.11 14:45:02 | BAR | GBPJPY | close=212.909 h4ema200=210.632 h4slope=UP ema50=212.642 distToEMA50=26.7pips touchSeq=0 atr=0.162786 atrSma=0.126603 atrRatio=1.286 dir=LONG spread=36.0 spreadOK=NO atrGate=PASS touch=PASS momCandle=momClosePos=0.289 momOk=N ema50Ok=Y barRange=0.121000 zeroRangeBar=NO trigger=NO hasPos=NO portRisk=0.50% openPos=1 | 212.909000
DH	0	08:45:02.044	Cazyxio_v4.2 (EURUSD,M15)	2026.03.11 14:45:02 | GATE_FAIL | GBPJPY | Spread too wide. Spread=36.0 Max=30 points.
DK	0	08:45:04.157	Cazyxio_v4.2 (EURUSD,M15)	2026.03.11 14:45:04 | BAR | USDJPY | close=158.630 h4ema200=156.246 h4slope=UP ema50=158.345 distToEMA50=28.5pips touchSeq=0 atr=0.128143 atrSma=0.103979 atrRatio=1.232 dir=LONG spread=14.0 spreadOK=YES atrGate=PASS touch=FAIL momCandle=momClosePos=0.735 momOk=Y ema50Ok=Y barRange=0.102000 zeroRangeBar=NO trigger=YES hasPos=NO portRisk=0.50% openPos=1 | 158.630000
HI	0	08:45:04.157	Cazyxio_v4.2 (EURUSD,M15)	2026.03.11 14:45:04 | GATE_FAIL | USDJPY | Touch/pullback gate FAIL. Price has not approached EMA50 within last 12 bars (within 0.60 ATR). DistToEMA50=28.5pips.
MM	0	08:45:04.157	Cazyxio_v4.2 (EURUSD,M15)	2026.03.11 14:45:04 | BAR | USDCAD | close=1.35775 h4ema200=1.36659 h4slope=DOWN ema50=1.35721 distToEMA50=5.4pips touchSeq=3 atr=0.000961 atrSma=0.000669 atrRatio=1.437 dir=SHORT spread=23.0 spreadOK=YES atrGate=PASS touch=PASS momCandle=momClosePos=0.518 momOk=N ema50Ok=Y barRange=0.000850 zeroRangeBar=NO trigger=NO hasPos=NO portRisk=0.50% openPos=1 | 1.357750
MF	0	08:45:04.157	Cazyxio_v4.2 (EURUSD,M15)	2026.03.11 14:45:04 | GATE_FAIL | USDCAD | Momentum candle FAIL. dir=SHORT close=1.35775 ema50=1.35721 momClosePos=0.518 momOk=N ema50Ok=Y barRange=0.000850
GR	0	08:45:51.202	Cazyxio_v4.2 (EURUSD,M15)	2026.03.11 14:45:51 | HEARTBEAT | SYSTEM | EA alive. Tick=204600 Equity=44679.80 OpenPos=1 PendingOrders=0 UTC=2026.03.11 14:45 DayOfWeek=3 WeekendCloseActive=NO NewTradeBlocked=NO | 204600.000000
IL	0	08:46:35.563	Cazyxio_v4.2 (EURUSD,M15)	2026.03.11 14:46:35 | HEARTBEAT | SYSTEM | EA alive. Tick=204700 Equity=44674.00 OpenPos=1 PendingOrders=0 UTC=2026.03.11 14:46 DayOfWeek=3 WeekendCloseActive=NO NewTradeBlocked=NO | 204700.000000
DN	0	08:47:28.366	Cazyxio_v4.2 (EURUSD,M15)	2026.03.11 14:47:28 | HEARTBEAT | SYSTEM | EA alive. Tick=204800 Equity=44647.90 OpenPos=1 PendingOrders=0 UTC=2026.03.11 14:47 DayOfWeek=3 WeekendCloseActive=NO NewTradeBlocked=NO | 204800.000000
OH	0	08:48:43.472	Cazyxio_v4.2 (EURUSD,M15)	2026.03.11 14:48:43 | HEARTBEAT | SYSTEM | EA alive. Tick=204900 Equity=44681.25 OpenPos=1 PendingOrders=0 UTC=2026.03.11 14:48 DayOfWeek=3 WeekendCloseActive=NO NewTradeBlocked=NO | 204900.000000
CK	0	08:49:34.787	Cazyxio_v4.2 (EURUSD,M15)	2026.03.11 14:49:34 | HEARTBEAT | SYSTEM | EA alive. Tick=205000 Equity=44746.50 OpenPos=1 PendingOrders=0 UTC=2026.03.11 14:49 DayOfWeek=3 WeekendCloseActive=NO NewTradeBlocked=NO | 205000.000000
GE	0	08:50:12.699	Cazyxio_v4.2 (EURUSD,M15)	2026.03.11 14:50:12 | HEARTBEAT | SYSTEM | EA alive. Tick=205100 Equity=44733.45 OpenPos=1 PendingOrders=0 UTC=2026.03.11 14:50 DayOfWeek=3 WeekendCloseActive=NO NewTradeBlocked=NO | 205100.000000
LG	0	08:51:04.403	Cazyxio_v4.2 (EURUSD,M15)	2026.03.11 14:51:04 | HEARTBEAT | SYSTEM | EA alive. Tick=205200 Equity=44788.55 OpenPos=1 PendingOrders=0 UTC=2026.03.11 14:51 DayOfWeek=3 WeekendCloseActive=NO NewTradeBlocked=NO | 205200.000000
HQ	0	08:51:58.559	Cazyxio_v4.2 (EURUSD,M15)	2026.03.11 14:51:58 | HEARTBEAT | SYSTEM | EA alive. Tick=205300 Equity=44798.70 OpenPos=1 PendingOrders=0 UTC=2026.03.11 14:51 DayOfWeek=3 WeekendCloseActive=NO NewTradeBlocked=NO | 205300.000000
FP	0	08:52:46.274	Cazyxio_v4.2 (EURUSD,M15)	2026.03.11 14:52:46 | HEARTBEAT | SYSTEM | EA alive. Tick=205400 Equity=44761.00 OpenPos=1 PendingOrders=0 UTC=2026.03.11 14:52 DayOfWeek=3 WeekendCloseActive=NO NewTradeBlocked=NO | 205400.000000
MR	0	08:53:38.217	Cazyxio_v4.2 (EURUSD,M15)	2026.03.11 14:53:38 | HEARTBEAT | SYSTEM | EA alive. Tick=205500 Equity=44734.90 OpenPos=1 PendingOrders=0 UTC=2026.03.11 14:53 DayOfWeek=3 WeekendCloseActive=NO NewTradeBlocked=NO | 205500.000000
ML	0	08:54:36.353	Cazyxio_v4.2 (EURUSD,M15)	2026.03.11 14:54:36 | HEARTBEAT | SYSTEM | EA alive. Tick=205600 Equity=44753.75 OpenPos=1 PendingOrders=0 UTC=2026.03.11 14:54 DayOfWeek=3 WeekendCloseActive=NO NewTradeBlocked=NO | 205600.000000
CN	0	08:55:35.636	Cazyxio_v4.2 (EURUSD,M15)	2026.03.11 14:55:35 | HEARTBEAT | SYSTEM | EA alive. Tick=205700 Equity=44776.95 OpenPos=1 PendingOrders=0 UTC=2026.03.11 14:55 DayOfWeek=3 WeekendCloseActive=NO NewTradeBlocked=NO | 205700.000000
GI	0	08:56:22.228	Cazyxio_v4.2 (EURUSD,M15)	2026.03.11 14:56:22 | HEARTBEAT | SYSTEM | EA alive. Tick=205800 Equity=44776.95 OpenPos=1 PendingOrders=0 UTC=2026.03.11 14:56 DayOfWeek=3 WeekendCloseActive=NO NewTradeBlocked=NO | 205800.000000
QK	0	08:57:10.526	Cazyxio_v4.2 (EURUSD,M15)	2026.03.11 14:57:10 | HEARTBEAT | SYSTEM | EA alive. Tick=205900 Equity=44794.35 OpenPos=1 PendingOrders=0 UTC=2026.03.11 14:57 DayOfWeek=3 WeekendCloseActive=NO NewTradeBlocked=NO | 205900.000000
DE	0	08:57:52.015	Cazyxio_v4.2 (EURUSD,M15)	2026.03.11 14:57:52 | HEARTBEAT | SYSTEM | EA alive. Tick=206000 Equity=44846.55 OpenPos=1 PendingOrders=0 UTC=2026.03.11 14:57 DayOfWeek=3 WeekendCloseActive=NO NewTradeBlocked=NO | 206000.000000
OG	0	08:58:32.688	Cazyxio_v4.2 (EURUSD,M15)	2026.03.11 14:58:32 | HEARTBEAT | SYSTEM | EA alive. Tick=206100 Equity=44840.75 OpenPos=1 PendingOrders=0 UTC=2026.03.11 14:58 DayOfWeek=3 WeekendCloseActive=NO NewTradeBlocked=NO | 206100.000000
PF	0	08:59:27.795	Cazyxio_v4.2 (EURUSD,M15)	2026.03.11 14:59:27 | HEARTBEAT | SYSTEM | EA alive. Tick=206200 Equity=44823.35 OpenPos=1 PendingOrders=0 UTC=2026.03.11 14:59 DayOfWeek=3 WeekendCloseActive=NO NewTradeBlocked=NO | 206200.000000
IS	0	09:00:01.944	Cazyxio_v4.2 (EURUSD,M15)	2026.03.11 15:00:01 | BAR | EURUSD | close=1.15812 h4ema200=1.17300 h4slope=DOWN ema50=1.16040 distToEMA50=22.8pips touchSeq=0 atr=0.001220 atrSma=0.000846 atrRatio=1.443 dir=SHORT spread=16.0 spreadOK=YES atrGate=PASS touch=FAIL momCandle=momClosePos=0.072 momOk=Y ema50Ok=Y barRange=0.001380 zeroRangeBar=NO trigger=YES hasPos=NO portRisk=0.50% openPos=1 | 1.158120
HF	0	09:00:01.944	Cazyxio_v4.2 (EURUSD,M15)	2026.03.11 15:00:01 | GATE_FAIL | EURUSD | Touch/pullback gate FAIL. Price has not approached EMA50 within last 12 bars (within 0.60 ATR). DistToEMA50=22.8pips.
IN	0	09:00:02.191	Cazyxio_v4.2 (EURUSD,M15)	2026.03.11 15:00:02 | BAR | AUDUSD | close=0.71781 h4ema200=0.70077 h4slope=UP ema50=0.71592 distToEMA50=18.9pips touchSeq=0 atr=0.001168 atrSma=0.000892 atrRatio=1.309 dir=LONG spread=16.0 spreadOK=YES atrGate=PASS touch=PASS momCandle=momClosePos=0.822 momOk=Y ema50Ok=Y barRange=0.001570 zeroRangeBar=NO trigger=YES hasPos=YES portRisk=0.50% openPos=1 | 0.717810
DL	0	09:00:02.191	Cazyxio_v4.2 (EURUSD,M15)	2026.03.11 15:00:02 | POSITION_HEALTH | AUDUSD | ticket=4400182 dir=LONG openPrice=0.71535 curPrice=0.71781 unrealPnL=356.70 curR=1.602 MFE=24.6pips MAE=8.1pips timeOpen=355min SL=0.71381 TP=0.71919
FS	0	09:00:02.320	Cazyxio_v4.2 (EURUSD,M15)	2026.03.11 15:00:02 | TRAIL_MOVED | AUDUSD | BUY trail moved. oldSL=0.71381 newSL=0.71547 bid=0.71781 MFE=0.00246 ticket=4400182
FF	0	09:00:02.320	Cazyxio_v4.2 (EURUSD,M15)	2026.03.11 15:00:02 | BAR | GBPJPY | close=212.996 h4ema200=210.633 h4slope=UP ema50=212.659 distToEMA50=33.7pips touchSeq=0 atr=0.167000 atrSma=0.126996 atrRatio=1.315 dir=LONG spread=37.0 spreadOK=NO atrGate=PASS touch=PASS momCandle=momClosePos=0.719 momOk=Y ema50Ok=Y barRange=0.199000 zeroRangeBar=NO trigger=YES hasPos=NO portRisk=0.50% openPos=1 | 212.996000
DG	0	09:00:02.320	Cazyxio_v4.2 (EURUSD,M15)	2026.03.11 15:00:02 | GATE_FAIL | GBPJPY | Spread too wide. Spread=37.0 Max=30 points.
LE	0	09:00:02.320	Cazyxio_v4.2 (EURUSD,M15)	2026.03.11 15:00:02 | BAR | USDCAD | close=1.35791 h4ema200=1.36659 h4slope=DOWN ema50=1.35724 distToEMA50=6.7pips touchSeq=4 atr=0.000976 atrSma=0.000669 atrRatio=1.460 dir=SHORT spread=25.0 spreadOK=YES atrGate=PASS touch=PASS momCandle=momClosePos=0.753 momOk=N ema50Ok=Y barRange=0.000850 zeroRangeBar=NO trigger=NO hasPos=NO portRisk=0.50% openPos=1 | 1.357910
QN	0	09:00:02.320	Cazyxio_v4.2 (EURUSD,M15)	2026.03.11 15:00:02 | GATE_FAIL | USDCAD | Momentum candle FAIL. dir=SHORT close=1.35791 ema50=1.35724 momClosePos=0.753 momOk=N ema50Ok=Y barRange=0.000850
NI	0	09:00:02.692	Cazyxio_v4.2 (EURUSD,M15)	2026.03.11 15:00:02 | POST_SL_CONTEXT | GBPUSD | Bar 4 after SL hit. SLHitPrice=1.34254 BarClose=1.34226 MoveSinceSL=2.8pips Verdict=CONTINUED_IN_TRADE_DIR (positive=price went our way, negative=continued against us)
MJ	0	09:00:02.692	Cazyxio_v4.2 (EURUSD,M15)	2026.03.11 15:00:02 | BAR | GBPUSD | close=1.34226 h4ema200=1.34806 h4slope=DOWN ema50=1.34285 distToEMA50=5.9pips touchSeq=5 atr=0.001538 atrSma=0.001039 atrRatio=1.480 dir=SHORT spread=19.0 spreadOK=YES atrGate=PASS touch=PASS momCandle=momClosePos=0.205 momOk=Y ema50Ok=Y barRange=0.001660 zeroRangeBar=NO trigger=YES hasPos=NO portRisk=0.50% openPos=1 | 1.342260
KO	0	09:00:02.692	Cazyxio_v4.2 (EURUSD,M15)	2026.03.11 15:00:02 | GATE_FAIL | GBPUSD | SL cooldown active. Last SL=2026.03.11 17:00 CooldownEnds=2026.03.11 18:00 MinsRemaining=0
MO	0	09:00:02.692	Cazyxio_v4.2 (EURUSD,M15)	2026.03.11 15:00:02 | BAR | USDJPY | close=158.681 h4ema200=156.247 h4slope=UP ema50=158.360 distToEMA50=32.1pips touchSeq=0 atr=0.128571 atrSma=0.104296 atrRatio=1.233 dir=LONG spread=15.0 spreadOK=YES atrGate=PASS touch=FAIL momCandle=momClosePos=0.942 momOk=Y ema50Ok=Y barRange=0.137000 zeroRangeBar=NO trigger=YES hasPos=NO portRisk=0.50% openPos=1 | 158.681000
KF	0	09:00:02.692	Cazyxio_v4.2 (EURUSD,M15)	2026.03.11 15:00:02 | GATE_FAIL | USDJPY | Touch/pullback gate FAIL. Price has not approached EMA50 within last 12 bars (within 0.60 ATR). DistToEMA50=32.1pips.
DM	0	09:00:16.752	Cazyxio_v4.2 (EURUSD,M15)	2026.03.11 15:00:16 | HEARTBEAT | SYSTEM | EA alive. Tick=206300 Equity=44820.45 OpenPos=1 PendingOrders=0 UTC=2026.03.11 15:00 DayOfWeek=3 WeekendCloseActive=NO NewTradeBlocked=NO | 206300.000000
OL	0	09:01:05.195	Cazyxio_v4.2 (EURUSD,M15)	2026.03.11 15:01:05 | HEARTBEAT | SYSTEM | EA alive. Tick=206400 Equity=44853.80 OpenPos=1 PendingOrders=0 UTC=2026.03.11 15:01 DayOfWeek=3 WeekendCloseActive=NO NewTradeBlocked=NO | 206400.000000
RN	0	09:01:56.572	Cazyxio_v4.2 (EURUSD,M15)	2026.03.11 15:01:56 | HEARTBEAT | SYSTEM | EA alive. Tick=206500 Equity=44794.35 OpenPos=1 PendingOrders=0 UTC=2026.03.11 15:01 DayOfWeek=3 WeekendCloseActive=NO NewTradeBlocked=NO | 206500.000000
HH	0	09:02:47.334	Cazyxio_v4.2 (EURUSD,M15)	2026.03.11 15:02:47 | HEARTBEAT | SYSTEM | EA alive. Tick=206600 Equity=44729.10 OpenPos=1 PendingOrders=0 UTC=2026.03.11 15:02 DayOfWeek=3 WeekendCloseActive=NO NewTradeBlocked=NO | 206600.000000
EJ	0	09:03:29.303	Cazyxio_v4.2 (EURUSD,M15)	2026.03.11 15:03:29 | HEARTBEAT | SYSTEM | EA alive. Tick=206700 Equity=44737.80 OpenPos=1 PendingOrders=0 UTC=2026.03.11 15:03 DayOfWeek=3 WeekendCloseActive=NO NewTradeBlocked=NO | 206700.000000
JE	0	09:04:12.444	Cazyxio_v4.2 (EURUSD,M15)	2026.03.11 15:04:12 | HEARTBEAT | SYSTEM | EA alive. Tick=206800 Equity=44727.65 OpenPos=1 PendingOrders=0 UTC=2026.03.11 15:04 DayOfWeek=3 WeekendCloseActive=NO NewTradeBlocked=NO | 206800.000000
NG	0	09:05:05.300	Cazyxio_v4.2 (EURUSD,M15)	2026.03.11 15:05:05 | HEARTBEAT | SYSTEM | EA alive. Tick=206900 Equity=44801.60 OpenPos=1 PendingOrders=0 UTC=2026.03.11 15:05 DayOfWeek=3 WeekendCloseActive=NO NewTradeBlocked=NO | 206900.000000
EQ	0	09:05:52.577	Cazyxio_v4.2 (EURUSD,M15)	2026.03.11 15:05:52 | HEARTBEAT | SYSTEM | EA alive. Tick=207000 Equity=44778.40 OpenPos=1 PendingOrders=0 UTC=2026.03.11 15:05 DayOfWeek=3 WeekendCloseActive=NO NewTradeBlocked=NO | 207000.000000
GS	0	09:06:43.384	Cazyxio_v4.2 (EURUSD,M15)	2026.03.11 15:06:43 | HEARTBEAT | SYSTEM | EA alive. Tick=207100 Equity=44756.65 OpenPos=1 PendingOrders=0 UTC=2026.03.11 15:06 DayOfWeek=3 WeekendCloseActive=NO NewTradeBlocked=NO | 207100.000000
ER	0	09:07:30.048	Cazyxio_v4.2 (EURUSD,M15)	2026.03.11 15:07:30 | HEARTBEAT | SYSTEM | EA alive. Tick=207200 Equity=44766.80 OpenPos=1 PendingOrders=0 UTC=2026.03.11 15:07 DayOfWeek=3 WeekendCloseActive=NO NewTradeBlocked=NO | 207200.000000
EL	0	09:08:31.021	Cazyxio_v4.2 (EURUSD,M15)	2026.03.11 15:08:31 | HEARTBEAT | SYSTEM | EA alive. Tick=207300 Equity=44759.55 OpenPos=1 PendingOrders=0 UTC=2026.03.11 15:08 DayOfWeek=3 WeekendCloseActive=NO NewTradeBlocked=NO | 207300.000000
KN	0	09:09:41.607	Cazyxio_v4.2 (EURUSD,M15)	2026.03.11 15:09:41 | HEARTBEAT | SYSTEM | EA alive. Tick=207400 Equity=44768.25 OpenPos=1 PendingOrders=0 UTC=2026.03.11 15:09 DayOfWeek=3 WeekendCloseActive=NO NewTradeBlocked=NO | 207400.000000
CH	0	09:10:25.165	Cazyxio_v4.2 (EURUSD,M15)	2026.03.11 15:10:25 | HEARTBEAT | SYSTEM | EA alive. Tick=207500 Equity=44785.65 OpenPos=1 PendingOrders=0 UTC=2026.03.11 15:10 DayOfWeek=3 WeekendCloseActive=NO NewTradeBlocked=NO | 207500.000000
JK	0	09:11:22.320	Cazyxio_v4.2 (EURUSD,M15)	2026.03.11 15:11:22 | HEARTBEAT | SYSTEM | EA alive. Tick=207600 Equity=44746.50 OpenPos=1 PendingOrders=0 UTC=2026.03.11 15:11 DayOfWeek=3 WeekendCloseActive=NO NewTradeBlocked=NO | 207600.000000
LE	0	09:12:15.899	Cazyxio_v4.2 (EURUSD,M15)	2026.03.11 15:12:15 | HEARTBEAT | SYSTEM | EA alive. Tick=207700 Equity=44775.50 OpenPos=1 PendingOrders=0 UTC=2026.03.11 15:12 DayOfWeek=3 WeekendCloseActive=NO NewTradeBlocked=NO | 207700.000000
IG	0	09:13:01.925	Cazyxio_v4.2 (EURUSD,M15)	2026.03.11 15:13:01 | HEARTBEAT | SYSTEM | EA alive. Tick=207800 Equity=44736.35 OpenPos=1 PendingOrders=0 UTC=2026.03.11 15:13 DayOfWeek=3 WeekendCloseActive=NO NewTradeBlocked=NO | 207800.000000
HQ	0	09:13:55.907	Cazyxio_v4.2 (EURUSD,M15)	2026.03.11 15:13:55 | HEARTBEAT | SYSTEM | EA alive. Tick=207900 Equity=44752.30 OpenPos=1 PendingOrders=0 UTC=2026.03.11 15:13 DayOfWeek=3 WeekendCloseActive=NO NewTradeBlocked=NO | 207900.000000
QP	0	09:14:44.201	Cazyxio_v4.2 (EURUSD,M15)	2026.03.11 15:14:44 | HEARTBEAT | SYSTEM | EA alive. Tick=208000 Equity=44749.40 OpenPos=1 PendingOrders=0 UTC=2026.03.11 15:14 DayOfWeek=3 WeekendCloseActive=NO NewTradeBlocked=NO | 208000.000000
OQ	0	09:15:02.031	Cazyxio_v4.2 (EURUSD,M15)	2026.03.11 15:15:02 | BAR | EURUSD | close=1.15757 h4ema200=1.17299 h4slope=DOWN ema50=1.16027 distToEMA50=27.0pips touchSeq=0 atr=0.001170 atrSma=0.000847 atrRatio=1.381 dir=SHORT spread=15.0 spreadOK=YES atrGate=PASS touch=FAIL momCandle=momClosePos=0.013 momOk=Y ema50Ok=Y barRange=0.000790 zeroRangeBar=NO trigger=YES hasPos=NO portRisk=0.50% openPos=1 | 1.157570
PS	0	09:15:02.031	Cazyxio_v4.2 (EURUSD,M15)	2026.03.11 15:15:02 | GATE_FAIL | EURUSD | Touch/pullback gate FAIL. Price has not approached EMA50 within last 12 bars (within 0.60 ATR). DistToEMA50=27.0pips.
HQ	0	09:15:02.031	Cazyxio_v4.2 (EURUSD,M15)	2026.03.11 15:15:02 | BAR | GBPJPY | close=212.909 h4ema200=210.632 h4slope=UP ema50=212.665 distToEMA50=24.4pips touchSeq=0 atr=0.158857 atrSma=0.127223 atrRatio=1.249 dir=LONG spread=44.0 spreadOK=NO atrGate=PASS touch=PASS momCandle=momClosePos=0.000 momOk=N ema50Ok=Y barRange=0.128000 zeroRangeBar=NO trigger=NO hasPos=NO portRisk=0.50% openPos=1 | 212.909000
GM	0	09:15:02.031	Cazyxio_v4.2 (EURUSD,M15)	2026.03.11 15:15:02 | GATE_FAIL | GBPJPY | Spread too wide. Spread=44.0 Max=30 points.
KP	0	09:15:02.260	Cazyxio_v4.2 (EURUSD,M15)	2026.03.11 15:15:02 | BAR | GBPUSD | close=1.34133 h4ema200=1.34805 h4slope=DOWN ema50=1.34276 distToEMA50=14.3pips touchSeq=6 atr=0.001480 atrSma=0.001042 atrRatio=1.421 dir=SHORT spread=22.0 spreadOK=YES atrGate=PASS touch=PASS momCandle=momClosePos=0.000 momOk=Y ema50Ok=Y barRange=0.001290 zeroRangeBar=NO trigger=YES hasPos=NO portRisk=0.50% openPos=1 | 1.341330
NE	0	09:15:02.260	Cazyxio_v4.2 (EURUSD,M15)	2026.03.11 15:15:02 | SIGNAL | GBPUSD | VALID SIGNAL (LIMIT): SHORT limitPrice=1.34283 sl=1.34520 tp=1.33691 stopDist=0.00237 lots=0.94 riskPct=0.50 R:R=2.50 ema50=1.34276 distToLimit=15.0pips expiresIn=4bars touchSeq=6 | 1.342830
MD	0	09:15:02.391	Cazyxio_v4.2 (EURUSD,M15)	2026.03.11 15:15:02 | LIMIT_PLACED | GBPUSD | SELL_LIMIT lots=0.94 limitPrice=1.34283 sl=1.34520 tp=1.33691 expiresIn=4bars ticket=4401790 | 0.940000
NR	0	09:15:02.391	Cazyxio_v4.2 (EURUSD,M15)	2026.03.11 15:15:02 | BAR | USDJPY | close=158.725 h4ema200=156.247 h4slope=UP ema50=158.376 distToEMA50=34.9pips touchSeq=0 atr=0.123786 atrSma=0.104449 atrRatio=1.185 dir=LONG spread=16.0 spreadOK=YES atrGate=PASS touch=FAIL momCandle=momClosePos=0.952 momOk=Y ema50Ok=Y barRange=0.062000 zeroRangeBar=NO trigger=YES hasPos=NO portRisk=0.50% openPos=1 | 158.725000
IS	0	09:15:02.391	Cazyxio_v4.2 (EURUSD,M15)	2026.03.11 15:15:02 | GATE_FAIL | USDJPY | Touch/pullback gate FAIL. Price has not approached EMA50 within last 12 bars (within 0.60 ATR). DistToEMA50=34.9pips.
GQ	0	09:15:02.391	Cazyxio_v4.2 (EURUSD,M15)	2026.03.11 15:15:02 | BAR | AUDUSD | close=0.71716 h4ema200=0.70076 h4slope=UP ema50=0.71594 distToEMA50=12.2pips touchSeq=1 atr=0.001148 atrSma=0.000894 atrRatio=1.284 dir=LONG spread=19.0 spreadOK=YES atrGate=PASS touch=PASS momCandle=momClosePos=0.112 momOk=N ema50Ok=Y barRange=0.001070 zeroRangeBar=NO trigger=NO hasPos=YES portRisk=0.50% openPos=1 | 0.717160
HO	0	09:15:02.391	Cazyxio_v4.2 (EURUSD,M15)	2026.03.11 15:15:02 | POSITION_HEALTH | AUDUSD | ticket=4400182 dir=LONG openPrice=0.71535 curPrice=0.71711 unrealPnL=255.20 curR=1.146 MFE=24.6pips MAE=8.1pips timeOpen=370min SL=0.71547 TP=0.71919
DN	0	09:15:02.391	Cazyxio_v4.2 (EURUSD,M15)	2026.03.11 15:15:02 | TRAIL_SKIP | AUDUSD | Trail not yet active. ProfitDist=0.00176 ActivateAt=0.00230 MFE=0.00176 ticket=4400182
OI	0	09:15:02.391	Cazyxio_v4.2 (EURUSD,M15)	2026.03.11 15:15:02 | BAR | USDCAD | close=1.35954 h4ema200=1.36661 h4slope=DOWN ema50=1.35739 distToEMA50=21.5pips touchSeq=0 atr=0.001063 atrSma=0.000670 atrRatio=1.586 dir=SHORT spread=27.0 spreadOK=YES atrGate=PASS touch=PASS momCandle=momClosePos=0.995 momOk=N ema50Ok=Y barRange=0.002050 zeroRangeBar=NO trigger=NO hasPos=NO portRisk=0.50% openPos=1 | 1.359540
PH	0	09:15:02.391	Cazyxio_v4.2 (EURUSD,M15)	2026.03.11 15:15:02 | GATE_FAIL | USDCAD | Momentum candle FAIL. dir=SHORT close=1.35954 ema50=1.35739 momClosePos=0.995 momOk=N ema50Ok=Y barRange=0.002050
LS	0	09:15:35.253	Cazyxio_v4.2 (EURUSD,M15)	2026.03.11 15:15:35 | HEARTBEAT | SYSTEM | EA alive. Tick=208100 Equity=44703.00 OpenPos=1 PendingOrders=1 UTC=2026.03.11 15:15 DayOfWeek=3 WeekendCloseActive=NO NewTradeBlocked=NO | 208100.000000
KM	0	09:16:32.162	Cazyxio_v4.2 (EURUSD,M15)	2026.03.11 15:16:32 | HEARTBEAT | SYSTEM | EA alive. Tick=208200 Equity=44688.50 OpenPos=1 PendingOrders=1 UTC=2026.03.11 15:16 DayOfWeek=3 WeekendCloseActive=NO NewTradeBlocked=NO | 208200.000000
EL	0	09:17:32.638	Cazyxio_v4.2 (EURUSD,M15)	2026.03.11 15:17:32 | HEARTBEAT | SYSTEM | EA alive. Tick=208300 Equity=44660.95 OpenPos=1 PendingOrders=1 UTC=2026.03.11 15:17 DayOfWeek=3 WeekendCloseActive=NO NewTradeBlocked=NO | 208300.000000
CN	0	09:18:31.046	Cazyxio_v4.2 (EURUSD,M15)	2026.03.11 15:18:31 | HEARTBEAT | SYSTEM | EA alive. Tick=208400 Equity=44697.20 OpenPos=1 PendingOrders=1 UTC=2026.03.11 15:18 DayOfWeek=3 WeekendCloseActive=NO NewTradeBlocked=NO | 208400.000000
MH	0	09:19:35.256	Cazyxio_v4.2 (EURUSD,M15)	2026.03.11 15:19:35 | HEARTBEAT | SYSTEM | EA alive. Tick=208500 Equity=44684.15 OpenPos=1 PendingOrders=1 UTC=2026.03.11 15:19 DayOfWeek=3 WeekendCloseActive=NO NewTradeBlocked=NO | 208500.000000
DJ	0	09:20:39.147	Cazyxio_v4.2 (EURUSD,M15)	2026.03.11 15:20:39 | HEARTBEAT | SYSTEM | EA alive. Tick=208600 Equity=44694.30 OpenPos=1 PendingOrders=1 UTC=2026.03.11 15:20 DayOfWeek=3 WeekendCloseActive=NO NewTradeBlocked=NO | 208600.000000
OE	0	09:21:37.324	Cazyxio_v4.2 (EURUSD,M15)	2026.03.11 15:21:37 | HEARTBEAT | SYSTEM | EA alive. Tick=208700 Equity=44678.35 OpenPos=1 PendingOrders=1 UTC=2026.03.11 15:21 DayOfWeek=3 WeekendCloseActive=NO NewTradeBlocked=NO | 208700.000000
DG	0	09:22:45.764	Cazyxio_v4.2 (EURUSD,M15)	2026.03.11 15:22:45 | HEARTBEAT | SYSTEM | EA alive. Tick=208800 Equity=44646.45 OpenPos=1 PendingOrders=1 UTC=2026.03.11 15:22 DayOfWeek=3 WeekendCloseActive=NO NewTradeBlocked=NO | 208800.000000
GQ	0	09:23:57.585	Cazyxio_v4.2 (EURUSD,M15)	2026.03.11 15:23:57 | HEARTBEAT | SYSTEM | EA alive. Tick=208900 Equity=44679.80 OpenPos=1 PendingOrders=1 UTC=2026.03.11 15:23 DayOfWeek=3 WeekendCloseActive=NO NewTradeBlocked=NO | 208900.000000
PS	0	09:25:12.324	Cazyxio_v4.2 (EURUSD,M15)	2026.03.11 15:25:12 | HEARTBEAT | SYSTEM | EA alive. Tick=209000 Equity=44701.55 OpenPos=1 PendingOrders=1 UTC=2026.03.11 15:25 DayOfWeek=3 WeekendCloseActive=NO NewTradeBlocked=NO | 209000.000000
GR	0	09:26:32.737	Cazyxio_v4.2 (EURUSD,M15)	2026.03.11 15:26:32 | HEARTBEAT | SYSTEM | EA alive. Tick=209100 Equity=44662.40 OpenPos=1 PendingOrders=1 UTC=2026.03.11 15:26 DayOfWeek=3 WeekendCloseActive=NO NewTradeBlocked=NO | 209100.000000
JL	0	09:27:22.798	Cazyxio_v4.2 (EURUSD,M15)	2026.03.11 15:27:22 | HEARTBEAT | SYSTEM | EA alive. Tick=209200 Equity=44646.45 OpenPos=1 PendingOrders=1 UTC=2026.03.11 15:27 DayOfWeek=3 WeekendCloseActive=NO NewTradeBlocked=NO | 209200.000000
GN	0	09:28:23.830	Cazyxio_v4.2 (EURUSD,M15)	2026.03.11 15:28:23 | HEARTBEAT | SYSTEM | EA alive. Tick=209300 Equity=44681.25 OpenPos=1 PendingOrders=1 UTC=2026.03.11 15:28 DayOfWeek=3 WeekendCloseActive=NO NewTradeBlocked=NO | 209300.000000
PH	0	09:29:27.934	Cazyxio_v4.2 (EURUSD,M15)	2026.03.11 15:29:27 | HEARTBEAT | SYSTEM | EA alive. Tick=209400 Equity=44642.10 OpenPos=1 PendingOrders=1 UTC=2026.03.11 15:29 DayOfWeek=3 WeekendCloseActive=NO NewTradeBlocked=NO | 209400.000000
IG	0	09:30:02.168	Cazyxio_v4.2 (EURUSD,M15)	2026.03.11 15:30:02 | LIMIT_PENDING | GBPUSD | Limit order still pending. BarsRemaining=3 LimitPrice=1.34283 CurrentPrice=1.34104 DistToLimit=17.9pips Ticket=4401790
MR	0	09:30:02.168	Cazyxio_v4.2 (EURUSD,M15)	2026.03.11 15:30:02 | BAR | EURUSD | close=1.15739 h4ema200=1.17299 h4slope=DOWN ema50=1.16015 distToEMA50=27.6pips touchSeq=0 atr=0.001169 atrSma=0.000849 atrRatio=1.376 dir=SHORT spread=18.0 spreadOK=YES atrGate=PASS touch=FAIL momCandle=momClosePos=0.146 momOk=Y ema50Ok=Y barRange=0.000480 zeroRangeBar=NO trigger=YES hasPos=NO portRisk=0.50% openPos=1 | 1.157390
MG	0	09:30:02.168	Cazyxio_v4.2 (EURUSD,M15)	2026.03.11 15:30:02 | GATE_FAIL | EURUSD | Touch/pullback gate FAIL. Price has not approached EMA50 within last 12 bars (within 0.60 ATR). DistToEMA50=27.6pips.
GM	0	09:30:02.168	Cazyxio_v4.2 (EURUSD,M15)	2026.03.11 15:30:02 | BAR | USDJPY | close=158.777 h4ema200=156.248 h4slope=UP ema50=158.394 distToEMA50=38.3pips touchSeq=0 atr=0.123714 atrSma=0.104659 atrRatio=1.182 dir=LONG spread=17.0 spreadOK=YES atrGate=PASS touch=FAIL momCandle=momClosePos=1.000 momOk=Y ema50Ok=Y barRange=0.083000 zeroRangeBar=NO trigger=YES hasPos=NO portRisk=0.50% openPos=1 | 158.777000
GD	0	09:30:02.168	Cazyxio_v4.2 (EURUSD,M15)	2026.03.11 15:30:02 | GATE_FAIL | USDJPY | Touch/pullback gate FAIL. Price has not approached EMA50 within last 12 bars (within 0.60 ATR). DistToEMA50=38.3pips.
EQ	0	09:30:02.168	Cazyxio_v4.2 (EURUSD,M15)	2026.03.11 15:30:02 | BAR | AUDUSD | close=0.71647 h4ema200=0.70076 h4slope=UP ema50=0.71593 distToEMA50=5.4pips touchSeq=2 atr=0.001157 atrSma=0.000895 atrRatio=1.293 dir=LONG spread=19.0 spreadOK=YES atrGate=PASS touch=PASS momCandle=momClosePos=0.039 momOk=N ema50Ok=Y barRange=0.000760 zeroRangeBar=NO trigger=NO hasPos=YES portRisk=0.50% openPos=1 | 0.716470
GN	0	09:30:02.168	Cazyxio_v4.2 (EURUSD,M15)	2026.03.11 15:30:02 | POSITION_HEALTH | AUDUSD | ticket=4400182 dir=LONG openPrice=0.71535 curPrice=0.71647 unrealPnL=162.40 curR=0.729 MFE=24.6pips MAE=8.1pips timeOpen=385min SL=0.71547 TP=0.71919
JO	0	09:30:02.168	Cazyxio_v4.2 (EURUSD,M15)	2026.03.11 15:30:02 | TRAIL_SKIP | AUDUSD | Trail not yet active. ProfitDist=0.00112 ActivateAt=0.00230 MFE=0.00112 ticket=4400182
QD	0	09:30:02.168	Cazyxio_v4.2 (EURUSD,M15)	2026.03.11 15:30:02 | BAR | GBPJPY | close=212.935 h4ema200=210.632 h4slope=UP ema50=212.677 distToEMA50=25.8pips touchSeq=0 atr=0.157643 atrSma=0.127444 atrRatio=1.237 dir=LONG spread=39.0 spreadOK=NO atrGate=PASS touch=PASS momCandle=momClosePos=0.766 momOk=Y ema50Ok=Y barRange=0.128000 zeroRangeBar=NO trigger=YES hasPos=NO portRisk=0.50% openPos=1 | 212.935000
RD	0	09:30:02.168	Cazyxio_v4.2 (EURUSD,M15)	2026.03.11 15:30:02 | GATE_FAIL | GBPJPY | Spread too wide. Spread=39.0 Max=30 points.
ID	0	09:30:02.168	Cazyxio_v4.2 (EURUSD,M15)	2026.03.11 15:30:02 | BAR | USDCAD | close=1.35926 h4ema200=1.36660 h4slope=DOWN ema50=1.35745 distToEMA50=18.1pips touchSeq=0 atr=0.001050 atrSma=0.000670 atrRatio=1.566 dir=SHORT spread=27.0 spreadOK=YES atrGate=PASS touch=PASS momCandle=momClosePos=0.355 momOk=N ema50Ok=Y barRange=0.000760 zeroRangeBar=NO trigger=NO hasPos=NO portRisk=0.50% openPos=1 | 1.359260
FN	0	09:30:02.168	Cazyxio_v4.2 (EURUSD,M15)	2026.03.11 15:30:02 | NEAR_MISS | USDCAD | Momentum near-miss. momClosePos=0.355 Threshold=0.350 Gap=0.005 dir=SHORT
JQ	0	09:30:02.168	Cazyxio_v4.2 (EURUSD,M15)	2026.03.11 15:30:02 | GATE_FAIL | USDCAD | Momentum candle FAIL. dir=SHORT close=1.35926 ema50=1.35745 momClosePos=0.355 momOk=N ema50Ok=Y barRange=0.000760
NH	0	09:30:24.231	Cazyxio_v4.2 (EURUSD,M15)	2026.03.11 15:30:24 | HEARTBEAT | SYSTEM | EA alive. Tick=209500 Equity=44613.10 OpenPos=1 PendingOrders=1 UTC=2026.03.11 15:30 DayOfWeek=3 WeekendCloseActive=NO NewTradeBlocked=NO | 209500.000000
RJ	0	09:31:24.417	Cazyxio_v4.2 (EURUSD,M15)	2026.03.11 15:31:24 | HEARTBEAT | SYSTEM | EA alive. Tick=209600 Equity=44556.55 OpenPos=1 PendingOrders=1 UTC=2026.03.11 15:31 DayOfWeek=3 WeekendCloseActive=NO NewTradeBlocked=NO | 209600.000000
JE	0	09:32:16.651	Cazyxio_v4.2 (EURUSD,M15)	2026.03.11 15:32:16 | HEARTBEAT | SYSTEM | EA alive. Tick=209700 Equity=44565.25 OpenPos=1 PendingOrders=1 UTC=2026.03.11 15:32 DayOfWeek=3 WeekendCloseActive=NO NewTradeBlocked=NO | 209700.000000
PG	0	09:32:59.663	Cazyxio_v4.2 (EURUSD,M15)	2026.03.11 15:32:59 | HEARTBEAT | SYSTEM | EA alive. Tick=209800 Equity=44581.20 OpenPos=1 PendingOrders=1 UTC=2026.03.11 15:32 DayOfWeek=3 WeekendCloseActive=NO NewTradeBlocked=NO | 209800.000000
EQ	0	09:33:44.421	Cazyxio_v4.2 (EURUSD,M15)	2026.03.11 15:33:44 | HEARTBEAT | SYSTEM | EA alive. Tick=209900 Equity=44585.55 OpenPos=1 PendingOrders=1 UTC=2026.03.11 15:33 DayOfWeek=3 WeekendCloseActive=NO NewTradeBlocked=NO | 209900.000000
GS	0	09:34:30.396	Cazyxio_v4.2 (EURUSD,M15)	2026.03.11 15:34:30 | HEARTBEAT | SYSTEM | EA alive. Tick=210000 Equity=44592.80 OpenPos=1 PendingOrders=1 UTC=2026.03.11 15:34 DayOfWeek=3 WeekendCloseActive=NO NewTradeBlocked=NO | 210000.000000
PR	0	09:35:38.409	Cazyxio_v4.2 (EURUSD,M15)	2026.03.11 15:35:38 | HEARTBEAT | SYSTEM | EA alive. Tick=210100 Equity=44600.05 OpenPos=1 PendingOrders=1 UTC=2026.03.11 15:35 DayOfWeek=3 WeekendCloseActive=NO NewTradeBlocked=NO | 210100.000000
HL	0	09:36:29.012	Cazyxio_v4.2 (EURUSD,M15)	2026.03.11 15:36:29 | HEARTBEAT | SYSTEM | EA alive. Tick=210200 Equity=44620.35 OpenPos=1 PendingOrders=1 UTC=2026.03.11 15:36 DayOfWeek=3 WeekendCloseActive=NO NewTradeBlocked=NO | 210200.000000
RN	0	09:37:24.625	Cazyxio_v4.2 (EURUSD,M15)	2026.03.11 15:37:24 | HEARTBEAT | SYSTEM | EA alive. Tick=210300 Equity=44624.70 OpenPos=1 PendingOrders=1 UTC=2026.03.11 15:37 DayOfWeek=3 WeekendCloseActive=NO NewTradeBlocked=NO | 210300.000000
MH	0	09:38:19.083	Cazyxio_v4.2 (EURUSD,M15)	2026.03.11 15:38:19 | HEARTBEAT | SYSTEM | EA alive. Tick=210400 Equity=44614.55 OpenPos=1 PendingOrders=1 UTC=2026.03.11 15:38 DayOfWeek=3 WeekendCloseActive=NO NewTradeBlocked=NO | 210400.000000
JK	0	09:39:16.309	Cazyxio_v4.2 (EURUSD,M15)	2026.03.11 15:39:16 | HEARTBEAT | SYSTEM | EA alive. Tick=210500 Equity=44598.60 OpenPos=1 PendingOrders=1 UTC=2026.03.11 15:39 DayOfWeek=3 WeekendCloseActive=NO NewTradeBlocked=NO | 210500.000000
NE	0	09:40:03.713	Cazyxio_v4.2 (EURUSD,M15)	2026.03.11 15:40:03 | HEARTBEAT | SYSTEM | EA alive. Tick=210600 Equity=44591.35 OpenPos=1 PendingOrders=1 UTC=2026.03.11 15:40 DayOfWeek=3 WeekendCloseActive=NO NewTradeBlocked=NO | 210600.000000
IG	0	09:40:51.869	Cazyxio_v4.2 (EURUSD,M15)	2026.03.11 15:40:51 | HEARTBEAT | SYSTEM | EA alive. Tick=210700 Equity=44584.10 OpenPos=1 PendingOrders=1 UTC=2026.03.11 15:40 DayOfWeek=3 WeekendCloseActive=NO NewTradeBlocked=NO | 210700.000000
KQ	0	09:41:50.573	Cazyxio_v4.2 (EURUSD,M15)	2026.03.11 15:41:50 | HEARTBEAT | SYSTEM | EA alive. Tick=210800 Equity=44572.50 OpenPos=1 PendingOrders=1 UTC=2026.03.11 15:41 DayOfWeek=3 WeekendCloseActive=NO NewTradeBlocked=NO | 210800.000000
PP	0	09:42:44.458	Cazyxio_v4.2 (EURUSD,M15)	2026.03.11 15:42:44 | HEARTBEAT | SYSTEM | EA alive. Tick=210900 Equity=44543.50 OpenPos=1 PendingOrders=1 UTC=2026.03.11 15:42 DayOfWeek=3 WeekendCloseActive=NO NewTradeBlocked=NO | 210900.000000
NR	0	09:43:31.270	Cazyxio_v4.2 (EURUSD,M15)	2026.03.11 15:43:31 | HEARTBEAT | SYSTEM | EA alive. Tick=211000 Equity=44563.80 OpenPos=1 PendingOrders=1 UTC=2026.03.11 15:43 DayOfWeek=3 WeekendCloseActive=NO NewTradeBlocked=NO | 211000.000000
NL	0	09:44:25.226	Cazyxio_v4.2 (EURUSD,M15)	2026.03.11 15:44:25 | HEARTBEAT | SYSTEM | EA alive. Tick=211100 Equity=44552.20 OpenPos=1 PendingOrders=1 UTC=2026.03.11 15:44 DayOfWeek=3 WeekendCloseActive=NO NewTradeBlocked=NO | 211100.000000
MR	0	09:45:03.387	Cazyxio_v4.2 (EURUSD,M15)	2026.03.11 15:45:03 | LIMIT_PENDING | GBPUSD | Limit order still pending. BarsRemaining=2 LimitPrice=1.34283 CurrentPrice=1.34005 DistToLimit=27.8pips Ticket=4401790
DF	0	09:45:03.388	Cazyxio_v4.2 (EURUSD,M15)	2026.03.11 15:45:03 | BAR | EURUSD | close=1.15704 h4ema200=1.17299 h4slope=DOWN ema50=1.16001 distToEMA50=29.7pips touchSeq=0 atr=0.001157 atrSma=0.000851 atrRatio=1.360 dir=SHORT spread=16.0 spreadOK=YES atrGate=PASS touch=FAIL momCandle=momClosePos=0.188 momOk=Y ema50Ok=Y barRange=0.000640 zeroRangeBar=NO trigger=YES hasPos=NO portRisk=0.50% openPos=1 | 1.157040
HJ	0	09:45:03.388	Cazyxio_v4.2 (EURUSD,M15)	2026.03.11 15:45:03 | GATE_FAIL | EURUSD | Touch/pullback gate FAIL. Price has not approached EMA50 within last 12 bars (within 0.60 ATR). DistToEMA50=29.7pips.
GI	0	09:45:03.388	Cazyxio_v4.2 (EURUSD,M15)	2026.03.11 15:45:03 | BAR | USDJPY | close=158.808 h4ema200=156.248 h4slope=UP ema50=158.411 distToEMA50=39.7pips touchSeq=0 atr=0.117643 atrSma=0.104784 atrRatio=1.123 dir=LONG spread=15.0 spreadOK=YES atrGate=PASS touch=FAIL momCandle=momClosePos=0.915 momOk=Y ema50Ok=Y barRange=0.059000 zeroRangeBar=NO trigger=YES hasPos=NO portRisk=0.50% openPos=1 | 158.808000
LH	0	09:45:03.388	Cazyxio_v4.2 (EURUSD,M15)	2026.03.11 15:45:03 | GATE_FAIL | USDJPY | Touch/pullback gate FAIL. Price has not approached EMA50 within last 12 bars (within 0.60 ATR). DistToEMA50=39.7pips.
RN	0	09:45:03.388	Cazyxio_v4.2 (EURUSD,M15)	2026.03.11 15:45:03 | BAR | AUDUSD | close=0.71593 h4ema200=0.70075 h4slope=UP ema50=0.71591 distToEMA50=0.2pips touchSeq=3 atr=0.001139 atrSma=0.000896 atrRatio=1.271 dir=LONG spread=17.0 spreadOK=YES atrGate=PASS touch=PASS momCandle=momClosePos=0.029 momOk=N ema50Ok=Y barRange=0.000700 zeroRangeBar=NO trigger=NO hasPos=YES portRisk=0.50% openPos=1 | 0.715930
KI	0	09:45:03.388	Cazyxio_v4.2 (EURUSD,M15)	2026.03.11 15:45:03 | POSITION_HEALTH | AUDUSD | ticket=4400182 dir=LONG openPrice=0.71535 curPrice=0.71591 unrealPnL=81.20 curR=0.365 MFE=24.6pips MAE=8.1pips timeOpen=400min SL=0.71547 TP=0.71919
DS	0	09:45:03.388	Cazyxio_v4.2 (EURUSD,M15)	2026.03.11 15:45:03 | TRAIL_SKIP | AUDUSD | Trail not yet active. ProfitDist=0.00056 ActivateAt=0.00230 MFE=0.00056 ticket=4400182
IE	0	09:45:03.388	Cazyxio_v4.2 (EURUSD,M15)	2026.03.11 15:45:03 | BAR | GBPJPY | close=212.816 h4ema200=210.631 h4slope=UP ema50=212.678 distToEMA50=13.8pips touchSeq=1 atr=0.151714 atrSma=0.127614 atrRatio=1.189 dir=LONG spread=36.0 spreadOK=NO atrGate=PASS touch=PASS momCandle=momClosePos=0.130 momOk=N ema50Ok=Y barRange=0.138000 zeroRangeBar=NO trigger=NO hasPos=NO portRisk=0.50% openPos=1 | 212.816000
GQ	0	09:45:03.388	Cazyxio_v4.2 (EURUSD,M15)	2026.03.11 15:45:03 | GATE_FAIL | GBPJPY | Spread too wide. Spread=36.0 Max=30 points.
JP	0	09:45:03.388	Cazyxio_v4.2 (EURUSD,M15)	2026.03.11 15:45:03 | BAR | USDCAD | close=1.36002 h4ema200=1.36661 h4slope=DOWN ema50=1.35758 distToEMA50=24.4pips touchSeq=0 atr=0.001017 atrSma=0.000670 atrRatio=1.518 dir=SHORT spread=23.0 spreadOK=YES atrGate=PASS touch=PASS momCandle=momClosePos=0.871 momOk=N ema50Ok=Y barRange=0.001010 zeroRangeBar=NO trigger=NO hasPos=NO portRisk=0.50% openPos=1 | 1.360020
NP	0	09:45:03.388	Cazyxio_v4.2 (EURUSD,M15)	2026.03.11 15:45:03 | GATE_FAIL | USDCAD | Momentum candle FAIL. dir=SHORT close=1.36002 ema50=1.35758 momClosePos=0.871 momOk=N ema50Ok=Y barRange=0.001010
DK	0	09:45:48.090	Cazyxio_v4.2 (EURUSD,M15)	2026.03.11 15:45:48 | HEARTBEAT | SYSTEM | EA alive. Tick=211200 Equity=44527.55 OpenPos=1 PendingOrders=1 UTC=2026.03.11 15:45 DayOfWeek=3 WeekendCloseActive=NO NewTradeBlocked=NO | 211200.000000
EJ	0	09:47:06.841	Cazyxio_v4.2 (EURUSD,M15)	2026.03.11 15:47:06 | HEARTBEAT | SYSTEM | EA alive. Tick=211300 Equity=44481.15 OpenPos=1 PendingOrders=1 UTC=2026.03.11 15:47 DayOfWeek=3 WeekendCloseActive=NO NewTradeBlocked=NO | 211300.000000
PD	0	09:47:06.999	Cazyxio_v4.2 (EURUSD,M15)	2026.03.11 15:47:06 | SL_HIT | AUDUSD | Stop loss triggered. Profit=10.15 MFE=24.6pips MAE=8.1pips TimeOpen=402min EntryPrice=0.71535 | Initiating 4-bar cooldown.
QN	0	09:47:06.999	Cazyxio_v4.2 (EURUSD,M15)	2026.03.11 15:47:06 | SL_COOLDOWN | AUDUSD | Cooldown active for 4 bars (60 min). CooldownEnds=2026.03.11 19:47
MF	0	09:48:01.075	Cazyxio_v4.2 (EURUSD,M15)	2026.03.11 15:48:01 | HEARTBEAT | SYSTEM | EA alive. Tick=211400 Equity=44471.00 OpenPos=0 PendingOrders=1 UTC=2026.03.11 15:48 DayOfWeek=3 WeekendCloseActive=NO NewTradeBlocked=NO | 211400.000000
QP	0	09:48:56.222	Cazyxio_v4.2 (EURUSD,M15)	2026.03.11 15:48:56 | HEARTBEAT | SYSTEM | EA alive. Tick=211500 Equity=44471.00 OpenPos=0 PendingOrders=1 UTC=2026.03.11 15:48 DayOfWeek=3 WeekendCloseActive=NO NewTradeBlocked=NO | 211500.000000
KR	0	09:49:54.988	Cazyxio_v4.2 (EURUSD,M15)	2026.03.11 15:49:54 | HEARTBEAT | SYSTEM | EA alive. Tick=211600 Equity=44471.00 OpenPos=0 PendingOrders=1 UTC=2026.03.11 15:49 DayOfWeek=3 WeekendCloseActive=NO NewTradeBlocked=NO | 211600.000000
NL	0	09:50:55.996	Cazyxio_v4.2 (EURUSD,M15)	2026.03.11 15:50:55 | HEARTBEAT | SYSTEM | EA alive. Tick=211700 Equity=44471.00 OpenPos=0 PendingOrders=1 UTC=2026.03.11 15:50 DayOfWeek=3 WeekendCloseActive=NO NewTradeBlocked=NO | 211700.000000
EO	0	09:51:40.992	Cazyxio_v4.2 (EURUSD,M15)	2026.03.11 15:51:40 | HEARTBEAT | SYSTEM | EA alive. Tick=211800 Equity=44471.00 OpenPos=0 PendingOrders=1 UTC=2026.03.11 15:51 DayOfWeek=3 WeekendCloseActive=NO NewTradeBlocked=NO | 211800.000000
FI	0	09:52:34.307	Cazyxio_v4.2 (EURUSD,M15)	2026.03.11 15:52:34 | HEARTBEAT | SYSTEM | EA alive. Tick=211900 Equity=44471.00 OpenPos=0 PendingOrders=1 UTC=2026.03.11 15:52 DayOfWeek=3 WeekendCloseActive=NO NewTradeBlocked=NO | 211900.000000
NK	0	09:53:24.634	Cazyxio_v4.2 (EURUSD,M15)	2026.03.11 15:53:24 | HEARTBEAT | SYSTEM | EA alive. Tick=212000 Equity=44471.00 OpenPos=0 PendingOrders=1 UTC=2026.03.11 15:53 DayOfWeek=3 WeekendCloseActive=NO NewTradeBlocked=NO | 212000.000000
GE	0	09:54:29.195	Cazyxio_v4.2 (EURUSD,M15)	2026.03.11 15:54:29 | HEARTBEAT | SYSTEM | EA alive. Tick=212100 Equity=44471.00 OpenPos=0 PendingOrders=1 UTC=2026.03.11 15:54 DayOfWeek=3 WeekendCloseActive=NO NewTradeBlocked=NO | 212100.000000
DD	0	09:55:30.511	Cazyxio_v4.2 (EURUSD,M15)	2026.03.11 15:55:30 | HEARTBEAT | SYSTEM | EA alive. Tick=212200 Equity=44471.00 OpenPos=0 PendingOrders=1 UTC=2026.03.11 15:55 DayOfWeek=3 WeekendCloseActive=NO NewTradeBlocked=NO | 212200.000000
KF	0	09:56:05.694	Cazyxio_v4.2 (EURUSD,M15)	2026.03.11 15:56:05 | HEARTBEAT | SYSTEM | EA alive. Tick=212300 Equity=44471.00 OpenPos=0 PendingOrders=1 UTC=2026.03.11 15:56 DayOfWeek=3 WeekendCloseActive=NO NewTradeBlocked=NO | 212300.000000
EP	0	09:56:50.827	Cazyxio_v4.2 (EURUSD,M15)	2026.03.11 15:56:50 | HEARTBEAT | SYSTEM | EA alive. Tick=212400 Equity=44471.00 OpenPos=0 PendingOrders=1 UTC=2026.03.11 15:56 DayOfWeek=3 WeekendCloseActive=NO NewTradeBlocked=NO | 212400.000000
IR	0	09:57:47.268	Cazyxio_v4.2 (EURUSD,M15)	2026.03.11 15:57:47 | HEARTBEAT | SYSTEM | EA alive. Tick=212500 Equity=44471.00 OpenPos=0 PendingOrders=1 UTC=2026.03.11 15:57 DayOfWeek=3 WeekendCloseActive=NO NewTradeBlocked=NO | 212500.000000
IM	0	09:58:52.483	Cazyxio_v4.2 (EURUSD,M15)	2026.03.11 15:58:52 | HEARTBEAT | SYSTEM | EA alive. Tick=212600 Equity=44471.00 OpenPos=0 PendingOrders=1 UTC=2026.03.11 15:58 DayOfWeek=3 WeekendCloseActive=NO NewTradeBlocked=NO | 212600.000000
MO	0	09:59:53.886	Cazyxio_v4.2 (EURUSD,M15)	2026.03.11 15:59:53 | HEARTBEAT | SYSTEM | EA alive. Tick=212700 Equity=44471.00 OpenPos=0 PendingOrders=1 UTC=2026.03.11 15:59 DayOfWeek=3 WeekendCloseActive=NO NewTradeBlocked=NO | 212700.000000
CE	0	10:00:02.117	Cazyxio_v4.2 (EURUSD,M15)	2026.03.11 16:00:02 | LIMIT_PENDING | GBPUSD | Limit order still pending. BarsRemaining=1 LimitPrice=1.34283 CurrentPrice=1.33968 DistToLimit=31.5pips Ticket=4401790
PD	0	10:00:02.117	Cazyxio_v4.2 (EURUSD,M15)	2026.03.11 16:00:02 | BAR | EURUSD | close=1.15656 h4ema200=1.17298 h4slope=DOWN ema50=1.15986 distToEMA50=33.0pips touchSeq=0 atr=0.001092 atrSma=0.000851 atrRatio=1.283 dir=SHORT spread=14.0 spreadOK=YES atrGate=PASS touch=FAIL momCandle=momClosePos=0.085 momOk=Y ema50Ok=Y barRange=0.000940 zeroRangeBar=NO trigger=YES hasPos=NO portRisk=0.00% openPos=0 | 1.156560
CI	0	10:00:02.117	Cazyxio_v4.2 (EURUSD,M15)	2026.03.11 16:00:02 | GATE_FAIL | EURUSD | Touch/pullback gate FAIL. Price has not approached EMA50 within last 12 bars (within 0.60 ATR). DistToEMA50=33.0pips.
RN	0	10:00:02.117	Cazyxio_v4.2 (EURUSD,M15)	2026.03.11 16:00:02 | BAR | USDJPY | close=158.825 h4ema200=156.248 h4slope=UP ema50=158.428 distToEMA50=39.7pips touchSeq=0 atr=0.107357 atrSma=0.104804 atrRatio=1.024 dir=LONG spread=15.0 spreadOK=YES atrGate=PASS touch=FAIL momCandle=momClosePos=0.733 momOk=Y ema50Ok=Y barRange=0.075000 zeroRangeBar=NO trigger=YES hasPos=NO portRisk=0.00% openPos=0 | 158.825000
KF	0	10:00:02.117	Cazyxio_v4.2 (EURUSD,M15)	2026.03.11 16:00:02 | GATE_FAIL | USDJPY | Touch/pullback gate FAIL. Price has not approached EMA50 within last 12 bars (within 0.60 ATR). DistToEMA50=39.7pips.
KO	0	10:00:02.117	Cazyxio_v4.2 (EURUSD,M15)	2026.03.11 16:00:02 | BAR | GBPJPY | close=212.780 h4ema200=210.631 h4slope=UP ema50=212.681 distToEMA50=9.9pips touchSeq=2 atr=0.150214 atrSma=0.127771 atrRatio=1.176 dir=LONG spread=37.0 spreadOK=NO atrGate=PASS touch=PASS momCandle=momClosePos=0.358 momOk=N ema50Ok=Y barRange=0.137000 zeroRangeBar=NO trigger=NO hasPos=NO portRisk=0.00% openPos=0 | 212.780000
MN	0	10:00:02.117	Cazyxio_v4.2 (EURUSD,M15)	2026.03.11 16:00:02 | GATE_FAIL | GBPJPY | Spread too wide. Spread=37.0 Max=30 points.
DH	0	10:00:02.371	Cazyxio_v4.2 (EURUSD,M15)	2026.03.11 16:00:02 | POST_SL_CONTEXT | AUDUSD | Bar 1 after SL hit. SLHitPrice=0.71542 BarClose=0.71488 MoveSinceSL=-5.4pips Verdict=REVERSED_AGAINST_TRADE (positive=price went our way, negative=continued against us)
KF	0	10:00:02.371	Cazyxio_v4.2 (EURUSD,M15)	2026.03.11 16:00:02 | BAR | AUDUSD | close=0.71488 h4ema200=0.70074 h4slope=UP ema50=0.71583 distToEMA50=9.5pips touchSeq=4 atr=0.001100 atrSma=0.000897 atrRatio=1.227 dir=LONG spread=17.0 spreadOK=YES atrGate=PASS touch=PASS momCandle=momClosePos=0.026 momOk=N ema50Ok=Y barRange=0.001150 zeroRangeBar=NO trigger=NO hasPos=NO portRisk=0.00% openPos=0 | 0.714880
OD	0	10:00:02.371	Cazyxio_v4.2 (EURUSD,M15)	2026.03.11 16:00:02 | GATE_FAIL | AUDUSD | Momentum candle FAIL. dir=LONG close=0.71488 ema50=0.71583 momClosePos=0.026 momOk=N ema50Ok=Y barRange=0.001150
OL	0	10:00:02.371	Cazyxio_v4.2 (EURUSD,M15)	2026.03.11 16:00:02 | BAR | USDCAD | close=1.36020 h4ema200=1.36661 h4slope=DOWN ema50=1.35769 distToEMA50=25.1pips touchSeq=0 atr=0.000954 atrSma=0.000669 atrRatio=1.427 dir=SHORT spread=23.0 spreadOK=YES atrGate=PASS touch=PASS momCandle=momClosePos=0.908 momOk=N ema50Ok=Y barRange=0.000760 zeroRangeBar=NO trigger=NO hasPos=NO portRisk=0.00% openPos=0 | 1.360200
MD	0	10:00:02.371	Cazyxio_v4.2 (EURUSD,M15)	2026.03.11 16:00:02 | GATE_FAIL | USDCAD | Momentum candle FAIL. dir=SHORT close=1.36020 ema50=1.35769 momClosePos=0.908 momOk=N ema50Ok=Y barRange=0.000760
EO	0	10:00:31.202	Cazyxio_v4.2 (EURUSD,M15)	2026.03.11 16:00:31 | HEARTBEAT | SYSTEM | EA alive. Tick=212800 Equity=44471.00 OpenPos=0 PendingOrders=1 UTC=2026.03.11 16:00 DayOfWeek=3 WeekendCloseActive=NO NewTradeBlocked=NO | 212800.000000
DN	0	10:01:10.086	Cazyxio_v4.2 (EURUSD,M15)	2026.03.11 16:01:10 | HEARTBEAT | SYSTEM | EA alive. Tick=212900 Equity=44471.00 OpenPos=0 PendingOrders=1 UTC=2026.03.11 16:01 DayOfWeek=3 WeekendCloseActive=NO NewTradeBlocked=NO | 212900.000000
OH	0	10:01:51.623	Cazyxio_v4.2 (EURUSD,M15)	2026.03.11 16:01:51 | HEARTBEAT | SYSTEM | EA alive. Tick=213000 Equity=44471.00 OpenPos=0 PendingOrders=1 UTC=2026.03.11 16:01 DayOfWeek=3 WeekendCloseActive=NO NewTradeBlocked=NO | 213000.000000
FJ	0	10:02:39.513	Cazyxio_v4.2 (EURUSD,M15)	2026.03.11 16:02:39 | HEARTBEAT | SYSTEM | EA alive. Tick=213100 Equity=44471.00 OpenPos=0 PendingOrders=1 UTC=2026.03.11 16:02 DayOfWeek=3 WeekendCloseActive=NO NewTradeBlocked=NO | 213100.000000
QD	0	10:03:17.719	Cazyxio_v4.2 (EURUSD,M15)	2026.03.11 16:03:17 | HEARTBEAT | SYSTEM | EA alive. Tick=213200 Equity=44471.00 OpenPos=0 PendingOrders=1 UTC=2026.03.11 16:03 DayOfWeek=3 WeekendCloseActive=NO NewTradeBlocked=NO | 213200.000000
MG	0	10:03:59.025	Cazyxio_v4.2 (EURUSD,M15)	2026.03.11 16:03:59 | HEARTBEAT | SYSTEM | EA alive. Tick=213300 Equity=44471.00 OpenPos=0 PendingOrders=1 UTC=2026.03.11 16:03 DayOfWeek=3 WeekendCloseActive=NO NewTradeBlocked=NO | 213300.000000
KQ	0	10:04:56.071	Cazyxio_v4.2 (EURUSD,M15)	2026.03.11 16:04:56 | HEARTBEAT | SYSTEM | EA alive. Tick=213400 Equity=44471.00 OpenPos=0 PendingOrders=1 UTC=2026.03.11 16:04 DayOfWeek=3 WeekendCloseActive=NO NewTradeBlocked=NO | 213400.000000
DS	0	10:05:50.406	Cazyxio_v4.2 (EURUSD,M15)	2026.03.11 16:05:50 | HEARTBEAT | SYSTEM | EA alive. Tick=213500 Equity=44471.00 OpenPos=0 PendingOrders=1 UTC=2026.03.11 16:05 DayOfWeek=3 WeekendCloseActive=NO NewTradeBlocked=NO | 213500.000000
CM	0	10:06:39.712	Cazyxio_v4.2 (EURUSD,M15)	2026.03.11 16:06:39 | HEARTBEAT | SYSTEM | EA alive. Tick=213600 Equity=44471.00 OpenPos=0 PendingOrders=1 UTC=2026.03.11 16:06 DayOfWeek=3 WeekendCloseActive=NO NewTradeBlocked=NO | 213600.000000
QL	0	10:07:26.986	Cazyxio_v4.2 (EURUSD,M15)	2026.03.11 16:07:26 | HEARTBEAT | SYSTEM | EA alive. Tick=213700 Equity=44471.00 OpenPos=0 PendingOrders=1 UTC=2026.03.11 16:07 DayOfWeek=3 WeekendCloseActive=NO NewTradeBlocked=NO | 213700.000000
FN	0	10:08:35.441	Cazyxio_v4.2 (EURUSD,M15)	2026.03.11 16:08:35 | HEARTBEAT | SYSTEM | EA alive. Tick=213800 Equity=44471.00 OpenPos=0 PendingOrders=1 UTC=2026.03.11 16:08 DayOfWeek=3 WeekendCloseActive=NO NewTradeBlocked=NO | 213800.000000
HH	0	10:09:35.785	Cazyxio_v4.2 (EURUSD,M15)	2026.03.11 16:09:35 | HEARTBEAT | SYSTEM | EA alive. Tick=213900 Equity=44471.00 OpenPos=0 PendingOrders=1 UTC=2026.03.11 16:09 DayOfWeek=3 WeekendCloseActive=NO NewTradeBlocked=NO | 213900.000000
GJ	0	10:10:30.610	Cazyxio_v4.2 (EURUSD,M15)	2026.03.11 16:10:30 | HEARTBEAT | SYSTEM | EA alive. Tick=214000 Equity=44471.00 OpenPos=0 PendingOrders=1 UTC=2026.03.11 16:10 DayOfWeek=3 WeekendCloseActive=NO NewTradeBlocked=NO | 214000.000000
OE	0	10:11:22.233	Cazyxio_v4.2 (EURUSD,M15)	2026.03.11 16:11:22 | HEARTBEAT | SYSTEM | EA alive. Tick=214100 Equity=44471.00 OpenPos=0 PendingOrders=1 UTC=2026.03.11 16:11 DayOfWeek=3 WeekendCloseActive=NO NewTradeBlocked=NO | 214100.000000
PG	0	10:12:38.400	Cazyxio_v4.2 (EURUSD,M15)	2026.03.11 16:12:38 | HEARTBEAT | SYSTEM | EA alive. Tick=214200 Equity=44471.00 OpenPos=0 PendingOrders=1 UTC=2026.03.11 16:12 DayOfWeek=3 WeekendCloseActive=NO NewTradeBlocked=NO | 214200.000000
DQ	0	10:13:39.173	Cazyxio_v4.2 (EURUSD,M15)	2026.03.11 16:13:39 | HEARTBEAT | SYSTEM | EA alive. Tick=214300 Equity=44471.00 OpenPos=0 PendingOrders=1 UTC=2026.03.11 16:13 DayOfWeek=3 WeekendCloseActive=NO NewTradeBlocked=NO | 214300.000000
IS	0	10:14:22.427	Cazyxio_v4.2 (EURUSD,M15)	2026.03.11 16:14:22 | HEARTBEAT | SYSTEM | EA alive. Tick=214400 Equity=44471.00 OpenPos=0 PendingOrders=1 UTC=2026.03.11 16:14 DayOfWeek=3 WeekendCloseActive=NO NewTradeBlocked=NO | 214400.000000
NS	0	10:15:02.428	Cazyxio_v4.2 (EURUSD,M15)	2026.03.11 16:15:02 | LIMIT_EXPIRED | GBPUSD | Limit order expired (unfilled after 4 bars). LimitPrice=1.34283 CurrentPrice=1.34086 DistanceFromLimit=19.7pips Ticket=4401790
OD	0	10:15:02.555	Cazyxio_v4.2 (EURUSD,M15)	2026.03.11 16:15:02 | LIMIT_CANCELLED | GBPUSD | Pending limit order cancelled. Reason=EXPIRY Ticket=4401790 LimitPrice=1.34283
LM	0	10:15:02.555	Cazyxio_v4.2 (EURUSD,M15)	2026.03.11 16:15:02 | BAR | EURUSD | close=1.15707 h4ema200=1.17299 h4slope=DOWN ema50=1.15977 distToEMA50=27.0pips touchSeq=0 atr=0.001054 atrSma=0.000852 atrRatio=1.237 dir=SHORT spread=16.0 spreadOK=YES atrGate=PASS touch=FAIL momCandle=momClosePos=1.000 momOk=N ema50Ok=Y barRange=0.000840 zeroRangeBar=NO trigger=NO hasPos=NO portRisk=0.00% openPos=0 | 1.157070
HD	0	10:15:02.555	Cazyxio_v4.2 (EURUSD,M15)	2026.03.11 16:15:02 | GATE_FAIL | EURUSD | Touch/pullback gate FAIL. Price has not approached EMA50 within last 12 bars (within 0.60 ATR). DistToEMA50=27.0pips.
LN	0	10:15:02.555	Cazyxio_v4.2 (EURUSD,M15)	2026.03.11 16:15:02 | BAR | USDJPY | close=158.779 h4ema200=156.248 h4slope=UP ema50=158.440 distToEMA50=33.9pips touchSeq=0 atr=0.105214 atrSma=0.104755 atrRatio=1.004 dir=LONG spread=16.0 spreadOK=YES atrGate=PASS touch=FAIL momCandle=momClosePos=0.000 momOk=N ema50Ok=Y barRange=0.079000 zeroRangeBar=NO trigger=NO hasPos=NO portRisk=0.00% openPos=0 | 158.779000
QQ	0	10:15:02.555	Cazyxio_v4.2 (EURUSD,M15)	2026.03.11 16:15:02 | GATE_FAIL | USDJPY | Touch/pullback gate FAIL. Price has not approached EMA50 within last 12 bars (within 0.60 ATR). DistToEMA50=33.9pips.
DJ	0	10:15:02.555	Cazyxio_v4.2 (EURUSD,M15)	2026.03.11 16:15:02 | BAR | GBPJPY | close=212.907 h4ema200=210.632 h4slope=UP ema50=212.694 distToEMA50=21.3pips touchSeq=0 atr=0.148714 atrSma=0.127974 atrRatio=1.162 dir=LONG spread=34.0 spreadOK=NO atrGate=PASS touch=PASS momCandle=momClosePos=0.970 momOk=Y ema50Ok=Y barRange=0.164000 zeroRangeBar=NO trigger=YES hasPos=NO portRisk=0.00% openPos=0 | 212.907000
RS	0	10:15:02.555	Cazyxio_v4.2 (EURUSD,M15)	2026.03.11 16:15:02 | GATE_FAIL | GBPJPY | Spread too wide. Spread=34.0 Max=30 points.
CO	0	10:15:02.555	Cazyxio_v4.2 (EURUSD,M15)	2026.03.11 16:15:02 | BAR | USDCAD | close=1.35972 h4ema200=1.36661 h4slope=DOWN ema50=1.35775 distToEMA50=19.7pips touchSeq=0 atr=0.000881 atrSma=0.000666 atrRatio=1.321 dir=SHORT spread=24.0 spreadOK=YES atrGate=PASS touch=PASS momCandle=momClosePos=0.029 momOk=Y ema50Ok=Y barRange=0.000680 zeroRangeBar=NO trigger=YES hasPos=NO portRisk=0.00% openPos=0 | 1.359720
OR	0	10:15:02.555	Cazyxio_v4.2 (EURUSD,M15)	2026.03.11 16:15:02 | SIGNAL | USDCAD | VALID SIGNAL (LIMIT): SHORT limitPrice=1.35780 sl=1.35921 tp=1.35428 stopDist=0.00141 lots=2.14 riskPct=0.50 R:R=2.50 ema50=1.35775 distToLimit=19.1pips expiresIn=4bars touchSeq=0 | 1.357800
EI	0	10:15:02.555	Cazyxio_v4.2 (EURUSD,M15)	CTrade::OrderSend: sell limit 2.14 USDCAD at 1.35780 sl: 1.35921 tp: 1.35428 [invalid price]
LH	0	10:15:02.555	Cazyxio_v4.2 (EURUSD,M15)	2026.03.11 16:15:02 | ORDER_FAILED | USDCAD | SELL_LIMIT FAILED. retcode=10015 desc=invalid price limitPrice=1.35780
LG	0	10:15:02.726	Cazyxio_v4.2 (EURUSD,M15)	2026.03.11 16:15:02 | POST_SL_CONTEXT | AUDUSD | Bar 2 after SL hit. SLHitPrice=0.71542 BarClose=0.71514 MoveSinceSL=-2.8pips Verdict=REVERSED_AGAINST_TRADE (positive=price went our way, negative=continued against us)
HE	0	10:15:02.726	Cazyxio_v4.2 (EURUSD,M15)	2026.03.11 16:15:02 | BAR | AUDUSD | close=0.71514 h4ema200=0.70074 h4slope=UP ema50=0.71582 distToEMA50=6.8pips touchSeq=5 atr=0.001067 atrSma=0.000897 atrRatio=1.190 dir=LONG spread=16.0 spreadOK=YES atrGate=PASS touch=PASS momCandle=momClosePos=0.986 momOk=Y ema50Ok=Y barRange=0.000710 zeroRangeBar=NO trigger=YES hasPos=NO portRisk=0.00% openPos=0 | 0.715140
HO	0	10:15:02.726	Cazyxio_v4.2 (EURUSD,M15)	2026.03.11 16:15:02 | GATE_FAIL | AUDUSD | SL cooldown active. Last SL=2026.03.11 18:47 CooldownEnds=2026.03.11 19:47 MinsRemaining=32
CG	0	10:15:20.551	Cazyxio_v4.2 (EURUSD,M15)	2026.03.11 16:15:20 | HEARTBEAT | SYSTEM | EA alive. Tick=214500 Equity=44471.00 OpenPos=0 PendingOrders=0 UTC=2026.03.11 16:15 DayOfWeek=3 WeekendCloseActive=NO NewTradeBlocked=NO | 214500.000000
PQ	0	10:16:08.469	Cazyxio_v4.2 (EURUSD,M15)	2026.03.11 16:16:08 | HEARTBEAT | SYSTEM | EA alive. Tick=214600 Equity=44471.00 OpenPos=0 PendingOrders=0 UTC=2026.03.11 16:16 DayOfWeek=3 WeekendCloseActive=NO NewTradeBlocked=NO | 214600.000000
PP	0	10:17:06.521	Cazyxio_v4.2 (EURUSD,M15)	2026.03.11 16:17:06 | HEARTBEAT | SYSTEM | EA alive. Tick=214700 Equity=44471.00 OpenPos=0 PendingOrders=0 UTC=2026.03.11 16:17 DayOfWeek=3 WeekendCloseActive=NO NewTradeBlocked=NO | 214700.000000
DR	0	10:18:06.616	Cazyxio_v4.2 (EURUSD,M15)	2026.03.11 16:18:06 | HEARTBEAT | SYSTEM | EA alive. Tick=214800 Equity=44471.00 OpenPos=0 PendingOrders=0 UTC=2026.03.11 16:18 DayOfWeek=3 WeekendCloseActive=NO NewTradeBlocked=NO | 214800.000000
DL	0	10:19:05.941	Cazyxio_v4.2 (EURUSD,M15)	2026.03.11 16:19:05 | HEARTBEAT | SYSTEM | EA alive. Tick=214900 Equity=44471.00 OpenPos=0 PendingOrders=0 UTC=2026.03.11 16:19 DayOfWeek=3 WeekendCloseActive=NO NewTradeBlocked=NO | 214900.000000
DN	0	10:20:14.002	Cazyxio_v4.2 (EURUSD,M15)	2026.03.11 16:20:14 | HEARTBEAT | SYSTEM | EA alive. Tick=215000 Equity=44471.00 OpenPos=0 PendingOrders=0 UTC=2026.03.11 16:20 DayOfWeek=3 WeekendCloseActive=NO NewTradeBlocked=NO | 215000.000000
RI	0	10:21:03.472	Cazyxio_v4.2 (EURUSD,M15)	2026.03.11 16:21:03 | HEARTBEAT | SYSTEM | EA alive. Tick=215100 Equity=44471.00 OpenPos=0 PendingOrders=0 UTC=2026.03.11 16:21 DayOfWeek=3 WeekendCloseActive=NO NewTradeBlocked=NO | 215100.000000
LK	0	10:21:58.245	Cazyxio_v4.2 (EURUSD,M15)	2026.03.11 16:21:58 | HEARTBEAT | SYSTEM | EA alive. Tick=215200 Equity=44471.00 OpenPos=0 PendingOrders=0 UTC=2026.03.11 16:21 DayOfWeek=3 WeekendCloseActive=NO NewTradeBlocked=NO | 215200.000000
DE	0	10:22:45.756	Cazyxio_v4.2 (EURUSD,M15)	2026.03.11 16:22:45 | HEARTBEAT | SYSTEM | EA alive. Tick=215300 Equity=44471.00 OpenPos=0 PendingOrders=0 UTC=2026.03.11 16:22 DayOfWeek=3 WeekendCloseActive=NO NewTradeBlocked=NO | 215300.000000
IG	0	10:23:23.170	Cazyxio_v4.2 (EURUSD,M15)	2026.03.11 16:23:23 | HEARTBEAT | SYSTEM | EA alive. Tick=215400 Equity=44471.00 OpenPos=0 PendingOrders=0 UTC=2026.03.11 16:23 DayOfWeek=3 WeekendCloseActive=NO NewTradeBlocked=NO | 215400.000000
MF	0	10:24:28.991	Cazyxio_v4.2 (EURUSD,M15)	2026.03.11 16:24:28 | HEARTBEAT | SYSTEM | EA alive. Tick=215500 Equity=44471.00 OpenPos=0 PendingOrders=0 UTC=2026.03.11 16:24 DayOfWeek=3 WeekendCloseActive=NO NewTradeBlocked=NO | 215500.000000
RP	0	10:25:40.054	Cazyxio_v4.2 (EURUSD,M15)	2026.03.11 16:25:40 | HEARTBEAT | SYSTEM | EA alive. Tick=215600 Equity=44471.00 OpenPos=0 PendingOrders=0 UTC=2026.03.11 16:25 DayOfWeek=3 WeekendCloseActive=NO NewTradeBlocked=NO | 215600.000000
FR	0	10:26:42.332	Cazyxio_v4.2 (EURUSD,M15)	2026.03.11 16:26:42 | HEARTBEAT | SYSTEM | EA alive. Tick=215700 Equity=44471.00 OpenPos=0 PendingOrders=0 UTC=2026.03.11 16:26 DayOfWeek=3 WeekendCloseActive=NO NewTradeBlocked=NO | 215700.000000
KL	0	10:27:41.387	Cazyxio_v4.2 (EURUSD,M15)	2026.03.11 16:27:41 | HEARTBEAT | SYSTEM | EA alive. Tick=215800 Equity=44471.00 OpenPos=0 PendingOrders=0 UTC=2026.03.11 16:27 DayOfWeek=3 WeekendCloseActive=NO NewTradeBlocked=NO | 215800.000000
RO	0	10:28:20.697	Cazyxio_v4.2 (EURUSD,M15)	2026.03.11 16:28:20 | HEARTBEAT | SYSTEM | EA alive. Tick=215900 Equity=44471.00 OpenPos=0 PendingOrders=0 UTC=2026.03.11 16:28 DayOfWeek=3 WeekendCloseActive=NO NewTradeBlocked=NO | 215900.000000
MI	0	10:29:05.338	Cazyxio_v4.2 (EURUSD,M15)	2026.03.11 16:29:05 | HEARTBEAT | SYSTEM | EA alive. Tick=216000 Equity=44471.00 OpenPos=0 PendingOrders=0 UTC=2026.03.11 16:29 DayOfWeek=3 WeekendCloseActive=NO NewTradeBlocked=NO | 216000.000000
FK	0	10:29:46.940	Cazyxio_v4.2 (EURUSD,M15)	2026.03.11 16:29:46 | HEARTBEAT | SYSTEM | EA alive. Tick=216100 Equity=44471.00 OpenPos=0 PendingOrders=0 UTC=2026.03.11 16:29 DayOfWeek=3 WeekendCloseActive=NO NewTradeBlocked=NO | 216100.000000
RF	0	10:30:02.219	Cazyxio_v4.2 (EURUSD,M15)	2026.03.11 16:30:02 | BAR | EURUSD | close=1.15694 h4ema200=1.17299 h4slope=DOWN ema50=1.15965 distToEMA50=27.1pips touchSeq=0 atr=0.001024 atrSma=0.000853 atrRatio=1.201 dir=SHORT spread=17.0 spreadOK=YES atrGate=PASS touch=FAIL momCandle=momClosePos=0.315 momOk=Y ema50Ok=Y barRange=0.000730 zeroRangeBar=NO trigger=YES hasPos=NO portRisk=0.00% openPos=0 | 1.156940
JK	0	10:30:02.219	Cazyxio_v4.2 (EURUSD,M15)	2026.03.11 16:30:02 | GATE_FAIL | EURUSD | Touch/pullback gate FAIL. Price has not approached EMA50 within last 12 bars (within 0.60 ATR). DistToEMA50=27.1pips.
RI	0	10:30:02.219	Cazyxio_v4.2 (EURUSD,M15)	2026.03.11 16:30:02 | POST_SL_CONTEXT | AUDUSD | Bar 3 after SL hit. SLHitPrice=0.71542 BarClose=0.71506 MoveSinceSL=-3.6pips Verdict=REVERSED_AGAINST_TRADE (positive=price went our way, negative=continued against us)
RE	0	10:30:02.219	Cazyxio_v4.2 (EURUSD,M15)	2026.03.11 16:30:02 | BAR | AUDUSD | close=0.71506 h4ema200=0.70074 h4slope=UP ema50=0.71578 distToEMA50=7.2pips touchSeq=6 atr=0.001046 atrSma=0.000897 atrRatio=1.166 dir=LONG spread=15.0 spreadOK=YES atrGate=PASS touch=PASS momCandle=momClosePos=0.647 momOk=N ema50Ok=Y barRange=0.000510 zeroRangeBar=NO trigger=NO hasPos=NO portRisk=0.00% openPos=0 | 0.715060
GF	0	10:30:02.219	Cazyxio_v4.2 (EURUSD,M15)	2026.03.11 16:30:02 | NEAR_MISS | AUDUSD | Momentum near-miss. momClosePos=0.647 Threshold=0.650 Gap=0.003 dir=LONG
EQ	0	10:30:02.219	Cazyxio_v4.2 (EURUSD,M15)	2026.03.11 16:30:02 | GATE_FAIL | AUDUSD | Momentum candle FAIL. dir=LONG close=0.71506 ema50=0.71578 momClosePos=0.647 momOk=N ema50Ok=Y barRange=0.000510
LJ	0	10:30:02.219	Cazyxio_v4.2 (EURUSD,M15)	2026.03.11 16:30:02 | BAR | GBPJPY | close=212.868 h4ema200=210.632 h4slope=UP ema50=212.700 distToEMA50=16.8pips touchSeq=1 atr=0.141143 atrSma=0.128025 atrRatio=1.102 dir=LONG spread=37.0 spreadOK=NO atrGate=PASS touch=PASS momCandle=momClosePos=0.479 momOk=N ema50Ok=Y barRange=0.094000 zeroRangeBar=NO trigger=NO hasPos=NO portRisk=0.00% openPos=0 | 212.868000
HD	0	10:30:02.219	Cazyxio_v4.2 (EURUSD,M15)	2026.03.11 16:30:02 | GATE_FAIL | GBPJPY | Spread too wide. Spread=37.0 Max=30 points.
LF	0	10:30:02.576	Cazyxio_v4.2 (EURUSD,M15)	2026.03.11 16:30:02 | BAR | GBPUSD | close=1.34032 h4ema200=1.34804 h4slope=DOWN ema50=1.34229 distToEMA50=19.7pips touchSeq=0 atr=0.001341 atrSma=0.001054 atrRatio=1.272 dir=SHORT spread=20.0 spreadOK=YES atrGate=PASS touch=PASS momCandle=momClosePos=0.374 momOk=N ema50Ok=Y barRange=0.000990 zeroRangeBar=NO trigger=NO hasPos=NO portRisk=0.00% openPos=0 | 1.340320
MO	0	10:30:02.576	Cazyxio_v4.2 (EURUSD,M15)	2026.03.11 16:30:02 | NEAR_MISS | GBPUSD | Momentum near-miss. momClosePos=0.374 Threshold=0.350 Gap=0.024 dir=SHORT
RP	0	10:30:02.576	Cazyxio_v4.2 (EURUSD,M15)	2026.03.11 16:30:02 | GATE_FAIL | GBPUSD | Momentum candle FAIL. dir=SHORT close=1.34032 ema50=1.34229 momClosePos=0.374 momOk=N ema50Ok=Y barRange=0.000990
EF	0	10:30:02.576	Cazyxio_v4.2 (EURUSD,M15)	2026.03.11 16:30:02 | BAR | USDJPY | close=158.818 h4ema200=156.248 h4slope=UP ema50=158.456 distToEMA50=36.2pips touchSeq=0 atr=0.099571 atrSma=0.104616 atrRatio=0.952 dir=LONG spread=14.0 spreadOK=YES atrGate=PASS touch=FAIL momCandle=momClosePos=0.778 momOk=Y ema50Ok=Y barRange=0.063000 zeroRangeBar=NO trigger=YES hasPos=NO portRisk=0.00% openPos=0 | 158.818000
HN	0	10:30:02.576	Cazyxio_v4.2 (EURUSD,M15)	2026.03.11 16:30:02 | GATE_FAIL | USDJPY | Touch/pullback gate FAIL. Price has not approached EMA50 within last 12 bars (within 0.60 ATR). DistToEMA50=36.2pips.
LE	0	10:30:02.576	Cazyxio_v4.2 (EURUSD,M15)	2026.03.11 16:30:02 | BAR | USDCAD | close=1.35982 h4ema200=1.36661 h4slope=DOWN ema50=1.35784 distToEMA50=19.8pips touchSeq=0 atr=0.000856 atrSma=0.000664 atrRatio=1.288 dir=SHORT spread=23.0 spreadOK=YES atrGate=PASS touch=PASS momCandle=momClosePos=0.759 momOk=N ema50Ok=Y barRange=0.000540 zeroRangeBar=NO trigger=NO hasPos=NO portRisk=0.00% openPos=0 | 1.359820
IK	0	10:30:02.576	Cazyxio_v4.2 (EURUSD,M15)	2026.03.11 16:30:02 | GATE_FAIL | USDCAD | Momentum candle FAIL. dir=SHORT close=1.35982 ema50=1.35784 momClosePos=0.759 momOk=N ema50Ok=Y barRange=0.000540
DG	0	10:30:29.078	Cazyxio_v4.2 (EURUSD,M15)	2026.03.11 16:30:29 | HEARTBEAT | SYSTEM | EA alive. Tick=216200 Equity=44471.00 OpenPos=0 PendingOrders=0 UTC=2026.03.11 16:30 DayOfWeek=3 WeekendCloseActive=NO NewTradeBlocked=NO | 216200.000000
OQ	0	10:31:21.124	Cazyxio_v4.2 (EURUSD,M15)	2026.03.11 16:31:21 | HEARTBEAT | SYSTEM | EA alive. Tick=216300 Equity=44471.00 OpenPos=0 PendingOrders=0 UTC=2026.03.11 16:31 DayOfWeek=3 WeekendCloseActive=NO NewTradeBlocked=NO | 216300.000000
NS	0	10:32:19.087	Cazyxio_v4.2 (EURUSD,M15)	2026.03.11 16:32:19 | HEARTBEAT | SYSTEM | EA alive. Tick=216400 Equity=44471.00 OpenPos=0 PendingOrders=0 UTC=2026.03.11 16:32 DayOfWeek=3 WeekendCloseActive=NO NewTradeBlocked=NO | 216400.000000
IM	0	10:33:11.052	Cazyxio_v4.2 (EURUSD,M15)	2026.03.11 16:33:11 | HEARTBEAT | SYSTEM | EA alive. Tick=216500 Equity=44471.00 OpenPos=0 PendingOrders=0 UTC=2026.03.11 16:33 DayOfWeek=3 WeekendCloseActive=NO NewTradeBlocked=NO | 216500.000000
NL	0	10:34:21.089	Cazyxio_v4.2 (EURUSD,M15)	2026.03.11 16:34:21 | HEARTBEAT | SYSTEM | EA alive. Tick=216600 Equity=44471.00 OpenPos=0 PendingOrders=0 UTC=2026.03.11 16:34 DayOfWeek=3 WeekendCloseActive=NO NewTradeBlocked=NO | 216600.000000
CN	0	10:35:24.179	Cazyxio_v4.2 (EURUSD,M15)	2026.03.11 16:35:24 | HEARTBEAT | SYSTEM | EA alive. Tick=216700 Equity=44471.00 OpenPos=0 PendingOrders=0 UTC=2026.03.11 16:35 DayOfWeek=3 WeekendCloseActive=NO NewTradeBlocked=NO | 216700.000000
GH	0	10:36:27.015	Cazyxio_v4.2 (EURUSD,M15)	2026.03.11 16:36:27 | HEARTBEAT | SYSTEM | EA alive. Tick=216800 Equity=44471.00 OpenPos=0 PendingOrders=0 UTC=2026.03.11 16:36 DayOfWeek=3 WeekendCloseActive=NO NewTradeBlocked=NO | 216800.000000
IJ	0	10:37:34.993	Cazyxio_v4.2 (EURUSD,M15)	2026.03.11 16:37:34 | HEARTBEAT | SYSTEM | EA alive. Tick=216900 Equity=44471.00 OpenPos=0 PendingOrders=0 UTC=2026.03.11 16:37 DayOfWeek=3 WeekendCloseActive=NO NewTradeBlocked=NO | 216900.000000
DE	0	10:38:34.667	Cazyxio_v4.2 (EURUSD,M15)	2026.03.11 16:38:34 | HEARTBEAT | SYSTEM | EA alive. Tick=217000 Equity=44471.00 OpenPos=0 PendingOrders=0 UTC=2026.03.11 16:38 DayOfWeek=3 WeekendCloseActive=NO NewTradeBlocked=NO | 217000.000000
LG	0	10:39:47.921	Cazyxio_v4.2 (EURUSD,M15)	2026.03.11 16:39:47 | HEARTBEAT | SYSTEM | EA alive. Tick=217100 Equity=44471.00 OpenPos=0 PendingOrders=0 UTC=2026.03.11 16:39 DayOfWeek=3 WeekendCloseActive=NO NewTradeBlocked=NO | 217100.000000
FQ	0	10:41:06.322	Cazyxio_v4.2 (EURUSD,M15)	2026.03.11 16:41:06 | HEARTBEAT | SYSTEM | EA alive. Tick=217200 Equity=44471.00 OpenPos=0 PendingOrders=0 UTC=2026.03.11 16:41 DayOfWeek=3 WeekendCloseActive=NO NewTradeBlocked=NO | 217200.000000
PS	0	10:42:37.758	Cazyxio_v4.2 (EURUSD,M15)	2026.03.11 16:42:37 | HEARTBEAT | SYSTEM | EA alive. Tick=217300 Equity=44471.00 OpenPos=0 PendingOrders=0 UTC=2026.03.11 16:42 DayOfWeek=3 WeekendCloseActive=NO NewTradeBlocked=NO | 217300.000000
DR	0	10:43:56.957	Cazyxio_v4.2 (EURUSD,M15)	2026.03.11 16:43:56 | HEARTBEAT | SYSTEM | EA alive. Tick=217400 Equity=44471.00 OpenPos=0 PendingOrders=0 UTC=2026.03.11 16:43 DayOfWeek=3 WeekendCloseActive=NO NewTradeBlocked=NO | 217400.000000
DL	0	10:44:55.923	Cazyxio_v4.2 (EURUSD,M15)	2026.03.11 16:44:55 | HEARTBEAT | SYSTEM | EA alive. Tick=217500 Equity=44471.00 OpenPos=0 PendingOrders=0 UTC=2026.03.11 16:44 DayOfWeek=3 WeekendCloseActive=NO NewTradeBlocked=NO | 217500.000000
KP	0	10:45:02.276	Cazyxio_v4.2 (EURUSD,M15)	2026.03.11 16:45:02 | BAR | GBPUSD | close=1.34056 h4ema200=1.34804 h4slope=DOWN ema50=1.34224 distToEMA50=16.8pips touchSeq=0 atr=0.001341 atrSma=0.001055 atrRatio=1.271 dir=SHORT spread=22.0 spreadOK=YES atrGate=PASS touch=PASS momCandle=momClosePos=0.411 momOk=N ema50Ok=Y barRange=0.001240 zeroRangeBar=NO trigger=NO hasPos=NO portRisk=0.00% openPos=0 | 1.340560
CR	0	10:45:02.276	Cazyxio_v4.2 (EURUSD,M15)	2026.03.11 16:45:02 | NEAR_MISS | GBPUSD | Momentum near-miss. momClosePos=0.411 Threshold=0.350 Gap=0.061 dir=SHORT
OE	0	10:45:02.276	Cazyxio_v4.2 (EURUSD,M15)	2026.03.11 16:45:02 | GATE_FAIL | GBPUSD | Momentum candle FAIL. dir=SHORT close=1.34056 ema50=1.34224 momClosePos=0.411 momOk=N ema50Ok=Y barRange=0.001240
EL	0	10:45:02.276	Cazyxio_v4.2 (EURUSD,M15)	2026.03.11 16:45:02 | BAR | EURUSD | close=1.15687 h4ema200=1.17299 h4slope=DOWN ema50=1.15954 distToEMA50=26.7pips touchSeq=0 atr=0.001021 atrSma=0.000853 atrRatio=1.197 dir=SHORT spread=17.0 spreadOK=YES atrGate=PASS touch=FAIL momCandle=momClosePos=0.078 momOk=Y ema50Ok=Y barRange=0.000770 zeroRangeBar=NO trigger=YES hasPos=NO portRisk=0.00% openPos=0 | 1.156870
PQ	0	10:45:02.276	Cazyxio_v4.2 (EURUSD,M15)	2026.03.11 16:45:02 | GATE_FAIL | EURUSD | Touch/pullback gate FAIL. Price has not approached EMA50 within last 12 bars (within 0.60 ATR). DistToEMA50=26.7pips.
MK	0	10:45:02.276	Cazyxio_v4.2 (EURUSD,M15)	2026.03.11 16:45:02 | BAR | GBPJPY | close=212.937 h4ema200=210.632 h4slope=UP ema50=212.712 distToEMA50=22.5pips touchSeq=0 atr=0.139714 atrSma=0.128048 atrRatio=1.091 dir=LONG spread=36.0 spreadOK=NO atrGate=PASS touch=PASS momCandle=momClosePos=0.787 momOk=Y ema50Ok=Y barRange=0.136000 zeroRangeBar=NO trigger=YES hasPos=NO portRisk=0.00% openPos=0 | 212.937000
DS	0	10:45:02.276	Cazyxio_v4.2 (EURUSD,M15)	2026.03.11 16:45:02 | GATE_FAIL | GBPJPY | Spread too wide. Spread=36.0 Max=30 points.
MS	0	10:45:02.276	Cazyxio_v4.2 (EURUSD,M15)	2026.03.11 16:45:02 | BAR | USDCAD | close=1.35929 h4ema200=1.36660 h4slope=DOWN ema50=1.35788 distToEMA50=14.1pips touchSeq=0 atr=0.000858 atrSma=0.000662 atrRatio=1.295 dir=SHORT spread=25.0 spreadOK=YES atrGate=PASS touch=PASS momCandle=momClosePos=0.365 momOk=N ema50Ok=Y barRange=0.000850 zeroRangeBar=NO trigger=NO hasPos=NO portRisk=0.00% openPos=0 | 1.359290
CQ	0	10:45:02.276	Cazyxio_v4.2 (EURUSD,M15)	2026.03.11 16:45:02 | NEAR_MISS | USDCAD | Momentum near-miss. momClosePos=0.365 Threshold=0.350 Gap=0.015 dir=SHORT
RF	0	10:45:02.276	Cazyxio_v4.2 (EURUSD,M15)	2026.03.11 16:45:02 | GATE_FAIL | USDCAD | Momentum candle FAIL. dir=SHORT close=1.35929 ema50=1.35788 momClosePos=0.365 momOk=N ema50Ok=Y barRange=0.000850
OR	0	10:45:02.750	Cazyxio_v4.2 (EURUSD,M15)	2026.03.11 16:45:02 | BAR | USDJPY | close=158.834 h4ema200=156.248 h4slope=UP ema50=158.472 distToEMA50=36.2pips touchSeq=0 atr=0.098286 atrSma=0.104434 atrRatio=0.941 dir=LONG spread=17.0 spreadOK=YES atrGate=PASS touch=FAIL momCandle=momClosePos=0.986 momOk=Y ema50Ok=Y barRange=0.072000 zeroRangeBar=NO trigger=YES hasPos=NO portRisk=0.00% openPos=0 | 158.834000
RS	0	10:45:02.750	Cazyxio_v4.2 (EURUSD,M15)	2026.03.11 16:45:02 | GATE_FAIL | USDJPY | Touch/pullback gate FAIL. Price has not approached EMA50 within last 12 bars (within 0.60 ATR). DistToEMA50=36.2pips.
KQ	0	10:45:02.750	Cazyxio_v4.2 (EURUSD,M15)	2026.03.11 16:45:02 | POST_SL_CONTEXT | AUDUSD | Bar 4 after SL hit. SLHitPrice=0.71542 BarClose=0.71523 MoveSinceSL=-1.9pips Verdict=REVERSED_AGAINST_TRADE (positive=price went our way, negative=continued against us)
JN	0	10:45:02.750	Cazyxio_v4.2 (EURUSD,M15)	2026.03.11 16:45:02 | BAR | AUDUSD | close=0.71523 h4ema200=0.70074 h4slope=UP ema50=0.71577 distToEMA50=5.4pips touchSeq=7 atr=0.001031 atrSma=0.000898 atrRatio=1.149 dir=LONG spread=18.0 spreadOK=YES atrGate=PASS touch=PASS momCandle=momClosePos=0.220 momOk=N ema50Ok=Y barRange=0.000820 zeroRangeBar=NO trigger=NO hasPos=NO portRisk=0.00% openPos=0 | 0.715230
HL	0	10:45:02.750	Cazyxio_v4.2 (EURUSD,M15)	2026.03.11 16:45:02 | GATE_FAIL | AUDUSD | Momentum candle FAIL. dir=LONG close=0.71523 ema50=0.71577 momClosePos=0.220 momOk=N ema50Ok=Y barRange=0.000820
NH	0	10:46:16.224	Cazyxio_v4.2 (EURUSD,M15)	2026.03.11 16:46:16 | HEARTBEAT | SYSTEM | EA alive. Tick=217600 Equity=44471.00 OpenPos=0 PendingOrders=0 UTC=2026.03.11 16:46 DayOfWeek=3 WeekendCloseActive=NO NewTradeBlocked=NO | 217600.000000
IJ	0	10:48:09.021	Cazyxio_v4.2 (EURUSD,M15)	2026.03.11 16:48:09 | HEARTBEAT | SYSTEM | EA alive. Tick=217700 Equity=44471.00 OpenPos=0 PendingOrders=0 UTC=2026.03.11 16:48 DayOfWeek=3 WeekendCloseActive=NO NewTradeBlocked=NO | 217700.000000
QD	0	10:49:34.565	Cazyxio_v4.2 (EURUSD,M15)	2026.03.11 16:49:34 | HEARTBEAT | SYSTEM | EA alive. Tick=217800 Equity=44471.00 OpenPos=0 PendingOrders=0 UTC=2026.03.11 16:49 DayOfWeek=3 WeekendCloseActive=NO NewTradeBlocked=NO | 217800.000000
PF	0	10:50:42.328	Cazyxio_v4.2 (EURUSD,M15)	2026.03.11 16:50:42 | HEARTBEAT | SYSTEM | EA alive. Tick=217900 Equity=44471.00 OpenPos=0 PendingOrders=0 UTC=2026.03.11 16:50 DayOfWeek=3 WeekendCloseActive=NO NewTradeBlocked=NO | 217900.000000
KQ	0	10:51:57.634	Cazyxio_v4.2 (EURUSD,M15)	2026.03.11 16:51:57 | HEARTBEAT | SYSTEM | EA alive. Tick=218000 Equity=44471.00 OpenPos=0 PendingOrders=0 UTC=2026.03.11 16:51 DayOfWeek=3 WeekendCloseActive=NO NewTradeBlocked=NO | 218000.000000
DS	0	10:53:23.952	Cazyxio_v4.2 (EURUSD,M15)	2026.03.11 16:53:23 | HEARTBEAT | SYSTEM | EA alive. Tick=218100 Equity=44471.00 OpenPos=0 PendingOrders=0 UTC=2026.03.11 16:53 DayOfWeek=3 WeekendCloseActive=NO NewTradeBlocked=NO | 218100.000000
NM	0	10:54:33.582	Cazyxio_v4.2 (EURUSD,M15)	2026.03.11 16:54:33 | HEARTBEAT | SYSTEM | EA alive. Tick=218200 Equity=44471.00 OpenPos=0 PendingOrders=0 UTC=2026.03.11 16:54 DayOfWeek=3 WeekendCloseActive=NO NewTradeBlocked=NO | 218200.000000
FO	0	10:56:07.313	Cazyxio_v4.2 (EURUSD,M15)	2026.03.11 16:56:07 | HEARTBEAT | SYSTEM | EA alive. Tick=218300 Equity=44471.00 OpenPos=0 PendingOrders=0 UTC=2026.03.11 16:56 DayOfWeek=3 WeekendCloseActive=NO NewTradeBlocked=NO | 218300.000000
JN	0	10:57:32.686	Cazyxio_v4.2 (EURUSD,M15)	2026.03.11 16:57:32 | HEARTBEAT | SYSTEM | EA alive. Tick=218400 Equity=44471.00 OpenPos=0 PendingOrders=0 UTC=2026.03.11 16:57 DayOfWeek=3 WeekendCloseActive=NO NewTradeBlocked=NO | 218400.000000
JH	0	10:59:23.277	Cazyxio_v4.2 (EURUSD,M15)	2026.03.11 16:59:23 | HEARTBEAT | SYSTEM | EA alive. Tick=218500 Equity=44471.00 OpenPos=0 PendingOrders=0 UTC=2026.03.11 16:59 DayOfWeek=3 WeekendCloseActive=NO NewTradeBlocked=NO | 218500.000000
ED	0	11:00:02.234	Cazyxio_v4.2 (EURUSD,M15)	2026.03.11 17:00:02 | BAR | EURUSD | close=1.15702 h4ema200=1.17283 h4slope=DOWN ema50=1.15945 distToEMA50=24.3pips touchSeq=0 atr=0.000980 atrSma=0.000853 atrRatio=1.149 dir=SHORT spread=13.0 spreadOK=YES atrGate=PASS touch=FAIL momCandle=momClosePos=0.824 momOk=N ema50Ok=Y barRange=0.000340 zeroRangeBar=NO trigger=NO hasPos=NO portRisk=0.00% openPos=0 | 1.157020
RL	0	11:00:02.234	Cazyxio_v4.2 (EURUSD,M15)	2026.03.11 17:00:02 | GATE_FAIL | EURUSD | Touch/pullback gate FAIL. Price has not approached EMA50 within last 12 bars (within 0.60 ATR). DistToEMA50=24.3pips.
OE	0	11:00:02.234	Cazyxio_v4.2 (EURUSD,M15)	2026.03.11 17:00:02 | BAR | GBPJPY | close=212.983 h4ema200=210.656 h4slope=UP ema50=212.724 distToEMA50=25.9pips touchSeq=0 atr=0.136929 atrSma=0.128036 atrRatio=1.069 dir=LONG spread=33.0 spreadOK=NO atrGate=PASS touch=FAIL momCandle=momClosePos=0.655 momOk=Y ema50Ok=Y barRange=0.113000 zeroRangeBar=NO trigger=YES hasPos=NO portRisk=0.00% openPos=0 | 212.983000
GD	0	11:00:02.234	Cazyxio_v4.2 (EURUSD,M15)	2026.03.11 17:00:02 | GATE_FAIL | GBPJPY | Spread too wide. Spread=33.0 Max=30 points.
ME	0	11:00:02.497	Cazyxio_v4.2 (EURUSD,M15)	2026.03.11 17:00:02 | BAR | GBPUSD | close=1.34092 h4ema200=1.34798 h4slope=DOWN ema50=1.34220 distToEMA50=12.8pips touchSeq=1 atr=0.001293 atrSma=0.001056 atrRatio=1.225 dir=SHORT spread=20.0 spreadOK=YES atrGate=PASS touch=PASS momCandle=momClosePos=0.741 momOk=N ema50Ok=Y barRange=0.000850 zeroRangeBar=NO trigger=NO hasPos=NO portRisk=0.00% openPos=0 | 1.340920
FL	0	11:00:02.497	Cazyxio_v4.2 (EURUSD,M15)	2026.03.11 17:00:02 | GATE_FAIL | GBPUSD | Momentum candle FAIL. dir=SHORT close=1.34092 ema50=1.34220 momClosePos=0.741 momOk=N ema50Ok=Y barRange=0.000850
FF	0	11:00:02.497	Cazyxio_v4.2 (EURUSD,M15)	2026.03.11 17:00:02 | BAR | USDJPY | close=158.830 h4ema200=156.274 h4slope=UP ema50=158.485 distToEMA50=34.5pips touchSeq=0 atr=0.095214 atrSma=0.104172 atrRatio=0.914 dir=LONG spread=13.0 spreadOK=YES atrGate=PASS touch=FAIL momCandle=momClosePos=0.356 momOk=N ema50Ok=Y barRange=0.045000 zeroRangeBar=NO trigger=NO hasPos=NO portRisk=0.00% openPos=0 | 158.830000
MI	0	11:00:02.497	Cazyxio_v4.2 (EURUSD,M15)	2026.03.11 17:00:02 | GATE_FAIL | USDJPY | Touch/pullback gate FAIL. Price has not approached EMA50 within last 12 bars (within 0.60 ATR). DistToEMA50=34.5pips.
NM	0	11:00:02.497	Cazyxio_v4.2 (EURUSD,M15)	2026.03.11 17:00:02 | BAR | AUDUSD | close=0.71523 h4ema200=0.70089 h4slope=UP ema50=0.71575 distToEMA50=5.2pips touchSeq=8 atr=0.000990 atrSma=0.000897 atrRatio=1.103 dir=LONG spread=17.0 spreadOK=YES atrGate=PASS touch=PASS momCandle=momClosePos=0.723 momOk=Y ema50Ok=Y barRange=0.000470 zeroRangeBar=NO trigger=YES hasPos=NO portRisk=0.00% openPos=0 | 0.715230
IH	0	11:00:02.497	Cazyxio_v4.2 (EURUSD,M15)	2026.03.11 17:00:02 | SIGNAL | AUDUSD | VALID SIGNAL (LIMIT): LONG limitPrice=0.71570 sl=0.71412 tp=0.71966 stopDist=0.00158 lots=1.40 riskPct=0.50 R:R=2.50 ema50=0.71575 distToLimit=3.0pips expiresIn=4bars touchSeq=8 | 0.715700
GJ	0	11:00:02.497	Cazyxio_v4.2 (EURUSD,M15)	CTrade::OrderSend: buy limit 1.40 AUDUSD at 0.71570 sl: 0.71412 tp: 0.71966 [invalid price]
KH	0	11:00:02.497	Cazyxio_v4.2 (EURUSD,M15)	2026.03.11 17:00:02 | ORDER_FAILED | AUDUSD | BUY_LIMIT FAILED. retcode=10015 desc=invalid price limitPrice=0.71570
NM	0	11:00:02.497	Cazyxio_v4.2 (EURUSD,M15)	2026.03.11 17:00:02 | BAR | USDCAD | close=1.35826 h4ema200=1.36651 h4slope=DOWN ema50=1.35785 distToEMA50=4.1pips touchSeq=1 atr=0.000881 atrSma=0.000661 atrRatio=1.334 dir=SHORT spread=24.0 spreadOK=YES atrGate=PASS touch=PASS momCandle=momClosePos=0.017 momOk=Y ema50Ok=Y barRange=0.001170 zeroRangeBar=NO trigger=YES hasPos=NO portRisk=0.00% openPos=0 | 1.358260
HS	0	11:00:02.497	Cazyxio_v4.2 (EURUSD,M15)	2026.03.11 17:00:02 | SIGNAL | USDCAD | VALID SIGNAL (LIMIT): SHORT limitPrice=1.35790 sl=1.35931 tp=1.35437 stopDist=0.00141 lots=2.14 riskPct=0.50 R:R=2.50 ema50=1.35785 distToLimit=3.7pips expiresIn=4bars touchSeq=1 | 1.357900
QH	0	11:00:02.497	Cazyxio_v4.2 (EURUSD,M15)	CTrade::OrderSend: sell limit 2.14 USDCAD at 1.35790 sl: 1.35931 tp: 1.35437 [invalid price]
RK	0	11:00:02.497	Cazyxio_v4.2 (EURUSD,M15)	2026.03.11 17:00:02 | ORDER_FAILED | USDCAD | SELL_LIMIT FAILED. retcode=10015 desc=invalid price limitPrice=1.35790
FK	0	11:00:37.250	Cazyxio_v4.2 (EURUSD,M15)	2026.03.11 17:00:37 | HEARTBEAT | SYSTEM | EA alive. Tick=218600 Equity=44471.00 OpenPos=0 PendingOrders=0 UTC=2026.03.11 17:00 DayOfWeek=3 WeekendCloseActive=NO NewTradeBlocked=NO | 218600.000000
IE	0	11:02:00.040	Cazyxio_v4.2 (EURUSD,M15)	2026.03.11 17:02:00 | HEARTBEAT | SYSTEM | EA alive. Tick=218700 Equity=44471.00 OpenPos=0 PendingOrders=0 UTC=2026.03.11 17:02 DayOfWeek=3 WeekendCloseActive=NO NewTradeBlocked=NO | 218700.000000
RD	0	11:03:07.077	Cazyxio_v4.2 (EURUSD,M15)	2026.03.11 17:03:07 | HEARTBEAT | SYSTEM | EA alive. Tick=218800 Equity=44471.00 OpenPos=0 PendingOrders=0 UTC=2026.03.11 17:03 DayOfWeek=3 WeekendCloseActive=NO NewTradeBlocked=NO | 218800.000000
IF	0	11:04:05.578	Cazyxio_v4.2 (EURUSD,M15)	2026.03.11 17:04:05 | HEARTBEAT | SYSTEM | EA alive. Tick=218900 Equity=44471.00 OpenPos=0 PendingOrders=0 UTC=2026.03.11 17:04 DayOfWeek=3 WeekendCloseActive=NO NewTradeBlocked=NO | 218900.000000
GP	0	11:05:19.630	Cazyxio_v4.2 (EURUSD,M15)	2026.03.11 17:05:19 | HEARTBEAT | SYSTEM | EA alive. Tick=219000 Equity=44471.00 OpenPos=0 PendingOrders=0 UTC=2026.03.11 17:05 DayOfWeek=3 WeekendCloseActive=NO NewTradeBlocked=NO | 219000.000000
HR	0	11:06:55.120	Cazyxio_v4.2 (EURUSD,M15)	2026.03.11 17:06:55 | HEARTBEAT | SYSTEM | EA alive. Tick=219100 Equity=44471.00 OpenPos=0 PendingOrders=0 UTC=2026.03.11 17:06 DayOfWeek=3 WeekendCloseActive=NO NewTradeBlocked=NO | 219100.000000
OM	0	11:08:18.019	Cazyxio_v4.2 (EURUSD,M15)	2026.03.11 17:08:18 | HEARTBEAT | SYSTEM | EA alive. Tick=219200 Equity=44471.00 OpenPos=0 PendingOrders=0 UTC=2026.03.11 17:08 DayOfWeek=3 WeekendCloseActive=NO NewTradeBlocked=NO | 219200.000000
KO	0	11:09:25.797	Cazyxio_v4.2 (EURUSD,M15)	2026.03.11 17:09:25 | HEARTBEAT | SYSTEM | EA alive. Tick=219300 Equity=44471.00 OpenPos=0 PendingOrders=0 UTC=2026.03.11 17:09 DayOfWeek=3 WeekendCloseActive=NO NewTradeBlocked=NO | 219300.000000
GI	0	11:11:00.257	Cazyxio_v4.2 (EURUSD,M15)	2026.03.11 17:11:00 | HEARTBEAT | SYSTEM | EA alive. Tick=219400 Equity=44471.00 OpenPos=0 PendingOrders=0 UTC=2026.03.11 17:11 DayOfWeek=3 WeekendCloseActive=NO NewTradeBlocked=NO | 219400.000000
JK	0	11:12:16.576	Cazyxio_v4.2 (EURUSD,M15)	2026.03.11 17:12:16 | HEARTBEAT | SYSTEM | EA alive. Tick=219500 Equity=44471.00 OpenPos=0 PendingOrders=0 UTC=2026.03.11 17:12 DayOfWeek=3 WeekendCloseActive=NO NewTradeBlocked=NO | 219500.000000
LJ	0	11:13:45.557	Cazyxio_v4.2 (EURUSD,M15)	2026.03.11 17:13:45 | HEARTBEAT | SYSTEM | EA alive. Tick=219600 Equity=44471.00 OpenPos=0 PendingOrders=0 UTC=2026.03.11 17:13 DayOfWeek=3 WeekendCloseActive=NO NewTradeBlocked=NO | 219600.000000
EJ	0	11:15:02.490	Cazyxio_v4.2 (EURUSD,M15)	2026.03.11 17:15:02 | BAR | GBPUSD | close=1.34099 h4ema200=1.34798 h4slope=DOWN ema50=1.34215 distToEMA50=11.6pips touchSeq=2 atr=0.001195 atrSma=0.001055 atrRatio=1.132 dir=SHORT spread=21.0 spreadOK=YES atrGate=PASS touch=PASS momCandle=momClosePos=0.545 momOk=N ema50Ok=Y barRange=0.000550 zeroRangeBar=NO trigger=NO hasPos=NO portRisk=0.00% openPos=0 | 1.340990
OH	0	11:15:02.490	Cazyxio_v4.2 (EURUSD,M15)	2026.03.11 17:15:02 | GATE_FAIL | GBPUSD | Momentum candle FAIL. dir=SHORT close=1.34099 ema50=1.34215 momClosePos=0.545 momOk=N ema50Ok=Y barRange=0.000550
EO	0	11:15:02.490	Cazyxio_v4.2 (EURUSD,M15)	2026.03.11 17:15:02 | BAR | EURUSD | close=1.15743 h4ema200=1.17283 h4slope=DOWN ema50=1.15938 distToEMA50=19.5pips touchSeq=0 atr=0.000922 atrSma=0.000853 atrRatio=1.081 dir=SHORT spread=14.0 spreadOK=YES atrGate=PASS touch=FAIL momCandle=momClosePos=0.849 momOk=N ema50Ok=Y barRange=0.000730 zeroRangeBar=NO trigger=NO hasPos=NO portRisk=0.00% openPos=0 | 1.157430
JF	0	11:15:02.490	Cazyxio_v4.2 (EURUSD,M15)	2026.03.11 17:15:02 | GATE_FAIL | EURUSD | Touch/pullback gate FAIL. Price has not approached EMA50 within last 12 bars (within 0.60 ATR). DistToEMA50=19.5pips.
NS	0	11:15:02.490	Cazyxio_v4.2 (EURUSD,M15)	2026.03.11 17:15:02 | BAR | AUDUSD | close=0.71515 h4ema200=0.70089 h4slope=UP ema50=0.71572 distToEMA50=5.7pips touchSeq=9 atr=0.000917 atrSma=0.000897 atrRatio=1.023 dir=LONG spread=17.0 spreadOK=YES atrGate=PASS touch=PASS momCandle=momClosePos=0.358 momOk=N ema50Ok=Y barRange=0.000530 zeroRangeBar=NO trigger=NO hasPos=NO portRisk=0.00% openPos=0 | 0.715150
EO	0	11:15:02.490	Cazyxio_v4.2 (EURUSD,M15)	2026.03.11 17:15:02 | GATE_FAIL | AUDUSD | Momentum candle FAIL. dir=LONG close=0.71515 ema50=0.71572 momClosePos=0.358 momOk=N ema50Ok=Y barRange=0.000530
NL	0	11:15:02.490	Cazyxio_v4.2 (EURUSD,M15)	2026.03.11 17:15:02 | BAR | GBPJPY | close=213.001 h4ema200=210.656 h4slope=UP ema50=212.735 distToEMA50=26.6pips touchSeq=0 atr=0.131786 atrSma=0.128009 atrRatio=1.030 dir=LONG spread=36.0 spreadOK=NO atrGate=PASS touch=FAIL momCandle=momClosePos=0.667 momOk=Y ema50Ok=Y barRange=0.075000 zeroRangeBar=NO trigger=YES hasPos=NO portRisk=0.00% openPos=0 | 213.001000
JR	0	11:15:02.490	Cazyxio_v4.2 (EURUSD,M15)	2026.03.11 17:15:02 | GATE_FAIL | GBPJPY | Spread too wide. Spread=36.0 Max=30 points.
GN	0	11:15:02.490	Cazyxio_v4.2 (EURUSD,M15)	2026.03.11 17:15:02 | BAR | USDCAD | close=1.35821 h4ema200=1.36651 h4slope=DOWN ema50=1.35786 distToEMA50=3.5pips touchSeq=2 atr=0.000879 atrSma=0.000659 atrRatio=1.333 dir=SHORT spread=24.0 spreadOK=YES atrGate=PASS touch=PASS momCandle=momClosePos=0.714 momOk=N ema50Ok=Y barRange=0.000840 zeroRangeBar=NO trigger=NO hasPos=NO portRisk=0.00% openPos=0 | 1.358210
JS	0	11:15:02.490	Cazyxio_v4.2 (EURUSD,M15)	2026.03.11 17:15:02 | GATE_FAIL | USDCAD | Momentum candle FAIL. dir=SHORT close=1.35821 ema50=1.35786 momClosePos=0.714 momOk=N ema50Ok=Y barRange=0.000840
QL	0	11:15:05.167	Cazyxio_v4.2 (EURUSD,M15)	2026.03.11 17:15:05 | BAR | USDJPY | close=158.832 h4ema200=156.274 h4slope=UP ema50=158.499 distToEMA50=33.3pips touchSeq=0 atr=0.086000 atrSma=0.103899 atrRatio=0.828 dir=LONG spread=15.0 spreadOK=YES atrGate=PASS touch=FAIL momCandle=momClosePos=0.523 momOk=N ema50Ok=Y barRange=0.044000 zeroRangeBar=NO trigger=NO hasPos=NO portRisk=0.00% openPos=0 | 158.832000
LP	0	11:15:05.167	Cazyxio_v4.2 (EURUSD,M15)	2026.03.11 17:15:05 | GATE_FAIL | USDJPY | Touch/pullback gate FAIL. Price has not approached EMA50 within last 12 bars (within 0.60 ATR). DistToEMA50=33.3pips.
EH	0	11:15:29.758	Cazyxio_v4.2 (EURUSD,M15)	2026.03.11 17:15:29 | HEARTBEAT | SYSTEM | EA alive. Tick=219700 Equity=44471.00 OpenPos=0 PendingOrders=0 UTC=2026.03.11 17:15 DayOfWeek=3 WeekendCloseActive=NO NewTradeBlocked=NO | 219700.000000
QJ	0	11:17:23.220	Cazyxio_v4.2 (EURUSD,M15)	2026.03.11 17:17:23 | HEARTBEAT | SYSTEM | EA alive. Tick=219800 Equity=44471.00 OpenPos=0 PendingOrders=0 UTC=2026.03.11 17:17 DayOfWeek=3 WeekendCloseActive=NO NewTradeBlocked=NO | 219800.000000
KD	0	11:18:53.270	Cazyxio_v4.2 (EURUSD,M15)	2026.03.11 17:18:53 | HEARTBEAT | SYSTEM | EA alive. Tick=219900 Equity=44471.00 OpenPos=0 PendingOrders=0 UTC=2026.03.11 17:18 DayOfWeek=3 WeekendCloseActive=NO NewTradeBlocked=NO | 219900.000000
FF	0	11:19:58.139	Cazyxio_v4.2 (EURUSD,M15)	2026.03.11 17:19:58 | HEARTBEAT | SYSTEM | EA alive. Tick=220000 Equity=44471.00 OpenPos=0 PendingOrders=0 UTC=2026.03.11 17:19 DayOfWeek=3 WeekendCloseActive=NO NewTradeBlocked=NO | 220000.000000
HQ	0	11:20:44.847	Cazyxio_v4.2 (EURUSD,M15)	2026.03.11 17:20:44 | HEARTBEAT | SYSTEM | EA alive. Tick=220100 Equity=44471.00 OpenPos=0 PendingOrders=0 UTC=2026.03.11 17:20 DayOfWeek=3 WeekendCloseActive=NO NewTradeBlocked=NO | 220100.000000
QS	0	11:21:48.126	Cazyxio_v4.2 (EURUSD,M15)	2026.03.11 17:21:48 | HEARTBEAT | SYSTEM | EA alive. Tick=220200 Equity=44471.00 OpenPos=0 PendingOrders=0 UTC=2026.03.11 17:21 DayOfWeek=3 WeekendCloseActive=NO NewTradeBlocked=NO | 220200.000000
FM	0	11:22:56.025	Cazyxio_v4.2 (EURUSD,M15)	2026.03.11 17:22:56 | HEARTBEAT | SYSTEM | EA alive. Tick=220300 Equity=44471.00 OpenPos=0 PendingOrders=0 UTC=2026.03.11 17:22 DayOfWeek=3 WeekendCloseActive=NO NewTradeBlocked=NO | 220300.000000
FO	0	11:24:36.656	Cazyxio_v4.2 (EURUSD,M15)	2026.03.11 17:24:36 | HEARTBEAT | SYSTEM | EA alive. Tick=220400 Equity=44471.00 OpenPos=0 PendingOrders=0 UTC=2026.03.11 17:24 DayOfWeek=3 WeekendCloseActive=NO NewTradeBlocked=NO | 220400.000000
QN	0	11:25:52.720	Cazyxio_v4.2 (EURUSD,M15)	2026.03.11 17:25:52 | HEARTBEAT | SYSTEM | EA alive. Tick=220500 Equity=44471.00 OpenPos=0 PendingOrders=0 UTC=2026.03.11 17:25 DayOfWeek=3 WeekendCloseActive=NO NewTradeBlocked=NO | 220500.000000
GH	0	11:27:39.955	Cazyxio_v4.2 (EURUSD,M15)	2026.03.11 17:27:39 | HEARTBEAT | SYSTEM | EA alive. Tick=220600 Equity=44471.00 OpenPos=0 PendingOrders=0 UTC=2026.03.11 17:27 DayOfWeek=3 WeekendCloseActive=NO NewTradeBlocked=NO | 220600.000000
RJ	0	11:28:31.607	Cazyxio_v4.2 (EURUSD,M15)	2026.03.11 17:28:31 | HEARTBEAT | SYSTEM | EA alive. Tick=220700 Equity=44471.00 OpenPos=0 PendingOrders=0 UTC=2026.03.11 17:28 DayOfWeek=3 WeekendCloseActive=NO NewTradeBlocked=NO | 220700.000000
OD	0	11:29:13.502	Cazyxio_v4.2 (EURUSD,M15)	2026.03.11 17:29:13 | HEARTBEAT | SYSTEM | EA alive. Tick=220800 Equity=44471.00 OpenPos=0 PendingOrders=0 UTC=2026.03.11 17:29 DayOfWeek=3 WeekendCloseActive=NO NewTradeBlocked=NO | 220800.000000
IG	0	11:29:53.427	Cazyxio_v4.2 (EURUSD,M15)	2026.03.11 17:29:53 | HEARTBEAT | SYSTEM | EA alive. Tick=220900 Equity=44471.00 OpenPos=0 PendingOrders=0 UTC=2026.03.11 17:29 DayOfWeek=3 WeekendCloseActive=NO NewTradeBlocked=NO | 220900.000000
LL	0	11:30:02.421	Cazyxio_v4.2 (EURUSD,M15)	2026.03.11 17:30:02 | BAR | GBPUSD | close=1.34158 h4ema200=1.34798 h4slope=DOWN ema50=1.34215 distToEMA50=5.7pips touchSeq=3 atr=0.001079 atrSma=0.001054 atrRatio=1.024 dir=SHORT spread=20.0 spreadOK=YES atrGate=PASS touch=PASS momCandle=momClosePos=0.991 momOk=N ema50Ok=Y barRange=0.001140 zeroRangeBar=NO trigger=NO hasPos=NO portRisk=0.00% openPos=0 | 1.341580
PG	0	11:30:02.421	Cazyxio_v4.2 (EURUSD,M15)	2026.03.11 17:30:02 | GATE_FAIL | GBPUSD | Momentum candle FAIL. dir=SHORT close=1.34158 ema50=1.34215 momClosePos=0.991 momOk=N ema50Ok=Y barRange=0.001140
DS	0	11:30:02.421	Cazyxio_v4.2 (EURUSD,M15)	2026.03.11 17:30:02 | BAR | EURUSD | close=1.15748 h4ema200=1.17283 h4slope=DOWN ema50=1.15931 distToEMA50=18.3pips touchSeq=0 atr=0.000775 atrSma=0.000851 atrRatio=0.910 dir=SHORT spread=19.0 spreadOK=YES atrGate=PASS touch=FAIL momCandle=momClosePos=0.935 momOk=N ema50Ok=Y barRange=0.000620 zeroRangeBar=NO trigger=NO hasPos=NO portRisk=0.00% openPos=0 | 1.157480
GS	0	11:30:02.421	Cazyxio_v4.2 (EURUSD,M15)	2026.03.11 17:30:02 | GATE_FAIL | EURUSD | Touch/pullback gate FAIL. Price has not approached EMA50 within last 12 bars (within 0.60 ATR). DistToEMA50=18.3pips.
RL	0	11:30:02.421	Cazyxio_v4.2 (EURUSD,M15)	2026.03.11 17:30:02 | BAR | USDJPY | close=158.886 h4ema200=156.275 h4slope=UP ema50=158.516 distToEMA50=37.0pips touchSeq=0 atr=0.075786 atrSma=0.103544 atrRatio=0.732 dir=LONG spread=15.0 spreadOK=YES atrGate=FAIL touch=FAIL momCandle=momClosePos=0.567 momOk=N ema50Ok=Y barRange=0.104000 zeroRangeBar=NO trigger=NO hasPos=NO portRisk=0.00% openPos=0 | 158.886000
KS	0	11:30:02.421	Cazyxio_v4.2 (EURUSD,M15)	2026.03.11 17:30:02 | NEAR_MISS | USDJPY | ATR near-miss. Ratio=0.732 MinRatio=0.80 Gap=0.068
GL	0	11:30:02.421	Cazyxio_v4.2 (EURUSD,M15)	2026.03.11 17:30:02 | GATE_FAIL | USDJPY | ATR gate FAIL. ATR=0.075786 ATR_SMA=0.103544 Ratio=0.732 MinRatio=0.80
HH	0	11:30:02.421	Cazyxio_v4.2 (EURUSD,M15)	2026.03.11 17:30:02 | BAR | AUDUSD | close=0.71547 h4ema200=0.70089 h4slope=UP ema50=0.71572 distToEMA50=2.5pips touchSeq=10 atr=0.000805 atrSma=0.000895 atrRatio=0.900 dir=LONG spread=18.0 spreadOK=YES atrGate=PASS touch=PASS momCandle=momClosePos=1.000 momOk=Y ema50Ok=Y barRange=0.000700 zeroRangeBar=NO trigger=YES hasPos=NO portRisk=0.00% openPos=0 | 0.715470
ND	0	11:30:02.421	Cazyxio_v4.2 (EURUSD,M15)	2026.03.11 17:30:02 | SIGNAL | AUDUSD | VALID SIGNAL (LIMIT): LONG limitPrice=0.71568 sl=0.71439 tp=0.71890 stopDist=0.00129 lots=1.72 riskPct=0.50 R:R=2.50 ema50=0.71572 distToLimit=0.1pips expiresIn=4bars touchSeq=10 | 0.715680
NI	0	11:30:02.421	Cazyxio_v4.2 (EURUSD,M15)	CTrade::OrderSend: buy limit 1.72 AUDUSD at 0.71568 sl: 0.71439 tp: 0.71890 [invalid price]
GN	0	11:30:02.421	Cazyxio_v4.2 (EURUSD,M15)	2026.03.11 17:30:02 | ORDER_FAILED | AUDUSD | BUY_LIMIT FAILED. retcode=10015 desc=invalid price limitPrice=0.71568
HP	0	11:30:02.421	Cazyxio_v4.2 (EURUSD,M15)	2026.03.11 17:30:02 | BAR | GBPJPY | close=213.163 h4ema200=210.658 h4slope=UP ema50=212.758 distToEMA50=40.5pips touchSeq=0 atr=0.126429 atrSma=0.128052 atrRatio=0.987 dir=LONG spread=39.0 spreadOK=NO atrGate=PASS touch=FAIL momCandle=momClosePos=0.953 momOk=Y ema50Ok=Y barRange=0.212000 zeroRangeBar=NO trigger=YES hasPos=NO portRisk=0.00% openPos=0 | 213.163000
QI	0	11:30:02.421	Cazyxio_v4.2 (EURUSD,M15)	2026.03.11 17:30:02 | GATE_FAIL | GBPJPY | Spread too wide. Spread=39.0 Max=30 points.
FG	0	11:30:02.421	Cazyxio_v4.2 (EURUSD,M15)	2026.03.11 17:30:02 | BAR | USDCAD | close=1.35742 h4ema200=1.36650 h4slope=DOWN ema50=1.35782 distToEMA50=4.0pips touchSeq=3 atr=0.000859 atrSma=0.000658 atrRatio=1.305 dir=SHORT spread=23.0 spreadOK=YES atrGate=PASS touch=PASS momCandle=momClosePos=0.023 momOk=Y ema50Ok=Y barRange=0.000880 zeroRangeBar=NO trigger=YES hasPos=NO portRisk=0.00% openPos=0 | 1.357420
QJ	0	11:30:02.421	Cazyxio_v4.2 (EURUSD,M15)	2026.03.11 17:30:02 | SIGNAL | USDCAD | VALID SIGNAL (LIMIT): SHORT limitPrice=1.35786 sl=1.35923 tp=1.35443 stopDist=0.00137 lots=2.19 riskPct=0.50 R:R=2.50 ema50=1.35782 distToLimit=4.5pips expiresIn=4bars touchSeq=3 | 1.357860
GH	0	11:30:02.548	Cazyxio_v4.2 (EURUSD,M15)	2026.03.11 17:30:02 | LIMIT_PLACED | USDCAD | SELL_LIMIT lots=2.19 limitPrice=1.35786 sl=1.35923 tp=1.35443 expiresIn=4bars ticket=4402388 | 2.190000
CP	0	11:30:31.147	Cazyxio_v4.2 (EURUSD,M15)	2026.03.11 17:30:31 | HEARTBEAT | SYSTEM | EA alive. Tick=221000 Equity=44471.00 OpenPos=0 PendingOrders=1 UTC=2026.03.11 17:30 DayOfWeek=3 WeekendCloseActive=NO NewTradeBlocked=NO | 221000.000000
JS	0	11:31:21.778	Cazyxio_v4.2 (EURUSD,M15)	2026.03.11 17:31:21 | HEARTBEAT | SYSTEM | EA alive. Tick=221100 Equity=44471.00 OpenPos=0 PendingOrders=1 UTC=2026.03.11 17:31 DayOfWeek=3 WeekendCloseActive=NO NewTradeBlocked=NO | 221100.000000
FM	0	11:32:05.694	Cazyxio_v4.2 (EURUSD,M15)	2026.03.11 17:32:05 | HEARTBEAT | SYSTEM | EA alive. Tick=221200 Equity=44471.00 OpenPos=0 PendingOrders=1 UTC=2026.03.11 17:32 DayOfWeek=3 WeekendCloseActive=NO NewTradeBlocked=NO | 221200.000000
RO	0	11:33:06.831	Cazyxio_v4.2 (EURUSD,M15)	2026.03.11 17:33:06 | HEARTBEAT | SYSTEM | EA alive. Tick=221300 Equity=44471.00 OpenPos=0 PendingOrders=1 UTC=2026.03.11 17:33 DayOfWeek=3 WeekendCloseActive=NO NewTradeBlocked=NO | 221300.000000
NI	0	11:34:42.094	Cazyxio_v4.2 (EURUSD,M15)	2026.03.11 17:34:42 | HEARTBEAT | SYSTEM | EA alive. Tick=221400 Equity=44471.00 OpenPos=0 PendingOrders=1 UTC=2026.03.11 17:34 DayOfWeek=3 WeekendCloseActive=NO NewTradeBlocked=NO | 221400.000000
LH	0	11:36:03.625	Cazyxio_v4.2 (EURUSD,M15)	2026.03.11 17:36:03 | HEARTBEAT | SYSTEM | EA alive. Tick=221500 Equity=44471.00 OpenPos=0 PendingOrders=1 UTC=2026.03.11 17:36 DayOfWeek=3 WeekendCloseActive=NO NewTradeBlocked=NO | 221500.000000
PJ	0	11:36:55.919	Cazyxio_v4.2 (EURUSD,M15)	2026.03.11 17:36:55 | HEARTBEAT | SYSTEM | EA alive. Tick=221600 Equity=44471.00 OpenPos=0 PendingOrders=1 UTC=2026.03.11 17:36 DayOfWeek=3 WeekendCloseActive=NO NewTradeBlocked=NO | 221600.000000
LJ	0	11:36:59.282	Cazyxio_v4.2 (EURUSD,M15)	2026.03.11 17:36:59 | LIMIT_FILLED | USDCAD | Limit order filled! LimitPrice=1.35786 FillPrice=1.35789 Slippage=0.3pips Lots=2.19 Ticket=4402388
KL	0	11:37:41.533	Cazyxio_v4.2 (EURUSD,M15)	2026.03.11 17:37:41 | HEARTBEAT | SYSTEM | EA alive. Tick=221700 Equity=44400.06 OpenPos=1 PendingOrders=0 UTC=2026.03.11 17:37 DayOfWeek=3 WeekendCloseActive=NO NewTradeBlocked=NO | 221700.000000
PN	0	11:38:11.528	Cazyxio_v4.2 (EURUSD,M15)	2026.03.11 17:38:11 | HEARTBEAT | SYSTEM | EA alive. Tick=221800 Equity=44393.61 OpenPos=1 PendingOrders=0 UTC=2026.03.11 17:38 DayOfWeek=3 WeekendCloseActive=NO NewTradeBlocked=NO | 221800.000000
JH	0	11:38:43.530	Cazyxio_v4.2 (EURUSD,M15)	2026.03.11 17:38:43 | HEARTBEAT | SYSTEM | EA alive. Tick=221900 Equity=44367.83 OpenPos=1 PendingOrders=0 UTC=2026.03.11 17:38 DayOfWeek=3 WeekendCloseActive=NO NewTradeBlocked=NO | 221900.000000
CK	0	11:39:17.091	Cazyxio_v4.2 (EURUSD,M15)	2026.03.11 17:39:17 | HEARTBEAT | SYSTEM | EA alive. Tick=222000 Equity=44385.56 OpenPos=1 PendingOrders=0 UTC=2026.03.11 17:39 DayOfWeek=3 WeekendCloseActive=NO NewTradeBlocked=NO | 222000.000000
IE	0	11:39:55.117	Cazyxio_v4.2 (EURUSD,M15)	2026.03.11 17:39:55 | HEARTBEAT | SYSTEM | EA alive. Tick=222100 Equity=44356.55 OpenPos=1 PendingOrders=0 UTC=2026.03.11 17:39 DayOfWeek=3 WeekendCloseActive=NO NewTradeBlocked=NO | 222100.000000
GG	0	11:40:36.486	Cazyxio_v4.2 (EURUSD,M15)	2026.03.11 17:40:36 | HEARTBEAT | SYSTEM | EA alive. Tick=222200 Equity=44385.56 OpenPos=1 PendingOrders=0 UTC=2026.03.11 17:40 DayOfWeek=3 WeekendCloseActive=NO NewTradeBlocked=NO | 222200.000000
EQ	0	11:41:13.004	Cazyxio_v4.2 (EURUSD,M15)	2026.03.11 17:41:13 | HEARTBEAT | SYSTEM | EA alive. Tick=222300 Equity=44356.55 OpenPos=1 PendingOrders=0 UTC=2026.03.11 17:41 DayOfWeek=3 WeekendCloseActive=NO NewTradeBlocked=NO | 222300.000000
MP	0	11:41:58.202	Cazyxio_v4.2 (EURUSD,M15)	2026.03.11 17:41:58 | HEARTBEAT | SYSTEM | EA alive. Tick=222400 Equity=44346.89 OpenPos=1 PendingOrders=0 UTC=2026.03.11 17:41 DayOfWeek=3 WeekendCloseActive=NO NewTradeBlocked=NO | 222400.000000
GR	0	11:42:53.119	Cazyxio_v4.2 (EURUSD,M15)	2026.03.11 17:42:53 | HEARTBEAT | SYSTEM | EA alive. Tick=222500 Equity=44396.84 OpenPos=1 PendingOrders=0 UTC=2026.03.11 17:42 DayOfWeek=3 WeekendCloseActive=NO NewTradeBlocked=NO | 222500.000000
OL	0	11:43:48.050	Cazyxio_v4.2 (EURUSD,M15)	2026.03.11 17:43:48 | HEARTBEAT | SYSTEM | EA alive. Tick=222600 Equity=44367.83 OpenPos=1 PendingOrders=0 UTC=2026.03.11 17:43 DayOfWeek=3 WeekendCloseActive=NO NewTradeBlocked=NO | 222600.000000
EN	0	11:44:33.664	Cazyxio_v4.2 (EURUSD,M15)	2026.03.11 17:44:33 | HEARTBEAT | SYSTEM | EA alive. Tick=222700 Equity=44353.33 OpenPos=1 PendingOrders=0 UTC=2026.03.11 17:44 DayOfWeek=3 WeekendCloseActive=NO NewTradeBlocked=NO | 222700.000000
DG	0	11:45:02.318	Cazyxio_v4.2 (EURUSD,M15)	2026.03.11 17:45:02 | BAR | GBPUSD | close=1.34056 h4ema200=1.34797 h4slope=DOWN ema50=1.34205 distToEMA50=14.9pips touchSeq=0 atr=0.001121 atrSma=0.001054 atrRatio=1.063 dir=SHORT spread=22.0 spreadOK=YES atrGate=PASS touch=PASS momCandle=momClosePos=0.411 momOk=N ema50Ok=Y barRange=0.001920 zeroRangeBar=NO trigger=NO hasPos=NO portRisk=0.50% openPos=1 | 1.340560
DL	0	11:45:02.318	Cazyxio_v4.2 (EURUSD,M15)	2026.03.11 17:45:02 | NEAR_MISS | GBPUSD | Momentum near-miss. momClosePos=0.411 Threshold=0.350 Gap=0.061 dir=SHORT
FS	0	11:45:02.318	Cazyxio_v4.2 (EURUSD,M15)	2026.03.11 17:45:02 | GATE_FAIL | GBPUSD | Momentum candle FAIL. dir=SHORT close=1.34056 ema50=1.34205 momClosePos=0.411 momOk=N ema50Ok=Y barRange=0.001920
RP	0	11:45:02.318	Cazyxio_v4.2 (EURUSD,M15)	2026.03.11 17:45:02 | BAR | EURUSD | close=1.15667 h4ema200=1.17282 h4slope=DOWN ema50=1.15918 distToEMA50=25.1pips touchSeq=0 atr=0.000802 atrSma=0.000851 atrRatio=0.943 dir=SHORT spread=16.0 spreadOK=YES atrGate=PASS touch=FAIL momCandle=momClosePos=0.427 momOk=N ema50Ok=Y barRange=0.001570 zeroRangeBar=NO trigger=NO hasPos=NO portRisk=0.50% openPos=1 | 1.156670
NO	0	11:45:02.318	Cazyxio_v4.2 (EURUSD,M15)	2026.03.11 17:45:02 | GATE_FAIL | EURUSD | Touch/pullback gate FAIL. Price has not approached EMA50 within last 12 bars (within 0.60 ATR). DistToEMA50=25.1pips.
PI	0	11:45:02.549	Cazyxio_v4.2 (EURUSD,M15)	2026.03.11 17:45:02 | BAR | AUDUSD | close=0.71436 h4ema200=0.70088 h4slope=UP ema50=0.71563 distToEMA50=12.7pips touchSeq=0 atr=0.000839 atrSma=0.000894 atrRatio=0.939 dir=LONG spread=17.0 spreadOK=YES atrGate=PASS touch=PASS momCandle=momClosePos=0.344 momOk=N ema50Ok=Y barRange=0.001860 zeroRangeBar=NO trigger=NO hasPos=NO portRisk=0.50% openPos=1 | 0.714360
DP	0	11:45:02.549	Cazyxio_v4.2 (EURUSD,M15)	2026.03.11 17:45:02 | GATE_FAIL | AUDUSD | Momentum candle FAIL. dir=LONG close=0.71436 ema50=0.71563 momClosePos=0.344 momOk=N ema50Ok=Y barRange=0.001860
CG	0	11:45:02.549	Cazyxio_v4.2 (EURUSD,M15)	2026.03.11 17:45:02 | BAR | USDCAD | close=1.35827 h4ema200=1.36651 h4slope=DOWN ema50=1.35787 distToEMA50=4.0pips touchSeq=4 atr=0.000881 atrSma=0.000657 atrRatio=1.340 dir=SHORT spread=24.0 spreadOK=YES atrGate=PASS touch=PASS momCandle=momClosePos=0.833 momOk=N ema50Ok=Y barRange=0.001080 zeroRangeBar=NO trigger=NO hasPos=YES portRisk=0.50% openPos=1 | 1.358270
JI	0	11:45:02.549	Cazyxio_v4.2 (EURUSD,M15)	2026.03.11 17:45:02 | POSITION_HEALTH | USDCAD | ticket=4402388 dir=SHORT openPrice=1.35789 curPrice=1.35852 unrealPnL=-101.56 curR=-0.459 MFE=0.0pips MAE=6.3pips timeOpen=8min SL=1.35923 TP=1.35443
IF	0	11:45:02.549	Cazyxio_v4.2 (EURUSD,M15)	2026.03.11 17:45:02 | TRAIL_SKIP | USDCAD | Trail not yet active. ProfitDist=-0.00063 ActivateAt=0.00206 MFE=-0.00063 ticket=4402388
QP	0	11:45:02.803	Cazyxio_v4.2 (EURUSD,M15)	2026.03.11 17:45:02 | BAR | GBPJPY | close=213.034 h4ema200=210.657 h4slope=UP ema50=212.764 distToEMA50=27.0pips touchSeq=0 atr=0.132214 atrSma=0.128182 atrRatio=1.031 dir=LONG spread=39.0 spreadOK=NO atrGate=PASS touch=FAIL momCandle=momClosePos=0.317 momOk=N ema50Ok=Y barRange=0.205000 zeroRangeBar=NO trigger=NO hasPos=NO portRisk=0.50% openPos=1 | 213.034000
EL	0	11:45:02.803	Cazyxio_v4.2 (EURUSD,M15)	2026.03.11 17:45:02 | GATE_FAIL | GBPJPY | Spread too wide. Spread=39.0 Max=30 points.
KP	0	11:45:04.112	Cazyxio_v4.2 (EURUSD,M15)	2026.03.11 17:45:04 | BAR | USDJPY | close=158.910 h4ema200=156.275 h4slope=UP ema50=158.533 distToEMA50=37.7pips touchSeq=0 atr=0.074500 atrSma=0.103146 atrRatio=0.722 dir=LONG spread=15.0 spreadOK=YES atrGate=FAIL touch=FAIL momCandle=momClosePos=0.483 momOk=N ema50Ok=Y barRange=0.118000 zeroRangeBar=NO trigger=NO hasPos=NO portRisk=0.50% openPos=1 | 158.910000
NG	0	11:45:04.112	Cazyxio_v4.2 (EURUSD,M15)	2026.03.11 17:45:04 | NEAR_MISS | USDJPY | ATR near-miss. Ratio=0.722 MinRatio=0.80 Gap=0.078
DK	0	11:45:04.112	Cazyxio_v4.2 (EURUSD,M15)	2026.03.11 17:45:04 | GATE_FAIL | USDJPY | ATR gate FAIL. ATR=0.074500 ATR_SMA=0.103146 Ratio=0.722 MinRatio=0.80
GH	0	11:45:20.319	Cazyxio_v4.2 (EURUSD,M15)	2026.03.11 17:45:20 | HEARTBEAT | SYSTEM | EA alive. Tick=222800 Equity=44366.22 OpenPos=1 PendingOrders=0 UTC=2026.03.11 17:45 DayOfWeek=3 WeekendCloseActive=NO NewTradeBlocked=NO | 222800.000000
MJ	0	11:46:28.641	Cazyxio_v4.2 (EURUSD,M15)	2026.03.11 17:46:28 | HEARTBEAT | SYSTEM | EA alive. Tick=222900 Equity=44351.72 OpenPos=1 PendingOrders=0 UTC=2026.03.11 17:46 DayOfWeek=3 WeekendCloseActive=NO NewTradeBlocked=NO | 222900.000000
ID	0	11:47:24.601	Cazyxio_v4.2 (EURUSD,M15)	2026.03.11 17:47:24 | HEARTBEAT | SYSTEM | EA alive. Tick=223000 Equity=44337.22 OpenPos=1 PendingOrders=0 UTC=2026.03.11 17:47 DayOfWeek=3 WeekendCloseActive=NO NewTradeBlocked=NO | 223000.000000
PF	0	11:48:15.327	Cazyxio_v4.2 (EURUSD,M15)	2026.03.11 17:48:15 | HEARTBEAT | SYSTEM | EA alive. Tick=223100 Equity=44322.72 OpenPos=1 PendingOrders=0 UTC=2026.03.11 17:48 DayOfWeek=3 WeekendCloseActive=NO NewTradeBlocked=NO | 223100.000000
CQ	0	11:49:06.224	Cazyxio_v4.2 (EURUSD,M15)	2026.03.11 17:49:06 | HEARTBEAT | SYSTEM | EA alive. Tick=223200 Equity=44334.00 OpenPos=1 PendingOrders=0 UTC=2026.03.11 17:49 DayOfWeek=3 WeekendCloseActive=NO NewTradeBlocked=NO | 223200.000000
OS	0	11:49:49.740	Cazyxio_v4.2 (EURUSD,M15)	2026.03.11 17:49:49 | HEARTBEAT | SYSTEM | EA alive. Tick=223300 Equity=44293.74 OpenPos=1 PendingOrders=0 UTC=2026.03.11 17:49 DayOfWeek=3 WeekendCloseActive=NO NewTradeBlocked=NO | 223300.000000
LM	0	11:50:37.636	Cazyxio_v4.2 (EURUSD,M15)	2026.03.11 17:50:37 | HEARTBEAT | SYSTEM | EA alive. Tick=223400 Equity=44308.23 OpenPos=1 PendingOrders=0 UTC=2026.03.11 17:50 DayOfWeek=3 WeekendCloseActive=NO NewTradeBlocked=NO | 223400.000000
RO	0	11:51:29.769	Cazyxio_v4.2 (EURUSD,M15)	2026.03.11 17:51:29 | HEARTBEAT | SYSTEM | EA alive. Tick=223500 Equity=44311.45 OpenPos=1 PendingOrders=0 UTC=2026.03.11 17:51 DayOfWeek=3 WeekendCloseActive=NO NewTradeBlocked=NO | 223500.000000
KN	0	11:52:31.110	Cazyxio_v4.2 (EURUSD,M15)	2026.03.11 17:52:31 | HEARTBEAT | SYSTEM | EA alive. Tick=223600 Equity=44351.72 OpenPos=1 PendingOrders=0 UTC=2026.03.11 17:52 DayOfWeek=3 WeekendCloseActive=NO NewTradeBlocked=NO | 223600.000000
JH	0	11:53:53.079	Cazyxio_v4.2 (EURUSD,M15)	2026.03.11 17:53:53 | HEARTBEAT | SYSTEM | EA alive. Tick=223700 Equity=44363.00 OpenPos=1 PendingOrders=0 UTC=2026.03.11 17:53 DayOfWeek=3 WeekendCloseActive=NO NewTradeBlocked=NO | 223700.000000
MJ	0	11:54:44.142	Cazyxio_v4.2 (EURUSD,M15)	2026.03.11 17:54:44 | HEARTBEAT | SYSTEM | EA alive. Tick=223800 Equity=44325.94 OpenPos=1 PendingOrders=0 UTC=2026.03.11 17:54 DayOfWeek=3 WeekendCloseActive=NO NewTradeBlocked=NO | 223800.000000
QD	0	11:55:55.054	Cazyxio_v4.2 (EURUSD,M15)	2026.03.11 17:55:55 | HEARTBEAT | SYSTEM | EA alive. Tick=223900 Equity=44272.81 OpenPos=1 PendingOrders=0 UTC=2026.03.11 17:55 DayOfWeek=3 WeekendCloseActive=NO NewTradeBlocked=NO | 223900.000000
LG	0	11:57:11.721	Cazyxio_v4.2 (EURUSD,M15)	2026.03.11 17:57:11 | HEARTBEAT | SYSTEM | EA alive. Tick=224000 Equity=44296.96 OpenPos=1 PendingOrders=0 UTC=2026.03.11 17:57 DayOfWeek=3 WeekendCloseActive=NO NewTradeBlocked=NO | 224000.000000
IQ	0	11:58:28.234	Cazyxio_v4.2 (EURUSD,M15)	2026.03.11 17:58:28 | HEARTBEAT | SYSTEM | EA alive. Tick=224100 Equity=44313.06 OpenPos=1 PendingOrders=0 UTC=2026.03.11 17:58 DayOfWeek=3 WeekendCloseActive=NO NewTradeBlocked=NO | 224100.000000
HS	0	11:59:35.794	Cazyxio_v4.2 (EURUSD,M15)	2026.03.11 17:59:35 | HEARTBEAT | SYSTEM | EA alive. Tick=224200 Equity=44363.00 OpenPos=1 PendingOrders=0 UTC=2026.03.11 17:59 DayOfWeek=3 WeekendCloseActive=NO NewTradeBlocked=NO | 224200.000000
GS	0	12:00:02.269	Cazyxio_v4.2 (EURUSD,M15)	2026.03.11 18:00:02 | BAR | EURUSD | close=1.15707 h4ema200=1.17283 h4slope=DOWN ema50=1.15911 distToEMA50=20.4pips touchSeq=0 atr=0.000750 atrSma=0.000849 atrRatio=0.884 dir=SHORT spread=14.0 spreadOK=YES atrGate=PASS touch=FAIL momCandle=momClosePos=0.851 momOk=N ema50Ok=Y barRange=0.000670 zeroRangeBar=NO trigger=NO hasPos=NO portRisk=0.50% openPos=1 | 1.157070
QS	0	12:00:02.269	Cazyxio_v4.2 (EURUSD,M15)	2026.03.11 18:00:02 | GATE_FAIL | EURUSD | Touch/pullback gate FAIL. Price has not approached EMA50 within last 12 bars (within 0.60 ATR). DistToEMA50=20.4pips.
PQ	0	12:00:02.520	Cazyxio_v4.2 (EURUSD,M15)	2026.03.11 18:00:02 | BAR | GBPUSD | close=1.34092 h4ema200=1.34798 h4slope=DOWN ema50=1.34202 distToEMA50=11.0pips touchSeq=1 atr=0.001079 atrSma=0.001053 atrRatio=1.024 dir=SHORT spread=22.0 spreadOK=YES atrGate=PASS touch=PASS momCandle=momClosePos=0.706 momOk=N ema50Ok=Y barRange=0.000850 zeroRangeBar=NO trigger=NO hasPos=NO portRisk=0.50% openPos=1 | 1.340920
LQ	0	12:00:02.520	Cazyxio_v4.2 (EURUSD,M15)	2026.03.11 18:00:02 | GATE_FAIL | GBPUSD | Momentum candle FAIL. dir=SHORT close=1.34092 ema50=1.34202 momClosePos=0.706 momOk=N ema50Ok=Y barRange=0.000850
HI	0	12:00:02.520	Cazyxio_v4.2 (EURUSD,M15)	2026.03.11 18:00:02 | BAR | AUDUSD | close=0.71442 h4ema200=0.70088 h4slope=UP ema50=0.71558 distToEMA50=11.6pips touchSeq=0 atr=0.000841 atrSma=0.000893 atrRatio=0.942 dir=LONG spread=18.0 spreadOK=YES atrGate=PASS touch=PASS momCandle=momClosePos=0.467 momOk=N ema50Ok=Y barRange=0.000900 zeroRangeBar=NO trigger=NO hasPos=NO portRisk=0.50% openPos=1 | 0.714420
RQ	0	12:00:02.520	Cazyxio_v4.2 (EURUSD,M15)	2026.03.11 18:00:02 | GATE_FAIL | AUDUSD | Momentum candle FAIL. dir=LONG close=0.71442 ema50=0.71558 momClosePos=0.467 momOk=N ema50Ok=Y barRange=0.000900
GK	0	12:00:02.520	Cazyxio_v4.2 (EURUSD,M15)	2026.03.11 18:00:02 | BAR | GBPJPY | close=213.002 h4ema200=210.656 h4slope=UP ema50=212.772 distToEMA50=23.0pips touchSeq=0 atr=0.129214 atrSma=0.128194 atrRatio=1.008 dir=LONG spread=39.0 spreadOK=NO atrGate=PASS touch=FAIL momCandle=momClosePos=0.481 momOk=N ema50Ok=Y barRange=0.079000 zeroRangeBar=NO trigger=NO hasPos=NO portRisk=0.50% openPos=1 | 213.002000
GD	0	12:00:02.520	Cazyxio_v4.2 (EURUSD,M15)	2026.03.11 18:00:02 | GATE_FAIL | GBPJPY | Spread too wide. Spread=39.0 Max=30 points.
PF	0	12:00:02.520	Cazyxio_v4.2 (EURUSD,M15)	2026.03.11 18:00:02 | BAR | USDCAD | close=1.35835 h4ema200=1.36651 h4slope=DOWN ema50=1.35789 distToEMA50=4.6pips touchSeq=5 atr=0.000871 atrSma=0.000656 atrRatio=1.328 dir=SHORT spread=24.0 spreadOK=YES atrGate=PASS touch=PASS momCandle=momClosePos=0.194 momOk=Y ema50Ok=Y barRange=0.000720 zeroRangeBar=NO trigger=YES hasPos=YES portRisk=0.50% openPos=1 | 1.358350
LN	0	12:00:02.520	Cazyxio_v4.2 (EURUSD,M15)	2026.03.11 18:00:02 | POSITION_HEALTH | USDCAD | ticket=4402388 dir=SHORT openPrice=1.35789 curPrice=1.35858 unrealPnL=-111.23 curR=-0.502 MFE=0.0pips MAE=6.9pips timeOpen=23min SL=1.35923 TP=1.35443
RM	0	12:00:02.520	Cazyxio_v4.2 (EURUSD,M15)	2026.03.11 18:00:02 | TRAIL_SKIP | USDCAD | Trail not yet active. ProfitDist=-0.00069 ActivateAt=0.00206 MFE=-0.00069 ticket=4402388
PS	0	12:00:03.017	Cazyxio_v4.2 (EURUSD,M15)	2026.03.11 18:00:03 | BAR | USDJPY | close=158.843 h4ema200=156.274 h4slope=UP ema50=158.542 distToEMA50=30.1pips touchSeq=0 atr=0.073714 atrSma=0.102706 atrRatio=0.718 dir=LONG spread=14.0 spreadOK=YES atrGate=FAIL touch=FAIL momCandle=momClosePos=0.167 momOk=N ema50Ok=Y barRange=0.090000 zeroRangeBar=NO trigger=NO hasPos=NO portRisk=0.50% openPos=1 | 158.843000
PF	0	12:00:03.017	Cazyxio_v4.2 (EURUSD,M15)	2026.03.11 18:00:03 | NEAR_MISS | USDJPY | ATR near-miss. Ratio=0.718 MinRatio=0.80 Gap=0.082
HJ	0	12:00:03.017	Cazyxio_v4.2 (EURUSD,M15)	2026.03.11 18:00:03 | GATE_FAIL | USDJPY | ATR gate FAIL. ATR=0.073714 ATR_SMA=0.102706 Ratio=0.718 MinRatio=0.80
OI	0	12:01:01.668	Cazyxio_v4.2 (EURUSD,M15)	2026.03.11 18:01:01 | HEARTBEAT | SYSTEM | EA alive. Tick=224300 Equity=44358.16 OpenPos=1 PendingOrders=0 UTC=2026.03.11 18:01 DayOfWeek=3 WeekendCloseActive=NO NewTradeBlocked=NO | 224300.000000
KK	0	12:02:21.278	Cazyxio_v4.2 (EURUSD,M15)	2026.03.11 18:02:21 | HEARTBEAT | SYSTEM | EA alive. Tick=224400 Equity=44354.94 OpenPos=1 PendingOrders=0 UTC=2026.03.11 18:02 DayOfWeek=3 WeekendCloseActive=NO NewTradeBlocked=NO | 224400.000000
PE	0	12:04:08.453	Cazyxio_v4.2 (EURUSD,M15)	2026.03.11 18:04:08 | HEARTBEAT | SYSTEM | EA alive. Tick=224500 Equity=44361.38 OpenPos=1 PendingOrders=0 UTC=2026.03.11 18:04 DayOfWeek=3 WeekendCloseActive=NO NewTradeBlocked=NO | 224500.000000
FG	0	12:05:15.221	Cazyxio_v4.2 (EURUSD,M15)	2026.03.11 18:05:15 | HEARTBEAT | SYSTEM | EA alive. Tick=224600 Equity=44340.44 OpenPos=1 PendingOrders=0 UTC=2026.03.11 18:05 DayOfWeek=3 WeekendCloseActive=NO NewTradeBlocked=NO | 224600.000000
CF	0	12:07:16.752	Cazyxio_v4.2 (EURUSD,M15)	2026.03.11 18:07:16 | HEARTBEAT | SYSTEM | EA alive. Tick=224700 Equity=44293.74 OpenPos=1 PendingOrders=0 UTC=2026.03.11 18:07 DayOfWeek=3 WeekendCloseActive=NO NewTradeBlocked=NO | 224700.000000
JP	0	12:08:59.530	Cazyxio_v4.2 (EURUSD,M15)	2026.03.11 18:08:59 | HEARTBEAT | SYSTEM | EA alive. Tick=224800 Equity=44298.57 OpenPos=1 PendingOrders=0 UTC=2026.03.11 18:08 DayOfWeek=3 WeekendCloseActive=NO NewTradeBlocked=NO | 224800.000000
FR	0	12:10:06.549	Cazyxio_v4.2 (EURUSD,M15)	2026.03.11 18:10:06 | HEARTBEAT | SYSTEM | EA alive. Tick=224900 Equity=44272.81 OpenPos=1 PendingOrders=0 UTC=2026.03.11 18:10 DayOfWeek=3 WeekendCloseActive=NO NewTradeBlocked=NO | 224900.000000
FL	0	12:11:26.276	Cazyxio_v4.2 (EURUSD,M15)	2026.03.11 18:11:26 | SL_HIT | USDCAD | Stop loss triggered. Profit=-216.98 MFE=0.0pips MAE=6.9pips TimeOpen=34min EntryPrice=1.35789 | Initiating 4-bar cooldown.
GG	0	12:11:26.276	Cazyxio_v4.2 (EURUSD,M15)	2026.03.11 18:11:26 | SL_COOLDOWN | USDCAD | Cooldown active for 4 bars (60 min). CooldownEnds=2026.03.11 22:11
NN	0	12:11:41.515	Cazyxio_v4.2 (EURUSD,M15)	2026.03.11 18:11:41 | HEARTBEAT | SYSTEM | EA alive. Tick=225000 Equity=44254.02 OpenPos=0 PendingOrders=0 UTC=2026.03.11 18:11 DayOfWeek=3 WeekendCloseActive=NO NewTradeBlocked=NO | 225000.000000
EH	0	12:13:25.215	Cazyxio_v4.2 (EURUSD,M15)	2026.03.11 18:13:25 | HEARTBEAT | SYSTEM | EA alive. Tick=225100 Equity=44254.02 OpenPos=0 PendingOrders=0 UTC=2026.03.11 18:13 DayOfWeek=3 WeekendCloseActive=NO NewTradeBlocked=NO | 225100.000000
IJ	0	12:14:40.203	Cazyxio_v4.2 (EURUSD,M15)	2026.03.11 18:14:40 | HEARTBEAT | SYSTEM | EA alive. Tick=225200 Equity=44254.02 OpenPos=0 PendingOrders=0 UTC=2026.03.11 18:14 DayOfWeek=3 WeekendCloseActive=NO NewTradeBlocked=NO | 225200.000000
NK	0	12:15:04.732	Cazyxio_v4.2 (EURUSD,M15)	2026.03.11 18:15:04 | BAR | GBPUSD | close=1.34066 h4ema200=1.34797 h4slope=DOWN ema50=1.34196 distToEMA50=13.0pips touchSeq=2 atr=0.001029 atrSma=0.001052 atrRatio=0.979 dir=SHORT spread=21.0 spreadOK=YES atrGate=PASS touch=PASS momCandle=momClosePos=0.667 momOk=N ema50Ok=Y barRange=0.000960 zeroRangeBar=NO trigger=NO hasPos=NO portRisk=0.00% openPos=0 | 1.340660
LK	0	12:15:04.732	Cazyxio_v4.2 (EURUSD,M15)	2026.03.11 18:15:04 | GATE_FAIL | GBPUSD | Momentum candle FAIL. dir=SHORT close=1.34066 ema50=1.34196 momClosePos=0.667 momOk=N ema50Ok=Y barRange=0.000960
FO	0	12:15:04.732	Cazyxio_v4.2 (EURUSD,M15)	2026.03.11 18:15:04 | BAR | EURUSD | close=1.15690 h4ema200=1.17283 h4slope=DOWN ema50=1.15902 distToEMA50=21.2pips touchSeq=0 atr=0.000709 atrSma=0.000846 atrRatio=0.837 dir=SHORT spread=15.0 spreadOK=YES atrGate=PASS touch=FAIL momCandle=momClosePos=0.731 momOk=N ema50Ok=Y barRange=0.000780 zeroRangeBar=NO trigger=NO hasPos=NO portRisk=0.00% openPos=0 | 1.156900
EG	0	12:15:04.732	Cazyxio_v4.2 (EURUSD,M15)	2026.03.11 18:15:04 | GATE_FAIL | EURUSD | Touch/pullback gate FAIL. Price has not approached EMA50 within last 12 bars (within 0.60 ATR). DistToEMA50=21.2pips.
RM	0	12:15:04.732	Cazyxio_v4.2 (EURUSD,M15)	2026.03.11 18:15:04 | BAR | USDJPY | close=158.908 h4ema200=156.275 h4slope=UP ema50=158.559 distToEMA50=34.9pips touchSeq=0 atr=0.071429 atrSma=0.102257 atrRatio=0.699 dir=LONG spread=14.0 spreadOK=YES atrGate=FAIL touch=FAIL momCandle=momClosePos=0.733 momOk=Y ema50Ok=Y barRange=0.105000 zeroRangeBar=NO trigger=YES hasPos=NO portRisk=0.00% openPos=0 | 158.908000
NI	0	12:15:04.732	Cazyxio_v4.2 (EURUSD,M15)	2026.03.11 18:15:04 | GATE_FAIL | USDJPY | ATR gate FAIL. ATR=0.071429 ATR_SMA=0.102257 Ratio=0.699 MinRatio=0.80
KE	0	12:15:04.732	Cazyxio_v4.2 (EURUSD,M15)	2026.03.11 18:15:04 | BAR | AUDUSD | close=0.71427 h4ema200=0.70088 h4slope=UP ema50=0.71553 distToEMA50=12.6pips touchSeq=0 atr=0.000796 atrSma=0.000891 atrRatio=0.894 dir=LONG spread=16.0 spreadOK=YES atrGate=PASS touch=PASS momCandle=momClosePos=0.708 momOk=Y ema50Ok=Y barRange=0.000960 zeroRangeBar=NO trigger=YES hasPos=NO portRisk=0.00% openPos=0 | 0.714270
PF	0	12:15:04.732	Cazyxio_v4.2 (EURUSD,M15)	2026.03.11 18:15:04 | SIGNAL | AUDUSD | VALID SIGNAL (LIMIT): LONG limitPrice=0.71549 sl=0.71422 tp=0.71868 stopDist=0.00127 lots=1.73 riskPct=0.50 R:R=2.50 ema50=0.71553 distToLimit=10.7pips expiresIn=4bars touchSeq=0 | 0.715490
FL	0	12:15:04.732	Cazyxio_v4.2 (EURUSD,M15)	CTrade::OrderSend: buy limit 1.73 AUDUSD at 0.71549 sl: 0.71422 tp: 0.71868 [invalid price]
IM	0	12:15:04.732	Cazyxio_v4.2 (EURUSD,M15)	2026.03.11 18:15:04 | ORDER_FAILED | AUDUSD | BUY_LIMIT FAILED. retcode=10015 desc=invalid price limitPrice=0.71549
HS	0	12:15:04.732	Cazyxio_v4.2 (EURUSD,M15)	2026.03.11 18:15:04 | BAR | GBPJPY | close=213.048 h4ema200=210.657 h4slope=UP ema50=212.785 distToEMA50=26.3pips touchSeq=0 atr=0.120071 atrSma=0.128096 atrRatio=0.937 dir=LONG spread=39.0 spreadOK=NO atrGate=PASS touch=FAIL momCandle=momClosePos=0.972 momOk=Y ema50Ok=Y barRange=0.071000 zeroRangeBar=NO trigger=YES hasPos=NO portRisk=0.00% openPos=0 | 213.048000
RK	0	12:15:04.732	Cazyxio_v4.2 (EURUSD,M15)	2026.03.11 18:15:04 | GATE_FAIL | GBPJPY | Spread too wide. Spread=39.0 Max=30 points.
MH	0	12:15:04.732	Cazyxio_v4.2 (EURUSD,M15)	2026.03.11 18:15:04 | POST_SL_CONTEXT | USDCAD | Bar 1 after SL hit. SLHitPrice=1.35923 BarClose=1.35855 MoveSinceSL=6.8pips Verdict=CONTINUED_IN_TRADE_DIR (positive=price went our way, negative=continued against us)
JK	0	12:15:04.732	Cazyxio_v4.2 (EURUSD,M15)	2026.03.11 18:15:04 | BAR | USDCAD | close=1.35855 h4ema200=1.36651 h4slope=DOWN ema50=1.35792 distToEMA50=6.3pips touchSeq=6 atr=0.000879 atrSma=0.000656 atrRatio=1.340 dir=SHORT spread=23.0 spreadOK=YES atrGate=PASS touch=PASS momCandle=momClosePos=0.344 momOk=Y ema50Ok=Y barRange=0.000930 zeroRangeBar=NO trigger=YES hasPos=NO portRisk=0.00% openPos=0 | 1.358550
EJ	0	12:15:04.732	Cazyxio_v4.2 (EURUSD,M15)	2026.03.11 18:15:04 | GATE_FAIL | USDCAD | SL cooldown active. Last SL=2026.03.11 21:11 CooldownEnds=2026.03.11 22:11 MinsRemaining=56
RP	0	12:15:55.043	Cazyxio_v4.2 (EURUSD,M15)	2026.03.11 18:15:55 | HEARTBEAT | SYSTEM | EA alive. Tick=225300 Equity=44254.02 OpenPos=0 PendingOrders=0 UTC=2026.03.11 18:15 DayOfWeek=3 WeekendCloseActive=NO NewTradeBlocked=NO | 225300.000000
MR	0	12:16:59.162	Cazyxio_v4.2 (EURUSD,M15)	2026.03.11 18:16:59 | HEARTBEAT | SYSTEM | EA alive. Tick=225400 Equity=44254.02 OpenPos=0 PendingOrders=0 UTC=2026.03.11 18:16 DayOfWeek=3 WeekendCloseActive=NO NewTradeBlocked=NO | 225400.000000
KL	0	12:18:15.746	Cazyxio_v4.2 (EURUSD,M15)	2026.03.11 18:18:15 | HEARTBEAT | SYSTEM | EA alive. Tick=225500 Equity=44254.02 OpenPos=0 PendingOrders=0 UTC=2026.03.11 18:18 DayOfWeek=3 WeekendCloseActive=NO NewTradeBlocked=NO | 225500.000000
ON	0	12:19:43.141	Cazyxio_v4.2 (EURUSD,M15)	2026.03.11 18:19:43 | HEARTBEAT | SYSTEM | EA alive. Tick=225600 Equity=44254.02 OpenPos=0 PendingOrders=0 UTC=2026.03.11 18:19 DayOfWeek=3 WeekendCloseActive=NO NewTradeBlocked=NO | 225600.000000
LI	0	12:21:16.699	Cazyxio_v4.2 (EURUSD,M15)	2026.03.11 18:21:16 | HEARTBEAT | SYSTEM | EA alive. Tick=225700 Equity=44254.02 OpenPos=0 PendingOrders=0 UTC=2026.03.11 18:21 DayOfWeek=3 WeekendCloseActive=NO NewTradeBlocked=NO | 225700.000000
PK	0	12:22:34.849	Cazyxio_v4.2 (EURUSD,M15)	2026.03.11 18:22:34 | HEARTBEAT | SYSTEM | EA alive. Tick=225800 Equity=44254.02 OpenPos=0 PendingOrders=0 UTC=2026.03.11 18:22 DayOfWeek=3 WeekendCloseActive=NO NewTradeBlocked=NO | 225800.000000
DE	0	12:24:16.298	Cazyxio_v4.2 (EURUSD,M15)	2026.03.11 18:24:16 | HEARTBEAT | SYSTEM | EA alive. Tick=225900 Equity=44254.02 OpenPos=0 PendingOrders=0 UTC=2026.03.11 18:24 DayOfWeek=3 WeekendCloseActive=NO NewTradeBlocked=NO | 225900.000000
CG	0	12:25:37.061	Cazyxio_v4.2 (EURUSD,M15)	2026.03.11 18:25:37 | HEARTBEAT | SYSTEM | EA alive. Tick=226000 Equity=44254.02 OpenPos=0 PendingOrders=0 UTC=2026.03.11 18:25 DayOfWeek=3 WeekendCloseActive=NO NewTradeBlocked=NO | 226000.000000
RF	0	12:26:46.241	Cazyxio_v4.2 (EURUSD,M15)	2026.03.11 18:26:46 | HEARTBEAT | SYSTEM | EA alive. Tick=226100 Equity=44254.02 OpenPos=0 PendingOrders=0 UTC=2026.03.11 18:26 DayOfWeek=3 WeekendCloseActive=NO NewTradeBlocked=NO | 226100.000000
EP	0	12:28:14.653	Cazyxio_v4.2 (EURUSD,M15)	2026.03.11 18:28:14 | HEARTBEAT | SYSTEM | EA alive. Tick=226200 Equity=44254.02 OpenPos=0 PendingOrders=0 UTC=2026.03.11 18:28 DayOfWeek=3 WeekendCloseActive=NO NewTradeBlocked=NO | 226200.000000
KR	0	12:29:22.711	Cazyxio_v4.2 (EURUSD,M15)	2026.03.11 18:29:22 | HEARTBEAT | SYSTEM | EA alive. Tick=226300 Equity=44254.02 OpenPos=0 PendingOrders=0 UTC=2026.03.11 18:29 DayOfWeek=3 WeekendCloseActive=NO NewTradeBlocked=NO | 226300.000000
HQ	0	12:30:02.458	Cazyxio_v4.2 (EURUSD,M15)	2026.03.11 18:30:02 | BAR | GBPUSD | close=1.34148 h4ema200=1.34798 h4slope=DOWN ema50=1.34197 distToEMA50=4.9pips touchSeq=3 atr=0.001016 atrSma=0.001050 atrRatio=0.968 dir=SHORT spread=22.0 spreadOK=YES atrGate=PASS touch=PASS momCandle=momClosePos=0.784 momOk=N ema50Ok=Y barRange=0.001110 zeroRangeBar=NO trigger=NO hasPos=NO portRisk=0.00% openPos=0 | 1.341480
CS	0	12:30:02.458	Cazyxio_v4.2 (EURUSD,M15)	2026.03.11 18:30:02 | GATE_FAIL | GBPUSD | Momentum candle FAIL. dir=SHORT close=1.34148 ema50=1.34197 momClosePos=0.784 momOk=N ema50Ok=Y barRange=0.001110
QG	0	12:30:02.458	Cazyxio_v4.2 (EURUSD,M15)	2026.03.11 18:30:02 | BAR | EURUSD | close=1.15713 h4ema200=1.17283 h4slope=DOWN ema50=1.15895 distToEMA50=18.2pips touchSeq=0 atr=0.000689 atrSma=0.000843 atrRatio=0.817 dir=SHORT spread=19.0 spreadOK=YES atrGate=PASS touch=FAIL momCandle=momClosePos=0.627 momOk=N ema50Ok=Y barRange=0.000510 zeroRangeBar=NO trigger=NO hasPos=NO portRisk=0.00% openPos=0 | 1.157130
RN	0	12:30:02.458	Cazyxio_v4.2 (EURUSD,M15)	2026.03.11 18:30:02 | GATE_FAIL | EURUSD | Touch/pullback gate FAIL. Price has not approached EMA50 within last 12 bars (within 0.60 ATR). DistToEMA50=18.2pips.
JG	0	12:30:02.458	Cazyxio_v4.2 (EURUSD,M15)	2026.03.11 18:30:02 | POST_SL_CONTEXT | USDCAD | Bar 2 after SL hit. SLHitPrice=1.35923 BarClose=1.35873 MoveSinceSL=5.0pips Verdict=CONTINUED_IN_TRADE_DIR (positive=price went our way, negative=continued against us)
JG	0	12:30:02.458	Cazyxio_v4.2 (EURUSD,M15)	2026.03.11 18:30:02 | BAR | USDCAD | close=1.35873 h4ema200=1.36651 h4slope=DOWN ema50=1.35796 distToEMA50=7.7pips touchSeq=7 atr=0.000768 atrSma=0.000654 atrRatio=1.174 dir=SHORT spread=26.0 spreadOK=YES atrGate=PASS touch=PASS momCandle=momClosePos=1.000 momOk=N ema50Ok=Y barRange=0.000500 zeroRangeBar=NO trigger=NO hasPos=NO portRisk=0.00% openPos=0 | 1.358730
HL	0	12:30:02.458	Cazyxio_v4.2 (EURUSD,M15)	2026.03.11 18:30:02 | GATE_FAIL | USDCAD | Momentum candle FAIL. dir=SHORT close=1.35873 ema50=1.35796 momClosePos=1.000 momOk=N ema50Ok=Y barRange=0.000500
LG	0	12:30:03.205	Cazyxio_v4.2 (EURUSD,M15)	2026.03.11 18:30:03 | BAR | USDJPY | close=158.891 h4ema200=156.275 h4slope=UP ema50=158.572 distToEMA50=31.9pips touchSeq=0 atr=0.070071 atrSma=0.101666 atrRatio=0.689 dir=LONG spread=18.0 spreadOK=YES atrGate=FAIL touch=FAIL momCandle=momClosePos=0.500 momOk=N ema50Ok=Y barRange=0.042000 zeroRangeBar=NO trigger=NO hasPos=NO portRisk=0.00% openPos=0 | 158.891000
MD	0	12:30:03.205	Cazyxio_v4.2 (EURUSD,M15)	2026.03.11 18:30:03 | GATE_FAIL | USDJPY | ATR gate FAIL. ATR=0.070071 ATR_SMA=0.101666 Ratio=0.689 MinRatio=0.80
RS	0	12:30:03.205	Cazyxio_v4.2 (EURUSD,M15)	2026.03.11 18:30:03 | BAR | AUDUSD | close=0.71486 h4ema200=0.70088 h4slope=UP ema50=0.71552 distToEMA50=6.6pips touchSeq=1 atr=0.000783 atrSma=0.000888 atrRatio=0.881 dir=LONG spread=19.0 spreadOK=YES atrGate=PASS touch=PASS momCandle=momClosePos=0.767 momOk=Y ema50Ok=Y barRange=0.000860 zeroRangeBar=NO trigger=YES hasPos=NO portRisk=0.00% openPos=0 | 0.714860
PN	0	12:30:03.205	Cazyxio_v4.2 (EURUSD,M15)	2026.03.11 18:30:03 | SIGNAL | AUDUSD | VALID SIGNAL (LIMIT): LONG limitPrice=0.71548 sl=0.71423 tp=0.71861 stopDist=0.00125 lots=1.76 riskPct=0.50 R:R=2.50 ema50=0.71552 distToLimit=4.6pips expiresIn=4bars touchSeq=1 | 0.715480
HP	0	12:30:03.206	Cazyxio_v4.2 (EURUSD,M15)	CTrade::OrderSend: buy limit 1.76 AUDUSD at 0.71548 sl: 0.71423 tp: 0.71861 [invalid price]
PQ	0	12:30:03.206	Cazyxio_v4.2 (EURUSD,M15)	2026.03.11 18:30:03 | ORDER_FAILED | AUDUSD | BUY_LIMIT FAILED. retcode=10015 desc=invalid price limitPrice=0.71548
LG	0	12:30:03.206	Cazyxio_v4.2 (EURUSD,M15)	2026.03.11 18:30:03 | BAR | GBPJPY | close=213.156 h4ema200=210.658 h4slope=UP ema50=212.804 distToEMA50=35.2pips touchSeq=0 atr=0.120000 atrSma=0.128098 atrRatio=0.937 dir=LONG spread=39.0 spreadOK=NO atrGate=PASS touch=FAIL momCandle=momClosePos=0.913 momOk=Y ema50Ok=Y barRange=0.126000 zeroRangeBar=NO trigger=YES hasPos=NO portRisk=0.00% openPos=0 | 213.156000
HF	0	12:30:03.206	Cazyxio_v4.2 (EURUSD,M15)	2026.03.11 18:30:03 | GATE_FAIL | GBPJPY | Spread too wide. Spread=39.0 Max=30 points.
OI	0	12:30:09.816	Cazyxio_v4.2 (EURUSD,M15)	2026.03.11 18:30:09 | HEARTBEAT | SYSTEM | EA alive. Tick=226400 Equity=44254.02 OpenPos=0 PendingOrders=0 UTC=2026.03.11 18:30 DayOfWeek=3 WeekendCloseActive=NO NewTradeBlocked=NO | 226400.000000
QH	0	12:30:57.450	Cazyxio_v4.2 (EURUSD,M15)	2026.03.11 18:30:57 | HEARTBEAT | SYSTEM | EA alive. Tick=226500 Equity=44254.02 OpenPos=0 PendingOrders=0 UTC=2026.03.11 18:30 DayOfWeek=3 WeekendCloseActive=NO NewTradeBlocked=NO | 226500.000000
GJ	0	12:31:56.817	Cazyxio_v4.2 (EURUSD,M15)	2026.03.11 18:31:56 | HEARTBEAT | SYSTEM | EA alive. Tick=226600 Equity=44254.02 OpenPos=0 PendingOrders=0 UTC=2026.03.11 18:31 DayOfWeek=3 WeekendCloseActive=NO NewTradeBlocked=NO | 226600.000000
CD	0	12:33:00.848	Cazyxio_v4.2 (EURUSD,M15)	2026.03.11 18:33:00 | HEARTBEAT | SYSTEM | EA alive. Tick=226700 Equity=44254.02 OpenPos=0 PendingOrders=0 UTC=2026.03.11 18:33 DayOfWeek=3 WeekendCloseActive=NO NewTradeBlocked=NO | 226700.000000
NF	0	12:34:05.693	Cazyxio_v4.2 (EURUSD,M15)	2026.03.11 18:34:05 | HEARTBEAT | SYSTEM | EA alive. Tick=226800 Equity=44254.02 OpenPos=0 PendingOrders=0 UTC=2026.03.11 18:34 DayOfWeek=3 WeekendCloseActive=NO NewTradeBlocked=NO | 226800.000000
MQ	0	12:35:27.202	Cazyxio_v4.2 (EURUSD,M15)	2026.03.11 18:35:27 | HEARTBEAT | SYSTEM | EA alive. Tick=226900 Equity=44254.02 OpenPos=0 PendingOrders=0 UTC=2026.03.11 18:35 DayOfWeek=3 WeekendCloseActive=NO NewTradeBlocked=NO | 226900.000000
DS	0	12:36:42.480	Cazyxio_v4.2 (EURUSD,M15)	2026.03.11 18:36:42 | HEARTBEAT | SYSTEM | EA alive. Tick=227000 Equity=44254.02 OpenPos=0 PendingOrders=0 UTC=2026.03.11 18:36 DayOfWeek=3 WeekendCloseActive=NO NewTradeBlocked=NO | 227000.000000
QM	0	12:38:26.652	Cazyxio_v4.2 (EURUSD,M15)	2026.03.11 18:38:26 | HEARTBEAT | SYSTEM | EA alive. Tick=227100 Equity=44254.02 OpenPos=0 PendingOrders=0 UTC=2026.03.11 18:38 DayOfWeek=3 WeekendCloseActive=NO NewTradeBlocked=NO | 227100.000000
CO	0	12:40:12.242	Cazyxio_v4.2 (EURUSD,M15)	2026.03.11 18:40:12 | HEARTBEAT | SYSTEM | EA alive. Tick=227200 Equity=44254.02 OpenPos=0 PendingOrders=0 UTC=2026.03.11 18:40 DayOfWeek=3 WeekendCloseActive=NO NewTradeBlocked=NO | 227200.000000
EN	0	12:41:33.029	Cazyxio_v4.2 (EURUSD,M15)	2026.03.11 18:41:33 | HEARTBEAT | SYSTEM | EA alive. Tick=227300 Equity=44254.02 OpenPos=0 PendingOrders=0 UTC=2026.03.11 18:41 DayOfWeek=3 WeekendCloseActive=NO NewTradeBlocked=NO | 227300.000000
MH	0	12:43:06.555	Cazyxio_v4.2 (EURUSD,M15)	2026.03.11 18:43:06 | HEARTBEAT | SYSTEM | EA alive. Tick=227400 Equity=44254.02 OpenPos=0 PendingOrders=0 UTC=2026.03.11 18:43 DayOfWeek=3 WeekendCloseActive=NO NewTradeBlocked=NO | 227400.000000
DD	0	12:45:02.541	Cazyxio_v4.2 (EURUSD,M15)	2026.03.11 18:45:02 | BAR | EURUSD | close=1.15716 h4ema200=1.17283 h4slope=DOWN ema50=1.15888 distToEMA50=17.2pips touchSeq=0 atr=0.000677 atrSma=0.000840 atrRatio=0.806 dir=SHORT spread=13.0 spreadOK=YES atrGate=PASS touch=FAIL momCandle=momClosePos=0.576 momOk=N ema50Ok=Y barRange=0.000330 zeroRangeBar=NO trigger=NO hasPos=NO portRisk=0.00% openPos=0 | 1.157160
JL	0	12:45:02.541	Cazyxio_v4.2 (EURUSD,M15)	2026.03.11 18:45:02 | GATE_FAIL | EURUSD | Touch/pullback gate FAIL. Price has not approached EMA50 within last 12 bars (within 0.60 ATR). DistToEMA50=17.2pips.
DH	0	12:45:02.795	Cazyxio_v4.2 (EURUSD,M15)	2026.03.11 18:45:02 | BAR | GBPJPY | close=213.143 h4ema200=210.658 h4slope=UP ema50=212.816 distToEMA50=32.7pips touchSeq=0 atr=0.115857 atrSma=0.128044 atrRatio=0.905 dir=LONG spread=35.0 spreadOK=NO atrGate=PASS touch=FAIL momCandle=momClosePos=0.225 momOk=N ema50Ok=Y barRange=0.071000 zeroRangeBar=NO trigger=NO hasPos=NO portRisk=0.00% openPos=0 | 213.143000
ED	0	12:45:02.795	Cazyxio_v4.2 (EURUSD,M15)	2026.03.11 18:45:02 | GATE_FAIL | GBPJPY | Spread too wide. Spread=35.0 Max=30 points.
DF	0	12:45:02.795	Cazyxio_v4.2 (EURUSD,M15)	2026.03.11 18:45:02 | POST_SL_CONTEXT | USDCAD | Bar 3 after SL hit. SLHitPrice=1.35923 BarClose=1.35889 MoveSinceSL=3.4pips Verdict=CONTINUED_IN_TRADE_DIR (positive=price went our way, negative=continued against us)
MD	0	12:45:02.795	Cazyxio_v4.2 (EURUSD,M15)	2026.03.11 18:45:02 | BAR | USDCAD | close=1.35889 h4ema200=1.36652 h4slope=DOWN ema50=1.35800 distToEMA50=8.9pips touchSeq=8 atr=0.000755 atrSma=0.000653 atrRatio=1.157 dir=SHORT spread=24.0 spreadOK=YES atrGate=PASS touch=PASS momCandle=momClosePos=0.383 momOk=N ema50Ok=Y barRange=0.000600 zeroRangeBar=NO trigger=NO hasPos=NO portRisk=0.00% openPos=0 | 1.358890
IN	0	12:45:02.795	Cazyxio_v4.2 (EURUSD,M15)	2026.03.11 18:45:02 | NEAR_MISS | USDCAD | Momentum near-miss. momClosePos=0.383 Threshold=0.350 Gap=0.033 dir=SHORT
MQ	0	12:45:02.795	Cazyxio_v4.2 (EURUSD,M15)	2026.03.11 18:45:02 | GATE_FAIL | USDCAD | Momentum candle FAIL. dir=SHORT close=1.35889 ema50=1.35800 momClosePos=0.383 momOk=N ema50Ok=Y barRange=0.000600
LI	0	12:45:03.955	Cazyxio_v4.2 (EURUSD,M15)	2026.03.11 18:45:03 | BAR | GBPUSD | close=1.34128 h4ema200=1.34798 h4slope=DOWN ema50=1.34194 distToEMA50=6.6pips touchSeq=4 atr=0.001009 atrSma=0.001048 atrRatio=0.963 dir=SHORT spread=18.0 spreadOK=YES atrGate=PASS touch=PASS momCandle=momClosePos=0.080 momOk=Y ema50Ok=Y barRange=0.000500 zeroRangeBar=NO trigger=YES hasPos=NO portRisk=0.00% openPos=0 | 1.341280
EM	0	12:45:03.955	Cazyxio_v4.2 (EURUSD,M15)	2026.03.11 18:45:03 | SIGNAL | GBPUSD | VALID SIGNAL (LIMIT): SHORT limitPrice=1.34199 sl=1.34360 tp=1.33795 stopDist=0.00161 lots=1.37 riskPct=0.50 R:R=2.50 ema50=1.34194 distToLimit=6.9pips expiresIn=4bars touchSeq=4 | 1.341990
NR	0	12:45:04.082	Cazyxio_v4.2 (EURUSD,M15)	2026.03.11 18:45:04 | LIMIT_PLACED | GBPUSD | SELL_LIMIT lots=1.37 limitPrice=1.34199 sl=1.34360 tp=1.33795 expiresIn=4bars ticket=4402580 | 1.370000
QJ	0	12:45:04.082	Cazyxio_v4.2 (EURUSD,M15)	2026.03.11 18:45:04 | BAR | AUDUSD | close=0.71483 h4ema200=0.70088 h4slope=UP ema50=0.71549 distToEMA50=6.6pips touchSeq=2 atr=0.000746 atrSma=0.000885 atrRatio=0.842 dir=LONG spread=15.0 spreadOK=YES atrGate=PASS touch=PASS momCandle=momClosePos=0.577 momOk=N ema50Ok=Y barRange=0.000260 zeroRangeBar=NO trigger=NO hasPos=NO portRisk=0.00% openPos=0 | 0.714830
LS	0	12:45:04.082	Cazyxio_v4.2 (EURUSD,M15)	2026.03.11 18:45:04 | NEAR_MISS | AUDUSD | Momentum near-miss. momClosePos=0.577 Threshold=0.650 Gap=0.073 dir=LONG
ML	0	12:45:04.082	Cazyxio_v4.2 (EURUSD,M15)	2026.03.11 18:45:04 | GATE_FAIL | AUDUSD | Momentum candle FAIL. dir=LONG close=0.71483 ema50=0.71549 momClosePos=0.577 momOk=N ema50Ok=Y barRange=0.000260
KE	0	12:45:04.205	Cazyxio_v4.2 (EURUSD,M15)	2026.03.11 18:45:04 | BAR | USDJPY | close=158.906 h4ema200=156.275 h4slope=UP ema50=158.585 distToEMA50=32.1pips touchSeq=0 atr=0.066571 atrSma=0.101115 atrRatio=0.658 dir=LONG spread=15.0 spreadOK=YES atrGate=FAIL touch=FAIL momCandle=momClosePos=0.727 momOk=Y ema50Ok=Y barRange=0.033000 zeroRangeBar=NO trigger=YES hasPos=NO portRisk=0.00% openPos=0 | 158.906000
FP	0	12:45:04.205	Cazyxio_v4.2 (EURUSD,M15)	2026.03.11 18:45:04 | GATE_FAIL | USDJPY | ATR gate FAIL. ATR=0.066571 ATR_SMA=0.101115 Ratio=0.658 MinRatio=0.80
NS	0	12:45:15.502	Cazyxio_v4.2 (EURUSD,M15)	2026.03.11 18:45:15 | HEARTBEAT | SYSTEM | EA alive. Tick=227500 Equity=44254.02 OpenPos=0 PendingOrders=1 UTC=2026.03.11 18:45 DayOfWeek=3 WeekendCloseActive=NO NewTradeBlocked=NO | 227500.000000
LM	0	12:47:18.737	Cazyxio_v4.2 (EURUSD,M15)	2026.03.11 18:47:18 | HEARTBEAT | SYSTEM | EA alive. Tick=227600 Equity=44254.02 OpenPos=0 PendingOrders=1 UTC=2026.03.11 18:47 DayOfWeek=3 WeekendCloseActive=NO NewTradeBlocked=NO | 227600.000000
LO	0	12:49:03.735	Cazyxio_v4.2 (EURUSD,M15)	2026.03.11 18:49:03 | HEARTBEAT | SYSTEM | EA alive. Tick=227700 Equity=44254.02 OpenPos=0 PendingOrders=1 UTC=2026.03.11 18:49 DayOfWeek=3 WeekendCloseActive=NO NewTradeBlocked=NO | 227700.000000
GI	0	12:50:41.734	Cazyxio_v4.2 (EURUSD,M15)	2026.03.11 18:50:41 | HEARTBEAT | SYSTEM | EA alive. Tick=227800 Equity=44254.02 OpenPos=0 PendingOrders=1 UTC=2026.03.11 18:50 DayOfWeek=3 WeekendCloseActive=NO NewTradeBlocked=NO | 227800.000000
HH	0	12:52:31.483	Cazyxio_v4.2 (EURUSD,M15)	2026.03.11 18:52:31 | HEARTBEAT | SYSTEM | EA alive. Tick=227900 Equity=44254.02 OpenPos=0 PendingOrders=1 UTC=2026.03.11 18:52 DayOfWeek=3 WeekendCloseActive=NO NewTradeBlocked=NO | 227900.000000
EJ	0	12:53:36.049	Cazyxio_v4.2 (EURUSD,M15)	2026.03.11 18:53:36 | HEARTBEAT | SYSTEM | EA alive. Tick=228000 Equity=44254.02 OpenPos=0 PendingOrders=1 UTC=2026.03.11 18:53 DayOfWeek=3 WeekendCloseActive=NO NewTradeBlocked=NO | 228000.000000
DD	0	12:54:39.566	Cazyxio_v4.2 (EURUSD,M15)	2026.03.11 18:54:39 | HEARTBEAT | SYSTEM | EA alive. Tick=228100 Equity=44254.02 OpenPos=0 PendingOrders=1 UTC=2026.03.11 18:54 DayOfWeek=3 WeekendCloseActive=NO NewTradeBlocked=NO | 228100.000000
EF	0	12:55:32.113	Cazyxio_v4.2 (EURUSD,M15)	2026.03.11 18:55:32 | HEARTBEAT | SYSTEM | EA alive. Tick=228200 Equity=44254.02 OpenPos=0 PendingOrders=1 UTC=2026.03.11 18:55 DayOfWeek=3 WeekendCloseActive=NO NewTradeBlocked=NO | 228200.000000
JQ	0	12:56:43.009	Cazyxio_v4.2 (EURUSD,M15)	2026.03.11 18:56:43 | HEARTBEAT | SYSTEM | EA alive. Tick=228300 Equity=44254.02 OpenPos=0 PendingOrders=1 UTC=2026.03.11 18:56 DayOfWeek=3 WeekendCloseActive=NO NewTradeBlocked=NO | 228300.000000
RS	0	12:58:01.597	Cazyxio_v4.2 (EURUSD,M15)	2026.03.11 18:58:01 | HEARTBEAT | SYSTEM | EA alive. Tick=228400 Equity=44254.02 OpenPos=0 PendingOrders=1 UTC=2026.03.11 18:58 DayOfWeek=3 WeekendCloseActive=NO NewTradeBlocked=NO | 228400.000000
NM	0	12:59:08.211	Cazyxio_v4.2 (EURUSD,M15)	2026.03.11 18:59:08 | HEARTBEAT | SYSTEM | EA alive. Tick=228500 Equity=44254.02 OpenPos=0 PendingOrders=1 UTC=2026.03.11 18:59 DayOfWeek=3 WeekendCloseActive=NO NewTradeBlocked=NO | 228500.000000
FQ	0	13:00:02.455	Cazyxio_v4.2 (EURUSD,M15)	2026.03.11 19:00:02 | BAR | EURUSD | close=1.15708 h4ema200=1.17283 h4slope=DOWN ema50=1.15881 distToEMA50=17.3pips touchSeq=0 atr=0.000669 atrSma=0.000836 atrRatio=0.800 dir=SHORT spread=12.0 spreadOK=YES atrGate=PASS touch=FAIL momCandle=momClosePos=0.460 momOk=N ema50Ok=Y barRange=0.000500 zeroRangeBar=NO trigger=NO hasPos=NO portRisk=0.00% openPos=0 | 1.157080
IQ	0	13:00:02.455	Cazyxio_v4.2 (EURUSD,M15)	2026.03.11 19:00:02 | GATE_FAIL | EURUSD | Touch/pullback gate FAIL. Price has not approached EMA50 within last 12 bars (within 0.60 ATR). DistToEMA50=17.3pips.
CH	0	13:00:02.455	Cazyxio_v4.2 (EURUSD,M15)	2026.03.11 19:00:02 | BAR | AUDUSD | close=0.71488 h4ema200=0.70088 h4slope=UP ema50=0.71547 distToEMA50=5.9pips touchSeq=3 atr=0.000731 atrSma=0.000882 atrRatio=0.828 dir=LONG spread=18.0 spreadOK=YES atrGate=PASS touch=PASS momCandle=momClosePos=0.187 momOk=N ema50Ok=Y barRange=0.000480 zeroRangeBar=NO trigger=NO hasPos=NO portRisk=0.00% openPos=0 | 0.714880
MR	0	13:00:02.455	Cazyxio_v4.2 (EURUSD,M15)	2026.03.11 19:00:02 | GATE_FAIL | AUDUSD | Momentum candle FAIL. dir=LONG close=0.71488 ema50=0.71547 momClosePos=0.187 momOk=N ema50Ok=Y barRange=0.000480
DG	0	13:00:02.455	Cazyxio_v4.2 (EURUSD,M15)	2026.03.11 19:00:02 | BAR | GBPJPY | close=213.186 h4ema200=210.658 h4slope=UP ema50=212.833 distToEMA50=35.3pips touchSeq=0 atr=0.110929 atrSma=0.127939 atrRatio=0.867 dir=LONG spread=40.0 spreadOK=NO atrGate=PASS touch=FAIL momCandle=momClosePos=0.754 momOk=Y ema50Ok=Y barRange=0.069000 zeroRangeBar=NO trigger=YES hasPos=NO portRisk=0.00% openPos=0 | 213.186000
JG	0	13:00:02.455	Cazyxio_v4.2 (EURUSD,M15)	2026.03.11 19:00:02 | GATE_FAIL | GBPJPY | Spread too wide. Spread=40.0 Max=30 points.
IG	0	13:00:02.983	Cazyxio_v4.2 (EURUSD,M15)	2026.03.11 19:00:02 | BAR | USDJPY | close=158.920 h4ema200=156.275 h4slope=UP ema50=158.599 distToEMA50=32.1pips touchSeq=0 atr=0.064929 atrSma=0.100464 atrRatio=0.646 dir=LONG spread=15.0 spreadOK=YES atrGate=FAIL touch=FAIL momCandle=momClosePos=0.658 momOk=Y ema50Ok=Y barRange=0.038000 zeroRangeBar=NO trigger=YES hasPos=NO portRisk=0.00% openPos=0 | 158.920000
HS	0	13:00:02.984	Cazyxio_v4.2 (EURUSD,M15)	2026.03.11 19:00:02 | GATE_FAIL | USDJPY | ATR gate FAIL. ATR=0.064929 ATR_SMA=0.100464 Ratio=0.646 MinRatio=0.80
IM	0	13:00:02.984	Cazyxio_v4.2 (EURUSD,M15)	2026.03.11 19:00:02 | POST_SL_CONTEXT | USDCAD | Bar 4 after SL hit. SLHitPrice=1.35923 BarClose=1.35899 MoveSinceSL=2.4pips Verdict=CONTINUED_IN_TRADE_DIR (positive=price went our way, negative=continued against us)
PM	0	13:00:02.984	Cazyxio_v4.2 (EURUSD,M15)	2026.03.11 19:00:02 | BAR | USDCAD | close=1.35899 h4ema200=1.36652 h4slope=DOWN ema50=1.35805 distToEMA50=9.4pips touchSeq=0 atr=0.000723 atrSma=0.000651 atrRatio=1.110 dir=SHORT spread=24.0 spreadOK=YES atrGate=PASS touch=PASS momCandle=momClosePos=0.909 momOk=N ema50Ok=Y barRange=0.000550 zeroRangeBar=NO trigger=NO hasPos=NO portRisk=0.00% openPos=0 | 1.358990
KF	0	13:00:02.984	Cazyxio_v4.2 (EURUSD,M15)	2026.03.11 19:00:02 | GATE_FAIL | USDCAD | Momentum candle FAIL. dir=SHORT close=1.35899 ema50=1.35805 momClosePos=0.909 momOk=N ema50Ok=Y barRange=0.000550
OR	0	13:00:03.964	Cazyxio_v4.2 (EURUSD,M15)	2026.03.11 19:00:03 | LIMIT_PENDING | GBPUSD | Limit order still pending. BarsRemaining=3 LimitPrice=1.34199 CurrentPrice=1.34146 DistToLimit=5.3pips Ticket=4402580
EH	0	13:00:34.169	Cazyxio_v4.2 (EURUSD,M15)	2026.03.11 19:00:34 | HEARTBEAT | SYSTEM | EA alive. Tick=228600 Equity=44254.02 OpenPos=0 PendingOrders=1 UTC=2026.03.11 19:00 DayOfWeek=3 WeekendCloseActive=NO NewTradeBlocked=NO | 228600.000000
RJ	0	13:01:41.464	Cazyxio_v4.2 (EURUSD,M15)	2026.03.11 19:01:41 | HEARTBEAT | SYSTEM | EA alive. Tick=228700 Equity=44254.02 OpenPos=0 PendingOrders=1 UTC=2026.03.11 19:01 DayOfWeek=3 WeekendCloseActive=NO NewTradeBlocked=NO | 228700.000000
FD	0	13:03:01.411	Cazyxio_v4.2 (EURUSD,M15)	2026.03.11 19:03:01 | HEARTBEAT | SYSTEM | EA alive. Tick=228800 Equity=44254.02 OpenPos=0 PendingOrders=1 UTC=2026.03.11 19:03 DayOfWeek=3 WeekendCloseActive=NO NewTradeBlocked=NO | 228800.000000
HF	0	13:05:12.761	Cazyxio_v4.2 (EURUSD,M15)	2026.03.11 19:05:12 | HEARTBEAT | SYSTEM | EA alive. Tick=228900 Equity=44254.02 OpenPos=0 PendingOrders=1 UTC=2026.03.11 19:05 DayOfWeek=3 WeekendCloseActive=NO NewTradeBlocked=NO | 228900.000000
PQ	0	13:07:43.237	Cazyxio_v4.2 (EURUSD,M15)	2026.03.11 19:07:43 | HEARTBEAT | SYSTEM | EA alive. Tick=229000 Equity=44254.02 OpenPos=0 PendingOrders=1 UTC=2026.03.11 19:07 DayOfWeek=3 WeekendCloseActive=NO NewTradeBlocked=NO | 229000.000000
QS	0	13:10:08.632	Cazyxio_v4.2 (EURUSD,M15)	2026.03.11 19:10:08 | HEARTBEAT | SYSTEM | EA alive. Tick=229100 Equity=44254.02 OpenPos=0 PendingOrders=1 UTC=2026.03.11 19:10 DayOfWeek=3 WeekendCloseActive=NO NewTradeBlocked=NO | 229100.000000
MM	0	13:12:23.638	Cazyxio_v4.2 (EURUSD,M15)	2026.03.11 19:12:23 | HEARTBEAT | SYSTEM | EA alive. Tick=229200 Equity=44254.02 OpenPos=0 PendingOrders=1 UTC=2026.03.11 19:12 DayOfWeek=3 WeekendCloseActive=NO NewTradeBlocked=NO | 229200.000000
RO	0	13:14:37.921	Cazyxio_v4.2 (EURUSD,M15)	2026.03.11 19:14:37 | HEARTBEAT | SYSTEM | EA alive. Tick=229300 Equity=44254.02 OpenPos=0 PendingOrders=1 UTC=2026.03.11 19:14 DayOfWeek=3 WeekendCloseActive=NO NewTradeBlocked=NO | 229300.000000
NQ	0	13:15:02.692	Cazyxio_v4.2 (EURUSD,M15)	2026.03.11 19:15:02 | BAR | EURUSD | close=1.15692 h4ema200=1.17283 h4slope=DOWN ema50=1.15873 distToEMA50=18.1pips touchSeq=0 atr=0.000627 atrSma=0.000831 atrRatio=0.755 dir=SHORT spread=15.0 spreadOK=YES atrGate=FAIL touch=FAIL momCandle=momClosePos=0.474 momOk=N ema50Ok=Y barRange=0.000380 zeroRangeBar=NO trigger=NO hasPos=NO portRisk=0.00% openPos=0 | 1.156920
DL	0	13:15:02.692	Cazyxio_v4.2 (EURUSD,M15)	2026.03.11 19:15:02 | NEAR_MISS | EURUSD | ATR near-miss. Ratio=0.755 MinRatio=0.80 Gap=0.045
JM	0	13:15:02.692	Cazyxio_v4.2 (EURUSD,M15)	2026.03.11 19:15:02 | GATE_FAIL | EURUSD | ATR gate FAIL. ATR=0.000627 ATR_SMA=0.000831 Ratio=0.755 MinRatio=0.80
GI	0	13:15:02.692	Cazyxio_v4.2 (EURUSD,M15)	2026.03.11 19:15:02 | BAR | GBPJPY | close=213.174 h4ema200=210.658 h4slope=UP ema50=212.845 distToEMA50=32.9pips touchSeq=0 atr=0.105214 atrSma=0.127780 atrRatio=0.823 dir=LONG spread=36.0 spreadOK=NO atrGate=PASS touch=FAIL momCandle=momClosePos=0.404 momOk=N ema50Ok=Y barRange=0.057000 zeroRangeBar=NO trigger=NO hasPos=NO portRisk=0.00% openPos=0 | 213.174000
JE	0	13:15:02.692	Cazyxio_v4.2 (EURUSD,M15)	2026.03.11 19:15:02 | GATE_FAIL | GBPJPY | Spread too wide. Spread=36.0 Max=30 points.
PE	0	13:15:03.193	Cazyxio_v4.2 (EURUSD,M15)	2026.03.11 19:15:03 | BAR | USDCAD | close=1.35927 h4ema200=1.36652 h4slope=DOWN ema50=1.35810 distToEMA50=11.7pips touchSeq=0 atr=0.000694 atrSma=0.000649 atrRatio=1.069 dir=SHORT spread=22.0 spreadOK=YES atrGate=PASS touch=PASS momCandle=momClosePos=0.750 momOk=N ema50Ok=Y barRange=0.000360 zeroRangeBar=NO trigger=NO hasPos=NO portRisk=0.00% openPos=0 | 1.359270
LL	0	13:15:03.193	Cazyxio_v4.2 (EURUSD,M15)	2026.03.11 19:15:03 | GATE_FAIL | USDCAD | Momentum candle FAIL. dir=SHORT close=1.35927 ema50=1.35810 momClosePos=0.750 momOk=N ema50Ok=Y barRange=0.000360
RG	0	13:15:03.593	Cazyxio_v4.2 (EURUSD,M15)	2026.03.11 19:15:03 | BAR | AUDUSD | close=0.71454 h4ema200=0.70088 h4slope=UP ema50=0.71542 distToEMA50=8.8pips touchSeq=4 atr=0.000691 atrSma=0.000878 atrRatio=0.787 dir=LONG spread=16.0 spreadOK=YES atrGate=FAIL touch=PASS momCandle=momClosePos=0.339 momOk=N ema50Ok=Y barRange=0.000590 zeroRangeBar=NO trigger=NO hasPos=NO portRisk=0.00% openPos=0 | 0.714540
DJ	0	13:15:03.593	Cazyxio_v4.2 (EURUSD,M15)	2026.03.11 19:15:03 | NEAR_MISS | AUDUSD | ATR near-miss. Ratio=0.787 MinRatio=0.80 Gap=0.013
OE	0	13:15:03.593	Cazyxio_v4.2 (EURUSD,M15)	2026.03.11 19:15:03 | GATE_FAIL | AUDUSD | ATR gate FAIL. ATR=0.000691 ATR_SMA=0.000878 Ratio=0.787 MinRatio=0.80
HP	0	13:15:03.843	Cazyxio_v4.2 (EURUSD,M15)	2026.03.11 19:15:03 | LIMIT_PENDING | GBPUSD | Limit order still pending. BarsRemaining=2 LimitPrice=1.34199 CurrentPrice=1.34121 DistToLimit=7.8pips Ticket=4402580
LF	0	13:15:03.843	Cazyxio_v4.2 (EURUSD,M15)	2026.03.11 19:15:03 | BAR | USDJPY | close=158.944 h4ema200=156.275 h4slope=UP ema50=158.613 distToEMA50=33.1pips touchSeq=0 atr=0.062929 atrSma=0.099721 atrRatio=0.631 dir=LONG spread=14.0 spreadOK=YES atrGate=FAIL touch=FAIL momCandle=momClosePos=0.617 momOk=N ema50Ok=Y barRange=0.047000 zeroRangeBar=NO trigger=NO hasPos=NO portRisk=0.00% openPos=0 | 158.944000
CF	0	13:15:03.843	Cazyxio_v4.2 (EURUSD,M15)	2026.03.11 19:15:03 | GATE_FAIL | USDJPY | ATR gate FAIL. ATR=0.062929 ATR_SMA=0.099721 Ratio=0.631 MinRatio=0.80
KM	0	13:16:52.740	Cazyxio_v4.2 (EURUSD,M15)	2026.03.11 19:16:52 | HEARTBEAT | SYSTEM | EA alive. Tick=229400 Equity=44254.02 OpenPos=0 PendingOrders=1 UTC=2026.03.11 19:16 DayOfWeek=3 WeekendCloseActive=NO NewTradeBlocked=NO | 229400.000000
KO	0	13:18:44.801	Cazyxio_v4.2 (EURUSD,M15)	2026.03.11 19:18:44 | HEARTBEAT | SYSTEM | EA alive. Tick=229500 Equity=44254.02 OpenPos=0 PendingOrders=1 UTC=2026.03.11 19:18 DayOfWeek=3 WeekendCloseActive=NO NewTradeBlocked=NO | 229500.000000
RI	0	13:20:14.449	Cazyxio_v4.2 (EURUSD,M15)	2026.03.11 19:20:14 | HEARTBEAT | SYSTEM | EA alive. Tick=229600 Equity=44254.02 OpenPos=0 PendingOrders=1 UTC=2026.03.11 19:20 DayOfWeek=3 WeekendCloseActive=NO NewTradeBlocked=NO | 229600.000000
PK	0	13:21:35.079	Cazyxio_v4.2 (EURUSD,M15)	2026.03.11 19:21:35 | HEARTBEAT | SYSTEM | EA alive. Tick=229700 Equity=44254.02 OpenPos=0 PendingOrders=1 UTC=2026.03.11 19:21 DayOfWeek=3 WeekendCloseActive=NO NewTradeBlocked=NO | 229700.000000
IJ	0	13:22:49.831	Cazyxio_v4.2 (EURUSD,M15)	2026.03.11 19:22:49 | HEARTBEAT | SYSTEM | EA alive. Tick=229800 Equity=44254.02 OpenPos=0 PendingOrders=1 UTC=2026.03.11 19:22 DayOfWeek=3 WeekendCloseActive=NO NewTradeBlocked=NO | 229800.000000
ND	0	13:25:07.062	Cazyxio_v4.2 (EURUSD,M15)	2026.03.11 19:25:07 | HEARTBEAT | SYSTEM | EA alive. Tick=229900 Equity=44254.02 OpenPos=0 PendingOrders=1 UTC=2026.03.11 19:25 DayOfWeek=3 WeekendCloseActive=NO NewTradeBlocked=NO | 229900.000000
NF	0	13:27:20.486	Cazyxio_v4.2 (EURUSD,M15)	2026.03.11 19:27:20 | HEARTBEAT | SYSTEM | EA alive. Tick=230000 Equity=44254.02 OpenPos=0 PendingOrders=1 UTC=2026.03.11 19:27 DayOfWeek=3 WeekendCloseActive=NO NewTradeBlocked=NO | 230000.000000
OR	0	13:30:02.548	Cazyxio_v4.2 (EURUSD,M15)	2026.03.11 19:30:02 | BAR | EURUSD | close=1.15693 h4ema200=1.17283 h4slope=DOWN ema50=1.15866 distToEMA50=17.3pips touchSeq=0 atr=0.000599 atrSma=0.000825 atrRatio=0.725 dir=SHORT spread=14.0 spreadOK=YES atrGate=FAIL touch=FAIL momCandle=momClosePos=0.341 momOk=Y ema50Ok=Y barRange=0.000440 zeroRangeBar=NO trigger=YES hasPos=NO portRisk=0.00% openPos=0 | 1.156930
RE	0	13:30:02.548	Cazyxio_v4.2 (EURUSD,M15)	2026.03.11 19:30:02 | NEAR_MISS | EURUSD | ATR near-miss. Ratio=0.725 MinRatio=0.80 Gap=0.075
HJ	0	13:30:02.548	Cazyxio_v4.2 (EURUSD,M15)	2026.03.11 19:30:02 | GATE_FAIL | EURUSD | ATR gate FAIL. ATR=0.000599 ATR_SMA=0.000825 Ratio=0.725 MinRatio=0.80
PG	0	13:30:02.548	Cazyxio_v4.2 (EURUSD,M15)	2026.03.11 19:30:02 | BAR | USDJPY | close=158.944 h4ema200=156.275 h4slope=UP ema50=158.626 distToEMA50=31.8pips touchSeq=0 atr=0.059929 atrSma=0.098902 atrRatio=0.606 dir=LONG spread=14.0 spreadOK=YES atrGate=FAIL touch=FAIL momCandle=momClosePos=0.684 momOk=Y ema50Ok=Y barRange=0.038000 zeroRangeBar=NO trigger=YES hasPos=NO portRisk=0.00% openPos=0 | 158.944000
GR	0	13:30:02.548	Cazyxio_v4.2 (EURUSD,M15)	2026.03.11 19:30:02 | GATE_FAIL | USDJPY | ATR gate FAIL. ATR=0.059929 ATR_SMA=0.098902 Ratio=0.606 MinRatio=0.80
EL	0	13:30:02.548	Cazyxio_v4.2 (EURUSD,M15)	2026.03.11 19:30:02 | BAR | AUDUSD | close=0.71481 h4ema200=0.70088 h4slope=UP ema50=0.71541 distToEMA50=6.0pips touchSeq=5 atr=0.000679 atrSma=0.000873 atrRatio=0.777 dir=LONG spread=15.0 spreadOK=YES atrGate=FAIL touch=PASS momCandle=momClosePos=0.745 momOk=Y ema50Ok=Y barRange=0.000550 zeroRangeBar=NO trigger=YES hasPos=NO portRisk=0.00% openPos=0 | 0.714810
PD	0	13:30:02.548	Cazyxio_v4.2 (EURUSD,M15)	2026.03.11 19:30:02 | NEAR_MISS | AUDUSD | ATR near-miss. Ratio=0.777 MinRatio=0.80 Gap=0.023
MK	0	13:30:02.548	Cazyxio_v4.2 (EURUSD,M15)	2026.03.11 19:30:02 | GATE_FAIL | AUDUSD | ATR gate FAIL. ATR=0.000679 ATR_SMA=0.000873 Ratio=0.777 MinRatio=0.80
QF	0	13:30:02.797	Cazyxio_v4.2 (EURUSD,M15)	2026.03.11 19:30:02 | LIMIT_PENDING | GBPUSD | Limit order still pending. BarsRemaining=1 LimitPrice=1.34199 CurrentPrice=1.34138 DistToLimit=6.1pips Ticket=4402580
HI	0	13:30:02.797	Cazyxio_v4.2 (EURUSD,M15)	2026.03.11 19:30:02 | BAR | GBPJPY | close=213.205 h4ema200=210.658 h4slope=UP ema50=212.861 distToEMA50=34.4pips touchSeq=0 atr=0.099571 atrSma=0.127564 atrRatio=0.781 dir=LONG spread=37.0 spreadOK=NO atrGate=FAIL touch=FAIL momCandle=momClosePos=0.593 momOk=N ema50Ok=Y barRange=0.086000 zeroRangeBar=NO trigger=NO hasPos=NO portRisk=0.00% openPos=0 | 213.205000
OE	0	13:30:02.797	Cazyxio_v4.2 (EURUSD,M15)	2026.03.11 19:30:02 | GATE_FAIL | GBPJPY | Spread too wide. Spread=37.0 Max=30 points.
QJ	0	13:30:02.797	Cazyxio_v4.2 (EURUSD,M15)	2026.03.11 19:30:02 | BAR | USDCAD | close=1.35892 h4ema200=1.36652 h4slope=DOWN ema50=1.35812 distToEMA50=8.0pips touchSeq=1 atr=0.000685 atrSma=0.000648 atrRatio=1.057 dir=SHORT spread=23.0 spreadOK=YES atrGate=PASS touch=PASS momCandle=momClosePos=0.055 momOk=Y ema50Ok=Y barRange=0.000550 zeroRangeBar=NO trigger=YES hasPos=NO portRisk=0.00% openPos=0 | 1.358920
QN	0	13:30:02.797	Cazyxio_v4.2 (EURUSD,M15)	2026.03.11 19:30:02 | SIGNAL | USDCAD | VALID SIGNAL (LIMIT): SHORT limitPrice=1.35816 sl=1.35926 tp=1.35542 stopDist=0.00110 lots=2.74 riskPct=0.50 R:R=2.50 ema50=1.35812 distToLimit=7.5pips expiresIn=4bars touchSeq=1 | 1.358160
MS	0	13:30:02.797	Cazyxio_v4.2 (EURUSD,M15)	CTrade::OrderSend: sell limit 2.74 USDCAD at 1.35816 sl: 1.35926 tp: 1.35542 [invalid price]
PN	0	13:30:02.797	Cazyxio_v4.2 (EURUSD,M15)	2026.03.11 19:30:02 | ORDER_FAILED | USDCAD | SELL_LIMIT FAILED. retcode=10015 desc=invalid price limitPrice=1.35816
JF	0	13:30:16.253	Cazyxio_v4.2 (EURUSD,M15)	2026.03.11 19:30:16 | HEARTBEAT | SYSTEM | EA alive. Tick=230100 Equity=44254.02 OpenPos=0 PendingOrders=1 UTC=2026.03.11 19:30 DayOfWeek=3 WeekendCloseActive=NO NewTradeBlocked=NO | 230100.000000
MQ	0	13:32:38.465	Cazyxio_v4.2 (EURUSD,M15)	2026.03.11 19:32:38 | HEARTBEAT | SYSTEM | EA alive. Tick=230200 Equity=44254.02 OpenPos=0 PendingOrders=1 UTC=2026.03.11 19:32 DayOfWeek=3 WeekendCloseActive=NO NewTradeBlocked=NO | 230200.000000
ES	0	13:35:31.963	Cazyxio_v4.2 (EURUSD,M15)	2026.03.11 19:35:31 | HEARTBEAT | SYSTEM | EA alive. Tick=230300 Equity=44254.02 OpenPos=0 PendingOrders=1 UTC=2026.03.11 19:35 DayOfWeek=3 WeekendCloseActive=NO NewTradeBlocked=NO | 230300.000000
LM	0	13:37:07.081	Cazyxio_v4.2 (EURUSD,M15)	2026.03.11 19:37:07 | HEARTBEAT | SYSTEM | EA alive. Tick=230400 Equity=44254.02 OpenPos=0 PendingOrders=1 UTC=2026.03.11 19:37 DayOfWeek=3 WeekendCloseActive=NO NewTradeBlocked=NO | 230400.000000
KO	0	13:39:45.552	Cazyxio_v4.2 (EURUSD,M15)	2026.03.11 19:39:45 | HEARTBEAT | SYSTEM | EA alive. Tick=230500 Equity=44254.02 OpenPos=0 PendingOrders=1 UTC=2026.03.11 19:39 DayOfWeek=3 WeekendCloseActive=NO NewTradeBlocked=NO | 230500.000000
QN	0	13:42:23.523	Cazyxio_v4.2 (EURUSD,M15)	2026.03.11 19:42:23 | HEARTBEAT | SYSTEM | EA alive. Tick=230600 Equity=44254.02 OpenPos=0 PendingOrders=1 UTC=2026.03.11 19:42 DayOfWeek=3 WeekendCloseActive=NO NewTradeBlocked=NO | 230600.000000
LH	0	13:44:46.537	Cazyxio_v4.2 (EURUSD,M15)	2026.03.11 19:44:46 | HEARTBEAT | SYSTEM | EA alive. Tick=230700 Equity=44254.02 OpenPos=0 PendingOrders=1 UTC=2026.03.11 19:44 DayOfWeek=3 WeekendCloseActive=NO NewTradeBlocked=NO | 230700.000000
OH	0	13:45:03.029	Cazyxio_v4.2 (EURUSD,M15)	2026.03.11 19:45:03 | LIMIT_EXPIRED | GBPUSD | Limit order expired (unfilled after 4 bars). LimitPrice=1.34199 CurrentPrice=1.34179 DistanceFromLimit=2.0pips Ticket=4402580
LL	0	13:45:03.264	Cazyxio_v4.2 (EURUSD,M15)	2026.03.11 19:45:03 | LIMIT_CANCELLED | GBPUSD | Pending limit order cancelled. Reason=EXPIRY Ticket=4402580 LimitPrice=1.34199
MD	0	13:45:03.264	Cazyxio_v4.2 (EURUSD,M15)	2026.03.11 19:45:03 | BAR | EURUSD | close=1.15717 h4ema200=1.17283 h4slope=DOWN ema50=1.15861 distToEMA50=14.4pips touchSeq=0 atr=0.000569 atrSma=0.000819 atrRatio=0.695 dir=SHORT spread=12.0 spreadOK=YES atrGate=FAIL touch=FAIL momCandle=momClosePos=0.968 momOk=N ema50Ok=Y barRange=0.000310 zeroRangeBar=NO trigger=NO hasPos=NO portRisk=0.00% openPos=0 | 1.157170
GQ	0	13:45:03.264	Cazyxio_v4.2 (EURUSD,M15)	2026.03.11 19:45:03 | GATE_FAIL | EURUSD | ATR gate FAIL. ATR=0.000569 ATR_SMA=0.000819 Ratio=0.695 MinRatio=0.80
EQ	0	13:45:03.264	Cazyxio_v4.2 (EURUSD,M15)	2026.03.11 19:45:03 | BAR | USDJPY | close=158.932 h4ema200=156.275 h4slope=UP ema50=158.638 distToEMA50=29.4pips touchSeq=0 atr=0.057857 atrSma=0.098071 atrRatio=0.590 dir=LONG spread=13.0 spreadOK=YES atrGate=FAIL touch=FAIL momCandle=momClosePos=0.424 momOk=N ema50Ok=Y barRange=0.033000 zeroRangeBar=NO trigger=NO hasPos=NO portRisk=0.00% openPos=0 | 158.932000
MI	0	13:45:03.264	Cazyxio_v4.2 (EURUSD,M15)	2026.03.11 19:45:03 | GATE_FAIL | USDJPY | ATR gate FAIL. ATR=0.057857 ATR_SMA=0.098071 Ratio=0.590 MinRatio=0.80
MG	0	13:45:03.264	Cazyxio_v4.2 (EURUSD,M15)	2026.03.11 19:45:03 | BAR | AUDUSD | close=0.71533 h4ema200=0.70089 h4slope=UP ema50=0.71543 distToEMA50=1.0pips touchSeq=6 atr=0.000680 atrSma=0.000868 atrRatio=0.783 dir=LONG spread=15.0 spreadOK=YES atrGate=FAIL touch=PASS momCandle=momClosePos=1.000 momOk=Y ema50Ok=Y barRange=0.000530 zeroRangeBar=NO trigger=YES hasPos=NO portRisk=0.00% openPos=0 | 0.715330
KI	0	13:45:03.264	Cazyxio_v4.2 (EURUSD,M15)	2026.03.11 19:45:03 | NEAR_MISS | AUDUSD | ATR near-miss. Ratio=0.783 MinRatio=0.80 Gap=0.017
GP	0	13:45:03.264	Cazyxio_v4.2 (EURUSD,M15)	2026.03.11 19:45:03 | GATE_FAIL | AUDUSD | ATR gate FAIL. ATR=0.000680 ATR_SMA=0.000868 Ratio=0.783 MinRatio=0.80
CQ	0	13:45:03.264	Cazyxio_v4.2 (EURUSD,M15)	2026.03.11 19:45:03 | BAR | GBPJPY | close=213.254 h4ema200=210.659 h4slope=UP ema50=212.878 distToEMA50=37.6pips touchSeq=0 atr=0.099071 atrSma=0.127327 atrRatio=0.778 dir=LONG spread=41.0 spreadOK=NO atrGate=FAIL touch=FAIL momCandle=momClosePos=0.718 momOk=Y ema50Ok=Y barRange=0.085000 zeroRangeBar=NO trigger=YES hasPos=NO portRisk=0.00% openPos=0 | 213.254000
IN	0	13:45:03.264	Cazyxio_v4.2 (EURUSD,M15)	2026.03.11 19:45:03 | GATE_FAIL | GBPJPY | Spread too wide. Spread=41.0 Max=30 points.
KG	0	13:45:03.264	Cazyxio_v4.2 (EURUSD,M15)	2026.03.11 19:45:03 | BAR | USDCAD | close=1.35872 h4ema200=1.36651 h4slope=DOWN ema50=1.35814 distToEMA50=5.8pips touchSeq=2 atr=0.000676 atrSma=0.000647 atrRatio=1.046 dir=SHORT spread=24.0 spreadOK=YES atrGate=PASS touch=PASS momCandle=momClosePos=0.095 momOk=Y ema50Ok=Y barRange=0.000420 zeroRangeBar=NO trigger=YES hasPos=NO portRisk=0.00% openPos=0 | 1.358720
QE	0	13:45:03.264	Cazyxio_v4.2 (EURUSD,M15)	2026.03.11 19:45:03 | SIGNAL | USDCAD | VALID SIGNAL (LIMIT): SHORT limitPrice=1.35817 sl=1.35925 tp=1.35546 stopDist=0.00108 lots=2.77 riskPct=0.50 R:R=2.50 ema50=1.35814 distToLimit=5.4pips expiresIn=4bars touchSeq=2 | 1.358170
FF	0	13:45:03.264	Cazyxio_v4.2 (EURUSD,M15)	CTrade::OrderSend: sell limit 2.77 USDCAD at 1.35817 sl: 1.35925 tp: 1.35546 [invalid price]
NE	0	13:45:03.264	Cazyxio_v4.2 (EURUSD,M15)	2026.03.11 19:45:03 | ORDER_FAILED | USDCAD | SELL_LIMIT FAILED. retcode=10015 desc=invalid price limitPrice=1.35817
EM	0	13:46:38.979	Cazyxio_v4.2 (EURUSD,M15)	2026.03.11 19:46:38 | HEARTBEAT | SYSTEM | EA alive. Tick=230800 Equity=44254.02 OpenPos=0 PendingOrders=0 UTC=2026.03.11 19:46 DayOfWeek=3 WeekendCloseActive=NO NewTradeBlocked=NO | 230800.000000
JO	0	13:49:13.229	Cazyxio_v4.2 (EURUSD,M15)	2026.03.11 19:49:13 | HEARTBEAT | SYSTEM | EA alive. Tick=230900 Equity=44254.02 OpenPos=0 PendingOrders=0 UTC=2026.03.11 19:49 DayOfWeek=3 WeekendCloseActive=NO NewTradeBlocked=NO | 230900.000000
MN	0	13:51:28.537	Cazyxio_v4.2 (EURUSD,M15)	2026.03.11 19:51:28 | HEARTBEAT | SYSTEM | EA alive. Tick=231000 Equity=44254.02 OpenPos=0 PendingOrders=0 UTC=2026.03.11 19:51 DayOfWeek=3 WeekendCloseActive=NO NewTradeBlocked=NO | 231000.000000
KH	0	13:54:04.345	Cazyxio_v4.2 (EURUSD,M15)	2026.03.11 19:54:04 | HEARTBEAT | SYSTEM | EA alive. Tick=231100 Equity=44254.02 OpenPos=0 PendingOrders=0 UTC=2026.03.11 19:54 DayOfWeek=3 WeekendCloseActive=NO NewTradeBlocked=NO | 231100.000000
KJ	0	13:55:50.870	Cazyxio_v4.2 (EURUSD,M15)	2026.03.11 19:55:50 | HEARTBEAT | SYSTEM | EA alive. Tick=231200 Equity=44254.02 OpenPos=0 PendingOrders=0 UTC=2026.03.11 19:55 DayOfWeek=3 WeekendCloseActive=NO NewTradeBlocked=NO | 231200.000000
CD	0	13:57:39.515	Cazyxio_v4.2 (EURUSD,M15)	2026.03.11 19:57:39 | HEARTBEAT | SYSTEM | EA alive. Tick=231300 Equity=44254.02 OpenPos=0 PendingOrders=0 UTC=2026.03.11 19:57 DayOfWeek=3 WeekendCloseActive=NO NewTradeBlocked=NO | 231300.000000
GG	0	13:59:27.546	Cazyxio_v4.2 (EURUSD,M15)	2026.03.11 19:59:27 | HEARTBEAT | SYSTEM | EA alive. Tick=231400 Equity=44254.02 OpenPos=0 PendingOrders=0 UTC=2026.03.11 19:59 DayOfWeek=3 WeekendCloseActive=NO NewTradeBlocked=NO | 231400.000000
LP	0	14:00:02.538	Cazyxio_v4.2 (EURUSD,M15)	2026.03.11 20:00:02 | BAR | GBPUSD | close=1.34177 h4ema200=1.34798 h4slope=DOWN ema50=1.34188 distToEMA50=1.1pips touchSeq=9 atr=0.000756 atrSma=0.001023 atrRatio=0.739 dir=SHORT spread=19.0 spreadOK=YES atrGate=FAIL touch=PASS momCandle=momClosePos=0.333 momOk=Y ema50Ok=Y barRange=0.000570 zeroRangeBar=NO trigger=YES hasPos=NO portRisk=0.00% openPos=0 | 1.341770
ED	0	14:00:02.538	Cazyxio_v4.2 (EURUSD,M15)	2026.03.11 20:00:02 | NEAR_MISS | GBPUSD | ATR near-miss. Ratio=0.739 MinRatio=0.80 Gap=0.061
FD	0	14:00:02.538	Cazyxio_v4.2 (EURUSD,M15)	2026.03.11 20:00:02 | GATE_FAIL | GBPUSD | ATR gate FAIL. ATR=0.000756 ATR_SMA=0.001023 Ratio=0.739 MinRatio=0.80
PQ	0	14:00:02.538	Cazyxio_v4.2 (EURUSD,M15)	2026.03.11 20:00:02 | BAR | EURUSD | close=1.15726 h4ema200=1.17283 h4slope=DOWN ema50=1.15856 distToEMA50=13.0pips touchSeq=0 atr=0.000552 atrSma=0.000813 atrRatio=0.679 dir=SHORT spread=15.0 spreadOK=YES atrGate=FAIL touch=FAIL momCandle=momClosePos=0.444 momOk=N ema50Ok=Y barRange=0.000540 zeroRangeBar=NO trigger=NO hasPos=NO portRisk=0.00% openPos=0 | 1.157260
FR	0	14:00:02.538	Cazyxio_v4.2 (EURUSD,M15)	2026.03.11 20:00:02 | GATE_FAIL | EURUSD | ATR gate FAIL. ATR=0.000552 ATR_SMA=0.000813 Ratio=0.679 MinRatio=0.80
RO	0	14:00:02.538	Cazyxio_v4.2 (EURUSD,M15)	2026.03.11 20:00:02 | BAR | GBPJPY | close=213.264 h4ema200=210.659 h4slope=UP ema50=212.893 distToEMA50=37.1pips touchSeq=0 atr=0.092929 atrSma=0.127059 atrRatio=0.731 dir=LONG spread=43.0 spreadOK=NO atrGate=FAIL touch=FAIL momCandle=momClosePos=0.510 momOk=N ema50Ok=Y barRange=0.051000 zeroRangeBar=NO trigger=NO hasPos=NO portRisk=0.00% openPos=0 | 213.264000
JK	0	14:00:02.538	Cazyxio_v4.2 (EURUSD,M15)	2026.03.11 20:00:02 | GATE_FAIL | GBPJPY | Spread too wide. Spread=43.0 Max=30 points.
HK	0	14:00:02.789	Cazyxio_v4.2 (EURUSD,M15)	2026.03.11 20:00:02 | BAR | USDJPY | close=158.941 h4ema200=156.275 h4slope=UP ema50=158.650 distToEMA50=29.1pips touchSeq=0 atr=0.056357 atrSma=0.097305 atrRatio=0.579 dir=LONG spread=17.0 spreadOK=YES atrGate=FAIL touch=FAIL momCandle=momClosePos=0.731 momOk=Y ema50Ok=Y barRange=0.052000 zeroRangeBar=NO trigger=YES hasPos=NO portRisk=0.00% openPos=0 | 158.941000
PG	0	14:00:02.789	Cazyxio_v4.2 (EURUSD,M15)	2026.03.11 20:00:02 | GATE_FAIL | USDJPY | ATR gate FAIL. ATR=0.056357 ATR_SMA=0.097305 Ratio=0.579 MinRatio=0.80
KQ	0	14:00:02.789	Cazyxio_v4.2 (EURUSD,M15)	2026.03.11 20:00:02 | BAR | AUDUSD | close=0.71554 h4ema200=0.70089 h4slope=UP ema50=0.71544 distToEMA50=1.0pips touchSeq=7 atr=0.000646 atrSma=0.000863 atrRatio=0.749 dir=LONG spread=19.0 spreadOK=YES atrGate=FAIL touch=PASS momCandle=momClosePos=0.971 momOk=Y ema50Ok=Y barRange=0.000350 zeroRangeBar=NO trigger=YES hasPos=NO portRisk=0.00% openPos=0 | 0.715540
LS	0	14:00:02.789	Cazyxio_v4.2 (EURUSD,M15)	2026.03.11 20:00:02 | NEAR_MISS | AUDUSD | ATR near-miss. Ratio=0.749 MinRatio=0.80 Gap=0.051
EO	0	14:00:02.789	Cazyxio_v4.2 (EURUSD,M15)	2026.03.11 20:00:02 | GATE_FAIL | AUDUSD | ATR gate FAIL. ATR=0.000646 ATR_SMA=0.000863 Ratio=0.749 MinRatio=0.80
FD	0	14:00:02.789	Cazyxio_v4.2 (EURUSD,M15)	2026.03.11 20:00:02 | BAR | USDCAD | close=1.35837 h4ema200=1.36651 h4slope=DOWN ema50=1.35813 distToEMA50=2.4pips touchSeq=3 atr=0.000654 atrSma=0.000645 atrRatio=1.013 dir=SHORT spread=25.0 spreadOK=YES atrGate=PASS touch=PASS momCandle=momClosePos=0.111 momOk=Y ema50Ok=Y barRange=0.000540 zeroRangeBar=NO trigger=YES hasPos=NO portRisk=0.00% openPos=0 | 1.358370
CH	0	14:00:02.789	Cazyxio_v4.2 (EURUSD,M15)	2026.03.11 20:00:02 | SIGNAL | USDCAD | VALID SIGNAL (LIMIT): SHORT limitPrice=1.35817 sl=1.35922 tp=1.35556 stopDist=0.00105 lots=2.87 riskPct=0.50 R:R=2.50 ema50=1.35813 distToLimit=2.0pips expiresIn=4bars touchSeq=3 | 1.358170
JP	0	14:00:02.789	Cazyxio_v4.2 (EURUSD,M15)	CTrade::OrderSend: sell limit 2.87 USDCAD at 1.35817 sl: 1.35922 tp: 1.35556 [invalid price]
GP	0	14:00:02.789	Cazyxio_v4.2 (EURUSD,M15)	2026.03.11 20:00:02 | ORDER_FAILED | USDCAD | SELL_LIMIT FAILED. retcode=10015 desc=invalid price limitPrice=1.35817
MP	0	14:00:19.475	Cazyxio_v4.2 (EURUSD,M15)	2026.03.11 20:00:19 | HEARTBEAT | SYSTEM | EA alive. Tick=231500 Equity=44254.02 OpenPos=0 PendingOrders=0 UTC=2026.03.11 20:00 DayOfWeek=3 WeekendCloseActive=NO NewTradeBlocked=NO | 231500.000000
MR	0	14:01:32.847	Cazyxio_v4.2 (EURUSD,M15)	2026.03.11 20:01:32 | HEARTBEAT | SYSTEM | EA alive. Tick=231600 Equity=44254.02 OpenPos=0 PendingOrders=0 UTC=2026.03.11 20:01 DayOfWeek=3 WeekendCloseActive=NO NewTradeBlocked=NO | 231600.000000
LL	0	14:03:15.187	Cazyxio_v4.2 (EURUSD,M15)	2026.03.11 20:03:15 | HEARTBEAT | SYSTEM | EA alive. Tick=231700 Equity=44254.02 OpenPos=0 PendingOrders=0 UTC=2026.03.11 20:03 DayOfWeek=3 WeekendCloseActive=NO NewTradeBlocked=NO | 231700.000000
LO	0	14:05:35.400	Cazyxio_v4.2 (EURUSD,M15)	2026.03.11 20:05:35 | HEARTBEAT | SYSTEM | EA alive. Tick=231800 Equity=44254.02 OpenPos=0 PendingOrders=0 UTC=2026.03.11 20:05 DayOfWeek=3 WeekendCloseActive=NO NewTradeBlocked=NO | 231800.000000
JI	0	14:09:41.064	Cazyxio_v4.2 (EURUSD,M15)	2026.03.11 20:09:41 | HEARTBEAT | SYSTEM | EA alive. Tick=231900 Equity=44254.02 OpenPos=0 PendingOrders=0 UTC=2026.03.11 20:09 DayOfWeek=3 WeekendCloseActive=NO NewTradeBlocked=NO | 231900.000000
MK	0	14:13:50.833	Cazyxio_v4.2 (EURUSD,M15)	2026.03.11 20:13:50 | HEARTBEAT | SYSTEM | EA alive. Tick=232000 Equity=44254.02 OpenPos=0 PendingOrders=0 UTC=2026.03.11 20:13 DayOfWeek=3 WeekendCloseActive=NO NewTradeBlocked=NO | 232000.000000
LJ	0	14:15:02.822	Cazyxio_v4.2 (EURUSD,M15)	2026.03.11 20:15:02 | BAR | EURUSD | close=1.15715 h4ema200=1.17283 h4slope=DOWN ema50=1.15850 distToEMA50=13.5pips touchSeq=0 atr=0.000557 atrSma=0.000807 atrRatio=0.690 dir=SHORT spread=12.0 spreadOK=YES atrGate=FAIL touch=FAIL momCandle=momClosePos=0.683 momOk=N ema50Ok=Y barRange=0.000410 zeroRangeBar=NO trigger=NO hasPos=NO portRisk=0.00% openPos=0 | 1.157150
QF	0	14:15:02.822	Cazyxio_v4.2 (EURUSD,M15)	2026.03.11 20:15:02 | GATE_FAIL | EURUSD | ATR gate FAIL. ATR=0.000557 ATR_SMA=0.000807 Ratio=0.690 MinRatio=0.80
MM	0	14:15:03.069	Cazyxio_v4.2 (EURUSD,M15)	2026.03.11 20:15:03 | BAR | AUDUSD | close=0.71527 h4ema200=0.70089 h4slope=UP ema50=0.71542 distToEMA50=1.5pips touchSeq=8 atr=0.000638 atrSma=0.000857 atrRatio=0.744 dir=LONG spread=15.0 spreadOK=YES atrGate=FAIL touch=PASS momCandle=momClosePos=0.000 momOk=N ema50Ok=Y barRange=0.000350 zeroRangeBar=NO trigger=NO hasPos=NO portRisk=0.00% openPos=0 | 0.715270
EP	0	14:15:03.069	Cazyxio_v4.2 (EURUSD,M15)	2026.03.11 20:15:03 | NEAR_MISS | AUDUSD | ATR near-miss. Ratio=0.744 MinRatio=0.80 Gap=0.056
CO	0	14:15:03.069	Cazyxio_v4.2 (EURUSD,M15)	2026.03.11 20:15:03 | GATE_FAIL | AUDUSD | ATR gate FAIL. ATR=0.000638 ATR_SMA=0.000857 Ratio=0.744 MinRatio=0.80
FF	0	14:15:03.321	Cazyxio_v4.2 (EURUSD,M15)	2026.03.11 20:15:03 | BAR | USDJPY | close=158.921 h4ema200=156.275 h4slope=UP ema50=158.660 distToEMA50=26.1pips touchSeq=0 atr=0.056857 atrSma=0.096531 atrRatio=0.589 dir=LONG spread=13.0 spreadOK=YES atrGate=FAIL touch=FAIL momCandle=momClosePos=0.143 momOk=N ema50Ok=Y barRange=0.049000 zeroRangeBar=NO trigger=NO hasPos=NO portRisk=0.00% openPos=0 | 158.921000
PG	0	14:15:03.321	Cazyxio_v4.2 (EURUSD,M15)	2026.03.11 20:15:03 | GATE_FAIL | USDJPY | ATR gate FAIL. ATR=0.056857 ATR_SMA=0.096531 Ratio=0.589 MinRatio=0.80
PP	0	14:15:03.693	Cazyxio_v4.2 (EURUSD,M15)	2026.03.11 20:15:03 | BAR | USDCAD | close=1.35899 h4ema200=1.36652 h4slope=DOWN ema50=1.35819 distToEMA50=8.0pips touchSeq=4 atr=0.000625 atrSma=0.000644 atrRatio=0.970 dir=SHORT spread=20.0 spreadOK=YES atrGate=PASS touch=PASS momCandle=momClosePos=0.961 momOk=N ema50Ok=Y barRange=0.000770 zeroRangeBar=NO trigger=NO hasPos=NO portRisk=0.00% openPos=0 | 1.358990
HR	0	14:15:03.693	Cazyxio_v4.2 (EURUSD,M15)	2026.03.11 20:15:03 | GATE_FAIL | USDCAD | Momentum candle FAIL. dir=SHORT close=1.35899 ema50=1.35819 momClosePos=0.961 momOk=N ema50Ok=Y barRange=0.000770
GF	0	14:15:03.942	Cazyxio_v4.2 (EURUSD,M15)	2026.03.11 20:15:03 | BAR | GBPUSD | close=1.34167 h4ema200=1.34798 h4slope=DOWN ema50=1.34187 distToEMA50=2.0pips touchSeq=10 atr=0.000724 atrSma=0.001017 atrRatio=0.712 dir=SHORT spread=19.0 spreadOK=YES atrGate=FAIL touch=PASS momCandle=momClosePos=0.738 momOk=N ema50Ok=Y barRange=0.000420 zeroRangeBar=NO trigger=NO hasPos=NO portRisk=0.00% openPos=0 | 1.341670
PL	0	14:15:03.942	Cazyxio_v4.2 (EURUSD,M15)	2026.03.11 20:15:03 | NEAR_MISS | GBPUSD | ATR near-miss. Ratio=0.712 MinRatio=0.80 Gap=0.088
LL	0	14:15:03.942	Cazyxio_v4.2 (EURUSD,M15)	2026.03.11 20:15:03 | GATE_FAIL | GBPUSD | ATR gate FAIL. ATR=0.000724 ATR_SMA=0.001017 Ratio=0.712 MinRatio=0.80
PH	0	14:15:03.942	Cazyxio_v4.2 (EURUSD,M15)	2026.03.11 20:15:03 | BAR | GBPJPY | close=213.228 h4ema200=210.659 h4slope=UP ema50=212.905 distToEMA50=32.3pips touchSeq=0 atr=0.088929 atrSma=0.126833 atrRatio=0.701 dir=LONG spread=32.0 spreadOK=NO atrGate=FAIL touch=FAIL momCandle=momClosePos=0.218 momOk=N ema50Ok=Y barRange=0.055000 zeroRangeBar=NO trigger=NO hasPos=NO portRisk=0.00% openPos=0 | 213.228000
MJ	0	14:15:03.942	Cazyxio_v4.2 (EURUSD,M15)	2026.03.11 20:15:03 | GATE_FAIL | GBPJPY | Spread too wide. Spread=32.0 Max=30 points.
HE	0	14:16:39.574	Cazyxio_v4.2 (EURUSD,M15)	2026.03.11 20:16:39 | HEARTBEAT | SYSTEM | EA alive. Tick=232100 Equity=44254.02 OpenPos=0 PendingOrders=0 UTC=2026.03.11 20:16 DayOfWeek=3 WeekendCloseActive=NO NewTradeBlocked=NO | 232100.000000
PD	0	14:20:59.887	Cazyxio_v4.2 (EURUSD,M15)	2026.03.11 20:20:59 | HEARTBEAT | SYSTEM | EA alive. Tick=232200 Equity=44254.02 OpenPos=0 PendingOrders=0 UTC=2026.03.11 20:20 DayOfWeek=3 WeekendCloseActive=NO NewTradeBlocked=NO | 232200.000000
FF	0	14:23:50.358	Cazyxio_v4.2 (EURUSD,M15)	2026.03.11 20:23:50 | HEARTBEAT | SYSTEM | EA alive. Tick=232300 Equity=44254.02 OpenPos=0 PendingOrders=0 UTC=2026.03.11 20:23 DayOfWeek=3 WeekendCloseActive=NO NewTradeBlocked=NO | 232300.000000
JP	0	14:27:37.714	Cazyxio_v4.2 (EURUSD,M15)	2026.03.11 20:27:37 | HEARTBEAT | SYSTEM | EA alive. Tick=232400 Equity=44254.02 OpenPos=0 PendingOrders=0 UTC=2026.03.11 20:27 DayOfWeek=3 WeekendCloseActive=NO NewTradeBlocked=NO | 232400.000000
CP	0	14:30:02.703	Cazyxio_v4.2 (EURUSD,M15)	2026.03.11 20:30:02 | BAR | EURUSD | close=1.15694 h4ema200=1.17283 h4slope=DOWN ema50=1.15843 distToEMA50=14.9pips touchSeq=0 atr=0.000519 atrSma=0.000800 atrRatio=0.649 dir=SHORT spread=14.0 spreadOK=YES atrGate=FAIL touch=FAIL momCandle=momClosePos=0.000 momOk=Y ema50Ok=Y barRange=0.000200 zeroRangeBar=NO trigger=YES hasPos=NO portRisk=0.00% openPos=0 | 1.156940
HI	0	14:30:02.703	Cazyxio_v4.2 (EURUSD,M15)	2026.03.11 20:30:02 | GATE_FAIL | EURUSD | ATR gate FAIL. ATR=0.000519 ATR_SMA=0.000800 Ratio=0.649 MinRatio=0.80
JJ	0	14:30:02.703	Cazyxio_v4.2 (EURUSD,M15)	2026.03.11 20:30:02 | BAR | AUDUSD | close=0.71519 h4ema200=0.70089 h4slope=UP ema50=0.71541 distToEMA50=2.2pips touchSeq=9 atr=0.000619 atrSma=0.000852 atrRatio=0.726 dir=LONG spread=15.0 spreadOK=YES atrGate=FAIL touch=PASS momCandle=momClosePos=0.320 momOk=N ema50Ok=Y barRange=0.000250 zeroRangeBar=NO trigger=NO hasPos=NO portRisk=0.00% openPos=0 | 0.715190
RI	0	14:30:02.703	Cazyxio_v4.2 (EURUSD,M15)	2026.03.11 20:30:02 | NEAR_MISS | AUDUSD | ATR near-miss. Ratio=0.726 MinRatio=0.80 Gap=0.074
KP	0	14:30:02.704	Cazyxio_v4.2 (EURUSD,M15)	2026.03.11 20:30:02 | GATE_FAIL | AUDUSD | ATR gate FAIL. ATR=0.000619 ATR_SMA=0.000852 Ratio=0.726 MinRatio=0.80
LN	0	14:30:02.704	Cazyxio_v4.2 (EURUSD,M15)	2026.03.11 20:30:02 | BAR | USDCAD | close=1.35917 h4ema200=1.36652 h4slope=DOWN ema50=1.35824 distToEMA50=9.3pips touchSeq=0 atr=0.000596 atrSma=0.000643 atrRatio=0.927 dir=SHORT spread=26.0 spreadOK=YES atrGate=PASS touch=PASS momCandle=momClosePos=0.636 momOk=N ema50Ok=Y barRange=0.000440 zeroRangeBar=NO trigger=NO hasPos=NO portRisk=0.00% openPos=0 | 1.359170
OD	0	14:30:02.704	Cazyxio_v4.2 (EURUSD,M15)	2026.03.11 20:30:02 | GATE_FAIL | USDCAD | Momentum candle FAIL. dir=SHORT close=1.35917 ema50=1.35824 momClosePos=0.636 momOk=N ema50Ok=Y barRange=0.000440
NL	0	14:30:05.042	Cazyxio_v4.2 (EURUSD,M15)	2026.03.11 20:30:05 | BAR | USDJPY | close=158.932 h4ema200=156.275 h4slope=UP ema50=158.671 distToEMA50=26.1pips touchSeq=0 atr=0.056357 atrSma=0.095729 atrRatio=0.589 dir=LONG spread=15.0 spreadOK=YES atrGate=FAIL touch=FAIL momCandle=momClosePos=0.474 momOk=N ema50Ok=Y barRange=0.038000 zeroRangeBar=NO trigger=NO hasPos=NO portRisk=0.00% openPos=0 | 158.932000
OM	0	14:30:05.042	Cazyxio_v4.2 (EURUSD,M15)	2026.03.11 20:30:05 | GATE_FAIL | USDJPY | ATR gate FAIL. ATR=0.056357 ATR_SMA=0.095729 Ratio=0.589 MinRatio=0.80
OH	0	14:30:05.042	Cazyxio_v4.2 (EURUSD,M15)	2026.03.11 20:30:05 | BAR | GBPJPY | close=213.211 h4ema200=210.658 h4slope=UP ema50=212.917 distToEMA50=29.4pips touchSeq=0 atr=0.087286 atrSma=0.126564 atrRatio=0.690 dir=LONG spread=35.0 spreadOK=NO atrGate=FAIL touch=FAIL momCandle=momClosePos=0.273 momOk=N ema50Ok=Y barRange=0.055000 zeroRangeBar=NO trigger=NO hasPos=NO portRisk=0.00% openPos=0 | 213.211000
QJ	0	14:30:05.042	Cazyxio_v4.2 (EURUSD,M15)	2026.03.11 20:30:05 | GATE_FAIL | GBPJPY | Spread too wide. Spread=35.0 Max=30 points.
FH	0	14:30:11.099	Cazyxio_v4.2 (EURUSD,M15)	2026.03.11 20:30:11 | BAR | GBPUSD | close=1.34148 h4ema200=1.34798 h4slope=DOWN ema50=1.34184 distToEMA50=3.6pips touchSeq=11 atr=0.000702 atrSma=0.001010 atrRatio=0.695 dir=SHORT spread=19.0 spreadOK=YES atrGate=FAIL touch=PASS momCandle=momClosePos=0.045 momOk=Y ema50Ok=Y barRange=0.000220 zeroRangeBar=NO trigger=YES hasPos=NO portRisk=0.00% openPos=0 | 1.341480
DG	0	14:30:11.099	Cazyxio_v4.2 (EURUSD,M15)	2026.03.11 20:30:11 | GATE_FAIL | GBPUSD | ATR gate FAIL. ATR=0.000702 ATR_SMA=0.001010 Ratio=0.695 MinRatio=0.80
IM	0	14:31:42.929	Cazyxio_v4.2 (EURUSD,M15)	2026.03.11 20:31:42 | HEARTBEAT | SYSTEM | EA alive. Tick=232500 Equity=44254.02 OpenPos=0 PendingOrders=0 UTC=2026.03.11 20:31 DayOfWeek=3 WeekendCloseActive=NO NewTradeBlocked=NO | 232500.000000
KL	0	14:36:57.124	Cazyxio_v4.2 (EURUSD,M15)	2026.03.11 20:36:57 | HEARTBEAT | SYSTEM | EA alive. Tick=232600 Equity=44254.02 OpenPos=0 PendingOrders=0 UTC=2026.03.11 20:36 DayOfWeek=3 WeekendCloseActive=NO NewTradeBlocked=NO | 232600.000000
ON	0	14:41:25.676	Cazyxio_v4.2 (EURUSD,M15)	2026.03.11 20:41:25 | HEARTBEAT | SYSTEM | EA alive. Tick=232700 Equity=44254.02 OpenPos=0 PendingOrders=0 UTC=2026.03.11 20:41 DayOfWeek=3 WeekendCloseActive=NO NewTradeBlocked=NO | 232700.000000
CH	0	14:44:13.992	Cazyxio_v4.2 (EURUSD,M15)	2026.03.11 20:44:13 | HEARTBEAT | SYSTEM | EA alive. Tick=232800 Equity=44254.02 OpenPos=0 PendingOrders=0 UTC=2026.03.11 20:44 DayOfWeek=3 WeekendCloseActive=NO NewTradeBlocked=NO | 232800.000000
CH	0	14:45:02.585	Cazyxio_v4.2 (EURUSD,M15)	2026.03.11 20:45:02 | BAR | GBPUSD | close=1.34120 h4ema200=1.34798 h4slope=DOWN ema50=1.34180 distToEMA50=6.0pips touchSeq=12 atr=0.000654 atrSma=0.001003 atrRatio=0.652 dir=SHORT spread=27.0 spreadOK=YES atrGate=FAIL touch=PASS momCandle=momClosePos=0.070 momOk=Y ema50Ok=Y barRange=0.000430 zeroRangeBar=NO trigger=YES hasPos=NO portRisk=0.00% openPos=0 | 1.341200
MP	0	14:45:02.585	Cazyxio_v4.2 (EURUSD,M15)	2026.03.11 20:45:02 | GATE_FAIL | GBPUSD | ATR gate FAIL. ATR=0.000654 ATR_SMA=0.001003 Ratio=0.652 MinRatio=0.80
CP	0	14:45:02.585	Cazyxio_v4.2 (EURUSD,M15)	2026.03.11 20:45:02 | BAR | EURUSD | close=1.15655 h4ema200=1.17282 h4slope=DOWN ema50=1.15834 distToEMA50=17.9pips touchSeq=0 atr=0.000515 atrSma=0.000794 atrRatio=0.649 dir=SHORT spread=21.0 spreadOK=YES atrGate=FAIL touch=FAIL momCandle=momClosePos=0.019 momOk=Y ema50Ok=Y barRange=0.000530 zeroRangeBar=NO trigger=YES hasPos=NO portRisk=0.00% openPos=0 | 1.156550
DN	0	14:45:02.585	Cazyxio_v4.2 (EURUSD,M15)	2026.03.11 20:45:02 | GATE_FAIL | EURUSD | ATR gate FAIL. ATR=0.000515 ATR_SMA=0.000794 Ratio=0.649 MinRatio=0.80
KF	0	14:45:02.585	Cazyxio_v4.2 (EURUSD,M15)	2026.03.11 20:45:02 | BAR | AUDUSD | close=0.71504 h4ema200=0.70089 h4slope=UP ema50=0.71539 distToEMA50=3.5pips touchSeq=10 atr=0.000588 atrSma=0.000846 atrRatio=0.695 dir=LONG spread=18.0 spreadOK=YES atrGate=FAIL touch=PASS momCandle=momClosePos=0.077 momOk=N ema50Ok=Y barRange=0.000260 zeroRangeBar=NO trigger=NO hasPos=NO portRisk=0.00% openPos=0 | 0.715040
IF	0	14:45:02.585	Cazyxio_v4.2 (EURUSD,M15)	2026.03.11 20:45:02 | GATE_FAIL | AUDUSD | ATR gate FAIL. ATR=0.000588 ATR_SMA=0.000846 Ratio=0.695 MinRatio=0.80
QR	0	14:45:02.585	Cazyxio_v4.2 (EURUSD,M15)	2026.03.11 20:45:02 | BAR | GBPJPY | close=213.192 h4ema200=210.658 h4slope=UP ema50=212.926 distToEMA50=26.6pips touchSeq=0 atr=0.076929 atrSma=0.126216 atrRatio=0.609 dir=LONG spread=56.0 spreadOK=NO atrGate=FAIL touch=FAIL momCandle=momClosePos=0.167 momOk=N ema50Ok=Y barRange=0.060000 zeroRangeBar=NO trigger=NO hasPos=NO portRisk=0.00% openPos=0 | 213.192000
LO	0	14:45:02.585	Cazyxio_v4.2 (EURUSD,M15)	2026.03.11 20:45:02 | GATE_FAIL | GBPJPY | Spread too wide. Spread=56.0 Max=30 points.
LL	0	14:45:02.585	Cazyxio_v4.2 (EURUSD,M15)	2026.03.11 20:45:02 | BAR | USDCAD | close=1.35919 h4ema200=1.36652 h4slope=DOWN ema50=1.35827 distToEMA50=9.2pips touchSeq=0 atr=0.000556 atrSma=0.000641 atrRatio=0.868 dir=SHORT spread=29.0 spreadOK=YES atrGate=PASS touch=PASS momCandle=momClosePos=0.786 momOk=N ema50Ok=Y barRange=0.000280 zeroRangeBar=NO trigger=NO hasPos=NO portRisk=0.00% openPos=0 | 1.359190
GE	0	14:45:02.585	Cazyxio_v4.2 (EURUSD,M15)	2026.03.11 20:45:02 | GATE_FAIL | USDCAD | Momentum candle FAIL. dir=SHORT close=1.35919 ema50=1.35827 momClosePos=0.786 momOk=N ema50Ok=Y barRange=0.000280
GO	0	14:45:02.840	Cazyxio_v4.2 (EURUSD,M15)	2026.03.11 20:45:02 | BAR | USDJPY | close=158.955 h4ema200=156.275 h4slope=UP ema50=158.683 distToEMA50=27.2pips touchSeq=0 atr=0.052071 atrSma=0.094863 atrRatio=0.549 dir=LONG spread=33.0 spreadOK=NO atrGate=FAIL touch=FAIL momCandle=momClosePos=0.897 momOk=Y ema50Ok=Y barRange=0.039000 zeroRangeBar=NO trigger=YES hasPos=NO portRisk=0.00% openPos=0 | 158.955000
DN	0	14:45:02.840	Cazyxio_v4.2 (EURUSD,M15)	2026.03.11 20:45:02 | GATE_FAIL | USDJPY | Spread too wide. Spread=33.0 Max=30 points.
CQ	0	14:47:38.584	Cazyxio_v4.2 (EURUSD,M15)	2026.03.11 20:47:38 | HEARTBEAT | SYSTEM | EA alive. Tick=232900 Equity=44254.02 OpenPos=0 PendingOrders=0 UTC=2026.03.11 20:47 DayOfWeek=3 WeekendCloseActive=NO NewTradeBlocked=NO | 232900.000000
FS	0	14:49:03.303	Cazyxio_v4.2 (EURUSD,M15)	2026.03.11 20:49:03 | HEARTBEAT | SYSTEM | EA alive. Tick=233000 Equity=44254.02 OpenPos=0 PendingOrders=0 UTC=2026.03.11 20:49 DayOfWeek=3 WeekendCloseActive=NO NewTradeBlocked=NO | 233000.000000
RM	0	14:50:05.800	Cazyxio_v4.2 (EURUSD,M15)	2026.03.11 20:50:05 | HEARTBEAT | SYSTEM | EA alive. Tick=233100 Equity=44254.02 OpenPos=0 PendingOrders=0 UTC=2026.03.11 20:50 DayOfWeek=3 WeekendCloseActive=NO NewTradeBlocked=NO | 233100.000000
GO	0	14:52:05.577	Cazyxio_v4.2 (EURUSD,M15)	2026.03.11 20:52:05 | HEARTBEAT | SYSTEM | EA alive. Tick=233200 Equity=44254.02 OpenPos=0 PendingOrders=0 UTC=2026.03.11 20:52 DayOfWeek=3 WeekendCloseActive=NO NewTradeBlocked=NO | 233200.000000
MN	0	14:53:43.314	Cazyxio_v4.2 (EURUSD,M15)	2026.03.11 20:53:43 | HEARTBEAT | SYSTEM | EA alive. Tick=233300 Equity=44254.02 OpenPos=0 PendingOrders=0 UTC=2026.03.11 20:53 DayOfWeek=3 WeekendCloseActive=NO NewTradeBlocked=NO | 233300.000000
FH	0	14:55:09.159	Cazyxio_v4.2 (EURUSD,M15)	2026.03.11 20:55:09 | HEARTBEAT | SYSTEM | EA alive. Tick=233400 Equity=44254.02 OpenPos=0 PendingOrders=0 UTC=2026.03.11 20:55 DayOfWeek=3 WeekendCloseActive=NO NewTradeBlocked=NO | 233400.000000
QJ	0	14:56:18.942	Cazyxio_v4.2 (EURUSD,M15)	2026.03.11 20:56:18 | HEARTBEAT | SYSTEM | EA alive. Tick=233500 Equity=44254.02 OpenPos=0 PendingOrders=0 UTC=2026.03.11 20:56 DayOfWeek=3 WeekendCloseActive=NO NewTradeBlocked=NO | 233500.000000
CD	0	14:57:53.466	Cazyxio_v4.2 (EURUSD,M15)	2026.03.11 20:57:53 | HEARTBEAT | SYSTEM | EA alive. Tick=233600 Equity=44254.02 OpenPos=0 PendingOrders=0 UTC=2026.03.11 20:57 DayOfWeek=3 WeekendCloseActive=NO NewTradeBlocked=NO | 233600.000000
EG	0	14:59:03.433	Cazyxio_v4.2 (EURUSD,M15)	2026.03.11 20:59:03 | HEARTBEAT | SYSTEM | EA alive. Tick=233700 Equity=44254.02 OpenPos=0 PendingOrders=0 UTC=2026.03.11 20:59 DayOfWeek=3 WeekendCloseActive=NO NewTradeBlocked=NO | 233700.000000
HL	0	15:00:00.178	Cazyxio_v4.2 (EURUSD,M15)	2026.03.11 21:00:00 | SESSION_WAIT | SYSTEM | Outside session. UTC_hour=21 Waiting.
EN	0	15:00:02.912	Cazyxio_v4.2 (EURUSD,M15)	2026.03.11 21:00:02 | DAILY_GUARD_RESET | SYSTEM | New trading day. StartEquity=44254.02 MaxDailyLossPct=2.00 | 44254.020000
QF	0	15:00:02.912	Cazyxio_v4.2 (EURUSD,M15)	2026.03.11 21:00:02 | DAILY_SUMMARY | SYSTEM | SESSION END SUMMARY | Bars=0 Signals=0 Orders=0 SLHits=0 LimitPlaced=0 LimitFilled=0 LimitExpired=0 | GateFails: DIR=0 SPR=0 ATR=0 TOUCH=0 MOM=0 ZRNG=0 COOL=0 WKND=0 | Equity=44254.02 Balance=44254.02 DayPnL=0.00 DayDD=0.00% ActiveCooldowns=NONE
KP	0	15:12:26.853	Cazyxio_v4.2 (EURUSD,M15)	2026.03.11 21:12:26 | HEARTBEAT | SYSTEM | EA alive. Tick=233800 Equity=44254.02 OpenPos=0 PendingOrders=0 UTC=2026.03.11 21:12 DayOfWeek=3 WeekendCloseActive=NO NewTradeBlocked=NO | 233800.000000
MS	0	15:16:25.455	Cazyxio_v4.2 (EURUSD,M15)	2026.03.11 21:16:25 | HEARTBEAT | SYSTEM | EA alive. Tick=233900 Equity=44254.02 OpenPos=0 PendingOrders=0 UTC=2026.03.11 21:16 DayOfWeek=3 WeekendCloseActive=NO NewTradeBlocked=NO | 233900.000000
KM	0	15:24:33.416	Cazyxio_v4.2 (EURUSD,M15)	2026.03.11 21:24:33 | HEARTBEAT | SYSTEM | EA alive. Tick=234000 Equity=44254.02 OpenPos=0 PendingOrders=0 UTC=2026.03.11 21:24 DayOfWeek=3 WeekendCloseActive=NO NewTradeBlocked=NO | 234000.000000
IO	0	15:29:27.491	Cazyxio_v4.2 (EURUSD,M15)	2026.03.11 21:29:27 | HEARTBEAT | SYSTEM | EA alive. Tick=234100 Equity=44254.02 OpenPos=0 PendingOrders=0 UTC=2026.03.11 21:29 DayOfWeek=3 WeekendCloseActive=NO NewTradeBlocked=NO | 234100.000000
JH	0	15:32:24.857	Cazyxio_v4.2 (EURUSD,M15)	2026.03.11 21:32:24 | DEINIT | SYSTEM | EA removed. Reason=6 Ticks=234135
OG	3	15:32:24.906	Experts	automated trading is disabled because the account has been changed
OH	0	17:04:41.287	Cazyxio_v4.3 (EURUSD,M15)	2026.03.11 23:04:41 | STARTUP | SYSTEM | Cazyxio v4.3 OnInit() started. Account=Christopher Watson Server=Forex.com-Demo 535 Mode=DEMO Balance=44254.02
QL	0	17:04:41.287	Cazyxio_v4.3 (EURUSD,M15)	[Cazyxio v4.3] Log file opened: Cazyxio_v4_log.csv
GE	0	17:04:41.287	Cazyxio_v4.3 (EURUSD,M15)	2026.03.11 23:04:41 | STARTUP | SYSTEM | Live key check PASSED.
CJ	0	17:04:41.287	Cazyxio_v4.3 (EURUSD,M15)	2026.03.11 23:04:41 | STARTUP | GBPUSD | All 5 indicator handles loaded OK.
HD	0	17:04:41.287	Cazyxio_v4.3 (EURUSD,M15)	2026.03.11 23:04:41 | STARTUP | EURUSD | All 5 indicator handles loaded OK.
MD	0	17:04:41.287	Cazyxio_v4.3 (EURUSD,M15)	2026.03.11 23:04:41 | STARTUP | USDJPY | All 5 indicator handles loaded OK.
ND	0	17:04:41.287	Cazyxio_v4.3 (EURUSD,M15)	2026.03.11 23:04:41 | STARTUP | AUDUSD | All 5 indicator handles loaded OK.
LG	0	17:04:41.287	Cazyxio_v4.3 (EURUSD,M15)	2026.03.11 23:04:41 | STARTUP | GBPJPY | All 5 indicator handles loaded OK.
LG	0	17:04:41.287	Cazyxio_v4.3 (EURUSD,M15)	2026.03.11 23:04:41 | STARTUP | USDCAD | All 5 indicator handles loaded OK.
KP	0	17:04:41.287	Cazyxio_v4.3 (EURUSD,M15)	2026.03.11 23:04:41 | INIT_OK | SYSTEM | v4.3 Initialization COMPLETE. 6/6 symbols loaded. ExecTF=PERIOD_M15 HTF=PERIOD_H4 RiskPct=0.50 TP_R=3.50 (v4.3: 3.5R) MaxLotsPerSym=2.00 DailyTrendFilter=ON ADXFilter=ON ADXMin=20.0 LimitFallback=ON TouchATRFrac=0.60 ATRMinRatio=0.80 MinBarRangeFactor=0.30 SLCooldownBars=4 MaxDailyLossPct=2.00 WeekendClose=YES
QH	0	17:04:43.566	Cazyxio_v4.3 (EURUSD,M15)	2026.03.11 23:04:43 | DAILY_GUARD_RESET | SYSTEM | New trading day. StartEquity=44254.02 MaxDailyLossPct=2.00 | 44254.020000
EK	0	17:04:43.566	Cazyxio_v4.3 (EURUSD,M15)	2026.03.11 23:04:43 | DAILY_SUMMARY | SYSTEM | SESSION END SUMMARY | Bars=0 Signals=0 Orders=0 SLHits=0 LimitPlaced=0 LimitFilled=0 LimitExpired=0 FallbackOrders=0 | GateFails: DIR=0 SPR=0 ATR=0 TOUCH=0 MOM=0 ZRNG=0 COOL=0 WKND=0 ADX=0 DAILY_TF=0 | LotCapped=0 | Equity=44254.02 Balance=44254.02 DayPnL=0.00 DayDD=0.00% ActiveCooldowns=NONE
HE	0	17:04:43.566	Cazyxio_v4.3 (EURUSD,M15)	2026.03.11 23:04:43 | SESSION_WAIT | SYSTEM | Outside session. UTC_hour=23 Waiting.
HH	0	17:06:37.498	Cazyxio_v4.3 (EURUSD,M15)	2026.03.11 23:06:37 | HEARTBEAT | SYSTEM | EA alive. Tick=100 Equity=44254.02 OpenPos=0 PendingOrders=0 UTC=2026.03.11 23:06 DayOfWeek=3 WeekendCloseActive=NO NewTradeBlocked=NO | 100.000000
MJ	0	17:08:28.396	Cazyxio_v4.3 (EURUSD,M15)	2026.03.11 23:08:28 | HEARTBEAT | SYSTEM | EA alive. Tick=200 Equity=44254.02 OpenPos=0 PendingOrders=0 UTC=2026.03.11 23:08 DayOfWeek=3 WeekendCloseActive=NO NewTradeBlocked=NO | 200.000000
CG	0	17:09:52.285	Cazyxio_v4.3 (EURUSD,M15)	2026.03.11 23:09:52 | HEARTBEAT | SYSTEM | EA alive. Tick=300 Equity=44254.02 OpenPos=0 PendingOrders=0 UTC=2026.03.11 23:09 DayOfWeek=3 WeekendCloseActive=NO NewTradeBlocked=NO | 300.000000
NQ	0	17:11:21.360	Cazyxio_v4.3 (EURUSD,M15)	2026.03.11 23:11:21 | HEARTBEAT | SYSTEM | EA alive. Tick=400 Equity=44254.02 OpenPos=0 PendingOrders=0 UTC=2026.03.11 23:11 DayOfWeek=3 WeekendCloseActive=NO NewTradeBlocked=NO | 400.000000
ER	0	17:12:35.373	Cazyxio_v4.3 (EURUSD,M15)	2026.03.11 23:12:35 | HEARTBEAT | SYSTEM | EA alive. Tick=500 Equity=44254.02 OpenPos=0 PendingOrders=0 UTC=2026.03.11 23:12 DayOfWeek=3 WeekendCloseActive=NO NewTradeBlocked=NO | 500.000000
NL	0	17:14:14.716	Cazyxio_v4.3 (EURUSD,M15)	2026.03.11 23:14:14 | HEARTBEAT | SYSTEM | EA alive. Tick=600 Equity=44254.02 OpenPos=0 PendingOrders=0 UTC=2026.03.11 23:14 DayOfWeek=3 WeekendCloseActive=NO NewTradeBlocked=NO | 600.000000
PI	0	17:16:11.873	Cazyxio_v4.3 (EURUSD,M15)	2026.03.11 23:16:11 | HEARTBEAT | SYSTEM | EA alive. Tick=700 Equity=44254.02 OpenPos=0 PendingOrders=0 UTC=2026.03.11 23:16 DayOfWeek=3 WeekendCloseActive=NO NewTradeBlocked=NO | 700.000000
KK	0	17:18:31.618	Cazyxio_v4.3 (EURUSD,M15)	2026.03.11 23:18:31 | HEARTBEAT | SYSTEM | EA alive. Tick=800 Equity=44254.02 OpenPos=0 PendingOrders=0 UTC=2026.03.11 23:18 DayOfWeek=3 WeekendCloseActive=NO NewTradeBlocked=NO | 800.000000
QD	0	17:20:16.695	Cazyxio_v4.3 (EURUSD,M15)	2026.03.11 23:20:16 | HEARTBEAT | SYSTEM | EA alive. Tick=900 Equity=44254.02 OpenPos=0 PendingOrders=0 UTC=2026.03.11 23:20 DayOfWeek=3 WeekendCloseActive=NO NewTradeBlocked=NO | 900.000000
OF	0	17:22:56.367	Cazyxio_v4.3 (EURUSD,M15)	2026.03.11 23:22:56 | HEARTBEAT | SYSTEM | EA alive. Tick=1000 Equity=44254.02 OpenPos=0 PendingOrders=0 UTC=2026.03.11 23:22 DayOfWeek=3 WeekendCloseActive=NO NewTradeBlocked=NO | 1000.000000
EP	0	17:27:52.629	Cazyxio_v4.3 (EURUSD,M15)	2026.03.11 23:27:52 | HEARTBEAT | SYSTEM | EA alive. Tick=1100 Equity=44254.02 OpenPos=0 PendingOrders=0 UTC=2026.03.11 23:27 DayOfWeek=3 WeekendCloseActive=NO NewTradeBlocked=NO | 1100.000000
LM	0	17:30:02.084	Cazyxio_v4.3 (EURUSD,M15)	2026.03.11 23:30:02 | HEARTBEAT | SYSTEM | EA alive. Tick=1200 Equity=44254.02 OpenPos=0 PendingOrders=0 UTC=2026.03.11 23:30 DayOfWeek=3 WeekendCloseActive=NO NewTradeBlocked=NO | 1200.000000
CO	0	17:31:55.264	Cazyxio_v4.3 (EURUSD,M15)	2026.03.11 23:31:55 | HEARTBEAT | SYSTEM | EA alive. Tick=1300 Equity=44254.02 OpenPos=0 PendingOrders=0 UTC=2026.03.11 23:31 DayOfWeek=3 WeekendCloseActive=NO NewTradeBlocked=NO | 1300.000000
NI	0	17:34:43.332	Cazyxio_v4.3 (EURUSD,M15)	2026.03.11 23:34:43 | HEARTBEAT | SYSTEM | EA alive. Tick=1400 Equity=44254.02 OpenPos=0 PendingOrders=0 UTC=2026.03.11 23:34 DayOfWeek=3 WeekendCloseActive=NO NewTradeBlocked=NO | 1400.000000
QK	0	17:36:15.177	Cazyxio_v4.3 (EURUSD,M15)	2026.03.11 23:36:15 | HEARTBEAT | SYSTEM | EA alive. Tick=1500 Equity=44254.02 OpenPos=0 PendingOrders=0 UTC=2026.03.11 23:36 DayOfWeek=3 WeekendCloseActive=NO NewTradeBlocked=NO | 1500.000000
JD	0	17:38:12.695	Cazyxio_v4.3 (EURUSD,M15)	2026.03.11 23:38:12 | HEARTBEAT | SYSTEM | EA alive. Tick=1600 Equity=44254.02 OpenPos=0 PendingOrders=0 UTC=2026.03.11 23:38 DayOfWeek=3 WeekendCloseActive=NO NewTradeBlocked=NO | 1600.000000
HF	0	17:39:50.409	Cazyxio_v4.3 (EURUSD,M15)	2026.03.11 23:39:50 | HEARTBEAT | SYSTEM | EA alive. Tick=1700 Equity=44254.02 OpenPos=0 PendingOrders=0 UTC=2026.03.11 23:39 DayOfWeek=3 WeekendCloseActive=NO NewTradeBlocked=NO | 1700.000000
KP	0	17:41:11.030	Cazyxio_v4.3 (EURUSD,M15)	2026.03.11 23:41:11 | HEARTBEAT | SYSTEM | EA alive. Tick=1800 Equity=44254.02 OpenPos=0 PendingOrders=0 UTC=2026.03.11 23:41 DayOfWeek=3 WeekendCloseActive=NO NewTradeBlocked=NO | 1800.000000
HR	0	17:42:49.898	Cazyxio_v4.3 (EURUSD,M15)	2026.03.11 23:42:49 | HEARTBEAT | SYSTEM | EA alive. Tick=1900 Equity=44254.02 OpenPos=0 PendingOrders=0 UTC=2026.03.11 23:42 DayOfWeek=3 WeekendCloseActive=NO NewTradeBlocked=NO | 1900.000000
HO	0	17:45:30.389	Cazyxio_v4.3 (EURUSD,M15)	2026.03.11 23:45:30 | HEARTBEAT | SYSTEM | EA alive. Tick=2000 Equity=44254.02 OpenPos=0 PendingOrders=0 UTC=2026.03.11 23:45 DayOfWeek=3 WeekendCloseActive=NO NewTradeBlocked=NO | 2000.000000
HI	0	17:48:14.391	Cazyxio_v4.3 (EURUSD,M15)	2026.03.11 23:48:14 | HEARTBEAT | SYSTEM | EA alive. Tick=2100 Equity=44254.02 OpenPos=0 PendingOrders=0 UTC=2026.03.11 23:48 DayOfWeek=3 WeekendCloseActive=NO NewTradeBlocked=NO | 2100.000000
HK	0	17:50:35.961	Cazyxio_v4.3 (EURUSD,M15)	2026.03.11 23:50:35 | HEARTBEAT | SYSTEM | EA alive. Tick=2200 Equity=44254.02 OpenPos=0 PendingOrders=0 UTC=2026.03.11 23:50 DayOfWeek=3 WeekendCloseActive=NO NewTradeBlocked=NO | 2200.000000
PE	0	17:53:48.274	Cazyxio_v4.3 (EURUSD,M15)	2026.03.11 23:53:48 | HEARTBEAT | SYSTEM | EA alive. Tick=2300 Equity=44254.02 OpenPos=0 PendingOrders=0 UTC=2026.03.11 23:53 DayOfWeek=3 WeekendCloseActive=NO NewTradeBlocked=NO | 2300.000000
PF	0	17:56:30.954	Cazyxio_v4.3 (EURUSD,M15)	2026.03.11 23:56:30 | HEARTBEAT | SYSTEM | EA alive. Tick=2400 Equity=44254.02 OpenPos=0 PendingOrders=0 UTC=2026.03.11 23:56 DayOfWeek=3 WeekendCloseActive=NO NewTradeBlocked=NO | 2400.000000
GP	0	17:58:49.913	Cazyxio_v4.3 (EURUSD,M15)	2026.03.11 23:58:49 | HEARTBEAT | SYSTEM | EA alive. Tick=2500 Equity=44254.02 OpenPos=0 PendingOrders=0 UTC=2026.03.11 23:58 DayOfWeek=3 WeekendCloseActive=NO NewTradeBlocked=NO | 2500.000000
LL	0	18:00:00.384	Cazyxio_v4.3 (EURUSD,M15)	2026.03.12 00:00:00 | SESSION_WAIT | SYSTEM | Outside session. UTC_hour=0 Waiting.
NR	0	18:00:41.841	Cazyxio_v4.3 (EURUSD,M15)	2026.03.12 00:00:41 | HEARTBEAT | SYSTEM | EA alive. Tick=2600 Equity=44254.02 OpenPos=0 PendingOrders=0 UTC=2026.03.12 00:00 DayOfWeek=4 WeekendCloseActive=NO NewTradeBlocked=NO | 2600.000000
QL	0	18:01:57.481	Cazyxio_v4.3 (EURUSD,M15)	2026.03.12 00:01:57 | HEARTBEAT | SYSTEM | EA alive. Tick=2700 Equity=44254.02 OpenPos=0 PendingOrders=0 UTC=2026.03.12 00:01 DayOfWeek=4 WeekendCloseActive=NO NewTradeBlocked=NO | 2700.000000
KI	0	18:03:16.984	Cazyxio_v4.3 (EURUSD,M15)	2026.03.12 00:03:16 | HEARTBEAT | SYSTEM | EA alive. Tick=2800 Equity=44254.02 OpenPos=0 PendingOrders=0 UTC=2026.03.12 00:03 DayOfWeek=4 WeekendCloseActive=NO NewTradeBlocked=NO | 2800.000000
DK	0	18:05:11.529	Cazyxio_v4.3 (EURUSD,M15)	2026.03.12 00:05:11 | HEARTBEAT | SYSTEM | EA alive. Tick=2900 Equity=44254.02 OpenPos=0 PendingOrders=0 UTC=2026.03.12 00:05 DayOfWeek=4 WeekendCloseActive=NO NewTradeBlocked=NO | 2900.000000
CE	0	18:06:21.374	Cazyxio_v4.3 (EURUSD,M15)	2026.03.12 00:06:21 | HEARTBEAT | SYSTEM | EA alive. Tick=3000 Equity=44254.02 OpenPos=0 PendingOrders=0 UTC=2026.03.12 00:06 DayOfWeek=4 WeekendCloseActive=NO NewTradeBlocked=NO | 3000.000000
HG	0	18:07:23.550	Cazyxio_v4.3 (EURUSD,M15)	2026.03.12 00:07:23 | HEARTBEAT | SYSTEM | EA alive. Tick=3100 Equity=44254.02 OpenPos=0 PendingOrders=0 UTC=2026.03.12 00:07 DayOfWeek=4 WeekendCloseActive=NO NewTradeBlocked=NO | 3100.000000
IP	0	18:08:33.088	Cazyxio_v4.3 (EURUSD,M15)	2026.03.12 00:08:33 | HEARTBEAT | SYSTEM | EA alive. Tick=3200 Equity=44254.02 OpenPos=0 PendingOrders=0 UTC=2026.03.12 00:08 DayOfWeek=4 WeekendCloseActive=NO NewTradeBlocked=NO | 3200.000000
QR	0	18:09:32.094	Cazyxio_v4.3 (EURUSD,M15)	2026.03.12 00:09:32 | HEARTBEAT | SYSTEM | EA alive. Tick=3300 Equity=44254.02 OpenPos=0 PendingOrders=0 UTC=2026.03.12 00:09 DayOfWeek=4 WeekendCloseActive=NO NewTradeBlocked=NO | 3300.000000
KL	0	18:10:40.618	Cazyxio_v4.3 (EURUSD,M15)	2026.03.12 00:10:40 | HEARTBEAT | SYSTEM | EA alive. Tick=3400 Equity=44254.02 OpenPos=0 PendingOrders=0 UTC=2026.03.12 00:10 DayOfWeek=4 WeekendCloseActive=NO NewTradeBlocked=NO | 3400.000000
DN	0	18:12:13.752	Cazyxio_v4.3 (EURUSD,M15)	2026.03.12 00:12:13 | HEARTBEAT | SYSTEM | EA alive. Tick=3500 Equity=44254.02 OpenPos=0 PendingOrders=0 UTC=2026.03.12 00:12 DayOfWeek=4 WeekendCloseActive=NO NewTradeBlocked=NO | 3500.000000
NK	0	18:13:24.667	Cazyxio_v4.3 (EURUSD,M15)	2026.03.12 00:13:24 | HEARTBEAT | SYSTEM | EA alive. Tick=3600 Equity=44254.02 OpenPos=0 PendingOrders=0 UTC=2026.03.12 00:13 DayOfWeek=4 WeekendCloseActive=NO NewTradeBlocked=NO | 3600.000000
QE	0	18:14:47.320	Cazyxio_v4.3 (EURUSD,M15)	2026.03.12 00:14:47 | HEARTBEAT | SYSTEM | EA alive. Tick=3700 Equity=44254.02 OpenPos=0 PendingOrders=0 UTC=2026.03.12 00:14 DayOfWeek=4 WeekendCloseActive=NO NewTradeBlocked=NO | 3700.000000
DG	0	18:15:54.605	Cazyxio_v4.3 (EURUSD,M15)	2026.03.12 00:15:54 | HEARTBEAT | SYSTEM | EA alive. Tick=3800 Equity=44254.02 OpenPos=0 PendingOrders=0 UTC=2026.03.12 00:15 DayOfWeek=4 WeekendCloseActive=NO NewTradeBlocked=NO | 3800.000000
HQ	0	18:16:57.770	Cazyxio_v4.3 (EURUSD,M15)	2026.03.12 00:16:57 | HEARTBEAT | SYSTEM | EA alive. Tick=3900 Equity=44254.02 OpenPos=0 PendingOrders=0 UTC=2026.03.12 00:16 DayOfWeek=4 WeekendCloseActive=NO NewTradeBlocked=NO | 3900.000000
CR	0	18:18:35.304	Cazyxio_v4.3 (EURUSD,M15)	2026.03.12 00:18:35 | HEARTBEAT | SYSTEM | EA alive. Tick=4000 Equity=44254.02 OpenPos=0 PendingOrders=0 UTC=2026.03.12 00:18 DayOfWeek=4 WeekendCloseActive=NO NewTradeBlocked=NO | 4000.000000
GL	0	18:20:13.396	Cazyxio_v4.3 (EURUSD,M15)	2026.03.12 00:20:13 | HEARTBEAT | SYSTEM | EA alive. Tick=4100 Equity=44254.02 OpenPos=0 PendingOrders=0 UTC=2026.03.12 00:20 DayOfWeek=4 WeekendCloseActive=NO NewTradeBlocked=NO | 4100.000000
PN	0	18:21:58.181	Cazyxio_v4.3 (EURUSD,M15)	2026.03.12 00:21:58 | HEARTBEAT | SYSTEM | EA alive. Tick=4200 Equity=44254.02 OpenPos=0 PendingOrders=0 UTC=2026.03.12 00:21 DayOfWeek=4 WeekendCloseActive=NO NewTradeBlocked=NO | 4200.000000
MH	0	18:23:45.339	Cazyxio_v4.3 (EURUSD,M15)	2026.03.12 00:23:45 | HEARTBEAT | SYSTEM | EA alive. Tick=4300 Equity=44254.02 OpenPos=0 PendingOrders=0 UTC=2026.03.12 00:23 DayOfWeek=4 WeekendCloseActive=NO NewTradeBlocked=NO | 4300.000000
ME	0	18:24:49.727	Cazyxio_v4.3 (EURUSD,M15)	2026.03.12 00:24:49 | HEARTBEAT | SYSTEM | EA alive. Tick=4400 Equity=44254.02 OpenPos=0 PendingOrders=0 UTC=2026.03.12 00:24 DayOfWeek=4 WeekendCloseActive=NO NewTradeBlocked=NO | 4400.000000
PG	0	18:26:04.355	Cazyxio_v4.3 (EURUSD,M15)	2026.03.12 00:26:04 | HEARTBEAT | SYSTEM | EA alive. Tick=4500 Equity=44254.02 OpenPos=0 PendingOrders=0 UTC=2026.03.12 00:26 DayOfWeek=4 WeekendCloseActive=NO NewTradeBlocked=NO | 4500.000000
MQ	0	18:28:16.251	Cazyxio_v4.3 (EURUSD,M15)	2026.03.12 00:28:16 | HEARTBEAT | SYSTEM | EA alive. Tick=4600 Equity=44254.02 OpenPos=0 PendingOrders=0 UTC=2026.03.12 00:28 DayOfWeek=4 WeekendCloseActive=NO NewTradeBlocked=NO | 4600.000000
IS	0	18:29:50.285	Cazyxio_v4.3 (EURUSD,M15)	2026.03.12 00:29:50 | HEARTBEAT | SYSTEM | EA alive. Tick=4700 Equity=44254.02 OpenPos=0 PendingOrders=0 UTC=2026.03.12 00:29 DayOfWeek=4 WeekendCloseActive=NO NewTradeBlocked=NO | 4700.000000
KL	0	18:31:47.859	Cazyxio_v4.3 (EURUSD,M15)	2026.03.12 00:31:47 | HEARTBEAT | SYSTEM | EA alive. Tick=4800 Equity=44254.02 OpenPos=0 PendingOrders=0 UTC=2026.03.12 00:31 DayOfWeek=4 WeekendCloseActive=NO NewTradeBlocked=NO | 4800.000000
JN	0	18:34:03.219	Cazyxio_v4.3 (EURUSD,M15)	2026.03.12 00:34:03 | HEARTBEAT | SYSTEM | EA alive. Tick=4900 Equity=44254.02 OpenPos=0 PendingOrders=0 UTC=2026.03.12 00:34 DayOfWeek=4 WeekendCloseActive=NO NewTradeBlocked=NO | 4900.000000
KH	0	18:36:00.694	Cazyxio_v4.3 (EURUSD,M15)	2026.03.12 00:36:00 | HEARTBEAT | SYSTEM | EA alive. Tick=5000 Equity=44254.02 OpenPos=0 PendingOrders=0 UTC=2026.03.12 00:36 DayOfWeek=4 WeekendCloseActive=NO NewTradeBlocked=NO | 5000.000000
QJ	0	18:37:46.976	Cazyxio_v4.3 (EURUSD,M15)	2026.03.12 00:37:46 | HEARTBEAT | SYSTEM | EA alive. Tick=5100 Equity=44254.02 OpenPos=0 PendingOrders=0 UTC=2026.03.12 00:37 DayOfWeek=4 WeekendCloseActive=NO NewTradeBlocked=NO | 5100.000000
PG	0	18:39:31.801	Cazyxio_v4.3 (EURUSD,M15)	2026.03.12 00:39:31 | HEARTBEAT | SYSTEM | EA alive. Tick=5200 Equity=44254.02 OpenPos=0 PendingOrders=0 UTC=2026.03.12 00:39 DayOfWeek=4 WeekendCloseActive=NO NewTradeBlocked=NO | 5200.000000
EQ	0	18:40:38.095	Cazyxio_v4.3 (EURUSD,M15)	2026.03.12 00:40:38 | HEARTBEAT | SYSTEM | EA alive. Tick=5300 Equity=44254.02 OpenPos=0 PendingOrders=0 UTC=2026.03.12 00:40 DayOfWeek=4 WeekendCloseActive=NO NewTradeBlocked=NO | 5300.000000
DS	0	18:42:05.265	Cazyxio_v4.3 (EURUSD,M15)	2026.03.12 00:42:05 | HEARTBEAT | SYSTEM | EA alive. Tick=5400 Equity=44254.02 OpenPos=0 PendingOrders=0 UTC=2026.03.12 00:42 DayOfWeek=4 WeekendCloseActive=NO NewTradeBlocked=NO | 5400.000000
KM	0	18:43:27.058	Cazyxio_v4.3 (EURUSD,M15)	2026.03.12 00:43:27 | HEARTBEAT | SYSTEM | EA alive. Tick=5500 Equity=44254.02 OpenPos=0 PendingOrders=0 UTC=2026.03.12 00:43 DayOfWeek=4 WeekendCloseActive=NO NewTradeBlocked=NO | 5500.000000
QN	0	18:45:35.302	Cazyxio_v4.3 (EURUSD,M15)	2026.03.12 00:45:35 | HEARTBEAT | SYSTEM | EA alive. Tick=5600 Equity=44254.02 OpenPos=0 PendingOrders=0 UTC=2026.03.12 00:45 DayOfWeek=4 WeekendCloseActive=NO NewTradeBlocked=NO | 5600.000000
RH	0	18:47:33.327	Cazyxio_v4.3 (EURUSD,M15)	2026.03.12 00:47:33 | HEARTBEAT | SYSTEM | EA alive. Tick=5700 Equity=44254.02 OpenPos=0 PendingOrders=0 UTC=2026.03.12 00:47 DayOfWeek=4 WeekendCloseActive=NO NewTradeBlocked=NO | 5700.000000
NJ	0	18:49:02.734	Cazyxio_v4.3 (EURUSD,M15)	2026.03.12 00:49:02 | HEARTBEAT | SYSTEM | EA alive. Tick=5800 Equity=44254.02 OpenPos=0 PendingOrders=0 UTC=2026.03.12 00:49 DayOfWeek=4 WeekendCloseActive=NO NewTradeBlocked=NO | 5800.000000
FD	0	18:50:14.620	Cazyxio_v4.3 (EURUSD,M15)	2026.03.12 00:50:14 | HEARTBEAT | SYSTEM | EA alive. Tick=5900 Equity=44254.02 OpenPos=0 PendingOrders=0 UTC=2026.03.12 00:50 DayOfWeek=4 WeekendCloseActive=NO NewTradeBlocked=NO | 5900.000000
PQ	0	18:51:34.025	Cazyxio_v4.3 (EURUSD,M15)	2026.03.12 00:51:34 | HEARTBEAT | SYSTEM | EA alive. Tick=6000 Equity=44254.02 OpenPos=0 PendingOrders=0 UTC=2026.03.12 00:51 DayOfWeek=4 WeekendCloseActive=NO NewTradeBlocked=NO | 6000.000000
IS	0	18:52:51.391	Cazyxio_v4.3 (EURUSD,M15)	2026.03.12 00:52:51 | HEARTBEAT | SYSTEM | EA alive. Tick=6100 Equity=44254.02 OpenPos=0 PendingOrders=0 UTC=2026.03.12 00:52 DayOfWeek=4 WeekendCloseActive=NO NewTradeBlocked=NO | 6100.000000
FM	0	18:54:23.576	Cazyxio_v4.3 (EURUSD,M15)	2026.03.12 00:54:23 | HEARTBEAT | SYSTEM | EA alive. Tick=6200 Equity=44254.02 OpenPos=0 PendingOrders=0 UTC=2026.03.12 00:54 DayOfWeek=4 WeekendCloseActive=NO NewTradeBlocked=NO | 6200.000000
GO	0	18:55:24.701	Cazyxio_v4.3 (EURUSD,M15)	2026.03.12 00:55:24 | HEARTBEAT | SYSTEM | EA alive. Tick=6300 Equity=44254.02 OpenPos=0 PendingOrders=0 UTC=2026.03.12 00:55 DayOfWeek=4 WeekendCloseActive=NO NewTradeBlocked=NO | 6300.000000
KH	0	18:56:20.522	Cazyxio_v4.3 (EURUSD,M15)	2026.03.12 00:56:20 | HEARTBEAT | SYSTEM | EA alive. Tick=6400 Equity=44254.02 OpenPos=0 PendingOrders=0 UTC=2026.03.12 00:56 DayOfWeek=4 WeekendCloseActive=NO NewTradeBlocked=NO | 6400.000000
EJ	0	18:57:28.947	Cazyxio_v4.3 (EURUSD,M15)	2026.03.12 00:57:28 | HEARTBEAT | SYSTEM | EA alive. Tick=6500 Equity=44254.02 OpenPos=0 PendingOrders=0 UTC=2026.03.12 00:57 DayOfWeek=4 WeekendCloseActive=NO NewTradeBlocked=NO | 6500.000000
RD	0	18:58:27.400	Cazyxio_v4.3 (EURUSD,M15)	2026.03.12 00:58:27 | HEARTBEAT | SYSTEM | EA alive. Tick=6600 Equity=44254.02 OpenPos=0 PendingOrders=0 UTC=2026.03.12 00:58 DayOfWeek=4 WeekendCloseActive=NO NewTradeBlocked=NO | 6600.000000
OF	0	18:59:10.839	Cazyxio_v4.3 (EURUSD,M15)	2026.03.12 00:59:10 | HEARTBEAT | SYSTEM | EA alive. Tick=6700 Equity=44254.02 OpenPos=0 PendingOrders=0 UTC=2026.03.12 00:59 DayOfWeek=4 WeekendCloseActive=NO NewTradeBlocked=NO | 6700.000000
LM	0	19:00:00.006	Cazyxio_v4.3 (EURUSD,M15)	2026.03.12 01:00:00 | SESSION_WAIT | SYSTEM | Outside session. UTC_hour=1 Waiting.
QS	0	19:00:03.450	Cazyxio_v4.3 (EURUSD,M15)	2026.03.12 01:00:03 | HEARTBEAT | SYSTEM | EA alive. Tick=6800 Equity=44254.02 OpenPos=0 PendingOrders=0 UTC=2026.03.12 01:00 DayOfWeek=4 WeekendCloseActive=NO NewTradeBlocked=NO | 6800.000000
GM	0	19:00:44.087	Cazyxio_v4.3 (EURUSD,M15)	2026.03.12 01:00:44 | HEARTBEAT | SYSTEM | EA alive. Tick=6900 Equity=44254.02 OpenPos=0 PendingOrders=0 UTC=2026.03.12 01:00 DayOfWeek=4 WeekendCloseActive=NO NewTradeBlocked=NO | 6900.000000
QO	0	19:01:36.954	Cazyxio_v4.3 (EURUSD,M15)	2026.03.12 01:01:36 | HEARTBEAT | SYSTEM | EA alive. Tick=7000 Equity=44254.02 OpenPos=0 PendingOrders=0 UTC=2026.03.12 01:01 DayOfWeek=4 WeekendCloseActive=NO NewTradeBlocked=NO | 7000.000000
LI	0	19:02:40.855	Cazyxio_v4.3 (EURUSD,M15)	2026.03.12 01:02:40 | HEARTBEAT | SYSTEM | EA alive. Tick=7100 Equity=44254.02 OpenPos=0 PendingOrders=0 UTC=2026.03.12 01:02 DayOfWeek=4 WeekendCloseActive=NO NewTradeBlocked=NO | 7100.000000
HJ	0	19:03:55.595	Cazyxio_v4.3 (EURUSD,M15)	2026.03.12 01:03:55 | HEARTBEAT | SYSTEM | EA alive. Tick=7200 Equity=44254.02 OpenPos=0 PendingOrders=0 UTC=2026.03.12 01:03 DayOfWeek=4 WeekendCloseActive=NO NewTradeBlocked=NO | 7200.000000
PD	0	19:04:57.460	Cazyxio_v4.3 (EURUSD,M15)	2026.03.12 01:04:57 | HEARTBEAT | SYSTEM | EA alive. Tick=7300 Equity=44254.02 OpenPos=0 PendingOrders=0 UTC=2026.03.12 01:04 DayOfWeek=4 WeekendCloseActive=NO NewTradeBlocked=NO | 7300.000000
FF	0	19:06:13.057	Cazyxio_v4.3 (EURUSD,M15)	2026.03.12 01:06:13 | HEARTBEAT | SYSTEM | EA alive. Tick=7400 Equity=44254.02 OpenPos=0 PendingOrders=0 UTC=2026.03.12 01:06 DayOfWeek=4 WeekendCloseActive=NO NewTradeBlocked=NO | 7400.000000
JP	0	19:08:13.804	Cazyxio_v4.3 (EURUSD,M15)	2026.03.12 01:08:13 | HEARTBEAT | SYSTEM | EA alive. Tick=7500 Equity=44254.02 OpenPos=0 PendingOrders=0 UTC=2026.03.12 01:08 DayOfWeek=4 WeekendCloseActive=NO NewTradeBlocked=NO | 7500.000000
OM	0	19:10:10.211	Cazyxio_v4.3 (EURUSD,M15)	2026.03.12 01:10:10 | HEARTBEAT | SYSTEM | EA alive. Tick=7600 Equity=44254.02 OpenPos=0 PendingOrders=0 UTC=2026.03.12 01:10 DayOfWeek=4 WeekendCloseActive=NO NewTradeBlocked=NO | 7600.000000
MO	0	19:11:58.199	Cazyxio_v4.3 (EURUSD,M15)	2026.03.12 01:11:58 | HEARTBEAT | SYSTEM | EA alive. Tick=7700 Equity=44254.02 OpenPos=0 PendingOrders=0 UTC=2026.03.12 01:11 DayOfWeek=4 WeekendCloseActive=NO NewTradeBlocked=NO | 7700.000000
HI	0	19:13:28.451	Cazyxio_v4.3 (EURUSD,M15)	2026.03.12 01:13:28 | HEARTBEAT | SYSTEM | EA alive. Tick=7800 Equity=44254.02 OpenPos=0 PendingOrders=0 UTC=2026.03.12 01:13 DayOfWeek=4 WeekendCloseActive=NO NewTradeBlocked=NO | 7800.000000
CK	0	19:14:48.240	Cazyxio_v4.3 (EURUSD,M15)	2026.03.12 01:14:48 | HEARTBEAT | SYSTEM | EA alive. Tick=7900 Equity=44254.02 OpenPos=0 PendingOrders=0 UTC=2026.03.12 01:14 DayOfWeek=4 WeekendCloseActive=NO NewTradeBlocked=NO | 7900.000000
DD	0	19:15:46.578	Cazyxio_v4.3 (EURUSD,M15)	2026.03.12 01:15:46 | HEARTBEAT | SYSTEM | EA alive. Tick=8000 Equity=44254.02 OpenPos=0 PendingOrders=0 UTC=2026.03.12 01:15 DayOfWeek=4 WeekendCloseActive=NO NewTradeBlocked=NO | 8000.000000
LF	0	19:17:28.675	Cazyxio_v4.3 (EURUSD,M15)	2026.03.12 01:17:28 | HEARTBEAT | SYSTEM | EA alive. Tick=8100 Equity=44254.02 OpenPos=0 PendingOrders=0 UTC=2026.03.12 01:17 DayOfWeek=4 WeekendCloseActive=NO NewTradeBlocked=NO | 8100.000000
CP	0	19:19:10.186	Cazyxio_v4.3 (EURUSD,M15)	2026.03.12 01:19:10 | HEARTBEAT | SYSTEM | EA alive. Tick=8200 Equity=44254.02 OpenPos=0 PendingOrders=0 UTC=2026.03.12 01:19 DayOfWeek=4 WeekendCloseActive=NO NewTradeBlocked=NO | 8200.000000
HR	0	19:20:35.554	Cazyxio_v4.3 (EURUSD,M15)	2026.03.12 01:20:35 | HEARTBEAT | SYSTEM | EA alive. Tick=8300 Equity=44254.02 OpenPos=0 PendingOrders=0 UTC=2026.03.12 01:20 DayOfWeek=4 WeekendCloseActive=NO NewTradeBlocked=NO | 8300.000000
NO	0	19:22:39.334	Cazyxio_v4.3 (EURUSD,M15)	2026.03.12 01:22:39 | HEARTBEAT | SYSTEM | EA alive. Tick=8400 Equity=44254.02 OpenPos=0 PendingOrders=0 UTC=2026.03.12 01:22 DayOfWeek=4 WeekendCloseActive=NO NewTradeBlocked=NO | 8400.000000
LI	0	19:24:16.433	Cazyxio_v4.3 (EURUSD,M15)	2026.03.12 01:24:16 | HEARTBEAT | SYSTEM | EA alive. Tick=8500 Equity=44254.02 OpenPos=0 PendingOrders=0 UTC=2026.03.12 01:24 DayOfWeek=4 WeekendCloseActive=NO NewTradeBlocked=NO | 8500.000000
PK	0	19:25:37.915	Cazyxio_v4.3 (EURUSD,M15)	2026.03.12 01:25:37 | HEARTBEAT | SYSTEM | EA alive. Tick=8600 Equity=44254.02 OpenPos=0 PendingOrders=0 UTC=2026.03.12 01:25 DayOfWeek=4 WeekendCloseActive=NO NewTradeBlocked=NO | 8600.000000
DE	0	19:27:29.241	Cazyxio_v4.3 (EURUSD,M15)	2026.03.12 01:27:29 | HEARTBEAT | SYSTEM | EA alive. Tick=8700 Equity=44254.02 OpenPos=0 PendingOrders=0 UTC=2026.03.12 01:27 DayOfWeek=4 WeekendCloseActive=NO NewTradeBlocked=NO | 8700.000000
FF	0	19:29:36.986	Cazyxio_v4.3 (EURUSD,M15)	2026.03.12 01:29:36 | HEARTBEAT | SYSTEM | EA alive. Tick=8800 Equity=44254.02 OpenPos=0 PendingOrders=0 UTC=2026.03.12 01:29 DayOfWeek=4 WeekendCloseActive=NO NewTradeBlocked=NO | 8800.000000
KP	0	19:31:23.230	Cazyxio_v4.3 (EURUSD,M15)	2026.03.12 01:31:23 | HEARTBEAT | SYSTEM | EA alive. Tick=8900 Equity=44254.02 OpenPos=0 PendingOrders=0 UTC=2026.03.12 01:31 DayOfWeek=4 WeekendCloseActive=NO NewTradeBlocked=NO | 8900.000000
ER	0	19:33:18.775	Cazyxio_v4.3 (EURUSD,M15)	2026.03.12 01:33:18 | HEARTBEAT | SYSTEM | EA alive. Tick=9000 Equity=44254.02 OpenPos=0 PendingOrders=0 UTC=2026.03.12 01:33 DayOfWeek=4 WeekendCloseActive=NO NewTradeBlocked=NO | 9000.000000
IL	0	19:35:26.267	Cazyxio_v4.3 (EURUSD,M15)	2026.03.12 01:35:26 | HEARTBEAT | SYSTEM | EA alive. Tick=9100 Equity=44254.02 OpenPos=0 PendingOrders=0 UTC=2026.03.12 01:35 DayOfWeek=4 WeekendCloseActive=NO NewTradeBlocked=NO | 9100.000000
QI	0	19:37:47.555	Cazyxio_v4.3 (EURUSD,M15)	2026.03.12 01:37:47 | HEARTBEAT | SYSTEM | EA alive. Tick=9200 Equity=44254.02 OpenPos=0 PendingOrders=0 UTC=2026.03.12 01:37 DayOfWeek=4 WeekendCloseActive=NO NewTradeBlocked=NO | 9200.000000
JK	0	19:39:12.475	Cazyxio_v4.3 (EURUSD,M15)	2026.03.12 01:39:12 | HEARTBEAT | SYSTEM | EA alive. Tick=9300 Equity=44254.02 OpenPos=0 PendingOrders=0 UTC=2026.03.12 01:39 DayOfWeek=4 WeekendCloseActive=NO NewTradeBlocked=NO | 9300.000000
CE	0	19:40:44.443	Cazyxio_v4.3 (EURUSD,M15)	2026.03.12 01:40:44 | HEARTBEAT | SYSTEM | EA alive. Tick=9400 Equity=44254.02 OpenPos=0 PendingOrders=0 UTC=2026.03.12 01:40 DayOfWeek=4 WeekendCloseActive=NO NewTradeBlocked=NO | 9400.000000
MG	0	19:42:39.186	Cazyxio_v4.3 (EURUSD,M15)	2026.03.12 01:42:39 | HEARTBEAT | SYSTEM | EA alive. Tick=9500 Equity=44254.02 OpenPos=0 PendingOrders=0 UTC=2026.03.12 01:42 DayOfWeek=4 WeekendCloseActive=NO NewTradeBlocked=NO | 9500.000000
DP	0	19:44:25.718	Cazyxio_v4.3 (EURUSD,M15)	2026.03.12 01:44:25 | HEARTBEAT | SYSTEM | EA alive. Tick=9600 Equity=44254.02 OpenPos=0 PendingOrders=0 UTC=2026.03.12 01:44 DayOfWeek=4 WeekendCloseActive=NO NewTradeBlocked=NO | 9600.000000
EN	0	19:49:33.941	Cazyxio_v4.3 (EURUSD,M15)	2026.03.12 01:49:33 | STARTUP | SYSTEM | Cazyxio v4.3 OnInit() started. Account=Christopher Watson Server=Forex.com-Demo 535 Mode=DEMO Balance=44254.02
KJ	0	19:49:33.942	Cazyxio_v4.3 (EURUSD,M15)	[Cazyxio v4.3] Log file opened: Cazyxio_v4_log.csv
PK	0	19:49:33.942	Cazyxio_v4.3 (EURUSD,M15)	2026.03.12 01:49:33 | STARTUP | SYSTEM | Live key check PASSED.
PP	0	19:49:33.942	Cazyxio_v4.3 (EURUSD,M15)	2026.03.12 01:49:33 | STARTUP | GBPUSD | All 5 indicator handles loaded OK.
GQ	0	19:49:33.942	Cazyxio_v4.3 (EURUSD,M15)	2026.03.12 01:49:33 | STARTUP | EURUSD | All 5 indicator handles loaded OK.
JR	0	19:49:33.942	Cazyxio_v4.3 (EURUSD,M15)	2026.03.12 01:49:33 | STARTUP | USDJPY | All 5 indicator handles loaded OK.
ER	0	19:49:33.942	Cazyxio_v4.3 (EURUSD,M15)	2026.03.12 01:49:33 | STARTUP | AUDUSD | All 5 indicator handles loaded OK.
GM	0	19:49:33.942	Cazyxio_v4.3 (EURUSD,M15)	2026.03.12 01:49:33 | STARTUP | GBPJPY | All 5 indicator handles loaded OK.
KM	0	19:49:33.942	Cazyxio_v4.3 (EURUSD,M15)	2026.03.12 01:49:33 | STARTUP | USDCAD | All 5 indicator handles loaded OK.
HN	0	19:49:33.942	Cazyxio_v4.3 (EURUSD,M15)	2026.03.12 01:49:33 | INIT_OK | SYSTEM | v4.3 Initialization COMPLETE. 6/6 symbols loaded. ExecTF=PERIOD_M15 HTF=PERIOD_H4 RiskPct=0.50 TP_R=3.50 (v4.3: 3.5R) MaxLotsPerSym=2.00 DailyTrendFilter=ON ADXFilter=ON ADXMin=20.0 LimitFallback=ON TouchATRFrac=0.60 ATRMinRatio=0.80 MinBarRangeFactor=0.30 SLCooldownBars=4 MaxDailyLossPct=2.00 WeekendClose=YES
FR	0	19:49:35.430	Cazyxio_v4.3 (EURUSD,M15)	2026.03.12 01:49:35 | DAILY_GUARD_RESET | SYSTEM | New trading day. StartEquity=44254.02 MaxDailyLossPct=2.00 | 44254.020000
OH	0	19:49:35.430	Cazyxio_v4.3 (EURUSD,M15)	2026.03.12 01:49:35 | SESSION_WAIT | SYSTEM | Outside session. UTC_hour=1 Waiting.
LF	0	19:51:02.240	Cazyxio_v4.3 (EURUSD,M15)	2026.03.12 01:51:02 | HEARTBEAT | SYSTEM | EA alive. Tick=100 Equity=44254.02 OpenPos=0 PendingOrders=0 UTC=2026.03.12 01:51 DayOfWeek=4 WeekendCloseActive=NO NewTradeBlocked=NO | 100.000000
IP	0	19:52:38.471	Cazyxio_v4.3 (EURUSD,M15)	2026.03.12 01:52:38 | HEARTBEAT | SYSTEM | EA alive. Tick=200 Equity=44254.02 OpenPos=0 PendingOrders=0 UTC=2026.03.12 01:52 DayOfWeek=4 WeekendCloseActive=NO NewTradeBlocked=NO | 200.000000
NM	0	19:54:30.908	Cazyxio_v4.3 (EURUSD,M15)	2026.03.12 01:54:30 | HEARTBEAT | SYSTEM | EA alive. Tick=300 Equity=44254.02 OpenPos=0 PendingOrders=0 UTC=2026.03.12 01:54 DayOfWeek=4 WeekendCloseActive=NO NewTradeBlocked=NO | 300.000000
GO	0	19:55:54.117	Cazyxio_v4.3 (EURUSD,M15)	2026.03.12 01:55:54 | HEARTBEAT | SYSTEM | EA alive. Tick=400 Equity=44254.02 OpenPos=0 PendingOrders=0 UTC=2026.03.12 01:55 DayOfWeek=4 WeekendCloseActive=NO NewTradeBlocked=NO | 400.000000
IH	0	19:58:01.606	Cazyxio_v4.3 (EURUSD,M15)	2026.03.12 01:58:01 | HEARTBEAT | SYSTEM | EA alive. Tick=500 Equity=44254.02 OpenPos=0 PendingOrders=0 UTC=2026.03.12 01:58 DayOfWeek=4 WeekendCloseActive=NO NewTradeBlocked=NO | 500.000000
KD	0	20:00:00.045	Cazyxio_v4.3 (EURUSD,M15)	2026.03.12 02:00:00 | SESSION_WAIT | SYSTEM | Outside session. UTC_hour=2 Waiting.
OJ	0	20:00:00.588	Cazyxio_v4.3 (EURUSD,M15)	2026.03.12 02:00:00 | HEARTBEAT | SYSTEM | EA alive. Tick=600 Equity=44254.02 OpenPos=0 PendingOrders=0 UTC=2026.03.12 02:00 DayOfWeek=4 WeekendCloseActive=NO NewTradeBlocked=NO | 600.000000
DG	0	20:01:33.504	Cazyxio_v4.3 (EURUSD,M15)	2026.03.12 02:01:33 | HEARTBEAT | SYSTEM | EA alive. Tick=700 Equity=44254.02 OpenPos=0 PendingOrders=0 UTC=2026.03.12 02:01 DayOfWeek=4 WeekendCloseActive=NO NewTradeBlocked=NO | 700.000000
KQ	0	20:03:20.165	Cazyxio_v4.3 (EURUSD,M15)	2026.03.12 02:03:20 | HEARTBEAT | SYSTEM | EA alive. Tick=800 Equity=44254.02 OpenPos=0 PendingOrders=0 UTC=2026.03.12 02:03 DayOfWeek=4 WeekendCloseActive=NO NewTradeBlocked=NO | 800.000000
ER	0	20:05:54.574	Cazyxio_v4.3 (EURUSD,M15)	2026.03.12 02:05:54 | HEARTBEAT | SYSTEM | EA alive. Tick=900 Equity=44254.02 OpenPos=0 PendingOrders=0 UTC=2026.03.12 02:05 DayOfWeek=4 WeekendCloseActive=NO NewTradeBlocked=NO | 900.000000
JL	0	20:08:47.633	Cazyxio_v4.3 (EURUSD,M15)	2026.03.12 02:08:47 | HEARTBEAT | SYSTEM | EA alive. Tick=1000 Equity=44254.02 OpenPos=0 PendingOrders=0 UTC=2026.03.12 02:08 DayOfWeek=4 WeekendCloseActive=NO NewTradeBlocked=NO | 1000.000000
LI	0	20:11:04.873	Cazyxio_v4.3 (EURUSD,M15)	2026.03.12 02:11:04 | HEARTBEAT | SYSTEM | EA alive. Tick=1100 Equity=44254.02 OpenPos=0 PendingOrders=0 UTC=2026.03.12 02:11 DayOfWeek=4 WeekendCloseActive=NO NewTradeBlocked=NO | 1100.000000
KK	0	20:13:11.568	Cazyxio_v4.3 (EURUSD,M15)	2026.03.12 02:13:11 | HEARTBEAT | SYSTEM | EA alive. Tick=1200 Equity=44254.02 OpenPos=0 PendingOrders=0 UTC=2026.03.12 02:13 DayOfWeek=4 WeekendCloseActive=NO NewTradeBlocked=NO | 1200.000000
QE	0	20:16:13.747	Cazyxio_v4.3 (EURUSD,M15)	2026.03.12 02:16:13 | HEARTBEAT | SYSTEM | EA alive. Tick=1300 Equity=44254.02 OpenPos=0 PendingOrders=0 UTC=2026.03.12 02:16 DayOfWeek=4 WeekendCloseActive=NO NewTradeBlocked=NO | 1300.000000
OG	0	20:18:14.378	Cazyxio_v4.3 (EURUSD,M15)	2026.03.12 02:18:14 | HEARTBEAT | SYSTEM | EA alive. Tick=1400 Equity=44254.02 OpenPos=0 PendingOrders=0 UTC=2026.03.12 02:18 DayOfWeek=4 WeekendCloseActive=NO NewTradeBlocked=NO | 1400.000000
RP	0	20:20:19.954	Cazyxio_v4.3 (EURUSD,M15)	2026.03.12 02:20:19 | HEARTBEAT | SYSTEM | EA alive. Tick=1500 Equity=44254.02 OpenPos=0 PendingOrders=0 UTC=2026.03.12 02:20 DayOfWeek=4 WeekendCloseActive=NO NewTradeBlocked=NO | 1500.000000
CR	0	20:22:13.067	Cazyxio_v4.3 (EURUSD,M15)	2026.03.12 02:22:13 | HEARTBEAT | SYSTEM | EA alive. Tick=1600 Equity=44254.02 OpenPos=0 PendingOrders=0 UTC=2026.03.12 02:22 DayOfWeek=4 WeekendCloseActive=NO NewTradeBlocked=NO | 1600.000000
RL	0	20:25:10.342	Cazyxio_v4.3 (EURUSD,M15)	2026.03.12 02:25:10 | HEARTBEAT | SYSTEM | EA alive. Tick=1700 Equity=44254.02 OpenPos=0 PendingOrders=0 UTC=2026.03.12 02:25 DayOfWeek=4 WeekendCloseActive=NO NewTradeBlocked=NO | 1700.000000
PN	0	20:27:23.537	Cazyxio_v4.3 (EURUSD,M15)	2026.03.12 02:27:23 | HEARTBEAT | SYSTEM | EA alive. Tick=1800 Equity=44254.02 OpenPos=0 PendingOrders=0 UTC=2026.03.12 02:27 DayOfWeek=4 WeekendCloseActive=NO NewTradeBlocked=NO | 1800.000000
HK	0	20:28:59.684	Cazyxio_v4.3 (EURUSD,M15)	2026.03.12 02:28:59 | HEARTBEAT | SYSTEM | EA alive. Tick=1900 Equity=44254.02 OpenPos=0 PendingOrders=0 UTC=2026.03.12 02:28 DayOfWeek=4 WeekendCloseActive=NO NewTradeBlocked=NO | 1900.000000
EE	0	20:30:51.734	Cazyxio_v4.3 (EURUSD,M15)	2026.03.12 02:30:51 | HEARTBEAT | SYSTEM | EA alive. Tick=2000 Equity=44254.02 OpenPos=0 PendingOrders=0 UTC=2026.03.12 02:30 DayOfWeek=4 WeekendCloseActive=NO NewTradeBlocked=NO | 2000.000000
GG	0	20:32:11.800	Cazyxio_v4.3 (EURUSD,M15)	2026.03.12 02:32:11 | HEARTBEAT | SYSTEM | EA alive. Tick=2100 Equity=44254.02 OpenPos=0 PendingOrders=0 UTC=2026.03.12 02:32 DayOfWeek=4 WeekendCloseActive=NO NewTradeBlocked=NO | 2100.000000
PQ	0	20:34:07.056	Cazyxio_v4.3 (EURUSD,M15)	2026.03.12 02:34:07 | HEARTBEAT | SYSTEM | EA alive. Tick=2200 Equity=44254.02 OpenPos=0 PendingOrders=0 UTC=2026.03.12 02:34 DayOfWeek=4 WeekendCloseActive=NO NewTradeBlocked=NO | 2200.000000
GR	0	20:35:49.997	Cazyxio_v4.3 (EURUSD,M15)	2026.03.12 02:35:49 | HEARTBEAT | SYSTEM | EA alive. Tick=2300 Equity=44254.02 OpenPos=0 PendingOrders=0 UTC=2026.03.12 02:35 DayOfWeek=4 WeekendCloseActive=NO NewTradeBlocked=NO | 2300.000000
GL	0	20:36:44.527	Cazyxio_v4.3 (EURUSD,M15)	2026.03.12 02:36:44 | HEARTBEAT | SYSTEM | EA alive. Tick=2400 Equity=44254.02 OpenPos=0 PendingOrders=0 UTC=2026.03.12 02:36 DayOfWeek=4 WeekendCloseActive=NO NewTradeBlocked=NO | 2400.000000
FN	0	20:38:14.005	Cazyxio_v4.3 (EURUSD,M15)	2026.03.12 02:38:14 | HEARTBEAT | SYSTEM | EA alive. Tick=2500 Equity=44254.02 OpenPos=0 PendingOrders=0 UTC=2026.03.12 02:38 DayOfWeek=4 WeekendCloseActive=NO NewTradeBlocked=NO | 2500.000000
KH	0	20:39:37.931	Cazyxio_v4.3 (EURUSD,M15)	2026.03.12 02:39:37 | HEARTBEAT | SYSTEM | EA alive. Tick=2600 Equity=44254.02 OpenPos=0 PendingOrders=0 UTC=2026.03.12 02:39 DayOfWeek=4 WeekendCloseActive=NO NewTradeBlocked=NO | 2600.000000
FE	0	20:41:40.517	Cazyxio_v4.3 (EURUSD,M15)	2026.03.12 02:41:40 | HEARTBEAT | SYSTEM | EA alive. Tick=2700 Equity=44254.02 OpenPos=0 PendingOrders=0 UTC=2026.03.12 02:41 DayOfWeek=4 WeekendCloseActive=NO NewTradeBlocked=NO | 2700.000000
DG	0	20:43:10.667	Cazyxio_v4.3 (EURUSD,M15)	2026.03.12 02:43:10 | HEARTBEAT | SYSTEM | EA alive. Tick=2800 Equity=44254.02 OpenPos=0 PendingOrders=0 UTC=2026.03.12 02:43 DayOfWeek=4 WeekendCloseActive=NO NewTradeBlocked=NO | 2800.000000
LQ	0	20:44:44.150	Cazyxio_v4.3 (EURUSD,M15)	2026.03.12 02:44:44 | HEARTBEAT | SYSTEM | EA alive. Tick=2900 Equity=44254.02 OpenPos=0 PendingOrders=0 UTC=2026.03.12 02:44 DayOfWeek=4 WeekendCloseActive=NO NewTradeBlocked=NO | 2900.000000
HS	0	20:45:45.184	Cazyxio_v4.3 (EURUSD,M15)	2026.03.12 02:45:45 | HEARTBEAT | SYSTEM | EA alive. Tick=3000 Equity=44254.02 OpenPos=0 PendingOrders=0 UTC=2026.03.12 02:45 DayOfWeek=4 WeekendCloseActive=NO NewTradeBlocked=NO | 3000.000000
NL	0	20:47:41.386	Cazyxio_v4.3 (EURUSD,M15)	2026.03.12 02:47:41 | HEARTBEAT | SYSTEM | EA alive. Tick=3100 Equity=44254.02 OpenPos=0 PendingOrders=0 UTC=2026.03.12 02:47 DayOfWeek=4 WeekendCloseActive=NO NewTradeBlocked=NO | 3100.000000
ON	0	20:48:52.562	Cazyxio_v4.3 (EURUSD,M15)	2026.03.12 02:48:52 | HEARTBEAT | SYSTEM | EA alive. Tick=3200 Equity=44254.02 OpenPos=0 PendingOrders=0 UTC=2026.03.12 02:48 DayOfWeek=4 WeekendCloseActive=NO NewTradeBlocked=NO | 3200.000000
DH	0	20:49:56.551	Cazyxio_v4.3 (EURUSD,M15)	2026.03.12 02:49:56 | HEARTBEAT | SYSTEM | EA alive. Tick=3300 Equity=44254.02 OpenPos=0 PendingOrders=0 UTC=2026.03.12 02:49 DayOfWeek=4 WeekendCloseActive=NO NewTradeBlocked=NO | 3300.000000
JJ	0	20:51:36.569	Cazyxio_v4.3 (EURUSD,M15)	2026.03.12 02:51:36 | HEARTBEAT | SYSTEM | EA alive. Tick=3400 Equity=44254.02 OpenPos=0 PendingOrders=0 UTC=2026.03.12 02:51 DayOfWeek=4 WeekendCloseActive=NO NewTradeBlocked=NO | 3400.000000
QG	0	20:53:02.638	Cazyxio_v4.3 (EURUSD,M15)	2026.03.12 02:53:02 | HEARTBEAT | SYSTEM | EA alive. Tick=3500 Equity=44254.02 OpenPos=0 PendingOrders=0 UTC=2026.03.12 02:53 DayOfWeek=4 WeekendCloseActive=NO NewTradeBlocked=NO | 3500.000000
DQ	0	20:54:55.203	Cazyxio_v4.3 (EURUSD,M15)	2026.03.12 02:54:55 | HEARTBEAT | SYSTEM | EA alive. Tick=3600 Equity=44254.02 OpenPos=0 PendingOrders=0 UTC=2026.03.12 02:54 DayOfWeek=4 WeekendCloseActive=NO NewTradeBlocked=NO | 3600.000000
NS	0	20:56:15.306	Cazyxio_v4.3 (EURUSD,M15)	2026.03.12 02:56:15 | HEARTBEAT | SYSTEM | EA alive. Tick=3700 Equity=44254.02 OpenPos=0 PendingOrders=0 UTC=2026.03.12 02:56 DayOfWeek=4 WeekendCloseActive=NO NewTradeBlocked=NO | 3700.000000
OM	0	20:58:01.383	Cazyxio_v4.3 (EURUSD,M15)	2026.03.12 02:58:01 | HEARTBEAT | SYSTEM | EA alive. Tick=3800 Equity=44254.02 OpenPos=0 PendingOrders=0 UTC=2026.03.12 02:58 DayOfWeek=4 WeekendCloseActive=NO NewTradeBlocked=NO | 3800.000000
KN	0	20:59:27.144	Cazyxio_v4.3 (EURUSD,M15)	2026.03.12 02:59:27 | HEARTBEAT | SYSTEM | EA alive. Tick=3900 Equity=44254.02 OpenPos=0 PendingOrders=0 UTC=2026.03.12 02:59 DayOfWeek=4 WeekendCloseActive=NO NewTradeBlocked=NO | 3900.000000
JF	0	21:00:00.755	Cazyxio_v4.3 (EURUSD,M15)	2026.03.12 03:00:00 | SESSION_WAIT | SYSTEM | Outside session. UTC_hour=3 Waiting.
GH	0	21:00:54.949	Cazyxio_v4.3 (EURUSD,M15)	2026.03.12 03:00:54 | HEARTBEAT | SYSTEM | EA alive. Tick=4000 Equity=44254.02 OpenPos=0 PendingOrders=0 UTC=2026.03.12 03:00 DayOfWeek=4 WeekendCloseActive=NO NewTradeBlocked=NO | 4000.000000
IJ	0	21:02:42.080	Cazyxio_v4.3 (EURUSD,M15)	2026.03.12 03:02:42 | HEARTBEAT | SYSTEM | EA alive. Tick=4100 Equity=44254.02 OpenPos=0 PendingOrders=0 UTC=2026.03.12 03:02 DayOfWeek=4 WeekendCloseActive=NO NewTradeBlocked=NO | 4100.000000
ED	0	21:04:39.842	Cazyxio_v4.3 (EURUSD,M15)	2026.03.12 03:04:39 | HEARTBEAT | SYSTEM | EA alive. Tick=4200 Equity=44254.02 OpenPos=0 PendingOrders=0 UTC=2026.03.12 03:04 DayOfWeek=4 WeekendCloseActive=NO NewTradeBlocked=NO | 4200.000000
FQ	0	21:06:22.133	Cazyxio_v4.3 (EURUSD,M15)	2026.03.12 03:06:22 | HEARTBEAT | SYSTEM | EA alive. Tick=4300 Equity=44254.02 OpenPos=0 PendingOrders=0 UTC=2026.03.12 03:06 DayOfWeek=4 WeekendCloseActive=NO NewTradeBlocked=NO | 4300.000000
IS	0	21:08:29.680	Cazyxio_v4.3 (EURUSD,M15)	2026.03.12 03:08:29 | HEARTBEAT | SYSTEM | EA alive. Tick=4400 Equity=44254.02 OpenPos=0 PendingOrders=0 UTC=2026.03.12 03:08 DayOfWeek=4 WeekendCloseActive=NO NewTradeBlocked=NO | 4400.000000
LM	0	21:10:11.343	Cazyxio_v4.3 (EURUSD,M15)	2026.03.12 03:10:11 | HEARTBEAT | SYSTEM | EA alive. Tick=4500 Equity=44254.02 OpenPos=0 PendingOrders=0 UTC=2026.03.12 03:10 DayOfWeek=4 WeekendCloseActive=NO NewTradeBlocked=NO | 4500.000000
HO	0	21:12:23.428	Cazyxio_v4.3 (EURUSD,M15)	2026.03.12 03:12:23 | HEARTBEAT | SYSTEM | EA alive. Tick=4600 Equity=44254.02 OpenPos=0 PendingOrders=0 UTC=2026.03.12 03:12 DayOfWeek=4 WeekendCloseActive=NO NewTradeBlocked=NO | 4600.000000
IH	0	21:14:25.474	Cazyxio_v4.3 (EURUSD,M15)	2026.03.12 03:14:25 | HEARTBEAT | SYSTEM | EA alive. Tick=4700 Equity=44254.02 OpenPos=0 PendingOrders=0 UTC=2026.03.12 03:14 DayOfWeek=4 WeekendCloseActive=NO NewTradeBlocked=NO | 4700.000000
MJ	0	21:16:54.962	Cazyxio_v4.3 (EURUSD,M15)	2026.03.12 03:16:54 | HEARTBEAT | SYSTEM | EA alive. Tick=4800 Equity=44254.02 OpenPos=0 PendingOrders=0 UTC=2026.03.12 03:16 DayOfWeek=4 WeekendCloseActive=NO NewTradeBlocked=NO | 4800.000000
LD	0	21:18:56.185	Cazyxio_v4.3 (EURUSD,M15)	2026.03.12 03:18:56 | HEARTBEAT | SYSTEM | EA alive. Tick=4900 Equity=44254.02 OpenPos=0 PendingOrders=0 UTC=2026.03.12 03:18 DayOfWeek=4 WeekendCloseActive=NO NewTradeBlocked=NO | 4900.000000
OF	0	21:20:34.006	Cazyxio_v4.3 (EURUSD,M15)	2026.03.12 03:20:34 | HEARTBEAT | SYSTEM | EA alive. Tick=5000 Equity=44254.02 OpenPos=0 PendingOrders=0 UTC=2026.03.12 03:20 DayOfWeek=4 WeekendCloseActive=NO NewTradeBlocked=NO | 5000.000000
CS	0	21:24:17.121	Cazyxio_v4.3 (EURUSD,M15)	2026.03.12 03:24:17 | HEARTBEAT | SYSTEM | EA alive. Tick=5100 Equity=44254.02 OpenPos=0 PendingOrders=0 UTC=2026.03.12 03:24 DayOfWeek=4 WeekendCloseActive=NO NewTradeBlocked=NO | 5100.000000
NM	0	21:27:26.068	Cazyxio_v4.3 (EURUSD,M15)	2026.03.12 03:27:26 | HEARTBEAT | SYSTEM | EA alive. Tick=5200 Equity=44254.02 OpenPos=0 PendingOrders=0 UTC=2026.03.12 03:27 DayOfWeek=4 WeekendCloseActive=NO NewTradeBlocked=NO | 5200.000000
NO	0	21:30:09.631	Cazyxio_v4.3 (EURUSD,M15)	2026.03.12 03:30:09 | HEARTBEAT | SYSTEM | EA alive. Tick=5300 Equity=44254.02 OpenPos=0 PendingOrders=0 UTC=2026.03.12 03:30 DayOfWeek=4 WeekendCloseActive=NO NewTradeBlocked=NO | 5300.000000
GI	0	21:32:50.782	Cazyxio_v4.3 (EURUSD,M15)	2026.03.12 03:32:50 | HEARTBEAT | SYSTEM | EA alive. Tick=5400 Equity=44254.02 OpenPos=0 PendingOrders=0 UTC=2026.03.12 03:32 DayOfWeek=4 WeekendCloseActive=NO NewTradeBlocked=NO | 5400.000000
HJ	0	21:35:34.362	Cazyxio_v4.3 (EURUSD,M15)	2026.03.12 03:35:34 | HEARTBEAT | SYSTEM | EA alive. Tick=5500 Equity=44254.02 OpenPos=0 PendingOrders=0 UTC=2026.03.12 03:35 DayOfWeek=4 WeekendCloseActive=NO NewTradeBlocked=NO | 5500.000000
ND	0	21:37:33.285	Cazyxio_v4.3 (EURUSD,M15)	2026.03.12 03:37:33 | HEARTBEAT | SYSTEM | EA alive. Tick=5600 Equity=44254.02 OpenPos=0 PendingOrders=0 UTC=2026.03.12 03:37 DayOfWeek=4 WeekendCloseActive=NO NewTradeBlocked=NO | 5600.000000
OF	0	21:40:29.523	Cazyxio_v4.3 (EURUSD,M15)	2026.03.12 03:40:29 | HEARTBEAT | SYSTEM | EA alive. Tick=5700 Equity=44254.02 OpenPos=0 PendingOrders=0 UTC=2026.03.12 03:40 DayOfWeek=4 WeekendCloseActive=NO NewTradeBlocked=NO | 5700.000000
KP	0	21:43:33.601	Cazyxio_v4.3 (EURUSD,M15)	2026.03.12 03:43:33 | HEARTBEAT | SYSTEM | EA alive. Tick=5800 Equity=44254.02 OpenPos=0 PendingOrders=0 UTC=2026.03.12 03:43 DayOfWeek=4 WeekendCloseActive=NO NewTradeBlocked=NO | 5800.000000
KM	0	21:48:10.231	Cazyxio_v4.3 (EURUSD,M15)	2026.03.12 03:48:10 | HEARTBEAT | SYSTEM | EA alive. Tick=5900 Equity=44254.02 OpenPos=0 PendingOrders=0 UTC=2026.03.12 03:48 DayOfWeek=4 WeekendCloseActive=NO NewTradeBlocked=NO | 5900.000000
LO	0	21:51:57.148	Cazyxio_v4.3 (EURUSD,M15)	2026.03.12 03:51:57 | HEARTBEAT | SYSTEM | EA alive. Tick=6000 Equity=44254.02 OpenPos=0 PendingOrders=0 UTC=2026.03.12 03:51 DayOfWeek=4 WeekendCloseActive=NO NewTradeBlocked=NO | 6000.000000
EI	0	21:54:39.593	Cazyxio_v4.3 (EURUSD,M15)	2026.03.12 03:54:39 | HEARTBEAT | SYSTEM | EA alive. Tick=6100 Equity=44254.02 OpenPos=0 PendingOrders=0 UTC=2026.03.12 03:54 DayOfWeek=4 WeekendCloseActive=NO NewTradeBlocked=NO | 6100.000000
KK	0	21:58:10.287	Cazyxio_v4.3 (EURUSD,M15)	2026.03.12 03:58:10 | HEARTBEAT | SYSTEM | EA alive. Tick=6200 Equity=44254.02 OpenPos=0 PendingOrders=0 UTC=2026.03.12 03:58 DayOfWeek=4 WeekendCloseActive=NO NewTradeBlocked=NO | 6200.000000
NJ	0	22:00:00.048	Cazyxio_v4.3 (EURUSD,M15)	2026.03.12 04:00:00 | SESSION_WAIT | SYSTEM | Outside session. UTC_hour=4 Waiting.
DD	0	22:00:50.644	Cazyxio_v4.3 (EURUSD,M15)	2026.03.12 04:00:50 | HEARTBEAT | SYSTEM | EA alive. Tick=6300 Equity=44254.02 OpenPos=0 PendingOrders=0 UTC=2026.03.12 04:00 DayOfWeek=4 WeekendCloseActive=NO NewTradeBlocked=NO | 6300.000000
EF	0	22:04:17.072	Cazyxio_v4.3 (EURUSD,M15)	2026.03.12 04:04:17 | HEARTBEAT | SYSTEM | EA alive. Tick=6400 Equity=44254.02 OpenPos=0 PendingOrders=0 UTC=2026.03.12 04:04 DayOfWeek=4 WeekendCloseActive=NO NewTradeBlocked=NO | 6400.000000
RP	0	22:06:10.170	Cazyxio_v4.3 (EURUSD,M15)	2026.03.12 04:06:10 | HEARTBEAT | SYSTEM | EA alive. Tick=6500 Equity=44254.02 OpenPos=0 PendingOrders=0 UTC=2026.03.12 04:06 DayOfWeek=4 WeekendCloseActive=NO NewTradeBlocked=NO | 6500.000000
NR	0	22:08:06.866	Cazyxio_v4.3 (EURUSD,M15)	2026.03.12 04:08:06 | HEARTBEAT | SYSTEM | EA alive. Tick=6600 Equity=44254.02 OpenPos=0 PendingOrders=0 UTC=2026.03.12 04:08 DayOfWeek=4 WeekendCloseActive=NO NewTradeBlocked=NO | 6600.000000
EO	0	22:10:01.235	Cazyxio_v4.3 (EURUSD,M15)	2026.03.12 04:10:01 | HEARTBEAT | SYSTEM | EA alive. Tick=6700 Equity=44254.02 OpenPos=0 PendingOrders=0 UTC=2026.03.12 04:10 DayOfWeek=4 WeekendCloseActive=NO NewTradeBlocked=NO | 6700.000000
JI	0	22:14:31.230	Cazyxio_v4.3 (EURUSD,M15)	2026.03.12 04:14:31 | HEARTBEAT | SYSTEM | EA alive. Tick=6800 Equity=44254.02 OpenPos=0 PendingOrders=0 UTC=2026.03.12 04:14 DayOfWeek=4 WeekendCloseActive=NO NewTradeBlocked=NO | 6800.000000
KK	0	22:17:40.472	Cazyxio_v4.3 (EURUSD,M15)	2026.03.12 04:17:40 | HEARTBEAT | SYSTEM | EA alive. Tick=6900 Equity=44254.02 OpenPos=0 PendingOrders=0 UTC=2026.03.12 04:17 DayOfWeek=4 WeekendCloseActive=NO NewTradeBlocked=NO | 6900.000000
NE	0	22:20:09.266	Cazyxio_v4.3 (EURUSD,M15)	2026.03.12 04:20:09 | HEARTBEAT | SYSTEM | EA alive. Tick=7000 Equity=44254.02 OpenPos=0 PendingOrders=0 UTC=2026.03.12 04:20 DayOfWeek=4 WeekendCloseActive=NO NewTradeBlocked=NO | 7000.000000
LF	0	22:24:16.822	Cazyxio_v4.3 (EURUSD,M15)	2026.03.12 04:24:16 | HEARTBEAT | SYSTEM | EA alive. Tick=7100 Equity=44254.02 OpenPos=0 PendingOrders=0 UTC=2026.03.12 04:24 DayOfWeek=4 WeekendCloseActive=NO NewTradeBlocked=NO | 7100.000000
KP	0	22:28:29.256	Cazyxio_v4.3 (EURUSD,M15)	2026.03.12 04:28:29 | HEARTBEAT | SYSTEM | EA alive. Tick=7200 Equity=44254.02 OpenPos=0 PendingOrders=0 UTC=2026.03.12 04:28 DayOfWeek=4 WeekendCloseActive=NO NewTradeBlocked=NO | 7200.000000
QR	0	22:32:29.505	Cazyxio_v4.3 (EURUSD,M15)	2026.03.12 04:32:29 | HEARTBEAT | SYSTEM | EA alive. Tick=7300 Equity=44254.02 OpenPos=0 PendingOrders=0 UTC=2026.03.12 04:32 DayOfWeek=4 WeekendCloseActive=NO NewTradeBlocked=NO | 7300.000000
NL	0	22:35:28.060	Cazyxio_v4.3 (EURUSD,M15)	2026.03.12 04:35:28 | HEARTBEAT | SYSTEM | EA alive. Tick=7400 Equity=44254.02 OpenPos=0 PendingOrders=0 UTC=2026.03.12 04:35 DayOfWeek=4 WeekendCloseActive=NO NewTradeBlocked=NO | 7400.000000
OI	0	22:38:24.880	Cazyxio_v4.3 (EURUSD,M15)	2026.03.12 04:38:24 | HEARTBEAT | SYSTEM | EA alive. Tick=7500 Equity=44254.02 OpenPos=0 PendingOrders=0 UTC=2026.03.12 04:38 DayOfWeek=4 WeekendCloseActive=NO NewTradeBlocked=NO | 7500.000000
MK	0	22:41:40.927	Cazyxio_v4.3 (EURUSD,M15)	2026.03.12 04:41:40 | HEARTBEAT | SYSTEM | EA alive. Tick=7600 Equity=44254.02 OpenPos=0 PendingOrders=0 UTC=2026.03.12 04:41 DayOfWeek=4 WeekendCloseActive=NO NewTradeBlocked=NO | 7600.000000
OE	0	22:43:41.646	Cazyxio_v4.3 (EURUSD,M15)	2026.03.12 04:43:41 | HEARTBEAT | SYSTEM | EA alive. Tick=7700 Equity=44254.02 OpenPos=0 PendingOrders=0 UTC=2026.03.12 04:43 DayOfWeek=4 WeekendCloseActive=NO NewTradeBlocked=NO | 7700.000000
OG	0	22:46:50.757	Cazyxio_v4.3 (EURUSD,M15)	2026.03.12 04:46:50 | HEARTBEAT | SYSTEM | EA alive. Tick=7800 Equity=44254.02 OpenPos=0 PendingOrders=0 UTC=2026.03.12 04:46 DayOfWeek=4 WeekendCloseActive=NO NewTradeBlocked=NO | 7800.000000
EP	0	22:50:08.743	Cazyxio_v4.3 (EURUSD,M15)	2026.03.12 04:50:08 | HEARTBEAT | SYSTEM | EA alive. Tick=7900 Equity=44254.02 OpenPos=0 PendingOrders=0 UTC=2026.03.12 04:50 DayOfWeek=4 WeekendCloseActive=NO NewTradeBlocked=NO | 7900.000000
MR	0	22:54:12.293	Cazyxio_v4.3 (EURUSD,M15)	2026.03.12 04:54:12 | HEARTBEAT | SYSTEM | EA alive. Tick=8000 Equity=44254.02 OpenPos=0 PendingOrders=0 UTC=2026.03.12 04:54 DayOfWeek=4 WeekendCloseActive=NO NewTradeBlocked=NO | 8000.000000
OL	0	22:56:40.099	Cazyxio_v4.3 (EURUSD,M15)	2026.03.12 04:56:40 | HEARTBEAT | SYSTEM | EA alive. Tick=8100 Equity=44254.02 OpenPos=0 PendingOrders=0 UTC=2026.03.12 04:56 DayOfWeek=4 WeekendCloseActive=NO NewTradeBlocked=NO | 8100.000000
QN	0	22:59:09.977	Cazyxio_v4.3 (EURUSD,M15)	2026.03.12 04:59:09 | HEARTBEAT | SYSTEM | EA alive. Tick=8200 Equity=44254.02 OpenPos=0 PendingOrders=0 UTC=2026.03.12 04:59 DayOfWeek=4 WeekendCloseActive=NO NewTradeBlocked=NO | 8200.000000
QE	0	23:00:00.008	Cazyxio_v4.3 (EURUSD,M15)	2026.03.12 05:00:00 | SESSION_WAIT | SYSTEM | Outside session. UTC_hour=5 Waiting.
OK	0	23:02:01.239	Cazyxio_v4.3 (EURUSD,M15)	2026.03.12 05:02:01 | HEARTBEAT | SYSTEM | EA alive. Tick=8300 Equity=44254.02 OpenPos=0 PendingOrders=0 UTC=2026.03.12 05:02 DayOfWeek=4 WeekendCloseActive=NO NewTradeBlocked=NO | 8300.000000
FE	0	23:03:11.417	Cazyxio_v4.3 (EURUSD,M15)	2026.03.12 05:03:11 | HEARTBEAT | SYSTEM | EA alive. Tick=8400 Equity=44254.02 OpenPos=0 PendingOrders=0 UTC=2026.03.12 05:03 DayOfWeek=4 WeekendCloseActive=NO NewTradeBlocked=NO | 8400.000000
NG	0	23:03:53.996	Cazyxio_v4.3 (EURUSD,M15)	2026.03.12 05:03:53 | HEARTBEAT | SYSTEM | EA alive. Tick=8500 Equity=44254.02 OpenPos=0 PendingOrders=0 UTC=2026.03.12 05:03 DayOfWeek=4 WeekendCloseActive=NO NewTradeBlocked=NO | 8500.000000
GQ	0	23:04:44.659	Cazyxio_v4.3 (EURUSD,M15)	2026.03.12 05:04:44 | HEARTBEAT | SYSTEM | EA alive. Tick=8600 Equity=44254.02 OpenPos=0 PendingOrders=0 UTC=2026.03.12 05:04 DayOfWeek=4 WeekendCloseActive=NO NewTradeBlocked=NO | 8600.000000
FR	0	23:06:09.773	Cazyxio_v4.3 (EURUSD,M15)	2026.03.12 05:06:09 | HEARTBEAT | SYSTEM | EA alive. Tick=8700 Equity=44254.02 OpenPos=0 PendingOrders=0 UTC=2026.03.12 05:06 DayOfWeek=4 WeekendCloseActive=NO NewTradeBlocked=NO | 8700.000000
FL	0	23:07:32.305	Cazyxio_v4.3 (EURUSD,M15)	2026.03.12 05:07:32 | HEARTBEAT | SYSTEM | EA alive. Tick=8800 Equity=44254.02 OpenPos=0 PendingOrders=0 UTC=2026.03.12 05:07 DayOfWeek=4 WeekendCloseActive=NO NewTradeBlocked=NO | 8800.000000
GN	0	23:08:51.651	Cazyxio_v4.3 (EURUSD,M15)	2026.03.12 05:08:51 | HEARTBEAT | SYSTEM | EA alive. Tick=8900 Equity=44254.02 OpenPos=0 PendingOrders=0 UTC=2026.03.12 05:08 DayOfWeek=4 WeekendCloseActive=NO NewTradeBlocked=NO | 8900.000000
IH	0	23:10:32.409	Cazyxio_v4.3 (EURUSD,M15)	2026.03.12 05:10:32 | HEARTBEAT | SYSTEM | EA alive. Tick=9000 Equity=44254.02 OpenPos=0 PendingOrders=0 UTC=2026.03.12 05:10 DayOfWeek=4 WeekendCloseActive=NO NewTradeBlocked=NO | 9000.000000
NE	0	23:12:00.178	Cazyxio_v4.3 (EURUSD,M15)	2026.03.12 05:12:00 | HEARTBEAT | SYSTEM | EA alive. Tick=9100 Equity=44254.02 OpenPos=0 PendingOrders=0 UTC=2026.03.12 05:12 DayOfWeek=4 WeekendCloseActive=NO NewTradeBlocked=NO | 9100.000000
KG	0	23:13:55.888	Cazyxio_v4.3 (EURUSD,M15)	2026.03.12 05:13:55 | HEARTBEAT | SYSTEM | EA alive. Tick=9200 Equity=44254.02 OpenPos=0 PendingOrders=0 UTC=2026.03.12 05:13 DayOfWeek=4 WeekendCloseActive=NO NewTradeBlocked=NO | 9200.000000
KQ	0	23:15:37.929	Cazyxio_v4.3 (EURUSD,M15)	2026.03.12 05:15:37 | HEARTBEAT | SYSTEM | EA alive. Tick=9300 Equity=44254.02 OpenPos=0 PendingOrders=0 UTC=2026.03.12 05:15 DayOfWeek=4 WeekendCloseActive=NO NewTradeBlocked=NO | 9300.000000
PS	0	23:17:13.000	Cazyxio_v4.3 (EURUSD,M15)	2026.03.12 05:17:12 | HEARTBEAT | SYSTEM | EA alive. Tick=9400 Equity=44254.02 OpenPos=0 PendingOrders=0 UTC=2026.03.12 05:17 DayOfWeek=4 WeekendCloseActive=NO NewTradeBlocked=NO | 9400.000000
NL	0	23:18:30.105	Cazyxio_v4.3 (EURUSD,M15)	2026.03.12 05:18:30 | HEARTBEAT | SYSTEM | EA alive. Tick=9500 Equity=44254.02 OpenPos=0 PendingOrders=0 UTC=2026.03.12 05:18 DayOfWeek=4 WeekendCloseActive=NO NewTradeBlocked=NO | 9500.000000
CN	0	23:19:46.129	Cazyxio_v4.3 (EURUSD,M15)	2026.03.12 05:19:46 | HEARTBEAT | SYSTEM | EA alive. Tick=9600 Equity=44254.02 OpenPos=0 PendingOrders=0 UTC=2026.03.12 05:19 DayOfWeek=4 WeekendCloseActive=NO NewTradeBlocked=NO | 9600.000000
MH	0	23:21:28.142	Cazyxio_v4.3 (EURUSD,M15)	2026.03.12 05:21:28 | HEARTBEAT | SYSTEM | EA alive. Tick=9700 Equity=44254.02 OpenPos=0 PendingOrders=0 UTC=2026.03.12 05:21 DayOfWeek=4 WeekendCloseActive=NO NewTradeBlocked=NO | 9700.000000
QJ	0	23:23:42.335	Cazyxio_v4.3 (EURUSD,M15)	2026.03.12 05:23:42 | HEARTBEAT | SYSTEM | EA alive. Tick=9800 Equity=44254.02 OpenPos=0 PendingOrders=0 UTC=2026.03.12 05:23 DayOfWeek=4 WeekendCloseActive=NO NewTradeBlocked=NO | 9800.000000
EG	0	23:25:18.003	Cazyxio_v4.3 (EURUSD,M15)	2026.03.12 05:25:18 | HEARTBEAT | SYSTEM | EA alive. Tick=9900 Equity=44254.02 OpenPos=0 PendingOrders=0 UTC=2026.03.12 05:25 DayOfWeek=4 WeekendCloseActive=NO NewTradeBlocked=NO | 9900.000000
QQ	0	23:26:58.118	Cazyxio_v4.3 (EURUSD,M15)	2026.03.12 05:26:58 | HEARTBEAT | SYSTEM | EA alive. Tick=10000 Equity=44254.02 OpenPos=0 PendingOrders=0 UTC=2026.03.12 05:26 DayOfWeek=4 WeekendCloseActive=NO NewTradeBlocked=NO | 10000.000000
DS	0	23:28:18.595	Cazyxio_v4.3 (EURUSD,M15)	2026.03.12 05:28:18 | HEARTBEAT | SYSTEM | EA alive. Tick=10100 Equity=44254.02 OpenPos=0 PendingOrders=0 UTC=2026.03.12 05:28 DayOfWeek=4 WeekendCloseActive=NO NewTradeBlocked=NO | 10100.000000
KM	0	23:29:56.212	Cazyxio_v4.3 (EURUSD,M15)	2026.03.12 05:29:56 | HEARTBEAT | SYSTEM | EA alive. Tick=10200 Equity=44254.02 OpenPos=0 PendingOrders=0 UTC=2026.03.12 05:29 DayOfWeek=4 WeekendCloseActive=NO NewTradeBlocked=NO | 10200.000000
DO	0	23:31:20.331	Cazyxio_v4.3 (EURUSD,M15)	2026.03.12 05:31:20 | HEARTBEAT | SYSTEM | EA alive. Tick=10300 Equity=44254.02 OpenPos=0 PendingOrders=0 UTC=2026.03.12 05:31 DayOfWeek=4 WeekendCloseActive=NO NewTradeBlocked=NO | 10300.000000
PI	0	23:33:52.834	Cazyxio_v4.3 (EURUSD,M15)	2026.03.12 05:33:52 | HEARTBEAT | SYSTEM | EA alive. Tick=10400 Equity=44254.02 OpenPos=0 PendingOrders=0 UTC=2026.03.12 05:33 DayOfWeek=4 WeekendCloseActive=NO NewTradeBlocked=NO | 10400.000000
RK	0	23:35:45.856	Cazyxio_v4.3 (EURUSD,M15)	2026.03.12 05:35:45 | HEARTBEAT | SYSTEM | EA alive. Tick=10500 Equity=44254.02 OpenPos=0 PendingOrders=0 UTC=2026.03.12 05:35 DayOfWeek=4 WeekendCloseActive=NO NewTradeBlocked=NO | 10500.000000
KE	0	23:37:43.079	Cazyxio_v4.3 (EURUSD,M15)	2026.03.12 05:37:43 | HEARTBEAT | SYSTEM | EA alive. Tick=10600 Equity=44254.02 OpenPos=0 PendingOrders=0 UTC=2026.03.12 05:37 DayOfWeek=4 WeekendCloseActive=NO NewTradeBlocked=NO | 10600.000000
RG	0	23:39:57.502	Cazyxio_v4.3 (EURUSD,M15)	2026.03.12 05:39:57 | HEARTBEAT | SYSTEM | EA alive. Tick=10700 Equity=44254.02 OpenPos=0 PendingOrders=0 UTC=2026.03.12 05:39 DayOfWeek=4 WeekendCloseActive=NO NewTradeBlocked=NO | 10700.000000
CQ	0	23:42:20.477	Cazyxio_v4.3 (EURUSD,M15)	2026.03.12 05:42:20 | HEARTBEAT | SYSTEM | EA alive. Tick=10800 Equity=44254.02 OpenPos=0 PendingOrders=0 UTC=2026.03.12 05:42 DayOfWeek=4 WeekendCloseActive=NO NewTradeBlocked=NO | 10800.000000
GS	0	23:43:51.100	Cazyxio_v4.3 (EURUSD,M15)	2026.03.12 05:43:51 | HEARTBEAT | SYSTEM | EA alive. Tick=10900 Equity=44254.02 OpenPos=0 PendingOrders=0 UTC=2026.03.12 05:43 DayOfWeek=4 WeekendCloseActive=NO NewTradeBlocked=NO | 10900.000000
JM	0	23:45:56.026	Cazyxio_v4.3 (EURUSD,M15)	2026.03.12 05:45:56 | HEARTBEAT | SYSTEM | EA alive. Tick=11000 Equity=44254.02 OpenPos=0 PendingOrders=0 UTC=2026.03.12 05:45 DayOfWeek=4 WeekendCloseActive=NO NewTradeBlocked=NO | 11000.000000
JO	0	23:48:04.955	Cazyxio_v4.3 (EURUSD,M15)	2026.03.12 05:48:04 | HEARTBEAT | SYSTEM | EA alive. Tick=11100 Equity=44254.02 OpenPos=0 PendingOrders=0 UTC=2026.03.12 05:48 DayOfWeek=4 WeekendCloseActive=NO NewTradeBlocked=NO | 11100.000000
II	0	23:49:11.845	Cazyxio_v4.3 (EURUSD,M15)	2026.03.12 05:49:11 | HEARTBEAT | SYSTEM | EA alive. Tick=11200 Equity=44254.02 OpenPos=0 PendingOrders=0 UTC=2026.03.12 05:49 DayOfWeek=4 WeekendCloseActive=NO NewTradeBlocked=NO | 11200.000000
HK	0	23:50:51.442	Cazyxio_v4.3 (EURUSD,M15)	2026.03.12 05:50:51 | HEARTBEAT | SYSTEM | EA alive. Tick=11300 Equity=44254.02 OpenPos=0 PendingOrders=0 UTC=2026.03.12 05:50 DayOfWeek=4 WeekendCloseActive=NO NewTradeBlocked=NO | 11300.000000
HE	0	23:52:39.808	Cazyxio_v4.3 (EURUSD,M15)	2026.03.12 05:52:39 | HEARTBEAT | SYSTEM | EA alive. Tick=11400 Equity=44254.02 OpenPos=0 PendingOrders=0 UTC=2026.03.12 05:52 DayOfWeek=4 WeekendCloseActive=NO NewTradeBlocked=NO | 11400.000000
LG	0	23:55:51.847	Cazyxio_v4.3 (EURUSD,M15)	2026.03.12 05:55:51 | HEARTBEAT | SYSTEM | EA alive. Tick=11500 Equity=44254.02 OpenPos=0 PendingOrders=0 UTC=2026.03.12 05:55 DayOfWeek=4 WeekendCloseActive=NO NewTradeBlocked=NO | 11500.000000
NQ	0	23:58:16.105	Cazyxio_v4.3 (EURUSD,M15)	2026.03.12 05:58:16 | HEARTBEAT | SYSTEM | EA alive. Tick=11600 Equity=44254.02 OpenPos=0 PendingOrders=0 UTC=2026.03.12 05:58 DayOfWeek=4 WeekendCloseActive=NO NewTradeBlocked=NO | 11600.000000
ES	0	23:59:32.972	Cazyxio_v4.3 (EURUSD,M15)	2026.03.12 05:59:32 | HEARTBEAT | SYSTEM | EA alive. Tick=11700 Equity=44254.02 OpenPos=0 PendingOrders=0 UTC=2026.03.12 05:59 DayOfWeek=4 WeekendCloseActive=NO NewTradeBlocked=NO | 11700.000000