IP	0	00:00:00.897	Cazyxio_v4.3 (EURUSD,M15)	2026.03.19 06:00:00 | SESSION_WAIT | SYSTEM | Outside session. UTC_hour=6 Waiting.
IN	0	00:00:10.264	Cazyxio_v4.3 (EURUSD,M15)	2026.03.19 06:00:10 | HEARTBEAT | SYSTEM | EA alive. Tick=189700 Equity=44547.82 OpenPos=0 PendingOrders=0 UTC=2026.03.19 06:00 DayOfWeek=4 WeekendCloseActive=NO NewTradeBlocked=NO | 189700.000000
EH	0	00:01:24.032	Cazyxio_v4.3 (EURUSD,M15)	2026.03.19 06:01:24 | HEARTBEAT | SYSTEM | EA alive. Tick=189800 Equity=44547.82 OpenPos=0 PendingOrders=0 UTC=2026.03.19 06:01 DayOfWeek=4 WeekendCloseActive=NO NewTradeBlocked=NO | 189800.000000
IJ	0	00:02:26.291	Cazyxio_v4.3 (EURUSD,M15)	2026.03.19 06:02:26 | HEARTBEAT | SYSTEM | EA alive. Tick=189900 Equity=44547.82 OpenPos=0 PendingOrders=0 UTC=2026.03.19 06:02 DayOfWeek=4 WeekendCloseActive=NO NewTradeBlocked=NO | 189900.000000
ND	0	00:04:47.207	Cazyxio_v4.3 (EURUSD,M15)	2026.03.19 06:04:47 | HEARTBEAT | SYSTEM | EA alive. Tick=190000 Equity=44547.82 OpenPos=0 PendingOrders=0 UTC=2026.03.19 06:04 DayOfWeek=4 WeekendCloseActive=NO NewTradeBlocked=NO | 190000.000000
CG	0	00:06:57.770	Cazyxio_v4.3 (EURUSD,M15)	2026.03.19 06:06:57 | HEARTBEAT | SYSTEM | EA alive. Tick=190100 Equity=44547.82 OpenPos=0 PendingOrders=0 UTC=2026.03.19 06:06 DayOfWeek=4 WeekendCloseActive=NO NewTradeBlocked=NO | 190100.000000
LQ	0	00:09:31.174	Cazyxio_v4.3 (EURUSD,M15)	2026.03.19 06:09:31 | HEARTBEAT | SYSTEM | EA alive. Tick=190200 Equity=44547.82 OpenPos=0 PendingOrders=0 UTC=2026.03.19 06:09 DayOfWeek=4 WeekendCloseActive=NO NewTradeBlocked=NO | 190200.000000
OS	0	00:11:35.714	Cazyxio_v4.3 (EURUSD,M15)	2026.03.19 06:11:35 | HEARTBEAT | SYSTEM | EA alive. Tick=190300 Equity=44547.82 OpenPos=0 PendingOrders=0 UTC=2026.03.19 06:11 DayOfWeek=4 WeekendCloseActive=NO NewTradeBlocked=NO | 190300.000000
QM	0	00:13:19.170	Cazyxio_v4.3 (EURUSD,M15)	2026.03.19 06:13:19 | HEARTBEAT | SYSTEM | EA alive. Tick=190400 Equity=44547.82 OpenPos=0 PendingOrders=0 UTC=2026.03.19 06:13 DayOfWeek=4 WeekendCloseActive=NO NewTradeBlocked=NO | 190400.000000
FL	0	00:15:14.573	Cazyxio_v4.3 (EURUSD,M15)	2026.03.19 06:15:14 | HEARTBEAT | SYSTEM | EA alive. Tick=190500 Equity=44547.82 OpenPos=0 PendingOrders=0 UTC=2026.03.19 06:15 DayOfWeek=4 WeekendCloseActive=NO NewTradeBlocked=NO | 190500.000000
IN	0	00:17:15.345	Cazyxio_v4.3 (EURUSD,M15)	2026.03.19 06:17:15 | HEARTBEAT | SYSTEM | EA alive. Tick=190600 Equity=44547.82 OpenPos=0 PendingOrders=0 UTC=2026.03.19 06:17 DayOfWeek=4 WeekendCloseActive=NO NewTradeBlocked=NO | 190600.000000
IH	0	00:18:33.054	Cazyxio_v4.3 (EURUSD,M15)	2026.03.19 06:18:33 | HEARTBEAT | SYSTEM | EA alive. Tick=190700 Equity=44547.82 OpenPos=0 PendingOrders=0 UTC=2026.03.19 06:18 DayOfWeek=4 WeekendCloseActive=NO NewTradeBlocked=NO | 190700.000000
MJ	0	00:20:01.345	Cazyxio_v4.3 (EURUSD,M15)	2026.03.19 06:20:01 | HEARTBEAT | SYSTEM | EA alive. Tick=190800 Equity=44547.82 OpenPos=0 PendingOrders=0 UTC=2026.03.19 06:20 DayOfWeek=4 WeekendCloseActive=NO NewTradeBlocked=NO | 190800.000000
OE	0	00:21:26.797	Cazyxio_v4.3 (EURUSD,M15)	2026.03.19 06:21:26 | HEARTBEAT | SYSTEM | EA alive. Tick=190900 Equity=44547.82 OpenPos=0 PendingOrders=0 UTC=2026.03.19 06:21 DayOfWeek=4 WeekendCloseActive=NO NewTradeBlocked=NO | 190900.000000
DG	0	00:23:08.714	Cazyxio_v4.3 (EURUSD,M15)	2026.03.19 06:23:08 | HEARTBEAT | SYSTEM | EA alive. Tick=191000 Equity=44547.82 OpenPos=0 PendingOrders=0 UTC=2026.03.19 06:23 DayOfWeek=4 WeekendCloseActive=NO NewTradeBlocked=NO | 191000.000000
GQ	0	00:25:15.683	Cazyxio_v4.3 (EURUSD,M15)	2026.03.19 06:25:15 | HEARTBEAT | SYSTEM | EA alive. Tick=191100 Equity=44547.82 OpenPos=0 PendingOrders=0 UTC=2026.03.19 06:25 DayOfWeek=4 WeekendCloseActive=NO NewTradeBlocked=NO | 191100.000000
RS	0	00:26:57.188	Cazyxio_v4.3 (EURUSD,M15)	2026.03.19 06:26:57 | HEARTBEAT | SYSTEM | EA alive. Tick=191200 Equity=44547.82 OpenPos=0 PendingOrders=0 UTC=2026.03.19 06:26 DayOfWeek=4 WeekendCloseActive=NO NewTradeBlocked=NO | 191200.000000
CR	0	00:28:43.084	Cazyxio_v4.3 (EURUSD,M15)	2026.03.19 06:28:43 | HEARTBEAT | SYSTEM | EA alive. Tick=191300 Equity=44547.82 OpenPos=0 PendingOrders=0 UTC=2026.03.19 06:28 DayOfWeek=4 WeekendCloseActive=NO NewTradeBlocked=NO | 191300.000000
FL	0	00:30:19.435	Cazyxio_v4.3 (EURUSD,M15)	2026.03.19 06:30:19 | HEARTBEAT | SYSTEM | EA alive. Tick=191400 Equity=44547.82 OpenPos=0 PendingOrders=0 UTC=2026.03.19 06:30 DayOfWeek=4 WeekendCloseActive=NO NewTradeBlocked=NO | 191400.000000
HN	0	00:31:34.283	Cazyxio_v4.3 (EURUSD,M15)	2026.03.19 06:31:34 | HEARTBEAT | SYSTEM | EA alive. Tick=191500 Equity=44547.82 OpenPos=0 PendingOrders=0 UTC=2026.03.19 06:31 DayOfWeek=4 WeekendCloseActive=NO NewTradeBlocked=NO | 191500.000000
RH	0	00:32:56.271	Cazyxio_v4.3 (EURUSD,M15)	2026.03.19 06:32:56 | HEARTBEAT | SYSTEM | EA alive. Tick=191600 Equity=44547.82 OpenPos=0 PendingOrders=0 UTC=2026.03.19 06:32 DayOfWeek=4 WeekendCloseActive=NO NewTradeBlocked=NO | 191600.000000
CK	0	00:34:17.098	Cazyxio_v4.3 (EURUSD,M15)	2026.03.19 06:34:17 | HEARTBEAT | SYSTEM | EA alive. Tick=191700 Equity=44547.82 OpenPos=0 PendingOrders=0 UTC=2026.03.19 06:34 DayOfWeek=4 WeekendCloseActive=NO NewTradeBlocked=NO | 191700.000000
GE	0	00:35:20.642	Cazyxio_v4.3 (EURUSD,M15)	2026.03.19 06:35:20 | HEARTBEAT | SYSTEM | EA alive. Tick=191800 Equity=44547.82 OpenPos=0 PendingOrders=0 UTC=2026.03.19 06:35 DayOfWeek=4 WeekendCloseActive=NO NewTradeBlocked=NO | 191800.000000
RG	0	00:36:19.646	Cazyxio_v4.3 (EURUSD,M15)	2026.03.19 06:36:19 | HEARTBEAT | SYSTEM | EA alive. Tick=191900 Equity=44547.82 OpenPos=0 PendingOrders=0 UTC=2026.03.19 06:36 DayOfWeek=4 WeekendCloseActive=NO NewTradeBlocked=NO | 191900.000000
RQ	0	00:37:44.472	Cazyxio_v4.3 (EURUSD,M15)	2026.03.19 06:37:44 | HEARTBEAT | SYSTEM | EA alive. Tick=192000 Equity=44547.82 OpenPos=0 PendingOrders=0 UTC=2026.03.19 06:37 DayOfWeek=4 WeekendCloseActive=NO NewTradeBlocked=NO | 192000.000000
OP	0	00:38:41.256	Cazyxio_v4.3 (EURUSD,M15)	2026.03.19 06:38:41 | HEARTBEAT | SYSTEM | EA alive. Tick=192100 Equity=44547.82 OpenPos=0 PendingOrders=0 UTC=2026.03.19 06:38 DayOfWeek=4 WeekendCloseActive=NO NewTradeBlocked=NO | 192100.000000
CR	0	00:40:04.666	Cazyxio_v4.3 (EURUSD,M15)	2026.03.19 06:40:04 | HEARTBEAT | SYSTEM | EA alive. Tick=192200 Equity=44547.82 OpenPos=0 PendingOrders=0 UTC=2026.03.19 06:40 DayOfWeek=4 WeekendCloseActive=NO NewTradeBlocked=NO | 192200.000000
HL	0	00:41:51.961	Cazyxio_v4.3 (EURUSD,M15)	2026.03.19 06:41:51 | HEARTBEAT | SYSTEM | EA alive. Tick=192300 Equity=44547.82 OpenPos=0 PendingOrders=0 UTC=2026.03.19 06:41 DayOfWeek=4 WeekendCloseActive=NO NewTradeBlocked=NO | 192300.000000
CN	0	00:42:59.729	Cazyxio_v4.3 (EURUSD,M15)	2026.03.19 06:42:59 | HEARTBEAT | SYSTEM | EA alive. Tick=192400 Equity=44547.82 OpenPos=0 PendingOrders=0 UTC=2026.03.19 06:42 DayOfWeek=4 WeekendCloseActive=NO NewTradeBlocked=NO | 192400.000000
FI	0	00:44:46.511	Cazyxio_v4.3 (EURUSD,M15)	2026.03.19 06:44:46 | HEARTBEAT | SYSTEM | EA alive. Tick=192500 Equity=44547.82 OpenPos=0 PendingOrders=0 UTC=2026.03.19 06:44 DayOfWeek=4 WeekendCloseActive=NO NewTradeBlocked=NO | 192500.000000
JK	0	00:45:54.411	Cazyxio_v4.3 (EURUSD,M15)	2026.03.19 06:45:54 | HEARTBEAT | SYSTEM | EA alive. Tick=192600 Equity=44547.82 OpenPos=0 PendingOrders=0 UTC=2026.03.19 06:45 DayOfWeek=4 WeekendCloseActive=NO NewTradeBlocked=NO | 192600.000000
RE	0	00:47:05.299	Cazyxio_v4.3 (EURUSD,M15)	2026.03.19 06:47:05 | HEARTBEAT | SYSTEM | EA alive. Tick=192700 Equity=44547.82 OpenPos=0 PendingOrders=0 UTC=2026.03.19 06:47 DayOfWeek=4 WeekendCloseActive=NO NewTradeBlocked=NO | 192700.000000
PG	0	00:48:27.182	Cazyxio_v4.3 (EURUSD,M15)	2026.03.19 06:48:27 | HEARTBEAT | SYSTEM | EA alive. Tick=192800 Equity=44547.82 OpenPos=0 PendingOrders=0 UTC=2026.03.19 06:48 DayOfWeek=4 WeekendCloseActive=NO NewTradeBlocked=NO | 192800.000000
LF	0	00:49:26.992	Cazyxio_v4.3 (EURUSD,M15)	2026.03.19 06:49:26 | HEARTBEAT | SYSTEM | EA alive. Tick=192900 Equity=44547.82 OpenPos=0 PendingOrders=0 UTC=2026.03.19 06:49 DayOfWeek=4 WeekendCloseActive=NO NewTradeBlocked=NO | 192900.000000
PP	0	00:50:36.208	Cazyxio_v4.3 (EURUSD,M15)	2026.03.19 06:50:36 | HEARTBEAT | SYSTEM | EA alive. Tick=193000 Equity=44547.82 OpenPos=0 PendingOrders=0 UTC=2026.03.19 06:50 DayOfWeek=4 WeekendCloseActive=NO NewTradeBlocked=NO | 193000.000000
FR	0	00:51:59.191	Cazyxio_v4.3 (EURUSD,M15)	2026.03.19 06:51:59 | HEARTBEAT | SYSTEM | EA alive. Tick=193100 Equity=44547.82 OpenPos=0 PendingOrders=0 UTC=2026.03.19 06:51 DayOfWeek=4 WeekendCloseActive=NO NewTradeBlocked=NO | 193100.000000
PL	0	00:53:24.122	Cazyxio_v4.3 (EURUSD,M15)	2026.03.19 06:53:24 | HEARTBEAT | SYSTEM | EA alive. Tick=193200 Equity=44547.82 OpenPos=0 PendingOrders=0 UTC=2026.03.19 06:53 DayOfWeek=4 WeekendCloseActive=NO NewTradeBlocked=NO | 193200.000000
GO	0	00:54:19.399	Cazyxio_v4.3 (EURUSD,M15)	2026.03.19 06:54:19 | HEARTBEAT | SYSTEM | EA alive. Tick=193300 Equity=44547.82 OpenPos=0 PendingOrders=0 UTC=2026.03.19 06:54 DayOfWeek=4 WeekendCloseActive=NO NewTradeBlocked=NO | 193300.000000
FI	0	00:55:40.265	Cazyxio_v4.3 (EURUSD,M15)	2026.03.19 06:55:40 | HEARTBEAT | SYSTEM | EA alive. Tick=193400 Equity=44547.82 OpenPos=0 PendingOrders=0 UTC=2026.03.19 06:55 DayOfWeek=4 WeekendCloseActive=NO NewTradeBlocked=NO | 193400.000000
OK	0	00:56:53.537	Cazyxio_v4.3 (EURUSD,M15)	2026.03.19 06:56:53 | HEARTBEAT | SYSTEM | EA alive. Tick=193500 Equity=44547.82 OpenPos=0 PendingOrders=0 UTC=2026.03.19 06:56 DayOfWeek=4 WeekendCloseActive=NO NewTradeBlocked=NO | 193500.000000
ME	0	00:57:46.435	Cazyxio_v4.3 (EURUSD,M15)	2026.03.19 06:57:46 | HEARTBEAT | SYSTEM | EA alive. Tick=193600 Equity=44547.82 OpenPos=0 PendingOrders=0 UTC=2026.03.19 06:57 DayOfWeek=4 WeekendCloseActive=NO NewTradeBlocked=NO | 193600.000000
LD	0	00:59:11.120	Cazyxio_v4.3 (EURUSD,M15)	2026.03.19 06:59:11 | HEARTBEAT | SYSTEM | EA alive. Tick=193700 Equity=44547.82 OpenPos=0 PendingOrders=0 UTC=2026.03.19 06:59 DayOfWeek=4 WeekendCloseActive=NO NewTradeBlocked=NO | 193700.000000
HF	0	01:00:00.140	Cazyxio_v4.3 (EURUSD,M15)	2026.03.19 07:00:00 | SESSION_ACTIVE | SYSTEM | Session now ACTIVE. UTC_hour=7 Trading enabled.
RE	0	01:02:20.585	Cazyxio_v4.3 (EURUSD,M15)	2026.03.19 07:02:20 | GATE_FAIL | GBPUSD | CopyBuffer failed for Daily EMA200.
CG	0	01:04:40.954	Cazyxio_v4.3 (EURUSD,M15)	2026.03.19 07:04:40 | GATE_FAIL | EURUSD | CopyBuffer failed for Daily EMA200.
JG	0	01:07:01.402	Cazyxio_v4.3 (EURUSD,M15)	2026.03.19 07:07:01 | GATE_FAIL | USDJPY | CopyBuffer failed for Daily EMA200.
DD	0	01:07:01.402	Cazyxio_v4.3 (EURUSD,M15)	2026.03.19 07:07:01 | BAR | AUDUSD | close=0.70376 h4ema200=0.70253 h4slope=UP dailyEMA200=0.67175 adx=24.4 ema50=0.70443 distToEMA50=6.7pips touchSeq=1 atr=0.000618 atrRatio=0.820 dir=LONG spread=18.0 spreadOK=YES atrGate=PASS touch=FAIL momCandle=momClosePos=1.000 momOk=Y ema50Ok=Y barRange=0.000590 zeroRangeBar=NO trigger=YES hasPos=NO portRisk=0.00% openPos=0 | 0.703760
GJ	0	01:07:01.402	Cazyxio_v4.3 (EURUSD,M15)	2026.03.19 07:07:01 | NEAR_MISS | AUDUSD | Touch near-miss. BestDistRatio=1.082 DistToEMA50=6.7pips
HI	0	01:07:01.402	Cazyxio_v4.3 (EURUSD,M15)	2026.03.19 07:07:01 | GATE_FAIL | AUDUSD | Touch/pullback gate FAIL. Price has not approached EMA50 within last 12 bars (within 0.60 ATR). DistToEMA50=6.7pips.
CG	0	01:07:01.402	Cazyxio_v4.3 (EURUSD,M15)	2026.03.19 07:07:01 | BAR | GBPJPY | close=211.821 h4ema200=211.036 h4slope=UP dailyEMA200=205.053 adx=17.9 ema50=212.013 distToEMA50=19.2pips touchSeq=0 atr=0.121929 atrRatio=0.999 dir=LONG spread=47.0 spreadOK=NO atrGate=PASS touch=FAIL momCandle=momClosePos=0.089 momOk=N ema50Ok=Y barRange=0.135000 zeroRangeBar=NO trigger=NO hasPos=NO portRisk=0.00% openPos=0 | 211.821000
DD	0	01:07:01.402	Cazyxio_v4.3 (EURUSD,M15)	2026.03.19 07:07:01 | GATE_FAIL | GBPJPY | Spread too wide. Spread=47.0 Max=30 points.
DJ	0	01:07:01.402	Cazyxio_v4.3 (EURUSD,M15)	2026.03.19 07:07:01 | BAR | USDCAD | close=1.37222 h4ema200=1.36700 h4slope=UP dailyEMA200=1.38083 adx=37.4 ema50=1.37210 distToEMA50=1.2pips touchSeq=2 atr=0.000425 atrRatio=0.686 dir=NONE spread=27.0 spreadOK=YES atrGate=FAIL touch=FAIL momCandle= zeroRangeBar=NO trigger=NO hasPos=NO portRisk=0.00% openPos=0 | 1.372220
LI	0	01:07:01.402	Cazyxio_v4.3 (EURUSD,M15)	2026.03.19 07:07:01 | GATE_FAIL | USDCAD | No directional bias. h4slope=UP closeNow=1.37222 h4ema200=1.36700 dailyEMA200=1.38083
DM	0	01:09:21.985	Cazyxio_v4.3 (EURUSD,M15)	2026.03.19 07:09:21 | GATE_FAIL | GBPUSD | CopyBuffer failed for Daily EMA200.
IO	0	01:09:35.653	Cazyxio_v4.3 (EURUSD,M15)	2026.03.19 07:09:35 | HEARTBEAT | SYSTEM | EA alive. Tick=193800 Equity=44547.82 OpenPos=0 PendingOrders=0 UTC=2026.03.19 07:09 DayOfWeek=4 WeekendCloseActive=NO NewTradeBlocked=NO | 193800.000000
KI	0	01:10:22.075	Cazyxio_v4.3 (EURUSD,M15)	2026.03.19 07:10:22 | HEARTBEAT | SYSTEM | EA alive. Tick=193900 Equity=44547.82 OpenPos=0 PendingOrders=0 UTC=2026.03.19 07:10 DayOfWeek=4 WeekendCloseActive=NO NewTradeBlocked=NO | 193900.000000
LH	0	01:11:07.583	Cazyxio_v4.3 (EURUSD,M15)	2026.03.19 07:11:07 | HEARTBEAT | SYSTEM | EA alive. Tick=194000 Equity=44547.82 OpenPos=0 PendingOrders=0 UTC=2026.03.19 07:11 DayOfWeek=4 WeekendCloseActive=NO NewTradeBlocked=NO | 194000.000000
LJ	0	01:11:47.758	Cazyxio_v4.3 (EURUSD,M15)	2026.03.19 07:11:47 | HEARTBEAT | SYSTEM | EA alive. Tick=194100 Equity=44547.82 OpenPos=0 PendingOrders=0 UTC=2026.03.19 07:11 DayOfWeek=4 WeekendCloseActive=NO NewTradeBlocked=NO | 194100.000000
JD	0	01:12:36.902	Cazyxio_v4.3 (EURUSD,M15)	2026.03.19 07:12:36 | HEARTBEAT | SYSTEM | EA alive. Tick=194200 Equity=44547.82 OpenPos=0 PendingOrders=0 UTC=2026.03.19 07:12 DayOfWeek=4 WeekendCloseActive=NO NewTradeBlocked=NO | 194200.000000
MF	0	01:13:45.452	Cazyxio_v4.3 (EURUSD,M15)	2026.03.19 07:13:45 | HEARTBEAT | SYSTEM | EA alive. Tick=194300 Equity=44547.82 OpenPos=0 PendingOrders=0 UTC=2026.03.19 07:13 DayOfWeek=4 WeekendCloseActive=NO NewTradeBlocked=NO | 194300.000000
CQ	0	01:14:39.525	Cazyxio_v4.3 (EURUSD,M15)	2026.03.19 07:14:39 | HEARTBEAT | SYSTEM | EA alive. Tick=194400 Equity=44547.82 OpenPos=0 PendingOrders=0 UTC=2026.03.19 07:14 DayOfWeek=4 WeekendCloseActive=NO NewTradeBlocked=NO | 194400.000000
JR	0	01:17:21.710	Cazyxio_v4.3 (EURUSD,M15)	2026.03.19 07:17:21 | GATE_FAIL | GBPUSD | CopyBuffer failed for Daily EMA200.
JR	0	01:19:42.108	Cazyxio_v4.3 (EURUSD,M15)	2026.03.19 07:19:42 | GATE_FAIL | EURUSD | CopyBuffer failed for Daily EMA200.
JR	0	01:22:02.563	Cazyxio_v4.3 (EURUSD,M15)	2026.03.19 07:22:02 | GATE_FAIL | USDJPY | CopyBuffer failed for Daily EMA200.
RR	0	01:22:02.563	Cazyxio_v4.3 (EURUSD,M15)	2026.03.19 07:22:02 | BAR | AUDUSD | close=0.70365 h4ema200=0.70254 h4slope=UP dailyEMA200=0.67176 adx=24.3 ema50=0.70443 distToEMA50=7.8pips touchSeq=0 atr=0.000668 atrRatio=0.883 dir=LONG spread=17.0 spreadOK=YES atrGate=PASS touch=FAIL momCandle=momClosePos=0.333 momOk=N ema50Ok=Y barRange=0.001140 zeroRangeBar=NO trigger=NO hasPos=NO portRisk=0.00% openPos=0 | 0.703650
FF	0	01:22:02.563	Cazyxio_v4.3 (EURUSD,M15)	2026.03.19 07:22:02 | GATE_FAIL | AUDUSD | Touch/pullback gate FAIL. Price has not approached EMA50 within last 12 bars (within 0.60 ATR). DistToEMA50=7.8pips.
OL	0	01:22:02.563	Cazyxio_v4.3 (EURUSD,M15)	2026.03.19 07:22:02 | BAR | GBPJPY | close=211.502 h4ema200=211.035 h4slope=UP dailyEMA200=205.053 adx=18.3 ema50=211.990 distToEMA50=48.8pips touchSeq=0 atr=0.142071 atrRatio=1.156 dir=LONG spread=57.0 spreadOK=NO atrGate=PASS touch=FAIL momCandle=momClosePos=0.428 momOk=N ema50Ok=Y barRange=0.605000 zeroRangeBar=NO trigger=NO hasPos=NO portRisk=0.00% openPos=0 | 211.502000
KN	0	01:22:02.563	Cazyxio_v4.3 (EURUSD,M15)	2026.03.19 07:22:02 | GATE_FAIL | GBPJPY | Spread too wide. Spread=57.0 Max=30 points.
JS	0	01:22:02.563	Cazyxio_v4.3 (EURUSD,M15)	2026.03.19 07:22:02 | BAR | USDCAD | close=1.37248 h4ema200=1.36701 h4slope=UP dailyEMA200=1.38083 adx=37.4 ema50=1.37214 distToEMA50=3.4pips touchSeq=3 atr=0.000450 atrRatio=0.725 dir=NONE spread=23.0 spreadOK=YES atrGate=FAIL touch=FAIL momCandle= zeroRangeBar=NO trigger=NO hasPos=NO portRisk=0.00% openPos=0 | 1.372480
OP	0	01:22:02.563	Cazyxio_v4.3 (EURUSD,M15)	2026.03.19 07:22:02 | GATE_FAIL | USDCAD | No directional bias. h4slope=UP closeNow=1.37248 h4ema200=1.36701 dailyEMA200=1.38083
GE	0	01:22:37.948	Cazyxio_v4.3 (EURUSD,M15)	2026.03.19 07:22:37 | HEARTBEAT | SYSTEM | EA alive. Tick=194500 Equity=44547.82 OpenPos=0 PendingOrders=0 UTC=2026.03.19 07:22 DayOfWeek=4 WeekendCloseActive=NO NewTradeBlocked=NO | 194500.000000
CG	0	01:23:47.581	Cazyxio_v4.3 (EURUSD,M15)	2026.03.19 07:23:47 | HEARTBEAT | SYSTEM | EA alive. Tick=194600 Equity=44547.82 OpenPos=0 PendingOrders=0 UTC=2026.03.19 07:23 DayOfWeek=4 WeekendCloseActive=NO NewTradeBlocked=NO | 194600.000000
PQ	0	01:24:45.640	Cazyxio_v4.3 (EURUSD,M15)	2026.03.19 07:24:45 | HEARTBEAT | SYSTEM | EA alive. Tick=194700 Equity=44547.82 OpenPos=0 PendingOrders=0 UTC=2026.03.19 07:24 DayOfWeek=4 WeekendCloseActive=NO NewTradeBlocked=NO | 194700.000000
DP	0	01:25:41.344	Cazyxio_v4.3 (EURUSD,M15)	2026.03.19 07:25:41 | HEARTBEAT | SYSTEM | EA alive. Tick=194800 Equity=44547.82 OpenPos=0 PendingOrders=0 UTC=2026.03.19 07:25 DayOfWeek=4 WeekendCloseActive=NO NewTradeBlocked=NO | 194800.000000
QR	0	01:27:20.486	Cazyxio_v4.3 (EURUSD,M15)	2026.03.19 07:27:20 | HEARTBEAT | SYSTEM | EA alive. Tick=194900 Equity=44547.82 OpenPos=0 PendingOrders=0 UTC=2026.03.19 07:27 DayOfWeek=4 WeekendCloseActive=NO NewTradeBlocked=NO | 194900.000000
GL	0	01:28:52.311	Cazyxio_v4.3 (EURUSD,M15)	2026.03.19 07:28:52 | HEARTBEAT | SYSTEM | EA alive. Tick=195000 Equity=44547.82 OpenPos=0 PendingOrders=0 UTC=2026.03.19 07:28 DayOfWeek=4 WeekendCloseActive=NO NewTradeBlocked=NO | 195000.000000
IN	0	01:32:21.578	Cazyxio_v4.3 (EURUSD,M15)	2026.03.19 07:32:21 | GATE_FAIL | EURUSD | CopyBuffer failed for Daily EMA200.
FN	0	01:34:42.107	Cazyxio_v4.3 (EURUSD,M15)	2026.03.19 07:34:42 | GATE_FAIL | USDJPY | CopyBuffer failed for Daily EMA200.
KF	0	01:34:42.107	Cazyxio_v4.3 (EURUSD,M15)	2026.03.19 07:34:42 | BAR | AUDUSD | close=0.70373 h4ema200=0.70253 h4slope=UP dailyEMA200=0.67175 adx=24.3 ema50=0.70437 distToEMA50=6.4pips touchSeq=1 atr=0.000670 atrRatio=0.884 dir=LONG spread=17.0 spreadOK=YES atrGate=PASS touch=FAIL momCandle=momClosePos=0.145 momOk=N ema50Ok=Y barRange=0.000760 zeroRangeBar=NO trigger=NO hasPos=NO portRisk=0.00% openPos=0 | 0.703730
IR	0	01:34:42.107	Cazyxio_v4.3 (EURUSD,M15)	2026.03.19 07:34:42 | GATE_FAIL | AUDUSD | Touch/pullback gate FAIL. Price has not approached EMA50 within last 12 bars (within 0.60 ATR). DistToEMA50=6.4pips.
GH	0	01:34:42.107	Cazyxio_v4.3 (EURUSD,M15)	2026.03.19 07:34:42 | BAR | GBPJPY | close=211.436 h4ema200=211.035 h4slope=UP dailyEMA200=205.053 adx=18.3 ema50=211.968 distToEMA50=53.2pips touchSeq=0 atr=0.145929 atrRatio=1.181 dir=LONG spread=50.0 spreadOK=NO atrGate=PASS touch=FAIL momCandle=momClosePos=0.373 momOk=N ema50Ok=Y barRange=0.249000 zeroRangeBar=NO trigger=NO hasPos=NO portRisk=0.00% openPos=0 | 211.436000
JS	0	01:34:42.107	Cazyxio_v4.3 (EURUSD,M15)	2026.03.19 07:34:42 | GATE_FAIL | GBPJPY | Spread too wide. Spread=50.0 Max=30 points.
GL	0	01:34:42.107	Cazyxio_v4.3 (EURUSD,M15)	2026.03.19 07:34:42 | BAR | USDCAD | close=1.37328 h4ema200=1.36701 h4slope=UP dailyEMA200=1.38084 adx=38.2 ema50=1.37220 distToEMA50=10.8pips touchSeq=0 atr=0.000472 atrRatio=0.759 dir=NONE spread=27.0 spreadOK=YES atrGate=FAIL touch=FAIL momCandle= zeroRangeBar=NO trigger=NO hasPos=NO portRisk=0.00% openPos=0 | 1.373280
ML	0	01:34:42.107	Cazyxio_v4.3 (EURUSD,M15)	2026.03.19 07:34:42 | GATE_FAIL | USDCAD | No directional bias. h4slope=UP closeNow=1.37328 h4ema200=1.36701 dailyEMA200=1.38084
JP	0	01:37:02.567	Cazyxio_v4.3 (EURUSD,M15)	2026.03.19 07:37:02 | GATE_FAIL | GBPUSD | CopyBuffer failed for Daily EMA200.
JP	0	01:37:15.831	Cazyxio_v4.3 (EURUSD,M15)	2026.03.19 07:37:15 | HEARTBEAT | SYSTEM | EA alive. Tick=195100 Equity=44547.82 OpenPos=0 PendingOrders=0 UTC=2026.03.19 07:37 DayOfWeek=4 WeekendCloseActive=NO NewTradeBlocked=NO | 195100.000000
KS	0	01:38:18.420	Cazyxio_v4.3 (EURUSD,M15)	2026.03.19 07:38:18 | HEARTBEAT | SYSTEM | EA alive. Tick=195200 Equity=44547.82 OpenPos=0 PendingOrders=0 UTC=2026.03.19 07:38 DayOfWeek=4 WeekendCloseActive=NO NewTradeBlocked=NO | 195200.000000
NM	0	01:40:04.806	Cazyxio_v4.3 (EURUSD,M15)	2026.03.19 07:40:04 | HEARTBEAT | SYSTEM | EA alive. Tick=195300 Equity=44547.82 OpenPos=0 PendingOrders=0 UTC=2026.03.19 07:40 DayOfWeek=4 WeekendCloseActive=NO NewTradeBlocked=NO | 195300.000000
NO	0	01:41:21.355	Cazyxio_v4.3 (EURUSD,M15)	2026.03.19 07:41:21 | HEARTBEAT | SYSTEM | EA alive. Tick=195400 Equity=44547.82 OpenPos=0 PendingOrders=0 UTC=2026.03.19 07:41 DayOfWeek=4 WeekendCloseActive=NO NewTradeBlocked=NO | 195400.000000
II	0	01:42:23.832	Cazyxio_v4.3 (EURUSD,M15)	2026.03.19 07:42:23 | HEARTBEAT | SYSTEM | EA alive. Tick=195500 Equity=44547.82 OpenPos=0 PendingOrders=0 UTC=2026.03.19 07:42 DayOfWeek=4 WeekendCloseActive=NO NewTradeBlocked=NO | 195500.000000
JH	0	01:43:32.995	Cazyxio_v4.3 (EURUSD,M15)	2026.03.19 07:43:32 | HEARTBEAT | SYSTEM | EA alive. Tick=195600 Equity=44547.82 OpenPos=0 PendingOrders=0 UTC=2026.03.19 07:43 DayOfWeek=4 WeekendCloseActive=NO NewTradeBlocked=NO | 195600.000000
DJ	0	01:44:30.770	Cazyxio_v4.3 (EURUSD,M15)	2026.03.19 07:44:30 | HEARTBEAT | SYSTEM | EA alive. Tick=195700 Equity=44547.82 OpenPos=0 PendingOrders=0 UTC=2026.03.19 07:44 DayOfWeek=4 WeekendCloseActive=NO NewTradeBlocked=NO | 195700.000000
RD	0	01:47:21.654	Cazyxio_v4.3 (EURUSD,M15)	2026.03.19 07:47:21 | GATE_FAIL | EURUSD | CopyBuffer failed for Daily EMA200.
LD	0	01:49:42.118	Cazyxio_v4.3 (EURUSD,M15)	2026.03.19 07:49:42 | GATE_FAIL | USDJPY | CopyBuffer failed for Daily EMA200.
MK	0	01:49:42.118	Cazyxio_v4.3 (EURUSD,M15)	2026.03.19 07:49:42 | BAR | AUDUSD | close=0.70281 h4ema200=0.70253 h4slope=UP dailyEMA200=0.67175 adx=25.1 ema50=0.70430 distToEMA50=14.9pips touchSeq=0 atr=0.000731 atrRatio=0.961 dir=LONG spread=19.0 spreadOK=YES atrGate=PASS touch=FAIL momCandle=momClosePos=0.092 momOk=N ema50Ok=Y barRange=0.001190 zeroRangeBar=NO trigger=NO hasPos=NO portRisk=0.00% openPos=0 | 0.702810
GK	0	01:49:42.118	Cazyxio_v4.3 (EURUSD,M15)	2026.03.19 07:49:42 | GATE_FAIL | AUDUSD | Touch/pullback gate FAIL. Price has not approached EMA50 within last 12 bars (within 0.60 ATR). DistToEMA50=14.9pips.
IF	0	01:49:42.118	Cazyxio_v4.3 (EURUSD,M15)	2026.03.19 07:49:42 | BAR | GBPJPY | close=211.499 h4ema200=211.036 h4slope=UP dailyEMA200=205.054 adx=18.3 ema50=211.954 distToEMA50=45.5pips touchSeq=0 atr=0.160857 atrRatio=1.293 dir=LONG spread=48.0 spreadOK=NO atrGate=PASS touch=FAIL momCandle=momClosePos=0.429 momOk=N ema50Ok=Y barRange=0.226000 zeroRangeBar=NO trigger=NO hasPos=NO portRisk=0.00% openPos=0 | 211.499000
CE	0	01:49:42.118	Cazyxio_v4.3 (EURUSD,M15)	2026.03.19 07:49:42 | GATE_FAIL | GBPJPY | Spread too wide. Spread=48.0 Max=30 points.
CK	0	01:49:42.118	Cazyxio_v4.3 (EURUSD,M15)	2026.03.19 07:49:42 | BAR | USDCAD | close=1.37364 h4ema200=1.36701 h4slope=UP dailyEMA200=1.38084 adx=38.6 ema50=1.37226 distToEMA50=13.8pips touchSeq=0 atr=0.000508 atrRatio=0.814 dir=NONE spread=25.0 spreadOK=YES atrGate=PASS touch=FAIL momCandle= zeroRangeBar=NO trigger=NO hasPos=NO portRisk=0.00% openPos=0 | 1.373640
OF	0	01:49:42.118	Cazyxio_v4.3 (EURUSD,M15)	2026.03.19 07:49:42 | GATE_FAIL | USDCAD | No directional bias. h4slope=UP closeNow=1.37364 h4ema200=1.36701 dailyEMA200=1.38084
ON	0	01:52:02.953	Cazyxio_v4.3 (EURUSD,M15)	2026.03.19 07:52:02 | GATE_FAIL | GBPUSD | CopyBuffer failed for Daily EMA200.
FN	0	01:52:35.841	Cazyxio_v4.3 (EURUSD,M15)	2026.03.19 07:52:35 | HEARTBEAT | SYSTEM | EA alive. Tick=195800 Equity=44547.82 OpenPos=0 PendingOrders=0 UTC=2026.03.19 07:52 DayOfWeek=4 WeekendCloseActive=NO NewTradeBlocked=NO | 195800.000000
CI	0	01:53:58.300	Cazyxio_v4.3 (EURUSD,M15)	2026.03.19 07:53:58 | HEARTBEAT | SYSTEM | EA alive. Tick=195900 Equity=44547.82 OpenPos=0 PendingOrders=0 UTC=2026.03.19 07:53 DayOfWeek=4 WeekendCloseActive=NO NewTradeBlocked=NO | 195900.000000
CK	0	01:54:57.617	Cazyxio_v4.3 (EURUSD,M15)	2026.03.19 07:54:57 | HEARTBEAT | SYSTEM | EA alive. Tick=196000 Equity=44547.82 OpenPos=0 PendingOrders=0 UTC=2026.03.19 07:54 DayOfWeek=4 WeekendCloseActive=NO NewTradeBlocked=NO | 196000.000000
JE	0	01:56:00.898	Cazyxio_v4.3 (EURUSD,M15)	2026.03.19 07:56:00 | HEARTBEAT | SYSTEM | EA alive. Tick=196100 Equity=44547.82 OpenPos=0 PendingOrders=0 UTC=2026.03.19 07:56 DayOfWeek=4 WeekendCloseActive=NO NewTradeBlocked=NO | 196100.000000
KG	0	01:56:59.266	Cazyxio_v4.3 (EURUSD,M15)	2026.03.19 07:56:59 | HEARTBEAT | SYSTEM | EA alive. Tick=196200 Equity=44547.82 OpenPos=0 PendingOrders=0 UTC=2026.03.19 07:56 DayOfWeek=4 WeekendCloseActive=NO NewTradeBlocked=NO | 196200.000000
MF	0	01:57:58.629	Cazyxio_v4.3 (EURUSD,M15)	2026.03.19 07:57:58 | HEARTBEAT | SYSTEM | EA alive. Tick=196300 Equity=44547.82 OpenPos=0 PendingOrders=0 UTC=2026.03.19 07:57 DayOfWeek=4 WeekendCloseActive=NO NewTradeBlocked=NO | 196300.000000
RP	0	01:58:45.300	Cazyxio_v4.3 (EURUSD,M15)	2026.03.19 07:58:45 | HEARTBEAT | SYSTEM | EA alive. Tick=196400 Equity=44547.82 OpenPos=0 PendingOrders=0 UTC=2026.03.19 07:58 DayOfWeek=4 WeekendCloseActive=NO NewTradeBlocked=NO | 196400.000000
ER	0	01:59:34.751	Cazyxio_v4.3 (EURUSD,M15)	2026.03.19 07:59:34 | HEARTBEAT | SYSTEM | EA alive. Tick=196500 Equity=44547.82 OpenPos=0 PendingOrders=0 UTC=2026.03.19 07:59 DayOfWeek=4 WeekendCloseActive=NO NewTradeBlocked=NO | 196500.000000
FL	0	02:02:21.605	Cazyxio_v4.3 (EURUSD,M15)	2026.03.19 08:02:21 | GATE_FAIL | EURUSD | CopyBuffer failed for Daily EMA200.
CL	0	02:04:42.009	Cazyxio_v4.3 (EURUSD,M15)	2026.03.19 08:04:42 | GATE_FAIL | USDJPY | CopyBuffer failed for Daily EMA200.
IS	0	02:04:42.009	Cazyxio_v4.3 (EURUSD,M15)	2026.03.19 08:04:42 | BAR | AUDUSD | close=0.70255 h4ema200=0.70252 h4slope=UP dailyEMA200=0.67174 adx=25.7 ema50=0.70420 distToEMA50=16.5pips touchSeq=0 atr=0.000782 atrRatio=1.023 dir=LONG spread=19.0 spreadOK=YES atrGate=PASS touch=FAIL momCandle=momClosePos=0.282 momOk=N ema50Ok=Y barRange=0.001100 zeroRangeBar=NO trigger=NO hasPos=NO portRisk=0.00% openPos=0 | 0.702550
NS	0	02:04:42.009	Cazyxio_v4.3 (EURUSD,M15)	2026.03.19 08:04:42 | GATE_FAIL | AUDUSD | Touch/pullback gate FAIL. Price has not approached EMA50 within last 12 bars (within 0.60 ATR). DistToEMA50=16.5pips.
CN	0	02:04:42.009	Cazyxio_v4.3 (EURUSD,M15)	2026.03.19 08:04:42 | BAR | GBPJPY | close=211.185 h4ema200=211.030 h4slope=UP dailyEMA200=205.048 adx=18.6 ema50=211.902 distToEMA50=71.7pips touchSeq=0 atr=0.200143 atrRatio=1.591 dir=LONG spread=42.0 spreadOK=NO atrGate=PASS touch=FAIL momCandle=momClosePos=0.084 momOk=N ema50Ok=Y barRange=0.488000 zeroRangeBar=NO trigger=NO hasPos=NO portRisk=0.00% openPos=0 | 211.185000
NL	0	02:04:42.009	Cazyxio_v4.3 (EURUSD,M15)	2026.03.19 08:04:42 | GATE_FAIL | GBPJPY | Spread too wide. Spread=42.0 Max=30 points.
ES	0	02:04:42.009	Cazyxio_v4.3 (EURUSD,M15)	2026.03.19 08:04:42 | BAR | USDCAD | close=1.37354 h4ema200=1.36702 h4slope=UP dailyEMA200=1.38084 adx=38.7 ema50=1.37233 distToEMA50=12.1pips touchSeq=0 atr=0.000526 atrRatio=0.840 dir=NONE spread=25.0 spreadOK=YES atrGate=PASS touch=FAIL momCandle= zeroRangeBar=NO trigger=NO hasPos=NO portRisk=0.00% openPos=0 | 1.373540
HN	0	02:04:42.009	Cazyxio_v4.3 (EURUSD,M15)	2026.03.19 08:04:42 | GATE_FAIL | USDCAD | No directional bias. h4slope=UP closeNow=1.37354 h4ema200=1.36702 dailyEMA200=1.38084
QF	0	02:07:03.195	Cazyxio_v4.3 (EURUSD,M15)	2026.03.19 08:07:03 | GATE_FAIL | GBPUSD | CopyBuffer failed for Daily EMA200.
LG	0	02:07:26.679	Cazyxio_v4.3 (EURUSD,M15)	2026.03.19 08:07:26 | HEARTBEAT | SYSTEM | EA alive. Tick=196600 Equity=44547.82 OpenPos=0 PendingOrders=0 UTC=2026.03.19 08:07 DayOfWeek=4 WeekendCloseActive=NO NewTradeBlocked=NO | 196600.000000
CQ	0	02:08:12.569	Cazyxio_v4.3 (EURUSD,M15)	2026.03.19 08:08:12 | HEARTBEAT | SYSTEM | EA alive. Tick=196700 Equity=44547.82 OpenPos=0 PendingOrders=0 UTC=2026.03.19 08:08 DayOfWeek=4 WeekendCloseActive=NO NewTradeBlocked=NO | 196700.000000
NS	0	02:09:06.396	Cazyxio_v4.3 (EURUSD,M15)	2026.03.19 08:09:06 | HEARTBEAT | SYSTEM | EA alive. Tick=196800 Equity=44547.82 OpenPos=0 PendingOrders=0 UTC=2026.03.19 08:09 DayOfWeek=4 WeekendCloseActive=NO NewTradeBlocked=NO | 196800.000000
NM	0	02:09:58.787	Cazyxio_v4.3 (EURUSD,M15)	2026.03.19 08:09:58 | HEARTBEAT | SYSTEM | EA alive. Tick=196900 Equity=44547.82 OpenPos=0 PendingOrders=0 UTC=2026.03.19 08:09 DayOfWeek=4 WeekendCloseActive=NO NewTradeBlocked=NO | 196900.000000
GL	0	02:10:47.425	Cazyxio_v4.3 (EURUSD,M15)	2026.03.19 08:10:47 | HEARTBEAT | SYSTEM | EA alive. Tick=197000 Equity=44547.82 OpenPos=0 PendingOrders=0 UTC=2026.03.19 08:10 DayOfWeek=4 WeekendCloseActive=NO NewTradeBlocked=NO | 197000.000000
HN	0	02:11:44.546	Cazyxio_v4.3 (EURUSD,M15)	2026.03.19 08:11:44 | HEARTBEAT | SYSTEM | EA alive. Tick=197100 Equity=44547.82 OpenPos=0 PendingOrders=0 UTC=2026.03.19 08:11 DayOfWeek=4 WeekendCloseActive=NO NewTradeBlocked=NO | 197100.000000
PH	0	02:12:40.653	Cazyxio_v4.3 (EURUSD,M15)	2026.03.19 08:12:40 | HEARTBEAT | SYSTEM | EA alive. Tick=197200 Equity=44547.82 OpenPos=0 PendingOrders=0 UTC=2026.03.19 08:12 DayOfWeek=4 WeekendCloseActive=NO NewTradeBlocked=NO | 197200.000000
RJ	0	02:13:36.430	Cazyxio_v4.3 (EURUSD,M15)	2026.03.19 08:13:36 | HEARTBEAT | SYSTEM | EA alive. Tick=197300 Equity=44547.82 OpenPos=0 PendingOrders=0 UTC=2026.03.19 08:13 DayOfWeek=4 WeekendCloseActive=NO NewTradeBlocked=NO | 197300.000000
HE	0	02:14:31.556	Cazyxio_v4.3 (EURUSD,M15)	2026.03.19 08:14:31 | HEARTBEAT | SYSTEM | EA alive. Tick=197400 Equity=44547.82 OpenPos=0 PendingOrders=0 UTC=2026.03.19 08:14 DayOfWeek=4 WeekendCloseActive=NO NewTradeBlocked=NO | 197400.000000
QG	0	02:17:21.655	Cazyxio_v4.3 (EURUSD,M15)	2026.03.19 08:17:21 | GATE_FAIL | EURUSD | CopyBuffer failed for Daily EMA200.
DF	0	02:19:42.088	Cazyxio_v4.3 (EURUSD,M15)	2026.03.19 08:19:42 | GATE_FAIL | USDJPY | CopyBuffer failed for Daily EMA200.
HG	0	02:19:42.088	Cazyxio_v4.3 (EURUSD,M15)	2026.03.19 08:19:42 | BAR | AUDUSD | close=0.70291 h4ema200=0.70253 h4slope=UP dailyEMA200=0.67175 adx=25.7 ema50=0.70419 distToEMA50=12.8pips touchSeq=0 atr=0.000814 atrRatio=1.060 dir=LONG spread=16.0 spreadOK=YES atrGate=PASS touch=FAIL momCandle=momClosePos=0.955 momOk=Y ema50Ok=Y barRange=0.000670 zeroRangeBar=NO trigger=YES hasPos=NO portRisk=0.00% openPos=0 | 0.702910
DH	0	02:19:42.088	Cazyxio_v4.3 (EURUSD,M15)	2026.03.19 08:19:42 | GATE_FAIL | AUDUSD | Touch/pullback gate FAIL. Price has not approached EMA50 within last 12 bars (within 0.60 ATR). DistToEMA50=12.8pips.
PM	0	02:19:42.088	Cazyxio_v4.3 (EURUSD,M15)	2026.03.19 08:19:42 | BAR | GBPJPY | close=210.918 h4ema200=211.030 h4slope=UP dailyEMA200=205.048 adx=18.6 ema50=211.864 distToEMA50=94.6pips touchSeq=0 atr=0.214429 atrRatio=1.687 dir=NONE spread=48.0 spreadOK=NO atrGate=PASS touch=FAIL momCandle= zeroRangeBar=NO trigger=NO hasPos=NO portRisk=0.00% openPos=0 | 210.918000
LQ	0	02:19:42.088	Cazyxio_v4.3 (EURUSD,M15)	2026.03.19 08:19:42 | GATE_FAIL | GBPJPY | No directional bias. h4slope=UP closeNow=210.918 h4ema200=211.030 dailyEMA200=205.048
LD	0	02:19:42.088	Cazyxio_v4.3 (EURUSD,M15)	2026.03.19 08:19:42 | BAR | USDCAD | close=1.37392 h4ema200=1.36701 h4slope=UP dailyEMA200=1.38084 adx=38.8 ema50=1.37237 distToEMA50=15.5pips touchSeq=0 atr=0.000554 atrRatio=0.882 dir=NONE spread=23.0 spreadOK=YES atrGate=PASS touch=FAIL momCandle= zeroRangeBar=NO trigger=NO hasPos=NO portRisk=0.00% openPos=0 | 1.373920
LD	0	02:19:42.088	Cazyxio_v4.3 (EURUSD,M15)	2026.03.19 08:19:42 | GATE_FAIL | USDCAD | No directional bias. h4slope=UP closeNow=1.37392 h4ema200=1.36701 dailyEMA200=1.38084
NI	0	02:22:02.581	Cazyxio_v4.3 (EURUSD,M15)	2026.03.19 08:22:02 | GATE_FAIL | GBPUSD | CopyBuffer failed for Daily EMA200.
RH	0	02:22:24.296	Cazyxio_v4.3 (EURUSD,M15)	2026.03.19 08:22:24 | HEARTBEAT | SYSTEM | EA alive. Tick=197500 Equity=44547.82 OpenPos=0 PendingOrders=0 UTC=2026.03.19 08:22 DayOfWeek=4 WeekendCloseActive=NO NewTradeBlocked=NO | 197500.000000
MJ	0	02:23:28.270	Cazyxio_v4.3 (EURUSD,M15)	2026.03.19 08:23:28 | HEARTBEAT | SYSTEM | EA alive. Tick=197600 Equity=44547.82 OpenPos=0 PendingOrders=0 UTC=2026.03.19 08:23 DayOfWeek=4 WeekendCloseActive=NO NewTradeBlocked=NO | 197600.000000
MD	0	02:24:32.677	Cazyxio_v4.3 (EURUSD,M15)	2026.03.19 08:24:32 | HEARTBEAT | SYSTEM | EA alive. Tick=197700 Equity=44547.82 OpenPos=0 PendingOrders=0 UTC=2026.03.19 08:24 DayOfWeek=4 WeekendCloseActive=NO NewTradeBlocked=NO | 197700.000000
EG	0	02:25:29.131	Cazyxio_v4.3 (EURUSD,M15)	2026.03.19 08:25:29 | HEARTBEAT | SYSTEM | EA alive. Tick=197800 Equity=44547.82 OpenPos=0 PendingOrders=0 UTC=2026.03.19 08:25 DayOfWeek=4 WeekendCloseActive=NO NewTradeBlocked=NO | 197800.000000
QQ	0	02:26:32.459	Cazyxio_v4.3 (EURUSD,M15)	2026.03.19 08:26:32 | HEARTBEAT | SYSTEM | EA alive. Tick=197900 Equity=44547.82 OpenPos=0 PendingOrders=0 UTC=2026.03.19 08:26 DayOfWeek=4 WeekendCloseActive=NO NewTradeBlocked=NO | 197900.000000
FS	0	02:27:43.796	Cazyxio_v4.3 (EURUSD,M15)	2026.03.19 08:27:43 | HEARTBEAT | SYSTEM | EA alive. Tick=198000 Equity=44547.82 OpenPos=0 PendingOrders=0 UTC=2026.03.19 08:27 DayOfWeek=4 WeekendCloseActive=NO NewTradeBlocked=NO | 198000.000000
KM	0	02:28:41.282	Cazyxio_v4.3 (EURUSD,M15)	2026.03.19 08:28:41 | HEARTBEAT | SYSTEM | EA alive. Tick=198100 Equity=44547.82 OpenPos=0 PendingOrders=0 UTC=2026.03.19 08:28 DayOfWeek=4 WeekendCloseActive=NO NewTradeBlocked=NO | 198100.000000
ML	0	02:29:42.456	Cazyxio_v4.3 (EURUSD,M15)	2026.03.19 08:29:42 | HEARTBEAT | SYSTEM | EA alive. Tick=198200 Equity=44547.82 OpenPos=0 PendingOrders=0 UTC=2026.03.19 08:29 DayOfWeek=4 WeekendCloseActive=NO NewTradeBlocked=NO | 198200.000000
HO	0	02:32:21.659	Cazyxio_v4.3 (EURUSD,M15)	2026.03.19 08:32:21 | GATE_FAIL | GBPUSD | CopyBuffer failed for Daily EMA200.
II	0	02:34:42.152	Cazyxio_v4.3 (EURUSD,M15)	2026.03.19 08:34:42 | GATE_FAIL | EURUSD | CopyBuffer failed for Daily EMA200.
FI	0	02:37:02.578	Cazyxio_v4.3 (EURUSD,M15)	2026.03.19 08:37:02 | GATE_FAIL | USDJPY | CopyBuffer failed for Daily EMA200.
GG	0	02:37:02.578	Cazyxio_v4.3 (EURUSD,M15)	2026.03.19 08:37:02 | BAR | AUDUSD | close=0.70337 h4ema200=0.70253 h4slope=UP dailyEMA200=0.67175 adx=25.7 ema50=0.70417 distToEMA50=8.0pips touchSeq=1 atr=0.000846 atrRatio=1.098 dir=LONG spread=16.0 spreadOK=YES atrGate=PASS touch=FAIL momCandle=momClosePos=0.456 momOk=N ema50Ok=Y barRange=0.000900 zeroRangeBar=NO trigger=NO hasPos=NO portRisk=0.00% openPos=0 | 0.703370
OM	0	02:37:02.578	Cazyxio_v4.3 (EURUSD,M15)	2026.03.19 08:37:02 | GATE_FAIL | AUDUSD | Touch/pullback gate FAIL. Price has not approached EMA50 within last 12 bars (within 0.60 ATR). DistToEMA50=8.0pips.
EK	0	02:37:02.578	Cazyxio_v4.3 (EURUSD,M15)	2026.03.19 08:37:02 | BAR | GBPJPY | close=211.068 h4ema200=211.032 h4slope=UP dailyEMA200=205.050 adx=18.6 ema50=211.838 distToEMA50=77.0pips touchSeq=0 atr=0.226000 atrRatio=1.761 dir=LONG spread=41.0 spreadOK=NO atrGate=PASS touch=FAIL momCandle=momClosePos=0.641 momOk=N ema50Ok=Y barRange=0.231000 zeroRangeBar=NO trigger=NO hasPos=NO portRisk=0.00% openPos=0 | 211.068000
JP	0	02:37:02.578	Cazyxio_v4.3 (EURUSD,M15)	2026.03.19 08:37:02 | GATE_FAIL | GBPJPY | Spread too wide. Spread=41.0 Max=30 points.
GO	0	02:37:02.578	Cazyxio_v4.3 (EURUSD,M15)	2026.03.19 08:37:02 | BAR | USDCAD | close=1.37336 h4ema200=1.36701 h4slope=UP dailyEMA200=1.38084 adx=38.8 ema50=1.37241 distToEMA50=9.5pips touchSeq=0 atr=0.000587 atrRatio=0.931 dir=NONE spread=27.0 spreadOK=YES atrGate=PASS touch=FAIL momCandle= zeroRangeBar=NO trigger=NO hasPos=NO portRisk=0.00% openPos=0 | 1.373360
NM	0	02:37:02.578	Cazyxio_v4.3 (EURUSD,M15)	2026.03.19 08:37:02 | GATE_FAIL | USDCAD | No directional bias. h4slope=UP closeNow=1.37336 h4ema200=1.36701 dailyEMA200=1.38084
NP	0	02:37:40.658	Cazyxio_v4.3 (EURUSD,M15)	2026.03.19 08:37:40 | HEARTBEAT | SYSTEM | EA alive. Tick=198300 Equity=44547.82 OpenPos=0 PendingOrders=0 UTC=2026.03.19 08:37 DayOfWeek=4 WeekendCloseActive=NO NewTradeBlocked=NO | 198300.000000
PR	0	02:38:36.666	Cazyxio_v4.3 (EURUSD,M15)	2026.03.19 08:38:36 | HEARTBEAT | SYSTEM | EA alive. Tick=198400 Equity=44547.82 OpenPos=0 PendingOrders=0 UTC=2026.03.19 08:38 DayOfWeek=4 WeekendCloseActive=NO NewTradeBlocked=NO | 198400.000000
ML	0	02:39:22.639	Cazyxio_v4.3 (EURUSD,M15)	2026.03.19 08:39:22 | HEARTBEAT | SYSTEM | EA alive. Tick=198500 Equity=44547.82 OpenPos=0 PendingOrders=0 UTC=2026.03.19 08:39 DayOfWeek=4 WeekendCloseActive=NO NewTradeBlocked=NO | 198500.000000
LN	0	02:40:15.005	Cazyxio_v4.3 (EURUSD,M15)	2026.03.19 08:40:15 | HEARTBEAT | SYSTEM | EA alive. Tick=198600 Equity=44547.82 OpenPos=0 PendingOrders=0 UTC=2026.03.19 08:40 DayOfWeek=4 WeekendCloseActive=NO NewTradeBlocked=NO | 198600.000000
HI	0	02:40:57.027	Cazyxio_v4.3 (EURUSD,M15)	2026.03.19 08:40:57 | HEARTBEAT | SYSTEM | EA alive. Tick=198700 Equity=44547.82 OpenPos=0 PendingOrders=0 UTC=2026.03.19 08:40 DayOfWeek=4 WeekendCloseActive=NO NewTradeBlocked=NO | 198700.000000
DK	0	02:41:35.073	Cazyxio_v4.3 (EURUSD,M15)	2026.03.19 08:41:35 | HEARTBEAT | SYSTEM | EA alive. Tick=198800 Equity=44547.82 OpenPos=0 PendingOrders=0 UTC=2026.03.19 08:41 DayOfWeek=4 WeekendCloseActive=NO NewTradeBlocked=NO | 198800.000000
RE	0	02:42:33.498	Cazyxio_v4.3 (EURUSD,M15)	2026.03.19 08:42:33 | HEARTBEAT | SYSTEM | EA alive. Tick=198900 Equity=44547.82 OpenPos=0 PendingOrders=0 UTC=2026.03.19 08:42 DayOfWeek=4 WeekendCloseActive=NO NewTradeBlocked=NO | 198900.000000
EG	0	02:43:06.580	Cazyxio_v4.3 (EURUSD,M15)	2026.03.19 08:43:06 | HEARTBEAT | SYSTEM | EA alive. Tick=199000 Equity=44547.82 OpenPos=0 PendingOrders=0 UTC=2026.03.19 08:43 DayOfWeek=4 WeekendCloseActive=NO NewTradeBlocked=NO | 199000.000000
JF	0	02:43:59.114	Cazyxio_v4.3 (EURUSD,M15)	2026.03.19 08:43:59 | HEARTBEAT | SYSTEM | EA alive. Tick=199100 Equity=44547.82 OpenPos=0 PendingOrders=0 UTC=2026.03.19 08:43 DayOfWeek=4 WeekendCloseActive=NO NewTradeBlocked=NO | 199100.000000
CP	0	02:44:38.426	Cazyxio_v4.3 (EURUSD,M15)	2026.03.19 08:44:38 | HEARTBEAT | SYSTEM | EA alive. Tick=199200 Equity=44547.82 OpenPos=0 PendingOrders=0 UTC=2026.03.19 08:44 DayOfWeek=4 WeekendCloseActive=NO NewTradeBlocked=NO | 199200.000000
FS	0	02:47:21.741	Cazyxio_v4.3 (EURUSD,M15)	2026.03.19 08:47:21 | GATE_FAIL | GBPUSD | CopyBuffer failed for Daily EMA200.
DR	0	02:49:42.087	Cazyxio_v4.3 (EURUSD,M15)	2026.03.19 08:49:42 | GATE_FAIL | EURUSD | CopyBuffer failed for Daily EMA200.
DM	0	02:52:02.464	Cazyxio_v4.3 (EURUSD,M15)	2026.03.19 08:52:02 | GATE_FAIL | USDJPY | CopyBuffer failed for Daily EMA200.
IQ	0	02:52:02.464	Cazyxio_v4.3 (EURUSD,M15)	2026.03.19 08:52:02 | BAR | AUDUSD | close=0.70311 h4ema200=0.70253 h4slope=UP dailyEMA200=0.67175 adx=25.7 ema50=0.70412 distToEMA50=10.1pips touchSeq=2 atr=0.000884 atrRatio=1.139 dir=LONG spread=18.0 spreadOK=YES atrGate=PASS touch=FAIL momCandle=momClosePos=0.000 momOk=N ema50Ok=Y barRange=0.000930 zeroRangeBar=NO trigger=NO hasPos=NO portRisk=0.00% openPos=0 | 0.703110
CR	0	02:52:02.464	Cazyxio_v4.3 (EURUSD,M15)	2026.03.19 08:52:02 | GATE_FAIL | AUDUSD | Touch/pullback gate FAIL. Price has not approached EMA50 within last 12 bars (within 0.60 ATR). DistToEMA50=10.1pips.
EO	0	02:52:02.464	Cazyxio_v4.3 (EURUSD,M15)	2026.03.19 08:52:02 | BAR | GBPJPY | close=211.064 h4ema200=211.031 h4slope=UP dailyEMA200=205.048 adx=18.6 ema50=211.804 distToEMA50=74.0pips touchSeq=0 atr=0.232571 atrRatio=1.794 dir=LONG spread=39.0 spreadOK=NO atrGate=PASS touch=FAIL momCandle=momClosePos=0.011 momOk=N ema50Ok=Y barRange=0.189000 zeroRangeBar=NO trigger=NO hasPos=NO portRisk=0.00% openPos=0 | 211.064000
EO	0	02:52:02.464	Cazyxio_v4.3 (EURUSD,M15)	2026.03.19 08:52:02 | GATE_FAIL | GBPJPY | Spread too wide. Spread=39.0 Max=30 points.
IQ	0	02:52:02.464	Cazyxio_v4.3 (EURUSD,M15)	2026.03.19 08:52:02 | BAR | USDCAD | close=1.37444 h4ema200=1.36702 h4slope=UP dailyEMA200=1.38085 adx=39.0 ema50=1.37253 distToEMA50=19.1pips touchSeq=0 atr=0.000649 atrRatio=1.023 dir=NONE spread=28.0 spreadOK=YES atrGate=PASS touch=FAIL momCandle= zeroRangeBar=NO trigger=NO hasPos=NO portRisk=0.00% openPos=0 | 1.374440
FP	0	02:52:02.464	Cazyxio_v4.3 (EURUSD,M15)	2026.03.19 08:52:02 | GATE_FAIL | USDCAD | No directional bias. h4slope=UP closeNow=1.37444 h4ema200=1.36702 dailyEMA200=1.38085
RD	0	02:52:42.374	Cazyxio_v4.3 (EURUSD,M15)	2026.03.19 08:52:42 | HEARTBEAT | SYSTEM | EA alive. Tick=199300 Equity=44547.82 OpenPos=0 PendingOrders=0 UTC=2026.03.19 08:52 DayOfWeek=4 WeekendCloseActive=NO NewTradeBlocked=NO | 199300.000000
DG	0	02:53:29.021	Cazyxio_v4.3 (EURUSD,M15)	2026.03.19 08:53:29 | HEARTBEAT | SYSTEM | EA alive. Tick=199400 Equity=44547.82 OpenPos=0 PendingOrders=0 UTC=2026.03.19 08:53 DayOfWeek=4 WeekendCloseActive=NO NewTradeBlocked=NO | 199400.000000
IQ	0	02:54:20.465	Cazyxio_v4.3 (EURUSD,M15)	2026.03.19 08:54:20 | HEARTBEAT | SYSTEM | EA alive. Tick=199500 Equity=44547.82 OpenPos=0 PendingOrders=0 UTC=2026.03.19 08:54 DayOfWeek=4 WeekendCloseActive=NO NewTradeBlocked=NO | 199500.000000
LS	0	02:55:24.151	Cazyxio_v4.3 (EURUSD,M15)	2026.03.19 08:55:24 | HEARTBEAT | SYSTEM | EA alive. Tick=199600 Equity=44547.82 OpenPos=0 PendingOrders=0 UTC=2026.03.19 08:55 DayOfWeek=4 WeekendCloseActive=NO NewTradeBlocked=NO | 199600.000000
GM	0	02:56:34.528	Cazyxio_v4.3 (EURUSD,M15)	2026.03.19 08:56:34 | HEARTBEAT | SYSTEM | EA alive. Tick=199700 Equity=44547.82 OpenPos=0 PendingOrders=0 UTC=2026.03.19 08:56 DayOfWeek=4 WeekendCloseActive=NO NewTradeBlocked=NO | 199700.000000
IL	0	02:57:34.981	Cazyxio_v4.3 (EURUSD,M15)	2026.03.19 08:57:34 | HEARTBEAT | SYSTEM | EA alive. Tick=199800 Equity=44547.82 OpenPos=0 PendingOrders=0 UTC=2026.03.19 08:57 DayOfWeek=4 WeekendCloseActive=NO NewTradeBlocked=NO | 199800.000000
RN	0	02:58:25.424	Cazyxio_v4.3 (EURUSD,M15)	2026.03.19 08:58:25 | HEARTBEAT | SYSTEM | EA alive. Tick=199900 Equity=44547.82 OpenPos=0 PendingOrders=0 UTC=2026.03.19 08:58 DayOfWeek=4 WeekendCloseActive=NO NewTradeBlocked=NO | 199900.000000
LH	0	02:59:18.238	Cazyxio_v4.3 (EURUSD,M15)	2026.03.19 08:59:18 | HEARTBEAT | SYSTEM | EA alive. Tick=200000 Equity=44547.82 OpenPos=0 PendingOrders=0 UTC=2026.03.19 08:59 DayOfWeek=4 WeekendCloseActive=NO NewTradeBlocked=NO | 200000.000000
FK	0	03:02:21.732	Cazyxio_v4.3 (EURUSD,M15)	2026.03.19 09:02:21 | GATE_FAIL | GBPUSD | CopyBuffer failed for Daily EMA200.
PJ	0	03:04:42.153	Cazyxio_v4.3 (EURUSD,M15)	2026.03.19 09:04:42 | GATE_FAIL | EURUSD | CopyBuffer failed for Daily EMA200.
DE	0	03:07:02.543	Cazyxio_v4.3 (EURUSD,M15)	2026.03.19 09:07:02 | GATE_FAIL | USDJPY | CopyBuffer failed for Daily EMA200.
OF	0	03:07:02.543	Cazyxio_v4.3 (EURUSD,M15)	2026.03.19 09:07:02 | BAR | AUDUSD | close=0.70363 h4ema200=0.70255 h4slope=UP dailyEMA200=0.67176 adx=22.5 ema50=0.70414 distToEMA50=5.1pips touchSeq=3 atr=0.000895 atrRatio=1.148 dir=LONG spread=20.0 spreadOK=YES atrGate=PASS touch=PASS momCandle=momClosePos=0.679 momOk=Y ema50Ok=Y barRange=0.000840 zeroRangeBar=NO trigger=YES hasPos=NO portRisk=0.00% openPos=0 | 0.703630
HN	0	03:07:02.543	Cazyxio_v4.3 (EURUSD,M15)	2026.03.19 09:07:02 | SIGNAL | AUDUSD | VALID SIGNAL (LIMIT): LONG limitPrice=0.70409 sl=0.70266 tp=0.70910 stopDist=0.00143 lots=1.55 riskPct=0.50 R:R=1:3.50 ema50=0.70414 dailyEMA200=0.67176 adx=22.5 distToLimit=6.4pips expiresIn=4bars touchSeq=3 | 0.704090
DO	0	03:07:02.672	Cazyxio_v4.3 (EURUSD,M15)	2026.03.19 09:07:02 | LIMIT_PLACED | AUDUSD | BUY_LIMIT lots=1.55 limitPrice=0.70409 sl=0.70266 tp=0.70910 expiresIn=4bars ticket=4553925 FallbackEnabled=YES | 1.550000
RR	0	03:07:02.672	Cazyxio_v4.3 (EURUSD,M15)	2026.03.19 09:07:02 | BAR | GBPJPY | close=210.957 h4ema200=211.031 h4slope=UP dailyEMA200=205.050 adx=18.7 ema50=211.775 distToEMA50=81.8pips touchSeq=0 atr=0.246857 atrRatio=1.884 dir=NONE spread=44.0 spreadOK=NO atrGate=PASS touch=FAIL momCandle= zeroRangeBar=NO trigger=NO hasPos=NO portRisk=0.00% openPos=0 | 210.957000
RK	0	03:07:02.672	Cazyxio_v4.3 (EURUSD,M15)	2026.03.19 09:07:02 | GATE_FAIL | GBPJPY | No directional bias. h4slope=UP closeNow=210.957 h4ema200=211.031 dailyEMA200=205.050
RS	0	03:07:02.672	Cazyxio_v4.3 (EURUSD,M15)	2026.03.19 09:07:02 | BAR | USDCAD | close=1.37434 h4ema200=1.36709 h4slope=UP dailyEMA200=1.38084 adx=39.9 ema50=1.37258 distToEMA50=17.6pips touchSeq=0 atr=0.000681 atrRatio=1.070 dir=NONE spread=27.0 spreadOK=YES atrGate=PASS touch=FAIL momCandle= zeroRangeBar=NO trigger=NO hasPos=NO portRisk=0.00% openPos=0 | 1.374340
NN	0	03:07:02.672	Cazyxio_v4.3 (EURUSD,M15)	2026.03.19 09:07:02 | GATE_FAIL | USDCAD | No directional bias. h4slope=UP closeNow=1.37434 h4ema200=1.36709 dailyEMA200=1.38084
GF	0	03:07:10.658	Cazyxio_v4.3 (EURUSD,M15)	2026.03.19 09:07:10 | HEARTBEAT | SYSTEM | EA alive. Tick=200100 Equity=44547.82 OpenPos=0 PendingOrders=1 UTC=2026.03.19 09:07 DayOfWeek=4 WeekendCloseActive=NO NewTradeBlocked=NO | 200100.000000
OQ	0	03:08:13.426	Cazyxio_v4.3 (EURUSD,M15)	2026.03.19 09:08:13 | HEARTBEAT | SYSTEM | EA alive. Tick=200200 Equity=44547.82 OpenPos=0 PendingOrders=1 UTC=2026.03.19 09:08 DayOfWeek=4 WeekendCloseActive=NO NewTradeBlocked=NO | 200200.000000
DS	0	03:09:08.484	Cazyxio_v4.3 (EURUSD,M15)	2026.03.19 09:09:08 | HEARTBEAT | SYSTEM | EA alive. Tick=200300 Equity=44547.82 OpenPos=0 PendingOrders=1 UTC=2026.03.19 09:09 DayOfWeek=4 WeekendCloseActive=NO NewTradeBlocked=NO | 200300.000000
NM	0	03:09:59.428	Cazyxio_v4.3 (EURUSD,M15)	2026.03.19 09:09:59 | HEARTBEAT | SYSTEM | EA alive. Tick=200400 Equity=44547.82 OpenPos=0 PendingOrders=1 UTC=2026.03.19 09:09 DayOfWeek=4 WeekendCloseActive=NO NewTradeBlocked=NO | 200400.000000
JO	0	03:10:53.835	Cazyxio_v4.3 (EURUSD,M15)	2026.03.19 09:10:53 | HEARTBEAT | SYSTEM | EA alive. Tick=200500 Equity=44547.82 OpenPos=0 PendingOrders=1 UTC=2026.03.19 09:10 DayOfWeek=4 WeekendCloseActive=NO NewTradeBlocked=NO | 200500.000000
GN	0	03:11:35.743	Cazyxio_v4.3 (EURUSD,M15)	2026.03.19 09:11:35 | HEARTBEAT | SYSTEM | EA alive. Tick=200600 Equity=44547.82 OpenPos=0 PendingOrders=1 UTC=2026.03.19 09:11 DayOfWeek=4 WeekendCloseActive=NO NewTradeBlocked=NO | 200600.000000
DH	0	03:12:26.345	Cazyxio_v4.3 (EURUSD,M15)	2026.03.19 09:12:26 | HEARTBEAT | SYSTEM | EA alive. Tick=200700 Equity=44547.82 OpenPos=0 PendingOrders=1 UTC=2026.03.19 09:12 DayOfWeek=4 WeekendCloseActive=NO NewTradeBlocked=NO | 200700.000000
LJ	0	03:13:14.623	Cazyxio_v4.3 (EURUSD,M15)	2026.03.19 09:13:14 | HEARTBEAT | SYSTEM | EA alive. Tick=200800 Equity=44547.82 OpenPos=0 PendingOrders=1 UTC=2026.03.19 09:13 DayOfWeek=4 WeekendCloseActive=NO NewTradeBlocked=NO | 200800.000000
GD	0	03:14:10.494	Cazyxio_v4.3 (EURUSD,M15)	2026.03.19 09:14:10 | HEARTBEAT | SYSTEM | EA alive. Tick=200900 Equity=44547.82 OpenPos=0 PendingOrders=1 UTC=2026.03.19 09:14 DayOfWeek=4 WeekendCloseActive=NO NewTradeBlocked=NO | 200900.000000
KG	0	03:14:45.292	Cazyxio_v4.3 (EURUSD,M15)	2026.03.19 09:14:45 | HEARTBEAT | SYSTEM | EA alive. Tick=201000 Equity=44547.82 OpenPos=0 PendingOrders=1 UTC=2026.03.19 09:14 DayOfWeek=4 WeekendCloseActive=NO NewTradeBlocked=NO | 201000.000000
NQ	0	03:17:22.032	Cazyxio_v4.3 (EURUSD,M15)	2026.03.19 09:17:22 | GATE_FAIL | EURUSD | CopyBuffer failed for Daily EMA200.
IP	0	03:19:42.401	Cazyxio_v4.3 (EURUSD,M15)	2026.03.19 09:19:42 | GATE_FAIL | USDJPY | CopyBuffer failed for Daily EMA200.
PL	0	03:19:42.401	Cazyxio_v4.3 (EURUSD,M15)	2026.03.19 09:19:42 | LIMIT_PENDING | AUDUSD | Limit order still pending. BarsRemaining=3 LimitPrice=0.70409 CurrentPrice=0.70511 DistToLimit=10.2pips Ticket=4553925
ES	0	03:19:42.401	Cazyxio_v4.3 (EURUSD,M15)	2026.03.19 09:19:42 | BAR | GBPJPY | close=211.016 h4ema200=211.032 h4slope=UP dailyEMA200=205.050 adx=18.7 ema50=211.747 distToEMA50=73.1pips touchSeq=0 atr=0.251714 atrRatio=1.902 dir=NONE spread=44.0 spreadOK=NO atrGate=PASS touch=FAIL momCandle= zeroRangeBar=NO trigger=NO hasPos=NO portRisk=0.00% openPos=0 | 211.016000
FK	0	03:19:42.401	Cazyxio_v4.3 (EURUSD,M15)	2026.03.19 09:19:42 | GATE_FAIL | GBPJPY | No directional bias. h4slope=UP closeNow=211.016 h4ema200=211.032 dailyEMA200=205.050
MR	0	03:19:42.401	Cazyxio_v4.3 (EURUSD,M15)	2026.03.19 09:19:42 | BAR | USDCAD | close=1.37365 h4ema200=1.36708 h4slope=UP dailyEMA200=1.38084 adx=39.9 ema50=1.37260 distToEMA50=10.5pips touchSeq=0 atr=0.000691 atrRatio=1.080 dir=NONE spread=28.0 spreadOK=YES atrGate=PASS touch=FAIL momCandle= zeroRangeBar=NO trigger=NO hasPos=NO portRisk=0.00% openPos=0 | 1.373650
FO	0	03:19:42.401	Cazyxio_v4.3 (EURUSD,M15)	2026.03.19 09:19:42 | GATE_FAIL | USDCAD | No directional bias. h4slope=UP closeNow=1.37365 h4ema200=1.36708 dailyEMA200=1.38084
OG	0	03:22:02.951	Cazyxio_v4.3 (EURUSD,M15)	2026.03.19 09:22:02 | GATE_FAIL | GBPUSD | CopyBuffer failed for Daily EMA200.
JF	0	03:22:28.333	Cazyxio_v4.3 (EURUSD,M15)	2026.03.19 09:22:28 | HEARTBEAT | SYSTEM | EA alive. Tick=201100 Equity=44547.82 OpenPos=0 PendingOrders=1 UTC=2026.03.19 09:22 DayOfWeek=4 WeekendCloseActive=NO NewTradeBlocked=NO | 201100.000000
CP	0	03:23:08.032	Cazyxio_v4.3 (EURUSD,M15)	2026.03.19 09:23:08 | HEARTBEAT | SYSTEM | EA alive. Tick=201200 Equity=44547.82 OpenPos=0 PendingOrders=1 UTC=2026.03.19 09:23 DayOfWeek=4 WeekendCloseActive=NO NewTradeBlocked=NO | 201200.000000
KR	0	03:23:52.533	Cazyxio_v4.3 (EURUSD,M15)	2026.03.19 09:23:52 | HEARTBEAT | SYSTEM | EA alive. Tick=201300 Equity=44547.82 OpenPos=0 PendingOrders=1 UTC=2026.03.19 09:23 DayOfWeek=4 WeekendCloseActive=NO NewTradeBlocked=NO | 201300.000000
CL	0	03:24:39.358	Cazyxio_v4.3 (EURUSD,M15)	2026.03.19 09:24:39 | HEARTBEAT | SYSTEM | EA alive. Tick=201400 Equity=44547.82 OpenPos=0 PendingOrders=1 UTC=2026.03.19 09:24 DayOfWeek=4 WeekendCloseActive=NO NewTradeBlocked=NO | 201400.000000
FO	0	03:25:36.624	Cazyxio_v4.3 (EURUSD,M15)	2026.03.19 09:25:36 | HEARTBEAT | SYSTEM | EA alive. Tick=201500 Equity=44547.82 OpenPos=0 PendingOrders=1 UTC=2026.03.19 09:25 DayOfWeek=4 WeekendCloseActive=NO NewTradeBlocked=NO | 201500.000000
FI	0	03:26:08.744	Cazyxio_v4.3 (EURUSD,M15)	2026.03.19 09:26:08 | HEARTBEAT | SYSTEM | EA alive. Tick=201600 Equity=44547.82 OpenPos=0 PendingOrders=1 UTC=2026.03.19 09:26 DayOfWeek=4 WeekendCloseActive=NO NewTradeBlocked=NO | 201600.000000
HK	0	03:26:34.638	Cazyxio_v4.3 (EURUSD,M15)	2026.03.19 09:26:34 | HEARTBEAT | SYSTEM | EA alive. Tick=201700 Equity=44547.82 OpenPos=0 PendingOrders=1 UTC=2026.03.19 09:26 DayOfWeek=4 WeekendCloseActive=NO NewTradeBlocked=NO | 201700.000000
RE	0	03:27:05.354	Cazyxio_v4.3 (EURUSD,M15)	2026.03.19 09:27:05 | HEARTBEAT | SYSTEM | EA alive. Tick=201800 Equity=44547.82 OpenPos=0 PendingOrders=1 UTC=2026.03.19 09:27 DayOfWeek=4 WeekendCloseActive=NO NewTradeBlocked=NO | 201800.000000
FD	0	03:27:38.367	Cazyxio_v4.3 (EURUSD,M15)	2026.03.19 09:27:38 | HEARTBEAT | SYSTEM | EA alive. Tick=201900 Equity=44547.82 OpenPos=0 PendingOrders=1 UTC=2026.03.19 09:27 DayOfWeek=4 WeekendCloseActive=NO NewTradeBlocked=NO | 201900.000000
IF	0	03:28:12.826	Cazyxio_v4.3 (EURUSD,M15)	2026.03.19 09:28:12 | HEARTBEAT | SYSTEM | EA alive. Tick=202000 Equity=44547.82 OpenPos=0 PendingOrders=1 UTC=2026.03.19 09:28 DayOfWeek=4 WeekendCloseActive=NO NewTradeBlocked=NO | 202000.000000
IP	0	03:28:46.132	Cazyxio_v4.3 (EURUSD,M15)	2026.03.19 09:28:46 | HEARTBEAT | SYSTEM | EA alive. Tick=202100 Equity=44547.82 OpenPos=0 PendingOrders=1 UTC=2026.03.19 09:28 DayOfWeek=4 WeekendCloseActive=NO NewTradeBlocked=NO | 202100.000000
GR	0	03:29:20.403	Cazyxio_v4.3 (EURUSD,M15)	2026.03.19 09:29:20 | HEARTBEAT | SYSTEM | EA alive. Tick=202200 Equity=44547.82 OpenPos=0 PendingOrders=1 UTC=2026.03.19 09:29 DayOfWeek=4 WeekendCloseActive=NO NewTradeBlocked=NO | 202200.000000
DL	0	03:32:21.932	Cazyxio_v4.3 (EURUSD,M15)	2026.03.19 09:32:21 | GATE_FAIL | GBPUSD | CopyBuffer failed for Daily EMA200.
EL	0	03:34:42.352	Cazyxio_v4.3 (EURUSD,M15)	2026.03.19 09:34:42 | GATE_FAIL | EURUSD | CopyBuffer failed for Daily EMA200.
RL	0	03:37:02.653	Cazyxio_v4.3 (EURUSD,M15)	2026.03.19 09:37:02 | GATE_FAIL | USDJPY | CopyBuffer failed for Daily EMA200.
JP	0	03:37:02.653	Cazyxio_v4.3 (EURUSD,M15)	2026.03.19 09:37:02 | LIMIT_PENDING | AUDUSD | Limit order still pending. BarsRemaining=2 LimitPrice=0.70409 CurrentPrice=0.70476 DistToLimit=6.7pips Ticket=4553925
GE	0	03:37:02.653	Cazyxio_v4.3 (EURUSD,M15)	2026.03.19 09:37:02 | BAR | GBPJPY | close=211.198 h4ema200=211.031 h4slope=UP dailyEMA200=205.050 adx=18.7 ema50=211.724 distToEMA50=52.6pips touchSeq=0 atr=0.262071 atrRatio=1.958 dir=LONG spread=46.0 spreadOK=NO atrGate=PASS touch=FAIL momCandle=momClosePos=0.540 momOk=N ema50Ok=Y barRange=0.361000 zeroRangeBar=NO trigger=NO hasPos=NO portRisk=0.00% openPos=0 | 211.198000
KQ	0	03:37:02.653	Cazyxio_v4.3 (EURUSD,M15)	2026.03.19 09:37:02 | GATE_FAIL | GBPJPY | Spread too wide. Spread=46.0 Max=30 points.
GO	0	03:37:02.653	Cazyxio_v4.3 (EURUSD,M15)	2026.03.19 09:37:02 | BAR | USDCAD | close=1.37374 h4ema200=1.36708 h4slope=UP dailyEMA200=1.38084 adx=39.9 ema50=1.37265 distToEMA50=10.9pips touchSeq=0 atr=0.000730 atrRatio=1.135 dir=NONE spread=27.0 spreadOK=YES atrGate=PASS touch=FAIL momCandle= zeroRangeBar=NO trigger=NO hasPos=NO portRisk=0.00% openPos=0 | 1.373740
QJ	0	03:37:02.653	Cazyxio_v4.3 (EURUSD,M15)	2026.03.19 09:37:02 | GATE_FAIL | USDCAD | No directional bias. h4slope=UP closeNow=1.37374 h4ema200=1.36708 dailyEMA200=1.38084
DS	0	03:37:03.256	Cazyxio_v4.3 (EURUSD,M15)	2026.03.19 09:37:03 | HEARTBEAT | SYSTEM | EA alive. Tick=202300 Equity=44547.82 OpenPos=0 PendingOrders=1 UTC=2026.03.19 09:37 DayOfWeek=4 WeekendCloseActive=NO NewTradeBlocked=NO | 202300.000000
MM	0	03:37:44.925	Cazyxio_v4.3 (EURUSD,M15)	2026.03.19 09:37:44 | HEARTBEAT | SYSTEM | EA alive. Tick=202400 Equity=44547.82 OpenPos=0 PendingOrders=1 UTC=2026.03.19 09:37 DayOfWeek=4 WeekendCloseActive=NO NewTradeBlocked=NO | 202400.000000
IO	0	03:38:21.032	Cazyxio_v4.3 (EURUSD,M15)	2026.03.19 09:38:21 | HEARTBEAT | SYSTEM | EA alive. Tick=202500 Equity=44547.82 OpenPos=0 PendingOrders=1 UTC=2026.03.19 09:38 DayOfWeek=4 WeekendCloseActive=NO NewTradeBlocked=NO | 202500.000000
OI	0	03:38:56.069	Cazyxio_v4.3 (EURUSD,M15)	2026.03.19 09:38:56 | HEARTBEAT | SYSTEM | EA alive. Tick=202600 Equity=44547.82 OpenPos=0 PendingOrders=1 UTC=2026.03.19 09:38 DayOfWeek=4 WeekendCloseActive=NO NewTradeBlocked=NO | 202600.000000
EH	0	03:39:30.936	Cazyxio_v4.3 (EURUSD,M15)	2026.03.19 09:39:30 | HEARTBEAT | SYSTEM | EA alive. Tick=202700 Equity=44547.82 OpenPos=0 PendingOrders=1 UTC=2026.03.19 09:39 DayOfWeek=4 WeekendCloseActive=NO NewTradeBlocked=NO | 202700.000000
JJ	0	03:40:09.267	Cazyxio_v4.3 (EURUSD,M15)	2026.03.19 09:40:09 | HEARTBEAT | SYSTEM | EA alive. Tick=202800 Equity=44547.82 OpenPos=0 PendingOrders=1 UTC=2026.03.19 09:40 DayOfWeek=4 WeekendCloseActive=NO NewTradeBlocked=NO | 202800.000000
GD	0	03:40:57.491	Cazyxio_v4.3 (EURUSD,M15)	2026.03.19 09:40:57 | HEARTBEAT | SYSTEM | EA alive. Tick=202900 Equity=44547.82 OpenPos=0 PendingOrders=1 UTC=2026.03.19 09:40 DayOfWeek=4 WeekendCloseActive=NO NewTradeBlocked=NO | 202900.000000
QF	0	03:41:39.663	Cazyxio_v4.3 (EURUSD,M15)	2026.03.19 09:41:39 | HEARTBEAT | SYSTEM | EA alive. Tick=203000 Equity=44547.82 OpenPos=0 PendingOrders=1 UTC=2026.03.19 09:41 DayOfWeek=4 WeekendCloseActive=NO NewTradeBlocked=NO | 203000.000000
OQ	0	03:42:23.934	Cazyxio_v4.3 (EURUSD,M15)	2026.03.19 09:42:23 | HEARTBEAT | SYSTEM | EA alive. Tick=203100 Equity=44547.82 OpenPos=0 PendingOrders=1 UTC=2026.03.19 09:42 DayOfWeek=4 WeekendCloseActive=NO NewTradeBlocked=NO | 203100.000000
HS	0	03:43:08.323	Cazyxio_v4.3 (EURUSD,M15)	2026.03.19 09:43:08 | HEARTBEAT | SYSTEM | EA alive. Tick=203200 Equity=44547.82 OpenPos=0 PendingOrders=1 UTC=2026.03.19 09:43 DayOfWeek=4 WeekendCloseActive=NO NewTradeBlocked=NO | 203200.000000
IM	0	03:43:49.386	Cazyxio_v4.3 (EURUSD,M15)	2026.03.19 09:43:49 | HEARTBEAT | SYSTEM | EA alive. Tick=203300 Equity=44547.82 OpenPos=0 PendingOrders=1 UTC=2026.03.19 09:43 DayOfWeek=4 WeekendCloseActive=NO NewTradeBlocked=NO | 203300.000000
EO	0	03:44:32.596	Cazyxio_v4.3 (EURUSD,M15)	2026.03.19 09:44:32 | HEARTBEAT | SYSTEM | EA alive. Tick=203400 Equity=44547.82 OpenPos=0 PendingOrders=1 UTC=2026.03.19 09:44 DayOfWeek=4 WeekendCloseActive=NO NewTradeBlocked=NO | 203400.000000
GO	0	03:47:21.782	Cazyxio_v4.3 (EURUSD,M15)	2026.03.19 09:47:21 | GATE_FAIL | GBPUSD | CopyBuffer failed for Daily EMA200.
RI	0	03:49:42.081	Cazyxio_v4.3 (EURUSD,M15)	2026.03.19 09:49:42 | GATE_FAIL | EURUSD | CopyBuffer failed for Daily EMA200.
DI	0	03:52:02.482	Cazyxio_v4.3 (EURUSD,M15)	2026.03.19 09:52:02 | GATE_FAIL | USDJPY | CopyBuffer failed for Daily EMA200.
MD	0	03:52:02.482	Cazyxio_v4.3 (EURUSD,M15)	2026.03.19 09:52:02 | LIMIT_PENDING | AUDUSD | Limit order still pending. BarsRemaining=1 LimitPrice=0.70409 CurrentPrice=0.70612 DistToLimit=20.3pips Ticket=4553925
RJ	0	03:52:02.482	Cazyxio_v4.3 (EURUSD,M15)	2026.03.19 09:52:02 | BAR | GBPJPY | close=211.307 h4ema200=211.034 h4slope=UP dailyEMA200=205.052 adx=18.7 ema50=211.718 distToEMA50=41.1pips touchSeq=0 atr=0.275929 atrRatio=2.038 dir=LONG spread=47.0 spreadOK=NO atrGate=PASS touch=FAIL momCandle=momClosePos=0.995 momOk=Y ema50Ok=Y barRange=0.198000 zeroRangeBar=NO trigger=YES hasPos=NO portRisk=0.00% openPos=0 | 211.307000
NG	0	03:52:02.482	Cazyxio_v4.3 (EURUSD,M15)	2026.03.19 09:52:02 | GATE_FAIL | GBPJPY | Spread too wide. Spread=47.0 Max=30 points.
PK	0	03:52:02.482	Cazyxio_v4.3 (EURUSD,M15)	2026.03.19 09:52:02 | BAR | USDCAD | close=1.37347 h4ema200=1.36708 h4slope=UP dailyEMA200=1.38084 adx=39.9 ema50=1.37268 distToEMA50=7.9pips touchSeq=1 atr=0.000744 atrRatio=1.151 dir=NONE spread=27.0 spreadOK=YES atrGate=PASS touch=FAIL momCandle= zeroRangeBar=NO trigger=NO hasPos=NO portRisk=0.00% openPos=0 | 1.373470
QI	0	03:52:02.482	Cazyxio_v4.3 (EURUSD,M15)	2026.03.19 09:52:02 | GATE_FAIL | USDCAD | No directional bias. h4slope=UP closeNow=1.37347 h4ema200=1.36708 dailyEMA200=1.38084
EL	0	03:52:11.711	Cazyxio_v4.3 (EURUSD,M15)	2026.03.19 09:52:11 | HEARTBEAT | SYSTEM | EA alive. Tick=203500 Equity=44547.82 OpenPos=0 PendingOrders=1 UTC=2026.03.19 09:52 DayOfWeek=4 WeekendCloseActive=NO NewTradeBlocked=NO | 203500.000000
NN	0	03:52:46.174	Cazyxio_v4.3 (EURUSD,M15)	2026.03.19 09:52:46 | HEARTBEAT | SYSTEM | EA alive. Tick=203600 Equity=44547.82 OpenPos=0 PendingOrders=1 UTC=2026.03.19 09:52 DayOfWeek=4 WeekendCloseActive=NO NewTradeBlocked=NO | 203600.000000
IH	0	03:53:26.956	Cazyxio_v4.3 (EURUSD,M15)	2026.03.19 09:53:26 | HEARTBEAT | SYSTEM | EA alive. Tick=203700 Equity=44547.82 OpenPos=0 PendingOrders=1 UTC=2026.03.19 09:53 DayOfWeek=4 WeekendCloseActive=NO NewTradeBlocked=NO | 203700.000000
IK	0	03:54:09.032	Cazyxio_v4.3 (EURUSD,M15)	2026.03.19 09:54:09 | HEARTBEAT | SYSTEM | EA alive. Tick=203800 Equity=44547.82 OpenPos=0 PendingOrders=1 UTC=2026.03.19 09:54 DayOfWeek=4 WeekendCloseActive=NO NewTradeBlocked=NO | 203800.000000
LE	0	03:54:42.082	Cazyxio_v4.3 (EURUSD,M15)	2026.03.19 09:54:42 | HEARTBEAT | SYSTEM | EA alive. Tick=203900 Equity=44547.82 OpenPos=0 PendingOrders=1 UTC=2026.03.19 09:54 DayOfWeek=4 WeekendCloseActive=NO NewTradeBlocked=NO | 203900.000000
RG	0	03:55:16.098	Cazyxio_v4.3 (EURUSD,M15)	2026.03.19 09:55:16 | HEARTBEAT | SYSTEM | EA alive. Tick=204000 Equity=44547.82 OpenPos=0 PendingOrders=1 UTC=2026.03.19 09:55 DayOfWeek=4 WeekendCloseActive=NO NewTradeBlocked=NO | 204000.000000
FQ	0	03:55:51.911	Cazyxio_v4.3 (EURUSD,M15)	2026.03.19 09:55:51 | HEARTBEAT | SYSTEM | EA alive. Tick=204100 Equity=44547.82 OpenPos=0 PendingOrders=1 UTC=2026.03.19 09:55 DayOfWeek=4 WeekendCloseActive=NO NewTradeBlocked=NO | 204100.000000
PP	0	03:56:27.080	Cazyxio_v4.3 (EURUSD,M15)	2026.03.19 09:56:27 | HEARTBEAT | SYSTEM | EA alive. Tick=204200 Equity=44547.82 OpenPos=0 PendingOrders=1 UTC=2026.03.19 09:56 DayOfWeek=4 WeekendCloseActive=NO NewTradeBlocked=NO | 204200.000000
JR	0	03:57:03.117	Cazyxio_v4.3 (EURUSD,M15)	2026.03.19 09:57:03 | HEARTBEAT | SYSTEM | EA alive. Tick=204300 Equity=44547.82 OpenPos=0 PendingOrders=1 UTC=2026.03.19 09:57 DayOfWeek=4 WeekendCloseActive=NO NewTradeBlocked=NO | 204300.000000
LL	0	03:57:41.162	Cazyxio_v4.3 (EURUSD,M15)	2026.03.19 09:57:41 | HEARTBEAT | SYSTEM | EA alive. Tick=204400 Equity=44547.82 OpenPos=0 PendingOrders=1 UTC=2026.03.19 09:57 DayOfWeek=4 WeekendCloseActive=NO NewTradeBlocked=NO | 204400.000000
HN	0	03:58:19.200	Cazyxio_v4.3 (EURUSD,M15)	2026.03.19 09:58:19 | HEARTBEAT | SYSTEM | EA alive. Tick=204500 Equity=44547.82 OpenPos=0 PendingOrders=1 UTC=2026.03.19 09:58 DayOfWeek=4 WeekendCloseActive=NO NewTradeBlocked=NO | 204500.000000
FI	0	03:58:51.109	Cazyxio_v4.3 (EURUSD,M15)	2026.03.19 09:58:51 | HEARTBEAT | SYSTEM | EA alive. Tick=204600 Equity=44547.82 OpenPos=0 PendingOrders=1 UTC=2026.03.19 09:58 DayOfWeek=4 WeekendCloseActive=NO NewTradeBlocked=NO | 204600.000000
GK	0	03:59:24.028	Cazyxio_v4.3 (EURUSD,M15)	2026.03.19 09:59:24 | HEARTBEAT | SYSTEM | EA alive. Tick=204700 Equity=44547.82 OpenPos=0 PendingOrders=1 UTC=2026.03.19 09:59 DayOfWeek=4 WeekendCloseActive=NO NewTradeBlocked=NO | 204700.000000
QD	0	04:02:21.839	Cazyxio_v4.3 (EURUSD,M15)	2026.03.19 10:02:21 | GATE_FAIL | GBPUSD | CopyBuffer failed for Daily EMA200.
ME	0	04:04:42.238	Cazyxio_v4.3 (EURUSD,M15)	2026.03.19 10:04:42 | GATE_FAIL | EURUSD | CopyBuffer failed for Daily EMA200.
HD	0	04:07:02.609	Cazyxio_v4.3 (EURUSD,M15)	2026.03.19 10:07:02 | GATE_FAIL | USDJPY | CopyBuffer failed for Daily EMA200.
KE	0	04:07:02.609	Cazyxio_v4.3 (EURUSD,M15)	2026.03.19 10:07:02 | LIMIT_EXPIRED | AUDUSD | Limit order expired (unfilled after 4 bars). LimitPrice=0.70409 CurrentPrice=0.70547 DistanceFromLimit=13.8pips Ticket=4553925
LN	0	04:07:02.750	Cazyxio_v4.3 (EURUSD,M15)	2026.03.19 10:07:02 | LIMIT_CANCELLED | AUDUSD | Pending limit order cancelled. Reason=EXPIRY Ticket=4553925 LimitPrice=0.70409
HD	0	04:07:02.750	Cazyxio_v4.3 (EURUSD,M15)	2026.03.19 10:07:02 | FALLBACK_SKIP | AUDUSD | Limit expired. Fallback skipped — price too far from EMA50. DistFromEMA=13.3pips MaxDist=9.0pips
KL	0	04:07:02.750	Cazyxio_v4.3 (EURUSD,M15)	2026.03.19 10:07:02 | BAR | GBPJPY | close=211.417 h4ema200=211.034 h4slope=UP dailyEMA200=205.052 adx=18.7 ema50=211.706 distToEMA50=28.9pips touchSeq=1 atr=0.271571 atrRatio=1.984 dir=LONG spread=40.0 spreadOK=NO atrGate=PASS touch=FAIL momCandle=momClosePos=0.617 momOk=N ema50Ok=Y barRange=0.235000 zeroRangeBar=NO trigger=NO hasPos=NO portRisk=0.00% openPos=0 | 211.417000
JN	0	04:07:02.750	Cazyxio_v4.3 (EURUSD,M15)	2026.03.19 10:07:02 | GATE_FAIL | GBPJPY | Spread too wide. Spread=40.0 Max=30 points.
KE	0	04:07:02.750	Cazyxio_v4.3 (EURUSD,M15)	2026.03.19 10:07:02 | BAR | USDCAD | close=1.37330 h4ema200=1.36708 h4slope=UP dailyEMA200=1.38084 adx=39.9 ema50=1.37271 distToEMA50=5.9pips touchSeq=2 atr=0.000735 atrRatio=1.134 dir=NONE spread=25.0 spreadOK=YES atrGate=PASS touch=FAIL momCandle= zeroRangeBar=NO trigger=NO hasPos=NO portRisk=0.00% openPos=0 | 1.373300
HS	0	04:07:02.750	Cazyxio_v4.3 (EURUSD,M15)	2026.03.19 10:07:02 | GATE_FAIL | USDCAD | No directional bias. h4slope=UP closeNow=1.37330 h4ema200=1.36708 dailyEMA200=1.38084
OE	0	04:07:06.896	Cazyxio_v4.3 (EURUSD,M15)	2026.03.19 10:07:06 | HEARTBEAT | SYSTEM | EA alive. Tick=204800 Equity=44547.82 OpenPos=0 PendingOrders=0 UTC=2026.03.19 10:07 DayOfWeek=4 WeekendCloseActive=NO NewTradeBlocked=NO | 204800.000000
KD	0	04:07:51.917	Cazyxio_v4.3 (EURUSD,M15)	2026.03.19 10:07:51 | HEARTBEAT | SYSTEM | EA alive. Tick=204900 Equity=44547.82 OpenPos=0 PendingOrders=0 UTC=2026.03.19 10:07 DayOfWeek=4 WeekendCloseActive=NO NewTradeBlocked=NO | 204900.000000
DF	0	04:08:34.638	Cazyxio_v4.3 (EURUSD,M15)	2026.03.19 10:08:34 | HEARTBEAT | SYSTEM | EA alive. Tick=205000 Equity=44547.82 OpenPos=0 PendingOrders=0 UTC=2026.03.19 10:08 DayOfWeek=4 WeekendCloseActive=NO NewTradeBlocked=NO | 205000.000000
KP	0	04:09:22.966	Cazyxio_v4.3 (EURUSD,M15)	2026.03.19 10:09:22 | HEARTBEAT | SYSTEM | EA alive. Tick=205100 Equity=44547.82 OpenPos=0 PendingOrders=0 UTC=2026.03.19 10:09 DayOfWeek=4 WeekendCloseActive=NO NewTradeBlocked=NO | 205100.000000
ER	0	04:10:03.870	Cazyxio_v4.3 (EURUSD,M15)	2026.03.19 10:10:03 | HEARTBEAT | SYSTEM | EA alive. Tick=205200 Equity=44547.82 OpenPos=0 PendingOrders=0 UTC=2026.03.19 10:10 DayOfWeek=4 WeekendCloseActive=NO NewTradeBlocked=NO | 205200.000000
FM	0	04:10:49.736	Cazyxio_v4.3 (EURUSD,M15)	2026.03.19 10:10:49 | HEARTBEAT | SYSTEM | EA alive. Tick=205300 Equity=44547.82 OpenPos=0 PendingOrders=0 UTC=2026.03.19 10:10 DayOfWeek=4 WeekendCloseActive=NO NewTradeBlocked=NO | 205300.000000
EO	0	04:11:29.732	Cazyxio_v4.3 (EURUSD,M15)	2026.03.19 10:11:29 | HEARTBEAT | SYSTEM | EA alive. Tick=205400 Equity=44547.82 OpenPos=0 PendingOrders=0 UTC=2026.03.19 10:11 DayOfWeek=4 WeekendCloseActive=NO NewTradeBlocked=NO | 205400.000000
NI	0	04:12:22.752	Cazyxio_v4.3 (EURUSD,M15)	2026.03.19 10:12:22 | HEARTBEAT | SYSTEM | EA alive. Tick=205500 Equity=44547.82 OpenPos=0 PendingOrders=0 UTC=2026.03.19 10:12 DayOfWeek=4 WeekendCloseActive=NO NewTradeBlocked=NO | 205500.000000
MK	0	04:13:10.994	Cazyxio_v4.3 (EURUSD,M15)	2026.03.19 10:13:10 | HEARTBEAT | SYSTEM | EA alive. Tick=205600 Equity=44547.82 OpenPos=0 PendingOrders=0 UTC=2026.03.19 10:13 DayOfWeek=4 WeekendCloseActive=NO NewTradeBlocked=NO | 205600.000000
GJ	0	04:13:59.565	Cazyxio_v4.3 (EURUSD,M15)	2026.03.19 10:13:59 | HEARTBEAT | SYSTEM | EA alive. Tick=205700 Equity=44547.82 OpenPos=0 PendingOrders=0 UTC=2026.03.19 10:13 DayOfWeek=4 WeekendCloseActive=NO NewTradeBlocked=NO | 205700.000000
CD	0	04:14:44.089	Cazyxio_v4.3 (EURUSD,M15)	2026.03.19 10:14:44 | HEARTBEAT | SYSTEM | EA alive. Tick=205800 Equity=44547.82 OpenPos=0 PendingOrders=0 UTC=2026.03.19 10:14 DayOfWeek=4 WeekendCloseActive=NO NewTradeBlocked=NO | 205800.000000
IF	0	04:17:21.836	Cazyxio_v4.3 (EURUSD,M15)	2026.03.19 10:17:21 | GATE_FAIL | EURUSD | CopyBuffer failed for Daily EMA200.
FF	0	04:19:42.364	Cazyxio_v4.3 (EURUSD,M15)	2026.03.19 10:19:42 | GATE_FAIL | USDJPY | CopyBuffer failed for Daily EMA200.
CL	0	04:19:42.364	Cazyxio_v4.3 (EURUSD,M15)	2026.03.19 10:19:42 | BAR | AUDUSD | close=0.70533 h4ema200=0.70256 h4slope=UP dailyEMA200=0.67177 adx=24.0 ema50=0.70430 distToEMA50=10.3pips touchSeq=1 atr=0.001013 atrRatio=1.263 dir=LONG spread=21.0 spreadOK=YES atrGate=PASS touch=PASS momCandle=momClosePos=0.356 momOk=N ema50Ok=Y barRange=0.000590 zeroRangeBar=NO trigger=NO hasPos=NO portRisk=0.00% openPos=0 | 0.705330
FD	0	04:19:42.364	Cazyxio_v4.3 (EURUSD,M15)	2026.03.19 10:19:42 | GATE_FAIL | AUDUSD | Momentum candle FAIL. dir=LONG close=0.70533 ema50=0.70430 momClosePos=0.356 momOk=N ema50Ok=Y barRange=0.000590
JS	0	04:19:42.364	Cazyxio_v4.3 (EURUSD,M15)	2026.03.19 10:19:42 | BAR | GBPJPY | close=211.369 h4ema200=211.033 h4slope=UP dailyEMA200=205.051 adx=18.7 ema50=211.689 distToEMA50=32.0pips touchSeq=0 atr=0.269929 atrRatio=1.951 dir=LONG spread=35.0 spreadOK=NO atrGate=PASS touch=FAIL momCandle=momClosePos=0.129 momOk=N ema50Ok=Y barRange=0.085000 zeroRangeBar=NO trigger=NO hasPos=NO portRisk=0.00% openPos=0 | 211.369000
MK	0	04:19:42.364	Cazyxio_v4.3 (EURUSD,M15)	2026.03.19 10:19:42 | GATE_FAIL | GBPJPY | Spread too wide. Spread=35.0 Max=30 points.
FG	0	04:19:42.364	Cazyxio_v4.3 (EURUSD,M15)	2026.03.19 10:19:42 | BAR | USDCAD | close=1.37351 h4ema200=1.36709 h4slope=UP dailyEMA200=1.38084 adx=39.9 ema50=1.37275 distToEMA50=7.6pips touchSeq=3 atr=0.000734 atrRatio=1.128 dir=NONE spread=24.0 spreadOK=YES atrGate=PASS touch=FAIL momCandle= zeroRangeBar=NO trigger=NO hasPos=NO portRisk=0.00% openPos=0 | 1.373510
OE	0	04:19:42.364	Cazyxio_v4.3 (EURUSD,M15)	2026.03.19 10:19:42 | GATE_FAIL | USDCAD | No directional bias. h4slope=UP closeNow=1.37351 h4ema200=1.36709 dailyEMA200=1.38084
II	0	04:22:05.912	Cazyxio_v4.3 (EURUSD,M15)	2026.03.19 10:22:05 | GATE_FAIL | GBPUSD | CopyBuffer failed for Daily EMA200.
GH	0	04:22:50.488	Cazyxio_v4.3 (EURUSD,M15)	2026.03.19 10:22:50 | HEARTBEAT | SYSTEM | EA alive. Tick=205900 Equity=44547.82 OpenPos=0 PendingOrders=0 UTC=2026.03.19 10:22 DayOfWeek=4 WeekendCloseActive=NO NewTradeBlocked=NO | 205900.000000
HJ	0	04:24:27.135	Cazyxio_v4.3 (EURUSD,M15)	2026.03.19 10:24:27 | HEARTBEAT | SYSTEM | EA alive. Tick=206000 Equity=44547.82 OpenPos=0 PendingOrders=0 UTC=2026.03.19 10:24 DayOfWeek=4 WeekendCloseActive=NO NewTradeBlocked=NO | 206000.000000
OD	0	04:25:30.672	Cazyxio_v4.3 (EURUSD,M15)	2026.03.19 10:25:30 | HEARTBEAT | SYSTEM | EA alive. Tick=206100 Equity=44547.82 OpenPos=0 PendingOrders=0 UTC=2026.03.19 10:25 DayOfWeek=4 WeekendCloseActive=NO NewTradeBlocked=NO | 206100.000000
FF	0	04:26:24.496	Cazyxio_v4.3 (EURUSD,M15)	2026.03.19 10:26:24 | HEARTBEAT | SYSTEM | EA alive. Tick=206200 Equity=44547.82 OpenPos=0 PendingOrders=0 UTC=2026.03.19 10:26 DayOfWeek=4 WeekendCloseActive=NO NewTradeBlocked=NO | 206200.000000
CQ	0	04:27:14.476	Cazyxio_v4.3 (EURUSD,M15)	2026.03.19 10:27:14 | HEARTBEAT | SYSTEM | EA alive. Tick=206300 Equity=44547.82 OpenPos=0 PendingOrders=0 UTC=2026.03.19 10:27 DayOfWeek=4 WeekendCloseActive=NO NewTradeBlocked=NO | 206300.000000
FS	0	04:28:15.836	Cazyxio_v4.3 (EURUSD,M15)	2026.03.19 10:28:15 | HEARTBEAT | SYSTEM | EA alive. Tick=206400 Equity=44547.82 OpenPos=0 PendingOrders=0 UTC=2026.03.19 10:28 DayOfWeek=4 WeekendCloseActive=NO NewTradeBlocked=NO | 206400.000000
NM	0	04:29:22.008	Cazyxio_v4.3 (EURUSD,M15)	2026.03.19 10:29:22 | HEARTBEAT | SYSTEM | EA alive. Tick=206500 Equity=44547.82 OpenPos=0 PendingOrders=0 UTC=2026.03.19 10:29 DayOfWeek=4 WeekendCloseActive=NO NewTradeBlocked=NO | 206500.000000
IO	0	04:32:21.832	Cazyxio_v4.3 (EURUSD,M15)	2026.03.19 10:32:21 | GATE_FAIL | EURUSD | CopyBuffer failed for Daily EMA200.
IO	0	04:34:42.275	Cazyxio_v4.3 (EURUSD,M15)	2026.03.19 10:34:42 | GATE_FAIL | USDJPY | CopyBuffer failed for Daily EMA200.
QP	0	04:34:42.275	Cazyxio_v4.3 (EURUSD,M15)	2026.03.19 10:34:42 | BAR | AUDUSD | close=0.70493 h4ema200=0.70256 h4slope=UP dailyEMA200=0.67177 adx=24.0 ema50=0.70432 distToEMA50=6.1pips touchSeq=2 atr=0.000991 atrRatio=1.229 dir=LONG spread=19.0 spreadOK=YES atrGate=PASS touch=PASS momCandle=momClosePos=0.290 momOk=N ema50Ok=Y barRange=0.000690 zeroRangeBar=NO trigger=NO hasPos=NO portRisk=0.00% openPos=0 | 0.704930
DM	0	04:34:42.275	Cazyxio_v4.3 (EURUSD,M15)	2026.03.19 10:34:42 | GATE_FAIL | AUDUSD | Momentum candle FAIL. dir=LONG close=0.70493 ema50=0.70432 momClosePos=0.290 momOk=N ema50Ok=Y barRange=0.000690
HH	0	04:34:42.275	Cazyxio_v4.3 (EURUSD,M15)	2026.03.19 10:34:42 | BAR | GBPJPY | close=211.324 h4ema200=211.033 h4slope=UP dailyEMA200=205.051 adx=18.7 ema50=211.675 distToEMA50=35.1pips touchSeq=0 atr=0.237071 atrRatio=1.699 dir=LONG spread=38.0 spreadOK=NO atrGate=PASS touch=FAIL momCandle=momClosePos=0.503 momOk=N ema50Ok=Y barRange=0.145000 zeroRangeBar=NO trigger=NO hasPos=NO portRisk=0.00% openPos=0 | 211.324000
GR	0	04:34:42.275	Cazyxio_v4.3 (EURUSD,M15)	2026.03.19 10:34:42 | GATE_FAIL | GBPJPY | Spread too wide. Spread=38.0 Max=30 points.
EM	0	04:34:42.275	Cazyxio_v4.3 (EURUSD,M15)	2026.03.19 10:34:42 | BAR | USDCAD | close=1.37397 h4ema200=1.36709 h4slope=UP dailyEMA200=1.38084 adx=39.9 ema50=1.37280 distToEMA50=11.7pips touchSeq=0 atr=0.000726 atrRatio=1.113 dir=NONE spread=22.0 spreadOK=YES atrGate=PASS touch=FAIL momCandle= zeroRangeBar=NO trigger=NO hasPos=NO portRisk=0.00% openPos=0 | 1.373970
NO	0	04:34:42.275	Cazyxio_v4.3 (EURUSD,M15)	2026.03.19 10:34:42 | GATE_FAIL | USDCAD | No directional bias. h4slope=UP closeNow=1.37397 h4ema200=1.36709 dailyEMA200=1.38084
FP	0	04:37:02.946	Cazyxio_v4.3 (EURUSD,M15)	2026.03.19 10:37:02 | GATE_FAIL | GBPUSD | CopyBuffer failed for Daily EMA200.
NQ	0	04:37:35.092	Cazyxio_v4.3 (EURUSD,M15)	2026.03.19 10:37:35 | HEARTBEAT | SYSTEM | EA alive. Tick=206600 Equity=44547.82 OpenPos=0 PendingOrders=0 UTC=2026.03.19 10:37 DayOfWeek=4 WeekendCloseActive=NO NewTradeBlocked=NO | 206600.000000
QS	0	04:38:59.269	Cazyxio_v4.3 (EURUSD,M15)	2026.03.19 10:38:59 | HEARTBEAT | SYSTEM | EA alive. Tick=206700 Equity=44547.82 OpenPos=0 PendingOrders=0 UTC=2026.03.19 10:38 DayOfWeek=4 WeekendCloseActive=NO NewTradeBlocked=NO | 206700.000000
KM	0	04:40:14.660	Cazyxio_v4.3 (EURUSD,M15)	2026.03.19 10:40:14 | HEARTBEAT | SYSTEM | EA alive. Tick=206800 Equity=44547.82 OpenPos=0 PendingOrders=0 UTC=2026.03.19 10:40 DayOfWeek=4 WeekendCloseActive=NO NewTradeBlocked=NO | 206800.000000
IL	0	04:41:01.245	Cazyxio_v4.3 (EURUSD,M15)	2026.03.19 10:41:01 | HEARTBEAT | SYSTEM | EA alive. Tick=206900 Equity=44547.82 OpenPos=0 PendingOrders=0 UTC=2026.03.19 10:41 DayOfWeek=4 WeekendCloseActive=NO NewTradeBlocked=NO | 206900.000000
HN	0	04:42:07.106	Cazyxio_v4.3 (EURUSD,M15)	2026.03.19 10:42:07 | HEARTBEAT | SYSTEM | EA alive. Tick=207000 Equity=44547.82 OpenPos=0 PendingOrders=0 UTC=2026.03.19 10:42 DayOfWeek=4 WeekendCloseActive=NO NewTradeBlocked=NO | 207000.000000
FH	0	04:43:02.059	Cazyxio_v4.3 (EURUSD,M15)	2026.03.19 10:43:02 | HEARTBEAT | SYSTEM | EA alive. Tick=207100 Equity=44547.82 OpenPos=0 PendingOrders=0 UTC=2026.03.19 10:43 DayOfWeek=4 WeekendCloseActive=NO NewTradeBlocked=NO | 207100.000000
DJ	0	04:44:10.850	Cazyxio_v4.3 (EURUSD,M15)	2026.03.19 10:44:10 | HEARTBEAT | SYSTEM | EA alive. Tick=207200 Equity=44547.82 OpenPos=0 PendingOrders=0 UTC=2026.03.19 10:44 DayOfWeek=4 WeekendCloseActive=NO NewTradeBlocked=NO | 207200.000000
DD	0	04:47:21.885	Cazyxio_v4.3 (EURUSD,M15)	2026.03.19 10:47:21 | GATE_FAIL | GBPUSD | CopyBuffer failed for Daily EMA200.
ND	0	04:49:42.312	Cazyxio_v4.3 (EURUSD,M15)	2026.03.19 10:49:42 | GATE_FAIL | EURUSD | CopyBuffer failed for Daily EMA200.
HD	0	04:52:02.711	Cazyxio_v4.3 (EURUSD,M15)	2026.03.19 10:52:02 | GATE_FAIL | USDJPY | CopyBuffer failed for Daily EMA200.
NI	0	04:52:02.711	Cazyxio_v4.3 (EURUSD,M15)	2026.03.19 10:52:02 | BAR | AUDUSD | close=0.70506 h4ema200=0.70256 h4slope=UP dailyEMA200=0.67177 adx=24.0 ema50=0.70436 distToEMA50=7.0pips touchSeq=3 atr=0.000976 atrRatio=1.204 dir=LONG spread=21.0 spreadOK=YES atrGate=PASS touch=PASS momCandle=momClosePos=0.531 momOk=N ema50Ok=Y barRange=0.000490 zeroRangeBar=NO trigger=NO hasPos=NO portRisk=0.00% openPos=0 | 0.705060
HF	0	04:52:02.711	Cazyxio_v4.3 (EURUSD,M15)	2026.03.19 10:52:02 | GATE_FAIL | AUDUSD | Momentum candle FAIL. dir=LONG close=0.70506 ema50=0.70436 momClosePos=0.531 momOk=N ema50Ok=Y barRange=0.000490
IQ	0	04:52:02.711	Cazyxio_v4.3 (EURUSD,M15)	2026.03.19 10:52:02 | BAR | GBPJPY | close=211.265 h4ema200=211.034 h4slope=UP dailyEMA200=205.052 adx=18.7 ema50=211.662 distToEMA50=39.7pips touchSeq=0 atr=0.232429 atrRatio=1.652 dir=LONG spread=41.0 spreadOK=NO atrGate=PASS touch=FAIL momCandle=momClosePos=0.272 momOk=N ema50Ok=Y barRange=0.136000 zeroRangeBar=NO trigger=NO hasPos=NO portRisk=0.00% openPos=0 | 211.265000
LE	0	04:52:02.711	Cazyxio_v4.3 (EURUSD,M15)	2026.03.19 10:52:02 | GATE_FAIL | GBPJPY | Spread too wide. Spread=41.0 Max=30 points.
LJ	0	04:52:02.711	Cazyxio_v4.3 (EURUSD,M15)	2026.03.19 10:52:02 | BAR | USDCAD | close=1.37387 h4ema200=1.36708 h4slope=UP dailyEMA200=1.38083 adx=39.9 ema50=1.37282 distToEMA50=10.5pips touchSeq=0 atr=0.000716 atrRatio=1.093 dir=NONE spread=27.0 spreadOK=YES atrGate=PASS touch=FAIL momCandle= zeroRangeBar=NO trigger=NO hasPos=NO portRisk=0.00% openPos=0 | 1.373870
JG	0	04:52:02.711	Cazyxio_v4.3 (EURUSD,M15)	2026.03.19 10:52:02 | GATE_FAIL | USDCAD | No directional bias. h4slope=UP closeNow=1.37387 h4ema200=1.36708 dailyEMA200=1.38083
CN	0	04:52:17.816	Cazyxio_v4.3 (EURUSD,M15)	2026.03.19 10:52:17 | HEARTBEAT | SYSTEM | EA alive. Tick=207300 Equity=44547.82 OpenPos=0 PendingOrders=0 UTC=2026.03.19 10:52 DayOfWeek=4 WeekendCloseActive=NO NewTradeBlocked=NO | 207300.000000
DH	0	04:53:32.748	Cazyxio_v4.3 (EURUSD,M15)	2026.03.19 10:53:32 | HEARTBEAT | SYSTEM | EA alive. Tick=207400 Equity=44547.82 OpenPos=0 PendingOrders=0 UTC=2026.03.19 10:53 DayOfWeek=4 WeekendCloseActive=NO NewTradeBlocked=NO | 207400.000000
GK	0	04:54:47.757	Cazyxio_v4.3 (EURUSD,M15)	2026.03.19 10:54:47 | HEARTBEAT | SYSTEM | EA alive. Tick=207500 Equity=44547.82 OpenPos=0 PendingOrders=0 UTC=2026.03.19 10:54 DayOfWeek=4 WeekendCloseActive=NO NewTradeBlocked=NO | 207500.000000
CE	0	04:56:01.698	Cazyxio_v4.3 (EURUSD,M15)	2026.03.19 10:56:01 | HEARTBEAT | SYSTEM | EA alive. Tick=207600 Equity=44547.82 OpenPos=0 PendingOrders=0 UTC=2026.03.19 10:56 DayOfWeek=4 WeekendCloseActive=NO NewTradeBlocked=NO | 207600.000000
OG	0	04:57:28.125	Cazyxio_v4.3 (EURUSD,M15)	2026.03.19 10:57:28 | HEARTBEAT | SYSTEM | EA alive. Tick=207700 Equity=44547.82 OpenPos=0 PendingOrders=0 UTC=2026.03.19 10:57 DayOfWeek=4 WeekendCloseActive=NO NewTradeBlocked=NO | 207700.000000
QQ	0	04:58:39.791	Cazyxio_v4.3 (EURUSD,M15)	2026.03.19 10:58:39 | HEARTBEAT | SYSTEM | EA alive. Tick=207800 Equity=44547.82 OpenPos=0 PendingOrders=0 UTC=2026.03.19 10:58 DayOfWeek=4 WeekendCloseActive=NO NewTradeBlocked=NO | 207800.000000
KP	0	04:59:48.433	Cazyxio_v4.3 (EURUSD,M15)	2026.03.19 10:59:48 | HEARTBEAT | SYSTEM | EA alive. Tick=207900 Equity=44547.82 OpenPos=0 PendingOrders=0 UTC=2026.03.19 10:59 DayOfWeek=4 WeekendCloseActive=NO NewTradeBlocked=NO | 207900.000000
MR	0	05:02:21.904	Cazyxio_v4.3 (EURUSD,M15)	2026.03.19 11:02:21 | GATE_FAIL | EURUSD | CopyBuffer failed for Daily EMA200.
EM	0	05:04:42.369	Cazyxio_v4.3 (EURUSD,M15)	2026.03.19 11:04:42 | GATE_FAIL | USDJPY | CopyBuffer failed for Daily EMA200.
QS	0	05:04:42.369	Cazyxio_v4.3 (EURUSD,M15)	2026.03.19 11:04:42 | BAR | AUDUSD | close=0.70502 h4ema200=0.70256 h4slope=UP dailyEMA200=0.67177 adx=24.0 ema50=0.70437 distToEMA50=6.5pips touchSeq=4 atr=0.000925 atrRatio=1.136 dir=LONG spread=17.0 spreadOK=YES atrGate=PASS touch=PASS momCandle=momClosePos=0.182 momOk=N ema50Ok=Y barRange=0.000550 zeroRangeBar=NO trigger=NO hasPos=NO portRisk=0.00% openPos=0 | 0.705020
IO	0	05:04:42.369	Cazyxio_v4.3 (EURUSD,M15)	2026.03.19 11:04:42 | GATE_FAIL | AUDUSD | Momentum candle FAIL. dir=LONG close=0.70502 ema50=0.70437 momClosePos=0.182 momOk=N ema50Ok=Y barRange=0.000550
IO	0	05:04:42.369	Cazyxio_v4.3 (EURUSD,M15)	2026.03.19 11:04:42 | BAR | GBPJPY | close=211.285 h4ema200=211.033 h4slope=UP dailyEMA200=205.052 adx=18.7 ema50=211.646 distToEMA50=36.1pips touchSeq=0 atr=0.225714 atrRatio=1.592 dir=LONG spread=45.0 spreadOK=NO atrGate=PASS touch=FAIL momCandle=momClosePos=0.160 momOk=N ema50Ok=Y barRange=0.175000 zeroRangeBar=NO trigger=NO hasPos=NO portRisk=0.00% openPos=0 | 211.285000
ML	0	05:04:42.369	Cazyxio_v4.3 (EURUSD,M15)	2026.03.19 11:04:42 | GATE_FAIL | GBPJPY | Spread too wide. Spread=45.0 Max=30 points.
GS	0	05:04:42.369	Cazyxio_v4.3 (EURUSD,M15)	2026.03.19 11:04:42 | BAR | USDCAD | close=1.37340 h4ema200=1.36708 h4slope=UP dailyEMA200=1.38084 adx=39.9 ema50=1.37284 distToEMA50=5.6pips touchSeq=1 atr=0.000705 atrRatio=1.072 dir=NONE spread=27.0 spreadOK=YES atrGate=PASS touch=FAIL momCandle= zeroRangeBar=NO trigger=NO hasPos=NO portRisk=0.00% openPos=0 | 1.373400
MQ	0	05:04:42.369	Cazyxio_v4.3 (EURUSD,M15)	2026.03.19 11:04:42 | GATE_FAIL | USDCAD | No directional bias. h4slope=UP closeNow=1.37340 h4ema200=1.36708 dailyEMA200=1.38084
GE	0	05:07:02.983	Cazyxio_v4.3 (EURUSD,M15)	2026.03.19 11:07:02 | GATE_FAIL | GBPUSD | CopyBuffer failed for Daily EMA200.
PG	0	05:08:03.835	Cazyxio_v4.3 (EURUSD,M15)	2026.03.19 11:08:03 | HEARTBEAT | SYSTEM | EA alive. Tick=208000 Equity=44547.82 OpenPos=0 PendingOrders=0 UTC=2026.03.19 11:08 DayOfWeek=4 WeekendCloseActive=NO NewTradeBlocked=NO | 208000.000000
IQ	0	05:09:06.918	Cazyxio_v4.3 (EURUSD,M15)	2026.03.19 11:09:06 | HEARTBEAT | SYSTEM | EA alive. Tick=208100 Equity=44547.82 OpenPos=0 PendingOrders=0 UTC=2026.03.19 11:09 DayOfWeek=4 WeekendCloseActive=NO NewTradeBlocked=NO | 208100.000000
RP	0	05:10:25.926	Cazyxio_v4.3 (EURUSD,M15)	2026.03.19 11:10:25 | HEARTBEAT | SYSTEM | EA alive. Tick=208200 Equity=44547.82 OpenPos=0 PendingOrders=0 UTC=2026.03.19 11:10 DayOfWeek=4 WeekendCloseActive=NO NewTradeBlocked=NO | 208200.000000
GR	0	05:11:28.157	Cazyxio_v4.3 (EURUSD,M15)	2026.03.19 11:11:28 | HEARTBEAT | SYSTEM | EA alive. Tick=208300 Equity=44547.82 OpenPos=0 PendingOrders=0 UTC=2026.03.19 11:11 DayOfWeek=4 WeekendCloseActive=NO NewTradeBlocked=NO | 208300.000000
ML	0	05:12:38.367	Cazyxio_v4.3 (EURUSD,M15)	2026.03.19 11:12:38 | HEARTBEAT | SYSTEM | EA alive. Tick=208400 Equity=44547.82 OpenPos=0 PendingOrders=0 UTC=2026.03.19 11:12 DayOfWeek=4 WeekendCloseActive=NO NewTradeBlocked=NO | 208400.000000
QN	0	05:13:46.102	Cazyxio_v4.3 (EURUSD,M15)	2026.03.19 11:13:46 | HEARTBEAT | SYSTEM | EA alive. Tick=208500 Equity=44547.82 OpenPos=0 PendingOrders=0 UTC=2026.03.19 11:13 DayOfWeek=4 WeekendCloseActive=NO NewTradeBlocked=NO | 208500.000000
JI	0	05:14:54.203	Cazyxio_v4.3 (EURUSD,M15)	2026.03.19 11:14:54 | HEARTBEAT | SYSTEM | EA alive. Tick=208600 Equity=44547.82 OpenPos=0 PendingOrders=0 UTC=2026.03.19 11:14 DayOfWeek=4 WeekendCloseActive=NO NewTradeBlocked=NO | 208600.000000
RJ	0	05:17:22.195	Cazyxio_v4.3 (EURUSD,M15)	2026.03.19 11:17:22 | GATE_FAIL | GBPUSD | CopyBuffer failed for Daily EMA200.
CJ	0	05:19:42.580	Cazyxio_v4.3 (EURUSD,M15)	2026.03.19 11:19:42 | GATE_FAIL | EURUSD | CopyBuffer failed for Daily EMA200.
GJ	0	05:22:02.981	Cazyxio_v4.3 (EURUSD,M15)	2026.03.19 11:22:02 | GATE_FAIL | USDJPY | CopyBuffer failed for Daily EMA200.
CK	0	05:22:02.981	Cazyxio_v4.3 (EURUSD,M15)	2026.03.19 11:22:02 | BAR | AUDUSD | close=0.70445 h4ema200=0.70254 h4slope=UP dailyEMA200=0.67175 adx=24.0 ema50=0.70433 distToEMA50=1.2pips touchSeq=5 atr=0.000927 atrRatio=1.133 dir=LONG spread=17.0 spreadOK=YES atrGate=PASS touch=PASS momCandle=momClosePos=0.000 momOk=N ema50Ok=Y barRange=0.000890 zeroRangeBar=NO trigger=NO hasPos=NO portRisk=0.00% openPos=0 | 0.704450
CP	0	05:22:02.981	Cazyxio_v4.3 (EURUSD,M15)	2026.03.19 11:22:02 | GATE_FAIL | AUDUSD | Momentum candle FAIL. dir=LONG close=0.70445 ema50=0.70433 momClosePos=0.000 momOk=N ema50Ok=Y barRange=0.000890
HG	0	05:22:02.981	Cazyxio_v4.3 (EURUSD,M15)	2026.03.19 11:22:02 | BAR | GBPJPY | close=211.307 h4ema200=211.032 h4slope=UP dailyEMA200=205.051 adx=18.7 ema50=211.630 distToEMA50=32.3pips touchSeq=0 atr=0.196214 atrRatio=1.377 dir=LONG spread=41.0 spreadOK=NO atrGate=PASS touch=FAIL momCandle=momClosePos=0.267 momOk=N ema50Ok=Y barRange=0.101000 zeroRangeBar=NO trigger=NO hasPos=NO portRisk=0.00% openPos=0 | 211.307000
GG	0	05:22:02.981	Cazyxio_v4.3 (EURUSD,M15)	2026.03.19 11:22:02 | GATE_FAIL | GBPJPY | Spread too wide. Spread=41.0 Max=30 points.
FJ	0	05:22:02.981	Cazyxio_v4.3 (EURUSD,M15)	2026.03.19 11:22:02 | BAR | USDCAD | close=1.37335 h4ema200=1.36709 h4slope=UP dailyEMA200=1.38084 adx=39.9 ema50=1.37288 distToEMA50=4.7pips touchSeq=2 atr=0.000719 atrRatio=1.090 dir=NONE spread=25.0 spreadOK=YES atrGate=PASS touch=FAIL momCandle= zeroRangeBar=NO trigger=NO hasPos=NO portRisk=0.00% openPos=0 | 1.373350
FH	0	05:22:02.981	Cazyxio_v4.3 (EURUSD,M15)	2026.03.19 11:22:02 | GATE_FAIL | USDCAD | No directional bias. h4slope=UP closeNow=1.37335 h4ema200=1.36709 dailyEMA200=1.38084
OL	0	05:22:59.089	Cazyxio_v4.3 (EURUSD,M15)	2026.03.19 11:22:59 | HEARTBEAT | SYSTEM | EA alive. Tick=208700 Equity=44547.82 OpenPos=0 PendingOrders=0 UTC=2026.03.19 11:22 DayOfWeek=4 WeekendCloseActive=NO NewTradeBlocked=NO | 208700.000000
GO	0	05:23:56.325	Cazyxio_v4.3 (EURUSD,M15)	2026.03.19 11:23:56 | HEARTBEAT | SYSTEM | EA alive. Tick=208800 Equity=44547.82 OpenPos=0 PendingOrders=0 UTC=2026.03.19 11:23 DayOfWeek=4 WeekendCloseActive=NO NewTradeBlocked=NO | 208800.000000
RI	0	05:24:54.419	Cazyxio_v4.3 (EURUSD,M15)	2026.03.19 11:24:54 | HEARTBEAT | SYSTEM | EA alive. Tick=208900 Equity=44547.82 OpenPos=0 PendingOrders=0 UTC=2026.03.19 11:24 DayOfWeek=4 WeekendCloseActive=NO NewTradeBlocked=NO | 208900.000000
KK	0	05:25:52.556	Cazyxio_v4.3 (EURUSD,M15)	2026.03.19 11:25:52 | HEARTBEAT | SYSTEM | EA alive. Tick=209000 Equity=44547.82 OpenPos=0 PendingOrders=0 UTC=2026.03.19 11:25 DayOfWeek=4 WeekendCloseActive=NO NewTradeBlocked=NO | 209000.000000
QE	0	05:26:47.160	Cazyxio_v4.3 (EURUSD,M15)	2026.03.19 11:26:47 | HEARTBEAT | SYSTEM | EA alive. Tick=209100 Equity=44547.82 OpenPos=0 PendingOrders=0 UTC=2026.03.19 11:26 DayOfWeek=4 WeekendCloseActive=NO NewTradeBlocked=NO | 209100.000000
ED	0	05:27:47.107	Cazyxio_v4.3 (EURUSD,M15)	2026.03.19 11:27:47 | HEARTBEAT | SYSTEM | EA alive. Tick=209200 Equity=44547.82 OpenPos=0 PendingOrders=0 UTC=2026.03.19 11:27 DayOfWeek=4 WeekendCloseActive=NO NewTradeBlocked=NO | 209200.000000
RF	0	05:29:01.045	Cazyxio_v4.3 (EURUSD,M15)	2026.03.19 11:29:01 | HEARTBEAT | SYSTEM | EA alive. Tick=209300 Equity=44547.82 OpenPos=0 PendingOrders=0 UTC=2026.03.19 11:29 DayOfWeek=4 WeekendCloseActive=NO NewTradeBlocked=NO | 209300.000000
PQ	0	05:32:22.089	Cazyxio_v4.3 (EURUSD,M15)	2026.03.19 11:32:22 | GATE_FAIL | GBPUSD | CopyBuffer failed for Daily EMA200.
HP	0	05:34:42.521	Cazyxio_v4.3 (EURUSD,M15)	2026.03.19 11:34:42 | GATE_FAIL | EURUSD | CopyBuffer failed for Daily EMA200.
NS	0	05:37:02.908	Cazyxio_v4.3 (EURUSD,M15)	2026.03.19 11:37:02 | GATE_FAIL | USDJPY | CopyBuffer failed for Daily EMA200.
KM	0	05:37:02.908	Cazyxio_v4.3 (EURUSD,M15)	2026.03.19 11:37:02 | BAR | AUDUSD | close=0.70382 h4ema200=0.70254 h4slope=UP dailyEMA200=0.67175 adx=23.8 ema50=0.70430 distToEMA50=4.8pips touchSeq=6 atr=0.000940 atrRatio=1.143 dir=LONG spread=16.0 spreadOK=YES atrGate=PASS touch=PASS momCandle=momClosePos=0.388 momOk=N ema50Ok=Y barRange=0.001030 zeroRangeBar=NO trigger=NO hasPos=NO portRisk=0.00% openPos=0 | 0.703820
OI	0	05:37:02.908	Cazyxio_v4.3 (EURUSD,M15)	2026.03.19 11:37:02 | GATE_FAIL | AUDUSD | Momentum candle FAIL. dir=LONG close=0.70382 ema50=0.70430 momClosePos=0.388 momOk=N ema50Ok=Y barRange=0.001030
PL	0	05:37:02.908	Cazyxio_v4.3 (EURUSD,M15)	2026.03.19 11:37:02 | BAR | GBPJPY | close=211.211 h4ema200=211.032 h4slope=UP dailyEMA200=205.051 adx=18.7 ema50=211.612 distToEMA50=40.1pips touchSeq=0 atr=0.175143 atrRatio=1.224 dir=LONG spread=40.0 spreadOK=NO atrGate=PASS touch=FAIL momCandle=momClosePos=0.276 momOk=N ema50Ok=Y barRange=0.156000 zeroRangeBar=NO trigger=NO hasPos=NO portRisk=0.00% openPos=0 | 211.211000
IN	0	05:37:02.908	Cazyxio_v4.3 (EURUSD,M15)	2026.03.19 11:37:02 | GATE_FAIL | GBPJPY | Spread too wide. Spread=40.0 Max=30 points.
OE	0	05:37:02.908	Cazyxio_v4.3 (EURUSD,M15)	2026.03.19 11:37:02 | BAR | USDCAD | close=1.37347 h4ema200=1.36709 h4slope=UP dailyEMA200=1.38084 adx=39.9 ema50=1.37290 distToEMA50=5.7pips touchSeq=3 atr=0.000731 atrRatio=1.103 dir=NONE spread=21.0 spreadOK=YES atrGate=PASS touch=FAIL momCandle= zeroRangeBar=NO trigger=NO hasPos=NO portRisk=0.00% openPos=0 | 1.373470
HS	0	05:37:02.908	Cazyxio_v4.3 (EURUSD,M15)	2026.03.19 11:37:02 | GATE_FAIL | USDCAD | No directional bias. h4slope=UP closeNow=1.37347 h4ema200=1.36709 dailyEMA200=1.38084
NE	0	05:37:15.819	Cazyxio_v4.3 (EURUSD,M15)	2026.03.19 11:37:15 | HEARTBEAT | SYSTEM | EA alive. Tick=209400 Equity=44547.82 OpenPos=0 PendingOrders=0 UTC=2026.03.19 11:37 DayOfWeek=4 WeekendCloseActive=NO NewTradeBlocked=NO | 209400.000000
MD	0	05:38:33.002	Cazyxio_v4.3 (EURUSD,M15)	2026.03.19 11:38:33 | HEARTBEAT | SYSTEM | EA alive. Tick=209500 Equity=44547.82 OpenPos=0 PendingOrders=0 UTC=2026.03.19 11:38 DayOfWeek=4 WeekendCloseActive=NO NewTradeBlocked=NO | 209500.000000
GF	0	05:39:35.889	Cazyxio_v4.3 (EURUSD,M15)	2026.03.19 11:39:35 | HEARTBEAT | SYSTEM | EA alive. Tick=209600 Equity=44547.82 OpenPos=0 PendingOrders=0 UTC=2026.03.19 11:39 DayOfWeek=4 WeekendCloseActive=NO NewTradeBlocked=NO | 209600.000000
NP	0	05:40:22.523	Cazyxio_v4.3 (EURUSD,M15)	2026.03.19 11:40:22 | HEARTBEAT | SYSTEM | EA alive. Tick=209700 Equity=44547.82 OpenPos=0 PendingOrders=0 UTC=2026.03.19 11:40 DayOfWeek=4 WeekendCloseActive=NO NewTradeBlocked=NO | 209700.000000
NR	0	05:41:22.188	Cazyxio_v4.3 (EURUSD,M15)	2026.03.19 11:41:22 | HEARTBEAT | SYSTEM | EA alive. Tick=209800 Equity=44547.82 OpenPos=0 PendingOrders=0 UTC=2026.03.19 11:41 DayOfWeek=4 WeekendCloseActive=NO NewTradeBlocked=NO | 209800.000000
CM	0	05:42:41.207	Cazyxio_v4.3 (EURUSD,M15)	2026.03.19 11:42:41 | HEARTBEAT | SYSTEM | EA alive. Tick=209900 Equity=44547.82 OpenPos=0 PendingOrders=0 UTC=2026.03.19 11:42 DayOfWeek=4 WeekendCloseActive=NO NewTradeBlocked=NO | 209900.000000
FO	0	05:44:10.589	Cazyxio_v4.3 (EURUSD,M15)	2026.03.19 11:44:10 | HEARTBEAT | SYSTEM | EA alive. Tick=210000 Equity=44547.82 OpenPos=0 PendingOrders=0 UTC=2026.03.19 11:44 DayOfWeek=4 WeekendCloseActive=NO NewTradeBlocked=NO | 210000.000000
MI	0	05:47:22.102	Cazyxio_v4.3 (EURUSD,M15)	2026.03.19 11:47:22 | GATE_FAIL | EURUSD | CopyBuffer failed for Daily EMA200.
DI	0	05:49:42.504	Cazyxio_v4.3 (EURUSD,M15)	2026.03.19 11:49:42 | GATE_FAIL | USDJPY | CopyBuffer failed for Daily EMA200.
OF	0	05:49:42.504	Cazyxio_v4.3 (EURUSD,M15)	2026.03.19 11:49:42 | BAR | AUDUSD | close=0.70356 h4ema200=0.70254 h4slope=UP dailyEMA200=0.67175 adx=23.7 ema50=0.70426 distToEMA50=7.0pips touchSeq=7 atr=0.000906 atrRatio=1.096 dir=LONG spread=16.0 spreadOK=YES atrGate=PASS touch=PASS momCandle=momClosePos=0.323 momOk=N ema50Ok=Y barRange=0.000620 zeroRangeBar=NO trigger=NO hasPos=NO portRisk=0.00% openPos=0 | 0.703560
NS	0	05:49:42.504	Cazyxio_v4.3 (EURUSD,M15)	2026.03.19 11:49:42 | GATE_FAIL | AUDUSD | Momentum candle FAIL. dir=LONG close=0.70356 ema50=0.70426 momClosePos=0.323 momOk=N ema50Ok=Y barRange=0.000620
OJ	0	05:49:42.504	Cazyxio_v4.3 (EURUSD,M15)	2026.03.19 11:49:42 | BAR | GBPJPY | close=211.228 h4ema200=211.032 h4slope=UP dailyEMA200=205.050 adx=18.7 ema50=211.595 distToEMA50=36.7pips touchSeq=0 atr=0.166357 atrRatio=1.159 dir=LONG spread=40.0 spreadOK=NO atrGate=PASS touch=FAIL momCandle=momClosePos=0.425 momOk=N ema50Ok=Y barRange=0.087000 zeroRangeBar=NO trigger=NO hasPos=NO portRisk=0.00% openPos=0 | 211.228000
KP	0	05:49:42.504	Cazyxio_v4.3 (EURUSD,M15)	2026.03.19 11:49:42 | GATE_FAIL | GBPJPY | Spread too wide. Spread=40.0 Max=30 points.
RL	0	05:49:42.504	Cazyxio_v4.3 (EURUSD,M15)	2026.03.19 11:49:42 | BAR | USDCAD | close=1.37350 h4ema200=1.36708 h4slope=UP dailyEMA200=1.38084 adx=39.9 ema50=1.37291 distToEMA50=5.9pips touchSeq=4 atr=0.000698 atrRatio=1.050 dir=NONE spread=20.0 spreadOK=YES atrGate=PASS touch=FAIL momCandle= zeroRangeBar=NO trigger=NO hasPos=NO portRisk=0.00% openPos=0 | 1.373500
OJ	0	05:49:42.504	Cazyxio_v4.3 (EURUSD,M15)	2026.03.19 11:49:42 | GATE_FAIL | USDCAD | No directional bias. h4slope=UP closeNow=1.37350 h4ema200=1.36708 dailyEMA200=1.38084
DR	0	05:52:08.159	Cazyxio_v4.3 (EURUSD,M15)	2026.03.19 11:52:08 | GATE_FAIL | GBPUSD | CopyBuffer failed for Daily EMA200.
RS	0	05:52:31.696	Cazyxio_v4.3 (EURUSD,M15)	2026.03.19 11:52:31 | HEARTBEAT | SYSTEM | EA alive. Tick=210100 Equity=44547.82 OpenPos=0 PendingOrders=0 UTC=2026.03.19 11:52 DayOfWeek=4 WeekendCloseActive=NO NewTradeBlocked=NO | 210100.000000
CM	0	05:53:39.102	Cazyxio_v4.3 (EURUSD,M15)	2026.03.19 11:53:39 | HEARTBEAT | SYSTEM | EA alive. Tick=210200 Equity=44547.82 OpenPos=0 PendingOrders=0 UTC=2026.03.19 11:53 DayOfWeek=4 WeekendCloseActive=NO NewTradeBlocked=NO | 210200.000000
KO	0	05:54:56.536	Cazyxio_v4.3 (EURUSD,M15)	2026.03.19 11:54:56 | HEARTBEAT | SYSTEM | EA alive. Tick=210300 Equity=44547.82 OpenPos=0 PendingOrders=0 UTC=2026.03.19 11:54 DayOfWeek=4 WeekendCloseActive=NO NewTradeBlocked=NO | 210300.000000
KI	0	05:55:45.324	Cazyxio_v4.3 (EURUSD,M15)	2026.03.19 11:55:45 | HEARTBEAT | SYSTEM | EA alive. Tick=210400 Equity=44547.82 OpenPos=0 PendingOrders=0 UTC=2026.03.19 11:55 DayOfWeek=4 WeekendCloseActive=NO NewTradeBlocked=NO | 210400.000000
IH	0	05:56:54.141	Cazyxio_v4.3 (EURUSD,M15)	2026.03.19 11:56:54 | HEARTBEAT | SYSTEM | EA alive. Tick=210500 Equity=44547.82 OpenPos=0 PendingOrders=0 UTC=2026.03.19 11:56 DayOfWeek=4 WeekendCloseActive=NO NewTradeBlocked=NO | 210500.000000
MJ	0	05:58:53.174	Cazyxio_v4.3 (EURUSD,M15)	2026.03.19 11:58:53 | HEARTBEAT | SYSTEM | EA alive. Tick=210600 Equity=44547.82 OpenPos=0 PendingOrders=0 UTC=2026.03.19 11:58 DayOfWeek=4 WeekendCloseActive=NO NewTradeBlocked=NO | 210600.000000
ED	0	05:59:56.465	Cazyxio_v4.3 (EURUSD,M15)	2026.03.19 11:59:56 | HEARTBEAT | SYSTEM | EA alive. Tick=210700 Equity=44547.82 OpenPos=0 PendingOrders=0 UTC=2026.03.19 11:59 DayOfWeek=4 WeekendCloseActive=NO NewTradeBlocked=NO | 210700.000000
MF	0	06:02:22.036	Cazyxio_v4.3 (EURUSD,M15)	2026.03.19 12:02:22 | GATE_FAIL | EURUSD | CopyBuffer failed for Daily EMA200.
KF	0	06:04:42.358	Cazyxio_v4.3 (EURUSD,M15)	2026.03.19 12:04:42 | GATE_FAIL | USDJPY | CopyBuffer failed for Daily EMA200.
QR	0	06:04:42.359	Cazyxio_v4.3 (EURUSD,M15)	2026.03.19 12:04:42 | BAR | AUDUSD | close=0.70421 h4ema200=0.70254 h4slope=UP dailyEMA200=0.67175 adx=23.5 ema50=0.70425 distToEMA50=0.4pips touchSeq=8 atr=0.000963 atrRatio=1.159 dir=LONG spread=17.0 spreadOK=YES atrGate=PASS touch=PASS momCandle=momClosePos=1.000 momOk=Y ema50Ok=Y barRange=0.000900 zeroRangeBar=NO trigger=YES hasPos=NO portRisk=0.00% openPos=0 | 0.704210
QJ	0	06:04:42.359	Cazyxio_v4.3 (EURUSD,M15)	2026.03.19 12:04:42 | SIGNAL | AUDUSD | VALID SIGNAL (LIMIT): LONG limitPrice=0.70421 sl=0.70267 tp=0.70960 stopDist=0.00154 lots=1.44 riskPct=0.50 R:R=1:3.50 ema50=0.70425 dailyEMA200=0.67175 adx=23.5 distToLimit=8.2pips expiresIn=4bars touchSeq=8 | 0.704210
CL	0	06:04:42.359	Cazyxio_v4.3 (EURUSD,M15)	CTrade::OrderSend: buy limit 1.44 AUDUSD at 0.70421 sl: 0.70267 tp: 0.70960 [invalid price]
RM	0	06:04:42.359	Cazyxio_v4.3 (EURUSD,M15)	2026.03.19 12:04:42 | ORDER_FAILED | AUDUSD | BUY_LIMIT FAILED. retcode=10015 desc=invalid price limitPrice=0.70421
DL	0	06:04:42.359	Cazyxio_v4.3 (EURUSD,M15)	2026.03.19 12:04:42 | BAR | GBPJPY | close=211.400 h4ema200=211.033 h4slope=UP dailyEMA200=205.052 adx=18.7 ema50=211.594 distToEMA50=19.4pips touchSeq=1 atr=0.193286 atrRatio=1.338 dir=LONG spread=51.0 spreadOK=NO atrGate=PASS touch=FAIL momCandle=momClosePos=0.903 momOk=Y ema50Ok=Y barRange=0.290000 zeroRangeBar=NO trigger=YES hasPos=NO portRisk=0.00% openPos=0 | 211.400000
OE	0	06:04:42.359	Cazyxio_v4.3 (EURUSD,M15)	2026.03.19 12:04:42 | GATE_FAIL | GBPJPY | Spread too wide. Spread=51.0 Max=30 points.
RH	0	06:04:42.359	Cazyxio_v4.3 (EURUSD,M15)	2026.03.19 12:04:42 | BAR | USDCAD | close=1.37352 h4ema200=1.36709 h4slope=UP dailyEMA200=1.38084 adx=39.9 ema50=1.37296 distToEMA50=5.6pips touchSeq=5 atr=0.000699 atrRatio=1.048 dir=NONE spread=24.0 spreadOK=YES atrGate=PASS touch=FAIL momCandle= zeroRangeBar=NO trigger=NO hasPos=NO portRisk=0.00% openPos=0 | 1.373520
NF	0	06:04:42.359	Cazyxio_v4.3 (EURUSD,M15)	2026.03.19 12:04:42 | GATE_FAIL | USDCAD | No directional bias. h4slope=UP closeNow=1.37352 h4ema200=1.36709 dailyEMA200=1.38084
NN	0	06:07:02.951	Cazyxio_v4.3 (EURUSD,M15)	2026.03.19 12:07:02 | GATE_FAIL | GBPUSD | CopyBuffer failed for Daily EMA200.
RN	0	06:07:30.819	Cazyxio_v4.3 (EURUSD,M15)	2026.03.19 12:07:30 | HEARTBEAT | SYSTEM | EA alive. Tick=210800 Equity=44547.82 OpenPos=0 PendingOrders=0 UTC=2026.03.19 12:07 DayOfWeek=4 WeekendCloseActive=NO NewTradeBlocked=NO | 210800.000000
MH	0	06:08:06.529	Cazyxio_v4.3 (EURUSD,M15)	2026.03.19 12:08:06 | HEARTBEAT | SYSTEM | EA alive. Tick=210900 Equity=44547.82 OpenPos=0 PendingOrders=0 UTC=2026.03.19 12:08 DayOfWeek=4 WeekendCloseActive=NO NewTradeBlocked=NO | 210900.000000
RK	0	06:08:44.153	Cazyxio_v4.3 (EURUSD,M15)	2026.03.19 12:08:44 | HEARTBEAT | SYSTEM | EA alive. Tick=211000 Equity=44547.82 OpenPos=0 PendingOrders=0 UTC=2026.03.19 12:08 DayOfWeek=4 WeekendCloseActive=NO NewTradeBlocked=NO | 211000.000000
PE	0	06:09:24.527	Cazyxio_v4.3 (EURUSD,M15)	2026.03.19 12:09:24 | HEARTBEAT | SYSTEM | EA alive. Tick=211100 Equity=44547.82 OpenPos=0 PendingOrders=0 UTC=2026.03.19 12:09 DayOfWeek=4 WeekendCloseActive=NO NewTradeBlocked=NO | 211100.000000
IG	0	06:10:09.582	Cazyxio_v4.3 (EURUSD,M15)	2026.03.19 12:10:09 | HEARTBEAT | SYSTEM | EA alive. Tick=211200 Equity=44547.82 OpenPos=0 PendingOrders=0 UTC=2026.03.19 12:10 DayOfWeek=4 WeekendCloseActive=NO NewTradeBlocked=NO | 211200.000000
QQ	0	06:10:52.641	Cazyxio_v4.3 (EURUSD,M15)	2026.03.19 12:10:52 | HEARTBEAT | SYSTEM | EA alive. Tick=211300 Equity=44547.82 OpenPos=0 PendingOrders=0 UTC=2026.03.19 12:10 DayOfWeek=4 WeekendCloseActive=NO NewTradeBlocked=NO | 211300.000000
CP	0	06:11:38.101	Cazyxio_v4.3 (EURUSD,M15)	2026.03.19 12:11:38 | HEARTBEAT | SYSTEM | EA alive. Tick=211400 Equity=44547.82 OpenPos=0 PendingOrders=0 UTC=2026.03.19 12:11 DayOfWeek=4 WeekendCloseActive=NO NewTradeBlocked=NO | 211400.000000
HR	0	06:12:24.156	Cazyxio_v4.3 (EURUSD,M15)	2026.03.19 12:12:24 | HEARTBEAT | SYSTEM | EA alive. Tick=211500 Equity=44547.82 OpenPos=0 PendingOrders=0 UTC=2026.03.19 12:12 DayOfWeek=4 WeekendCloseActive=NO NewTradeBlocked=NO | 211500.000000
LL	0	06:13:17.030	Cazyxio_v4.3 (EURUSD,M15)	2026.03.19 12:13:17 | HEARTBEAT | SYSTEM | EA alive. Tick=211600 Equity=44547.82 OpenPos=0 PendingOrders=0 UTC=2026.03.19 12:13 DayOfWeek=4 WeekendCloseActive=NO NewTradeBlocked=NO | 211600.000000
DN	0	06:14:00.668	Cazyxio_v4.3 (EURUSD,M15)	2026.03.19 12:14:00 | HEARTBEAT | SYSTEM | EA alive. Tick=211700 Equity=44547.82 OpenPos=0 PendingOrders=0 UTC=2026.03.19 12:14 DayOfWeek=4 WeekendCloseActive=NO NewTradeBlocked=NO | 211700.000000
DI	0	06:14:39.242	Cazyxio_v4.3 (EURUSD,M15)	2026.03.19 12:14:39 | HEARTBEAT | SYSTEM | EA alive. Tick=211800 Equity=44547.82 OpenPos=0 PendingOrders=0 UTC=2026.03.19 12:14 DayOfWeek=4 WeekendCloseActive=NO NewTradeBlocked=NO | 211800.000000
EJ	0	06:17:22.132	Cazyxio_v4.3 (EURUSD,M15)	2026.03.19 12:17:22 | GATE_FAIL | GBPUSD | CopyBuffer failed for Daily EMA200.
NJ	0	06:19:42.530	Cazyxio_v4.3 (EURUSD,M15)	2026.03.19 12:19:42 | GATE_FAIL | EURUSD | CopyBuffer failed for Daily EMA200.
CJ	0	06:22:02.859	Cazyxio_v4.3 (EURUSD,M15)	2026.03.19 12:22:02 | GATE_FAIL | USDJPY | CopyBuffer failed for Daily EMA200.
EK	0	06:22:02.859	Cazyxio_v4.3 (EURUSD,M15)	2026.03.19 12:22:02 | BAR | AUDUSD | close=0.70350 h4ema200=0.70254 h4slope=UP dailyEMA200=0.67175 adx=23.5 ema50=0.70422 distToEMA50=7.2pips touchSeq=9 atr=0.000966 atrRatio=1.159 dir=LONG spread=18.0 spreadOK=YES atrGate=PASS touch=PASS momCandle=momClosePos=0.386 momOk=N ema50Ok=Y barRange=0.001140 zeroRangeBar=NO trigger=NO hasPos=NO portRisk=0.00% openPos=0 | 0.703500
RP	0	06:22:02.859	Cazyxio_v4.3 (EURUSD,M15)	2026.03.19 12:22:02 | GATE_FAIL | AUDUSD | Momentum candle FAIL. dir=LONG close=0.70350 ema50=0.70422 momClosePos=0.386 momOk=N ema50Ok=Y barRange=0.001140
QE	0	06:22:02.859	Cazyxio_v4.3 (EURUSD,M15)	2026.03.19 12:22:02 | BAR | GBPJPY | close=211.522 h4ema200=211.036 h4slope=UP dailyEMA200=205.054 adx=18.7 ema50=211.600 distToEMA50=7.8pips touchSeq=2 atr=0.190143 atrRatio=1.310 dir=LONG spread=47.0 spreadOK=NO atrGate=PASS touch=PASS momCandle=momClosePos=0.571 momOk=N ema50Ok=Y barRange=0.375000 zeroRangeBar=NO trigger=NO hasPos=NO portRisk=0.00% openPos=0 | 211.522000
KG	0	06:22:02.859	Cazyxio_v4.3 (EURUSD,M15)	2026.03.19 12:22:02 | GATE_FAIL | GBPJPY | Spread too wide. Spread=47.0 Max=30 points.
FK	0	06:22:02.859	Cazyxio_v4.3 (EURUSD,M15)	2026.03.19 12:22:02 | BAR | USDCAD | close=1.37331 h4ema200=1.36709 h4slope=UP dailyEMA200=1.38084 adx=39.9 ema50=1.37297 distToEMA50=3.4pips touchSeq=6 atr=0.000703 atrRatio=1.053 dir=NONE spread=25.0 spreadOK=YES atrGate=PASS touch=FAIL momCandle= zeroRangeBar=NO trigger=NO hasPos=NO portRisk=0.00% openPos=0 | 1.373310
PI	0	06:22:02.859	Cazyxio_v4.3 (EURUSD,M15)	2026.03.19 12:22:02 | GATE_FAIL | USDCAD | No directional bias. h4slope=UP closeNow=1.37331 h4ema200=1.36709 dailyEMA200=1.38084
DL	0	06:22:31.180	Cazyxio_v4.3 (EURUSD,M15)	2026.03.19 12:22:31 | HEARTBEAT | SYSTEM | EA alive. Tick=211900 Equity=44547.82 OpenPos=0 PendingOrders=0 UTC=2026.03.19 12:22 DayOfWeek=4 WeekendCloseActive=NO NewTradeBlocked=NO | 211900.000000
GN	0	06:23:17.900	Cazyxio_v4.3 (EURUSD,M15)	2026.03.19 12:23:17 | HEARTBEAT | SYSTEM | EA alive. Tick=212000 Equity=44547.82 OpenPos=0 PendingOrders=0 UTC=2026.03.19 12:23 DayOfWeek=4 WeekendCloseActive=NO NewTradeBlocked=NO | 212000.000000
DI	0	06:24:07.052	Cazyxio_v4.3 (EURUSD,M15)	2026.03.19 12:24:07 | HEARTBEAT | SYSTEM | EA alive. Tick=212100 Equity=44547.82 OpenPos=0 PendingOrders=0 UTC=2026.03.19 12:24 DayOfWeek=4 WeekendCloseActive=NO NewTradeBlocked=NO | 212100.000000
EK	0	06:24:59.536	Cazyxio_v4.3 (EURUSD,M15)	2026.03.19 12:24:59 | HEARTBEAT | SYSTEM | EA alive. Tick=212200 Equity=44547.82 OpenPos=0 PendingOrders=0 UTC=2026.03.19 12:24 DayOfWeek=4 WeekendCloseActive=NO NewTradeBlocked=NO | 212200.000000
RE	0	06:26:00.470	Cazyxio_v4.3 (EURUSD,M15)	2026.03.19 12:26:00 | HEARTBEAT | SYSTEM | EA alive. Tick=212300 Equity=44547.82 OpenPos=0 PendingOrders=0 UTC=2026.03.19 12:26 DayOfWeek=4 WeekendCloseActive=NO NewTradeBlocked=NO | 212300.000000
MG	0	06:26:58.323	Cazyxio_v4.3 (EURUSD,M15)	2026.03.19 12:26:58 | HEARTBEAT | SYSTEM | EA alive. Tick=212400 Equity=44547.82 OpenPos=0 PendingOrders=0 UTC=2026.03.19 12:26 DayOfWeek=4 WeekendCloseActive=NO NewTradeBlocked=NO | 212400.000000
MF	0	06:27:42.852	Cazyxio_v4.3 (EURUSD,M15)	2026.03.19 12:27:42 | HEARTBEAT | SYSTEM | EA alive. Tick=212500 Equity=44547.82 OpenPos=0 PendingOrders=0 UTC=2026.03.19 12:27 DayOfWeek=4 WeekendCloseActive=NO NewTradeBlocked=NO | 212500.000000
JP	0	06:28:35.810	Cazyxio_v4.3 (EURUSD,M15)	2026.03.19 12:28:35 | HEARTBEAT | SYSTEM | EA alive. Tick=212600 Equity=44547.82 OpenPos=0 PendingOrders=0 UTC=2026.03.19 12:28 DayOfWeek=4 WeekendCloseActive=NO NewTradeBlocked=NO | 212600.000000
LR	0	06:29:13.486	Cazyxio_v4.3 (EURUSD,M15)	2026.03.19 12:29:13 | HEARTBEAT | SYSTEM | EA alive. Tick=212700 Equity=44547.82 OpenPos=0 PendingOrders=0 UTC=2026.03.19 12:29 DayOfWeek=4 WeekendCloseActive=NO NewTradeBlocked=NO | 212700.000000
JL	0	06:29:56.154	Cazyxio_v4.3 (EURUSD,M15)	2026.03.19 12:29:56 | HEARTBEAT | SYSTEM | EA alive. Tick=212800 Equity=44547.82 OpenPos=0 PendingOrders=0 UTC=2026.03.19 12:29 DayOfWeek=4 WeekendCloseActive=NO NewTradeBlocked=NO | 212800.000000
DN	0	06:32:22.061	Cazyxio_v4.3 (EURUSD,M15)	2026.03.19 12:32:22 | GATE_FAIL | GBPUSD | CopyBuffer failed for Daily EMA200.
KN	0	06:34:42.463	Cazyxio_v4.3 (EURUSD,M15)	2026.03.19 12:34:42 | GATE_FAIL | EURUSD | CopyBuffer failed for Daily EMA200.
MN	0	06:37:02.813	Cazyxio_v4.3 (EURUSD,M15)	2026.03.19 12:37:02 | GATE_FAIL | USDJPY | CopyBuffer failed for Daily EMA200.
RH	0	06:37:02.813	Cazyxio_v4.3 (EURUSD,M15)	2026.03.19 12:37:02 | BAR | AUDUSD | close=0.70150 h4ema200=0.70252 h4slope=UP dailyEMA200=0.67173 adx=22.5 ema50=0.70406 distToEMA50=25.6pips touchSeq=0 atr=0.001084 atrRatio=1.291 dir=NONE spread=20.0 spreadOK=YES atrGate=PASS touch=FAIL momCandle= zeroRangeBar=NO trigger=NO hasPos=NO portRisk=0.00% openPos=0 | 0.701500
MI	0	06:37:02.813	Cazyxio_v4.3 (EURUSD,M15)	2026.03.19 12:37:02 | GATE_FAIL | AUDUSD | No directional bias. h4slope=UP closeNow=0.70150 h4ema200=0.70252 dailyEMA200=0.67173
EL	0	06:37:02.813	Cazyxio_v4.3 (EURUSD,M15)	2026.03.19 12:37:02 | BAR | GBPJPY | close=211.485 h4ema200=211.034 h4slope=UP dailyEMA200=205.052 adx=18.7 ema50=211.588 distToEMA50=10.3pips touchSeq=3 atr=0.193000 atrRatio=1.322 dir=LONG spread=47.0 spreadOK=NO atrGate=PASS touch=PASS momCandle=momClosePos=0.065 momOk=N ema50Ok=Y barRange=0.169000 zeroRangeBar=NO trigger=NO hasPos=NO portRisk=0.00% openPos=0 | 211.485000
II	0	06:37:02.813	Cazyxio_v4.3 (EURUSD,M15)	2026.03.19 12:37:02 | GATE_FAIL | GBPJPY | Spread too wide. Spread=47.0 Max=30 points.
FF	0	06:37:02.813	Cazyxio_v4.3 (EURUSD,M15)	2026.03.19 12:37:02 | BAR | USDCAD | close=1.37455 h4ema200=1.36709 h4slope=UP dailyEMA200=1.38084 adx=40.1 ema50=1.37304 distToEMA50=15.1pips touchSeq=0 atr=0.000767 atrRatio=1.144 dir=NONE spread=27.0 spreadOK=YES atrGate=PASS touch=FAIL momCandle= zeroRangeBar=NO trigger=NO hasPos=NO portRisk=0.00% openPos=0 | 1.374550
KR	0	06:37:02.813	Cazyxio_v4.3 (EURUSD,M15)	2026.03.19 12:37:02 | GATE_FAIL | USDCAD | No directional bias. h4slope=UP closeNow=1.37455 h4ema200=1.36709 dailyEMA200=1.38084
MJ	0	06:37:45.716	Cazyxio_v4.3 (EURUSD,M15)	2026.03.19 12:37:45 | HEARTBEAT | SYSTEM | EA alive. Tick=212900 Equity=44547.82 OpenPos=0 PendingOrders=0 UTC=2026.03.19 12:37 DayOfWeek=4 WeekendCloseActive=NO NewTradeBlocked=NO | 212900.000000
QE	0	06:38:24.373	Cazyxio_v4.3 (EURUSD,M15)	2026.03.19 12:38:24 | HEARTBEAT | SYSTEM | EA alive. Tick=213000 Equity=44547.82 OpenPos=0 PendingOrders=0 UTC=2026.03.19 12:38 DayOfWeek=4 WeekendCloseActive=NO NewTradeBlocked=NO | 213000.000000
OG	0	06:39:01.743	Cazyxio_v4.3 (EURUSD,M15)	2026.03.19 12:39:01 | HEARTBEAT | SYSTEM | EA alive. Tick=213100 Equity=44547.82 OpenPos=0 PendingOrders=0 UTC=2026.03.19 12:39 DayOfWeek=4 WeekendCloseActive=NO NewTradeBlocked=NO | 213100.000000
MQ	0	06:39:44.903	Cazyxio_v4.3 (EURUSD,M15)	2026.03.19 12:39:44 | HEARTBEAT | SYSTEM | EA alive. Tick=213200 Equity=44547.82 OpenPos=0 PendingOrders=0 UTC=2026.03.19 12:39 DayOfWeek=4 WeekendCloseActive=NO NewTradeBlocked=NO | 213200.000000
LS	0	06:40:30.636	Cazyxio_v4.3 (EURUSD,M15)	2026.03.19 12:40:30 | HEARTBEAT | SYSTEM | EA alive. Tick=213300 Equity=44547.82 OpenPos=0 PendingOrders=0 UTC=2026.03.19 12:40 DayOfWeek=4 WeekendCloseActive=NO NewTradeBlocked=NO | 213300.000000
NR	0	06:41:21.149	Cazyxio_v4.3 (EURUSD,M15)	2026.03.19 12:41:21 | HEARTBEAT | SYSTEM | EA alive. Tick=213400 Equity=44547.82 OpenPos=0 PendingOrders=0 UTC=2026.03.19 12:41 DayOfWeek=4 WeekendCloseActive=NO NewTradeBlocked=NO | 213400.000000
LL	0	06:42:09.382	Cazyxio_v4.3 (EURUSD,M15)	2026.03.19 12:42:09 | HEARTBEAT | SYSTEM | EA alive. Tick=213500 Equity=44547.82 OpenPos=0 PendingOrders=0 UTC=2026.03.19 12:42 DayOfWeek=4 WeekendCloseActive=NO NewTradeBlocked=NO | 213500.000000
EN	0	06:42:51.583	Cazyxio_v4.3 (EURUSD,M15)	2026.03.19 12:42:51 | HEARTBEAT | SYSTEM | EA alive. Tick=213600 Equity=44547.82 OpenPos=0 PendingOrders=0 UTC=2026.03.19 12:42 DayOfWeek=4 WeekendCloseActive=NO NewTradeBlocked=NO | 213600.000000
GH	0	06:43:38.580	Cazyxio_v4.3 (EURUSD,M15)	2026.03.19 12:43:38 | HEARTBEAT | SYSTEM | EA alive. Tick=213700 Equity=44547.82 OpenPos=0 PendingOrders=0 UTC=2026.03.19 12:43 DayOfWeek=4 WeekendCloseActive=NO NewTradeBlocked=NO | 213700.000000
GK	0	06:44:18.547	Cazyxio_v4.3 (EURUSD,M15)	2026.03.19 12:44:18 | HEARTBEAT | SYSTEM | EA alive. Tick=213800 Equity=44547.82 OpenPos=0 PendingOrders=0 UTC=2026.03.19 12:44 DayOfWeek=4 WeekendCloseActive=NO NewTradeBlocked=NO | 213800.000000
GE	0	06:45:01.605	Cazyxio_v4.3 (EURUSD,M15)	2026.03.19 12:45:01 | HEARTBEAT | SYSTEM | EA alive. Tick=213900 Equity=44547.82 OpenPos=0 PendingOrders=0 UTC=2026.03.19 12:45 DayOfWeek=4 WeekendCloseActive=NO NewTradeBlocked=NO | 213900.000000
FF	0	06:47:22.285	Cazyxio_v4.3 (EURUSD,M15)	2026.03.19 12:47:22 | GATE_FAIL | GBPUSD | CopyBuffer failed for Daily EMA200.
JG	0	06:49:42.712	Cazyxio_v4.3 (EURUSD,M15)	2026.03.19 12:49:42 | GATE_FAIL | EURUSD | CopyBuffer failed for Daily EMA200.
MF	0	06:52:03.176	Cazyxio_v4.3 (EURUSD,M15)	2026.03.19 12:52:03 | GATE_FAIL | USDJPY | CopyBuffer failed for Daily EMA200.
FG	0	06:52:03.176	Cazyxio_v4.3 (EURUSD,M15)	2026.03.19 12:52:03 | BAR | AUDUSD | close=0.70188 h4ema200=0.70253 h4slope=UP dailyEMA200=0.67173 adx=22.5 ema50=0.70398 distToEMA50=21.0pips touchSeq=0 atr=0.001039 atrRatio=1.232 dir=NONE spread=20.0 spreadOK=YES atrGate=PASS touch=FAIL momCandle= zeroRangeBar=NO trigger=NO hasPos=NO portRisk=0.00% openPos=0 | 0.701880
MR	0	06:52:03.176	Cazyxio_v4.3 (EURUSD,M15)	2026.03.19 12:52:03 | GATE_FAIL | AUDUSD | No directional bias. h4slope=UP closeNow=0.70188 h4ema200=0.70253 dailyEMA200=0.67173
ND	0	06:52:03.176	Cazyxio_v4.3 (EURUSD,M15)	2026.03.19 12:52:03 | BAR | GBPJPY | close=211.480 h4ema200=211.033 h4slope=UP dailyEMA200=205.052 adx=18.7 ema50=211.581 distToEMA50=10.1pips touchSeq=4 atr=0.179000 atrRatio=1.221 dir=LONG spread=48.0 spreadOK=NO atrGate=PASS touch=PASS momCandle=momClosePos=0.536 momOk=N ema50Ok=Y barRange=0.192000 zeroRangeBar=NO trigger=NO hasPos=NO portRisk=0.00% openPos=0 | 211.480000
LQ	0	06:52:03.176	Cazyxio_v4.3 (EURUSD,M15)	2026.03.19 12:52:03 | GATE_FAIL | GBPJPY | Spread too wide. Spread=48.0 Max=30 points.
QL	0	06:52:03.176	Cazyxio_v4.3 (EURUSD,M15)	2026.03.19 12:52:03 | BAR | USDCAD | close=1.37367 h4ema200=1.36708 h4slope=UP dailyEMA200=1.38083 adx=40.1 ema50=1.37301 distToEMA50=6.6pips touchSeq=1 atr=0.000795 atrRatio=1.181 dir=NONE spread=29.0 spreadOK=YES atrGate=PASS touch=FAIL momCandle= zeroRangeBar=NO trigger=NO hasPos=NO portRisk=0.00% openPos=0 | 1.373670
IJ	0	06:52:03.176	Cazyxio_v4.3 (EURUSD,M15)	2026.03.19 12:52:03 | GATE_FAIL | USDCAD | No directional bias. h4slope=UP closeNow=1.37367 h4ema200=1.36708 dailyEMA200=1.38083
CS	0	06:52:42.140	Cazyxio_v4.3 (EURUSD,M15)	2026.03.19 12:52:42 | HEARTBEAT | SYSTEM | EA alive. Tick=214000 Equity=44547.82 OpenPos=0 PendingOrders=0 UTC=2026.03.19 12:52 DayOfWeek=4 WeekendCloseActive=NO NewTradeBlocked=NO | 214000.000000
JM	0	06:53:22.546	Cazyxio_v4.3 (EURUSD,M15)	2026.03.19 12:53:22 | HEARTBEAT | SYSTEM | EA alive. Tick=214100 Equity=44547.82 OpenPos=0 PendingOrders=0 UTC=2026.03.19 12:53 DayOfWeek=4 WeekendCloseActive=NO NewTradeBlocked=NO | 214100.000000
LO	0	06:54:03.130	Cazyxio_v4.3 (EURUSD,M15)	2026.03.19 12:54:03 | HEARTBEAT | SYSTEM | EA alive. Tick=214200 Equity=44547.82 OpenPos=0 PendingOrders=0 UTC=2026.03.19 12:54 DayOfWeek=4 WeekendCloseActive=NO NewTradeBlocked=NO | 214200.000000
PI	0	06:54:41.435	Cazyxio_v4.3 (EURUSD,M15)	2026.03.19 12:54:41 | HEARTBEAT | SYSTEM | EA alive. Tick=214300 Equity=44547.82 OpenPos=0 PendingOrders=0 UTC=2026.03.19 12:54 DayOfWeek=4 WeekendCloseActive=NO NewTradeBlocked=NO | 214300.000000
HH	0	06:55:22.654	Cazyxio_v4.3 (EURUSD,M15)	2026.03.19 12:55:22 | HEARTBEAT | SYSTEM | EA alive. Tick=214400 Equity=44547.82 OpenPos=0 PendingOrders=0 UTC=2026.03.19 12:55 DayOfWeek=4 WeekendCloseActive=NO NewTradeBlocked=NO | 214400.000000
NJ	0	06:56:09.592	Cazyxio_v4.3 (EURUSD,M15)	2026.03.19 12:56:09 | HEARTBEAT | SYSTEM | EA alive. Tick=214500 Equity=44547.82 OpenPos=0 PendingOrders=0 UTC=2026.03.19 12:56 DayOfWeek=4 WeekendCloseActive=NO NewTradeBlocked=NO | 214500.000000
MD	0	06:56:55.663	Cazyxio_v4.3 (EURUSD,M15)	2026.03.19 12:56:55 | HEARTBEAT | SYSTEM | EA alive. Tick=214600 Equity=44547.82 OpenPos=0 PendingOrders=0 UTC=2026.03.19 12:56 DayOfWeek=4 WeekendCloseActive=NO NewTradeBlocked=NO | 214600.000000
MF	0	06:57:36.723	Cazyxio_v4.3 (EURUSD,M15)	2026.03.19 12:57:36 | HEARTBEAT | SYSTEM | EA alive. Tick=214700 Equity=44547.82 OpenPos=0 PendingOrders=0 UTC=2026.03.19 12:57 DayOfWeek=4 WeekendCloseActive=NO NewTradeBlocked=NO | 214700.000000
HQ	0	06:58:25.831	Cazyxio_v4.3 (EURUSD,M15)	2026.03.19 12:58:25 | HEARTBEAT | SYSTEM | EA alive. Tick=214800 Equity=44547.82 OpenPos=0 PendingOrders=0 UTC=2026.03.19 12:58 DayOfWeek=4 WeekendCloseActive=NO NewTradeBlocked=NO | 214800.000000
PS	0	06:59:10.351	Cazyxio_v4.3 (EURUSD,M15)	2026.03.19 12:59:10 | HEARTBEAT | SYSTEM | EA alive. Tick=214900 Equity=44547.82 OpenPos=0 PendingOrders=0 UTC=2026.03.19 12:59 DayOfWeek=4 WeekendCloseActive=NO NewTradeBlocked=NO | 214900.000000
GM	0	06:59:59.750	Cazyxio_v4.3 (EURUSD,M15)	2026.03.19 12:59:59 | HEARTBEAT | SYSTEM | EA alive. Tick=215000 Equity=44547.82 OpenPos=0 PendingOrders=0 UTC=2026.03.19 12:59 DayOfWeek=4 WeekendCloseActive=NO NewTradeBlocked=NO | 215000.000000
NN	0	07:02:22.210	Cazyxio_v4.3 (EURUSD,M15)	2026.03.19 13:02:22 | GATE_FAIL | GBPUSD | CopyBuffer failed for Daily EMA200.
HO	0	07:04:42.615	Cazyxio_v4.3 (EURUSD,M15)	2026.03.19 13:04:42 | GATE_FAIL | EURUSD | CopyBuffer failed for Daily EMA200.
NN	0	07:07:03.036	Cazyxio_v4.3 (EURUSD,M15)	2026.03.19 13:07:03 | GATE_FAIL | USDJPY | CopyBuffer failed for Daily EMA200.
PO	0	07:07:03.036	Cazyxio_v4.3 (EURUSD,M15)	2026.03.19 13:07:03 | BAR | AUDUSD | close=0.70181 h4ema200=0.70251 h4slope=UP dailyEMA200=0.67172 adx=21.2 ema50=0.70384 distToEMA50=20.3pips touchSeq=0 atr=0.001071 atrRatio=1.266 dir=NONE spread=19.0 spreadOK=YES atrGate=PASS touch=FAIL momCandle= zeroRangeBar=NO trigger=NO hasPos=NO portRisk=0.00% openPos=0 | 0.701810
DJ	0	07:07:03.036	Cazyxio_v4.3 (EURUSD,M15)	2026.03.19 13:07:03 | GATE_FAIL | AUDUSD | No directional bias. h4slope=UP closeNow=0.70181 h4ema200=0.70251 dailyEMA200=0.67172
OS	0	07:07:03.036	Cazyxio_v4.3 (EURUSD,M15)	2026.03.19 13:07:03 | BAR | GBPJPY | close=211.315 h4ema200=211.035 h4slope=UP dailyEMA200=205.051 adx=18.8 ema50=211.567 distToEMA50=25.2pips touchSeq=0 atr=0.178286 atrRatio=1.210 dir=LONG spread=47.0 spreadOK=NO atrGate=PASS touch=PASS momCandle=momClosePos=0.236 momOk=N ema50Ok=Y barRange=0.220000 zeroRangeBar=NO trigger=NO hasPos=NO portRisk=0.00% openPos=0 | 211.315000
RH	0	07:07:03.036	Cazyxio_v4.3 (EURUSD,M15)	2026.03.19 13:07:03 | GATE_FAIL | GBPJPY | Spread too wide. Spread=47.0 Max=30 points.
KD	0	07:07:03.036	Cazyxio_v4.3 (EURUSD,M15)	2026.03.19 13:07:03 | BAR | USDCAD | close=1.37250 h4ema200=1.36713 h4slope=UP dailyEMA200=1.38083 adx=36.8 ema50=1.37297 distToEMA50=4.7pips touchSeq=2 atr=0.000845 atrRatio=1.251 dir=NONE spread=26.0 spreadOK=YES atrGate=PASS touch=FAIL momCandle= zeroRangeBar=NO trigger=NO hasPos=NO portRisk=0.00% openPos=0 | 1.372500
CR	0	07:07:03.036	Cazyxio_v4.3 (EURUSD,M15)	2026.03.19 13:07:03 | GATE_FAIL | USDCAD | No directional bias. h4slope=UP closeNow=1.37250 h4ema200=1.36713 dailyEMA200=1.38083
MK	0	07:07:35.082	Cazyxio_v4.3 (EURUSD,M15)	2026.03.19 13:07:35 | HEARTBEAT | SYSTEM | EA alive. Tick=215100 Equity=44547.82 OpenPos=0 PendingOrders=0 UTC=2026.03.19 13:07 DayOfWeek=4 WeekendCloseActive=NO NewTradeBlocked=NO | 215100.000000
HE	0	07:08:08.789	Cazyxio_v4.3 (EURUSD,M15)	2026.03.19 13:08:08 | HEARTBEAT | SYSTEM | EA alive. Tick=215200 Equity=44547.82 OpenPos=0 PendingOrders=0 UTC=2026.03.19 13:08 DayOfWeek=4 WeekendCloseActive=NO NewTradeBlocked=NO | 215200.000000
GG	0	07:08:49.289	Cazyxio_v4.3 (EURUSD,M15)	2026.03.19 13:08:49 | HEARTBEAT | SYSTEM | EA alive. Tick=215300 Equity=44547.82 OpenPos=0 PendingOrders=0 UTC=2026.03.19 13:08 DayOfWeek=4 WeekendCloseActive=NO NewTradeBlocked=NO | 215300.000000
NF	0	07:09:27.472	Cazyxio_v4.3 (EURUSD,M15)	2026.03.19 13:09:27 | HEARTBEAT | SYSTEM | EA alive. Tick=215400 Equity=44547.82 OpenPos=0 PendingOrders=0 UTC=2026.03.19 13:09 DayOfWeek=4 WeekendCloseActive=NO NewTradeBlocked=NO | 215400.000000
JP	0	07:10:21.670	Cazyxio_v4.3 (EURUSD,M15)	2026.03.19 13:10:21 | HEARTBEAT | SYSTEM | EA alive. Tick=215500 Equity=44547.82 OpenPos=0 PendingOrders=0 UTC=2026.03.19 13:10 DayOfWeek=4 WeekendCloseActive=NO NewTradeBlocked=NO | 215500.000000
HR	0	07:11:10.790	Cazyxio_v4.3 (EURUSD,M15)	2026.03.19 13:11:10 | HEARTBEAT | SYSTEM | EA alive. Tick=215600 Equity=44547.82 OpenPos=0 PendingOrders=0 UTC=2026.03.19 13:11 DayOfWeek=4 WeekendCloseActive=NO NewTradeBlocked=NO | 215600.000000
DL	0	07:11:53.079	Cazyxio_v4.3 (EURUSD,M15)	2026.03.19 13:11:53 | HEARTBEAT | SYSTEM | EA alive. Tick=215700 Equity=44547.82 OpenPos=0 PendingOrders=0 UTC=2026.03.19 13:11 DayOfWeek=4 WeekendCloseActive=NO NewTradeBlocked=NO | 215700.000000
PO	0	07:12:39.863	Cazyxio_v4.3 (EURUSD,M15)	2026.03.19 13:12:39 | HEARTBEAT | SYSTEM | EA alive. Tick=215800 Equity=44547.82 OpenPos=0 PendingOrders=0 UTC=2026.03.19 13:12 DayOfWeek=4 WeekendCloseActive=NO NewTradeBlocked=NO | 215800.000000
PI	0	07:13:20.019	Cazyxio_v4.3 (EURUSD,M15)	2026.03.19 13:13:20 | HEARTBEAT | SYSTEM | EA alive. Tick=215900 Equity=44547.82 OpenPos=0 PendingOrders=0 UTC=2026.03.19 13:13 DayOfWeek=4 WeekendCloseActive=NO NewTradeBlocked=NO | 215900.000000
JK	0	07:14:11.009	Cazyxio_v4.3 (EURUSD,M15)	2026.03.19 13:14:11 | HEARTBEAT | SYSTEM | EA alive. Tick=216000 Equity=44547.82 OpenPos=0 PendingOrders=0 UTC=2026.03.19 13:14 DayOfWeek=4 WeekendCloseActive=NO NewTradeBlocked=NO | 216000.000000
LE	0	07:14:54.003	Cazyxio_v4.3 (EURUSD,M15)	2026.03.19 13:14:54 | HEARTBEAT | SYSTEM | EA alive. Tick=216100 Equity=44547.82 OpenPos=0 PendingOrders=0 UTC=2026.03.19 13:14 DayOfWeek=4 WeekendCloseActive=NO NewTradeBlocked=NO | 216100.000000
FD	0	07:17:22.198	Cazyxio_v4.3 (EURUSD,M15)	2026.03.19 13:17:22 | GATE_FAIL | EURUSD | CopyBuffer failed for Daily EMA200.
QG	0	07:19:42.576	Cazyxio_v4.3 (EURUSD,M15)	2026.03.19 13:19:42 | GATE_FAIL | USDJPY | CopyBuffer failed for Daily EMA200.
FF	0	07:19:42.576	Cazyxio_v4.3 (EURUSD,M15)	2026.03.19 13:19:42 | BAR | AUDUSD | close=0.69994 h4ema200=0.70252 h4slope=UP dailyEMA200=0.67173 adx=22.0 ema50=0.70374 distToEMA50=38.0pips touchSeq=0 atr=0.001134 atrRatio=1.334 dir=NONE spread=21.0 spreadOK=YES atrGate=PASS touch=FAIL momCandle= zeroRangeBar=NO trigger=NO hasPos=NO portRisk=0.00% openPos=0 | 0.699940
ES	0	07:19:42.576	Cazyxio_v4.3 (EURUSD,M15)	2026.03.19 13:19:42 | GATE_FAIL | AUDUSD | No directional bias. h4slope=UP closeNow=0.69994 h4ema200=0.70252 dailyEMA200=0.67173
JK	0	07:19:42.576	Cazyxio_v4.3 (EURUSD,M15)	2026.03.19 13:19:42 | BAR | GBPJPY | close=211.238 h4ema200=211.036 h4slope=UP dailyEMA200=205.052 adx=18.8 ema50=211.559 distToEMA50=32.1pips touchSeq=0 atr=0.180429 atrRatio=1.218 dir=LONG spread=46.0 spreadOK=NO atrGate=PASS touch=PASS momCandle=momClosePos=0.425 momOk=N ema50Ok=Y barRange=0.214000 zeroRangeBar=NO trigger=NO hasPos=NO portRisk=0.00% openPos=0 | 211.238000
FP	0	07:19:42.576	Cazyxio_v4.3 (EURUSD,M15)	2026.03.19 13:19:42 | GATE_FAIL | GBPJPY | Spread too wide. Spread=46.0 Max=30 points.
JO	0	07:19:42.576	Cazyxio_v4.3 (EURUSD,M15)	2026.03.19 13:19:42 | BAR | USDCAD | close=1.37292 h4ema200=1.36713 h4slope=UP dailyEMA200=1.38083 adx=37.0 ema50=1.37297 distToEMA50=0.5pips touchSeq=3 atr=0.000869 atrRatio=1.281 dir=NONE spread=29.0 spreadOK=YES atrGate=PASS touch=FAIL momCandle= zeroRangeBar=NO trigger=NO hasPos=NO portRisk=0.00% openPos=0 | 1.372920
FM	0	07:19:42.576	Cazyxio_v4.3 (EURUSD,M15)	2026.03.19 13:19:42 | GATE_FAIL | USDCAD | No directional bias. h4slope=UP closeNow=1.37292 h4ema200=1.36713 dailyEMA200=1.38083
GQ	0	07:22:03.231	Cazyxio_v4.3 (EURUSD,M15)	2026.03.19 13:22:03 | GATE_FAIL | GBPUSD | CopyBuffer failed for Daily EMA200.
KS	0	07:22:29.715	Cazyxio_v4.3 (EURUSD,M15)	2026.03.19 13:22:29 | HEARTBEAT | SYSTEM | EA alive. Tick=216200 Equity=44547.82 OpenPos=0 PendingOrders=0 UTC=2026.03.19 13:22 DayOfWeek=4 WeekendCloseActive=NO NewTradeBlocked=NO | 216200.000000
EM	0	07:23:01.905	Cazyxio_v4.3 (EURUSD,M15)	2026.03.19 13:23:01 | HEARTBEAT | SYSTEM | EA alive. Tick=216300 Equity=44547.82 OpenPos=0 PendingOrders=0 UTC=2026.03.19 13:23 DayOfWeek=4 WeekendCloseActive=NO NewTradeBlocked=NO | 216300.000000
QL	0	07:23:32.826	Cazyxio_v4.3 (EURUSD,M15)	2026.03.19 13:23:32 | HEARTBEAT | SYSTEM | EA alive. Tick=216400 Equity=44547.82 OpenPos=0 PendingOrders=0 UTC=2026.03.19 13:23 DayOfWeek=4 WeekendCloseActive=NO NewTradeBlocked=NO | 216400.000000
RN	0	07:24:04.806	Cazyxio_v4.3 (EURUSD,M15)	2026.03.19 13:24:04 | HEARTBEAT | SYSTEM | EA alive. Tick=216500 Equity=44547.82 OpenPos=0 PendingOrders=0 UTC=2026.03.19 13:24 DayOfWeek=4 WeekendCloseActive=NO NewTradeBlocked=NO | 216500.000000
FH	0	07:24:38.608	Cazyxio_v4.3 (EURUSD,M15)	2026.03.19 13:24:38 | HEARTBEAT | SYSTEM | EA alive. Tick=216600 Equity=44547.82 OpenPos=0 PendingOrders=0 UTC=2026.03.19 13:24 DayOfWeek=4 WeekendCloseActive=NO NewTradeBlocked=NO | 216600.000000
JJ	0	07:25:08.719	Cazyxio_v4.3 (EURUSD,M15)	2026.03.19 13:25:08 | HEARTBEAT | SYSTEM | EA alive. Tick=216700 Equity=44547.82 OpenPos=0 PendingOrders=0 UTC=2026.03.19 13:25 DayOfWeek=4 WeekendCloseActive=NO NewTradeBlocked=NO | 216700.000000
DE	0	07:25:39.603	Cazyxio_v4.3 (EURUSD,M15)	2026.03.19 13:25:39 | HEARTBEAT | SYSTEM | EA alive. Tick=216800 Equity=44547.82 OpenPos=0 PendingOrders=0 UTC=2026.03.19 13:25 DayOfWeek=4 WeekendCloseActive=NO NewTradeBlocked=NO | 216800.000000
KG	0	07:26:10.597	Cazyxio_v4.3 (EURUSD,M15)	2026.03.19 13:26:10 | HEARTBEAT | SYSTEM | EA alive. Tick=216900 Equity=44547.82 OpenPos=0 PendingOrders=0 UTC=2026.03.19 13:26 DayOfWeek=4 WeekendCloseActive=NO NewTradeBlocked=NO | 216900.000000
NQ	0	07:26:40.127	Cazyxio_v4.3 (EURUSD,M15)	2026.03.19 13:26:40 | HEARTBEAT | SYSTEM | EA alive. Tick=217000 Equity=44547.82 OpenPos=0 PendingOrders=0 UTC=2026.03.19 13:26 DayOfWeek=4 WeekendCloseActive=NO NewTradeBlocked=NO | 217000.000000
QS	0	07:27:10.260	Cazyxio_v4.3 (EURUSD,M15)	2026.03.19 13:27:10 | HEARTBEAT | SYSTEM | EA alive. Tick=217100 Equity=44547.82 OpenPos=0 PendingOrders=0 UTC=2026.03.19 13:27 DayOfWeek=4 WeekendCloseActive=NO NewTradeBlocked=NO | 217100.000000
ER	0	07:27:40.602	Cazyxio_v4.3 (EURUSD,M15)	2026.03.19 13:27:40 | HEARTBEAT | SYSTEM | EA alive. Tick=217200 Equity=44547.82 OpenPos=0 PendingOrders=0 UTC=2026.03.19 13:27 DayOfWeek=4 WeekendCloseActive=NO NewTradeBlocked=NO | 217200.000000
ML	0	07:28:12.733	Cazyxio_v4.3 (EURUSD,M15)	2026.03.19 13:28:12 | HEARTBEAT | SYSTEM | EA alive. Tick=217300 Equity=44547.82 OpenPos=0 PendingOrders=0 UTC=2026.03.19 13:28 DayOfWeek=4 WeekendCloseActive=NO NewTradeBlocked=NO | 217300.000000
NN	0	07:28:42.039	Cazyxio_v4.3 (EURUSD,M15)	2026.03.19 13:28:42 | HEARTBEAT | SYSTEM | EA alive. Tick=217400 Equity=44547.82 OpenPos=0 PendingOrders=0 UTC=2026.03.19 13:28 DayOfWeek=4 WeekendCloseActive=NO NewTradeBlocked=NO | 217400.000000
MH	0	07:29:12.086	Cazyxio_v4.3 (EURUSD,M15)	2026.03.19 13:29:12 | HEARTBEAT | SYSTEM | EA alive. Tick=217500 Equity=44547.82 OpenPos=0 PendingOrders=0 UTC=2026.03.19 13:29 DayOfWeek=4 WeekendCloseActive=NO NewTradeBlocked=NO | 217500.000000
EK	0	07:29:40.846	Cazyxio_v4.3 (EURUSD,M15)	2026.03.19 13:29:40 | HEARTBEAT | SYSTEM | EA alive. Tick=217600 Equity=44547.82 OpenPos=0 PendingOrders=0 UTC=2026.03.19 13:29 DayOfWeek=4 WeekendCloseActive=NO NewTradeBlocked=NO | 217600.000000
DE	0	07:32:22.305	Cazyxio_v4.3 (EURUSD,M15)	2026.03.19 13:32:22 | GATE_FAIL | EURUSD | CopyBuffer failed for Daily EMA200.
DD	0	07:34:42.719	Cazyxio_v4.3 (EURUSD,M15)	2026.03.19 13:34:42 | GATE_FAIL | USDJPY | CopyBuffer failed for Daily EMA200.
OE	0	07:34:42.719	Cazyxio_v4.3 (EURUSD,M15)	2026.03.19 13:34:42 | BAR | AUDUSD | close=0.70140 h4ema200=0.70251 h4slope=UP dailyEMA200=0.67173 adx=21.5 ema50=0.70362 distToEMA50=22.2pips touchSeq=0 atr=0.001189 atrRatio=1.392 dir=NONE spread=20.0 spreadOK=YES atrGate=PASS touch=FAIL momCandle= zeroRangeBar=NO trigger=NO hasPos=NO portRisk=0.00% openPos=0 | 0.701400
JD	0	07:34:42.719	Cazyxio_v4.3 (EURUSD,M15)	2026.03.19 13:34:42 | GATE_FAIL | AUDUSD | No directional bias. h4slope=UP closeNow=0.70140 h4ema200=0.70251 dailyEMA200=0.67173
PI	0	07:34:42.719	Cazyxio_v4.3 (EURUSD,M15)	2026.03.19 13:34:42 | BAR | GBPJPY | close=211.203 h4ema200=211.031 h4slope=UP dailyEMA200=205.047 adx=20.0 ema50=211.525 distToEMA50=32.2pips touchSeq=0 atr=0.207143 atrRatio=1.390 dir=LONG spread=48.0 spreadOK=NO atrGate=PASS touch=PASS momCandle=momClosePos=0.101 momOk=N ema50Ok=Y barRange=0.218000 zeroRangeBar=NO trigger=NO hasPos=NO portRisk=0.00% openPos=0 | 211.203000
MR	0	07:34:42.719	Cazyxio_v4.3 (EURUSD,M15)	2026.03.19 13:34:42 | GATE_FAIL | GBPJPY | Spread too wide. Spread=48.0 Max=30 points.
ON	0	07:34:42.719	Cazyxio_v4.3 (EURUSD,M15)	2026.03.19 13:34:42 | BAR | USDCAD | close=1.37338 h4ema200=1.36714 h4slope=UP dailyEMA200=1.38084 adx=38.1 ema50=1.37303 distToEMA50=3.5pips touchSeq=4 atr=0.000914 atrRatio=1.343 dir=NONE spread=27.0 spreadOK=YES atrGate=PASS touch=FAIL momCandle= zeroRangeBar=NO trigger=NO hasPos=NO portRisk=0.00% openPos=0 | 1.373380
HL	0	07:34:42.719	Cazyxio_v4.3 (EURUSD,M15)	2026.03.19 13:34:42 | GATE_FAIL | USDCAD | No directional bias. h4slope=UP closeNow=1.37338 h4ema200=1.36714 dailyEMA200=1.38084
JP	0	07:37:03.465	Cazyxio_v4.3 (EURUSD,M15)	2026.03.19 13:37:03 | GATE_FAIL | GBPUSD | CopyBuffer failed for Daily EMA200.
QP	0	07:37:13.894	Cazyxio_v4.3 (EURUSD,M15)	2026.03.19 13:37:13 | HEARTBEAT | SYSTEM | EA alive. Tick=217700 Equity=44547.82 OpenPos=0 PendingOrders=0 UTC=2026.03.19 13:37 DayOfWeek=4 WeekendCloseActive=NO NewTradeBlocked=NO | 217700.000000
OS	0	07:37:47.496	Cazyxio_v4.3 (EURUSD,M15)	2026.03.19 13:37:47 | HEARTBEAT | SYSTEM | EA alive. Tick=217800 Equity=44547.82 OpenPos=0 PendingOrders=0 UTC=2026.03.19 13:37 DayOfWeek=4 WeekendCloseActive=NO NewTradeBlocked=NO | 217800.000000
DM	0	07:38:20.937	Cazyxio_v4.3 (EURUSD,M15)	2026.03.19 13:38:20 | HEARTBEAT | SYSTEM | EA alive. Tick=217900 Equity=44547.82 OpenPos=0 PendingOrders=0 UTC=2026.03.19 13:38 DayOfWeek=4 WeekendCloseActive=NO NewTradeBlocked=NO | 217900.000000
FO	0	07:38:49.928	Cazyxio_v4.3 (EURUSD,M15)	2026.03.19 13:38:49 | HEARTBEAT | SYSTEM | EA alive. Tick=218000 Equity=44547.82 OpenPos=0 PendingOrders=0 UTC=2026.03.19 13:38 DayOfWeek=4 WeekendCloseActive=NO NewTradeBlocked=NO | 218000.000000
MI	0	07:39:23.179	Cazyxio_v4.3 (EURUSD,M15)	2026.03.19 13:39:23 | HEARTBEAT | SYSTEM | EA alive. Tick=218100 Equity=44547.82 OpenPos=0 PendingOrders=0 UTC=2026.03.19 13:39 DayOfWeek=4 WeekendCloseActive=NO NewTradeBlocked=NO | 218100.000000
DH	0	07:39:54.923	Cazyxio_v4.3 (EURUSD,M15)	2026.03.19 13:39:54 | HEARTBEAT | SYSTEM | EA alive. Tick=218200 Equity=44547.82 OpenPos=0 PendingOrders=0 UTC=2026.03.19 13:39 DayOfWeek=4 WeekendCloseActive=NO NewTradeBlocked=NO | 218200.000000
KJ	0	07:40:27.209	Cazyxio_v4.3 (EURUSD,M15)	2026.03.19 13:40:27 | HEARTBEAT | SYSTEM | EA alive. Tick=218300 Equity=44547.82 OpenPos=0 PendingOrders=0 UTC=2026.03.19 13:40 DayOfWeek=4 WeekendCloseActive=NO NewTradeBlocked=NO | 218300.000000
ID	0	07:40:59.900	Cazyxio_v4.3 (EURUSD,M15)	2026.03.19 13:40:59 | HEARTBEAT | SYSTEM | EA alive. Tick=218400 Equity=44547.82 OpenPos=0 PendingOrders=0 UTC=2026.03.19 13:40 DayOfWeek=4 WeekendCloseActive=NO NewTradeBlocked=NO | 218400.000000
RF	0	07:41:32.720	Cazyxio_v4.3 (EURUSD,M15)	2026.03.19 13:41:32 | HEARTBEAT | SYSTEM | EA alive. Tick=218500 Equity=44547.82 OpenPos=0 PendingOrders=0 UTC=2026.03.19 13:41 DayOfWeek=4 WeekendCloseActive=NO NewTradeBlocked=NO | 218500.000000
KQ	0	07:42:04.269	Cazyxio_v4.3 (EURUSD,M15)	2026.03.19 13:42:04 | HEARTBEAT | SYSTEM | EA alive. Tick=218600 Equity=44547.82 OpenPos=0 PendingOrders=0 UTC=2026.03.19 13:42 DayOfWeek=4 WeekendCloseActive=NO NewTradeBlocked=NO | 218600.000000
JS	0	07:42:34.420	Cazyxio_v4.3 (EURUSD,M15)	2026.03.19 13:42:34 | HEARTBEAT | SYSTEM | EA alive. Tick=218700 Equity=44547.82 OpenPos=0 PendingOrders=0 UTC=2026.03.19 13:42 DayOfWeek=4 WeekendCloseActive=NO NewTradeBlocked=NO | 218700.000000
NM	0	07:43:04.700	Cazyxio_v4.3 (EURUSD,M15)	2026.03.19 13:43:04 | HEARTBEAT | SYSTEM | EA alive. Tick=218800 Equity=44547.82 OpenPos=0 PendingOrders=0 UTC=2026.03.19 13:43 DayOfWeek=4 WeekendCloseActive=NO NewTradeBlocked=NO | 218800.000000
RO	0	07:43:36.016	Cazyxio_v4.3 (EURUSD,M15)	2026.03.19 13:43:36 | HEARTBEAT | SYSTEM | EA alive. Tick=218900 Equity=44547.82 OpenPos=0 PendingOrders=0 UTC=2026.03.19 13:43 DayOfWeek=4 WeekendCloseActive=NO NewTradeBlocked=NO | 218900.000000
EN	0	07:44:10.045	Cazyxio_v4.3 (EURUSD,M15)	2026.03.19 13:44:10 | HEARTBEAT | SYSTEM | EA alive. Tick=219000 Equity=44547.82 OpenPos=0 PendingOrders=0 UTC=2026.03.19 13:44 DayOfWeek=4 WeekendCloseActive=NO NewTradeBlocked=NO | 219000.000000
RH	0	07:44:41.679	Cazyxio_v4.3 (EURUSD,M15)	2026.03.19 13:44:41 | HEARTBEAT | SYSTEM | EA alive. Tick=219100 Equity=44547.82 OpenPos=0 PendingOrders=0 UTC=2026.03.19 13:44 DayOfWeek=4 WeekendCloseActive=NO NewTradeBlocked=NO | 219100.000000
LJ	0	07:47:22.222	Cazyxio_v4.3 (EURUSD,M15)	2026.03.19 13:47:22 | GATE_FAIL | EURUSD | CopyBuffer failed for Daily EMA200.
OJ	0	07:49:42.608	Cazyxio_v4.3 (EURUSD,M15)	2026.03.19 13:49:42 | GATE_FAIL | USDJPY | CopyBuffer failed for Daily EMA200.
RD	0	07:49:42.608	Cazyxio_v4.3 (EURUSD,M15)	2026.03.19 13:49:42 | BAR | AUDUSD | close=0.70136 h4ema200=0.70252 h4slope=UP dailyEMA200=0.67173 adx=21.5 ema50=0.70356 distToEMA50=22.0pips touchSeq=0 atr=0.001227 atrRatio=1.431 dir=NONE spread=21.0 spreadOK=YES atrGate=PASS touch=FAIL momCandle= zeroRangeBar=NO trigger=NO hasPos=NO portRisk=0.00% openPos=0 | 0.701360
KE	0	07:49:42.608	Cazyxio_v4.3 (EURUSD,M15)	2026.03.19 13:49:42 | GATE_FAIL | AUDUSD | No directional bias. h4slope=UP closeNow=0.70136 h4ema200=0.70252 dailyEMA200=0.67173
ED	0	07:49:42.608	Cazyxio_v4.3 (EURUSD,M15)	2026.03.19 13:49:42 | BAR | GBPJPY | close=211.031 h4ema200=211.032 h4slope=UP dailyEMA200=205.048 adx=20.0 ema50=211.511 distToEMA50=48.0pips touchSeq=0 atr=0.203857 atrRatio=1.360 dir=NONE spread=46.0 spreadOK=NO atrGate=PASS touch=FAIL momCandle= zeroRangeBar=NO trigger=NO hasPos=NO portRisk=0.00% openPos=0 | 211.031000
DI	0	07:49:42.608	Cazyxio_v4.3 (EURUSD,M15)	2026.03.19 13:49:42 | GATE_FAIL | GBPJPY | No directional bias. h4slope=UP closeNow=211.031 h4ema200=211.032 dailyEMA200=205.048
PN	0	07:49:42.608	Cazyxio_v4.3 (EURUSD,M15)	2026.03.19 13:49:42 | BAR | USDCAD | close=1.37297 h4ema200=1.36713 h4slope=UP dailyEMA200=1.38083 adx=38.1 ema50=1.37302 distToEMA50=0.5pips touchSeq=5 atr=0.000954 atrRatio=1.395 dir=NONE spread=25.0 spreadOK=YES atrGate=PASS touch=FAIL momCandle= zeroRangeBar=NO trigger=NO hasPos=NO portRisk=0.00% openPos=0 | 1.372970
QL	0	07:49:42.608	Cazyxio_v4.3 (EURUSD,M15)	2026.03.19 13:49:42 | GATE_FAIL | USDCAD | No directional bias. h4slope=UP closeNow=1.37297 h4ema200=1.36713 dailyEMA200=1.38083
JP	0	07:52:03.256	Cazyxio_v4.3 (EURUSD,M15)	2026.03.19 13:52:03 | GATE_FAIL | GBPUSD | CopyBuffer failed for Daily EMA200.
NP	0	07:52:14.324	Cazyxio_v4.3 (EURUSD,M15)	2026.03.19 13:52:14 | HEARTBEAT | SYSTEM | EA alive. Tick=219200 Equity=44547.82 OpenPos=0 PendingOrders=0 UTC=2026.03.19 13:52 DayOfWeek=4 WeekendCloseActive=NO NewTradeBlocked=NO | 219200.000000
NR	0	07:52:45.054	Cazyxio_v4.3 (EURUSD,M15)	2026.03.19 13:52:45 | HEARTBEAT | SYSTEM | EA alive. Tick=219300 Equity=44547.82 OpenPos=0 PendingOrders=0 UTC=2026.03.19 13:52 DayOfWeek=4 WeekendCloseActive=NO NewTradeBlocked=NO | 219300.000000
IM	0	07:53:13.717	Cazyxio_v4.3 (EURUSD,M15)	2026.03.19 13:53:13 | HEARTBEAT | SYSTEM | EA alive. Tick=219400 Equity=44547.82 OpenPos=0 PendingOrders=0 UTC=2026.03.19 13:53 DayOfWeek=4 WeekendCloseActive=NO NewTradeBlocked=NO | 219400.000000
JO	0	07:53:48.136	Cazyxio_v4.3 (EURUSD,M15)	2026.03.19 13:53:48 | HEARTBEAT | SYSTEM | EA alive. Tick=219500 Equity=44547.82 OpenPos=0 PendingOrders=0 UTC=2026.03.19 13:53 DayOfWeek=4 WeekendCloseActive=NO NewTradeBlocked=NO | 219500.000000
PI	0	07:54:18.324	Cazyxio_v4.3 (EURUSD,M15)	2026.03.19 13:54:18 | HEARTBEAT | SYSTEM | EA alive. Tick=219600 Equity=44547.82 OpenPos=0 PendingOrders=0 UTC=2026.03.19 13:54 DayOfWeek=4 WeekendCloseActive=NO NewTradeBlocked=NO | 219600.000000
RK	0	07:54:46.232	Cazyxio_v4.3 (EURUSD,M15)	2026.03.19 13:54:46 | HEARTBEAT | SYSTEM | EA alive. Tick=219700 Equity=44547.82 OpenPos=0 PendingOrders=0 UTC=2026.03.19 13:54 DayOfWeek=4 WeekendCloseActive=NO NewTradeBlocked=NO | 219700.000000
MJ	0	07:55:14.038	Cazyxio_v4.3 (EURUSD,M15)	2026.03.19 13:55:14 | HEARTBEAT | SYSTEM | EA alive. Tick=219800 Equity=44547.82 OpenPos=0 PendingOrders=0 UTC=2026.03.19 13:55 DayOfWeek=4 WeekendCloseActive=NO NewTradeBlocked=NO | 219800.000000
ID	0	07:55:43.021	Cazyxio_v4.3 (EURUSD,M15)	2026.03.19 13:55:43 | HEARTBEAT | SYSTEM | EA alive. Tick=219900 Equity=44547.82 OpenPos=0 PendingOrders=0 UTC=2026.03.19 13:55 DayOfWeek=4 WeekendCloseActive=NO NewTradeBlocked=NO | 219900.000000
GF	0	07:56:11.925	Cazyxio_v4.3 (EURUSD,M15)	2026.03.19 13:56:11 | HEARTBEAT | SYSTEM | EA alive. Tick=220000 Equity=44547.82 OpenPos=0 PendingOrders=0 UTC=2026.03.19 13:56 DayOfWeek=4 WeekendCloseActive=NO NewTradeBlocked=NO | 220000.000000
KP	0	07:56:40.215	Cazyxio_v4.3 (EURUSD,M15)	2026.03.19 13:56:40 | HEARTBEAT | SYSTEM | EA alive. Tick=220100 Equity=44547.82 OpenPos=0 PendingOrders=0 UTC=2026.03.19 13:56 DayOfWeek=4 WeekendCloseActive=NO NewTradeBlocked=NO | 220100.000000
RS	0	07:57:07.729	Cazyxio_v4.3 (EURUSD,M15)	2026.03.19 13:57:07 | HEARTBEAT | SYSTEM | EA alive. Tick=220200 Equity=44547.82 OpenPos=0 PendingOrders=0 UTC=2026.03.19 13:57 DayOfWeek=4 WeekendCloseActive=NO NewTradeBlocked=NO | 220200.000000
DM	0	07:57:38.402	Cazyxio_v4.3 (EURUSD,M15)	2026.03.19 13:57:38 | HEARTBEAT | SYSTEM | EA alive. Tick=220300 Equity=44547.82 OpenPos=0 PendingOrders=0 UTC=2026.03.19 13:57 DayOfWeek=4 WeekendCloseActive=NO NewTradeBlocked=NO | 220300.000000
CO	0	07:58:12.602	Cazyxio_v4.3 (EURUSD,M15)	2026.03.19 13:58:12 | HEARTBEAT | SYSTEM | EA alive. Tick=220400 Equity=44547.82 OpenPos=0 PendingOrders=0 UTC=2026.03.19 13:58 DayOfWeek=4 WeekendCloseActive=NO NewTradeBlocked=NO | 220400.000000
QI	0	07:58:47.835	Cazyxio_v4.3 (EURUSD,M15)	2026.03.19 13:58:47 | HEARTBEAT | SYSTEM | EA alive. Tick=220500 Equity=44547.82 OpenPos=0 PendingOrders=0 UTC=2026.03.19 13:58 DayOfWeek=4 WeekendCloseActive=NO NewTradeBlocked=NO | 220500.000000
RH	0	07:59:19.471	Cazyxio_v4.3 (EURUSD,M15)	2026.03.19 13:59:19 | HEARTBEAT | SYSTEM | EA alive. Tick=220600 Equity=44547.82 OpenPos=0 PendingOrders=0 UTC=2026.03.19 13:59 DayOfWeek=4 WeekendCloseActive=NO NewTradeBlocked=NO | 220600.000000
NJ	0	07:59:59.130	Cazyxio_v4.3 (EURUSD,M15)	2026.03.19 13:59:59 | HEARTBEAT | SYSTEM | EA alive. Tick=220700 Equity=44547.82 OpenPos=0 PendingOrders=0 UTC=2026.03.19 13:59 DayOfWeek=4 WeekendCloseActive=NO NewTradeBlocked=NO | 220700.000000
IE	0	08:02:22.356	Cazyxio_v4.3 (EURUSD,M15)	2026.03.19 14:02:22 | GATE_FAIL | GBPUSD | CopyBuffer failed for Daily EMA200.
QD	0	08:04:42.733	Cazyxio_v4.3 (EURUSD,M15)	2026.03.19 14:04:42 | GATE_FAIL | EURUSD | CopyBuffer failed for Daily EMA200.
QG	0	08:07:03.079	Cazyxio_v4.3 (EURUSD,M15)	2026.03.19 14:07:03 | GATE_FAIL | USDJPY | CopyBuffer failed for Daily EMA200.
FD	0	08:07:03.079	Cazyxio_v4.3 (EURUSD,M15)	2026.03.19 14:07:03 | BAR | AUDUSD | close=0.70386 h4ema200=0.70255 h4slope=UP dailyEMA200=0.67176 adx=20.4 ema50=0.70368 distToEMA50=1.8pips touchSeq=1 atr=0.001498 atrRatio=1.732 dir=LONG spread=21.0 spreadOK=YES atrGate=PASS touch=PASS momCandle=momClosePos=0.898 momOk=Y ema50Ok=Y barRange=0.003150 zeroRangeBar=NO trigger=YES hasPos=NO portRisk=0.00% openPos=0 | 0.703860
NH	0	08:07:03.079	Cazyxio_v4.3 (EURUSD,M15)	2026.03.19 14:07:03 | SIGNAL | AUDUSD | VALID SIGNAL (LIMIT): LONG limitPrice=0.70361 sl=0.70121 tp=0.71200 stopDist=0.00240 lots=0.92 riskPct=0.50 R:R=1:3.50 ema50=0.70368 dailyEMA200=0.67176 adx=20.4 distToLimit=13.5pips expiresIn=4bars touchSeq=1 | 0.703610
IM	0	08:07:03.209	Cazyxio_v4.3 (EURUSD,M15)	2026.03.19 14:07:03 | LIMIT_PLACED | AUDUSD | BUY_LIMIT lots=0.92 limitPrice=0.70361 sl=0.70121 tp=0.71200 expiresIn=4bars ticket=4557363 FallbackEnabled=YES | 0.920000
RD	0	08:07:03.209	Cazyxio_v4.3 (EURUSD,M15)	2026.03.19 14:07:03 | BAR | GBPJPY | close=211.201 h4ema200=211.034 h4slope=UP dailyEMA200=205.050 adx=19.9 ema50=211.504 distToEMA50=30.3pips touchSeq=0 atr=0.231857 atrRatio=1.535 dir=LONG spread=50.0 spreadOK=NO atrGate=PASS touch=PASS momCandle=momClosePos=0.757 momOk=Y ema50Ok=Y barRange=0.268000 zeroRangeBar=NO trigger=YES hasPos=NO portRisk=0.00% openPos=0 | 211.201000
DR	0	08:07:03.209	Cazyxio_v4.3 (EURUSD,M15)	2026.03.19 14:07:03 | GATE_FAIL | GBPJPY | Spread too wide. Spread=50.0 Max=30 points.
GR	0	08:07:03.209	Cazyxio_v4.3 (EURUSD,M15)	2026.03.19 14:07:03 | BAR | USDCAD | close=1.37172 h4ema200=1.36711 h4slope=UP dailyEMA200=1.38081 adx=36.3 ema50=1.37289 distToEMA50=11.7pips touchSeq=6 atr=0.001132 atrRatio=1.642 dir=NONE spread=28.0 spreadOK=YES atrGate=PASS touch=FAIL momCandle= zeroRangeBar=NO trigger=NO hasPos=NO portRisk=0.00% openPos=0 | 1.371720
HO	0	08:07:03.209	Cazyxio_v4.3 (EURUSD,M15)	2026.03.19 14:07:03 | GATE_FAIL | USDCAD | No directional bias. h4slope=UP closeNow=1.37172 h4ema200=1.36711 dailyEMA200=1.38081
LF	0	08:07:31.124	Cazyxio_v4.3 (EURUSD,M15)	2026.03.19 14:07:31 | HEARTBEAT | SYSTEM | EA alive. Tick=220800 Equity=44547.82 OpenPos=0 PendingOrders=1 UTC=2026.03.19 14:07 DayOfWeek=4 WeekendCloseActive=NO NewTradeBlocked=NO | 220800.000000
KP	0	08:08:03.885	Cazyxio_v4.3 (EURUSD,M15)	2026.03.19 14:08:03 | HEARTBEAT | SYSTEM | EA alive. Tick=220900 Equity=44547.82 OpenPos=0 PendingOrders=1 UTC=2026.03.19 14:08 DayOfWeek=4 WeekendCloseActive=NO NewTradeBlocked=NO | 220900.000000
KR	0	08:08:37.551	Cazyxio_v4.3 (EURUSD,M15)	2026.03.19 14:08:37 | HEARTBEAT | SYSTEM | EA alive. Tick=221000 Equity=44547.82 OpenPos=0 PendingOrders=1 UTC=2026.03.19 14:08 DayOfWeek=4 WeekendCloseActive=NO NewTradeBlocked=NO | 221000.000000
PM	0	08:09:12.283	Cazyxio_v4.3 (EURUSD,M15)	2026.03.19 14:09:12 | HEARTBEAT | SYSTEM | EA alive. Tick=221100 Equity=44547.82 OpenPos=0 PendingOrders=1 UTC=2026.03.19 14:09 DayOfWeek=4 WeekendCloseActive=NO NewTradeBlocked=NO | 221100.000000
GO	0	08:09:46.150	Cazyxio_v4.3 (EURUSD,M15)	2026.03.19 14:09:46 | HEARTBEAT | SYSTEM | EA alive. Tick=221200 Equity=44547.82 OpenPos=0 PendingOrders=1 UTC=2026.03.19 14:09 DayOfWeek=4 WeekendCloseActive=NO NewTradeBlocked=NO | 221200.000000
FI	0	08:10:17.557	Cazyxio_v4.3 (EURUSD,M15)	2026.03.19 14:10:17 | HEARTBEAT | SYSTEM | EA alive. Tick=221300 Equity=44547.82 OpenPos=0 PendingOrders=1 UTC=2026.03.19 14:10 DayOfWeek=4 WeekendCloseActive=NO NewTradeBlocked=NO | 221300.000000
PK	0	08:10:53.508	Cazyxio_v4.3 (EURUSD,M15)	2026.03.19 14:10:53 | HEARTBEAT | SYSTEM | EA alive. Tick=221400 Equity=44547.82 OpenPos=0 PendingOrders=1 UTC=2026.03.19 14:10 DayOfWeek=4 WeekendCloseActive=NO NewTradeBlocked=NO | 221400.000000
FJ	0	08:11:27.068	Cazyxio_v4.3 (EURUSD,M15)	2026.03.19 14:11:27 | HEARTBEAT | SYSTEM | EA alive. Tick=221500 Equity=44547.82 OpenPos=0 PendingOrders=1 UTC=2026.03.19 14:11 DayOfWeek=4 WeekendCloseActive=NO NewTradeBlocked=NO | 221500.000000
MD	0	08:12:00.725	Cazyxio_v4.3 (EURUSD,M15)	2026.03.19 14:12:00 | HEARTBEAT | SYSTEM | EA alive. Tick=221600 Equity=44547.82 OpenPos=0 PendingOrders=1 UTC=2026.03.19 14:12 DayOfWeek=4 WeekendCloseActive=NO NewTradeBlocked=NO | 221600.000000
FF	0	08:12:33.647	Cazyxio_v4.3 (EURUSD,M15)	2026.03.19 14:12:33 | HEARTBEAT | SYSTEM | EA alive. Tick=221700 Equity=44547.82 OpenPos=0 PendingOrders=1 UTC=2026.03.19 14:12 DayOfWeek=4 WeekendCloseActive=NO NewTradeBlocked=NO | 221700.000000
CP	0	08:13:11.535	Cazyxio_v4.3 (EURUSD,M15)	2026.03.19 14:13:11 | HEARTBEAT | SYSTEM | EA alive. Tick=221800 Equity=44547.82 OpenPos=0 PendingOrders=1 UTC=2026.03.19 14:13 DayOfWeek=4 WeekendCloseActive=NO NewTradeBlocked=NO | 221800.000000
GS	0	08:13:49.821	Cazyxio_v4.3 (EURUSD,M15)	2026.03.19 14:13:49 | HEARTBEAT | SYSTEM | EA alive. Tick=221900 Equity=44547.82 OpenPos=0 PendingOrders=1 UTC=2026.03.19 14:13 DayOfWeek=4 WeekendCloseActive=NO NewTradeBlocked=NO | 221900.000000
NM	0	08:14:31.061	Cazyxio_v4.3 (EURUSD,M15)	2026.03.19 14:14:31 | HEARTBEAT | SYSTEM | EA alive. Tick=222000 Equity=44547.82 OpenPos=0 PendingOrders=1 UTC=2026.03.19 14:14 DayOfWeek=4 WeekendCloseActive=NO NewTradeBlocked=NO | 222000.000000
JN	0	08:17:22.355	Cazyxio_v4.3 (EURUSD,M15)	2026.03.19 14:17:22 | GATE_FAIL | GBPUSD | CopyBuffer failed for Daily EMA200.
MO	0	08:19:42.760	Cazyxio_v4.3 (EURUSD,M15)	2026.03.19 14:19:42 | GATE_FAIL | EURUSD | CopyBuffer failed for Daily EMA200.
EN	0	08:22:03.101	Cazyxio_v4.3 (EURUSD,M15)	2026.03.19 14:22:03 | GATE_FAIL | USDJPY | CopyBuffer failed for Daily EMA200.
NQ	0	08:22:03.101	Cazyxio_v4.3 (EURUSD,M15)	2026.03.19 14:22:03 | LIMIT_PENDING | AUDUSD | Limit order still pending. BarsRemaining=3 LimitPrice=0.70361 CurrentPrice=0.70437 DistToLimit=7.6pips Ticket=4557363
OE	0	08:22:03.101	Cazyxio_v4.3 (EURUSD,M15)	2026.03.19 14:22:03 | BAR | GBPJPY | close=211.216 h4ema200=211.037 h4slope=UP dailyEMA200=205.052 adx=19.9 ema50=211.503 distToEMA50=28.7pips touchSeq=0 atr=0.240214 atrRatio=1.579 dir=LONG spread=48.0 spreadOK=NO atrGate=PASS touch=PASS momCandle=momClosePos=0.396 momOk=N ema50Ok=Y barRange=0.359000 zeroRangeBar=NO trigger=NO hasPos=NO portRisk=0.00% openPos=0 | 211.216000
RF	0	08:22:03.101	Cazyxio_v4.3 (EURUSD,M15)	2026.03.19 14:22:03 | GATE_FAIL | GBPJPY | Spread too wide. Spread=48.0 Max=30 points.
OI	0	08:22:03.101	Cazyxio_v4.3 (EURUSD,M15)	2026.03.19 14:22:03 | BAR | USDCAD | close=1.37178 h4ema200=1.36713 h4slope=UP dailyEMA200=1.38083 adx=36.3 ema50=1.37290 distToEMA50=11.2pips touchSeq=7 atr=0.001143 atrRatio=1.648 dir=NONE spread=27.0 spreadOK=YES atrGate=PASS touch=FAIL momCandle= zeroRangeBar=NO trigger=NO hasPos=NO portRisk=0.00% openPos=0 | 1.371780
CH	0	08:22:03.101	Cazyxio_v4.3 (EURUSD,M15)	2026.03.19 14:22:03 | GATE_FAIL | USDCAD | No directional bias. h4slope=UP closeNow=1.37178 h4ema200=1.36713 dailyEMA200=1.38083
LM	0	08:22:05.783	Cazyxio_v4.3 (EURUSD,M15)	2026.03.19 14:22:05 | HEARTBEAT | SYSTEM | EA alive. Tick=222100 Equity=44547.82 OpenPos=0 PendingOrders=1 UTC=2026.03.19 14:22 DayOfWeek=4 WeekendCloseActive=NO NewTradeBlocked=NO | 222100.000000
IO	0	08:22:42.272	Cazyxio_v4.3 (EURUSD,M15)	2026.03.19 14:22:42 | HEARTBEAT | SYSTEM | EA alive. Tick=222200 Equity=44547.82 OpenPos=0 PendingOrders=1 UTC=2026.03.19 14:22 DayOfWeek=4 WeekendCloseActive=NO NewTradeBlocked=NO | 222200.000000
NN	0	08:23:20.869	Cazyxio_v4.3 (EURUSD,M15)	2026.03.19 14:23:20 | HEARTBEAT | SYSTEM | EA alive. Tick=222300 Equity=44547.82 OpenPos=0 PendingOrders=1 UTC=2026.03.19 14:23 DayOfWeek=4 WeekendCloseActive=NO NewTradeBlocked=NO | 222300.000000
NH	0	08:23:51.333	Cazyxio_v4.3 (EURUSD,M15)	2026.03.19 14:23:51 | HEARTBEAT | SYSTEM | EA alive. Tick=222400 Equity=44547.82 OpenPos=0 PendingOrders=1 UTC=2026.03.19 14:23 DayOfWeek=4 WeekendCloseActive=NO NewTradeBlocked=NO | 222400.000000
FJ	0	08:24:25.303	Cazyxio_v4.3 (EURUSD,M15)	2026.03.19 14:24:25 | HEARTBEAT | SYSTEM | EA alive. Tick=222500 Equity=44547.82 OpenPos=0 PendingOrders=1 UTC=2026.03.19 14:24 DayOfWeek=4 WeekendCloseActive=NO NewTradeBlocked=NO | 222500.000000
DD	0	08:25:03.632	Cazyxio_v4.3 (EURUSD,M15)	2026.03.19 14:25:03 | HEARTBEAT | SYSTEM | EA alive. Tick=222600 Equity=44547.82 OpenPos=0 PendingOrders=1 UTC=2026.03.19 14:25 DayOfWeek=4 WeekendCloseActive=NO NewTradeBlocked=NO | 222600.000000
HG	0	08:25:41.438	Cazyxio_v4.3 (EURUSD,M15)	2026.03.19 14:25:41 | HEARTBEAT | SYSTEM | EA alive. Tick=222700 Equity=44547.82 OpenPos=0 PendingOrders=1 UTC=2026.03.19 14:25 DayOfWeek=4 WeekendCloseActive=NO NewTradeBlocked=NO | 222700.000000
DQ	0	08:26:16.396	Cazyxio_v4.3 (EURUSD,M15)	2026.03.19 14:26:16 | HEARTBEAT | SYSTEM | EA alive. Tick=222800 Equity=44547.82 OpenPos=0 PendingOrders=1 UTC=2026.03.19 14:26 DayOfWeek=4 WeekendCloseActive=NO NewTradeBlocked=NO | 222800.000000
LS	0	08:26:48.989	Cazyxio_v4.3 (EURUSD,M15)	2026.03.19 14:26:48 | HEARTBEAT | SYSTEM | EA alive. Tick=222900 Equity=44547.82 OpenPos=0 PendingOrders=1 UTC=2026.03.19 14:26 DayOfWeek=4 WeekendCloseActive=NO NewTradeBlocked=NO | 222900.000000
RR	0	08:27:07.153	Cazyxio_v4.3 (EURUSD,M15)	2026.03.19 14:27:07 | LIMIT_FILLED | AUDUSD | Limit order filled! LimitPrice=0.70361 FillPrice=0.70361 Slippage=0.0pips Lots=0.92 Ticket=4557363
QE	0	08:27:23.858	Cazyxio_v4.3 (EURUSD,M15)	2026.03.19 14:27:23 | HEARTBEAT | SYSTEM | EA alive. Tick=223000 Equity=44514.70 OpenPos=1 PendingOrders=0 UTC=2026.03.19 14:27 DayOfWeek=4 WeekendCloseActive=NO NewTradeBlocked=NO | 223000.000000
OG	0	08:28:00.187	Cazyxio_v4.3 (EURUSD,M15)	2026.03.19 14:28:00 | HEARTBEAT | SYSTEM | EA alive. Tick=223100 Equity=44499.98 OpenPos=1 PendingOrders=0 UTC=2026.03.19 14:28 DayOfWeek=4 WeekendCloseActive=NO NewTradeBlocked=NO | 223100.000000
JF	0	08:28:34.759	Cazyxio_v4.3 (EURUSD,M15)	2026.03.19 14:28:34 | HEARTBEAT | SYSTEM | EA alive. Tick=223200 Equity=44511.02 OpenPos=1 PendingOrders=0 UTC=2026.03.19 14:28 DayOfWeek=4 WeekendCloseActive=NO NewTradeBlocked=NO | 223200.000000
JP	0	08:29:07.371	Cazyxio_v4.3 (EURUSD,M15)	2026.03.19 14:29:07 | HEARTBEAT | SYSTEM | EA alive. Tick=223300 Equity=44500.90 OpenPos=1 PendingOrders=0 UTC=2026.03.19 14:29 DayOfWeek=4 WeekendCloseActive=NO NewTradeBlocked=NO | 223300.000000
HR	0	08:29:43.492	Cazyxio_v4.3 (EURUSD,M15)	2026.03.19 14:29:43 | HEARTBEAT | SYSTEM | EA alive. Tick=223400 Equity=44513.78 OpenPos=1 PendingOrders=0 UTC=2026.03.19 14:29 DayOfWeek=4 WeekendCloseActive=NO NewTradeBlocked=NO | 223400.000000
EM	0	08:32:22.417	Cazyxio_v4.3 (EURUSD,M15)	2026.03.19 14:32:22 | GATE_FAIL | GBPUSD | CopyBuffer failed for Daily EMA200.
DL	0	08:34:42.835	Cazyxio_v4.3 (EURUSD,M15)	2026.03.19 14:34:42 | GATE_FAIL | EURUSD | CopyBuffer failed for Daily EMA200.
IO	0	08:37:03.231	Cazyxio_v4.3 (EURUSD,M15)	2026.03.19 14:37:03 | GATE_FAIL | USDJPY | CopyBuffer failed for Daily EMA200.
DM	0	08:37:03.231	Cazyxio_v4.3 (EURUSD,M15)	2026.03.19 14:37:03 | BAR | AUDUSD | close=0.70310 h4ema200=0.70255 h4slope=UP dailyEMA200=0.67176 adx=20.4 ema50=0.70369 distToEMA50=5.9pips touchSeq=3 atr=0.001647 atrRatio=1.878 dir=LONG spread=20.0 spreadOK=YES atrGate=PASS touch=PASS momCandle=momClosePos=0.063 momOk=N ema50Ok=Y barRange=0.001580 zeroRangeBar=NO trigger=NO hasPos=YES portRisk=0.49% openPos=1 | 0.703100
QM	0	08:37:03.231	Cazyxio_v4.3 (EURUSD,M15)	2026.03.19 14:37:03 | POSITION_HEALTH | AUDUSD | ticket=4557363 dir=LONG openPrice=0.70361 curPrice=0.70485 unrealPnL=114.08 curR=0.517 MFE=12.4pips MAE=0.0pips timeOpen=9min SL=0.70121 TP=0.71200
FO	0	08:37:03.231	Cazyxio_v4.3 (EURUSD,M15)	2026.03.19 14:37:03 | TRAIL_SKIP | AUDUSD | Trail not yet active. ProfitDist=0.00124 ActivateAt=0.00359 ticket=4557363
HG	0	08:37:03.231	Cazyxio_v4.3 (EURUSD,M15)	2026.03.19 14:37:03 | BAR | GBPJPY | close=211.285 h4ema200=211.037 h4slope=UP dailyEMA200=205.053 adx=19.8 ema50=211.496 distToEMA50=21.1pips touchSeq=1 atr=0.251214 atrRatio=1.638 dir=LONG spread=47.0 spreadOK=NO atrGate=PASS touch=PASS momCandle=momClosePos=0.403 momOk=N ema50Ok=Y barRange=0.355000 zeroRangeBar=NO trigger=NO hasPos=NO portRisk=0.49% openPos=1 | 211.285000
ND	0	08:37:03.232	Cazyxio_v4.3 (EURUSD,M15)	2026.03.19 14:37:03 | GATE_FAIL | GBPJPY | Spread too wide. Spread=47.0 Max=30 points.
EK	0	08:37:03.232	Cazyxio_v4.3 (EURUSD,M15)	2026.03.19 14:37:03 | BAR | USDCAD | close=1.37348 h4ema200=1.36713 h4slope=UP dailyEMA200=1.38083 adx=36.6 ema50=1.37293 distToEMA50=5.5pips touchSeq=8 atr=0.001284 atrRatio=1.834 dir=NONE spread=28.0 spreadOK=YES atrGate=PASS touch=FAIL momCandle= zeroRangeBar=NO trigger=NO hasPos=NO portRisk=0.49% openPos=1 | 1.373480
OI	0	08:37:03.232	Cazyxio_v4.3 (EURUSD,M15)	2026.03.19 14:37:03 | GATE_FAIL | USDCAD | No directional bias. h4slope=UP closeNow=1.37348 h4ema200=1.36713 dailyEMA200=1.38083
HO	0	08:37:23.237	Cazyxio_v4.3 (EURUSD,M15)	2026.03.19 14:37:23 | HEARTBEAT | SYSTEM | EA alive. Tick=223500 Equity=44662.82 OpenPos=1 PendingOrders=0 UTC=2026.03.19 14:37 DayOfWeek=4 WeekendCloseActive=NO NewTradeBlocked=NO | 223500.000000
CN	0	08:37:55.496	Cazyxio_v4.3 (EURUSD,M15)	2026.03.19 14:37:55 | HEARTBEAT | SYSTEM | EA alive. Tick=223600 Equity=44647.18 OpenPos=1 PendingOrders=0 UTC=2026.03.19 14:37 DayOfWeek=4 WeekendCloseActive=NO NewTradeBlocked=NO | 223600.000000
KH	0	08:38:30.043	Cazyxio_v4.3 (EURUSD,M15)	2026.03.19 14:38:30 | HEARTBEAT | SYSTEM | EA alive. Tick=223700 Equity=44621.42 OpenPos=1 PendingOrders=0 UTC=2026.03.19 14:38 DayOfWeek=4 WeekendCloseActive=NO NewTradeBlocked=NO | 223700.000000
NJ	0	08:39:03.335	Cazyxio_v4.3 (EURUSD,M15)	2026.03.19 14:39:03 | HEARTBEAT | SYSTEM | EA alive. Tick=223800 Equity=44608.54 OpenPos=1 PendingOrders=0 UTC=2026.03.19 14:39 DayOfWeek=4 WeekendCloseActive=NO NewTradeBlocked=NO | 223800.000000
ID	0	08:39:40.561	Cazyxio_v4.3 (EURUSD,M15)	2026.03.19 14:39:40 | HEARTBEAT | SYSTEM | EA alive. Tick=223900 Equity=44620.50 OpenPos=1 PendingOrders=0 UTC=2026.03.19 14:39 DayOfWeek=4 WeekendCloseActive=NO NewTradeBlocked=NO | 223900.000000
MG	0	08:40:16.439	Cazyxio_v4.3 (EURUSD,M15)	2026.03.19 14:40:16 | HEARTBEAT | SYSTEM | EA alive. Tick=224000 Equity=44621.42 OpenPos=1 PendingOrders=0 UTC=2026.03.19 14:40 DayOfWeek=4 WeekendCloseActive=NO NewTradeBlocked=NO | 224000.000000
EQ	0	08:41:02.914	Cazyxio_v4.3 (EURUSD,M15)	2026.03.19 14:41:02 | HEARTBEAT | SYSTEM | EA alive. Tick=224100 Equity=44647.18 OpenPos=1 PendingOrders=0 UTC=2026.03.19 14:41 DayOfWeek=4 WeekendCloseActive=NO NewTradeBlocked=NO | 224100.000000
NS	0	08:41:45.293	Cazyxio_v4.3 (EURUSD,M15)	2026.03.19 14:41:45 | HEARTBEAT | SYSTEM | EA alive. Tick=224200 Equity=44642.58 OpenPos=1 PendingOrders=0 UTC=2026.03.19 14:41 DayOfWeek=4 WeekendCloseActive=NO NewTradeBlocked=NO | 224200.000000
KM	0	08:42:24.654	Cazyxio_v4.3 (EURUSD,M15)	2026.03.19 14:42:24 | HEARTBEAT | SYSTEM | EA alive. Tick=224300 Equity=44654.54 OpenPos=1 PendingOrders=0 UTC=2026.03.19 14:42 DayOfWeek=4 WeekendCloseActive=NO NewTradeBlocked=NO | 224300.000000
RL	0	08:42:57.695	Cazyxio_v4.3 (EURUSD,M15)	2026.03.19 14:42:57 | HEARTBEAT | SYSTEM | EA alive. Tick=224400 Equity=44645.34 OpenPos=1 PendingOrders=0 UTC=2026.03.19 14:42 DayOfWeek=4 WeekendCloseActive=NO NewTradeBlocked=NO | 224400.000000
FN	0	08:43:38.258	Cazyxio_v4.3 (EURUSD,M15)	2026.03.19 14:43:38 | HEARTBEAT | SYSTEM | EA alive. Tick=224500 Equity=44647.18 OpenPos=1 PendingOrders=0 UTC=2026.03.19 14:43 DayOfWeek=4 WeekendCloseActive=NO NewTradeBlocked=NO | 224500.000000
IH	0	08:44:18.844	Cazyxio_v4.3 (EURUSD,M15)	2026.03.19 14:44:18 | HEARTBEAT | SYSTEM | EA alive. Tick=224600 Equity=44632.46 OpenPos=1 PendingOrders=0 UTC=2026.03.19 14:44 DayOfWeek=4 WeekendCloseActive=NO NewTradeBlocked=NO | 224600.000000
PJ	0	08:44:55.076	Cazyxio_v4.3 (EURUSD,M15)	2026.03.19 14:44:55 | HEARTBEAT | SYSTEM | EA alive. Tick=224700 Equity=44641.66 OpenPos=1 PendingOrders=0 UTC=2026.03.19 14:44 DayOfWeek=4 WeekendCloseActive=NO NewTradeBlocked=NO | 224700.000000
ND	0	08:47:22.612	Cazyxio_v4.3 (EURUSD,M15)	2026.03.19 14:47:22 | GATE_FAIL | GBPUSD | CopyBuffer failed for Daily EMA200.
DD	0	08:49:43.055	Cazyxio_v4.3 (EURUSD,M15)	2026.03.19 14:49:43 | GATE_FAIL | EURUSD | CopyBuffer failed for Daily EMA200.
OD	0	08:52:03.488	Cazyxio_v4.3 (EURUSD,M15)	2026.03.19 14:52:03 | GATE_FAIL | USDJPY | CopyBuffer failed for Daily EMA200.
DH	0	08:52:03.488	Cazyxio_v4.3 (EURUSD,M15)	2026.03.19 14:52:03 | BAR | AUDUSD | close=0.70453 h4ema200=0.70255 h4slope=UP dailyEMA200=0.67177 adx=20.4 ema50=0.70374 distToEMA50=7.9pips touchSeq=4 atr=0.001672 atrRatio=1.893 dir=LONG spread=20.0 spreadOK=YES atrGate=PASS touch=PASS momCandle=momClosePos=0.773 momOk=Y ema50Ok=Y barRange=0.002110 zeroRangeBar=NO trigger=YES hasPos=YES portRisk=0.49% openPos=1 | 0.704530
EF	0	08:52:03.488	Cazyxio_v4.3 (EURUSD,M15)	2026.03.19 14:52:03 | POSITION_HEALTH | AUDUSD | ticket=4557363 dir=LONG openPrice=0.70361 curPrice=0.70519 unrealPnL=145.36 curR=0.659 MFE=15.8pips MAE=0.0pips timeOpen=24min SL=0.70121 TP=0.71200
IG	0	08:52:03.488	Cazyxio_v4.3 (EURUSD,M15)	2026.03.19 14:52:03 | TRAIL_SKIP | AUDUSD | Trail not yet active. ProfitDist=0.00158 ActivateAt=0.00359 ticket=4557363
EN	0	08:52:03.488	Cazyxio_v4.3 (EURUSD,M15)	2026.03.19 14:52:03 | BAR | GBPJPY | close=211.354 h4ema200=211.038 h4slope=UP dailyEMA200=205.054 adx=19.7 ema50=211.497 distToEMA50=14.3pips touchSeq=2 atr=0.258357 atrRatio=1.671 dir=LONG spread=47.0 spreadOK=NO atrGate=PASS touch=PASS momCandle=momClosePos=0.370 momOk=N ema50Ok=Y barRange=0.192000 zeroRangeBar=NO trigger=NO hasPos=NO portRisk=0.49% openPos=1 | 211.354000
EO	0	08:52:03.488	Cazyxio_v4.3 (EURUSD,M15)	2026.03.19 14:52:03 | GATE_FAIL | GBPJPY | Spread too wide. Spread=47.0 Max=30 points.
KS	0	08:52:03.488	Cazyxio_v4.3 (EURUSD,M15)	2026.03.19 14:52:03 | BAR | USDCAD | close=1.37304 h4ema200=1.36712 h4slope=UP dailyEMA200=1.38082 adx=36.6 ema50=1.37290 distToEMA50=1.4pips touchSeq=9 atr=0.001321 atrRatio=1.875 dir=NONE spread=27.0 spreadOK=YES atrGate=PASS touch=FAIL momCandle= zeroRangeBar=NO trigger=NO hasPos=NO portRisk=0.49% openPos=1 | 1.373040
PQ	0	08:52:03.488	Cazyxio_v4.3 (EURUSD,M15)	2026.03.19 14:52:03 | GATE_FAIL | USDCAD | No directional bias. h4slope=UP closeNow=1.37304 h4ema200=1.36712 dailyEMA200=1.38082
CD	0	08:52:35.233	Cazyxio_v4.3 (EURUSD,M15)	2026.03.19 14:52:35 | HEARTBEAT | SYSTEM | EA alive. Tick=224800 Equity=44673.86 OpenPos=1 PendingOrders=0 UTC=2026.03.19 14:52 DayOfWeek=4 WeekendCloseActive=NO NewTradeBlocked=NO | 224800.000000
JF	0	08:53:11.849	Cazyxio_v4.3 (EURUSD,M15)	2026.03.19 14:53:11 | HEARTBEAT | SYSTEM | EA alive. Tick=224900 Equity=44682.14 OpenPos=1 PendingOrders=0 UTC=2026.03.19 14:53 DayOfWeek=4 WeekendCloseActive=NO NewTradeBlocked=NO | 224900.000000
NQ	0	08:53:53.162	Cazyxio_v4.3 (EURUSD,M15)	2026.03.19 14:53:53 | HEARTBEAT | SYSTEM | EA alive. Tick=225000 Equity=44682.14 OpenPos=1 PendingOrders=0 UTC=2026.03.19 14:53 DayOfWeek=4 WeekendCloseActive=NO NewTradeBlocked=NO | 225000.000000
GS	0	08:54:30.881	Cazyxio_v4.3 (EURUSD,M15)	2026.03.19 14:54:30 | HEARTBEAT | SYSTEM | EA alive. Tick=225100 Equity=44660.98 OpenPos=1 PendingOrders=0 UTC=2026.03.19 14:54 DayOfWeek=4 WeekendCloseActive=NO NewTradeBlocked=NO | 225100.000000
KM	0	08:55:04.475	Cazyxio_v4.3 (EURUSD,M15)	2026.03.19 14:55:04 | HEARTBEAT | SYSTEM | EA alive. Tick=225200 Equity=44657.30 OpenPos=1 PendingOrders=0 UTC=2026.03.19 14:55 DayOfWeek=4 WeekendCloseActive=NO NewTradeBlocked=NO | 225200.000000
JO	0	08:55:43.729	Cazyxio_v4.3 (EURUSD,M15)	2026.03.19 14:55:43 | HEARTBEAT | SYSTEM | EA alive. Tick=225300 Equity=44660.06 OpenPos=1 PendingOrders=0 UTC=2026.03.19 14:55 DayOfWeek=4 WeekendCloseActive=NO NewTradeBlocked=NO | 225300.000000
NN	0	08:56:22.756	Cazyxio_v4.3 (EURUSD,M15)	2026.03.19 14:56:22 | HEARTBEAT | SYSTEM | EA alive. Tick=225400 Equity=44650.86 OpenPos=1 PendingOrders=0 UTC=2026.03.19 14:56 DayOfWeek=4 WeekendCloseActive=NO NewTradeBlocked=NO | 225400.000000
JH	0	08:57:20.930	Cazyxio_v4.3 (EURUSD,M15)	2026.03.19 14:57:20 | HEARTBEAT | SYSTEM | EA alive. Tick=225500 Equity=44629.70 OpenPos=1 PendingOrders=0 UTC=2026.03.19 14:57 DayOfWeek=4 WeekendCloseActive=NO NewTradeBlocked=NO | 225500.000000
KJ	0	08:58:10.001	Cazyxio_v4.3 (EURUSD,M15)	2026.03.19 14:58:10 | HEARTBEAT | SYSTEM | EA alive. Tick=225600 Equity=44650.86 OpenPos=1 PendingOrders=0 UTC=2026.03.19 14:58 DayOfWeek=4 WeekendCloseActive=NO NewTradeBlocked=NO | 225600.000000
CD	0	08:59:00.738	Cazyxio_v4.3 (EURUSD,M15)	2026.03.19 14:59:00 | HEARTBEAT | SYSTEM | EA alive. Tick=225700 Equity=44650.86 OpenPos=1 PendingOrders=0 UTC=2026.03.19 14:59 DayOfWeek=4 WeekendCloseActive=NO NewTradeBlocked=NO | 225700.000000
NG	0	08:59:56.367	Cazyxio_v4.3 (EURUSD,M15)	2026.03.19 14:59:56 | HEARTBEAT | SYSTEM | EA alive. Tick=225800 Equity=44637.06 OpenPos=1 PendingOrders=0 UTC=2026.03.19 14:59 DayOfWeek=4 WeekendCloseActive=NO NewTradeBlocked=NO | 225800.000000
NP	0	09:02:22.605	Cazyxio_v4.3 (EURUSD,M15)	2026.03.19 15:02:22 | GATE_FAIL | GBPUSD | CopyBuffer failed for Daily EMA200.
FP	0	09:04:42.985	Cazyxio_v4.3 (EURUSD,M15)	2026.03.19 15:04:42 | GATE_FAIL | EURUSD | CopyBuffer failed for Daily EMA200.
KP	0	09:07:03.402	Cazyxio_v4.3 (EURUSD,M15)	2026.03.19 15:07:03 | GATE_FAIL | USDJPY | CopyBuffer failed for Daily EMA200.
JQ	0	09:07:03.402	Cazyxio_v4.3 (EURUSD,M15)	2026.03.19 15:07:03 | BAR | AUDUSD | close=0.70447 h4ema200=0.70256 h4slope=UP dailyEMA200=0.67177 adx=20.3 ema50=0.70379 distToEMA50=6.8pips touchSeq=5 atr=0.001756 atrRatio=1.974 dir=LONG spread=19.0 spreadOK=YES atrGate=PASS touch=PASS momCandle=momClosePos=0.336 momOk=N ema50Ok=Y barRange=0.001220 zeroRangeBar=NO trigger=NO hasPos=YES portRisk=0.49% openPos=1 | 0.704470
PJ	0	09:07:03.402	Cazyxio_v4.3 (EURUSD,M15)	2026.03.19 15:07:03 | POSITION_HEALTH | AUDUSD | ticket=4557363 dir=LONG openPrice=0.70361 curPrice=0.70585 unrealPnL=206.08 curR=0.935 MFE=22.4pips MAE=0.0pips timeOpen=39min SL=0.70121 TP=0.71200
OK	0	09:07:03.402	Cazyxio_v4.3 (EURUSD,M15)	2026.03.19 15:07:03 | TRAIL_SKIP | AUDUSD | Trail not yet active. ProfitDist=0.00224 ActivateAt=0.00359 ticket=4557363
JG	0	09:07:03.402	Cazyxio_v4.3 (EURUSD,M15)	2026.03.19 15:07:03 | BAR | GBPJPY | close=211.628 h4ema200=211.040 h4slope=UP dailyEMA200=205.056 adx=19.5 ema50=211.508 distToEMA50=12.0pips touchSeq=3 atr=0.269714 atrRatio=1.732 dir=LONG spread=42.0 spreadOK=NO atrGate=PASS touch=PASS momCandle=momClosePos=1.000 momOk=Y ema50Ok=Y barRange=0.285000 zeroRangeBar=NO trigger=YES hasPos=NO portRisk=0.49% openPos=1 | 211.628000
JS	0	09:07:03.402	Cazyxio_v4.3 (EURUSD,M15)	2026.03.19 15:07:03 | GATE_FAIL | GBPJPY | Spread too wide. Spread=42.0 Max=30 points.
JL	0	09:07:03.402	Cazyxio_v4.3 (EURUSD,M15)	2026.03.19 15:07:03 | BAR | USDCAD | close=1.37277 h4ema200=1.36712 h4slope=UP dailyEMA200=1.38082 adx=36.6 ema50=1.37288 distToEMA50=1.1pips touchSeq=10 atr=0.001406 atrRatio=1.980 dir=NONE spread=25.0 spreadOK=YES atrGate=PASS touch=FAIL momCandle= zeroRangeBar=NO trigger=NO hasPos=NO portRisk=0.49% openPos=1 | 1.372770
IL	0	09:07:03.402	Cazyxio_v4.3 (EURUSD,M15)	2026.03.19 15:07:03 | GATE_FAIL | USDCAD | No directional bias. h4slope=UP closeNow=1.37277 h4ema200=1.36712 dailyEMA200=1.38082
NP	0	09:07:41.704	Cazyxio_v4.3 (EURUSD,M15)	2026.03.19 15:07:41 | HEARTBEAT | SYSTEM | EA alive. Tick=225900 Equity=44724.46 OpenPos=1 PendingOrders=0 UTC=2026.03.19 15:07 DayOfWeek=4 WeekendCloseActive=NO NewTradeBlocked=NO | 225900.000000
NS	0	09:08:21.721	Cazyxio_v4.3 (EURUSD,M15)	2026.03.19 15:08:21 | HEARTBEAT | SYSTEM | EA alive. Tick=226000 Equity=44696.86 OpenPos=1 PendingOrders=0 UTC=2026.03.19 15:08 DayOfWeek=4 WeekendCloseActive=NO NewTradeBlocked=NO | 226000.000000
PM	0	09:09:04.025	Cazyxio_v4.3 (EURUSD,M15)	2026.03.19 15:09:04 | HEARTBEAT | SYSTEM | EA alive. Tick=226100 Equity=44703.30 OpenPos=1 PendingOrders=0 UTC=2026.03.19 15:09 DayOfWeek=4 WeekendCloseActive=NO NewTradeBlocked=NO | 226100.000000
JO	0	09:09:44.704	Cazyxio_v4.3 (EURUSD,M15)	2026.03.19 15:09:44 | HEARTBEAT | SYSTEM | EA alive. Tick=226200 Equity=44708.82 OpenPos=1 PendingOrders=0 UTC=2026.03.19 15:09 DayOfWeek=4 WeekendCloseActive=NO NewTradeBlocked=NO | 226200.000000
RI	0	09:10:38.828	Cazyxio_v4.3 (EURUSD,M15)	2026.03.19 15:10:38 | HEARTBEAT | SYSTEM | EA alive. Tick=226300 Equity=44706.98 OpenPos=1 PendingOrders=0 UTC=2026.03.19 15:10 DayOfWeek=4 WeekendCloseActive=NO NewTradeBlocked=NO | 226300.000000
JH	0	09:11:21.000	Cazyxio_v4.3 (EURUSD,M15)	2026.03.19 15:11:21 | HEARTBEAT | SYSTEM | EA alive. Tick=226400 Equity=44695.94 OpenPos=1 PendingOrders=0 UTC=2026.03.19 15:11 DayOfWeek=4 WeekendCloseActive=NO NewTradeBlocked=NO | 226400.000000
FJ	0	09:12:17.532	Cazyxio_v4.3 (EURUSD,M15)	2026.03.19 15:12:17 | HEARTBEAT | SYSTEM | EA alive. Tick=226500 Equity=44698.70 OpenPos=1 PendingOrders=0 UTC=2026.03.19 15:12 DayOfWeek=4 WeekendCloseActive=NO NewTradeBlocked=NO | 226500.000000
OD	0	09:12:59.948	Cazyxio_v4.3 (EURUSD,M15)	2026.03.19 15:12:59 | HEARTBEAT | SYSTEM | EA alive. Tick=226600 Equity=44727.22 OpenPos=1 PendingOrders=0 UTC=2026.03.19 15:12 DayOfWeek=4 WeekendCloseActive=NO NewTradeBlocked=NO | 226600.000000
QF	0	09:13:42.536	Cazyxio_v4.3 (EURUSD,M15)	2026.03.19 15:13:42 | HEARTBEAT | SYSTEM | EA alive. Tick=226700 Equity=44726.30 OpenPos=1 PendingOrders=0 UTC=2026.03.19 15:13 DayOfWeek=4 WeekendCloseActive=NO NewTradeBlocked=NO | 226700.000000
EQ	0	09:14:23.293	Cazyxio_v4.3 (EURUSD,M15)	2026.03.19 15:14:23 | HEARTBEAT | SYSTEM | EA alive. Tick=226800 Equity=44741.94 OpenPos=1 PendingOrders=0 UTC=2026.03.19 15:14 DayOfWeek=4 WeekendCloseActive=NO NewTradeBlocked=NO | 226800.000000
OR	0	09:17:22.455	Cazyxio_v4.3 (EURUSD,M15)	2026.03.19 15:17:22 | GATE_FAIL | GBPUSD | CopyBuffer failed for Daily EMA200.
ER	0	09:19:42.858	Cazyxio_v4.3 (EURUSD,M15)	2026.03.19 15:19:42 | GATE_FAIL | EURUSD | CopyBuffer failed for Daily EMA200.
IR	0	09:22:03.282	Cazyxio_v4.3 (EURUSD,M15)	2026.03.19 15:22:03 | GATE_FAIL | USDJPY | CopyBuffer failed for Daily EMA200.
KQ	0	09:22:03.282	Cazyxio_v4.3 (EURUSD,M15)	2026.03.19 15:22:03 | BAR | AUDUSD | close=0.70575 h4ema200=0.70254 h4slope=UP dailyEMA200=0.67176 adx=20.3 ema50=0.70381 distToEMA50=19.4pips touchSeq=6 atr=0.001806 atrRatio=2.016 dir=LONG spread=20.0 spreadOK=YES atrGate=PASS touch=PASS momCandle=momClosePos=0.872 momOk=Y ema50Ok=Y barRange=0.001800 zeroRangeBar=NO trigger=YES hasPos=YES portRisk=0.49% openPos=1 | 0.705750
DK	0	09:22:03.282	Cazyxio_v4.3 (EURUSD,M15)	2026.03.19 15:22:03 | POSITION_HEALTH | AUDUSD | ticket=4557363 dir=LONG openPrice=0.70361 curPrice=0.70429 unrealPnL=62.56 curR=0.284 MFE=22.4pips MAE=0.0pips timeOpen=54min SL=0.70121 TP=0.71200
IL	0	09:22:03.282	Cazyxio_v4.3 (EURUSD,M15)	2026.03.19 15:22:03 | TRAIL_SKIP | AUDUSD | Trail not yet active. ProfitDist=0.00068 ActivateAt=0.00359 ticket=4557363
MI	0	09:22:03.282	Cazyxio_v4.3 (EURUSD,M15)	2026.03.19 15:22:03 | BAR | GBPJPY | close=211.828 h4ema200=211.040 h4slope=UP dailyEMA200=205.056 adx=17.7 ema50=211.521 distToEMA50=30.7pips touchSeq=4 atr=0.260929 atrRatio=1.664 dir=LONG spread=41.0 spreadOK=NO atrGate=PASS touch=PASS momCandle=momClosePos=0.808 momOk=Y ema50Ok=Y barRange=0.297000 zeroRangeBar=NO trigger=YES hasPos=NO portRisk=0.49% openPos=1 | 211.828000
GQ	0	09:22:03.282	Cazyxio_v4.3 (EURUSD,M15)	2026.03.19 15:22:03 | GATE_FAIL | GBPJPY | Spread too wide. Spread=41.0 Max=30 points.
GL	0	09:22:03.282	Cazyxio_v4.3 (EURUSD,M15)	2026.03.19 15:22:03 | BAR | USDCAD | close=1.37176 h4ema200=1.36713 h4slope=UP dailyEMA200=1.38083 adx=36.6 ema50=1.37288 distToEMA50=11.2pips touchSeq=11 atr=0.001433 atrRatio=2.004 dir=NONE spread=25.0 spreadOK=YES atrGate=PASS touch=FAIL momCandle= zeroRangeBar=NO trigger=NO hasPos=NO portRisk=0.49% openPos=1 | 1.371760
QJ	0	09:22:03.282	Cazyxio_v4.3 (EURUSD,M15)	2026.03.19 15:22:03 | GATE_FAIL | USDCAD | No directional bias. h4slope=UP closeNow=1.37176 h4ema200=1.36713 dailyEMA200=1.38083
LS	0	09:22:10.985	Cazyxio_v4.3 (EURUSD,M15)	2026.03.19 15:22:10 | HEARTBEAT | SYSTEM | EA alive. Tick=226900 Equity=44627.86 OpenPos=1 PendingOrders=0 UTC=2026.03.19 15:22 DayOfWeek=4 WeekendCloseActive=NO NewTradeBlocked=NO | 226900.000000
FM	0	09:23:01.223	Cazyxio_v4.3 (EURUSD,M15)	2026.03.19 15:23:01 | HEARTBEAT | SYSTEM | EA alive. Tick=227000 Equity=44611.30 OpenPos=1 PendingOrders=0 UTC=2026.03.19 15:23 DayOfWeek=4 WeekendCloseActive=NO NewTradeBlocked=NO | 227000.000000
QO	0	09:23:51.376	Cazyxio_v4.3 (EURUSD,M15)	2026.03.19 15:23:51 | HEARTBEAT | SYSTEM | EA alive. Tick=227100 Equity=44607.62 OpenPos=1 PendingOrders=0 UTC=2026.03.19 15:23 DayOfWeek=4 WeekendCloseActive=NO NewTradeBlocked=NO | 227100.000000
LI	0	09:24:37.259	Cazyxio_v4.3 (EURUSD,M15)	2026.03.19 15:24:37 | HEARTBEAT | SYSTEM | EA alive. Tick=227200 Equity=44609.46 OpenPos=1 PendingOrders=0 UTC=2026.03.19 15:24 DayOfWeek=4 WeekendCloseActive=NO NewTradeBlocked=NO | 227200.000000
DH	0	09:25:28.427	Cazyxio_v4.3 (EURUSD,M15)	2026.03.19 15:25:28 | HEARTBEAT | SYSTEM | EA alive. Tick=227300 Equity=44603.02 OpenPos=1 PendingOrders=0 UTC=2026.03.19 15:25 DayOfWeek=4 WeekendCloseActive=NO NewTradeBlocked=NO | 227300.000000
IJ	0	09:26:02.512	Cazyxio_v4.3 (EURUSD,M15)	2026.03.19 15:26:02 | HEARTBEAT | SYSTEM | EA alive. Tick=227400 Equity=44580.94 OpenPos=1 PendingOrders=0 UTC=2026.03.19 15:26 DayOfWeek=4 WeekendCloseActive=NO NewTradeBlocked=NO | 227400.000000
ED	0	09:26:50.539	Cazyxio_v4.3 (EURUSD,M15)	2026.03.19 15:26:50 | HEARTBEAT | SYSTEM | EA alive. Tick=227500 Equity=44575.42 OpenPos=1 PendingOrders=0 UTC=2026.03.19 15:26 DayOfWeek=4 WeekendCloseActive=NO NewTradeBlocked=NO | 227500.000000
PF	0	09:27:26.265	Cazyxio_v4.3 (EURUSD,M15)	2026.03.19 15:27:26 | HEARTBEAT | SYSTEM | EA alive. Tick=227600 Equity=44565.30 OpenPos=1 PendingOrders=0 UTC=2026.03.19 15:27 DayOfWeek=4 WeekendCloseActive=NO NewTradeBlocked=NO | 227600.000000
KQ	0	09:28:08.399	Cazyxio_v4.3 (EURUSD,M15)	2026.03.19 15:28:08 | HEARTBEAT | SYSTEM | EA alive. Tick=227700 Equity=44587.38 OpenPos=1 PendingOrders=0 UTC=2026.03.19 15:28 DayOfWeek=4 WeekendCloseActive=NO NewTradeBlocked=NO | 227700.000000
MS	0	09:28:58.948	Cazyxio_v4.3 (EURUSD,M15)	2026.03.19 15:28:58 | HEARTBEAT | SYSTEM | EA alive. Tick=227800 Equity=44575.42 OpenPos=1 PendingOrders=0 UTC=2026.03.19 15:28 DayOfWeek=4 WeekendCloseActive=NO NewTradeBlocked=NO | 227800.000000
PM	0	09:29:51.680	Cazyxio_v4.3 (EURUSD,M15)	2026.03.19 15:29:51 | HEARTBEAT | SYSTEM | EA alive. Tick=227900 Equity=44582.78 OpenPos=1 PendingOrders=0 UTC=2026.03.19 15:29 DayOfWeek=4 WeekendCloseActive=NO NewTradeBlocked=NO | 227900.000000
IO	0	09:32:22.540	Cazyxio_v4.3 (EURUSD,M15)	2026.03.19 15:32:22 | GATE_FAIL | EURUSD | CopyBuffer failed for Daily EMA200.
KO	0	09:34:43.006	Cazyxio_v4.3 (EURUSD,M15)	2026.03.19 15:34:43 | GATE_FAIL | USDJPY | CopyBuffer failed for Daily EMA200.
FL	0	09:34:43.006	Cazyxio_v4.3 (EURUSD,M15)	2026.03.19 15:34:43 | BAR | AUDUSD | close=0.70400 h4ema200=0.70253 h4slope=UP dailyEMA200=0.67175 adx=20.3 ema50=0.70377 distToEMA50=2.3pips touchSeq=7 atr=0.001821 atrRatio=2.017 dir=LONG spread=20.0 spreadOK=YES atrGate=PASS touch=PASS momCandle=momClosePos=0.142 momOk=N ema50Ok=Y barRange=0.002110 zeroRangeBar=NO trigger=NO hasPos=YES portRisk=0.50% openPos=1 | 0.704000
KN	0	09:34:43.006	Cazyxio_v4.3 (EURUSD,M15)	2026.03.19 15:34:43 | POSITION_HEALTH | AUDUSD | ticket=4557363 dir=LONG openPrice=0.70361 curPrice=0.70316 unrealPnL=-41.40 curR=-0.188 MFE=22.4pips MAE=4.5pips timeOpen=67min SL=0.70121 TP=0.71200
MM	0	09:34:43.006	Cazyxio_v4.3 (EURUSD,M15)	2026.03.19 15:34:43 | TRAIL_SKIP | AUDUSD | Trail not yet active. ProfitDist=-0.00045 ActivateAt=0.00359 ticket=4557363
EG	0	09:34:43.006	Cazyxio_v4.3 (EURUSD,M15)	2026.03.19 15:34:43 | BAR | GBPJPY | close=211.734 h4ema200=211.039 h4slope=UP dailyEMA200=205.055 adx=17.7 ema50=211.526 distToEMA50=20.8pips touchSeq=5 atr=0.244571 atrRatio=1.551 dir=LONG spread=44.0 spreadOK=NO atrGate=PASS touch=PASS momCandle=momClosePos=0.258 momOk=N ema50Ok=Y barRange=0.163000 zeroRangeBar=NO trigger=NO hasPos=NO portRisk=0.50% openPos=1 | 211.734000
RD	0	09:34:43.006	Cazyxio_v4.3 (EURUSD,M15)	2026.03.19 15:34:43 | GATE_FAIL | GBPJPY | Spread too wide. Spread=44.0 Max=30 points.
NH	0	09:34:43.006	Cazyxio_v4.3 (EURUSD,M15)	2026.03.19 15:34:43 | BAR | USDCAD | close=1.37268 h4ema200=1.36713 h4slope=UP dailyEMA200=1.38083 adx=36.6 ema50=1.37288 distToEMA50=2.0pips touchSeq=12 atr=0.001412 atrRatio=1.962 dir=NONE spread=26.0 spreadOK=YES atrGate=PASS touch=FAIL momCandle= zeroRangeBar=NO trigger=NO hasPos=NO portRisk=0.50% openPos=1 | 1.372680
MI	0	09:34:43.006	Cazyxio_v4.3 (EURUSD,M15)	2026.03.19 15:34:43 | GATE_FAIL | USDCAD | No directional bias. h4slope=UP closeNow=1.37268 h4ema200=1.36713 dailyEMA200=1.38083
RN	0	09:37:03.739	Cazyxio_v4.3 (EURUSD,M15)	2026.03.19 15:37:03 | GATE_FAIL | GBPUSD | CopyBuffer failed for Daily EMA200.
LO	0	09:37:45.507	Cazyxio_v4.3 (EURUSD,M15)	2026.03.19 15:37:45 | HEARTBEAT | SYSTEM | EA alive. Tick=228000 Equity=44479.74 OpenPos=1 PendingOrders=0 UTC=2026.03.19 15:37 DayOfWeek=4 WeekendCloseActive=NO NewTradeBlocked=NO | 228000.000000
HI	0	09:38:30.189	Cazyxio_v4.3 (EURUSD,M15)	2026.03.19 15:38:30 | HEARTBEAT | SYSTEM | EA alive. Tick=228100 Equity=44476.98 OpenPos=1 PendingOrders=0 UTC=2026.03.19 15:38 DayOfWeek=4 WeekendCloseActive=NO NewTradeBlocked=NO | 228100.000000
RK	0	09:39:13.830	Cazyxio_v4.3 (EURUSD,M15)	2026.03.19 15:39:13 | HEARTBEAT | SYSTEM | EA alive. Tick=228200 Equity=44481.58 OpenPos=1 PendingOrders=0 UTC=2026.03.19 15:39 DayOfWeek=4 WeekendCloseActive=NO NewTradeBlocked=NO | 228200.000000
HJ	0	09:40:02.723	Cazyxio_v4.3 (EURUSD,M15)	2026.03.19 15:40:02 | HEARTBEAT | SYSTEM | EA alive. Tick=228300 Equity=44507.34 OpenPos=1 PendingOrders=0 UTC=2026.03.19 15:40 DayOfWeek=4 WeekendCloseActive=NO NewTradeBlocked=NO | 228300.000000
LD	0	09:40:55.596	Cazyxio_v4.3 (EURUSD,M15)	2026.03.19 15:40:55 | HEARTBEAT | SYSTEM | EA alive. Tick=228400 Equity=44525.74 OpenPos=1 PendingOrders=0 UTC=2026.03.19 15:40 DayOfWeek=4 WeekendCloseActive=NO NewTradeBlocked=NO | 228400.000000
LF	0	09:41:51.210	Cazyxio_v4.3 (EURUSD,M15)	2026.03.19 15:41:51 | HEARTBEAT | SYSTEM | EA alive. Tick=228500 Equity=44499.98 OpenPos=1 PendingOrders=0 UTC=2026.03.19 15:41 DayOfWeek=4 WeekendCloseActive=NO NewTradeBlocked=NO | 228500.000000
IP	0	09:42:36.016	Cazyxio_v4.3 (EURUSD,M15)	2026.03.19 15:42:36 | HEARTBEAT | SYSTEM | EA alive. Tick=228600 Equity=44483.42 OpenPos=1 PendingOrders=0 UTC=2026.03.19 15:42 DayOfWeek=4 WeekendCloseActive=NO NewTradeBlocked=NO | 228600.000000
ES	0	09:43:14.570	Cazyxio_v4.3 (EURUSD,M15)	2026.03.19 15:43:14 | HEARTBEAT | SYSTEM | EA alive. Tick=228700 Equity=44506.42 OpenPos=1 PendingOrders=0 UTC=2026.03.19 15:43 DayOfWeek=4 WeekendCloseActive=NO NewTradeBlocked=NO | 228700.000000
RM	0	09:43:52.887	Cazyxio_v4.3 (EURUSD,M15)	2026.03.19 15:43:52 | HEARTBEAT | SYSTEM | EA alive. Tick=228800 Equity=44508.26 OpenPos=1 PendingOrders=0 UTC=2026.03.19 15:43 DayOfWeek=4 WeekendCloseActive=NO NewTradeBlocked=NO | 228800.000000
RO	0	09:44:28.788	Cazyxio_v4.3 (EURUSD,M15)	2026.03.19 15:44:28 | HEARTBEAT | SYSTEM | EA alive. Tick=228900 Equity=44499.06 OpenPos=1 PendingOrders=0 UTC=2026.03.19 15:44 DayOfWeek=4 WeekendCloseActive=NO NewTradeBlocked=NO | 228900.000000
HH	0	09:47:22.700	Cazyxio_v4.3 (EURUSD,M15)	2026.03.19 15:47:22 | GATE_FAIL | GBPUSD | CopyBuffer failed for Daily EMA200.
QI	0	09:49:43.146	Cazyxio_v4.3 (EURUSD,M15)	2026.03.19 15:49:43 | GATE_FAIL | EURUSD | CopyBuffer failed for Daily EMA200.
DH	0	09:52:03.544	Cazyxio_v4.3 (EURUSD,M15)	2026.03.19 15:52:03 | GATE_FAIL | USDJPY | CopyBuffer failed for Daily EMA200.
QJ	0	09:52:03.544	Cazyxio_v4.3 (EURUSD,M15)	2026.03.19 15:52:03 | BAR | AUDUSD | close=0.70292 h4ema200=0.70253 h4slope=UP dailyEMA200=0.67175 adx=20.3 ema50=0.70375 distToEMA50=8.3pips touchSeq=8 atr=0.001738 atrRatio=1.912 dir=LONG spread=20.0 spreadOK=YES atrGate=PASS touch=PASS momCandle=momClosePos=0.163 momOk=N ema50Ok=Y barRange=0.001290 zeroRangeBar=NO trigger=NO hasPos=YES portRisk=0.50% openPos=1 | 0.702920
LP	0	09:52:03.544	Cazyxio_v4.3 (EURUSD,M15)	2026.03.19 15:52:03 | POSITION_HEALTH | AUDUSD | ticket=4557363 dir=LONG openPrice=0.70361 curPrice=0.70342 unrealPnL=-17.48 curR=-0.079 MFE=22.4pips MAE=4.5pips timeOpen=84min SL=0.70121 TP=0.71200
MP	0	09:52:03.544	Cazyxio_v4.3 (EURUSD,M15)	2026.03.19 15:52:03 | TRAIL_SKIP | AUDUSD | Trail not yet active. ProfitDist=-0.00019 ActivateAt=0.00359 ticket=4557363
LR	0	09:52:03.544	Cazyxio_v4.3 (EURUSD,M15)	2026.03.19 15:52:03 | BAR | GBPJPY | close=211.610 h4ema200=211.038 h4slope=UP dailyEMA200=205.053 adx=17.7 ema50=211.523 distToEMA50=8.7pips touchSeq=6 atr=0.252857 atrRatio=1.593 dir=LONG spread=38.0 spreadOK=NO atrGate=PASS touch=PASS momCandle=momClosePos=0.412 momOk=N ema50Ok=Y barRange=0.216000 zeroRangeBar=NO trigger=NO hasPos=NO portRisk=0.50% openPos=1 | 211.610000
RJ	0	09:52:03.544	Cazyxio_v4.3 (EURUSD,M15)	2026.03.19 15:52:03 | GATE_FAIL | GBPJPY | Spread too wide. Spread=38.0 Max=30 points.
HE	0	09:52:03.544	Cazyxio_v4.3 (EURUSD,M15)	2026.03.19 15:52:03 | BAR | USDCAD | close=1.37271 h4ema200=1.36713 h4slope=UP dailyEMA200=1.38083 adx=36.6 ema50=1.37285 distToEMA50=1.4pips touchSeq=12 atr=0.001399 atrRatio=1.932 dir=NONE spread=28.0 spreadOK=YES atrGate=PASS touch=FAIL momCandle= zeroRangeBar=NO trigger=NO hasPos=NO portRisk=0.50% openPos=1 | 1.372710
LD	0	09:52:03.544	Cazyxio_v4.3 (EURUSD,M15)	2026.03.19 15:52:03 | GATE_FAIL | USDCAD | No directional bias. h4slope=UP closeNow=1.37271 h4ema200=1.36713 dailyEMA200=1.38083
II	0	09:52:14.721	Cazyxio_v4.3 (EURUSD,M15)	2026.03.19 15:52:14 | HEARTBEAT | SYSTEM | EA alive. Tick=229000 Equity=44521.14 OpenPos=1 PendingOrders=0 UTC=2026.03.19 15:52 DayOfWeek=4 WeekendCloseActive=NO NewTradeBlocked=NO | 229000.000000
LK	0	09:52:49.625	Cazyxio_v4.3 (EURUSD,M15)	2026.03.19 15:52:49 | HEARTBEAT | SYSTEM | EA alive. Tick=229100 Equity=44545.98 OpenPos=1 PendingOrders=0 UTC=2026.03.19 15:52 DayOfWeek=4 WeekendCloseActive=NO NewTradeBlocked=NO | 229100.000000
JE	0	09:53:28.920	Cazyxio_v4.3 (EURUSD,M15)	2026.03.19 15:53:28 | HEARTBEAT | SYSTEM | EA alive. Tick=229200 Equity=44553.34 OpenPos=1 PendingOrders=0 UTC=2026.03.19 15:53 DayOfWeek=4 WeekendCloseActive=NO NewTradeBlocked=NO | 229200.000000
QD	0	09:54:04.119	Cazyxio_v4.3 (EURUSD,M15)	2026.03.19 15:54:04 | HEARTBEAT | SYSTEM | EA alive. Tick=229300 Equity=44551.50 OpenPos=1 PendingOrders=0 UTC=2026.03.19 15:54 DayOfWeek=4 WeekendCloseActive=NO NewTradeBlocked=NO | 229300.000000
RF	0	09:54:47.893	Cazyxio_v4.3 (EURUSD,M15)	2026.03.19 15:54:47 | HEARTBEAT | SYSTEM | EA alive. Tick=229400 Equity=44538.62 OpenPos=1 PendingOrders=0 UTC=2026.03.19 15:54 DayOfWeek=4 WeekendCloseActive=NO NewTradeBlocked=NO | 229400.000000
PP	0	09:55:27.734	Cazyxio_v4.3 (EURUSD,M15)	2026.03.19 15:55:27 | HEARTBEAT | SYSTEM | EA alive. Tick=229500 Equity=44518.38 OpenPos=1 PendingOrders=0 UTC=2026.03.19 15:55 DayOfWeek=4 WeekendCloseActive=NO NewTradeBlocked=NO | 229500.000000
GR	0	09:56:02.030	Cazyxio_v4.3 (EURUSD,M15)	2026.03.19 15:56:02 | HEARTBEAT | SYSTEM | EA alive. Tick=229600 Equity=44548.74 OpenPos=1 PendingOrders=0 UTC=2026.03.19 15:56 DayOfWeek=4 WeekendCloseActive=NO NewTradeBlocked=NO | 229600.000000
RM	0	09:56:36.145	Cazyxio_v4.3 (EURUSD,M15)	2026.03.19 15:56:36 | HEARTBEAT | SYSTEM | EA alive. Tick=229700 Equity=44597.50 OpenPos=1 PendingOrders=0 UTC=2026.03.19 15:56 DayOfWeek=4 WeekendCloseActive=NO NewTradeBlocked=NO | 229700.000000
KO	0	09:57:06.530	Cazyxio_v4.3 (EURUSD,M15)	2026.03.19 15:57:06 | HEARTBEAT | SYSTEM | EA alive. Tick=229800 Equity=44557.94 OpenPos=1 PendingOrders=0 UTC=2026.03.19 15:57 DayOfWeek=4 WeekendCloseActive=NO NewTradeBlocked=NO | 229800.000000
FI	0	09:57:38.874	Cazyxio_v4.3 (EURUSD,M15)	2026.03.19 15:57:38 | HEARTBEAT | SYSTEM | EA alive. Tick=229900 Equity=44554.26 OpenPos=1 PendingOrders=0 UTC=2026.03.19 15:57 DayOfWeek=4 WeekendCloseActive=NO NewTradeBlocked=NO | 229900.000000
IK	0	09:58:11.433	Cazyxio_v4.3 (EURUSD,M15)	2026.03.19 15:58:11 | HEARTBEAT | SYSTEM | EA alive. Tick=230000 Equity=44530.34 OpenPos=1 PendingOrders=0 UTC=2026.03.19 15:58 DayOfWeek=4 WeekendCloseActive=NO NewTradeBlocked=NO | 230000.000000
CJ	0	09:58:50.694	Cazyxio_v4.3 (EURUSD,M15)	2026.03.19 15:58:50 | HEARTBEAT | SYSTEM | EA alive. Tick=230100 Equity=44533.10 OpenPos=1 PendingOrders=0 UTC=2026.03.19 15:58 DayOfWeek=4 WeekendCloseActive=NO NewTradeBlocked=NO | 230100.000000
CD	0	09:59:29.888	Cazyxio_v4.3 (EURUSD,M15)	2026.03.19 15:59:29 | HEARTBEAT | SYSTEM | EA alive. Tick=230200 Equity=44543.22 OpenPos=1 PendingOrders=0 UTC=2026.03.19 15:59 DayOfWeek=4 WeekendCloseActive=NO NewTradeBlocked=NO | 230200.000000
QF	0	10:02:22.523	Cazyxio_v4.3 (EURUSD,M15)	2026.03.19 16:02:22 | GATE_FAIL | EURUSD | CopyBuffer failed for Daily EMA200.
RF	0	10:04:42.941	Cazyxio_v4.3 (EURUSD,M15)	2026.03.19 16:04:42 | GATE_FAIL | USDJPY | CopyBuffer failed for Daily EMA200.
MS	0	10:04:42.942	Cazyxio_v4.3 (EURUSD,M15)	2026.03.19 16:04:42 | BAR | AUDUSD | close=0.70346 h4ema200=0.70254 h4slope=UP dailyEMA200=0.67176 adx=20.3 ema50=0.70377 distToEMA50=3.1pips touchSeq=9 atr=0.001777 atrRatio=1.941 dir=LONG spread=20.0 spreadOK=YES atrGate=PASS touch=PASS momCandle=momClosePos=0.538 momOk=N ema50Ok=Y barRange=0.001560 zeroRangeBar=NO trigger=NO hasPos=YES portRisk=0.49% openPos=1 | 0.703460
RG	0	10:04:42.942	Cazyxio_v4.3 (EURUSD,M15)	2026.03.19 16:04:42 | POSITION_HEALTH | AUDUSD | ticket=4557363 dir=LONG openPrice=0.70361 curPrice=0.70426 unrealPnL=59.80 curR=0.271 MFE=22.4pips MAE=4.5pips timeOpen=97min SL=0.70121 TP=0.71200
PI	0	10:04:42.942	Cazyxio_v4.3 (EURUSD,M15)	2026.03.19 16:04:42 | TRAIL_SKIP | AUDUSD | Trail not yet active. ProfitDist=0.00065 ActivateAt=0.00359 ticket=4557363
PH	0	10:04:42.942	Cazyxio_v4.3 (EURUSD,M15)	2026.03.19 16:04:42 | BAR | GBPJPY | close=211.312 h4ema200=211.036 h4slope=UP dailyEMA200=205.051 adx=17.7 ema50=211.507 distToEMA50=19.5pips touchSeq=7 atr=0.267714 atrRatio=1.673 dir=LONG spread=45.0 spreadOK=NO atrGate=PASS touch=PASS momCandle=momClosePos=0.229 momOk=N ema50Ok=Y barRange=0.415000 zeroRangeBar=NO trigger=NO hasPos=NO portRisk=0.49% openPos=1 | 211.312000
GM	0	10:04:42.942	Cazyxio_v4.3 (EURUSD,M15)	2026.03.19 16:04:42 | GATE_FAIL | GBPJPY | Spread too wide. Spread=45.0 Max=30 points.
CR	0	10:04:42.942	Cazyxio_v4.3 (EURUSD,M15)	2026.03.19 16:04:42 | BAR | USDCAD | close=1.37220 h4ema200=1.36712 h4slope=UP dailyEMA200=1.38082 adx=36.6 ema50=1.37281 distToEMA50=6.1pips touchSeq=12 atr=0.001379 atrRatio=1.893 dir=NONE spread=26.0 spreadOK=YES atrGate=PASS touch=FAIL momCandle= zeroRangeBar=NO trigger=NO hasPos=NO portRisk=0.49% openPos=1 | 1.372200
OO	0	10:04:42.942	Cazyxio_v4.3 (EURUSD,M15)	2026.03.19 16:04:42 | GATE_FAIL | USDCAD | No directional bias. h4slope=UP closeNow=1.37220 h4ema200=1.36712 dailyEMA200=1.38082
FG	0	10:07:03.839	Cazyxio_v4.3 (EURUSD,M15)	2026.03.19 16:07:03 | GATE_FAIL | GBPUSD | CopyBuffer failed for Daily EMA200.
LQ	0	10:07:12.509	Cazyxio_v4.3 (EURUSD,M15)	2026.03.19 16:07:12 | HEARTBEAT | SYSTEM | EA alive. Tick=230300 Equity=44637.06 OpenPos=1 PendingOrders=0 UTC=2026.03.19 16:07 DayOfWeek=4 WeekendCloseActive=NO NewTradeBlocked=NO | 230300.000000
QP	0	10:07:58.419	Cazyxio_v4.3 (EURUSD,M15)	2026.03.19 16:07:58 | HEARTBEAT | SYSTEM | EA alive. Tick=230400 Equity=44681.22 OpenPos=1 PendingOrders=0 UTC=2026.03.19 16:07 DayOfWeek=4 WeekendCloseActive=NO NewTradeBlocked=NO | 230400.000000
OR	0	10:08:46.531	Cazyxio_v4.3 (EURUSD,M15)	2026.03.19 16:08:46 | HEARTBEAT | SYSTEM | EA alive. Tick=230500 Equity=44627.86 OpenPos=1 PendingOrders=0 UTC=2026.03.19 16:08 DayOfWeek=4 WeekendCloseActive=NO NewTradeBlocked=NO | 230500.000000
JL	0	10:09:29.206	Cazyxio_v4.3 (EURUSD,M15)	2026.03.19 16:09:29 | HEARTBEAT | SYSTEM | EA alive. Tick=230600 Equity=44603.94 OpenPos=1 PendingOrders=0 UTC=2026.03.19 16:09 DayOfWeek=4 WeekendCloseActive=NO NewTradeBlocked=NO | 230600.000000
DN	0	10:10:05.083	Cazyxio_v4.3 (EURUSD,M15)	2026.03.19 16:10:05 | HEARTBEAT | SYSTEM | EA alive. Tick=230700 Equity=44627.86 OpenPos=1 PendingOrders=0 UTC=2026.03.19 16:10 DayOfWeek=4 WeekendCloseActive=NO NewTradeBlocked=NO | 230700.000000
EI	0	10:10:34.218	Cazyxio_v4.3 (EURUSD,M15)	2026.03.19 16:10:34 | HEARTBEAT | SYSTEM | EA alive. Tick=230800 Equity=44614.98 OpenPos=1 PendingOrders=0 UTC=2026.03.19 16:10 DayOfWeek=4 WeekendCloseActive=NO NewTradeBlocked=NO | 230800.000000
CK	0	10:11:01.837	Cazyxio_v4.3 (EURUSD,M15)	2026.03.19 16:11:01 | HEARTBEAT | SYSTEM | EA alive. Tick=230900 Equity=44599.34 OpenPos=1 PendingOrders=0 UTC=2026.03.19 16:11 DayOfWeek=4 WeekendCloseActive=NO NewTradeBlocked=NO | 230900.000000
RE	0	10:11:31.258	Cazyxio_v4.3 (EURUSD,M15)	2026.03.19 16:11:31 | HEARTBEAT | SYSTEM | EA alive. Tick=231000 Equity=44634.30 OpenPos=1 PendingOrders=0 UTC=2026.03.19 16:11 DayOfWeek=4 WeekendCloseActive=NO NewTradeBlocked=NO | 231000.000000
KG	0	10:12:08.048	Cazyxio_v4.3 (EURUSD,M15)	2026.03.19 16:12:08 | HEARTBEAT | SYSTEM | EA alive. Tick=231100 Equity=44620.50 OpenPos=1 PendingOrders=0 UTC=2026.03.19 16:12 DayOfWeek=4 WeekendCloseActive=NO NewTradeBlocked=NO | 231100.000000
IF	0	10:12:41.354	Cazyxio_v4.3 (EURUSD,M15)	2026.03.19 16:12:41 | HEARTBEAT | SYSTEM | EA alive. Tick=231200 Equity=44651.78 OpenPos=1 PendingOrders=0 UTC=2026.03.19 16:12 DayOfWeek=4 WeekendCloseActive=NO NewTradeBlocked=NO | 231200.000000
DP	0	10:13:23.873	Cazyxio_v4.3 (EURUSD,M15)	2026.03.19 16:13:23 | HEARTBEAT | SYSTEM | EA alive. Tick=231300 Equity=44630.62 OpenPos=1 PendingOrders=0 UTC=2026.03.19 16:13 DayOfWeek=4 WeekendCloseActive=NO NewTradeBlocked=NO | 231300.000000
RR	0	10:14:01.690	Cazyxio_v4.3 (EURUSD,M15)	2026.03.19 16:14:01 | HEARTBEAT | SYSTEM | EA alive. Tick=231400 Equity=44606.70 OpenPos=1 PendingOrders=0 UTC=2026.03.19 16:14 DayOfWeek=4 WeekendCloseActive=NO NewTradeBlocked=NO | 231400.000000
ML	0	10:14:45.499	Cazyxio_v4.3 (EURUSD,M15)	2026.03.19 16:14:45 | HEARTBEAT | SYSTEM | EA alive. Tick=231500 Equity=44609.46 OpenPos=1 PendingOrders=0 UTC=2026.03.19 16:14 DayOfWeek=4 WeekendCloseActive=NO NewTradeBlocked=NO | 231500.000000
FO	0	10:17:22.634	Cazyxio_v4.3 (EURUSD,M15)	2026.03.19 16:17:22 | GATE_FAIL | EURUSD | CopyBuffer failed for Daily EMA200.
PN	0	10:19:43.035	Cazyxio_v4.3 (EURUSD,M15)	2026.03.19 16:19:43 | GATE_FAIL | USDJPY | CopyBuffer failed for Daily EMA200.
DO	0	10:19:43.036	Cazyxio_v4.3 (EURUSD,M15)	2026.03.19 16:19:43 | BAR | AUDUSD | close=0.70438 h4ema200=0.70254 h4slope=UP dailyEMA200=0.67176 adx=20.3 ema50=0.70380 distToEMA50=5.8pips touchSeq=10 atr=0.001793 atrRatio=1.944 dir=LONG spread=20.0 spreadOK=YES atrGate=PASS touch=PASS momCandle=momClosePos=0.595 momOk=N ema50Ok=Y barRange=0.001850 zeroRangeBar=NO trigger=NO hasPos=YES portRisk=0.49% openPos=1 | 0.704380
CM	0	10:19:43.036	Cazyxio_v4.3 (EURUSD,M15)	2026.03.19 16:19:43 | POSITION_HEALTH | AUDUSD | ticket=4557363 dir=LONG openPrice=0.70361 curPrice=0.70436 unrealPnL=69.00 curR=0.313 MFE=22.4pips MAE=4.5pips timeOpen=112min SL=0.70121 TP=0.71200
MP	0	10:19:43.036	Cazyxio_v4.3 (EURUSD,M15)	2026.03.19 16:19:43 | TRAIL_SKIP | AUDUSD | Trail not yet active. ProfitDist=0.00075 ActivateAt=0.00359 ticket=4557363
GP	0	10:19:43.036	Cazyxio_v4.3 (EURUSD,M15)	2026.03.19 16:19:43 | BAR | GBPJPY | close=211.327 h4ema200=211.036 h4slope=UP dailyEMA200=205.051 adx=17.7 ema50=211.500 distToEMA50=17.3pips touchSeq=8 atr=0.263929 atrRatio=1.639 dir=LONG spread=43.0 spreadOK=NO atrGate=PASS touch=PASS momCandle=momClosePos=0.433 momOk=N ema50Ok=Y barRange=0.187000 zeroRangeBar=NO trigger=NO hasPos=NO portRisk=0.49% openPos=1 | 211.327000
GE	0	10:19:43.036	Cazyxio_v4.3 (EURUSD,M15)	2026.03.19 16:19:43 | GATE_FAIL | GBPJPY | Spread too wide. Spread=43.0 Max=30 points.
MK	0	10:19:43.036	Cazyxio_v4.3 (EURUSD,M15)	2026.03.19 16:19:43 | BAR | USDCAD | close=1.37178 h4ema200=1.36712 h4slope=UP dailyEMA200=1.38082 adx=36.6 ema50=1.37277 distToEMA50=9.9pips touchSeq=12 atr=0.001344 atrRatio=1.834 dir=NONE spread=27.0 spreadOK=YES atrGate=PASS touch=FAIL momCandle= zeroRangeBar=NO trigger=NO hasPos=NO portRisk=0.49% openPos=1 | 1.371780
GF	0	10:19:43.036	Cazyxio_v4.3 (EURUSD,M15)	2026.03.19 16:19:43 | GATE_FAIL | USDCAD | No directional bias. h4slope=UP closeNow=1.37178 h4ema200=1.36712 dailyEMA200=1.38082
HN	0	10:22:04.321	Cazyxio_v4.3 (EURUSD,M15)	2026.03.19 16:22:04 | GATE_FAIL | GBPUSD | CopyBuffer failed for Daily EMA200.
IN	0	10:22:27.015	Cazyxio_v4.3 (EURUSD,M15)	2026.03.19 16:22:27 | HEARTBEAT | SYSTEM | EA alive. Tick=231600 Equity=44644.42 OpenPos=1 PendingOrders=0 UTC=2026.03.19 16:22 DayOfWeek=4 WeekendCloseActive=NO NewTradeBlocked=NO | 231600.000000
CH	0	10:23:09.211	Cazyxio_v4.3 (EURUSD,M15)	2026.03.19 16:23:09 | HEARTBEAT | SYSTEM | EA alive. Tick=231700 Equity=44612.22 OpenPos=1 PendingOrders=0 UTC=2026.03.19 16:23 DayOfWeek=4 WeekendCloseActive=NO NewTradeBlocked=NO | 231700.000000
EK	0	10:23:57.552	Cazyxio_v4.3 (EURUSD,M15)	2026.03.19 16:23:57 | HEARTBEAT | SYSTEM | EA alive. Tick=231800 Equity=44648.10 OpenPos=1 PendingOrders=0 UTC=2026.03.19 16:23 DayOfWeek=4 WeekendCloseActive=NO NewTradeBlocked=NO | 231800.000000
JE	0	10:24:35.478	Cazyxio_v4.3 (EURUSD,M15)	2026.03.19 16:24:35 | HEARTBEAT | SYSTEM | EA alive. Tick=231900 Equity=44655.46 OpenPos=1 PendingOrders=0 UTC=2026.03.19 16:24 DayOfWeek=4 WeekendCloseActive=NO NewTradeBlocked=NO | 231900.000000
GG	0	10:25:14.925	Cazyxio_v4.3 (EURUSD,M15)	2026.03.19 16:25:14 | HEARTBEAT | SYSTEM | EA alive. Tick=232000 Equity=44668.34 OpenPos=1 PendingOrders=0 UTC=2026.03.19 16:25 DayOfWeek=4 WeekendCloseActive=NO NewTradeBlocked=NO | 232000.000000
KQ	0	10:26:04.367	Cazyxio_v4.3 (EURUSD,M15)	2026.03.19 16:26:04 | HEARTBEAT | SYSTEM | EA alive. Tick=232100 Equity=44670.18 OpenPos=1 PendingOrders=0 UTC=2026.03.19 16:26 DayOfWeek=4 WeekendCloseActive=NO NewTradeBlocked=NO | 232100.000000
NP	0	10:26:58.420	Cazyxio_v4.3 (EURUSD,M15)	2026.03.19 16:26:58 | HEARTBEAT | SYSTEM | EA alive. Tick=232200 Equity=44676.62 OpenPos=1 PendingOrders=0 UTC=2026.03.19 16:26 DayOfWeek=4 WeekendCloseActive=NO NewTradeBlocked=NO | 232200.000000
GR	0	10:27:56.691	Cazyxio_v4.3 (EURUSD,M15)	2026.03.19 16:27:56 | HEARTBEAT | SYSTEM | EA alive. Tick=232300 Equity=44671.10 OpenPos=1 PendingOrders=0 UTC=2026.03.19 16:27 DayOfWeek=4 WeekendCloseActive=NO NewTradeBlocked=NO | 232300.000000
QL	0	10:28:47.515	Cazyxio_v4.3 (EURUSD,M15)	2026.03.19 16:28:47 | HEARTBEAT | SYSTEM | EA alive. Tick=232400 Equity=44657.30 OpenPos=1 PendingOrders=0 UTC=2026.03.19 16:28 DayOfWeek=4 WeekendCloseActive=NO NewTradeBlocked=NO | 232400.000000
GN	0	10:29:34.777	Cazyxio_v4.3 (EURUSD,M15)	2026.03.19 16:29:34 | HEARTBEAT | SYSTEM | EA alive. Tick=232500 Equity=44672.94 OpenPos=1 PendingOrders=0 UTC=2026.03.19 16:29 DayOfWeek=4 WeekendCloseActive=NO NewTradeBlocked=NO | 232500.000000
KI	0	10:32:22.587	Cazyxio_v4.3 (EURUSD,M15)	2026.03.19 16:32:22 | GATE_FAIL | EURUSD | CopyBuffer failed for Daily EMA200.
FH	0	10:34:42.923	Cazyxio_v4.3 (EURUSD,M15)	2026.03.19 16:34:42 | GATE_FAIL | USDJPY | CopyBuffer failed for Daily EMA200.
NG	0	10:34:42.923	Cazyxio_v4.3 (EURUSD,M15)	2026.03.19 16:34:42 | BAR | AUDUSD | close=0.70486 h4ema200=0.70255 h4slope=UP dailyEMA200=0.67176 adx=20.3 ema50=0.70386 distToEMA50=10.0pips touchSeq=11 atr=0.001724 atrRatio=1.855 dir=LONG spread=21.0 spreadOK=YES atrGate=PASS touch=PASS momCandle=momClosePos=0.746 momOk=Y ema50Ok=Y barRange=0.001180 zeroRangeBar=NO trigger=YES hasPos=YES portRisk=0.49% openPos=1 | 0.704860
KP	0	10:34:42.923	Cazyxio_v4.3 (EURUSD,M15)	2026.03.19 16:34:42 | POSITION_HEALTH | AUDUSD | ticket=4557363 dir=LONG openPrice=0.70361 curPrice=0.70488 unrealPnL=116.84 curR=0.530 MFE=22.4pips MAE=4.5pips timeOpen=127min SL=0.70121 TP=0.71200
NR	0	10:34:42.923	Cazyxio_v4.3 (EURUSD,M15)	2026.03.19 16:34:42 | TRAIL_SKIP | AUDUSD | Trail not yet active. ProfitDist=0.00127 ActivateAt=0.00359 ticket=4557363
PQ	0	10:34:42.923	Cazyxio_v4.3 (EURUSD,M15)	2026.03.19 16:34:42 | BAR | GBPJPY | close=211.355 h4ema200=211.036 h4slope=UP dailyEMA200=205.051 adx=17.7 ema50=211.494 distToEMA50=13.9pips touchSeq=9 atr=0.258714 atrRatio=1.595 dir=LONG spread=45.0 spreadOK=NO atrGate=PASS touch=PASS momCandle=momClosePos=0.448 momOk=N ema50Ok=Y barRange=0.163000 zeroRangeBar=NO trigger=NO hasPos=NO portRisk=0.49% openPos=1 | 211.355000
DJ	0	10:34:42.923	Cazyxio_v4.3 (EURUSD,M15)	2026.03.19 16:34:42 | GATE_FAIL | GBPJPY | Spread too wide. Spread=45.0 Max=30 points.
RF	0	10:34:42.923	Cazyxio_v4.3 (EURUSD,M15)	2026.03.19 16:34:42 | BAR | USDCAD | close=1.37130 h4ema200=1.36712 h4slope=UP dailyEMA200=1.38082 adx=36.6 ema50=1.37269 distToEMA50=13.9pips touchSeq=12 atr=0.001320 atrRatio=1.791 dir=NONE spread=27.0 spreadOK=YES atrGate=PASS touch=FAIL momCandle= zeroRangeBar=NO trigger=NO hasPos=NO portRisk=0.49% openPos=1 | 1.371300
PD	0	10:34:42.923	Cazyxio_v4.3 (EURUSD,M15)	2026.03.19 16:34:42 | GATE_FAIL | USDCAD | No directional bias. h4slope=UP closeNow=1.37130 h4ema200=1.36712 dailyEMA200=1.38082
MH	0	10:37:03.711	Cazyxio_v4.3 (EURUSD,M15)	2026.03.19 16:37:03 | GATE_FAIL | GBPUSD | CopyBuffer failed for Daily EMA200.
PI	0	10:37:13.156	Cazyxio_v4.3 (EURUSD,M15)	2026.03.19 16:37:13 | HEARTBEAT | SYSTEM | EA alive. Tick=232600 Equity=44630.62 OpenPos=1 PendingOrders=0 UTC=2026.03.19 16:37 DayOfWeek=4 WeekendCloseActive=NO NewTradeBlocked=NO | 232600.000000
IK	0	10:38:04.330	Cazyxio_v4.3 (EURUSD,M15)	2026.03.19 16:38:04 | HEARTBEAT | SYSTEM | EA alive. Tick=232700 Equity=44621.42 OpenPos=1 PendingOrders=0 UTC=2026.03.19 16:38 DayOfWeek=4 WeekendCloseActive=NO NewTradeBlocked=NO | 232700.000000
DE	0	10:39:00.197	Cazyxio_v4.3 (EURUSD,M15)	2026.03.19 16:39:00 | HEARTBEAT | SYSTEM | EA alive. Tick=232800 Equity=44639.82 OpenPos=1 PendingOrders=0 UTC=2026.03.19 16:39 DayOfWeek=4 WeekendCloseActive=NO NewTradeBlocked=NO | 232800.000000
NG	0	10:39:46.974	Cazyxio_v4.3 (EURUSD,M15)	2026.03.19 16:39:46 | HEARTBEAT | SYSTEM | EA alive. Tick=232900 Equity=44651.78 OpenPos=1 PendingOrders=0 UTC=2026.03.19 16:39 DayOfWeek=4 WeekendCloseActive=NO NewTradeBlocked=NO | 232900.000000
QF	0	10:40:37.836	Cazyxio_v4.3 (EURUSD,M15)	2026.03.19 16:40:37 | HEARTBEAT | SYSTEM | EA alive. Tick=233000 Equity=44680.30 OpenPos=1 PendingOrders=0 UTC=2026.03.19 16:40 DayOfWeek=4 WeekendCloseActive=NO NewTradeBlocked=NO | 233000.000000
JP	0	10:41:21.591	Cazyxio_v4.3 (EURUSD,M15)	2026.03.19 16:41:21 | HEARTBEAT | SYSTEM | EA alive. Tick=233100 Equity=44685.82 OpenPos=1 PendingOrders=0 UTC=2026.03.19 16:41 DayOfWeek=4 WeekendCloseActive=NO NewTradeBlocked=NO | 233100.000000
FR	0	10:42:23.661	Cazyxio_v4.3 (EURUSD,M15)	2026.03.19 16:42:23 | HEARTBEAT | SYSTEM | EA alive. Tick=233200 Equity=44710.66 OpenPos=1 PendingOrders=0 UTC=2026.03.19 16:42 DayOfWeek=4 WeekendCloseActive=NO NewTradeBlocked=NO | 233200.000000
QL	0	10:43:11.342	Cazyxio_v4.3 (EURUSD,M15)	2026.03.19 16:43:11 | HEARTBEAT | SYSTEM | EA alive. Tick=233300 Equity=44674.78 OpenPos=1 PendingOrders=0 UTC=2026.03.19 16:43 DayOfWeek=4 WeekendCloseActive=NO NewTradeBlocked=NO | 233300.000000
HO	0	10:44:18.557	Cazyxio_v4.3 (EURUSD,M15)	2026.03.19 16:44:18 | HEARTBEAT | SYSTEM | EA alive. Tick=233400 Equity=44662.82 OpenPos=1 PendingOrders=0 UTC=2026.03.19 16:44 DayOfWeek=4 WeekendCloseActive=NO NewTradeBlocked=NO | 233400.000000
CH	0	10:47:22.616	Cazyxio_v4.3 (EURUSD,M15)	2026.03.19 16:47:22 | GATE_FAIL | GBPUSD | CopyBuffer failed for Daily EMA200.
QH	0	10:49:43.066	Cazyxio_v4.3 (EURUSD,M15)	2026.03.19 16:49:43 | GATE_FAIL | EURUSD | CopyBuffer failed for Daily EMA200.
GH	0	10:52:03.470	Cazyxio_v4.3 (EURUSD,M15)	2026.03.19 16:52:03 | GATE_FAIL | USDJPY | CopyBuffer failed for Daily EMA200.
FI	0	10:52:03.470	Cazyxio_v4.3 (EURUSD,M15)	2026.03.19 16:52:03 | BAR | AUDUSD | close=0.70494 h4ema200=0.70254 h4slope=UP dailyEMA200=0.67175 adx=20.3 ema50=0.70386 distToEMA50=10.8pips touchSeq=12 atr=0.001671 atrRatio=1.786 dir=LONG spread=20.0 spreadOK=YES atrGate=PASS touch=PASS momCandle=momClosePos=0.621 momOk=N ema50Ok=Y barRange=0.001160 zeroRangeBar=NO trigger=NO hasPos=YES portRisk=0.49% openPos=1 | 0.704940
FR	0	10:52:03.470	Cazyxio_v4.3 (EURUSD,M15)	2026.03.19 16:52:03 | POSITION_HEALTH | AUDUSD | ticket=4557363 dir=LONG openPrice=0.70361 curPrice=0.70385 unrealPnL=22.08 curR=0.100 MFE=22.4pips MAE=4.5pips timeOpen=144min SL=0.70121 TP=0.71200
MR	0	10:52:03.470	Cazyxio_v4.3 (EURUSD,M15)	2026.03.19 16:52:03 | TRAIL_SKIP | AUDUSD | Trail not yet active. ProfitDist=0.00024 ActivateAt=0.00359 ticket=4557363
QQ	0	10:52:03.470	Cazyxio_v4.3 (EURUSD,M15)	2026.03.19 16:52:03 | BAR | GBPJPY | close=211.305 h4ema200=211.034 h4slope=UP dailyEMA200=205.050 adx=17.7 ema50=211.482 distToEMA50=17.7pips touchSeq=10 atr=0.258929 atrRatio=1.586 dir=LONG spread=38.0 spreadOK=NO atrGate=PASS touch=PASS momCandle=momClosePos=0.535 momOk=N ema50Ok=Y barRange=0.155000 zeroRangeBar=NO trigger=NO hasPos=NO portRisk=0.49% openPos=1 | 211.305000
QK	0	10:52:03.470	Cazyxio_v4.3 (EURUSD,M15)	2026.03.19 16:52:03 | GATE_FAIL | GBPJPY | Spread too wide. Spread=38.0 Max=30 points.
JF	0	10:52:03.470	Cazyxio_v4.3 (EURUSD,M15)	2026.03.19 16:52:03 | BAR | USDCAD | close=1.37138 h4ema200=1.36713 h4slope=UP dailyEMA200=1.38083 adx=36.6 ema50=1.37270 distToEMA50=13.2pips touchSeq=12 atr=0.001384 atrRatio=1.864 dir=NONE spread=22.0 spreadOK=YES atrGate=PASS touch=FAIL momCandle= zeroRangeBar=NO trigger=NO hasPos=NO portRisk=0.49% openPos=1 | 1.371380
KD	0	10:52:03.470	Cazyxio_v4.3 (EURUSD,M15)	2026.03.19 16:52:03 | GATE_FAIL | USDCAD | No directional bias. h4slope=UP closeNow=1.37138 h4ema200=1.36713 dailyEMA200=1.38083
QI	0	10:52:16.861	Cazyxio_v4.3 (EURUSD,M15)	2026.03.19 16:52:16 | HEARTBEAT | SYSTEM | EA alive. Tick=233500 Equity=44568.98 OpenPos=1 PendingOrders=0 UTC=2026.03.19 16:52 DayOfWeek=4 WeekendCloseActive=NO NewTradeBlocked=NO | 233500.000000
GK	0	10:53:05.755	Cazyxio_v4.3 (EURUSD,M15)	2026.03.19 16:53:05 | HEARTBEAT | SYSTEM | EA alive. Tick=233600 Equity=44566.22 OpenPos=1 PendingOrders=0 UTC=2026.03.19 16:53 DayOfWeek=4 WeekendCloseActive=NO NewTradeBlocked=NO | 233600.000000
LE	0	10:53:52.349	Cazyxio_v4.3 (EURUSD,M15)	2026.03.19 16:53:52 | HEARTBEAT | SYSTEM | EA alive. Tick=233700 Equity=44566.22 OpenPos=1 PendingOrders=0 UTC=2026.03.19 16:53 DayOfWeek=4 WeekendCloseActive=NO NewTradeBlocked=NO | 233700.000000
HD	0	10:54:33.467	Cazyxio_v4.3 (EURUSD,M15)	2026.03.19 16:54:33 | HEARTBEAT | SYSTEM | EA alive. Tick=233800 Equity=44583.70 OpenPos=1 PendingOrders=0 UTC=2026.03.19 16:54 DayOfWeek=4 WeekendCloseActive=NO NewTradeBlocked=NO | 233800.000000
HF	0	10:55:24.976	Cazyxio_v4.3 (EURUSD,M15)	2026.03.19 16:55:24 | HEARTBEAT | SYSTEM | EA alive. Tick=233900 Equity=44620.50 OpenPos=1 PendingOrders=0 UTC=2026.03.19 16:55 DayOfWeek=4 WeekendCloseActive=NO NewTradeBlocked=NO | 233900.000000
DP	0	10:56:11.047	Cazyxio_v4.3 (EURUSD,M15)	2026.03.19 16:56:11 | HEARTBEAT | SYSTEM | EA alive. Tick=234000 Equity=44613.14 OpenPos=1 PendingOrders=0 UTC=2026.03.19 16:56 DayOfWeek=4 WeekendCloseActive=NO NewTradeBlocked=NO | 234000.000000
FR	0	10:56:56.351	Cazyxio_v4.3 (EURUSD,M15)	2026.03.19 16:56:56 | HEARTBEAT | SYSTEM | EA alive. Tick=234100 Equity=44628.78 OpenPos=1 PendingOrders=0 UTC=2026.03.19 16:56 DayOfWeek=4 WeekendCloseActive=NO NewTradeBlocked=NO | 234100.000000
GM	0	10:57:53.210	Cazyxio_v4.3 (EURUSD,M15)	2026.03.19 16:57:53 | HEARTBEAT | SYSTEM | EA alive. Tick=234200 Equity=44650.86 OpenPos=1 PendingOrders=0 UTC=2026.03.19 16:57 DayOfWeek=4 WeekendCloseActive=NO NewTradeBlocked=NO | 234200.000000
DO	0	10:58:36.476	Cazyxio_v4.3 (EURUSD,M15)	2026.03.19 16:58:36 | HEARTBEAT | SYSTEM | EA alive. Tick=234300 Equity=44631.54 OpenPos=1 PendingOrders=0 UTC=2026.03.19 16:58 DayOfWeek=4 WeekendCloseActive=NO NewTradeBlocked=NO | 234300.000000
RI	0	10:59:45.860	Cazyxio_v4.3 (EURUSD,M15)	2026.03.19 16:59:45 | HEARTBEAT | SYSTEM | EA alive. Tick=234400 Equity=44642.58 OpenPos=1 PendingOrders=0 UTC=2026.03.19 16:59 DayOfWeek=4 WeekendCloseActive=NO NewTradeBlocked=NO | 234400.000000
JJ	0	11:02:22.590	Cazyxio_v4.3 (EURUSD,M15)	2026.03.19 17:02:22 | GATE_FAIL | GBPUSD | CopyBuffer failed for Daily EMA200.
NK	0	11:04:42.935	Cazyxio_v4.3 (EURUSD,M15)	2026.03.19 17:04:42 | GATE_FAIL | EURUSD | CopyBuffer failed for Daily EMA200.
JJ	0	11:07:03.381	Cazyxio_v4.3 (EURUSD,M15)	2026.03.19 17:07:03 | GATE_FAIL | USDJPY | CopyBuffer failed for Daily EMA200.
NF	0	11:07:03.381	Cazyxio_v4.3 (EURUSD,M15)	2026.03.19 17:07:03 | BAR | AUDUSD | close=0.70463 h4ema200=0.70256 h4slope=UP dailyEMA200=0.67176 adx=18.5 ema50=0.70391 distToEMA50=7.2pips touchSeq=12 atr=0.001643 atrRatio=1.744 dir=LONG spread=19.0 spreadOK=YES atrGate=PASS touch=PASS momCandle=momClosePos=0.674 momOk=Y ema50Ok=Y barRange=0.001350 zeroRangeBar=NO trigger=YES hasPos=YES portRisk=0.49% openPos=1 | 0.704630
GQ	0	11:07:03.381	Cazyxio_v4.3 (EURUSD,M15)	2026.03.19 17:07:03 | POSITION_HEALTH | AUDUSD | ticket=4557363 dir=LONG openPrice=0.70361 curPrice=0.70436 unrealPnL=69.00 curR=0.313 MFE=22.4pips MAE=4.5pips timeOpen=159min SL=0.70121 TP=0.71200
LD	0	11:07:03.381	Cazyxio_v4.3 (EURUSD,M15)	2026.03.19 17:07:03 | TRAIL_SKIP | AUDUSD | Trail not yet active. ProfitDist=0.00075 ActivateAt=0.00359 ticket=4557363
JM	0	11:07:03.381	Cazyxio_v4.3 (EURUSD,M15)	2026.03.19 17:07:03 | BAR | GBPJPY | close=211.276 h4ema200=211.039 h4slope=UP dailyEMA200=205.052 adx=16.8 ema50=211.483 distToEMA50=20.7pips touchSeq=11 atr=0.243571 atrRatio=1.484 dir=LONG spread=46.0 spreadOK=NO atrGate=PASS touch=PASS momCandle=momClosePos=0.728 momOk=Y ema50Ok=Y barRange=0.158000 zeroRangeBar=NO trigger=YES hasPos=NO portRisk=0.49% openPos=1 | 211.276000
IH	0	11:07:03.381	Cazyxio_v4.3 (EURUSD,M15)	2026.03.19 17:07:03 | GATE_FAIL | GBPJPY | Spread too wide. Spread=46.0 Max=30 points.
QG	0	11:07:03.381	Cazyxio_v4.3 (EURUSD,M15)	2026.03.19 17:07:03 | BAR | USDCAD | close=1.37274 h4ema200=1.36719 h4slope=UP dailyEMA200=1.38083 adx=33.5 ema50=1.37270 distToEMA50=0.4pips touchSeq=12 atr=0.001380 atrRatio=1.847 dir=NONE spread=27.0 spreadOK=YES atrGate=PASS touch=FAIL momCandle= zeroRangeBar=NO trigger=NO hasPos=NO portRisk=0.49% openPos=1 | 1.372740
IR	0	11:07:03.381	Cazyxio_v4.3 (EURUSD,M15)	2026.03.19 17:07:03 | GATE_FAIL | USDCAD | No directional bias. h4slope=UP closeNow=1.37274 h4ema200=1.36719 dailyEMA200=1.38083
CK	0	11:07:33.067	Cazyxio_v4.3 (EURUSD,M15)	2026.03.19 17:07:33 | HEARTBEAT | SYSTEM | EA alive. Tick=234500 Equity=44612.22 OpenPos=1 PendingOrders=0 UTC=2026.03.19 17:07 DayOfWeek=4 WeekendCloseActive=NO NewTradeBlocked=NO | 234500.000000
LE	0	11:08:32.949	Cazyxio_v4.3 (EURUSD,M15)	2026.03.19 17:08:32 | HEARTBEAT | SYSTEM | EA alive. Tick=234600 Equity=44600.26 OpenPos=1 PendingOrders=0 UTC=2026.03.19 17:08 DayOfWeek=4 WeekendCloseActive=NO NewTradeBlocked=NO | 234600.000000
GD	0	11:09:15.586	Cazyxio_v4.3 (EURUSD,M15)	2026.03.19 17:09:15 | HEARTBEAT | SYSTEM | EA alive. Tick=234700 Equity=44568.06 OpenPos=1 PendingOrders=0 UTC=2026.03.19 17:09 DayOfWeek=4 WeekendCloseActive=NO NewTradeBlocked=NO | 234700.000000
MF	0	11:10:04.083	Cazyxio_v4.3 (EURUSD,M15)	2026.03.19 17:10:04 | HEARTBEAT | SYSTEM | EA alive. Tick=234800 Equity=44580.02 OpenPos=1 PendingOrders=0 UTC=2026.03.19 17:10 DayOfWeek=4 WeekendCloseActive=NO NewTradeBlocked=NO | 234800.000000
GP	0	11:10:59.326	Cazyxio_v4.3 (EURUSD,M15)	2026.03.19 17:10:59 | HEARTBEAT | SYSTEM | EA alive. Tick=234900 Equity=44575.42 OpenPos=1 PendingOrders=0 UTC=2026.03.19 17:10 DayOfWeek=4 WeekendCloseActive=NO NewTradeBlocked=NO | 234900.000000
DR	0	11:12:01.164	Cazyxio_v4.3 (EURUSD,M15)	2026.03.19 17:12:01 | HEARTBEAT | SYSTEM | EA alive. Tick=235000 Equity=44588.30 OpenPos=1 PendingOrders=0 UTC=2026.03.19 17:12 DayOfWeek=4 WeekendCloseActive=NO NewTradeBlocked=NO | 235000.000000
HM	0	11:13:02.733	Cazyxio_v4.3 (EURUSD,M15)	2026.03.19 17:13:02 | HEARTBEAT | SYSTEM | EA alive. Tick=235100 Equity=44594.74 OpenPos=1 PendingOrders=0 UTC=2026.03.19 17:13 DayOfWeek=4 WeekendCloseActive=NO NewTradeBlocked=NO | 235100.000000
PO	0	11:14:07.215	Cazyxio_v4.3 (EURUSD,M15)	2026.03.19 17:14:07 | HEARTBEAT | SYSTEM | EA alive. Tick=235200 Equity=44587.38 OpenPos=1 PendingOrders=0 UTC=2026.03.19 17:14 DayOfWeek=4 WeekendCloseActive=NO NewTradeBlocked=NO | 235200.000000
GH	0	11:17:23.823	Cazyxio_v4.3 (EURUSD,M15)	2026.03.19 17:17:23 | GATE_FAIL | GBPUSD | CopyBuffer failed for Daily EMA200.
FI	0	11:19:44.188	Cazyxio_v4.3 (EURUSD,M15)	2026.03.19 17:19:44 | GATE_FAIL | EURUSD | CopyBuffer failed for Daily EMA200.
LH	0	11:22:04.637	Cazyxio_v4.3 (EURUSD,M15)	2026.03.19 17:22:04 | GATE_FAIL | USDJPY | CopyBuffer failed for Daily EMA200.
EI	0	11:22:04.637	Cazyxio_v4.3 (EURUSD,M15)	2026.03.19 17:22:04 | BAR | AUDUSD | close=0.70417 h4ema200=0.70257 h4slope=UP dailyEMA200=0.67177 adx=18.5 ema50=0.70396 distToEMA50=2.1pips touchSeq=12 atr=0.001553 atrRatio=1.637 dir=LONG spread=19.0 spreadOK=YES atrGate=PASS touch=PASS momCandle=momClosePos=0.375 momOk=N ema50Ok=Y barRange=0.001280 zeroRangeBar=NO trigger=NO hasPos=YES portRisk=0.49% openPos=1 | 0.704170
EP	0	11:22:04.637	Cazyxio_v4.3 (EURUSD,M15)	2026.03.19 17:22:04 | POSITION_HEALTH | AUDUSD | ticket=4557363 dir=LONG openPrice=0.70361 curPrice=0.70539 unrealPnL=163.76 curR=0.743 MFE=22.4pips MAE=4.5pips timeOpen=174min SL=0.70121 TP=0.71200
RR	0	11:22:04.637	Cazyxio_v4.3 (EURUSD,M15)	2026.03.19 17:22:04 | TRAIL_SKIP | AUDUSD | Trail not yet active. ProfitDist=0.00178 ActivateAt=0.00359 ticket=4557363
HL	0	11:22:04.637	Cazyxio_v4.3 (EURUSD,M15)	2026.03.19 17:22:04 | BAR | GBPJPY | close=211.420 h4ema200=211.040 h4slope=UP dailyEMA200=205.053 adx=16.8 ema50=211.482 distToEMA50=6.2pips touchSeq=12 atr=0.231643 atrRatio=1.405 dir=LONG spread=45.0 spreadOK=NO atrGate=PASS touch=PASS momCandle=momClosePos=0.766 momOk=Y ema50Ok=Y barRange=0.197000 zeroRangeBar=NO trigger=YES hasPos=NO portRisk=0.49% openPos=1 | 211.420000
LJ	0	11:22:04.637	Cazyxio_v4.3 (EURUSD,M15)	2026.03.19 17:22:04 | GATE_FAIL | GBPJPY | Spread too wide. Spread=45.0 Max=30 points.
GE	0	11:22:04.637	Cazyxio_v4.3 (EURUSD,M15)	2026.03.19 17:22:04 | BAR | USDCAD | close=1.37276 h4ema200=1.36718 h4slope=UP dailyEMA200=1.38082 adx=33.5 ema50=1.37267 distToEMA50=0.9pips touchSeq=12 atr=0.001318 atrRatio=1.754 dir=NONE spread=26.0 spreadOK=YES atrGate=PASS touch=FAIL momCandle= zeroRangeBar=NO trigger=NO hasPos=NO portRisk=0.49% openPos=1 | 1.372760
KD	0	11:22:04.637	Cazyxio_v4.3 (EURUSD,M15)	2026.03.19 17:22:04 | GATE_FAIL | USDCAD | No directional bias. h4slope=UP closeNow=1.37276 h4ema200=1.36718 dailyEMA200=1.38082
PI	0	11:22:09.432	Cazyxio_v4.3 (EURUSD,M15)	2026.03.19 17:22:09 | HEARTBEAT | SYSTEM | EA alive. Tick=235300 Equity=44715.26 OpenPos=1 PendingOrders=0 UTC=2026.03.19 17:22 DayOfWeek=4 WeekendCloseActive=NO NewTradeBlocked=NO | 235300.000000
DK	0	11:22:57.335	Cazyxio_v4.3 (EURUSD,M15)	2026.03.19 17:22:57 | HEARTBEAT | SYSTEM | EA alive. Tick=235400 Equity=44703.30 OpenPos=1 PendingOrders=0 UTC=2026.03.19 17:22 DayOfWeek=4 WeekendCloseActive=NO NewTradeBlocked=NO | 235400.000000
KE	0	11:23:49.458	Cazyxio_v4.3 (EURUSD,M15)	2026.03.19 17:23:49 | HEARTBEAT | SYSTEM | EA alive. Tick=235500 Equity=44715.26 OpenPos=1 PendingOrders=0 UTC=2026.03.19 17:23 DayOfWeek=4 WeekendCloseActive=NO NewTradeBlocked=NO | 235500.000000
FD	0	11:24:50.841	Cazyxio_v4.3 (EURUSD,M15)	2026.03.19 17:24:50 | HEARTBEAT | SYSTEM | EA alive. Tick=235600 Equity=44718.94 OpenPos=1 PendingOrders=0 UTC=2026.03.19 17:24 DayOfWeek=4 WeekendCloseActive=NO NewTradeBlocked=NO | 235600.000000
CF	0	11:25:36.989	Cazyxio_v4.3 (EURUSD,M15)	2026.03.19 17:25:36 | HEARTBEAT | SYSTEM | EA alive. Tick=235700 Equity=44726.30 OpenPos=1 PendingOrders=0 UTC=2026.03.19 17:25 DayOfWeek=4 WeekendCloseActive=NO NewTradeBlocked=NO | 235700.000000
DP	0	11:26:25.046	Cazyxio_v4.3 (EURUSD,M15)	2026.03.19 17:26:25 | HEARTBEAT | SYSTEM | EA alive. Tick=235800 Equity=44735.50 OpenPos=1 PendingOrders=0 UTC=2026.03.19 17:26 DayOfWeek=4 WeekendCloseActive=NO NewTradeBlocked=NO | 235800.000000
RR	0	11:27:21.197	Cazyxio_v4.3 (EURUSD,M15)	2026.03.19 17:27:21 | HEARTBEAT | SYSTEM | EA alive. Tick=235900 Equity=44750.22 OpenPos=1 PendingOrders=0 UTC=2026.03.19 17:27 DayOfWeek=4 WeekendCloseActive=NO NewTradeBlocked=NO | 235900.000000
RM	0	11:28:20.023	Cazyxio_v4.3 (EURUSD,M15)	2026.03.19 17:28:20 | HEARTBEAT | SYSTEM | EA alive. Tick=236000 Equity=44758.50 OpenPos=1 PendingOrders=0 UTC=2026.03.19 17:28 DayOfWeek=4 WeekendCloseActive=NO NewTradeBlocked=NO | 236000.000000
QO	0	11:29:16.947	Cazyxio_v4.3 (EURUSD,M15)	2026.03.19 17:29:16 | HEARTBEAT | SYSTEM | EA alive. Tick=236100 Equity=44741.02 OpenPos=1 PendingOrders=0 UTC=2026.03.19 17:29 DayOfWeek=4 WeekendCloseActive=NO NewTradeBlocked=NO | 236100.000000
QI	0	11:32:22.613	Cazyxio_v4.3 (EURUSD,M15)	2026.03.19 17:32:22 | GATE_FAIL | EURUSD | CopyBuffer failed for Daily EMA200.
JI	0	11:34:43.037	Cazyxio_v4.3 (EURUSD,M15)	2026.03.19 17:34:43 | GATE_FAIL | USDJPY | CopyBuffer failed for Daily EMA200.
DG	0	11:34:43.037	Cazyxio_v4.3 (EURUSD,M15)	2026.03.19 17:34:43 | BAR | AUDUSD | close=0.70562 h4ema200=0.70257 h4slope=UP dailyEMA200=0.67177 adx=18.5 ema50=0.70403 distToEMA50=15.9pips touchSeq=12 atr=0.001503 atrRatio=1.574 dir=LONG spread=17.0 spreadOK=YES atrGate=PASS touch=PASS momCandle=momClosePos=0.826 momOk=Y ema50Ok=Y barRange=0.001900 zeroRangeBar=NO trigger=YES hasPos=YES portRisk=0.49% openPos=1 | 0.705620
OP	0	11:34:43.037	Cazyxio_v4.3 (EURUSD,M15)	2026.03.19 17:34:43 | POSITION_HEALTH | AUDUSD | ticket=4557363 dir=LONG openPrice=0.70361 curPrice=0.70542 unrealPnL=166.52 curR=0.755 MFE=22.4pips MAE=4.5pips timeOpen=187min SL=0.70121 TP=0.71200
FQ	0	11:34:43.037	Cazyxio_v4.3 (EURUSD,M15)	2026.03.19 17:34:43 | TRAIL_SKIP | AUDUSD | Trail not yet active. ProfitDist=0.00181 ActivateAt=0.00359 ticket=4557363
IL	0	11:34:43.037	Cazyxio_v4.3 (EURUSD,M15)	2026.03.19 17:34:43 | BAR | GBPJPY | close=211.505 h4ema200=211.039 h4slope=UP dailyEMA200=205.053 adx=16.8 ema50=211.483 distToEMA50=2.2pips touchSeq=12 atr=0.213429 atrRatio=1.290 dir=LONG spread=41.0 spreadOK=NO atrGate=PASS touch=PASS momCandle=momClosePos=0.790 momOk=Y ema50Ok=Y barRange=0.105000 zeroRangeBar=NO trigger=YES hasPos=NO portRisk=0.49% openPos=1 | 211.505000
JJ	0	11:34:43.037	Cazyxio_v4.3 (EURUSD,M15)	2026.03.19 17:34:43 | GATE_FAIL | GBPJPY | Spread too wide. Spread=41.0 Max=30 points.
QJ	0	11:34:43.037	Cazyxio_v4.3 (EURUSD,M15)	2026.03.19 17:34:43 | BAR | USDCAD | close=1.37183 h4ema200=1.36719 h4slope=UP dailyEMA200=1.38083 adx=33.5 ema50=1.37267 distToEMA50=8.4pips touchSeq=12 atr=0.001354 atrRatio=1.791 dir=NONE spread=22.0 spreadOK=YES atrGate=PASS touch=FAIL momCandle= zeroRangeBar=NO trigger=NO hasPos=NO portRisk=0.49% openPos=1 | 1.371830
NG	0	11:34:43.037	Cazyxio_v4.3 (EURUSD,M15)	2026.03.19 17:34:43 | GATE_FAIL | USDCAD | No directional bias. h4slope=UP closeNow=1.37183 h4ema200=1.36719 dailyEMA200=1.38083
HO	0	11:37:03.473	Cazyxio_v4.3 (EURUSD,M15)	2026.03.19 17:37:03 | GATE_FAIL | GBPUSD | CopyBuffer failed for Daily EMA200.
FI	0	11:37:31.567	Cazyxio_v4.3 (EURUSD,M15)	2026.03.19 17:37:31 | HEARTBEAT | SYSTEM | EA alive. Tick=236200 Equity=44717.10 OpenPos=1 PendingOrders=0 UTC=2026.03.19 17:37 DayOfWeek=4 WeekendCloseActive=NO NewTradeBlocked=NO | 236200.000000
OK	0	11:38:44.660	Cazyxio_v4.3 (EURUSD,M15)	2026.03.19 17:38:44 | HEARTBEAT | SYSTEM | EA alive. Tick=236300 Equity=44706.98 OpenPos=1 PendingOrders=0 UTC=2026.03.19 17:38 DayOfWeek=4 WeekendCloseActive=NO NewTradeBlocked=NO | 236300.000000
FJ	0	11:40:13.894	Cazyxio_v4.3 (EURUSD,M15)	2026.03.19 17:40:13 | HEARTBEAT | SYSTEM | EA alive. Tick=236400 Equity=44682.14 OpenPos=1 PendingOrders=0 UTC=2026.03.19 17:40 DayOfWeek=4 WeekendCloseActive=NO NewTradeBlocked=NO | 236400.000000
LD	0	11:41:21.277	Cazyxio_v4.3 (EURUSD,M15)	2026.03.19 17:41:21 | HEARTBEAT | SYSTEM | EA alive. Tick=236500 Equity=44667.42 OpenPos=1 PendingOrders=0 UTC=2026.03.19 17:41 DayOfWeek=4 WeekendCloseActive=NO NewTradeBlocked=NO | 236500.000000
QF	0	11:42:47.601	Cazyxio_v4.3 (EURUSD,M15)	2026.03.19 17:42:47 | HEARTBEAT | SYSTEM | EA alive. Tick=236600 Equity=44673.86 OpenPos=1 PendingOrders=0 UTC=2026.03.19 17:42 DayOfWeek=4 WeekendCloseActive=NO NewTradeBlocked=NO | 236600.000000
RP	0	11:43:51.624	Cazyxio_v4.3 (EURUSD,M15)	2026.03.19 17:43:51 | HEARTBEAT | SYSTEM | EA alive. Tick=236700 Equity=44681.22 OpenPos=1 PendingOrders=0 UTC=2026.03.19 17:43 DayOfWeek=4 WeekendCloseActive=NO NewTradeBlocked=NO | 236700.000000
GS	0	11:44:55.755	Cazyxio_v4.3 (EURUSD,M15)	2026.03.19 17:44:55 | HEARTBEAT | SYSTEM | EA alive. Tick=236800 Equity=44695.02 OpenPos=1 PendingOrders=0 UTC=2026.03.19 17:44 DayOfWeek=4 WeekendCloseActive=NO NewTradeBlocked=NO | 236800.000000
FM	0	11:47:22.775	Cazyxio_v4.3 (EURUSD,M15)	2026.03.19 17:47:22 | GATE_FAIL | EURUSD | CopyBuffer failed for Daily EMA200.
QL	0	11:49:43.265	Cazyxio_v4.3 (EURUSD,M15)	2026.03.19 17:49:43 | GATE_FAIL | USDJPY | CopyBuffer failed for Daily EMA200.
FN	0	11:49:43.265	Cazyxio_v4.3 (EURUSD,M15)	2026.03.19 17:49:43 | BAR | AUDUSD | close=0.70524 h4ema200=0.70257 h4slope=UP dailyEMA200=0.67177 adx=18.5 ema50=0.70407 distToEMA50=11.7pips touchSeq=12 atr=0.001449 atrRatio=1.509 dir=LONG spread=15.0 spreadOK=YES atrGate=PASS touch=PASS momCandle=momClosePos=0.379 momOk=N ema50Ok=Y barRange=0.001030 zeroRangeBar=NO trigger=NO hasPos=YES portRisk=0.49% openPos=1 | 0.705240
CL	0	11:49:43.265	Cazyxio_v4.3 (EURUSD,M15)	2026.03.19 17:49:43 | POSITION_HEALTH | AUDUSD | ticket=4557363 dir=LONG openPrice=0.70361 curPrice=0.70527 unrealPnL=152.72 curR=0.693 MFE=22.4pips MAE=4.5pips timeOpen=202min SL=0.70121 TP=0.71200
HN	0	11:49:43.265	Cazyxio_v4.3 (EURUSD,M15)	2026.03.19 17:49:43 | TRAIL_SKIP | AUDUSD | Trail not yet active. ProfitDist=0.00166 ActivateAt=0.00359 ticket=4557363
JH	0	11:49:43.265	Cazyxio_v4.3 (EURUSD,M15)	2026.03.19 17:49:43 | BAR | GBPJPY | close=211.512 h4ema200=211.040 h4slope=UP dailyEMA200=205.053 adx=16.8 ema50=211.485 distToEMA50=2.7pips touchSeq=12 atr=0.191857 atrRatio=1.156 dir=LONG spread=40.0 spreadOK=NO atrGate=PASS touch=PASS momCandle=momClosePos=0.816 momOk=Y ema50Ok=Y barRange=0.103000 zeroRangeBar=NO trigger=YES hasPos=NO portRisk=0.49% openPos=1 | 211.512000
LF	0	11:49:43.265	Cazyxio_v4.3 (EURUSD,M15)	2026.03.19 17:49:43 | GATE_FAIL | GBPJPY | Spread too wide. Spread=40.0 Max=30 points.
RI	0	11:49:43.265	Cazyxio_v4.3 (EURUSD,M15)	2026.03.19 17:49:43 | BAR | USDCAD | close=1.37265 h4ema200=1.36719 h4slope=UP dailyEMA200=1.38084 adx=33.5 ema50=1.37269 distToEMA50=0.4pips touchSeq=12 atr=0.001261 atrRatio=1.660 dir=NONE spread=25.0 spreadOK=YES atrGate=PASS touch=FAIL momCandle= zeroRangeBar=NO trigger=NO hasPos=NO portRisk=0.49% openPos=1 | 1.372650
GK	0	11:49:43.265	Cazyxio_v4.3 (EURUSD,M15)	2026.03.19 17:49:43 | GATE_FAIL | USDCAD | No directional bias. h4slope=UP closeNow=1.37265 h4ema200=1.36719 dailyEMA200=1.38084
OL	0	11:52:04.968	Cazyxio_v4.3 (EURUSD,M15)	2026.03.19 17:52:04 | GATE_FAIL | GBPUSD | CopyBuffer failed for Daily EMA200.
IM	0	11:53:06.682	Cazyxio_v4.3 (EURUSD,M15)	2026.03.19 17:53:06 | HEARTBEAT | SYSTEM | EA alive. Tick=236900 Equity=44752.98 OpenPos=1 PendingOrders=0 UTC=2026.03.19 17:53 DayOfWeek=4 WeekendCloseActive=NO NewTradeBlocked=NO | 236900.000000
FO	0	11:54:11.665	Cazyxio_v4.3 (EURUSD,M15)	2026.03.19 17:54:11 | HEARTBEAT | SYSTEM | EA alive. Tick=237000 Equity=44747.46 OpenPos=1 PendingOrders=0 UTC=2026.03.19 17:54 DayOfWeek=4 WeekendCloseActive=NO NewTradeBlocked=NO | 237000.000000
MI	0	11:55:06.832	Cazyxio_v4.3 (EURUSD,M15)	2026.03.19 17:55:06 | HEARTBEAT | SYSTEM | EA alive. Tick=237100 Equity=44747.46 OpenPos=1 PendingOrders=0 UTC=2026.03.19 17:55 DayOfWeek=4 WeekendCloseActive=NO NewTradeBlocked=NO | 237100.000000
CH	0	11:55:55.886	Cazyxio_v4.3 (EURUSD,M15)	2026.03.19 17:55:55 | HEARTBEAT | SYSTEM | EA alive. Tick=237200 Equity=44731.82 OpenPos=1 PendingOrders=0 UTC=2026.03.19 17:55 DayOfWeek=4 WeekendCloseActive=NO NewTradeBlocked=NO | 237200.000000
IJ	0	11:57:10.332	Cazyxio_v4.3 (EURUSD,M15)	2026.03.19 17:57:10 | HEARTBEAT | SYSTEM | EA alive. Tick=237300 Equity=44725.38 OpenPos=1 PendingOrders=0 UTC=2026.03.19 17:57 DayOfWeek=4 WeekendCloseActive=NO NewTradeBlocked=NO | 237300.000000
LD	0	11:58:27.132	Cazyxio_v4.3 (EURUSD,M15)	2026.03.19 17:58:27 | HEARTBEAT | SYSTEM | EA alive. Tick=237400 Equity=44714.34 OpenPos=1 PendingOrders=0 UTC=2026.03.19 17:58 DayOfWeek=4 WeekendCloseActive=NO NewTradeBlocked=NO | 237400.000000
JF	0	11:59:54.379	Cazyxio_v4.3 (EURUSD,M15)	2026.03.19 17:59:54 | HEARTBEAT | SYSTEM | EA alive. Tick=237500 Equity=44722.62 OpenPos=1 PendingOrders=0 UTC=2026.03.19 17:59 DayOfWeek=4 WeekendCloseActive=NO NewTradeBlocked=NO | 237500.000000
NQ	0	12:02:22.689	Cazyxio_v4.3 (EURUSD,M15)	2026.03.19 18:02:22 | GATE_FAIL | EURUSD | CopyBuffer failed for Daily EMA200.
HP	0	12:04:43.033	Cazyxio_v4.3 (EURUSD,M15)	2026.03.19 18:04:43 | GATE_FAIL | USDJPY | CopyBuffer failed for Daily EMA200.
LR	0	12:04:43.033	Cazyxio_v4.3 (EURUSD,M15)	2026.03.19 18:04:43 | BAR | AUDUSD | close=0.70551 h4ema200=0.70257 h4slope=UP dailyEMA200=0.67177 adx=18.5 ema50=0.70412 distToEMA50=13.9pips touchSeq=12 atr=0.001359 atrRatio=1.408 dir=LONG spread=18.0 spreadOK=YES atrGate=PASS touch=PASS momCandle=momClosePos=0.408 momOk=N ema50Ok=Y barRange=0.000760 zeroRangeBar=NO trigger=NO hasPos=YES portRisk=0.49% openPos=1 | 0.705510
PH	0	12:04:43.033	Cazyxio_v4.3 (EURUSD,M15)	2026.03.19 18:04:43 | POSITION_HEALTH | AUDUSD | ticket=4557363 dir=LONG openPrice=0.70361 curPrice=0.70520 unrealPnL=146.28 curR=0.663 MFE=22.4pips MAE=4.5pips timeOpen=217min SL=0.70121 TP=0.71200
EJ	0	12:04:43.033	Cazyxio_v4.3 (EURUSD,M15)	2026.03.19 18:04:43 | TRAIL_SKIP | AUDUSD | Trail not yet active. ProfitDist=0.00159 ActivateAt=0.00359 ticket=4557363
LI	0	12:04:43.033	Cazyxio_v4.3 (EURUSD,M15)	2026.03.19 18:04:43 | BAR | GBPJPY | close=211.509 h4ema200=211.040 h4slope=UP dailyEMA200=205.053 adx=16.8 ema50=211.486 distToEMA50=2.3pips touchSeq=12 atr=0.188500 atrRatio=1.133 dir=LONG spread=43.0 spreadOK=NO atrGate=PASS touch=PASS momCandle=momClosePos=0.298 momOk=N ema50Ok=Y barRange=0.121000 zeroRangeBar=NO trigger=NO hasPos=NO portRisk=0.49% openPos=1 | 211.509000
RS	0	12:04:43.033	Cazyxio_v4.3 (EURUSD,M15)	2026.03.19 18:04:43 | GATE_FAIL | GBPJPY | Spread too wide. Spread=43.0 Max=30 points.
OM	0	12:04:43.033	Cazyxio_v4.3 (EURUSD,M15)	2026.03.19 18:04:43 | BAR | USDCAD | close=1.37264 h4ema200=1.36719 h4slope=UP dailyEMA200=1.38083 adx=33.5 ema50=1.37268 distToEMA50=0.4pips touchSeq=12 atr=0.001236 atrRatio=1.620 dir=NONE spread=23.0 spreadOK=YES atrGate=PASS touch=FAIL momCandle= zeroRangeBar=NO trigger=NO hasPos=NO portRisk=0.49% openPos=1 | 1.372640
JL	0	12:04:43.033	Cazyxio_v4.3 (EURUSD,M15)	2026.03.19 18:04:43 | GATE_FAIL | USDCAD | No directional bias. h4slope=UP closeNow=1.37264 h4ema200=1.36719 dailyEMA200=1.38083
LP	0	12:07:03.521	Cazyxio_v4.3 (EURUSD,M15)	2026.03.19 18:07:03 | GATE_FAIL | GBPUSD | CopyBuffer failed for Daily EMA200.
JP	0	12:07:41.476	Cazyxio_v4.3 (EURUSD,M15)	2026.03.19 18:07:41 | HEARTBEAT | SYSTEM | EA alive. Tick=237600 Equity=44721.70 OpenPos=1 PendingOrders=0 UTC=2026.03.19 18:07 DayOfWeek=4 WeekendCloseActive=NO NewTradeBlocked=NO | 237600.000000
PS	0	12:08:28.826	Cazyxio_v4.3 (EURUSD,M15)	2026.03.19 18:08:28 | HEARTBEAT | SYSTEM | EA alive. Tick=237700 Equity=44718.94 OpenPos=1 PendingOrders=0 UTC=2026.03.19 18:08 DayOfWeek=4 WeekendCloseActive=NO NewTradeBlocked=NO | 237700.000000
DM	0	12:09:17.544	Cazyxio_v4.3 (EURUSD,M15)	2026.03.19 18:09:17 | HEARTBEAT | SYSTEM | EA alive. Tick=237800 Equity=44722.62 OpenPos=1 PendingOrders=0 UTC=2026.03.19 18:09 DayOfWeek=4 WeekendCloseActive=NO NewTradeBlocked=NO | 237800.000000
KO	0	12:10:04.972	Cazyxio_v4.3 (EURUSD,M15)	2026.03.19 18:10:04 | HEARTBEAT | SYSTEM | EA alive. Tick=237900 Equity=44723.54 OpenPos=1 PendingOrders=0 UTC=2026.03.19 18:10 DayOfWeek=4 WeekendCloseActive=NO NewTradeBlocked=NO | 237900.000000
EI	0	12:11:01.980	Cazyxio_v4.3 (EURUSD,M15)	2026.03.19 18:11:01 | HEARTBEAT | SYSTEM | EA alive. Tick=238000 Equity=44732.74 OpenPos=1 PendingOrders=0 UTC=2026.03.19 18:11 DayOfWeek=4 WeekendCloseActive=NO NewTradeBlocked=NO | 238000.000000
RH	0	12:11:59.006	Cazyxio_v4.3 (EURUSD,M15)	2026.03.19 18:11:59 | HEARTBEAT | SYSTEM | EA alive. Tick=238100 Equity=44722.62 OpenPos=1 PendingOrders=0 UTC=2026.03.19 18:11 DayOfWeek=4 WeekendCloseActive=NO NewTradeBlocked=NO | 238100.000000
FJ	0	12:12:45.785	Cazyxio_v4.3 (EURUSD,M15)	2026.03.19 18:12:45 | HEARTBEAT | SYSTEM | EA alive. Tick=238200 Equity=44736.42 OpenPos=1 PendingOrders=0 UTC=2026.03.19 18:12 DayOfWeek=4 WeekendCloseActive=NO NewTradeBlocked=NO | 238200.000000
RD	0	12:13:36.332	Cazyxio_v4.3 (EURUSD,M15)	2026.03.19 18:13:36 | HEARTBEAT | SYSTEM | EA alive. Tick=238300 Equity=44759.42 OpenPos=1 PendingOrders=0 UTC=2026.03.19 18:13 DayOfWeek=4 WeekendCloseActive=NO NewTradeBlocked=NO | 238300.000000
JF	0	12:14:20.522	Cazyxio_v4.3 (EURUSD,M15)	2026.03.19 18:14:20 | HEARTBEAT | SYSTEM | EA alive. Tick=238400 Equity=44752.98 OpenPos=1 PendingOrders=0 UTC=2026.03.19 18:14 DayOfWeek=4 WeekendCloseActive=NO NewTradeBlocked=NO | 238400.000000
JP	0	12:17:22.851	Cazyxio_v4.3 (EURUSD,M15)	2026.03.19 18:17:22 | GATE_FAIL | GBPUSD | CopyBuffer failed for Daily EMA200.
FP	0	12:19:43.236	Cazyxio_v4.3 (EURUSD,M15)	2026.03.19 18:19:43 | GATE_FAIL | EURUSD | CopyBuffer failed for Daily EMA200.
RP	0	12:22:03.673	Cazyxio_v4.3 (EURUSD,M15)	2026.03.19 18:22:03 | GATE_FAIL | USDJPY | CopyBuffer failed for Daily EMA200.
EO	0	12:22:03.673	Cazyxio_v4.3 (EURUSD,M15)	2026.03.19 18:22:03 | BAR | AUDUSD | close=0.70584 h4ema200=0.70258 h4slope=UP dailyEMA200=0.67177 adx=18.5 ema50=0.70421 distToEMA50=16.3pips touchSeq=0 atr=0.001356 atrRatio=1.397 dir=LONG spread=19.0 spreadOK=YES atrGate=PASS touch=PASS momCandle=momClosePos=0.887 momOk=Y ema50Ok=Y barRange=0.000970 zeroRangeBar=NO trigger=YES hasPos=YES portRisk=0.49% openPos=1 | 0.705840
GI	0	12:22:03.673	Cazyxio_v4.3 (EURUSD,M15)	2026.03.19 18:22:03 | POSITION_HEALTH | AUDUSD | ticket=4557363 dir=LONG openPrice=0.70361 curPrice=0.70572 unrealPnL=194.12 curR=0.880 MFE=22.4pips MAE=4.5pips timeOpen=234min SL=0.70121 TP=0.71200
JJ	0	12:22:03.673	Cazyxio_v4.3 (EURUSD,M15)	2026.03.19 18:22:03 | TRAIL_SKIP | AUDUSD | Trail not yet active. ProfitDist=0.00211 ActivateAt=0.00359 ticket=4557363
DD	0	12:22:03.673	Cazyxio_v4.3 (EURUSD,M15)	2026.03.19 18:22:03 | BAR | GBPJPY | close=211.599 h4ema200=211.041 h4slope=UP dailyEMA200=205.054 adx=16.8 ema50=211.494 distToEMA50=10.5pips touchSeq=12 atr=0.180786 atrRatio=1.084 dir=LONG spread=42.0 spreadOK=NO atrGate=PASS touch=PASS momCandle=momClosePos=0.895 momOk=Y ema50Ok=Y barRange=0.152000 zeroRangeBar=NO trigger=YES hasPos=NO portRisk=0.49% openPos=1 | 211.599000
KS	0	12:22:03.673	Cazyxio_v4.3 (EURUSD,M15)	2026.03.19 18:22:03 | GATE_FAIL | GBPJPY | Spread too wide. Spread=42.0 Max=30 points.
IM	0	12:22:03.673	Cazyxio_v4.3 (EURUSD,M15)	2026.03.19 18:22:03 | BAR | USDCAD | close=1.37320 h4ema200=1.36719 h4slope=UP dailyEMA200=1.38084 adx=33.5 ema50=1.37270 distToEMA50=5.0pips touchSeq=12 atr=0.001209 atrRatio=1.578 dir=NONE spread=22.0 spreadOK=YES atrGate=PASS touch=FAIL momCandle= zeroRangeBar=NO trigger=NO hasPos=NO portRisk=0.49% openPos=1 | 1.373200
RL	0	12:22:03.673	Cazyxio_v4.3 (EURUSD,M15)	2026.03.19 18:22:03 | GATE_FAIL | USDCAD | No directional bias. h4slope=UP closeNow=1.37320 h4ema200=1.36719 dailyEMA200=1.38084
HQ	0	12:22:20.752	Cazyxio_v4.3 (EURUSD,M15)	2026.03.19 18:22:20 | HEARTBEAT | SYSTEM | EA alive. Tick=238500 Equity=44742.86 OpenPos=1 PendingOrders=0 UTC=2026.03.19 18:22 DayOfWeek=4 WeekendCloseActive=NO NewTradeBlocked=NO | 238500.000000
CS	0	12:23:18.830	Cazyxio_v4.3 (EURUSD,M15)	2026.03.19 18:23:18 | HEARTBEAT | SYSTEM | EA alive. Tick=238600 Equity=44736.42 OpenPos=1 PendingOrders=0 UTC=2026.03.19 18:23 DayOfWeek=4 WeekendCloseActive=NO NewTradeBlocked=NO | 238600.000000
FM	0	12:24:24.627	Cazyxio_v4.3 (EURUSD,M15)	2026.03.19 18:24:24 | HEARTBEAT | SYSTEM | EA alive. Tick=238700 Equity=44736.42 OpenPos=1 PendingOrders=0 UTC=2026.03.19 18:24 DayOfWeek=4 WeekendCloseActive=NO NewTradeBlocked=NO | 238700.000000
EO	0	12:25:39.718	Cazyxio_v4.3 (EURUSD,M15)	2026.03.19 18:25:39 | HEARTBEAT | SYSTEM | EA alive. Tick=238800 Equity=44734.58 OpenPos=1 PendingOrders=0 UTC=2026.03.19 18:25 DayOfWeek=4 WeekendCloseActive=NO NewTradeBlocked=NO | 238800.000000
MN	0	12:26:56.071	Cazyxio_v4.3 (EURUSD,M15)	2026.03.19 18:26:56 | HEARTBEAT | SYSTEM | EA alive. Tick=238900 Equity=44740.10 OpenPos=1 PendingOrders=0 UTC=2026.03.19 18:26 DayOfWeek=4 WeekendCloseActive=NO NewTradeBlocked=NO | 238900.000000
QH	0	12:28:33.538	Cazyxio_v4.3 (EURUSD,M15)	2026.03.19 18:28:33 | HEARTBEAT | SYSTEM | EA alive. Tick=239000 Equity=44737.34 OpenPos=1 PendingOrders=0 UTC=2026.03.19 18:28 DayOfWeek=4 WeekendCloseActive=NO NewTradeBlocked=NO | 239000.000000
PK	0	12:32:23.934	Cazyxio_v4.3 (EURUSD,M15)	2026.03.19 18:32:23 | GATE_FAIL | GBPUSD | CopyBuffer failed for Daily EMA200.
HJ	0	12:34:44.339	Cazyxio_v4.3 (EURUSD,M15)	2026.03.19 18:34:44 | GATE_FAIL | EURUSD | CopyBuffer failed for Daily EMA200.
QE	0	12:37:04.812	Cazyxio_v4.3 (EURUSD,M15)	2026.03.19 18:37:04 | GATE_FAIL | USDJPY | CopyBuffer failed for Daily EMA200.
ID	0	12:37:04.812	Cazyxio_v4.3 (EURUSD,M15)	2026.03.19 18:37:04 | BAR | AUDUSD | close=0.70552 h4ema200=0.70258 h4slope=UP dailyEMA200=0.67177 adx=18.5 ema50=0.70425 distToEMA50=12.7pips touchSeq=1 atr=0.001250 atrRatio=1.283 dir=LONG spread=18.0 spreadOK=YES atrGate=PASS touch=PASS momCandle=momClosePos=0.405 momOk=N ema50Ok=Y barRange=0.000740 zeroRangeBar=NO trigger=NO hasPos=YES portRisk=0.49% openPos=1 | 0.705520
ID	0	12:37:04.812	Cazyxio_v4.3 (EURUSD,M15)	2026.03.19 18:37:04 | POSITION_HEALTH | AUDUSD | ticket=4557363 dir=LONG openPrice=0.70361 curPrice=0.70553 unrealPnL=176.64 curR=0.801 MFE=22.4pips MAE=4.5pips timeOpen=249min SL=0.70121 TP=0.71200
CE	0	12:37:04.812	Cazyxio_v4.3 (EURUSD,M15)	2026.03.19 18:37:04 | TRAIL_SKIP | AUDUSD | Trail not yet active. ProfitDist=0.00192 ActivateAt=0.00359 ticket=4557363
EM	0	12:37:04.812	Cazyxio_v4.3 (EURUSD,M15)	2026.03.19 18:37:04 | BAR | GBPJPY | close=211.498 h4ema200=211.040 h4slope=UP dailyEMA200=205.053 adx=16.8 ema50=211.491 distToEMA50=0.7pips touchSeq=12 atr=0.165786 atrRatio=0.991 dir=LONG spread=47.0 spreadOK=NO atrGate=PASS touch=PASS momCandle=momClosePos=0.164 momOk=N ema50Ok=Y barRange=0.134000 zeroRangeBar=NO trigger=NO hasPos=NO portRisk=0.49% openPos=1 | 211.498000
EN	0	12:37:04.812	Cazyxio_v4.3 (EURUSD,M15)	2026.03.19 18:37:04 | GATE_FAIL | GBPJPY | Spread too wide. Spread=47.0 Max=30 points.
RF	0	12:37:04.812	Cazyxio_v4.3 (EURUSD,M15)	2026.03.19 18:37:04 | BAR | USDCAD | close=1.37336 h4ema200=1.36719 h4slope=UP dailyEMA200=1.38083 adx=33.5 ema50=1.37273 distToEMA50=6.3pips touchSeq=12 atr=0.001121 atrRatio=1.457 dir=NONE spread=25.0 spreadOK=YES atrGate=PASS touch=FAIL momCandle= zeroRangeBar=NO trigger=NO hasPos=NO portRisk=0.49% openPos=1 | 1.373360
GS	0	12:37:04.812	Cazyxio_v4.3 (EURUSD,M15)	2026.03.19 18:37:04 | GATE_FAIL | USDCAD | No directional bias. h4slope=UP closeNow=1.37336 h4ema200=1.36719 dailyEMA200=1.38083
KJ	0	12:37:18.250	Cazyxio_v4.3 (EURUSD,M15)	2026.03.19 18:37:18 | HEARTBEAT | SYSTEM | EA alive. Tick=239100 Equity=44718.94 OpenPos=1 PendingOrders=0 UTC=2026.03.19 18:37 DayOfWeek=4 WeekendCloseActive=NO NewTradeBlocked=NO | 239100.000000
ND	0	12:38:59.420	Cazyxio_v4.3 (EURUSD,M15)	2026.03.19 18:38:59 | HEARTBEAT | SYSTEM | EA alive. Tick=239200 Equity=44729.06 OpenPos=1 PendingOrders=0 UTC=2026.03.19 18:38 DayOfWeek=4 WeekendCloseActive=NO NewTradeBlocked=NO | 239200.000000
IF	0	12:40:25.737	Cazyxio_v4.3 (EURUSD,M15)	2026.03.19 18:40:25 | HEARTBEAT | SYSTEM | EA alive. Tick=239300 Equity=44712.50 OpenPos=1 PendingOrders=0 UTC=2026.03.19 18:40 DayOfWeek=4 WeekendCloseActive=NO NewTradeBlocked=NO | 239300.000000
RP	0	12:42:04.228	Cazyxio_v4.3 (EURUSD,M15)	2026.03.19 18:42:04 | HEARTBEAT | SYSTEM | EA alive. Tick=239400 Equity=44708.82 OpenPos=1 PendingOrders=0 UTC=2026.03.19 18:42 DayOfWeek=4 WeekendCloseActive=NO NewTradeBlocked=NO | 239400.000000
MS	0	12:43:15.844	Cazyxio_v4.3 (EURUSD,M15)	2026.03.19 18:43:15 | HEARTBEAT | SYSTEM | EA alive. Tick=239500 Equity=44709.74 OpenPos=1 PendingOrders=0 UTC=2026.03.19 18:43 DayOfWeek=4 WeekendCloseActive=NO NewTradeBlocked=NO | 239500.000000
MM	0	12:44:46.707	Cazyxio_v4.3 (EURUSD,M15)	2026.03.19 18:44:46 | HEARTBEAT | SYSTEM | EA alive. Tick=239600 Equity=44710.66 OpenPos=1 PendingOrders=0 UTC=2026.03.19 18:44 DayOfWeek=4 WeekendCloseActive=NO NewTradeBlocked=NO | 239600.000000
PO	0	12:47:22.685	Cazyxio_v4.3 (EURUSD,M15)	2026.03.19 18:47:22 | GATE_FAIL | EURUSD | CopyBuffer failed for Daily EMA200.
IO	0	12:49:43.108	Cazyxio_v4.3 (EURUSD,M15)	2026.03.19 18:49:43 | GATE_FAIL | USDJPY | CopyBuffer failed for Daily EMA200.
FO	0	12:49:43.108	Cazyxio_v4.3 (EURUSD,M15)	2026.03.19 18:49:43 | BAR | AUDUSD | close=0.70532 h4ema200=0.70258 h4slope=UP dailyEMA200=0.67177 adx=18.5 ema50=0.70429 distToEMA50=10.3pips touchSeq=2 atr=0.001140 atrRatio=1.166 dir=LONG spread=18.0 spreadOK=YES atrGate=PASS touch=PASS momCandle=momClosePos=0.167 momOk=N ema50Ok=Y barRange=0.000480 zeroRangeBar=NO trigger=NO hasPos=YES portRisk=0.49% openPos=1 | 0.705320
QN	0	12:49:43.108	Cazyxio_v4.3 (EURUSD,M15)	2026.03.19 18:49:43 | POSITION_HEALTH | AUDUSD | ticket=4557363 dir=LONG openPrice=0.70361 curPrice=0.70552 unrealPnL=175.72 curR=0.797 MFE=22.4pips MAE=4.5pips timeOpen=262min SL=0.70121 TP=0.71200
JO	0	12:49:43.108	Cazyxio_v4.3 (EURUSD,M15)	2026.03.19 18:49:43 | TRAIL_SKIP | AUDUSD | Trail not yet active. ProfitDist=0.00191 ActivateAt=0.00359 ticket=4557363
EG	0	12:49:43.108	Cazyxio_v4.3 (EURUSD,M15)	2026.03.19 18:49:43 | BAR | GBPJPY | close=211.502 h4ema200=211.040 h4slope=UP dailyEMA200=205.053 adx=16.8 ema50=211.491 distToEMA50=1.1pips touchSeq=12 atr=0.158071 atrRatio=0.943 dir=LONG spread=39.0 spreadOK=NO atrGate=PASS touch=PASS momCandle=momClosePos=0.600 momOk=N ema50Ok=Y barRange=0.070000 zeroRangeBar=NO trigger=NO hasPos=NO portRisk=0.49% openPos=1 | 211.502000
FD	0	12:49:43.108	Cazyxio_v4.3 (EURUSD,M15)	2026.03.19 18:49:43 | GATE_FAIL | GBPJPY | Spread too wide. Spread=39.0 Max=30 points.
IK	0	12:49:43.108	Cazyxio_v4.3 (EURUSD,M15)	2026.03.19 18:49:43 | BAR | USDCAD | close=1.37339 h4ema200=1.36719 h4slope=UP dailyEMA200=1.38084 adx=33.5 ema50=1.37277 distToEMA50=6.2pips touchSeq=12 atr=0.001062 atrRatio=1.377 dir=NONE spread=25.0 spreadOK=YES atrGate=PASS touch=FAIL momCandle= zeroRangeBar=NO trigger=NO hasPos=NO portRisk=0.49% openPos=1 | 1.373390
KI	0	12:49:43.108	Cazyxio_v4.3 (EURUSD,M15)	2026.03.19 18:49:43 | GATE_FAIL | USDCAD | No directional bias. h4slope=UP closeNow=1.37339 h4ema200=1.36719 dailyEMA200=1.38084
CN	0	12:52:03.564	Cazyxio_v4.3 (EURUSD,M15)	2026.03.19 18:52:03 | GATE_FAIL | GBPUSD | CopyBuffer failed for Daily EMA200.
FO	0	12:53:07.228	Cazyxio_v4.3 (EURUSD,M15)	2026.03.19 18:53:07 | HEARTBEAT | SYSTEM | EA alive. Tick=239700 Equity=44763.10 OpenPos=1 PendingOrders=0 UTC=2026.03.19 18:53 DayOfWeek=4 WeekendCloseActive=NO NewTradeBlocked=NO | 239700.000000
MI	0	12:54:49.996	Cazyxio_v4.3 (EURUSD,M15)	2026.03.19 18:54:49 | HEARTBEAT | SYSTEM | EA alive. Tick=239800 Equity=44784.26 OpenPos=1 PendingOrders=0 UTC=2026.03.19 18:54 DayOfWeek=4 WeekendCloseActive=NO NewTradeBlocked=NO | 239800.000000
JK	0	12:56:13.285	Cazyxio_v4.3 (EURUSD,M15)	2026.03.19 18:56:13 | HEARTBEAT | SYSTEM | EA alive. Tick=239900 Equity=44813.70 OpenPos=1 PendingOrders=0 UTC=2026.03.19 18:56 DayOfWeek=4 WeekendCloseActive=NO NewTradeBlocked=NO | 239900.000000
RJ	0	12:56:58.751	Cazyxio_v4.3 (EURUSD,M15)	2026.03.19 18:56:58 | HEARTBEAT | SYSTEM | EA alive. Tick=240000 Equity=44833.94 OpenPos=1 PendingOrders=0 UTC=2026.03.19 18:56 DayOfWeek=4 WeekendCloseActive=NO NewTradeBlocked=NO | 240000.000000
JD	0	12:57:48.148	Cazyxio_v4.3 (EURUSD,M15)	2026.03.19 18:57:48 | HEARTBEAT | SYSTEM | EA alive. Tick=240100 Equity=44863.38 OpenPos=1 PendingOrders=0 UTC=2026.03.19 18:57 DayOfWeek=4 WeekendCloseActive=NO NewTradeBlocked=NO | 240100.000000
CF	0	12:58:28.417	Cazyxio_v4.3 (EURUSD,M15)	2026.03.19 18:58:28 | HEARTBEAT | SYSTEM | EA alive. Tick=240200 Equity=44874.42 OpenPos=1 PendingOrders=0 UTC=2026.03.19 18:58 DayOfWeek=4 WeekendCloseActive=NO NewTradeBlocked=NO | 240200.000000
EP	0	12:59:06.449	Cazyxio_v4.3 (EURUSD,M15)	2026.03.19 18:59:06 | HEARTBEAT | SYSTEM | EA alive. Tick=240300 Equity=44893.74 OpenPos=1 PendingOrders=0 UTC=2026.03.19 18:59 DayOfWeek=4 WeekendCloseActive=NO NewTradeBlocked=NO | 240300.000000
RS	0	12:59:46.926	Cazyxio_v4.3 (EURUSD,M15)	2026.03.19 18:59:46 | HEARTBEAT | SYSTEM | EA alive. Tick=240400 Equity=44887.30 OpenPos=1 PendingOrders=0 UTC=2026.03.19 18:59 DayOfWeek=4 WeekendCloseActive=NO NewTradeBlocked=NO | 240400.000000
FM	0	13:02:22.784	Cazyxio_v4.3 (EURUSD,M15)	2026.03.19 19:02:22 | GATE_FAIL | EURUSD | CopyBuffer failed for Daily EMA200.
IL	0	13:04:43.205	Cazyxio_v4.3 (EURUSD,M15)	2026.03.19 19:04:43 | GATE_FAIL | USDJPY | CopyBuffer failed for Daily EMA200.
NP	0	13:04:43.205	Cazyxio_v4.3 (EURUSD,M15)	2026.03.19 19:04:43 | BAR | AUDUSD | close=0.70740 h4ema200=0.70261 h4slope=UP dailyEMA200=0.67181 adx=19.8 ema50=0.70455 distToEMA50=28.5pips touchSeq=0 atr=0.001297 atrRatio=1.318 dir=LONG spread=20.0 spreadOK=YES atrGate=PASS touch=PASS momCandle=momClosePos=0.995 momOk=Y ema50Ok=Y barRange=0.002190 zeroRangeBar=NO trigger=YES hasPos=YES portRisk=0.49% openPos=1 | 0.707400
JL	0	13:04:43.205	Cazyxio_v4.3 (EURUSD,M15)	2026.03.19 19:04:43 | POSITION_HEALTH | AUDUSD | ticket=4557363 dir=LONG openPrice=0.70361 curPrice=0.70911 unrealPnL=506.00 curR=2.295 MFE=55.0pips MAE=4.5pips timeOpen=277min SL=0.70121 TP=0.71200
QS	0	13:04:43.333	Cazyxio_v4.3 (EURUSD,M15)	2026.03.19 19:04:43 | TRAIL_MOVED | AUDUSD | BUY trail moved. oldSL=0.70121 newSL=0.70652 bid=0.70911 MFE=0.00550 ticket=4557363
KI	0	13:04:43.333	Cazyxio_v4.3 (EURUSD,M15)	2026.03.19 19:04:43 | BAR | GBPJPY | close=211.595 h4ema200=211.042 h4slope=UP dailyEMA200=205.056 adx=16.8 ema50=211.505 distToEMA50=9.0pips touchSeq=12 atr=0.161571 atrRatio=0.961 dir=LONG spread=48.0 spreadOK=NO atrGate=PASS touch=PASS momCandle=momClosePos=0.750 momOk=Y ema50Ok=Y barRange=0.144000 zeroRangeBar=NO trigger=YES hasPos=NO portRisk=0.49% openPos=1 | 211.595000
DQ	0	13:04:43.333	Cazyxio_v4.3 (EURUSD,M15)	2026.03.19 19:04:43 | GATE_FAIL | GBPJPY | Spread too wide. Spread=48.0 Max=30 points.
QO	0	13:04:43.333	Cazyxio_v4.3 (EURUSD,M15)	2026.03.19 19:04:43 | BAR | USDCAD | close=1.37241 h4ema200=1.36718 h4slope=UP dailyEMA200=1.38082 adx=33.5 ema50=1.37268 distToEMA50=2.7pips touchSeq=12 atr=0.001123 atrRatio=1.451 dir=NONE spread=26.0 spreadOK=YES atrGate=PASS touch=FAIL momCandle= zeroRangeBar=NO trigger=NO hasPos=NO portRisk=0.49% openPos=1 | 1.372410
LJ	0	13:04:43.333	Cazyxio_v4.3 (EURUSD,M15)	2026.03.19 19:04:43 | GATE_FAIL | USDCAD | No directional bias. h4slope=UP closeNow=1.37241 h4ema200=1.36718 dailyEMA200=1.38082
JS	0	13:07:04.013	Cazyxio_v4.3 (EURUSD,M15)	2026.03.19 19:07:04 | GATE_FAIL | GBPUSD | CopyBuffer failed for Daily EMA200.
LR	0	13:07:20.733	Cazyxio_v4.3 (EURUSD,M15)	2026.03.19 19:07:20 | HEARTBEAT | SYSTEM | EA alive. Tick=240500 Equity=45168.82 OpenPos=1 PendingOrders=0 UTC=2026.03.19 19:07 DayOfWeek=4 WeekendCloseActive=NO NewTradeBlocked=NO | 240500.000000
QL	0	13:07:54.488	Cazyxio_v4.3 (EURUSD,M15)	2026.03.19 19:07:54 | HEARTBEAT | SYSTEM | EA alive. Tick=240600 Equity=45116.38 OpenPos=1 PendingOrders=0 UTC=2026.03.19 19:07 DayOfWeek=4 WeekendCloseActive=NO NewTradeBlocked=NO | 240600.000000
LN	0	13:08:22.127	Cazyxio_v4.3 (EURUSD,M15)	2026.03.19 19:08:22 | HEARTBEAT | SYSTEM | EA alive. Tick=240700 Equity=45189.98 OpenPos=1 PendingOrders=0 UTC=2026.03.19 19:08 DayOfWeek=4 WeekendCloseActive=NO NewTradeBlocked=NO | 240700.000000
DI	0	13:08:51.374	Cazyxio_v4.3 (EURUSD,M15)	2026.03.19 19:08:51 | HEARTBEAT | SYSTEM | EA alive. Tick=240800 Equity=45189.98 OpenPos=1 PendingOrders=0 UTC=2026.03.19 19:08 DayOfWeek=4 WeekendCloseActive=NO NewTradeBlocked=NO | 240800.000000
NK	0	13:09:20.768	Cazyxio_v4.3 (EURUSD,M15)	2026.03.19 19:09:20 | HEARTBEAT | SYSTEM | EA alive. Tick=240900 Equity=45163.30 OpenPos=1 PendingOrders=0 UTC=2026.03.19 19:09 DayOfWeek=4 WeekendCloseActive=NO NewTradeBlocked=NO | 240900.000000
RE	0	13:09:50.646	Cazyxio_v4.3 (EURUSD,M15)	2026.03.19 19:09:50 | HEARTBEAT | SYSTEM | EA alive. Tick=241000 Equity=45132.02 OpenPos=1 PendingOrders=0 UTC=2026.03.19 19:09 DayOfWeek=4 WeekendCloseActive=NO NewTradeBlocked=NO | 241000.000000
MG	0	13:10:20.447	Cazyxio_v4.3 (EURUSD,M15)	2026.03.19 19:10:20 | HEARTBEAT | SYSTEM | EA alive. Tick=241100 Equity=45097.06 OpenPos=1 PendingOrders=0 UTC=2026.03.19 19:10 DayOfWeek=4 WeekendCloseActive=NO NewTradeBlocked=NO | 241100.000000
QF	0	13:10:47.542	Cazyxio_v4.3 (EURUSD,M15)	2026.03.19 19:10:47 | HEARTBEAT | SYSTEM | EA alive. Tick=241200 Equity=45141.22 OpenPos=1 PendingOrders=0 UTC=2026.03.19 19:10 DayOfWeek=4 WeekendCloseActive=NO NewTradeBlocked=NO | 241200.000000
CP	0	13:11:17.050	Cazyxio_v4.3 (EURUSD,M15)	2026.03.19 19:11:17 | HEARTBEAT | SYSTEM | EA alive. Tick=241300 Equity=45192.74 OpenPos=1 PendingOrders=0 UTC=2026.03.19 19:11 DayOfWeek=4 WeekendCloseActive=NO NewTradeBlocked=NO | 241300.000000
OR	0	13:11:45.340	Cazyxio_v4.3 (EURUSD,M15)	2026.03.19 19:11:45 | HEARTBEAT | SYSTEM | EA alive. Tick=241400 Equity=45158.70 OpenPos=1 PendingOrders=0 UTC=2026.03.19 19:11 DayOfWeek=4 WeekendCloseActive=NO NewTradeBlocked=NO | 241400.000000
NL	0	13:12:15.199	Cazyxio_v4.3 (EURUSD,M15)	2026.03.19 19:12:15 | HEARTBEAT | SYSTEM | EA alive. Tick=241500 Equity=45169.74 OpenPos=1 PendingOrders=0 UTC=2026.03.19 19:12 DayOfWeek=4 WeekendCloseActive=NO NewTradeBlocked=NO | 241500.000000
CO	0	13:12:47.941	Cazyxio_v4.3 (EURUSD,M15)	2026.03.19 19:12:47 | HEARTBEAT | SYSTEM | EA alive. Tick=241600 Equity=45124.66 OpenPos=1 PendingOrders=0 UTC=2026.03.19 19:12 DayOfWeek=4 WeekendCloseActive=NO NewTradeBlocked=NO | 241600.000000
HI	0	13:13:15.860	Cazyxio_v4.3 (EURUSD,M15)	2026.03.19 19:13:15 | HEARTBEAT | SYSTEM | EA alive. Tick=241700 Equity=45112.70 OpenPos=1 PendingOrders=0 UTC=2026.03.19 19:13 DayOfWeek=4 WeekendCloseActive=NO NewTradeBlocked=NO | 241700.000000
EK	0	13:13:50.371	Cazyxio_v4.3 (EURUSD,M15)	2026.03.19 19:13:50 | HEARTBEAT | SYSTEM | EA alive. Tick=241800 Equity=45109.94 OpenPos=1 PendingOrders=0 UTC=2026.03.19 19:13 DayOfWeek=4 WeekendCloseActive=NO NewTradeBlocked=NO | 241800.000000
EE	0	13:14:21.463	Cazyxio_v4.3 (EURUSD,M15)	2026.03.19 19:14:21 | HEARTBEAT | SYSTEM | EA alive. Tick=241900 Equity=45142.14 OpenPos=1 PendingOrders=0 UTC=2026.03.19 19:14 DayOfWeek=4 WeekendCloseActive=NO NewTradeBlocked=NO | 241900.000000
ED	0	13:14:52.739	Cazyxio_v4.3 (EURUSD,M15)	2026.03.19 19:14:52 | HEARTBEAT | SYSTEM | EA alive. Tick=242000 Equity=45152.26 OpenPos=1 PendingOrders=0 UTC=2026.03.19 19:14 DayOfWeek=4 WeekendCloseActive=NO NewTradeBlocked=NO | 242000.000000
QF	0	13:17:22.994	Cazyxio_v4.3 (EURUSD,M15)	2026.03.19 19:17:22 | GATE_FAIL | EURUSD | CopyBuffer failed for Daily EMA200.
EQ	0	13:19:43.504	Cazyxio_v4.3 (EURUSD,M15)	2026.03.19 19:19:43 | GATE_FAIL | USDJPY | CopyBuffer failed for Daily EMA200.
OM	0	13:19:43.504	Cazyxio_v4.3 (EURUSD,M15)	2026.03.19 19:19:43 | BAR | AUDUSD | close=0.71009 h4ema200=0.70262 h4slope=UP dailyEMA200=0.67182 adx=20.2 ema50=0.70480 distToEMA50=52.9pips touchSeq=0 atr=0.001372 atrRatio=1.384 dir=LONG spread=21.0 spreadOK=YES atrGate=PASS touch=PASS momCandle=momClosePos=0.787 momOk=Y ema50Ok=Y barRange=0.003330 zeroRangeBar=NO trigger=YES hasPos=YES portRisk=0.49% openPos=1 | 0.710090
KG	0	13:19:43.504	Cazyxio_v4.3 (EURUSD,M15)	2026.03.19 19:19:43 | POSITION_HEALTH | AUDUSD | ticket=4557363 dir=LONG openPrice=0.70361 curPrice=0.70995 unrealPnL=583.28 curR=2.645 MFE=63.4pips MAE=4.5pips timeOpen=292min SL=0.70652 TP=0.71200
CD	0	13:19:43.631	Cazyxio_v4.3 (EURUSD,M15)	2026.03.19 19:19:43 | TRAIL_MOVED | AUDUSD | BUY trail moved. oldSL=0.70652 newSL=0.70721 bid=0.70995 MFE=0.00634 ticket=4557363
ER	0	13:19:43.631	Cazyxio_v4.3 (EURUSD,M15)	2026.03.19 19:19:43 | BAR | GBPJPY | close=212.099 h4ema200=211.045 h4slope=UP dailyEMA200=205.058 adx=15.5 ema50=211.537 distToEMA50=56.2pips touchSeq=0 atr=0.172286 atrRatio=1.020 dir=LONG spread=56.0 spreadOK=NO atrGate=PASS touch=PASS momCandle=momClosePos=0.946 momOk=Y ema50Ok=Y barRange=0.533000 zeroRangeBar=NO trigger=YES hasPos=NO portRisk=0.49% openPos=1 | 212.099000
NL	0	13:19:43.631	Cazyxio_v4.3 (EURUSD,M15)	2026.03.19 19:19:43 | GATE_FAIL | GBPJPY | Spread too wide. Spread=56.0 Max=30 points.
NP	0	13:19:43.631	Cazyxio_v4.3 (EURUSD,M15)	2026.03.19 19:19:43 | BAR | USDCAD | close=1.37115 h4ema200=1.36718 h4slope=UP dailyEMA200=1.38082 adx=33.3 ema50=1.37264 distToEMA50=14.9pips touchSeq=0 atr=0.001196 atrRatio=1.536 dir=NONE spread=28.0 spreadOK=YES atrGate=PASS touch=FAIL momCandle= zeroRangeBar=NO trigger=NO hasPos=NO portRisk=0.49% openPos=1 | 1.371150
MQ	0	13:19:43.631	Cazyxio_v4.3 (EURUSD,M15)	2026.03.19 19:19:43 | GATE_FAIL | USDCAD | No directional bias. h4slope=UP closeNow=1.37115 h4ema200=1.36718 dailyEMA200=1.38082
CE	0	13:22:04.083	Cazyxio_v4.3 (EURUSD,M15)	2026.03.19 19:22:04 | GATE_FAIL | GBPUSD | CopyBuffer failed for Daily EMA200.
MG	0	13:22:33.251	Cazyxio_v4.3 (EURUSD,M15)	2026.03.19 19:22:33 | HEARTBEAT | SYSTEM | EA alive. Tick=242100 Equity=45110.86 OpenPos=1 PendingOrders=0 UTC=2026.03.19 19:22 DayOfWeek=4 WeekendCloseActive=NO NewTradeBlocked=NO | 242100.000000
PQ	0	13:23:09.011	Cazyxio_v4.3 (EURUSD,M15)	2026.03.19 19:23:09 | HEARTBEAT | SYSTEM | EA alive. Tick=242200 Equity=45109.02 OpenPos=1 PendingOrders=0 UTC=2026.03.19 19:23 DayOfWeek=4 WeekendCloseActive=NO NewTradeBlocked=NO | 242200.000000
EP	0	13:23:43.657	Cazyxio_v4.3 (EURUSD,M15)	2026.03.19 19:23:43 | HEARTBEAT | SYSTEM | EA alive. Tick=242300 Equity=45080.50 OpenPos=1 PendingOrders=0 UTC=2026.03.19 19:23 DayOfWeek=4 WeekendCloseActive=NO NewTradeBlocked=NO | 242300.000000
RR	0	13:24:23.903	Cazyxio_v4.3 (EURUSD,M15)	2026.03.19 19:24:23 | HEARTBEAT | SYSTEM | EA alive. Tick=242400 Equity=45069.46 OpenPos=1 PendingOrders=0 UTC=2026.03.19 19:24 DayOfWeek=4 WeekendCloseActive=NO NewTradeBlocked=NO | 242400.000000
LL	0	13:25:04.982	Cazyxio_v4.3 (EURUSD,M15)	2026.03.19 19:25:04 | HEARTBEAT | SYSTEM | EA alive. Tick=242500 Equity=45068.54 OpenPos=1 PendingOrders=0 UTC=2026.03.19 19:25 DayOfWeek=4 WeekendCloseActive=NO NewTradeBlocked=NO | 242500.000000
QN	0	13:25:50.706	Cazyxio_v4.3 (EURUSD,M15)	2026.03.19 19:25:50 | HEARTBEAT | SYSTEM | EA alive. Tick=242600 Equity=45052.90 OpenPos=1 PendingOrders=0 UTC=2026.03.19 19:25 DayOfWeek=4 WeekendCloseActive=NO NewTradeBlocked=NO | 242600.000000
MI	0	13:26:26.365	Cazyxio_v4.3 (EURUSD,M15)	2026.03.19 19:26:26 | HEARTBEAT | SYSTEM | EA alive. Tick=242700 Equity=45017.02 OpenPos=1 PendingOrders=0 UTC=2026.03.19 19:26 DayOfWeek=4 WeekendCloseActive=NO NewTradeBlocked=NO | 242700.000000
RK	0	13:27:05.074	Cazyxio_v4.3 (EURUSD,M15)	2026.03.19 19:27:05 | HEARTBEAT | SYSTEM | EA alive. Tick=242800 Equity=45019.78 OpenPos=1 PendingOrders=0 UTC=2026.03.19 19:27 DayOfWeek=4 WeekendCloseActive=NO NewTradeBlocked=NO | 242800.000000
ME	0	13:27:50.257	Cazyxio_v4.3 (EURUSD,M15)	2026.03.19 19:27:50 | HEARTBEAT | SYSTEM | EA alive. Tick=242900 Equity=45033.58 OpenPos=1 PendingOrders=0 UTC=2026.03.19 19:27 DayOfWeek=4 WeekendCloseActive=NO NewTradeBlocked=NO | 242900.000000
OG	0	13:28:32.574	Cazyxio_v4.3 (EURUSD,M15)	2026.03.19 19:28:32 | HEARTBEAT | SYSTEM | EA alive. Tick=243000 Equity=44986.66 OpenPos=1 PendingOrders=0 UTC=2026.03.19 19:28 DayOfWeek=4 WeekendCloseActive=NO NewTradeBlocked=NO | 243000.000000
FF	0	13:29:14.162	Cazyxio_v4.3 (EURUSD,M15)	2026.03.19 19:29:14 | HEARTBEAT | SYSTEM | EA alive. Tick=243100 Equity=44994.02 OpenPos=1 PendingOrders=0 UTC=2026.03.19 19:29 DayOfWeek=4 WeekendCloseActive=NO NewTradeBlocked=NO | 243100.000000
DP	0	13:29:52.379	Cazyxio_v4.3 (EURUSD,M15)	2026.03.19 19:29:52 | HEARTBEAT | SYSTEM | EA alive. Tick=243200 Equity=44999.54 OpenPos=1 PendingOrders=0 UTC=2026.03.19 19:29 DayOfWeek=4 WeekendCloseActive=NO NewTradeBlocked=NO | 243200.000000
KR	0	13:32:22.826	Cazyxio_v4.3 (EURUSD,M15)	2026.03.19 19:32:22 | GATE_FAIL | EURUSD | CopyBuffer failed for Daily EMA200.
QR	0	13:34:43.164	Cazyxio_v4.3 (EURUSD,M15)	2026.03.19 19:34:43 | GATE_FAIL | USDJPY | CopyBuffer failed for Daily EMA200.
JL	0	13:34:43.164	Cazyxio_v4.3 (EURUSD,M15)	2026.03.19 19:34:43 | BAR | AUDUSD | close=0.70869 h4ema200=0.70261 h4slope=UP dailyEMA200=0.67180 adx=20.2 ema50=0.70491 distToEMA50=37.8pips touchSeq=0 atr=0.001415 atrRatio=1.417 dir=LONG spread=22.0 spreadOK=YES atrGate=PASS touch=PASS momCandle=momClosePos=0.226 momOk=N ema50Ok=Y barRange=0.002390 zeroRangeBar=NO trigger=NO hasPos=YES portRisk=0.49% openPos=1 | 0.708690
KK	0	13:34:43.164	Cazyxio_v4.3 (EURUSD,M15)	2026.03.19 19:34:43 | POSITION_HEALTH | AUDUSD | ticket=4557363 dir=LONG openPrice=0.70361 curPrice=0.70885 unrealPnL=482.08 curR=2.186 MFE=63.4pips MAE=4.5pips timeOpen=307min SL=0.70721 TP=0.71200
GQ	0	13:34:43.164	Cazyxio_v4.3 (EURUSD,M15)	2026.03.19 19:34:43 | BAR | GBPJPY | close=211.786 h4ema200=211.042 h4slope=UP dailyEMA200=205.056 adx=15.5 ema50=211.537 distToEMA50=24.9pips touchSeq=0 atr=0.180500 atrRatio=1.064 dir=LONG spread=53.0 spreadOK=NO atrGate=PASS touch=PASS momCandle=momClosePos=0.170 momOk=N ema50Ok=Y barRange=0.417000 zeroRangeBar=NO trigger=NO hasPos=NO portRisk=0.49% openPos=1 | 211.786000
RJ	0	13:34:43.164	Cazyxio_v4.3 (EURUSD,M15)	2026.03.19 19:34:43 | GATE_FAIL | GBPJPY | Spread too wide. Spread=53.0 Max=30 points.
PI	0	13:34:43.164	Cazyxio_v4.3 (EURUSD,M15)	2026.03.19 19:34:43 | BAR | USDCAD | close=1.37245 h4ema200=1.36718 h4slope=UP dailyEMA200=1.38083 adx=33.3 ema50=1.37264 distToEMA50=1.9pips touchSeq=1 atr=0.001226 atrRatio=1.568 dir=NONE spread=28.0 spreadOK=YES atrGate=PASS touch=FAIL momCandle= zeroRangeBar=NO trigger=NO hasPos=NO portRisk=0.49% openPos=1 | 1.372450
MG	0	13:34:43.164	Cazyxio_v4.3 (EURUSD,M15)	2026.03.19 19:34:43 | GATE_FAIL | USDCAD | No directional bias. h4slope=UP closeNow=1.37245 h4ema200=1.36718 dailyEMA200=1.38083
LO	0	13:37:04.323	Cazyxio_v4.3 (EURUSD,M15)	2026.03.19 19:37:04 | GATE_FAIL | GBPUSD | CopyBuffer failed for Daily EMA200.
EI	0	13:37:40.763	Cazyxio_v4.3 (EURUSD,M15)	2026.03.19 19:37:40 | HEARTBEAT | SYSTEM | EA alive. Tick=243300 Equity=44990.34 OpenPos=1 PendingOrders=0 UTC=2026.03.19 19:37 DayOfWeek=4 WeekendCloseActive=NO NewTradeBlocked=NO | 243300.000000
EK	0	13:38:27.213	Cazyxio_v4.3 (EURUSD,M15)	2026.03.19 19:38:27 | HEARTBEAT | SYSTEM | EA alive. Tick=243400 Equity=44989.42 OpenPos=1 PendingOrders=0 UTC=2026.03.19 19:38 DayOfWeek=4 WeekendCloseActive=NO NewTradeBlocked=NO | 243400.000000
HJ	0	13:39:20.158	Cazyxio_v4.3 (EURUSD,M15)	2026.03.19 19:39:20 | HEARTBEAT | SYSTEM | EA alive. Tick=243500 Equity=44999.54 OpenPos=1 PendingOrders=0 UTC=2026.03.19 19:39 DayOfWeek=4 WeekendCloseActive=NO NewTradeBlocked=NO | 243500.000000
QD	0	13:40:14.881	Cazyxio_v4.3 (EURUSD,M15)	2026.03.19 19:40:14 | HEARTBEAT | SYSTEM | EA alive. Tick=243600 Equity=45013.34 OpenPos=1 PendingOrders=0 UTC=2026.03.19 19:40 DayOfWeek=4 WeekendCloseActive=NO NewTradeBlocked=NO | 243600.000000
CF	0	13:41:10.952	Cazyxio_v4.3 (EURUSD,M15)	2026.03.19 19:41:10 | HEARTBEAT | SYSTEM | EA alive. Tick=243700 Equity=45030.82 OpenPos=1 PendingOrders=0 UTC=2026.03.19 19:41 DayOfWeek=4 WeekendCloseActive=NO NewTradeBlocked=NO | 243700.000000
NP	0	13:41:56.892	Cazyxio_v4.3 (EURUSD,M15)	2026.03.19 19:41:56 | HEARTBEAT | SYSTEM | EA alive. Tick=243800 Equity=45028.98 OpenPos=1 PendingOrders=0 UTC=2026.03.19 19:41 DayOfWeek=4 WeekendCloseActive=NO NewTradeBlocked=NO | 243800.000000
HS	0	13:42:55.590	Cazyxio_v4.3 (EURUSD,M15)	2026.03.19 19:42:55 | HEARTBEAT | SYSTEM | EA alive. Tick=243900 Equity=45013.34 OpenPos=1 PendingOrders=0 UTC=2026.03.19 19:42 DayOfWeek=4 WeekendCloseActive=NO NewTradeBlocked=NO | 243900.000000
OM	0	13:43:42.910	Cazyxio_v4.3 (EURUSD,M15)	2026.03.19 19:43:42 | HEARTBEAT | SYSTEM | EA alive. Tick=244000 Equity=45015.18 OpenPos=1 PendingOrders=0 UTC=2026.03.19 19:43 DayOfWeek=4 WeekendCloseActive=NO NewTradeBlocked=NO | 244000.000000
PO	0	13:44:28.383	Cazyxio_v4.3 (EURUSD,M15)	2026.03.19 19:44:28 | HEARTBEAT | SYSTEM | EA alive. Tick=244100 Equity=45018.86 OpenPos=1 PendingOrders=0 UTC=2026.03.19 19:44 DayOfWeek=4 WeekendCloseActive=NO NewTradeBlocked=NO | 244100.000000
FH	0	13:47:23.037	Cazyxio_v4.3 (EURUSD,M15)	2026.03.19 19:47:23 | GATE_FAIL | GBPUSD | CopyBuffer failed for Daily EMA200.
MI	0	13:49:43.406	Cazyxio_v4.3 (EURUSD,M15)	2026.03.19 19:49:43 | GATE_FAIL | EURUSD | CopyBuffer failed for Daily EMA200.
PH	0	13:52:03.905	Cazyxio_v4.3 (EURUSD,M15)	2026.03.19 19:52:03 | GATE_FAIL | USDJPY | CopyBuffer failed for Daily EMA200.
RI	0	13:52:03.905	Cazyxio_v4.3 (EURUSD,M15)	2026.03.19 19:52:03 | BAR | AUDUSD | close=0.70853 h4ema200=0.70260 h4slope=UP dailyEMA200=0.67180 adx=20.2 ema50=0.70503 distToEMA50=35.0pips touchSeq=0 atr=0.001390 atrRatio=1.385 dir=LONG spread=17.0 spreadOK=YES atrGate=PASS touch=PASS momCandle=momClosePos=0.413 momOk=N ema50Ok=Y barRange=0.001210 zeroRangeBar=NO trigger=NO hasPos=YES portRisk=0.49% openPos=1 | 0.708530
NP	0	13:52:03.905	Cazyxio_v4.3 (EURUSD,M15)	2026.03.19 19:52:03 | POSITION_HEALTH | AUDUSD | ticket=4557363 dir=LONG openPrice=0.70361 curPrice=0.70809 unrealPnL=412.16 curR=1.869 MFE=63.4pips MAE=4.5pips timeOpen=324min SL=0.70721 TP=0.71200
LN	0	13:52:03.905	Cazyxio_v4.3 (EURUSD,M15)	2026.03.19 19:52:03 | BAR | GBPJPY | close=211.722 h4ema200=211.042 h4slope=UP dailyEMA200=205.055 adx=15.5 ema50=211.543 distToEMA50=17.9pips touchSeq=1 atr=0.177500 atrRatio=1.043 dir=LONG spread=42.0 spreadOK=NO atrGate=PASS touch=PASS momCandle=momClosePos=0.261 momOk=N ema50Ok=Y barRange=0.092000 zeroRangeBar=NO trigger=NO hasPos=NO portRisk=0.49% openPos=1 | 211.722000
GO	0	13:52:03.905	Cazyxio_v4.3 (EURUSD,M15)	2026.03.19 19:52:03 | GATE_FAIL | GBPJPY | Spread too wide. Spread=42.0 Max=30 points.
JR	0	13:52:03.905	Cazyxio_v4.3 (EURUSD,M15)	2026.03.19 19:52:03 | BAR | USDCAD | close=1.37320 h4ema200=1.36720 h4slope=UP dailyEMA200=1.38084 adx=33.3 ema50=1.37271 distToEMA50=4.9pips touchSeq=2 atr=0.001259 atrRatio=1.601 dir=NONE spread=23.0 spreadOK=YES atrGate=PASS touch=FAIL momCandle= zeroRangeBar=NO trigger=NO hasPos=NO portRisk=0.49% openPos=1 | 1.373200
RP	0	13:52:03.905	Cazyxio_v4.3 (EURUSD,M15)	2026.03.19 19:52:03 | GATE_FAIL | USDCAD | No directional bias. h4slope=UP closeNow=1.37320 h4ema200=1.36720 dailyEMA200=1.38084
LD	0	13:52:10.632	Cazyxio_v4.3 (EURUSD,M15)	2026.03.19 19:52:10 | HEARTBEAT | SYSTEM | EA alive. Tick=244200 Equity=44962.74 OpenPos=1 PendingOrders=0 UTC=2026.03.19 19:52 DayOfWeek=4 WeekendCloseActive=NO NewTradeBlocked=NO | 244200.000000
OG	0	13:53:07.619	Cazyxio_v4.3 (EURUSD,M15)	2026.03.19 19:53:07 | HEARTBEAT | SYSTEM | EA alive. Tick=244300 Equity=44966.42 OpenPos=1 PendingOrders=0 UTC=2026.03.19 19:53 DayOfWeek=4 WeekendCloseActive=NO NewTradeBlocked=NO | 244300.000000
QQ	0	13:54:18.416	Cazyxio_v4.3 (EURUSD,M15)	2026.03.19 19:54:18 | HEARTBEAT | SYSTEM | EA alive. Tick=244400 Equity=44968.26 OpenPos=1 PendingOrders=0 UTC=2026.03.19 19:54 DayOfWeek=4 WeekendCloseActive=NO NewTradeBlocked=NO | 244400.000000
DS	0	13:55:14.022	Cazyxio_v4.3 (EURUSD,M15)	2026.03.19 19:55:14 | HEARTBEAT | SYSTEM | EA alive. Tick=244500 Equity=44982.98 OpenPos=1 PendingOrders=0 UTC=2026.03.19 19:55 DayOfWeek=4 WeekendCloseActive=NO NewTradeBlocked=NO | 244500.000000
CM	0	13:56:11.771	Cazyxio_v4.3 (EURUSD,M15)	2026.03.19 19:56:11 | HEARTBEAT | SYSTEM | EA alive. Tick=244600 Equity=44982.06 OpenPos=1 PendingOrders=0 UTC=2026.03.19 19:56 DayOfWeek=4 WeekendCloseActive=NO NewTradeBlocked=NO | 244600.000000
KL	0	13:57:03.065	Cazyxio_v4.3 (EURUSD,M15)	2026.03.19 19:57:03 | HEARTBEAT | SYSTEM | EA alive. Tick=244700 Equity=44982.98 OpenPos=1 PendingOrders=0 UTC=2026.03.19 19:57 DayOfWeek=4 WeekendCloseActive=NO NewTradeBlocked=NO | 244700.000000
NN	0	13:57:59.732	Cazyxio_v4.3 (EURUSD,M15)	2026.03.19 19:57:59 | HEARTBEAT | SYSTEM | EA alive. Tick=244800 Equity=45004.14 OpenPos=1 PendingOrders=0 UTC=2026.03.19 19:57 DayOfWeek=4 WeekendCloseActive=NO NewTradeBlocked=NO | 244800.000000
HH	0	13:58:42.517	Cazyxio_v4.3 (EURUSD,M15)	2026.03.19 19:58:42 | HEARTBEAT | SYSTEM | EA alive. Tick=244900 Equity=44999.54 OpenPos=1 PendingOrders=0 UTC=2026.03.19 19:58 DayOfWeek=4 WeekendCloseActive=NO NewTradeBlocked=NO | 244900.000000
HJ	0	13:59:39.482	Cazyxio_v4.3 (EURUSD,M15)	2026.03.19 19:59:39 | HEARTBEAT | SYSTEM | EA alive. Tick=245000 Equity=44997.70 OpenPos=1 PendingOrders=0 UTC=2026.03.19 19:59 DayOfWeek=4 WeekendCloseActive=NO NewTradeBlocked=NO | 245000.000000
RE	0	14:02:22.943	Cazyxio_v4.3 (EURUSD,M15)	2026.03.19 20:02:22 | GATE_FAIL | EURUSD | CopyBuffer failed for Daily EMA200.
QD	0	14:04:43.431	Cazyxio_v4.3 (EURUSD,M15)	2026.03.19 20:04:43 | GATE_FAIL | USDJPY | CopyBuffer failed for Daily EMA200.
JH	0	14:04:43.431	Cazyxio_v4.3 (EURUSD,M15)	2026.03.19 20:04:43 | BAR | AUDUSD | close=0.70838 h4ema200=0.70260 h4slope=UP dailyEMA200=0.67180 adx=20.2 ema50=0.70517 distToEMA50=32.1pips touchSeq=0 atr=0.001328 atrRatio=1.317 dir=LONG spread=18.0 spreadOK=YES atrGate=PASS touch=PASS momCandle=momClosePos=0.677 momOk=Y ema50Ok=Y barRange=0.000620 zeroRangeBar=NO trigger=YES hasPos=YES portRisk=0.49% openPos=1 | 0.708380
GD	0	14:04:43.431	Cazyxio_v4.3 (EURUSD,M15)	2026.03.19 20:04:43 | POSITION_HEALTH | AUDUSD | ticket=4557363 dir=LONG openPrice=0.70361 curPrice=0.70844 unrealPnL=444.36 curR=2.015 MFE=63.4pips MAE=4.5pips timeOpen=337min SL=0.70721 TP=0.71200
EJ	0	14:04:43.431	Cazyxio_v4.3 (EURUSD,M15)	2026.03.19 20:04:43 | BAR | GBPJPY | close=211.706 h4ema200=211.042 h4slope=UP dailyEMA200=205.055 adx=15.5 ema50=211.551 distToEMA50=15.5pips touchSeq=2 atr=0.171357 atrRatio=1.005 dir=LONG spread=45.0 spreadOK=NO atrGate=PASS touch=PASS momCandle=momClosePos=0.638 momOk=N ema50Ok=Y barRange=0.127000 zeroRangeBar=NO trigger=NO hasPos=NO portRisk=0.49% openPos=1 | 211.706000
MS	0	14:04:43.431	Cazyxio_v4.3 (EURUSD,M15)	2026.03.19 20:04:43 | GATE_FAIL | GBPJPY | Spread too wide. Spread=45.0 Max=30 points.
RO	0	14:04:43.431	Cazyxio_v4.3 (EURUSD,M15)	2026.03.19 20:04:43 | BAR | USDCAD | close=1.37369 h4ema200=1.36720 h4slope=UP dailyEMA200=1.38084 adx=33.3 ema50=1.37275 distToEMA50=9.4pips touchSeq=3 atr=0.001206 atrRatio=1.529 dir=NONE spread=24.0 spreadOK=YES atrGate=PASS touch=FAIL momCandle= zeroRangeBar=NO trigger=NO hasPos=NO portRisk=0.49% openPos=1 | 1.373690
NM	0	14:04:43.431	Cazyxio_v4.3 (EURUSD,M15)	2026.03.19 20:04:43 | GATE_FAIL | USDCAD | No directional bias. h4slope=UP closeNow=1.37369 h4ema200=1.36720 dailyEMA200=1.38084
PQ	0	14:07:04.364	Cazyxio_v4.3 (EURUSD,M15)	2026.03.19 20:07:04 | GATE_FAIL | GBPUSD | CopyBuffer failed for Daily EMA200.
OL	0	14:08:02.262	Cazyxio_v4.3 (EURUSD,M15)	2026.03.19 20:08:02 | HEARTBEAT | SYSTEM | EA alive. Tick=245100 Equity=44993.10 OpenPos=1 PendingOrders=0 UTC=2026.03.19 20:08 DayOfWeek=4 WeekendCloseActive=NO NewTradeBlocked=YES | 245100.000000
PN	0	14:10:32.051	Cazyxio_v4.3 (EURUSD,M15)	2026.03.19 20:10:32 | HEARTBEAT | SYSTEM | EA alive. Tick=245200 Equity=44973.78 OpenPos=1 PendingOrders=0 UTC=2026.03.19 20:10 DayOfWeek=4 WeekendCloseActive=NO NewTradeBlocked=YES | 245200.000000
HP	0	14:13:49.563	Cazyxio_v4.3 (EURUSD,M15)	2026.03.19 20:13:49 | HEARTBEAT | SYSTEM | EA alive. Tick=245300 Equity=44983.90 OpenPos=1 PendingOrders=0 UTC=2026.03.19 20:13 DayOfWeek=4 WeekendCloseActive=NO NewTradeBlocked=YES | 245300.000000
PO	0	14:17:23.585	Cazyxio_v4.3 (EURUSD,M15)	2026.03.19 20:17:23 | GATE_FAIL | EURUSD | CopyBuffer failed for Daily EMA200.
HN	0	14:19:43.922	Cazyxio_v4.3 (EURUSD,M15)	2026.03.19 20:19:43 | GATE_FAIL | USDJPY | CopyBuffer failed for Daily EMA200.
QN	0	14:19:43.922	Cazyxio_v4.3 (EURUSD,M15)	2026.03.19 20:19:43 | BAR | AUDUSD | close=0.70844 h4ema200=0.70260 h4slope=UP dailyEMA200=0.67180 adx=20.2 ema50=0.70530 distToEMA50=31.4pips touchSeq=0 atr=0.001276 atrRatio=1.260 dir=LONG spread=15.0 spreadOK=YES atrGate=PASS touch=FAIL momCandle=momClosePos=0.558 momOk=N ema50Ok=Y barRange=0.000520 zeroRangeBar=NO trigger=NO hasPos=YES portRisk=0.49% openPos=1 | 0.708440
GN	0	14:19:43.922	Cazyxio_v4.3 (EURUSD,M15)	2026.03.19 20:19:43 | POSITION_HEALTH | AUDUSD | ticket=4557363 dir=LONG openPrice=0.70361 curPrice=0.70838 unrealPnL=438.84 curR=1.990 MFE=63.4pips MAE=4.5pips timeOpen=352min SL=0.70721 TP=0.71200
IL	0	14:19:43.922	Cazyxio_v4.3 (EURUSD,M15)	2026.03.19 20:19:43 | BAR | GBPJPY | close=211.724 h4ema200=211.042 h4slope=UP dailyEMA200=205.055 adx=15.5 ema50=211.557 distToEMA50=16.7pips touchSeq=3 atr=0.169429 atrRatio=0.991 dir=LONG spread=41.0 spreadOK=NO atrGate=PASS touch=PASS momCandle=momClosePos=0.239 momOk=N ema50Ok=Y barRange=0.109000 zeroRangeBar=NO trigger=NO hasPos=NO portRisk=0.49% openPos=1 | 211.724000
RI	0	14:19:43.922	Cazyxio_v4.3 (EURUSD,M15)	2026.03.19 20:19:43 | GATE_FAIL | GBPJPY | Spread too wide. Spread=41.0 Max=30 points.
IG	0	14:19:43.922	Cazyxio_v4.3 (EURUSD,M15)	2026.03.19 20:19:43 | BAR | USDCAD | close=1.37416 h4ema200=1.36720 h4slope=UP dailyEMA200=1.38084 adx=34.0 ema50=1.37283 distToEMA50=13.3pips touchSeq=4 atr=0.001116 atrRatio=1.410 dir=NONE spread=23.0 spreadOK=YES atrGate=PASS touch=FAIL momCandle= zeroRangeBar=NO trigger=NO hasPos=NO portRisk=0.49% openPos=1 | 1.374160
JR	0	14:19:43.922	Cazyxio_v4.3 (EURUSD,M15)	2026.03.19 20:19:43 | GATE_FAIL | USDCAD | No directional bias. h4slope=UP closeNow=1.37416 h4ema200=1.36720 dailyEMA200=1.38084
DK	0	14:22:04.867	Cazyxio_v4.3 (EURUSD,M15)	2026.03.19 20:22:04 | GATE_FAIL | GBPUSD | CopyBuffer failed for Daily EMA200.
MF	0	14:23:49.136	Cazyxio_v4.3 (EURUSD,M15)	2026.03.19 20:23:49 | HEARTBEAT | SYSTEM | EA alive. Tick=245400 Equity=44992.18 OpenPos=1 PendingOrders=0 UTC=2026.03.19 20:23 DayOfWeek=4 WeekendCloseActive=NO NewTradeBlocked=YES | 245400.000000
PH	0	14:26:54.097	Cazyxio_v4.3 (EURUSD,M15)	2026.03.19 20:26:54 | HEARTBEAT | SYSTEM | EA alive. Tick=245500 Equity=44996.78 OpenPos=1 PendingOrders=0 UTC=2026.03.19 20:26 DayOfWeek=4 WeekendCloseActive=NO NewTradeBlocked=YES | 245500.000000
PK	0	14:29:32.841	Cazyxio_v4.3 (EURUSD,M15)	2026.03.19 20:29:32 | HEARTBEAT | SYSTEM | EA alive. Tick=245600 Equity=45001.38 OpenPos=1 PendingOrders=0 UTC=2026.03.19 20:29 DayOfWeek=4 WeekendCloseActive=NO NewTradeBlocked=YES | 245600.000000
DP	0	14:32:28.395	Cazyxio_v4.3 (EURUSD,M15)	2026.03.19 20:32:28 | GATE_FAIL | GBPUSD | CopyBuffer failed for Daily EMA200.
DQ	0	14:34:48.808	Cazyxio_v4.3 (EURUSD,M15)	2026.03.19 20:34:48 | GATE_FAIL | EURUSD | CopyBuffer failed for Daily EMA200.
RP	0	14:37:09.205	Cazyxio_v4.3 (EURUSD,M15)	2026.03.19 20:37:09 | GATE_FAIL | USDJPY | CopyBuffer failed for Daily EMA200.
JM	0	14:37:09.205	Cazyxio_v4.3 (EURUSD,M15)	2026.03.19 20:37:09 | BAR | AUDUSD | close=0.70850 h4ema200=0.70261 h4slope=UP dailyEMA200=0.67180 adx=20.2 ema50=0.70543 distToEMA50=30.7pips touchSeq=0 atr=0.001214 atrRatio=1.195 dir=LONG spread=14.0 spreadOK=YES atrGate=PASS touch=FAIL momCandle=momClosePos=0.826 momOk=Y ema50Ok=Y barRange=0.000460 zeroRangeBar=NO trigger=YES hasPos=YES portRisk=0.49% openPos=1 | 0.708500
PH	0	14:37:09.205	Cazyxio_v4.3 (EURUSD,M15)	2026.03.19 20:37:09 | POSITION_HEALTH | AUDUSD | ticket=4557363 dir=LONG openPrice=0.70361 curPrice=0.70855 unrealPnL=454.48 curR=2.061 MFE=63.4pips MAE=4.5pips timeOpen=370min SL=0.70721 TP=0.71200
NK	0	14:37:09.205	Cazyxio_v4.3 (EURUSD,M15)	2026.03.19 20:37:09 | BAR | GBPJPY | close=211.764 h4ema200=211.041 h4slope=UP dailyEMA200=205.055 adx=15.5 ema50=211.563 distToEMA50=20.1pips touchSeq=4 atr=0.165357 atrRatio=0.964 dir=LONG spread=46.0 spreadOK=NO atrGate=PASS touch=PASS momCandle=momClosePos=0.780 momOk=Y ema50Ok=Y barRange=0.091000 zeroRangeBar=NO trigger=YES hasPos=NO portRisk=0.49% openPos=1 | 211.764000
IG	0	14:37:09.205	Cazyxio_v4.3 (EURUSD,M15)	2026.03.19 20:37:09 | GATE_FAIL | GBPJPY | Spread too wide. Spread=46.0 Max=30 points.
FI	0	14:37:09.205	Cazyxio_v4.3 (EURUSD,M15)	2026.03.19 20:37:09 | BAR | USDCAD | close=1.37436 h4ema200=1.36720 h4slope=UP dailyEMA200=1.38085 adx=34.1 ema50=1.37289 distToEMA50=14.7pips touchSeq=0 atr=0.001069 atrRatio=1.348 dir=NONE spread=26.0 spreadOK=YES atrGate=PASS touch=FAIL momCandle= zeroRangeBar=NO trigger=NO hasPos=NO portRisk=0.49% openPos=1 | 1.374360
MH	0	14:37:09.205	Cazyxio_v4.3 (EURUSD,M15)	2026.03.19 20:37:09 | GATE_FAIL | USDCAD | No directional bias. h4slope=UP closeNow=1.37436 h4ema200=1.36720 dailyEMA200=1.38085
CP	0	14:40:21.281	Cazyxio_v4.3 (EURUSD,M15)	2026.03.19 20:40:21 | HEARTBEAT | SYSTEM | EA alive. Tick=245700 Equity=45000.46 OpenPos=1 PendingOrders=0 UTC=2026.03.19 20:40 DayOfWeek=4 WeekendCloseActive=NO NewTradeBlocked=YES | 245700.000000
KS	0	14:43:53.784	Cazyxio_v4.3 (EURUSD,M15)	2026.03.19 20:43:53 | HEARTBEAT | SYSTEM | EA alive. Tick=245800 Equity=45003.22 OpenPos=1 PendingOrders=0 UTC=2026.03.19 20:43 DayOfWeek=4 WeekendCloseActive=NO NewTradeBlocked=YES | 245800.000000
LI	0	14:47:22.992	Cazyxio_v4.3 (EURUSD,M15)	2026.03.19 20:47:22 | GATE_FAIL | EURUSD | CopyBuffer failed for Daily EMA200.
HI	0	14:49:43.362	Cazyxio_v4.3 (EURUSD,M15)	2026.03.19 20:49:43 | GATE_FAIL | USDJPY | CopyBuffer failed for Daily EMA200.
JE	0	14:49:43.362	Cazyxio_v4.3 (EURUSD,M15)	2026.03.19 20:49:43 | BAR | AUDUSD | close=0.70859 h4ema200=0.70260 h4slope=UP dailyEMA200=0.67180 adx=20.2 ema50=0.70555 distToEMA50=30.4pips touchSeq=0 atr=0.001095 atrRatio=1.075 dir=LONG spread=20.0 spreadOK=YES atrGate=PASS touch=FAIL momCandle=momClosePos=0.727 momOk=Y ema50Ok=Y barRange=0.000330 zeroRangeBar=NO trigger=YES hasPos=YES portRisk=0.49% openPos=1 | 0.708590
CP	0	14:49:43.362	Cazyxio_v4.3 (EURUSD,M15)	2026.03.19 20:49:43 | POSITION_HEALTH | AUDUSD | ticket=4557363 dir=LONG openPrice=0.70361 curPrice=0.70842 unrealPnL=442.52 curR=2.007 MFE=63.4pips MAE=4.5pips timeOpen=382min SL=0.70721 TP=0.71200
DP	0	14:49:43.362	Cazyxio_v4.3 (EURUSD,M15)	2026.03.19 20:49:43 | BAR | GBPJPY | close=211.753 h4ema200=211.043 h4slope=UP dailyEMA200=205.056 adx=15.5 ema50=211.576 distToEMA50=17.7pips touchSeq=5 atr=0.163071 atrRatio=0.948 dir=LONG spread=71.0 spreadOK=NO atrGate=PASS touch=PASS momCandle=momClosePos=0.843 momOk=Y ema50Ok=Y barRange=0.115000 zeroRangeBar=NO trigger=YES hasPos=NO portRisk=0.49% openPos=1 | 211.753000
KN	0	14:49:43.362	Cazyxio_v4.3 (EURUSD,M15)	2026.03.19 20:49:43 | GATE_FAIL | GBPJPY | Spread too wide. Spread=71.0 Max=30 points.
EM	0	14:49:43.362	Cazyxio_v4.3 (EURUSD,M15)	2026.03.19 20:49:43 | BAR | USDCAD | close=1.37418 h4ema200=1.36720 h4slope=UP dailyEMA200=1.38084 adx=34.1 ema50=1.37293 distToEMA50=12.5pips touchSeq=1 atr=0.001010 atrRatio=1.271 dir=NONE spread=38.0 spreadOK=NO atrGate=PASS touch=FAIL momCandle= zeroRangeBar=NO trigger=NO hasPos=NO portRisk=0.49% openPos=1 | 1.374180
RP	0	14:49:43.362	Cazyxio_v4.3 (EURUSD,M15)	2026.03.19 20:49:43 | GATE_FAIL | USDCAD | No directional bias. h4slope=UP closeNow=1.37418 h4ema200=1.36720 dailyEMA200=1.38084
ED	0	14:52:08.893	Cazyxio_v4.3 (EURUSD,M15)	2026.03.19 20:52:08 | GATE_FAIL | GBPUSD | CopyBuffer failed for Daily EMA200.
GH	0	14:53:09.066	Cazyxio_v4.3 (EURUSD,M15)	2026.03.19 20:53:09 | HEARTBEAT | SYSTEM | EA alive. Tick=245900 Equity=44989.42 OpenPos=1 PendingOrders=0 UTC=2026.03.19 20:53 DayOfWeek=4 WeekendCloseActive=NO NewTradeBlocked=YES | 245900.000000
QK	0	14:55:04.872	Cazyxio_v4.3 (EURUSD,M15)	2026.03.19 20:55:04 | HEARTBEAT | SYSTEM | EA alive. Tick=246000 Equity=44991.26 OpenPos=1 PendingOrders=0 UTC=2026.03.19 20:55 DayOfWeek=4 WeekendCloseActive=NO NewTradeBlocked=YES | 246000.000000
FM	0	14:56:51.679	Cazyxio_v4.3 (EURUSD,M15)	2026.03.19 20:56:51 | HEARTBEAT | SYSTEM | EA alive. Tick=246100 Equity=45002.30 OpenPos=1 PendingOrders=0 UTC=2026.03.19 20:56 DayOfWeek=4 WeekendCloseActive=NO NewTradeBlocked=YES | 246100.000000
JL	0	14:58:01.141	Cazyxio_v4.3 (EURUSD,M15)	2026.03.19 20:58:01 | HEARTBEAT | SYSTEM | EA alive. Tick=246200 Equity=45015.18 OpenPos=1 PendingOrders=0 UTC=2026.03.19 20:58 DayOfWeek=4 WeekendCloseActive=NO NewTradeBlocked=YES | 246200.000000
PN	0	14:59:13.086	Cazyxio_v4.3 (EURUSD,M15)	2026.03.19 20:59:13 | HEARTBEAT | SYSTEM | EA alive. Tick=246300 Equity=45001.38 OpenPos=1 PendingOrders=0 UTC=2026.03.19 20:59 DayOfWeek=4 WeekendCloseActive=NO NewTradeBlocked=YES | 246300.000000
RQ	0	15:00:01.588	Cazyxio_v4.3 (EURUSD,M15)	2026.03.19 21:00:01 | SESSION_WAIT | SYSTEM | Outside session. UTC_hour=21 Waiting.
HS	0	15:00:02.639	Cazyxio_v4.3 (EURUSD,M15)	2026.03.19 21:00:02 | DAILY_GUARD_RESET | SYSTEM | New trading day. StartEquity=44998.62 MaxDailyLossPct=2.00 | 44998.620000
LE	0	15:00:02.639	Cazyxio_v4.3 (EURUSD,M15)	2026.03.19 21:00:02 | DAILY_SUMMARY | SYSTEM | SESSION END SUMMARY | Bars=0 Signals=0 Orders=0 SLHits=0 LimitPlaced=0 LimitFilled=0 LimitExpired=0 FallbackOrders=0 | GateFails: DIR=0 SPR=0 ATR=0 TOUCH=0 MOM=0 ZRNG=0 COOL=0 WKND=0 ADX=0 DAILY_TF=0 | LotCapped=0 | Equity=44998.62 Balance=44547.82 DayPnL=0.00 DayDD=0.00% ActiveCooldowns=NONE
PJ	0	15:12:20.538	Cazyxio_v4.3 (EURUSD,M15)	2026.03.19 21:12:20 | HEARTBEAT | SYSTEM | EA alive. Tick=246400 Equity=45026.22 OpenPos=1 PendingOrders=0 UTC=2026.03.19 21:12 DayOfWeek=4 WeekendCloseActive=NO NewTradeBlocked=YES | 246400.000000
QL	0	15:23:29.088	Cazyxio_v4.3 (EURUSD,M15)	2026.03.19 21:23:29 | HEARTBEAT | SYSTEM | EA alive. Tick=246500 Equity=44967.80 OpenPos=1 PendingOrders=0 UTC=2026.03.19 21:23 DayOfWeek=4 WeekendCloseActive=NO NewTradeBlocked=YES | 246500.000000
OO	0	15:31:57.638	Cazyxio_v4.3 (EURUSD,M15)	2026.03.19 21:31:57 | HEARTBEAT | SYSTEM | EA alive. Tick=246600 Equity=44977.92 OpenPos=1 PendingOrders=0 UTC=2026.03.19 21:31 DayOfWeek=4 WeekendCloseActive=NO NewTradeBlocked=YES | 246600.000000
PQ	0	15:38:00.756	Cazyxio_v4.3 (EURUSD,M15)	2026.03.19 21:38:00 | HEARTBEAT | SYSTEM | EA alive. Tick=246700 Equity=44977.00 OpenPos=1 PendingOrders=0 UTC=2026.03.19 21:38 DayOfWeek=4 WeekendCloseActive=NO NewTradeBlocked=YES | 246700.000000
FS	0	15:43:09.832	Cazyxio_v4.3 (EURUSD,M15)	2026.03.19 21:43:09 | HEARTBEAT | SYSTEM | EA alive. Tick=246800 Equity=44976.08 OpenPos=1 PendingOrders=0 UTC=2026.03.19 21:43 DayOfWeek=4 WeekendCloseActive=NO NewTradeBlocked=YES | 246800.000000
HR	0	15:55:36.041	Cazyxio_v4.3 (EURUSD,M15)	2026.03.19 21:55:36 | HEARTBEAT | SYSTEM | EA alive. Tick=246900 Equity=45015.64 OpenPos=1 PendingOrders=0 UTC=2026.03.19 21:55 DayOfWeek=4 WeekendCloseActive=NO NewTradeBlocked=YES | 246900.000000
KE	0	16:00:00.755	Cazyxio_v4.3 (EURUSD,M15)	2026.03.19 22:00:00 | SESSION_WAIT | SYSTEM | Outside session. UTC_hour=22 Waiting.
PD	0	16:00:02.683	Cazyxio_v4.3 (EURUSD,M15)	2026.03.19 22:00:02 | HEARTBEAT | SYSTEM | EA alive. Tick=247000 Equity=45003.68 OpenPos=1 PendingOrders=0 UTC=2026.03.19 22:00 DayOfWeek=4 WeekendCloseActive=NO NewTradeBlocked=YES | 247000.000000
JG	0	16:02:31.764	Cazyxio_v4.3 (EURUSD,M15)	2026.03.19 22:02:31 | HEARTBEAT | SYSTEM | EA alive. Tick=247100 Equity=45051.52 OpenPos=1 PendingOrders=0 UTC=2026.03.19 22:02 DayOfWeek=4 WeekendCloseActive=NO NewTradeBlocked=YES | 247100.000000
LI	0	16:07:18.294	Cazyxio_v4.3 (EURUSD,M15)	2026.03.19 22:07:18 | HEARTBEAT | SYSTEM | EA alive. Tick=247200 Equity=45031.28 OpenPos=1 PendingOrders=0 UTC=2026.03.19 22:07 DayOfWeek=4 WeekendCloseActive=NO NewTradeBlocked=YES | 247200.000000
JK	0	16:10:52.089	Cazyxio_v4.3 (EURUSD,M15)	2026.03.19 22:10:52 | HEARTBEAT | SYSTEM | EA alive. Tick=247300 Equity=45040.48 OpenPos=1 PendingOrders=0 UTC=2026.03.19 22:10 DayOfWeek=4 WeekendCloseActive=NO NewTradeBlocked=YES | 247300.000000
IJ	0	16:13:38.293	Cazyxio_v4.3 (EURUSD,M15)	2026.03.19 22:13:38 | HEARTBEAT | SYSTEM | EA alive. Tick=247400 Equity=45045.08 OpenPos=1 PendingOrders=0 UTC=2026.03.19 22:13 DayOfWeek=4 WeekendCloseActive=NO NewTradeBlocked=YES | 247400.000000
IL	0	16:15:50.082	Cazyxio_v4.3 (EURUSD,M15)	2026.03.19 22:15:50 | HEARTBEAT | SYSTEM | EA alive. Tick=247500 Equity=45049.68 OpenPos=1 PendingOrders=0 UTC=2026.03.19 22:15 DayOfWeek=4 WeekendCloseActive=NO NewTradeBlocked=YES | 247500.000000
KO	0	16:18:18.425	Cazyxio_v4.3 (EURUSD,M15)	2026.03.19 22:18:18 | HEARTBEAT | SYSTEM | EA alive. Tick=247600 Equity=45033.12 OpenPos=1 PendingOrders=0 UTC=2026.03.19 22:18 DayOfWeek=4 WeekendCloseActive=NO NewTradeBlocked=YES | 247600.000000
RQ	0	16:20:10.108	Cazyxio_v4.3 (EURUSD,M15)	2026.03.19 22:20:10 | HEARTBEAT | SYSTEM | EA alive. Tick=247700 Equity=45049.68 OpenPos=1 PendingOrders=0 UTC=2026.03.19 22:20 DayOfWeek=4 WeekendCloseActive=NO NewTradeBlocked=YES | 247700.000000
IS	0	16:21:55.478	Cazyxio_v4.3 (EURUSD,M15)	2026.03.19 22:21:55 | HEARTBEAT | SYSTEM | EA alive. Tick=247800 Equity=45053.36 OpenPos=1 PendingOrders=0 UTC=2026.03.19 22:21 DayOfWeek=4 WeekendCloseActive=NO NewTradeBlocked=YES | 247800.000000
PR	0	16:23:47.925	Cazyxio_v4.3 (EURUSD,M15)	2026.03.19 22:23:47 | HEARTBEAT | SYSTEM | EA alive. Tick=247900 Equity=45043.24 OpenPos=1 PendingOrders=0 UTC=2026.03.19 22:23 DayOfWeek=4 WeekendCloseActive=NO NewTradeBlocked=YES | 247900.000000
RD	0	16:25:31.378	Cazyxio_v4.3 (EURUSD,M15)	2026.03.19 22:25:31 | HEARTBEAT | SYSTEM | EA alive. Tick=248000 Equity=45028.52 OpenPos=1 PendingOrders=0 UTC=2026.03.19 22:25 DayOfWeek=4 WeekendCloseActive=NO NewTradeBlocked=YES | 248000.000000
FF	0	16:26:45.736	Cazyxio_v4.3 (EURUSD,M15)	2026.03.19 22:26:45 | HEARTBEAT | SYSTEM | EA alive. Tick=248100 Equity=45024.84 OpenPos=1 PendingOrders=0 UTC=2026.03.19 22:26 DayOfWeek=4 WeekendCloseActive=NO NewTradeBlocked=YES | 248100.000000
LI	0	16:28:34.518	Cazyxio_v4.3 (EURUSD,M15)	2026.03.19 22:28:34 | HEARTBEAT | SYSTEM | EA alive. Tick=248200 Equity=45026.68 OpenPos=1 PendingOrders=0 UTC=2026.03.19 22:28 DayOfWeek=4 WeekendCloseActive=NO NewTradeBlocked=YES | 248200.000000
JK	0	16:30:27.867	Cazyxio_v4.3 (EURUSD,M15)	2026.03.19 22:30:27 | HEARTBEAT | SYSTEM | EA alive. Tick=248300 Equity=45015.64 OpenPos=1 PendingOrders=0 UTC=2026.03.19 22:30 DayOfWeek=4 WeekendCloseActive=NO NewTradeBlocked=YES | 248300.000000
QJ	0	16:31:53.791	Cazyxio_v4.3 (EURUSD,M15)	2026.03.19 22:31:53 | HEARTBEAT | SYSTEM | EA alive. Tick=248400 Equity=45007.36 OpenPos=1 PendingOrders=0 UTC=2026.03.19 22:31 DayOfWeek=4 WeekendCloseActive=NO NewTradeBlocked=YES | 248400.000000
HL	0	16:33:40.077	Cazyxio_v4.3 (EURUSD,M15)	2026.03.19 22:33:40 | HEARTBEAT | SYSTEM | EA alive. Tick=248500 Equity=45005.52 OpenPos=1 PendingOrders=0 UTC=2026.03.19 22:33 DayOfWeek=4 WeekendCloseActive=NO NewTradeBlocked=YES | 248500.000000
GN	0	16:35:38.289	Cazyxio_v4.3 (EURUSD,M15)	2026.03.19 22:35:38 | HEARTBEAT | SYSTEM | EA alive. Tick=248600 Equity=44988.04 OpenPos=1 PendingOrders=0 UTC=2026.03.19 22:35 DayOfWeek=4 WeekendCloseActive=NO NewTradeBlocked=YES | 248600.000000
NQ	0	16:36:48.900	Cazyxio_v4.3 (EURUSD,M15)	2026.03.19 22:36:48 | HEARTBEAT | SYSTEM | EA alive. Tick=248700 Equity=44987.12 OpenPos=1 PendingOrders=0 UTC=2026.03.19 22:36 DayOfWeek=4 WeekendCloseActive=NO NewTradeBlocked=YES | 248700.000000
DS	0	16:38:21.638	Cazyxio_v4.3 (EURUSD,M15)	2026.03.19 22:38:21 | HEARTBEAT | SYSTEM | EA alive. Tick=248800 Equity=44998.16 OpenPos=1 PendingOrders=0 UTC=2026.03.19 22:38 DayOfWeek=4 WeekendCloseActive=NO NewTradeBlocked=YES | 248800.000000
ME	0	16:40:20.462	Cazyxio_v4.3 (EURUSD,M15)	2026.03.19 22:40:20 | HEARTBEAT | SYSTEM | EA alive. Tick=248900 Equity=44992.64 OpenPos=1 PendingOrders=0 UTC=2026.03.19 22:40 DayOfWeek=4 WeekendCloseActive=NO NewTradeBlocked=YES | 248900.000000
QD	0	16:42:01.801	Cazyxio_v4.3 (EURUSD,M15)	2026.03.19 22:42:01 | HEARTBEAT | SYSTEM | EA alive. Tick=249000 Equity=44986.20 OpenPos=1 PendingOrders=0 UTC=2026.03.19 22:42 DayOfWeek=4 WeekendCloseActive=NO NewTradeBlocked=YES | 249000.000000
GF	0	16:43:44.139	Cazyxio_v4.3 (EURUSD,M15)	2026.03.19 22:43:44 | HEARTBEAT | SYSTEM | EA alive. Tick=249100 Equity=45002.76 OpenPos=1 PendingOrders=0 UTC=2026.03.19 22:43 DayOfWeek=4 WeekendCloseActive=NO NewTradeBlocked=YES | 249100.000000
HI	0	16:45:03.302	Cazyxio_v4.3 (EURUSD,M15)	2026.03.19 22:45:03 | HEARTBEAT | SYSTEM | EA alive. Tick=249200 Equity=44986.20 OpenPos=1 PendingOrders=0 UTC=2026.03.19 22:45 DayOfWeek=4 WeekendCloseActive=NO NewTradeBlocked=YES | 249200.000000
QK	0	16:47:18.931	Cazyxio_v4.3 (EURUSD,M15)	2026.03.19 22:47:18 | HEARTBEAT | SYSTEM | EA alive. Tick=249300 Equity=44984.36 OpenPos=1 PendingOrders=0 UTC=2026.03.19 22:47 DayOfWeek=4 WeekendCloseActive=NO NewTradeBlocked=YES | 249300.000000
MM	0	16:50:21.209	Cazyxio_v4.3 (EURUSD,M15)	2026.03.19 22:50:21 | HEARTBEAT | SYSTEM | EA alive. Tick=249400 Equity=44964.12 OpenPos=1 PendingOrders=0 UTC=2026.03.19 22:50 DayOfWeek=4 WeekendCloseActive=NO NewTradeBlocked=YES | 249400.000000
RL	0	16:52:09.259	Cazyxio_v4.3 (EURUSD,M15)	2026.03.19 22:52:09 | HEARTBEAT | SYSTEM | EA alive. Tick=249500 Equity=44969.64 OpenPos=1 PendingOrders=0 UTC=2026.03.19 22:52 DayOfWeek=4 WeekendCloseActive=NO NewTradeBlocked=YES | 249500.000000
DN	0	16:54:46.422	Cazyxio_v4.3 (EURUSD,M15)	2026.03.19 22:54:46 | HEARTBEAT | SYSTEM | EA alive. Tick=249600 Equity=44974.24 OpenPos=1 PendingOrders=0 UTC=2026.03.19 22:54 DayOfWeek=4 WeekendCloseActive=NO NewTradeBlocked=YES | 249600.000000
NP	0	16:57:51.432	Cazyxio_v4.3 (EURUSD,M15)	2026.03.19 22:57:51 | HEARTBEAT | SYSTEM | EA alive. Tick=249700 Equity=44977.92 OpenPos=1 PendingOrders=0 UTC=2026.03.19 22:57 DayOfWeek=4 WeekendCloseActive=NO NewTradeBlocked=YES | 249700.000000
IR	0	17:00:00.372	Cazyxio_v4.3 (EURUSD,M15)	2026.03.19 23:00:00 | SESSION_WAIT | SYSTEM | Outside session. UTC_hour=23 Waiting.
QS	0	17:00:03.797	Cazyxio_v4.3 (EURUSD,M15)	2026.03.19 23:00:03 | HEARTBEAT | SYSTEM | EA alive. Tick=249800 Equity=44967.80 OpenPos=1 PendingOrders=0 UTC=2026.03.19 23:00 DayOfWeek=4 WeekendCloseActive=NO NewTradeBlocked=YES | 249800.000000
HE	0	17:01:24.414	Cazyxio_v4.3 (EURUSD,M15)	2026.03.19 23:01:24 | HEARTBEAT | SYSTEM | EA alive. Tick=249900 Equity=44994.48 OpenPos=1 PendingOrders=0 UTC=2026.03.19 23:01 DayOfWeek=4 WeekendCloseActive=NO NewTradeBlocked=YES | 249900.000000
PD	0	17:03:01.595	Cazyxio_v4.3 (EURUSD,M15)	2026.03.19 23:03:01 | HEARTBEAT | SYSTEM | EA alive. Tick=250000 Equity=44991.72 OpenPos=1 PendingOrders=0 UTC=2026.03.19 23:03 DayOfWeek=4 WeekendCloseActive=NO NewTradeBlocked=YES | 250000.000000
LF	0	17:05:23.114	Cazyxio_v4.3 (EURUSD,M15)	2026.03.19 23:05:23 | HEARTBEAT | SYSTEM | EA alive. Tick=250100 Equity=44997.24 OpenPos=1 PendingOrders=0 UTC=2026.03.19 23:05 DayOfWeek=4 WeekendCloseActive=NO NewTradeBlocked=YES | 250100.000000
DH	0	17:07:09.683	Cazyxio_v4.3 (EURUSD,M15)	2026.03.19 23:07:09 | HEARTBEAT | SYSTEM | EA alive. Tick=250200 Equity=44991.72 OpenPos=1 PendingOrders=0 UTC=2026.03.19 23:07 DayOfWeek=4 WeekendCloseActive=NO NewTradeBlocked=YES | 250200.000000
PK	0	17:08:46.102	Cazyxio_v4.3 (EURUSD,M15)	2026.03.19 23:08:46 | HEARTBEAT | SYSTEM | EA alive. Tick=250300 Equity=45010.12 OpenPos=1 PendingOrders=0 UTC=2026.03.19 23:08 DayOfWeek=4 WeekendCloseActive=NO NewTradeBlocked=YES | 250300.000000
CM	0	17:10:12.706	Cazyxio_v4.3 (EURUSD,M15)	2026.03.19 23:10:12 | HEARTBEAT | SYSTEM | EA alive. Tick=250400 Equity=45024.84 OpenPos=1 PendingOrders=0 UTC=2026.03.19 23:10 DayOfWeek=4 WeekendCloseActive=NO NewTradeBlocked=YES | 250400.000000
KL	0	17:11:52.788	Cazyxio_v4.3 (EURUSD,M15)	2026.03.19 23:11:52 | HEARTBEAT | SYSTEM | EA alive. Tick=250500 Equity=45011.96 OpenPos=1 PendingOrders=0 UTC=2026.03.19 23:11 DayOfWeek=4 WeekendCloseActive=NO NewTradeBlocked=YES | 250500.000000
EN	0	17:13:20.206	Cazyxio_v4.3 (EURUSD,M15)	2026.03.19 23:13:20 | HEARTBEAT | SYSTEM | EA alive. Tick=250600 Equity=45010.12 OpenPos=1 PendingOrders=0 UTC=2026.03.19 23:13 DayOfWeek=4 WeekendCloseActive=NO NewTradeBlocked=YES | 250600.000000
CP	0	17:15:36.515	Cazyxio_v4.3 (EURUSD,M15)	2026.03.19 23:15:36 | HEARTBEAT | SYSTEM | EA alive. Tick=250700 Equity=44994.48 OpenPos=1 PendingOrders=0 UTC=2026.03.19 23:15 DayOfWeek=4 WeekendCloseActive=NO NewTradeBlocked=YES | 250700.000000
KS	0	17:18:27.571	Cazyxio_v4.3 (EURUSD,M15)	2026.03.19 23:18:27 | HEARTBEAT | SYSTEM | EA alive. Tick=250800 Equity=44995.40 OpenPos=1 PendingOrders=0 UTC=2026.03.19 23:18 DayOfWeek=4 WeekendCloseActive=NO NewTradeBlocked=YES | 250800.000000
IE	0	17:22:55.195	Cazyxio_v4.3 (EURUSD,M15)	2026.03.19 23:22:55 | HEARTBEAT | SYSTEM | EA alive. Tick=250900 Equity=44983.44 OpenPos=1 PendingOrders=0 UTC=2026.03.19 23:22 DayOfWeek=4 WeekendCloseActive=NO NewTradeBlocked=YES | 250900.000000
OG	0	17:25:46.338	Cazyxio_v4.3 (EURUSD,M15)	2026.03.19 23:25:46 | HEARTBEAT | SYSTEM | EA alive. Tick=251000 Equity=44975.16 OpenPos=1 PendingOrders=0 UTC=2026.03.19 23:25 DayOfWeek=4 WeekendCloseActive=NO NewTradeBlocked=YES | 251000.000000
OF	0	17:28:36.456	Cazyxio_v4.3 (EURUSD,M15)	2026.03.19 23:28:36 | HEARTBEAT | SYSTEM | EA alive. Tick=251100 Equity=44982.52 OpenPos=1 PendingOrders=0 UTC=2026.03.19 23:28 DayOfWeek=4 WeekendCloseActive=NO NewTradeBlocked=YES | 251100.000000
QH	0	17:31:38.802	Cazyxio_v4.3 (EURUSD,M15)	2026.03.19 23:31:38 | HEARTBEAT | SYSTEM | EA alive. Tick=251200 Equity=44970.56 OpenPos=1 PendingOrders=0 UTC=2026.03.19 23:31 DayOfWeek=4 WeekendCloseActive=NO NewTradeBlocked=YES | 251200.000000
OK	0	17:34:37.311	Cazyxio_v4.3 (EURUSD,M15)	2026.03.19 23:34:37 | HEARTBEAT | SYSTEM | EA alive. Tick=251300 Equity=44966.88 OpenPos=1 PendingOrders=0 UTC=2026.03.19 23:34 DayOfWeek=4 WeekendCloseActive=NO NewTradeBlocked=YES | 251300.000000
CM	0	17:37:22.638	Cazyxio_v4.3 (EURUSD,M15)	2026.03.19 23:37:22 | HEARTBEAT | SYSTEM | EA alive. Tick=251400 Equity=44963.20 OpenPos=1 PendingOrders=0 UTC=2026.03.19 23:37 DayOfWeek=4 WeekendCloseActive=NO NewTradeBlocked=YES | 251400.000000
GO	0	17:39:21.853	Cazyxio_v4.3 (EURUSD,M15)	2026.03.19 23:39:21 | HEARTBEAT | SYSTEM | EA alive. Tick=251500 Equity=44950.32 OpenPos=1 PendingOrders=0 UTC=2026.03.19 23:39 DayOfWeek=4 WeekendCloseActive=NO NewTradeBlocked=YES | 251500.000000
IN	0	17:41:03.409	Cazyxio_v4.3 (EURUSD,M15)	2026.03.19 23:41:03 | HEARTBEAT | SYSTEM | EA alive. Tick=251600 Equity=44937.44 OpenPos=1 PendingOrders=0 UTC=2026.03.19 23:41 DayOfWeek=4 WeekendCloseActive=NO NewTradeBlocked=YES | 251600.000000
DP	0	17:43:46.502	Cazyxio_v4.3 (EURUSD,M15)	2026.03.19 23:43:46 | HEARTBEAT | SYSTEM | EA alive. Tick=251700 Equity=44954.00 OpenPos=1 PendingOrders=0 UTC=2026.03.19 23:43 DayOfWeek=4 WeekendCloseActive=NO NewTradeBlocked=YES | 251700.000000
GR	0	17:46:10.145	Cazyxio_v4.3 (EURUSD,M15)	2026.03.19 23:46:10 | HEARTBEAT | SYSTEM | EA alive. Tick=251800 Equity=44948.48 OpenPos=1 PendingOrders=0 UTC=2026.03.19 23:46 DayOfWeek=4 WeekendCloseActive=NO NewTradeBlocked=YES | 251800.000000
ME	0	17:48:32.289	Cazyxio_v4.3 (EURUSD,M15)	2026.03.19 23:48:32 | HEARTBEAT | SYSTEM | EA alive. Tick=251900 Equity=44949.40 OpenPos=1 PendingOrders=0 UTC=2026.03.19 23:48 DayOfWeek=4 WeekendCloseActive=NO NewTradeBlocked=YES | 251900.000000
NG	0	17:51:16.242	Cazyxio_v4.3 (EURUSD,M15)	2026.03.19 23:51:16 | HEARTBEAT | SYSTEM | EA alive. Tick=252000 Equity=44934.68 OpenPos=1 PendingOrders=0 UTC=2026.03.19 23:51 DayOfWeek=4 WeekendCloseActive=NO NewTradeBlocked=YES | 252000.000000
CF	0	17:54:05.803	Cazyxio_v4.3 (EURUSD,M15)	2026.03.19 23:54:05 | HEARTBEAT | SYSTEM | EA alive. Tick=252100 Equity=44951.24 OpenPos=1 PendingOrders=0 UTC=2026.03.19 23:54 DayOfWeek=4 WeekendCloseActive=NO NewTradeBlocked=YES | 252100.000000
HH	0	17:56:58.335	Cazyxio_v4.3 (EURUSD,M15)	2026.03.19 23:56:58 | HEARTBEAT | SYSTEM | EA alive. Tick=252200 Equity=44969.64 OpenPos=1 PendingOrders=0 UTC=2026.03.19 23:56 DayOfWeek=4 WeekendCloseActive=NO NewTradeBlocked=YES | 252200.000000
PJ	0	17:59:39.581	Cazyxio_v4.3 (EURUSD,M15)	2026.03.19 23:59:39 | HEARTBEAT | SYSTEM | EA alive. Tick=252300 Equity=44942.96 OpenPos=1 PendingOrders=0 UTC=2026.03.19 23:59 DayOfWeek=4 WeekendCloseActive=NO NewTradeBlocked=YES | 252300.000000
CO	0	18:00:01.311	Cazyxio_v4.3 (EURUSD,M15)	2026.03.20 00:00:01 | SESSION_WAIT | SYSTEM | Outside session. UTC_hour=0 Waiting.
DM	0	18:01:42.967	Cazyxio_v4.3 (EURUSD,M15)	2026.03.20 00:01:42 | HEARTBEAT | SYSTEM | EA alive. Tick=252400 Equity=44955.84 OpenPos=1 PendingOrders=0 UTC=2026.03.20 00:01 DayOfWeek=5 WeekendCloseActive=NO NewTradeBlocked=YES | 252400.000000
NO	0	18:04:01.445	Cazyxio_v4.3 (EURUSD,M15)	2026.03.20 00:04:01 | HEARTBEAT | SYSTEM | EA alive. Tick=252500 Equity=44937.44 OpenPos=1 PendingOrders=0 UTC=2026.03.20 00:04 DayOfWeek=5 WeekendCloseActive=NO NewTradeBlocked=YES | 252500.000000
OQ	0	18:05:44.476	Cazyxio_v4.3 (EURUSD,M15)	2026.03.20 00:05:44 | HEARTBEAT | SYSTEM | EA alive. Tick=252600 Equity=44927.32 OpenPos=1 PendingOrders=0 UTC=2026.03.20 00:05 DayOfWeek=5 WeekendCloseActive=NO NewTradeBlocked=YES | 252600.000000
IP	0	18:07:53.421	Cazyxio_v4.3 (EURUSD,M15)	2026.03.20 00:07:53 | HEARTBEAT | SYSTEM | EA alive. Tick=252700 Equity=44937.44 OpenPos=1 PendingOrders=0 UTC=2026.03.20 00:07 DayOfWeek=5 WeekendCloseActive=NO NewTradeBlocked=YES | 252700.000000
OR	0	18:10:26.282	Cazyxio_v4.3 (EURUSD,M15)	2026.03.20 00:10:26 | HEARTBEAT | SYSTEM | EA alive. Tick=252800 Equity=44967.80 OpenPos=1 PendingOrders=0 UTC=2026.03.20 00:10 DayOfWeek=5 WeekendCloseActive=NO NewTradeBlocked=YES | 252800.000000
LE	0	18:12:24.145	Cazyxio_v4.3 (EURUSD,M15)	2026.03.20 00:12:24 | HEARTBEAT | SYSTEM | EA alive. Tick=252900 Equity=44965.96 OpenPos=1 PendingOrders=0 UTC=2026.03.20 00:12 DayOfWeek=5 WeekendCloseActive=NO NewTradeBlocked=YES | 252900.000000
GG	0	18:15:09.259	Cazyxio_v4.3 (EURUSD,M15)	2026.03.20 00:15:09 | HEARTBEAT | SYSTEM | EA alive. Tick=253000 Equity=44962.28 OpenPos=1 PendingOrders=0 UTC=2026.03.20 00:15 DayOfWeek=5 WeekendCloseActive=NO NewTradeBlocked=YES | 253000.000000
KI	0	18:16:44.357	Cazyxio_v4.3 (EURUSD,M15)	2026.03.20 00:16:44 | HEARTBEAT | SYSTEM | EA alive. Tick=253100 Equity=44970.56 OpenPos=1 PendingOrders=0 UTC=2026.03.20 00:16 DayOfWeek=5 WeekendCloseActive=NO NewTradeBlocked=YES | 253100.000000
MH	0	18:19:00.708	Cazyxio_v4.3 (EURUSD,M15)	2026.03.20 00:19:00 | HEARTBEAT | SYSTEM | EA alive. Tick=253200 Equity=44942.96 OpenPos=1 PendingOrders=0 UTC=2026.03.20 00:19 DayOfWeek=5 WeekendCloseActive=NO NewTradeBlocked=YES | 253200.000000
GJ	0	18:20:51.836	Cazyxio_v4.3 (EURUSD,M15)	2026.03.20 00:20:51 | HEARTBEAT | SYSTEM | EA alive. Tick=253300 Equity=44922.72 OpenPos=1 PendingOrders=0 UTC=2026.03.20 00:20 DayOfWeek=5 WeekendCloseActive=NO NewTradeBlocked=YES | 253300.000000
GL	0	18:22:37.066	Cazyxio_v4.3 (EURUSD,M15)	2026.03.20 00:22:37 | HEARTBEAT | SYSTEM | EA alive. Tick=253400 Equity=44929.16 OpenPos=1 PendingOrders=0 UTC=2026.03.20 00:22 DayOfWeek=5 WeekendCloseActive=NO NewTradeBlocked=YES | 253400.000000
NO	0	18:24:12.404	Cazyxio_v4.3 (EURUSD,M15)	2026.03.20 00:24:12 | HEARTBEAT | SYSTEM | EA alive. Tick=253500 Equity=44897.88 OpenPos=1 PendingOrders=0 UTC=2026.03.20 00:24 DayOfWeek=5 WeekendCloseActive=NO NewTradeBlocked=YES | 253500.000000
PQ	0	18:26:10.329	Cazyxio_v4.3 (EURUSD,M15)	2026.03.20 00:26:10 | HEARTBEAT | SYSTEM | EA alive. Tick=253600 Equity=44916.28 OpenPos=1 PendingOrders=0 UTC=2026.03.20 00:26 DayOfWeek=5 WeekendCloseActive=NO NewTradeBlocked=YES | 253600.000000
PP	0	18:28:24.780	Cazyxio_v4.3 (EURUSD,M15)	2026.03.20 00:28:24 | HEARTBEAT | SYSTEM | EA alive. Tick=253700 Equity=44911.68 OpenPos=1 PendingOrders=0 UTC=2026.03.20 00:28 DayOfWeek=5 WeekendCloseActive=NO NewTradeBlocked=YES | 253700.000000
ER	0	18:30:41.275	Cazyxio_v4.3 (EURUSD,M15)	2026.03.20 00:30:41 | HEARTBEAT | SYSTEM | EA alive. Tick=253800 Equity=44906.16 OpenPos=1 PendingOrders=0 UTC=2026.03.20 00:30 DayOfWeek=5 WeekendCloseActive=NO NewTradeBlocked=YES | 253800.000000
MD	0	18:32:22.615	Cazyxio_v4.3 (EURUSD,M15)	2026.03.20 00:32:22 | HEARTBEAT | SYSTEM | EA alive. Tick=253900 Equity=44908.92 OpenPos=1 PendingOrders=0 UTC=2026.03.20 00:32 DayOfWeek=5 WeekendCloseActive=NO NewTradeBlocked=YES | 253900.000000
JG	0	18:34:40.821	Cazyxio_v4.3 (EURUSD,M15)	2026.03.20 00:34:40 | HEARTBEAT | SYSTEM | EA alive. Tick=254000 Equity=44887.76 OpenPos=1 PendingOrders=0 UTC=2026.03.20 00:34 DayOfWeek=5 WeekendCloseActive=NO NewTradeBlocked=YES | 254000.000000
DI	0	18:36:37.094	Cazyxio_v4.3 (EURUSD,M15)	2026.03.20 00:36:37 | HEARTBEAT | SYSTEM | EA alive. Tick=254100 Equity=44903.40 OpenPos=1 PendingOrders=0 UTC=2026.03.20 00:36 DayOfWeek=5 WeekendCloseActive=NO NewTradeBlocked=YES | 254100.000000
PK	0	18:38:29.055	Cazyxio_v4.3 (EURUSD,M15)	2026.03.20 00:38:29 | HEARTBEAT | SYSTEM | EA alive. Tick=254200 Equity=44911.68 OpenPos=1 PendingOrders=0 UTC=2026.03.20 00:38 DayOfWeek=5 WeekendCloseActive=NO NewTradeBlocked=YES | 254200.000000
FJ	0	18:40:40.959	Cazyxio_v4.3 (EURUSD,M15)	2026.03.20 00:40:40 | HEARTBEAT | SYSTEM | EA alive. Tick=254300 Equity=44935.60 OpenPos=1 PendingOrders=0 UTC=2026.03.20 00:40 DayOfWeek=5 WeekendCloseActive=NO NewTradeBlocked=YES | 254300.000000
LL	0	18:43:06.257	Cazyxio_v4.3 (EURUSD,M15)	2026.03.20 00:43:06 | HEARTBEAT | SYSTEM | EA alive. Tick=254400 Equity=44936.52 OpenPos=1 PendingOrders=0 UTC=2026.03.20 00:43 DayOfWeek=5 WeekendCloseActive=NO NewTradeBlocked=YES | 254400.000000
MO	0	18:44:58.972	Cazyxio_v4.3 (EURUSD,M15)	2026.03.20 00:44:58 | HEARTBEAT | SYSTEM | EA alive. Tick=254500 Equity=44947.56 OpenPos=1 PendingOrders=0 UTC=2026.03.20 00:44 DayOfWeek=5 WeekendCloseActive=NO NewTradeBlocked=YES | 254500.000000
OQ	0	18:46:46.362	Cazyxio_v4.3 (EURUSD,M15)	2026.03.20 00:46:46 | HEARTBEAT | SYSTEM | EA alive. Tick=254600 Equity=44942.96 OpenPos=1 PendingOrders=0 UTC=2026.03.20 00:46 DayOfWeek=5 WeekendCloseActive=NO NewTradeBlocked=YES | 254600.000000
QS	0	18:48:03.097	Cazyxio_v4.3 (EURUSD,M15)	2026.03.20 00:48:03 | HEARTBEAT | SYSTEM | EA alive. Tick=254700 Equity=44941.12 OpenPos=1 PendingOrders=0 UTC=2026.03.20 00:48 DayOfWeek=5 WeekendCloseActive=NO NewTradeBlocked=YES | 254700.000000
OR	0	18:49:47.335	Cazyxio_v4.3 (EURUSD,M15)	2026.03.20 00:49:47 | HEARTBEAT | SYSTEM | EA alive. Tick=254800 Equity=44952.16 OpenPos=1 PendingOrders=0 UTC=2026.03.20 00:49 DayOfWeek=5 WeekendCloseActive=NO NewTradeBlocked=YES | 254800.000000
ID	0	18:51:52.639	Cazyxio_v4.3 (EURUSD,M15)	2026.03.20 00:51:52 | HEARTBEAT | SYSTEM | EA alive. Tick=254900 Equity=44948.48 OpenPos=1 PendingOrders=0 UTC=2026.03.20 00:51 DayOfWeek=5 WeekendCloseActive=NO NewTradeBlocked=YES | 254900.000000
NF	0	18:54:00.233	Cazyxio_v4.3 (EURUSD,M15)	2026.03.20 00:54:00 | HEARTBEAT | SYSTEM | EA alive. Tick=255000 Equity=44947.56 OpenPos=1 PendingOrders=0 UTC=2026.03.20 00:54 DayOfWeek=5 WeekendCloseActive=NO NewTradeBlocked=YES | 255000.000000
KI	0	18:55:31.569	Cazyxio_v4.3 (EURUSD,M15)	2026.03.20 00:55:31 | HEARTBEAT | SYSTEM | EA alive. Tick=255100 Equity=44948.48 OpenPos=1 PendingOrders=0 UTC=2026.03.20 00:55 DayOfWeek=5 WeekendCloseActive=NO NewTradeBlocked=YES | 255100.000000
KK	0	18:57:56.543	Cazyxio_v4.3 (EURUSD,M15)	2026.03.20 00:57:56 | HEARTBEAT | SYSTEM | EA alive. Tick=255200 Equity=44945.72 OpenPos=1 PendingOrders=0 UTC=2026.03.20 00:57 DayOfWeek=5 WeekendCloseActive=NO NewTradeBlocked=YES | 255200.000000
NJ	0	18:59:29.864	Cazyxio_v4.3 (EURUSD,M15)	2026.03.20 00:59:29 | HEARTBEAT | SYSTEM | EA alive. Tick=255300 Equity=44959.52 OpenPos=1 PendingOrders=0 UTC=2026.03.20 00:59 DayOfWeek=5 WeekendCloseActive=NO NewTradeBlocked=YES | 255300.000000
FN	0	19:00:00.555	Cazyxio_v4.3 (EURUSD,M15)	2026.03.20 01:00:00 | SESSION_WAIT | SYSTEM | Outside session. UTC_hour=1 Waiting.
PL	0	19:00:29.010	Cazyxio_v4.3 (EURUSD,M15)	2026.03.20 01:00:29 | HEARTBEAT | SYSTEM | EA alive. Tick=255400 Equity=44991.72 OpenPos=1 PendingOrders=0 UTC=2026.03.20 01:00 DayOfWeek=5 WeekendCloseActive=NO NewTradeBlocked=YES | 255400.000000
PN	0	19:01:22.906	Cazyxio_v4.3 (EURUSD,M15)	2026.03.20 01:01:22 | HEARTBEAT | SYSTEM | EA alive. Tick=255500 Equity=45014.72 OpenPos=1 PendingOrders=0 UTC=2026.03.20 01:01 DayOfWeek=5 WeekendCloseActive=NO NewTradeBlocked=YES | 255500.000000
JQ	0	19:02:23.640	Cazyxio_v4.3 (EURUSD,M15)	2026.03.20 01:02:23 | HEARTBEAT | SYSTEM | EA alive. Tick=255600 Equity=45023.92 OpenPos=1 PendingOrders=0 UTC=2026.03.20 01:02 DayOfWeek=5 WeekendCloseActive=NO NewTradeBlocked=YES | 255600.000000
LS	0	19:03:31.873	Cazyxio_v4.3 (EURUSD,M15)	2026.03.20 01:03:31 | HEARTBEAT | SYSTEM | EA alive. Tick=255700 Equity=45023.00 OpenPos=1 PendingOrders=0 UTC=2026.03.20 01:03 DayOfWeek=5 WeekendCloseActive=NO NewTradeBlocked=YES | 255700.000000
IE	0	19:04:43.228	Cazyxio_v4.3 (EURUSD,M15)	2026.03.20 01:04:43 | HEARTBEAT | SYSTEM | EA alive. Tick=255800 Equity=45029.44 OpenPos=1 PendingOrders=0 UTC=2026.03.20 01:04 DayOfWeek=5 WeekendCloseActive=NO NewTradeBlocked=YES | 255800.000000
OD	0	19:05:38.735	Cazyxio_v4.3 (EURUSD,M15)	2026.03.20 01:05:38 | HEARTBEAT | SYSTEM | EA alive. Tick=255900 Equity=45032.20 OpenPos=1 PendingOrders=0 UTC=2026.03.20 01:05 DayOfWeek=5 WeekendCloseActive=NO NewTradeBlocked=YES | 255900.000000
IF	0	19:06:54.466	Cazyxio_v4.3 (EURUSD,M15)	2026.03.20 01:06:54 | HEARTBEAT | SYSTEM | EA alive. Tick=256000 Equity=45037.72 OpenPos=1 PendingOrders=0 UTC=2026.03.20 01:06 DayOfWeek=5 WeekendCloseActive=NO NewTradeBlocked=YES | 256000.000000
RI	0	19:08:26.865	Cazyxio_v4.3 (EURUSD,M15)	2026.03.20 01:08:26 | HEARTBEAT | SYSTEM | EA alive. Tick=256100 Equity=45051.52 OpenPos=1 PendingOrders=0 UTC=2026.03.20 01:08 DayOfWeek=5 WeekendCloseActive=NO NewTradeBlocked=YES | 256100.000000
EK	0	19:09:42.405	Cazyxio_v4.3 (EURUSD,M15)	2026.03.20 01:09:42 | HEARTBEAT | SYSTEM | EA alive. Tick=256200 Equity=45051.52 OpenPos=1 PendingOrders=0 UTC=2026.03.20 01:09 DayOfWeek=5 WeekendCloseActive=NO NewTradeBlocked=YES | 256200.000000
PM	0	19:10:54.691	Cazyxio_v4.3 (EURUSD,M15)	2026.03.20 01:10:54 | HEARTBEAT | SYSTEM | EA alive. Tick=256300 Equity=45037.72 OpenPos=1 PendingOrders=0 UTC=2026.03.20 01:10 DayOfWeek=5 WeekendCloseActive=NO NewTradeBlocked=YES | 256300.000000
ML	0	19:12:19.292	Cazyxio_v4.3 (EURUSD,M15)	2026.03.20 01:12:19 | HEARTBEAT | SYSTEM | EA alive. Tick=256400 Equity=45018.40 OpenPos=1 PendingOrders=0 UTC=2026.03.20 01:12 DayOfWeek=5 WeekendCloseActive=NO NewTradeBlocked=YES | 256400.000000
KN	0	19:13:56.309	Cazyxio_v4.3 (EURUSD,M15)	2026.03.20 01:13:56 | HEARTBEAT | SYSTEM | EA alive. Tick=256500 Equity=45042.32 OpenPos=1 PendingOrders=0 UTC=2026.03.20 01:13 DayOfWeek=5 WeekendCloseActive=NO NewTradeBlocked=YES | 256500.000000
GP	0	19:15:19.467	Cazyxio_v4.3 (EURUSD,M15)	2026.03.20 01:15:19 | HEARTBEAT | SYSTEM | EA alive. Tick=256600 Equity=45020.24 OpenPos=1 PendingOrders=0 UTC=2026.03.20 01:15 DayOfWeek=5 WeekendCloseActive=NO NewTradeBlocked=YES | 256600.000000
LS	0	19:16:38.710	Cazyxio_v4.3 (EURUSD,M15)	2026.03.20 01:16:38 | HEARTBEAT | SYSTEM | EA alive. Tick=256700 Equity=45033.12 OpenPos=1 PendingOrders=0 UTC=2026.03.20 01:16 DayOfWeek=5 WeekendCloseActive=NO NewTradeBlocked=YES | 256700.000000
LE	0	19:18:00.388	Cazyxio_v4.3 (EURUSD,M15)	2026.03.20 01:18:00 | HEARTBEAT | SYSTEM | EA alive. Tick=256800 Equity=45025.76 OpenPos=1 PendingOrders=0 UTC=2026.03.20 01:18 DayOfWeek=5 WeekendCloseActive=NO NewTradeBlocked=YES | 256800.000000
JD	0	19:19:22.842	Cazyxio_v4.3 (EURUSD,M15)	2026.03.20 01:19:22 | HEARTBEAT | SYSTEM | EA alive. Tick=256900 Equity=44998.16 OpenPos=1 PendingOrders=0 UTC=2026.03.20 01:19 DayOfWeek=5 WeekendCloseActive=NO NewTradeBlocked=YES | 256900.000000
NF	0	19:21:19.778	Cazyxio_v4.3 (EURUSD,M15)	2026.03.20 01:21:19 | HEARTBEAT | SYSTEM | EA alive. Tick=257000 Equity=44989.88 OpenPos=1 PendingOrders=0 UTC=2026.03.20 01:21 DayOfWeek=5 WeekendCloseActive=NO NewTradeBlocked=YES | 257000.000000
OH	0	19:23:04.718	Cazyxio_v4.3 (EURUSD,M15)	2026.03.20 01:23:04 | HEARTBEAT | SYSTEM | EA alive. Tick=257100 Equity=44997.24 OpenPos=1 PendingOrders=0 UTC=2026.03.20 01:23 DayOfWeek=5 WeekendCloseActive=NO NewTradeBlocked=YES | 257100.000000
DK	0	19:24:41.589	Cazyxio_v4.3 (EURUSD,M15)	2026.03.20 01:24:41 | HEARTBEAT | SYSTEM | EA alive. Tick=257200 Equity=44998.16 OpenPos=1 PendingOrders=0 UTC=2026.03.20 01:24 DayOfWeek=5 WeekendCloseActive=NO NewTradeBlocked=YES | 257200.000000
OM	0	19:26:19.013	Cazyxio_v4.3 (EURUSD,M15)	2026.03.20 01:26:19 | HEARTBEAT | SYSTEM | EA alive. Tick=257300 Equity=45001.84 OpenPos=1 PendingOrders=0 UTC=2026.03.20 01:26 DayOfWeek=5 WeekendCloseActive=NO NewTradeBlocked=YES | 257300.000000
IO	0	19:27:57.123	Cazyxio_v4.3 (EURUSD,M15)	2026.03.20 01:27:57 | HEARTBEAT | SYSTEM | EA alive. Tick=257400 Equity=45004.60 OpenPos=1 PendingOrders=0 UTC=2026.03.20 01:27 DayOfWeek=5 WeekendCloseActive=NO NewTradeBlocked=YES | 257400.000000
IN	0	19:30:06.368	Cazyxio_v4.3 (EURUSD,M15)	2026.03.20 01:30:06 | HEARTBEAT | SYSTEM | EA alive. Tick=257500 Equity=45012.88 OpenPos=1 PendingOrders=0 UTC=2026.03.20 01:30 DayOfWeek=5 WeekendCloseActive=NO NewTradeBlocked=YES | 257500.000000
PP	0	19:31:26.790	Cazyxio_v4.3 (EURUSD,M15)	2026.03.20 01:31:26 | HEARTBEAT | SYSTEM | EA alive. Tick=257600 Equity=45011.04 OpenPos=1 PendingOrders=0 UTC=2026.03.20 01:31 DayOfWeek=5 WeekendCloseActive=NO NewTradeBlocked=YES | 257600.000000
OS	0	19:33:59.050	Cazyxio_v4.3 (EURUSD,M15)	2026.03.20 01:33:59 | HEARTBEAT | SYSTEM | EA alive. Tick=257700 Equity=45015.64 OpenPos=1 PendingOrders=0 UTC=2026.03.20 01:33 DayOfWeek=5 WeekendCloseActive=NO NewTradeBlocked=YES | 257700.000000
IE	0	19:36:22.928	Cazyxio_v4.3 (EURUSD,M15)	2026.03.20 01:36:22 | HEARTBEAT | SYSTEM | EA alive. Tick=257800 Equity=45038.64 OpenPos=1 PendingOrders=0 UTC=2026.03.20 01:36 DayOfWeek=5 WeekendCloseActive=NO NewTradeBlocked=YES | 257800.000000
HG	0	19:38:28.088	Cazyxio_v4.3 (EURUSD,M15)	2026.03.20 01:38:28 | HEARTBEAT | SYSTEM | EA alive. Tick=257900 Equity=45028.52 OpenPos=1 PendingOrders=0 UTC=2026.03.20 01:38 DayOfWeek=5 WeekendCloseActive=NO NewTradeBlocked=YES | 257900.000000
GF	0	19:40:45.480	Cazyxio_v4.3 (EURUSD,M15)	2026.03.20 01:40:45 | HEARTBEAT | SYSTEM | EA alive. Tick=258000 Equity=45037.72 OpenPos=1 PendingOrders=0 UTC=2026.03.20 01:40 DayOfWeek=5 WeekendCloseActive=NO NewTradeBlocked=YES | 258000.000000
MH	0	19:43:02.080	Cazyxio_v4.3 (EURUSD,M15)	2026.03.20 01:43:02 | HEARTBEAT | SYSTEM | EA alive. Tick=258100 Equity=45007.36 OpenPos=1 PendingOrders=0 UTC=2026.03.20 01:43 DayOfWeek=5 WeekendCloseActive=NO NewTradeBlocked=YES | 258100.000000
CJ	0	19:45:10.573	Cazyxio_v4.3 (EURUSD,M15)	2026.03.20 01:45:10 | HEARTBEAT | SYSTEM | EA alive. Tick=258200 Equity=45023.00 OpenPos=1 PendingOrders=0 UTC=2026.03.20 01:45 DayOfWeek=5 WeekendCloseActive=NO NewTradeBlocked=YES | 258200.000000
LM	0	19:47:11.013	Cazyxio_v4.3 (EURUSD,M15)	2026.03.20 01:47:11 | HEARTBEAT | SYSTEM | EA alive. Tick=258300 Equity=45012.88 OpenPos=1 PendingOrders=0 UTC=2026.03.20 01:47 DayOfWeek=5 WeekendCloseActive=NO NewTradeBlocked=YES | 258300.000000
JO	0	19:49:20.885	Cazyxio_v4.3 (EURUSD,M15)	2026.03.20 01:49:20 | HEARTBEAT | SYSTEM | EA alive. Tick=258400 Equity=45013.80 OpenPos=1 PendingOrders=0 UTC=2026.03.20 01:49 DayOfWeek=5 WeekendCloseActive=NO NewTradeBlocked=YES | 258400.000000
EN	0	19:51:57.584	Cazyxio_v4.3 (EURUSD,M15)	2026.03.20 01:51:57 | HEARTBEAT | SYSTEM | EA alive. Tick=258500 Equity=44999.08 OpenPos=1 PendingOrders=0 UTC=2026.03.20 01:51 DayOfWeek=5 WeekendCloseActive=NO NewTradeBlocked=YES | 258500.000000
PP	0	19:55:21.614	Cazyxio_v4.3 (EURUSD,M15)	2026.03.20 01:55:21 | HEARTBEAT | SYSTEM | EA alive. Tick=258600 Equity=44981.60 OpenPos=1 PendingOrders=0 UTC=2026.03.20 01:55 DayOfWeek=5 WeekendCloseActive=NO NewTradeBlocked=YES | 258600.000000
LR	0	19:57:12.738	Cazyxio_v4.3 (EURUSD,M15)	2026.03.20 01:57:12 | HEARTBEAT | SYSTEM | EA alive. Tick=258700 Equity=44955.84 OpenPos=1 PendingOrders=0 UTC=2026.03.20 01:57 DayOfWeek=5 WeekendCloseActive=NO NewTradeBlocked=YES | 258700.000000
NE	0	19:59:09.938	Cazyxio_v4.3 (EURUSD,M15)	2026.03.20 01:59:09 | HEARTBEAT | SYSTEM | EA alive. Tick=258800 Equity=44977.00 OpenPos=1 PendingOrders=0 UTC=2026.03.20 01:59 DayOfWeek=5 WeekendCloseActive=NO NewTradeBlocked=YES | 258800.000000
GE	0	20:00:00.512	Cazyxio_v4.3 (EURUSD,M15)	2026.03.20 02:00:00 | SESSION_WAIT | SYSTEM | Outside session. UTC_hour=2 Waiting.
JG	0	20:01:07.369	Cazyxio_v4.3 (EURUSD,M15)	2026.03.20 02:01:07 | HEARTBEAT | SYSTEM | EA alive. Tick=258900 Equity=44981.60 OpenPos=1 PendingOrders=0 UTC=2026.03.20 02:01 DayOfWeek=5 WeekendCloseActive=NO NewTradeBlocked=YES | 258900.000000
CI	0	20:04:09.347	Cazyxio_v4.3 (EURUSD,M15)	2026.03.20 02:04:09 | HEARTBEAT | SYSTEM | EA alive. Tick=259000 Equity=44965.04 OpenPos=1 PendingOrders=0 UTC=2026.03.20 02:04 DayOfWeek=5 WeekendCloseActive=NO NewTradeBlocked=YES | 259000.000000
CH	0	20:05:54.279	Cazyxio_v4.3 (EURUSD,M15)	2026.03.20 02:05:54 | HEARTBEAT | SYSTEM | EA alive. Tick=259100 Equity=44966.88 OpenPos=1 PendingOrders=0 UTC=2026.03.20 02:05 DayOfWeek=5 WeekendCloseActive=NO NewTradeBlocked=YES | 259100.000000
QJ	0	20:07:24.582	Cazyxio_v4.3 (EURUSD,M15)	2026.03.20 02:07:24 | HEARTBEAT | SYSTEM | EA alive. Tick=259200 Equity=44972.40 OpenPos=1 PendingOrders=0 UTC=2026.03.20 02:07 DayOfWeek=5 WeekendCloseActive=NO NewTradeBlocked=YES | 259200.000000
JM	0	20:08:43.528	Cazyxio_v4.3 (EURUSD,M15)	2026.03.20 02:08:43 | HEARTBEAT | SYSTEM | EA alive. Tick=259300 Equity=44982.52 OpenPos=1 PendingOrders=0 UTC=2026.03.20 02:08 DayOfWeek=5 WeekendCloseActive=NO NewTradeBlocked=YES | 259300.000000
DO	0	20:10:22.266	Cazyxio_v4.3 (EURUSD,M15)	2026.03.20 02:10:22 | HEARTBEAT | SYSTEM | EA alive. Tick=259400 Equity=44976.08 OpenPos=1 PendingOrders=0 UTC=2026.03.20 02:10 DayOfWeek=5 WeekendCloseActive=NO NewTradeBlocked=YES | 259400.000000
GQ	0	20:12:09.612	Cazyxio_v4.3 (EURUSD,M15)	2026.03.20 02:12:09 | HEARTBEAT | SYSTEM | EA alive. Tick=259500 Equity=44978.84 OpenPos=1 PendingOrders=0 UTC=2026.03.20 02:12 DayOfWeek=5 WeekendCloseActive=NO NewTradeBlocked=YES | 259500.000000
PP	0	20:15:41.568	Cazyxio_v4.3 (EURUSD,M15)	2026.03.20 02:15:41 | HEARTBEAT | SYSTEM | EA alive. Tick=259600 Equity=44969.64 OpenPos=1 PendingOrders=0 UTC=2026.03.20 02:15 DayOfWeek=5 WeekendCloseActive=NO NewTradeBlocked=YES | 259600.000000
OR	0	20:17:52.187	Cazyxio_v4.3 (EURUSD,M15)	2026.03.20 02:17:52 | HEARTBEAT | SYSTEM | EA alive. Tick=259700 Equity=44972.40 OpenPos=1 PendingOrders=0 UTC=2026.03.20 02:17 DayOfWeek=5 WeekendCloseActive=NO NewTradeBlocked=YES | 259700.000000
ND	0	20:20:14.586	Cazyxio_v4.3 (EURUSD,M15)	2026.03.20 02:20:14 | HEARTBEAT | SYSTEM | EA alive. Tick=259800 Equity=44964.12 OpenPos=1 PendingOrders=0 UTC=2026.03.20 02:20 DayOfWeek=5 WeekendCloseActive=NO NewTradeBlocked=YES | 259800.000000
RG	0	20:22:08.628	Cazyxio_v4.3 (EURUSD,M15)	2026.03.20 02:22:08 | HEARTBEAT | SYSTEM | EA alive. Tick=259900 Equity=44971.48 OpenPos=1 PendingOrders=0 UTC=2026.03.20 02:22 DayOfWeek=5 WeekendCloseActive=NO NewTradeBlocked=YES | 259900.000000
QI	0	20:24:55.091	Cazyxio_v4.3 (EURUSD,M15)	2026.03.20 02:24:55 | HEARTBEAT | SYSTEM | EA alive. Tick=260000 Equity=44963.20 OpenPos=1 PendingOrders=0 UTC=2026.03.20 02:24 DayOfWeek=5 WeekendCloseActive=NO NewTradeBlocked=YES | 260000.000000
HH	0	20:28:40.718	Cazyxio_v4.3 (EURUSD,M15)	2026.03.20 02:28:40 | HEARTBEAT | SYSTEM | EA alive. Tick=260100 Equity=44986.20 OpenPos=1 PendingOrders=0 UTC=2026.03.20 02:28 DayOfWeek=5 WeekendCloseActive=NO NewTradeBlocked=YES | 260100.000000
GJ	0	20:30:38.623	Cazyxio_v4.3 (EURUSD,M15)	2026.03.20 02:30:38 | HEARTBEAT | SYSTEM | EA alive. Tick=260200 Equity=44977.92 OpenPos=1 PendingOrders=0 UTC=2026.03.20 02:30 DayOfWeek=5 WeekendCloseActive=NO NewTradeBlocked=YES | 260200.000000
FL	0	20:32:41.581	Cazyxio_v4.3 (EURUSD,M15)	2026.03.20 02:32:41 | HEARTBEAT | SYSTEM | EA alive. Tick=260300 Equity=44988.96 OpenPos=1 PendingOrders=0 UTC=2026.03.20 02:32 DayOfWeek=5 WeekendCloseActive=NO NewTradeBlocked=YES | 260300.000000
QO	0	20:35:32.929	Cazyxio_v4.3 (EURUSD,M15)	2026.03.20 02:35:32 | HEARTBEAT | SYSTEM | EA alive. Tick=260400 Equity=45003.68 OpenPos=1 PendingOrders=0 UTC=2026.03.20 02:35 DayOfWeek=5 WeekendCloseActive=NO NewTradeBlocked=YES | 260400.000000
GQ	0	20:37:14.402	Cazyxio_v4.3 (EURUSD,M15)	2026.03.20 02:37:14 | HEARTBEAT | SYSTEM | EA alive. Tick=260500 Equity=44978.84 OpenPos=1 PendingOrders=0 UTC=2026.03.20 02:37 DayOfWeek=5 WeekendCloseActive=NO NewTradeBlocked=YES | 260500.000000
CS	0	20:39:22.220	Cazyxio_v4.3 (EURUSD,M15)	2026.03.20 02:39:22 | HEARTBEAT | SYSTEM | EA alive. Tick=260600 Equity=44976.08 OpenPos=1 PendingOrders=0 UTC=2026.03.20 02:39 DayOfWeek=5 WeekendCloseActive=NO NewTradeBlocked=YES | 260600.000000
NR	0	20:41:51.865	Cazyxio_v4.3 (EURUSD,M15)	2026.03.20 02:41:51 | HEARTBEAT | SYSTEM | EA alive. Tick=260700 Equity=44987.12 OpenPos=1 PendingOrders=0 UTC=2026.03.20 02:41 DayOfWeek=5 WeekendCloseActive=NO NewTradeBlocked=YES | 260700.000000
KD	0	20:44:59.479	Cazyxio_v4.3 (EURUSD,M15)	2026.03.20 02:44:59 | HEARTBEAT | SYSTEM | EA alive. Tick=260800 Equity=44975.16 OpenPos=1 PendingOrders=0 UTC=2026.03.20 02:44 DayOfWeek=5 WeekendCloseActive=NO NewTradeBlocked=YES | 260800.000000
MG	0	20:48:34.273	Cazyxio_v4.3 (EURUSD,M15)	2026.03.20 02:48:34 | HEARTBEAT | SYSTEM | EA alive. Tick=260900 Equity=44991.72 OpenPos=1 PendingOrders=0 UTC=2026.03.20 02:48 DayOfWeek=5 WeekendCloseActive=NO NewTradeBlocked=YES | 260900.000000
CI	0	20:51:21.691	Cazyxio_v4.3 (EURUSD,M15)	2026.03.20 02:51:21 | HEARTBEAT | SYSTEM | EA alive. Tick=261000 Equity=44994.48 OpenPos=1 PendingOrders=0 UTC=2026.03.20 02:51 DayOfWeek=5 WeekendCloseActive=NO NewTradeBlocked=YES | 261000.000000
GK	0	20:54:01.071	Cazyxio_v4.3 (EURUSD,M15)	2026.03.20 02:54:01 | HEARTBEAT | SYSTEM | EA alive. Tick=261100 Equity=45013.80 OpenPos=1 PendingOrders=0 UTC=2026.03.20 02:54 DayOfWeek=5 WeekendCloseActive=NO NewTradeBlocked=YES | 261100.000000
DJ	0	20:56:30.703	Cazyxio_v4.3 (EURUSD,M15)	2026.03.20 02:56:30 | HEARTBEAT | SYSTEM | EA alive. Tick=261200 Equity=45023.00 OpenPos=1 PendingOrders=0 UTC=2026.03.20 02:56 DayOfWeek=5 WeekendCloseActive=NO NewTradeBlocked=YES | 261200.000000
ML	0	20:58:32.744	Cazyxio_v4.3 (EURUSD,M15)	2026.03.20 02:58:32 | HEARTBEAT | SYSTEM | EA alive. Tick=261300 Equity=45028.52 OpenPos=1 PendingOrders=0 UTC=2026.03.20 02:58 DayOfWeek=5 WeekendCloseActive=NO NewTradeBlocked=YES | 261300.000000
HL	0	21:00:00.312	Cazyxio_v4.3 (EURUSD,M15)	2026.03.20 03:00:00 | SESSION_WAIT | SYSTEM | Outside session. UTC_hour=3 Waiting.
ON	0	21:00:42.174	Cazyxio_v4.3 (EURUSD,M15)	2026.03.20 03:00:42 | HEARTBEAT | SYSTEM | EA alive. Tick=261400 Equity=45020.24 OpenPos=1 PendingOrders=0 UTC=2026.03.20 03:00 DayOfWeek=5 WeekendCloseActive=NO NewTradeBlocked=YES | 261400.000000
RQ	0	21:03:44.357	Cazyxio_v4.3 (EURUSD,M15)	2026.03.20 03:03:44 | HEARTBEAT | SYSTEM | EA alive. Tick=261500 Equity=45003.68 OpenPos=1 PendingOrders=0 UTC=2026.03.20 03:03 DayOfWeek=5 WeekendCloseActive=NO NewTradeBlocked=YES | 261500.000000
KS	0	21:06:30.247	Cazyxio_v4.3 (EURUSD,M15)	2026.03.20 03:06:30 | HEARTBEAT | SYSTEM | EA alive. Tick=261600 Equity=44993.56 OpenPos=1 PendingOrders=0 UTC=2026.03.20 03:06 DayOfWeek=5 WeekendCloseActive=NO NewTradeBlocked=YES | 261600.000000
CR	0	21:10:32.555	Cazyxio_v4.3 (EURUSD,M15)	2026.03.20 03:10:32 | HEARTBEAT | SYSTEM | EA alive. Tick=261700 Equity=45000.00 OpenPos=1 PendingOrders=0 UTC=2026.03.20 03:10 DayOfWeek=5 WeekendCloseActive=NO NewTradeBlocked=YES | 261700.000000
OD	0	21:12:27.144	Cazyxio_v4.3 (EURUSD,M15)	2026.03.20 03:12:27 | HEARTBEAT | SYSTEM | EA alive. Tick=261800 Equity=44988.04 OpenPos=1 PendingOrders=0 UTC=2026.03.20 03:12 DayOfWeek=5 WeekendCloseActive=NO NewTradeBlocked=YES | 261800.000000
IF	0	21:16:34.916	Cazyxio_v4.3 (EURUSD,M15)	2026.03.20 03:16:34 | HEARTBEAT | SYSTEM | EA alive. Tick=261900 Equity=44988.96 OpenPos=1 PendingOrders=0 UTC=2026.03.20 03:16 DayOfWeek=5 WeekendCloseActive=NO NewTradeBlocked=YES | 261900.000000
CI	0	21:19:04.734	Cazyxio_v4.3 (EURUSD,M15)	2026.03.20 03:19:04 | HEARTBEAT | SYSTEM | EA alive. Tick=262000 Equity=44998.16 OpenPos=1 PendingOrders=0 UTC=2026.03.20 03:19 DayOfWeek=5 WeekendCloseActive=NO NewTradeBlocked=YES | 262000.000000
FK	0	21:20:45.035	Cazyxio_v4.3 (EURUSD,M15)	2026.03.20 03:20:45 | HEARTBEAT | SYSTEM | EA alive. Tick=262100 Equity=45000.92 OpenPos=1 PendingOrders=0 UTC=2026.03.20 03:20 DayOfWeek=5 WeekendCloseActive=NO NewTradeBlocked=YES | 262100.000000
JM	0	21:24:39.013	Cazyxio_v4.3 (EURUSD,M15)	2026.03.20 03:24:39 | HEARTBEAT | SYSTEM | EA alive. Tick=262200 Equity=44990.80 OpenPos=1 PendingOrders=0 UTC=2026.03.20 03:24 DayOfWeek=5 WeekendCloseActive=NO NewTradeBlocked=YES | 262200.000000
CL	0	21:26:53.606	Cazyxio_v4.3 (EURUSD,M15)	2026.03.20 03:26:53 | HEARTBEAT | SYSTEM | EA alive. Tick=262300 Equity=44965.96 OpenPos=1 PendingOrders=0 UTC=2026.03.20 03:26 DayOfWeek=5 WeekendCloseActive=NO NewTradeBlocked=YES | 262300.000000
QN	0	21:30:01.736	Cazyxio_v4.3 (EURUSD,M15)	2026.03.20 03:30:01 | HEARTBEAT | SYSTEM | EA alive. Tick=262400 Equity=44992.64 OpenPos=1 PendingOrders=0 UTC=2026.03.20 03:30 DayOfWeek=5 WeekendCloseActive=NO NewTradeBlocked=YES | 262400.000000
DQ	0	21:34:10.371	Cazyxio_v4.3 (EURUSD,M15)	2026.03.20 03:34:10 | HEARTBEAT | SYSTEM | EA alive. Tick=262500 Equity=44981.60 OpenPos=1 PendingOrders=0 UTC=2026.03.20 03:34 DayOfWeek=5 WeekendCloseActive=NO NewTradeBlocked=YES | 262500.000000
MS	0	21:36:42.866	Cazyxio_v4.3 (EURUSD,M15)	2026.03.20 03:36:42 | HEARTBEAT | SYSTEM | EA alive. Tick=262600 Equity=44969.64 OpenPos=1 PendingOrders=0 UTC=2026.03.20 03:36 DayOfWeek=5 WeekendCloseActive=NO NewTradeBlocked=YES | 262600.000000
EE	0	21:40:48.171	Cazyxio_v4.3 (EURUSD,M15)	2026.03.20 03:40:48 | HEARTBEAT | SYSTEM | EA alive. Tick=262700 Equity=44972.40 OpenPos=1 PendingOrders=0 UTC=2026.03.20 03:40 DayOfWeek=5 WeekendCloseActive=NO NewTradeBlocked=YES | 262700.000000
PD	0	21:46:16.978	Cazyxio_v4.3 (EURUSD,M15)	2026.03.20 03:46:16 | HEARTBEAT | SYSTEM | EA alive. Tick=262800 Equity=44963.20 OpenPos=1 PendingOrders=0 UTC=2026.03.20 03:46 DayOfWeek=5 WeekendCloseActive=NO NewTradeBlocked=YES | 262800.000000
MF	0	21:51:11.939	Cazyxio_v4.3 (EURUSD,M15)	2026.03.20 03:51:11 | HEARTBEAT | SYSTEM | EA alive. Tick=262900 Equity=44942.96 OpenPos=1 PendingOrders=0 UTC=2026.03.20 03:51 DayOfWeek=5 WeekendCloseActive=NO NewTradeBlocked=YES | 262900.000000
GH	0	21:54:34.793	Cazyxio_v4.3 (EURUSD,M15)	2026.03.20 03:54:34 | HEARTBEAT | SYSTEM | EA alive. Tick=263000 Equity=44954.92 OpenPos=1 PendingOrders=0 UTC=2026.03.20 03:54 DayOfWeek=5 WeekendCloseActive=NO NewTradeBlocked=YES | 263000.000000
HK	0	21:59:48.607	Cazyxio_v4.3 (EURUSD,M15)	2026.03.20 03:59:48 | HEARTBEAT | SYSTEM | EA alive. Tick=263100 Equity=44966.88 OpenPos=1 PendingOrders=0 UTC=2026.03.20 03:59 DayOfWeek=5 WeekendCloseActive=NO NewTradeBlocked=YES | 263100.000000
DO	0	22:00:01.663	Cazyxio_v4.3 (EURUSD,M15)	2026.03.20 04:00:01 | SESSION_WAIT | SYSTEM | Outside session. UTC_hour=4 Waiting.
NM	0	22:04:21.953	Cazyxio_v4.3 (EURUSD,M15)	2026.03.20 04:04:21 | HEARTBEAT | SYSTEM | EA alive. Tick=263200 Equity=44973.32 OpenPos=1 PendingOrders=0 UTC=2026.03.20 04:04 DayOfWeek=5 WeekendCloseActive=NO NewTradeBlocked=YES | 263200.000000
QL	0	22:10:05.743	Cazyxio_v4.3 (EURUSD,M15)	2026.03.20 04:10:05 | HEARTBEAT | SYSTEM | EA alive. Tick=263300 Equity=44952.16 OpenPos=1 PendingOrders=0 UTC=2026.03.20 04:10 DayOfWeek=5 WeekendCloseActive=NO NewTradeBlocked=YES | 263300.000000
IN	0	22:14:24.245	Cazyxio_v4.3 (EURUSD,M15)	2026.03.20 04:14:24 | HEARTBEAT | SYSTEM | EA alive. Tick=263400 Equity=44967.80 OpenPos=1 PendingOrders=0 UTC=2026.03.20 04:14 DayOfWeek=5 WeekendCloseActive=NO NewTradeBlocked=YES | 263400.000000
OP	0	22:19:25.936	Cazyxio_v4.3 (EURUSD,M15)	2026.03.20 04:19:25 | HEARTBEAT | SYSTEM | EA alive. Tick=263500 Equity=44968.72 OpenPos=1 PendingOrders=0 UTC=2026.03.20 04:19 DayOfWeek=5 WeekendCloseActive=NO NewTradeBlocked=YES | 263500.000000
KS	0	22:23:48.673	Cazyxio_v4.3 (EURUSD,M15)	2026.03.20 04:23:48 | HEARTBEAT | SYSTEM | EA alive. Tick=263600 Equity=44940.20 OpenPos=1 PendingOrders=0 UTC=2026.03.20 04:23 DayOfWeek=5 WeekendCloseActive=NO NewTradeBlocked=YES | 263600.000000
IE	0	22:30:02.795	Cazyxio_v4.3 (EURUSD,M15)	2026.03.20 04:30:02 | HEARTBEAT | SYSTEM | EA alive. Tick=263700 Equity=44967.80 OpenPos=1 PendingOrders=0 UTC=2026.03.20 04:30 DayOfWeek=5 WeekendCloseActive=NO NewTradeBlocked=YES | 263700.000000
RG	0	22:37:09.759	Cazyxio_v4.3 (EURUSD,M15)	2026.03.20 04:37:09 | HEARTBEAT | SYSTEM | EA alive. Tick=263800 Equity=44972.40 OpenPos=1 PendingOrders=0 UTC=2026.03.20 04:37 DayOfWeek=5 WeekendCloseActive=NO NewTradeBlocked=YES | 263800.000000
QF	0	22:42:05.902	Cazyxio_v4.3 (EURUSD,M15)	2026.03.20 04:42:05 | HEARTBEAT | SYSTEM | EA alive. Tick=263900 Equity=44997.24 OpenPos=1 PendingOrders=0 UTC=2026.03.20 04:42 DayOfWeek=5 WeekendCloseActive=NO NewTradeBlocked=YES | 263900.000000
QH	0	22:47:14.334	Cazyxio_v4.3 (EURUSD,M15)	2026.03.20 04:47:14 | HEARTBEAT | SYSTEM | EA alive. Tick=264000 Equity=44986.20 OpenPos=1 PendingOrders=0 UTC=2026.03.20 04:47 DayOfWeek=5 WeekendCloseActive=NO NewTradeBlocked=YES | 264000.000000
GK	0	22:50:20.411	Cazyxio_v4.3 (EURUSD,M15)	2026.03.20 04:50:20 | HEARTBEAT | SYSTEM | EA alive. Tick=264100 Equity=45008.28 OpenPos=1 PendingOrders=0 UTC=2026.03.20 04:50 DayOfWeek=5 WeekendCloseActive=NO NewTradeBlocked=YES | 264100.000000
CM	0	22:53:42.269	Cazyxio_v4.3 (EURUSD,M15)	2026.03.20 04:53:42 | HEARTBEAT | SYSTEM | EA alive. Tick=264200 Equity=45026.68 OpenPos=1 PendingOrders=0 UTC=2026.03.20 04:53 DayOfWeek=5 WeekendCloseActive=NO NewTradeBlocked=YES | 264200.000000
QO	0	22:57:48.195	Cazyxio_v4.3 (EURUSD,M15)	2026.03.20 04:57:48 | HEARTBEAT | SYSTEM | EA alive. Tick=264300 Equity=45013.80 OpenPos=1 PendingOrders=0 UTC=2026.03.20 04:57 DayOfWeek=5 WeekendCloseActive=NO NewTradeBlocked=YES | 264300.000000
OL	0	23:00:00.799	Cazyxio_v4.3 (EURUSD,M15)	2026.03.20 05:00:00 | SESSION_WAIT | SYSTEM | Outside session. UTC_hour=5 Waiting.
CN	0	23:01:42.733	Cazyxio_v4.3 (EURUSD,M15)	2026.03.20 05:01:42 | HEARTBEAT | SYSTEM | EA alive. Tick=264400 Equity=45004.60 OpenPos=1 PendingOrders=0 UTC=2026.03.20 05:01 DayOfWeek=5 WeekendCloseActive=NO NewTradeBlocked=YES | 264400.000000
DP	0	23:03:49.226	Cazyxio_v4.3 (EURUSD,M15)	2026.03.20 05:03:49 | HEARTBEAT | SYSTEM | EA alive. Tick=264500 Equity=45023.92 OpenPos=1 PendingOrders=0 UTC=2026.03.20 05:03 DayOfWeek=5 WeekendCloseActive=NO NewTradeBlocked=YES | 264500.000000
OR	0	23:07:00.515	Cazyxio_v4.3 (EURUSD,M15)	2026.03.20 05:07:00 | HEARTBEAT | SYSTEM | EA alive. Tick=264600 Equity=45010.12 OpenPos=1 PendingOrders=0 UTC=2026.03.20 05:07 DayOfWeek=5 WeekendCloseActive=NO NewTradeBlocked=YES | 264600.000000
OE	0	23:10:05.053	Cazyxio_v4.3 (EURUSD,M15)	2026.03.20 05:10:05 | HEARTBEAT | SYSTEM | EA alive. Tick=264700 Equity=45039.56 OpenPos=1 PendingOrders=0 UTC=2026.03.20 05:10 DayOfWeek=5 WeekendCloseActive=NO NewTradeBlocked=YES | 264700.000000
QG	0	23:12:24.832	Cazyxio_v4.3 (EURUSD,M15)	2026.03.20 05:12:24 | HEARTBEAT | SYSTEM | EA alive. Tick=264800 Equity=45031.28 OpenPos=1 PendingOrders=0 UTC=2026.03.20 05:12 DayOfWeek=5 WeekendCloseActive=NO NewTradeBlocked=YES | 264800.000000
MF	0	23:15:01.865	Cazyxio_v4.3 (EURUSD,M15)	2026.03.20 05:15:01 | HEARTBEAT | SYSTEM | EA alive. Tick=264900 Equity=45049.68 OpenPos=1 PendingOrders=0 UTC=2026.03.20 05:15 DayOfWeek=5 WeekendCloseActive=NO NewTradeBlocked=YES | 264900.000000
EH	0	23:17:56.403	Cazyxio_v4.3 (EURUSD,M15)	2026.03.20 05:17:56 | HEARTBEAT | SYSTEM | EA alive. Tick=265000 Equity=45053.36 OpenPos=1 PendingOrders=0 UTC=2026.03.20 05:17 DayOfWeek=5 WeekendCloseActive=NO NewTradeBlocked=YES | 265000.000000
KJ	0	23:21:36.672	Cazyxio_v4.3 (EURUSD,M15)	2026.03.20 05:21:36 | HEARTBEAT | SYSTEM | EA alive. Tick=265100 Equity=45075.44 OpenPos=1 PendingOrders=0 UTC=2026.03.20 05:21 DayOfWeek=5 WeekendCloseActive=NO NewTradeBlocked=YES | 265100.000000
CM	0	23:25:05.456	Cazyxio_v4.3 (EURUSD,M15)	2026.03.20 05:25:05 | HEARTBEAT | SYSTEM | EA alive. Tick=265200 Equity=45074.52 OpenPos=1 PendingOrders=0 UTC=2026.03.20 05:25 DayOfWeek=5 WeekendCloseActive=NO NewTradeBlocked=YES | 265200.000000
MO	0	23:27:51.513	Cazyxio_v4.3 (EURUSD,M15)	2026.03.20 05:27:51 | HEARTBEAT | SYSTEM | EA alive. Tick=265300 Equity=45067.16 OpenPos=1 PendingOrders=0 UTC=2026.03.20 05:27 DayOfWeek=5 WeekendCloseActive=NO NewTradeBlocked=YES | 265300.000000
QQ	0	23:30:44.106	Cazyxio_v4.3 (EURUSD,M15)	2026.03.20 05:30:44 | HEARTBEAT | SYSTEM | EA alive. Tick=265400 Equity=45046.00 OpenPos=1 PendingOrders=0 UTC=2026.03.20 05:30 DayOfWeek=5 WeekendCloseActive=NO NewTradeBlocked=YES | 265400.000000
EP	0	23:33:26.966	Cazyxio_v4.3 (EURUSD,M15)	2026.03.20 05:33:26 | HEARTBEAT | SYSTEM | EA alive. Tick=265500 Equity=45045.08 OpenPos=1 PendingOrders=0 UTC=2026.03.20 05:33 DayOfWeek=5 WeekendCloseActive=NO NewTradeBlocked=YES | 265500.000000
CR	0	23:37:04.005	Cazyxio_v4.3 (EURUSD,M15)	2026.03.20 05:37:04 | HEARTBEAT | SYSTEM | EA alive. Tick=265600 Equity=45003.68 OpenPos=1 PendingOrders=0 UTC=2026.03.20 05:37 DayOfWeek=5 WeekendCloseActive=NO NewTradeBlocked=YES | 265600.000000
FE	0	23:42:16.661	Cazyxio_v4.3 (EURUSD,M15)	2026.03.20 05:42:16 | HEARTBEAT | SYSTEM | EA alive. Tick=265700 Equity=45010.12 OpenPos=1 PendingOrders=0 UTC=2026.03.20 05:42 DayOfWeek=5 WeekendCloseActive=NO NewTradeBlocked=YES | 265700.000000
EG	0	23:47:01.016	Cazyxio_v4.3 (EURUSD,M15)	2026.03.20 05:47:01 | HEARTBEAT | SYSTEM | EA alive. Tick=265800 Equity=45015.64 OpenPos=1 PendingOrders=0 UTC=2026.03.20 05:47 DayOfWeek=5 WeekendCloseActive=NO NewTradeBlocked=YES | 265800.000000
MI	0	23:49:20.743	Cazyxio_v4.3 (EURUSD,M15)	2026.03.20 05:49:20 | HEARTBEAT | SYSTEM | EA alive. Tick=265900 Equity=45001.84 OpenPos=1 PendingOrders=0 UTC=2026.03.20 05:49 DayOfWeek=5 WeekendCloseActive=NO NewTradeBlocked=YES | 265900.000000
OH	0	23:51:39.989	Cazyxio_v4.3 (EURUSD,M15)	2026.03.20 05:51:39 | HEARTBEAT | SYSTEM | EA alive. Tick=266000 Equity=44987.12 OpenPos=1 PendingOrders=0 UTC=2026.03.20 05:51 DayOfWeek=5 WeekendCloseActive=NO NewTradeBlocked=YES | 266000.000000
OJ	0	23:53:12.063	Cazyxio_v4.3 (EURUSD,M15)	2026.03.20 05:53:12 | HEARTBEAT | SYSTEM | EA alive. Tick=266100 Equity=44984.36 OpenPos=1 PendingOrders=0 UTC=2026.03.20 05:53 DayOfWeek=5 WeekendCloseActive=NO NewTradeBlocked=YES | 266100.000000
EL	0	23:55:13.630	Cazyxio_v4.3 (EURUSD,M15)	2026.03.20 05:55:13 | HEARTBEAT | SYSTEM | EA alive. Tick=266200 Equity=44985.28 OpenPos=1 PendingOrders=0 UTC=2026.03.20 05:55 DayOfWeek=5 WeekendCloseActive=NO NewTradeBlocked=YES | 266200.000000
GO	0	23:57:34.630	Cazyxio_v4.3 (EURUSD,M15)	2026.03.20 05:57:34 | HEARTBEAT | SYSTEM | EA alive. Tick=266300 Equity=44993.56 OpenPos=1 PendingOrders=0 UTC=2026.03.20 05:57 DayOfWeek=5 WeekendCloseActive=NO NewTradeBlocked=YES | 266300.000000