KP	0	00:00:00.024	Cazyxio_v4.3 (EURUSD,M15)	2026.03.17 06:00:00 | SESSION_WAIT | SYSTEM | Outside session. UTC_hour=6 Waiting.
PN	0	00:01:05.753	Cazyxio_v4.3 (EURUSD,M15)	2026.03.17 06:01:05 | HEARTBEAT | SYSTEM | EA alive. Tick=63100 Equity=44254.02 OpenPos=0 PendingOrders=0 UTC=2026.03.17 06:01 DayOfWeek=2 WeekendCloseActive=NO NewTradeBlocked=NO | 63100.000000
OH	0	00:01:52.198	Cazyxio_v4.3 (EURUSD,M15)	2026.03.17 06:01:52 | HEARTBEAT | SYSTEM | EA alive. Tick=63200 Equity=44254.02 OpenPos=0 PendingOrders=0 UTC=2026.03.17 06:01 DayOfWeek=2 WeekendCloseActive=NO NewTradeBlocked=NO | 63200.000000
FJ	0	00:02:34.297	Cazyxio_v4.3 (EURUSD,M15)	2026.03.17 06:02:34 | HEARTBEAT | SYSTEM | EA alive. Tick=63300 Equity=44254.02 OpenPos=0 PendingOrders=0 UTC=2026.03.17 06:02 DayOfWeek=2 WeekendCloseActive=NO NewTradeBlocked=NO | 63300.000000
ID	0	00:03:14.383	Cazyxio_v4.3 (EURUSD,M15)	2026.03.17 06:03:14 | HEARTBEAT | SYSTEM | EA alive. Tick=63400 Equity=44254.02 OpenPos=0 PendingOrders=0 UTC=2026.03.17 06:03 DayOfWeek=2 WeekendCloseActive=NO NewTradeBlocked=NO | 63400.000000
PF	0	00:04:03.620	Cazyxio_v4.3 (EURUSD,M15)	2026.03.17 06:04:03 | HEARTBEAT | SYSTEM | EA alive. Tick=63500 Equity=44254.02 OpenPos=0 PendingOrders=0 UTC=2026.03.17 06:04 DayOfWeek=2 WeekendCloseActive=NO NewTradeBlocked=NO | 63500.000000
MP	0	00:05:00.255	Cazyxio_v4.3 (EURUSD,M15)	2026.03.17 06:05:00 | HEARTBEAT | SYSTEM | EA alive. Tick=63600 Equity=44254.02 OpenPos=0 PendingOrders=0 UTC=2026.03.17 06:05 DayOfWeek=2 WeekendCloseActive=NO NewTradeBlocked=NO | 63600.000000
HR	0	00:06:05.709	Cazyxio_v4.3 (EURUSD,M15)	2026.03.17 06:06:05 | HEARTBEAT | SYSTEM | EA alive. Tick=63700 Equity=44254.02 OpenPos=0 PendingOrders=0 UTC=2026.03.17 06:06 DayOfWeek=2 WeekendCloseActive=NO NewTradeBlocked=NO | 63700.000000
JL	0	00:06:54.369	Cazyxio_v4.3 (EURUSD,M15)	2026.03.17 06:06:54 | HEARTBEAT | SYSTEM | EA alive. Tick=63800 Equity=44254.02 OpenPos=0 PendingOrders=0 UTC=2026.03.17 06:06 DayOfWeek=2 WeekendCloseActive=NO NewTradeBlocked=NO | 63800.000000
ON	0	00:07:52.116	Cazyxio_v4.3 (EURUSD,M15)	2026.03.17 06:07:52 | HEARTBEAT | SYSTEM | EA alive. Tick=63900 Equity=44254.02 OpenPos=0 PendingOrders=0 UTC=2026.03.17 06:07 DayOfWeek=2 WeekendCloseActive=NO NewTradeBlocked=NO | 63900.000000
HH	0	00:09:02.526	Cazyxio_v4.3 (EURUSD,M15)	2026.03.17 06:09:02 | HEARTBEAT | SYSTEM | EA alive. Tick=64000 Equity=44254.02 OpenPos=0 PendingOrders=0 UTC=2026.03.17 06:09 DayOfWeek=2 WeekendCloseActive=NO NewTradeBlocked=NO | 64000.000000
FJ	0	00:10:05.483	Cazyxio_v4.3 (EURUSD,M15)	2026.03.17 06:10:05 | HEARTBEAT | SYSTEM | EA alive. Tick=64100 Equity=44254.02 OpenPos=0 PendingOrders=0 UTC=2026.03.17 06:10 DayOfWeek=2 WeekendCloseActive=NO NewTradeBlocked=NO | 64100.000000
OD	0	00:11:31.634	Cazyxio_v4.3 (EURUSD,M15)	2026.03.17 06:11:31 | HEARTBEAT | SYSTEM | EA alive. Tick=64200 Equity=44254.02 OpenPos=0 PendingOrders=0 UTC=2026.03.17 06:11 DayOfWeek=2 WeekendCloseActive=NO NewTradeBlocked=NO | 64200.000000
GF	0	00:12:51.486	Cazyxio_v4.3 (EURUSD,M15)	2026.03.17 06:12:51 | HEARTBEAT | SYSTEM | EA alive. Tick=64300 Equity=44254.02 OpenPos=0 PendingOrders=0 UTC=2026.03.17 06:12 DayOfWeek=2 WeekendCloseActive=NO NewTradeBlocked=NO | 64300.000000
GP	0	00:14:17.914	Cazyxio_v4.3 (EURUSD,M15)	2026.03.17 06:14:17 | HEARTBEAT | SYSTEM | EA alive. Tick=64400 Equity=44254.02 OpenPos=0 PendingOrders=0 UTC=2026.03.17 06:14 DayOfWeek=2 WeekendCloseActive=NO NewTradeBlocked=NO | 64400.000000
OR	0	00:15:23.630	Cazyxio_v4.3 (EURUSD,M15)	2026.03.17 06:15:23 | HEARTBEAT | SYSTEM | EA alive. Tick=64500 Equity=44254.02 OpenPos=0 PendingOrders=0 UTC=2026.03.17 06:15 DayOfWeek=2 WeekendCloseActive=NO NewTradeBlocked=NO | 64500.000000
IL	0	00:16:50.628	Cazyxio_v4.3 (EURUSD,M15)	2026.03.17 06:16:50 | HEARTBEAT | SYSTEM | EA alive. Tick=64600 Equity=44254.02 OpenPos=0 PendingOrders=0 UTC=2026.03.17 06:16 DayOfWeek=2 WeekendCloseActive=NO NewTradeBlocked=NO | 64600.000000
EN	0	00:18:02.226	Cazyxio_v4.3 (EURUSD,M15)	2026.03.17 06:18:02 | HEARTBEAT | SYSTEM | EA alive. Tick=64700 Equity=44254.02 OpenPos=0 PendingOrders=0 UTC=2026.03.17 06:18 DayOfWeek=2 WeekendCloseActive=NO NewTradeBlocked=NO | 64700.000000
CH	0	00:19:24.948	Cazyxio_v4.3 (EURUSD,M15)	2026.03.17 06:19:24 | HEARTBEAT | SYSTEM | EA alive. Tick=64800 Equity=44254.02 OpenPos=0 PendingOrders=0 UTC=2026.03.17 06:19 DayOfWeek=2 WeekendCloseActive=NO NewTradeBlocked=NO | 64800.000000
LJ	0	00:20:24.767	Cazyxio_v4.3 (EURUSD,M15)	2026.03.17 06:20:24 | HEARTBEAT | SYSTEM | EA alive. Tick=64900 Equity=44254.02 OpenPos=0 PendingOrders=0 UTC=2026.03.17 06:20 DayOfWeek=2 WeekendCloseActive=NO NewTradeBlocked=NO | 64900.000000
HD	0	00:21:44.830	Cazyxio_v4.3 (EURUSD,M15)	2026.03.17 06:21:44 | HEARTBEAT | SYSTEM | EA alive. Tick=65000 Equity=44254.02 OpenPos=0 PendingOrders=0 UTC=2026.03.17 06:21 DayOfWeek=2 WeekendCloseActive=NO NewTradeBlocked=NO | 65000.000000
DF	0	00:23:02.278	Cazyxio_v4.3 (EURUSD,M15)	2026.03.17 06:23:02 | HEARTBEAT | SYSTEM | EA alive. Tick=65100 Equity=44254.02 OpenPos=0 PendingOrders=0 UTC=2026.03.17 06:23 DayOfWeek=2 WeekendCloseActive=NO NewTradeBlocked=NO | 65100.000000
LP	0	00:23:54.306	Cazyxio_v4.3 (EURUSD,M15)	2026.03.17 06:23:54 | HEARTBEAT | SYSTEM | EA alive. Tick=65200 Equity=44254.02 OpenPos=0 PendingOrders=0 UTC=2026.03.17 06:23 DayOfWeek=2 WeekendCloseActive=NO NewTradeBlocked=NO | 65200.000000
IR	0	00:24:45.418	Cazyxio_v4.3 (EURUSD,M15)	2026.03.17 06:24:45 | HEARTBEAT | SYSTEM | EA alive. Tick=65300 Equity=44254.02 OpenPos=0 PendingOrders=0 UTC=2026.03.17 06:24 DayOfWeek=2 WeekendCloseActive=NO NewTradeBlocked=NO | 65300.000000
KL	0	00:25:52.200	Cazyxio_v4.3 (EURUSD,M15)	2026.03.17 06:25:52 | HEARTBEAT | SYSTEM | EA alive. Tick=65400 Equity=44254.02 OpenPos=0 PendingOrders=0 UTC=2026.03.17 06:25 DayOfWeek=2 WeekendCloseActive=NO NewTradeBlocked=NO | 65400.000000
GN	0	00:27:05.972	Cazyxio_v4.3 (EURUSD,M15)	2026.03.17 06:27:05 | HEARTBEAT | SYSTEM | EA alive. Tick=65500 Equity=44254.02 OpenPos=0 PendingOrders=0 UTC=2026.03.17 06:27 DayOfWeek=2 WeekendCloseActive=NO NewTradeBlocked=NO | 65500.000000
DH	0	00:28:42.024	Cazyxio_v4.3 (EURUSD,M15)	2026.03.17 06:28:42 | HEARTBEAT | SYSTEM | EA alive. Tick=65600 Equity=44254.02 OpenPos=0 PendingOrders=0 UTC=2026.03.17 06:28 DayOfWeek=2 WeekendCloseActive=NO NewTradeBlocked=NO | 65600.000000
EJ	0	00:30:26.590	Cazyxio_v4.3 (EURUSD,M15)	2026.03.17 06:30:26 | HEARTBEAT | SYSTEM | EA alive. Tick=65700 Equity=44254.02 OpenPos=0 PendingOrders=0 UTC=2026.03.17 06:30 DayOfWeek=2 WeekendCloseActive=NO NewTradeBlocked=NO | 65700.000000
ND	0	00:31:41.307	Cazyxio_v4.3 (EURUSD,M15)	2026.03.17 06:31:41 | HEARTBEAT | SYSTEM | EA alive. Tick=65800 Equity=44254.02 OpenPos=0 PendingOrders=0 UTC=2026.03.17 06:31 DayOfWeek=2 WeekendCloseActive=NO NewTradeBlocked=NO | 65800.000000
JF	0	00:33:27.208	Cazyxio_v4.3 (EURUSD,M15)	2026.03.17 06:33:27 | HEARTBEAT | SYSTEM | EA alive. Tick=65900 Equity=44254.02 OpenPos=0 PendingOrders=0 UTC=2026.03.17 06:33 DayOfWeek=2 WeekendCloseActive=NO NewTradeBlocked=NO | 65900.000000
FP	0	00:35:08.787	Cazyxio_v4.3 (EURUSD,M15)	2026.03.17 06:35:08 | HEARTBEAT | SYSTEM | EA alive. Tick=66000 Equity=44254.02 OpenPos=0 PendingOrders=0 UTC=2026.03.17 06:35 DayOfWeek=2 WeekendCloseActive=NO NewTradeBlocked=NO | 66000.000000
HR	0	00:37:06.149	Cazyxio_v4.3 (EURUSD,M15)	2026.03.17 06:37:06 | HEARTBEAT | SYSTEM | EA alive. Tick=66100 Equity=44254.02 OpenPos=0 PendingOrders=0 UTC=2026.03.17 06:37 DayOfWeek=2 WeekendCloseActive=NO NewTradeBlocked=NO | 66100.000000
DL	0	00:39:11.622	Cazyxio_v4.3 (EURUSD,M15)	2026.03.17 06:39:11 | HEARTBEAT | SYSTEM | EA alive. Tick=66200 Equity=44254.02 OpenPos=0 PendingOrders=0 UTC=2026.03.17 06:39 DayOfWeek=2 WeekendCloseActive=NO NewTradeBlocked=NO | 66200.000000
CN	0	00:40:03.393	Cazyxio_v4.3 (EURUSD,M15)	2026.03.17 06:40:03 | HEARTBEAT | SYSTEM | EA alive. Tick=66300 Equity=44254.02 OpenPos=0 PendingOrders=0 UTC=2026.03.17 06:40 DayOfWeek=2 WeekendCloseActive=NO NewTradeBlocked=NO | 66300.000000
CH	0	00:42:06.586	Cazyxio_v4.3 (EURUSD,M15)	2026.03.17 06:42:06 | HEARTBEAT | SYSTEM | EA alive. Tick=66400 Equity=44254.02 OpenPos=0 PendingOrders=0 UTC=2026.03.17 06:42 DayOfWeek=2 WeekendCloseActive=NO NewTradeBlocked=NO | 66400.000000
EJ	0	00:44:32.429	Cazyxio_v4.3 (EURUSD,M15)	2026.03.17 06:44:32 | HEARTBEAT | SYSTEM | EA alive. Tick=66500 Equity=44254.02 OpenPos=0 PendingOrders=0 UTC=2026.03.17 06:44 DayOfWeek=2 WeekendCloseActive=NO NewTradeBlocked=NO | 66500.000000
CD	0	00:46:15.924	Cazyxio_v4.3 (EURUSD,M15)	2026.03.17 06:46:15 | HEARTBEAT | SYSTEM | EA alive. Tick=66600 Equity=44254.02 OpenPos=0 PendingOrders=0 UTC=2026.03.17 06:46 DayOfWeek=2 WeekendCloseActive=NO NewTradeBlocked=NO | 66600.000000
JF	0	00:48:05.273	Cazyxio_v4.3 (EURUSD,M15)	2026.03.17 06:48:05 | HEARTBEAT | SYSTEM | EA alive. Tick=66700 Equity=44254.02 OpenPos=0 PendingOrders=0 UTC=2026.03.17 06:48 DayOfWeek=2 WeekendCloseActive=NO NewTradeBlocked=NO | 66700.000000
KP	0	00:49:33.787	Cazyxio_v4.3 (EURUSD,M15)	2026.03.17 06:49:33 | HEARTBEAT | SYSTEM | EA alive. Tick=66800 Equity=44254.02 OpenPos=0 PendingOrders=0 UTC=2026.03.17 06:49 DayOfWeek=2 WeekendCloseActive=NO NewTradeBlocked=NO | 66800.000000
NR	0	00:51:53.222	Cazyxio_v4.3 (EURUSD,M15)	2026.03.17 06:51:53 | HEARTBEAT | SYSTEM | EA alive. Tick=66900 Equity=44254.02 OpenPos=0 PendingOrders=0 UTC=2026.03.17 06:51 DayOfWeek=2 WeekendCloseActive=NO NewTradeBlocked=NO | 66900.000000
KL	0	00:53:49.146	Cazyxio_v4.3 (EURUSD,M15)	2026.03.17 06:53:49 | HEARTBEAT | SYSTEM | EA alive. Tick=67000 Equity=44254.02 OpenPos=0 PendingOrders=0 UTC=2026.03.17 06:53 DayOfWeek=2 WeekendCloseActive=NO NewTradeBlocked=NO | 67000.000000
DN	0	00:55:50.837	Cazyxio_v4.3 (EURUSD,M15)	2026.03.17 06:55:50 | HEARTBEAT | SYSTEM | EA alive. Tick=67100 Equity=44254.02 OpenPos=0 PendingOrders=0 UTC=2026.03.17 06:55 DayOfWeek=2 WeekendCloseActive=NO NewTradeBlocked=NO | 67100.000000
KH	0	00:58:06.329	Cazyxio_v4.3 (EURUSD,M15)	2026.03.17 06:58:06 | HEARTBEAT | SYSTEM | EA alive. Tick=67200 Equity=44254.02 OpenPos=0 PendingOrders=0 UTC=2026.03.17 06:58 DayOfWeek=2 WeekendCloseActive=NO NewTradeBlocked=NO | 67200.000000
RJ	0	00:59:47.907	Cazyxio_v4.3 (EURUSD,M15)	2026.03.17 06:59:47 | HEARTBEAT | SYSTEM | EA alive. Tick=67300 Equity=44254.02 OpenPos=0 PendingOrders=0 UTC=2026.03.17 06:59 DayOfWeek=2 WeekendCloseActive=NO NewTradeBlocked=NO | 67300.000000
MD	0	01:00:00.404	Cazyxio_v4.3 (EURUSD,M15)	2026.03.17 07:00:00 | SESSION_ACTIVE | SYSTEM | Session now ACTIVE. UTC_hour=7 Trading enabled.
MD	0	01:02:20.791	Cazyxio_v4.3 (EURUSD,M15)	2026.03.17 07:02:20 | GATE_FAIL | GBPUSD | CopyBuffer failed for Daily EMA200.
DE	0	01:04:41.182	Cazyxio_v4.3 (EURUSD,M15)	2026.03.17 07:04:41 | GATE_FAIL | EURUSD | CopyBuffer failed for Daily EMA200.
ID	0	01:07:01.511	Cazyxio_v4.3 (EURUSD,M15)	2026.03.17 07:07:01 | GATE_FAIL | USDJPY | CopyBuffer failed for Daily EMA200.
QG	0	01:07:01.511	Cazyxio_v4.3 (EURUSD,M15)	2026.03.17 07:07:01 | BAR | AUDUSD | close=0.70707 h4ema200=0.70189 h4slope=UP dailyEMA200=0.67109 adx=35.6 ema50=0.70670 distToEMA50=3.7pips touchSeq=6 atr=0.000987 atrRatio=1.372 dir=LONG spread=20.0 spreadOK=YES atrGate=PASS touch=PASS momCandle=momClosePos=0.908 momOk=Y ema50Ok=Y barRange=0.000650 zeroRangeBar=NO trigger=YES hasPos=NO portRisk=0.00% openPos=0 | 0.707070
II	0	01:07:01.511	Cazyxio_v4.3 (EURUSD,M15)	2026.03.17 07:07:01 | SIGNAL | AUDUSD | VALID SIGNAL (LIMIT): LONG limitPrice=0.70665 sl=0.70507 tp=0.71218 stopDist=0.00158 lots=1.40 riskPct=0.50 R:R=1:3.50 ema50=0.70670 dailyEMA200=0.67109 adx=35.6 distToLimit=6.4pips expiresIn=4bars touchSeq=6 | 0.706650
NL	0	01:07:01.727	Cazyxio_v4.3 (EURUSD,M15)	2026.03.17 07:07:01 | LIMIT_PLACED | AUDUSD | BUY_LIMIT lots=1.40 limitPrice=0.70665 sl=0.70507 tp=0.71218 expiresIn=4bars ticket=4541923 FallbackEnabled=YES | 1.400000
OG	0	01:07:01.727	Cazyxio_v4.3 (EURUSD,M15)	2026.03.17 07:07:01 | BAR | GBPJPY | close=211.771 h4ema200=210.893 h4slope=UP dailyEMA200=204.914 adx=19.7 ema50=211.858 distToEMA50=8.7pips touchSeq=3 atr=0.098357 atrRatio=0.958 dir=LONG spread=39.0 spreadOK=NO atrGate=PASS touch=FAIL momCandle=momClosePos=0.784 momOk=Y ema50Ok=Y barRange=0.153000 zeroRangeBar=NO trigger=YES hasPos=NO portRisk=0.00% openPos=0 | 211.771000
CM	0	01:07:01.727	Cazyxio_v4.3 (EURUSD,M15)	2026.03.17 07:07:01 | GATE_FAIL | GBPJPY | Spread too wide. Spread=39.0 Max=30 points.
OQ	0	01:07:01.727	Cazyxio_v4.3 (EURUSD,M15)	2026.03.17 07:07:01 | BAR | USDCAD | close=1.36938 h4ema200=1.36653 h4slope=UP dailyEMA200=1.38099 adx=27.3 ema50=1.36864 distToEMA50=7.4pips touchSeq=0 atr=0.000461 atrRatio=0.782 dir=NONE spread=27.0 spreadOK=YES atrGate=FAIL touch=FAIL momCandle= zeroRangeBar=NO trigger=NO hasPos=NO portRisk=0.00% openPos=0 | 1.369380
ON	0	01:07:01.727	Cazyxio_v4.3 (EURUSD,M15)	2026.03.17 07:07:01 | GATE_FAIL | USDCAD | No directional bias. h4slope=UP closeNow=1.36938 h4ema200=1.36653 dailyEMA200=1.38099
JF	0	01:09:24.925	Cazyxio_v4.3 (EURUSD,M15)	2026.03.17 07:09:24 | GATE_FAIL | GBPUSD | CopyBuffer failed for Daily EMA200.
RF	0	01:11:00.800	Cazyxio_v4.3 (EURUSD,M15)	2026.03.17 07:11:00 | HEARTBEAT | SYSTEM | EA alive. Tick=67400 Equity=44254.02 OpenPos=0 PendingOrders=1 UTC=2026.03.17 07:11 DayOfWeek=2 WeekendCloseActive=NO NewTradeBlocked=NO | 67400.000000
FP	0	01:12:51.698	Cazyxio_v4.3 (EURUSD,M15)	2026.03.17 07:12:51 | HEARTBEAT | SYSTEM | EA alive. Tick=67500 Equity=44254.02 OpenPos=0 PendingOrders=1 UTC=2026.03.17 07:12 DayOfWeek=2 WeekendCloseActive=NO NewTradeBlocked=NO | 67500.000000
ER	0	01:14:17.451	Cazyxio_v4.3 (EURUSD,M15)	2026.03.17 07:14:17 | HEARTBEAT | SYSTEM | EA alive. Tick=67600 Equity=44254.02 OpenPos=0 PendingOrders=1 UTC=2026.03.17 07:14 DayOfWeek=2 WeekendCloseActive=NO NewTradeBlocked=NO | 67600.000000
IL	0	01:17:21.527	Cazyxio_v4.3 (EURUSD,M15)	2026.03.17 07:17:21 | GATE_FAIL | EURUSD | CopyBuffer failed for Daily EMA200.
NL	0	01:19:42.051	Cazyxio_v4.3 (EURUSD,M15)	2026.03.17 07:19:42 | GATE_FAIL | USDJPY | CopyBuffer failed for Daily EMA200.
JR	0	01:19:42.051	Cazyxio_v4.3 (EURUSD,M15)	2026.03.17 07:19:42 | LIMIT_PENDING | AUDUSD | Limit order still pending. BarsRemaining=3 LimitPrice=0.70665 CurrentPrice=0.70662 DistToLimit=-0.3pips Ticket=4541923
NG	0	01:19:42.051	Cazyxio_v4.3 (EURUSD,M15)	2026.03.17 07:19:42 | BAR | GBPJPY | close=211.826 h4ema200=210.893 h4slope=UP dailyEMA200=204.914 adx=19.7 ema50=211.855 distToEMA50=2.9pips touchSeq=4 atr=0.105643 atrRatio=1.027 dir=LONG spread=35.0 spreadOK=NO atrGate=PASS touch=PASS momCandle=momClosePos=0.566 momOk=N ema50Ok=Y barRange=0.099000 zeroRangeBar=NO trigger=NO hasPos=NO portRisk=0.50% openPos=0 | 211.826000
OQ	0	01:19:42.051	Cazyxio_v4.3 (EURUSD,M15)	2026.03.17 07:19:42 | GATE_FAIL | GBPJPY | Spread too wide. Spread=35.0 Max=30 points.
CL	0	01:19:42.051	Cazyxio_v4.3 (EURUSD,M15)	2026.03.17 07:19:42 | BAR | USDCAD | close=1.36897 h4ema200=1.36653 h4slope=UP dailyEMA200=1.38099 adx=27.3 ema50=1.36866 distToEMA50=3.1pips touchSeq=1 atr=0.000481 atrRatio=0.814 dir=NONE spread=21.0 spreadOK=YES atrGate=PASS touch=FAIL momCandle= zeroRangeBar=NO trigger=NO hasPos=NO portRisk=0.50% openPos=0 | 1.368970
KJ	0	01:19:42.051	Cazyxio_v4.3 (EURUSD,M15)	2026.03.17 07:19:42 | GATE_FAIL | USDCAD | No directional bias. h4slope=UP closeNow=1.36897 h4ema200=1.36653 dailyEMA200=1.38099
OM	0	01:19:42.051	Cazyxio_v4.3 (EURUSD,M15)	2026.03.17 07:19:42 | LIMIT_FILLED | AUDUSD | Limit order filled! LimitPrice=0.70665 FillPrice=0.70665 Slippage=0.0pips Lots=1.40 Ticket=4541923
FK	0	01:22:02.462	Cazyxio_v4.3 (EURUSD,M15)	2026.03.17 07:22:02 | GATE_FAIL | GBPUSD | CopyBuffer failed for Daily EMA200.
RJ	0	01:23:12.374	Cazyxio_v4.3 (EURUSD,M15)	2026.03.17 07:23:12 | HEARTBEAT | SYSTEM | EA alive. Tick=67700 Equity=44275.02 OpenPos=1 PendingOrders=0 UTC=2026.03.17 07:23 DayOfWeek=2 WeekendCloseActive=NO NewTradeBlocked=NO | 67700.000000
OD	0	01:24:37.191	Cazyxio_v4.3 (EURUSD,M15)	2026.03.17 07:24:37 | HEARTBEAT | SYSTEM | EA alive. Tick=67800 Equity=44258.22 OpenPos=1 PendingOrders=0 UTC=2026.03.17 07:24 DayOfWeek=2 WeekendCloseActive=NO NewTradeBlocked=NO | 67800.000000
QF	0	01:26:16.899	Cazyxio_v4.3 (EURUSD,M15)	2026.03.17 07:26:16 | HEARTBEAT | SYSTEM | EA alive. Tick=67900 Equity=44280.62 OpenPos=1 PendingOrders=0 UTC=2026.03.17 07:26 DayOfWeek=2 WeekendCloseActive=NO NewTradeBlocked=NO | 67900.000000
OP	0	01:27:40.710	Cazyxio_v4.3 (EURUSD,M15)	2026.03.17 07:27:40 | HEARTBEAT | SYSTEM | EA alive. Tick=68000 Equity=44300.22 OpenPos=1 PendingOrders=0 UTC=2026.03.17 07:27 DayOfWeek=2 WeekendCloseActive=NO NewTradeBlocked=NO | 68000.000000
CR	0	01:29:22.464	Cazyxio_v4.3 (EURUSD,M15)	2026.03.17 07:29:22 | HEARTBEAT | SYSTEM | EA alive. Tick=68100 Equity=44289.02 OpenPos=1 PendingOrders=0 UTC=2026.03.17 07:29 DayOfWeek=2 WeekendCloseActive=NO NewTradeBlocked=NO | 68100.000000
DM	0	01:32:21.846	Cazyxio_v4.3 (EURUSD,M15)	2026.03.17 07:32:21 | GATE_FAIL | GBPUSD | CopyBuffer failed for Daily EMA200.
GO	0	01:34:42.275	Cazyxio_v4.3 (EURUSD,M15)	2026.03.17 07:34:42 | GATE_FAIL | EURUSD | CopyBuffer failed for Daily EMA200.
MO	0	01:37:02.689	Cazyxio_v4.3 (EURUSD,M15)	2026.03.17 07:37:02 | GATE_FAIL | USDJPY | CopyBuffer failed for Daily EMA200.
OQ	0	01:37:02.689	Cazyxio_v4.3 (EURUSD,M15)	2026.03.17 07:37:02 | BAR | AUDUSD | close=0.70692 h4ema200=0.70189 h4slope=UP dailyEMA200=0.67109 adx=35.6 ema50=0.70671 distToEMA50=2.1pips touchSeq=8 atr=0.000913 atrRatio=1.254 dir=LONG spread=16.0 spreadOK=YES atrGate=PASS touch=PASS momCandle=momClosePos=0.802 momOk=Y ema50Ok=Y barRange=0.000810 zeroRangeBar=NO trigger=YES hasPos=YES portRisk=0.50% openPos=1 | 0.706920
LM	0	01:37:02.689	Cazyxio_v4.3 (EURUSD,M15)	2026.03.17 07:37:02 | POSITION_HEALTH | AUDUSD | ticket=4541923 dir=LONG openPrice=0.70665 curPrice=0.70699 unrealPnL=47.60 curR=0.215 MFE=3.4pips MAE=0.0pips timeOpen=17min SL=0.70507 TP=0.71218
RP	0	01:37:02.689	Cazyxio_v4.3 (EURUSD,M15)	2026.03.17 07:37:02 | TRAIL_SKIP | AUDUSD | Trail not yet active. ProfitDist=0.00034 ActivateAt=0.00237 ticket=4541923
LI	0	01:37:02.689	Cazyxio_v4.3 (EURUSD,M15)	2026.03.17 07:37:02 | BAR | GBPJPY | close=211.902 h4ema200=210.895 h4slope=UP dailyEMA200=204.916 adx=19.7 ema50=211.863 distToEMA50=3.9pips touchSeq=5 atr=0.110143 atrRatio=1.069 dir=LONG spread=35.0 spreadOK=NO atrGate=PASS touch=PASS momCandle=momClosePos=0.901 momOk=Y ema50Ok=Y barRange=0.202000 zeroRangeBar=NO trigger=YES hasPos=NO portRisk=0.50% openPos=1 | 211.902000
HD	0	01:37:02.689	Cazyxio_v4.3 (EURUSD,M15)	2026.03.17 07:37:02 | GATE_FAIL | GBPJPY | Spread too wide. Spread=35.0 Max=30 points.
CH	0	01:37:02.689	Cazyxio_v4.3 (EURUSD,M15)	2026.03.17 07:37:02 | BAR | USDCAD | close=1.36871 h4ema200=1.36653 h4slope=UP dailyEMA200=1.38099 adx=27.3 ema50=1.36864 distToEMA50=0.7pips touchSeq=2 atr=0.000510 atrRatio=0.860 dir=NONE spread=27.0 spreadOK=YES atrGate=PASS touch=FAIL momCandle= zeroRangeBar=NO trigger=NO hasPos=NO portRisk=0.50% openPos=1 | 1.368710
LF	0	01:37:02.689	Cazyxio_v4.3 (EURUSD,M15)	2026.03.17 07:37:02 | GATE_FAIL | USDCAD | No directional bias. h4slope=UP closeNow=1.36871 h4ema200=1.36653 dailyEMA200=1.38099
CO	0	01:38:00.691	Cazyxio_v4.3 (EURUSD,M15)	2026.03.17 07:38:00 | HEARTBEAT | SYSTEM | EA alive. Tick=68200 Equity=44283.42 OpenPos=1 PendingOrders=0 UTC=2026.03.17 07:38 DayOfWeek=2 WeekendCloseActive=NO NewTradeBlocked=NO | 68200.000000
EI	0	01:39:40.192	Cazyxio_v4.3 (EURUSD,M15)	2026.03.17 07:39:40 | HEARTBEAT | SYSTEM | EA alive. Tick=68300 Equity=44293.22 OpenPos=1 PendingOrders=0 UTC=2026.03.17 07:39 DayOfWeek=2 WeekendCloseActive=NO NewTradeBlocked=NO | 68300.000000
OK	0	01:41:11.309	Cazyxio_v4.3 (EURUSD,M15)	2026.03.17 07:41:11 | HEARTBEAT | SYSTEM | EA alive. Tick=68400 Equity=44287.62 OpenPos=1 PendingOrders=0 UTC=2026.03.17 07:41 DayOfWeek=2 WeekendCloseActive=NO NewTradeBlocked=NO | 68400.000000
HE	0	01:42:17.466	Cazyxio_v4.3 (EURUSD,M15)	2026.03.17 07:42:17 | HEARTBEAT | SYSTEM | EA alive. Tick=68500 Equity=44263.82 OpenPos=1 PendingOrders=0 UTC=2026.03.17 07:42 DayOfWeek=2 WeekendCloseActive=NO NewTradeBlocked=NO | 68500.000000
QG	0	01:43:46.463	Cazyxio_v4.3 (EURUSD,M15)	2026.03.17 07:43:46 | HEARTBEAT | SYSTEM | EA alive. Tick=68600 Equity=44228.82 OpenPos=1 PendingOrders=0 UTC=2026.03.17 07:43 DayOfWeek=2 WeekendCloseActive=NO NewTradeBlocked=NO | 68600.000000
OP	0	01:47:22.634	Cazyxio_v4.3 (EURUSD,M15)	2026.03.17 07:47:22 | GATE_FAIL | GBPUSD | CopyBuffer failed for Daily EMA200.
NP	0	01:49:43.018	Cazyxio_v4.3 (EURUSD,M15)	2026.03.17 07:49:43 | GATE_FAIL | EURUSD | CopyBuffer failed for Daily EMA200.
OP	0	01:52:03.421	Cazyxio_v4.3 (EURUSD,M15)	2026.03.17 07:52:03 | GATE_FAIL | USDJPY | CopyBuffer failed for Daily EMA200.
IQ	0	01:52:03.421	Cazyxio_v4.3 (EURUSD,M15)	2026.03.17 07:52:03 | BAR | AUDUSD | close=0.70642 h4ema200=0.70189 h4slope=UP dailyEMA200=0.67109 adx=35.6 ema50=0.70669 distToEMA50=2.7pips touchSeq=9 atr=0.000934 atrRatio=1.275 dir=LONG spread=18.0 spreadOK=YES atrGate=PASS touch=PASS momCandle=momClosePos=0.000 momOk=N ema50Ok=Y barRange=0.000880 zeroRangeBar=NO trigger=NO hasPos=YES portRisk=0.50% openPos=1 | 0.706420
OJ	0	01:52:03.421	Cazyxio_v4.3 (EURUSD,M15)	2026.03.17 07:52:03 | POSITION_HEALTH | AUDUSD | ticket=4541923 dir=LONG openPrice=0.70665 curPrice=0.70679 unrealPnL=19.60 curR=0.089 MFE=3.4pips MAE=0.0pips timeOpen=32min SL=0.70507 TP=0.71218
PK	0	01:52:03.421	Cazyxio_v4.3 (EURUSD,M15)	2026.03.17 07:52:03 | TRAIL_SKIP | AUDUSD | Trail not yet active. ProfitDist=0.00014 ActivateAt=0.00237 ticket=4541923
FI	0	01:52:03.421	Cazyxio_v4.3 (EURUSD,M15)	2026.03.17 07:52:03 | BAR | GBPJPY | close=211.904 h4ema200=210.894 h4slope=UP dailyEMA200=204.915 adx=19.7 ema50=211.862 distToEMA50=4.2pips touchSeq=6 atr=0.114857 atrRatio=1.114 dir=LONG spread=44.0 spreadOK=NO atrGate=PASS touch=PASS momCandle=momClosePos=0.271 momOk=N ema50Ok=Y barRange=0.107000 zeroRangeBar=NO trigger=NO hasPos=NO portRisk=0.50% openPos=1 | 211.904000
PP	0	01:52:03.421	Cazyxio_v4.3 (EURUSD,M15)	2026.03.17 07:52:03 | GATE_FAIL | GBPJPY | Spread too wide. Spread=44.0 Max=30 points.
KO	0	01:52:03.421	Cazyxio_v4.3 (EURUSD,M15)	2026.03.17 07:52:03 | BAR | USDCAD | close=1.36873 h4ema200=1.36653 h4slope=UP dailyEMA200=1.38099 adx=27.3 ema50=1.36864 distToEMA50=0.9pips touchSeq=3 atr=0.000518 atrRatio=0.872 dir=NONE spread=25.0 spreadOK=YES atrGate=PASS touch=FAIL momCandle= zeroRangeBar=NO trigger=NO hasPos=NO portRisk=0.50% openPos=1 | 1.368730
HM	0	01:52:03.421	Cazyxio_v4.3 (EURUSD,M15)	2026.03.17 07:52:03 | GATE_FAIL | USDCAD | No directional bias. h4slope=UP closeNow=1.36873 h4ema200=1.36653 dailyEMA200=1.38099
OP	0	01:52:40.798	Cazyxio_v4.3 (EURUSD,M15)	2026.03.17 07:52:40 | HEARTBEAT | SYSTEM | EA alive. Tick=68700 Equity=44265.22 OpenPos=1 PendingOrders=0 UTC=2026.03.17 07:52 DayOfWeek=2 WeekendCloseActive=NO NewTradeBlocked=NO | 68700.000000
ER	0	01:54:05.859	Cazyxio_v4.3 (EURUSD,M15)	2026.03.17 07:54:05 | HEARTBEAT | SYSTEM | EA alive. Tick=68800 Equity=44256.82 OpenPos=1 PendingOrders=0 UTC=2026.03.17 07:54 DayOfWeek=2 WeekendCloseActive=NO NewTradeBlocked=NO | 68800.000000
ML	0	01:55:23.711	Cazyxio_v4.3 (EURUSD,M15)	2026.03.17 07:55:23 | HEARTBEAT | SYSTEM | EA alive. Tick=68900 Equity=44241.42 OpenPos=1 PendingOrders=0 UTC=2026.03.17 07:55 DayOfWeek=2 WeekendCloseActive=NO NewTradeBlocked=NO | 68900.000000
QN	0	01:57:31.028	Cazyxio_v4.3 (EURUSD,M15)	2026.03.17 07:57:31 | HEARTBEAT | SYSTEM | EA alive. Tick=69000 Equity=44259.62 OpenPos=1 PendingOrders=0 UTC=2026.03.17 07:57 DayOfWeek=2 WeekendCloseActive=NO NewTradeBlocked=NO | 69000.000000
EH	0	01:58:26.031	Cazyxio_v4.3 (EURUSD,M15)	2026.03.17 07:58:26 | HEARTBEAT | SYSTEM | EA alive. Tick=69100 Equity=44241.42 OpenPos=1 PendingOrders=0 UTC=2026.03.17 07:58 DayOfWeek=2 WeekendCloseActive=NO NewTradeBlocked=NO | 69100.000000
CJ	0	01:59:13.720	Cazyxio_v4.3 (EURUSD,M15)	2026.03.17 07:59:13 | HEARTBEAT | SYSTEM | EA alive. Tick=69200 Equity=44249.82 OpenPos=1 PendingOrders=0 UTC=2026.03.17 07:59 DayOfWeek=2 WeekendCloseActive=NO NewTradeBlocked=NO | 69200.000000
PE	0	02:02:21.831	Cazyxio_v4.3 (EURUSD,M15)	2026.03.17 08:02:21 | GATE_FAIL | GBPUSD | CopyBuffer failed for Daily EMA200.
IG	0	02:04:42.259	Cazyxio_v4.3 (EURUSD,M15)	2026.03.17 08:04:42 | GATE_FAIL | EURUSD | CopyBuffer failed for Daily EMA200.
MG	0	02:07:02.694	Cazyxio_v4.3 (EURUSD,M15)	2026.03.17 08:07:02 | GATE_FAIL | USDJPY | CopyBuffer failed for Daily EMA200.
FG	0	02:07:02.694	Cazyxio_v4.3 (EURUSD,M15)	2026.03.17 08:07:02 | BAR | AUDUSD | close=0.70664 h4ema200=0.70189 h4slope=UP dailyEMA200=0.67109 adx=35.6 ema50=0.70668 distToEMA50=0.4pips touchSeq=10 atr=0.000872 atrRatio=1.186 dir=LONG spread=19.0 spreadOK=YES atrGate=PASS touch=PASS momCandle=momClosePos=0.617 momOk=N ema50Ok=Y barRange=0.000600 zeroRangeBar=NO trigger=NO hasPos=YES portRisk=0.50% openPos=1 | 0.706640
EE	0	02:07:02.694	Cazyxio_v4.3 (EURUSD,M15)	2026.03.17 08:07:02 | POSITION_HEALTH | AUDUSD | ticket=4541923 dir=LONG openPrice=0.70665 curPrice=0.70656 unrealPnL=-12.60 curR=-0.057 MFE=3.4pips MAE=0.9pips timeOpen=47min SL=0.70507 TP=0.71218
KJ	0	02:07:02.694	Cazyxio_v4.3 (EURUSD,M15)	2026.03.17 08:07:02 | TRAIL_SKIP | AUDUSD | Trail not yet active. ProfitDist=-0.00009 ActivateAt=0.00237 ticket=4541923
ML	0	02:07:02.694	Cazyxio_v4.3 (EURUSD,M15)	2026.03.17 08:07:02 | BAR | GBPJPY | close=211.847 h4ema200=210.893 h4slope=UP dailyEMA200=204.914 adx=19.7 ema50=211.856 distToEMA50=0.9pips touchSeq=7 atr=0.121571 atrRatio=1.177 dir=LONG spread=42.0 spreadOK=NO atrGate=PASS touch=PASS momCandle=momClosePos=0.000 momOk=N ema50Ok=Y barRange=0.075000 zeroRangeBar=NO trigger=NO hasPos=NO portRisk=0.50% openPos=1 | 211.847000
DL	0	02:07:02.694	Cazyxio_v4.3 (EURUSD,M15)	2026.03.17 08:07:02 | GATE_FAIL | GBPJPY | Spread too wide. Spread=42.0 Max=30 points.
HP	0	02:07:02.694	Cazyxio_v4.3 (EURUSD,M15)	2026.03.17 08:07:02 | BAR | USDCAD | close=1.36888 h4ema200=1.36653 h4slope=UP dailyEMA200=1.38099 adx=27.3 ema50=1.36867 distToEMA50=2.1pips touchSeq=4 atr=0.000536 atrRatio=0.901 dir=NONE spread=25.0 spreadOK=YES atrGate=PASS touch=FAIL momCandle= zeroRangeBar=NO trigger=NO hasPos=NO portRisk=0.50% openPos=1 | 1.368880
NN	0	02:07:02.694	Cazyxio_v4.3 (EURUSD,M15)	2026.03.17 08:07:02 | GATE_FAIL | USDCAD | No directional bias. h4slope=UP closeNow=1.36888 h4ema200=1.36653 dailyEMA200=1.38099
FG	0	02:07:27.938	Cazyxio_v4.3 (EURUSD,M15)	2026.03.17 08:07:27 | HEARTBEAT | SYSTEM | EA alive. Tick=69300 Equity=44247.02 OpenPos=1 PendingOrders=0 UTC=2026.03.17 08:07 DayOfWeek=2 WeekendCloseActive=NO NewTradeBlocked=NO | 69300.000000
RQ	0	02:08:56.657	Cazyxio_v4.3 (EURUSD,M15)	2026.03.17 08:08:56 | HEARTBEAT | SYSTEM | EA alive. Tick=69400 Equity=44251.22 OpenPos=1 PendingOrders=0 UTC=2026.03.17 08:08 DayOfWeek=2 WeekendCloseActive=NO NewTradeBlocked=NO | 69400.000000
OS	0	02:10:04.482	Cazyxio_v4.3 (EURUSD,M15)	2026.03.17 08:10:04 | HEARTBEAT | SYSTEM | EA alive. Tick=69500 Equity=44220.42 OpenPos=1 PendingOrders=0 UTC=2026.03.17 08:10 DayOfWeek=2 WeekendCloseActive=NO NewTradeBlocked=NO | 69500.000000
IM	0	02:10:59.613	Cazyxio_v4.3 (EURUSD,M15)	2026.03.17 08:10:59 | HEARTBEAT | SYSTEM | EA alive. Tick=69600 Equity=44213.42 OpenPos=1 PendingOrders=0 UTC=2026.03.17 08:10 DayOfWeek=2 WeekendCloseActive=NO NewTradeBlocked=NO | 69600.000000
QO	0	02:11:52.914	Cazyxio_v4.3 (EURUSD,M15)	2026.03.17 08:11:52 | HEARTBEAT | SYSTEM | EA alive. Tick=69700 Equity=44210.62 OpenPos=1 PendingOrders=0 UTC=2026.03.17 08:11 DayOfWeek=2 WeekendCloseActive=NO NewTradeBlocked=NO | 69700.000000
FI	0	02:12:58.508	Cazyxio_v4.3 (EURUSD,M15)	2026.03.17 08:12:58 | HEARTBEAT | SYSTEM | EA alive. Tick=69800 Equity=44181.22 OpenPos=1 PendingOrders=0 UTC=2026.03.17 08:12 DayOfWeek=2 WeekendCloseActive=NO NewTradeBlocked=NO | 69800.000000
PK	0	02:14:03.954	Cazyxio_v4.3 (EURUSD,M15)	2026.03.17 08:14:03 | HEARTBEAT | SYSTEM | EA alive. Tick=69900 Equity=44203.62 OpenPos=1 PendingOrders=0 UTC=2026.03.17 08:14 DayOfWeek=2 WeekendCloseActive=NO NewTradeBlocked=NO | 69900.000000
ID	0	02:17:21.759	Cazyxio_v4.3 (EURUSD,M15)	2026.03.17 08:17:21 | GATE_FAIL | GBPUSD | CopyBuffer failed for Daily EMA200.
HE	0	02:19:42.205	Cazyxio_v4.3 (EURUSD,M15)	2026.03.17 08:19:42 | GATE_FAIL | EURUSD | CopyBuffer failed for Daily EMA200.
ID	0	02:22:02.683	Cazyxio_v4.3 (EURUSD,M15)	2026.03.17 08:22:02 | GATE_FAIL | USDJPY | CopyBuffer failed for Daily EMA200.
PE	0	02:22:02.683	Cazyxio_v4.3 (EURUSD,M15)	2026.03.17 08:22:02 | BAR | AUDUSD | close=0.70627 h4ema200=0.70189 h4slope=UP dailyEMA200=0.67109 adx=35.6 ema50=0.70667 distToEMA50=4.0pips touchSeq=11 atr=0.000905 atrRatio=1.224 dir=LONG spread=19.0 spreadOK=YES atrGate=PASS touch=PASS momCandle=momClosePos=0.239 momOk=N ema50Ok=Y barRange=0.001090 zeroRangeBar=NO trigger=NO hasPos=YES portRisk=0.50% openPos=1 | 0.706270
HF	0	02:22:02.683	Cazyxio_v4.3 (EURUSD,M15)	2026.03.17 08:22:02 | POSITION_HEALTH | AUDUSD | ticket=4541923 dir=LONG openPrice=0.70665 curPrice=0.70674 unrealPnL=12.60 curR=0.057 MFE=3.4pips MAE=0.9pips timeOpen=62min SL=0.70507 TP=0.71218
PF	0	02:22:02.683	Cazyxio_v4.3 (EURUSD,M15)	2026.03.17 08:22:02 | TRAIL_SKIP | AUDUSD | Trail not yet active. ProfitDist=0.00009 ActivateAt=0.00237 ticket=4541923
GN	0	02:22:02.683	Cazyxio_v4.3 (EURUSD,M15)	2026.03.17 08:22:02 | BAR | GBPJPY | close=211.702 h4ema200=210.893 h4slope=UP dailyEMA200=204.914 adx=19.7 ema50=211.853 distToEMA50=15.1pips touchSeq=0 atr=0.132500 atrRatio=1.280 dir=LONG spread=43.0 spreadOK=NO atrGate=PASS touch=PASS momCandle=momClosePos=0.303 momOk=N ema50Ok=Y barRange=0.208000 zeroRangeBar=NO trigger=NO hasPos=NO portRisk=0.50% openPos=1 | 211.702000
GO	0	02:22:02.683	Cazyxio_v4.3 (EURUSD,M15)	2026.03.17 08:22:02 | GATE_FAIL | GBPJPY | Spread too wide. Spread=43.0 Max=30 points.
NS	0	02:22:02.683	Cazyxio_v4.3 (EURUSD,M15)	2026.03.17 08:22:02 | BAR | USDCAD | close=1.36926 h4ema200=1.36653 h4slope=UP dailyEMA200=1.38099 adx=27.3 ema50=1.36869 distToEMA50=5.7pips touchSeq=5 atr=0.000576 atrRatio=0.965 dir=NONE spread=27.0 spreadOK=YES atrGate=PASS touch=FAIL momCandle= zeroRangeBar=NO trigger=NO hasPos=NO portRisk=0.50% openPos=1 | 1.369260
MQ	0	02:22:02.683	Cazyxio_v4.3 (EURUSD,M15)	2026.03.17 08:22:02 | GATE_FAIL | USDCAD | No directional bias. h4slope=UP closeNow=1.36926 h4ema200=1.36653 dailyEMA200=1.38099
CD	0	02:23:22.707	Cazyxio_v4.3 (EURUSD,M15)	2026.03.17 08:23:22 | HEARTBEAT | SYSTEM | EA alive. Tick=70000 Equity=44237.22 OpenPos=1 PendingOrders=0 UTC=2026.03.17 08:23 DayOfWeek=2 WeekendCloseActive=NO NewTradeBlocked=NO | 70000.000000
HF	0	02:25:07.524	Cazyxio_v4.3 (EURUSD,M15)	2026.03.17 08:25:07 | HEARTBEAT | SYSTEM | EA alive. Tick=70100 Equity=44237.22 OpenPos=1 PendingOrders=0 UTC=2026.03.17 08:25 DayOfWeek=2 WeekendCloseActive=NO NewTradeBlocked=NO | 70100.000000
GP	0	02:26:16.824	Cazyxio_v4.3 (EURUSD,M15)	2026.03.17 08:26:16 | HEARTBEAT | SYSTEM | EA alive. Tick=70200 Equity=44298.82 OpenPos=1 PendingOrders=0 UTC=2026.03.17 08:26 DayOfWeek=2 WeekendCloseActive=NO NewTradeBlocked=NO | 70200.000000
CR	0	02:27:34.631	Cazyxio_v4.3 (EURUSD,M15)	2026.03.17 08:27:34 | HEARTBEAT | SYSTEM | EA alive. Tick=70300 Equity=44314.22 OpenPos=1 PendingOrders=0 UTC=2026.03.17 08:27 DayOfWeek=2 WeekendCloseActive=NO NewTradeBlocked=NO | 70300.000000
LL	0	02:29:02.749	Cazyxio_v4.3 (EURUSD,M15)	2026.03.17 08:29:02 | HEARTBEAT | SYSTEM | EA alive. Tick=70400 Equity=44308.62 OpenPos=1 PendingOrders=0 UTC=2026.03.17 08:29 DayOfWeek=2 WeekendCloseActive=NO NewTradeBlocked=NO | 70400.000000
JN	0	02:32:21.708	Cazyxio_v4.3 (EURUSD,M15)	2026.03.17 08:32:21 | GATE_FAIL | EURUSD | CopyBuffer failed for Daily EMA200.
LN	0	02:34:42.109	Cazyxio_v4.3 (EURUSD,M15)	2026.03.17 08:34:42 | GATE_FAIL | USDJPY | CopyBuffer failed for Daily EMA200.
ME	0	02:34:42.109	Cazyxio_v4.3 (EURUSD,M15)	2026.03.17 08:34:42 | BAR | AUDUSD | close=0.70706 h4ema200=0.70189 h4slope=UP dailyEMA200=0.67109 adx=35.6 ema50=0.70669 distToEMA50=3.7pips touchSeq=12 atr=0.000913 atrRatio=1.229 dir=LONG spread=19.0 spreadOK=YES atrGate=PASS touch=PASS momCandle=momClosePos=0.935 momOk=Y ema50Ok=Y barRange=0.001080 zeroRangeBar=NO trigger=YES hasPos=YES portRisk=0.50% openPos=1 | 0.707060
JO	0	02:34:42.109	Cazyxio_v4.3 (EURUSD,M15)	2026.03.17 08:34:42 | POSITION_HEALTH | AUDUSD | ticket=4541923 dir=LONG openPrice=0.70665 curPrice=0.70671 unrealPnL=8.40 curR=0.038 MFE=3.4pips MAE=0.9pips timeOpen=75min SL=0.70507 TP=0.71218
PQ	0	02:34:42.109	Cazyxio_v4.3 (EURUSD,M15)	2026.03.17 08:34:42 | TRAIL_SKIP | AUDUSD | Trail not yet active. ProfitDist=0.00006 ActivateAt=0.00237 ticket=4541923
LN	0	02:34:42.109	Cazyxio_v4.3 (EURUSD,M15)	2026.03.17 08:34:42 | BAR | GBPJPY | close=211.862 h4ema200=210.894 h4slope=UP dailyEMA200=204.915 adx=19.7 ema50=211.857 distToEMA50=0.5pips touchSeq=1 atr=0.137714 atrRatio=1.328 dir=LONG spread=38.0 spreadOK=NO atrGate=PASS touch=PASS momCandle=momClosePos=0.888 momOk=Y ema50Ok=Y barRange=0.214000 zeroRangeBar=NO trigger=YES hasPos=NO portRisk=0.50% openPos=1 | 211.862000
NE	0	02:34:42.109	Cazyxio_v4.3 (EURUSD,M15)	2026.03.17 08:34:42 | GATE_FAIL | GBPJPY | Spread too wide. Spread=38.0 Max=30 points.
HI	0	02:34:42.109	Cazyxio_v4.3 (EURUSD,M15)	2026.03.17 08:34:42 | BAR | USDCAD | close=1.36880 h4ema200=1.36653 h4slope=UP dailyEMA200=1.38100 adx=27.3 ema50=1.36871 distToEMA50=0.9pips touchSeq=6 atr=0.000606 atrRatio=1.013 dir=NONE spread=27.0 spreadOK=YES atrGate=PASS touch=FAIL momCandle= zeroRangeBar=NO trigger=NO hasPos=NO portRisk=0.50% openPos=1 | 1.368800
HG	0	02:34:42.109	Cazyxio_v4.3 (EURUSD,M15)	2026.03.17 08:34:42 | GATE_FAIL | USDCAD | No directional bias. h4slope=UP closeNow=1.36880 h4ema200=1.36653 dailyEMA200=1.38100
HO	0	02:37:03.136	Cazyxio_v4.3 (EURUSD,M15)	2026.03.17 08:37:03 | GATE_FAIL | GBPUSD | CopyBuffer failed for Daily EMA200.
NI	0	02:37:11.836	Cazyxio_v4.3 (EURUSD,M15)	2026.03.17 08:37:11 | HEARTBEAT | SYSTEM | EA alive. Tick=70500 Equity=44212.02 OpenPos=1 PendingOrders=0 UTC=2026.03.17 08:37 DayOfWeek=2 WeekendCloseActive=NO NewTradeBlocked=NO | 70500.000000
LK	0	02:38:36.306	Cazyxio_v4.3 (EURUSD,M15)	2026.03.17 08:38:36 | HEARTBEAT | SYSTEM | EA alive. Tick=70600 Equity=44237.22 OpenPos=1 PendingOrders=0 UTC=2026.03.17 08:38 DayOfWeek=2 WeekendCloseActive=NO NewTradeBlocked=NO | 70600.000000
HE	0	02:39:48.340	Cazyxio_v4.3 (EURUSD,M15)	2026.03.17 08:39:48 | HEARTBEAT | SYSTEM | EA alive. Tick=70700 Equity=44298.82 OpenPos=1 PendingOrders=0 UTC=2026.03.17 08:39 DayOfWeek=2 WeekendCloseActive=NO NewTradeBlocked=NO | 70700.000000
LG	0	02:40:43.426	Cazyxio_v4.3 (EURUSD,M15)	2026.03.17 08:40:43 | HEARTBEAT | SYSTEM | EA alive. Tick=70800 Equity=44318.42 OpenPos=1 PendingOrders=0 UTC=2026.03.17 08:40 DayOfWeek=2 WeekendCloseActive=NO NewTradeBlocked=NO | 70800.000000
FQ	0	02:41:25.992	Cazyxio_v4.3 (EURUSD,M15)	2026.03.17 08:41:25 | HEARTBEAT | SYSTEM | EA alive. Tick=70900 Equity=44364.62 OpenPos=1 PendingOrders=0 UTC=2026.03.17 08:41 DayOfWeek=2 WeekendCloseActive=NO NewTradeBlocked=NO | 70900.000000
LS	0	02:42:10.931	Cazyxio_v4.3 (EURUSD,M15)	2026.03.17 08:42:10 | HEARTBEAT | SYSTEM | EA alive. Tick=71000 Equity=44342.22 OpenPos=1 PendingOrders=0 UTC=2026.03.17 08:42 DayOfWeek=2 WeekendCloseActive=NO NewTradeBlocked=NO | 71000.000000
IM	0	02:43:01.390	Cazyxio_v4.3 (EURUSD,M15)	2026.03.17 08:43:01 | HEARTBEAT | SYSTEM | EA alive. Tick=71100 Equity=44338.02 OpenPos=1 PendingOrders=0 UTC=2026.03.17 08:43 DayOfWeek=2 WeekendCloseActive=NO NewTradeBlocked=NO | 71100.000000
MO	0	02:43:43.995	Cazyxio_v4.3 (EURUSD,M15)	2026.03.17 08:43:43 | HEARTBEAT | SYSTEM | EA alive. Tick=71200 Equity=44380.02 OpenPos=1 PendingOrders=0 UTC=2026.03.17 08:43 DayOfWeek=2 WeekendCloseActive=NO NewTradeBlocked=NO | 71200.000000
PI	0	02:44:33.931	Cazyxio_v4.3 (EURUSD,M15)	2026.03.17 08:44:33 | HEARTBEAT | SYSTEM | EA alive. Tick=71300 Equity=44401.02 OpenPos=1 PendingOrders=0 UTC=2026.03.17 08:44 DayOfWeek=2 WeekendCloseActive=NO NewTradeBlocked=NO | 71300.000000
FJ	0	02:47:22.082	Cazyxio_v4.3 (EURUSD,M15)	2026.03.17 08:47:22 | GATE_FAIL | GBPUSD | CopyBuffer failed for Daily EMA200.
DK	0	02:49:42.531	Cazyxio_v4.3 (EURUSD,M15)	2026.03.17 08:49:42 | GATE_FAIL | EURUSD | CopyBuffer failed for Daily EMA200.
NJ	0	02:52:02.895	Cazyxio_v4.3 (EURUSD,M15)	2026.03.17 08:52:02 | GATE_FAIL | USDJPY | CopyBuffer failed for Daily EMA200.
OF	0	02:52:02.895	Cazyxio_v4.3 (EURUSD,M15)	2026.03.17 08:52:02 | BAR | AUDUSD | close=0.70766 h4ema200=0.70190 h4slope=UP dailyEMA200=0.67110 adx=35.6 ema50=0.70676 distToEMA50=9.0pips touchSeq=12 atr=0.000938 atrRatio=1.256 dir=LONG spread=17.0 spreadOK=YES atrGate=PASS touch=PASS momCandle=momClosePos=0.944 momOk=Y ema50Ok=Y barRange=0.001420 zeroRangeBar=NO trigger=YES hasPos=YES portRisk=0.50% openPos=1 | 0.707660
HQ	0	02:52:02.895	Cazyxio_v4.3 (EURUSD,M15)	2026.03.17 08:52:02 | POSITION_HEALTH | AUDUSD | ticket=4541923 dir=LONG openPrice=0.70665 curPrice=0.70768 unrealPnL=144.20 curR=0.652 MFE=10.3pips MAE=0.9pips timeOpen=92min SL=0.70507 TP=0.71218
HD	0	02:52:02.895	Cazyxio_v4.3 (EURUSD,M15)	2026.03.17 08:52:02 | TRAIL_SKIP | AUDUSD | Trail not yet active. ProfitDist=0.00103 ActivateAt=0.00237 ticket=4541923
FN	0	02:52:02.895	Cazyxio_v4.3 (EURUSD,M15)	2026.03.17 08:52:02 | BAR | GBPJPY | close=211.972 h4ema200=210.895 h4slope=UP dailyEMA200=204.917 adx=20.0 ema50=211.866 distToEMA50=10.6pips touchSeq=2 atr=0.148357 atrRatio=1.427 dir=LONG spread=40.0 spreadOK=NO atrGate=PASS touch=PASS momCandle=momClosePos=0.837 momOk=Y ema50Ok=Y barRange=0.172000 zeroRangeBar=NO trigger=YES hasPos=NO portRisk=0.50% openPos=1 | 211.972000
MH	0	02:52:02.895	Cazyxio_v4.3 (EURUSD,M15)	2026.03.17 08:52:02 | GATE_FAIL | GBPJPY | Spread too wide. Spread=40.0 Max=30 points.
GD	0	02:52:02.895	Cazyxio_v4.3 (EURUSD,M15)	2026.03.17 08:52:02 | BAR | USDCAD | close=1.36872 h4ema200=1.36653 h4slope=UP dailyEMA200=1.38099 adx=27.3 ema50=1.36870 distToEMA50=0.2pips touchSeq=7 atr=0.000633 atrRatio=1.054 dir=NONE spread=27.0 spreadOK=YES atrGate=PASS touch=FAIL momCandle= zeroRangeBar=NO trigger=NO hasPos=NO portRisk=0.50% openPos=1 | 1.368720
JR	0	02:52:02.895	Cazyxio_v4.3 (EURUSD,M15)	2026.03.17 08:52:02 | GATE_FAIL | USDCAD | No directional bias. h4slope=UP closeNow=1.36872 h4ema200=1.36653 dailyEMA200=1.38099
PK	0	02:52:20.609	Cazyxio_v4.3 (EURUSD,M15)	2026.03.17 08:52:20 | HEARTBEAT | SYSTEM | EA alive. Tick=71400 Equity=44408.02 OpenPos=1 PendingOrders=0 UTC=2026.03.17 08:52 DayOfWeek=2 WeekendCloseActive=NO NewTradeBlocked=NO | 71400.000000
EE	0	02:53:30.982	Cazyxio_v4.3 (EURUSD,M15)	2026.03.17 08:53:30 | HEARTBEAT | SYSTEM | EA alive. Tick=71500 Equity=44392.62 OpenPos=1 PendingOrders=0 UTC=2026.03.17 08:53 DayOfWeek=2 WeekendCloseActive=NO NewTradeBlocked=NO | 71500.000000
FG	0	02:54:45.026	Cazyxio_v4.3 (EURUSD,M15)	2026.03.17 08:54:45 | HEARTBEAT | SYSTEM | EA alive. Tick=71600 Equity=44403.82 OpenPos=1 PendingOrders=0 UTC=2026.03.17 08:54 DayOfWeek=2 WeekendCloseActive=NO NewTradeBlocked=NO | 71600.000000
EQ	0	02:55:49.236	Cazyxio_v4.3 (EURUSD,M15)	2026.03.17 08:55:49 | HEARTBEAT | SYSTEM | EA alive. Tick=71700 Equity=44408.02 OpenPos=1 PendingOrders=0 UTC=2026.03.17 08:55 DayOfWeek=2 WeekendCloseActive=NO NewTradeBlocked=NO | 71700.000000
MS	0	02:57:03.444	Cazyxio_v4.3 (EURUSD,M15)	2026.03.17 08:57:03 | HEARTBEAT | SYSTEM | EA alive. Tick=71800 Equity=44401.02 OpenPos=1 PendingOrders=0 UTC=2026.03.17 08:57 DayOfWeek=2 WeekendCloseActive=NO NewTradeBlocked=NO | 71800.000000
JM	0	02:58:16.515	Cazyxio_v4.3 (EURUSD,M15)	2026.03.17 08:58:16 | HEARTBEAT | SYSTEM | EA alive. Tick=71900 Equity=44440.22 OpenPos=1 PendingOrders=0 UTC=2026.03.17 08:58 DayOfWeek=2 WeekendCloseActive=NO NewTradeBlocked=NO | 71900.000000
RO	0	02:59:28.799	Cazyxio_v4.3 (EURUSD,M15)	2026.03.17 08:59:28 | HEARTBEAT | SYSTEM | EA alive. Tick=72000 Equity=44458.42 OpenPos=1 PendingOrders=0 UTC=2026.03.17 08:59 DayOfWeek=2 WeekendCloseActive=NO NewTradeBlocked=NO | 72000.000000
RI	0	03:02:21.795	Cazyxio_v4.3 (EURUSD,M15)	2026.03.17 09:02:21 | GATE_FAIL | EURUSD | CopyBuffer failed for Daily EMA200.
JH	0	03:04:42.208	Cazyxio_v4.3 (EURUSD,M15)	2026.03.17 09:04:42 | GATE_FAIL | USDJPY | CopyBuffer failed for Daily EMA200.
RD	0	03:04:42.208	Cazyxio_v4.3 (EURUSD,M15)	2026.03.17 09:04:42 | BAR | AUDUSD | close=0.70824 h4ema200=0.70197 h4slope=UP dailyEMA200=0.67110 adx=35.7 ema50=0.70685 distToEMA50=13.9pips touchSeq=0 atr=0.000940 atrRatio=1.253 dir=LONG spread=16.0 spreadOK=YES atrGate=PASS touch=PASS momCandle=momClosePos=0.953 momOk=Y ema50Ok=Y barRange=0.000860 zeroRangeBar=NO trigger=YES hasPos=YES portRisk=0.50% openPos=1 | 0.708240
MP	0	03:04:42.208	Cazyxio_v4.3 (EURUSD,M15)	2026.03.17 09:04:42 | POSITION_HEALTH | AUDUSD | ticket=4541923 dir=LONG openPrice=0.70665 curPrice=0.70842 unrealPnL=247.80 curR=1.121 MFE=17.7pips MAE=0.9pips timeOpen=105min SL=0.70507 TP=0.71218
OR	0	03:04:42.208	Cazyxio_v4.3 (EURUSD,M15)	2026.03.17 09:04:42 | TRAIL_SKIP | AUDUSD | Trail not yet active. ProfitDist=0.00177 ActivateAt=0.00237 ticket=4541923
OL	0	03:04:42.208	Cazyxio_v4.3 (EURUSD,M15)	2026.03.17 09:04:42 | BAR | GBPJPY | close=212.050 h4ema200=210.908 h4slope=UP dailyEMA200=204.918 adx=20.4 ema50=211.877 distToEMA50=17.3pips touchSeq=0 atr=0.149786 atrRatio=1.438 dir=LONG spread=39.0 spreadOK=NO atrGate=PASS touch=PASS momCandle=momClosePos=0.862 momOk=Y ema50Ok=Y barRange=0.116000 zeroRangeBar=NO trigger=YES hasPos=NO portRisk=0.50% openPos=1 | 212.050000
QJ	0	03:04:42.208	Cazyxio_v4.3 (EURUSD,M15)	2026.03.17 09:04:42 | GATE_FAIL | GBPJPY | Spread too wide. Spread=39.0 Max=30 points.
KF	0	03:04:42.208	Cazyxio_v4.3 (EURUSD,M15)	2026.03.17 09:04:42 | BAR | USDCAD | close=1.36882 h4ema200=1.36655 h4slope=UP dailyEMA200=1.38099 adx=26.4 ema50=1.36870 distToEMA50=1.2pips touchSeq=8 atr=0.000640 atrRatio=1.064 dir=NONE spread=28.0 spreadOK=YES atrGate=PASS touch=FAIL momCandle= zeroRangeBar=NO trigger=NO hasPos=NO portRisk=0.50% openPos=1 | 1.368820
GD	0	03:04:42.208	Cazyxio_v4.3 (EURUSD,M15)	2026.03.17 09:04:42 | GATE_FAIL | USDCAD | No directional bias. h4slope=UP closeNow=1.36882 h4ema200=1.36655 dailyEMA200=1.38099
NH	0	03:07:02.747	Cazyxio_v4.3 (EURUSD,M15)	2026.03.17 09:07:02 | GATE_FAIL | GBPUSD | CopyBuffer failed for Daily EMA200.
II	0	03:07:29.760	Cazyxio_v4.3 (EURUSD,M15)	2026.03.17 09:07:29 | HEARTBEAT | SYSTEM | EA alive. Tick=72100 Equity=44482.22 OpenPos=1 PendingOrders=0 UTC=2026.03.17 09:07 DayOfWeek=2 WeekendCloseActive=NO NewTradeBlocked=NO | 72100.000000
LK	0	03:08:59.844	Cazyxio_v4.3 (EURUSD,M15)	2026.03.17 09:08:59 | HEARTBEAT | SYSTEM | EA alive. Tick=72200 Equity=44472.42 OpenPos=1 PendingOrders=0 UTC=2026.03.17 09:08 DayOfWeek=2 WeekendCloseActive=NO NewTradeBlocked=NO | 72200.000000
JE	0	03:10:25.934	Cazyxio_v4.3 (EURUSD,M15)	2026.03.17 09:10:25 | HEARTBEAT | SYSTEM | EA alive. Tick=72300 Equity=44480.82 OpenPos=1 PendingOrders=0 UTC=2026.03.17 09:10 DayOfWeek=2 WeekendCloseActive=NO NewTradeBlocked=NO | 72300.000000
RG	0	03:11:47.323	Cazyxio_v4.3 (EURUSD,M15)	2026.03.17 09:11:47 | HEARTBEAT | SYSTEM | EA alive. Tick=72400 Equity=44461.22 OpenPos=1 PendingOrders=0 UTC=2026.03.17 09:11 DayOfWeek=2 WeekendCloseActive=NO NewTradeBlocked=NO | 72400.000000
EQ	0	03:13:18.235	Cazyxio_v4.3 (EURUSD,M15)	2026.03.17 09:13:18 | HEARTBEAT | SYSTEM | EA alive. Tick=72500 Equity=44468.22 OpenPos=1 PendingOrders=0 UTC=2026.03.17 09:13 DayOfWeek=2 WeekendCloseActive=NO NewTradeBlocked=NO | 72500.000000
ES	0	03:14:51.107	Cazyxio_v4.3 (EURUSD,M15)	2026.03.17 09:14:51 | HEARTBEAT | SYSTEM | EA alive. Tick=72600 Equity=44458.42 OpenPos=1 PendingOrders=0 UTC=2026.03.17 09:14 DayOfWeek=2 WeekendCloseActive=NO NewTradeBlocked=NO | 72600.000000
ML	0	03:17:22.940	Cazyxio_v4.3 (EURUSD,M15)	2026.03.17 09:17:22 | GATE_FAIL | GBPUSD | CopyBuffer failed for Daily EMA200.
HL	0	03:19:43.386	Cazyxio_v4.3 (EURUSD,M15)	2026.03.17 09:19:43 | GATE_FAIL | EURUSD | CopyBuffer failed for Daily EMA200.
LL	0	03:22:03.833	Cazyxio_v4.3 (EURUSD,M15)	2026.03.17 09:22:03 | GATE_FAIL | USDJPY | CopyBuffer failed for Daily EMA200.
CN	0	03:22:03.833	Cazyxio_v4.3 (EURUSD,M15)	2026.03.17 09:22:03 | BAR | AUDUSD | close=0.70808 h4ema200=0.70197 h4slope=UP dailyEMA200=0.67110 adx=35.7 ema50=0.70688 distToEMA50=12.0pips touchSeq=0 atr=0.000886 atrRatio=1.178 dir=LONG spread=14.0 spreadOK=YES atrGate=PASS touch=PASS momCandle=momClosePos=0.077 momOk=N ema50Ok=Y barRange=0.000780 zeroRangeBar=NO trigger=NO hasPos=YES portRisk=0.50% openPos=1 | 0.708080
LM	0	03:22:03.833	Cazyxio_v4.3 (EURUSD,M15)	2026.03.17 09:22:03 | POSITION_HEALTH | AUDUSD | ticket=4541923 dir=LONG openPrice=0.70665 curPrice=0.70809 unrealPnL=201.60 curR=0.912 MFE=17.7pips MAE=0.9pips timeOpen=122min SL=0.70507 TP=0.71218
CN	0	03:22:03.833	Cazyxio_v4.3 (EURUSD,M15)	2026.03.17 09:22:03 | TRAIL_SKIP | AUDUSD | Trail not yet active. ProfitDist=0.00144 ActivateAt=0.00237 ticket=4541923
KF	0	03:22:03.833	Cazyxio_v4.3 (EURUSD,M15)	2026.03.17 09:22:03 | BAR | GBPJPY | close=212.090 h4ema200=210.908 h4slope=UP dailyEMA200=204.917 adx=20.5 ema50=211.885 distToEMA50=20.5pips touchSeq=0 atr=0.145571 atrRatio=1.396 dir=LONG spread=43.0 spreadOK=NO atrGate=PASS touch=PASS momCandle=momClosePos=0.487 momOk=N ema50Ok=Y barRange=0.119000 zeroRangeBar=NO trigger=NO hasPos=NO portRisk=0.50% openPos=1 | 212.090000
DG	0	03:22:03.833	Cazyxio_v4.3 (EURUSD,M15)	2026.03.17 09:22:03 | GATE_FAIL | GBPJPY | Spread too wide. Spread=43.0 Max=30 points.
KK	0	03:22:03.833	Cazyxio_v4.3 (EURUSD,M15)	2026.03.17 09:22:03 | BAR | USDCAD | close=1.36960 h4ema200=1.36656 h4slope=UP dailyEMA200=1.38100 adx=26.4 ema50=1.36875 distToEMA50=8.5pips touchSeq=0 atr=0.000652 atrRatio=1.081 dir=NONE spread=23.0 spreadOK=YES atrGate=PASS touch=FAIL momCandle= zeroRangeBar=NO trigger=NO hasPos=NO portRisk=0.50% openPos=1 | 1.369600
LI	0	03:22:03.833	Cazyxio_v4.3 (EURUSD,M15)	2026.03.17 09:22:03 | GATE_FAIL | USDCAD | No directional bias. h4slope=UP closeNow=1.36960 h4ema200=1.36656 dailyEMA200=1.38100
ML	0	03:23:08.763	Cazyxio_v4.3 (EURUSD,M15)	2026.03.17 09:23:08 | HEARTBEAT | SYSTEM | EA alive. Tick=72700 Equity=44458.42 OpenPos=1 PendingOrders=0 UTC=2026.03.17 09:23 DayOfWeek=2 WeekendCloseActive=NO NewTradeBlocked=NO | 72700.000000
RN	0	03:24:14.596	Cazyxio_v4.3 (EURUSD,M15)	2026.03.17 09:24:14 | HEARTBEAT | SYSTEM | EA alive. Tick=72800 Equity=44454.22 OpenPos=1 PendingOrders=0 UTC=2026.03.17 09:24 DayOfWeek=2 WeekendCloseActive=NO NewTradeBlocked=NO | 72800.000000
MH	0	03:25:31.560	Cazyxio_v4.3 (EURUSD,M15)	2026.03.17 09:25:31 | HEARTBEAT | SYSTEM | EA alive. Tick=72900 Equity=44493.42 OpenPos=1 PendingOrders=0 UTC=2026.03.17 09:25 DayOfWeek=2 WeekendCloseActive=NO NewTradeBlocked=NO | 72900.000000
LJ	0	03:26:22.963	Cazyxio_v4.3 (EURUSD,M15)	2026.03.17 09:26:22 | HEARTBEAT | SYSTEM | EA alive. Tick=73000 Equity=44553.62 OpenPos=1 PendingOrders=0 UTC=2026.03.17 09:26 DayOfWeek=2 WeekendCloseActive=NO NewTradeBlocked=NO | 73000.000000
FD	0	03:27:20.366	Cazyxio_v4.3 (EURUSD,M15)	2026.03.17 09:27:20 | HEARTBEAT | SYSTEM | EA alive. Tick=73100 Equity=44562.02 OpenPos=1 PendingOrders=0 UTC=2026.03.17 09:27 DayOfWeek=2 WeekendCloseActive=NO NewTradeBlocked=NO | 73100.000000
DF	0	03:28:09.577	Cazyxio_v4.3 (EURUSD,M15)	2026.03.17 09:28:09 | HEARTBEAT | SYSTEM | EA alive. Tick=73200 Equity=44569.02 OpenPos=1 PendingOrders=0 UTC=2026.03.17 09:28 DayOfWeek=2 WeekendCloseActive=NO NewTradeBlocked=NO | 73200.000000
CP	0	03:29:23.448	Cazyxio_v4.3 (EURUSD,M15)	2026.03.17 09:29:23 | HEARTBEAT | SYSTEM | EA alive. Tick=73300 Equity=44566.22 OpenPos=1 PendingOrders=0 UTC=2026.03.17 09:29 DayOfWeek=2 WeekendCloseActive=NO NewTradeBlocked=NO | 73300.000000
RR	0	03:32:21.755	Cazyxio_v4.3 (EURUSD,M15)	2026.03.17 09:32:21 | GATE_FAIL | EURUSD | CopyBuffer failed for Daily EMA200.
KR	0	03:34:42.081	Cazyxio_v4.3 (EURUSD,M15)	2026.03.17 09:34:42 | GATE_FAIL | USDJPY | CopyBuffer failed for Daily EMA200.
OQ	0	03:34:42.081	Cazyxio_v4.3 (EURUSD,M15)	2026.03.17 09:34:42 | BAR | AUDUSD | close=0.70878 h4ema200=0.70197 h4slope=UP dailyEMA200=0.67110 adx=36.1 ema50=0.70697 distToEMA50=18.1pips touchSeq=0 atr=0.000893 atrRatio=1.184 dir=LONG spread=17.0 spreadOK=YES atrGate=PASS touch=PASS momCandle=momClosePos=0.810 momOk=Y ema50Ok=Y barRange=0.001160 zeroRangeBar=NO trigger=YES hasPos=YES portRisk=0.50% openPos=1 | 0.708780
LK	0	03:34:42.081	Cazyxio_v4.3 (EURUSD,M15)	2026.03.17 09:34:42 | POSITION_HEALTH | AUDUSD | ticket=4541923 dir=LONG openPrice=0.70665 curPrice=0.70830 unrealPnL=231.00 curR=1.045 MFE=17.7pips MAE=0.9pips timeOpen=135min SL=0.70507 TP=0.71218
CL	0	03:34:42.081	Cazyxio_v4.3 (EURUSD,M15)	2026.03.17 09:34:42 | TRAIL_SKIP | AUDUSD | Trail not yet active. ProfitDist=0.00165 ActivateAt=0.00237 ticket=4541923
CI	0	03:34:42.081	Cazyxio_v4.3 (EURUSD,M15)	2026.03.17 09:34:42 | BAR | GBPJPY | close=212.120 h4ema200=210.909 h4slope=UP dailyEMA200=204.918 adx=20.6 ema50=211.897 distToEMA50=22.3pips touchSeq=0 atr=0.137286 atrRatio=1.315 dir=LONG spread=42.0 spreadOK=NO atrGate=PASS touch=PASS momCandle=momClosePos=0.694 momOk=Y ema50Ok=Y barRange=0.111000 zeroRangeBar=NO trigger=YES hasPos=NO portRisk=0.50% openPos=1 | 212.120000
PQ	0	03:34:42.081	Cazyxio_v4.3 (EURUSD,M15)	2026.03.17 09:34:42 | GATE_FAIL | GBPJPY | Spread too wide. Spread=42.0 Max=30 points.
HL	0	03:34:42.081	Cazyxio_v4.3 (EURUSD,M15)	2026.03.17 09:34:42 | BAR | USDCAD | close=1.36887 h4ema200=1.36656 h4slope=UP dailyEMA200=1.38100 adx=26.4 ema50=1.36876 distToEMA50=1.1pips touchSeq=1 atr=0.000703 atrRatio=1.162 dir=NONE spread=25.0 spreadOK=YES atrGate=PASS touch=FAIL momCandle= zeroRangeBar=NO trigger=NO hasPos=NO portRisk=0.50% openPos=1 | 1.368870
OJ	0	03:34:42.081	Cazyxio_v4.3 (EURUSD,M15)	2026.03.17 09:34:42 | GATE_FAIL | USDCAD | No directional bias. h4slope=UP closeNow=1.36887 h4ema200=1.36656 dailyEMA200=1.38100
HS	0	03:37:04.608	Cazyxio_v4.3 (EURUSD,M15)	2026.03.17 09:37:04 | GATE_FAIL | GBPUSD | CopyBuffer failed for Daily EMA200.
MR	0	03:37:44.294	Cazyxio_v4.3 (EURUSD,M15)	2026.03.17 09:37:44 | HEARTBEAT | SYSTEM | EA alive. Tick=73400 Equity=44496.22 OpenPos=1 PendingOrders=0 UTC=2026.03.17 09:37 DayOfWeek=2 WeekendCloseActive=NO NewTradeBlocked=NO | 73400.000000
ML	0	03:39:15.485	Cazyxio_v4.3 (EURUSD,M15)	2026.03.17 09:39:15 | HEARTBEAT | SYSTEM | EA alive. Tick=73500 Equity=44494.82 OpenPos=1 PendingOrders=0 UTC=2026.03.17 09:39 DayOfWeek=2 WeekendCloseActive=NO NewTradeBlocked=NO | 73500.000000
QN	0	03:40:36.611	Cazyxio_v4.3 (EURUSD,M15)	2026.03.17 09:40:36 | HEARTBEAT | SYSTEM | EA alive. Tick=73600 Equity=44475.22 OpenPos=1 PendingOrders=0 UTC=2026.03.17 09:40 DayOfWeek=2 WeekendCloseActive=NO NewTradeBlocked=NO | 73600.000000
MH	0	03:42:03.564	Cazyxio_v4.3 (EURUSD,M15)	2026.03.17 09:42:03 | HEARTBEAT | SYSTEM | EA alive. Tick=73700 Equity=44487.82 OpenPos=1 PendingOrders=0 UTC=2026.03.17 09:42 DayOfWeek=2 WeekendCloseActive=NO NewTradeBlocked=NO | 73700.000000
OJ	0	03:43:38.950	Cazyxio_v4.3 (EURUSD,M15)	2026.03.17 09:43:38 | HEARTBEAT | SYSTEM | EA alive. Tick=73800 Equity=44492.02 OpenPos=1 PendingOrders=0 UTC=2026.03.17 09:43 DayOfWeek=2 WeekendCloseActive=NO NewTradeBlocked=NO | 73800.000000
FE	0	03:47:22.088	Cazyxio_v4.3 (EURUSD,M15)	2026.03.17 09:47:22 | GATE_FAIL | GBPUSD | CopyBuffer failed for Daily EMA200.
NG	0	03:49:42.502	Cazyxio_v4.3 (EURUSD,M15)	2026.03.17 09:49:42 | GATE_FAIL | EURUSD | CopyBuffer failed for Daily EMA200.
GG	0	03:52:02.809	Cazyxio_v4.3 (EURUSD,M15)	2026.03.17 09:52:02 | GATE_FAIL | USDJPY | CopyBuffer failed for Daily EMA200.
JG	0	03:52:02.809	Cazyxio_v4.3 (EURUSD,M15)	2026.03.17 09:52:02 | BAR | AUDUSD | close=0.70846 h4ema200=0.70197 h4slope=UP dailyEMA200=0.67110 adx=36.1 ema50=0.70703 distToEMA50=14.3pips touchSeq=0 atr=0.000855 atrRatio=1.132 dir=LONG spread=18.0 spreadOK=YES atrGate=PASS touch=PASS momCandle=momClosePos=0.438 momOk=N ema50Ok=Y barRange=0.000730 zeroRangeBar=NO trigger=NO hasPos=YES portRisk=0.50% openPos=1 | 0.708460
PF	0	03:52:02.809	Cazyxio_v4.3 (EURUSD,M15)	2026.03.17 09:52:02 | POSITION_HEALTH | AUDUSD | ticket=4541923 dir=LONG openPrice=0.70665 curPrice=0.70845 unrealPnL=252.00 curR=1.140 MFE=18.0pips MAE=0.9pips timeOpen=152min SL=0.70507 TP=0.71218
HG	0	03:52:02.809	Cazyxio_v4.3 (EURUSD,M15)	2026.03.17 09:52:02 | TRAIL_SKIP | AUDUSD | Trail not yet active. ProfitDist=0.00180 ActivateAt=0.00237 ticket=4541923
NR	0	03:52:02.809	Cazyxio_v4.3 (EURUSD,M15)	2026.03.17 09:52:02 | BAR | GBPJPY | close=212.185 h4ema200=210.908 h4slope=UP dailyEMA200=204.918 adx=20.8 ema50=211.908 distToEMA50=27.7pips touchSeq=0 atr=0.129357 atrRatio=1.240 dir=LONG spread=37.0 spreadOK=NO atrGate=PASS touch=PASS momCandle=momClosePos=0.673 momOk=Y ema50Ok=Y barRange=0.104000 zeroRangeBar=NO trigger=YES hasPos=NO portRisk=0.50% openPos=1 | 212.185000
DL	0	03:52:02.809	Cazyxio_v4.3 (EURUSD,M15)	2026.03.17 09:52:02 | GATE_FAIL | GBPJPY | Spread too wide. Spread=37.0 Max=30 points.
KS	0	03:52:02.809	Cazyxio_v4.3 (EURUSD,M15)	2026.03.17 09:52:02 | BAR | USDCAD | close=1.36950 h4ema200=1.36656 h4slope=UP dailyEMA200=1.38100 adx=26.4 ema50=1.36879 distToEMA50=7.1pips touchSeq=2 atr=0.000692 atrRatio=1.142 dir=NONE spread=27.0 spreadOK=YES atrGate=PASS touch=FAIL momCandle= zeroRangeBar=NO trigger=NO hasPos=NO portRisk=0.50% openPos=1 | 1.369500
LQ	0	03:52:02.809	Cazyxio_v4.3 (EURUSD,M15)	2026.03.17 09:52:02 | GATE_FAIL | USDCAD | No directional bias. h4slope=UP closeNow=1.36950 h4ema200=1.36656 dailyEMA200=1.38100
RD	0	03:52:47.192	Cazyxio_v4.3 (EURUSD,M15)	2026.03.17 09:52:47 | HEARTBEAT | SYSTEM | EA alive. Tick=73900 Equity=44501.82 OpenPos=1 PendingOrders=0 UTC=2026.03.17 09:52 DayOfWeek=2 WeekendCloseActive=NO NewTradeBlocked=NO | 73900.000000
EF	0	03:55:14.884	Cazyxio_v4.3 (EURUSD,M15)	2026.03.17 09:55:14 | HEARTBEAT | SYSTEM | EA alive. Tick=74000 Equity=44536.82 OpenPos=1 PendingOrders=0 UTC=2026.03.17 09:55 DayOfWeek=2 WeekendCloseActive=NO NewTradeBlocked=NO | 74000.000000
PP	0	03:56:47.822	Cazyxio_v4.3 (EURUSD,M15)	2026.03.17 09:56:47 | HEARTBEAT | SYSTEM | EA alive. Tick=74100 Equity=44536.82 OpenPos=1 PendingOrders=0 UTC=2026.03.17 09:56 DayOfWeek=2 WeekendCloseActive=NO NewTradeBlocked=NO | 74100.000000
GR	0	03:58:13.534	Cazyxio_v4.3 (EURUSD,M15)	2026.03.17 09:58:13 | HEARTBEAT | SYSTEM | EA alive. Tick=74200 Equity=44555.02 OpenPos=1 PendingOrders=0 UTC=2026.03.17 09:58 DayOfWeek=2 WeekendCloseActive=NO NewTradeBlocked=NO | 74200.000000
FL	0	04:00:01.428	Cazyxio_v4.3 (EURUSD,M15)	2026.03.17 10:00:01 | HEARTBEAT | SYSTEM | EA alive. Tick=74300 Equity=44563.42 OpenPos=1 PendingOrders=0 UTC=2026.03.17 10:00 DayOfWeek=2 WeekendCloseActive=NO NewTradeBlocked=NO | 74300.000000
QN	0	04:02:21.883	Cazyxio_v4.3 (EURUSD,M15)	2026.03.17 10:02:21 | GATE_FAIL | EURUSD | CopyBuffer failed for Daily EMA200.
HI	0	04:04:42.256	Cazyxio_v4.3 (EURUSD,M15)	2026.03.17 10:04:42 | GATE_FAIL | USDJPY | CopyBuffer failed for Daily EMA200.
JE	0	04:04:42.256	Cazyxio_v4.3 (EURUSD,M15)	2026.03.17 10:04:42 | BAR | AUDUSD | close=0.70886 h4ema200=0.70197 h4slope=UP dailyEMA200=0.67111 adx=36.1 ema50=0.70712 distToEMA50=17.4pips touchSeq=0 atr=0.000827 atrRatio=1.094 dir=LONG spread=18.0 spreadOK=YES atrGate=PASS touch=PASS momCandle=momClosePos=0.983 momOk=Y ema50Ok=Y barRange=0.000590 zeroRangeBar=NO trigger=YES hasPos=YES portRisk=0.50% openPos=1 | 0.708860
CO	0	04:04:42.256	Cazyxio_v4.3 (EURUSD,M15)	2026.03.17 10:04:42 | POSITION_HEALTH | AUDUSD | ticket=4541923 dir=LONG openPrice=0.70665 curPrice=0.70886 unrealPnL=309.40 curR=1.399 MFE=22.1pips MAE=0.9pips timeOpen=165min SL=0.70507 TP=0.71218
QQ	0	04:04:42.256	Cazyxio_v4.3 (EURUSD,M15)	2026.03.17 10:04:42 | TRAIL_SKIP | AUDUSD | Trail not yet active. ProfitDist=0.00221 ActivateAt=0.00237 ticket=4541923
PM	0	04:04:42.256	Cazyxio_v4.3 (EURUSD,M15)	2026.03.17 10:04:42 | BAR | GBPJPY | close=212.189 h4ema200=210.909 h4slope=UP dailyEMA200=204.918 adx=20.8 ema50=211.920 distToEMA50=26.9pips touchSeq=0 atr=0.133429 atrRatio=1.278 dir=LONG spread=40.0 spreadOK=NO atrGate=PASS touch=PASS momCandle=momClosePos=0.901 momOk=Y ema50Ok=Y barRange=0.101000 zeroRangeBar=NO trigger=YES hasPos=NO portRisk=0.50% openPos=1 | 212.189000
EE	0	04:04:42.256	Cazyxio_v4.3 (EURUSD,M15)	2026.03.17 10:04:42 | GATE_FAIL | GBPJPY | Spread too wide. Spread=40.0 Max=30 points.
GI	0	04:04:42.256	Cazyxio_v4.3 (EURUSD,M15)	2026.03.17 10:04:42 | BAR | USDCAD | close=1.36948 h4ema200=1.36656 h4slope=UP dailyEMA200=1.38100 adx=26.4 ema50=1.36881 distToEMA50=6.7pips touchSeq=3 atr=0.000688 atrRatio=1.133 dir=NONE spread=24.0 spreadOK=YES atrGate=PASS touch=FAIL momCandle= zeroRangeBar=NO trigger=NO hasPos=NO portRisk=0.50% openPos=1 | 1.369480
FG	0	04:04:42.256	Cazyxio_v4.3 (EURUSD,M15)	2026.03.17 10:04:42 | GATE_FAIL | USDCAD | No directional bias. h4slope=UP closeNow=1.36948 h4ema200=1.36656 dailyEMA200=1.38100
DO	0	04:07:02.780	Cazyxio_v4.3 (EURUSD,M15)	2026.03.17 10:07:02 | GATE_FAIL | GBPUSD | CopyBuffer failed for Daily EMA200.
HI	0	04:08:05.227	Cazyxio_v4.3 (EURUSD,M15)	2026.03.17 10:08:05 | HEARTBEAT | SYSTEM | EA alive. Tick=74400 Equity=44564.82 OpenPos=1 PendingOrders=0 UTC=2026.03.17 10:08 DayOfWeek=2 WeekendCloseActive=NO NewTradeBlocked=NO | 74400.000000
OK	0	04:09:28.437	Cazyxio_v4.3 (EURUSD,M15)	2026.03.17 10:09:28 | HEARTBEAT | SYSTEM | EA alive. Tick=74500 Equity=44552.22 OpenPos=1 PendingOrders=0 UTC=2026.03.17 10:09 DayOfWeek=2 WeekendCloseActive=NO NewTradeBlocked=NO | 74500.000000
ME	0	04:11:04.895	Cazyxio_v4.3 (EURUSD,M15)	2026.03.17 10:11:04 | HEARTBEAT | SYSTEM | EA alive. Tick=74600 Equity=44559.22 OpenPos=1 PendingOrders=0 UTC=2026.03.17 10:11 DayOfWeek=2 WeekendCloseActive=NO NewTradeBlocked=NO | 74600.000000
IG	0	04:12:23.894	Cazyxio_v4.3 (EURUSD,M15)	2026.03.17 10:12:23 | HEARTBEAT | SYSTEM | EA alive. Tick=74700 Equity=44555.02 OpenPos=1 PendingOrders=0 UTC=2026.03.17 10:12 DayOfWeek=2 WeekendCloseActive=NO NewTradeBlocked=NO | 74700.000000
DQ	0	04:14:06.263	Cazyxio_v4.3 (EURUSD,M15)	2026.03.17 10:14:06 | HEARTBEAT | SYSTEM | EA alive. Tick=74800 Equity=44545.22 OpenPos=1 PendingOrders=0 UTC=2026.03.17 10:14 DayOfWeek=2 WeekendCloseActive=NO NewTradeBlocked=NO | 74800.000000
GR	0	04:17:24.534	Cazyxio_v4.3 (EURUSD,M15)	2026.03.17 10:17:24 | GATE_FAIL | GBPUSD | CopyBuffer failed for Daily EMA200.
NS	0	04:19:44.938	Cazyxio_v4.3 (EURUSD,M15)	2026.03.17 10:19:44 | GATE_FAIL | EURUSD | CopyBuffer failed for Daily EMA200.
ER	0	04:22:05.367	Cazyxio_v4.3 (EURUSD,M15)	2026.03.17 10:22:05 | GATE_FAIL | USDJPY | CopyBuffer failed for Daily EMA200.
CS	0	04:22:05.367	Cazyxio_v4.3 (EURUSD,M15)	2026.03.17 10:22:05 | BAR | AUDUSD | close=0.70865 h4ema200=0.70197 h4slope=UP dailyEMA200=0.67110 adx=36.1 ema50=0.70716 distToEMA50=14.9pips touchSeq=0 atr=0.000839 atrRatio=1.109 dir=LONG spread=19.0 spreadOK=YES atrGate=PASS touch=PASS momCandle=momClosePos=0.250 momOk=N ema50Ok=Y barRange=0.000440 zeroRangeBar=NO trigger=NO hasPos=YES portRisk=0.50% openPos=1 | 0.708650
LJ	0	04:22:05.367	Cazyxio_v4.3 (EURUSD,M15)	2026.03.17 10:22:05 | POSITION_HEALTH | AUDUSD | ticket=4541923 dir=LONG openPrice=0.70665 curPrice=0.70830 unrealPnL=231.00 curR=1.045 MFE=22.1pips MAE=0.9pips timeOpen=182min SL=0.70507 TP=0.71218
OL	0	04:22:05.367	Cazyxio_v4.3 (EURUSD,M15)	2026.03.17 10:22:05 | TRAIL_SKIP | AUDUSD | Trail not yet active. ProfitDist=0.00165 ActivateAt=0.00237 ticket=4541923
KK	0	04:22:05.367	Cazyxio_v4.3 (EURUSD,M15)	2026.03.17 10:22:05 | BAR | GBPJPY | close=212.191 h4ema200=210.907 h4slope=UP dailyEMA200=204.917 adx=20.8 ema50=211.926 distToEMA50=26.5pips touchSeq=0 atr=0.135786 atrRatio=1.300 dir=LONG spread=43.0 spreadOK=NO atrGate=PASS touch=PASS momCandle=momClosePos=0.522 momOk=N ema50Ok=Y barRange=0.134000 zeroRangeBar=NO trigger=NO hasPos=NO portRisk=0.50% openPos=1 | 212.191000
EP	0	04:22:05.367	Cazyxio_v4.3 (EURUSD,M15)	2026.03.17 10:22:05 | GATE_FAIL | GBPJPY | Spread too wide. Spread=43.0 Max=30 points.
GL	0	04:22:05.367	Cazyxio_v4.3 (EURUSD,M15)	2026.03.17 10:22:05 | BAR | USDCAD | close=1.36967 h4ema200=1.36656 h4slope=UP dailyEMA200=1.38100 adx=26.4 ema50=1.36886 distToEMA50=8.1pips touchSeq=0 atr=0.000684 atrRatio=1.125 dir=NONE spread=20.0 spreadOK=YES atrGate=PASS touch=FAIL momCandle= zeroRangeBar=NO trigger=NO hasPos=NO portRisk=0.50% openPos=1 | 1.369670
PJ	0	04:22:05.367	Cazyxio_v4.3 (EURUSD,M15)	2026.03.17 10:22:05 | GATE_FAIL | USDCAD | No directional bias. h4slope=UP closeNow=1.36967 h4ema200=1.36656 dailyEMA200=1.38100
ES	0	04:23:05.864	Cazyxio_v4.3 (EURUSD,M15)	2026.03.17 10:23:05 | HEARTBEAT | SYSTEM | EA alive. Tick=74900 Equity=44503.22 OpenPos=1 PendingOrders=0 UTC=2026.03.17 10:23 DayOfWeek=2 WeekendCloseActive=NO NewTradeBlocked=NO | 74900.000000
PM	0	04:24:35.984	Cazyxio_v4.3 (EURUSD,M15)	2026.03.17 10:24:35 | HEARTBEAT | SYSTEM | EA alive. Tick=75000 Equity=44487.82 OpenPos=1 PendingOrders=0 UTC=2026.03.17 10:24 DayOfWeek=2 WeekendCloseActive=NO NewTradeBlocked=NO | 75000.000000
GO	0	04:25:59.424	Cazyxio_v4.3 (EURUSD,M15)	2026.03.17 10:25:59 | HEARTBEAT | SYSTEM | EA alive. Tick=75100 Equity=44497.62 OpenPos=1 PendingOrders=0 UTC=2026.03.17 10:25 DayOfWeek=2 WeekendCloseActive=NO NewTradeBlocked=NO | 75100.000000
EI	0	04:27:30.843	Cazyxio_v4.3 (EURUSD,M15)	2026.03.17 10:27:30 | HEARTBEAT | SYSTEM | EA alive. Tick=75200 Equity=44508.82 OpenPos=1 PendingOrders=0 UTC=2026.03.17 10:27 DayOfWeek=2 WeekendCloseActive=NO NewTradeBlocked=NO | 75200.000000
RK	0	04:28:48.614	Cazyxio_v4.3 (EURUSD,M15)	2026.03.17 10:28:48 | HEARTBEAT | SYSTEM | EA alive. Tick=75300 Equity=44528.42 OpenPos=1 PendingOrders=0 UTC=2026.03.17 10:28 DayOfWeek=2 WeekendCloseActive=NO NewTradeBlocked=NO | 75300.000000
JD	0	04:32:21.999	Cazyxio_v4.3 (EURUSD,M15)	2026.03.17 10:32:21 | GATE_FAIL | GBPUSD | CopyBuffer failed for Daily EMA200.
PD	0	04:34:42.408	Cazyxio_v4.3 (EURUSD,M15)	2026.03.17 10:34:42 | GATE_FAIL | EURUSD | CopyBuffer failed for Daily EMA200.
GD	0	04:37:02.804	Cazyxio_v4.3 (EURUSD,M15)	2026.03.17 10:37:02 | GATE_FAIL | USDJPY | CopyBuffer failed for Daily EMA200.
QK	0	04:37:02.804	Cazyxio_v4.3 (EURUSD,M15)	2026.03.17 10:37:02 | BAR | AUDUSD | close=0.70869 h4ema200=0.70197 h4slope=UP dailyEMA200=0.67111 adx=36.1 ema50=0.70724 distToEMA50=14.5pips touchSeq=0 atr=0.000841 atrRatio=1.109 dir=LONG spread=18.0 spreadOK=YES atrGate=PASS touch=PASS momCandle=momClosePos=0.950 momOk=Y ema50Ok=Y barRange=0.000800 zeroRangeBar=NO trigger=YES hasPos=YES portRisk=0.50% openPos=1 | 0.708690
NE	0	04:37:02.804	Cazyxio_v4.3 (EURUSD,M15)	2026.03.17 10:37:02 | POSITION_HEALTH | AUDUSD | ticket=4541923 dir=LONG openPrice=0.70665 curPrice=0.70883 unrealPnL=305.20 curR=1.380 MFE=22.1pips MAE=0.9pips timeOpen=197min SL=0.70507 TP=0.71218
HF	0	04:37:02.804	Cazyxio_v4.3 (EURUSD,M15)	2026.03.17 10:37:02 | TRAIL_SKIP | AUDUSD | Trail not yet active. ProfitDist=0.00218 ActivateAt=0.00237 ticket=4541923
IN	0	04:37:02.804	Cazyxio_v4.3 (EURUSD,M15)	2026.03.17 10:37:02 | BAR | GBPJPY | close=212.059 h4ema200=210.907 h4slope=UP dailyEMA200=204.917 adx=20.4 ema50=211.929 distToEMA50=13.0pips touchSeq=1 atr=0.137071 atrRatio=1.312 dir=LONG spread=41.0 spreadOK=NO atrGate=PASS touch=PASS momCandle=momClosePos=0.161 momOk=N ema50Ok=Y barRange=0.161000 zeroRangeBar=NO trigger=NO hasPos=NO portRisk=0.50% openPos=1 | 212.059000
GO	0	04:37:02.804	Cazyxio_v4.3 (EURUSD,M15)	2026.03.17 10:37:02 | GATE_FAIL | GBPJPY | Spread too wide. Spread=41.0 Max=30 points.
JR	0	04:37:02.804	Cazyxio_v4.3 (EURUSD,M15)	2026.03.17 10:37:02 | BAR | USDCAD | close=1.36910 h4ema200=1.36656 h4slope=UP dailyEMA200=1.38100 adx=26.4 ema50=1.36885 distToEMA50=2.5pips touchSeq=1 atr=0.000694 atrRatio=1.139 dir=NONE spread=27.0 spreadOK=YES atrGate=PASS touch=FAIL momCandle= zeroRangeBar=NO trigger=NO hasPos=NO portRisk=0.50% openPos=1 | 1.369100
LP	0	04:37:02.804	Cazyxio_v4.3 (EURUSD,M15)	2026.03.17 10:37:02 | GATE_FAIL | USDCAD | No directional bias. h4slope=UP closeNow=1.36910 h4ema200=1.36656 dailyEMA200=1.38100
DD	0	04:37:16.043	Cazyxio_v4.3 (EURUSD,M15)	2026.03.17 10:37:16 | HEARTBEAT | SYSTEM | EA alive. Tick=75400 Equity=44560.62 OpenPos=1 PendingOrders=0 UTC=2026.03.17 10:37 DayOfWeek=2 WeekendCloseActive=NO NewTradeBlocked=NO | 75400.000000
CF	0	04:38:39.632	Cazyxio_v4.3 (EURUSD,M15)	2026.03.17 10:38:39 | HEARTBEAT | SYSTEM | EA alive. Tick=75500 Equity=44528.42 OpenPos=1 PendingOrders=0 UTC=2026.03.17 10:38 DayOfWeek=2 WeekendCloseActive=NO NewTradeBlocked=NO | 75500.000000
RP	0	04:39:59.614	Cazyxio_v4.3 (EURUSD,M15)	2026.03.17 10:39:59 | HEARTBEAT | SYSTEM | EA alive. Tick=75600 Equity=44517.22 OpenPos=1 PendingOrders=0 UTC=2026.03.17 10:39 DayOfWeek=2 WeekendCloseActive=NO NewTradeBlocked=NO | 75600.000000
CR	0	04:41:49.778	Cazyxio_v4.3 (EURUSD,M15)	2026.03.17 10:41:49 | HEARTBEAT | SYSTEM | EA alive. Tick=75700 Equity=44518.62 OpenPos=1 PendingOrders=0 UTC=2026.03.17 10:41 DayOfWeek=2 WeekendCloseActive=NO NewTradeBlocked=NO | 75700.000000
PL	0	04:43:36.206	Cazyxio_v4.3 (EURUSD,M15)	2026.03.17 10:43:36 | HEARTBEAT | SYSTEM | EA alive. Tick=75800 Equity=44485.02 OpenPos=1 PendingOrders=0 UTC=2026.03.17 10:43 DayOfWeek=2 WeekendCloseActive=NO NewTradeBlocked=NO | 75800.000000
EN	0	04:47:22.155	Cazyxio_v4.3 (EURUSD,M15)	2026.03.17 10:47:22 | GATE_FAIL | EURUSD | CopyBuffer failed for Daily EMA200.
HN	0	04:49:42.483	Cazyxio_v4.3 (EURUSD,M15)	2026.03.17 10:49:42 | GATE_FAIL | USDJPY | CopyBuffer failed for Daily EMA200.
NH	0	04:49:42.483	Cazyxio_v4.3 (EURUSD,M15)	2026.03.17 10:49:42 | BAR | AUDUSD | close=0.70835 h4ema200=0.70197 h4slope=UP dailyEMA200=0.67110 adx=36.1 ema50=0.70725 distToEMA50=11.0pips touchSeq=0 atr=0.000831 atrRatio=1.094 dir=LONG spread=21.0 spreadOK=YES atrGate=PASS touch=PASS momCandle=momClosePos=0.117 momOk=N ema50Ok=Y barRange=0.000600 zeroRangeBar=NO trigger=NO hasPos=YES portRisk=0.50% openPos=1 | 0.708350
FO	0	04:49:42.483	Cazyxio_v4.3 (EURUSD,M15)	2026.03.17 10:49:42 | POSITION_HEALTH | AUDUSD | ticket=4541923 dir=LONG openPrice=0.70665 curPrice=0.70801 unrealPnL=190.40 curR=0.861 MFE=22.1pips MAE=0.9pips timeOpen=210min SL=0.70507 TP=0.71218
LP	0	04:49:42.483	Cazyxio_v4.3 (EURUSD,M15)	2026.03.17 10:49:42 | TRAIL_SKIP | AUDUSD | Trail not yet active. ProfitDist=0.00136 ActivateAt=0.00237 ticket=4541923
IS	0	04:49:42.483	Cazyxio_v4.3 (EURUSD,M15)	2026.03.17 10:49:42 | BAR | GBPJPY | close=212.001 h4ema200=210.907 h4slope=UP dailyEMA200=204.916 adx=20.3 ema50=211.931 distToEMA50=7.0pips touchSeq=2 atr=0.127857 atrRatio=1.224 dir=LONG spread=47.0 spreadOK=NO atrGate=PASS touch=PASS momCandle=momClosePos=0.336 momOk=N ema50Ok=Y barRange=0.113000 zeroRangeBar=NO trigger=NO hasPos=NO portRisk=0.50% openPos=1 | 212.001000
FE	0	04:49:42.483	Cazyxio_v4.3 (EURUSD,M15)	2026.03.17 10:49:42 | GATE_FAIL | GBPJPY | Spread too wide. Spread=47.0 Max=30 points.
GH	0	04:49:42.483	Cazyxio_v4.3 (EURUSD,M15)	2026.03.17 10:49:42 | BAR | USDCAD | close=1.36971 h4ema200=1.36656 h4slope=UP dailyEMA200=1.38100 adx=26.4 ema50=1.36891 distToEMA50=8.0pips touchSeq=2 atr=0.000693 atrRatio=1.134 dir=NONE spread=26.0 spreadOK=YES atrGate=PASS touch=FAIL momCandle= zeroRangeBar=NO trigger=NO hasPos=NO portRisk=0.50% openPos=1 | 1.369710
RF	0	04:49:42.483	Cazyxio_v4.3 (EURUSD,M15)	2026.03.17 10:49:42 | GATE_FAIL | USDCAD | No directional bias. h4slope=UP closeNow=1.36971 h4ema200=1.36656 dailyEMA200=1.38100
QO	0	04:52:04.901	Cazyxio_v4.3 (EURUSD,M15)	2026.03.17 10:52:04 | GATE_FAIL | GBPUSD | CopyBuffer failed for Daily EMA200.
HN	0	04:52:28.711	Cazyxio_v4.3 (EURUSD,M15)	2026.03.17 10:52:28 | HEARTBEAT | SYSTEM | EA alive. Tick=75900 Equity=44468.22 OpenPos=1 PendingOrders=0 UTC=2026.03.17 10:52 DayOfWeek=2 WeekendCloseActive=NO NewTradeBlocked=NO | 75900.000000
HH	0	04:54:27.424	Cazyxio_v4.3 (EURUSD,M15)	2026.03.17 10:54:27 | HEARTBEAT | SYSTEM | EA alive. Tick=76000 Equity=44490.62 OpenPos=1 PendingOrders=0 UTC=2026.03.17 10:54 DayOfWeek=2 WeekendCloseActive=NO NewTradeBlocked=NO | 76000.000000
HJ	0	04:55:56.051	Cazyxio_v4.3 (EURUSD,M15)	2026.03.17 10:55:56 | HEARTBEAT | SYSTEM | EA alive. Tick=76100 Equity=44497.62 OpenPos=1 PendingOrders=0 UTC=2026.03.17 10:55 DayOfWeek=2 WeekendCloseActive=NO NewTradeBlocked=NO | 76100.000000
JD	0	04:57:43.576	Cazyxio_v4.3 (EURUSD,M15)	2026.03.17 10:57:43 | HEARTBEAT | SYSTEM | EA alive. Tick=76200 Equity=44501.82 OpenPos=1 PendingOrders=0 UTC=2026.03.17 10:57 DayOfWeek=2 WeekendCloseActive=NO NewTradeBlocked=NO | 76200.000000
JF	0	04:59:36.578	Cazyxio_v4.3 (EURUSD,M15)	2026.03.17 10:59:36 | HEARTBEAT | SYSTEM | EA alive. Tick=76300 Equity=44497.62 OpenPos=1 PendingOrders=0 UTC=2026.03.17 10:59 DayOfWeek=2 WeekendCloseActive=NO NewTradeBlocked=NO | 76300.000000
OP	0	05:02:21.995	Cazyxio_v4.3 (EURUSD,M15)	2026.03.17 11:02:21 | GATE_FAIL | EURUSD | CopyBuffer failed for Daily EMA200.
DS	0	05:04:42.463	Cazyxio_v4.3 (EURUSD,M15)	2026.03.17 11:04:42 | GATE_FAIL | USDJPY | CopyBuffer failed for Daily EMA200.
JO	0	05:04:42.463	Cazyxio_v4.3 (EURUSD,M15)	2026.03.17 11:04:42 | BAR | AUDUSD | close=0.70843 h4ema200=0.70197 h4slope=UP dailyEMA200=0.67110 adx=36.1 ema50=0.70731 distToEMA50=11.2pips touchSeq=0 atr=0.000789 atrRatio=1.038 dir=LONG spread=17.0 spreadOK=YES atrGate=PASS touch=PASS momCandle=momClosePos=0.875 momOk=Y ema50Ok=Y barRange=0.000640 zeroRangeBar=NO trigger=YES hasPos=YES portRisk=0.50% openPos=1 | 0.708430
GI	0	05:04:42.463	Cazyxio_v4.3 (EURUSD,M15)	2026.03.17 11:04:42 | POSITION_HEALTH | AUDUSD | ticket=4541923 dir=LONG openPrice=0.70665 curPrice=0.70833 unrealPnL=235.20 curR=1.064 MFE=22.1pips MAE=0.9pips timeOpen=225min SL=0.70507 TP=0.71218
GK	0	05:04:42.463	Cazyxio_v4.3 (EURUSD,M15)	2026.03.17 11:04:42 | TRAIL_SKIP | AUDUSD | Trail not yet active. ProfitDist=0.00168 ActivateAt=0.00237 ticket=4541923
RI	0	05:04:42.463	Cazyxio_v4.3 (EURUSD,M15)	2026.03.17 11:04:42 | BAR | GBPJPY | close=211.999 h4ema200=210.907 h4slope=UP dailyEMA200=204.916 adx=20.3 ema50=211.934 distToEMA50=6.5pips touchSeq=3 atr=0.124000 atrRatio=1.187 dir=LONG spread=35.0 spreadOK=NO atrGate=PASS touch=PASS momCandle=momClosePos=0.458 momOk=N ema50Ok=Y barRange=0.072000 zeroRangeBar=NO trigger=NO hasPos=NO portRisk=0.50% openPos=1 | 211.999000
CS	0	05:04:42.463	Cazyxio_v4.3 (EURUSD,M15)	2026.03.17 11:04:42 | GATE_FAIL | GBPJPY | Spread too wide. Spread=35.0 Max=30 points.
QL	0	05:04:42.463	Cazyxio_v4.3 (EURUSD,M15)	2026.03.17 11:04:42 | BAR | USDCAD | close=1.37002 h4ema200=1.36657 h4slope=UP dailyEMA200=1.38100 adx=26.7 ema50=1.36896 distToEMA50=10.6pips touchSeq=0 atr=0.000694 atrRatio=1.134 dir=NONE spread=25.0 spreadOK=YES atrGate=PASS touch=FAIL momCandle= zeroRangeBar=NO trigger=NO hasPos=NO portRisk=0.50% openPos=1 | 1.370020
IM	0	05:04:42.463	Cazyxio_v4.3 (EURUSD,M15)	2026.03.17 11:04:42 | GATE_FAIL | USDCAD | No directional bias. h4slope=UP closeNow=1.37002 h4ema200=1.36657 dailyEMA200=1.38100
RQ	0	05:07:05.047	Cazyxio_v4.3 (EURUSD,M15)	2026.03.17 11:07:05 | GATE_FAIL | GBPUSD | CopyBuffer failed for Daily EMA200.
FS	0	05:08:15.510	Cazyxio_v4.3 (EURUSD,M15)	2026.03.17 11:08:15 | HEARTBEAT | SYSTEM | EA alive. Tick=76400 Equity=44548.02 OpenPos=1 PendingOrders=0 UTC=2026.03.17 11:08 DayOfWeek=2 WeekendCloseActive=NO NewTradeBlocked=NO | 76400.000000
LM	0	05:10:01.644	Cazyxio_v4.3 (EURUSD,M15)	2026.03.17 11:10:01 | HEARTBEAT | SYSTEM | EA alive. Tick=76500 Equity=44536.82 OpenPos=1 PendingOrders=0 UTC=2026.03.17 11:10 DayOfWeek=2 WeekendCloseActive=NO NewTradeBlocked=NO | 76500.000000
HO	0	05:12:07.547	Cazyxio_v4.3 (EURUSD,M15)	2026.03.17 11:12:07 | HEARTBEAT | SYSTEM | EA alive. Tick=76600 Equity=44545.22 OpenPos=1 PendingOrders=0 UTC=2026.03.17 11:12 DayOfWeek=2 WeekendCloseActive=NO NewTradeBlocked=NO | 76600.000000
GI	0	05:13:43.088	Cazyxio_v4.3 (EURUSD,M15)	2026.03.17 11:13:43 | HEARTBEAT | SYSTEM | EA alive. Tick=76700 Equity=44527.02 OpenPos=1 PendingOrders=0 UTC=2026.03.17 11:13 DayOfWeek=2 WeekendCloseActive=NO NewTradeBlocked=NO | 76700.000000
IJ	0	05:17:22.389	Cazyxio_v4.3 (EURUSD,M15)	2026.03.17 11:17:22 | GATE_FAIL | GBPUSD | CopyBuffer failed for Daily EMA200.
FK	0	05:19:42.800	Cazyxio_v4.3 (EURUSD,M15)	2026.03.17 11:19:42 | GATE_FAIL | EURUSD | CopyBuffer failed for Daily EMA200.
EJ	0	05:22:03.154	Cazyxio_v4.3 (EURUSD,M15)	2026.03.17 11:22:03 | GATE_FAIL | USDJPY | CopyBuffer failed for Daily EMA200.
QF	0	05:22:03.154	Cazyxio_v4.3 (EURUSD,M15)	2026.03.17 11:22:03 | BAR | AUDUSD | close=0.70872 h4ema200=0.70197 h4slope=UP dailyEMA200=0.67111 adx=36.1 ema50=0.70738 distToEMA50=13.4pips touchSeq=0 atr=0.000799 atrRatio=1.051 dir=LONG spread=18.0 spreadOK=YES atrGate=PASS touch=PASS momCandle=momClosePos=0.794 momOk=Y ema50Ok=Y barRange=0.000630 zeroRangeBar=NO trigger=YES hasPos=YES portRisk=0.50% openPos=1 | 0.708720
IR	0	05:22:03.154	Cazyxio_v4.3 (EURUSD,M15)	2026.03.17 11:22:03 | POSITION_HEALTH | AUDUSD | ticket=4541923 dir=LONG openPrice=0.70665 curPrice=0.70883 unrealPnL=305.20 curR=1.380 MFE=22.1pips MAE=0.9pips timeOpen=242min SL=0.70507 TP=0.71218
FD	0	05:22:03.154	Cazyxio_v4.3 (EURUSD,M15)	2026.03.17 11:22:03 | TRAIL_SKIP | AUDUSD | Trail not yet active. ProfitDist=0.00218 ActivateAt=0.00237 ticket=4541923
FN	0	05:22:03.154	Cazyxio_v4.3 (EURUSD,M15)	2026.03.17 11:22:03 | BAR | GBPJPY | close=212.049 h4ema200=210.907 h4slope=UP dailyEMA200=204.917 adx=20.3 ema50=211.939 distToEMA50=11.0pips touchSeq=4 atr=0.132000 atrRatio=1.263 dir=LONG spread=40.0 spreadOK=NO atrGate=PASS touch=PASS momCandle=momClosePos=0.669 momOk=Y ema50Ok=Y barRange=0.142000 zeroRangeBar=NO trigger=YES hasPos=NO portRisk=0.50% openPos=1 | 212.049000
HH	0	05:22:03.154	Cazyxio_v4.3 (EURUSD,M15)	2026.03.17 11:22:03 | GATE_FAIL | GBPJPY | Spread too wide. Spread=40.0 Max=30 points.
ND	0	05:22:03.154	Cazyxio_v4.3 (EURUSD,M15)	2026.03.17 11:22:03 | BAR | USDCAD | close=1.36984 h4ema200=1.36656 h4slope=UP dailyEMA200=1.38100 adx=26.7 ema50=1.36897 distToEMA50=8.7pips touchSeq=0 atr=0.000703 atrRatio=1.145 dir=NONE spread=26.0 spreadOK=YES atrGate=PASS touch=FAIL momCandle= zeroRangeBar=NO trigger=NO hasPos=NO portRisk=0.50% openPos=1 | 1.369840
GR	0	05:22:03.154	Cazyxio_v4.3 (EURUSD,M15)	2026.03.17 11:22:03 | GATE_FAIL | USDCAD | No directional bias. h4slope=UP closeNow=1.36984 h4ema200=1.36656 dailyEMA200=1.38100
IK	0	05:22:45.827	Cazyxio_v4.3 (EURUSD,M15)	2026.03.17 11:22:45 | HEARTBEAT | SYSTEM | EA alive. Tick=76800 Equity=44548.02 OpenPos=1 PendingOrders=0 UTC=2026.03.17 11:22 DayOfWeek=2 WeekendCloseActive=NO NewTradeBlocked=NO | 76800.000000
GE	0	05:24:34.293	Cazyxio_v4.3 (EURUSD,M15)	2026.03.17 11:24:34 | HEARTBEAT | SYSTEM | EA alive. Tick=76900 Equity=44550.82 OpenPos=1 PendingOrders=0 UTC=2026.03.17 11:24 DayOfWeek=2 WeekendCloseActive=NO NewTradeBlocked=NO | 76900.000000
CG	0	05:25:59.256	Cazyxio_v4.3 (EURUSD,M15)	2026.03.17 11:25:59 | HEARTBEAT | SYSTEM | EA alive. Tick=77000 Equity=44563.42 OpenPos=1 PendingOrders=0 UTC=2026.03.17 11:25 DayOfWeek=2 WeekendCloseActive=NO NewTradeBlocked=NO | 77000.000000
NQ	0	05:27:30.237	Cazyxio_v4.3 (EURUSD,M15)	2026.03.17 11:27:30 | HEARTBEAT | SYSTEM | EA alive. Tick=77100 Equity=44543.82 OpenPos=1 PendingOrders=0 UTC=2026.03.17 11:27 DayOfWeek=2 WeekendCloseActive=NO NewTradeBlocked=NO | 77100.000000
KS	0	05:29:16.784	Cazyxio_v4.3 (EURUSD,M15)	2026.03.17 11:29:16 | HEARTBEAT | SYSTEM | EA alive. Tick=77200 Equity=44518.62 OpenPos=1 PendingOrders=0 UTC=2026.03.17 11:29 DayOfWeek=2 WeekendCloseActive=NO NewTradeBlocked=NO | 77200.000000
JM	0	05:32:22.000	Cazyxio_v4.3 (EURUSD,M15)	2026.03.17 11:32:22 | GATE_FAIL | EURUSD | CopyBuffer failed for Daily EMA200.
RM	0	05:34:42.405	Cazyxio_v4.3 (EURUSD,M15)	2026.03.17 11:34:42 | GATE_FAIL | USDJPY | CopyBuffer failed for Daily EMA200.
EL	0	05:34:42.405	Cazyxio_v4.3 (EURUSD,M15)	2026.03.17 11:34:42 | BAR | AUDUSD | close=0.70850 h4ema200=0.70197 h4slope=UP dailyEMA200=0.67110 adx=36.1 ema50=0.70741 distToEMA50=10.9pips touchSeq=0 atr=0.000748 atrRatio=0.984 dir=LONG spread=16.0 spreadOK=YES atrGate=PASS touch=FAIL momCandle=momClosePos=0.082 momOk=N ema50Ok=Y barRange=0.000490 zeroRangeBar=NO trigger=NO hasPos=YES portRisk=0.50% openPos=1 | 0.708500
HL	0	05:34:42.405	Cazyxio_v4.3 (EURUSD,M15)	2026.03.17 11:34:42 | POSITION_HEALTH | AUDUSD | ticket=4541923 dir=LONG openPrice=0.70665 curPrice=0.70843 unrealPnL=249.20 curR=1.127 MFE=22.1pips MAE=0.9pips timeOpen=255min SL=0.70507 TP=0.71218
LM	0	05:34:42.405	Cazyxio_v4.3 (EURUSD,M15)	2026.03.17 11:34:42 | TRAIL_SKIP | AUDUSD | Trail not yet active. ProfitDist=0.00178 ActivateAt=0.00237 ticket=4541923
PF	0	05:34:42.406	Cazyxio_v4.3 (EURUSD,M15)	2026.03.17 11:34:42 | BAR | GBPJPY | close=211.999 h4ema200=210.907 h4slope=UP dailyEMA200=204.916 adx=20.3 ema50=211.940 distToEMA50=5.9pips touchSeq=5 atr=0.120643 atrRatio=1.155 dir=LONG spread=39.0 spreadOK=NO atrGate=PASS touch=PASS momCandle=momClosePos=0.365 momOk=N ema50Ok=Y barRange=0.085000 zeroRangeBar=NO trigger=NO hasPos=NO portRisk=0.50% openPos=1 | 211.999000
NF	0	05:34:42.406	Cazyxio_v4.3 (EURUSD,M15)	2026.03.17 11:34:42 | GATE_FAIL | GBPJPY | Spread too wide. Spread=39.0 Max=30 points.
EI	0	05:34:42.406	Cazyxio_v4.3 (EURUSD,M15)	2026.03.17 11:34:42 | BAR | USDCAD | close=1.37017 h4ema200=1.36656 h4slope=UP dailyEMA200=1.38100 adx=27.1 ema50=1.36904 distToEMA50=11.3pips touchSeq=0 atr=0.000672 atrRatio=1.093 dir=NONE spread=22.0 spreadOK=YES atrGate=PASS touch=FAIL momCandle= zeroRangeBar=NO trigger=NO hasPos=NO portRisk=0.50% openPos=1 | 1.370170
GH	0	05:34:42.406	Cazyxio_v4.3 (EURUSD,M15)	2026.03.17 11:34:42 | GATE_FAIL | USDCAD | No directional bias. h4slope=UP closeNow=1.37017 h4ema200=1.36656 dailyEMA200=1.38100
FL	0	05:37:07.928	Cazyxio_v4.3 (EURUSD,M15)	2026.03.17 11:37:07 | GATE_FAIL | GBPUSD | CopyBuffer failed for Daily EMA200.
RM	0	05:38:08.183	Cazyxio_v4.3 (EURUSD,M15)	2026.03.17 11:38:08 | HEARTBEAT | SYSTEM | EA alive. Tick=77300 Equity=44514.42 OpenPos=1 PendingOrders=0 UTC=2026.03.17 11:38 DayOfWeek=2 WeekendCloseActive=NO NewTradeBlocked=NO | 77300.000000
GO	0	05:39:35.577	Cazyxio_v4.3 (EURUSD,M15)	2026.03.17 11:39:35 | HEARTBEAT | SYSTEM | EA alive. Tick=77400 Equity=44517.22 OpenPos=1 PendingOrders=0 UTC=2026.03.17 11:39 DayOfWeek=2 WeekendCloseActive=NO NewTradeBlocked=NO | 77400.000000
MI	0	05:41:00.871	Cazyxio_v4.3 (EURUSD,M15)	2026.03.17 11:41:00 | HEARTBEAT | SYSTEM | EA alive. Tick=77500 Equity=44528.42 OpenPos=1 PendingOrders=0 UTC=2026.03.17 11:41 DayOfWeek=2 WeekendCloseActive=NO NewTradeBlocked=NO | 77500.000000
HK	0	05:43:32.963	Cazyxio_v4.3 (EURUSD,M15)	2026.03.17 11:43:32 | HEARTBEAT | SYSTEM | EA alive. Tick=77600 Equity=44525.62 OpenPos=1 PendingOrders=0 UTC=2026.03.17 11:43 DayOfWeek=2 WeekendCloseActive=NO NewTradeBlocked=NO | 77600.000000
DD	0	05:47:24.999	Cazyxio_v4.3 (EURUSD,M15)	2026.03.17 11:47:24 | GATE_FAIL | GBPUSD | CopyBuffer failed for Daily EMA200.
ED	0	05:49:45.476	Cazyxio_v4.3 (EURUSD,M15)	2026.03.17 11:49:45 | GATE_FAIL | EURUSD | CopyBuffer failed for Daily EMA200.
DD	0	05:52:05.870	Cazyxio_v4.3 (EURUSD,M15)	2026.03.17 11:52:05 | GATE_FAIL | USDJPY | CopyBuffer failed for Daily EMA200.
QJ	0	05:52:05.871	Cazyxio_v4.3 (EURUSD,M15)	2026.03.17 11:52:05 | BAR | AUDUSD | close=0.70862 h4ema200=0.70197 h4slope=UP dailyEMA200=0.67111 adx=36.1 ema50=0.70746 distToEMA50=11.6pips touchSeq=0 atr=0.000724 atrRatio=0.954 dir=LONG spread=18.0 spreadOK=YES atrGate=PASS touch=FAIL momCandle=momClosePos=0.800 momOk=Y ema50Ok=Y barRange=0.000400 zeroRangeBar=NO trigger=YES hasPos=YES portRisk=0.50% openPos=1 | 0.708620
LE	0	05:52:05.871	Cazyxio_v4.3 (EURUSD,M15)	2026.03.17 11:52:05 | POSITION_HEALTH | AUDUSD | ticket=4541923 dir=LONG openPrice=0.70665 curPrice=0.70851 unrealPnL=260.40 curR=1.178 MFE=22.1pips MAE=0.9pips timeOpen=272min SL=0.70507 TP=0.71218
HF	0	05:52:05.871	Cazyxio_v4.3 (EURUSD,M15)	2026.03.17 11:52:05 | TRAIL_SKIP | AUDUSD | Trail not yet active. ProfitDist=0.00186 ActivateAt=0.00237 ticket=4541923
ES	0	05:52:05.871	Cazyxio_v4.3 (EURUSD,M15)	2026.03.17 11:52:05 | BAR | GBPJPY | close=212.044 h4ema200=210.906 h4slope=UP dailyEMA200=204.915 adx=19.9 ema50=211.941 distToEMA50=10.3pips touchSeq=6 atr=0.124143 atrRatio=1.188 dir=LONG spread=39.0 spreadOK=NO atrGate=PASS touch=PASS momCandle=momClosePos=0.693 momOk=Y ema50Ok=Y barRange=0.127000 zeroRangeBar=NO trigger=YES hasPos=NO portRisk=0.50% openPos=1 | 212.044000
LO	0	05:52:05.871	Cazyxio_v4.3 (EURUSD,M15)	2026.03.17 11:52:05 | GATE_FAIL | GBPJPY | Spread too wide. Spread=39.0 Max=30 points.
RR	0	05:52:05.871	Cazyxio_v4.3 (EURUSD,M15)	2026.03.17 11:52:05 | BAR | USDCAD | close=1.36962 h4ema200=1.36656 h4slope=UP dailyEMA200=1.38100 adx=27.1 ema50=1.36906 distToEMA50=5.6pips touchSeq=1 atr=0.000704 atrRatio=1.142 dir=NONE spread=23.0 spreadOK=YES atrGate=PASS touch=FAIL momCandle= zeroRangeBar=NO trigger=NO hasPos=NO portRisk=0.50% openPos=1 | 1.369620
QP	0	05:52:05.871	Cazyxio_v4.3 (EURUSD,M15)	2026.03.17 11:52:05 | GATE_FAIL | USDCAD | No directional bias. h4slope=UP closeNow=1.36962 h4ema200=1.36656 dailyEMA200=1.38100
OD	0	05:52:14.931	Cazyxio_v4.3 (EURUSD,M15)	2026.03.17 11:52:14 | HEARTBEAT | SYSTEM | EA alive. Tick=77700 Equity=44507.42 OpenPos=1 PendingOrders=0 UTC=2026.03.17 11:52 DayOfWeek=2 WeekendCloseActive=NO NewTradeBlocked=NO | 77700.000000
FF	0	05:53:55.022	Cazyxio_v4.3 (EURUSD,M15)	2026.03.17 11:53:55 | HEARTBEAT | SYSTEM | EA alive. Tick=77800 Equity=44487.82 OpenPos=1 PendingOrders=0 UTC=2026.03.17 11:53 DayOfWeek=2 WeekendCloseActive=NO NewTradeBlocked=NO | 77800.000000
MP	0	05:55:15.594	Cazyxio_v4.3 (EURUSD,M15)	2026.03.17 11:55:15 | HEARTBEAT | SYSTEM | EA alive. Tick=77900 Equity=44451.42 OpenPos=1 PendingOrders=0 UTC=2026.03.17 11:55 DayOfWeek=2 WeekendCloseActive=NO NewTradeBlocked=NO | 77900.000000
QR	0	05:56:24.348	Cazyxio_v4.3 (EURUSD,M15)	2026.03.17 11:56:24 | HEARTBEAT | SYSTEM | EA alive. Tick=78000 Equity=44475.22 OpenPos=1 PendingOrders=0 UTC=2026.03.17 11:56 DayOfWeek=2 WeekendCloseActive=NO NewTradeBlocked=NO | 78000.000000
QL	0	05:57:50.283	Cazyxio_v4.3 (EURUSD,M15)	2026.03.17 11:57:50 | HEARTBEAT | SYSTEM | EA alive. Tick=78100 Equity=44443.02 OpenPos=1 PendingOrders=0 UTC=2026.03.17 11:57 DayOfWeek=2 WeekendCloseActive=NO NewTradeBlocked=NO | 78100.000000
PN	0	05:58:48.828	Cazyxio_v4.3 (EURUSD,M15)	2026.03.17 11:58:48 | HEARTBEAT | SYSTEM | EA alive. Tick=78200 Equity=44451.42 OpenPos=1 PendingOrders=0 UTC=2026.03.17 11:58 DayOfWeek=2 WeekendCloseActive=NO NewTradeBlocked=NO | 78200.000000
FH	0	05:59:48.794	Cazyxio_v4.3 (EURUSD,M15)	2026.03.17 11:59:48 | HEARTBEAT | SYSTEM | EA alive. Tick=78300 Equity=44430.42 OpenPos=1 PendingOrders=0 UTC=2026.03.17 11:59 DayOfWeek=2 WeekendCloseActive=NO NewTradeBlocked=NO | 78300.000000
GK	0	06:02:22.132	Cazyxio_v4.3 (EURUSD,M15)	2026.03.17 12:02:22 | GATE_FAIL | GBPUSD | CopyBuffer failed for Daily EMA200.
FJ	0	06:04:42.558	Cazyxio_v4.3 (EURUSD,M15)	2026.03.17 12:04:42 | GATE_FAIL | EURUSD | CopyBuffer failed for Daily EMA200.
HE	0	06:07:02.968	Cazyxio_v4.3 (EURUSD,M15)	2026.03.17 12:07:02 | GATE_FAIL | USDJPY | CopyBuffer failed for Daily EMA200.
IG	0	06:07:02.968	Cazyxio_v4.3 (EURUSD,M15)	2026.03.17 12:07:02 | BAR | AUDUSD | close=0.70787 h4ema200=0.70197 h4slope=UP dailyEMA200=0.67111 adx=36.0 ema50=0.70749 distToEMA50=3.8pips touchSeq=1 atr=0.000743 atrRatio=0.979 dir=LONG spread=17.0 spreadOK=YES atrGate=PASS touch=PASS momCandle=momClosePos=0.011 momOk=N ema50Ok=Y barRange=0.000910 zeroRangeBar=NO trigger=NO hasPos=YES portRisk=0.50% openPos=1 | 0.707870
DS	0	06:07:02.968	Cazyxio_v4.3 (EURUSD,M15)	2026.03.17 12:07:02 | POSITION_HEALTH | AUDUSD | ticket=4541923 dir=LONG openPrice=0.70665 curPrice=0.70890 unrealPnL=315.00 curR=1.425 MFE=22.5pips MAE=0.9pips timeOpen=287min SL=0.70507 TP=0.71218
QE	0	06:07:02.968	Cazyxio_v4.3 (EURUSD,M15)	2026.03.17 12:07:02 | TRAIL_SKIP | AUDUSD | Trail not yet active. ProfitDist=0.00225 ActivateAt=0.00237 ticket=4541923
QO	0	06:07:02.968	Cazyxio_v4.3 (EURUSD,M15)	2026.03.17 12:07:02 | BAR | GBPJPY | close=211.865 h4ema200=210.906 h4slope=UP dailyEMA200=204.916 adx=19.7 ema50=211.939 distToEMA50=7.4pips touchSeq=7 atr=0.126000 atrRatio=1.205 dir=LONG spread=35.0 spreadOK=NO atrGate=PASS touch=PASS momCandle=momClosePos=0.215 momOk=N ema50Ok=Y barRange=0.251000 zeroRangeBar=NO trigger=NO hasPos=NO portRisk=0.50% openPos=1 | 211.865000
KN	0	06:07:02.968	Cazyxio_v4.3 (EURUSD,M15)	2026.03.17 12:07:02 | GATE_FAIL | GBPJPY | Spread too wide. Spread=35.0 Max=30 points.
RF	0	06:07:02.968	Cazyxio_v4.3 (EURUSD,M15)	2026.03.17 12:07:02 | BAR | USDCAD | close=1.37054 h4ema200=1.36656 h4slope=UP dailyEMA200=1.38100 adx=27.7 ema50=1.36912 distToEMA50=14.2pips touchSeq=0 atr=0.000723 atrRatio=1.169 dir=NONE spread=24.0 spreadOK=YES atrGate=PASS touch=FAIL momCandle= zeroRangeBar=NO trigger=NO hasPos=NO portRisk=0.50% openPos=1 | 1.370540
CS	0	06:07:02.968	Cazyxio_v4.3 (EURUSD,M15)	2026.03.17 12:07:02 | GATE_FAIL | USDCAD | No directional bias. h4slope=UP closeNow=1.37054 h4ema200=1.36656 dailyEMA200=1.38100
CJ	0	06:07:58.807	Cazyxio_v4.3 (EURUSD,M15)	2026.03.17 12:07:58 | HEARTBEAT | SYSTEM | EA alive. Tick=78400 Equity=44566.22 OpenPos=1 PendingOrders=0 UTC=2026.03.17 12:07 DayOfWeek=2 WeekendCloseActive=NO NewTradeBlocked=NO | 78400.000000
ED	0	06:09:14.355	Cazyxio_v4.3 (EURUSD,M15)	2026.03.17 12:09:14 | HEARTBEAT | SYSTEM | EA alive. Tick=78500 Equity=44616.62 OpenPos=1 PendingOrders=0 UTC=2026.03.17 12:09 DayOfWeek=2 WeekendCloseActive=NO NewTradeBlocked=NO | 78500.000000
QF	0	06:10:15.714	Cazyxio_v4.3 (EURUSD,M15)	2026.03.17 12:10:15 | HEARTBEAT | SYSTEM | EA alive. Tick=78600 Equity=44604.02 OpenPos=1 PendingOrders=0 UTC=2026.03.17 12:10 DayOfWeek=2 WeekendCloseActive=NO NewTradeBlocked=NO | 78600.000000
NP	0	06:11:11.399	Cazyxio_v4.3 (EURUSD,M15)	2026.03.17 12:11:11 | HEARTBEAT | SYSTEM | EA alive. Tick=78700 Equity=44605.42 OpenPos=1 PendingOrders=0 UTC=2026.03.17 12:11 DayOfWeek=2 WeekendCloseActive=NO NewTradeBlocked=NO | 78700.000000
IR	0	06:12:14.936	Cazyxio_v4.3 (EURUSD,M15)	2026.03.17 12:12:14 | HEARTBEAT | SYSTEM | EA alive. Tick=78800 Equity=44611.02 OpenPos=1 PendingOrders=0 UTC=2026.03.17 12:12 DayOfWeek=2 WeekendCloseActive=NO NewTradeBlocked=NO | 78800.000000
OL	0	06:13:29.049	Cazyxio_v4.3 (EURUSD,M15)	2026.03.17 12:13:29 | HEARTBEAT | SYSTEM | EA alive. Tick=78900 Equity=44613.82 OpenPos=1 PendingOrders=0 UTC=2026.03.17 12:13 DayOfWeek=2 WeekendCloseActive=NO NewTradeBlocked=NO | 78900.000000
LN	0	06:14:41.637	Cazyxio_v4.3 (EURUSD,M15)	2026.03.17 12:14:41 | HEARTBEAT | SYSTEM | EA alive. Tick=79000 Equity=44612.42 OpenPos=1 PendingOrders=0 UTC=2026.03.17 12:14 DayOfWeek=2 WeekendCloseActive=NO NewTradeBlocked=NO | 79000.000000
QH	0	06:17:22.124	Cazyxio_v4.3 (EURUSD,M15)	2026.03.17 12:17:22 | GATE_FAIL | EURUSD | CopyBuffer failed for Daily EMA200.
GK	0	06:19:42.602	Cazyxio_v4.3 (EURUSD,M15)	2026.03.17 12:19:42 | GATE_FAIL | USDJPY | CopyBuffer failed for Daily EMA200.
QG	0	06:19:42.602	Cazyxio_v4.3 (EURUSD,M15)	2026.03.17 12:19:42 | BAR | AUDUSD | close=0.70916 h4ema200=0.70198 h4slope=UP dailyEMA200=0.67111 adx=36.6 ema50=0.70756 distToEMA50=16.0pips touchSeq=0 atr=0.000733 atrRatio=0.966 dir=LONG spread=14.0 spreadOK=YES atrGate=PASS touch=PASS momCandle=momClosePos=0.910 momOk=Y ema50Ok=Y barRange=0.001670 zeroRangeBar=NO trigger=YES hasPos=YES portRisk=0.50% openPos=1 | 0.709160
EQ	0	06:19:42.602	Cazyxio_v4.3 (EURUSD,M15)	2026.03.17 12:19:42 | POSITION_HEALTH | AUDUSD | ticket=4541923 dir=LONG openPrice=0.70665 curPrice=0.70898 unrealPnL=326.20 curR=1.475 MFE=23.3pips MAE=0.9pips timeOpen=300min SL=0.70507 TP=0.71218
OS	0	06:19:42.602	Cazyxio_v4.3 (EURUSD,M15)	2026.03.17 12:19:42 | TRAIL_SKIP | AUDUSD | Trail not yet active. ProfitDist=0.00233 ActivateAt=0.00237 ticket=4541923
GL	0	06:19:42.602	Cazyxio_v4.3 (EURUSD,M15)	2026.03.17 12:19:42 | BAR | GBPJPY | close=211.970 h4ema200=210.906 h4slope=UP dailyEMA200=204.916 adx=19.7 ema50=211.940 distToEMA50=3.0pips touchSeq=8 atr=0.124429 atrRatio=1.188 dir=LONG spread=36.0 spreadOK=NO atrGate=PASS touch=PASS momCandle=momClosePos=0.840 momOk=Y ema50Ok=Y barRange=0.175000 zeroRangeBar=NO trigger=YES hasPos=NO portRisk=0.50% openPos=1 | 211.970000
GK	0	06:19:42.602	Cazyxio_v4.3 (EURUSD,M15)	2026.03.17 12:19:42 | GATE_FAIL | GBPJPY | Spread too wide. Spread=36.0 Max=30 points.
KG	0	06:19:42.602	Cazyxio_v4.3 (EURUSD,M15)	2026.03.17 12:19:42 | BAR | USDCAD | close=1.36948 h4ema200=1.36656 h4slope=UP dailyEMA200=1.38100 adx=27.7 ema50=1.36913 distToEMA50=3.5pips touchSeq=1 atr=0.000752 atrRatio=1.212 dir=NONE spread=24.0 spreadOK=YES atrGate=PASS touch=FAIL momCandle= zeroRangeBar=NO trigger=NO hasPos=NO portRisk=0.50% openPos=1 | 1.369480
GE	0	06:19:42.602	Cazyxio_v4.3 (EURUSD,M15)	2026.03.17 12:19:42 | GATE_FAIL | USDCAD | No directional bias. h4slope=UP closeNow=1.36948 h4ema200=1.36656 dailyEMA200=1.38100
OI	0	06:22:03.527	Cazyxio_v4.3 (EURUSD,M15)	2026.03.17 12:22:03 | GATE_FAIL | GBPUSD | CopyBuffer failed for Daily EMA200.
FK	0	06:22:38.325	Cazyxio_v4.3 (EURUSD,M15)	2026.03.17 12:22:38 | HEARTBEAT | SYSTEM | EA alive. Tick=79100 Equity=44578.82 OpenPos=1 PendingOrders=0 UTC=2026.03.17 12:22 DayOfWeek=2 WeekendCloseActive=NO NewTradeBlocked=NO | 79100.000000
QE	0	06:23:50.053	Cazyxio_v4.3 (EURUSD,M15)	2026.03.17 12:23:50 | HEARTBEAT | SYSTEM | EA alive. Tick=79200 Equity=44590.02 OpenPos=1 PendingOrders=0 UTC=2026.03.17 12:23 DayOfWeek=2 WeekendCloseActive=NO NewTradeBlocked=NO | 79200.000000
KG	0	06:24:52.809	Cazyxio_v4.3 (EURUSD,M15)	2026.03.17 12:24:52 | HEARTBEAT | SYSTEM | EA alive. Tick=79300 Equity=44569.02 OpenPos=1 PendingOrders=0 UTC=2026.03.17 12:24 DayOfWeek=2 WeekendCloseActive=NO NewTradeBlocked=NO | 79300.000000
DQ	0	06:26:09.735	Cazyxio_v4.3 (EURUSD,M15)	2026.03.17 12:26:09 | HEARTBEAT | SYSTEM | EA alive. Tick=79400 Equity=44577.42 OpenPos=1 PendingOrders=0 UTC=2026.03.17 12:26 DayOfWeek=2 WeekendCloseActive=NO NewTradeBlocked=NO | 79400.000000
QS	0	06:28:10.573	Cazyxio_v4.3 (EURUSD,M15)	2026.03.17 12:28:10 | HEARTBEAT | SYSTEM | EA alive. Tick=79500 Equity=44552.22 OpenPos=1 PendingOrders=0 UTC=2026.03.17 12:28 DayOfWeek=2 WeekendCloseActive=NO NewTradeBlocked=NO | 79500.000000
EM	0	06:29:49.498	Cazyxio_v4.3 (EURUSD,M15)	2026.03.17 12:29:49 | HEARTBEAT | SYSTEM | EA alive. Tick=79600 Equity=44548.02 OpenPos=1 PendingOrders=0 UTC=2026.03.17 12:29 DayOfWeek=2 WeekendCloseActive=NO NewTradeBlocked=NO | 79600.000000
OO	0	06:32:22.179	Cazyxio_v4.3 (EURUSD,M15)	2026.03.17 12:32:22 | GATE_FAIL | EURUSD | CopyBuffer failed for Daily EMA200.
EO	0	06:34:42.585	Cazyxio_v4.3 (EURUSD,M15)	2026.03.17 12:34:42 | GATE_FAIL | USDJPY | CopyBuffer failed for Daily EMA200.
QO	0	06:34:42.585	Cazyxio_v4.3 (EURUSD,M15)	2026.03.17 12:34:42 | BAR | AUDUSD | close=0.70887 h4ema200=0.70198 h4slope=UP dailyEMA200=0.67111 adx=36.8 ema50=0.70763 distToEMA50=12.4pips touchSeq=0 atr=0.000730 atrRatio=0.962 dir=LONG spread=20.0 spreadOK=YES atrGate=PASS touch=PASS momCandle=momClosePos=0.310 momOk=N ema50Ok=Y barRange=0.000580 zeroRangeBar=NO trigger=NO hasPos=YES portRisk=0.50% openPos=1 | 0.708870
JN	0	06:34:42.585	Cazyxio_v4.3 (EURUSD,M15)	2026.03.17 12:34:42 | POSITION_HEALTH | AUDUSD | ticket=4541923 dir=LONG openPrice=0.70665 curPrice=0.70939 unrealPnL=383.60 curR=1.735 MFE=27.4pips MAE=0.9pips timeOpen=315min SL=0.70507 TP=0.71218
QR	0	06:34:42.712	Cazyxio_v4.3 (EURUSD,M15)	2026.03.17 12:34:42 | TRAIL_MOVED | AUDUSD | BUY trail moved. oldSL=0.70507 newSL=0.70793 bid=0.70939 MFE=0.00274 ticket=4541923
FF	0	06:34:42.712	Cazyxio_v4.3 (EURUSD,M15)	2026.03.17 12:34:42 | BAR | GBPJPY | close=211.896 h4ema200=210.906 h4slope=UP dailyEMA200=204.916 adx=19.7 ema50=211.940 distToEMA50=4.4pips touchSeq=9 atr=0.126286 atrRatio=1.204 dir=LONG spread=40.0 spreadOK=NO atrGate=PASS touch=PASS momCandle=momClosePos=0.264 momOk=N ema50Ok=Y barRange=0.110000 zeroRangeBar=NO trigger=NO hasPos=NO portRisk=0.50% openPos=1 | 211.896000
NG	0	06:34:42.712	Cazyxio_v4.3 (EURUSD,M15)	2026.03.17 12:34:42 | GATE_FAIL | GBPJPY | Spread too wide. Spread=40.0 Max=30 points.
JI	0	06:34:42.712	Cazyxio_v4.3 (EURUSD,M15)	2026.03.17 12:34:42 | BAR | USDCAD | close=1.37070 h4ema200=1.36657 h4slope=UP dailyEMA200=1.38101 adx=27.9 ema50=1.36921 distToEMA50=14.9pips touchSeq=0 atr=0.000770 atrRatio=1.235 dir=NONE spread=24.0 spreadOK=YES atrGate=PASS touch=FAIL momCandle= zeroRangeBar=NO trigger=NO hasPos=NO portRisk=0.50% openPos=1 | 1.370700
NH	0	06:34:42.712	Cazyxio_v4.3 (EURUSD,M15)	2026.03.17 12:34:42 | GATE_FAIL | USDCAD | No directional bias. h4slope=UP closeNow=1.37070 h4ema200=1.36657 dailyEMA200=1.38101
DL	0	06:37:03.090	Cazyxio_v4.3 (EURUSD,M15)	2026.03.17 12:37:03 | GATE_FAIL | GBPUSD | CopyBuffer failed for Daily EMA200.
HL	0	06:38:31.823	Cazyxio_v4.3 (EURUSD,M15)	2026.03.17 12:38:31 | HEARTBEAT | SYSTEM | EA alive. Tick=79700 Equity=44611.02 OpenPos=1 PendingOrders=0 UTC=2026.03.17 12:38 DayOfWeek=2 WeekendCloseActive=NO NewTradeBlocked=NO | 79700.000000
PN	0	06:39:54.672	Cazyxio_v4.3 (EURUSD,M15)	2026.03.17 12:39:54 | HEARTBEAT | SYSTEM | EA alive. Tick=79800 Equity=44601.22 OpenPos=1 PendingOrders=0 UTC=2026.03.17 12:39 DayOfWeek=2 WeekendCloseActive=NO NewTradeBlocked=NO | 79800.000000
RH	0	06:41:16.968	Cazyxio_v4.3 (EURUSD,M15)	2026.03.17 12:41:16 | HEARTBEAT | SYSTEM | EA alive. Tick=79900 Equity=44620.82 OpenPos=1 PendingOrders=0 UTC=2026.03.17 12:41 DayOfWeek=2 WeekendCloseActive=NO NewTradeBlocked=NO | 79900.000000
LJ	0	06:42:34.839	Cazyxio_v4.3 (EURUSD,M15)	2026.03.17 12:42:34 | HEARTBEAT | SYSTEM | EA alive. Tick=80000 Equity=44608.22 OpenPos=1 PendingOrders=0 UTC=2026.03.17 12:42 DayOfWeek=2 WeekendCloseActive=NO NewTradeBlocked=NO | 80000.000000
FD	0	06:43:45.172	Cazyxio_v4.3 (EURUSD,M15)	2026.03.17 12:43:45 | HEARTBEAT | SYSTEM | EA alive. Tick=80100 Equity=44636.22 OpenPos=1 PendingOrders=0 UTC=2026.03.17 12:43 DayOfWeek=2 WeekendCloseActive=NO NewTradeBlocked=NO | 80100.000000
MG	0	06:47:23.208	Cazyxio_v4.3 (EURUSD,M15)	2026.03.17 12:47:23 | GATE_FAIL | GBPUSD | CopyBuffer failed for Daily EMA200.
DF	0	06:49:43.529	Cazyxio_v4.3 (EURUSD,M15)	2026.03.17 12:49:43 | GATE_FAIL | EURUSD | CopyBuffer failed for Daily EMA200.
RQ	0	06:52:03.911	Cazyxio_v4.3 (EURUSD,M15)	2026.03.17 12:52:03 | GATE_FAIL | USDJPY | CopyBuffer failed for Daily EMA200.
HM	0	06:52:03.911	Cazyxio_v4.3 (EURUSD,M15)	2026.03.17 12:52:03 | BAR | AUDUSD | close=0.70942 h4ema200=0.70198 h4slope=UP dailyEMA200=0.67111 adx=37.1 ema50=0.70769 distToEMA50=17.3pips touchSeq=0 atr=0.000690 atrRatio=0.910 dir=LONG spread=18.0 spreadOK=YES atrGate=PASS touch=PASS momCandle=momClosePos=0.883 momOk=Y ema50Ok=Y barRange=0.000600 zeroRangeBar=NO trigger=YES hasPos=YES portRisk=0.50% openPos=1 | 0.709420
EG	0	06:52:03.911	Cazyxio_v4.3 (EURUSD,M15)	2026.03.17 12:52:03 | POSITION_HEALTH | AUDUSD | ticket=4541923 dir=LONG openPrice=0.70665 curPrice=0.70924 unrealPnL=362.60 curR=1.640 MFE=27.4pips MAE=0.9pips timeOpen=332min SL=0.70793 TP=0.71218
RE	0	06:52:03.911	Cazyxio_v4.3 (EURUSD,M15)	2026.03.17 12:52:03 | BAR | GBPJPY | close=211.895 h4ema200=210.907 h4slope=UP dailyEMA200=204.917 adx=19.7 ema50=211.941 distToEMA50=4.6pips touchSeq=10 atr=0.133429 atrRatio=1.269 dir=LONG spread=42.0 spreadOK=NO atrGate=PASS touch=PASS momCandle=momClosePos=0.293 momOk=N ema50Ok=Y barRange=0.116000 zeroRangeBar=NO trigger=NO hasPos=NO portRisk=0.50% openPos=1 | 211.895000
CF	0	06:52:03.911	Cazyxio_v4.3 (EURUSD,M15)	2026.03.17 12:52:03 | GATE_FAIL | GBPJPY | Spread too wide. Spread=42.0 Max=30 points.
RN	0	06:52:03.911	Cazyxio_v4.3 (EURUSD,M15)	2026.03.17 12:52:03 | BAR | USDCAD | close=1.37047 h4ema200=1.36657 h4slope=UP dailyEMA200=1.38101 adx=27.9 ema50=1.36925 distToEMA50=12.2pips touchSeq=0 atr=0.000744 atrRatio=1.190 dir=NONE spread=27.0 spreadOK=YES atrGate=PASS touch=FAIL momCandle= zeroRangeBar=NO trigger=NO hasPos=NO portRisk=0.50% openPos=1 | 1.370470
IK	0	06:52:03.911	Cazyxio_v4.3 (EURUSD,M15)	2026.03.17 12:52:03 | GATE_FAIL | USDCAD | No directional bias. h4slope=UP closeNow=1.37047 h4ema200=1.36657 dailyEMA200=1.38101
FM	0	06:52:10.878	Cazyxio_v4.3 (EURUSD,M15)	2026.03.17 12:52:10 | HEARTBEAT | SYSTEM | EA alive. Tick=80200 Equity=44626.42 OpenPos=1 PendingOrders=0 UTC=2026.03.17 12:52 DayOfWeek=2 WeekendCloseActive=NO NewTradeBlocked=NO | 80200.000000
IO	0	06:53:51.434	Cazyxio_v4.3 (EURUSD,M15)	2026.03.17 12:53:51 | HEARTBEAT | SYSTEM | EA alive. Tick=80300 Equity=44657.22 OpenPos=1 PendingOrders=0 UTC=2026.03.17 12:53 DayOfWeek=2 WeekendCloseActive=NO NewTradeBlocked=NO | 80300.000000
NI	0	06:54:59.851	Cazyxio_v4.3 (EURUSD,M15)	2026.03.17 12:54:59 | HEARTBEAT | SYSTEM | EA alive. Tick=80400 Equity=44643.22 OpenPos=1 PendingOrders=0 UTC=2026.03.17 12:54 DayOfWeek=2 WeekendCloseActive=NO NewTradeBlocked=NO | 80400.000000
FK	0	06:55:59.664	Cazyxio_v4.3 (EURUSD,M15)	2026.03.17 12:55:59 | HEARTBEAT | SYSTEM | EA alive. Tick=80500 Equity=44633.42 OpenPos=1 PendingOrders=0 UTC=2026.03.17 12:55 DayOfWeek=2 WeekendCloseActive=NO NewTradeBlocked=NO | 80500.000000
GE	0	06:57:33.332	Cazyxio_v4.3 (EURUSD,M15)	2026.03.17 12:57:33 | HEARTBEAT | SYSTEM | EA alive. Tick=80600 Equity=44623.62 OpenPos=1 PendingOrders=0 UTC=2026.03.17 12:57 DayOfWeek=2 WeekendCloseActive=NO NewTradeBlocked=NO | 80600.000000
QG	0	06:58:39.270	Cazyxio_v4.3 (EURUSD,M15)	2026.03.17 12:58:39 | HEARTBEAT | SYSTEM | EA alive. Tick=80700 Equity=44643.22 OpenPos=1 PendingOrders=0 UTC=2026.03.17 12:58 DayOfWeek=2 WeekendCloseActive=NO NewTradeBlocked=NO | 80700.000000
DQ	0	06:59:47.778	Cazyxio_v4.3 (EURUSD,M15)	2026.03.17 12:59:47 | HEARTBEAT | SYSTEM | EA alive. Tick=80800 Equity=44675.42 OpenPos=1 PendingOrders=0 UTC=2026.03.17 12:59 DayOfWeek=2 WeekendCloseActive=NO NewTradeBlocked=NO | 80800.000000
OR	0	07:02:22.282	Cazyxio_v4.3 (EURUSD,M15)	2026.03.17 13:02:22 | GATE_FAIL | GBPUSD | CopyBuffer failed for Daily EMA200.
DS	0	07:04:42.648	Cazyxio_v4.3 (EURUSD,M15)	2026.03.17 13:04:42 | GATE_FAIL | EURUSD | CopyBuffer failed for Daily EMA200.
OR	0	07:07:03.097	Cazyxio_v4.3 (EURUSD,M15)	2026.03.17 13:07:03 | GATE_FAIL | USDJPY | CopyBuffer failed for Daily EMA200.
ON	0	07:07:03.097	Cazyxio_v4.3 (EURUSD,M15)	2026.03.17 13:07:03 | BAR | AUDUSD | close=0.70969 h4ema200=0.70207 h4slope=UP dailyEMA200=0.67112 adx=40.6 ema50=0.70782 distToEMA50=18.7pips touchSeq=0 atr=0.000709 atrRatio=0.934 dir=LONG spread=19.0 spreadOK=YES atrGate=PASS touch=PASS momCandle=momClosePos=0.983 momOk=Y ema50Ok=Y barRange=0.000590 zeroRangeBar=NO trigger=YES hasPos=YES portRisk=0.49% openPos=1 | 0.709690
LJ	0	07:07:03.097	Cazyxio_v4.3 (EURUSD,M15)	2026.03.17 13:07:03 | POSITION_HEALTH | AUDUSD | ticket=4541923 dir=LONG openPrice=0.70665 curPrice=0.71048 unrealPnL=536.20 curR=2.425 MFE=38.3pips MAE=0.9pips timeOpen=347min SL=0.70793 TP=0.71218
OQ	0	07:07:03.226	Cazyxio_v4.3 (EURUSD,M15)	2026.03.17 13:07:03 | TRAIL_MOVED | AUDUSD | BUY trail moved. oldSL=0.70793 newSL=0.70906 bid=0.71048 MFE=0.00383 ticket=4541923
QG	0	07:07:03.226	Cazyxio_v4.3 (EURUSD,M15)	2026.03.17 13:07:03 | BAR | GBPJPY | close=212.015 h4ema200=210.919 h4slope=UP dailyEMA200=204.917 adx=19.4 ema50=211.946 distToEMA50=6.9pips touchSeq=11 atr=0.134929 atrRatio=1.281 dir=LONG spread=38.0 spreadOK=NO atrGate=PASS touch=PASS momCandle=momClosePos=0.723 momOk=Y ema50Ok=Y barRange=0.188000 zeroRangeBar=NO trigger=YES hasPos=NO portRisk=0.49% openPos=1 | 212.015000
CS	0	07:07:03.226	Cazyxio_v4.3 (EURUSD,M15)	2026.03.17 13:07:03 | GATE_FAIL | GBPJPY | Spread too wide. Spread=38.0 Max=30 points.
HN	0	07:07:03.226	Cazyxio_v4.3 (EURUSD,M15)	2026.03.17 13:07:03 | BAR | USDCAD | close=1.37017 h4ema200=1.36661 h4slope=UP dailyEMA200=1.38101 adx=28.4 ema50=1.36930 distToEMA50=8.7pips touchSeq=0 atr=0.000752 atrRatio=1.200 dir=NONE spread=28.0 spreadOK=YES atrGate=PASS touch=FAIL momCandle= zeroRangeBar=NO trigger=NO hasPos=NO portRisk=0.49% openPos=1 | 1.370170
LL	0	07:07:03.226	Cazyxio_v4.3 (EURUSD,M15)	2026.03.17 13:07:03 | GATE_FAIL | USDCAD | No directional bias. h4slope=UP closeNow=1.37017 h4ema200=1.36661 dailyEMA200=1.38101
OP	0	07:07:41.593	Cazyxio_v4.3 (EURUSD,M15)	2026.03.17 13:07:41 | HEARTBEAT | SYSTEM | EA alive. Tick=80900 Equity=44798.62 OpenPos=1 PendingOrders=0 UTC=2026.03.17 13:07 DayOfWeek=2 WeekendCloseActive=NO NewTradeBlocked=NO | 80900.000000
MR	0	07:08:24.321	Cazyxio_v4.3 (EURUSD,M15)	2026.03.17 13:08:24 | HEARTBEAT | SYSTEM | EA alive. Tick=81000 Equity=44781.82 OpenPos=1 PendingOrders=0 UTC=2026.03.17 13:08 DayOfWeek=2 WeekendCloseActive=NO NewTradeBlocked=NO | 81000.000000
JL	0	07:09:05.432	Cazyxio_v4.3 (EURUSD,M15)	2026.03.17 13:09:05 | HEARTBEAT | SYSTEM | EA alive. Tick=81100 Equity=44788.82 OpenPos=1 PendingOrders=0 UTC=2026.03.17 13:09 DayOfWeek=2 WeekendCloseActive=NO NewTradeBlocked=NO | 81100.000000
RN	0	07:09:47.881	Cazyxio_v4.3 (EURUSD,M15)	2026.03.17 13:09:47 | HEARTBEAT | SYSTEM | EA alive. Tick=81200 Equity=44795.82 OpenPos=1 PendingOrders=0 UTC=2026.03.17 13:09 DayOfWeek=2 WeekendCloseActive=NO NewTradeBlocked=NO | 81200.000000
DH	0	07:10:29.876	Cazyxio_v4.3 (EURUSD,M15)	2026.03.17 13:10:29 | HEARTBEAT | SYSTEM | EA alive. Tick=81300 Equity=44793.02 OpenPos=1 PendingOrders=0 UTC=2026.03.17 13:10 DayOfWeek=2 WeekendCloseActive=NO NewTradeBlocked=NO | 81300.000000
OJ	0	07:11:18.452	Cazyxio_v4.3 (EURUSD,M15)	2026.03.17 13:11:18 | HEARTBEAT | SYSTEM | EA alive. Tick=81400 Equity=44797.22 OpenPos=1 PendingOrders=0 UTC=2026.03.17 13:11 DayOfWeek=2 WeekendCloseActive=NO NewTradeBlocked=NO | 81400.000000
GD	0	07:12:04.905	Cazyxio_v4.3 (EURUSD,M15)	2026.03.17 13:12:04 | HEARTBEAT | SYSTEM | EA alive. Tick=81500 Equity=44807.02 OpenPos=1 PendingOrders=0 UTC=2026.03.17 13:12 DayOfWeek=2 WeekendCloseActive=NO NewTradeBlocked=NO | 81500.000000
RF	0	07:12:50.384	Cazyxio_v4.3 (EURUSD,M15)	2026.03.17 13:12:50 | HEARTBEAT | SYSTEM | EA alive. Tick=81600 Equity=44816.82 OpenPos=1 PendingOrders=0 UTC=2026.03.17 13:12 DayOfWeek=2 WeekendCloseActive=NO NewTradeBlocked=NO | 81600.000000
MP	0	07:13:28.046	Cazyxio_v4.3 (EURUSD,M15)	2026.03.17 13:13:28 | HEARTBEAT | SYSTEM | EA alive. Tick=81700 Equity=44804.22 OpenPos=1 PendingOrders=0 UTC=2026.03.17 13:13 DayOfWeek=2 WeekendCloseActive=NO NewTradeBlocked=NO | 81700.000000
CR	0	07:14:03.471	Cazyxio_v4.3 (EURUSD,M15)	2026.03.17 13:14:03 | HEARTBEAT | SYSTEM | EA alive. Tick=81800 Equity=44795.82 OpenPos=1 PendingOrders=0 UTC=2026.03.17 13:14 DayOfWeek=2 WeekendCloseActive=NO NewTradeBlocked=NO | 81800.000000
EL	0	07:14:45.118	Cazyxio_v4.3 (EURUSD,M15)	2026.03.17 13:14:45 | HEARTBEAT | SYSTEM | EA alive. Tick=81900 Equity=44805.62 OpenPos=1 PendingOrders=0 UTC=2026.03.17 13:14 DayOfWeek=2 WeekendCloseActive=NO NewTradeBlocked=NO | 81900.000000
LN	0	07:17:22.291	Cazyxio_v4.3 (EURUSD,M15)	2026.03.17 13:17:22 | GATE_FAIL | EURUSD | CopyBuffer failed for Daily EMA200.
HN	0	07:19:42.681	Cazyxio_v4.3 (EURUSD,M15)	2026.03.17 13:19:42 | GATE_FAIL | USDJPY | CopyBuffer failed for Daily EMA200.
NE	0	07:19:42.681	Cazyxio_v4.3 (EURUSD,M15)	2026.03.17 13:19:42 | BAR | AUDUSD | close=0.71069 h4ema200=0.70207 h4slope=UP dailyEMA200=0.67113 adx=40.6 ema50=0.70796 distToEMA50=27.3pips touchSeq=0 atr=0.000726 atrRatio=0.956 dir=LONG spread=20.0 spreadOK=YES atrGate=PASS touch=PASS momCandle=momClosePos=0.973 momOk=Y ema50Ok=Y barRange=0.001120 zeroRangeBar=NO trigger=YES hasPos=YES portRisk=0.49% openPos=1 | 0.710690
PO	0	07:19:42.681	Cazyxio_v4.3 (EURUSD,M15)	2026.03.17 13:19:42 | POSITION_HEALTH | AUDUSD | ticket=4541923 dir=LONG openPrice=0.70665 curPrice=0.71118 unrealPnL=634.20 curR=2.868 MFE=45.3pips MAE=0.9pips timeOpen=360min SL=0.70906 TP=0.71218
CM	0	07:19:42.826	Cazyxio_v4.3 (EURUSD,M15)	2026.03.17 13:19:42 | TRAIL_MOVED | AUDUSD | BUY trail moved. oldSL=0.70906 newSL=0.70973 bid=0.71118 MFE=0.00453 ticket=4541923
PK	0	07:19:42.826	Cazyxio_v4.3 (EURUSD,M15)	2026.03.17 13:19:42 | BAR | GBPJPY | close=212.142 h4ema200=210.919 h4slope=UP dailyEMA200=204.918 adx=19.4 ema50=211.955 distToEMA50=18.7pips touchSeq=0 atr=0.132857 atrRatio=1.258 dir=LONG spread=45.0 spreadOK=NO atrGate=PASS touch=PASS momCandle=momClosePos=0.963 momOk=Y ema50Ok=Y barRange=0.134000 zeroRangeBar=NO trigger=YES hasPos=NO portRisk=0.49% openPos=1 | 212.142000
KG	0	07:19:42.826	Cazyxio_v4.3 (EURUSD,M15)	2026.03.17 13:19:42 | GATE_FAIL | GBPJPY | Spread too wide. Spread=45.0 Max=30 points.
JK	0	07:19:42.826	Cazyxio_v4.3 (EURUSD,M15)	2026.03.17 13:19:42 | BAR | USDCAD | close=1.36988 h4ema200=1.36660 h4slope=UP dailyEMA200=1.38100 adx=28.4 ema50=1.36929 distToEMA50=5.9pips touchSeq=1 atr=0.000756 atrRatio=1.202 dir=NONE spread=24.0 spreadOK=YES atrGate=PASS touch=FAIL momCandle= zeroRangeBar=NO trigger=NO hasPos=NO portRisk=0.49% openPos=1 | 1.369880
HI	0	07:19:42.826	Cazyxio_v4.3 (EURUSD,M15)	2026.03.17 13:19:42 | GATE_FAIL | USDCAD | No directional bias. h4slope=UP closeNow=1.36988 h4ema200=1.36660 dailyEMA200=1.38100
EM	0	07:22:03.284	Cazyxio_v4.3 (EURUSD,M15)	2026.03.17 13:22:03 | GATE_FAIL | GBPUSD | CopyBuffer failed for Daily EMA200.
EO	0	07:22:28.397	Cazyxio_v4.3 (EURUSD,M15)	2026.03.17 13:22:28 | HEARTBEAT | SYSTEM | EA alive. Tick=82000 Equity=44928.82 OpenPos=1 PendingOrders=0 UTC=2026.03.17 13:22 DayOfWeek=2 WeekendCloseActive=NO NewTradeBlocked=NO | 82000.000000
OI	0	07:23:11.184	Cazyxio_v4.3 (EURUSD,M15)	2026.03.17 13:23:11 | HEARTBEAT | SYSTEM | EA alive. Tick=82100 Equity=44938.62 OpenPos=1 PendingOrders=0 UTC=2026.03.17 13:23 DayOfWeek=2 WeekendCloseActive=NO NewTradeBlocked=NO | 82100.000000
OK	0	07:23:50.159	Cazyxio_v4.3 (EURUSD,M15)	2026.03.17 13:23:50 | HEARTBEAT | SYSTEM | EA alive. Tick=82200 Equity=44963.82 OpenPos=1 PendingOrders=0 UTC=2026.03.17 13:23 DayOfWeek=2 WeekendCloseActive=NO NewTradeBlocked=NO | 82200.000000
KE	0	07:24:23.810	Cazyxio_v4.3 (EURUSD,M15)	2026.03.17 13:24:23 | HEARTBEAT | SYSTEM | EA alive. Tick=82300 Equity=44959.62 OpenPos=1 PendingOrders=0 UTC=2026.03.17 13:24 DayOfWeek=2 WeekendCloseActive=NO NewTradeBlocked=NO | 82300.000000
LG	0	07:25:03.805	Cazyxio_v4.3 (EURUSD,M15)	2026.03.17 13:25:03 | HEARTBEAT | SYSTEM | EA alive. Tick=82400 Equity=44942.82 OpenPos=1 PendingOrders=0 UTC=2026.03.17 13:25 DayOfWeek=2 WeekendCloseActive=NO NewTradeBlocked=NO | 82400.000000
NQ	0	07:25:52.723	Cazyxio_v4.3 (EURUSD,M15)	2026.03.17 13:25:52 | HEARTBEAT | SYSTEM | EA alive. Tick=82500 Equity=44945.62 OpenPos=1 PendingOrders=0 UTC=2026.03.17 13:25 DayOfWeek=2 WeekendCloseActive=NO NewTradeBlocked=NO | 82500.000000
LS	0	07:26:36.923	Cazyxio_v4.3 (EURUSD,M15)	2026.03.17 13:26:36 | HEARTBEAT | SYSTEM | EA alive. Tick=82600 Equity=44948.42 OpenPos=1 PendingOrders=0 UTC=2026.03.17 13:26 DayOfWeek=2 WeekendCloseActive=NO NewTradeBlocked=NO | 82600.000000
MM	0	07:27:35.509	Cazyxio_v4.3 (EURUSD,M15)	2026.03.17 13:27:35 | HEARTBEAT | SYSTEM | EA alive. Tick=82700 Equity=44942.82 OpenPos=1 PendingOrders=0 UTC=2026.03.17 13:27 DayOfWeek=2 WeekendCloseActive=NO NewTradeBlocked=NO | 82700.000000
MO	0	07:28:23.932	Cazyxio_v4.3 (EURUSD,M15)	2026.03.17 13:28:23 | HEARTBEAT | SYSTEM | EA alive. Tick=82800 Equity=44905.02 OpenPos=1 PendingOrders=0 UTC=2026.03.17 13:28 DayOfWeek=2 WeekendCloseActive=NO NewTradeBlocked=NO | 82800.000000
DI	0	07:29:20.716	Cazyxio_v4.3 (EURUSD,M15)	2026.03.17 13:29:20 | HEARTBEAT | SYSTEM | EA alive. Tick=82900 Equity=44910.62 OpenPos=1 PendingOrders=0 UTC=2026.03.17 13:29 DayOfWeek=2 WeekendCloseActive=NO NewTradeBlocked=NO | 82900.000000
GJ	0	07:32:22.246	Cazyxio_v4.3 (EURUSD,M15)	2026.03.17 13:32:22 | GATE_FAIL | GBPUSD | CopyBuffer failed for Daily EMA200.
RK	0	07:34:42.554	Cazyxio_v4.3 (EURUSD,M15)	2026.03.17 13:34:42 | GATE_FAIL | EURUSD | CopyBuffer failed for Daily EMA200.
RJ	0	07:37:03.049	Cazyxio_v4.3 (EURUSD,M15)	2026.03.17 13:37:03 | GATE_FAIL | USDJPY | CopyBuffer failed for Daily EMA200.
NK	0	07:37:03.049	Cazyxio_v4.3 (EURUSD,M15)	2026.03.17 13:37:03 | BAR | AUDUSD | close=0.71127 h4ema200=0.70208 h4slope=UP dailyEMA200=0.67114 adx=40.7 ema50=0.70810 distToEMA50=31.7pips touchSeq=0 atr=0.000784 atrRatio=1.031 dir=LONG spread=19.0 spreadOK=YES atrGate=PASS touch=PASS momCandle=momClosePos=0.602 momOk=N ema50Ok=Y barRange=0.001180 zeroRangeBar=NO trigger=NO hasPos=YES portRisk=0.49% openPos=1 | 0.711270
KR	0	07:37:03.049	Cazyxio_v4.3 (EURUSD,M15)	2026.03.17 13:37:03 | POSITION_HEALTH | AUDUSD | ticket=4541923 dir=LONG openPrice=0.70665 curPrice=0.71157 unrealPnL=688.80 curR=3.115 MFE=49.2pips MAE=0.9pips timeOpen=377min SL=0.70973 TP=0.71218
QI	0	07:37:03.176	Cazyxio_v4.3 (EURUSD,M15)	2026.03.17 13:37:03 | TRAIL_MOVED | AUDUSD | BUY trail moved. oldSL=0.70973 newSL=0.71000 bid=0.71157 MFE=0.00492 ticket=4541923
CQ	0	07:37:03.176	Cazyxio_v4.3 (EURUSD,M15)	2026.03.17 13:37:03 | BAR | GBPJPY | close=212.048 h4ema200=210.918 h4slope=UP dailyEMA200=204.917 adx=19.4 ema50=211.956 distToEMA50=9.2pips touchSeq=1 atr=0.135357 atrRatio=1.277 dir=LONG spread=42.0 spreadOK=NO atrGate=PASS touch=PASS momCandle=momClosePos=0.106 momOk=N ema50Ok=Y barRange=0.123000 zeroRangeBar=NO trigger=NO hasPos=NO portRisk=0.49% openPos=1 | 212.048000
HK	0	07:37:03.176	Cazyxio_v4.3 (EURUSD,M15)	2026.03.17 13:37:03 | GATE_FAIL | GBPJPY | Spread too wide. Spread=42.0 Max=30 points.
NG	0	07:37:03.176	Cazyxio_v4.3 (EURUSD,M15)	2026.03.17 13:37:03 | BAR | USDCAD | close=1.36954 h4ema200=1.36659 h4slope=UP dailyEMA200=1.38099 adx=28.4 ema50=1.36927 distToEMA50=2.7pips touchSeq=2 atr=0.000821 atrRatio=1.304 dir=NONE spread=25.0 spreadOK=YES atrGate=PASS touch=FAIL momCandle= zeroRangeBar=NO trigger=NO hasPos=NO portRisk=0.49% openPos=1 | 1.369540
HE	0	07:37:03.176	Cazyxio_v4.3 (EURUSD,M15)	2026.03.17 13:37:03 | GATE_FAIL | USDCAD | No directional bias. h4slope=UP closeNow=1.36954 h4ema200=1.36659 dailyEMA200=1.38099
CH	0	07:37:10.628	Cazyxio_v4.3 (EURUSD,M15)	2026.03.17 13:37:10 | HEARTBEAT | SYSTEM | EA alive. Tick=83000 Equity=44934.42 OpenPos=1 PendingOrders=0 UTC=2026.03.17 13:37 DayOfWeek=2 WeekendCloseActive=NO NewTradeBlocked=NO | 83000.000000
NJ	0	07:38:08.764	Cazyxio_v4.3 (EURUSD,M15)	2026.03.17 13:38:08 | HEARTBEAT | SYSTEM | EA alive. Tick=83100 Equity=44942.82 OpenPos=1 PendingOrders=0 UTC=2026.03.17 13:38 DayOfWeek=2 WeekendCloseActive=NO NewTradeBlocked=NO | 83100.000000
RD	0	07:38:57.230	Cazyxio_v4.3 (EURUSD,M15)	2026.03.17 13:38:57 | HEARTBEAT | SYSTEM | EA alive. Tick=83200 Equity=44935.82 OpenPos=1 PendingOrders=0 UTC=2026.03.17 13:38 DayOfWeek=2 WeekendCloseActive=NO NewTradeBlocked=NO | 83200.000000
IF	0	07:40:04.830	Cazyxio_v4.3 (EURUSD,M15)	2026.03.17 13:40:04 | HEARTBEAT | SYSTEM | EA alive. Tick=83300 Equity=44944.22 OpenPos=1 PendingOrders=0 UTC=2026.03.17 13:40 DayOfWeek=2 WeekendCloseActive=NO NewTradeBlocked=NO | 83300.000000
JP	0	07:40:48.886	Cazyxio_v4.3 (EURUSD,M15)	2026.03.17 13:40:48 | HEARTBEAT | SYSTEM | EA alive. Tick=83400 Equity=44892.42 OpenPos=1 PendingOrders=0 UTC=2026.03.17 13:40 DayOfWeek=2 WeekendCloseActive=NO NewTradeBlocked=NO | 83400.000000
CR	0	07:41:38.691	Cazyxio_v4.3 (EURUSD,M15)	2026.03.17 13:41:38 | HEARTBEAT | SYSTEM | EA alive. Tick=83500 Equity=44917.62 OpenPos=1 PendingOrders=0 UTC=2026.03.17 13:41 DayOfWeek=2 WeekendCloseActive=NO NewTradeBlocked=NO | 83500.000000
KL	0	07:42:34.173	Cazyxio_v4.3 (EURUSD,M15)	2026.03.17 13:42:34 | HEARTBEAT | SYSTEM | EA alive. Tick=83600 Equity=44933.02 OpenPos=1 PendingOrders=0 UTC=2026.03.17 13:42 DayOfWeek=2 WeekendCloseActive=NO NewTradeBlocked=NO | 83600.000000
RN	0	07:43:41.651	Cazyxio_v4.3 (EURUSD,M15)	2026.03.17 13:43:41 | HEARTBEAT | SYSTEM | EA alive. Tick=83700 Equity=44927.42 OpenPos=1 PendingOrders=0 UTC=2026.03.17 13:43 DayOfWeek=2 WeekendCloseActive=NO NewTradeBlocked=NO | 83700.000000
MH	0	07:44:29.203	Cazyxio_v4.3 (EURUSD,M15)	2026.03.17 13:44:29 | HEARTBEAT | SYSTEM | EA alive. Tick=83800 Equity=44924.62 OpenPos=1 PendingOrders=0 UTC=2026.03.17 13:44 DayOfWeek=2 WeekendCloseActive=NO NewTradeBlocked=NO | 83800.000000
HK	0	07:47:22.456	Cazyxio_v4.3 (EURUSD,M15)	2026.03.17 13:47:22 | GATE_FAIL | GBPUSD | CopyBuffer failed for Daily EMA200.
EJ	0	07:49:42.834	Cazyxio_v4.3 (EURUSD,M15)	2026.03.17 13:49:42 | GATE_FAIL | EURUSD | CopyBuffer failed for Daily EMA200.
RE	0	07:52:03.218	Cazyxio_v4.3 (EURUSD,M15)	2026.03.17 13:52:03 | GATE_FAIL | USDJPY | CopyBuffer failed for Daily EMA200.
OD	0	07:52:03.218	Cazyxio_v4.3 (EURUSD,M15)	2026.03.17 13:52:03 | BAR | AUDUSD | close=0.71138 h4ema200=0.70207 h4slope=UP dailyEMA200=0.67113 adx=40.7 ema50=0.70821 distToEMA50=31.7pips touchSeq=0 atr=0.000779 atrRatio=1.024 dir=LONG spread=19.0 spreadOK=YES atrGate=PASS touch=PASS momCandle=momClosePos=0.554 momOk=N ema50Ok=Y barRange=0.000740 zeroRangeBar=NO trigger=NO hasPos=YES portRisk=0.49% openPos=1 | 0.711380
RD	0	07:52:03.218	Cazyxio_v4.3 (EURUSD,M15)	2026.03.17 13:52:03 | POSITION_HEALTH | AUDUSD | ticket=4541923 dir=LONG openPrice=0.70665 curPrice=0.71097 unrealPnL=604.80 curR=2.735 MFE=49.2pips MAE=0.9pips timeOpen=392min SL=0.71000 TP=0.71218
CJ	0	07:52:03.218	Cazyxio_v4.3 (EURUSD,M15)	2026.03.17 13:52:03 | BAR | GBPJPY | close=212.025 h4ema200=210.918 h4slope=UP dailyEMA200=204.917 adx=19.4 ema50=211.959 distToEMA50=6.6pips touchSeq=2 atr=0.138214 atrRatio=1.300 dir=LONG spread=41.0 spreadOK=NO atrGate=PASS touch=PASS momCandle=momClosePos=0.469 momOk=N ema50Ok=Y barRange=0.160000 zeroRangeBar=NO trigger=NO hasPos=NO portRisk=0.49% openPos=1 | 212.025000
NR	0	07:52:03.218	Cazyxio_v4.3 (EURUSD,M15)	2026.03.17 13:52:03 | GATE_FAIL | GBPJPY | Spread too wide. Spread=41.0 Max=30 points.
EN	0	07:52:03.218	Cazyxio_v4.3 (EURUSD,M15)	2026.03.17 13:52:03 | BAR | USDCAD | close=1.36869 h4ema200=1.36659 h4slope=UP dailyEMA200=1.38099 adx=28.4 ema50=1.36926 distToEMA50=5.7pips touchSeq=3 atr=0.000806 atrRatio=1.277 dir=NONE spread=26.0 spreadOK=YES atrGate=PASS touch=FAIL momCandle= zeroRangeBar=NO trigger=NO hasPos=NO portRisk=0.49% openPos=1 | 1.368690
JL	0	07:52:03.218	Cazyxio_v4.3 (EURUSD,M15)	2026.03.17 13:52:03 | GATE_FAIL | USDCAD | No directional bias. h4slope=UP closeNow=1.36869 h4ema200=1.36659 dailyEMA200=1.38099
CQ	0	07:52:20.262	Cazyxio_v4.3 (EURUSD,M15)	2026.03.17 13:52:20 | HEARTBEAT | SYSTEM | EA alive. Tick=83900 Equity=44858.82 OpenPos=1 PendingOrders=0 UTC=2026.03.17 13:52 DayOfWeek=2 WeekendCloseActive=NO NewTradeBlocked=NO | 83900.000000
KS	0	07:53:08.130	Cazyxio_v4.3 (EURUSD,M15)	2026.03.17 13:53:08 | HEARTBEAT | SYSTEM | EA alive. Tick=84000 Equity=44844.82 OpenPos=1 PendingOrders=0 UTC=2026.03.17 13:53 DayOfWeek=2 WeekendCloseActive=NO NewTradeBlocked=NO | 84000.000000
JM	0	07:54:09.671	Cazyxio_v4.3 (EURUSD,M15)	2026.03.17 13:54:09 | HEARTBEAT | SYSTEM | EA alive. Tick=84100 Equity=44826.62 OpenPos=1 PendingOrders=0 UTC=2026.03.17 13:54 DayOfWeek=2 WeekendCloseActive=NO NewTradeBlocked=NO | 84100.000000
HO	0	07:55:13.101	Cazyxio_v4.3 (EURUSD,M15)	2026.03.17 13:55:13 | HEARTBEAT | SYSTEM | EA alive. Tick=84200 Equity=44861.62 OpenPos=1 PendingOrders=0 UTC=2026.03.17 13:55 DayOfWeek=2 WeekendCloseActive=NO NewTradeBlocked=NO | 84200.000000
EI	0	07:56:35.475	Cazyxio_v4.3 (EURUSD,M15)	2026.03.17 13:56:35 | HEARTBEAT | SYSTEM | EA alive. Tick=84300 Equity=44821.02 OpenPos=1 PendingOrders=0 UTC=2026.03.17 13:56 DayOfWeek=2 WeekendCloseActive=NO NewTradeBlocked=NO | 84300.000000
QK	0	07:57:57.964	Cazyxio_v4.3 (EURUSD,M15)	2026.03.17 13:57:57 | HEARTBEAT | SYSTEM | EA alive. Tick=84400 Equity=44843.42 OpenPos=1 PendingOrders=0 UTC=2026.03.17 13:57 DayOfWeek=2 WeekendCloseActive=NO NewTradeBlocked=NO | 84400.000000
KE	0	07:58:54.332	Cazyxio_v4.3 (EURUSD,M15)	2026.03.17 13:58:54 | HEARTBEAT | SYSTEM | EA alive. Tick=84500 Equity=44856.02 OpenPos=1 PendingOrders=0 UTC=2026.03.17 13:58 DayOfWeek=2 WeekendCloseActive=NO NewTradeBlocked=NO | 84500.000000
QG	0	08:02:22.379	Cazyxio_v4.3 (EURUSD,M15)	2026.03.17 14:02:22 | GATE_FAIL | EURUSD | CopyBuffer failed for Daily EMA200.
KF	0	08:04:42.750	Cazyxio_v4.3 (EURUSD,M15)	2026.03.17 14:04:42 | GATE_FAIL | USDJPY | CopyBuffer failed for Daily EMA200.
MG	0	08:04:42.750	Cazyxio_v4.3 (EURUSD,M15)	2026.03.17 14:04:42 | BAR | AUDUSD | close=0.71104 h4ema200=0.70207 h4slope=UP dailyEMA200=0.67113 adx=40.7 ema50=0.70832 distToEMA50=27.2pips touchSeq=0 atr=0.000799 atrRatio=1.049 dir=LONG spread=18.0 spreadOK=YES atrGate=PASS touch=PASS momCandle=momClosePos=0.380 momOk=N ema50Ok=Y barRange=0.001080 zeroRangeBar=NO trigger=NO hasPos=YES portRisk=0.49% openPos=1 | 0.711040
CF	0	08:04:42.750	Cazyxio_v4.3 (EURUSD,M15)	2026.03.17 14:04:42 | POSITION_HEALTH | AUDUSD | ticket=4541923 dir=LONG openPrice=0.70665 curPrice=0.71086 unrealPnL=589.40 curR=2.666 MFE=49.2pips MAE=0.9pips timeOpen=405min SL=0.71000 TP=0.71218
CG	0	08:04:42.750	Cazyxio_v4.3 (EURUSD,M15)	2026.03.17 14:04:42 | BAR | GBPJPY | close=212.024 h4ema200=210.918 h4slope=UP dailyEMA200=204.917 adx=19.4 ema50=211.962 distToEMA50=6.2pips touchSeq=3 atr=0.135714 atrRatio=1.273 dir=LONG spread=35.0 spreadOK=NO atrGate=PASS touch=PASS momCandle=momClosePos=0.113 momOk=N ema50Ok=Y barRange=0.142000 zeroRangeBar=NO trigger=NO hasPos=NO portRisk=0.49% openPos=1 | 212.024000
FQ	0	08:04:42.750	Cazyxio_v4.3 (EURUSD,M15)	2026.03.17 14:04:42 | GATE_FAIL | GBPJPY | Spread too wide. Spread=35.0 Max=30 points.
IL	0	08:04:42.750	Cazyxio_v4.3 (EURUSD,M15)	2026.03.17 14:04:42 | BAR | USDCAD | close=1.36887 h4ema200=1.36659 h4slope=UP dailyEMA200=1.38099 adx=28.3 ema50=1.36922 distToEMA50=3.5pips touchSeq=4 atr=0.000810 atrRatio=1.283 dir=NONE spread=25.0 spreadOK=YES atrGate=PASS touch=FAIL momCandle= zeroRangeBar=NO trigger=NO hasPos=NO portRisk=0.49% openPos=1 | 1.368870
OJ	0	08:04:42.750	Cazyxio_v4.3 (EURUSD,M15)	2026.03.17 14:04:42 | GATE_FAIL | USDCAD | No directional bias. h4slope=UP closeNow=1.36887 h4ema200=1.36659 dailyEMA200=1.38099
RS	0	08:07:03.881	Cazyxio_v4.3 (EURUSD,M15)	2026.03.17 14:07:03 | GATE_FAIL | GBPUSD | CopyBuffer failed for Daily EMA200.
FR	0	08:07:09.524	Cazyxio_v4.3 (EURUSD,M15)	2026.03.17 14:07:09 | HEARTBEAT | SYSTEM | EA alive. Tick=84600 Equity=44907.82 OpenPos=1 PendingOrders=0 UTC=2026.03.17 14:07 DayOfWeek=2 WeekendCloseActive=NO NewTradeBlocked=NO | 84600.000000
ML	0	08:08:06.353	Cazyxio_v4.3 (EURUSD,M15)	2026.03.17 14:08:06 | HEARTBEAT | SYSTEM | EA alive. Tick=84700 Equity=44895.22 OpenPos=1 PendingOrders=0 UTC=2026.03.17 14:08 DayOfWeek=2 WeekendCloseActive=NO NewTradeBlocked=NO | 84700.000000
FN	0	08:08:50.686	Cazyxio_v4.3 (EURUSD,M15)	2026.03.17 14:08:50 | HEARTBEAT | SYSTEM | EA alive. Tick=84800 Equity=44909.22 OpenPos=1 PendingOrders=0 UTC=2026.03.17 14:08 DayOfWeek=2 WeekendCloseActive=NO NewTradeBlocked=NO | 84800.000000
NH	0	08:09:46.950	Cazyxio_v4.3 (EURUSD,M15)	2026.03.17 14:09:46 | HEARTBEAT | SYSTEM | EA alive. Tick=84900 Equity=44920.42 OpenPos=1 PendingOrders=0 UTC=2026.03.17 14:09 DayOfWeek=2 WeekendCloseActive=NO NewTradeBlocked=NO | 84900.000000
HJ	0	08:10:39.515	Cazyxio_v4.3 (EURUSD,M15)	2026.03.17 14:10:39 | HEARTBEAT | SYSTEM | EA alive. Tick=85000 Equity=44884.02 OpenPos=1 PendingOrders=0 UTC=2026.03.17 14:10 DayOfWeek=2 WeekendCloseActive=NO NewTradeBlocked=NO | 85000.000000
RD	0	08:11:23.938	Cazyxio_v4.3 (EURUSD,M15)	2026.03.17 14:11:23 | HEARTBEAT | SYSTEM | EA alive. Tick=85100 Equity=44853.22 OpenPos=1 PendingOrders=0 UTC=2026.03.17 14:11 DayOfWeek=2 WeekendCloseActive=NO NewTradeBlocked=NO | 85100.000000
KF	0	08:12:05.513	Cazyxio_v4.3 (EURUSD,M15)	2026.03.17 14:12:05 | HEARTBEAT | SYSTEM | EA alive. Tick=85200 Equity=44847.62 OpenPos=1 PendingOrders=0 UTC=2026.03.17 14:12 DayOfWeek=2 WeekendCloseActive=NO NewTradeBlocked=NO | 85200.000000
MP	0	08:13:08.112	Cazyxio_v4.3 (EURUSD,M15)	2026.03.17 14:13:08 | HEARTBEAT | SYSTEM | EA alive. Tick=85300 Equity=44805.62 OpenPos=1 PendingOrders=0 UTC=2026.03.17 14:13 DayOfWeek=2 WeekendCloseActive=NO NewTradeBlocked=NO | 85300.000000
IR	0	08:14:12.628	Cazyxio_v4.3 (EURUSD,M15)	2026.03.17 14:14:12 | HEARTBEAT | SYSTEM | EA alive. Tick=85400 Equity=44842.02 OpenPos=1 PendingOrders=0 UTC=2026.03.17 14:14 DayOfWeek=2 WeekendCloseActive=NO NewTradeBlocked=NO | 85400.000000
DL	0	08:17:22.404	Cazyxio_v4.3 (EURUSD,M15)	2026.03.17 14:17:22 | GATE_FAIL | EURUSD | CopyBuffer failed for Daily EMA200.
NO	0	08:19:42.829	Cazyxio_v4.3 (EURUSD,M15)	2026.03.17 14:19:42 | GATE_FAIL | USDJPY | CopyBuffer failed for Daily EMA200.
DN	0	08:19:42.829	Cazyxio_v4.3 (EURUSD,M15)	2026.03.17 14:19:42 | BAR | AUDUSD | close=0.71063 h4ema200=0.70207 h4slope=UP dailyEMA200=0.67112 adx=40.7 ema50=0.70839 distToEMA50=22.4pips touchSeq=0 atr=0.000817 atrRatio=1.071 dir=LONG spread=19.0 spreadOK=YES atrGate=PASS touch=PASS momCandle=momClosePos=0.133 momOk=N ema50Ok=Y barRange=0.000980 zeroRangeBar=NO trigger=NO hasPos=YES portRisk=0.49% openPos=1 | 0.710630
NM	0	08:19:42.829	Cazyxio_v4.3 (EURUSD,M15)	2026.03.17 14:19:42 | POSITION_HEALTH | AUDUSD | ticket=4541923 dir=LONG openPrice=0.70665 curPrice=0.71033 unrealPnL=515.20 curR=2.330 MFE=49.2pips MAE=0.9pips timeOpen=420min SL=0.71000 TP=0.71218
JN	0	08:19:42.829	Cazyxio_v4.3 (EURUSD,M15)	2026.03.17 14:19:42 | BAR | GBPJPY | close=212.107 h4ema200=210.919 h4slope=UP dailyEMA200=204.918 adx=19.4 ema50=211.969 distToEMA50=13.8pips touchSeq=4 atr=0.138000 atrRatio=1.290 dir=LONG spread=42.0 spreadOK=NO atrGate=PASS touch=PASS momCandle=momClosePos=0.856 momOk=Y ema50Ok=Y barRange=0.118000 zeroRangeBar=NO trigger=YES hasPos=NO portRisk=0.49% openPos=1 | 212.107000
CH	0	08:19:42.829	Cazyxio_v4.3 (EURUSD,M15)	2026.03.17 14:19:42 | GATE_FAIL | GBPJPY | Spread too wide. Spread=42.0 Max=30 points.
PD	0	08:19:42.829	Cazyxio_v4.3 (EURUSD,M15)	2026.03.17 14:19:42 | BAR | USDCAD | close=1.36819 h4ema200=1.36659 h4slope=UP dailyEMA200=1.38099 adx=26.9 ema50=1.36919 distToEMA50=10.0pips touchSeq=5 atr=0.000852 atrRatio=1.348 dir=NONE spread=27.0 spreadOK=YES atrGate=PASS touch=FAIL momCandle= zeroRangeBar=NO trigger=NO hasPos=NO portRisk=0.49% openPos=1 | 1.368190
QE	0	08:19:42.829	Cazyxio_v4.3 (EURUSD,M15)	2026.03.17 14:19:42 | GATE_FAIL | USDCAD | No directional bias. h4slope=UP closeNow=1.36819 h4ema200=1.36659 dailyEMA200=1.38099
FI	0	08:22:03.427	Cazyxio_v4.3 (EURUSD,M15)	2026.03.17 14:22:03 | GATE_FAIL | GBPUSD | CopyBuffer failed for Daily EMA200.
CK	0	08:22:11.198	Cazyxio_v4.3 (EURUSD,M15)	2026.03.17 14:22:11 | HEARTBEAT | SYSTEM | EA alive. Tick=85500 Equity=44784.62 OpenPos=1 PendingOrders=0 UTC=2026.03.17 14:22 DayOfWeek=2 WeekendCloseActive=NO NewTradeBlocked=NO | 85500.000000
RE	0	08:23:14.315	Cazyxio_v4.3 (EURUSD,M15)	2026.03.17 14:23:14 | HEARTBEAT | SYSTEM | EA alive. Tick=85600 Equity=44776.22 OpenPos=1 PendingOrders=0 UTC=2026.03.17 14:23 DayOfWeek=2 WeekendCloseActive=NO NewTradeBlocked=NO | 85600.000000
RG	0	08:24:11.674	Cazyxio_v4.3 (EURUSD,M15)	2026.03.17 14:24:11 | HEARTBEAT | SYSTEM | EA alive. Tick=85700 Equity=44762.22 OpenPos=1 PendingOrders=0 UTC=2026.03.17 14:24 DayOfWeek=2 WeekendCloseActive=NO NewTradeBlocked=NO | 85700.000000
PQ	0	08:25:05.642	Cazyxio_v4.3 (EURUSD,M15)	2026.03.17 14:25:05 | HEARTBEAT | SYSTEM | EA alive. Tick=85800 Equity=44742.62 OpenPos=1 PendingOrders=0 UTC=2026.03.17 14:25 DayOfWeek=2 WeekendCloseActive=NO NewTradeBlocked=NO | 85800.000000
RP	0	08:25:13.440	Cazyxio_v4.3 (EURUSD,M15)	2026.03.17 14:25:13 | SL_HIT | AUDUSD | Stop loss triggered. Profit=471.80 MFE=49.2pips MAE=0.9pips TimeOpen=425min EntryPrice=0.70665 | Initiating 4-bar cooldown.
RE	0	08:25:13.440	Cazyxio_v4.3 (EURUSD,M15)	2026.03.17 14:25:13 | SL_COOLDOWN | AUDUSD | Cooldown active for 4 bars (60 min). CooldownEnds=2026.03.17 18:25
OM	0	08:25:58.571	Cazyxio_v4.3 (EURUSD,M15)	2026.03.17 14:25:58 | HEARTBEAT | SYSTEM | EA alive. Tick=85900 Equity=44725.82 OpenPos=0 PendingOrders=0 UTC=2026.03.17 14:25 DayOfWeek=2 WeekendCloseActive=NO NewTradeBlocked=NO | 85900.000000
DO	0	08:26:51.926	Cazyxio_v4.3 (EURUSD,M15)	2026.03.17 14:26:51 | HEARTBEAT | SYSTEM | EA alive. Tick=86000 Equity=44725.82 OpenPos=0 PendingOrders=0 UTC=2026.03.17 14:26 DayOfWeek=2 WeekendCloseActive=NO NewTradeBlocked=NO | 86000.000000
FI	0	08:27:47.925	Cazyxio_v4.3 (EURUSD,M15)	2026.03.17 14:27:47 | HEARTBEAT | SYSTEM | EA alive. Tick=86100 Equity=44725.82 OpenPos=0 PendingOrders=0 UTC=2026.03.17 14:27 DayOfWeek=2 WeekendCloseActive=NO NewTradeBlocked=NO | 86100.000000
DK	0	08:28:37.102	Cazyxio_v4.3 (EURUSD,M15)	2026.03.17 14:28:37 | HEARTBEAT | SYSTEM | EA alive. Tick=86200 Equity=44725.82 OpenPos=0 PendingOrders=0 UTC=2026.03.17 14:28 DayOfWeek=2 WeekendCloseActive=NO NewTradeBlocked=NO | 86200.000000
FE	0	08:29:23.752	Cazyxio_v4.3 (EURUSD,M15)	2026.03.17 14:29:23 | HEARTBEAT | SYSTEM | EA alive. Tick=86300 Equity=44725.82 OpenPos=0 PendingOrders=0 UTC=2026.03.17 14:29 DayOfWeek=2 WeekendCloseActive=NO NewTradeBlocked=NO | 86300.000000
RF	0	08:32:22.584	Cazyxio_v4.3 (EURUSD,M15)	2026.03.17 14:32:22 | GATE_FAIL | GBPUSD | CopyBuffer failed for Daily EMA200.
LF	0	08:34:43.011	Cazyxio_v4.3 (EURUSD,M15)	2026.03.17 14:34:43 | GATE_FAIL | EURUSD | CopyBuffer failed for Daily EMA200.
CF	0	08:37:03.404	Cazyxio_v4.3 (EURUSD,M15)	2026.03.17 14:37:03 | GATE_FAIL | USDJPY | CopyBuffer failed for Daily EMA200.
PM	0	08:37:03.405	Cazyxio_v4.3 (EURUSD,M15)	2026.03.17 14:37:03 | POST_SL_CONTEXT | AUDUSD | Bar 1 after SL hit. SLHitPrice=0.71000 BarClose=0.71015 MoveSinceSL=1.5pips Verdict=CONTINUED_IN_TRADE_DIR (positive=price went our way, negative=continued against us)
DK	0	08:37:03.405	Cazyxio_v4.3 (EURUSD,M15)	2026.03.17 14:37:03 | BAR | AUDUSD | close=0.71015 h4ema200=0.70206 h4slope=UP dailyEMA200=0.67112 adx=40.7 ema50=0.70845 distToEMA50=17.0pips touchSeq=0 atr=0.000844 atrRatio=1.103 dir=LONG spread=19.0 spreadOK=YES atrGate=PASS touch=PASS momCandle=momClosePos=0.301 momOk=N ema50Ok=Y barRange=0.000730 zeroRangeBar=NO trigger=NO hasPos=NO portRisk=0.00% openPos=0 | 0.710150
DE	0	08:37:03.405	Cazyxio_v4.3 (EURUSD,M15)	2026.03.17 14:37:03 | GATE_FAIL | AUDUSD | Momentum candle FAIL. dir=LONG close=0.71015 ema50=0.70845 momClosePos=0.301 momOk=N ema50Ok=Y barRange=0.000730
KL	0	08:37:03.405	Cazyxio_v4.3 (EURUSD,M15)	2026.03.17 14:37:03 | BAR | GBPJPY | close=212.142 h4ema200=210.920 h4slope=UP dailyEMA200=204.918 adx=19.4 ema50=211.979 distToEMA50=16.3pips touchSeq=0 atr=0.135071 atrRatio=1.259 dir=LONG spread=36.0 spreadOK=NO atrGate=PASS touch=PASS momCandle=momClosePos=0.813 momOk=Y ema50Ok=Y barRange=0.091000 zeroRangeBar=NO trigger=YES hasPos=NO portRisk=0.00% openPos=0 | 212.142000
PJ	0	08:37:03.405	Cazyxio_v4.3 (EURUSD,M15)	2026.03.17 14:37:03 | GATE_FAIL | GBPJPY | Spread too wide. Spread=36.0 Max=30 points.
GF	0	08:37:03.405	Cazyxio_v4.3 (EURUSD,M15)	2026.03.17 14:37:03 | BAR | USDCAD | close=1.36876 h4ema200=1.36659 h4slope=UP dailyEMA200=1.38099 adx=26.9 ema50=1.36918 distToEMA50=4.2pips touchSeq=6 atr=0.000883 atrRatio=1.396 dir=NONE spread=26.0 spreadOK=YES atrGate=PASS touch=FAIL momCandle= zeroRangeBar=NO trigger=NO hasPos=NO portRisk=0.00% openPos=0 | 1.368760
RD	0	08:37:03.405	Cazyxio_v4.3 (EURUSD,M15)	2026.03.17 14:37:03 | GATE_FAIL | USDCAD | No directional bias. h4slope=UP closeNow=1.36876 h4ema200=1.36659 dailyEMA200=1.38099
CI	0	08:37:16.031	Cazyxio_v4.3 (EURUSD,M15)	2026.03.17 14:37:16 | HEARTBEAT | SYSTEM | EA alive. Tick=86400 Equity=44725.82 OpenPos=0 PendingOrders=0 UTC=2026.03.17 14:37 DayOfWeek=2 WeekendCloseActive=NO NewTradeBlocked=NO | 86400.000000
LK	0	08:38:28.631	Cazyxio_v4.3 (EURUSD,M15)	2026.03.17 14:38:28 | HEARTBEAT | SYSTEM | EA alive. Tick=86500 Equity=44725.82 OpenPos=0 PendingOrders=0 UTC=2026.03.17 14:38 DayOfWeek=2 WeekendCloseActive=NO NewTradeBlocked=NO | 86500.000000
KE	0	08:39:38.848	Cazyxio_v4.3 (EURUSD,M15)	2026.03.17 14:39:38 | HEARTBEAT | SYSTEM | EA alive. Tick=86600 Equity=44725.82 OpenPos=0 PendingOrders=0 UTC=2026.03.17 14:39 DayOfWeek=2 WeekendCloseActive=NO NewTradeBlocked=NO | 86600.000000
FG	0	08:41:08.808	Cazyxio_v4.3 (EURUSD,M15)	2026.03.17 14:41:08 | HEARTBEAT | SYSTEM | EA alive. Tick=86700 Equity=44725.82 OpenPos=0 PendingOrders=0 UTC=2026.03.17 14:41 DayOfWeek=2 WeekendCloseActive=NO NewTradeBlocked=NO | 86700.000000
LQ	0	08:42:06.548	Cazyxio_v4.3 (EURUSD,M15)	2026.03.17 14:42:06 | HEARTBEAT | SYSTEM | EA alive. Tick=86800 Equity=44725.82 OpenPos=0 PendingOrders=0 UTC=2026.03.17 14:42 DayOfWeek=2 WeekendCloseActive=NO NewTradeBlocked=NO | 86800.000000
OS	0	08:43:11.195	Cazyxio_v4.3 (EURUSD,M15)	2026.03.17 14:43:11 | HEARTBEAT | SYSTEM | EA alive. Tick=86900 Equity=44725.82 OpenPos=0 PendingOrders=0 UTC=2026.03.17 14:43 DayOfWeek=2 WeekendCloseActive=NO NewTradeBlocked=NO | 86900.000000
MM	0	08:44:00.639	Cazyxio_v4.3 (EURUSD,M15)	2026.03.17 14:44:00 | HEARTBEAT | SYSTEM | EA alive. Tick=87000 Equity=44725.82 OpenPos=0 PendingOrders=0 UTC=2026.03.17 14:44 DayOfWeek=2 WeekendCloseActive=NO NewTradeBlocked=NO | 87000.000000
NO	0	08:44:50.926	Cazyxio_v4.3 (EURUSD,M15)	2026.03.17 14:44:50 | HEARTBEAT | SYSTEM | EA alive. Tick=87100 Equity=44725.82 OpenPos=0 PendingOrders=0 UTC=2026.03.17 14:44 DayOfWeek=2 WeekendCloseActive=NO NewTradeBlocked=NO | 87100.000000
DH	0	08:47:22.854	Cazyxio_v4.3 (EURUSD,M15)	2026.03.17 14:47:22 | GATE_FAIL | GBPUSD | CopyBuffer failed for Daily EMA200.
JI	0	08:49:43.246	Cazyxio_v4.3 (EURUSD,M15)	2026.03.17 14:49:43 | GATE_FAIL | EURUSD | CopyBuffer failed for Daily EMA200.
NH	0	08:52:03.674	Cazyxio_v4.3 (EURUSD,M15)	2026.03.17 14:52:03 | GATE_FAIL | USDJPY | CopyBuffer failed for Daily EMA200.
GD	0	08:52:03.674	Cazyxio_v4.3 (EURUSD,M15)	2026.03.17 14:52:03 | POST_SL_CONTEXT | AUDUSD | Bar 2 after SL hit. SLHitPrice=0.71000 BarClose=0.71061 MoveSinceSL=6.1pips Verdict=CONTINUED_IN_TRADE_DIR (positive=price went our way, negative=continued against us)
QH	0	08:52:03.674	Cazyxio_v4.3 (EURUSD,M15)	2026.03.17 14:52:03 | BAR | AUDUSD | close=0.71061 h4ema200=0.70206 h4slope=UP dailyEMA200=0.67112 adx=40.7 ema50=0.70854 distToEMA50=20.7pips touchSeq=0 atr=0.000857 atrRatio=1.119 dir=LONG spread=20.0 spreadOK=YES atrGate=PASS touch=PASS momCandle=momClosePos=0.813 momOk=Y ema50Ok=Y barRange=0.000910 zeroRangeBar=NO trigger=YES hasPos=NO portRisk=0.00% openPos=0 | 0.710610
ON	0	08:52:03.674	Cazyxio_v4.3 (EURUSD,M15)	2026.03.17 14:52:03 | GATE_FAIL | AUDUSD | SL cooldown active. CooldownEnds=2026.03.17 18:25 MinsRemaining=33
GM	0	08:52:03.674	Cazyxio_v4.3 (EURUSD,M15)	2026.03.17 14:52:03 | BAR | GBPJPY | close=212.218 h4ema200=210.919 h4slope=UP dailyEMA200=204.918 adx=19.4 ema50=211.987 distToEMA50=23.1pips touchSeq=0 atr=0.138857 atrRatio=1.290 dir=LONG spread=45.0 spreadOK=NO atrGate=PASS touch=PASS momCandle=momClosePos=0.883 momOk=Y ema50Ok=Y barRange=0.103000 zeroRangeBar=NO trigger=YES hasPos=NO portRisk=0.00% openPos=0 | 212.218000
LE	0	08:52:03.674	Cazyxio_v4.3 (EURUSD,M15)	2026.03.17 14:52:03 | GATE_FAIL | GBPJPY | Spread too wide. Spread=45.0 Max=30 points.
PI	0	08:52:03.674	Cazyxio_v4.3 (EURUSD,M15)	2026.03.17 14:52:03 | BAR | USDCAD | close=1.36897 h4ema200=1.36659 h4slope=UP dailyEMA200=1.38100 adx=26.9 ema50=1.36919 distToEMA50=2.2pips touchSeq=7 atr=0.000909 atrRatio=1.437 dir=NONE spread=27.0 spreadOK=YES atrGate=PASS touch=FAIL momCandle= zeroRangeBar=NO trigger=NO hasPos=NO portRisk=0.00% openPos=0 | 1.368970
DG	0	08:52:03.674	Cazyxio_v4.3 (EURUSD,M15)	2026.03.17 14:52:03 | GATE_FAIL | USDCAD | No directional bias. h4slope=UP closeNow=1.36897 h4ema200=1.36659 dailyEMA200=1.38100
DN	0	08:52:54.396	Cazyxio_v4.3 (EURUSD,M15)	2026.03.17 14:52:54 | HEARTBEAT | SYSTEM | EA alive. Tick=87200 Equity=44725.82 OpenPos=0 PendingOrders=0 UTC=2026.03.17 14:52 DayOfWeek=2 WeekendCloseActive=NO NewTradeBlocked=NO | 87200.000000
KH	0	08:53:49.271	Cazyxio_v4.3 (EURUSD,M15)	2026.03.17 14:53:49 | HEARTBEAT | SYSTEM | EA alive. Tick=87300 Equity=44725.82 OpenPos=0 PendingOrders=0 UTC=2026.03.17 14:53 DayOfWeek=2 WeekendCloseActive=NO NewTradeBlocked=NO | 87300.000000
LJ	0	08:55:02.254	Cazyxio_v4.3 (EURUSD,M15)	2026.03.17 14:55:02 | HEARTBEAT | SYSTEM | EA alive. Tick=87400 Equity=44725.82 OpenPos=0 PendingOrders=0 UTC=2026.03.17 14:55 DayOfWeek=2 WeekendCloseActive=NO NewTradeBlocked=NO | 87400.000000
ND	0	08:56:02.640	Cazyxio_v4.3 (EURUSD,M15)	2026.03.17 14:56:02 | HEARTBEAT | SYSTEM | EA alive. Tick=87500 Equity=44725.82 OpenPos=0 PendingOrders=0 UTC=2026.03.17 14:56 DayOfWeek=2 WeekendCloseActive=NO NewTradeBlocked=NO | 87500.000000
GF	0	08:57:06.682	Cazyxio_v4.3 (EURUSD,M15)	2026.03.17 14:57:06 | HEARTBEAT | SYSTEM | EA alive. Tick=87600 Equity=44725.82 OpenPos=0 PendingOrders=0 UTC=2026.03.17 14:57 DayOfWeek=2 WeekendCloseActive=NO NewTradeBlocked=NO | 87600.000000
DP	0	08:58:20.017	Cazyxio_v4.3 (EURUSD,M15)	2026.03.17 14:58:20 | HEARTBEAT | SYSTEM | EA alive. Tick=87700 Equity=44725.82 OpenPos=0 PendingOrders=0 UTC=2026.03.17 14:58 DayOfWeek=2 WeekendCloseActive=NO NewTradeBlocked=NO | 87700.000000
CR	0	08:59:23.372	Cazyxio_v4.3 (EURUSD,M15)	2026.03.17 14:59:23 | HEARTBEAT | SYSTEM | EA alive. Tick=87800 Equity=44725.82 OpenPos=0 PendingOrders=0 UTC=2026.03.17 14:59 DayOfWeek=2 WeekendCloseActive=NO NewTradeBlocked=NO | 87800.000000
OL	0	09:02:22.384	Cazyxio_v4.3 (EURUSD,M15)	2026.03.17 15:02:22 | GATE_FAIL | EURUSD | CopyBuffer failed for Daily EMA200.
QO	0	09:04:42.756	Cazyxio_v4.3 (EURUSD,M15)	2026.03.17 15:04:42 | GATE_FAIL | USDJPY | CopyBuffer failed for Daily EMA200.
CS	0	09:04:42.756	Cazyxio_v4.3 (EURUSD,M15)	2026.03.17 15:04:42 | POST_SL_CONTEXT | AUDUSD | Bar 3 after SL hit. SLHitPrice=0.71000 BarClose=0.71017 MoveSinceSL=1.7pips Verdict=CONTINUED_IN_TRADE_DIR (positive=price went our way, negative=continued against us)
OP	0	09:04:42.756	Cazyxio_v4.3 (EURUSD,M15)	2026.03.17 15:04:42 | BAR | AUDUSD | close=0.71017 h4ema200=0.70206 h4slope=UP dailyEMA200=0.67112 adx=40.7 ema50=0.70860 distToEMA50=15.7pips touchSeq=0 atr=0.000862 atrRatio=1.124 dir=LONG spread=19.0 spreadOK=YES atrGate=PASS touch=FAIL momCandle=momClosePos=0.211 momOk=N ema50Ok=Y barRange=0.000710 zeroRangeBar=NO trigger=NO hasPos=NO portRisk=0.00% openPos=0 | 0.710170
KS	0	09:04:42.756	Cazyxio_v4.3 (EURUSD,M15)	2026.03.17 15:04:42 | GATE_FAIL | AUDUSD | Touch/pullback gate FAIL. Price has not approached EMA50 within last 12 bars (within 0.60 ATR). DistToEMA50=15.7pips.
EO	0	09:04:42.756	Cazyxio_v4.3 (EURUSD,M15)	2026.03.17 15:04:42 | BAR | GBPJPY | close=212.130 h4ema200=210.920 h4slope=UP dailyEMA200=204.918 adx=19.4 ema50=211.994 distToEMA50=13.6pips touchSeq=1 atr=0.138429 atrRatio=1.281 dir=LONG spread=36.0 spreadOK=NO atrGate=PASS touch=PASS momCandle=momClosePos=0.379 momOk=N ema50Ok=Y barRange=0.161000 zeroRangeBar=NO trigger=NO hasPos=NO portRisk=0.00% openPos=0 | 212.130000
IL	0	09:04:42.756	Cazyxio_v4.3 (EURUSD,M15)	2026.03.17 15:04:42 | GATE_FAIL | GBPJPY | Spread too wide. Spread=36.0 Max=30 points.
HS	0	09:04:42.756	Cazyxio_v4.3 (EURUSD,M15)	2026.03.17 15:04:42 | BAR | USDCAD | close=1.36999 h4ema200=1.36660 h4slope=UP dailyEMA200=1.38100 adx=26.9 ema50=1.36925 distToEMA50=7.4pips touchSeq=8 atr=0.000929 atrRatio=1.468 dir=NONE spread=25.0 spreadOK=YES atrGate=PASS touch=FAIL momCandle= zeroRangeBar=NO trigger=NO hasPos=NO portRisk=0.00% openPos=0 | 1.369990
RQ	0	09:04:42.756	Cazyxio_v4.3 (EURUSD,M15)	2026.03.17 15:04:42 | GATE_FAIL | USDCAD | No directional bias. h4slope=UP closeNow=1.36999 h4ema200=1.36660 dailyEMA200=1.38100
QF	0	09:07:03.891	Cazyxio_v4.3 (EURUSD,M15)	2026.03.17 15:07:03 | GATE_FAIL | GBPUSD | CopyBuffer failed for Daily EMA200.
HG	0	09:07:29.658	Cazyxio_v4.3 (EURUSD,M15)	2026.03.17 15:07:29 | HEARTBEAT | SYSTEM | EA alive. Tick=87900 Equity=44725.82 OpenPos=0 PendingOrders=0 UTC=2026.03.17 15:07 DayOfWeek=2 WeekendCloseActive=NO NewTradeBlocked=NO | 87900.000000
RQ	0	09:08:22.439	Cazyxio_v4.3 (EURUSD,M15)	2026.03.17 15:08:22 | HEARTBEAT | SYSTEM | EA alive. Tick=88000 Equity=44725.82 OpenPos=0 PendingOrders=0 UTC=2026.03.17 15:08 DayOfWeek=2 WeekendCloseActive=NO NewTradeBlocked=NO | 88000.000000
KS	0	09:09:17.019	Cazyxio_v4.3 (EURUSD,M15)	2026.03.17 15:09:17 | HEARTBEAT | SYSTEM | EA alive. Tick=88100 Equity=44725.82 OpenPos=0 PendingOrders=0 UTC=2026.03.17 15:09 DayOfWeek=2 WeekendCloseActive=NO NewTradeBlocked=NO | 88100.000000
IM	0	09:10:11.790	Cazyxio_v4.3 (EURUSD,M15)	2026.03.17 15:10:11 | HEARTBEAT | SYSTEM | EA alive. Tick=88200 Equity=44725.82 OpenPos=0 PendingOrders=0 UTC=2026.03.17 15:10 DayOfWeek=2 WeekendCloseActive=NO NewTradeBlocked=NO | 88200.000000
IO	0	09:11:25.719	Cazyxio_v4.3 (EURUSD,M15)	2026.03.17 15:11:25 | HEARTBEAT | SYSTEM | EA alive. Tick=88300 Equity=44725.82 OpenPos=0 PendingOrders=0 UTC=2026.03.17 15:11 DayOfWeek=2 WeekendCloseActive=NO NewTradeBlocked=NO | 88300.000000
NI	0	09:12:37.274	Cazyxio_v4.3 (EURUSD,M15)	2026.03.17 15:12:37 | HEARTBEAT | SYSTEM | EA alive. Tick=88400 Equity=44725.82 OpenPos=0 PendingOrders=0 UTC=2026.03.17 15:12 DayOfWeek=2 WeekendCloseActive=NO NewTradeBlocked=NO | 88400.000000
JK	0	09:13:49.963	Cazyxio_v4.3 (EURUSD,M15)	2026.03.17 15:13:49 | HEARTBEAT | SYSTEM | EA alive. Tick=88500 Equity=44725.82 OpenPos=0 PendingOrders=0 UTC=2026.03.17 15:13 DayOfWeek=2 WeekendCloseActive=NO NewTradeBlocked=NO | 88500.000000
GE	0	09:17:22.533	Cazyxio_v4.3 (EURUSD,M15)	2026.03.17 15:17:22 | GATE_FAIL | EURUSD | CopyBuffer failed for Daily EMA200.
JD	0	09:19:42.917	Cazyxio_v4.3 (EURUSD,M15)	2026.03.17 15:19:42 | GATE_FAIL | USDJPY | CopyBuffer failed for Daily EMA200.
DJ	0	09:19:42.917	Cazyxio_v4.3 (EURUSD,M15)	2026.03.17 15:19:42 | POST_SL_CONTEXT | AUDUSD | Bar 4 after SL hit. SLHitPrice=0.71000 BarClose=0.70942 MoveSinceSL=-5.8pips Verdict=REVERSED_AGAINST_TRADE (positive=price went our way, negative=continued against us)
HJ	0	09:19:42.917	Cazyxio_v4.3 (EURUSD,M15)	2026.03.17 15:19:42 | BAR | AUDUSD | close=0.70942 h4ema200=0.70206 h4slope=UP dailyEMA200=0.67112 adx=40.4 ema50=0.70861 distToEMA50=8.1pips touchSeq=1 atr=0.000895 atrRatio=1.163 dir=LONG spread=19.0 spreadOK=YES atrGate=PASS touch=FAIL momCandle=momClosePos=0.170 momOk=N ema50Ok=Y barRange=0.001120 zeroRangeBar=NO trigger=NO hasPos=NO portRisk=0.00% openPos=0 | 0.709420
NI	0	09:19:42.917	Cazyxio_v4.3 (EURUSD,M15)	2026.03.17 15:19:42 | GATE_FAIL | AUDUSD | Touch/pullback gate FAIL. Price has not approached EMA50 within last 12 bars (within 0.60 ATR). DistToEMA50=8.1pips.
IK	0	09:19:42.917	Cazyxio_v4.3 (EURUSD,M15)	2026.03.17 15:19:42 | BAR | GBPJPY | close=212.163 h4ema200=210.920 h4slope=UP dailyEMA200=204.918 adx=19.4 ema50=212.000 distToEMA50=16.3pips touchSeq=0 atr=0.127643 atrRatio=1.179 dir=LONG spread=38.0 spreadOK=NO atrGate=PASS touch=PASS momCandle=momClosePos=0.748 momOk=Y ema50Ok=Y barRange=0.107000 zeroRangeBar=NO trigger=YES hasPos=NO portRisk=0.00% openPos=0 | 212.163000
PG	0	09:19:42.917	Cazyxio_v4.3 (EURUSD,M15)	2026.03.17 15:19:42 | GATE_FAIL | GBPJPY | Spread too wide. Spread=38.0 Max=30 points.
KH	0	09:19:42.917	Cazyxio_v4.3 (EURUSD,M15)	2026.03.17 15:19:42 | BAR | USDCAD | close=1.37131 h4ema200=1.36661 h4slope=UP dailyEMA200=1.38102 adx=27.2 ema50=1.36937 distToEMA50=19.4pips touchSeq=0 atr=0.000994 atrRatio=1.568 dir=NONE spread=27.0 spreadOK=YES atrGate=PASS touch=FAIL momCandle= zeroRangeBar=NO trigger=NO hasPos=NO portRisk=0.00% openPos=0 | 1.371310
OH	0	09:19:42.917	Cazyxio_v4.3 (EURUSD,M15)	2026.03.17 15:19:42 | GATE_FAIL | USDCAD | No directional bias. h4slope=UP closeNow=1.37131 h4ema200=1.36661 dailyEMA200=1.38102
QM	0	09:22:03.347	Cazyxio_v4.3 (EURUSD,M15)	2026.03.17 15:22:03 | GATE_FAIL | GBPUSD | CopyBuffer failed for Daily EMA200.
EL	0	09:22:08.128	Cazyxio_v4.3 (EURUSD,M15)	2026.03.17 15:22:08 | HEARTBEAT | SYSTEM | EA alive. Tick=88600 Equity=44725.82 OpenPos=0 PendingOrders=0 UTC=2026.03.17 15:22 DayOfWeek=2 WeekendCloseActive=NO NewTradeBlocked=NO | 88600.000000
CN	0	09:23:02.293	Cazyxio_v4.3 (EURUSD,M15)	2026.03.17 15:23:02 | HEARTBEAT | SYSTEM | EA alive. Tick=88700 Equity=44725.82 OpenPos=0 PendingOrders=0 UTC=2026.03.17 15:23 DayOfWeek=2 WeekendCloseActive=NO NewTradeBlocked=NO | 88700.000000
EH	0	09:24:18.085	Cazyxio_v4.3 (EURUSD,M15)	2026.03.17 15:24:18 | HEARTBEAT | SYSTEM | EA alive. Tick=88800 Equity=44725.82 OpenPos=0 PendingOrders=0 UTC=2026.03.17 15:24 DayOfWeek=2 WeekendCloseActive=NO NewTradeBlocked=NO | 88800.000000
JJ	0	09:25:14.768	Cazyxio_v4.3 (EURUSD,M15)	2026.03.17 15:25:14 | HEARTBEAT | SYSTEM | EA alive. Tick=88900 Equity=44725.82 OpenPos=0 PendingOrders=0 UTC=2026.03.17 15:25 DayOfWeek=2 WeekendCloseActive=NO NewTradeBlocked=NO | 88900.000000
MD	0	09:26:04.421	Cazyxio_v4.3 (EURUSD,M15)	2026.03.17 15:26:04 | HEARTBEAT | SYSTEM | EA alive. Tick=89000 Equity=44725.82 OpenPos=0 PendingOrders=0 UTC=2026.03.17 15:26 DayOfWeek=2 WeekendCloseActive=NO NewTradeBlocked=NO | 89000.000000
EF	0	09:26:53.069	Cazyxio_v4.3 (EURUSD,M15)	2026.03.17 15:26:53 | HEARTBEAT | SYSTEM | EA alive. Tick=89100 Equity=44725.82 OpenPos=0 PendingOrders=0 UTC=2026.03.17 15:26 DayOfWeek=2 WeekendCloseActive=NO NewTradeBlocked=NO | 89100.000000
KP	0	09:27:59.703	Cazyxio_v4.3 (EURUSD,M15)	2026.03.17 15:27:59 | HEARTBEAT | SYSTEM | EA alive. Tick=89200 Equity=44725.82 OpenPos=0 PendingOrders=0 UTC=2026.03.17 15:27 DayOfWeek=2 WeekendCloseActive=NO NewTradeBlocked=NO | 89200.000000
GR	0	09:28:53.142	Cazyxio_v4.3 (EURUSD,M15)	2026.03.17 15:28:53 | HEARTBEAT | SYSTEM | EA alive. Tick=89300 Equity=44725.82 OpenPos=0 PendingOrders=0 UTC=2026.03.17 15:28 DayOfWeek=2 WeekendCloseActive=NO NewTradeBlocked=NO | 89300.000000
HL	0	09:29:38.766	Cazyxio_v4.3 (EURUSD,M15)	2026.03.17 15:29:38 | HEARTBEAT | SYSTEM | EA alive. Tick=89400 Equity=44725.82 OpenPos=0 PendingOrders=0 UTC=2026.03.17 15:29 DayOfWeek=2 WeekendCloseActive=NO NewTradeBlocked=NO | 89400.000000
PN	0	09:32:22.480	Cazyxio_v4.3 (EURUSD,M15)	2026.03.17 15:32:22 | GATE_FAIL | EURUSD | CopyBuffer failed for Daily EMA200.
GI	0	09:34:42.914	Cazyxio_v4.3 (EURUSD,M15)	2026.03.17 15:34:42 | GATE_FAIL | USDJPY | CopyBuffer failed for Daily EMA200.
OG	0	09:34:42.914	Cazyxio_v4.3 (EURUSD,M15)	2026.03.17 15:34:42 | BAR | AUDUSD | close=0.70892 h4ema200=0.70205 h4slope=UP dailyEMA200=0.67111 adx=40.2 ema50=0.70859 distToEMA50=3.3pips touchSeq=2 atr=0.000865 atrRatio=1.121 dir=LONG spread=18.0 spreadOK=YES atrGate=PASS touch=PASS momCandle=momClosePos=0.132 momOk=N ema50Ok=Y barRange=0.001140 zeroRangeBar=NO trigger=NO hasPos=NO portRisk=0.00% openPos=0 | 0.708920
RS	0	09:34:42.914	Cazyxio_v4.3 (EURUSD,M15)	2026.03.17 15:34:42 | GATE_FAIL | AUDUSD | Momentum candle FAIL. dir=LONG close=0.70892 ema50=0.70859 momClosePos=0.132 momOk=N ema50Ok=Y barRange=0.001140
LJ	0	09:34:42.914	Cazyxio_v4.3 (EURUSD,M15)	2026.03.17 15:34:42 | BAR | GBPJPY | close=212.151 h4ema200=210.920 h4slope=UP dailyEMA200=204.918 adx=19.4 ema50=212.006 distToEMA50=14.5pips touchSeq=1 atr=0.127571 atrRatio=1.175 dir=LONG spread=41.0 spreadOK=NO atrGate=PASS touch=PASS momCandle=momClosePos=0.451 momOk=N ema50Ok=Y barRange=0.184000 zeroRangeBar=NO trigger=NO hasPos=NO portRisk=0.00% openPos=0 | 212.151000
KP	0	09:34:42.914	Cazyxio_v4.3 (EURUSD,M15)	2026.03.17 15:34:42 | GATE_FAIL | GBPJPY | Spread too wide. Spread=41.0 Max=30 points.
KL	0	09:34:42.914	Cazyxio_v4.3 (EURUSD,M15)	2026.03.17 15:34:42 | BAR | USDCAD | close=1.37155 h4ema200=1.36662 h4slope=UP dailyEMA200=1.38102 adx=29.4 ema50=1.36948 distToEMA50=20.7pips touchSeq=0 atr=0.000999 atrRatio=1.574 dir=NONE spread=26.0 spreadOK=YES atrGate=PASS touch=FAIL momCandle= zeroRangeBar=NO trigger=NO hasPos=NO portRisk=0.00% openPos=0 | 1.371550
IM	0	09:34:42.914	Cazyxio_v4.3 (EURUSD,M15)	2026.03.17 15:34:42 | GATE_FAIL | USDCAD | No directional bias. h4slope=UP closeNow=1.37155 h4ema200=1.36662 dailyEMA200=1.38102
QQ	0	09:37:03.855	Cazyxio_v4.3 (EURUSD,M15)	2026.03.17 15:37:03 | GATE_FAIL | GBPUSD | CopyBuffer failed for Daily EMA200.
MS	0	09:37:19.593	Cazyxio_v4.3 (EURUSD,M15)	2026.03.17 15:37:19 | HEARTBEAT | SYSTEM | EA alive. Tick=89500 Equity=44725.82 OpenPos=0 PendingOrders=0 UTC=2026.03.17 15:37 DayOfWeek=2 WeekendCloseActive=NO NewTradeBlocked=NO | 89500.000000
MM	0	09:38:07.426	Cazyxio_v4.3 (EURUSD,M15)	2026.03.17 15:38:07 | HEARTBEAT | SYSTEM | EA alive. Tick=89600 Equity=44725.82 OpenPos=0 PendingOrders=0 UTC=2026.03.17 15:38 DayOfWeek=2 WeekendCloseActive=NO NewTradeBlocked=NO | 89600.000000
LO	0	09:39:03.211	Cazyxio_v4.3 (EURUSD,M15)	2026.03.17 15:39:03 | HEARTBEAT | SYSTEM | EA alive. Tick=89700 Equity=44725.82 OpenPos=0 PendingOrders=0 UTC=2026.03.17 15:39 DayOfWeek=2 WeekendCloseActive=NO NewTradeBlocked=NO | 89700.000000
PI	0	09:40:06.448	Cazyxio_v4.3 (EURUSD,M15)	2026.03.17 15:40:06 | HEARTBEAT | SYSTEM | EA alive. Tick=89800 Equity=44725.82 OpenPos=0 PendingOrders=0 UTC=2026.03.17 15:40 DayOfWeek=2 WeekendCloseActive=NO NewTradeBlocked=NO | 89800.000000
IK	0	09:41:13.714	Cazyxio_v4.3 (EURUSD,M15)	2026.03.17 15:41:13 | HEARTBEAT | SYSTEM | EA alive. Tick=89900 Equity=44725.82 OpenPos=0 PendingOrders=0 UTC=2026.03.17 15:41 DayOfWeek=2 WeekendCloseActive=NO NewTradeBlocked=NO | 89900.000000
CE	0	09:41:59.224	Cazyxio_v4.3 (EURUSD,M15)	2026.03.17 15:41:59 | HEARTBEAT | SYSTEM | EA alive. Tick=90000 Equity=44725.82 OpenPos=0 PendingOrders=0 UTC=2026.03.17 15:41 DayOfWeek=2 WeekendCloseActive=NO NewTradeBlocked=NO | 90000.000000
EG	0	09:43:09.620	Cazyxio_v4.3 (EURUSD,M15)	2026.03.17 15:43:09 | HEARTBEAT | SYSTEM | EA alive. Tick=90100 Equity=44725.82 OpenPos=0 PendingOrders=0 UTC=2026.03.17 15:43 DayOfWeek=2 WeekendCloseActive=NO NewTradeBlocked=NO | 90100.000000
EQ	0	09:44:08.773	Cazyxio_v4.3 (EURUSD,M15)	2026.03.17 15:44:08 | HEARTBEAT | SYSTEM | EA alive. Tick=90200 Equity=44725.82 OpenPos=0 PendingOrders=0 UTC=2026.03.17 15:44 DayOfWeek=2 WeekendCloseActive=NO NewTradeBlocked=NO | 90200.000000
QR	0	09:47:25.055	Cazyxio_v4.3 (EURUSD,M15)	2026.03.17 15:47:25 | GATE_FAIL | GBPUSD | CopyBuffer failed for Daily EMA200.
JS	0	09:49:45.420	Cazyxio_v4.3 (EURUSD,M15)	2026.03.17 15:49:45 | GATE_FAIL | EURUSD | CopyBuffer failed for Daily EMA200.
MR	0	09:52:05.763	Cazyxio_v4.3 (EURUSD,M15)	2026.03.17 15:52:05 | GATE_FAIL | USDJPY | CopyBuffer failed for Daily EMA200.
NQ	0	09:52:05.763	Cazyxio_v4.3 (EURUSD,M15)	2026.03.17 15:52:05 | BAR | AUDUSD | close=0.70913 h4ema200=0.70206 h4slope=UP dailyEMA200=0.67112 adx=40.0 ema50=0.70864 distToEMA50=4.9pips touchSeq=3 atr=0.000886 atrRatio=1.146 dir=LONG spread=20.0 spreadOK=YES atrGate=PASS touch=PASS momCandle=momClosePos=0.716 momOk=Y ema50Ok=Y barRange=0.001020 zeroRangeBar=NO trigger=YES hasPos=NO portRisk=0.00% openPos=0 | 0.709130
DD	0	09:52:05.763	Cazyxio_v4.3 (EURUSD,M15)	2026.03.17 15:52:05 | SIGNAL | AUDUSD | VALID SIGNAL (LIMIT): LONG limitPrice=0.70860 sl=0.70718 tp=0.71356 stopDist=0.00142 lots=1.57 riskPct=0.50 R:R=1:3.50 ema50=0.70864 dailyEMA200=0.67112 adx=40.0 distToLimit=11.3pips expiresIn=4bars touchSeq=3 | 0.708600
DF	0	09:52:05.891	Cazyxio_v4.3 (EURUSD,M15)	2026.03.17 15:52:05 | LIMIT_PLACED | AUDUSD | BUY_LIMIT lots=1.57 limitPrice=0.70860 sl=0.70718 tp=0.71356 expiresIn=4bars ticket=4543773 FallbackEnabled=YES | 1.570000
MH	0	09:52:05.891	Cazyxio_v4.3 (EURUSD,M15)	2026.03.17 15:52:05 | BAR | GBPJPY | close=212.191 h4ema200=210.920 h4slope=UP dailyEMA200=204.918 adx=19.4 ema50=212.014 distToEMA50=17.7pips touchSeq=0 atr=0.124571 atrRatio=1.146 dir=LONG spread=43.0 spreadOK=NO atrGate=PASS touch=PASS momCandle=momClosePos=0.917 momOk=Y ema50Ok=Y barRange=0.060000 zeroRangeBar=NO trigger=YES hasPos=NO portRisk=0.00% openPos=0 | 212.191000
KF	0	09:52:05.891	Cazyxio_v4.3 (EURUSD,M15)	2026.03.17 15:52:05 | GATE_FAIL | GBPJPY | Spread too wide. Spread=43.0 Max=30 points.
QI	0	09:52:05.891	Cazyxio_v4.3 (EURUSD,M15)	2026.03.17 15:52:05 | BAR | USDCAD | close=1.37124 h4ema200=1.36661 h4slope=UP dailyEMA200=1.38101 adx=29.4 ema50=1.36952 distToEMA50=17.2pips touchSeq=0 atr=0.000959 atrRatio=1.510 dir=NONE spread=26.0 spreadOK=YES atrGate=PASS touch=FAIL momCandle= zeroRangeBar=NO trigger=NO hasPos=NO portRisk=0.00% openPos=0 | 1.371240
QH	0	09:52:05.891	Cazyxio_v4.3 (EURUSD,M15)	2026.03.17 15:52:05 | GATE_FAIL | USDCAD | No directional bias. h4slope=UP closeNow=1.37124 h4ema200=1.36661 dailyEMA200=1.38101
FM	0	09:52:16.961	Cazyxio_v4.3 (EURUSD,M15)	2026.03.17 15:52:16 | HEARTBEAT | SYSTEM | EA alive. Tick=90300 Equity=44725.82 OpenPos=0 PendingOrders=1 UTC=2026.03.17 15:52 DayOfWeek=2 WeekendCloseActive=NO NewTradeBlocked=NO | 90300.000000
MO	0	09:53:05.512	Cazyxio_v4.3 (EURUSD,M15)	2026.03.17 15:53:05 | HEARTBEAT | SYSTEM | EA alive. Tick=90400 Equity=44725.82 OpenPos=0 PendingOrders=1 UTC=2026.03.17 15:53 DayOfWeek=2 WeekendCloseActive=NO NewTradeBlocked=NO | 90400.000000
OI	0	09:53:52.044	Cazyxio_v4.3 (EURUSD,M15)	2026.03.17 15:53:52 | HEARTBEAT | SYSTEM | EA alive. Tick=90500 Equity=44725.82 OpenPos=0 PendingOrders=1 UTC=2026.03.17 15:53 DayOfWeek=2 WeekendCloseActive=NO NewTradeBlocked=NO | 90500.000000
QK	0	09:54:32.533	Cazyxio_v4.3 (EURUSD,M15)	2026.03.17 15:54:32 | HEARTBEAT | SYSTEM | EA alive. Tick=90600 Equity=44725.82 OpenPos=0 PendingOrders=1 UTC=2026.03.17 15:54 DayOfWeek=2 WeekendCloseActive=NO NewTradeBlocked=NO | 90600.000000
HE	0	09:55:13.924	Cazyxio_v4.3 (EURUSD,M15)	2026.03.17 15:55:13 | HEARTBEAT | SYSTEM | EA alive. Tick=90700 Equity=44725.82 OpenPos=0 PendingOrders=1 UTC=2026.03.17 15:55 DayOfWeek=2 WeekendCloseActive=NO NewTradeBlocked=NO | 90700.000000
MG	0	09:55:52.635	Cazyxio_v4.3 (EURUSD,M15)	2026.03.17 15:55:52 | HEARTBEAT | SYSTEM | EA alive. Tick=90800 Equity=44725.82 OpenPos=0 PendingOrders=1 UTC=2026.03.17 15:55 DayOfWeek=2 WeekendCloseActive=NO NewTradeBlocked=NO | 90800.000000
QQ	0	09:56:27.263	Cazyxio_v4.3 (EURUSD,M15)	2026.03.17 15:56:27 | HEARTBEAT | SYSTEM | EA alive. Tick=90900 Equity=44725.82 OpenPos=0 PendingOrders=1 UTC=2026.03.17 15:56 DayOfWeek=2 WeekendCloseActive=NO NewTradeBlocked=NO | 90900.000000
OS	0	09:57:06.675	Cazyxio_v4.3 (EURUSD,M15)	2026.03.17 15:57:06 | HEARTBEAT | SYSTEM | EA alive. Tick=91000 Equity=44725.82 OpenPos=0 PendingOrders=1 UTC=2026.03.17 15:57 DayOfWeek=2 WeekendCloseActive=NO NewTradeBlocked=NO | 91000.000000
EM	0	09:57:42.921	Cazyxio_v4.3 (EURUSD,M15)	2026.03.17 15:57:42 | HEARTBEAT | SYSTEM | EA alive. Tick=91100 Equity=44725.82 OpenPos=0 PendingOrders=1 UTC=2026.03.17 15:57 DayOfWeek=2 WeekendCloseActive=NO NewTradeBlocked=NO | 91100.000000
CO	0	09:58:23.623	Cazyxio_v4.3 (EURUSD,M15)	2026.03.17 15:58:23 | HEARTBEAT | SYSTEM | EA alive. Tick=91200 Equity=44725.82 OpenPos=0 PendingOrders=1 UTC=2026.03.17 15:58 DayOfWeek=2 WeekendCloseActive=NO NewTradeBlocked=NO | 91200.000000
II	0	09:59:11.312	Cazyxio_v4.3 (EURUSD,M15)	2026.03.17 15:59:11 | HEARTBEAT | SYSTEM | EA alive. Tick=91300 Equity=44725.82 OpenPos=0 PendingOrders=1 UTC=2026.03.17 15:59 DayOfWeek=2 WeekendCloseActive=NO NewTradeBlocked=NO | 91300.000000
EK	0	09:59:53.488	Cazyxio_v4.3 (EURUSD,M15)	2026.03.17 15:59:53 | HEARTBEAT | SYSTEM | EA alive. Tick=91400 Equity=44725.82 OpenPos=0 PendingOrders=1 UTC=2026.03.17 15:59 DayOfWeek=2 WeekendCloseActive=NO NewTradeBlocked=NO | 91400.000000
KD	0	10:02:22.722	Cazyxio_v4.3 (EURUSD,M15)	2026.03.17 16:02:22 | GATE_FAIL | GBPUSD | CopyBuffer failed for Daily EMA200.
RD	0	10:04:43.179	Cazyxio_v4.3 (EURUSD,M15)	2026.03.17 16:04:43 | GATE_FAIL | EURUSD | CopyBuffer failed for Daily EMA200.
KD	0	10:07:03.537	Cazyxio_v4.3 (EURUSD,M15)	2026.03.17 16:07:03 | GATE_FAIL | USDJPY | CopyBuffer failed for Daily EMA200.
GK	0	10:07:03.537	Cazyxio_v4.3 (EURUSD,M15)	2026.03.17 16:07:03 | LIMIT_PENDING | AUDUSD | Limit order still pending. BarsRemaining=3 LimitPrice=0.70860 CurrentPrice=0.70978 DistToLimit=11.8pips Ticket=4543773
FS	0	10:07:03.537	Cazyxio_v4.3 (EURUSD,M15)	2026.03.17 16:07:03 | BAR | GBPJPY | close=212.175 h4ema200=210.919 h4slope=UP dailyEMA200=204.918 adx=19.4 ema50=212.019 distToEMA50=15.6pips touchSeq=0 atr=0.122857 atrRatio=1.129 dir=LONG spread=36.0 spreadOK=NO atrGate=PASS touch=PASS momCandle=momClosePos=0.422 momOk=N ema50Ok=Y barRange=0.102000 zeroRangeBar=NO trigger=NO hasPos=NO portRisk=0.00% openPos=0 | 212.175000
EH	0	10:07:03.537	Cazyxio_v4.3 (EURUSD,M15)	2026.03.17 16:07:03 | GATE_FAIL | GBPJPY | Spread too wide. Spread=36.0 Max=30 points.
HG	0	10:07:03.537	Cazyxio_v4.3 (EURUSD,M15)	2026.03.17 16:07:03 | BAR | USDCAD | close=1.37060 h4ema200=1.36661 h4slope=UP dailyEMA200=1.38101 adx=29.4 ema50=1.36956 distToEMA50=10.4pips touchSeq=1 atr=0.000986 atrRatio=1.553 dir=NONE spread=24.0 spreadOK=YES atrGate=PASS touch=FAIL momCandle= zeroRangeBar=NO trigger=NO hasPos=NO portRisk=0.00% openPos=0 | 1.370600
FR	0	10:07:03.537	Cazyxio_v4.3 (EURUSD,M15)	2026.03.17 16:07:03 | GATE_FAIL | USDCAD | No directional bias. h4slope=UP closeNow=1.37060 h4ema200=1.36661 dailyEMA200=1.38101
KK	0	10:08:03.149	Cazyxio_v4.3 (EURUSD,M15)	2026.03.17 16:08:03 | HEARTBEAT | SYSTEM | EA alive. Tick=91500 Equity=44725.82 OpenPos=0 PendingOrders=1 UTC=2026.03.17 16:08 DayOfWeek=2 WeekendCloseActive=NO NewTradeBlocked=NO | 91500.000000
IE	0	10:08:54.064	Cazyxio_v4.3 (EURUSD,M15)	2026.03.17 16:08:54 | HEARTBEAT | SYSTEM | EA alive. Tick=91600 Equity=44725.82 OpenPos=0 PendingOrders=1 UTC=2026.03.17 16:08 DayOfWeek=2 WeekendCloseActive=NO NewTradeBlocked=NO | 91600.000000
DG	0	10:09:36.141	Cazyxio_v4.3 (EURUSD,M15)	2026.03.17 16:09:36 | HEARTBEAT | SYSTEM | EA alive. Tick=91700 Equity=44725.82 OpenPos=0 PendingOrders=1 UTC=2026.03.17 16:09 DayOfWeek=2 WeekendCloseActive=NO NewTradeBlocked=NO | 91700.000000
QQ	0	10:10:06.311	Cazyxio_v4.3 (EURUSD,M15)	2026.03.17 16:10:06 | HEARTBEAT | SYSTEM | EA alive. Tick=91800 Equity=44725.82 OpenPos=0 PendingOrders=1 UTC=2026.03.17 16:10 DayOfWeek=2 WeekendCloseActive=NO NewTradeBlocked=NO | 91800.000000
CS	0	10:10:46.739	Cazyxio_v4.3 (EURUSD,M15)	2026.03.17 16:10:46 | HEARTBEAT | SYSTEM | EA alive. Tick=91900 Equity=44725.82 OpenPos=0 PendingOrders=1 UTC=2026.03.17 16:10 DayOfWeek=2 WeekendCloseActive=NO NewTradeBlocked=NO | 91900.000000
GM	0	10:11:23.967	Cazyxio_v4.3 (EURUSD,M15)	2026.03.17 16:11:23 | HEARTBEAT | SYSTEM | EA alive. Tick=92000 Equity=44725.82 OpenPos=0 PendingOrders=1 UTC=2026.03.17 16:11 DayOfWeek=2 WeekendCloseActive=NO NewTradeBlocked=NO | 92000.000000
CO	0	10:12:04.359	Cazyxio_v4.3 (EURUSD,M15)	2026.03.17 16:12:04 | HEARTBEAT | SYSTEM | EA alive. Tick=92100 Equity=44725.82 OpenPos=0 PendingOrders=1 UTC=2026.03.17 16:12 DayOfWeek=2 WeekendCloseActive=NO NewTradeBlocked=NO | 92100.000000
RI	0	10:12:56.563	Cazyxio_v4.3 (EURUSD,M15)	2026.03.17 16:12:56 | HEARTBEAT | SYSTEM | EA alive. Tick=92200 Equity=44725.82 OpenPos=0 PendingOrders=1 UTC=2026.03.17 16:12 DayOfWeek=2 WeekendCloseActive=NO NewTradeBlocked=NO | 92200.000000
IK	0	10:14:02.780	Cazyxio_v4.3 (EURUSD,M15)	2026.03.17 16:14:02 | HEARTBEAT | SYSTEM | EA alive. Tick=92300 Equity=44725.82 OpenPos=0 PendingOrders=1 UTC=2026.03.17 16:14 DayOfWeek=2 WeekendCloseActive=NO NewTradeBlocked=NO | 92300.000000
JE	0	10:17:23.625	Cazyxio_v4.3 (EURUSD,M15)	2026.03.17 16:17:23 | GATE_FAIL | EURUSD | CopyBuffer failed for Daily EMA200.
RE	0	10:19:44.033	Cazyxio_v4.3 (EURUSD,M15)	2026.03.17 16:19:44 | GATE_FAIL | USDJPY | CopyBuffer failed for Daily EMA200.
KH	0	10:19:44.033	Cazyxio_v4.3 (EURUSD,M15)	2026.03.17 16:19:44 | LIMIT_PENDING | AUDUSD | Limit order still pending. BarsRemaining=2 LimitPrice=0.70860 CurrentPrice=0.71039 DistToLimit=17.9pips Ticket=4543773
HS	0	10:19:44.033	Cazyxio_v4.3 (EURUSD,M15)	2026.03.17 16:19:44 | BAR | GBPJPY | close=212.137 h4ema200=210.920 h4slope=UP dailyEMA200=204.918 adx=19.4 ema50=212.024 distToEMA50=11.3pips touchSeq=1 atr=0.115357 atrRatio=1.061 dir=LONG spread=35.0 spreadOK=NO atrGate=PASS touch=PASS momCandle=momClosePos=0.283 momOk=N ema50Ok=Y barRange=0.053000 zeroRangeBar=NO trigger=NO hasPos=NO portRisk=0.00% openPos=0 | 212.137000
QH	0	10:19:44.033	Cazyxio_v4.3 (EURUSD,M15)	2026.03.17 16:19:44 | GATE_FAIL | GBPJPY | Spread too wide. Spread=35.0 Max=30 points.
JD	0	10:19:44.033	Cazyxio_v4.3 (EURUSD,M15)	2026.03.17 16:19:44 | BAR | USDCAD | close=1.37064 h4ema200=1.36660 h4slope=UP dailyEMA200=1.38100 adx=29.4 ema50=1.36957 distToEMA50=10.7pips touchSeq=2 atr=0.001048 atrRatio=1.647 dir=NONE spread=24.0 spreadOK=YES atrGate=PASS touch=FAIL momCandle= zeroRangeBar=NO trigger=NO hasPos=NO portRisk=0.00% openPos=0 | 1.370640
OE	0	10:19:44.033	Cazyxio_v4.3 (EURUSD,M15)	2026.03.17 16:19:44 | GATE_FAIL | USDCAD | No directional bias. h4slope=UP closeNow=1.37064 h4ema200=1.36660 dailyEMA200=1.38100
QI	0	10:22:04.603	Cazyxio_v4.3 (EURUSD,M15)	2026.03.17 16:22:04 | GATE_FAIL | GBPUSD | CopyBuffer failed for Daily EMA200.
KK	0	10:22:13.341	Cazyxio_v4.3 (EURUSD,M15)	2026.03.17 16:22:13 | HEARTBEAT | SYSTEM | EA alive. Tick=92400 Equity=44725.82 OpenPos=0 PendingOrders=1 UTC=2026.03.17 16:22 DayOfWeek=2 WeekendCloseActive=NO NewTradeBlocked=NO | 92400.000000
JE	0	10:23:18.338	Cazyxio_v4.3 (EURUSD,M15)	2026.03.17 16:23:18 | HEARTBEAT | SYSTEM | EA alive. Tick=92500 Equity=44725.82 OpenPos=0 PendingOrders=1 UTC=2026.03.17 16:23 DayOfWeek=2 WeekendCloseActive=NO NewTradeBlocked=NO | 92500.000000
JG	0	10:24:31.348	Cazyxio_v4.3 (EURUSD,M15)	2026.03.17 16:24:31 | HEARTBEAT | SYSTEM | EA alive. Tick=92600 Equity=44725.82 OpenPos=0 PendingOrders=1 UTC=2026.03.17 16:24 DayOfWeek=2 WeekendCloseActive=NO NewTradeBlocked=NO | 92600.000000
IQ	0	10:25:41.186	Cazyxio_v4.3 (EURUSD,M15)	2026.03.17 16:25:41 | HEARTBEAT | SYSTEM | EA alive. Tick=92700 Equity=44725.82 OpenPos=0 PendingOrders=1 UTC=2026.03.17 16:25 DayOfWeek=2 WeekendCloseActive=NO NewTradeBlocked=NO | 92700.000000
NS	0	10:26:54.616	Cazyxio_v4.3 (EURUSD,M15)	2026.03.17 16:26:54 | HEARTBEAT | SYSTEM | EA alive. Tick=92800 Equity=44725.82 OpenPos=0 PendingOrders=1 UTC=2026.03.17 16:26 DayOfWeek=2 WeekendCloseActive=NO NewTradeBlocked=NO | 92800.000000
MM	0	10:28:03.970	Cazyxio_v4.3 (EURUSD,M15)	2026.03.17 16:28:03 | HEARTBEAT | SYSTEM | EA alive. Tick=92900 Equity=44725.82 OpenPos=0 PendingOrders=1 UTC=2026.03.17 16:28 DayOfWeek=2 WeekendCloseActive=NO NewTradeBlocked=NO | 92900.000000
HO	0	10:29:11.330	Cazyxio_v4.3 (EURUSD,M15)	2026.03.17 16:29:11 | HEARTBEAT | SYSTEM | EA alive. Tick=93000 Equity=44725.82 OpenPos=0 PendingOrders=1 UTC=2026.03.17 16:29 DayOfWeek=2 WeekendCloseActive=NO NewTradeBlocked=NO | 93000.000000
GH	0	10:32:22.623	Cazyxio_v4.3 (EURUSD,M15)	2026.03.17 16:32:22 | GATE_FAIL | GBPUSD | CopyBuffer failed for Daily EMA200.
DI	0	10:34:43.049	Cazyxio_v4.3 (EURUSD,M15)	2026.03.17 16:34:43 | GATE_FAIL | EURUSD | CopyBuffer failed for Daily EMA200.
OH	0	10:37:03.494	Cazyxio_v4.3 (EURUSD,M15)	2026.03.17 16:37:03 | GATE_FAIL | USDJPY | CopyBuffer failed for Daily EMA200.
KD	0	10:37:03.494	Cazyxio_v4.3 (EURUSD,M15)	2026.03.17 16:37:03 | LIMIT_PENDING | AUDUSD | Limit order still pending. BarsRemaining=1 LimitPrice=0.70860 CurrentPrice=0.71039 DistToLimit=17.9pips Ticket=4543773
ID	0	10:37:03.494	Cazyxio_v4.3 (EURUSD,M15)	2026.03.17 16:37:03 | BAR | GBPJPY | close=212.062 h4ema200=210.918 h4slope=UP dailyEMA200=204.917 adx=19.4 ema50=212.021 distToEMA50=4.1pips touchSeq=2 atr=0.115429 atrRatio=1.061 dir=LONG spread=41.0 spreadOK=NO atrGate=PASS touch=PASS momCandle=momClosePos=0.061 momOk=N ema50Ok=Y barRange=0.148000 zeroRangeBar=NO trigger=NO hasPos=NO portRisk=0.00% openPos=0 | 212.062000
OD	0	10:37:03.494	Cazyxio_v4.3 (EURUSD,M15)	2026.03.17 16:37:03 | GATE_FAIL | GBPJPY | Spread too wide. Spread=41.0 Max=30 points.
KH	0	10:37:03.494	Cazyxio_v4.3 (EURUSD,M15)	2026.03.17 16:37:03 | BAR | USDCAD | close=1.37028 h4ema200=1.36661 h4slope=UP dailyEMA200=1.38101 adx=29.4 ema50=1.36961 distToEMA50=6.7pips touchSeq=3 atr=0.001041 atrRatio=1.635 dir=NONE spread=25.0 spreadOK=YES atrGate=PASS touch=FAIL momCandle= zeroRangeBar=NO trigger=NO hasPos=NO portRisk=0.00% openPos=0 | 1.370280
IF	0	10:37:03.495	Cazyxio_v4.3 (EURUSD,M15)	2026.03.17 16:37:03 | GATE_FAIL | USDCAD | No directional bias. h4slope=UP closeNow=1.37028 h4ema200=1.36661 dailyEMA200=1.38101
LO	0	10:37:07.634	Cazyxio_v4.3 (EURUSD,M15)	2026.03.17 16:37:07 | HEARTBEAT | SYSTEM | EA alive. Tick=93100 Equity=44725.82 OpenPos=0 PendingOrders=1 UTC=2026.03.17 16:37 DayOfWeek=2 WeekendCloseActive=NO NewTradeBlocked=NO | 93100.000000
HI	0	10:38:13.929	Cazyxio_v4.3 (EURUSD,M15)	2026.03.17 16:38:13 | HEARTBEAT | SYSTEM | EA alive. Tick=93200 Equity=44725.82 OpenPos=0 PendingOrders=1 UTC=2026.03.17 16:38 DayOfWeek=2 WeekendCloseActive=NO NewTradeBlocked=NO | 93200.000000
FK	0	10:39:23.162	Cazyxio_v4.3 (EURUSD,M15)	2026.03.17 16:39:23 | HEARTBEAT | SYSTEM | EA alive. Tick=93300 Equity=44725.82 OpenPos=0 PendingOrders=1 UTC=2026.03.17 16:39 DayOfWeek=2 WeekendCloseActive=NO NewTradeBlocked=NO | 93300.000000
RE	0	10:40:23.711	Cazyxio_v4.3 (EURUSD,M15)	2026.03.17 16:40:23 | HEARTBEAT | SYSTEM | EA alive. Tick=93400 Equity=44725.82 OpenPos=0 PendingOrders=1 UTC=2026.03.17 16:40 DayOfWeek=2 WeekendCloseActive=NO NewTradeBlocked=NO | 93400.000000
RG	0	10:41:11.125	Cazyxio_v4.3 (EURUSD,M15)	2026.03.17 16:41:11 | HEARTBEAT | SYSTEM | EA alive. Tick=93500 Equity=44725.82 OpenPos=0 PendingOrders=1 UTC=2026.03.17 16:41 DayOfWeek=2 WeekendCloseActive=NO NewTradeBlocked=NO | 93500.000000
MQ	0	10:42:28.176	Cazyxio_v4.3 (EURUSD,M15)	2026.03.17 16:42:28 | HEARTBEAT | SYSTEM | EA alive. Tick=93600 Equity=44725.82 OpenPos=0 PendingOrders=1 UTC=2026.03.17 16:42 DayOfWeek=2 WeekendCloseActive=NO NewTradeBlocked=NO | 93600.000000
KS	0	10:43:24.021	Cazyxio_v4.3 (EURUSD,M15)	2026.03.17 16:43:24 | HEARTBEAT | SYSTEM | EA alive. Tick=93700 Equity=44725.82 OpenPos=0 PendingOrders=1 UTC=2026.03.17 16:43 DayOfWeek=2 WeekendCloseActive=NO NewTradeBlocked=NO | 93700.000000
PM	0	10:44:35.504	Cazyxio_v4.3 (EURUSD,M15)	2026.03.17 16:44:35 | HEARTBEAT | SYSTEM | EA alive. Tick=93800 Equity=44725.82 OpenPos=0 PendingOrders=1 UTC=2026.03.17 16:44 DayOfWeek=2 WeekendCloseActive=NO NewTradeBlocked=NO | 93800.000000
LN	0	10:47:24.181	Cazyxio_v4.3 (EURUSD,M15)	2026.03.17 16:47:24 | GATE_FAIL | GBPUSD | CopyBuffer failed for Daily EMA200.
RO	0	10:49:44.537	Cazyxio_v4.3 (EURUSD,M15)	2026.03.17 16:49:44 | GATE_FAIL | EURUSD | CopyBuffer failed for Daily EMA200.
KN	0	10:52:04.906	Cazyxio_v4.3 (EURUSD,M15)	2026.03.17 16:52:04 | GATE_FAIL | USDJPY | CopyBuffer failed for Daily EMA200.
FO	0	10:52:04.906	Cazyxio_v4.3 (EURUSD,M15)	2026.03.17 16:52:04 | LIMIT_EXPIRED | AUDUSD | Limit order expired (unfilled after 4 bars). LimitPrice=0.70860 CurrentPrice=0.71064 DistanceFromLimit=20.4pips Ticket=4543773
QH	0	10:52:05.034	Cazyxio_v4.3 (EURUSD,M15)	2026.03.17 16:52:05 | LIMIT_CANCELLED | AUDUSD | Pending limit order cancelled. Reason=EXPIRY Ticket=4543773 LimitPrice=0.70860
IN	0	10:52:05.034	Cazyxio_v4.3 (EURUSD,M15)	2026.03.17 16:52:05 | FALLBACK_SKIP | AUDUSD | Limit expired. Fallback skipped — price too far from EMA50. DistFromEMA=20.0pips MaxDist=8.9pips
CJ	0	10:52:05.034	Cazyxio_v4.3 (EURUSD,M15)	2026.03.17 16:52:05 | BAR | GBPJPY | close=212.128 h4ema200=210.919 h4slope=UP dailyEMA200=204.918 adx=19.4 ema50=212.028 distToEMA50=10.0pips touchSeq=3 atr=0.114786 atrRatio=1.056 dir=LONG spread=40.0 spreadOK=NO atrGate=PASS touch=PASS momCandle=momClosePos=0.904 momOk=Y ema50Ok=Y barRange=0.136000 zeroRangeBar=NO trigger=YES hasPos=NO portRisk=0.00% openPos=0 | 212.128000
PD	0	10:52:05.034	Cazyxio_v4.3 (EURUSD,M15)	2026.03.17 16:52:05 | GATE_FAIL | GBPJPY | Spread too wide. Spread=40.0 Max=30 points.
LK	0	10:52:05.034	Cazyxio_v4.3 (EURUSD,M15)	2026.03.17 16:52:05 | BAR | USDCAD | close=1.37006 h4ema200=1.36660 h4slope=UP dailyEMA200=1.38100 adx=29.4 ema50=1.36961 distToEMA50=4.5pips touchSeq=4 atr=0.001017 atrRatio=1.598 dir=NONE spread=24.0 spreadOK=YES atrGate=PASS touch=FAIL momCandle= zeroRangeBar=NO trigger=NO hasPos=NO portRisk=0.00% openPos=0 | 1.370060
NI	0	10:52:05.034	Cazyxio_v4.3 (EURUSD,M15)	2026.03.17 16:52:05 | GATE_FAIL | USDCAD | No directional bias. h4slope=UP closeNow=1.37006 h4ema200=1.36660 dailyEMA200=1.38100
LO	0	10:52:56.104	Cazyxio_v4.3 (EURUSD,M15)	2026.03.17 16:52:56 | HEARTBEAT | SYSTEM | EA alive. Tick=93900 Equity=44725.82 OpenPos=0 PendingOrders=0 UTC=2026.03.17 16:52 DayOfWeek=2 WeekendCloseActive=NO NewTradeBlocked=NO | 93900.000000
OI	0	10:54:38.776	Cazyxio_v4.3 (EURUSD,M15)	2026.03.17 16:54:38 | HEARTBEAT | SYSTEM | EA alive. Tick=94000 Equity=44725.82 OpenPos=0 PendingOrders=0 UTC=2026.03.17 16:54 DayOfWeek=2 WeekendCloseActive=NO NewTradeBlocked=NO | 94000.000000
OK	0	10:56:20.602	Cazyxio_v4.3 (EURUSD,M15)	2026.03.17 16:56:20 | HEARTBEAT | SYSTEM | EA alive. Tick=94100 Equity=44725.82 OpenPos=0 PendingOrders=0 UTC=2026.03.17 16:56 DayOfWeek=2 WeekendCloseActive=NO NewTradeBlocked=NO | 94100.000000
PE	0	10:57:59.488	Cazyxio_v4.3 (EURUSD,M15)	2026.03.17 16:57:59 | HEARTBEAT | SYSTEM | EA alive. Tick=94200 Equity=44725.82 OpenPos=0 PendingOrders=0 UTC=2026.03.17 16:57 DayOfWeek=2 WeekendCloseActive=NO NewTradeBlocked=NO | 94200.000000
HG	0	10:59:49.525	Cazyxio_v4.3 (EURUSD,M15)	2026.03.17 16:59:49 | HEARTBEAT | SYSTEM | EA alive. Tick=94300 Equity=44725.82 OpenPos=0 PendingOrders=0 UTC=2026.03.17 16:59 DayOfWeek=2 WeekendCloseActive=NO NewTradeBlocked=NO | 94300.000000
RQ	0	11:02:22.825	Cazyxio_v4.3 (EURUSD,M15)	2026.03.17 17:02:22 | GATE_FAIL | EURUSD | CopyBuffer failed for Daily EMA200.
KQ	0	11:04:43.199	Cazyxio_v4.3 (EURUSD,M15)	2026.03.17 17:04:43 | GATE_FAIL | USDJPY | CopyBuffer failed for Daily EMA200.
FM	0	11:04:43.199	Cazyxio_v4.3 (EURUSD,M15)	2026.03.17 17:04:43 | BAR | AUDUSD | close=0.71017 h4ema200=0.70215 h4slope=UP dailyEMA200=0.67113 adx=42.6 ema50=0.70895 distToEMA50=12.2pips touchSeq=0 atr=0.000854 atrRatio=1.096 dir=LONG spread=18.0 spreadOK=YES atrGate=PASS touch=PASS momCandle=momClosePos=0.102 momOk=N ema50Ok=Y barRange=0.000490 zeroRangeBar=NO trigger=NO hasPos=NO portRisk=0.00% openPos=0 | 0.710170
FK	0	11:04:43.199	Cazyxio_v4.3 (EURUSD,M15)	2026.03.17 17:04:43 | GATE_FAIL | AUDUSD | Momentum candle FAIL. dir=LONG close=0.71017 ema50=0.70895 momClosePos=0.102 momOk=N ema50Ok=Y barRange=0.000490
CS	0	11:04:43.199	Cazyxio_v4.3 (EURUSD,M15)	2026.03.17 17:04:43 | BAR | GBPJPY | close=212.134 h4ema200=210.932 h4slope=UP dailyEMA200=204.918 adx=19.2 ema50=212.034 distToEMA50=10.0pips touchSeq=4 atr=0.107643 atrRatio=0.992 dir=LONG spread=38.0 spreadOK=NO atrGate=PASS touch=PASS momCandle=momClosePos=0.379 momOk=N ema50Ok=Y barRange=0.058000 zeroRangeBar=NO trigger=NO hasPos=NO portRisk=0.00% openPos=0 | 212.134000
GH	0	11:04:43.199	Cazyxio_v4.3 (EURUSD,M15)	2026.03.17 17:04:43 | GATE_FAIL | GBPJPY | Spread too wide. Spread=38.0 Max=30 points.
RG	0	11:04:43.200	Cazyxio_v4.3 (EURUSD,M15)	2026.03.17 17:04:43 | BAR | USDCAD | close=1.36999 h4ema200=1.36663 h4slope=UP dailyEMA200=1.38100 adx=30.7 ema50=1.36961 distToEMA50=3.8pips touchSeq=5 atr=0.000987 atrRatio=1.550 dir=NONE spread=21.0 spreadOK=YES atrGate=PASS touch=FAIL momCandle= zeroRangeBar=NO trigger=NO hasPos=NO portRisk=0.00% openPos=0 | 1.369990
FE	0	11:04:43.200	Cazyxio_v4.3 (EURUSD,M15)	2026.03.17 17:04:43 | GATE_FAIL | USDCAD | No directional bias. h4slope=UP closeNow=1.36999 h4ema200=1.36663 dailyEMA200=1.38100
JJ	0	11:07:03.808	Cazyxio_v4.3 (EURUSD,M15)	2026.03.17 17:07:03 | GATE_FAIL | GBPUSD | CopyBuffer failed for Daily EMA200.
LK	0	11:08:11.704	Cazyxio_v4.3 (EURUSD,M15)	2026.03.17 17:08:11 | HEARTBEAT | SYSTEM | EA alive. Tick=94400 Equity=44725.82 OpenPos=0 PendingOrders=0 UTC=2026.03.17 17:08 DayOfWeek=2 WeekendCloseActive=NO NewTradeBlocked=NO | 94400.000000
HE	0	11:09:35.349	Cazyxio_v4.3 (EURUSD,M15)	2026.03.17 17:09:35 | HEARTBEAT | SYSTEM | EA alive. Tick=94500 Equity=44725.82 OpenPos=0 PendingOrders=0 UTC=2026.03.17 17:09 DayOfWeek=2 WeekendCloseActive=NO NewTradeBlocked=NO | 94500.000000
RG	0	11:10:48.851	Cazyxio_v4.3 (EURUSD,M15)	2026.03.17 17:10:48 | HEARTBEAT | SYSTEM | EA alive. Tick=94600 Equity=44725.82 OpenPos=0 PendingOrders=0 UTC=2026.03.17 17:10 DayOfWeek=2 WeekendCloseActive=NO NewTradeBlocked=NO | 94600.000000
HQ	0	11:11:37.456	Cazyxio_v4.3 (EURUSD,M15)	2026.03.17 17:11:37 | HEARTBEAT | SYSTEM | EA alive. Tick=94700 Equity=44725.82 OpenPos=0 PendingOrders=0 UTC=2026.03.17 17:11 DayOfWeek=2 WeekendCloseActive=NO NewTradeBlocked=NO | 94700.000000
CS	0	11:13:09.550	Cazyxio_v4.3 (EURUSD,M15)	2026.03.17 17:13:09 | HEARTBEAT | SYSTEM | EA alive. Tick=94800 Equity=44725.82 OpenPos=0 PendingOrders=0 UTC=2026.03.17 17:13 DayOfWeek=2 WeekendCloseActive=NO NewTradeBlocked=NO | 94800.000000
JM	0	11:13:57.502	Cazyxio_v4.3 (EURUSD,M15)	2026.03.17 17:13:57 | HEARTBEAT | SYSTEM | EA alive. Tick=94900 Equity=44725.82 OpenPos=0 PendingOrders=0 UTC=2026.03.17 17:13 DayOfWeek=2 WeekendCloseActive=NO NewTradeBlocked=NO | 94900.000000
QO	0	11:14:46.449	Cazyxio_v4.3 (EURUSD,M15)	2026.03.17 17:14:46 | HEARTBEAT | SYSTEM | EA alive. Tick=95000 Equity=44725.82 OpenPos=0 PendingOrders=0 UTC=2026.03.17 17:14 DayOfWeek=2 WeekendCloseActive=NO NewTradeBlocked=NO | 95000.000000
KH	0	11:17:22.799	Cazyxio_v4.3 (EURUSD,M15)	2026.03.17 17:17:22 | GATE_FAIL | GBPUSD | CopyBuffer failed for Daily EMA200.
CH	0	11:19:43.246	Cazyxio_v4.3 (EURUSD,M15)	2026.03.17 17:19:43 | GATE_FAIL | EURUSD | CopyBuffer failed for Daily EMA200.
OH	0	11:22:03.665	Cazyxio_v4.3 (EURUSD,M15)	2026.03.17 17:22:03 | GATE_FAIL | USDJPY | CopyBuffer failed for Daily EMA200.
OF	0	11:22:03.665	Cazyxio_v4.3 (EURUSD,M15)	2026.03.17 17:22:03 | BAR | AUDUSD | close=0.71046 h4ema200=0.70215 h4slope=UP dailyEMA200=0.67112 adx=42.6 ema50=0.70900 distToEMA50=14.6pips touchSeq=0 atr=0.000806 atrRatio=1.036 dir=LONG spread=16.0 spreadOK=YES atrGate=PASS touch=PASS momCandle=momClosePos=0.581 momOk=N ema50Ok=Y barRange=0.000620 zeroRangeBar=NO trigger=NO hasPos=NO portRisk=0.00% openPos=0 | 0.710460
FQ	0	11:22:03.665	Cazyxio_v4.3 (EURUSD,M15)	2026.03.17 17:22:03 | NEAR_MISS | AUDUSD | Momentum near-miss. momClosePos=0.581 Threshold=0.650 Gap=0.069 dir=LONG
QN	0	11:22:03.665	Cazyxio_v4.3 (EURUSD,M15)	2026.03.17 17:22:03 | GATE_FAIL | AUDUSD | Momentum candle FAIL. dir=LONG close=0.71046 ema50=0.70900 momClosePos=0.581 momOk=N ema50Ok=Y barRange=0.000620
PH	0	11:22:03.665	Cazyxio_v4.3 (EURUSD,M15)	2026.03.17 17:22:03 | BAR | GBPJPY | close=212.160 h4ema200=210.932 h4slope=UP dailyEMA200=204.918 adx=19.2 ema50=212.039 distToEMA50=12.1pips touchSeq=5 atr=0.101929 atrRatio=0.942 dir=LONG spread=42.0 spreadOK=NO atrGate=PASS touch=PASS momCandle=momClosePos=0.508 momOk=N ema50Ok=Y barRange=0.059000 zeroRangeBar=NO trigger=NO hasPos=NO portRisk=0.00% openPos=0 | 212.160000
NM	0	11:22:03.665	Cazyxio_v4.3 (EURUSD,M15)	2026.03.17 17:22:03 | GATE_FAIL | GBPJPY | Spread too wide. Spread=42.0 Max=30 points.
IP	0	11:22:03.665	Cazyxio_v4.3 (EURUSD,M15)	2026.03.17 17:22:03 | BAR | USDCAD | close=1.36956 h4ema200=1.36663 h4slope=UP dailyEMA200=1.38100 adx=30.7 ema50=1.36961 distToEMA50=0.5pips touchSeq=6 atr=0.000969 atrRatio=1.521 dir=NONE spread=22.0 spreadOK=YES atrGate=PASS touch=FAIL momCandle= zeroRangeBar=NO trigger=NO hasPos=NO portRisk=0.00% openPos=0 | 1.369560
DN	0	11:22:03.665	Cazyxio_v4.3 (EURUSD,M15)	2026.03.17 17:22:03 | GATE_FAIL | USDCAD | No directional bias. h4slope=UP closeNow=1.36956 h4ema200=1.36663 dailyEMA200=1.38100
MG	0	11:22:38.608	Cazyxio_v4.3 (EURUSD,M15)	2026.03.17 17:22:38 | HEARTBEAT | SYSTEM | EA alive. Tick=95100 Equity=44725.82 OpenPos=0 PendingOrders=0 UTC=2026.03.17 17:22 DayOfWeek=2 WeekendCloseActive=NO NewTradeBlocked=NO | 95100.000000
PQ	0	11:23:29.558	Cazyxio_v4.3 (EURUSD,M15)	2026.03.17 17:23:29 | HEARTBEAT | SYSTEM | EA alive. Tick=95200 Equity=44725.82 OpenPos=0 PendingOrders=0 UTC=2026.03.17 17:23 DayOfWeek=2 WeekendCloseActive=NO NewTradeBlocked=NO | 95200.000000
ES	0	11:24:36.541	Cazyxio_v4.3 (EURUSD,M15)	2026.03.17 17:24:36 | HEARTBEAT | SYSTEM | EA alive. Tick=95300 Equity=44725.82 OpenPos=0 PendingOrders=0 UTC=2026.03.17 17:24 DayOfWeek=2 WeekendCloseActive=NO NewTradeBlocked=NO | 95300.000000
KM	0	11:25:46.083	Cazyxio_v4.3 (EURUSD,M15)	2026.03.17 17:25:46 | HEARTBEAT | SYSTEM | EA alive. Tick=95400 Equity=44725.82 OpenPos=0 PendingOrders=0 UTC=2026.03.17 17:25 DayOfWeek=2 WeekendCloseActive=NO NewTradeBlocked=NO | 95400.000000
MO	0	11:26:50.956	Cazyxio_v4.3 (EURUSD,M15)	2026.03.17 17:26:50 | HEARTBEAT | SYSTEM | EA alive. Tick=95500 Equity=44725.82 OpenPos=0 PendingOrders=0 UTC=2026.03.17 17:26 DayOfWeek=2 WeekendCloseActive=NO NewTradeBlocked=NO | 95500.000000
NI	0	11:28:52.656	Cazyxio_v4.3 (EURUSD,M15)	2026.03.17 17:28:52 | HEARTBEAT | SYSTEM | EA alive. Tick=95600 Equity=44725.82 OpenPos=0 PendingOrders=0 UTC=2026.03.17 17:28 DayOfWeek=2 WeekendCloseActive=NO NewTradeBlocked=NO | 95600.000000
EJ	0	11:32:22.865	Cazyxio_v4.3 (EURUSD,M15)	2026.03.17 17:32:22 | GATE_FAIL | GBPUSD | CopyBuffer failed for Daily EMA200.
HJ	0	11:34:43.254	Cazyxio_v4.3 (EURUSD,M15)	2026.03.17 17:34:43 | GATE_FAIL | EURUSD | CopyBuffer failed for Daily EMA200.
JJ	0	11:37:03.668	Cazyxio_v4.3 (EURUSD,M15)	2026.03.17 17:37:03 | GATE_FAIL | USDJPY | CopyBuffer failed for Daily EMA200.
DH	0	11:37:03.668	Cazyxio_v4.3 (EURUSD,M15)	2026.03.17 17:37:03 | BAR | AUDUSD | close=0.71055 h4ema200=0.70215 h4slope=UP dailyEMA200=0.67113 adx=42.6 ema50=0.70907 distToEMA50=14.8pips touchSeq=0 atr=0.000784 atrRatio=1.008 dir=LONG spread=19.0 spreadOK=YES atrGate=PASS touch=PASS momCandle=momClosePos=0.647 momOk=N ema50Ok=Y barRange=0.000510 zeroRangeBar=NO trigger=NO hasPos=NO portRisk=0.00% openPos=0 | 0.710550
HS	0	11:37:03.668	Cazyxio_v4.3 (EURUSD,M15)	2026.03.17 17:37:03 | NEAR_MISS | AUDUSD | Momentum near-miss. momClosePos=0.647 Threshold=0.650 Gap=0.003 dir=LONG
HL	0	11:37:03.668	Cazyxio_v4.3 (EURUSD,M15)	2026.03.17 17:37:03 | GATE_FAIL | AUDUSD | Momentum candle FAIL. dir=LONG close=0.71055 ema50=0.70907 momClosePos=0.647 momOk=N ema50Ok=Y barRange=0.000510
PG	0	11:37:03.668	Cazyxio_v4.3 (EURUSD,M15)	2026.03.17 17:37:03 | BAR | GBPJPY | close=212.223 h4ema200=210.932 h4slope=UP dailyEMA200=204.918 adx=19.2 ema50=212.047 distToEMA50=17.6pips touchSeq=0 atr=0.101500 atrRatio=0.940 dir=LONG spread=42.0 spreadOK=NO atrGate=PASS touch=PASS momCandle=momClosePos=0.778 momOk=Y ema50Ok=Y barRange=0.099000 zeroRangeBar=NO trigger=YES hasPos=NO portRisk=0.00% openPos=0 | 212.223000
ES	0	11:37:03.668	Cazyxio_v4.3 (EURUSD,M15)	2026.03.17 17:37:03 | GATE_FAIL | GBPJPY | Spread too wide. Spread=42.0 Max=30 points.
KN	0	11:37:03.668	Cazyxio_v4.3 (EURUSD,M15)	2026.03.17 17:37:03 | BAR | USDCAD | close=1.36960 h4ema200=1.36663 h4slope=UP dailyEMA200=1.38100 adx=30.7 ema50=1.36959 distToEMA50=0.1pips touchSeq=7 atr=0.000931 atrRatio=1.463 dir=NONE spread=21.0 spreadOK=YES atrGate=PASS touch=FAIL momCandle= zeroRangeBar=NO trigger=NO hasPos=NO portRisk=0.00% openPos=0 | 1.369600
PL	0	11:37:03.668	Cazyxio_v4.3 (EURUSD,M15)	2026.03.17 17:37:03 | GATE_FAIL | USDCAD | No directional bias. h4slope=UP closeNow=1.36960 h4ema200=1.36663 dailyEMA200=1.38100
NP	0	11:37:14.689	Cazyxio_v4.3 (EURUSD,M15)	2026.03.17 17:37:14 | HEARTBEAT | SYSTEM | EA alive. Tick=95700 Equity=44725.82 OpenPos=0 PendingOrders=0 UTC=2026.03.17 17:37 DayOfWeek=2 WeekendCloseActive=NO NewTradeBlocked=NO | 95700.000000
DR	0	11:38:39.332	Cazyxio_v4.3 (EURUSD,M15)	2026.03.17 17:38:39 | HEARTBEAT | SYSTEM | EA alive. Tick=95800 Equity=44725.82 OpenPos=0 PendingOrders=0 UTC=2026.03.17 17:38 DayOfWeek=2 WeekendCloseActive=NO NewTradeBlocked=NO | 95800.000000
JL	0	11:40:11.139	Cazyxio_v4.3 (EURUSD,M15)	2026.03.17 17:40:11 | HEARTBEAT | SYSTEM | EA alive. Tick=95900 Equity=44725.82 OpenPos=0 PendingOrders=0 UTC=2026.03.17 17:40 DayOfWeek=2 WeekendCloseActive=NO NewTradeBlocked=NO | 95900.000000
QN	0	11:41:27.928	Cazyxio_v4.3 (EURUSD,M15)	2026.03.17 17:41:27 | HEARTBEAT | SYSTEM | EA alive. Tick=96000 Equity=44725.82 OpenPos=0 PendingOrders=0 UTC=2026.03.17 17:41 DayOfWeek=2 WeekendCloseActive=NO NewTradeBlocked=NO | 96000.000000
IH	0	11:42:52.338	Cazyxio_v4.3 (EURUSD,M15)	2026.03.17 17:42:52 | HEARTBEAT | SYSTEM | EA alive. Tick=96100 Equity=44725.82 OpenPos=0 PendingOrders=0 UTC=2026.03.17 17:42 DayOfWeek=2 WeekendCloseActive=NO NewTradeBlocked=NO | 96100.000000
RJ	0	11:44:14.654	Cazyxio_v4.3 (EURUSD,M15)	2026.03.17 17:44:14 | HEARTBEAT | SYSTEM | EA alive. Tick=96200 Equity=44725.82 OpenPos=0 PendingOrders=0 UTC=2026.03.17 17:44 DayOfWeek=2 WeekendCloseActive=NO NewTradeBlocked=NO | 96200.000000
GD	0	11:47:22.701	Cazyxio_v4.3 (EURUSD,M15)	2026.03.17 17:47:22 | GATE_FAIL | EURUSD | CopyBuffer failed for Daily EMA200.
KD	0	11:49:43.113	Cazyxio_v4.3 (EURUSD,M15)	2026.03.17 17:49:43 | GATE_FAIL | USDJPY | CopyBuffer failed for Daily EMA200.
IJ	0	11:49:43.113	Cazyxio_v4.3 (EURUSD,M15)	2026.03.17 17:49:43 | BAR | AUDUSD | close=0.71081 h4ema200=0.70215 h4slope=UP dailyEMA200=0.67113 adx=42.6 ema50=0.70915 distToEMA50=16.6pips touchSeq=0 atr=0.000771 atrRatio=0.994 dir=LONG spread=17.0 spreadOK=YES atrGate=PASS touch=PASS momCandle=momClosePos=0.569 momOk=N ema50Ok=Y barRange=0.000720 zeroRangeBar=NO trigger=NO hasPos=NO portRisk=0.00% openPos=0 | 0.710810
JE	0	11:49:43.113	Cazyxio_v4.3 (EURUSD,M15)	2026.03.17 17:49:43 | NEAR_MISS | AUDUSD | Momentum near-miss. momClosePos=0.569 Threshold=0.650 Gap=0.081 dir=LONG
IR	0	11:49:43.113	Cazyxio_v4.3 (EURUSD,M15)	2026.03.17 17:49:43 | GATE_FAIL | AUDUSD | Momentum candle FAIL. dir=LONG close=0.71081 ema50=0.70915 momClosePos=0.569 momOk=N ema50Ok=Y barRange=0.000720
RI	0	11:49:43.113	Cazyxio_v4.3 (EURUSD,M15)	2026.03.17 17:49:43 | BAR | GBPJPY | close=212.230 h4ema200=210.933 h4slope=UP dailyEMA200=204.920 adx=20.5 ema50=212.059 distToEMA50=17.1pips touchSeq=0 atr=0.103786 atrRatio=0.963 dir=LONG spread=38.0 spreadOK=NO atrGate=PASS touch=PASS momCandle=momClosePos=0.774 momOk=Y ema50Ok=Y barRange=0.084000 zeroRangeBar=NO trigger=YES hasPos=NO portRisk=0.00% openPos=0 | 212.230000
CQ	0	11:49:43.113	Cazyxio_v4.3 (EURUSD,M15)	2026.03.17 17:49:43 | GATE_FAIL | GBPJPY | Spread too wide. Spread=38.0 Max=30 points.
CL	0	11:49:43.113	Cazyxio_v4.3 (EURUSD,M15)	2026.03.17 17:49:43 | BAR | USDCAD | close=1.36952 h4ema200=1.36663 h4slope=UP dailyEMA200=1.38100 adx=30.7 ema50=1.36959 distToEMA50=0.7pips touchSeq=8 atr=0.000895 atrRatio=1.406 dir=NONE spread=23.0 spreadOK=YES atrGate=PASS touch=FAIL momCandle= zeroRangeBar=NO trigger=NO hasPos=NO portRisk=0.00% openPos=0 | 1.369520
FJ	0	11:49:43.113	Cazyxio_v4.3 (EURUSD,M15)	2026.03.17 17:49:43 | GATE_FAIL | USDCAD | No directional bias. h4slope=UP closeNow=1.36952 h4ema200=1.36663 dailyEMA200=1.38100
IR	0	11:52:03.825	Cazyxio_v4.3 (EURUSD,M15)	2026.03.17 17:52:03 | GATE_FAIL | GBPUSD | CopyBuffer failed for Daily EMA200.
MR	0	11:53:05.132	Cazyxio_v4.3 (EURUSD,M15)	2026.03.17 17:53:05 | HEARTBEAT | SYSTEM | EA alive. Tick=96300 Equity=44725.82 OpenPos=0 PendingOrders=0 UTC=2026.03.17 17:53 DayOfWeek=2 WeekendCloseActive=NO NewTradeBlocked=NO | 96300.000000
CL	0	11:55:10.279	Cazyxio_v4.3 (EURUSD,M15)	2026.03.17 17:55:10 | HEARTBEAT | SYSTEM | EA alive. Tick=96400 Equity=44725.82 OpenPos=0 PendingOrders=0 UTC=2026.03.17 17:55 DayOfWeek=2 WeekendCloseActive=NO NewTradeBlocked=NO | 96400.000000
LN	0	11:57:13.632	Cazyxio_v4.3 (EURUSD,M15)	2026.03.17 17:57:13 | HEARTBEAT | SYSTEM | EA alive. Tick=96500 Equity=44725.82 OpenPos=0 PendingOrders=0 UTC=2026.03.17 17:57 DayOfWeek=2 WeekendCloseActive=NO NewTradeBlocked=NO | 96500.000000
EH	0	11:58:54.672	Cazyxio_v4.3 (EURUSD,M15)	2026.03.17 17:58:54 | HEARTBEAT | SYSTEM | EA alive. Tick=96600 Equity=44725.82 OpenPos=0 PendingOrders=0 UTC=2026.03.17 17:58 DayOfWeek=2 WeekendCloseActive=NO NewTradeBlocked=NO | 96600.000000
QJ	0	12:02:22.774	Cazyxio_v4.3 (EURUSD,M15)	2026.03.17 18:02:22 | GATE_FAIL | EURUSD | CopyBuffer failed for Daily EMA200.
DJ	0	12:04:43.255	Cazyxio_v4.3 (EURUSD,M15)	2026.03.17 18:04:43 | GATE_FAIL | USDJPY | CopyBuffer failed for Daily EMA200.
PE	0	12:04:43.255	Cazyxio_v4.3 (EURUSD,M15)	2026.03.17 18:04:43 | BAR | AUDUSD | close=0.71112 h4ema200=0.70216 h4slope=UP dailyEMA200=0.67113 adx=42.6 ema50=0.70924 distToEMA50=18.8pips touchSeq=0 atr=0.000742 atrRatio=0.958 dir=LONG spread=16.0 spreadOK=YES atrGate=PASS touch=PASS momCandle=momClosePos=0.760 momOk=Y ema50Ok=Y barRange=0.000500 zeroRangeBar=NO trigger=YES hasPos=NO portRisk=0.00% openPos=0 | 0.711120
KM	0	12:04:43.255	Cazyxio_v4.3 (EURUSD,M15)	2026.03.17 18:04:43 | SIGNAL | AUDUSD | VALID SIGNAL (LIMIT): LONG limitPrice=0.70920 sl=0.70801 tp=0.71336 stopDist=0.00119 lots=1.88 riskPct=0.50 R:R=1:3.50 ema50=0.70924 dailyEMA200=0.67113 adx=42.6 distToLimit=22.5pips expiresIn=4bars touchSeq=0 | 0.709200
DO	0	12:04:43.382	Cazyxio_v4.3 (EURUSD,M15)	2026.03.17 18:04:43 | LIMIT_PLACED | AUDUSD | BUY_LIMIT lots=1.88 limitPrice=0.70920 sl=0.70801 tp=0.71336 expiresIn=4bars ticket=4544167 FallbackEnabled=YES | 1.880000
GS	0	12:04:43.382	Cazyxio_v4.3 (EURUSD,M15)	2026.03.17 18:04:43 | BAR | GBPJPY | close=212.349 h4ema200=210.934 h4slope=UP dailyEMA200=204.920 adx=21.0 ema50=212.073 distToEMA50=27.6pips touchSeq=0 atr=0.102071 atrRatio=0.949 dir=LONG spread=30.0 spreadOK=NO atrGate=PASS touch=PASS momCandle=momClosePos=0.917 momOk=Y ema50Ok=Y barRange=0.133000 zeroRangeBar=NO trigger=YES hasPos=NO portRisk=0.00% openPos=0 | 212.349000
GO	0	12:04:43.382	Cazyxio_v4.3 (EURUSD,M15)	2026.03.17 18:04:43 | GATE_FAIL | GBPJPY | Spread too wide. Spread=30.0 Max=30 points.
LS	0	12:04:43.382	Cazyxio_v4.3 (EURUSD,M15)	2026.03.17 18:04:43 | BAR | USDCAD | close=1.36904 h4ema200=1.36663 h4slope=UP dailyEMA200=1.38099 adx=30.7 ema50=1.36956 distToEMA50=5.2pips touchSeq=9 atr=0.000875 atrRatio=1.375 dir=NONE spread=24.0 spreadOK=YES atrGate=PASS touch=FAIL momCandle= zeroRangeBar=NO trigger=NO hasPos=NO portRisk=0.00% openPos=0 | 1.369040
PQ	0	12:04:43.382	Cazyxio_v4.3 (EURUSD,M15)	2026.03.17 18:04:43 | GATE_FAIL | USDCAD | No directional bias. h4slope=UP closeNow=1.36904 h4ema200=1.36663 dailyEMA200=1.38099
KE	0	12:07:04.106	Cazyxio_v4.3 (EURUSD,M15)	2026.03.17 18:07:04 | GATE_FAIL | GBPUSD | CopyBuffer failed for Daily EMA200.
JD	0	12:07:11.163	Cazyxio_v4.3 (EURUSD,M15)	2026.03.17 18:07:11 | HEARTBEAT | SYSTEM | EA alive. Tick=96700 Equity=44725.82 OpenPos=0 PendingOrders=1 UTC=2026.03.17 18:07 DayOfWeek=2 WeekendCloseActive=NO NewTradeBlocked=NO | 96700.000000
FF	0	12:08:13.539	Cazyxio_v4.3 (EURUSD,M15)	2026.03.17 18:08:13 | HEARTBEAT | SYSTEM | EA alive. Tick=96800 Equity=44725.82 OpenPos=0 PendingOrders=1 UTC=2026.03.17 18:08 DayOfWeek=2 WeekendCloseActive=NO NewTradeBlocked=NO | 96800.000000
OP	0	12:09:25.111	Cazyxio_v4.3 (EURUSD,M15)	2026.03.17 18:09:25 | HEARTBEAT | SYSTEM | EA alive. Tick=96900 Equity=44725.82 OpenPos=0 PendingOrders=1 UTC=2026.03.17 18:09 DayOfWeek=2 WeekendCloseActive=NO NewTradeBlocked=NO | 96900.000000
JR	0	12:10:27.772	Cazyxio_v4.3 (EURUSD,M15)	2026.03.17 18:10:27 | HEARTBEAT | SYSTEM | EA alive. Tick=97000 Equity=44725.82 OpenPos=0 PendingOrders=1 UTC=2026.03.17 18:10 DayOfWeek=2 WeekendCloseActive=NO NewTradeBlocked=NO | 97000.000000
NL	0	12:12:16.963	Cazyxio_v4.3 (EURUSD,M15)	2026.03.17 18:12:16 | HEARTBEAT | SYSTEM | EA alive. Tick=97100 Equity=44725.82 OpenPos=0 PendingOrders=1 UTC=2026.03.17 18:12 DayOfWeek=2 WeekendCloseActive=NO NewTradeBlocked=NO | 97100.000000
RN	0	12:14:53.925	Cazyxio_v4.3 (EURUSD,M15)	2026.03.17 18:14:53 | HEARTBEAT | SYSTEM | EA alive. Tick=97200 Equity=44725.82 OpenPos=0 PendingOrders=1 UTC=2026.03.17 18:14 DayOfWeek=2 WeekendCloseActive=NO NewTradeBlocked=NO | 97200.000000
RH	0	12:17:22.791	Cazyxio_v4.3 (EURUSD,M15)	2026.03.17 18:17:22 | GATE_FAIL | EURUSD | CopyBuffer failed for Daily EMA200.
LK	0	12:19:43.176	Cazyxio_v4.3 (EURUSD,M15)	2026.03.17 18:19:43 | GATE_FAIL | USDJPY | CopyBuffer failed for Daily EMA200.
MG	0	12:19:43.176	Cazyxio_v4.3 (EURUSD,M15)	2026.03.17 18:19:43 | LIMIT_PENDING | AUDUSD | Limit order still pending. BarsRemaining=3 LimitPrice=0.70920 CurrentPrice=0.71130 DistToLimit=21.0pips Ticket=4544167
CP	0	12:19:43.176	Cazyxio_v4.3 (EURUSD,M15)	2026.03.17 18:19:43 | BAR | GBPJPY | close=212.367 h4ema200=210.933 h4slope=UP dailyEMA200=204.920 adx=21.0 ema50=212.082 distToEMA50=28.5pips touchSeq=0 atr=0.095357 atrRatio=0.889 dir=LONG spread=37.0 spreadOK=NO atrGate=PASS touch=PASS momCandle=momClosePos=0.341 momOk=N ema50Ok=Y barRange=0.041000 zeroRangeBar=NO trigger=NO hasPos=NO portRisk=0.00% openPos=0 | 212.367000
ME	0	12:19:43.176	Cazyxio_v4.3 (EURUSD,M15)	2026.03.17 18:19:43 | GATE_FAIL | GBPJPY | Spread too wide. Spread=37.0 Max=30 points.
LJ	0	12:19:43.176	Cazyxio_v4.3 (EURUSD,M15)	2026.03.17 18:19:43 | BAR | USDCAD | close=1.36929 h4ema200=1.36663 h4slope=UP dailyEMA200=1.38100 adx=30.7 ema50=1.36957 distToEMA50=2.8pips touchSeq=10 atr=0.000815 atrRatio=1.281 dir=NONE spread=24.0 spreadOK=YES atrGate=PASS touch=FAIL momCandle= zeroRangeBar=NO trigger=NO hasPos=NO portRisk=0.00% openPos=0 | 1.369290
GF	0	12:19:43.176	Cazyxio_v4.3 (EURUSD,M15)	2026.03.17 18:19:43 | GATE_FAIL | USDCAD | No directional bias. h4slope=UP closeNow=1.36929 h4ema200=1.36663 dailyEMA200=1.38100
MO	0	12:22:06.605	Cazyxio_v4.3 (EURUSD,M15)	2026.03.17 18:22:06 | GATE_FAIL | GBPUSD | CopyBuffer failed for Daily EMA200.
ON	0	12:23:47.294	Cazyxio_v4.3 (EURUSD,M15)	2026.03.17 18:23:47 | HEARTBEAT | SYSTEM | EA alive. Tick=97300 Equity=44725.82 OpenPos=0 PendingOrders=1 UTC=2026.03.17 18:23 DayOfWeek=2 WeekendCloseActive=NO NewTradeBlocked=NO | 97300.000000
DH	0	12:25:48.994	Cazyxio_v4.3 (EURUSD,M15)	2026.03.17 18:25:48 | HEARTBEAT | SYSTEM | EA alive. Tick=97400 Equity=44725.82 OpenPos=0 PendingOrders=1 UTC=2026.03.17 18:25 DayOfWeek=2 WeekendCloseActive=NO NewTradeBlocked=NO | 97400.000000
KJ	0	12:28:00.176	Cazyxio_v4.3 (EURUSD,M15)	2026.03.17 18:28:00 | HEARTBEAT | SYSTEM | EA alive. Tick=97500 Equity=44725.82 OpenPos=0 PendingOrders=1 UTC=2026.03.17 18:28 DayOfWeek=2 WeekendCloseActive=NO NewTradeBlocked=NO | 97500.000000
ID	0	12:29:36.069	Cazyxio_v4.3 (EURUSD,M15)	2026.03.17 18:29:36 | HEARTBEAT | SYSTEM | EA alive. Tick=97600 Equity=44725.82 OpenPos=0 PendingOrders=1 UTC=2026.03.17 18:29 DayOfWeek=2 WeekendCloseActive=NO NewTradeBlocked=NO | 97600.000000
PG	0	12:32:22.837	Cazyxio_v4.3 (EURUSD,M15)	2026.03.17 18:32:22 | GATE_FAIL | GBPUSD | CopyBuffer failed for Daily EMA200.
RQ	0	12:34:43.199	Cazyxio_v4.3 (EURUSD,M15)	2026.03.17 18:34:43 | GATE_FAIL | EURUSD | CopyBuffer failed for Daily EMA200.
JQ	0	12:37:03.550	Cazyxio_v4.3 (EURUSD,M15)	2026.03.17 18:37:03 | GATE_FAIL | USDJPY | CopyBuffer failed for Daily EMA200.
JL	0	12:37:03.550	Cazyxio_v4.3 (EURUSD,M15)	2026.03.17 18:37:03 | LIMIT_PENDING | AUDUSD | Limit order still pending. BarsRemaining=2 LimitPrice=0.70920 CurrentPrice=0.71077 DistToLimit=15.7pips Ticket=4544167
ES	0	12:37:03.550	Cazyxio_v4.3 (EURUSD,M15)	2026.03.17 18:37:03 | BAR | GBPJPY | close=212.366 h4ema200=210.934 h4slope=UP dailyEMA200=204.920 adx=21.1 ema50=212.096 distToEMA50=27.0pips touchSeq=0 atr=0.090714 atrRatio=0.848 dir=LONG spread=39.0 spreadOK=NO atrGate=PASS touch=PASS momCandle=momClosePos=0.791 momOk=Y ema50Ok=Y barRange=0.067000 zeroRangeBar=NO trigger=YES hasPos=NO portRisk=0.00% openPos=0 | 212.366000
CO	0	12:37:03.550	Cazyxio_v4.3 (EURUSD,M15)	2026.03.17 18:37:03 | GATE_FAIL | GBPJPY | Spread too wide. Spread=39.0 Max=30 points.
EP	0	12:37:03.550	Cazyxio_v4.3 (EURUSD,M15)	2026.03.17 18:37:03 | BAR | USDCAD | close=1.36975 h4ema200=1.36663 h4slope=UP dailyEMA200=1.38100 adx=30.7 ema50=1.36957 distToEMA50=1.8pips touchSeq=11 atr=0.000751 atrRatio=1.181 dir=NONE spread=25.0 spreadOK=YES atrGate=PASS touch=FAIL momCandle= zeroRangeBar=NO trigger=NO hasPos=NO portRisk=0.00% openPos=0 | 1.369750
DQ	0	12:37:03.550	Cazyxio_v4.3 (EURUSD,M15)	2026.03.17 18:37:03 | GATE_FAIL | USDCAD | No directional bias. h4slope=UP closeNow=1.36975 h4ema200=1.36663 dailyEMA200=1.38100
ED	0	12:38:31.766	Cazyxio_v4.3 (EURUSD,M15)	2026.03.17 18:38:31 | HEARTBEAT | SYSTEM | EA alive. Tick=97700 Equity=44725.82 OpenPos=0 PendingOrders=1 UTC=2026.03.17 18:38 DayOfWeek=2 WeekendCloseActive=NO NewTradeBlocked=NO | 97700.000000
OF	0	12:40:40.565	Cazyxio_v4.3 (EURUSD,M15)	2026.03.17 18:40:40 | HEARTBEAT | SYSTEM | EA alive. Tick=97800 Equity=44725.82 OpenPos=0 PendingOrders=1 UTC=2026.03.17 18:40 DayOfWeek=2 WeekendCloseActive=NO NewTradeBlocked=NO | 97800.000000
FP	0	12:42:46.685	Cazyxio_v4.3 (EURUSD,M15)	2026.03.17 18:42:46 | HEARTBEAT | SYSTEM | EA alive. Tick=97900 Equity=44725.82 OpenPos=0 PendingOrders=1 UTC=2026.03.17 18:42 DayOfWeek=2 WeekendCloseActive=NO NewTradeBlocked=NO | 97900.000000
LR	0	12:44:52.171	Cazyxio_v4.3 (EURUSD,M15)	2026.03.17 18:44:52 | HEARTBEAT | SYSTEM | EA alive. Tick=98000 Equity=44725.82 OpenPos=0 PendingOrders=1 UTC=2026.03.17 18:44 DayOfWeek=2 WeekendCloseActive=NO NewTradeBlocked=NO | 98000.000000
JM	0	12:47:23.486	Cazyxio_v4.3 (EURUSD,M15)	2026.03.17 18:47:23 | GATE_FAIL | GBPUSD | CopyBuffer failed for Daily EMA200.
NL	0	12:49:43.933	Cazyxio_v4.3 (EURUSD,M15)	2026.03.17 18:49:43 | GATE_FAIL | EURUSD | CopyBuffer failed for Daily EMA200.
QO	0	12:52:04.317	Cazyxio_v4.3 (EURUSD,M15)	2026.03.17 18:52:04 | GATE_FAIL | USDJPY | CopyBuffer failed for Daily EMA200.
PS	0	12:52:04.317	Cazyxio_v4.3 (EURUSD,M15)	2026.03.17 18:52:04 | LIMIT_PENDING | AUDUSD | Limit order still pending. BarsRemaining=1 LimitPrice=0.70920 CurrentPrice=0.71065 DistToLimit=14.5pips Ticket=4544167
QE	0	12:52:04.317	Cazyxio_v4.3 (EURUSD,M15)	2026.03.17 18:52:04 | BAR | GBPJPY | close=212.394 h4ema200=210.934 h4slope=UP dailyEMA200=204.920 adx=21.1 ema50=212.108 distToEMA50=28.6pips touchSeq=0 atr=0.081071 atrRatio=0.760 dir=LONG spread=41.0 spreadOK=NO atrGate=FAIL touch=PASS momCandle=momClosePos=0.621 momOk=N ema50Ok=Y barRange=0.058000 zeroRangeBar=NO trigger=NO hasPos=NO portRisk=0.00% openPos=0 | 212.394000
OQ	0	12:52:04.317	Cazyxio_v4.3 (EURUSD,M15)	2026.03.17 18:52:04 | GATE_FAIL | GBPJPY | Spread too wide. Spread=41.0 Max=30 points.
PN	0	12:52:04.317	Cazyxio_v4.3 (EURUSD,M15)	2026.03.17 18:52:04 | BAR | USDCAD | close=1.36951 h4ema200=1.36663 h4slope=UP dailyEMA200=1.38100 adx=30.7 ema50=1.36957 distToEMA50=0.6pips touchSeq=12 atr=0.000668 atrRatio=1.053 dir=NONE spread=20.0 spreadOK=YES atrGate=PASS touch=FAIL momCandle= zeroRangeBar=NO trigger=NO hasPos=NO portRisk=0.00% openPos=0 | 1.369510
CK	0	12:52:04.317	Cazyxio_v4.3 (EURUSD,M15)	2026.03.17 18:52:04 | GATE_FAIL | USDCAD | No directional bias. h4slope=UP closeNow=1.36951 h4ema200=1.36663 dailyEMA200=1.38100
CR	0	12:54:07.397	Cazyxio_v4.3 (EURUSD,M15)	2026.03.17 18:54:07 | HEARTBEAT | SYSTEM | EA alive. Tick=98100 Equity=44725.82 OpenPos=0 PendingOrders=1 UTC=2026.03.17 18:54 DayOfWeek=2 WeekendCloseActive=NO NewTradeBlocked=NO | 98100.000000
PL	0	12:55:50.199	Cazyxio_v4.3 (EURUSD,M15)	2026.03.17 18:55:50 | HEARTBEAT | SYSTEM | EA alive. Tick=98200 Equity=44725.82 OpenPos=0 PendingOrders=1 UTC=2026.03.17 18:55 DayOfWeek=2 WeekendCloseActive=NO NewTradeBlocked=NO | 98200.000000
JN	0	12:57:25.339	Cazyxio_v4.3 (EURUSD,M15)	2026.03.17 18:57:25 | HEARTBEAT | SYSTEM | EA alive. Tick=98300 Equity=44725.82 OpenPos=0 PendingOrders=1 UTC=2026.03.17 18:57 DayOfWeek=2 WeekendCloseActive=NO NewTradeBlocked=NO | 98300.000000
HH	0	12:59:42.467	Cazyxio_v4.3 (EURUSD,M15)	2026.03.17 18:59:42 | HEARTBEAT | SYSTEM | EA alive. Tick=98400 Equity=44725.82 OpenPos=0 PendingOrders=1 UTC=2026.03.17 18:59 DayOfWeek=2 WeekendCloseActive=NO NewTradeBlocked=NO | 98400.000000
CJ	0	13:02:22.967	Cazyxio_v4.3 (EURUSD,M15)	2026.03.17 19:02:22 | GATE_FAIL | EURUSD | CopyBuffer failed for Daily EMA200.
OJ	0	13:04:43.409	Cazyxio_v4.3 (EURUSD,M15)	2026.03.17 19:04:43 | GATE_FAIL | USDJPY | CopyBuffer failed for Daily EMA200.
DD	0	13:04:43.409	Cazyxio_v4.3 (EURUSD,M15)	2026.03.17 19:04:43 | LIMIT_EXPIRED | AUDUSD | Limit order expired (unfilled after 4 bars). LimitPrice=0.70920 CurrentPrice=0.71036 DistanceFromLimit=11.6pips Ticket=4544167
JL	0	13:04:43.544	Cazyxio_v4.3 (EURUSD,M15)	2026.03.17 19:04:43 | LIMIT_CANCELLED | AUDUSD | Pending limit order cancelled. Reason=EXPIRY Ticket=4544167 LimitPrice=0.70920
CK	0	13:04:43.544	Cazyxio_v4.3 (EURUSD,M15)	2026.03.17 19:04:43 | FALLBACK_SKIP | AUDUSD | Limit expired. Fallback skipped — price too far from EMA50. DistFromEMA=11.2pips MaxDist=7.4pips
CO	0	13:04:43.544	Cazyxio_v4.3 (EURUSD,M15)	2026.03.17 19:04:43 | BAR | GBPJPY | close=212.406 h4ema200=210.934 h4slope=UP dailyEMA200=204.921 adx=21.2 ema50=212.120 distToEMA50=28.6pips touchSeq=0 atr=0.080571 atrRatio=0.758 dir=LONG spread=39.0 spreadOK=NO atrGate=FAIL touch=PASS momCandle=momClosePos=0.706 momOk=Y ema50Ok=Y barRange=0.051000 zeroRangeBar=NO trigger=YES hasPos=NO portRisk=0.00% openPos=0 | 212.406000
FH	0	13:04:43.544	Cazyxio_v4.3 (EURUSD,M15)	2026.03.17 19:04:43 | GATE_FAIL | GBPJPY | Spread too wide. Spread=39.0 Max=30 points.
PG	0	13:04:43.544	Cazyxio_v4.3 (EURUSD,M15)	2026.03.17 19:04:43 | BAR | USDCAD | close=1.36955 h4ema200=1.36663 h4slope=UP dailyEMA200=1.38100 adx=30.7 ema50=1.36958 distToEMA50=0.3pips touchSeq=12 atr=0.000626 atrRatio=0.990 dir=NONE spread=27.0 spreadOK=YES atrGate=PASS touch=FAIL momCandle= zeroRangeBar=NO trigger=NO hasPos=NO portRisk=0.00% openPos=0 | 1.369550
GR	0	13:04:43.544	Cazyxio_v4.3 (EURUSD,M15)	2026.03.17 19:04:43 | GATE_FAIL | USDCAD | No directional bias. h4slope=UP closeNow=1.36955 h4ema200=1.36663 dailyEMA200=1.38100
DJ	0	13:07:04.871	Cazyxio_v4.3 (EURUSD,M15)	2026.03.17 19:07:04 | GATE_FAIL | GBPUSD | CopyBuffer failed for Daily EMA200.
PK	0	13:08:42.818	Cazyxio_v4.3 (EURUSD,M15)	2026.03.17 19:08:42 | HEARTBEAT | SYSTEM | EA alive. Tick=98500 Equity=44725.82 OpenPos=0 PendingOrders=0 UTC=2026.03.17 19:08 DayOfWeek=2 WeekendCloseActive=NO NewTradeBlocked=NO | 98500.000000
HE	0	13:11:37.265	Cazyxio_v4.3 (EURUSD,M15)	2026.03.17 19:11:37 | HEARTBEAT | SYSTEM | EA alive. Tick=98600 Equity=44725.82 OpenPos=0 PendingOrders=0 UTC=2026.03.17 19:11 DayOfWeek=2 WeekendCloseActive=NO NewTradeBlocked=NO | 98600.000000
IG	0	13:14:47.241	Cazyxio_v4.3 (EURUSD,M15)	2026.03.17 19:14:47 | HEARTBEAT | SYSTEM | EA alive. Tick=98700 Equity=44725.82 OpenPos=0 PendingOrders=0 UTC=2026.03.17 19:14 DayOfWeek=2 WeekendCloseActive=NO NewTradeBlocked=NO | 98700.000000
IP	0	13:17:22.890	Cazyxio_v4.3 (EURUSD,M15)	2026.03.17 19:17:22 | GATE_FAIL | GBPUSD | CopyBuffer failed for Daily EMA200.
DP	0	13:19:43.292	Cazyxio_v4.3 (EURUSD,M15)	2026.03.17 19:19:43 | GATE_FAIL | EURUSD | CopyBuffer failed for Daily EMA200.
PP	0	13:22:03.729	Cazyxio_v4.3 (EURUSD,M15)	2026.03.17 19:22:03 | GATE_FAIL | USDJPY | CopyBuffer failed for Daily EMA200.
OP	0	13:22:03.729	Cazyxio_v4.3 (EURUSD,M15)	2026.03.17 19:22:03 | BAR | AUDUSD | close=0.71034 h4ema200=0.70215 h4slope=UP dailyEMA200=0.67112 adx=42.6 ema50=0.70945 distToEMA50=8.9pips touchSeq=0 atr=0.000559 atrRatio=0.730 dir=LONG spread=16.0 spreadOK=YES atrGate=FAIL touch=FAIL momCandle=momClosePos=0.733 momOk=Y ema50Ok=Y barRange=0.000300 zeroRangeBar=NO trigger=YES hasPos=NO portRisk=0.00% openPos=0 | 0.710340
QD	0	13:22:03.729	Cazyxio_v4.3 (EURUSD,M15)	2026.03.17 19:22:03 | NEAR_MISS | AUDUSD | ATR near-miss. Ratio=0.730 MinRatio=0.80 Gap=0.070
HK	0	13:22:03.729	Cazyxio_v4.3 (EURUSD,M15)	2026.03.17 19:22:03 | GATE_FAIL | AUDUSD | ATR gate FAIL. ATR=0.000559 ATR_SMA=0.000766 Ratio=0.730 MinRatio=0.80
ND	0	13:22:03.729	Cazyxio_v4.3 (EURUSD,M15)	2026.03.17 19:22:03 | BAR | GBPJPY | close=212.455 h4ema200=210.934 h4slope=UP dailyEMA200=204.921 adx=21.3 ema50=212.134 distToEMA50=32.1pips touchSeq=0 atr=0.077929 atrRatio=0.735 dir=LONG spread=36.0 spreadOK=NO atrGate=FAIL touch=PASS momCandle=momClosePos=1.000 momOk=Y ema50Ok=Y barRange=0.058000 zeroRangeBar=NO trigger=YES hasPos=NO portRisk=0.00% openPos=0 | 212.455000
NM	0	13:22:03.729	Cazyxio_v4.3 (EURUSD,M15)	2026.03.17 19:22:03 | GATE_FAIL | GBPJPY | Spread too wide. Spread=36.0 Max=30 points.
FS	0	13:22:03.729	Cazyxio_v4.3 (EURUSD,M15)	2026.03.17 19:22:03 | BAR | USDCAD | close=1.36940 h4ema200=1.36663 h4slope=UP dailyEMA200=1.38100 adx=30.7 ema50=1.36956 distToEMA50=1.6pips touchSeq=12 atr=0.000579 atrRatio=0.917 dir=NONE spread=22.0 spreadOK=YES atrGate=PASS touch=FAIL momCandle= zeroRangeBar=NO trigger=NO hasPos=NO portRisk=0.00% openPos=0 | 1.369400
FN	0	13:22:03.729	Cazyxio_v4.3 (EURUSD,M15)	2026.03.17 19:22:03 | GATE_FAIL | USDCAD | No directional bias. h4slope=UP closeNow=1.36940 h4ema200=1.36663 dailyEMA200=1.38100
IG	0	13:24:36.273	Cazyxio_v4.3 (EURUSD,M15)	2026.03.17 19:24:36 | HEARTBEAT | SYSTEM | EA alive. Tick=98800 Equity=44725.82 OpenPos=0 PendingOrders=0 UTC=2026.03.17 19:24 DayOfWeek=2 WeekendCloseActive=NO NewTradeBlocked=NO | 98800.000000
MQ	0	13:27:04.191	Cazyxio_v4.3 (EURUSD,M15)	2026.03.17 19:27:04 | HEARTBEAT | SYSTEM | EA alive. Tick=98900 Equity=44725.82 OpenPos=0 PendingOrders=0 UTC=2026.03.17 19:27 DayOfWeek=2 WeekendCloseActive=NO NewTradeBlocked=NO | 98900.000000
KS	0	13:29:37.885	Cazyxio_v4.3 (EURUSD,M15)	2026.03.17 19:29:37 | HEARTBEAT | SYSTEM | EA alive. Tick=99000 Equity=44725.82 OpenPos=0 PendingOrders=0 UTC=2026.03.17 19:29 DayOfWeek=2 WeekendCloseActive=NO NewTradeBlocked=NO | 99000.000000
HM	0	13:32:22.878	Cazyxio_v4.3 (EURUSD,M15)	2026.03.17 19:32:22 | GATE_FAIL | EURUSD | CopyBuffer failed for Daily EMA200.
ML	0	13:34:43.265	Cazyxio_v4.3 (EURUSD,M15)	2026.03.17 19:34:43 | GATE_FAIL | USDJPY | CopyBuffer failed for Daily EMA200.
PR	0	13:34:43.265	Cazyxio_v4.3 (EURUSD,M15)	2026.03.17 19:34:43 | BAR | AUDUSD | close=0.71025 h4ema200=0.70214 h4slope=UP dailyEMA200=0.67112 adx=42.6 ema50=0.70948 distToEMA50=7.7pips touchSeq=0 atr=0.000491 atrRatio=0.644 dir=LONG spread=16.0 spreadOK=YES atrGate=FAIL touch=FAIL momCandle=momClosePos=0.270 momOk=N ema50Ok=Y barRange=0.000370 zeroRangeBar=NO trigger=NO hasPos=NO portRisk=0.00% openPos=0 | 0.710250
ON	0	13:34:43.265	Cazyxio_v4.3 (EURUSD,M15)	2026.03.17 19:34:43 | GATE_FAIL | AUDUSD | ATR gate FAIL. ATR=0.000491 ATR_SMA=0.000763 Ratio=0.644 MinRatio=0.80
EE	0	13:34:43.265	Cazyxio_v4.3 (EURUSD,M15)	2026.03.17 19:34:43 | BAR | GBPJPY | close=212.386 h4ema200=210.934 h4slope=UP dailyEMA200=204.920 adx=21.3 ema50=212.142 distToEMA50=24.4pips touchSeq=0 atr=0.080500 atrRatio=0.761 dir=LONG spread=30.0 spreadOK=NO atrGate=FAIL touch=FAIL momCandle=momClosePos=0.104 momOk=N ema50Ok=Y barRange=0.096000 zeroRangeBar=NO trigger=NO hasPos=NO portRisk=0.00% openPos=0 | 212.386000
OF	0	13:34:43.265	Cazyxio_v4.3 (EURUSD,M15)	2026.03.17 19:34:43 | GATE_FAIL | GBPJPY | Spread too wide. Spread=30.0 Max=30 points.
CI	0	13:34:43.265	Cazyxio_v4.3 (EURUSD,M15)	2026.03.17 19:34:43 | BAR | USDCAD | close=1.36971 h4ema200=1.36663 h4slope=UP dailyEMA200=1.38100 adx=30.7 ema50=1.36958 distToEMA50=1.3pips touchSeq=12 atr=0.000524 atrRatio=0.833 dir=NONE spread=24.0 spreadOK=YES atrGate=PASS touch=FAIL momCandle= zeroRangeBar=NO trigger=NO hasPos=NO portRisk=0.00% openPos=0 | 1.369710
KK	0	13:34:43.265	Cazyxio_v4.3 (EURUSD,M15)	2026.03.17 19:34:43 | GATE_FAIL | USDCAD | No directional bias. h4slope=UP closeNow=1.36971 h4ema200=1.36663 dailyEMA200=1.38100
ML	0	13:37:04.535	Cazyxio_v4.3 (EURUSD,M15)	2026.03.17 19:37:04 | GATE_FAIL | GBPUSD | CopyBuffer failed for Daily EMA200.
NM	0	13:39:04.201	Cazyxio_v4.3 (EURUSD,M15)	2026.03.17 19:39:04 | HEARTBEAT | SYSTEM | EA alive. Tick=99100 Equity=44725.82 OpenPos=0 PendingOrders=0 UTC=2026.03.17 19:39 DayOfWeek=2 WeekendCloseActive=NO NewTradeBlocked=NO | 99100.000000
HO	0	13:42:35.364	Cazyxio_v4.3 (EURUSD,M15)	2026.03.17 19:42:35 | HEARTBEAT | SYSTEM | EA alive. Tick=99200 Equity=44725.82 OpenPos=0 PendingOrders=0 UTC=2026.03.17 19:42 DayOfWeek=2 WeekendCloseActive=NO NewTradeBlocked=NO | 99200.000000
DH	0	13:47:23.635	Cazyxio_v4.3 (EURUSD,M15)	2026.03.17 19:47:23 | GATE_FAIL | GBPUSD | CopyBuffer failed for Daily EMA200.
RH	0	13:49:44.023	Cazyxio_v4.3 (EURUSD,M15)	2026.03.17 19:49:44 | GATE_FAIL | EURUSD | CopyBuffer failed for Daily EMA200.
PH	0	13:52:04.479	Cazyxio_v4.3 (EURUSD,M15)	2026.03.17 19:52:04 | GATE_FAIL | USDJPY | CopyBuffer failed for Daily EMA200.
HE	0	13:52:04.479	Cazyxio_v4.3 (EURUSD,M15)	2026.03.17 19:52:04 | BAR | AUDUSD | close=0.71020 h4ema200=0.70215 h4slope=UP dailyEMA200=0.67112 adx=42.6 ema50=0.70951 distToEMA50=6.9pips touchSeq=0 atr=0.000449 atrRatio=0.592 dir=LONG spread=17.0 spreadOK=YES atrGate=FAIL touch=FAIL momCandle=momClosePos=0.560 momOk=N ema50Ok=Y barRange=0.000250 zeroRangeBar=NO trigger=NO hasPos=NO portRisk=0.00% openPos=0 | 0.710200
RR	0	13:52:04.479	Cazyxio_v4.3 (EURUSD,M15)	2026.03.17 19:52:04 | GATE_FAIL | AUDUSD | ATR gate FAIL. ATR=0.000449 ATR_SMA=0.000759 Ratio=0.592 MinRatio=0.80
GQ	0	13:52:04.479	Cazyxio_v4.3 (EURUSD,M15)	2026.03.17 19:52:04 | BAR | GBPJPY | close=212.390 h4ema200=210.934 h4slope=UP dailyEMA200=204.920 adx=21.3 ema50=212.153 distToEMA50=23.7pips touchSeq=0 atr=0.074071 atrRatio=0.702 dir=LONG spread=35.0 spreadOK=NO atrGate=FAIL touch=FAIL momCandle=momClosePos=0.643 momOk=N ema50Ok=Y barRange=0.042000 zeroRangeBar=NO trigger=NO hasPos=NO portRisk=0.00% openPos=0 | 212.390000
IJ	0	13:52:04.479	Cazyxio_v4.3 (EURUSD,M15)	2026.03.17 19:52:04 | GATE_FAIL | GBPJPY | Spread too wide. Spread=35.0 Max=30 points.
CD	0	13:52:04.479	Cazyxio_v4.3 (EURUSD,M15)	2026.03.17 19:52:04 | BAR | USDCAD | close=1.36960 h4ema200=1.36663 h4slope=UP dailyEMA200=1.38100 adx=30.7 ema50=1.36958 distToEMA50=0.2pips touchSeq=12 atr=0.000468 atrRatio=0.748 dir=NONE spread=22.0 spreadOK=YES atrGate=FAIL touch=FAIL momCandle= zeroRangeBar=NO trigger=NO hasPos=NO portRisk=0.00% openPos=0 | 1.369600
RD	0	13:52:04.479	Cazyxio_v4.3 (EURUSD,M15)	2026.03.17 19:52:04 | GATE_FAIL | USDCAD | No directional bias. h4slope=UP closeNow=1.36960 h4ema200=1.36663 dailyEMA200=1.38100
KI	0	13:54:02.601	Cazyxio_v4.3 (EURUSD,M15)	2026.03.17 19:54:02 | HEARTBEAT | SYSTEM | EA alive. Tick=99300 Equity=44725.82 OpenPos=0 PendingOrders=0 UTC=2026.03.17 19:54 DayOfWeek=2 WeekendCloseActive=NO NewTradeBlocked=NO | 99300.000000
RK	0	13:56:38.424	Cazyxio_v4.3 (EURUSD,M15)	2026.03.17 19:56:38 | HEARTBEAT | SYSTEM | EA alive. Tick=99400 Equity=44725.82 OpenPos=0 PendingOrders=0 UTC=2026.03.17 19:56 DayOfWeek=2 WeekendCloseActive=NO NewTradeBlocked=NO | 99400.000000
DE	0	13:59:05.614	Cazyxio_v4.3 (EURUSD,M15)	2026.03.17 19:59:05 | HEARTBEAT | SYSTEM | EA alive. Tick=99500 Equity=44725.82 OpenPos=0 PendingOrders=0 UTC=2026.03.17 19:59 DayOfWeek=2 WeekendCloseActive=NO NewTradeBlocked=NO | 99500.000000
KF	0	14:02:22.967	Cazyxio_v4.3 (EURUSD,M15)	2026.03.17 20:02:22 | GATE_FAIL | GBPUSD | CopyBuffer failed for Daily EMA200.
GG	0	14:04:43.380	Cazyxio_v4.3 (EURUSD,M15)	2026.03.17 20:04:43 | GATE_FAIL | EURUSD | CopyBuffer failed for Daily EMA200.
NF	0	14:07:03.827	Cazyxio_v4.3 (EURUSD,M15)	2026.03.17 20:07:03 | GATE_FAIL | USDJPY | CopyBuffer failed for Daily EMA200.
IE	0	14:07:03.827	Cazyxio_v4.3 (EURUSD,M15)	2026.03.17 20:07:03 | BAR | AUDUSD | close=0.71037 h4ema200=0.70215 h4slope=UP dailyEMA200=0.67113 adx=42.6 ema50=0.70955 distToEMA50=8.2pips touchSeq=0 atr=0.000457 atrRatio=0.606 dir=LONG spread=17.0 spreadOK=YES atrGate=FAIL touch=FAIL momCandle=momClosePos=0.962 momOk=Y ema50Ok=Y barRange=0.000260 zeroRangeBar=NO trigger=YES hasPos=NO portRisk=0.00% openPos=0 | 0.710370
ED	0	14:07:03.827	Cazyxio_v4.3 (EURUSD,M15)	2026.03.17 20:07:03 | GATE_FAIL | AUDUSD | ATR gate FAIL. ATR=0.000457 ATR_SMA=0.000755 Ratio=0.606 MinRatio=0.80
NO	0	14:07:03.827	Cazyxio_v4.3 (EURUSD,M15)	2026.03.17 20:07:03 | BAR | GBPJPY | close=212.365 h4ema200=210.933 h4slope=UP dailyEMA200=204.920 adx=21.3 ema50=212.159 distToEMA50=20.6pips touchSeq=0 atr=0.071857 atrRatio=0.682 dir=LONG spread=35.0 spreadOK=NO atrGate=FAIL touch=FAIL momCandle=momClosePos=0.232 momOk=N ema50Ok=Y barRange=0.099000 zeroRangeBar=NO trigger=NO hasPos=NO portRisk=0.00% openPos=0 | 212.365000
IL	0	14:07:03.827	Cazyxio_v4.3 (EURUSD,M15)	2026.03.17 20:07:03 | GATE_FAIL | GBPJPY | Spread too wide. Spread=35.0 Max=30 points.
RQ	0	14:07:03.827	Cazyxio_v4.3 (EURUSD,M15)	2026.03.17 20:07:03 | BAR | USDCAD | close=1.36964 h4ema200=1.36663 h4slope=UP dailyEMA200=1.38099 adx=30.7 ema50=1.36956 distToEMA50=0.8pips touchSeq=12 atr=0.000473 atrRatio=0.759 dir=NONE spread=22.0 spreadOK=YES atrGate=FAIL touch=FAIL momCandle= zeroRangeBar=NO trigger=NO hasPos=NO portRisk=0.00% openPos=0 | 1.369640
QQ	0	14:07:03.827	Cazyxio_v4.3 (EURUSD,M15)	2026.03.17 20:07:03 | GATE_FAIL | USDCAD | No directional bias. h4slope=UP closeNow=1.36964 h4ema200=1.36663 dailyEMA200=1.38099
QG	0	14:10:17.321	Cazyxio_v4.3 (EURUSD,M15)	2026.03.17 20:10:17 | HEARTBEAT | SYSTEM | EA alive. Tick=99600 Equity=44725.82 OpenPos=0 PendingOrders=0 UTC=2026.03.17 20:10 DayOfWeek=2 WeekendCloseActive=NO NewTradeBlocked=NO | 99600.000000
IQ	0	14:14:41.693	Cazyxio_v4.3 (EURUSD,M15)	2026.03.17 20:14:41 | HEARTBEAT | SYSTEM | EA alive. Tick=99700 Equity=44725.82 OpenPos=0 PendingOrders=0 UTC=2026.03.17 20:14 DayOfWeek=2 WeekendCloseActive=NO NewTradeBlocked=NO | 99700.000000
LR	0	14:17:28.708	Cazyxio_v4.3 (EURUSD,M15)	2026.03.17 20:17:28 | GATE_FAIL | GBPUSD | CopyBuffer failed for Daily EMA200.
OS	0	14:19:49.063	Cazyxio_v4.3 (EURUSD,M15)	2026.03.17 20:19:49 | GATE_FAIL | EURUSD | CopyBuffer failed for Daily EMA200.
GR	0	14:22:09.455	Cazyxio_v4.3 (EURUSD,M15)	2026.03.17 20:22:09 | GATE_FAIL | USDJPY | CopyBuffer failed for Daily EMA200.
FL	0	14:22:09.455	Cazyxio_v4.3 (EURUSD,M15)	2026.03.17 20:22:09 | BAR | AUDUSD | close=0.71043 h4ema200=0.70215 h4slope=UP dailyEMA200=0.67112 adx=42.6 ema50=0.70958 distToEMA50=8.5pips touchSeq=0 atr=0.000430 atrRatio=0.573 dir=LONG spread=17.0 spreadOK=YES atrGate=FAIL touch=FAIL momCandle=momClosePos=0.308 momOk=N ema50Ok=Y barRange=0.000390 zeroRangeBar=NO trigger=NO hasPos=NO portRisk=0.00% openPos=0 | 0.710430
FI	0	14:22:09.455	Cazyxio_v4.3 (EURUSD,M15)	2026.03.17 20:22:09 | GATE_FAIL | AUDUSD | ATR gate FAIL. ATR=0.000430 ATR_SMA=0.000751 Ratio=0.573 MinRatio=0.80
CK	0	14:22:09.455	Cazyxio_v4.3 (EURUSD,M15)	2026.03.17 20:22:09 | BAR | GBPJPY | close=212.362 h4ema200=210.933 h4slope=UP dailyEMA200=204.920 adx=21.3 ema50=212.167 distToEMA50=19.5pips touchSeq=0 atr=0.070429 atrRatio=0.670 dir=LONG spread=33.0 spreadOK=NO atrGate=FAIL touch=FAIL momCandle=momClosePos=0.328 momOk=N ema50Ok=Y barRange=0.061000 zeroRangeBar=NO trigger=NO hasPos=NO portRisk=0.00% openPos=0 | 212.362000
PP	0	14:22:09.455	Cazyxio_v4.3 (EURUSD,M15)	2026.03.17 20:22:09 | GATE_FAIL | GBPJPY | Spread too wide. Spread=33.0 Max=30 points.
PM	0	14:22:09.455	Cazyxio_v4.3 (EURUSD,M15)	2026.03.17 20:22:09 | BAR | USDCAD | close=1.36926 h4ema200=1.36663 h4slope=UP dailyEMA200=1.38100 adx=30.7 ema50=1.36955 distToEMA50=2.9pips touchSeq=12 atr=0.000456 atrRatio=0.734 dir=NONE spread=20.0 spreadOK=YES atrGate=FAIL touch=FAIL momCandle= zeroRangeBar=NO trigger=NO hasPos=NO portRisk=0.00% openPos=0 | 1.369260
GM	0	14:22:09.455	Cazyxio_v4.3 (EURUSD,M15)	2026.03.17 20:22:09 | GATE_FAIL | USDCAD | No directional bias. h4slope=UP closeNow=1.36926 h4ema200=1.36663 dailyEMA200=1.38100
KQ	0	14:32:23.222	Cazyxio_v4.3 (EURUSD,M15)	2026.03.17 20:32:23 | GATE_FAIL | GBPUSD | CopyBuffer failed for Daily EMA200.
ES	0	14:34:43.676	Cazyxio_v4.3 (EURUSD,M15)	2026.03.17 20:34:43 | GATE_FAIL | EURUSD | CopyBuffer failed for Daily EMA200.
NS	0	14:37:04.070	Cazyxio_v4.3 (EURUSD,M15)	2026.03.17 20:37:04 | GATE_FAIL | USDJPY | CopyBuffer failed for Daily EMA200.
IL	0	14:37:04.070	Cazyxio_v4.3 (EURUSD,M15)	2026.03.17 20:37:04 | BAR | AUDUSD | close=0.71032 h4ema200=0.70215 h4slope=UP dailyEMA200=0.67112 adx=42.6 ema50=0.70961 distToEMA50=7.1pips touchSeq=0 atr=0.000413 atrRatio=0.553 dir=LONG spread=13.0 spreadOK=YES atrGate=FAIL touch=FAIL momCandle=momClosePos=0.083 momOk=N ema50Ok=Y barRange=0.000240 zeroRangeBar=NO trigger=NO hasPos=NO portRisk=0.00% openPos=0 | 0.710320
CI	0	14:37:04.070	Cazyxio_v4.3 (EURUSD,M15)	2026.03.17 20:37:04 | GATE_FAIL | AUDUSD | ATR gate FAIL. ATR=0.000413 ATR_SMA=0.000747 Ratio=0.553 MinRatio=0.80
EJ	0	14:37:04.070	Cazyxio_v4.3 (EURUSD,M15)	2026.03.17 20:37:04 | BAR | GBPJPY | close=212.343 h4ema200=210.934 h4slope=UP dailyEMA200=204.920 adx=21.3 ema50=212.174 distToEMA50=16.9pips touchSeq=0 atr=0.068500 atrRatio=0.653 dir=LONG spread=31.0 spreadOK=NO atrGate=FAIL touch=FAIL momCandle=momClosePos=0.147 momOk=N ema50Ok=Y barRange=0.034000 zeroRangeBar=NO trigger=NO hasPos=NO portRisk=0.00% openPos=0 | 212.343000
CS	0	14:37:04.070	Cazyxio_v4.3 (EURUSD,M15)	2026.03.17 20:37:04 | GATE_FAIL | GBPJPY | Spread too wide. Spread=31.0 Max=30 points.
MM	0	14:37:04.070	Cazyxio_v4.3 (EURUSD,M15)	2026.03.17 20:37:04 | BAR | USDCAD | close=1.36936 h4ema200=1.36662 h4slope=UP dailyEMA200=1.38099 adx=30.7 ema50=1.36953 distToEMA50=1.7pips touchSeq=12 atr=0.000436 atrRatio=0.705 dir=NONE spread=27.0 spreadOK=YES atrGate=FAIL touch=FAIL momCandle= zeroRangeBar=NO trigger=NO hasPos=NO portRisk=0.00% openPos=0 | 1.369360
MM	0	14:37:04.070	Cazyxio_v4.3 (EURUSD,M15)	2026.03.17 20:37:04 | GATE_FAIL | USDCAD | No directional bias. h4slope=UP closeNow=1.36936 h4ema200=1.36662 dailyEMA200=1.38099
JP	0	14:39:22.947	Cazyxio_v4.3 (EURUSD,M15)	2026.03.17 20:39:22 | HEARTBEAT | SYSTEM | EA alive. Tick=99800 Equity=44725.82 OpenPos=0 PendingOrders=0 UTC=2026.03.17 20:39 DayOfWeek=2 WeekendCloseActive=NO NewTradeBlocked=NO | 99800.000000
QS	0	14:47:23.033	Cazyxio_v4.3 (EURUSD,M15)	2026.03.17 20:47:23 | GATE_FAIL | GBPUSD | CopyBuffer failed for Daily EMA200.
GM	0	14:49:43.410	Cazyxio_v4.3 (EURUSD,M15)	2026.03.17 20:49:43 | GATE_FAIL | EURUSD | CopyBuffer failed for Daily EMA200.
OM	0	14:52:03.765	Cazyxio_v4.3 (EURUSD,M15)	2026.03.17 20:52:03 | GATE_FAIL | USDJPY | CopyBuffer failed for Daily EMA200.
OO	0	14:52:03.765	Cazyxio_v4.3 (EURUSD,M15)	2026.03.17 20:52:03 | BAR | AUDUSD | close=0.71049 h4ema200=0.70215 h4slope=UP dailyEMA200=0.67112 adx=42.6 ema50=0.70964 distToEMA50=8.5pips touchSeq=0 atr=0.000391 atrRatio=0.526 dir=LONG spread=21.0 spreadOK=YES atrGate=FAIL touch=FAIL momCandle=momClosePos=0.680 momOk=Y ema50Ok=Y barRange=0.000250 zeroRangeBar=NO trigger=YES hasPos=NO portRisk=0.00% openPos=0 | 0.710490
IO	0	14:52:03.765	Cazyxio_v4.3 (EURUSD,M15)	2026.03.17 20:52:03 | GATE_FAIL | AUDUSD | ATR gate FAIL. ATR=0.000391 ATR_SMA=0.000743 Ratio=0.526 MinRatio=0.80
DD	0	14:52:03.765	Cazyxio_v4.3 (EURUSD,M15)	2026.03.17 20:52:03 | BAR | GBPJPY | close=212.351 h4ema200=210.933 h4slope=UP dailyEMA200=204.920 adx=21.3 ema50=212.180 distToEMA50=17.1pips touchSeq=0 atr=0.064929 atrRatio=0.620 dir=LONG spread=57.0 spreadOK=NO atrGate=FAIL touch=FAIL momCandle=momClosePos=0.415 momOk=N ema50Ok=Y barRange=0.041000 zeroRangeBar=NO trigger=NO hasPos=NO portRisk=0.00% openPos=0 | 212.351000
HQ	0	14:52:03.765	Cazyxio_v4.3 (EURUSD,M15)	2026.03.17 20:52:03 | GATE_FAIL | GBPJPY | Spread too wide. Spread=57.0 Max=30 points.
EP	0	14:52:03.765	Cazyxio_v4.3 (EURUSD,M15)	2026.03.17 20:52:03 | BAR | USDCAD | close=1.36886 h4ema200=1.36662 h4slope=UP dailyEMA200=1.38099 adx=30.7 ema50=1.36951 distToEMA50=6.5pips touchSeq=0 atr=0.000434 atrRatio=0.704 dir=NONE spread=32.0 spreadOK=NO atrGate=FAIL touch=FAIL momCandle= zeroRangeBar=NO trigger=NO hasPos=NO portRisk=0.00% openPos=0 | 1.368860
HK	0	14:52:03.765	Cazyxio_v4.3 (EURUSD,M15)	2026.03.17 20:52:03 | GATE_FAIL | USDCAD | No directional bias. h4slope=UP closeNow=1.36886 h4ema200=1.36662 dailyEMA200=1.38099
DR	0	14:52:15.483	Cazyxio_v4.3 (EURUSD,M15)	2026.03.17 20:52:15 | HEARTBEAT | SYSTEM | EA alive. Tick=99900 Equity=44725.82 OpenPos=0 PendingOrders=0 UTC=2026.03.17 20:52 DayOfWeek=2 WeekendCloseActive=NO NewTradeBlocked=NO | 99900.000000
PL	0	14:54:05.764	Cazyxio_v4.3 (EURUSD,M15)	2026.03.17 20:54:05 | HEARTBEAT | SYSTEM | EA alive. Tick=100000 Equity=44725.82 OpenPos=0 PendingOrders=0 UTC=2026.03.17 20:54 DayOfWeek=2 WeekendCloseActive=NO NewTradeBlocked=NO | 100000.000000
QN	0	14:55:36.333	Cazyxio_v4.3 (EURUSD,M15)	2026.03.17 20:55:36 | HEARTBEAT | SYSTEM | EA alive. Tick=100100 Equity=44725.82 OpenPos=0 PendingOrders=0 UTC=2026.03.17 20:55 DayOfWeek=2 WeekendCloseActive=NO NewTradeBlocked=NO | 100100.000000
QI	0	14:58:11.992	Cazyxio_v4.3 (EURUSD,M15)	2026.03.17 20:58:11 | HEARTBEAT | SYSTEM | EA alive. Tick=100200 Equity=44725.82 OpenPos=0 PendingOrders=0 UTC=2026.03.17 20:58 DayOfWeek=2 WeekendCloseActive=NO NewTradeBlocked=NO | 100200.000000
PK	0	14:59:37.576	Cazyxio_v4.3 (EURUSD,M15)	2026.03.17 20:59:37 | HEARTBEAT | SYSTEM | EA alive. Tick=100300 Equity=44725.82 OpenPos=0 PendingOrders=0 UTC=2026.03.17 20:59 DayOfWeek=2 WeekendCloseActive=NO NewTradeBlocked=NO | 100300.000000
JH	0	15:00:00.447	Cazyxio_v4.3 (EURUSD,M15)	2026.03.17 21:00:00 | SESSION_WAIT | SYSTEM | Outside session. UTC_hour=21 Waiting.
EJ	0	15:00:03.364	Cazyxio_v4.3 (EURUSD,M15)	2026.03.17 21:00:03 | DAILY_GUARD_RESET | SYSTEM | New trading day. StartEquity=44725.82 MaxDailyLossPct=2.00 | 44725.820000
IM	0	15:00:03.364	Cazyxio_v4.3 (EURUSD,M15)	2026.03.17 21:00:03 | DAILY_SUMMARY | SYSTEM | SESSION END SUMMARY | Bars=0 Signals=0 Orders=0 SLHits=0 LimitPlaced=0 LimitFilled=0 LimitExpired=0 FallbackOrders=0 | GateFails: DIR=0 SPR=0 ATR=0 TOUCH=0 MOM=0 ZRNG=0 COOL=0 WKND=0 ADX=0 DAILY_TF=0 | LotCapped=0 | Equity=44725.82 Balance=44725.82 DayPnL=0.00 DayDD=0.00% ActiveCooldowns=NONE
JO	0	15:09:37.518	Cazyxio_v4.3 (EURUSD,M15)	2026.03.17 21:09:37 | HEARTBEAT | SYSTEM | EA alive. Tick=100400 Equity=44725.82 OpenPos=0 PendingOrders=0 UTC=2026.03.17 21:09 DayOfWeek=2 WeekendCloseActive=NO NewTradeBlocked=NO | 100400.000000
PI	0	15:24:48.397	Cazyxio_v4.3 (EURUSD,M15)	2026.03.17 21:24:48 | HEARTBEAT | SYSTEM | EA alive. Tick=100500 Equity=44725.82 OpenPos=0 PendingOrders=0 UTC=2026.03.17 21:24 DayOfWeek=2 WeekendCloseActive=NO NewTradeBlocked=NO | 100500.000000
RK	0	15:30:28.446	Cazyxio_v4.3 (EURUSD,M15)	2026.03.17 21:30:28 | HEARTBEAT | SYSTEM | EA alive. Tick=100600 Equity=44725.82 OpenPos=0 PendingOrders=0 UTC=2026.03.17 21:30 DayOfWeek=2 WeekendCloseActive=NO NewTradeBlocked=NO | 100600.000000
GE	0	15:36:27.843	Cazyxio_v4.3 (EURUSD,M15)	2026.03.17 21:36:27 | HEARTBEAT | SYSTEM | EA alive. Tick=100700 Equity=44725.82 OpenPos=0 PendingOrders=0 UTC=2026.03.17 21:36 DayOfWeek=2 WeekendCloseActive=NO NewTradeBlocked=NO | 100700.000000
JD	0	15:42:52.982	Cazyxio_v4.3 (EURUSD,M15)	2026.03.17 21:42:52 | HEARTBEAT | SYSTEM | EA alive. Tick=100800 Equity=44725.82 OpenPos=0 PendingOrders=0 UTC=2026.03.17 21:42 DayOfWeek=2 WeekendCloseActive=NO NewTradeBlocked=NO | 100800.000000
MF	0	15:46:55.970	Cazyxio_v4.3 (EURUSD,M15)	2026.03.17 21:46:55 | HEARTBEAT | SYSTEM | EA alive. Tick=100900 Equity=44725.82 OpenPos=0 PendingOrders=0 UTC=2026.03.17 21:46 DayOfWeek=2 WeekendCloseActive=NO NewTradeBlocked=NO | 100900.000000
JP	0	15:51:13.458	Cazyxio_v4.3 (EURUSD,M15)	2026.03.17 21:51:13 | HEARTBEAT | SYSTEM | EA alive. Tick=101000 Equity=44725.82 OpenPos=0 PendingOrders=0 UTC=2026.03.17 21:51 DayOfWeek=2 WeekendCloseActive=NO NewTradeBlocked=NO | 101000.000000
CR	0	15:54:06.780	Cazyxio_v4.3 (EURUSD,M15)	2026.03.17 21:54:06 | HEARTBEAT | SYSTEM | EA alive. Tick=101100 Equity=44725.82 OpenPos=0 PendingOrders=0 UTC=2026.03.17 21:54 DayOfWeek=2 WeekendCloseActive=NO NewTradeBlocked=NO | 101100.000000
JM	0	15:56:25.475	Cazyxio_v4.3 (EURUSD,M15)	2026.03.17 21:56:25 | HEARTBEAT | SYSTEM | EA alive. Tick=101200 Equity=44725.82 OpenPos=0 PendingOrders=0 UTC=2026.03.17 21:56 DayOfWeek=2 WeekendCloseActive=NO NewTradeBlocked=NO | 101200.000000
OR	0	16:00:01.313	Cazyxio_v4.3 (EURUSD,M15)	2026.03.17 22:00:01 | SESSION_WAIT | SYSTEM | Outside session. UTC_hour=22 Waiting.
HO	0	16:00:11.086	Cazyxio_v4.3 (EURUSD,M15)	2026.03.17 22:00:11 | HEARTBEAT | SYSTEM | EA alive. Tick=101300 Equity=44725.82 OpenPos=0 PendingOrders=0 UTC=2026.03.17 22:00 DayOfWeek=2 WeekendCloseActive=NO NewTradeBlocked=NO | 101300.000000
NI	0	16:00:57.307	Cazyxio_v4.3 (EURUSD,M15)	2026.03.17 22:00:57 | HEARTBEAT | SYSTEM | EA alive. Tick=101400 Equity=44725.82 OpenPos=0 PendingOrders=0 UTC=2026.03.17 22:00 DayOfWeek=2 WeekendCloseActive=NO NewTradeBlocked=NO | 101400.000000
MH	0	16:04:00.519	Cazyxio_v4.3 (EURUSD,M15)	2026.03.17 22:04:00 | HEARTBEAT | SYSTEM | EA alive. Tick=101500 Equity=44725.82 OpenPos=0 PendingOrders=0 UTC=2026.03.17 22:04 DayOfWeek=2 WeekendCloseActive=NO NewTradeBlocked=NO | 101500.000000
MJ	0	16:07:58.381	Cazyxio_v4.3 (EURUSD,M15)	2026.03.17 22:07:58 | HEARTBEAT | SYSTEM | EA alive. Tick=101600 Equity=44725.82 OpenPos=0 PendingOrders=0 UTC=2026.03.17 22:07 DayOfWeek=2 WeekendCloseActive=NO NewTradeBlocked=NO | 101600.000000
ED	0	16:10:31.923	Cazyxio_v4.3 (EURUSD,M15)	2026.03.17 22:10:31 | HEARTBEAT | SYSTEM | EA alive. Tick=101700 Equity=44725.82 OpenPos=0 PendingOrders=0 UTC=2026.03.17 22:10 DayOfWeek=2 WeekendCloseActive=NO NewTradeBlocked=NO | 101700.000000
IF	0	16:12:23.318	Cazyxio_v4.3 (EURUSD,M15)	2026.03.17 22:12:23 | HEARTBEAT | SYSTEM | EA alive. Tick=101800 Equity=44725.82 OpenPos=0 PendingOrders=0 UTC=2026.03.17 22:12 DayOfWeek=2 WeekendCloseActive=NO NewTradeBlocked=NO | 101800.000000
KQ	0	16:13:42.933	Cazyxio_v4.3 (EURUSD,M15)	2026.03.17 22:13:42 | HEARTBEAT | SYSTEM | EA alive. Tick=101900 Equity=44725.82 OpenPos=0 PendingOrders=0 UTC=2026.03.17 22:13 DayOfWeek=2 WeekendCloseActive=NO NewTradeBlocked=NO | 101900.000000
MS	0	16:16:20.794	Cazyxio_v4.3 (EURUSD,M15)	2026.03.17 22:16:20 | HEARTBEAT | SYSTEM | EA alive. Tick=102000 Equity=44725.82 OpenPos=0 PendingOrders=0 UTC=2026.03.17 22:16 DayOfWeek=2 WeekendCloseActive=NO NewTradeBlocked=NO | 102000.000000
EM	0	16:19:32.890	Cazyxio_v4.3 (EURUSD,M15)	2026.03.17 22:19:32 | HEARTBEAT | SYSTEM | EA alive. Tick=102100 Equity=44725.82 OpenPos=0 PendingOrders=0 UTC=2026.03.17 22:19 DayOfWeek=2 WeekendCloseActive=NO NewTradeBlocked=NO | 102100.000000
LO	0	16:23:12.676	Cazyxio_v4.3 (EURUSD,M15)	2026.03.17 22:23:12 | HEARTBEAT | SYSTEM | EA alive. Tick=102200 Equity=44725.82 OpenPos=0 PendingOrders=0 UTC=2026.03.17 22:23 DayOfWeek=2 WeekendCloseActive=NO NewTradeBlocked=NO | 102200.000000
GN	0	16:26:12.175	Cazyxio_v4.3 (EURUSD,M15)	2026.03.17 22:26:12 | HEARTBEAT | SYSTEM | EA alive. Tick=102300 Equity=44725.82 OpenPos=0 PendingOrders=0 UTC=2026.03.17 22:26 DayOfWeek=2 WeekendCloseActive=NO NewTradeBlocked=NO | 102300.000000
RH	0	16:31:00.930	Cazyxio_v4.3 (EURUSD,M15)	2026.03.17 22:31:00 | HEARTBEAT | SYSTEM | EA alive. Tick=102400 Equity=44725.82 OpenPos=0 PendingOrders=0 UTC=2026.03.17 22:31 DayOfWeek=2 WeekendCloseActive=NO NewTradeBlocked=NO | 102400.000000
CJ	0	16:32:47.129	Cazyxio_v4.3 (EURUSD,M15)	2026.03.17 22:32:47 | HEARTBEAT | SYSTEM | EA alive. Tick=102500 Equity=44725.82 OpenPos=0 PendingOrders=0 UTC=2026.03.17 22:32 DayOfWeek=2 WeekendCloseActive=NO NewTradeBlocked=NO | 102500.000000
ND	0	16:34:54.452	Cazyxio_v4.3 (EURUSD,M15)	2026.03.17 22:34:54 | HEARTBEAT | SYSTEM | EA alive. Tick=102600 Equity=44725.82 OpenPos=0 PendingOrders=0 UTC=2026.03.17 22:34 DayOfWeek=2 WeekendCloseActive=NO NewTradeBlocked=NO | 102600.000000
EG	0	16:37:00.665	Cazyxio_v4.3 (EURUSD,M15)	2026.03.17 22:37:00 | HEARTBEAT | SYSTEM | EA alive. Tick=102700 Equity=44725.82 OpenPos=0 PendingOrders=0 UTC=2026.03.17 22:37 DayOfWeek=2 WeekendCloseActive=NO NewTradeBlocked=NO | 102700.000000
MQ	0	16:39:01.896	Cazyxio_v4.3 (EURUSD,M15)	2026.03.17 22:39:01 | HEARTBEAT | SYSTEM | EA alive. Tick=102800 Equity=44725.82 OpenPos=0 PendingOrders=0 UTC=2026.03.17 22:39 DayOfWeek=2 WeekendCloseActive=NO NewTradeBlocked=NO | 102800.000000
JS	0	16:41:01.889	Cazyxio_v4.3 (EURUSD,M15)	2026.03.17 22:41:01 | HEARTBEAT | SYSTEM | EA alive. Tick=102900 Equity=44725.82 OpenPos=0 PendingOrders=0 UTC=2026.03.17 22:41 DayOfWeek=2 WeekendCloseActive=NO NewTradeBlocked=NO | 102900.000000
CM	0	16:43:47.019	Cazyxio_v4.3 (EURUSD,M15)	2026.03.17 22:43:47 | HEARTBEAT | SYSTEM | EA alive. Tick=103000 Equity=44725.82 OpenPos=0 PendingOrders=0 UTC=2026.03.17 22:43 DayOfWeek=2 WeekendCloseActive=NO NewTradeBlocked=NO | 103000.000000
GL	0	16:46:17.612	Cazyxio_v4.3 (EURUSD,M15)	2026.03.17 22:46:17 | HEARTBEAT | SYSTEM | EA alive. Tick=103100 Equity=44725.82 OpenPos=0 PendingOrders=0 UTC=2026.03.17 22:46 DayOfWeek=2 WeekendCloseActive=NO NewTradeBlocked=NO | 103100.000000
JN	0	16:47:42.322	Cazyxio_v4.3 (EURUSD,M15)	2026.03.17 22:47:42 | HEARTBEAT | SYSTEM | EA alive. Tick=103200 Equity=44725.82 OpenPos=0 PendingOrders=0 UTC=2026.03.17 22:47 DayOfWeek=2 WeekendCloseActive=NO NewTradeBlocked=NO | 103200.000000
CH	0	16:49:58.475	Cazyxio_v4.3 (EURUSD,M15)	2026.03.17 22:49:58 | HEARTBEAT | SYSTEM | EA alive. Tick=103300 Equity=44725.82 OpenPos=0 PendingOrders=0 UTC=2026.03.17 22:49 DayOfWeek=2 WeekendCloseActive=NO NewTradeBlocked=NO | 103300.000000
RJ	0	16:53:02.273	Cazyxio_v4.3 (EURUSD,M15)	2026.03.17 22:53:02 | HEARTBEAT | SYSTEM | EA alive. Tick=103400 Equity=44725.82 OpenPos=0 PendingOrders=0 UTC=2026.03.17 22:53 DayOfWeek=2 WeekendCloseActive=NO NewTradeBlocked=NO | 103400.000000
RE	0	16:56:28.438	Cazyxio_v4.3 (EURUSD,M15)	2026.03.17 22:56:28 | HEARTBEAT | SYSTEM | EA alive. Tick=103500 Equity=44725.82 OpenPos=0 PendingOrders=0 UTC=2026.03.17 22:56 DayOfWeek=2 WeekendCloseActive=NO NewTradeBlocked=NO | 103500.000000
PG	0	16:59:36.688	Cazyxio_v4.3 (EURUSD,M15)	2026.03.17 22:59:36 | HEARTBEAT | SYSTEM | EA alive. Tick=103600 Equity=44725.82 OpenPos=0 PendingOrders=0 UTC=2026.03.17 22:59 DayOfWeek=2 WeekendCloseActive=NO NewTradeBlocked=NO | 103600.000000
HL	0	17:00:00.601	Cazyxio_v4.3 (EURUSD,M15)	2026.03.17 23:00:00 | SESSION_WAIT | SYSTEM | Outside session. UTC_hour=23 Waiting.
CQ	0	17:02:25.684	Cazyxio_v4.3 (EURUSD,M15)	2026.03.17 23:02:25 | HEARTBEAT | SYSTEM | EA alive. Tick=103700 Equity=44725.82 OpenPos=0 PendingOrders=0 UTC=2026.03.17 23:02 DayOfWeek=2 WeekendCloseActive=NO NewTradeBlocked=NO | 103700.000000
JS	0	17:03:31.932	Cazyxio_v4.3 (EURUSD,M15)	2026.03.17 23:03:31 | HEARTBEAT | SYSTEM | EA alive. Tick=103800 Equity=44725.82 OpenPos=0 PendingOrders=0 UTC=2026.03.17 23:03 DayOfWeek=2 WeekendCloseActive=NO NewTradeBlocked=NO | 103800.000000
KR	0	17:04:42.378	Cazyxio_v4.3 (EURUSD,M15)	2026.03.17 23:04:42 | HEARTBEAT | SYSTEM | EA alive. Tick=103900 Equity=44725.82 OpenPos=0 PendingOrders=0 UTC=2026.03.17 23:04 DayOfWeek=2 WeekendCloseActive=NO NewTradeBlocked=NO | 103900.000000
HL	0	17:07:18.170	Cazyxio_v4.3 (EURUSD,M15)	2026.03.17 23:07:18 | HEARTBEAT | SYSTEM | EA alive. Tick=104000 Equity=44725.82 OpenPos=0 PendingOrders=0 UTC=2026.03.17 23:07 DayOfWeek=2 WeekendCloseActive=NO NewTradeBlocked=NO | 104000.000000
NN	0	17:10:55.772	Cazyxio_v4.3 (EURUSD,M15)	2026.03.17 23:10:55 | HEARTBEAT | SYSTEM | EA alive. Tick=104100 Equity=44725.82 OpenPos=0 PendingOrders=0 UTC=2026.03.17 23:10 DayOfWeek=2 WeekendCloseActive=NO NewTradeBlocked=NO | 104100.000000
NH	0	17:14:10.277	Cazyxio_v4.3 (EURUSD,M15)	2026.03.17 23:14:10 | HEARTBEAT | SYSTEM | EA alive. Tick=104200 Equity=44725.82 OpenPos=0 PendingOrders=0 UTC=2026.03.17 23:14 DayOfWeek=2 WeekendCloseActive=NO NewTradeBlocked=NO | 104200.000000
CK	0	17:16:02.788	Cazyxio_v4.3 (EURUSD,M15)	2026.03.17 23:16:02 | HEARTBEAT | SYSTEM | EA alive. Tick=104300 Equity=44725.82 OpenPos=0 PendingOrders=0 UTC=2026.03.17 23:16 DayOfWeek=2 WeekendCloseActive=NO NewTradeBlocked=NO | 104300.000000
KE	0	17:18:18.261	Cazyxio_v4.3 (EURUSD,M15)	2026.03.17 23:18:18 | HEARTBEAT | SYSTEM | EA alive. Tick=104400 Equity=44725.82 OpenPos=0 PendingOrders=0 UTC=2026.03.17 23:18 DayOfWeek=2 WeekendCloseActive=NO NewTradeBlocked=NO | 104400.000000
NG	0	17:22:36.571	Cazyxio_v4.3 (EURUSD,M15)	2026.03.17 23:22:36 | HEARTBEAT | SYSTEM | EA alive. Tick=104500 Equity=44725.82 OpenPos=0 PendingOrders=0 UTC=2026.03.17 23:22 DayOfWeek=2 WeekendCloseActive=NO NewTradeBlocked=NO | 104500.000000
MQ	0	17:23:33.766	Cazyxio_v4.3 (EURUSD,M15)	2026.03.17 23:23:33 | HEARTBEAT | SYSTEM | EA alive. Tick=104600 Equity=44725.82 OpenPos=0 PendingOrders=0 UTC=2026.03.17 23:23 DayOfWeek=2 WeekendCloseActive=NO NewTradeBlocked=NO | 104600.000000
JP	0	17:24:33.274	Cazyxio_v4.3 (EURUSD,M15)	2026.03.17 23:24:33 | HEARTBEAT | SYSTEM | EA alive. Tick=104700 Equity=44725.82 OpenPos=0 PendingOrders=0 UTC=2026.03.17 23:24 DayOfWeek=2 WeekendCloseActive=NO NewTradeBlocked=NO | 104700.000000
DR	0	17:25:25.376	Cazyxio_v4.3 (EURUSD,M15)	2026.03.17 23:25:25 | HEARTBEAT | SYSTEM | EA alive. Tick=104800 Equity=44725.82 OpenPos=0 PendingOrders=0 UTC=2026.03.17 23:25 DayOfWeek=2 WeekendCloseActive=NO NewTradeBlocked=NO | 104800.000000
PL	0	17:26:26.274	Cazyxio_v4.3 (EURUSD,M15)	2026.03.17 23:26:26 | HEARTBEAT | SYSTEM | EA alive. Tick=104900 Equity=44725.82 OpenPos=0 PendingOrders=0 UTC=2026.03.17 23:26 DayOfWeek=2 WeekendCloseActive=NO NewTradeBlocked=NO | 104900.000000
GN	0	17:28:50.929	Cazyxio_v4.3 (EURUSD,M15)	2026.03.17 23:28:50 | HEARTBEAT | SYSTEM | EA alive. Tick=105000 Equity=44725.82 OpenPos=0 PendingOrders=0 UTC=2026.03.17 23:28 DayOfWeek=2 WeekendCloseActive=NO NewTradeBlocked=NO | 105000.000000
JI	0	17:31:35.104	Cazyxio_v4.3 (EURUSD,M15)	2026.03.17 23:31:35 | HEARTBEAT | SYSTEM | EA alive. Tick=105100 Equity=44725.82 OpenPos=0 PendingOrders=0 UTC=2026.03.17 23:31 DayOfWeek=2 WeekendCloseActive=NO NewTradeBlocked=NO | 105100.000000
JK	0	17:32:45.200	Cazyxio_v4.3 (EURUSD,M15)	2026.03.17 23:32:45 | HEARTBEAT | SYSTEM | EA alive. Tick=105200 Equity=44725.82 OpenPos=0 PendingOrders=0 UTC=2026.03.17 23:32 DayOfWeek=2 WeekendCloseActive=NO NewTradeBlocked=NO | 105200.000000
DE	0	17:33:38.108	Cazyxio_v4.3 (EURUSD,M15)	2026.03.17 23:33:38 | HEARTBEAT | SYSTEM | EA alive. Tick=105300 Equity=44725.82 OpenPos=0 PendingOrders=0 UTC=2026.03.17 23:33 DayOfWeek=2 WeekendCloseActive=NO NewTradeBlocked=NO | 105300.000000
LG	0	17:34:14.406	Cazyxio_v4.3 (EURUSD,M15)	2026.03.17 23:34:14 | HEARTBEAT | SYSTEM | EA alive. Tick=105400 Equity=44725.82 OpenPos=0 PendingOrders=0 UTC=2026.03.17 23:34 DayOfWeek=2 WeekendCloseActive=NO NewTradeBlocked=NO | 105400.000000
FF	0	17:35:32.588	Cazyxio_v4.3 (EURUSD,M15)	2026.03.17 23:35:32 | HEARTBEAT | SYSTEM | EA alive. Tick=105500 Equity=44725.82 OpenPos=0 PendingOrders=0 UTC=2026.03.17 23:35 DayOfWeek=2 WeekendCloseActive=NO NewTradeBlocked=NO | 105500.000000
LP	0	17:36:46.899	Cazyxio_v4.3 (EURUSD,M15)	2026.03.17 23:36:46 | HEARTBEAT | SYSTEM | EA alive. Tick=105600 Equity=44725.82 OpenPos=0 PendingOrders=0 UTC=2026.03.17 23:36 DayOfWeek=2 WeekendCloseActive=NO NewTradeBlocked=NO | 105600.000000
MR	0	17:37:56.134	Cazyxio_v4.3 (EURUSD,M15)	2026.03.17 23:37:56 | HEARTBEAT | SYSTEM | EA alive. Tick=105700 Equity=44725.82 OpenPos=0 PendingOrders=0 UTC=2026.03.17 23:37 DayOfWeek=2 WeekendCloseActive=NO NewTradeBlocked=NO | 105700.000000
FL	0	17:38:53.631	Cazyxio_v4.3 (EURUSD,M15)	2026.03.17 23:38:53 | HEARTBEAT | SYSTEM | EA alive. Tick=105800 Equity=44725.82 OpenPos=0 PendingOrders=0 UTC=2026.03.17 23:38 DayOfWeek=2 WeekendCloseActive=NO NewTradeBlocked=NO | 105800.000000
QO	0	17:40:33.309	Cazyxio_v4.3 (EURUSD,M15)	2026.03.17 23:40:33 | HEARTBEAT | SYSTEM | EA alive. Tick=105900 Equity=44725.82 OpenPos=0 PendingOrders=0 UTC=2026.03.17 23:40 DayOfWeek=2 WeekendCloseActive=NO NewTradeBlocked=NO | 105900.000000
RI	0	17:41:41.529	Cazyxio_v4.3 (EURUSD,M15)	2026.03.17 23:41:41 | HEARTBEAT | SYSTEM | EA alive. Tick=106000 Equity=44725.82 OpenPos=0 PendingOrders=0 UTC=2026.03.17 23:41 DayOfWeek=2 WeekendCloseActive=NO NewTradeBlocked=NO | 106000.000000
HK	0	17:42:17.685	Cazyxio_v4.3 (EURUSD,M15)	2026.03.17 23:42:17 | HEARTBEAT | SYSTEM | EA alive. Tick=106100 Equity=44725.82 OpenPos=0 PendingOrders=0 UTC=2026.03.17 23:42 DayOfWeek=2 WeekendCloseActive=NO NewTradeBlocked=NO | 106100.000000
GE	0	17:42:51.196	Cazyxio_v4.3 (EURUSD,M15)	2026.03.17 23:42:51 | HEARTBEAT | SYSTEM | EA alive. Tick=106200 Equity=44725.82 OpenPos=0 PendingOrders=0 UTC=2026.03.17 23:42 DayOfWeek=2 WeekendCloseActive=NO NewTradeBlocked=NO | 106200.000000
LD	0	17:43:27.079	Cazyxio_v4.3 (EURUSD,M15)	2026.03.17 23:43:27 | HEARTBEAT | SYSTEM | EA alive. Tick=106300 Equity=44725.82 OpenPos=0 PendingOrders=0 UTC=2026.03.17 23:43 DayOfWeek=2 WeekendCloseActive=NO NewTradeBlocked=NO | 106300.000000
MF	0	17:44:00.349	Cazyxio_v4.3 (EURUSD,M15)	2026.03.17 23:44:00 | HEARTBEAT | SYSTEM | EA alive. Tick=106400 Equity=44725.82 OpenPos=0 PendingOrders=0 UTC=2026.03.17 23:44 DayOfWeek=2 WeekendCloseActive=NO NewTradeBlocked=NO | 106400.000000
KP	0	17:44:35.055	Cazyxio_v4.3 (EURUSD,M15)	2026.03.17 23:44:35 | HEARTBEAT | SYSTEM | EA alive. Tick=106500 Equity=44725.82 OpenPos=0 PendingOrders=0 UTC=2026.03.17 23:44 DayOfWeek=2 WeekendCloseActive=NO NewTradeBlocked=NO | 106500.000000
JR	0	17:45:22.486	Cazyxio_v4.3 (EURUSD,M15)	2026.03.17 23:45:22 | HEARTBEAT | SYSTEM | EA alive. Tick=106600 Equity=44725.82 OpenPos=0 PendingOrders=0 UTC=2026.03.17 23:45 DayOfWeek=2 WeekendCloseActive=NO NewTradeBlocked=NO | 106600.000000
LM	0	17:45:59.866	Cazyxio_v4.3 (EURUSD,M15)	2026.03.17 23:45:59 | HEARTBEAT | SYSTEM | EA alive. Tick=106700 Equity=44725.82 OpenPos=0 PendingOrders=0 UTC=2026.03.17 23:45 DayOfWeek=2 WeekendCloseActive=NO NewTradeBlocked=NO | 106700.000000
DO	0	17:46:46.997	Cazyxio_v4.3 (EURUSD,M15)	2026.03.17 23:46:46 | HEARTBEAT | SYSTEM | EA alive. Tick=106800 Equity=44725.82 OpenPos=0 PendingOrders=0 UTC=2026.03.17 23:46 DayOfWeek=2 WeekendCloseActive=NO NewTradeBlocked=NO | 106800.000000
CI	0	17:47:46.946	Cazyxio_v4.3 (EURUSD,M15)	2026.03.17 23:47:46 | HEARTBEAT | SYSTEM | EA alive. Tick=106900 Equity=44725.82 OpenPos=0 PendingOrders=0 UTC=2026.03.17 23:47 DayOfWeek=2 WeekendCloseActive=NO NewTradeBlocked=NO | 106900.000000
FK	0	17:49:07.453	Cazyxio_v4.3 (EURUSD,M15)	2026.03.17 23:49:07 | HEARTBEAT | SYSTEM | EA alive. Tick=107000 Equity=44725.82 OpenPos=0 PendingOrders=0 UTC=2026.03.17 23:49 DayOfWeek=2 WeekendCloseActive=NO NewTradeBlocked=NO | 107000.000000
QJ	0	17:51:02.192	Cazyxio_v4.3 (EURUSD,M15)	2026.03.17 23:51:02 | HEARTBEAT | SYSTEM | EA alive. Tick=107100 Equity=44725.82 OpenPos=0 PendingOrders=0 UTC=2026.03.17 23:51 DayOfWeek=2 WeekendCloseActive=NO NewTradeBlocked=NO | 107100.000000
FD	0	17:53:52.203	Cazyxio_v4.3 (EURUSD,M15)	2026.03.17 23:53:52 | HEARTBEAT | SYSTEM | EA alive. Tick=107200 Equity=44725.82 OpenPos=0 PendingOrders=0 UTC=2026.03.17 23:53 DayOfWeek=2 WeekendCloseActive=NO NewTradeBlocked=NO | 107200.000000
HF	0	17:55:25.397	Cazyxio_v4.3 (EURUSD,M15)	2026.03.17 23:55:25 | HEARTBEAT | SYSTEM | EA alive. Tick=107300 Equity=44725.82 OpenPos=0 PendingOrders=0 UTC=2026.03.17 23:55 DayOfWeek=2 WeekendCloseActive=NO NewTradeBlocked=NO | 107300.000000
OP	0	17:56:28.726	Cazyxio_v4.3 (EURUSD,M15)	2026.03.17 23:56:28 | HEARTBEAT | SYSTEM | EA alive. Tick=107400 Equity=44725.82 OpenPos=0 PendingOrders=0 UTC=2026.03.17 23:56 DayOfWeek=2 WeekendCloseActive=NO NewTradeBlocked=NO | 107400.000000
HS	0	17:57:33.676	Cazyxio_v4.3 (EURUSD,M15)	2026.03.17 23:57:33 | HEARTBEAT | SYSTEM | EA alive. Tick=107500 Equity=44725.82 OpenPos=0 PendingOrders=0 UTC=2026.03.17 23:57 DayOfWeek=2 WeekendCloseActive=NO NewTradeBlocked=NO | 107500.000000
GM	0	17:58:35.085	Cazyxio_v4.3 (EURUSD,M15)	2026.03.17 23:58:35 | HEARTBEAT | SYSTEM | EA alive. Tick=107600 Equity=44725.82 OpenPos=0 PendingOrders=0 UTC=2026.03.17 23:58 DayOfWeek=2 WeekendCloseActive=NO NewTradeBlocked=NO | 107600.000000
OO	0	17:59:42.080	Cazyxio_v4.3 (EURUSD,M15)	2026.03.17 23:59:42 | HEARTBEAT | SYSTEM | EA alive. Tick=107700 Equity=44725.82 OpenPos=0 PendingOrders=0 UTC=2026.03.17 23:59 DayOfWeek=2 WeekendCloseActive=NO NewTradeBlocked=NO | 107700.000000
OG	0	18:00:00.118	Cazyxio_v4.3 (EURUSD,M15)	2026.03.18 00:00:00 | SESSION_WAIT | SYSTEM | Outside session. UTC_hour=0 Waiting.
FI	0	18:00:34.331	Cazyxio_v4.3 (EURUSD,M15)	2026.03.18 00:00:34 | HEARTBEAT | SYSTEM | EA alive. Tick=107800 Equity=44725.82 OpenPos=0 PendingOrders=0 UTC=2026.03.18 00:00 DayOfWeek=3 WeekendCloseActive=NO NewTradeBlocked=NO | 107800.000000
HH	0	18:01:15.479	Cazyxio_v4.3 (EURUSD,M15)	2026.03.18 00:01:15 | HEARTBEAT | SYSTEM | EA alive. Tick=107900 Equity=44725.82 OpenPos=0 PendingOrders=0 UTC=2026.03.18 00:01 DayOfWeek=3 WeekendCloseActive=NO NewTradeBlocked=NO | 107900.000000
RJ	0	18:02:41.878	Cazyxio_v4.3 (EURUSD,M15)	2026.03.18 00:02:41 | HEARTBEAT | SYSTEM | EA alive. Tick=108000 Equity=44725.82 OpenPos=0 PendingOrders=0 UTC=2026.03.18 00:02 DayOfWeek=3 WeekendCloseActive=NO NewTradeBlocked=NO | 108000.000000
OD	0	18:03:21.328	Cazyxio_v4.3 (EURUSD,M15)	2026.03.18 00:03:21 | HEARTBEAT | SYSTEM | EA alive. Tick=108100 Equity=44725.82 OpenPos=0 PendingOrders=0 UTC=2026.03.18 00:03 DayOfWeek=3 WeekendCloseActive=NO NewTradeBlocked=NO | 108100.000000
FF	0	18:04:15.959	Cazyxio_v4.3 (EURUSD,M15)	2026.03.18 00:04:15 | HEARTBEAT | SYSTEM | EA alive. Tick=108200 Equity=44725.82 OpenPos=0 PendingOrders=0 UTC=2026.03.18 00:04 DayOfWeek=3 WeekendCloseActive=NO NewTradeBlocked=NO | 108200.000000
RQ	0	18:05:42.040	Cazyxio_v4.3 (EURUSD,M15)	2026.03.18 00:05:42 | HEARTBEAT | SYSTEM | EA alive. Tick=108300 Equity=44725.82 OpenPos=0 PendingOrders=0 UTC=2026.03.18 00:05 DayOfWeek=3 WeekendCloseActive=NO NewTradeBlocked=NO | 108300.000000
HS	0	18:06:42.458	Cazyxio_v4.3 (EURUSD,M15)	2026.03.18 00:06:42 | HEARTBEAT | SYSTEM | EA alive. Tick=108400 Equity=44725.82 OpenPos=0 PendingOrders=0 UTC=2026.03.18 00:06 DayOfWeek=3 WeekendCloseActive=NO NewTradeBlocked=NO | 108400.000000
JM	0	18:07:43.420	Cazyxio_v4.3 (EURUSD,M15)	2026.03.18 00:07:43 | HEARTBEAT | SYSTEM | EA alive. Tick=108500 Equity=44725.82 OpenPos=0 PendingOrders=0 UTC=2026.03.18 00:07 DayOfWeek=3 WeekendCloseActive=NO NewTradeBlocked=NO | 108500.000000
GO	0	18:08:39.824	Cazyxio_v4.3 (EURUSD,M15)	2026.03.18 00:08:39 | HEARTBEAT | SYSTEM | EA alive. Tick=108600 Equity=44725.82 OpenPos=0 PendingOrders=0 UTC=2026.03.18 00:08 DayOfWeek=3 WeekendCloseActive=NO NewTradeBlocked=NO | 108600.000000
EN	0	18:09:26.603	Cazyxio_v4.3 (EURUSD,M15)	2026.03.18 00:09:26 | HEARTBEAT | SYSTEM | EA alive. Tick=108700 Equity=44725.82 OpenPos=0 PendingOrders=0 UTC=2026.03.18 00:09 DayOfWeek=3 WeekendCloseActive=NO NewTradeBlocked=NO | 108700.000000
NH	0	18:10:41.541	Cazyxio_v4.3 (EURUSD,M15)	2026.03.18 00:10:41 | HEARTBEAT | SYSTEM | EA alive. Tick=108800 Equity=44725.82 OpenPos=0 PendingOrders=0 UTC=2026.03.18 00:10 DayOfWeek=3 WeekendCloseActive=NO NewTradeBlocked=NO | 108800.000000
LJ	0	18:12:16.905	Cazyxio_v4.3 (EURUSD,M15)	2026.03.18 00:12:16 | HEARTBEAT | SYSTEM | EA alive. Tick=108900 Equity=44725.82 OpenPos=0 PendingOrders=0 UTC=2026.03.18 00:12 DayOfWeek=3 WeekendCloseActive=NO NewTradeBlocked=NO | 108900.000000
ID	0	18:13:10.071	Cazyxio_v4.3 (EURUSD,M15)	2026.03.18 00:13:10 | HEARTBEAT | SYSTEM | EA alive. Tick=109000 Equity=44725.82 OpenPos=0 PendingOrders=0 UTC=2026.03.18 00:13 DayOfWeek=3 WeekendCloseActive=NO NewTradeBlocked=NO | 109000.000000
LG	0	18:14:26.020	Cazyxio_v4.3 (EURUSD,M15)	2026.03.18 00:14:26 | HEARTBEAT | SYSTEM | EA alive. Tick=109100 Equity=44725.82 OpenPos=0 PendingOrders=0 UTC=2026.03.18 00:14 DayOfWeek=3 WeekendCloseActive=NO NewTradeBlocked=NO | 109100.000000
LQ	0	18:15:36.117	Cazyxio_v4.3 (EURUSD,M15)	2026.03.18 00:15:36 | HEARTBEAT | SYSTEM | EA alive. Tick=109200 Equity=44725.82 OpenPos=0 PendingOrders=0 UTC=2026.03.18 00:15 DayOfWeek=3 WeekendCloseActive=NO NewTradeBlocked=NO | 109200.000000
DS	0	18:17:01.616	Cazyxio_v4.3 (EURUSD,M15)	2026.03.18 00:17:01 | HEARTBEAT | SYSTEM | EA alive. Tick=109300 Equity=44725.82 OpenPos=0 PendingOrders=0 UTC=2026.03.18 00:17 DayOfWeek=3 WeekendCloseActive=NO NewTradeBlocked=NO | 109300.000000
RM	0	18:19:00.885	Cazyxio_v4.3 (EURUSD,M15)	2026.03.18 00:19:00 | HEARTBEAT | SYSTEM | EA alive. Tick=109400 Equity=44725.82 OpenPos=0 PendingOrders=0 UTC=2026.03.18 00:19 DayOfWeek=3 WeekendCloseActive=NO NewTradeBlocked=NO | 109400.000000
CL	0	18:22:03.538	Cazyxio_v4.3 (EURUSD,M15)	2026.03.18 00:22:03 | HEARTBEAT | SYSTEM | EA alive. Tick=109500 Equity=44725.82 OpenPos=0 PendingOrders=0 UTC=2026.03.18 00:22 DayOfWeek=3 WeekendCloseActive=NO NewTradeBlocked=NO | 109500.000000
PN	0	18:24:19.441	Cazyxio_v4.3 (EURUSD,M15)	2026.03.18 00:24:19 | HEARTBEAT | SYSTEM | EA alive. Tick=109600 Equity=44725.82 OpenPos=0 PendingOrders=0 UTC=2026.03.18 00:24 DayOfWeek=3 WeekendCloseActive=NO NewTradeBlocked=NO | 109600.000000
MH	0	18:26:17.080	Cazyxio_v4.3 (EURUSD,M15)	2026.03.18 00:26:17 | HEARTBEAT | SYSTEM | EA alive. Tick=109700 Equity=44725.82 OpenPos=0 PendingOrders=0 UTC=2026.03.18 00:26 DayOfWeek=3 WeekendCloseActive=NO NewTradeBlocked=NO | 109700.000000
CJ	0	18:27:59.430	Cazyxio_v4.3 (EURUSD,M15)	2026.03.18 00:27:59 | HEARTBEAT | SYSTEM | EA alive. Tick=109800 Equity=44725.82 OpenPos=0 PendingOrders=0 UTC=2026.03.18 00:27 DayOfWeek=3 WeekendCloseActive=NO NewTradeBlocked=NO | 109800.000000
EE	0	18:29:47.799	Cazyxio_v4.3 (EURUSD,M15)	2026.03.18 00:29:47 | HEARTBEAT | SYSTEM | EA alive. Tick=109900 Equity=44725.82 OpenPos=0 PendingOrders=0 UTC=2026.03.18 00:29 DayOfWeek=3 WeekendCloseActive=NO NewTradeBlocked=NO | 109900.000000
NG	0	18:32:26.642	Cazyxio_v4.3 (EURUSD,M15)	2026.03.18 00:32:26 | HEARTBEAT | SYSTEM | EA alive. Tick=110000 Equity=44725.82 OpenPos=0 PendingOrders=0 UTC=2026.03.18 00:32 DayOfWeek=3 WeekendCloseActive=NO NewTradeBlocked=NO | 110000.000000
IQ	0	18:34:13.654	Cazyxio_v4.3 (EURUSD,M15)	2026.03.18 00:34:13 | HEARTBEAT | SYSTEM | EA alive. Tick=110100 Equity=44725.82 OpenPos=0 PendingOrders=0 UTC=2026.03.18 00:34 DayOfWeek=3 WeekendCloseActive=NO NewTradeBlocked=NO | 110100.000000
KS	0	18:36:05.395	Cazyxio_v4.3 (EURUSD,M15)	2026.03.18 00:36:05 | HEARTBEAT | SYSTEM | EA alive. Tick=110200 Equity=44725.82 OpenPos=0 PendingOrders=0 UTC=2026.03.18 00:36 DayOfWeek=3 WeekendCloseActive=NO NewTradeBlocked=NO | 110200.000000
GR	0	18:37:23.097	Cazyxio_v4.3 (EURUSD,M15)	2026.03.18 00:37:23 | HEARTBEAT | SYSTEM | EA alive. Tick=110300 Equity=44725.82 OpenPos=0 PendingOrders=0 UTC=2026.03.18 00:37 DayOfWeek=3 WeekendCloseActive=NO NewTradeBlocked=NO | 110300.000000
EL	0	18:39:44.507	Cazyxio_v4.3 (EURUSD,M15)	2026.03.18 00:39:44 | HEARTBEAT | SYSTEM | EA alive. Tick=110400 Equity=44725.82 OpenPos=0 PendingOrders=0 UTC=2026.03.18 00:39 DayOfWeek=3 WeekendCloseActive=NO NewTradeBlocked=NO | 110400.000000
CN	0	18:42:02.891	Cazyxio_v4.3 (EURUSD,M15)	2026.03.18 00:42:02 | HEARTBEAT | SYSTEM | EA alive. Tick=110500 Equity=44725.82 OpenPos=0 PendingOrders=0 UTC=2026.03.18 00:42 DayOfWeek=3 WeekendCloseActive=NO NewTradeBlocked=NO | 110500.000000
IH	0	18:43:54.254	Cazyxio_v4.3 (EURUSD,M15)	2026.03.18 00:43:54 | HEARTBEAT | SYSTEM | EA alive. Tick=110600 Equity=44725.82 OpenPos=0 PendingOrders=0 UTC=2026.03.18 00:43 DayOfWeek=3 WeekendCloseActive=NO NewTradeBlocked=NO | 110600.000000
JK	0	18:45:45.833	Cazyxio_v4.3 (EURUSD,M15)	2026.03.18 00:45:45 | HEARTBEAT | SYSTEM | EA alive. Tick=110700 Equity=44725.82 OpenPos=0 PendingOrders=0 UTC=2026.03.18 00:45 DayOfWeek=3 WeekendCloseActive=NO NewTradeBlocked=NO | 110700.000000
KE	0	18:48:24.295	Cazyxio_v4.3 (EURUSD,M15)	2026.03.18 00:48:24 | HEARTBEAT | SYSTEM | EA alive. Tick=110800 Equity=44725.82 OpenPos=0 PendingOrders=0 UTC=2026.03.18 00:48 DayOfWeek=3 WeekendCloseActive=NO NewTradeBlocked=NO | 110800.000000
JG	0	18:50:37.848	Cazyxio_v4.3 (EURUSD,M15)	2026.03.18 00:50:37 | HEARTBEAT | SYSTEM | EA alive. Tick=110900 Equity=44725.82 OpenPos=0 PendingOrders=0 UTC=2026.03.18 00:50 DayOfWeek=3 WeekendCloseActive=NO NewTradeBlocked=NO | 110900.000000
PQ	0	18:52:35.945	Cazyxio_v4.3 (EURUSD,M15)	2026.03.18 00:52:35 | HEARTBEAT | SYSTEM | EA alive. Tick=111000 Equity=44725.82 OpenPos=0 PendingOrders=0 UTC=2026.03.18 00:52 DayOfWeek=3 WeekendCloseActive=NO NewTradeBlocked=NO | 111000.000000
NP	0	18:54:18.433	Cazyxio_v4.3 (EURUSD,M15)	2026.03.18 00:54:18 | HEARTBEAT | SYSTEM | EA alive. Tick=111100 Equity=44725.82 OpenPos=0 PendingOrders=0 UTC=2026.03.18 00:54 DayOfWeek=3 WeekendCloseActive=NO NewTradeBlocked=NO | 111100.000000
CR	0	18:55:52.846	Cazyxio_v4.3 (EURUSD,M15)	2026.03.18 00:55:52 | HEARTBEAT | SYSTEM | EA alive. Tick=111200 Equity=44725.82 OpenPos=0 PendingOrders=0 UTC=2026.03.18 00:55 DayOfWeek=3 WeekendCloseActive=NO NewTradeBlocked=NO | 111200.000000
IL	0	18:57:17.406	Cazyxio_v4.3 (EURUSD,M15)	2026.03.18 00:57:17 | HEARTBEAT | SYSTEM | EA alive. Tick=111300 Equity=44725.82 OpenPos=0 PendingOrders=0 UTC=2026.03.18 00:57 DayOfWeek=3 WeekendCloseActive=NO NewTradeBlocked=NO | 111300.000000
KN	0	18:58:57.520	Cazyxio_v4.3 (EURUSD,M15)	2026.03.18 00:58:57 | HEARTBEAT | SYSTEM | EA alive. Tick=111400 Equity=44725.82 OpenPos=0 PendingOrders=0 UTC=2026.03.18 00:58 DayOfWeek=3 WeekendCloseActive=NO NewTradeBlocked=NO | 111400.000000
NG	0	19:00:00.332	Cazyxio_v4.3 (EURUSD,M15)	2026.03.18 01:00:00 | SESSION_WAIT | SYSTEM | Outside session. UTC_hour=1 Waiting.
CI	0	19:00:13.429	Cazyxio_v4.3 (EURUSD,M15)	2026.03.18 01:00:13 | HEARTBEAT | SYSTEM | EA alive. Tick=111500 Equity=44725.82 OpenPos=0 PendingOrders=0 UTC=2026.03.18 01:00 DayOfWeek=3 WeekendCloseActive=NO NewTradeBlocked=NO | 111500.000000
CK	0	19:01:11.758	Cazyxio_v4.3 (EURUSD,M15)	2026.03.18 01:01:11 | HEARTBEAT | SYSTEM | EA alive. Tick=111600 Equity=44725.82 OpenPos=0 PendingOrders=0 UTC=2026.03.18 01:01 DayOfWeek=3 WeekendCloseActive=NO NewTradeBlocked=NO | 111600.000000
JE	0	19:02:11.435	Cazyxio_v4.3 (EURUSD,M15)	2026.03.18 01:02:11 | HEARTBEAT | SYSTEM | EA alive. Tick=111700 Equity=44725.82 OpenPos=0 PendingOrders=0 UTC=2026.03.18 01:02 DayOfWeek=3 WeekendCloseActive=NO NewTradeBlocked=NO | 111700.000000
FG	0	19:03:25.146	Cazyxio_v4.3 (EURUSD,M15)	2026.03.18 01:03:25 | HEARTBEAT | SYSTEM | EA alive. Tick=111800 Equity=44725.82 OpenPos=0 PendingOrders=0 UTC=2026.03.18 01:03 DayOfWeek=3 WeekendCloseActive=NO NewTradeBlocked=NO | 111800.000000
NF	0	19:05:23.320	Cazyxio_v4.3 (EURUSD,M15)	2026.03.18 01:05:23 | HEARTBEAT | SYSTEM | EA alive. Tick=111900 Equity=44725.82 OpenPos=0 PendingOrders=0 UTC=2026.03.18 01:05 DayOfWeek=3 WeekendCloseActive=NO NewTradeBlocked=NO | 111900.000000
KP	0	19:08:25.586	Cazyxio_v4.3 (EURUSD,M15)	2026.03.18 01:08:25 | HEARTBEAT | SYSTEM | EA alive. Tick=112000 Equity=44725.82 OpenPos=0 PendingOrders=0 UTC=2026.03.18 01:08 DayOfWeek=3 WeekendCloseActive=NO NewTradeBlocked=NO | 112000.000000
PR	0	19:10:56.874	Cazyxio_v4.3 (EURUSD,M15)	2026.03.18 01:10:56 | HEARTBEAT | SYSTEM | EA alive. Tick=112100 Equity=44725.82 OpenPos=0 PendingOrders=0 UTC=2026.03.18 01:10 DayOfWeek=3 WeekendCloseActive=NO NewTradeBlocked=NO | 112100.000000
JL	0	19:13:23.152	Cazyxio_v4.3 (EURUSD,M15)	2026.03.18 01:13:23 | HEARTBEAT | SYSTEM | EA alive. Tick=112200 Equity=44725.82 OpenPos=0 PendingOrders=0 UTC=2026.03.18 01:13 DayOfWeek=3 WeekendCloseActive=NO NewTradeBlocked=NO | 112200.000000
MO	0	19:16:03.406	Cazyxio_v4.3 (EURUSD,M15)	2026.03.18 01:16:03 | HEARTBEAT | SYSTEM | EA alive. Tick=112300 Equity=44725.82 OpenPos=0 PendingOrders=0 UTC=2026.03.18 01:16 DayOfWeek=3 WeekendCloseActive=NO NewTradeBlocked=NO | 112300.000000
LI	0	19:20:35.527	Cazyxio_v4.3 (EURUSD,M15)	2026.03.18 01:20:35 | HEARTBEAT | SYSTEM | EA alive. Tick=112400 Equity=44725.82 OpenPos=0 PendingOrders=0 UTC=2026.03.18 01:20 DayOfWeek=3 WeekendCloseActive=NO NewTradeBlocked=NO | 112400.000000
MK	0	19:26:32.494	Cazyxio_v4.3 (EURUSD,M15)	2026.03.18 01:26:32 | HEARTBEAT | SYSTEM | EA alive. Tick=112500 Equity=44725.82 OpenPos=0 PendingOrders=0 UTC=2026.03.18 01:26 DayOfWeek=3 WeekendCloseActive=NO NewTradeBlocked=NO | 112500.000000
JE	0	19:29:46.971	Cazyxio_v4.3 (EURUSD,M15)	2026.03.18 01:29:46 | HEARTBEAT | SYSTEM | EA alive. Tick=112600 Equity=44725.82 OpenPos=0 PendingOrders=0 UTC=2026.03.18 01:29 DayOfWeek=3 WeekendCloseActive=NO NewTradeBlocked=NO | 112600.000000
ND	0	19:31:33.745	Cazyxio_v4.3 (EURUSD,M15)	2026.03.18 01:31:33 | HEARTBEAT | SYSTEM | EA alive. Tick=112700 Equity=44725.82 OpenPos=0 PendingOrders=0 UTC=2026.03.18 01:31 DayOfWeek=3 WeekendCloseActive=NO NewTradeBlocked=NO | 112700.000000
EF	0	19:33:05.180	Cazyxio_v4.3 (EURUSD,M15)	2026.03.18 01:33:05 | HEARTBEAT | SYSTEM | EA alive. Tick=112800 Equity=44725.82 OpenPos=0 PendingOrders=0 UTC=2026.03.18 01:33 DayOfWeek=3 WeekendCloseActive=NO NewTradeBlocked=NO | 112800.000000
PP	0	19:35:01.936	Cazyxio_v4.3 (EURUSD,M15)	2026.03.18 01:35:01 | HEARTBEAT | SYSTEM | EA alive. Tick=112900 Equity=44725.82 OpenPos=0 PendingOrders=0 UTC=2026.03.18 01:35 DayOfWeek=3 WeekendCloseActive=NO NewTradeBlocked=NO | 112900.000000
FR	0	19:36:44.432	Cazyxio_v4.3 (EURUSD,M15)	2026.03.18 01:36:44 | HEARTBEAT | SYSTEM | EA alive. Tick=113000 Equity=44725.82 OpenPos=0 PendingOrders=0 UTC=2026.03.18 01:36 DayOfWeek=3 WeekendCloseActive=NO NewTradeBlocked=NO | 113000.000000
EM	0	19:39:21.601	Cazyxio_v4.3 (EURUSD,M15)	2026.03.18 01:39:21 | HEARTBEAT | SYSTEM | EA alive. Tick=113100 Equity=44725.82 OpenPos=0 PendingOrders=0 UTC=2026.03.18 01:39 DayOfWeek=3 WeekendCloseActive=NO NewTradeBlocked=NO | 113100.000000
EO	0	19:42:00.690	Cazyxio_v4.3 (EURUSD,M15)	2026.03.18 01:42:00 | HEARTBEAT | SYSTEM | EA alive. Tick=113200 Equity=44725.82 OpenPos=0 PendingOrders=0 UTC=2026.03.18 01:42 DayOfWeek=3 WeekendCloseActive=NO NewTradeBlocked=NO | 113200.000000
FI	0	19:44:35.895	Cazyxio_v4.3 (EURUSD,M15)	2026.03.18 01:44:35 | HEARTBEAT | SYSTEM | EA alive. Tick=113300 Equity=44725.82 OpenPos=0 PendingOrders=0 UTC=2026.03.18 01:44 DayOfWeek=3 WeekendCloseActive=NO NewTradeBlocked=NO | 113300.000000
PK	0	19:47:06.827	Cazyxio_v4.3 (EURUSD,M15)	2026.03.18 01:47:06 | HEARTBEAT | SYSTEM | EA alive. Tick=113400 Equity=44725.82 OpenPos=0 PendingOrders=0 UTC=2026.03.18 01:47 DayOfWeek=3 WeekendCloseActive=NO NewTradeBlocked=NO | 113400.000000
EJ	0	19:48:51.177	Cazyxio_v4.3 (EURUSD,M15)	2026.03.18 01:48:51 | HEARTBEAT | SYSTEM | EA alive. Tick=113500 Equity=44725.82 OpenPos=0 PendingOrders=0 UTC=2026.03.18 01:48 DayOfWeek=3 WeekendCloseActive=NO NewTradeBlocked=NO | 113500.000000
GD	0	19:51:05.874	Cazyxio_v4.3 (EURUSD,M15)	2026.03.18 01:51:05 | HEARTBEAT | SYSTEM | EA alive. Tick=113600 Equity=44725.82 OpenPos=0 PendingOrders=0 UTC=2026.03.18 01:51 DayOfWeek=3 WeekendCloseActive=NO NewTradeBlocked=NO | 113600.000000
NF	0	19:52:33.874	Cazyxio_v4.3 (EURUSD,M15)	2026.03.18 01:52:33 | HEARTBEAT | SYSTEM | EA alive. Tick=113700 Equity=44725.82 OpenPos=0 PendingOrders=0 UTC=2026.03.18 01:52 DayOfWeek=3 WeekendCloseActive=NO NewTradeBlocked=NO | 113700.000000
OP	0	19:54:47.817	Cazyxio_v4.3 (EURUSD,M15)	2026.03.18 01:54:47 | HEARTBEAT | SYSTEM | EA alive. Tick=113800 Equity=44725.82 OpenPos=0 PendingOrders=0 UTC=2026.03.18 01:54 DayOfWeek=3 WeekendCloseActive=NO NewTradeBlocked=NO | 113800.000000
MS	0	19:57:19.025	Cazyxio_v4.3 (EURUSD,M15)	2026.03.18 01:57:19 | HEARTBEAT | SYSTEM | EA alive. Tick=113900 Equity=44725.82 OpenPos=0 PendingOrders=0 UTC=2026.03.18 01:57 DayOfWeek=3 WeekendCloseActive=NO NewTradeBlocked=NO | 113900.000000
IS	0	20:00:00.526	Cazyxio_v4.3 (EURUSD,M15)	2026.03.18 02:00:00 | SESSION_WAIT | SYSTEM | Outside session. UTC_hour=2 Waiting.
LM	0	20:00:03.901	Cazyxio_v4.3 (EURUSD,M15)	2026.03.18 02:00:03 | HEARTBEAT | SYSTEM | EA alive. Tick=114000 Equity=44725.82 OpenPos=0 PendingOrders=0 UTC=2026.03.18 02:00 DayOfWeek=3 WeekendCloseActive=NO NewTradeBlocked=NO | 114000.000000
HO	0	20:01:50.678	Cazyxio_v4.3 (EURUSD,M15)	2026.03.18 02:01:50 | HEARTBEAT | SYSTEM | EA alive. Tick=114100 Equity=44725.82 OpenPos=0 PendingOrders=0 UTC=2026.03.18 02:01 DayOfWeek=3 WeekendCloseActive=NO NewTradeBlocked=NO | 114100.000000
NI	0	20:03:28.155	Cazyxio_v4.3 (EURUSD,M15)	2026.03.18 02:03:28 | HEARTBEAT | SYSTEM | EA alive. Tick=114200 Equity=44725.82 OpenPos=0 PendingOrders=0 UTC=2026.03.18 02:03 DayOfWeek=3 WeekendCloseActive=NO NewTradeBlocked=NO | 114200.000000
GH	0	20:05:49.602	Cazyxio_v4.3 (EURUSD,M15)	2026.03.18 02:05:49 | HEARTBEAT | SYSTEM | EA alive. Tick=114300 Equity=44725.82 OpenPos=0 PendingOrders=0 UTC=2026.03.18 02:05 DayOfWeek=3 WeekendCloseActive=NO NewTradeBlocked=NO | 114300.000000
CJ	0	20:07:57.732	Cazyxio_v4.3 (EURUSD,M15)	2026.03.18 02:07:57 | HEARTBEAT | SYSTEM | EA alive. Tick=114400 Equity=44725.82 OpenPos=0 PendingOrders=0 UTC=2026.03.18 02:07 DayOfWeek=3 WeekendCloseActive=NO NewTradeBlocked=NO | 114400.000000
ND	0	20:10:52.997	Cazyxio_v4.3 (EURUSD,M15)	2026.03.18 02:10:52 | HEARTBEAT | SYSTEM | EA alive. Tick=114500 Equity=44725.82 OpenPos=0 PendingOrders=0 UTC=2026.03.18 02:10 DayOfWeek=3 WeekendCloseActive=NO NewTradeBlocked=NO | 114500.000000
CF	0	20:15:03.159	Cazyxio_v4.3 (EURUSD,M15)	2026.03.18 02:15:03 | HEARTBEAT | SYSTEM | EA alive. Tick=114600 Equity=44725.82 OpenPos=0 PendingOrders=0 UTC=2026.03.18 02:15 DayOfWeek=3 WeekendCloseActive=NO NewTradeBlocked=NO | 114600.000000
LQ	0	20:17:27.183	Cazyxio_v4.3 (EURUSD,M15)	2026.03.18 02:17:27 | HEARTBEAT | SYSTEM | EA alive. Tick=114700 Equity=44725.82 OpenPos=0 PendingOrders=0 UTC=2026.03.18 02:17 DayOfWeek=3 WeekendCloseActive=NO NewTradeBlocked=NO | 114700.000000
GS	0	20:21:01.363	Cazyxio_v4.3 (EURUSD,M15)	2026.03.18 02:21:01 | HEARTBEAT | SYSTEM | EA alive. Tick=114800 Equity=44725.82 OpenPos=0 PendingOrders=0 UTC=2026.03.18 02:21 DayOfWeek=3 WeekendCloseActive=NO NewTradeBlocked=NO | 114800.000000
IM	0	20:23:45.831	Cazyxio_v4.3 (EURUSD,M15)	2026.03.18 02:23:45 | HEARTBEAT | SYSTEM | EA alive. Tick=114900 Equity=44725.82 OpenPos=0 PendingOrders=0 UTC=2026.03.18 02:23 DayOfWeek=3 WeekendCloseActive=NO NewTradeBlocked=NO | 114900.000000
CO	0	20:28:22.740	Cazyxio_v4.3 (EURUSD,M15)	2026.03.18 02:28:22 | HEARTBEAT | SYSTEM | EA alive. Tick=115000 Equity=44725.82 OpenPos=0 PendingOrders=0 UTC=2026.03.18 02:28 DayOfWeek=3 WeekendCloseActive=NO NewTradeBlocked=NO | 115000.000000
JN	0	20:31:30.077	Cazyxio_v4.3 (EURUSD,M15)	2026.03.18 02:31:30 | HEARTBEAT | SYSTEM | EA alive. Tick=115100 Equity=44725.82 OpenPos=0 PendingOrders=0 UTC=2026.03.18 02:31 DayOfWeek=3 WeekendCloseActive=NO NewTradeBlocked=NO | 115100.000000
CH	0	20:35:02.007	Cazyxio_v4.3 (EURUSD,M15)	2026.03.18 02:35:02 | HEARTBEAT | SYSTEM | EA alive. Tick=115200 Equity=44725.82 OpenPos=0 PendingOrders=0 UTC=2026.03.18 02:35 DayOfWeek=3 WeekendCloseActive=NO NewTradeBlocked=NO | 115200.000000
GJ	0	20:38:20.147	Cazyxio_v4.3 (EURUSD,M15)	2026.03.18 02:38:20 | HEARTBEAT | SYSTEM | EA alive. Tick=115300 Equity=44725.82 OpenPos=0 PendingOrders=0 UTC=2026.03.18 02:38 DayOfWeek=3 WeekendCloseActive=NO NewTradeBlocked=NO | 115300.000000
KD	0	20:43:05.969	Cazyxio_v4.3 (EURUSD,M15)	2026.03.18 02:43:05 | HEARTBEAT | SYSTEM | EA alive. Tick=115400 Equity=44725.82 OpenPos=0 PendingOrders=0 UTC=2026.03.18 02:43 DayOfWeek=3 WeekendCloseActive=NO NewTradeBlocked=NO | 115400.000000
MG	0	20:45:02.842	Cazyxio_v4.3 (EURUSD,M15)	2026.03.18 02:45:02 | HEARTBEAT | SYSTEM | EA alive. Tick=115500 Equity=44725.82 OpenPos=0 PendingOrders=0 UTC=2026.03.18 02:45 DayOfWeek=3 WeekendCloseActive=NO NewTradeBlocked=NO | 115500.000000
DQ	0	20:48:06.905	Cazyxio_v4.3 (EURUSD,M15)	2026.03.18 02:48:06 | HEARTBEAT | SYSTEM | EA alive. Tick=115600 Equity=44725.82 OpenPos=0 PendingOrders=0 UTC=2026.03.18 02:48 DayOfWeek=3 WeekendCloseActive=NO NewTradeBlocked=NO | 115600.000000
DS	0	20:51:30.190	Cazyxio_v4.3 (EURUSD,M15)	2026.03.18 02:51:30 | HEARTBEAT | SYSTEM | EA alive. Tick=115700 Equity=44725.82 OpenPos=0 PendingOrders=0 UTC=2026.03.18 02:51 DayOfWeek=3 WeekendCloseActive=NO NewTradeBlocked=NO | 115700.000000
OM	0	20:54:19.062	Cazyxio_v4.3 (EURUSD,M15)	2026.03.18 02:54:19 | HEARTBEAT | SYSTEM | EA alive. Tick=115800 Equity=44725.82 OpenPos=0 PendingOrders=0 UTC=2026.03.18 02:54 DayOfWeek=3 WeekendCloseActive=NO NewTradeBlocked=NO | 115800.000000
NL	0	20:57:41.048	Cazyxio_v4.3 (EURUSD,M15)	2026.03.18 02:57:41 | HEARTBEAT | SYSTEM | EA alive. Tick=115900 Equity=44725.82 OpenPos=0 PendingOrders=0 UTC=2026.03.18 02:57 DayOfWeek=3 WeekendCloseActive=NO NewTradeBlocked=NO | 115900.000000
HP	0	21:00:01.650	Cazyxio_v4.3 (EURUSD,M15)	2026.03.18 03:00:01 | SESSION_WAIT | SYSTEM | Outside session. UTC_hour=3 Waiting.
DN	0	21:00:31.991	Cazyxio_v4.3 (EURUSD,M15)	2026.03.18 03:00:31 | HEARTBEAT | SYSTEM | EA alive. Tick=116000 Equity=44725.82 OpenPos=0 PendingOrders=0 UTC=2026.03.18 03:00 DayOfWeek=3 WeekendCloseActive=NO NewTradeBlocked=NO | 116000.000000
HH	0	21:03:26.309	Cazyxio_v4.3 (EURUSD,M15)	2026.03.18 03:03:26 | HEARTBEAT | SYSTEM | EA alive. Tick=116100 Equity=44725.82 OpenPos=0 PendingOrders=0 UTC=2026.03.18 03:03 DayOfWeek=3 WeekendCloseActive=NO NewTradeBlocked=NO | 116100.000000
HJ	0	21:07:04.280	Cazyxio_v4.3 (EURUSD,M15)	2026.03.18 03:07:04 | HEARTBEAT | SYSTEM | EA alive. Tick=116200 Equity=44725.82 OpenPos=0 PendingOrders=0 UTC=2026.03.18 03:07 DayOfWeek=3 WeekendCloseActive=NO NewTradeBlocked=NO | 116200.000000
ME	0	21:10:20.906	Cazyxio_v4.3 (EURUSD,M15)	2026.03.18 03:10:20 | HEARTBEAT | SYSTEM | EA alive. Tick=116300 Equity=44725.82 OpenPos=0 PendingOrders=0 UTC=2026.03.18 03:10 DayOfWeek=3 WeekendCloseActive=NO NewTradeBlocked=NO | 116300.000000
DG	0	21:14:32.598	Cazyxio_v4.3 (EURUSD,M15)	2026.03.18 03:14:32 | HEARTBEAT | SYSTEM | EA alive. Tick=116400 Equity=44725.82 OpenPos=0 PendingOrders=0 UTC=2026.03.18 03:14 DayOfWeek=3 WeekendCloseActive=NO NewTradeBlocked=NO | 116400.000000
FQ	0	21:19:06.474	Cazyxio_v4.3 (EURUSD,M15)	2026.03.18 03:19:06 | HEARTBEAT | SYSTEM | EA alive. Tick=116500 Equity=44725.82 OpenPos=0 PendingOrders=0 UTC=2026.03.18 03:19 DayOfWeek=3 WeekendCloseActive=NO NewTradeBlocked=NO | 116500.000000
NS	0	21:24:25.544	Cazyxio_v4.3 (EURUSD,M15)	2026.03.18 03:24:25 | HEARTBEAT | SYSTEM | EA alive. Tick=116600 Equity=44725.82 OpenPos=0 PendingOrders=0 UTC=2026.03.18 03:24 DayOfWeek=3 WeekendCloseActive=NO NewTradeBlocked=NO | 116600.000000
JR	0	21:30:42.415	Cazyxio_v4.3 (EURUSD,M15)	2026.03.18 03:30:42 | HEARTBEAT | SYSTEM | EA alive. Tick=116700 Equity=44725.82 OpenPos=0 PendingOrders=0 UTC=2026.03.18 03:30 DayOfWeek=3 WeekendCloseActive=NO NewTradeBlocked=NO | 116700.000000
IL	0	21:35:45.752	Cazyxio_v4.3 (EURUSD,M15)	2026.03.18 03:35:45 | HEARTBEAT | SYSTEM | EA alive. Tick=116800 Equity=44725.82 OpenPos=0 PendingOrders=0 UTC=2026.03.18 03:35 DayOfWeek=3 WeekendCloseActive=NO NewTradeBlocked=NO | 116800.000000
RN	0	21:39:44.229	Cazyxio_v4.3 (EURUSD,M15)	2026.03.18 03:39:44 | HEARTBEAT | SYSTEM | EA alive. Tick=116900 Equity=44725.82 OpenPos=0 PendingOrders=0 UTC=2026.03.18 03:39 DayOfWeek=3 WeekendCloseActive=NO NewTradeBlocked=NO | 116900.000000
GH	0	21:44:26.628	Cazyxio_v4.3 (EURUSD,M15)	2026.03.18 03:44:26 | HEARTBEAT | SYSTEM | EA alive. Tick=117000 Equity=44725.82 OpenPos=0 PendingOrders=0 UTC=2026.03.18 03:44 DayOfWeek=3 WeekendCloseActive=NO NewTradeBlocked=NO | 117000.000000
QK	0	21:47:29.119	Cazyxio_v4.3 (EURUSD,M15)	2026.03.18 03:47:29 | HEARTBEAT | SYSTEM | EA alive. Tick=117100 Equity=44725.82 OpenPos=0 PendingOrders=0 UTC=2026.03.18 03:47 DayOfWeek=3 WeekendCloseActive=NO NewTradeBlocked=NO | 117100.000000
JE	0	21:51:18.146	Cazyxio_v4.3 (EURUSD,M15)	2026.03.18 03:51:18 | HEARTBEAT | SYSTEM | EA alive. Tick=117200 Equity=44725.82 OpenPos=0 PendingOrders=0 UTC=2026.03.18 03:51 DayOfWeek=3 WeekendCloseActive=NO NewTradeBlocked=NO | 117200.000000
HG	0	21:56:24.857	Cazyxio_v4.3 (EURUSD,M15)	2026.03.18 03:56:24 | HEARTBEAT | SYSTEM | EA alive. Tick=117300 Equity=44725.82 OpenPos=0 PendingOrders=0 UTC=2026.03.18 03:56 DayOfWeek=3 WeekendCloseActive=NO NewTradeBlocked=NO | 117300.000000
EQ	0	21:59:39.978	Cazyxio_v4.3 (EURUSD,M15)	2026.03.18 03:59:39 | HEARTBEAT | SYSTEM | EA alive. Tick=117400 Equity=44725.82 OpenPos=0 PendingOrders=0 UTC=2026.03.18 03:59 DayOfWeek=3 WeekendCloseActive=NO NewTradeBlocked=NO | 117400.000000
GN	0	22:00:00.005	Cazyxio_v4.3 (EURUSD,M15)	2026.03.18 04:00:00 | SESSION_WAIT | SYSTEM | Outside session. UTC_hour=4 Waiting.
LP	0	22:01:55.087	Cazyxio_v4.3 (EURUSD,M15)	2026.03.18 04:01:55 | HEARTBEAT | SYSTEM | EA alive. Tick=117500 Equity=44725.82 OpenPos=0 PendingOrders=0 UTC=2026.03.18 04:01 DayOfWeek=3 WeekendCloseActive=NO NewTradeBlocked=NO | 117500.000000
ER	0	22:05:15.602	Cazyxio_v4.3 (EURUSD,M15)	2026.03.18 04:05:15 | HEARTBEAT | SYSTEM | EA alive. Tick=117600 Equity=44725.82 OpenPos=0 PendingOrders=0 UTC=2026.03.18 04:05 DayOfWeek=3 WeekendCloseActive=NO NewTradeBlocked=NO | 117600.000000
JL	0	22:09:38.302	Cazyxio_v4.3 (EURUSD,M15)	2026.03.18 04:09:38 | HEARTBEAT | SYSTEM | EA alive. Tick=117700 Equity=44725.82 OpenPos=0 PendingOrders=0 UTC=2026.03.18 04:09 DayOfWeek=3 WeekendCloseActive=NO NewTradeBlocked=NO | 117700.000000
LN	0	22:11:55.255	Cazyxio_v4.3 (EURUSD,M15)	2026.03.18 04:11:55 | HEARTBEAT | SYSTEM | EA alive. Tick=117800 Equity=44725.82 OpenPos=0 PendingOrders=0 UTC=2026.03.18 04:11 DayOfWeek=3 WeekendCloseActive=NO NewTradeBlocked=NO | 117800.000000
OI	0	22:15:22.861	Cazyxio_v4.3 (EURUSD,M15)	2026.03.18 04:15:22 | HEARTBEAT | SYSTEM | EA alive. Tick=117900 Equity=44725.82 OpenPos=0 PendingOrders=0 UTC=2026.03.18 04:15 DayOfWeek=3 WeekendCloseActive=NO NewTradeBlocked=NO | 117900.000000
OK	0	22:21:10.387	Cazyxio_v4.3 (EURUSD,M15)	2026.03.18 04:21:10 | HEARTBEAT | SYSTEM | EA alive. Tick=118000 Equity=44725.82 OpenPos=0 PendingOrders=0 UTC=2026.03.18 04:21 DayOfWeek=3 WeekendCloseActive=NO NewTradeBlocked=NO | 118000.000000
FE	0	22:24:01.390	Cazyxio_v4.3 (EURUSD,M15)	2026.03.18 04:24:01 | HEARTBEAT | SYSTEM | EA alive. Tick=118100 Equity=44725.82 OpenPos=0 PendingOrders=0 UTC=2026.03.18 04:24 DayOfWeek=3 WeekendCloseActive=NO NewTradeBlocked=NO | 118100.000000
GG	0	22:28:28.500	Cazyxio_v4.3 (EURUSD,M15)	2026.03.18 04:28:28 | HEARTBEAT | SYSTEM | EA alive. Tick=118200 Equity=44725.82 OpenPos=0 PendingOrders=0 UTC=2026.03.18 04:28 DayOfWeek=3 WeekendCloseActive=NO NewTradeBlocked=NO | 118200.000000
HF	0	22:32:29.407	Cazyxio_v4.3 (EURUSD,M15)	2026.03.18 04:32:29 | HEARTBEAT | SYSTEM | EA alive. Tick=118300 Equity=44725.82 OpenPos=0 PendingOrders=0 UTC=2026.03.18 04:32 DayOfWeek=3 WeekendCloseActive=NO NewTradeBlocked=NO | 118300.000000
LP	0	22:36:04.807	Cazyxio_v4.3 (EURUSD,M15)	2026.03.18 04:36:04 | HEARTBEAT | SYSTEM | EA alive. Tick=118400 Equity=44725.82 OpenPos=0 PendingOrders=0 UTC=2026.03.18 04:36 DayOfWeek=3 WeekendCloseActive=NO NewTradeBlocked=NO | 118400.000000
FR	0	22:41:00.786	Cazyxio_v4.3 (EURUSD,M15)	2026.03.18 04:41:00 | HEARTBEAT | SYSTEM | EA alive. Tick=118500 Equity=44725.82 OpenPos=0 PendingOrders=0 UTC=2026.03.18 04:41 DayOfWeek=3 WeekendCloseActive=NO NewTradeBlocked=NO | 118500.000000
GL	0	22:47:39.518	Cazyxio_v4.3 (EURUSD,M15)	2026.03.18 04:47:39 | HEARTBEAT | SYSTEM | EA alive. Tick=118600 Equity=44725.82 OpenPos=0 PendingOrders=0 UTC=2026.03.18 04:47 DayOfWeek=3 WeekendCloseActive=NO NewTradeBlocked=NO | 118600.000000
HO	0	22:51:20.530	Cazyxio_v4.3 (EURUSD,M15)	2026.03.18 04:51:20 | HEARTBEAT | SYSTEM | EA alive. Tick=118700 Equity=44725.82 OpenPos=0 PendingOrders=0 UTC=2026.03.18 04:51 DayOfWeek=3 WeekendCloseActive=NO NewTradeBlocked=NO | 118700.000000
HI	0	22:53:28.257	Cazyxio_v4.3 (EURUSD,M15)	2026.03.18 04:53:28 | HEARTBEAT | SYSTEM | EA alive. Tick=118800 Equity=44725.82 OpenPos=0 PendingOrders=0 UTC=2026.03.18 04:53 DayOfWeek=3 WeekendCloseActive=NO NewTradeBlocked=NO | 118800.000000
QK	0	22:55:07.331	Cazyxio_v4.3 (EURUSD,M15)	2026.03.18 04:55:07 | HEARTBEAT | SYSTEM | EA alive. Tick=118900 Equity=44725.82 OpenPos=0 PendingOrders=0 UTC=2026.03.18 04:55 DayOfWeek=3 WeekendCloseActive=NO NewTradeBlocked=NO | 118900.000000
FE	0	22:57:52.857	Cazyxio_v4.3 (EURUSD,M15)	2026.03.18 04:57:52 | HEARTBEAT | SYSTEM | EA alive. Tick=119000 Equity=44725.82 OpenPos=0 PendingOrders=0 UTC=2026.03.18 04:57 DayOfWeek=3 WeekendCloseActive=NO NewTradeBlocked=NO | 119000.000000
CJ	0	23:00:02.066	Cazyxio_v4.3 (EURUSD,M15)	2026.03.18 05:00:02 | SESSION_WAIT | SYSTEM | Outside session. UTC_hour=5 Waiting.
ED	0	23:00:51.163	Cazyxio_v4.3 (EURUSD,M15)	2026.03.18 05:00:51 | HEARTBEAT | SYSTEM | EA alive. Tick=119100 Equity=44725.82 OpenPos=0 PendingOrders=0 UTC=2026.03.18 05:00 DayOfWeek=3 WeekendCloseActive=NO NewTradeBlocked=NO | 119100.000000
KF	0	23:03:53.238	Cazyxio_v4.3 (EURUSD,M15)	2026.03.18 05:03:53 | HEARTBEAT | SYSTEM | EA alive. Tick=119200 Equity=44725.82 OpenPos=0 PendingOrders=0 UTC=2026.03.18 05:03 DayOfWeek=3 WeekendCloseActive=NO NewTradeBlocked=NO | 119200.000000
EP	0	23:08:09.224	Cazyxio_v4.3 (EURUSD,M15)	2026.03.18 05:08:09 | HEARTBEAT | SYSTEM | EA alive. Tick=119300 Equity=44725.82 OpenPos=0 PendingOrders=0 UTC=2026.03.18 05:08 DayOfWeek=3 WeekendCloseActive=NO NewTradeBlocked=NO | 119300.000000
KR	0	23:11:36.772	Cazyxio_v4.3 (EURUSD,M15)	2026.03.18 05:11:36 | HEARTBEAT | SYSTEM | EA alive. Tick=119400 Equity=44725.82 OpenPos=0 PendingOrders=0 UTC=2026.03.18 05:11 DayOfWeek=3 WeekendCloseActive=NO NewTradeBlocked=NO | 119400.000000
CM	0	23:15:21.147	Cazyxio_v4.3 (EURUSD,M15)	2026.03.18 05:15:21 | HEARTBEAT | SYSTEM | EA alive. Tick=119500 Equity=44725.82 OpenPos=0 PendingOrders=0 UTC=2026.03.18 05:15 DayOfWeek=3 WeekendCloseActive=NO NewTradeBlocked=NO | 119500.000000
GO	0	23:17:38.437	Cazyxio_v4.3 (EURUSD,M15)	2026.03.18 05:17:38 | HEARTBEAT | SYSTEM | EA alive. Tick=119600 Equity=44725.82 OpenPos=0 PendingOrders=0 UTC=2026.03.18 05:17 DayOfWeek=3 WeekendCloseActive=NO NewTradeBlocked=NO | 119600.000000
KI	0	23:20:38.646	Cazyxio_v4.3 (EURUSD,M15)	2026.03.18 05:20:38 | HEARTBEAT | SYSTEM | EA alive. Tick=119700 Equity=44725.82 OpenPos=0 PendingOrders=0 UTC=2026.03.18 05:20 DayOfWeek=3 WeekendCloseActive=NO NewTradeBlocked=NO | 119700.000000
FK	0	23:22:53.696	Cazyxio_v4.3 (EURUSD,M15)	2026.03.18 05:22:53 | HEARTBEAT | SYSTEM | EA alive. Tick=119800 Equity=44725.82 OpenPos=0 PendingOrders=0 UTC=2026.03.18 05:22 DayOfWeek=3 WeekendCloseActive=NO NewTradeBlocked=NO | 119800.000000
JJ	0	23:25:45.789	Cazyxio_v4.3 (EURUSD,M15)	2026.03.18 05:25:45 | HEARTBEAT | SYSTEM | EA alive. Tick=119900 Equity=44725.82 OpenPos=0 PendingOrders=0 UTC=2026.03.18 05:25 DayOfWeek=3 WeekendCloseActive=NO NewTradeBlocked=NO | 119900.000000
FD	0	23:27:52.260	Cazyxio_v4.3 (EURUSD,M15)	2026.03.18 05:27:52 | HEARTBEAT | SYSTEM | EA alive. Tick=120000 Equity=44725.82 OpenPos=0 PendingOrders=0 UTC=2026.03.18 05:27 DayOfWeek=3 WeekendCloseActive=NO NewTradeBlocked=NO | 120000.000000
MF	0	23:30:10.205	Cazyxio_v4.3 (EURUSD,M15)	2026.03.18 05:30:10 | HEARTBEAT | SYSTEM | EA alive. Tick=120100 Equity=44725.82 OpenPos=0 PendingOrders=0 UTC=2026.03.18 05:30 DayOfWeek=3 WeekendCloseActive=NO NewTradeBlocked=NO | 120100.000000
KP	0	23:32:14.452	Cazyxio_v4.3 (EURUSD,M15)	2026.03.18 05:32:14 | HEARTBEAT | SYSTEM | EA alive. Tick=120200 Equity=44725.82 OpenPos=0 PendingOrders=0 UTC=2026.03.18 05:32 DayOfWeek=3 WeekendCloseActive=NO NewTradeBlocked=NO | 120200.000000
RS	0	23:34:56.592	Cazyxio_v4.3 (EURUSD,M15)	2026.03.18 05:34:56 | HEARTBEAT | SYSTEM | EA alive. Tick=120300 Equity=44725.82 OpenPos=0 PendingOrders=0 UTC=2026.03.18 05:34 DayOfWeek=3 WeekendCloseActive=NO NewTradeBlocked=NO | 120300.000000
EM	0	23:37:59.253	Cazyxio_v4.3 (EURUSD,M15)	2026.03.18 05:37:59 | HEARTBEAT | SYSTEM | EA alive. Tick=120400 Equity=44725.82 OpenPos=0 PendingOrders=0 UTC=2026.03.18 05:37 DayOfWeek=3 WeekendCloseActive=NO NewTradeBlocked=NO | 120400.000000
GO	0	23:40:40.538	Cazyxio_v4.3 (EURUSD,M15)	2026.03.18 05:40:40 | HEARTBEAT | SYSTEM | EA alive. Tick=120500 Equity=44725.82 OpenPos=0 PendingOrders=0 UTC=2026.03.18 05:40 DayOfWeek=3 WeekendCloseActive=NO NewTradeBlocked=NO | 120500.000000
PI	0	23:44:53.205	Cazyxio_v4.3 (EURUSD,M15)	2026.03.18 05:44:53 | HEARTBEAT | SYSTEM | EA alive. Tick=120600 Equity=44725.82 OpenPos=0 PendingOrders=0 UTC=2026.03.18 05:44 DayOfWeek=3 WeekendCloseActive=NO NewTradeBlocked=NO | 120600.000000
PH	0	23:46:22.687	Cazyxio_v4.3 (EURUSD,M15)	2026.03.18 05:46:22 | HEARTBEAT | SYSTEM | EA alive. Tick=120700 Equity=44725.82 OpenPos=0 PendingOrders=0 UTC=2026.03.18 05:46 DayOfWeek=3 WeekendCloseActive=NO NewTradeBlocked=NO | 120700.000000
NJ	0	23:49:55.253	Cazyxio_v4.3 (EURUSD,M15)	2026.03.18 05:49:55 | HEARTBEAT | SYSTEM | EA alive. Tick=120800 Equity=44725.82 OpenPos=0 PendingOrders=0 UTC=2026.03.18 05:49 DayOfWeek=3 WeekendCloseActive=NO NewTradeBlocked=NO | 120800.000000
MD	0	23:52:59.388	Cazyxio_v4.3 (EURUSD,M15)	2026.03.18 05:52:59 | HEARTBEAT | SYSTEM | EA alive. Tick=120900 Equity=44725.82 OpenPos=0 PendingOrders=0 UTC=2026.03.18 05:52 DayOfWeek=3 WeekendCloseActive=NO NewTradeBlocked=NO | 120900.000000
IF	0	23:55:25.185	Cazyxio_v4.3 (EURUSD,M15)	2026.03.18 05:55:25 | HEARTBEAT | SYSTEM | EA alive. Tick=121000 Equity=44725.82 OpenPos=0 PendingOrders=0 UTC=2026.03.18 05:55 DayOfWeek=3 WeekendCloseActive=NO NewTradeBlocked=NO | 121000.000000
HQ	0	23:57:16.133	Cazyxio_v4.3 (EURUSD,M15)	2026.03.18 05:57:16 | HEARTBEAT | SYSTEM | EA alive. Tick=121100 Equity=44725.82 OpenPos=0 PendingOrders=0 UTC=2026.03.18 05:57 DayOfWeek=3 WeekendCloseActive=NO NewTradeBlocked=NO | 121100.000000
CS	0	23:59:06.952	Cazyxio_v4.3 (EURUSD,M15)	2026.03.18 05:59:06 | HEARTBEAT | SYSTEM | EA alive. Tick=121200 Equity=44725.82 OpenPos=0 PendingOrders=0 UTC=2026.03.18 05:59 DayOfWeek=3 WeekendCloseActive=NO NewTradeBlocked=NO | 121200.000000