NP	0	00:00:00.220	Cazyxio_v4.3 (EURUSD,M15)	2026.03.12 06:00:00 | SESSION_WAIT | SYSTEM | Outside session. UTC_hour=6 Waiting.
QN	0	00:00:31.104	Cazyxio_v4.3 (EURUSD,M15)	2026.03.12 06:00:31 | HEARTBEAT | SYSTEM | EA alive. Tick=11800 Equity=44254.02 OpenPos=0 PendingOrders=0 UTC=2026.03.12 06:00 DayOfWeek=4 WeekendCloseActive=NO NewTradeBlocked=NO | 11800.000000
FH	0	00:01:49.494	Cazyxio_v4.3 (EURUSD,M15)	2026.03.12 06:01:49 | HEARTBEAT | SYSTEM | EA alive. Tick=11900 Equity=44254.02 OpenPos=0 PendingOrders=0 UTC=2026.03.12 06:01 DayOfWeek=4 WeekendCloseActive=NO NewTradeBlocked=NO | 11900.000000
PJ	0	00:03:46.234	Cazyxio_v4.3 (EURUSD,M15)	2026.03.12 06:03:46 | HEARTBEAT | SYSTEM | EA alive. Tick=12000 Equity=44254.02 OpenPos=0 PendingOrders=0 UTC=2026.03.12 06:03 DayOfWeek=4 WeekendCloseActive=NO NewTradeBlocked=NO | 12000.000000
OD	0	00:06:53.199	Cazyxio_v4.3 (EURUSD,M15)	2026.03.12 06:06:53 | HEARTBEAT | SYSTEM | EA alive. Tick=12100 Equity=44254.02 OpenPos=0 PendingOrders=0 UTC=2026.03.12 06:06 DayOfWeek=4 WeekendCloseActive=NO NewTradeBlocked=NO | 12100.000000
DF	0	00:08:27.156	Cazyxio_v4.3 (EURUSD,M15)	2026.03.12 06:08:27 | HEARTBEAT | SYSTEM | EA alive. Tick=12200 Equity=44254.02 OpenPos=0 PendingOrders=0 UTC=2026.03.12 06:08 DayOfWeek=4 WeekendCloseActive=NO NewTradeBlocked=NO | 12200.000000
MP	0	00:09:38.778	Cazyxio_v4.3 (EURUSD,M15)	2026.03.12 06:09:38 | HEARTBEAT | SYSTEM | EA alive. Tick=12300 Equity=44254.02 OpenPos=0 PendingOrders=0 UTC=2026.03.12 06:09 DayOfWeek=4 WeekendCloseActive=NO NewTradeBlocked=NO | 12300.000000
ER	0	00:10:41.008	Cazyxio_v4.3 (EURUSD,M15)	2026.03.12 06:10:41 | HEARTBEAT | SYSTEM | EA alive. Tick=12400 Equity=44254.02 OpenPos=0 PendingOrders=0 UTC=2026.03.12 06:10 DayOfWeek=4 WeekendCloseActive=NO NewTradeBlocked=NO | 12400.000000
KL	0	00:11:49.223	Cazyxio_v4.3 (EURUSD,M15)	2026.03.12 06:11:49 | HEARTBEAT | SYSTEM | EA alive. Tick=12500 Equity=44254.02 OpenPos=0 PendingOrders=0 UTC=2026.03.12 06:11 DayOfWeek=4 WeekendCloseActive=NO NewTradeBlocked=NO | 12500.000000
KN	0	00:13:23.706	Cazyxio_v4.3 (EURUSD,M15)	2026.03.12 06:13:23 | HEARTBEAT | SYSTEM | EA alive. Tick=12600 Equity=44254.02 OpenPos=0 PendingOrders=0 UTC=2026.03.12 06:13 DayOfWeek=4 WeekendCloseActive=NO NewTradeBlocked=NO | 12600.000000
JH	0	00:14:35.595	Cazyxio_v4.3 (EURUSD,M15)	2026.03.12 06:14:35 | HEARTBEAT | SYSTEM | EA alive. Tick=12700 Equity=44254.02 OpenPos=0 PendingOrders=0 UTC=2026.03.12 06:14 DayOfWeek=4 WeekendCloseActive=NO NewTradeBlocked=NO | 12700.000000
GJ	0	00:15:45.784	Cazyxio_v4.3 (EURUSD,M15)	2026.03.12 06:15:45 | HEARTBEAT | SYSTEM | EA alive. Tick=12800 Equity=44254.02 OpenPos=0 PendingOrders=0 UTC=2026.03.12 06:15 DayOfWeek=4 WeekendCloseActive=NO NewTradeBlocked=NO | 12800.000000
HD	0	00:17:10.888	Cazyxio_v4.3 (EURUSD,M15)	2026.03.12 06:17:10 | HEARTBEAT | SYSTEM | EA alive. Tick=12900 Equity=44254.02 OpenPos=0 PendingOrders=0 UTC=2026.03.12 06:17 DayOfWeek=4 WeekendCloseActive=NO NewTradeBlocked=NO | 12900.000000
OF	0	00:19:50.348	Cazyxio_v4.3 (EURUSD,M15)	2026.03.12 06:19:50 | HEARTBEAT | SYSTEM | EA alive. Tick=13000 Equity=44254.02 OpenPos=0 PendingOrders=0 UTC=2026.03.12 06:19 DayOfWeek=4 WeekendCloseActive=NO NewTradeBlocked=NO | 13000.000000
KP	0	00:21:46.653	Cazyxio_v4.3 (EURUSD,M15)	2026.03.12 06:21:46 | HEARTBEAT | SYSTEM | EA alive. Tick=13100 Equity=44254.02 OpenPos=0 PendingOrders=0 UTC=2026.03.12 06:21 DayOfWeek=4 WeekendCloseActive=NO NewTradeBlocked=NO | 13100.000000
QR	0	00:23:14.242	Cazyxio_v4.3 (EURUSD,M15)	2026.03.12 06:23:14 | HEARTBEAT | SYSTEM | EA alive. Tick=13200 Equity=44254.02 OpenPos=0 PendingOrders=0 UTC=2026.03.12 06:23 DayOfWeek=4 WeekendCloseActive=NO NewTradeBlocked=NO | 13200.000000
LL	0	00:24:38.703	Cazyxio_v4.3 (EURUSD,M15)	2026.03.12 06:24:38 | HEARTBEAT | SYSTEM | EA alive. Tick=13300 Equity=44254.02 OpenPos=0 PendingOrders=0 UTC=2026.03.12 06:24 DayOfWeek=4 WeekendCloseActive=NO NewTradeBlocked=NO | 13300.000000
PN	0	00:25:57.724	Cazyxio_v4.3 (EURUSD,M15)	2026.03.12 06:25:57 | HEARTBEAT | SYSTEM | EA alive. Tick=13400 Equity=44254.02 OpenPos=0 PendingOrders=0 UTC=2026.03.12 06:25 DayOfWeek=4 WeekendCloseActive=NO NewTradeBlocked=NO | 13400.000000
PH	0	00:26:41.406	Cazyxio_v4.3 (EURUSD,M15)	2026.03.12 06:26:41 | HEARTBEAT | SYSTEM | EA alive. Tick=13500 Equity=44254.02 OpenPos=0 PendingOrders=0 UTC=2026.03.12 06:26 DayOfWeek=4 WeekendCloseActive=NO NewTradeBlocked=NO | 13500.000000
JJ	0	00:28:07.530	Cazyxio_v4.3 (EURUSD,M15)	2026.03.12 06:28:07 | HEARTBEAT | SYSTEM | EA alive. Tick=13600 Equity=44254.02 OpenPos=0 PendingOrders=0 UTC=2026.03.12 06:28 DayOfWeek=4 WeekendCloseActive=NO NewTradeBlocked=NO | 13600.000000
ID	0	00:30:05.952	Cazyxio_v4.3 (EURUSD,M15)	2026.03.12 06:30:05 | HEARTBEAT | SYSTEM | EA alive. Tick=13700 Equity=44254.02 OpenPos=0 PendingOrders=0 UTC=2026.03.12 06:30 DayOfWeek=4 WeekendCloseActive=NO NewTradeBlocked=NO | 13700.000000
KF	0	00:31:53.515	Cazyxio_v4.3 (EURUSD,M15)	2026.03.12 06:31:53 | HEARTBEAT | SYSTEM | EA alive. Tick=13800 Equity=44254.02 OpenPos=0 PendingOrders=0 UTC=2026.03.12 06:31 DayOfWeek=4 WeekendCloseActive=NO NewTradeBlocked=NO | 13800.000000
CP	0	00:33:52.586	Cazyxio_v4.3 (EURUSD,M15)	2026.03.12 06:33:52 | HEARTBEAT | SYSTEM | EA alive. Tick=13900 Equity=44254.02 OpenPos=0 PendingOrders=0 UTC=2026.03.12 06:33 DayOfWeek=4 WeekendCloseActive=NO NewTradeBlocked=NO | 13900.000000
CR	0	00:35:17.591	Cazyxio_v4.3 (EURUSD,M15)	2026.03.12 06:35:17 | HEARTBEAT | SYSTEM | EA alive. Tick=14000 Equity=44254.02 OpenPos=0 PendingOrders=0 UTC=2026.03.12 06:35 DayOfWeek=4 WeekendCloseActive=NO NewTradeBlocked=NO | 14000.000000
LL	0	00:37:22.060	Cazyxio_v4.3 (EURUSD,M15)	2026.03.12 06:37:22 | HEARTBEAT | SYSTEM | EA alive. Tick=14100 Equity=44254.02 OpenPos=0 PendingOrders=0 UTC=2026.03.12 06:37 DayOfWeek=4 WeekendCloseActive=NO NewTradeBlocked=NO | 14100.000000
HN	0	00:40:28.291	Cazyxio_v4.3 (EURUSD,M15)	2026.03.12 06:40:28 | HEARTBEAT | SYSTEM | EA alive. Tick=14200 Equity=44254.02 OpenPos=0 PendingOrders=0 UTC=2026.03.12 06:40 DayOfWeek=4 WeekendCloseActive=NO NewTradeBlocked=NO | 14200.000000
QH	0	00:43:01.266	Cazyxio_v4.3 (EURUSD,M15)	2026.03.12 06:43:01 | HEARTBEAT | SYSTEM | EA alive. Tick=14300 Equity=44254.02 OpenPos=0 PendingOrders=0 UTC=2026.03.12 06:43 DayOfWeek=4 WeekendCloseActive=NO NewTradeBlocked=NO | 14300.000000
FJ	0	00:45:22.283	Cazyxio_v4.3 (EURUSD,M15)	2026.03.12 06:45:22 | HEARTBEAT | SYSTEM | EA alive. Tick=14400 Equity=44254.02 OpenPos=0 PendingOrders=0 UTC=2026.03.12 06:45 DayOfWeek=4 WeekendCloseActive=NO NewTradeBlocked=NO | 14400.000000
ND	0	00:47:50.506	Cazyxio_v4.3 (EURUSD,M15)	2026.03.12 06:47:50 | HEARTBEAT | SYSTEM | EA alive. Tick=14500 Equity=44254.02 OpenPos=0 PendingOrders=0 UTC=2026.03.12 06:47 DayOfWeek=4 WeekendCloseActive=NO NewTradeBlocked=NO | 14500.000000
KF	0	00:50:09.035	Cazyxio_v4.3 (EURUSD,M15)	2026.03.12 06:50:09 | HEARTBEAT | SYSTEM | EA alive. Tick=14600 Equity=44254.02 OpenPos=0 PendingOrders=0 UTC=2026.03.12 06:50 DayOfWeek=4 WeekendCloseActive=NO NewTradeBlocked=NO | 14600.000000
HP	0	00:51:40.930	Cazyxio_v4.3 (EURUSD,M15)	2026.03.12 06:51:40 | HEARTBEAT | SYSTEM | EA alive. Tick=14700 Equity=44254.02 OpenPos=0 PendingOrders=0 UTC=2026.03.12 06:51 DayOfWeek=4 WeekendCloseActive=NO NewTradeBlocked=NO | 14700.000000
PR	0	00:53:16.088	Cazyxio_v4.3 (EURUSD,M15)	2026.03.12 06:53:16 | HEARTBEAT | SYSTEM | EA alive. Tick=14800 Equity=44254.02 OpenPos=0 PendingOrders=0 UTC=2026.03.12 06:53 DayOfWeek=4 WeekendCloseActive=NO NewTradeBlocked=NO | 14800.000000
LL	0	00:55:20.893	Cazyxio_v4.3 (EURUSD,M15)	2026.03.12 06:55:20 | HEARTBEAT | SYSTEM | EA alive. Tick=14900 Equity=44254.02 OpenPos=0 PendingOrders=0 UTC=2026.03.12 06:55 DayOfWeek=4 WeekendCloseActive=NO NewTradeBlocked=NO | 14900.000000
DN	0	00:56:52.786	Cazyxio_v4.3 (EURUSD,M15)	2026.03.12 06:56:52 | HEARTBEAT | SYSTEM | EA alive. Tick=15000 Equity=44254.02 OpenPos=0 PendingOrders=0 UTC=2026.03.12 06:56 DayOfWeek=4 WeekendCloseActive=NO NewTradeBlocked=NO | 15000.000000
JH	0	00:58:00.054	Cazyxio_v4.3 (EURUSD,M15)	2026.03.12 06:58:00 | HEARTBEAT | SYSTEM | EA alive. Tick=15100 Equity=44254.02 OpenPos=0 PendingOrders=0 UTC=2026.03.12 06:58 DayOfWeek=4 WeekendCloseActive=NO NewTradeBlocked=NO | 15100.000000
DJ	0	00:59:10.215	Cazyxio_v4.3 (EURUSD,M15)	2026.03.12 06:59:10 | HEARTBEAT | SYSTEM | EA alive. Tick=15200 Equity=44254.02 OpenPos=0 PendingOrders=0 UTC=2026.03.12 06:59 DayOfWeek=4 WeekendCloseActive=NO NewTradeBlocked=NO | 15200.000000
OD	0	01:00:00.210	Cazyxio_v4.3 (EURUSD,M15)	2026.03.12 07:00:00 | SESSION_ACTIVE | SYSTEM | Session now ACTIVE. UTC_hour=7 Trading enabled.
HD	0	01:02:20.647	Cazyxio_v4.3 (EURUSD,M15)	2026.03.12 07:02:20 | GATE_FAIL | GBPUSD | CopyBuffer failed for Daily EMA200.
ME	0	01:04:41.063	Cazyxio_v4.3 (EURUSD,M15)	2026.03.12 07:04:41 | GATE_FAIL | EURUSD | CopyBuffer failed for Daily EMA200.
FD	0	01:07:01.445	Cazyxio_v4.3 (EURUSD,M15)	2026.03.12 07:07:01 | GATE_FAIL | USDJPY | CopyBuffer failed for Daily EMA200.
FH	0	01:07:01.445	Cazyxio_v4.3 (EURUSD,M15)	2026.03.12 07:07:01 | BAR | AUDUSD | close=0.71242 h4ema200=0.70125 h4slope=UP dailyEMA200=0.67014 adx=31.3 ema50=0.71360 distToEMA50=11.8pips touchSeq=0 atr=0.000683 atrRatio=0.826 dir=LONG spread=17.0 spreadOK=YES atrGate=PASS touch=FAIL momCandle=momClosePos=0.277 momOk=N ema50Ok=Y barRange=0.000650 zeroRangeBar=NO trigger=NO hasPos=NO portRisk=0.00% openPos=0 | 0.712420
EJ	0	01:07:01.445	Cazyxio_v4.3 (EURUSD,M15)	2026.03.12 07:07:01 | GATE_FAIL | AUDUSD | Touch/pullback gate FAIL. Price has not approached EMA50 within last 12 bars (within 0.60 ATR). DistToEMA50=11.8pips.
QJ	0	01:07:01.445	Cazyxio_v4.3 (EURUSD,M15)	2026.03.12 07:07:01 | BAR | GBPJPY | close=212.615 h4ema200=210.717 h4slope=UP dailyEMA200=204.713 adx=45.3 ema50=212.746 distToEMA50=13.1pips touchSeq=0 atr=0.081786 atrRatio=0.668 dir=LONG spread=43.0 spreadOK=NO atrGate=FAIL touch=FAIL momCandle=momClosePos=0.978 momOk=Y ema50Ok=Y barRange=0.045000 zeroRangeBar=NO trigger=YES hasPos=NO portRisk=0.00% openPos=0 | 212.615000
RD	0	01:07:01.445	Cazyxio_v4.3 (EURUSD,M15)	2026.03.12 07:07:01 | GATE_FAIL | GBPJPY | Spread too wide. Spread=43.0 Max=30 points.
QI	0	01:07:01.445	Cazyxio_v4.3 (EURUSD,M15)	2026.03.12 07:07:01 | BAR | USDCAD | close=1.35857 h4ema200=1.36629 h4slope=DOWN dailyEMA200=1.38128 adx=20.8 ema50=1.35872 distToEMA50=1.5pips touchSeq=12 atr=0.000444 atrRatio=0.700 dir=SHORT spread=20.0 spreadOK=YES atrGate=FAIL touch=PASS momCandle=momClosePos=0.575 momOk=N ema50Ok=Y barRange=0.000400 zeroRangeBar=NO trigger=NO hasPos=NO portRisk=0.00% openPos=0 | 1.358570
PL	0	01:07:01.445	Cazyxio_v4.3 (EURUSD,M15)	2026.03.12 07:07:01 | NEAR_MISS | USDCAD | ATR near-miss. Ratio=0.700 MinRatio=0.80 Gap=0.100
NM	0	01:07:01.445	Cazyxio_v4.3 (EURUSD,M15)	2026.03.12 07:07:01 | GATE_FAIL | USDCAD | ATR gate FAIL. ATR=0.000444 ATR_SMA=0.000634 Ratio=0.700 MinRatio=0.80
FF	0	01:07:43.464	Cazyxio_v4.3 (EURUSD,M15)	2026.03.12 07:07:43 | HEARTBEAT | SYSTEM | EA alive. Tick=15300 Equity=44254.02 OpenPos=0 PendingOrders=0 UTC=2026.03.12 07:07 DayOfWeek=4 WeekendCloseActive=NO NewTradeBlocked=NO | 15300.000000
HP	0	01:09:53.583	Cazyxio_v4.3 (EURUSD,M15)	2026.03.12 07:09:53 | HEARTBEAT | SYSTEM | EA alive. Tick=15400 Equity=44254.02 OpenPos=0 PendingOrders=0 UTC=2026.03.12 07:09 DayOfWeek=4 WeekendCloseActive=NO NewTradeBlocked=NO | 15400.000000
GR	0	01:12:05.467	Cazyxio_v4.3 (EURUSD,M15)	2026.03.12 07:12:05 | HEARTBEAT | SYSTEM | EA alive. Tick=15500 Equity=44254.02 OpenPos=0 PendingOrders=0 UTC=2026.03.12 07:12 DayOfWeek=4 WeekendCloseActive=NO NewTradeBlocked=NO | 15500.000000
GL	0	01:14:12.267	Cazyxio_v4.3 (EURUSD,M15)	2026.03.12 07:14:12 | HEARTBEAT | SYSTEM | EA alive. Tick=15600 Equity=44254.02 OpenPos=0 PendingOrders=0 UTC=2026.03.12 07:14 DayOfWeek=4 WeekendCloseActive=NO NewTradeBlocked=NO | 15600.000000
HN	0	01:17:20.455	Cazyxio_v4.3 (EURUSD,M15)	2026.03.12 07:17:20 | GATE_FAIL | EURUSD | CopyBuffer failed for Daily EMA200.
HN	0	01:19:40.827	Cazyxio_v4.3 (EURUSD,M15)	2026.03.12 07:19:40 | GATE_FAIL | USDJPY | CopyBuffer failed for Daily EMA200.
IE	0	01:19:40.827	Cazyxio_v4.3 (EURUSD,M15)	2026.03.12 07:19:40 | BAR | AUDUSD | close=0.71255 h4ema200=0.70125 h4slope=UP dailyEMA200=0.67014 adx=31.3 ema50=0.71355 distToEMA50=10.0pips touchSeq=0 atr=0.000674 atrRatio=0.815 dir=LONG spread=17.0 spreadOK=YES atrGate=PASS touch=FAIL momCandle=momClosePos=0.571 momOk=N ema50Ok=Y barRange=0.000420 zeroRangeBar=NO trigger=NO hasPos=NO portRisk=0.00% openPos=0 | 0.712550
HQ	0	01:19:40.827	Cazyxio_v4.3 (EURUSD,M15)	2026.03.12 07:19:40 | GATE_FAIL | AUDUSD | Touch/pullback gate FAIL. Price has not approached EMA50 within last 12 bars (within 0.60 ATR). DistToEMA50=10.0pips.
LI	0	01:19:40.827	Cazyxio_v4.3 (EURUSD,M15)	2026.03.12 07:19:40 | BAR | GBPJPY | close=212.608 h4ema200=210.716 h4slope=UP dailyEMA200=204.711 adx=45.3 ema50=212.737 distToEMA50=12.9pips touchSeq=0 atr=0.083286 atrRatio=0.681 dir=LONG spread=42.0 spreadOK=NO atrGate=FAIL touch=FAIL momCandle=momClosePos=0.166 momOk=N ema50Ok=Y barRange=0.175000 zeroRangeBar=NO trigger=NO hasPos=NO portRisk=0.00% openPos=0 | 212.608000
MR	0	01:19:40.827	Cazyxio_v4.3 (EURUSD,M15)	2026.03.12 07:19:40 | GATE_FAIL | GBPJPY | Spread too wide. Spread=42.0 Max=30 points.
JL	0	01:19:40.827	Cazyxio_v4.3 (EURUSD,M15)	2026.03.12 07:19:40 | BAR | USDCAD | close=1.35841 h4ema200=1.36629 h4slope=DOWN dailyEMA200=1.38128 adx=20.8 ema50=1.35870 distToEMA50=2.9pips touchSeq=12 atr=0.000444 atrRatio=0.698 dir=SHORT spread=25.0 spreadOK=YES atrGate=FAIL touch=PASS momCandle=momClosePos=0.366 momOk=N ema50Ok=Y barRange=0.000410 zeroRangeBar=NO trigger=NO hasPos=NO portRisk=0.00% openPos=0 | 1.358410
GI	0	01:19:40.827	Cazyxio_v4.3 (EURUSD,M15)	2026.03.12 07:19:40 | GATE_FAIL | USDCAD | ATR gate FAIL. ATR=0.000444 ATR_SMA=0.000635 Ratio=0.698 MinRatio=0.80
CK	0	01:22:01.488	Cazyxio_v4.3 (EURUSD,M15)	2026.03.12 07:22:01 | GATE_FAIL | GBPUSD | CopyBuffer failed for Daily EMA200.
HJ	0	01:23:09.048	Cazyxio_v4.3 (EURUSD,M15)	2026.03.12 07:23:09 | HEARTBEAT | SYSTEM | EA alive. Tick=15700 Equity=44254.02 OpenPos=0 PendingOrders=0 UTC=2026.03.12 07:23 DayOfWeek=4 WeekendCloseActive=NO NewTradeBlocked=NO | 15700.000000
OD	0	01:24:59.637	Cazyxio_v4.3 (EURUSD,M15)	2026.03.12 07:24:59 | HEARTBEAT | SYSTEM | EA alive. Tick=15800 Equity=44254.02 OpenPos=0 PendingOrders=0 UTC=2026.03.12 07:24 DayOfWeek=4 WeekendCloseActive=NO NewTradeBlocked=NO | 15800.000000
NF	0	01:26:33.447	Cazyxio_v4.3 (EURUSD,M15)	2026.03.12 07:26:33 | HEARTBEAT | SYSTEM | EA alive. Tick=15900 Equity=44254.02 OpenPos=0 PendingOrders=0 UTC=2026.03.12 07:26 DayOfWeek=4 WeekendCloseActive=NO NewTradeBlocked=NO | 15900.000000
IP	0	01:28:31.334	Cazyxio_v4.3 (EURUSD,M15)	2026.03.12 07:28:31 | HEARTBEAT | SYSTEM | EA alive. Tick=16000 Equity=44254.02 OpenPos=0 PendingOrders=0 UTC=2026.03.12 07:28 DayOfWeek=4 WeekendCloseActive=NO NewTradeBlocked=NO | 16000.000000
FS	0	01:32:20.690	Cazyxio_v4.3 (EURUSD,M15)	2026.03.12 07:32:20 | GATE_FAIL | GBPUSD | CopyBuffer failed for Daily EMA200.
FM	0	01:34:41.033	Cazyxio_v4.3 (EURUSD,M15)	2026.03.12 07:34:41 | GATE_FAIL | EURUSD | CopyBuffer failed for Daily EMA200.
OM	0	01:37:01.446	Cazyxio_v4.3 (EURUSD,M15)	2026.03.12 07:37:01 | GATE_FAIL | USDJPY | CopyBuffer failed for Daily EMA200.
LN	0	01:37:01.446	Cazyxio_v4.3 (EURUSD,M15)	2026.03.12 07:37:01 | BAR | AUDUSD | close=0.71297 h4ema200=0.70124 h4slope=UP dailyEMA200=0.67014 adx=31.3 ema50=0.71352 distToEMA50=5.5pips touchSeq=1 atr=0.000746 atrRatio=0.902 dir=LONG spread=16.0 spreadOK=YES atrGate=PASS touch=FAIL momCandle=momClosePos=0.871 momOk=Y ema50Ok=Y barRange=0.000620 zeroRangeBar=NO trigger=YES hasPos=NO portRisk=0.00% openPos=0 | 0.712970
MP	0	01:37:01.446	Cazyxio_v4.3 (EURUSD,M15)	2026.03.12 07:37:01 | NEAR_MISS | AUDUSD | Touch near-miss. BestDistRatio=1.428 DistToEMA50=5.5pips
RG	0	01:37:01.446	Cazyxio_v4.3 (EURUSD,M15)	2026.03.12 07:37:01 | GATE_FAIL | AUDUSD | Touch/pullback gate FAIL. Price has not approached EMA50 within last 12 bars (within 0.60 ATR). DistToEMA50=5.5pips.
CR	0	01:37:01.446	Cazyxio_v4.3 (EURUSD,M15)	2026.03.12 07:37:01 | BAR | GBPJPY | close=212.668 h4ema200=210.717 h4slope=UP dailyEMA200=204.713 adx=45.3 ema50=212.738 distToEMA50=7.0pips touchSeq=1 atr=0.088786 atrRatio=0.726 dir=LONG spread=43.0 spreadOK=NO atrGate=FAIL touch=FAIL momCandle=momClosePos=0.765 momOk=Y ema50Ok=Y barRange=0.149000 zeroRangeBar=NO trigger=YES hasPos=NO portRisk=0.00% openPos=0 | 212.668000
QN	0	01:37:01.446	Cazyxio_v4.3 (EURUSD,M15)	2026.03.12 07:37:01 | GATE_FAIL | GBPJPY | Spread too wide. Spread=43.0 Max=30 points.
MG	0	01:37:01.446	Cazyxio_v4.3 (EURUSD,M15)	2026.03.12 07:37:01 | BAR | USDCAD | close=1.35839 h4ema200=1.36629 h4slope=DOWN dailyEMA200=1.38129 adx=20.7 ema50=1.35871 distToEMA50=3.2pips touchSeq=12 atr=0.000486 atrRatio=0.763 dir=SHORT spread=24.0 spreadOK=YES atrGate=FAIL touch=PASS momCandle=momClosePos=0.756 momOk=N ema50Ok=Y barRange=0.000410 zeroRangeBar=NO trigger=NO hasPos=NO portRisk=0.00% openPos=0 | 1.358390
CJ	0	01:37:01.446	Cazyxio_v4.3 (EURUSD,M15)	2026.03.12 07:37:01 | NEAR_MISS | USDCAD | ATR near-miss. Ratio=0.763 MinRatio=0.80 Gap=0.037
EG	0	01:37:01.446	Cazyxio_v4.3 (EURUSD,M15)	2026.03.12 07:37:01 | GATE_FAIL | USDCAD | ATR gate FAIL. ATR=0.000486 ATR_SMA=0.000637 Ratio=0.763 MinRatio=0.80
JL	0	01:37:26.878	Cazyxio_v4.3 (EURUSD,M15)	2026.03.12 07:37:26 | HEARTBEAT | SYSTEM | EA alive. Tick=16100 Equity=44254.02 OpenPos=0 PendingOrders=0 UTC=2026.03.12 07:37 DayOfWeek=4 WeekendCloseActive=NO NewTradeBlocked=NO | 16100.000000
NN	0	01:38:57.994	Cazyxio_v4.3 (EURUSD,M15)	2026.03.12 07:38:57 | HEARTBEAT | SYSTEM | EA alive. Tick=16200 Equity=44254.02 OpenPos=0 PendingOrders=0 UTC=2026.03.12 07:38 DayOfWeek=4 WeekendCloseActive=NO NewTradeBlocked=NO | 16200.000000
GH	0	01:40:20.477	Cazyxio_v4.3 (EURUSD,M15)	2026.03.12 07:40:20 | HEARTBEAT | SYSTEM | EA alive. Tick=16300 Equity=44254.02 OpenPos=0 PendingOrders=0 UTC=2026.03.12 07:40 DayOfWeek=4 WeekendCloseActive=NO NewTradeBlocked=NO | 16300.000000
HJ	0	01:41:55.477	Cazyxio_v4.3 (EURUSD,M15)	2026.03.12 07:41:55 | HEARTBEAT | SYSTEM | EA alive. Tick=16400 Equity=44254.02 OpenPos=0 PendingOrders=0 UTC=2026.03.12 07:41 DayOfWeek=4 WeekendCloseActive=NO NewTradeBlocked=NO | 16400.000000
LD	0	01:43:03.596	Cazyxio_v4.3 (EURUSD,M15)	2026.03.12 07:43:03 | HEARTBEAT | SYSTEM | EA alive. Tick=16500 Equity=44254.02 OpenPos=0 PendingOrders=0 UTC=2026.03.12 07:43 DayOfWeek=4 WeekendCloseActive=NO NewTradeBlocked=NO | 16500.000000
FF	0	01:44:02.205	Cazyxio_v4.3 (EURUSD,M15)	2026.03.12 07:44:02 | HEARTBEAT | SYSTEM | EA alive. Tick=16600 Equity=44254.02 OpenPos=0 PendingOrders=0 UTC=2026.03.12 07:44 DayOfWeek=4 WeekendCloseActive=NO NewTradeBlocked=NO | 16600.000000
EQ	0	01:47:20.893	Cazyxio_v4.3 (EURUSD,M15)	2026.03.12 07:47:20 | GATE_FAIL | GBPUSD | CopyBuffer failed for Daily EMA200.
RP	0	01:49:41.264	Cazyxio_v4.3 (EURUSD,M15)	2026.03.12 07:49:41 | GATE_FAIL | EURUSD | CopyBuffer failed for Daily EMA200.
PS	0	01:52:01.748	Cazyxio_v4.3 (EURUSD,M15)	2026.03.12 07:52:01 | GATE_FAIL | USDJPY | CopyBuffer failed for Daily EMA200.
IQ	0	01:52:01.748	Cazyxio_v4.3 (EURUSD,M15)	2026.03.12 07:52:01 | BAR | AUDUSD | close=0.71290 h4ema200=0.70125 h4slope=UP dailyEMA200=0.67014 adx=31.3 ema50=0.71352 distToEMA50=6.2pips touchSeq=2 atr=0.000744 atrRatio=0.899 dir=LONG spread=15.0 spreadOK=YES atrGate=PASS touch=FAIL momCandle=momClosePos=0.885 momOk=Y ema50Ok=Y barRange=0.001040 zeroRangeBar=NO trigger=YES hasPos=NO portRisk=0.00% openPos=0 | 0.712900
JE	0	01:52:01.748	Cazyxio_v4.3 (EURUSD,M15)	2026.03.12 07:52:01 | NEAR_MISS | AUDUSD | Touch near-miss. BestDistRatio=1.428 DistToEMA50=6.2pips
EJ	0	01:52:01.748	Cazyxio_v4.3 (EURUSD,M15)	2026.03.12 07:52:01 | GATE_FAIL | AUDUSD | Touch/pullback gate FAIL. Price has not approached EMA50 within last 12 bars (within 0.60 ATR). DistToEMA50=6.2pips.
DQ	0	01:52:01.748	Cazyxio_v4.3 (EURUSD,M15)	2026.03.12 07:52:01 | BAR | GBPJPY | close=212.675 h4ema200=210.716 h4slope=UP dailyEMA200=204.712 adx=45.3 ema50=212.732 distToEMA50=5.7pips touchSeq=2 atr=0.095929 atrRatio=0.785 dir=LONG spread=38.0 spreadOK=NO atrGate=FAIL touch=FAIL momCandle=momClosePos=0.493 momOk=N ema50Ok=Y barRange=0.067000 zeroRangeBar=NO trigger=NO hasPos=NO portRisk=0.00% openPos=0 | 212.675000
LK	0	01:52:01.748	Cazyxio_v4.3 (EURUSD,M15)	2026.03.12 07:52:01 | GATE_FAIL | GBPJPY | Spread too wide. Spread=38.0 Max=30 points.
CD	0	01:52:01.748	Cazyxio_v4.3 (EURUSD,M15)	2026.03.12 07:52:01 | BAR | USDCAD | close=1.35863 h4ema200=1.36629 h4slope=DOWN dailyEMA200=1.38129 adx=20.7 ema50=1.35870 distToEMA50=0.7pips touchSeq=12 atr=0.000499 atrRatio=0.782 dir=SHORT spread=21.0 spreadOK=YES atrGate=FAIL touch=PASS momCandle=momClosePos=0.423 momOk=N ema50Ok=Y barRange=0.000710 zeroRangeBar=NO trigger=NO hasPos=NO portRisk=0.00% openPos=0 | 1.358630
HO	0	01:52:01.748	Cazyxio_v4.3 (EURUSD,M15)	2026.03.12 07:52:01 | NEAR_MISS | USDCAD | ATR near-miss. Ratio=0.782 MinRatio=0.80 Gap=0.018
JP	0	01:52:01.748	Cazyxio_v4.3 (EURUSD,M15)	2026.03.12 07:52:01 | GATE_FAIL | USDCAD | ATR gate FAIL. ATR=0.000499 ATR_SMA=0.000638 Ratio=0.782 MinRatio=0.80
MS	0	01:52:22.201	Cazyxio_v4.3 (EURUSD,M15)	2026.03.12 07:52:22 | HEARTBEAT | SYSTEM | EA alive. Tick=16700 Equity=44254.02 OpenPos=0 PendingOrders=0 UTC=2026.03.12 07:52 DayOfWeek=4 WeekendCloseActive=NO NewTradeBlocked=NO | 16700.000000
HM	0	01:54:44.785	Cazyxio_v4.3 (EURUSD,M15)	2026.03.12 07:54:44 | HEARTBEAT | SYSTEM | EA alive. Tick=16800 Equity=44254.02 OpenPos=0 PendingOrders=0 UTC=2026.03.12 07:54 DayOfWeek=4 WeekendCloseActive=NO NewTradeBlocked=NO | 16800.000000
GO	0	01:55:58.318	Cazyxio_v4.3 (EURUSD,M15)	2026.03.12 07:55:58 | HEARTBEAT | SYSTEM | EA alive. Tick=16900 Equity=44254.02 OpenPos=0 PendingOrders=0 UTC=2026.03.12 07:55 DayOfWeek=4 WeekendCloseActive=NO NewTradeBlocked=NO | 16900.000000
DI	0	01:57:11.159	Cazyxio_v4.3 (EURUSD,M15)	2026.03.12 07:57:11 | HEARTBEAT | SYSTEM | EA alive. Tick=17000 Equity=44254.02 OpenPos=0 PendingOrders=0 UTC=2026.03.12 07:57 DayOfWeek=4 WeekendCloseActive=NO NewTradeBlocked=NO | 17000.000000
KK	0	01:58:20.946	Cazyxio_v4.3 (EURUSD,M15)	2026.03.12 07:58:20 | HEARTBEAT | SYSTEM | EA alive. Tick=17100 Equity=44254.02 OpenPos=0 PendingOrders=0 UTC=2026.03.12 07:58 DayOfWeek=4 WeekendCloseActive=NO NewTradeBlocked=NO | 17100.000000
KE	0	01:59:32.468	Cazyxio_v4.3 (EURUSD,M15)	2026.03.12 07:59:32 | HEARTBEAT | SYSTEM | EA alive. Tick=17200 Equity=44254.02 OpenPos=0 PendingOrders=0 UTC=2026.03.12 07:59 DayOfWeek=4 WeekendCloseActive=NO NewTradeBlocked=NO | 17200.000000
JF	0	02:02:20.634	Cazyxio_v4.3 (EURUSD,M15)	2026.03.12 08:02:20 | GATE_FAIL | GBPUSD | CopyBuffer failed for Daily EMA200.
PF	0	02:04:41.040	Cazyxio_v4.3 (EURUSD,M15)	2026.03.12 08:04:41 | GATE_FAIL | EURUSD | CopyBuffer failed for Daily EMA200.
LF	0	02:07:01.494	Cazyxio_v4.3 (EURUSD,M15)	2026.03.12 08:07:01 | GATE_FAIL | USDJPY | CopyBuffer failed for Daily EMA200.
HR	0	02:07:01.494	Cazyxio_v4.3 (EURUSD,M15)	2026.03.12 08:07:01 | BAR | AUDUSD | close=0.71338 h4ema200=0.70126 h4slope=UP dailyEMA200=0.67015 adx=30.5 ema50=0.71356 distToEMA50=1.8pips touchSeq=3 atr=0.000777 atrRatio=0.940 dir=LONG spread=20.0 spreadOK=YES atrGate=PASS touch=PASS momCandle=momClosePos=0.788 momOk=Y ema50Ok=Y barRange=0.000850 zeroRangeBar=NO trigger=YES hasPos=NO portRisk=0.00% openPos=0 | 0.713380
PJ	0	02:07:01.494	Cazyxio_v4.3 (EURUSD,M15)	2026.03.12 08:07:01 | SIGNAL | AUDUSD | VALID SIGNAL (LIMIT): LONG limitPrice=0.71352 sl=0.71228 tp=0.71787 stopDist=0.00124 lots=1.77 riskPct=0.50 R:R=1:3.50 ema50=0.71356 dailyEMA200=0.67015 adx=30.5 distToLimit=8.6pips expiresIn=4bars touchSeq=3 | 0.713520
OP	0	02:07:01.494	Cazyxio_v4.3 (EURUSD,M15)	CTrade::OrderSend: buy limit 1.77 AUDUSD at 0.71352 sl: 0.71228 tp: 0.71787 [auto trading disabled by client]
EL	0	02:07:01.494	Cazyxio_v4.3 (EURUSD,M15)	2026.03.12 08:07:01 | ORDER_FAILED | AUDUSD | BUY_LIMIT FAILED. retcode=10027 desc=auto trading disabled by client limitPrice=0.71352
CD	0	02:07:01.494	Cazyxio_v4.3 (EURUSD,M15)	2026.03.12 08:07:01 | BAR | GBPJPY | close=212.648 h4ema200=210.716 h4slope=UP dailyEMA200=204.712 adx=45.0 ema50=212.729 distToEMA50=8.1pips touchSeq=3 atr=0.098143 atrRatio=0.804 dir=LONG spread=41.0 spreadOK=NO atrGate=PASS touch=FAIL momCandle=momClosePos=0.691 momOk=Y ema50Ok=Y barRange=0.165000 zeroRangeBar=NO trigger=YES hasPos=NO portRisk=0.00% openPos=0 | 212.648000
JP	0	02:07:01.494	Cazyxio_v4.3 (EURUSD,M15)	2026.03.12 08:07:01 | GATE_FAIL | GBPJPY | Spread too wide. Spread=41.0 Max=30 points.
JO	0	02:07:01.494	Cazyxio_v4.3 (EURUSD,M15)	2026.03.12 08:07:01 | BAR | USDCAD | close=1.35856 h4ema200=1.36628 h4slope=DOWN dailyEMA200=1.38128 adx=20.7 ema50=1.35866 distToEMA50=1.0pips touchSeq=12 atr=0.000515 atrRatio=0.806 dir=SHORT spread=25.0 spreadOK=YES atrGate=PASS touch=PASS momCandle=momClosePos=0.362 momOk=N ema50Ok=Y barRange=0.000470 zeroRangeBar=NO trigger=NO hasPos=NO portRisk=0.00% openPos=0 | 1.358560
CP	0	02:07:01.494	Cazyxio_v4.3 (EURUSD,M15)	2026.03.12 08:07:01 | NEAR_MISS | USDCAD | Momentum near-miss. momClosePos=0.362 Threshold=0.350 Gap=0.012 dir=SHORT
KG	0	02:07:01.494	Cazyxio_v4.3 (EURUSD,M15)	2026.03.12 08:07:01 | GATE_FAIL | USDCAD | Momentum candle FAIL. dir=SHORT close=1.35856 ema50=1.35866 momClosePos=0.362 momOk=N ema50Ok=Y barRange=0.000470
FR	0	02:07:32.214	Cazyxio_v4.3 (EURUSD,M15)	2026.03.12 08:07:32 | HEARTBEAT | SYSTEM | EA alive. Tick=17300 Equity=44254.02 OpenPos=0 PendingOrders=0 UTC=2026.03.12 08:07 DayOfWeek=4 WeekendCloseActive=NO NewTradeBlocked=NO | 17300.000000
LL	0	02:08:36.705	Cazyxio_v4.3 (EURUSD,M15)	2026.03.12 08:08:36 | HEARTBEAT | SYSTEM | EA alive. Tick=17400 Equity=44254.02 OpenPos=0 PendingOrders=0 UTC=2026.03.12 08:08 DayOfWeek=4 WeekendCloseActive=NO NewTradeBlocked=NO | 17400.000000
PN	0	02:10:04.179	Cazyxio_v4.3 (EURUSD,M15)	2026.03.12 08:10:04 | HEARTBEAT | SYSTEM | EA alive. Tick=17500 Equity=44254.02 OpenPos=0 PendingOrders=0 UTC=2026.03.12 08:10 DayOfWeek=4 WeekendCloseActive=NO NewTradeBlocked=NO | 17500.000000
GH	0	02:11:26.575	Cazyxio_v4.3 (EURUSD,M15)	2026.03.12 08:11:26 | HEARTBEAT | SYSTEM | EA alive. Tick=17600 Equity=44254.02 OpenPos=0 PendingOrders=0 UTC=2026.03.12 08:11 DayOfWeek=4 WeekendCloseActive=NO NewTradeBlocked=NO | 17600.000000
QJ	0	02:12:42.806	Cazyxio_v4.3 (EURUSD,M15)	2026.03.12 08:12:42 | HEARTBEAT | SYSTEM | EA alive. Tick=17700 Equity=44254.02 OpenPos=0 PendingOrders=0 UTC=2026.03.12 08:12 DayOfWeek=4 WeekendCloseActive=NO NewTradeBlocked=NO | 17700.000000
HD	0	02:13:45.730	Cazyxio_v4.3 (EURUSD,M15)	2026.03.12 08:13:45 | HEARTBEAT | SYSTEM | EA alive. Tick=17800 Equity=44254.02 OpenPos=0 PendingOrders=0 UTC=2026.03.12 08:13 DayOfWeek=4 WeekendCloseActive=NO NewTradeBlocked=NO | 17800.000000
PF	0	02:14:42.029	Cazyxio_v4.3 (EURUSD,M15)	2026.03.12 08:14:42 | HEARTBEAT | SYSTEM | EA alive. Tick=17900 Equity=44254.02 OpenPos=0 PendingOrders=0 UTC=2026.03.12 08:14 DayOfWeek=4 WeekendCloseActive=NO NewTradeBlocked=NO | 17900.000000
RQ	0	02:17:22.564	Cazyxio_v4.3 (EURUSD,M15)	2026.03.12 08:17:22 | GATE_FAIL | GBPUSD | CopyBuffer failed for Daily EMA200.
RP	0	02:19:42.932	Cazyxio_v4.3 (EURUSD,M15)	2026.03.12 08:19:42 | GATE_FAIL | EURUSD | CopyBuffer failed for Daily EMA200.
JS	0	02:22:03.393	Cazyxio_v4.3 (EURUSD,M15)	2026.03.12 08:22:03 | GATE_FAIL | USDJPY | CopyBuffer failed for Daily EMA200.
QP	0	02:22:03.393	Cazyxio_v4.3 (EURUSD,M15)	2026.03.12 08:22:03 | BAR | AUDUSD | close=0.71410 h4ema200=0.70126 h4slope=UP dailyEMA200=0.67015 adx=30.6 ema50=0.71355 distToEMA50=5.5pips touchSeq=4 atr=0.000812 atrRatio=0.982 dir=LONG spread=21.0 spreadOK=YES atrGate=PASS touch=PASS momCandle=momClosePos=0.685 momOk=Y ema50Ok=Y barRange=0.001080 zeroRangeBar=NO trigger=YES hasPos=NO portRisk=0.00% openPos=0 | 0.714100
JG	0	02:22:03.393	Cazyxio_v4.3 (EURUSD,M15)	2026.03.12 08:22:03 | SIGNAL | AUDUSD | VALID SIGNAL (LIMIT): LONG limitPrice=0.71351 sl=0.71221 tp=0.71806 stopDist=0.00130 lots=1.70 riskPct=0.50 R:R=1:3.50 ema50=0.71355 dailyEMA200=0.67015 adx=30.6 distToLimit=0.8pips expiresIn=4bars touchSeq=4 | 0.713510
CE	0	02:22:03.393	Cazyxio_v4.3 (EURUSD,M15)	CTrade::OrderSend: buy limit 1.70 AUDUSD at 0.71351 sl: 0.71221 tp: 0.71806 [auto trading disabled by client]
JQ	0	02:22:03.393	Cazyxio_v4.3 (EURUSD,M15)	2026.03.12 08:22:03 | ORDER_FAILED | AUDUSD | BUY_LIMIT FAILED. retcode=10027 desc=auto trading disabled by client limitPrice=0.71351
FG	0	02:22:03.393	Cazyxio_v4.3 (EURUSD,M15)	2026.03.12 08:22:03 | BAR | GBPJPY | close=212.491 h4ema200=210.716 h4slope=UP dailyEMA200=204.711 adx=44.1 ema50=212.716 distToEMA50=22.5pips touchSeq=0 atr=0.104000 atrRatio=0.853 dir=LONG spread=39.0 spreadOK=NO atrGate=PASS touch=FAIL momCandle=momClosePos=0.074 momOk=N ema50Ok=Y barRange=0.190000 zeroRangeBar=NO trigger=NO hasPos=NO portRisk=0.00% openPos=0 | 212.491000
IG	0	02:22:03.393	Cazyxio_v4.3 (EURUSD,M15)	2026.03.12 08:22:03 | GATE_FAIL | GBPJPY | Spread too wide. Spread=39.0 Max=30 points.
JG	0	02:22:03.393	Cazyxio_v4.3 (EURUSD,M15)	2026.03.12 08:22:03 | BAR | USDCAD | close=1.35783 h4ema200=1.36628 h4slope=DOWN dailyEMA200=1.38128 adx=20.3 ema50=1.35863 distToEMA50=8.0pips touchSeq=0 atr=0.000540 atrRatio=0.843 dir=SHORT spread=29.0 spreadOK=YES atrGate=PASS touch=PASS momCandle=momClosePos=0.128 momOk=Y ema50Ok=Y barRange=0.000860 zeroRangeBar=NO trigger=YES hasPos=NO portRisk=0.00% openPos=0 | 1.357830
KR	0	02:22:03.393	Cazyxio_v4.3 (EURUSD,M15)	2026.03.12 08:22:03 | LOT_CAP_APPLIED | USDCAD | Lot size capped. Calculated=3.47 Cap=2.00 StopDist=0.00086 (Risk reduced to protect account from outsized losses)
RD	0	02:22:03.393	Cazyxio_v4.3 (EURUSD,M15)	2026.03.12 08:22:03 | SIGNAL | USDCAD | VALID SIGNAL (LIMIT): SHORT limitPrice=1.35866 sl=1.35952 tp=1.35564 stopDist=0.00086 lots=2.00 riskPct=0.50 R:R=1:3.50 ema50=1.35863 dailyEMA200=1.38128 adx=20.3 distToLimit=6.3pips expiresIn=4bars touchSeq=0 | 1.358660
MP	0	02:22:03.393	Cazyxio_v4.3 (EURUSD,M15)	CTrade::OrderSend: sell limit 2.00 USDCAD at 1.35866 sl: 1.35952 tp: 1.35564 [auto trading disabled by client]
PQ	0	02:22:03.393	Cazyxio_v4.3 (EURUSD,M15)	2026.03.12 08:22:03 | ORDER_FAILED | USDCAD | SELL_LIMIT FAILED. retcode=10027 desc=auto trading disabled by client limitPrice=1.35866
HH	0	02:23:10.119	Cazyxio_v4.3 (EURUSD,M15)	2026.03.12 08:23:10 | HEARTBEAT | SYSTEM | EA alive. Tick=18000 Equity=44254.02 OpenPos=0 PendingOrders=0 UTC=2026.03.12 08:23 DayOfWeek=4 WeekendCloseActive=NO NewTradeBlocked=NO | 18000.000000
RJ	0	02:25:33.216	Cazyxio_v4.3 (EURUSD,M15)	2026.03.12 08:25:33 | HEARTBEAT | SYSTEM | EA alive. Tick=18100 Equity=44254.02 OpenPos=0 PendingOrders=0 UTC=2026.03.12 08:25 DayOfWeek=4 WeekendCloseActive=NO NewTradeBlocked=NO | 18100.000000
FD	0	02:27:06.874	Cazyxio_v4.3 (EURUSD,M15)	2026.03.12 08:27:06 | HEARTBEAT | SYSTEM | EA alive. Tick=18200 Equity=44254.02 OpenPos=0 PendingOrders=0 UTC=2026.03.12 08:27 DayOfWeek=4 WeekendCloseActive=NO NewTradeBlocked=NO | 18200.000000
DF	0	02:28:14.341	Cazyxio_v4.3 (EURUSD,M15)	2026.03.12 08:28:14 | HEARTBEAT | SYSTEM | EA alive. Tick=18300 Equity=44254.02 OpenPos=0 PendingOrders=0 UTC=2026.03.12 08:28 DayOfWeek=4 WeekendCloseActive=NO NewTradeBlocked=NO | 18300.000000
LP	0	02:29:38.870	Cazyxio_v4.3 (EURUSD,M15)	2026.03.12 08:29:38 | HEARTBEAT | SYSTEM | EA alive. Tick=18400 Equity=44254.02 OpenPos=0 PendingOrders=0 UTC=2026.03.12 08:29 DayOfWeek=4 WeekendCloseActive=NO NewTradeBlocked=NO | 18400.000000
FR	0	02:32:20.570	Cazyxio_v4.3 (EURUSD,M15)	2026.03.12 08:32:20 | GATE_FAIL | EURUSD | CopyBuffer failed for Daily EMA200.
NM	0	02:34:41.074	Cazyxio_v4.3 (EURUSD,M15)	2026.03.12 08:34:41 | GATE_FAIL | USDJPY | CopyBuffer failed for Daily EMA200.
HS	0	02:34:41.074	Cazyxio_v4.3 (EURUSD,M15)	2026.03.12 08:34:41 | BAR | AUDUSD | close=0.71328 h4ema200=0.70126 h4slope=UP dailyEMA200=0.67015 adx=30.6 ema50=0.71355 distToEMA50=2.7pips touchSeq=5 atr=0.000760 atrRatio=0.919 dir=LONG spread=18.0 spreadOK=YES atrGate=PASS touch=PASS momCandle=momClosePos=0.042 momOk=N ema50Ok=Y barRange=0.000950 zeroRangeBar=NO trigger=NO hasPos=NO portRisk=0.00% openPos=0 | 0.713280
RH	0	02:34:41.074	Cazyxio_v4.3 (EURUSD,M15)	2026.03.12 08:34:41 | GATE_FAIL | AUDUSD | Momentum candle FAIL. dir=LONG close=0.71328 ema50=0.71355 momClosePos=0.042 momOk=N ema50Ok=Y barRange=0.000950
QR	0	02:34:41.074	Cazyxio_v4.3 (EURUSD,M15)	2026.03.12 08:34:41 | BAR | GBPJPY | close=212.574 h4ema200=210.716 h4slope=UP dailyEMA200=204.711 adx=44.1 ema50=212.713 distToEMA50=13.9pips touchSeq=0 atr=0.105643 atrRatio=0.867 dir=LONG spread=32.0 spreadOK=NO atrGate=PASS touch=FAIL momCandle=momClosePos=0.872 momOk=Y ema50Ok=Y barRange=0.117000 zeroRangeBar=NO trigger=YES hasPos=NO portRisk=0.00% openPos=0 | 212.574000
PO	0	02:34:41.074	Cazyxio_v4.3 (EURUSD,M15)	2026.03.12 08:34:41 | GATE_FAIL | GBPJPY | Spread too wide. Spread=32.0 Max=30 points.
HS	0	02:34:41.074	Cazyxio_v4.3 (EURUSD,M15)	2026.03.12 08:34:41 | BAR | USDCAD | close=1.35816 h4ema200=1.36628 h4slope=DOWN dailyEMA200=1.38128 adx=20.3 ema50=1.35862 distToEMA50=4.6pips touchSeq=1 atr=0.000549 atrRatio=0.856 dir=SHORT spread=29.0 spreadOK=YES atrGate=PASS touch=PASS momCandle=momClosePos=0.698 momOk=N ema50Ok=Y barRange=0.000860 zeroRangeBar=NO trigger=NO hasPos=NO portRisk=0.00% openPos=0 | 1.358160
DG	0	02:34:41.074	Cazyxio_v4.3 (EURUSD,M15)	2026.03.12 08:34:41 | GATE_FAIL | USDCAD | Momentum candle FAIL. dir=SHORT close=1.35816 ema50=1.35862 momClosePos=0.698 momOk=N ema50Ok=Y barRange=0.000860
ES	0	02:37:02.095	Cazyxio_v4.3 (EURUSD,M15)	2026.03.12 08:37:02 | GATE_FAIL | GBPUSD | CopyBuffer failed for Daily EMA200.
IR	0	02:38:27.202	Cazyxio_v4.3 (EURUSD,M15)	2026.03.12 08:38:27 | HEARTBEAT | SYSTEM | EA alive. Tick=18500 Equity=44254.02 OpenPos=0 PendingOrders=0 UTC=2026.03.12 08:38 DayOfWeek=4 WeekendCloseActive=NO NewTradeBlocked=NO | 18500.000000
PL	0	02:39:46.921	Cazyxio_v4.3 (EURUSD,M15)	2026.03.12 08:39:46 | HEARTBEAT | SYSTEM | EA alive. Tick=18600 Equity=44254.02 OpenPos=0 PendingOrders=0 UTC=2026.03.12 08:39 DayOfWeek=4 WeekendCloseActive=NO NewTradeBlocked=NO | 18600.000000
CN	0	02:41:33.392	Cazyxio_v4.3 (EURUSD,M15)	2026.03.12 08:41:33 | HEARTBEAT | SYSTEM | EA alive. Tick=18700 Equity=44254.02 OpenPos=0 PendingOrders=0 UTC=2026.03.12 08:41 DayOfWeek=4 WeekendCloseActive=NO NewTradeBlocked=NO | 18700.000000
GH	0	02:43:09.394	Cazyxio_v4.3 (EURUSD,M15)	2026.03.12 08:43:09 | HEARTBEAT | SYSTEM | EA alive. Tick=18800 Equity=44254.02 OpenPos=0 PendingOrders=0 UTC=2026.03.12 08:43 DayOfWeek=4 WeekendCloseActive=NO NewTradeBlocked=NO | 18800.000000
OJ	0	02:44:41.742	Cazyxio_v4.3 (EURUSD,M15)	2026.03.12 08:44:41 | HEARTBEAT | SYSTEM | EA alive. Tick=18900 Equity=44254.02 OpenPos=0 PendingOrders=0 UTC=2026.03.12 08:44 DayOfWeek=4 WeekendCloseActive=NO NewTradeBlocked=NO | 18900.000000
FE	0	02:47:20.746	Cazyxio_v4.3 (EURUSD,M15)	2026.03.12 08:47:20 | GATE_FAIL | GBPUSD | CopyBuffer failed for Daily EMA200.
GG	0	02:49:41.148	Cazyxio_v4.3 (EURUSD,M15)	2026.03.12 08:49:41 | GATE_FAIL | EURUSD | CopyBuffer failed for Daily EMA200.
DG	0	02:52:01.562	Cazyxio_v4.3 (EURUSD,M15)	2026.03.12 08:52:01 | GATE_FAIL | USDJPY | CopyBuffer failed for Daily EMA200.
HE	0	02:52:01.562	Cazyxio_v4.3 (EURUSD,M15)	2026.03.12 08:52:01 | BAR | AUDUSD | close=0.71347 h4ema200=0.70126 h4slope=UP dailyEMA200=0.67015 adx=30.6 ema50=0.71354 distToEMA50=0.7pips touchSeq=6 atr=0.000758 atrRatio=0.918 dir=LONG spread=18.0 spreadOK=YES atrGate=PASS touch=PASS momCandle=momClosePos=0.667 momOk=Y ema50Ok=Y barRange=0.000510 zeroRangeBar=NO trigger=YES hasPos=NO portRisk=0.00% openPos=0 | 0.713470
KK	0	02:52:01.562	Cazyxio_v4.3 (EURUSD,M15)	2026.03.12 08:52:01 | SIGNAL | AUDUSD | VALID SIGNAL (LIMIT): LONG limitPrice=0.71350 sl=0.71229 tp=0.71774 stopDist=0.00121 lots=1.82 riskPct=0.50 R:R=1:3.50 ema50=0.71354 dailyEMA200=0.67015 adx=30.6 distToLimit=0.5pips expiresIn=4bars touchSeq=6 | 0.713500
DQ	0	02:52:01.562	Cazyxio_v4.3 (EURUSD,M15)	CTrade::OrderSend: buy limit 1.82 AUDUSD at 0.71350 sl: 0.71229 tp: 0.71774 [auto trading disabled by client]
KM	0	02:52:01.562	Cazyxio_v4.3 (EURUSD,M15)	2026.03.12 08:52:01 | ORDER_FAILED | AUDUSD | BUY_LIMIT FAILED. retcode=10027 desc=auto trading disabled by client limitPrice=0.71350
DE	0	02:52:01.562	Cazyxio_v4.3 (EURUSD,M15)	2026.03.12 08:52:01 | BAR | GBPJPY | close=212.627 h4ema200=210.716 h4slope=UP dailyEMA200=204.712 adx=44.1 ema50=212.710 distToEMA50=8.3pips touchSeq=1 atr=0.111500 atrRatio=0.916 dir=LONG spread=40.0 spreadOK=NO atrGate=PASS touch=FAIL momCandle=momClosePos=0.921 momOk=Y ema50Ok=Y barRange=0.126000 zeroRangeBar=NO trigger=YES hasPos=NO portRisk=0.00% openPos=0 | 212.627000
QS	0	02:52:01.562	Cazyxio_v4.3 (EURUSD,M15)	2026.03.12 08:52:01 | GATE_FAIL | GBPJPY | Spread too wide. Spread=40.0 Max=30 points.
OO	0	02:52:01.562	Cazyxio_v4.3 (EURUSD,M15)	2026.03.12 08:52:01 | BAR | USDCAD | close=1.35821 h4ema200=1.36629 h4slope=DOWN dailyEMA200=1.38128 adx=20.3 ema50=1.35862 distToEMA50=4.1pips touchSeq=2 atr=0.000546 atrRatio=0.850 dir=SHORT spread=27.0 spreadOK=YES atrGate=PASS touch=PASS momCandle=momClosePos=0.550 momOk=N ema50Ok=Y barRange=0.000400 zeroRangeBar=NO trigger=NO hasPos=NO portRisk=0.00% openPos=0 | 1.358210
QS	0	02:52:01.562	Cazyxio_v4.3 (EURUSD,M15)	2026.03.12 08:52:01 | GATE_FAIL | USDCAD | Momentum candle FAIL. dir=SHORT close=1.35821 ema50=1.35862 momClosePos=0.550 momOk=N ema50Ok=Y barRange=0.000400
KO	0	02:52:57.327	Cazyxio_v4.3 (EURUSD,M15)	2026.03.12 08:52:57 | HEARTBEAT | SYSTEM | EA alive. Tick=19000 Equity=44254.02 OpenPos=0 PendingOrders=0 UTC=2026.03.12 08:52 DayOfWeek=4 WeekendCloseActive=NO NewTradeBlocked=NO | 19000.000000
EI	0	02:54:38.903	Cazyxio_v4.3 (EURUSD,M15)	2026.03.12 08:54:38 | HEARTBEAT | SYSTEM | EA alive. Tick=19100 Equity=44254.02 OpenPos=0 PendingOrders=0 UTC=2026.03.12 08:54 DayOfWeek=4 WeekendCloseActive=NO NewTradeBlocked=NO | 19100.000000
QK	0	02:56:39.325	Cazyxio_v4.3 (EURUSD,M15)	2026.03.12 08:56:39 | HEARTBEAT | SYSTEM | EA alive. Tick=19200 Equity=44254.02 OpenPos=0 PendingOrders=0 UTC=2026.03.12 08:56 DayOfWeek=4 WeekendCloseActive=NO NewTradeBlocked=NO | 19200.000000
EE	0	02:58:13.879	Cazyxio_v4.3 (EURUSD,M15)	2026.03.12 08:58:13 | HEARTBEAT | SYSTEM | EA alive. Tick=19300 Equity=44254.02 OpenPos=0 PendingOrders=0 UTC=2026.03.12 08:58 DayOfWeek=4 WeekendCloseActive=NO NewTradeBlocked=NO | 19300.000000
MG	0	02:59:48.258	Cazyxio_v4.3 (EURUSD,M15)	2026.03.12 08:59:48 | HEARTBEAT | SYSTEM | EA alive. Tick=19400 Equity=44254.02 OpenPos=0 PendingOrders=0 UTC=2026.03.12 08:59 DayOfWeek=4 WeekendCloseActive=NO NewTradeBlocked=NO | 19400.000000
OQ	0	03:02:20.548	Cazyxio_v4.3 (EURUSD,M15)	2026.03.12 09:02:20 | GATE_FAIL | EURUSD | CopyBuffer failed for Daily EMA200.
HP	0	03:04:40.988	Cazyxio_v4.3 (EURUSD,M15)	2026.03.12 09:04:40 | GATE_FAIL | USDJPY | CopyBuffer failed for Daily EMA200.
FS	0	03:04:40.988	Cazyxio_v4.3 (EURUSD,M15)	2026.03.12 09:04:40 | BAR | AUDUSD | close=0.71339 h4ema200=0.70138 h4slope=UP dailyEMA200=0.67015 adx=26.5 ema50=0.71353 distToEMA50=1.4pips touchSeq=7 atr=0.000774 atrRatio=0.938 dir=LONG spread=18.0 spreadOK=YES atrGate=PASS touch=PASS momCandle=momClosePos=0.656 momOk=Y ema50Ok=Y barRange=0.000610 zeroRangeBar=NO trigger=YES hasPos=NO portRisk=0.00% openPos=0 | 0.713390
DD	0	03:04:40.988	Cazyxio_v4.3 (EURUSD,M15)	2026.03.12 09:04:40 | SIGNAL | AUDUSD | VALID SIGNAL (LIMIT): LONG limitPrice=0.71349 sl=0.71225 tp=0.71782 stopDist=0.00124 lots=1.78 riskPct=0.50 R:R=1:3.50 ema50=0.71353 dailyEMA200=0.67015 adx=26.5 distToLimit=0.7pips expiresIn=4bars touchSeq=7 | 0.713490
MS	0	03:04:40.988	Cazyxio_v4.3 (EURUSD,M15)	CTrade::OrderSend: buy limit 1.78 AUDUSD at 0.71349 sl: 0.71225 tp: 0.71782 [auto trading disabled by client]
ON	0	03:04:40.988	Cazyxio_v4.3 (EURUSD,M15)	2026.03.12 09:04:40 | ORDER_FAILED | AUDUSD | BUY_LIMIT FAILED. retcode=10027 desc=auto trading disabled by client limitPrice=0.71349
LD	0	03:04:40.988	Cazyxio_v4.3 (EURUSD,M15)	2026.03.12 09:04:40 | BAR | GBPJPY | close=212.553 h4ema200=210.734 h4slope=UP dailyEMA200=204.711 adx=38.6 ema50=212.703 distToEMA50=15.0pips touchSeq=0 atr=0.117643 atrRatio=0.967 dir=LONG spread=42.0 spreadOK=NO atrGate=PASS touch=FAIL momCandle=momClosePos=0.415 momOk=N ema50Ok=Y barRange=0.171000 zeroRangeBar=NO trigger=NO hasPos=NO portRisk=0.00% openPos=0 | 212.553000
KF	0	03:04:40.988	Cazyxio_v4.3 (EURUSD,M15)	2026.03.12 09:04:40 | GATE_FAIL | GBPJPY | Spread too wide. Spread=42.0 Max=30 points.
LM	0	03:04:40.988	Cazyxio_v4.3 (EURUSD,M15)	2026.03.12 09:04:40 | BAR | USDCAD | close=1.35865 h4ema200=1.36621 h4slope=DOWN dailyEMA200=1.38129 adx=17.9 ema50=1.35862 distToEMA50=0.3pips touchSeq=3 atr=0.000562 atrRatio=0.873 dir=SHORT spread=25.0 spreadOK=YES atrGate=PASS touch=PASS momCandle=momClosePos=0.709 momOk=N ema50Ok=Y barRange=0.000790 zeroRangeBar=NO trigger=NO hasPos=NO portRisk=0.00% openPos=0 | 1.358650
FL	0	03:04:40.988	Cazyxio_v4.3 (EURUSD,M15)	2026.03.12 09:04:40 | GATE_FAIL | USDCAD | ADX filter FAIL. H4 ADX=17.9 MinLevel=20.0 Market is ranging — no trend to trade.
DE	0	03:07:07.997	Cazyxio_v4.3 (EURUSD,M15)	2026.03.12 09:07:07 | GATE_FAIL | GBPUSD | CopyBuffer failed for Daily EMA200.
QG	0	03:08:13.266	Cazyxio_v4.3 (EURUSD,M15)	2026.03.12 09:08:13 | HEARTBEAT | SYSTEM | EA alive. Tick=19500 Equity=44254.02 OpenPos=0 PendingOrders=0 UTC=2026.03.12 09:08 DayOfWeek=4 WeekendCloseActive=NO NewTradeBlocked=NO | 19500.000000
OQ	0	03:09:34.274	Cazyxio_v4.3 (EURUSD,M15)	2026.03.12 09:09:34 | HEARTBEAT | SYSTEM | EA alive. Tick=19600 Equity=44254.02 OpenPos=0 PendingOrders=0 UTC=2026.03.12 09:09 DayOfWeek=4 WeekendCloseActive=NO NewTradeBlocked=NO | 19600.000000
JS	0	03:11:11.377	Cazyxio_v4.3 (EURUSD,M15)	2026.03.12 09:11:11 | HEARTBEAT | SYSTEM | EA alive. Tick=19700 Equity=44254.02 OpenPos=0 PendingOrders=0 UTC=2026.03.12 09:11 DayOfWeek=4 WeekendCloseActive=NO NewTradeBlocked=NO | 19700.000000
GM	0	03:12:43.650	Cazyxio_v4.3 (EURUSD,M15)	2026.03.12 09:12:43 | HEARTBEAT | SYSTEM | EA alive. Tick=19800 Equity=44254.02 OpenPos=0 PendingOrders=0 UTC=2026.03.12 09:12 DayOfWeek=4 WeekendCloseActive=NO NewTradeBlocked=NO | 19800.000000
GO	0	03:14:35.764	Cazyxio_v4.3 (EURUSD,M15)	2026.03.12 09:14:35 | HEARTBEAT | SYSTEM | EA alive. Tick=19900 Equity=44254.02 OpenPos=0 PendingOrders=0 UTC=2026.03.12 09:14 DayOfWeek=4 WeekendCloseActive=NO NewTradeBlocked=NO | 19900.000000
JH	0	03:17:20.988	Cazyxio_v4.3 (EURUSD,M15)	2026.03.12 09:17:20 | GATE_FAIL | GBPUSD | CopyBuffer failed for Daily EMA200.
FI	0	03:19:41.406	Cazyxio_v4.3 (EURUSD,M15)	2026.03.12 09:19:41 | GATE_FAIL | EURUSD | CopyBuffer failed for Daily EMA200.
MH	0	03:22:01.893	Cazyxio_v4.3 (EURUSD,M15)	2026.03.12 09:22:01 | GATE_FAIL | USDJPY | CopyBuffer failed for Daily EMA200.
QF	0	03:22:01.893	Cazyxio_v4.3 (EURUSD,M15)	2026.03.12 09:22:01 | BAR | AUDUSD | close=0.71261 h4ema200=0.70137 h4slope=UP dailyEMA200=0.67014 adx=26.5 ema50=0.71346 distToEMA50=8.5pips touchSeq=8 atr=0.000774 atrRatio=0.940 dir=LONG spread=18.0 spreadOK=YES atrGate=PASS touch=PASS momCandle=momClosePos=0.054 momOk=N ema50Ok=Y barRange=0.000930 zeroRangeBar=NO trigger=NO hasPos=NO portRisk=0.00% openPos=0 | 0.712610
DS	0	03:22:01.893	Cazyxio_v4.3 (EURUSD,M15)	2026.03.12 09:22:01 | GATE_FAIL | AUDUSD | Momentum candle FAIL. dir=LONG close=0.71261 ema50=0.71346 momClosePos=0.054 momOk=N ema50Ok=Y barRange=0.000930
HJ	0	03:22:01.893	Cazyxio_v4.3 (EURUSD,M15)	2026.03.12 09:22:01 | BAR | GBPJPY | close=212.534 h4ema200=210.735 h4slope=UP dailyEMA200=204.712 adx=38.6 ema50=212.697 distToEMA50=16.3pips touchSeq=0 atr=0.118643 atrRatio=0.976 dir=LONG spread=38.0 spreadOK=NO atrGate=PASS touch=FAIL momCandle=momClosePos=0.300 momOk=N ema50Ok=Y barRange=0.100000 zeroRangeBar=NO trigger=NO hasPos=NO portRisk=0.00% openPos=0 | 212.534000
GP	0	03:22:01.893	Cazyxio_v4.3 (EURUSD,M15)	2026.03.12 09:22:01 | GATE_FAIL | GBPJPY | Spread too wide. Spread=38.0 Max=30 points.
JL	0	03:22:01.893	Cazyxio_v4.3 (EURUSD,M15)	2026.03.12 09:22:01 | BAR | USDCAD | close=1.35877 h4ema200=1.36621 h4slope=DOWN dailyEMA200=1.38129 adx=17.9 ema50=1.35863 distToEMA50=1.4pips touchSeq=4 atr=0.000546 atrRatio=0.848 dir=SHORT spread=24.0 spreadOK=YES atrGate=PASS touch=PASS momCandle=momClosePos=0.658 momOk=N ema50Ok=Y barRange=0.000380 zeroRangeBar=NO trigger=NO hasPos=NO portRisk=0.00% openPos=0 | 1.358770
EO	0	03:22:01.893	Cazyxio_v4.3 (EURUSD,M15)	2026.03.12 09:22:01 | GATE_FAIL | USDCAD | ADX filter FAIL. H4 ADX=17.9 MinLevel=20.0 Market is ranging — no trend to trade.
IE	0	03:23:22.980	Cazyxio_v4.3 (EURUSD,M15)	2026.03.12 09:23:22 | HEARTBEAT | SYSTEM | EA alive. Tick=20000 Equity=44254.02 OpenPos=0 PendingOrders=0 UTC=2026.03.12 09:23 DayOfWeek=4 WeekendCloseActive=NO NewTradeBlocked=NO | 20000.000000
EG	0	03:24:54.471	Cazyxio_v4.3 (EURUSD,M15)	2026.03.12 09:24:54 | HEARTBEAT | SYSTEM | EA alive. Tick=20100 Equity=44254.02 OpenPos=0 PendingOrders=0 UTC=2026.03.12 09:24 DayOfWeek=4 WeekendCloseActive=NO NewTradeBlocked=NO | 20100.000000
QQ	0	03:26:26.297	Cazyxio_v4.3 (EURUSD,M15)	2026.03.12 09:26:26 | HEARTBEAT | SYSTEM | EA alive. Tick=20200 Equity=44254.02 OpenPos=0 PendingOrders=0 UTC=2026.03.12 09:26 DayOfWeek=4 WeekendCloseActive=NO NewTradeBlocked=NO | 20200.000000
IS	0	03:27:50.371	Cazyxio_v4.3 (EURUSD,M15)	2026.03.12 09:27:50 | HEARTBEAT | SYSTEM | EA alive. Tick=20300 Equity=44254.02 OpenPos=0 PendingOrders=0 UTC=2026.03.12 09:27 DayOfWeek=4 WeekendCloseActive=NO NewTradeBlocked=NO | 20300.000000
NM	0	03:29:35.644	Cazyxio_v4.3 (EURUSD,M15)	2026.03.12 09:29:35 | HEARTBEAT | SYSTEM | EA alive. Tick=20400 Equity=44254.02 OpenPos=0 PendingOrders=0 UTC=2026.03.12 09:29 DayOfWeek=4 WeekendCloseActive=NO NewTradeBlocked=NO | 20400.000000
MO	0	03:32:20.643	Cazyxio_v4.3 (EURUSD,M15)	2026.03.12 09:32:20 | GATE_FAIL | EURUSD | CopyBuffer failed for Daily EMA200.
PO	0	03:34:41.096	Cazyxio_v4.3 (EURUSD,M15)	2026.03.12 09:34:41 | GATE_FAIL | USDJPY | CopyBuffer failed for Daily EMA200.
DM	0	03:34:41.096	Cazyxio_v4.3 (EURUSD,M15)	2026.03.12 09:34:41 | BAR | AUDUSD | close=0.71279 h4ema200=0.70137 h4slope=UP dailyEMA200=0.67014 adx=26.5 ema50=0.71346 distToEMA50=6.7pips touchSeq=9 atr=0.000727 atrRatio=0.886 dir=LONG spread=18.0 spreadOK=YES atrGate=PASS touch=PASS momCandle=momClosePos=0.825 momOk=Y ema50Ok=Y barRange=0.000630 zeroRangeBar=NO trigger=YES hasPos=NO portRisk=0.00% openPos=0 | 0.712790
QS	0	03:34:41.096	Cazyxio_v4.3 (EURUSD,M15)	2026.03.12 09:34:41 | SIGNAL | AUDUSD | VALID SIGNAL (LIMIT): LONG limitPrice=0.71342 sl=0.71226 tp=0.71749 stopDist=0.00116 lots=1.90 riskPct=0.50 R:R=1:3.50 ema50=0.71346 dailyEMA200=0.67014 adx=26.5 distToLimit=2.2pips expiresIn=4bars touchSeq=9 | 0.713420
PI	0	03:34:41.096	Cazyxio_v4.3 (EURUSD,M15)	CTrade::OrderSend: buy limit 1.90 AUDUSD at 0.71342 sl: 0.71226 tp: 0.71749 [auto trading disabled by client]
JE	0	03:34:41.096	Cazyxio_v4.3 (EURUSD,M15)	2026.03.12 09:34:41 | ORDER_FAILED | AUDUSD | BUY_LIMIT FAILED. retcode=10027 desc=auto trading disabled by client limitPrice=0.71342
KL	0	03:34:41.096	Cazyxio_v4.3 (EURUSD,M15)	2026.03.12 09:34:41 | BAR | GBPJPY | close=212.626 h4ema200=210.735 h4slope=UP dailyEMA200=204.712 adx=38.6 ema50=212.695 distToEMA50=6.9pips touchSeq=1 atr=0.120786 atrRatio=0.995 dir=LONG spread=41.0 spreadOK=NO atrGate=PASS touch=PASS momCandle=momClosePos=0.878 momOk=Y ema50Ok=Y barRange=0.131000 zeroRangeBar=NO trigger=YES hasPos=NO portRisk=0.00% openPos=0 | 212.626000
FK	0	03:34:41.096	Cazyxio_v4.3 (EURUSD,M15)	2026.03.12 09:34:41 | GATE_FAIL | GBPJPY | Spread too wide. Spread=41.0 Max=30 points.
MJ	0	03:34:41.096	Cazyxio_v4.3 (EURUSD,M15)	2026.03.12 09:34:41 | BAR | USDCAD | close=1.35857 h4ema200=1.36621 h4slope=DOWN dailyEMA200=1.38128 adx=17.9 ema50=1.35862 distToEMA50=0.5pips touchSeq=5 atr=0.000517 atrRatio=0.804 dir=SHORT spread=26.0 spreadOK=YES atrGate=PASS touch=PASS momCandle=momClosePos=0.343 momOk=Y ema50Ok=Y barRange=0.000350 zeroRangeBar=NO trigger=YES hasPos=NO portRisk=0.00% openPos=0 | 1.358570
LF	0	03:34:41.096	Cazyxio_v4.3 (EURUSD,M15)	2026.03.12 09:34:41 | GATE_FAIL | USDCAD | ADX filter FAIL. H4 ADX=17.9 MinLevel=20.0 Market is ranging — no trend to trade.
QR	0	03:37:01.639	Cazyxio_v4.3 (EURUSD,M15)	2026.03.12 09:37:01 | GATE_FAIL | GBPUSD | CopyBuffer failed for Daily EMA200.
LR	0	03:38:19.626	Cazyxio_v4.3 (EURUSD,M15)	2026.03.12 09:38:19 | HEARTBEAT | SYSTEM | EA alive. Tick=20500 Equity=44254.02 OpenPos=0 PendingOrders=0 UTC=2026.03.12 09:38 DayOfWeek=4 WeekendCloseActive=NO NewTradeBlocked=NO | 20500.000000
DL	0	03:39:20.496	Cazyxio_v4.3 (EURUSD,M15)	2026.03.12 09:39:20 | HEARTBEAT | SYSTEM | EA alive. Tick=20600 Equity=44254.02 OpenPos=0 PendingOrders=0 UTC=2026.03.12 09:39 DayOfWeek=4 WeekendCloseActive=NO NewTradeBlocked=NO | 20600.000000
QN	0	03:40:40.587	Cazyxio_v4.3 (EURUSD,M15)	2026.03.12 09:40:40 | HEARTBEAT | SYSTEM | EA alive. Tick=20700 Equity=44254.02 OpenPos=0 PendingOrders=0 UTC=2026.03.12 09:40 DayOfWeek=4 WeekendCloseActive=NO NewTradeBlocked=NO | 20700.000000
EH	0	03:41:44.676	Cazyxio_v4.3 (EURUSD,M15)	2026.03.12 09:41:44 | HEARTBEAT | SYSTEM | EA alive. Tick=20800 Equity=44254.02 OpenPos=0 PendingOrders=0 UTC=2026.03.12 09:41 DayOfWeek=4 WeekendCloseActive=NO NewTradeBlocked=NO | 20800.000000
KJ	0	03:43:03.852	Cazyxio_v4.3 (EURUSD,M15)	2026.03.12 09:43:03 | HEARTBEAT | SYSTEM | EA alive. Tick=20900 Equity=44254.02 OpenPos=0 PendingOrders=0 UTC=2026.03.12 09:43 DayOfWeek=4 WeekendCloseActive=NO NewTradeBlocked=NO | 20900.000000
RD	0	03:44:28.438	Cazyxio_v4.3 (EURUSD,M15)	2026.03.12 09:44:28 | HEARTBEAT | SYSTEM | EA alive. Tick=21000 Equity=44254.02 OpenPos=0 PendingOrders=0 UTC=2026.03.12 09:44 DayOfWeek=4 WeekendCloseActive=NO NewTradeBlocked=NO | 21000.000000
KF	0	03:47:20.630	Cazyxio_v4.3 (EURUSD,M15)	2026.03.12 09:47:20 | GATE_FAIL | EURUSD | CopyBuffer failed for Daily EMA200.
EF	0	03:49:41.060	Cazyxio_v4.3 (EURUSD,M15)	2026.03.12 09:49:41 | GATE_FAIL | USDJPY | CopyBuffer failed for Daily EMA200.
FQ	0	03:49:41.060	Cazyxio_v4.3 (EURUSD,M15)	2026.03.12 09:49:41 | BAR | AUDUSD | close=0.71346 h4ema200=0.70138 h4slope=UP dailyEMA200=0.67015 adx=26.5 ema50=0.71347 distToEMA50=0.1pips touchSeq=10 atr=0.000706 atrRatio=0.863 dir=LONG spread=16.0 spreadOK=YES atrGate=PASS touch=PASS momCandle=momClosePos=0.959 momOk=Y ema50Ok=Y barRange=0.000740 zeroRangeBar=NO trigger=YES hasPos=NO portRisk=0.00% openPos=0 | 0.713460
KI	0	03:49:41.060	Cazyxio_v4.3 (EURUSD,M15)	2026.03.12 09:49:41 | SIGNAL | AUDUSD | VALID SIGNAL (LIMIT): LONG limitPrice=0.71344 sl=0.71231 tp=0.71740 stopDist=0.00113 lots=1.95 riskPct=0.50 R:R=1:3.50 ema50=0.71347 dailyEMA200=0.67015 adx=26.5 distToLimit=1.9pips expiresIn=4bars touchSeq=10 | 0.713440
GP	0	03:49:41.060	Cazyxio_v4.3 (EURUSD,M15)	CTrade::OrderSend: buy limit 1.95 AUDUSD at 0.71344 sl: 0.71231 tp: 0.71740 [auto trading disabled by client]
ML	0	03:49:41.060	Cazyxio_v4.3 (EURUSD,M15)	2026.03.12 09:49:41 | ORDER_FAILED | AUDUSD | BUY_LIMIT FAILED. retcode=10027 desc=auto trading disabled by client limitPrice=0.71344
JE	0	03:49:41.060	Cazyxio_v4.3 (EURUSD,M15)	2026.03.12 09:49:41 | BAR | GBPJPY | close=212.645 h4ema200=210.734 h4slope=UP dailyEMA200=204.711 adx=38.6 ema50=212.692 distToEMA50=4.7pips touchSeq=2 atr=0.122643 atrRatio=1.012 dir=LONG spread=42.0 spreadOK=NO atrGate=PASS touch=PASS momCandle=momClosePos=0.747 momOk=Y ema50Ok=Y barRange=0.095000 zeroRangeBar=NO trigger=YES hasPos=NO portRisk=0.00% openPos=0 | 212.645000
NP	0	03:49:41.060	Cazyxio_v4.3 (EURUSD,M15)	2026.03.12 09:49:41 | GATE_FAIL | GBPJPY | Spread too wide. Spread=42.0 Max=30 points.
FP	0	03:49:41.060	Cazyxio_v4.3 (EURUSD,M15)	2026.03.12 09:49:41 | BAR | USDCAD | close=1.35845 h4ema200=1.36621 h4slope=DOWN dailyEMA200=1.38128 adx=17.9 ema50=1.35861 distToEMA50=1.6pips touchSeq=6 atr=0.000494 atrRatio=0.770 dir=SHORT spread=25.0 spreadOK=YES atrGate=FAIL touch=PASS momCandle=momClosePos=0.111 momOk=Y ema50Ok=Y barRange=0.000270 zeroRangeBar=NO trigger=YES hasPos=NO portRisk=0.00% openPos=0 | 1.358450
DP	0	03:49:41.060	Cazyxio_v4.3 (EURUSD,M15)	2026.03.12 09:49:41 | NEAR_MISS | USDCAD | ATR near-miss. Ratio=0.770 MinRatio=0.80 Gap=0.030
HI	0	03:49:41.060	Cazyxio_v4.3 (EURUSD,M15)	2026.03.12 09:49:41 | GATE_FAIL | USDCAD | ATR gate FAIL. ATR=0.000494 ATR_SMA=0.000642 Ratio=0.770 MinRatio=0.80
FK	0	03:52:02.153	Cazyxio_v4.3 (EURUSD,M15)	2026.03.12 09:52:02 | GATE_FAIL | GBPUSD | CopyBuffer failed for Daily EMA200.
JE	0	03:53:19.272	Cazyxio_v4.3 (EURUSD,M15)	2026.03.12 09:53:19 | HEARTBEAT | SYSTEM | EA alive. Tick=21100 Equity=44254.02 OpenPos=0 PendingOrders=0 UTC=2026.03.12 09:53 DayOfWeek=4 WeekendCloseActive=NO NewTradeBlocked=NO | 21100.000000
OG	0	03:55:07.974	Cazyxio_v4.3 (EURUSD,M15)	2026.03.12 09:55:07 | HEARTBEAT | SYSTEM | EA alive. Tick=21200 Equity=44254.02 OpenPos=0 PendingOrders=0 UTC=2026.03.12 09:55 DayOfWeek=4 WeekendCloseActive=NO NewTradeBlocked=NO | 21200.000000
HQ	0	03:56:46.044	Cazyxio_v4.3 (EURUSD,M15)	2026.03.12 09:56:46 | HEARTBEAT | SYSTEM | EA alive. Tick=21300 Equity=44254.02 OpenPos=0 PendingOrders=0 UTC=2026.03.12 09:56 DayOfWeek=4 WeekendCloseActive=NO NewTradeBlocked=NO | 21300.000000
OS	0	03:58:13.236	Cazyxio_v4.3 (EURUSD,M15)	2026.03.12 09:58:13 | HEARTBEAT | SYSTEM | EA alive. Tick=21400 Equity=44254.02 OpenPos=0 PendingOrders=0 UTC=2026.03.12 09:58 DayOfWeek=4 WeekendCloseActive=NO NewTradeBlocked=NO | 21400.000000
LM	0	03:59:49.443	Cazyxio_v4.3 (EURUSD,M15)	2026.03.12 09:59:49 | HEARTBEAT | SYSTEM | EA alive. Tick=21500 Equity=44254.02 OpenPos=0 PendingOrders=0 UTC=2026.03.12 09:59 DayOfWeek=4 WeekendCloseActive=NO NewTradeBlocked=NO | 21500.000000
DO	0	04:02:20.775	Cazyxio_v4.3 (EURUSD,M15)	2026.03.12 10:02:20 | GATE_FAIL | EURUSD | CopyBuffer failed for Daily EMA200.
HO	0	04:04:41.228	Cazyxio_v4.3 (EURUSD,M15)	2026.03.12 10:04:41 | GATE_FAIL | USDJPY | CopyBuffer failed for Daily EMA200.
IN	0	04:04:41.228	Cazyxio_v4.3 (EURUSD,M15)	2026.03.12 10:04:41 | BAR | AUDUSD | close=0.71365 h4ema200=0.70138 h4slope=UP dailyEMA200=0.67015 adx=26.5 ema50=0.71349 distToEMA50=1.6pips touchSeq=11 atr=0.000712 atrRatio=0.873 dir=LONG spread=20.0 spreadOK=YES atrGate=PASS touch=PASS momCandle=momClosePos=0.662 momOk=Y ema50Ok=Y barRange=0.000680 zeroRangeBar=NO trigger=YES hasPos=NO portRisk=0.00% openPos=0 | 0.713650
GP	0	04:04:41.228	Cazyxio_v4.3 (EURUSD,M15)	2026.03.12 10:04:41 | SIGNAL | AUDUSD | VALID SIGNAL (LIMIT): LONG limitPrice=0.71345 sl=0.71231 tp=0.71744 stopDist=0.00114 lots=1.94 riskPct=0.50 R:R=1:3.50 ema50=0.71349 dailyEMA200=0.67015 adx=26.5 distToLimit=3.9pips expiresIn=4bars touchSeq=11 | 0.713450
EI	0	04:04:41.228	Cazyxio_v4.3 (EURUSD,M15)	CTrade::OrderSend: buy limit 1.94 AUDUSD at 0.71345 sl: 0.71231 tp: 0.71744 [auto trading disabled by client]
OE	0	04:04:41.228	Cazyxio_v4.3 (EURUSD,M15)	2026.03.12 10:04:41 | ORDER_FAILED | AUDUSD | BUY_LIMIT FAILED. retcode=10027 desc=auto trading disabled by client limitPrice=0.71345
QQ	0	04:04:41.228	Cazyxio_v4.3 (EURUSD,M15)	2026.03.12 10:04:41 | BAR | GBPJPY | close=212.607 h4ema200=210.735 h4slope=UP dailyEMA200=204.712 adx=38.6 ema50=212.689 distToEMA50=8.2pips touchSeq=3 atr=0.119929 atrRatio=0.994 dir=LONG spread=40.0 spreadOK=NO atrGate=PASS touch=PASS momCandle=momClosePos=0.625 momOk=N ema50Ok=Y barRange=0.104000 zeroRangeBar=NO trigger=NO hasPos=NO portRisk=0.00% openPos=0 | 212.607000
KK	0	04:04:41.228	Cazyxio_v4.3 (EURUSD,M15)	2026.03.12 10:04:41 | GATE_FAIL | GBPJPY | Spread too wide. Spread=40.0 Max=30 points.
QF	0	04:04:41.228	Cazyxio_v4.3 (EURUSD,M15)	2026.03.12 10:04:41 | BAR | USDCAD | close=1.35849 h4ema200=1.36621 h4slope=DOWN dailyEMA200=1.38129 adx=17.9 ema50=1.35861 distToEMA50=1.2pips touchSeq=7 atr=0.000492 atrRatio=0.768 dir=SHORT spread=29.0 spreadOK=YES atrGate=FAIL touch=PASS momCandle=momClosePos=0.590 momOk=N ema50Ok=Y barRange=0.000390 zeroRangeBar=NO trigger=NO hasPos=NO portRisk=0.00% openPos=0 | 1.358490
HH	0	04:04:41.228	Cazyxio_v4.3 (EURUSD,M15)	2026.03.12 10:04:41 | NEAR_MISS | USDCAD | ATR near-miss. Ratio=0.768 MinRatio=0.80 Gap=0.032
MP	0	04:04:41.228	Cazyxio_v4.3 (EURUSD,M15)	2026.03.12 10:04:41 | GATE_FAIL | USDCAD | ATR gate FAIL. ATR=0.000492 ATR_SMA=0.000641 Ratio=0.768 MinRatio=0.80
NR	0	04:07:04.240	Cazyxio_v4.3 (EURUSD,M15)	2026.03.12 10:07:04 | GATE_FAIL | GBPUSD | CopyBuffer failed for Daily EMA200.
JR	0	04:08:58.019	Cazyxio_v4.3 (EURUSD,M15)	2026.03.12 10:08:58 | HEARTBEAT | SYSTEM | EA alive. Tick=21600 Equity=44254.02 OpenPos=0 PendingOrders=0 UTC=2026.03.12 10:08 DayOfWeek=4 WeekendCloseActive=NO NewTradeBlocked=NO | 21600.000000
JL	0	04:10:51.472	Cazyxio_v4.3 (EURUSD,M15)	2026.03.12 10:10:51 | HEARTBEAT | SYSTEM | EA alive. Tick=21700 Equity=44254.02 OpenPos=0 PendingOrders=0 UTC=2026.03.12 10:10 DayOfWeek=4 WeekendCloseActive=NO NewTradeBlocked=NO | 21700.000000
FN	0	04:13:04.314	Cazyxio_v4.3 (EURUSD,M15)	2026.03.12 10:13:04 | HEARTBEAT | SYSTEM | EA alive. Tick=21800 Equity=44254.02 OpenPos=0 PendingOrders=0 UTC=2026.03.12 10:13 DayOfWeek=4 WeekendCloseActive=NO NewTradeBlocked=NO | 21800.000000
RH	0	04:17:20.951	Cazyxio_v4.3 (EURUSD,M15)	2026.03.12 10:17:20 | GATE_FAIL | EURUSD | CopyBuffer failed for Daily EMA200.
LH	0	04:19:41.442	Cazyxio_v4.3 (EURUSD,M15)	2026.03.12 10:19:41 | GATE_FAIL | USDJPY | CopyBuffer failed for Daily EMA200.
DF	0	04:19:41.442	Cazyxio_v4.3 (EURUSD,M15)	2026.03.12 10:19:41 | BAR | AUDUSD | close=0.71317 h4ema200=0.70137 h4slope=UP dailyEMA200=0.67014 adx=26.5 ema50=0.71345 distToEMA50=2.8pips touchSeq=12 atr=0.000731 atrRatio=0.899 dir=LONG spread=13.0 spreadOK=YES atrGate=PASS touch=PASS momCandle=momClosePos=0.164 momOk=N ema50Ok=Y barRange=0.000730 zeroRangeBar=NO trigger=NO hasPos=NO portRisk=0.00% openPos=0 | 0.713170
JR	0	04:19:41.442	Cazyxio_v4.3 (EURUSD,M15)	2026.03.12 10:19:41 | GATE_FAIL | AUDUSD | Momentum candle FAIL. dir=LONG close=0.71317 ema50=0.71345 momClosePos=0.164 momOk=N ema50Ok=Y barRange=0.000730
LD	0	04:19:41.442	Cazyxio_v4.3 (EURUSD,M15)	2026.03.12 10:19:41 | BAR | GBPJPY | close=212.545 h4ema200=210.734 h4slope=UP dailyEMA200=204.711 adx=38.6 ema50=212.683 distToEMA50=13.8pips touchSeq=4 atr=0.123643 atrRatio=1.028 dir=LONG spread=39.0 spreadOK=NO atrGate=PASS touch=PASS momCandle=momClosePos=0.089 momOk=N ema50Ok=Y barRange=0.079000 zeroRangeBar=NO trigger=NO hasPos=NO portRisk=0.00% openPos=0 | 212.545000
OQ	0	04:19:41.442	Cazyxio_v4.3 (EURUSD,M15)	2026.03.12 10:19:41 | GATE_FAIL | GBPJPY | Spread too wide. Spread=39.0 Max=30 points.
HL	0	04:19:41.442	Cazyxio_v4.3 (EURUSD,M15)	2026.03.12 10:19:41 | BAR | USDCAD | close=1.35893 h4ema200=1.36622 h4slope=DOWN dailyEMA200=1.38129 adx=17.9 ema50=1.35864 distToEMA50=2.9pips touchSeq=8 atr=0.000504 atrRatio=0.789 dir=SHORT spread=22.0 spreadOK=YES atrGate=FAIL touch=PASS momCandle=momClosePos=0.873 momOk=N ema50Ok=Y barRange=0.000550 zeroRangeBar=NO trigger=NO hasPos=NO portRisk=0.00% openPos=0 | 1.358930
DR	0	04:19:41.442	Cazyxio_v4.3 (EURUSD,M15)	2026.03.12 10:19:41 | NEAR_MISS | USDCAD | ATR near-miss. Ratio=0.789 MinRatio=0.80 Gap=0.011
QN	0	04:19:41.442	Cazyxio_v4.3 (EURUSD,M15)	2026.03.12 10:19:41 | GATE_FAIL | USDCAD | ATR gate FAIL. ATR=0.000504 ATR_SMA=0.000639 Ratio=0.789 MinRatio=0.80
ND	0	04:22:06.897	Cazyxio_v4.3 (EURUSD,M15)	2026.03.12 10:22:06 | GATE_FAIL | GBPUSD | CopyBuffer failed for Daily EMA200.
CD	0	04:22:21.564	Cazyxio_v4.3 (EURUSD,M15)	2026.03.12 10:22:21 | HEARTBEAT | SYSTEM | EA alive. Tick=21900 Equity=44254.02 OpenPos=0 PendingOrders=0 UTC=2026.03.12 10:22 DayOfWeek=4 WeekendCloseActive=NO NewTradeBlocked=NO | 21900.000000
DF	0	04:24:13.734	Cazyxio_v4.3 (EURUSD,M15)	2026.03.12 10:24:13 | HEARTBEAT | SYSTEM | EA alive. Tick=22000 Equity=44254.02 OpenPos=0 PendingOrders=0 UTC=2026.03.12 10:24 DayOfWeek=4 WeekendCloseActive=NO NewTradeBlocked=NO | 22000.000000
IP	0	04:26:40.746	Cazyxio_v4.3 (EURUSD,M15)	2026.03.12 10:26:40 | HEARTBEAT | SYSTEM | EA alive. Tick=22100 Equity=44254.02 OpenPos=0 PendingOrders=0 UTC=2026.03.12 10:26 DayOfWeek=4 WeekendCloseActive=NO NewTradeBlocked=NO | 22100.000000
CR	0	04:28:39.269	Cazyxio_v4.3 (EURUSD,M15)	2026.03.12 10:28:39 | HEARTBEAT | SYSTEM | EA alive. Tick=22200 Equity=44254.02 OpenPos=0 PendingOrders=0 UTC=2026.03.12 10:28 DayOfWeek=4 WeekendCloseActive=NO NewTradeBlocked=NO | 22200.000000
NL	0	04:32:20.696	Cazyxio_v4.3 (EURUSD,M15)	2026.03.12 10:32:20 | GATE_FAIL | EURUSD | CopyBuffer failed for Daily EMA200.
FL	0	04:34:41.118	Cazyxio_v4.3 (EURUSD,M15)	2026.03.12 10:34:41 | GATE_FAIL | USDJPY | CopyBuffer failed for Daily EMA200.
NR	0	04:34:41.118	Cazyxio_v4.3 (EURUSD,M15)	2026.03.12 10:34:41 | BAR | AUDUSD | close=0.71281 h4ema200=0.70137 h4slope=UP dailyEMA200=0.67015 adx=26.5 ema50=0.71344 distToEMA50=6.3pips touchSeq=12 atr=0.000745 atrRatio=0.920 dir=LONG spread=16.0 spreadOK=YES atrGate=PASS touch=PASS momCandle=momClosePos=0.159 momOk=N ema50Ok=Y barRange=0.000440 zeroRangeBar=NO trigger=NO hasPos=NO portRisk=0.00% openPos=0 | 0.712810
KN	0	04:34:41.118	Cazyxio_v4.3 (EURUSD,M15)	2026.03.12 10:34:41 | GATE_FAIL | AUDUSD | Momentum candle FAIL. dir=LONG close=0.71281 ema50=0.71344 momClosePos=0.159 momOk=N ema50Ok=Y barRange=0.000440
MH	0	04:34:41.118	Cazyxio_v4.3 (EURUSD,M15)	2026.03.12 10:34:41 | BAR | GBPJPY | close=212.532 h4ema200=210.735 h4slope=UP dailyEMA200=204.712 adx=38.6 ema50=212.677 distToEMA50=14.5pips touchSeq=5 atr=0.117357 atrRatio=0.981 dir=LONG spread=35.0 spreadOK=NO atrGate=PASS touch=PASS momCandle=momClosePos=0.439 momOk=N ema50Ok=Y barRange=0.082000 zeroRangeBar=NO trigger=NO hasPos=NO portRisk=0.00% openPos=0 | 212.532000
MM	0	04:34:41.118	Cazyxio_v4.3 (EURUSD,M15)	2026.03.12 10:34:41 | GATE_FAIL | GBPJPY | Spread too wide. Spread=35.0 Max=30 points.
JP	0	04:34:41.118	Cazyxio_v4.3 (EURUSD,M15)	2026.03.12 10:34:41 | BAR | USDCAD | close=1.35897 h4ema200=1.36621 h4slope=DOWN dailyEMA200=1.38129 adx=17.9 ema50=1.35865 distToEMA50=3.2pips touchSeq=9 atr=0.000504 atrRatio=0.790 dir=SHORT spread=23.0 spreadOK=YES atrGate=FAIL touch=PASS momCandle=momClosePos=0.541 momOk=N ema50Ok=Y barRange=0.000370 zeroRangeBar=NO trigger=NO hasPos=NO portRisk=0.00% openPos=0 | 1.358970
EF	0	04:34:41.118	Cazyxio_v4.3 (EURUSD,M15)	2026.03.12 10:34:41 | NEAR_MISS | USDCAD | ATR near-miss. Ratio=0.790 MinRatio=0.80 Gap=0.010
EJ	0	04:34:41.118	Cazyxio_v4.3 (EURUSD,M15)	2026.03.12 10:34:41 | GATE_FAIL | USDCAD | ATR gate FAIL. ATR=0.000504 ATR_SMA=0.000637 Ratio=0.790 MinRatio=0.80
IH	0	04:37:03.795	Cazyxio_v4.3 (EURUSD,M15)	2026.03.12 10:37:03 | GATE_FAIL | GBPUSD | CopyBuffer failed for Daily EMA200.
OH	0	04:37:36.870	Cazyxio_v4.3 (EURUSD,M15)	2026.03.12 10:37:36 | HEARTBEAT | SYSTEM | EA alive. Tick=22300 Equity=44254.02 OpenPos=0 PendingOrders=0 UTC=2026.03.12 10:37 DayOfWeek=4 WeekendCloseActive=NO NewTradeBlocked=NO | 22300.000000
NJ	0	04:39:04.574	Cazyxio_v4.3 (EURUSD,M15)	2026.03.12 10:39:04 | HEARTBEAT | SYSTEM | EA alive. Tick=22400 Equity=44254.02 OpenPos=0 PendingOrders=0 UTC=2026.03.12 10:39 DayOfWeek=4 WeekendCloseActive=NO NewTradeBlocked=NO | 22400.000000
ID	0	04:40:29.849	Cazyxio_v4.3 (EURUSD,M15)	2026.03.12 10:40:29 | HEARTBEAT | SYSTEM | EA alive. Tick=22500 Equity=44254.02 OpenPos=0 PendingOrders=0 UTC=2026.03.12 10:40 DayOfWeek=4 WeekendCloseActive=NO NewTradeBlocked=NO | 22500.000000
OF	0	04:42:06.481	Cazyxio_v4.3 (EURUSD,M15)	2026.03.12 10:42:06 | HEARTBEAT | SYSTEM | EA alive. Tick=22600 Equity=44254.02 OpenPos=0 PendingOrders=0 UTC=2026.03.12 10:42 DayOfWeek=4 WeekendCloseActive=NO NewTradeBlocked=NO | 22600.000000
EP	0	04:43:36.534	Cazyxio_v4.3 (EURUSD,M15)	2026.03.12 10:43:36 | HEARTBEAT | SYSTEM | EA alive. Tick=22700 Equity=44254.02 OpenPos=0 PendingOrders=0 UTC=2026.03.12 10:43 DayOfWeek=4 WeekendCloseActive=NO NewTradeBlocked=NO | 22700.000000
KR	0	04:45:00.952	Cazyxio_v4.3 (EURUSD,M15)	2026.03.12 10:45:00 | HEARTBEAT | SYSTEM | EA alive. Tick=22800 Equity=44254.02 OpenPos=0 PendingOrders=0 UTC=2026.03.12 10:45 DayOfWeek=4 WeekendCloseActive=NO NewTradeBlocked=NO | 22800.000000
RL	0	04:47:21.269	Cazyxio_v4.3 (EURUSD,M15)	2026.03.12 10:47:21 | GATE_FAIL | EURUSD | CopyBuffer failed for Daily EMA200.
JL	0	04:49:41.682	Cazyxio_v4.3 (EURUSD,M15)	2026.03.12 10:49:41 | GATE_FAIL | USDJPY | CopyBuffer failed for Daily EMA200.
HO	0	04:49:41.682	Cazyxio_v4.3 (EURUSD,M15)	2026.03.12 10:49:41 | BAR | AUDUSD | close=0.71351 h4ema200=0.70138 h4slope=UP dailyEMA200=0.67015 adx=26.5 ema50=0.71345 distToEMA50=0.6pips touchSeq=12 atr=0.000735 atrRatio=0.911 dir=LONG spread=17.0 spreadOK=YES atrGate=PASS touch=PASS momCandle=momClosePos=0.923 momOk=Y ema50Ok=Y barRange=0.000780 zeroRangeBar=NO trigger=YES hasPos=NO portRisk=0.00% openPos=0 | 0.713510
ES	0	04:49:41.682	Cazyxio_v4.3 (EURUSD,M15)	2026.03.12 10:49:41 | SIGNAL | AUDUSD | VALID SIGNAL (LIMIT): LONG limitPrice=0.71341 sl=0.71223 tp=0.71753 stopDist=0.00118 lots=1.88 riskPct=0.50 R:R=1:3.50 ema50=0.71345 dailyEMA200=0.67015 adx=26.5 distToLimit=3.2pips expiresIn=4bars touchSeq=12 | 0.713410
DF	0	04:49:41.682	Cazyxio_v4.3 (EURUSD,M15)	CTrade::OrderSend: buy limit 1.88 AUDUSD at 0.71341 sl: 0.71223 tp: 0.71753 [auto trading disabled by client]
MR	0	04:49:41.682	Cazyxio_v4.3 (EURUSD,M15)	2026.03.12 10:49:41 | ORDER_FAILED | AUDUSD | BUY_LIMIT FAILED. retcode=10027 desc=auto trading disabled by client limitPrice=0.71341
NQ	0	04:49:41.682	Cazyxio_v4.3 (EURUSD,M15)	2026.03.12 10:49:41 | BAR | GBPJPY | close=212.477 h4ema200=210.734 h4slope=UP dailyEMA200=204.710 adx=38.4 ema50=212.666 distToEMA50=18.9pips touchSeq=0 atr=0.114857 atrRatio=0.965 dir=LONG spread=35.0 spreadOK=NO atrGate=PASS touch=PASS momCandle=momClosePos=0.047 momOk=N ema50Ok=Y barRange=0.127000 zeroRangeBar=NO trigger=NO hasPos=NO portRisk=0.00% openPos=0 | 212.477000
QJ	0	04:49:41.682	Cazyxio_v4.3 (EURUSD,M15)	2026.03.12 10:49:41 | GATE_FAIL | GBPJPY | Spread too wide. Spread=35.0 Max=30 points.
OD	0	04:49:41.682	Cazyxio_v4.3 (EURUSD,M15)	2026.03.12 10:49:41 | BAR | USDCAD | close=1.35891 h4ema200=1.36621 h4slope=DOWN dailyEMA200=1.38129 adx=17.9 ema50=1.35865 distToEMA50=2.6pips touchSeq=10 atr=0.000492 atrRatio=0.774 dir=SHORT spread=28.0 spreadOK=YES atrGate=FAIL touch=PASS momCandle=momClosePos=0.708 momOk=N ema50Ok=Y barRange=0.000240 zeroRangeBar=NO trigger=NO hasPos=NO portRisk=0.00% openPos=0 | 1.358910
JN	0	04:49:41.682	Cazyxio_v4.3 (EURUSD,M15)	2026.03.12 10:49:41 | NEAR_MISS | USDCAD | ATR near-miss. Ratio=0.774 MinRatio=0.80 Gap=0.026
DS	0	04:49:41.682	Cazyxio_v4.3 (EURUSD,M15)	2026.03.12 10:49:41 | GATE_FAIL | USDCAD | ATR gate FAIL. ATR=0.000492 ATR_SMA=0.000636 Ratio=0.774 MinRatio=0.80
NQ	0	04:52:02.505	Cazyxio_v4.3 (EURUSD,M15)	2026.03.12 10:52:02 | GATE_FAIL | GBPUSD | CopyBuffer failed for Daily EMA200.
FS	0	04:53:24.141	Cazyxio_v4.3 (EURUSD,M15)	2026.03.12 10:53:24 | HEARTBEAT | SYSTEM | EA alive. Tick=22900 Equity=44254.02 OpenPos=0 PendingOrders=0 UTC=2026.03.12 10:53 DayOfWeek=4 WeekendCloseActive=NO NewTradeBlocked=NO | 22900.000000
PM	0	04:54:39.850	Cazyxio_v4.3 (EURUSD,M15)	2026.03.12 10:54:39 | HEARTBEAT | SYSTEM | EA alive. Tick=23000 Equity=44254.02 OpenPos=0 PendingOrders=0 UTC=2026.03.12 10:54 DayOfWeek=4 WeekendCloseActive=NO NewTradeBlocked=NO | 23000.000000
GO	0	04:56:08.071	Cazyxio_v4.3 (EURUSD,M15)	2026.03.12 10:56:08 | HEARTBEAT | SYSTEM | EA alive. Tick=23100 Equity=44254.02 OpenPos=0 PendingOrders=0 UTC=2026.03.12 10:56 DayOfWeek=4 WeekendCloseActive=NO NewTradeBlocked=NO | 23100.000000
GI	0	04:58:08.778	Cazyxio_v4.3 (EURUSD,M15)	2026.03.12 10:58:08 | HEARTBEAT | SYSTEM | EA alive. Tick=23200 Equity=44254.02 OpenPos=0 PendingOrders=0 UTC=2026.03.12 10:58 DayOfWeek=4 WeekendCloseActive=NO NewTradeBlocked=NO | 23200.000000
FK	0	04:59:58.781	Cazyxio_v4.3 (EURUSD,M15)	2026.03.12 10:59:58 | HEARTBEAT | SYSTEM | EA alive. Tick=23300 Equity=44254.02 OpenPos=0 PendingOrders=0 UTC=2026.03.12 10:59 DayOfWeek=4 WeekendCloseActive=NO NewTradeBlocked=NO | 23300.000000
PE	0	05:02:20.779	Cazyxio_v4.3 (EURUSD,M15)	2026.03.12 11:02:20 | GATE_FAIL | EURUSD | CopyBuffer failed for Daily EMA200.
LE	0	05:04:41.235	Cazyxio_v4.3 (EURUSD,M15)	2026.03.12 11:04:41 | GATE_FAIL | USDJPY | CopyBuffer failed for Daily EMA200.
HI	0	05:04:41.235	Cazyxio_v4.3 (EURUSD,M15)	2026.03.12 11:04:41 | BAR | AUDUSD | close=0.71336 h4ema200=0.70137 h4slope=UP dailyEMA200=0.67015 adx=26.5 ema50=0.71343 distToEMA50=0.7pips touchSeq=12 atr=0.000719 atrRatio=0.895 dir=LONG spread=15.0 spreadOK=YES atrGate=PASS touch=PASS momCandle=momClosePos=0.557 momOk=N ema50Ok=Y barRange=0.000790 zeroRangeBar=NO trigger=NO hasPos=NO portRisk=0.00% openPos=0 | 0.713360
KD	0	05:04:41.235	Cazyxio_v4.3 (EURUSD,M15)	2026.03.12 11:04:41 | NEAR_MISS | AUDUSD | Momentum near-miss. momClosePos=0.557 Threshold=0.650 Gap=0.093 dir=LONG
IS	0	05:04:41.235	Cazyxio_v4.3 (EURUSD,M15)	2026.03.12 11:04:41 | GATE_FAIL | AUDUSD | Momentum candle FAIL. dir=LONG close=0.71336 ema50=0.71343 momClosePos=0.557 momOk=N ema50Ok=Y barRange=0.000790
LF	0	05:04:41.235	Cazyxio_v4.3 (EURUSD,M15)	2026.03.12 11:04:41 | BAR | GBPJPY | close=212.547 h4ema200=210.734 h4slope=UP dailyEMA200=204.711 adx=38.4 ema50=212.663 distToEMA50=11.6pips touchSeq=1 atr=0.117286 atrRatio=0.989 dir=LONG spread=37.0 spreadOK=NO atrGate=PASS touch=PASS momCandle=momClosePos=0.808 momOk=Y ema50Ok=Y barRange=0.125000 zeroRangeBar=NO trigger=YES hasPos=NO portRisk=0.00% openPos=0 | 212.547000
QP	0	05:04:41.235	Cazyxio_v4.3 (EURUSD,M15)	2026.03.12 11:04:41 | GATE_FAIL | GBPJPY | Spread too wide. Spread=37.0 Max=30 points.
IM	0	05:04:41.235	Cazyxio_v4.3 (EURUSD,M15)	2026.03.12 11:04:41 | BAR | USDCAD | close=1.35907 h4ema200=1.36621 h4slope=DOWN dailyEMA200=1.38129 adx=17.9 ema50=1.35867 distToEMA50=4.0pips touchSeq=11 atr=0.000484 atrRatio=0.764 dir=SHORT spread=24.0 spreadOK=YES atrGate=FAIL touch=PASS momCandle=momClosePos=0.684 momOk=N ema50Ok=Y barRange=0.000570 zeroRangeBar=NO trigger=NO hasPos=NO portRisk=0.00% openPos=0 | 1.359070
LP	0	05:04:41.235	Cazyxio_v4.3 (EURUSD,M15)	2026.03.12 11:04:41 | NEAR_MISS | USDCAD | ATR near-miss. Ratio=0.764 MinRatio=0.80 Gap=0.036
JI	0	05:04:41.235	Cazyxio_v4.3 (EURUSD,M15)	2026.03.12 11:04:41 | GATE_FAIL | USDCAD | ATR gate FAIL. ATR=0.000484 ATR_SMA=0.000634 Ratio=0.764 MinRatio=0.80
RK	0	05:07:01.831	Cazyxio_v4.3 (EURUSD,M15)	2026.03.12 11:07:01 | GATE_FAIL | GBPUSD | CopyBuffer failed for Daily EMA200.
EJ	0	05:08:33.235	Cazyxio_v4.3 (EURUSD,M15)	2026.03.12 11:08:33 | HEARTBEAT | SYSTEM | EA alive. Tick=23400 Equity=44254.02 OpenPos=0 PendingOrders=0 UTC=2026.03.12 11:08 DayOfWeek=4 WeekendCloseActive=NO NewTradeBlocked=NO | 23400.000000
FD	0	05:09:46.105	Cazyxio_v4.3 (EURUSD,M15)	2026.03.12 11:09:46 | HEARTBEAT | SYSTEM | EA alive. Tick=23500 Equity=44254.02 OpenPos=0 PendingOrders=0 UTC=2026.03.12 11:09 DayOfWeek=4 WeekendCloseActive=NO NewTradeBlocked=NO | 23500.000000
MF	0	05:11:46.073	Cazyxio_v4.3 (EURUSD,M15)	2026.03.12 11:11:46 | HEARTBEAT | SYSTEM | EA alive. Tick=23600 Equity=44254.02 OpenPos=0 PendingOrders=0 UTC=2026.03.12 11:11 DayOfWeek=4 WeekendCloseActive=NO NewTradeBlocked=NO | 23600.000000
MP	0	05:13:51.042	Cazyxio_v4.3 (EURUSD,M15)	2026.03.12 11:13:51 | HEARTBEAT | SYSTEM | EA alive. Tick=23700 Equity=44254.02 OpenPos=0 PendingOrders=0 UTC=2026.03.12 11:13 DayOfWeek=4 WeekendCloseActive=NO NewTradeBlocked=NO | 23700.000000
HR	0	05:17:20.843	Cazyxio_v4.3 (EURUSD,M15)	2026.03.12 11:17:20 | GATE_FAIL | EURUSD | CopyBuffer failed for Daily EMA200.
OM	0	05:19:41.249	Cazyxio_v4.3 (EURUSD,M15)	2026.03.12 11:19:41 | GATE_FAIL | USDJPY | CopyBuffer failed for Daily EMA200.
HP	0	05:19:41.249	Cazyxio_v4.3 (EURUSD,M15)	2026.03.12 11:19:41 | BAR | AUDUSD | close=0.71342 h4ema200=0.70138 h4slope=UP dailyEMA200=0.67015 adx=26.5 ema50=0.71345 distToEMA50=0.3pips touchSeq=12 atr=0.000696 atrRatio=0.872 dir=LONG spread=16.0 spreadOK=YES atrGate=PASS touch=PASS momCandle=momClosePos=0.609 momOk=N ema50Ok=Y barRange=0.000460 zeroRangeBar=NO trigger=NO hasPos=NO portRisk=0.00% openPos=0 | 0.713420
EL	0	05:19:41.249	Cazyxio_v4.3 (EURUSD,M15)	2026.03.12 11:19:41 | NEAR_MISS | AUDUSD | Momentum near-miss. momClosePos=0.609 Threshold=0.650 Gap=0.041 dir=LONG
ID	0	05:19:41.249	Cazyxio_v4.3 (EURUSD,M15)	2026.03.12 11:19:41 | GATE_FAIL | AUDUSD | Momentum candle FAIL. dir=LONG close=0.71342 ema50=0.71345 momClosePos=0.609 momOk=N ema50Ok=Y barRange=0.000460
RL	0	05:19:41.249	Cazyxio_v4.3 (EURUSD,M15)	2026.03.12 11:19:41 | BAR | GBPJPY | close=212.572 h4ema200=210.734 h4slope=UP dailyEMA200=204.711 adx=38.4 ema50=212.661 distToEMA50=8.9pips touchSeq=2 atr=0.111071 atrRatio=0.942 dir=LONG spread=40.0 spreadOK=NO atrGate=PASS touch=PASS momCandle=momClosePos=0.944 momOk=Y ema50Ok=Y barRange=0.054000 zeroRangeBar=NO trigger=YES hasPos=NO portRisk=0.00% openPos=0 | 212.572000
LK	0	05:19:41.249	Cazyxio_v4.3 (EURUSD,M15)	2026.03.12 11:19:41 | GATE_FAIL | GBPJPY | Spread too wide. Spread=40.0 Max=30 points.
EE	0	05:19:41.249	Cazyxio_v4.3 (EURUSD,M15)	2026.03.12 11:19:41 | BAR | USDCAD | close=1.35887 h4ema200=1.36621 h4slope=DOWN dailyEMA200=1.38129 adx=17.9 ema50=1.35868 distToEMA50=1.9pips touchSeq=12 atr=0.000474 atrRatio=0.751 dir=SHORT spread=23.0 spreadOK=YES atrGate=FAIL touch=PASS momCandle=momClosePos=0.415 momOk=N ema50Ok=Y barRange=0.000410 zeroRangeBar=NO trigger=NO hasPos=NO portRisk=0.00% openPos=0 | 1.358870
CH	0	05:19:41.249	Cazyxio_v4.3 (EURUSD,M15)	2026.03.12 11:19:41 | NEAR_MISS | USDCAD | ATR near-miss. Ratio=0.751 MinRatio=0.80 Gap=0.049
RP	0	05:19:41.249	Cazyxio_v4.3 (EURUSD,M15)	2026.03.12 11:19:41 | GATE_FAIL | USDCAD | ATR gate FAIL. ATR=0.000474 ATR_SMA=0.000632 Ratio=0.751 MinRatio=0.80
FS	0	05:22:06.893	Cazyxio_v4.3 (EURUSD,M15)	2026.03.12 11:22:06 | GATE_FAIL | GBPUSD | CopyBuffer failed for Daily EMA200.
NR	0	05:22:37.155	Cazyxio_v4.3 (EURUSD,M15)	2026.03.12 11:22:37 | HEARTBEAT | SYSTEM | EA alive. Tick=23800 Equity=44254.02 OpenPos=0 PendingOrders=0 UTC=2026.03.12 11:22 DayOfWeek=4 WeekendCloseActive=NO NewTradeBlocked=NO | 23800.000000
HL	0	05:24:26.900	Cazyxio_v4.3 (EURUSD,M15)	2026.03.12 11:24:26 | HEARTBEAT | SYSTEM | EA alive. Tick=23900 Equity=44254.02 OpenPos=0 PendingOrders=0 UTC=2026.03.12 11:24 DayOfWeek=4 WeekendCloseActive=NO NewTradeBlocked=NO | 23900.000000
HN	0	05:26:59.319	Cazyxio_v4.3 (EURUSD,M15)	2026.03.12 11:26:59 | HEARTBEAT | SYSTEM | EA alive. Tick=24000 Equity=44254.02 OpenPos=0 PendingOrders=0 UTC=2026.03.12 11:26 DayOfWeek=4 WeekendCloseActive=NO NewTradeBlocked=NO | 24000.000000
LH	0	05:28:01.933	Cazyxio_v4.3 (EURUSD,M15)	2026.03.12 11:28:01 | HEARTBEAT | SYSTEM | EA alive. Tick=24100 Equity=44254.02 OpenPos=0 PendingOrders=0 UTC=2026.03.12 11:28 DayOfWeek=4 WeekendCloseActive=NO NewTradeBlocked=NO | 24100.000000
NK	0	05:32:20.929	Cazyxio_v4.3 (EURUSD,M15)	2026.03.12 11:32:20 | GATE_FAIL | GBPUSD | CopyBuffer failed for Daily EMA200.
FE	0	05:34:41.401	Cazyxio_v4.3 (EURUSD,M15)	2026.03.12 11:34:41 | GATE_FAIL | EURUSD | CopyBuffer failed for Daily EMA200.
OE	0	05:37:01.883	Cazyxio_v4.3 (EURUSD,M15)	2026.03.12 11:37:01 | GATE_FAIL | USDJPY | CopyBuffer failed for Daily EMA200.
MD	0	05:37:01.883	Cazyxio_v4.3 (EURUSD,M15)	2026.03.12 11:37:01 | BAR | AUDUSD | close=0.71400 h4ema200=0.70138 h4slope=UP dailyEMA200=0.67016 adx=26.5 ema50=0.71349 distToEMA50=5.1pips touchSeq=12 atr=0.000668 atrRatio=0.840 dir=LONG spread=19.0 spreadOK=YES atrGate=PASS touch=PASS momCandle=momClosePos=0.928 momOk=Y ema50Ok=Y barRange=0.000690 zeroRangeBar=NO trigger=YES hasPos=NO portRisk=0.00% openPos=0 | 0.714000
KH	0	05:37:01.883	Cazyxio_v4.3 (EURUSD,M15)	2026.03.12 11:37:01 | LOT_CAP_APPLIED | AUDUSD | Lot size capped. Calculated=2.07 Cap=2.00 StopDist=0.00107 (Risk reduced to protect account from outsized losses)
KD	0	05:37:01.883	Cazyxio_v4.3 (EURUSD,M15)	2026.03.12 11:37:01 | SIGNAL | AUDUSD | VALID SIGNAL (LIMIT): LONG limitPrice=0.71346 sl=0.71239 tp=0.71720 stopDist=0.00107 lots=2.00 riskPct=0.50 R:R=1:3.50 ema50=0.71349 dailyEMA200=0.67016 adx=26.5 distToLimit=9.4pips expiresIn=4bars touchSeq=12 | 0.713460
HR	0	05:37:01.883	Cazyxio_v4.3 (EURUSD,M15)	CTrade::OrderSend: buy limit 2.00 AUDUSD at 0.71346 sl: 0.71239 tp: 0.71720 [auto trading disabled by client]
IQ	0	05:37:01.883	Cazyxio_v4.3 (EURUSD,M15)	2026.03.12 11:37:01 | ORDER_FAILED | AUDUSD | BUY_LIMIT FAILED. retcode=10027 desc=auto trading disabled by client limitPrice=0.71346
NF	0	05:37:01.883	Cazyxio_v4.3 (EURUSD,M15)	2026.03.12 11:37:01 | BAR | GBPJPY | close=212.556 h4ema200=210.735 h4slope=UP dailyEMA200=204.712 adx=38.4 ema50=212.658 distToEMA50=10.2pips touchSeq=3 atr=0.103143 atrRatio=0.880 dir=LONG spread=43.0 spreadOK=NO atrGate=PASS touch=PASS momCandle=momClosePos=0.536 momOk=N ema50Ok=Y barRange=0.056000 zeroRangeBar=NO trigger=NO hasPos=NO portRisk=0.00% openPos=0 | 212.556000
OG	0	05:37:01.883	Cazyxio_v4.3 (EURUSD,M15)	2026.03.12 11:37:01 | GATE_FAIL | GBPJPY | Spread too wide. Spread=43.0 Max=30 points.
PH	0	05:37:01.883	Cazyxio_v4.3 (EURUSD,M15)	2026.03.12 11:37:01 | BAR | USDCAD | close=1.35884 h4ema200=1.36622 h4slope=DOWN dailyEMA200=1.38129 adx=17.9 ema50=1.35870 distToEMA50=1.4pips touchSeq=12 atr=0.000462 atrRatio=0.734 dir=SHORT spread=25.0 spreadOK=YES atrGate=FAIL touch=PASS momCandle=momClosePos=0.485 momOk=N ema50Ok=Y barRange=0.000330 zeroRangeBar=NO trigger=NO hasPos=NO portRisk=0.00% openPos=0 | 1.358840
OS	0	05:37:01.883	Cazyxio_v4.3 (EURUSD,M15)	2026.03.12 11:37:01 | NEAR_MISS | USDCAD | ATR near-miss. Ratio=0.734 MinRatio=0.80 Gap=0.066
RL	0	05:37:01.883	Cazyxio_v4.3 (EURUSD,M15)	2026.03.12 11:37:01 | GATE_FAIL | USDCAD | ATR gate FAIL. ATR=0.000462 ATR_SMA=0.000630 Ratio=0.734 MinRatio=0.80
QG	0	05:37:10.781	Cazyxio_v4.3 (EURUSD,M15)	2026.03.12 11:37:10 | HEARTBEAT | SYSTEM | EA alive. Tick=24200 Equity=44254.02 OpenPos=0 PendingOrders=0 UTC=2026.03.12 11:37 DayOfWeek=4 WeekendCloseActive=NO NewTradeBlocked=NO | 24200.000000
HQ	0	05:38:28.280	Cazyxio_v4.3 (EURUSD,M15)	2026.03.12 11:38:28 | HEARTBEAT | SYSTEM | EA alive. Tick=24300 Equity=44254.02 OpenPos=0 PendingOrders=0 UTC=2026.03.12 11:38 DayOfWeek=4 WeekendCloseActive=NO NewTradeBlocked=NO | 24300.000000
HS	0	05:40:16.612	Cazyxio_v4.3 (EURUSD,M15)	2026.03.12 11:40:16 | HEARTBEAT | SYSTEM | EA alive. Tick=24400 Equity=44254.02 OpenPos=0 PendingOrders=0 UTC=2026.03.12 11:40 DayOfWeek=4 WeekendCloseActive=NO NewTradeBlocked=NO | 24400.000000
QM	0	05:41:30.438	Cazyxio_v4.3 (EURUSD,M15)	2026.03.12 11:41:30 | HEARTBEAT | SYSTEM | EA alive. Tick=24500 Equity=44254.02 OpenPos=0 PendingOrders=0 UTC=2026.03.12 11:41 DayOfWeek=4 WeekendCloseActive=NO NewTradeBlocked=NO | 24500.000000
QO	0	05:42:46.914	Cazyxio_v4.3 (EURUSD,M15)	2026.03.12 11:42:46 | HEARTBEAT | SYSTEM | EA alive. Tick=24600 Equity=44254.02 OpenPos=0 PendingOrders=0 UTC=2026.03.12 11:42 DayOfWeek=4 WeekendCloseActive=NO NewTradeBlocked=NO | 24600.000000
JI	0	05:44:05.157	Cazyxio_v4.3 (EURUSD,M15)	2026.03.12 11:44:05 | HEARTBEAT | SYSTEM | EA alive. Tick=24700 Equity=44254.02 OpenPos=0 PendingOrders=0 UTC=2026.03.12 11:44 DayOfWeek=4 WeekendCloseActive=NO NewTradeBlocked=NO | 24700.000000
GK	0	05:47:20.949	Cazyxio_v4.3 (EURUSD,M15)	2026.03.12 11:47:20 | GATE_FAIL | EURUSD | CopyBuffer failed for Daily EMA200.
JK	0	05:49:41.349	Cazyxio_v4.3 (EURUSD,M15)	2026.03.12 11:49:41 | GATE_FAIL | USDJPY | CopyBuffer failed for Daily EMA200.
II	0	05:49:41.349	Cazyxio_v4.3 (EURUSD,M15)	2026.03.12 11:49:41 | BAR | AUDUSD | close=0.71451 h4ema200=0.70138 h4slope=UP dailyEMA200=0.67016 adx=27.2 ema50=0.71353 distToEMA50=9.8pips touchSeq=0 atr=0.000648 atrRatio=0.818 dir=LONG spread=19.0 spreadOK=YES atrGate=PASS touch=PASS momCandle=momClosePos=0.685 momOk=Y ema50Ok=Y barRange=0.000730 zeroRangeBar=NO trigger=YES hasPos=NO portRisk=0.00% openPos=0 | 0.714510
NN	0	05:49:41.349	Cazyxio_v4.3 (EURUSD,M15)	2026.03.12 11:49:41 | LOT_CAP_APPLIED | AUDUSD | Lot size capped. Calculated=2.13 Cap=2.00 StopDist=0.00104 (Risk reduced to protect account from outsized losses)
QE	0	05:49:41.349	Cazyxio_v4.3 (EURUSD,M15)	2026.03.12 11:49:41 | SIGNAL | AUDUSD | VALID SIGNAL (LIMIT): LONG limitPrice=0.71350 sl=0.71246 tp=0.71713 stopDist=0.00104 lots=2.00 riskPct=0.50 R:R=1:3.50 ema50=0.71353 dailyEMA200=0.67016 adx=27.2 distToLimit=9.2pips expiresIn=4bars touchSeq=0 | 0.713500
OS	0	05:49:41.349	Cazyxio_v4.3 (EURUSD,M15)	CTrade::OrderSend: buy limit 2.00 AUDUSD at 0.71350 sl: 0.71246 tp: 0.71713 [auto trading disabled by client]
IN	0	05:49:41.349	Cazyxio_v4.3 (EURUSD,M15)	2026.03.12 11:49:41 | ORDER_FAILED | AUDUSD | BUY_LIMIT FAILED. retcode=10027 desc=auto trading disabled by client limitPrice=0.71350
JJ	0	05:49:41.349	Cazyxio_v4.3 (EURUSD,M15)	2026.03.12 11:49:41 | BAR | GBPJPY | close=212.628 h4ema200=210.735 h4slope=UP dailyEMA200=204.712 adx=38.4 ema50=212.658 distToEMA50=3.0pips touchSeq=4 atr=0.101929 atrRatio=0.875 dir=LONG spread=44.0 spreadOK=NO atrGate=PASS touch=PASS momCandle=momClosePos=0.910 momOk=Y ema50Ok=Y barRange=0.122000 zeroRangeBar=NO trigger=YES hasPos=NO portRisk=0.00% openPos=0 | 212.628000
OQ	0	05:49:41.349	Cazyxio_v4.3 (EURUSD,M15)	2026.03.12 11:49:41 | GATE_FAIL | GBPJPY | Spread too wide. Spread=44.0 Max=30 points.
GR	0	05:49:41.349	Cazyxio_v4.3 (EURUSD,M15)	2026.03.12 11:49:41 | BAR | USDCAD | close=1.35876 h4ema200=1.36621 h4slope=DOWN dailyEMA200=1.38129 adx=17.9 ema50=1.35869 distToEMA50=0.7pips touchSeq=12 atr=0.000421 atrRatio=0.672 dir=SHORT spread=27.0 spreadOK=YES atrGate=FAIL touch=PASS momCandle=momClosePos=0.323 momOk=Y ema50Ok=Y barRange=0.000650 zeroRangeBar=NO trigger=YES hasPos=NO portRisk=0.00% openPos=0 | 1.358760
IL	0	05:49:41.349	Cazyxio_v4.3 (EURUSD,M15)	2026.03.12 11:49:41 | GATE_FAIL | USDCAD | ATR gate FAIL. ATR=0.000421 ATR_SMA=0.000627 Ratio=0.672 MinRatio=0.80
QF	0	05:52:01.946	Cazyxio_v4.3 (EURUSD,M15)	2026.03.12 11:52:01 | GATE_FAIL | GBPUSD | CopyBuffer failed for Daily EMA200.
NG	0	05:52:37.103	Cazyxio_v4.3 (EURUSD,M15)	2026.03.12 11:52:37 | HEARTBEAT | SYSTEM | EA alive. Tick=24800 Equity=44254.02 OpenPos=0 PendingOrders=0 UTC=2026.03.12 11:52 DayOfWeek=4 WeekendCloseActive=NO NewTradeBlocked=NO | 24800.000000
NQ	0	05:53:44.388	Cazyxio_v4.3 (EURUSD,M15)	2026.03.12 11:53:44 | HEARTBEAT | SYSTEM | EA alive. Tick=24900 Equity=44254.02 OpenPos=0 PendingOrders=0 UTC=2026.03.12 11:53 DayOfWeek=4 WeekendCloseActive=NO NewTradeBlocked=NO | 24900.000000
LS	0	05:54:49.574	Cazyxio_v4.3 (EURUSD,M15)	2026.03.12 11:54:49 | HEARTBEAT | SYSTEM | EA alive. Tick=25000 Equity=44254.02 OpenPos=0 PendingOrders=0 UTC=2026.03.12 11:54 DayOfWeek=4 WeekendCloseActive=NO NewTradeBlocked=NO | 25000.000000
LM	0	05:56:03.307	Cazyxio_v4.3 (EURUSD,M15)	2026.03.12 11:56:03 | HEARTBEAT | SYSTEM | EA alive. Tick=25100 Equity=44254.02 OpenPos=0 PendingOrders=0 UTC=2026.03.12 11:56 DayOfWeek=4 WeekendCloseActive=NO NewTradeBlocked=NO | 25100.000000
LO	0	05:57:03.476	Cazyxio_v4.3 (EURUSD,M15)	2026.03.12 11:57:03 | HEARTBEAT | SYSTEM | EA alive. Tick=25200 Equity=44254.02 OpenPos=0 PendingOrders=0 UTC=2026.03.12 11:57 DayOfWeek=4 WeekendCloseActive=NO NewTradeBlocked=NO | 25200.000000
JI	0	05:58:02.253	Cazyxio_v4.3 (EURUSD,M15)	2026.03.12 11:58:02 | HEARTBEAT | SYSTEM | EA alive. Tick=25300 Equity=44254.02 OpenPos=0 PendingOrders=0 UTC=2026.03.12 11:58 DayOfWeek=4 WeekendCloseActive=NO NewTradeBlocked=NO | 25300.000000
QK	0	05:59:07.268	Cazyxio_v4.3 (EURUSD,M15)	2026.03.12 11:59:07 | HEARTBEAT | SYSTEM | EA alive. Tick=25400 Equity=44254.02 OpenPos=0 PendingOrders=0 UTC=2026.03.12 11:59 DayOfWeek=4 WeekendCloseActive=NO NewTradeBlocked=NO | 25400.000000
ID	0	06:02:20.946	Cazyxio_v4.3 (EURUSD,M15)	2026.03.12 12:02:20 | GATE_FAIL | GBPUSD | CopyBuffer failed for Daily EMA200.
MD	0	06:04:41.293	Cazyxio_v4.3 (EURUSD,M15)	2026.03.12 12:04:41 | GATE_FAIL | EURUSD | CopyBuffer failed for Daily EMA200.
OD	0	06:07:01.700	Cazyxio_v4.3 (EURUSD,M15)	2026.03.12 12:07:01 | GATE_FAIL | USDJPY | CopyBuffer failed for Daily EMA200.
MI	0	06:07:01.700	Cazyxio_v4.3 (EURUSD,M15)	2026.03.12 12:07:01 | BAR | AUDUSD | close=0.71362 h4ema200=0.70137 h4slope=UP dailyEMA200=0.67014 adx=27.2 ema50=0.71348 distToEMA50=1.4pips touchSeq=1 atr=0.000730 atrRatio=0.923 dir=LONG spread=19.0 spreadOK=YES atrGate=PASS touch=PASS momCandle=momClosePos=0.113 momOk=N ema50Ok=Y barRange=0.001060 zeroRangeBar=NO trigger=NO hasPos=NO portRisk=0.00% openPos=0 | 0.713620
OF	0	06:07:01.700	Cazyxio_v4.3 (EURUSD,M15)	2026.03.12 12:07:01 | GATE_FAIL | AUDUSD | Momentum candle FAIL. dir=LONG close=0.71362 ema50=0.71348 momClosePos=0.113 momOk=N ema50Ok=Y barRange=0.001060
LS	0	06:07:01.700	Cazyxio_v4.3 (EURUSD,M15)	2026.03.12 12:07:01 | BAR | GBPJPY | close=212.596 h4ema200=210.735 h4slope=UP dailyEMA200=204.712 adx=38.4 ema50=212.654 distToEMA50=5.8pips touchSeq=5 atr=0.100786 atrRatio=0.870 dir=LONG spread=38.0 spreadOK=NO atrGate=PASS touch=PASS momCandle=momClosePos=0.324 momOk=N ema50Ok=Y barRange=0.111000 zeroRangeBar=NO trigger=NO hasPos=NO portRisk=0.00% openPos=0 | 212.596000
OE	0	06:07:01.700	Cazyxio_v4.3 (EURUSD,M15)	2026.03.12 12:07:01 | GATE_FAIL | GBPJPY | Spread too wide. Spread=38.0 Max=30 points.
MK	0	06:07:01.700	Cazyxio_v4.3 (EURUSD,M15)	2026.03.12 12:07:01 | BAR | USDCAD | close=1.35910 h4ema200=1.36622 h4slope=DOWN dailyEMA200=1.38130 adx=19.0 ema50=1.35874 distToEMA50=3.6pips touchSeq=12 atr=0.000485 atrRatio=0.775 dir=SHORT spread=23.0 spreadOK=YES atrGate=FAIL touch=PASS momCandle=momClosePos=0.590 momOk=N ema50Ok=Y barRange=0.000780 zeroRangeBar=NO trigger=NO hasPos=NO portRisk=0.00% openPos=0 | 1.359100
EN	0	06:07:01.700	Cazyxio_v4.3 (EURUSD,M15)	2026.03.12 12:07:01 | NEAR_MISS | USDCAD | ATR near-miss. Ratio=0.775 MinRatio=0.80 Gap=0.025
KR	0	06:07:01.700	Cazyxio_v4.3 (EURUSD,M15)	2026.03.12 12:07:01 | GATE_FAIL | USDCAD | ATR gate FAIL. ATR=0.000485 ATR_SMA=0.000626 Ratio=0.775 MinRatio=0.80
EQ	0	06:07:26.912	Cazyxio_v4.3 (EURUSD,M15)	2026.03.12 12:07:26 | HEARTBEAT | SYSTEM | EA alive. Tick=25500 Equity=44254.02 OpenPos=0 PendingOrders=0 UTC=2026.03.12 12:07 DayOfWeek=4 WeekendCloseActive=NO NewTradeBlocked=NO | 25500.000000
GS	0	06:08:25.416	Cazyxio_v4.3 (EURUSD,M15)	2026.03.12 12:08:25 | HEARTBEAT | SYSTEM | EA alive. Tick=25600 Equity=44254.02 OpenPos=0 PendingOrders=0 UTC=2026.03.12 12:08 DayOfWeek=4 WeekendCloseActive=NO NewTradeBlocked=NO | 25600.000000
DM	0	06:09:29.106	Cazyxio_v4.3 (EURUSD,M15)	2026.03.12 12:09:29 | HEARTBEAT | SYSTEM | EA alive. Tick=25700 Equity=44254.02 OpenPos=0 PendingOrders=0 UTC=2026.03.12 12:09 DayOfWeek=4 WeekendCloseActive=NO NewTradeBlocked=NO | 25700.000000
RO	0	06:10:19.540	Cazyxio_v4.3 (EURUSD,M15)	2026.03.12 12:10:19 | HEARTBEAT | SYSTEM | EA alive. Tick=25800 Equity=44254.02 OpenPos=0 PendingOrders=0 UTC=2026.03.12 12:10 DayOfWeek=4 WeekendCloseActive=NO NewTradeBlocked=NO | 25800.000000
HI	0	06:11:21.659	Cazyxio_v4.3 (EURUSD,M15)	2026.03.12 12:11:21 | HEARTBEAT | SYSTEM | EA alive. Tick=25900 Equity=44254.02 OpenPos=0 PendingOrders=0 UTC=2026.03.12 12:11 DayOfWeek=4 WeekendCloseActive=NO NewTradeBlocked=NO | 25900.000000
DK	0	06:12:16.841	Cazyxio_v4.3 (EURUSD,M15)	2026.03.12 12:12:16 | HEARTBEAT | SYSTEM | EA alive. Tick=26000 Equity=44254.02 OpenPos=0 PendingOrders=0 UTC=2026.03.12 12:12 DayOfWeek=4 WeekendCloseActive=NO NewTradeBlocked=NO | 26000.000000
OE	0	06:13:31.753	Cazyxio_v4.3 (EURUSD,M15)	2026.03.12 12:13:31 | HEARTBEAT | SYSTEM | EA alive. Tick=26100 Equity=44254.02 OpenPos=0 PendingOrders=0 UTC=2026.03.12 12:13 DayOfWeek=4 WeekendCloseActive=NO NewTradeBlocked=NO | 26100.000000
PG	0	06:14:41.373	Cazyxio_v4.3 (EURUSD,M15)	2026.03.12 12:14:41 | HEARTBEAT | SYSTEM | EA alive. Tick=26200 Equity=44254.02 OpenPos=0 PendingOrders=0 UTC=2026.03.12 12:14 DayOfWeek=4 WeekendCloseActive=NO NewTradeBlocked=NO | 26200.000000
NQ	0	06:17:21.074	Cazyxio_v4.3 (EURUSD,M15)	2026.03.12 12:17:21 | GATE_FAIL | EURUSD | CopyBuffer failed for Daily EMA200.
OP	0	06:19:41.490	Cazyxio_v4.3 (EURUSD,M15)	2026.03.12 12:19:41 | GATE_FAIL | USDJPY | CopyBuffer failed for Daily EMA200.
GN	0	06:19:41.490	Cazyxio_v4.3 (EURUSD,M15)	2026.03.12 12:19:41 | BAR | AUDUSD | close=0.71305 h4ema200=0.70137 h4slope=UP dailyEMA200=0.67014 adx=27.2 ema50=0.71347 distToEMA50=4.2pips touchSeq=2 atr=0.000728 atrRatio=0.923 dir=LONG spread=16.0 spreadOK=YES atrGate=PASS touch=PASS momCandle=momClosePos=0.456 momOk=N ema50Ok=Y barRange=0.001140 zeroRangeBar=NO trigger=NO hasPos=NO portRisk=0.00% openPos=0 | 0.713050
DJ	0	06:19:41.490	Cazyxio_v4.3 (EURUSD,M15)	2026.03.12 12:19:41 | GATE_FAIL | AUDUSD | Momentum candle FAIL. dir=LONG close=0.71305 ema50=0.71347 momClosePos=0.456 momOk=N ema50Ok=Y barRange=0.001140
LO	0	06:19:41.490	Cazyxio_v4.3 (EURUSD,M15)	2026.03.12 12:19:41 | BAR | GBPJPY | close=212.575 h4ema200=210.734 h4slope=UP dailyEMA200=204.711 adx=38.4 ema50=212.647 distToEMA50=7.2pips touchSeq=6 atr=0.098714 atrRatio=0.857 dir=LONG spread=37.0 spreadOK=NO atrGate=PASS touch=PASS momCandle=momClosePos=0.394 momOk=N ema50Ok=Y barRange=0.099000 zeroRangeBar=NO trigger=NO hasPos=NO portRisk=0.00% openPos=0 | 212.575000
FI	0	06:19:41.490	Cazyxio_v4.3 (EURUSD,M15)	2026.03.12 12:19:41 | GATE_FAIL | GBPJPY | Spread too wide. Spread=37.0 Max=30 points.
RE	0	06:19:41.490	Cazyxio_v4.3 (EURUSD,M15)	2026.03.12 12:19:41 | BAR | USDCAD | close=1.35973 h4ema200=1.36623 h4slope=DOWN dailyEMA200=1.38130 adx=19.8 ema50=1.35879 distToEMA50=9.4pips touchSeq=0 atr=0.000472 atrRatio=0.756 dir=SHORT spread=22.0 spreadOK=YES atrGate=FAIL touch=PASS momCandle=momClosePos=0.831 momOk=N ema50Ok=Y barRange=0.000830 zeroRangeBar=NO trigger=NO hasPos=NO portRisk=0.00% openPos=0 | 1.359730
EI	0	06:19:41.490	Cazyxio_v4.3 (EURUSD,M15)	2026.03.12 12:19:41 | NEAR_MISS | USDCAD | ATR near-miss. Ratio=0.756 MinRatio=0.80 Gap=0.044
OF	0	06:19:41.490	Cazyxio_v4.3 (EURUSD,M15)	2026.03.12 12:19:41 | GATE_FAIL | USDCAD | ATR gate FAIL. ATR=0.000472 ATR_SMA=0.000625 Ratio=0.756 MinRatio=0.80
JL	0	06:22:02.185	Cazyxio_v4.3 (EURUSD,M15)	2026.03.12 12:22:02 | GATE_FAIL | GBPUSD | CopyBuffer failed for Daily EMA200.
KL	0	06:22:35.784	Cazyxio_v4.3 (EURUSD,M15)	2026.03.12 12:22:35 | HEARTBEAT | SYSTEM | EA alive. Tick=26300 Equity=44254.02 OpenPos=0 PendingOrders=0 UTC=2026.03.12 12:22 DayOfWeek=4 WeekendCloseActive=NO NewTradeBlocked=NO | 26300.000000
QN	0	06:23:36.408	Cazyxio_v4.3 (EURUSD,M15)	2026.03.12 12:23:36 | HEARTBEAT | SYSTEM | EA alive. Tick=26400 Equity=44254.02 OpenPos=0 PendingOrders=0 UTC=2026.03.12 12:23 DayOfWeek=4 WeekendCloseActive=NO NewTradeBlocked=NO | 26400.000000
JH	0	06:24:28.626	Cazyxio_v4.3 (EURUSD,M15)	2026.03.12 12:24:28 | HEARTBEAT | SYSTEM | EA alive. Tick=26500 Equity=44254.02 OpenPos=0 PendingOrders=0 UTC=2026.03.12 12:24 DayOfWeek=4 WeekendCloseActive=NO NewTradeBlocked=NO | 26500.000000
EJ	0	06:25:38.017	Cazyxio_v4.3 (EURUSD,M15)	2026.03.12 12:25:38 | HEARTBEAT | SYSTEM | EA alive. Tick=26600 Equity=44254.02 OpenPos=0 PendingOrders=0 UTC=2026.03.12 12:25 DayOfWeek=4 WeekendCloseActive=NO NewTradeBlocked=NO | 26600.000000
GD	0	06:27:03.156	Cazyxio_v4.3 (EURUSD,M15)	2026.03.12 12:27:03 | HEARTBEAT | SYSTEM | EA alive. Tick=26700 Equity=44254.02 OpenPos=0 PendingOrders=0 UTC=2026.03.12 12:27 DayOfWeek=4 WeekendCloseActive=NO NewTradeBlocked=NO | 26700.000000
NF	0	06:28:29.156	Cazyxio_v4.3 (EURUSD,M15)	2026.03.12 12:28:29 | HEARTBEAT | SYSTEM | EA alive. Tick=26800 Equity=44254.02 OpenPos=0 PendingOrders=0 UTC=2026.03.12 12:28 DayOfWeek=4 WeekendCloseActive=NO NewTradeBlocked=NO | 26800.000000
NP	0	06:29:42.355	Cazyxio_v4.3 (EURUSD,M15)	2026.03.12 12:29:42 | HEARTBEAT | SYSTEM | EA alive. Tick=26900 Equity=44254.02 OpenPos=0 PendingOrders=0 UTC=2026.03.12 12:29 DayOfWeek=4 WeekendCloseActive=NO NewTradeBlocked=NO | 26900.000000
CS	0	06:32:21.065	Cazyxio_v4.3 (EURUSD,M15)	2026.03.12 12:32:21 | GATE_FAIL | GBPUSD | CopyBuffer failed for Daily EMA200.
FR	0	06:34:41.429	Cazyxio_v4.3 (EURUSD,M15)	2026.03.12 12:34:41 | GATE_FAIL | EURUSD | CopyBuffer failed for Daily EMA200.
PM	0	06:37:01.822	Cazyxio_v4.3 (EURUSD,M15)	2026.03.12 12:37:01 | GATE_FAIL | USDJPY | CopyBuffer failed for Daily EMA200.
FS	0	06:37:01.822	Cazyxio_v4.3 (EURUSD,M15)	2026.03.12 12:37:01 | BAR | AUDUSD | close=0.71283 h4ema200=0.70137 h4slope=UP dailyEMA200=0.67014 adx=27.2 ema50=0.71343 distToEMA50=6.0pips touchSeq=3 atr=0.000724 atrRatio=0.919 dir=LONG spread=17.0 spreadOK=YES atrGate=PASS touch=PASS momCandle=momClosePos=0.487 momOk=N ema50Ok=Y barRange=0.000780 zeroRangeBar=NO trigger=NO hasPos=NO portRisk=0.00% openPos=0 | 0.712830
OO	0	06:37:01.822	Cazyxio_v4.3 (EURUSD,M15)	2026.03.12 12:37:01 | GATE_FAIL | AUDUSD | Momentum candle FAIL. dir=LONG close=0.71283 ema50=0.71343 momClosePos=0.487 momOk=N ema50Ok=Y barRange=0.000780
JN	0	06:37:01.822	Cazyxio_v4.3 (EURUSD,M15)	2026.03.12 12:37:01 | BAR | GBPJPY | close=212.501 h4ema200=210.733 h4slope=UP dailyEMA200=204.710 adx=38.6 ema50=212.639 distToEMA50=13.8pips touchSeq=0 atr=0.098786 atrRatio=0.863 dir=LONG spread=38.0 spreadOK=NO atrGate=PASS touch=PASS momCandle=momClosePos=0.408 momOk=N ema50Ok=Y barRange=0.130000 zeroRangeBar=NO trigger=NO hasPos=NO portRisk=0.00% openPos=0 | 212.501000
RL	0	06:37:01.822	Cazyxio_v4.3 (EURUSD,M15)	2026.03.12 12:37:01 | GATE_FAIL | GBPJPY | Spread too wide. Spread=38.0 Max=30 points.
LL	0	06:37:01.822	Cazyxio_v4.3 (EURUSD,M15)	2026.03.12 12:37:01 | BAR | USDCAD | close=1.35987 h4ema200=1.36623 h4slope=DOWN dailyEMA200=1.38130 adx=20.0 ema50=1.35884 distToEMA50=10.3pips touchSeq=0 atr=0.000491 atrRatio=0.787 dir=SHORT spread=20.0 spreadOK=YES atrGate=FAIL touch=PASS momCandle=momClosePos=0.277 momOk=Y ema50Ok=Y barRange=0.000650 zeroRangeBar=NO trigger=YES hasPos=NO portRisk=0.00% openPos=0 | 1.359870
FD	0	06:37:01.822	Cazyxio_v4.3 (EURUSD,M15)	2026.03.12 12:37:01 | NEAR_MISS | USDCAD | ATR near-miss. Ratio=0.787 MinRatio=0.80 Gap=0.013
KD	0	06:37:01.822	Cazyxio_v4.3 (EURUSD,M15)	2026.03.12 12:37:01 | GATE_FAIL | USDCAD | ATR gate FAIL. ATR=0.000491 ATR_SMA=0.000623 Ratio=0.787 MinRatio=0.80
HN	0	06:37:49.110	Cazyxio_v4.3 (EURUSD,M15)	2026.03.12 12:37:49 | HEARTBEAT | SYSTEM | EA alive. Tick=27000 Equity=44254.02 OpenPos=0 PendingOrders=0 UTC=2026.03.12 12:37 DayOfWeek=4 WeekendCloseActive=NO NewTradeBlocked=NO | 27000.000000
NH	0	06:38:44.155	Cazyxio_v4.3 (EURUSD,M15)	2026.03.12 12:38:44 | HEARTBEAT | SYSTEM | EA alive. Tick=27100 Equity=44254.02 OpenPos=0 PendingOrders=0 UTC=2026.03.12 12:38 DayOfWeek=4 WeekendCloseActive=NO NewTradeBlocked=NO | 27100.000000
EJ	0	06:39:50.977	Cazyxio_v4.3 (EURUSD,M15)	2026.03.12 12:39:50 | HEARTBEAT | SYSTEM | EA alive. Tick=27200 Equity=44254.02 OpenPos=0 PendingOrders=0 UTC=2026.03.12 12:39 DayOfWeek=4 WeekendCloseActive=NO NewTradeBlocked=NO | 27200.000000
CD	0	06:41:08.488	Cazyxio_v4.3 (EURUSD,M15)	2026.03.12 12:41:08 | HEARTBEAT | SYSTEM | EA alive. Tick=27300 Equity=44254.02 OpenPos=0 PendingOrders=0 UTC=2026.03.12 12:41 DayOfWeek=4 WeekendCloseActive=NO NewTradeBlocked=NO | 27300.000000
FF	0	06:42:18.848	Cazyxio_v4.3 (EURUSD,M15)	2026.03.12 12:42:18 | HEARTBEAT | SYSTEM | EA alive. Tick=27400 Equity=44254.02 OpenPos=0 PendingOrders=0 UTC=2026.03.12 12:42 DayOfWeek=4 WeekendCloseActive=NO NewTradeBlocked=NO | 27400.000000
CP	0	06:43:29.161	Cazyxio_v4.3 (EURUSD,M15)	2026.03.12 12:43:29 | HEARTBEAT | SYSTEM | EA alive. Tick=27500 Equity=44254.02 OpenPos=0 PendingOrders=0 UTC=2026.03.12 12:43 DayOfWeek=4 WeekendCloseActive=NO NewTradeBlocked=NO | 27500.000000
PR	0	06:44:40.095	Cazyxio_v4.3 (EURUSD,M15)	2026.03.12 12:44:40 | HEARTBEAT | SYSTEM | EA alive. Tick=27600 Equity=44254.02 OpenPos=0 PendingOrders=0 UTC=2026.03.12 12:44 DayOfWeek=4 WeekendCloseActive=NO NewTradeBlocked=NO | 27600.000000
NM	0	06:47:21.497	Cazyxio_v4.3 (EURUSD,M15)	2026.03.12 12:47:21 | GATE_FAIL | GBPUSD | CopyBuffer failed for Daily EMA200.
PL	0	06:49:41.892	Cazyxio_v4.3 (EURUSD,M15)	2026.03.12 12:49:41 | GATE_FAIL | EURUSD | CopyBuffer failed for Daily EMA200.
EO	0	06:52:02.306	Cazyxio_v4.3 (EURUSD,M15)	2026.03.12 12:52:02 | GATE_FAIL | USDJPY | CopyBuffer failed for Daily EMA200.
RL	0	06:52:02.306	Cazyxio_v4.3 (EURUSD,M15)	2026.03.12 12:52:02 | BAR | AUDUSD | close=0.71284 h4ema200=0.70137 h4slope=UP dailyEMA200=0.67014 adx=27.2 ema50=0.71342 distToEMA50=5.8pips touchSeq=4 atr=0.000749 atrRatio=0.952 dir=LONG spread=19.0 spreadOK=YES atrGate=PASS touch=PASS momCandle=momClosePos=0.754 momOk=Y ema50Ok=Y barRange=0.000690 zeroRangeBar=NO trigger=YES hasPos=NO portRisk=0.00% openPos=0 | 0.712840
LP	0	06:52:02.306	Cazyxio_v4.3 (EURUSD,M15)	2026.03.12 12:52:02 | SIGNAL | AUDUSD | VALID SIGNAL (LIMIT): LONG limitPrice=0.71338 sl=0.71218 tp=0.71757 stopDist=0.00120 lots=1.84 riskPct=0.50 R:R=1:3.50 ema50=0.71342 dailyEMA200=0.67014 adx=27.2 distToLimit=2.7pips expiresIn=4bars touchSeq=4 | 0.713380
DF	0	06:52:02.306	Cazyxio_v4.3 (EURUSD,M15)	CTrade::OrderSend: buy limit 1.84 AUDUSD at 0.71338 sl: 0.71218 tp: 0.71757 [auto trading disabled by client]
HE	0	06:52:02.306	Cazyxio_v4.3 (EURUSD,M15)	2026.03.12 12:52:02 | ORDER_FAILED | AUDUSD | BUY_LIMIT FAILED. retcode=10027 desc=auto trading disabled by client limitPrice=0.71338
FL	0	06:52:02.306	Cazyxio_v4.3 (EURUSD,M15)	2026.03.12 12:52:02 | BAR | GBPJPY | close=212.494 h4ema200=210.734 h4slope=UP dailyEMA200=204.711 adx=38.8 ema50=212.635 distToEMA50=14.1pips touchSeq=0 atr=0.094857 atrRatio=0.834 dir=LONG spread=41.0 spreadOK=NO atrGate=PASS touch=PASS momCandle=momClosePos=0.804 momOk=Y ema50Ok=Y barRange=0.092000 zeroRangeBar=NO trigger=YES hasPos=NO portRisk=0.00% openPos=0 | 212.494000
EJ	0	06:52:02.306	Cazyxio_v4.3 (EURUSD,M15)	2026.03.12 12:52:02 | GATE_FAIL | GBPJPY | Spread too wide. Spread=41.0 Max=30 points.
ND	0	06:52:02.306	Cazyxio_v4.3 (EURUSD,M15)	2026.03.12 12:52:02 | BAR | USDCAD | close=1.36011 h4ema200=1.36623 h4slope=DOWN dailyEMA200=1.38130 adx=20.0 ema50=1.35889 distToEMA50=12.2pips touchSeq=0 atr=0.000496 atrRatio=0.797 dir=SHORT spread=24.0 spreadOK=YES atrGate=FAIL touch=PASS momCandle=momClosePos=0.706 momOk=N ema50Ok=Y barRange=0.000510 zeroRangeBar=NO trigger=NO hasPos=NO portRisk=0.00% openPos=0 | 1.360110
QO	0	06:52:02.306	Cazyxio_v4.3 (EURUSD,M15)	2026.03.12 12:52:02 | NEAR_MISS | USDCAD | ATR near-miss. Ratio=0.797 MinRatio=0.80 Gap=0.003
ES	0	06:52:02.306	Cazyxio_v4.3 (EURUSD,M15)	2026.03.12 12:52:02 | GATE_FAIL | USDCAD | ATR gate FAIL. ATR=0.000496 ATR_SMA=0.000622 Ratio=0.797 MinRatio=0.80
LS	0	06:52:31.258	Cazyxio_v4.3 (EURUSD,M15)	2026.03.12 12:52:31 | HEARTBEAT | SYSTEM | EA alive. Tick=27700 Equity=44254.02 OpenPos=0 PendingOrders=0 UTC=2026.03.12 12:52 DayOfWeek=4 WeekendCloseActive=NO NewTradeBlocked=NO | 27700.000000
EM	0	06:53:19.360	Cazyxio_v4.3 (EURUSD,M15)	2026.03.12 12:53:19 | HEARTBEAT | SYSTEM | EA alive. Tick=27800 Equity=44254.02 OpenPos=0 PendingOrders=0 UTC=2026.03.12 12:53 DayOfWeek=4 WeekendCloseActive=NO NewTradeBlocked=NO | 27800.000000
FO	0	06:54:32.838	Cazyxio_v4.3 (EURUSD,M15)	2026.03.12 12:54:32 | HEARTBEAT | SYSTEM | EA alive. Tick=27900 Equity=44254.02 OpenPos=0 PendingOrders=0 UTC=2026.03.12 12:54 DayOfWeek=4 WeekendCloseActive=NO NewTradeBlocked=NO | 27900.000000
FI	0	06:55:33.345	Cazyxio_v4.3 (EURUSD,M15)	2026.03.12 12:55:33 | HEARTBEAT | SYSTEM | EA alive. Tick=28000 Equity=44254.02 OpenPos=0 PendingOrders=0 UTC=2026.03.12 12:55 DayOfWeek=4 WeekendCloseActive=NO NewTradeBlocked=NO | 28000.000000
DK	0	06:56:35.773	Cazyxio_v4.3 (EURUSD,M15)	2026.03.12 12:56:35 | HEARTBEAT | SYSTEM | EA alive. Tick=28100 Equity=44254.02 OpenPos=0 PendingOrders=0 UTC=2026.03.12 12:56 DayOfWeek=4 WeekendCloseActive=NO NewTradeBlocked=NO | 28100.000000
JE	0	06:57:47.523	Cazyxio_v4.3 (EURUSD,M15)	2026.03.12 12:57:47 | HEARTBEAT | SYSTEM | EA alive. Tick=28200 Equity=44254.02 OpenPos=0 PendingOrders=0 UTC=2026.03.12 12:57 DayOfWeek=4 WeekendCloseActive=NO NewTradeBlocked=NO | 28200.000000
GG	0	06:58:45.228	Cazyxio_v4.3 (EURUSD,M15)	2026.03.12 12:58:45 | HEARTBEAT | SYSTEM | EA alive. Tick=28300 Equity=44254.02 OpenPos=0 PendingOrders=0 UTC=2026.03.12 12:58 DayOfWeek=4 WeekendCloseActive=NO NewTradeBlocked=NO | 28300.000000
QQ	0	06:59:44.773	Cazyxio_v4.3 (EURUSD,M15)	2026.03.12 12:59:44 | HEARTBEAT | SYSTEM | EA alive. Tick=28400 Equity=44254.02 OpenPos=0 PendingOrders=0 UTC=2026.03.12 12:59 DayOfWeek=4 WeekendCloseActive=NO NewTradeBlocked=NO | 28400.000000
OR	0	07:02:20.940	Cazyxio_v4.3 (EURUSD,M15)	2026.03.12 13:02:20 | GATE_FAIL | GBPUSD | CopyBuffer failed for Daily EMA200.
MS	0	07:04:41.271	Cazyxio_v4.3 (EURUSD,M15)	2026.03.12 13:04:41 | GATE_FAIL | EURUSD | CopyBuffer failed for Daily EMA200.
CR	0	07:07:01.700	Cazyxio_v4.3 (EURUSD,M15)	2026.03.12 13:07:01 | GATE_FAIL | USDJPY | CopyBuffer failed for Daily EMA200.
HL	0	07:07:01.700	Cazyxio_v4.3 (EURUSD,M15)	2026.03.12 13:07:01 | BAR | AUDUSD | close=0.71302 h4ema200=0.70149 h4slope=UP dailyEMA200=0.67015 adx=24.3 ema50=0.71342 distToEMA50=4.0pips touchSeq=5 atr=0.000737 atrRatio=0.938 dir=LONG spread=18.0 spreadOK=YES atrGate=PASS touch=PASS momCandle=momClosePos=0.539 momOk=N ema50Ok=Y barRange=0.000760 zeroRangeBar=NO trigger=NO hasPos=NO portRisk=0.00% openPos=0 | 0.713020
QI	0	07:07:01.700	Cazyxio_v4.3 (EURUSD,M15)	2026.03.12 13:07:01 | GATE_FAIL | AUDUSD | Momentum candle FAIL. dir=LONG close=0.71302 ema50=0.71342 momClosePos=0.539 momOk=N ema50Ok=Y barRange=0.000760
IS	0	07:07:01.700	Cazyxio_v4.3 (EURUSD,M15)	2026.03.12 13:07:01 | BAR | GBPJPY | close=212.550 h4ema200=210.754 h4slope=UP dailyEMA200=204.712 adx=34.1 ema50=212.639 distToEMA50=8.9pips touchSeq=1 atr=0.101429 atrRatio=0.898 dir=LONG spread=38.0 spreadOK=NO atrGate=PASS touch=PASS momCandle=momClosePos=0.922 momOk=Y ema50Ok=Y barRange=0.102000 zeroRangeBar=NO trigger=YES hasPos=NO portRisk=0.00% openPos=0 | 212.550000
QN	0	07:07:01.700	Cazyxio_v4.3 (EURUSD,M15)	2026.03.12 13:07:01 | GATE_FAIL | GBPJPY | Spread too wide. Spread=38.0 Max=30 points.
LL	0	07:07:01.700	Cazyxio_v4.3 (EURUSD,M15)	2026.03.12 13:07:01 | BAR | USDCAD | close=1.35997 h4ema200=1.36616 h4slope=DOWN dailyEMA200=1.38129 adx=19.7 ema50=1.35891 distToEMA50=10.6pips touchSeq=0 atr=0.000523 atrRatio=0.842 dir=SHORT spread=26.0 spreadOK=YES atrGate=PASS touch=PASS momCandle=momClosePos=0.333 momOk=Y ema50Ok=Y barRange=0.000390 zeroRangeBar=NO trigger=YES hasPos=NO portRisk=0.00% openPos=0 | 1.359970
OE	0	07:07:01.700	Cazyxio_v4.3 (EURUSD,M15)	2026.03.12 13:07:01 | GATE_FAIL | USDCAD | ADX filter FAIL. H4 ADX=19.7 MinLevel=20.0 Market is ranging — no trend to trade.
EL	0	07:08:17.501	Cazyxio_v4.3 (EURUSD,M15)	2026.03.12 13:08:17 | HEARTBEAT | SYSTEM | EA alive. Tick=28500 Equity=44254.02 OpenPos=0 PendingOrders=0 UTC=2026.03.12 13:08 DayOfWeek=4 WeekendCloseActive=NO NewTradeBlocked=NO | 28500.000000
GN	0	07:09:39.146	Cazyxio_v4.3 (EURUSD,M15)	2026.03.12 13:09:39 | HEARTBEAT | SYSTEM | EA alive. Tick=28600 Equity=44254.02 OpenPos=0 PendingOrders=0 UTC=2026.03.12 13:09 DayOfWeek=4 WeekendCloseActive=NO NewTradeBlocked=NO | 28600.000000
KH	0	07:10:46.689	Cazyxio_v4.3 (EURUSD,M15)	2026.03.12 13:10:46 | HEARTBEAT | SYSTEM | EA alive. Tick=28700 Equity=44254.02 OpenPos=0 PendingOrders=0 UTC=2026.03.12 13:10 DayOfWeek=4 WeekendCloseActive=NO NewTradeBlocked=NO | 28700.000000
PJ	0	07:11:58.300	Cazyxio_v4.3 (EURUSD,M15)	2026.03.12 13:11:58 | HEARTBEAT | SYSTEM | EA alive. Tick=28800 Equity=44254.02 OpenPos=0 PendingOrders=0 UTC=2026.03.12 13:11 DayOfWeek=4 WeekendCloseActive=NO NewTradeBlocked=NO | 28800.000000
ED	0	07:13:14.259	Cazyxio_v4.3 (EURUSD,M15)	2026.03.12 13:13:14 | HEARTBEAT | SYSTEM | EA alive. Tick=28900 Equity=44254.02 OpenPos=0 PendingOrders=0 UTC=2026.03.12 13:13 DayOfWeek=4 WeekendCloseActive=NO NewTradeBlocked=NO | 28900.000000
NF	0	07:14:22.303	Cazyxio_v4.3 (EURUSD,M15)	2026.03.12 13:14:22 | HEARTBEAT | SYSTEM | EA alive. Tick=29000 Equity=44254.02 OpenPos=0 PendingOrders=0 UTC=2026.03.12 13:14 DayOfWeek=4 WeekendCloseActive=NO NewTradeBlocked=NO | 29000.000000
FP	0	07:17:21.029	Cazyxio_v4.3 (EURUSD,M15)	2026.03.12 13:17:21 | GATE_FAIL | EURUSD | CopyBuffer failed for Daily EMA200.
RS	0	07:19:41.394	Cazyxio_v4.3 (EURUSD,M15)	2026.03.12 13:19:41 | GATE_FAIL | USDJPY | CopyBuffer failed for Daily EMA200.
FN	0	07:19:41.395	Cazyxio_v4.3 (EURUSD,M15)	2026.03.12 13:19:41 | BAR | AUDUSD | close=0.71218 h4ema200=0.70148 h4slope=UP dailyEMA200=0.67013 adx=24.6 ema50=0.71332 distToEMA50=11.4pips touchSeq=0 atr=0.000780 atrRatio=0.993 dir=LONG spread=19.0 spreadOK=YES atrGate=PASS touch=PASS momCandle=momClosePos=0.038 momOk=N ema50Ok=Y barRange=0.001330 zeroRangeBar=NO trigger=NO hasPos=NO portRisk=0.00% openPos=0 | 0.712180
FI	0	07:19:41.395	Cazyxio_v4.3 (EURUSD,M15)	2026.03.12 13:19:41 | GATE_FAIL | AUDUSD | Momentum candle FAIL. dir=LONG close=0.71218 ema50=0.71332 momClosePos=0.038 momOk=N ema50Ok=Y barRange=0.001330
HS	0	07:19:41.395	Cazyxio_v4.3 (EURUSD,M15)	2026.03.12 13:19:41 | BAR | GBPJPY | close=212.674 h4ema200=210.753 h4slope=UP dailyEMA200=204.712 adx=34.4 ema50=212.639 distToEMA50=3.5pips touchSeq=2 atr=0.102643 atrRatio=0.914 dir=LONG spread=41.0 spreadOK=NO atrGate=PASS touch=PASS momCandle=momClosePos=0.814 momOk=Y ema50Ok=Y barRange=0.167000 zeroRangeBar=NO trigger=YES hasPos=NO portRisk=0.00% openPos=0 | 212.674000
GN	0	07:19:41.395	Cazyxio_v4.3 (EURUSD,M15)	2026.03.12 13:19:41 | GATE_FAIL | GBPJPY | Spread too wide. Spread=41.0 Max=30 points.
PF	0	07:19:41.395	Cazyxio_v4.3 (EURUSD,M15)	2026.03.12 13:19:41 | BAR | USDCAD | close=1.36053 h4ema200=1.36617 h4slope=DOWN dailyEMA200=1.38130 adx=20.8 ema50=1.35900 distToEMA50=15.3pips touchSeq=0 atr=0.000566 atrRatio=0.912 dir=SHORT spread=24.0 spreadOK=YES atrGate=PASS touch=PASS momCandle=momClosePos=1.000 momOk=N ema50Ok=Y barRange=0.001200 zeroRangeBar=NO trigger=NO hasPos=NO portRisk=0.00% openPos=0 | 1.360530
MI	0	07:19:41.395	Cazyxio_v4.3 (EURUSD,M15)	2026.03.12 13:19:41 | GATE_FAIL | USDCAD | Momentum candle FAIL. dir=SHORT close=1.36053 ema50=1.35900 momClosePos=1.000 momOk=N ema50Ok=Y barRange=0.001200
CQ	0	07:22:02.014	Cazyxio_v4.3 (EURUSD,M15)	2026.03.12 13:22:02 | GATE_FAIL | GBPUSD | CopyBuffer failed for Daily EMA200.
OP	0	07:22:12.624	Cazyxio_v4.3 (EURUSD,M15)	2026.03.12 13:22:12 | HEARTBEAT | SYSTEM | EA alive. Tick=29100 Equity=44254.02 OpenPos=0 PendingOrders=0 UTC=2026.03.12 13:22 DayOfWeek=4 WeekendCloseActive=NO NewTradeBlocked=NO | 29100.000000
MR	0	07:22:48.633	Cazyxio_v4.3 (EURUSD,M15)	2026.03.12 13:22:48 | HEARTBEAT | SYSTEM | EA alive. Tick=29200 Equity=44254.02 OpenPos=0 PendingOrders=0 UTC=2026.03.12 13:22 DayOfWeek=4 WeekendCloseActive=NO NewTradeBlocked=NO | 29200.000000
LL	0	07:23:28.774	Cazyxio_v4.3 (EURUSD,M15)	2026.03.12 13:23:28 | HEARTBEAT | SYSTEM | EA alive. Tick=29300 Equity=44254.02 OpenPos=0 PendingOrders=0 UTC=2026.03.12 13:23 DayOfWeek=4 WeekendCloseActive=NO NewTradeBlocked=NO | 29300.000000
EN	0	07:24:05.282	Cazyxio_v4.3 (EURUSD,M15)	2026.03.12 13:24:05 | HEARTBEAT | SYSTEM | EA alive. Tick=29400 Equity=44254.02 OpenPos=0 PendingOrders=0 UTC=2026.03.12 13:24 DayOfWeek=4 WeekendCloseActive=NO NewTradeBlocked=NO | 29400.000000
HH	0	07:24:40.249	Cazyxio_v4.3 (EURUSD,M15)	2026.03.12 13:24:40 | HEARTBEAT | SYSTEM | EA alive. Tick=29500 Equity=44254.02 OpenPos=0 PendingOrders=0 UTC=2026.03.12 13:24 DayOfWeek=4 WeekendCloseActive=NO NewTradeBlocked=NO | 29500.000000
KJ	0	07:25:20.003	Cazyxio_v4.3 (EURUSD,M15)	2026.03.12 13:25:20 | HEARTBEAT | SYSTEM | EA alive. Tick=29600 Equity=44254.02 OpenPos=0 PendingOrders=0 UTC=2026.03.12 13:25 DayOfWeek=4 WeekendCloseActive=NO NewTradeBlocked=NO | 29600.000000
MD	0	07:26:00.002	Cazyxio_v4.3 (EURUSD,M15)	2026.03.12 13:26:00 | HEARTBEAT | SYSTEM | EA alive. Tick=29700 Equity=44254.02 OpenPos=0 PendingOrders=0 UTC=2026.03.12 13:26 DayOfWeek=4 WeekendCloseActive=NO NewTradeBlocked=NO | 29700.000000
PF	0	07:26:44.270	Cazyxio_v4.3 (EURUSD,M15)	2026.03.12 13:26:44 | HEARTBEAT | SYSTEM | EA alive. Tick=29800 Equity=44254.02 OpenPos=0 PendingOrders=0 UTC=2026.03.12 13:26 DayOfWeek=4 WeekendCloseActive=NO NewTradeBlocked=NO | 29800.000000
RP	0	07:27:25.644	Cazyxio_v4.3 (EURUSD,M15)	2026.03.12 13:27:25 | HEARTBEAT | SYSTEM | EA alive. Tick=29900 Equity=44254.02 OpenPos=0 PendingOrders=0 UTC=2026.03.12 13:27 DayOfWeek=4 WeekendCloseActive=NO NewTradeBlocked=NO | 29900.000000
JR	0	07:28:13.203	Cazyxio_v4.3 (EURUSD,M15)	2026.03.12 13:28:13 | HEARTBEAT | SYSTEM | EA alive. Tick=30000 Equity=44254.02 OpenPos=0 PendingOrders=0 UTC=2026.03.12 13:28 DayOfWeek=4 WeekendCloseActive=NO NewTradeBlocked=NO | 30000.000000
KL	0	07:28:55.358	Cazyxio_v4.3 (EURUSD,M15)	2026.03.12 13:28:55 | HEARTBEAT | SYSTEM | EA alive. Tick=30100 Equity=44254.02 OpenPos=0 PendingOrders=0 UTC=2026.03.12 13:28 DayOfWeek=4 WeekendCloseActive=NO NewTradeBlocked=NO | 30100.000000
QN	0	07:29:30.229	Cazyxio_v4.3 (EURUSD,M15)	2026.03.12 13:29:30 | HEARTBEAT | SYSTEM | EA alive. Tick=30200 Equity=44254.02 OpenPos=0 PendingOrders=0 UTC=2026.03.12 13:29 DayOfWeek=4 WeekendCloseActive=NO NewTradeBlocked=NO | 30200.000000
LI	0	07:32:21.150	Cazyxio_v4.3 (EURUSD,M15)	2026.03.12 13:32:21 | GATE_FAIL | GBPUSD | CopyBuffer failed for Daily EMA200.
DK	0	07:34:41.560	Cazyxio_v4.3 (EURUSD,M15)	2026.03.12 13:34:41 | GATE_FAIL | EURUSD | CopyBuffer failed for Daily EMA200.
NK	0	07:37:01.990	Cazyxio_v4.3 (EURUSD,M15)	2026.03.12 13:37:01 | GATE_FAIL | USDJPY | CopyBuffer failed for Daily EMA200.
KG	0	07:37:01.990	Cazyxio_v4.3 (EURUSD,M15)	2026.03.12 13:37:01 | BAR | AUDUSD | close=0.71170 h4ema200=0.70147 h4slope=UP dailyEMA200=0.67012 adx=25.9 ema50=0.71321 distToEMA50=15.1pips touchSeq=0 atr=0.000871 atrRatio=1.108 dir=LONG spread=20.0 spreadOK=YES atrGate=PASS touch=PASS momCandle=momClosePos=0.631 momOk=N ema50Ok=Y barRange=0.001570 zeroRangeBar=NO trigger=NO hasPos=NO portRisk=0.00% openPos=0 | 0.711700
FR	0	07:37:01.990	Cazyxio_v4.3 (EURUSD,M15)	2026.03.12 13:37:01 | NEAR_MISS | AUDUSD | Momentum near-miss. momClosePos=0.631 Threshold=0.650 Gap=0.019 dir=LONG
MM	0	07:37:01.990	Cazyxio_v4.3 (EURUSD,M15)	2026.03.12 13:37:01 | GATE_FAIL | AUDUSD | Momentum candle FAIL. dir=LONG close=0.71170 ema50=0.71321 momClosePos=0.631 momOk=N ema50Ok=Y barRange=0.001570
OG	0	07:37:01.990	Cazyxio_v4.3 (EURUSD,M15)	2026.03.12 13:37:01 | BAR | GBPJPY | close=212.676 h4ema200=210.754 h4slope=UP dailyEMA200=204.713 adx=34.4 ema50=212.642 distToEMA50=3.4pips touchSeq=3 atr=0.110143 atrRatio=0.985 dir=LONG spread=41.0 spreadOK=NO atrGate=PASS touch=PASS momCandle=momClosePos=0.761 momOk=Y ema50Ok=Y barRange=0.180000 zeroRangeBar=NO trigger=YES hasPos=NO portRisk=0.00% openPos=0 | 212.676000
RR	0	07:37:01.990	Cazyxio_v4.3 (EURUSD,M15)	2026.03.12 13:37:01 | GATE_FAIL | GBPJPY | Spread too wide. Spread=41.0 Max=30 points.
ER	0	07:37:01.990	Cazyxio_v4.3 (EURUSD,M15)	2026.03.12 13:37:01 | BAR | USDCAD | close=1.36033 h4ema200=1.36617 h4slope=DOWN dailyEMA200=1.38131 adx=21.4 ema50=1.35908 distToEMA50=12.5pips touchSeq=0 atr=0.000578 atrRatio=0.935 dir=SHORT spread=27.0 spreadOK=YES atrGate=PASS touch=PASS momCandle=momClosePos=0.396 momOk=N ema50Ok=Y barRange=0.000530 zeroRangeBar=NO trigger=NO hasPos=NO portRisk=0.00% openPos=0 | 1.360330
QF	0	07:37:01.990	Cazyxio_v4.3 (EURUSD,M15)	2026.03.12 13:37:01 | NEAR_MISS | USDCAD | Momentum near-miss. momClosePos=0.396 Threshold=0.350 Gap=0.046 dir=SHORT
FI	0	07:37:01.990	Cazyxio_v4.3 (EURUSD,M15)	2026.03.12 13:37:01 | GATE_FAIL | USDCAD | Momentum candle FAIL. dir=SHORT close=1.36033 ema50=1.35908 momClosePos=0.396 momOk=N ema50Ok=Y barRange=0.000530
MP	0	07:37:10.028	Cazyxio_v4.3 (EURUSD,M15)	2026.03.12 13:37:10 | HEARTBEAT | SYSTEM | EA alive. Tick=30300 Equity=44254.02 OpenPos=0 PendingOrders=0 UTC=2026.03.12 13:37 DayOfWeek=4 WeekendCloseActive=NO NewTradeBlocked=NO | 30300.000000
QR	0	07:37:50.079	Cazyxio_v4.3 (EURUSD,M15)	2026.03.12 13:37:50 | HEARTBEAT | SYSTEM | EA alive. Tick=30400 Equity=44254.02 OpenPos=0 PendingOrders=0 UTC=2026.03.12 13:37 DayOfWeek=4 WeekendCloseActive=NO NewTradeBlocked=NO | 30400.000000
LL	0	07:38:31.745	Cazyxio_v4.3 (EURUSD,M15)	2026.03.12 13:38:31 | HEARTBEAT | SYSTEM | EA alive. Tick=30500 Equity=44254.02 OpenPos=0 PendingOrders=0 UTC=2026.03.12 13:38 DayOfWeek=4 WeekendCloseActive=NO NewTradeBlocked=NO | 30500.000000
DN	0	07:39:16.384	Cazyxio_v4.3 (EURUSD,M15)	2026.03.12 13:39:16 | HEARTBEAT | SYSTEM | EA alive. Tick=30600 Equity=44254.02 OpenPos=0 PendingOrders=0 UTC=2026.03.12 13:39 DayOfWeek=4 WeekendCloseActive=NO NewTradeBlocked=NO | 30600.000000
JH	0	07:40:12.007	Cazyxio_v4.3 (EURUSD,M15)	2026.03.12 13:40:12 | HEARTBEAT | SYSTEM | EA alive. Tick=30700 Equity=44254.02 OpenPos=0 PendingOrders=0 UTC=2026.03.12 13:40 DayOfWeek=4 WeekendCloseActive=NO NewTradeBlocked=NO | 30700.000000
DJ	0	07:40:52.203	Cazyxio_v4.3 (EURUSD,M15)	2026.03.12 13:40:52 | HEARTBEAT | SYSTEM | EA alive. Tick=30800 Equity=44254.02 OpenPos=0 PendingOrders=0 UTC=2026.03.12 13:40 DayOfWeek=4 WeekendCloseActive=NO NewTradeBlocked=NO | 30800.000000
CD	0	07:41:37.436	Cazyxio_v4.3 (EURUSD,M15)	2026.03.12 13:41:37 | HEARTBEAT | SYSTEM | EA alive. Tick=30900 Equity=44254.02 OpenPos=0 PendingOrders=0 UTC=2026.03.12 13:41 DayOfWeek=4 WeekendCloseActive=NO NewTradeBlocked=NO | 30900.000000
KF	0	07:42:19.381	Cazyxio_v4.3 (EURUSD,M15)	2026.03.12 13:42:19 | HEARTBEAT | SYSTEM | EA alive. Tick=31000 Equity=44254.02 OpenPos=0 PendingOrders=0 UTC=2026.03.12 13:42 DayOfWeek=4 WeekendCloseActive=NO NewTradeBlocked=NO | 31000.000000
IP	0	07:43:02.647	Cazyxio_v4.3 (EURUSD,M15)	2026.03.12 13:43:02 | HEARTBEAT | SYSTEM | EA alive. Tick=31100 Equity=44254.02 OpenPos=0 PendingOrders=0 UTC=2026.03.12 13:43 DayOfWeek=4 WeekendCloseActive=NO NewTradeBlocked=NO | 31100.000000
IR	0	07:43:45.216	Cazyxio_v4.3 (EURUSD,M15)	2026.03.12 13:43:45 | HEARTBEAT | SYSTEM | EA alive. Tick=31200 Equity=44254.02 OpenPos=0 PendingOrders=0 UTC=2026.03.12 13:43 DayOfWeek=4 WeekendCloseActive=NO NewTradeBlocked=NO | 31200.000000
PL	0	07:44:25.988	Cazyxio_v4.3 (EURUSD,M15)	2026.03.12 13:44:25 | HEARTBEAT | SYSTEM | EA alive. Tick=31300 Equity=44254.02 OpenPos=0 PendingOrders=0 UTC=2026.03.12 13:44 DayOfWeek=4 WeekendCloseActive=NO NewTradeBlocked=NO | 31300.000000
ON	0	07:47:21.187	Cazyxio_v4.3 (EURUSD,M15)	2026.03.12 13:47:21 | GATE_FAIL | EURUSD | CopyBuffer failed for Daily EMA200.
MN	0	07:49:41.652	Cazyxio_v4.3 (EURUSD,M15)	2026.03.12 13:49:41 | GATE_FAIL | USDJPY | CopyBuffer failed for Daily EMA200.
DD	0	07:49:41.652	Cazyxio_v4.3 (EURUSD,M15)	2026.03.12 13:49:41 | BAR | AUDUSD | close=0.71082 h4ema200=0.70146 h4slope=UP dailyEMA200=0.67012 adx=26.2 ema50=0.71311 distToEMA50=22.9pips touchSeq=0 atr=0.000907 atrRatio=1.154 dir=LONG spread=17.0 spreadOK=YES atrGate=PASS touch=PASS momCandle=momClosePos=0.072 momOk=N ema50Ok=Y barRange=0.001110 zeroRangeBar=NO trigger=NO hasPos=NO portRisk=0.00% openPos=0 | 0.710820
LL	0	07:49:41.652	Cazyxio_v4.3 (EURUSD,M15)	2026.03.12 13:49:41 | GATE_FAIL | AUDUSD | Momentum candle FAIL. dir=LONG close=0.71082 ema50=0.71311 momClosePos=0.072 momOk=N ema50Ok=Y barRange=0.001110
GI	0	07:49:41.652	Cazyxio_v4.3 (EURUSD,M15)	2026.03.12 13:49:41 | BAR | GBPJPY | close=212.644 h4ema200=210.753 h4slope=UP dailyEMA200=204.712 adx=34.4 ema50=212.642 distToEMA50=0.2pips touchSeq=4 atr=0.112214 atrRatio=1.008 dir=LONG spread=37.0 spreadOK=NO atrGate=PASS touch=PASS momCandle=momClosePos=0.333 momOk=N ema50Ok=Y barRange=0.120000 zeroRangeBar=NO trigger=NO hasPos=NO portRisk=0.00% openPos=0 | 212.644000
FS	0	07:49:41.652	Cazyxio_v4.3 (EURUSD,M15)	2026.03.12 13:49:41 | GATE_FAIL | GBPJPY | Spread too wide. Spread=37.0 Max=30 points.
OL	0	07:49:41.652	Cazyxio_v4.3 (EURUSD,M15)	2026.03.12 13:49:41 | BAR | USDCAD | close=1.36062 h4ema200=1.36617 h4slope=DOWN dailyEMA200=1.38131 adx=21.5 ema50=1.35913 distToEMA50=14.9pips touchSeq=0 atr=0.000591 atrRatio=0.959 dir=SHORT spread=25.0 spreadOK=YES atrGate=PASS touch=PASS momCandle=momClosePos=0.514 momOk=N ema50Ok=Y barRange=0.000700 zeroRangeBar=NO trigger=NO hasPos=NO portRisk=0.00% openPos=0 | 1.360620
LS	0	07:49:41.652	Cazyxio_v4.3 (EURUSD,M15)	2026.03.12 13:49:41 | GATE_FAIL | USDCAD | Momentum candle FAIL. dir=SHORT close=1.36062 ema50=1.35913 momClosePos=0.514 momOk=N ema50Ok=Y barRange=0.000700
NN	0	07:52:03.024	Cazyxio_v4.3 (EURUSD,M15)	2026.03.12 13:52:03 | GATE_FAIL | GBPUSD | CopyBuffer failed for Daily EMA200.
KN	0	07:52:11.759	Cazyxio_v4.3 (EURUSD,M15)	2026.03.12 13:52:11 | HEARTBEAT | SYSTEM | EA alive. Tick=31400 Equity=44254.02 OpenPos=0 PendingOrders=0 UTC=2026.03.12 13:52 DayOfWeek=4 WeekendCloseActive=NO NewTradeBlocked=NO | 31400.000000
FH	0	07:52:50.044	Cazyxio_v4.3 (EURUSD,M15)	2026.03.12 13:52:50 | HEARTBEAT | SYSTEM | EA alive. Tick=31500 Equity=44254.02 OpenPos=0 PendingOrders=0 UTC=2026.03.12 13:52 DayOfWeek=4 WeekendCloseActive=NO NewTradeBlocked=NO | 31500.000000
PJ	0	07:53:39.359	Cazyxio_v4.3 (EURUSD,M15)	2026.03.12 13:53:39 | HEARTBEAT | SYSTEM | EA alive. Tick=31600 Equity=44254.02 OpenPos=0 PendingOrders=0 UTC=2026.03.12 13:53 DayOfWeek=4 WeekendCloseActive=NO NewTradeBlocked=NO | 31600.000000
ED	0	07:54:32.557	Cazyxio_v4.3 (EURUSD,M15)	2026.03.12 13:54:32 | HEARTBEAT | SYSTEM | EA alive. Tick=31700 Equity=44254.02 OpenPos=0 PendingOrders=0 UTC=2026.03.12 13:54 DayOfWeek=4 WeekendCloseActive=NO NewTradeBlocked=NO | 31700.000000
EF	0	07:55:25.204	Cazyxio_v4.3 (EURUSD,M15)	2026.03.12 13:55:25 | HEARTBEAT | SYSTEM | EA alive. Tick=31800 Equity=44254.02 OpenPos=0 PendingOrders=0 UTC=2026.03.12 13:55 DayOfWeek=4 WeekendCloseActive=NO NewTradeBlocked=NO | 31800.000000
EP	0	07:56:00.014	Cazyxio_v4.3 (EURUSD,M15)	2026.03.12 13:56:00 | HEARTBEAT | SYSTEM | EA alive. Tick=31900 Equity=44254.02 OpenPos=0 PendingOrders=0 UTC=2026.03.12 13:56 DayOfWeek=4 WeekendCloseActive=NO NewTradeBlocked=NO | 31900.000000
QR	0	07:56:37.595	Cazyxio_v4.3 (EURUSD,M15)	2026.03.12 13:56:37 | HEARTBEAT | SYSTEM | EA alive. Tick=32000 Equity=44254.02 OpenPos=0 PendingOrders=0 UTC=2026.03.12 13:56 DayOfWeek=4 WeekendCloseActive=NO NewTradeBlocked=NO | 32000.000000
IL	0	07:57:21.660	Cazyxio_v4.3 (EURUSD,M15)	2026.03.12 13:57:21 | HEARTBEAT | SYSTEM | EA alive. Tick=32100 Equity=44254.02 OpenPos=0 PendingOrders=0 UTC=2026.03.12 13:57 DayOfWeek=4 WeekendCloseActive=NO NewTradeBlocked=NO | 32100.000000
JN	0	07:58:01.248	Cazyxio_v4.3 (EURUSD,M15)	2026.03.12 13:58:01 | HEARTBEAT | SYSTEM | EA alive. Tick=32200 Equity=44254.02 OpenPos=0 PendingOrders=0 UTC=2026.03.12 13:58 DayOfWeek=4 WeekendCloseActive=NO NewTradeBlocked=NO | 32200.000000
PH	0	07:58:58.765	Cazyxio_v4.3 (EURUSD,M15)	2026.03.12 13:58:58 | HEARTBEAT | SYSTEM | EA alive. Tick=32300 Equity=44254.02 OpenPos=0 PendingOrders=0 UTC=2026.03.12 13:58 DayOfWeek=4 WeekendCloseActive=NO NewTradeBlocked=NO | 32300.000000
OJ	0	07:59:41.576	Cazyxio_v4.3 (EURUSD,M15)	2026.03.12 13:59:41 | HEARTBEAT | SYSTEM | EA alive. Tick=32400 Equity=44254.02 OpenPos=0 PendingOrders=0 UTC=2026.03.12 13:59 DayOfWeek=4 WeekendCloseActive=NO NewTradeBlocked=NO | 32400.000000
QE	0	08:02:21.344	Cazyxio_v4.3 (EURUSD,M15)	2026.03.12 14:02:21 | GATE_FAIL | GBPUSD | CopyBuffer failed for Daily EMA200.
HD	0	08:04:41.733	Cazyxio_v4.3 (EURUSD,M15)	2026.03.12 14:04:41 | GATE_FAIL | EURUSD | CopyBuffer failed for Daily EMA200.
HG	0	08:07:02.079	Cazyxio_v4.3 (EURUSD,M15)	2026.03.12 14:07:02 | GATE_FAIL | USDJPY | CopyBuffer failed for Daily EMA200.
RJ	0	08:07:02.079	Cazyxio_v4.3 (EURUSD,M15)	2026.03.12 14:07:02 | BAR | AUDUSD | close=0.70959 h4ema200=0.70146 h4slope=UP dailyEMA200=0.67011 adx=26.4 ema50=0.71295 distToEMA50=33.6pips touchSeq=0 atr=0.000989 atrRatio=1.255 dir=LONG spread=19.0 spreadOK=YES atrGate=PASS touch=PASS momCandle=momClosePos=0.107 momOk=N ema50Ok=Y barRange=0.001870 zeroRangeBar=NO trigger=NO hasPos=NO portRisk=0.00% openPos=0 | 0.709590
LE	0	08:07:02.079	Cazyxio_v4.3 (EURUSD,M15)	2026.03.12 14:07:02 | GATE_FAIL | AUDUSD | Momentum candle FAIL. dir=LONG close=0.70959 ema50=0.71295 momClosePos=0.107 momOk=N ema50Ok=Y barRange=0.001870
DS	0	08:07:02.079	Cazyxio_v4.3 (EURUSD,M15)	2026.03.12 14:07:02 | BAR | GBPJPY | close=212.543 h4ema200=210.752 h4slope=UP dailyEMA200=204.711 adx=34.3 ema50=212.633 distToEMA50=9.0pips touchSeq=5 atr=0.118286 atrRatio=1.066 dir=LONG spread=39.0 spreadOK=NO atrGate=PASS touch=PASS momCandle=momClosePos=0.161 momOk=N ema50Ok=Y barRange=0.211000 zeroRangeBar=NO trigger=NO hasPos=NO portRisk=0.00% openPos=0 | 212.543000
EJ	0	08:07:02.079	Cazyxio_v4.3 (EURUSD,M15)	2026.03.12 14:07:02 | GATE_FAIL | GBPJPY | Spread too wide. Spread=39.0 Max=30 points.
LJ	0	08:07:02.079	Cazyxio_v4.3 (EURUSD,M15)	2026.03.12 14:07:02 | BAR | USDCAD | close=1.36071 h4ema200=1.36617 h4slope=DOWN dailyEMA200=1.38130 adx=21.5 ema50=1.35918 distToEMA50=15.3pips touchSeq=0 atr=0.000639 atrRatio=1.041 dir=SHORT spread=26.0 spreadOK=YES atrGate=PASS touch=PASS momCandle=momClosePos=0.633 momOk=N ema50Ok=Y barRange=0.000900 zeroRangeBar=NO trigger=NO hasPos=NO portRisk=0.00% openPos=0 | 1.360710
JM	0	08:07:02.079	Cazyxio_v4.3 (EURUSD,M15)	2026.03.12 14:07:02 | GATE_FAIL | USDCAD | Momentum candle FAIL. dir=SHORT close=1.36071 ema50=1.35918 momClosePos=0.633 momOk=N ema50Ok=Y barRange=0.000900
MD	0	08:07:24.327	Cazyxio_v4.3 (EURUSD,M15)	2026.03.12 14:07:24 | HEARTBEAT | SYSTEM | EA alive. Tick=32500 Equity=44254.02 OpenPos=0 PendingOrders=0 UTC=2026.03.12 14:07 DayOfWeek=4 WeekendCloseActive=NO NewTradeBlocked=NO | 32500.000000
EF	0	08:08:10.573	Cazyxio_v4.3 (EURUSD,M15)	2026.03.12 14:08:10 | HEARTBEAT | SYSTEM | EA alive. Tick=32600 Equity=44254.02 OpenPos=0 PendingOrders=0 UTC=2026.03.12 14:08 DayOfWeek=4 WeekendCloseActive=NO NewTradeBlocked=NO | 32600.000000
IP	0	08:08:51.984	Cazyxio_v4.3 (EURUSD,M15)	2026.03.12 14:08:51 | HEARTBEAT | SYSTEM | EA alive. Tick=32700 Equity=44254.02 OpenPos=0 PendingOrders=0 UTC=2026.03.12 14:08 DayOfWeek=4 WeekendCloseActive=NO NewTradeBlocked=NO | 32700.000000
HR	0	08:09:38.667	Cazyxio_v4.3 (EURUSD,M15)	2026.03.12 14:09:38 | HEARTBEAT | SYSTEM | EA alive. Tick=32800 Equity=44254.02 OpenPos=0 PendingOrders=0 UTC=2026.03.12 14:09 DayOfWeek=4 WeekendCloseActive=NO NewTradeBlocked=NO | 32800.000000
PL	0	08:10:12.531	Cazyxio_v4.3 (EURUSD,M15)	2026.03.12 14:10:12 | HEARTBEAT | SYSTEM | EA alive. Tick=32900 Equity=44254.02 OpenPos=0 PendingOrders=0 UTC=2026.03.12 14:10 DayOfWeek=4 WeekendCloseActive=NO NewTradeBlocked=NO | 32900.000000
MN	0	08:10:44.330	Cazyxio_v4.3 (EURUSD,M15)	2026.03.12 14:10:44 | HEARTBEAT | SYSTEM | EA alive. Tick=33000 Equity=44254.02 OpenPos=0 PendingOrders=0 UTC=2026.03.12 14:10 DayOfWeek=4 WeekendCloseActive=NO NewTradeBlocked=NO | 33000.000000
OH	0	08:11:23.052	Cazyxio_v4.3 (EURUSD,M15)	2026.03.12 14:11:23 | HEARTBEAT | SYSTEM | EA alive. Tick=33100 Equity=44254.02 OpenPos=0 PendingOrders=0 UTC=2026.03.12 14:11 DayOfWeek=4 WeekendCloseActive=NO NewTradeBlocked=NO | 33100.000000
OJ	0	08:12:00.163	Cazyxio_v4.3 (EURUSD,M15)	2026.03.12 14:12:00 | HEARTBEAT | SYSTEM | EA alive. Tick=33200 Equity=44254.02 OpenPos=0 PendingOrders=0 UTC=2026.03.12 14:12 DayOfWeek=4 WeekendCloseActive=NO NewTradeBlocked=NO | 33200.000000
PD	0	08:12:42.522	Cazyxio_v4.3 (EURUSD,M15)	2026.03.12 14:12:42 | HEARTBEAT | SYSTEM | EA alive. Tick=33300 Equity=44254.02 OpenPos=0 PendingOrders=0 UTC=2026.03.12 14:12 DayOfWeek=4 WeekendCloseActive=NO NewTradeBlocked=NO | 33300.000000
HF	0	08:13:17.914	Cazyxio_v4.3 (EURUSD,M15)	2026.03.12 14:13:17 | HEARTBEAT | SYSTEM | EA alive. Tick=33400 Equity=44254.02 OpenPos=0 PendingOrders=0 UTC=2026.03.12 14:13 DayOfWeek=4 WeekendCloseActive=NO NewTradeBlocked=NO | 33400.000000
LP	0	08:13:54.770	Cazyxio_v4.3 (EURUSD,M15)	2026.03.12 14:13:54 | HEARTBEAT | SYSTEM | EA alive. Tick=33500 Equity=44254.02 OpenPos=0 PendingOrders=0 UTC=2026.03.12 14:13 DayOfWeek=4 WeekendCloseActive=NO NewTradeBlocked=NO | 33500.000000
PR	0	08:14:54.399	Cazyxio_v4.3 (EURUSD,M15)	2026.03.12 14:14:54 | HEARTBEAT | SYSTEM | EA alive. Tick=33600 Equity=44254.02 OpenPos=0 PendingOrders=0 UTC=2026.03.12 14:14 DayOfWeek=4 WeekendCloseActive=NO NewTradeBlocked=NO | 33600.000000
IM	0	08:17:21.209	Cazyxio_v4.3 (EURUSD,M15)	2026.03.12 14:17:21 | GATE_FAIL | GBPUSD | CopyBuffer failed for Daily EMA200.
JL	0	08:19:41.588	Cazyxio_v4.3 (EURUSD,M15)	2026.03.12 14:19:41 | GATE_FAIL | EURUSD | CopyBuffer failed for Daily EMA200.
FO	0	08:22:02.019	Cazyxio_v4.3 (EURUSD,M15)	2026.03.12 14:22:02 | GATE_FAIL | USDJPY | CopyBuffer failed for Daily EMA200.
RO	0	08:22:02.019	Cazyxio_v4.3 (EURUSD,M15)	2026.03.12 14:22:02 | BAR | AUDUSD | close=0.71042 h4ema200=0.70145 h4slope=UP dailyEMA200=0.67011 adx=26.5 ema50=0.71283 distToEMA50=24.1pips touchSeq=0 atr=0.001034 atrRatio=1.310 dir=LONG spread=20.0 spreadOK=YES atrGate=PASS touch=PASS momCandle=momClosePos=0.965 momOk=Y ema50Ok=Y barRange=0.000850 zeroRangeBar=NO trigger=YES hasPos=NO portRisk=0.00% openPos=0 | 0.710420
NS	0	08:22:02.019	Cazyxio_v4.3 (EURUSD,M15)	2026.03.12 14:22:02 | SIGNAL | AUDUSD | VALID SIGNAL (LIMIT): LONG limitPrice=0.71277 sl=0.71112 tp=0.71856 stopDist=0.00165 lots=1.33 riskPct=0.50 R:R=1:3.50 ema50=0.71283 dailyEMA200=0.67011 adx=26.5 distToLimit=32.0pips expiresIn=4bars touchSeq=0 | 0.712770
GF	0	08:22:02.019	Cazyxio_v4.3 (EURUSD,M15)	CTrade::OrderSend: buy limit 1.33 AUDUSD at 0.71277 sl: 0.71112 tp: 0.71856 [auto trading disabled by client]
ME	0	08:22:02.019	Cazyxio_v4.3 (EURUSD,M15)	2026.03.12 14:22:02 | ORDER_FAILED | AUDUSD | BUY_LIMIT FAILED. retcode=10027 desc=auto trading disabled by client limitPrice=0.71277
JO	0	08:22:02.019	Cazyxio_v4.3 (EURUSD,M15)	2026.03.12 14:22:02 | BAR | GBPJPY | close=212.617 h4ema200=210.753 h4slope=UP dailyEMA200=204.711 adx=34.2 ema50=212.634 distToEMA50=1.7pips touchSeq=6 atr=0.121143 atrRatio=1.095 dir=LONG spread=41.0 spreadOK=NO atrGate=PASS touch=PASS momCandle=momClosePos=1.000 momOk=Y ema50Ok=Y barRange=0.114000 zeroRangeBar=NO trigger=YES hasPos=NO portRisk=0.00% openPos=0 | 212.617000
LK	0	08:22:02.019	Cazyxio_v4.3 (EURUSD,M15)	2026.03.12 14:22:02 | GATE_FAIL | GBPJPY | Spread too wide. Spread=41.0 Max=30 points.
JE	0	08:22:02.019	Cazyxio_v4.3 (EURUSD,M15)	2026.03.12 14:22:02 | BAR | USDCAD | close=1.36061 h4ema200=1.36617 h4slope=DOWN dailyEMA200=1.38131 adx=21.5 ema50=1.35925 distToEMA50=13.6pips touchSeq=0 atr=0.000672 atrRatio=1.097 dir=SHORT spread=26.0 spreadOK=YES atrGate=PASS touch=PASS momCandle=momClosePos=0.519 momOk=N ema50Ok=Y barRange=0.000770 zeroRangeBar=NO trigger=NO hasPos=NO portRisk=0.00% openPos=0 | 1.360610
EL	0	08:22:02.019	Cazyxio_v4.3 (EURUSD,M15)	2026.03.12 14:22:02 | GATE_FAIL | USDCAD | Momentum candle FAIL. dir=SHORT close=1.36061 ema50=1.35925 momClosePos=0.519 momOk=N ema50Ok=Y barRange=0.000770
IG	0	08:22:37.812	Cazyxio_v4.3 (EURUSD,M15)	2026.03.12 14:22:37 | HEARTBEAT | SYSTEM | EA alive. Tick=33700 Equity=44254.02 OpenPos=0 PendingOrders=0 UTC=2026.03.12 14:22 DayOfWeek=4 WeekendCloseActive=NO NewTradeBlocked=NO | 33700.000000
GQ	0	08:23:25.080	Cazyxio_v4.3 (EURUSD,M15)	2026.03.12 14:23:25 | HEARTBEAT | SYSTEM | EA alive. Tick=33800 Equity=44254.02 OpenPos=0 PendingOrders=0 UTC=2026.03.12 14:23 DayOfWeek=4 WeekendCloseActive=NO NewTradeBlocked=NO | 33800.000000
DS	0	08:24:21.802	Cazyxio_v4.3 (EURUSD,M15)	2026.03.12 14:24:21 | HEARTBEAT | SYSTEM | EA alive. Tick=33900 Equity=44254.02 OpenPos=0 PendingOrders=0 UTC=2026.03.12 14:24 DayOfWeek=4 WeekendCloseActive=NO NewTradeBlocked=NO | 33900.000000
GM	0	08:25:18.860	Cazyxio_v4.3 (EURUSD,M15)	2026.03.12 14:25:18 | HEARTBEAT | SYSTEM | EA alive. Tick=34000 Equity=44254.02 OpenPos=0 PendingOrders=0 UTC=2026.03.12 14:25 DayOfWeek=4 WeekendCloseActive=NO NewTradeBlocked=NO | 34000.000000
FO	0	08:26:03.758	Cazyxio_v4.3 (EURUSD,M15)	2026.03.12 14:26:03 | HEARTBEAT | SYSTEM | EA alive. Tick=34100 Equity=44254.02 OpenPos=0 PendingOrders=0 UTC=2026.03.12 14:26 DayOfWeek=4 WeekendCloseActive=NO NewTradeBlocked=NO | 34100.000000
NI	0	08:26:41.332	Cazyxio_v4.3 (EURUSD,M15)	2026.03.12 14:26:41 | HEARTBEAT | SYSTEM | EA alive. Tick=34200 Equity=44254.02 OpenPos=0 PendingOrders=0 UTC=2026.03.12 14:26 DayOfWeek=4 WeekendCloseActive=NO NewTradeBlocked=NO | 34200.000000
QK	0	08:27:37.215	Cazyxio_v4.3 (EURUSD,M15)	2026.03.12 14:27:37 | HEARTBEAT | SYSTEM | EA alive. Tick=34300 Equity=44254.02 OpenPos=0 PendingOrders=0 UTC=2026.03.12 14:27 DayOfWeek=4 WeekendCloseActive=NO NewTradeBlocked=NO | 34300.000000
LE	0	08:28:26.358	Cazyxio_v4.3 (EURUSD,M15)	2026.03.12 14:28:26 | HEARTBEAT | SYSTEM | EA alive. Tick=34400 Equity=44254.02 OpenPos=0 PendingOrders=0 UTC=2026.03.12 14:28 DayOfWeek=4 WeekendCloseActive=NO NewTradeBlocked=NO | 34400.000000
DG	0	08:29:18.070	Cazyxio_v4.3 (EURUSD,M15)	2026.03.12 14:29:18 | HEARTBEAT | SYSTEM | EA alive. Tick=34500 Equity=44254.02 OpenPos=0 PendingOrders=0 UTC=2026.03.12 14:29 DayOfWeek=4 WeekendCloseActive=NO NewTradeBlocked=NO | 34500.000000
PQ	0	08:32:21.098	Cazyxio_v4.3 (EURUSD,M15)	2026.03.12 14:32:21 | GATE_FAIL | EURUSD | CopyBuffer failed for Daily EMA200.
PQ	0	08:34:41.448	Cazyxio_v4.3 (EURUSD,M15)	2026.03.12 14:34:41 | GATE_FAIL | USDJPY | CopyBuffer failed for Daily EMA200.
QM	0	08:34:41.448	Cazyxio_v4.3 (EURUSD,M15)	2026.03.12 14:34:41 | BAR | AUDUSD | close=0.70913 h4ema200=0.70145 h4slope=UP dailyEMA200=0.67010 adx=26.6 ema50=0.71266 distToEMA50=35.3pips touchSeq=0 atr=0.001049 atrRatio=1.325 dir=LONG spread=16.0 spreadOK=YES atrGate=PASS touch=PASS momCandle=momClosePos=0.000 momOk=N ema50Ok=Y barRange=0.001460 zeroRangeBar=NO trigger=NO hasPos=NO portRisk=0.00% openPos=0 | 0.709130
CK	0	08:34:41.448	Cazyxio_v4.3 (EURUSD,M15)	2026.03.12 14:34:41 | GATE_FAIL | AUDUSD | Momentum candle FAIL. dir=LONG close=0.70913 ema50=0.71266 momClosePos=0.000 momOk=N ema50Ok=Y barRange=0.001460
FP	0	08:34:41.448	Cazyxio_v4.3 (EURUSD,M15)	2026.03.12 14:34:41 | BAR | GBPJPY | close=212.567 h4ema200=210.752 h4slope=UP dailyEMA200=204.711 adx=34.2 ema50=212.629 distToEMA50=6.2pips touchSeq=7 atr=0.123714 atrRatio=1.122 dir=LONG spread=39.0 spreadOK=NO atrGate=PASS touch=PASS momCandle=momClosePos=0.174 momOk=N ema50Ok=Y barRange=0.138000 zeroRangeBar=NO trigger=NO hasPos=NO portRisk=0.00% openPos=0 | 212.567000
QH	0	08:34:41.448	Cazyxio_v4.3 (EURUSD,M15)	2026.03.12 14:34:41 | GATE_FAIL | GBPJPY | Spread too wide. Spread=39.0 Max=30 points.
DG	0	08:34:41.448	Cazyxio_v4.3 (EURUSD,M15)	2026.03.12 14:34:41 | BAR | USDCAD | close=1.36056 h4ema200=1.36617 h4slope=DOWN dailyEMA200=1.38131 adx=21.5 ema50=1.35930 distToEMA50=12.6pips touchSeq=0 atr=0.000690 atrRatio=1.130 dir=SHORT spread=26.0 spreadOK=YES atrGate=PASS touch=PASS momCandle=momClosePos=0.420 momOk=N ema50Ok=Y barRange=0.000880 zeroRangeBar=NO trigger=NO hasPos=NO portRisk=0.00% openPos=0 | 1.360560
FH	0	08:34:41.448	Cazyxio_v4.3 (EURUSD,M15)	2026.03.12 14:34:41 | NEAR_MISS | USDCAD | Momentum near-miss. momClosePos=0.420 Threshold=0.350 Gap=0.070 dir=SHORT
HO	0	08:34:41.448	Cazyxio_v4.3 (EURUSD,M15)	2026.03.12 14:34:41 | GATE_FAIL | USDCAD | Momentum candle FAIL. dir=SHORT close=1.36056 ema50=1.35930 momClosePos=0.420 momOk=N ema50Ok=Y barRange=0.000880
JK	0	08:37:02.019	Cazyxio_v4.3 (EURUSD,M15)	2026.03.12 14:37:02 | GATE_FAIL | GBPUSD | CopyBuffer failed for Daily EMA200.
CJ	0	08:37:07.173	Cazyxio_v4.3 (EURUSD,M15)	2026.03.12 14:37:07 | HEARTBEAT | SYSTEM | EA alive. Tick=34600 Equity=44254.02 OpenPos=0 PendingOrders=0 UTC=2026.03.12 14:37 DayOfWeek=4 WeekendCloseActive=NO NewTradeBlocked=NO | 34600.000000
QD	0	08:37:53.568	Cazyxio_v4.3 (EURUSD,M15)	2026.03.12 14:37:53 | HEARTBEAT | SYSTEM | EA alive. Tick=34700 Equity=44254.02 OpenPos=0 PendingOrders=0 UTC=2026.03.12 14:37 DayOfWeek=4 WeekendCloseActive=NO NewTradeBlocked=NO | 34700.000000
NF	0	08:38:39.441	Cazyxio_v4.3 (EURUSD,M15)	2026.03.12 14:38:39 | HEARTBEAT | SYSTEM | EA alive. Tick=34800 Equity=44254.02 OpenPos=0 PendingOrders=0 UTC=2026.03.12 14:38 DayOfWeek=4 WeekendCloseActive=NO NewTradeBlocked=NO | 34800.000000
IP	0	08:39:23.278	Cazyxio_v4.3 (EURUSD,M15)	2026.03.12 14:39:23 | HEARTBEAT | SYSTEM | EA alive. Tick=34900 Equity=44254.02 OpenPos=0 PendingOrders=0 UTC=2026.03.12 14:39 DayOfWeek=4 WeekendCloseActive=NO NewTradeBlocked=NO | 34900.000000
RR	0	08:40:15.857	Cazyxio_v4.3 (EURUSD,M15)	2026.03.12 14:40:15 | HEARTBEAT | SYSTEM | EA alive. Tick=35000 Equity=44254.02 OpenPos=0 PendingOrders=0 UTC=2026.03.12 14:40 DayOfWeek=4 WeekendCloseActive=NO NewTradeBlocked=NO | 35000.000000
JL	0	08:41:00.506	Cazyxio_v4.3 (EURUSD,M15)	2026.03.12 14:41:00 | HEARTBEAT | SYSTEM | EA alive. Tick=35100 Equity=44254.02 OpenPos=0 PendingOrders=0 UTC=2026.03.12 14:41 DayOfWeek=4 WeekendCloseActive=NO NewTradeBlocked=NO | 35100.000000
CN	0	08:42:12.788	Cazyxio_v4.3 (EURUSD,M15)	2026.03.12 14:42:12 | HEARTBEAT | SYSTEM | EA alive. Tick=35200 Equity=44254.02 OpenPos=0 PendingOrders=0 UTC=2026.03.12 14:42 DayOfWeek=4 WeekendCloseActive=NO NewTradeBlocked=NO | 35200.000000
PH	0	08:43:15.795	Cazyxio_v4.3 (EURUSD,M15)	2026.03.12 14:43:15 | HEARTBEAT | SYSTEM | EA alive. Tick=35300 Equity=44254.02 OpenPos=0 PendingOrders=0 UTC=2026.03.12 14:43 DayOfWeek=4 WeekendCloseActive=NO NewTradeBlocked=NO | 35300.000000
RJ	0	08:43:59.801	Cazyxio_v4.3 (EURUSD,M15)	2026.03.12 14:43:59 | HEARTBEAT | SYSTEM | EA alive. Tick=35400 Equity=44254.02 OpenPos=0 PendingOrders=0 UTC=2026.03.12 14:43 DayOfWeek=4 WeekendCloseActive=NO NewTradeBlocked=NO | 35400.000000
GD	0	08:44:44.948	Cazyxio_v4.3 (EURUSD,M15)	2026.03.12 14:44:44 | HEARTBEAT | SYSTEM | EA alive. Tick=35500 Equity=44254.02 OpenPos=0 PendingOrders=0 UTC=2026.03.12 14:44 DayOfWeek=4 WeekendCloseActive=NO NewTradeBlocked=NO | 35500.000000
JF	0	08:47:21.142	Cazyxio_v4.3 (EURUSD,M15)	2026.03.12 14:47:21 | GATE_FAIL | EURUSD | CopyBuffer failed for Daily EMA200.
FQ	0	08:49:41.497	Cazyxio_v4.3 (EURUSD,M15)	2026.03.12 14:49:41 | GATE_FAIL | USDJPY | CopyBuffer failed for Daily EMA200.
EQ	0	08:49:41.497	Cazyxio_v4.3 (EURUSD,M15)	2026.03.12 14:49:41 | BAR | AUDUSD | close=0.70929 h4ema200=0.70144 h4slope=UP dailyEMA200=0.67010 adx=26.7 ema50=0.71251 distToEMA50=32.2pips touchSeq=0 atr=0.001196 atrRatio=1.506 dir=LONG spread=21.0 spreadOK=YES atrGate=PASS touch=PASS momCandle=momClosePos=0.796 momOk=Y ema50Ok=Y barRange=0.001030 zeroRangeBar=NO trigger=YES hasPos=NO portRisk=0.00% openPos=0 | 0.709290
QF	0	08:49:41.497	Cazyxio_v4.3 (EURUSD,M15)	2026.03.12 14:49:41 | SIGNAL | AUDUSD | VALID SIGNAL (LIMIT): LONG limitPrice=0.71245 sl=0.71054 tp=0.71915 stopDist=0.00191 lots=1.15 riskPct=0.50 R:R=1:3.50 ema50=0.71251 dailyEMA200=0.67010 adx=26.7 distToLimit=38.5pips expiresIn=4bars touchSeq=0 | 0.712450
MP	0	08:49:41.497	Cazyxio_v4.3 (EURUSD,M15)	CTrade::OrderSend: buy limit 1.15 AUDUSD at 0.71245 sl: 0.71054 tp: 0.71915 [auto trading disabled by client]
NO	0	08:49:41.497	Cazyxio_v4.3 (EURUSD,M15)	2026.03.12 14:49:41 | ORDER_FAILED | AUDUSD | BUY_LIMIT FAILED. retcode=10027 desc=auto trading disabled by client limitPrice=0.71245
QG	0	08:49:41.497	Cazyxio_v4.3 (EURUSD,M15)	2026.03.12 14:49:41 | BAR | GBPJPY | close=212.560 h4ema200=210.752 h4slope=UP dailyEMA200=204.711 adx=34.2 ema50=212.627 distToEMA50=6.7pips touchSeq=8 atr=0.130429 atrRatio=1.186 dir=LONG spread=40.0 spreadOK=NO atrGate=PASS touch=PASS momCandle=momClosePos=0.495 momOk=N ema50Ok=Y barRange=0.101000 zeroRangeBar=NO trigger=NO hasPos=NO portRisk=0.00% openPos=0 | 212.560000
QQ	0	08:49:41.497	Cazyxio_v4.3 (EURUSD,M15)	2026.03.12 14:49:41 | GATE_FAIL | GBPJPY | Spread too wide. Spread=40.0 Max=30 points.
HP	0	08:49:41.497	Cazyxio_v4.3 (EURUSD,M15)	2026.03.12 14:49:41 | BAR | USDCAD | close=1.36023 h4ema200=1.36617 h4slope=DOWN dailyEMA200=1.38131 adx=21.5 ema50=1.35934 distToEMA50=8.9pips touchSeq=0 atr=0.000779 atrRatio=1.278 dir=SHORT spread=26.0 spreadOK=YES atrGate=PASS touch=FAIL momCandle=momClosePos=0.078 momOk=Y ema50Ok=Y barRange=0.000770 zeroRangeBar=NO trigger=YES hasPos=NO portRisk=0.00% openPos=0 | 1.360230
GP	0	08:49:41.497	Cazyxio_v4.3 (EURUSD,M15)	2026.03.12 14:49:41 | NEAR_MISS | USDCAD | Touch near-miss. BestDistRatio=1.437 DistToEMA50=8.9pips
RG	0	08:49:41.497	Cazyxio_v4.3 (EURUSD,M15)	2026.03.12 14:49:41 | GATE_FAIL | USDCAD | Touch/pullback gate FAIL. Price has not approached EMA50 within last 12 bars (within 0.60 ATR). DistToEMA50=8.9pips.
DM	0	08:52:02.035	Cazyxio_v4.3 (EURUSD,M15)	2026.03.12 14:52:02 | GATE_FAIL | GBPUSD | CopyBuffer failed for Daily EMA200.
PO	0	08:52:24.672	Cazyxio_v4.3 (EURUSD,M15)	2026.03.12 14:52:24 | HEARTBEAT | SYSTEM | EA alive. Tick=35600 Equity=44254.02 OpenPos=0 PendingOrders=0 UTC=2026.03.12 14:52 DayOfWeek=4 WeekendCloseActive=NO NewTradeBlocked=NO | 35600.000000
NI	0	08:53:12.271	Cazyxio_v4.3 (EURUSD,M15)	2026.03.12 14:53:12 | HEARTBEAT | SYSTEM | EA alive. Tick=35700 Equity=44254.02 OpenPos=0 PendingOrders=0 UTC=2026.03.12 14:53 DayOfWeek=4 WeekendCloseActive=NO NewTradeBlocked=NO | 35700.000000
IK	0	08:53:54.955	Cazyxio_v4.3 (EURUSD,M15)	2026.03.12 14:53:54 | HEARTBEAT | SYSTEM | EA alive. Tick=35800 Equity=44254.02 OpenPos=0 PendingOrders=0 UTC=2026.03.12 14:53 DayOfWeek=4 WeekendCloseActive=NO NewTradeBlocked=NO | 35800.000000
GE	0	08:54:36.628	Cazyxio_v4.3 (EURUSD,M15)	2026.03.12 14:54:36 | HEARTBEAT | SYSTEM | EA alive. Tick=35900 Equity=44254.02 OpenPos=0 PendingOrders=0 UTC=2026.03.12 14:54 DayOfWeek=4 WeekendCloseActive=NO NewTradeBlocked=NO | 35900.000000
DG	0	08:55:12.796	Cazyxio_v4.3 (EURUSD,M15)	2026.03.12 14:55:12 | HEARTBEAT | SYSTEM | EA alive. Tick=36000 Equity=44254.02 OpenPos=0 PendingOrders=0 UTC=2026.03.12 14:55 DayOfWeek=4 WeekendCloseActive=NO NewTradeBlocked=NO | 36000.000000
RQ	0	08:55:54.341	Cazyxio_v4.3 (EURUSD,M15)	2026.03.12 14:55:54 | HEARTBEAT | SYSTEM | EA alive. Tick=36100 Equity=44254.02 OpenPos=0 PendingOrders=0 UTC=2026.03.12 14:55 DayOfWeek=4 WeekendCloseActive=NO NewTradeBlocked=NO | 36100.000000
GS	0	08:56:32.385	Cazyxio_v4.3 (EURUSD,M15)	2026.03.12 14:56:32 | HEARTBEAT | SYSTEM | EA alive. Tick=36200 Equity=44254.02 OpenPos=0 PendingOrders=0 UTC=2026.03.12 14:56 DayOfWeek=4 WeekendCloseActive=NO NewTradeBlocked=NO | 36200.000000
PM	0	08:57:08.969	Cazyxio_v4.3 (EURUSD,M15)	2026.03.12 14:57:08 | HEARTBEAT | SYSTEM | EA alive. Tick=36300 Equity=44254.02 OpenPos=0 PendingOrders=0 UTC=2026.03.12 14:57 DayOfWeek=4 WeekendCloseActive=NO NewTradeBlocked=NO | 36300.000000
RO	0	08:58:07.874	Cazyxio_v4.3 (EURUSD,M15)	2026.03.12 14:58:07 | HEARTBEAT | SYSTEM | EA alive. Tick=36400 Equity=44254.02 OpenPos=0 PendingOrders=0 UTC=2026.03.12 14:58 DayOfWeek=4 WeekendCloseActive=NO NewTradeBlocked=NO | 36400.000000
NI	0	08:58:52.087	Cazyxio_v4.3 (EURUSD,M15)	2026.03.12 14:58:52 | HEARTBEAT | SYSTEM | EA alive. Tick=36500 Equity=44254.02 OpenPos=0 PendingOrders=0 UTC=2026.03.12 14:58 DayOfWeek=4 WeekendCloseActive=NO NewTradeBlocked=NO | 36500.000000
MK	0	08:59:30.690	Cazyxio_v4.3 (EURUSD,M15)	2026.03.12 14:59:30 | HEARTBEAT | SYSTEM | EA alive. Tick=36600 Equity=44254.02 OpenPos=0 PendingOrders=0 UTC=2026.03.12 14:59 DayOfWeek=4 WeekendCloseActive=NO NewTradeBlocked=NO | 36600.000000
LD	0	09:02:21.143	Cazyxio_v4.3 (EURUSD,M15)	2026.03.12 15:02:21 | GATE_FAIL | GBPUSD | CopyBuffer failed for Daily EMA200.
DE	0	09:04:41.515	Cazyxio_v4.3 (EURUSD,M15)	2026.03.12 15:04:41 | GATE_FAIL | EURUSD | CopyBuffer failed for Daily EMA200.
DD	0	09:07:01.899	Cazyxio_v4.3 (EURUSD,M15)	2026.03.12 15:07:01 | GATE_FAIL | USDJPY | CopyBuffer failed for Daily EMA200.
QI	0	09:07:01.899	Cazyxio_v4.3 (EURUSD,M15)	2026.03.12 15:07:01 | BAR | AUDUSD | close=0.70894 h4ema200=0.70144 h4slope=UP dailyEMA200=0.67010 adx=26.7 ema50=0.71236 distToEMA50=34.2pips touchSeq=0 atr=0.001239 atrRatio=1.557 dir=LONG spread=21.0 spreadOK=YES atrGate=PASS touch=PASS momCandle=momClosePos=0.368 momOk=N ema50Ok=Y barRange=0.002340 zeroRangeBar=NO trigger=NO hasPos=NO portRisk=0.00% openPos=0 | 0.708940
GF	0	09:07:01.899	Cazyxio_v4.3 (EURUSD,M15)	2026.03.12 15:07:01 | GATE_FAIL | AUDUSD | Momentum candle FAIL. dir=LONG close=0.70894 ema50=0.71236 momClosePos=0.368 momOk=N ema50Ok=Y barRange=0.002340
OS	0	09:07:01.899	Cazyxio_v4.3 (EURUSD,M15)	2026.03.12 15:07:01 | BAR | GBPJPY | close=212.600 h4ema200=210.752 h4slope=UP dailyEMA200=204.711 adx=34.2 ema50=212.625 distToEMA50=2.5pips touchSeq=9 atr=0.132857 atrRatio=1.212 dir=LONG spread=43.0 spreadOK=NO atrGate=PASS touch=PASS momCandle=momClosePos=0.603 momOk=N ema50Ok=Y barRange=0.174000 zeroRangeBar=NO trigger=NO hasPos=NO portRisk=0.00% openPos=0 | 212.600000
RE	0	09:07:01.899	Cazyxio_v4.3 (EURUSD,M15)	2026.03.12 15:07:01 | GATE_FAIL | GBPJPY | Spread too wide. Spread=43.0 Max=30 points.
PJ	0	09:07:01.899	Cazyxio_v4.3 (EURUSD,M15)	2026.03.12 15:07:01 | BAR | USDCAD | close=1.36113 h4ema200=1.36618 h4slope=DOWN dailyEMA200=1.38131 adx=22.0 ema50=1.35944 distToEMA50=16.9pips touchSeq=0 atr=0.000810 atrRatio=1.332 dir=SHORT spread=28.0 spreadOK=YES atrGate=PASS touch=FAIL momCandle=momClosePos=0.865 momOk=N ema50Ok=Y barRange=0.001710 zeroRangeBar=NO trigger=NO hasPos=NO portRisk=0.00% openPos=0 | 1.361130
CN	0	09:07:01.899	Cazyxio_v4.3 (EURUSD,M15)	2026.03.12 15:07:01 | GATE_FAIL | USDCAD | Touch/pullback gate FAIL. Price has not approached EMA50 within last 12 bars (within 0.60 ATR). DistToEMA50=16.9pips.
CJ	0	09:07:17.043	Cazyxio_v4.3 (EURUSD,M15)	2026.03.12 15:07:17 | HEARTBEAT | SYSTEM | EA alive. Tick=36700 Equity=44254.02 OpenPos=0 PendingOrders=0 UTC=2026.03.12 15:07 DayOfWeek=4 WeekendCloseActive=NO NewTradeBlocked=NO | 36700.000000
KD	0	09:08:13.880	Cazyxio_v4.3 (EURUSD,M15)	2026.03.12 15:08:13 | HEARTBEAT | SYSTEM | EA alive. Tick=36800 Equity=44254.02 OpenPos=0 PendingOrders=0 UTC=2026.03.12 15:08 DayOfWeek=4 WeekendCloseActive=NO NewTradeBlocked=NO | 36800.000000
JF	0	09:08:56.825	Cazyxio_v4.3 (EURUSD,M15)	2026.03.12 15:08:56 | HEARTBEAT | SYSTEM | EA alive. Tick=36900 Equity=44254.02 OpenPos=0 PendingOrders=0 UTC=2026.03.12 15:08 DayOfWeek=4 WeekendCloseActive=NO NewTradeBlocked=NO | 36900.000000
GP	0	09:09:42.827	Cazyxio_v4.3 (EURUSD,M15)	2026.03.12 15:09:42 | HEARTBEAT | SYSTEM | EA alive. Tick=37000 Equity=44254.02 OpenPos=0 PendingOrders=0 UTC=2026.03.12 15:09 DayOfWeek=4 WeekendCloseActive=NO NewTradeBlocked=NO | 37000.000000
RR	0	09:10:25.961	Cazyxio_v4.3 (EURUSD,M15)	2026.03.12 15:10:25 | HEARTBEAT | SYSTEM | EA alive. Tick=37100 Equity=44254.02 OpenPos=0 PendingOrders=0 UTC=2026.03.12 15:10 DayOfWeek=4 WeekendCloseActive=NO NewTradeBlocked=NO | 37100.000000
RL	0	09:11:11.168	Cazyxio_v4.3 (EURUSD,M15)	2026.03.12 15:11:11 | HEARTBEAT | SYSTEM | EA alive. Tick=37200 Equity=44254.02 OpenPos=0 PendingOrders=0 UTC=2026.03.12 15:11 DayOfWeek=4 WeekendCloseActive=NO NewTradeBlocked=NO | 37200.000000
EN	0	09:12:02.098	Cazyxio_v4.3 (EURUSD,M15)	2026.03.12 15:12:02 | HEARTBEAT | SYSTEM | EA alive. Tick=37300 Equity=44254.02 OpenPos=0 PendingOrders=0 UTC=2026.03.12 15:12 DayOfWeek=4 WeekendCloseActive=NO NewTradeBlocked=NO | 37300.000000
MH	0	09:12:53.911	Cazyxio_v4.3 (EURUSD,M15)	2026.03.12 15:12:53 | HEARTBEAT | SYSTEM | EA alive. Tick=37400 Equity=44254.02 OpenPos=0 PendingOrders=0 UTC=2026.03.12 15:12 DayOfWeek=4 WeekendCloseActive=NO NewTradeBlocked=NO | 37400.000000
KJ	0	09:13:44.082	Cazyxio_v4.3 (EURUSD,M15)	2026.03.12 15:13:44 | HEARTBEAT | SYSTEM | EA alive. Tick=37500 Equity=44254.02 OpenPos=0 PendingOrders=0 UTC=2026.03.12 15:13 DayOfWeek=4 WeekendCloseActive=NO NewTradeBlocked=NO | 37500.000000
GD	0	09:14:25.450	Cazyxio_v4.3 (EURUSD,M15)	2026.03.12 15:14:25 | HEARTBEAT | SYSTEM | EA alive. Tick=37600 Equity=44254.02 OpenPos=0 PendingOrders=0 UTC=2026.03.12 15:14 DayOfWeek=4 WeekendCloseActive=NO NewTradeBlocked=NO | 37600.000000
JG	0	09:17:21.321	Cazyxio_v4.3 (EURUSD,M15)	2026.03.12 15:17:21 | GATE_FAIL | GBPUSD | CopyBuffer failed for Daily EMA200.
HQ	0	09:19:41.692	Cazyxio_v4.3 (EURUSD,M15)	2026.03.12 15:19:41 | GATE_FAIL | EURUSD | CopyBuffer failed for Daily EMA200.
KQ	0	09:22:02.119	Cazyxio_v4.3 (EURUSD,M15)	2026.03.12 15:22:02 | GATE_FAIL | USDJPY | CopyBuffer failed for Daily EMA200.
OM	0	09:22:02.119	Cazyxio_v4.3 (EURUSD,M15)	2026.03.12 15:22:02 | BAR | AUDUSD | close=0.70747 h4ema200=0.70143 h4slope=UP dailyEMA200=0.67009 adx=26.8 ema50=0.71214 distToEMA50=46.7pips touchSeq=0 atr=0.001238 atrRatio=1.553 dir=LONG spread=17.0 spreadOK=YES atrGate=PASS touch=PASS momCandle=momClosePos=0.095 momOk=N ema50Ok=Y barRange=0.001790 zeroRangeBar=NO trigger=NO hasPos=NO portRisk=0.00% openPos=0 | 0.707470
JK	0	09:22:02.119	Cazyxio_v4.3 (EURUSD,M15)	2026.03.12 15:22:02 | GATE_FAIL | AUDUSD | Momentum candle FAIL. dir=LONG close=0.70747 ema50=0.71214 momClosePos=0.095 momOk=N ema50Ok=Y barRange=0.001790
JS	0	09:22:02.119	Cazyxio_v4.3 (EURUSD,M15)	2026.03.12 15:22:02 | BAR | GBPJPY | close=212.445 h4ema200=210.752 h4slope=UP dailyEMA200=204.711 adx=33.9 ema50=212.617 distToEMA50=17.2pips touchSeq=0 atr=0.136571 atrRatio=1.249 dir=LONG spread=35.0 spreadOK=NO atrGate=PASS touch=PASS momCandle=momClosePos=0.117 momOk=N ema50Ok=Y barRange=0.205000 zeroRangeBar=NO trigger=NO hasPos=NO portRisk=0.00% openPos=0 | 212.445000
DH	0	09:22:02.119	Cazyxio_v4.3 (EURUSD,M15)	2026.03.12 15:22:02 | GATE_FAIL | GBPJPY | Spread too wide. Spread=35.0 Max=30 points.
PF	0	09:22:02.119	Cazyxio_v4.3 (EURUSD,M15)	2026.03.12 15:22:02 | BAR | USDCAD | close=1.36311 h4ema200=1.36619 h4slope=DOWN dailyEMA200=1.38132 adx=22.6 ema50=1.35962 distToEMA50=34.9pips touchSeq=0 atr=0.000934 atrRatio=1.535 dir=SHORT spread=24.0 spreadOK=YES atrGate=PASS touch=FAIL momCandle=momClosePos=0.931 momOk=N ema50Ok=Y barRange=0.002330 zeroRangeBar=NO trigger=NO hasPos=NO portRisk=0.00% openPos=0 | 1.363110
NJ	0	09:22:02.119	Cazyxio_v4.3 (EURUSD,M15)	2026.03.12 15:22:02 | GATE_FAIL | USDCAD | Touch/pullback gate FAIL. Price has not approached EMA50 within last 12 bars (within 0.60 ATR). DistToEMA50=34.9pips.
JF	0	09:22:06.580	Cazyxio_v4.3 (EURUSD,M15)	2026.03.12 15:22:06 | HEARTBEAT | SYSTEM | EA alive. Tick=37700 Equity=44254.02 OpenPos=0 PendingOrders=0 UTC=2026.03.12 15:22 DayOfWeek=4 WeekendCloseActive=NO NewTradeBlocked=NO | 37700.000000
EP	0	09:22:47.239	Cazyxio_v4.3 (EURUSD,M15)	2026.03.12 15:22:47 | HEARTBEAT | SYSTEM | EA alive. Tick=37800 Equity=44254.02 OpenPos=0 PendingOrders=0 UTC=2026.03.12 15:22 DayOfWeek=4 WeekendCloseActive=NO NewTradeBlocked=NO | 37800.000000
GR	0	09:23:44.618	Cazyxio_v4.3 (EURUSD,M15)	2026.03.12 15:23:44 | HEARTBEAT | SYSTEM | EA alive. Tick=37900 Equity=44254.02 OpenPos=0 PendingOrders=0 UTC=2026.03.12 15:23 DayOfWeek=4 WeekendCloseActive=NO NewTradeBlocked=NO | 37900.000000
PL	0	09:24:36.991	Cazyxio_v4.3 (EURUSD,M15)	2026.03.12 15:24:36 | HEARTBEAT | SYSTEM | EA alive. Tick=38000 Equity=44254.02 OpenPos=0 PendingOrders=0 UTC=2026.03.12 15:24 DayOfWeek=4 WeekendCloseActive=NO NewTradeBlocked=NO | 38000.000000
LN	0	09:25:18.730	Cazyxio_v4.3 (EURUSD,M15)	2026.03.12 15:25:18 | HEARTBEAT | SYSTEM | EA alive. Tick=38100 Equity=44254.02 OpenPos=0 PendingOrders=0 UTC=2026.03.12 15:25 DayOfWeek=4 WeekendCloseActive=NO NewTradeBlocked=NO | 38100.000000
JH	0	09:25:56.129	Cazyxio_v4.3 (EURUSD,M15)	2026.03.12 15:25:56 | HEARTBEAT | SYSTEM | EA alive. Tick=38200 Equity=44254.02 OpenPos=0 PendingOrders=0 UTC=2026.03.12 15:25 DayOfWeek=4 WeekendCloseActive=NO NewTradeBlocked=NO | 38200.000000
PJ	0	09:26:33.300	Cazyxio_v4.3 (EURUSD,M15)	2026.03.12 15:26:33 | HEARTBEAT | SYSTEM | EA alive. Tick=38300 Equity=44254.02 OpenPos=0 PendingOrders=0 UTC=2026.03.12 15:26 DayOfWeek=4 WeekendCloseActive=NO NewTradeBlocked=NO | 38300.000000
MD	0	09:27:26.360	Cazyxio_v4.3 (EURUSD,M15)	2026.03.12 15:27:26 | HEARTBEAT | SYSTEM | EA alive. Tick=38400 Equity=44254.02 OpenPos=0 PendingOrders=0 UTC=2026.03.12 15:27 DayOfWeek=4 WeekendCloseActive=NO NewTradeBlocked=NO | 38400.000000
DF	0	09:28:07.320	Cazyxio_v4.3 (EURUSD,M15)	2026.03.12 15:28:07 | HEARTBEAT | SYSTEM | EA alive. Tick=38500 Equity=44254.02 OpenPos=0 PendingOrders=0 UTC=2026.03.12 15:28 DayOfWeek=4 WeekendCloseActive=NO NewTradeBlocked=NO | 38500.000000
EP	0	09:28:46.828	Cazyxio_v4.3 (EURUSD,M15)	2026.03.12 15:28:46 | HEARTBEAT | SYSTEM | EA alive. Tick=38600 Equity=44254.02 OpenPos=0 PendingOrders=0 UTC=2026.03.12 15:28 DayOfWeek=4 WeekendCloseActive=NO NewTradeBlocked=NO | 38600.000000
GR	0	09:29:22.500	Cazyxio_v4.3 (EURUSD,M15)	2026.03.12 15:29:22 | HEARTBEAT | SYSTEM | EA alive. Tick=38700 Equity=44254.02 OpenPos=0 PendingOrders=0 UTC=2026.03.12 15:29 DayOfWeek=4 WeekendCloseActive=NO NewTradeBlocked=NO | 38700.000000
KL	0	09:32:21.301	Cazyxio_v4.3 (EURUSD,M15)	2026.03.12 15:32:21 | GATE_FAIL | EURUSD | CopyBuffer failed for Daily EMA200.
CL	0	09:34:41.650	Cazyxio_v4.3 (EURUSD,M15)	2026.03.12 15:34:41 | GATE_FAIL | USDJPY | CopyBuffer failed for Daily EMA200.
LO	0	09:34:41.650	Cazyxio_v4.3 (EURUSD,M15)	2026.03.12 15:34:41 | BAR | AUDUSD | close=0.70826 h4ema200=0.70144 h4slope=UP dailyEMA200=0.67009 adx=26.8 ema50=0.71200 distToEMA50=37.4pips touchSeq=0 atr=0.001239 atrRatio=1.552 dir=LONG spread=19.0 spreadOK=YES atrGate=PASS touch=PASS momCandle=momClosePos=0.862 momOk=Y ema50Ok=Y barRange=0.001300 zeroRangeBar=NO trigger=YES hasPos=NO portRisk=0.00% openPos=0 | 0.708260
KS	0	09:34:41.650	Cazyxio_v4.3 (EURUSD,M15)	2026.03.12 15:34:41 | SIGNAL | AUDUSD | VALID SIGNAL (LIMIT): LONG limitPrice=0.71194 sl=0.70996 tp=0.71888 stopDist=0.00198 lots=1.11 riskPct=0.50 R:R=1:3.50 ema50=0.71200 dailyEMA200=0.67009 adx=26.8 distToLimit=39.0pips expiresIn=4bars touchSeq=0 | 0.711940
QF	0	09:34:41.650	Cazyxio_v4.3 (EURUSD,M15)	CTrade::OrderSend: buy limit 1.11 AUDUSD at 0.71194 sl: 0.70996 tp: 0.71888 [auto trading disabled by client]
JR	0	09:34:41.650	Cazyxio_v4.3 (EURUSD,M15)	2026.03.12 15:34:41 | ORDER_FAILED | AUDUSD | BUY_LIMIT FAILED. retcode=10027 desc=auto trading disabled by client limitPrice=0.71194
RQ	0	09:34:41.650	Cazyxio_v4.3 (EURUSD,M15)	2026.03.12 15:34:41 | BAR | GBPJPY | close=212.501 h4ema200=210.752 h4slope=UP dailyEMA200=204.711 adx=33.9 ema50=212.615 distToEMA50=11.4pips touchSeq=1 atr=0.135286 atrRatio=1.241 dir=LONG spread=36.0 spreadOK=NO atrGate=PASS touch=PASS momCandle=momClosePos=0.594 momOk=N ema50Ok=Y barRange=0.101000 zeroRangeBar=NO trigger=NO hasPos=NO portRisk=0.00% openPos=0 | 212.501000
MJ	0	09:34:41.650	Cazyxio_v4.3 (EURUSD,M15)	2026.03.12 15:34:41 | GATE_FAIL | GBPJPY | Spread too wide. Spread=36.0 Max=30 points.
II	0	09:34:41.650	Cazyxio_v4.3 (EURUSD,M15)	2026.03.12 15:34:41 | BAR | USDCAD | close=1.36189 h4ema200=1.36618 h4slope=DOWN dailyEMA200=1.38132 adx=22.6 ema50=1.35969 distToEMA50=22.0pips touchSeq=0 atr=0.000941 atrRatio=1.546 dir=SHORT spread=26.0 spreadOK=YES atrGate=PASS touch=FAIL momCandle=momClosePos=0.068 momOk=Y ema50Ok=Y barRange=0.001480 zeroRangeBar=NO trigger=YES hasPos=NO portRisk=0.00% openPos=0 | 1.361890
FM	0	09:34:41.650	Cazyxio_v4.3 (EURUSD,M15)	2026.03.12 15:34:41 | GATE_FAIL | USDCAD | Touch/pullback gate FAIL. Price has not approached EMA50 within last 12 bars (within 0.60 ATR). DistToEMA50=22.0pips.
LE	0	09:37:02.231	Cazyxio_v4.3 (EURUSD,M15)	2026.03.12 15:37:02 | GATE_FAIL | GBPUSD | CopyBuffer failed for Daily EMA200.
PD	0	09:37:08.924	Cazyxio_v4.3 (EURUSD,M15)	2026.03.12 15:37:08 | HEARTBEAT | SYSTEM | EA alive. Tick=38800 Equity=44254.02 OpenPos=0 PendingOrders=0 UTC=2026.03.12 15:37 DayOfWeek=4 WeekendCloseActive=NO NewTradeBlocked=NO | 38800.000000
FF	0	09:37:51.515	Cazyxio_v4.3 (EURUSD,M15)	2026.03.12 15:37:51 | HEARTBEAT | SYSTEM | EA alive. Tick=38900 Equity=44254.02 OpenPos=0 PendingOrders=0 UTC=2026.03.12 15:37 DayOfWeek=4 WeekendCloseActive=NO NewTradeBlocked=NO | 38900.000000
KP	0	09:38:29.995	Cazyxio_v4.3 (EURUSD,M15)	2026.03.12 15:38:29 | HEARTBEAT | SYSTEM | EA alive. Tick=39000 Equity=44254.02 OpenPos=0 PendingOrders=0 UTC=2026.03.12 15:38 DayOfWeek=4 WeekendCloseActive=NO NewTradeBlocked=NO | 39000.000000
PR	0	09:39:17.414	Cazyxio_v4.3 (EURUSD,M15)	2026.03.12 15:39:17 | HEARTBEAT | SYSTEM | EA alive. Tick=39100 Equity=44254.02 OpenPos=0 PendingOrders=0 UTC=2026.03.12 15:39 DayOfWeek=4 WeekendCloseActive=NO NewTradeBlocked=NO | 39100.000000
FL	0	09:39:48.708	Cazyxio_v4.3 (EURUSD,M15)	2026.03.12 15:39:48 | HEARTBEAT | SYSTEM | EA alive. Tick=39200 Equity=44254.02 OpenPos=0 PendingOrders=0 UTC=2026.03.12 15:39 DayOfWeek=4 WeekendCloseActive=NO NewTradeBlocked=NO | 39200.000000
JN	0	09:40:18.104	Cazyxio_v4.3 (EURUSD,M15)	2026.03.12 15:40:18 | HEARTBEAT | SYSTEM | EA alive. Tick=39300 Equity=44254.02 OpenPos=0 PendingOrders=0 UTC=2026.03.12 15:40 DayOfWeek=4 WeekendCloseActive=NO NewTradeBlocked=NO | 39300.000000
DH	0	09:40:50.399	Cazyxio_v4.3 (EURUSD,M15)	2026.03.12 15:40:50 | HEARTBEAT | SYSTEM | EA alive. Tick=39400 Equity=44254.02 OpenPos=0 PendingOrders=0 UTC=2026.03.12 15:40 DayOfWeek=4 WeekendCloseActive=NO NewTradeBlocked=NO | 39400.000000
IJ	0	09:41:21.665	Cazyxio_v4.3 (EURUSD,M15)	2026.03.12 15:41:21 | HEARTBEAT | SYSTEM | EA alive. Tick=39500 Equity=44254.02 OpenPos=0 PendingOrders=0 UTC=2026.03.12 15:41 DayOfWeek=4 WeekendCloseActive=NO NewTradeBlocked=NO | 39500.000000
GD	0	09:41:52.700	Cazyxio_v4.3 (EURUSD,M15)	2026.03.12 15:41:52 | HEARTBEAT | SYSTEM | EA alive. Tick=39600 Equity=44254.02 OpenPos=0 PendingOrders=0 UTC=2026.03.12 15:41 DayOfWeek=4 WeekendCloseActive=NO NewTradeBlocked=NO | 39600.000000
HF	0	09:42:21.533	Cazyxio_v4.3 (EURUSD,M15)	2026.03.12 15:42:21 | HEARTBEAT | SYSTEM | EA alive. Tick=39700 Equity=44254.02 OpenPos=0 PendingOrders=0 UTC=2026.03.12 15:42 DayOfWeek=4 WeekendCloseActive=NO NewTradeBlocked=NO | 39700.000000
CP	0	09:42:52.426	Cazyxio_v4.3 (EURUSD,M15)	2026.03.12 15:42:52 | HEARTBEAT | SYSTEM | EA alive. Tick=39800 Equity=44254.02 OpenPos=0 PendingOrders=0 UTC=2026.03.12 15:42 DayOfWeek=4 WeekendCloseActive=NO NewTradeBlocked=NO | 39800.000000
QR	0	09:43:21.078	Cazyxio_v4.3 (EURUSD,M15)	2026.03.12 15:43:21 | HEARTBEAT | SYSTEM | EA alive. Tick=39900 Equity=44254.02 OpenPos=0 PendingOrders=0 UTC=2026.03.12 15:43 DayOfWeek=4 WeekendCloseActive=NO NewTradeBlocked=NO | 39900.000000
EL	0	09:43:56.030	Cazyxio_v4.3 (EURUSD,M15)	2026.03.12 15:43:56 | HEARTBEAT | SYSTEM | EA alive. Tick=40000 Equity=44254.02 OpenPos=0 PendingOrders=0 UTC=2026.03.12 15:43 DayOfWeek=4 WeekendCloseActive=NO NewTradeBlocked=NO | 40000.000000
CN	0	09:44:33.240	Cazyxio_v4.3 (EURUSD,M15)	2026.03.12 15:44:33 | HEARTBEAT | SYSTEM | EA alive. Tick=40100 Equity=44254.02 OpenPos=0 PendingOrders=0 UTC=2026.03.12 15:44 DayOfWeek=4 WeekendCloseActive=NO NewTradeBlocked=NO | 40100.000000
KI	0	09:47:21.229	Cazyxio_v4.3 (EURUSD,M15)	2026.03.12 15:47:21 | GATE_FAIL | GBPUSD | CopyBuffer failed for Daily EMA200.
OK	0	09:49:41.552	Cazyxio_v4.3 (EURUSD,M15)	2026.03.12 15:49:41 | GATE_FAIL | EURUSD | CopyBuffer failed for Daily EMA200.
QK	0	09:52:01.955	Cazyxio_v4.3 (EURUSD,M15)	2026.03.12 15:52:01 | GATE_FAIL | USDJPY | CopyBuffer failed for Daily EMA200.
IJ	0	09:52:01.955	Cazyxio_v4.3 (EURUSD,M15)	2026.03.12 15:52:01 | BAR | AUDUSD | close=0.70925 h4ema200=0.70145 h4slope=UP dailyEMA200=0.67010 adx=26.8 ema50=0.71193 distToEMA50=26.8pips touchSeq=0 atr=0.001384 atrRatio=1.726 dir=LONG spread=20.0 spreadOK=YES atrGate=PASS touch=PASS momCandle=momClosePos=0.842 momOk=Y ema50Ok=Y barRange=0.002210 zeroRangeBar=NO trigger=YES hasPos=NO portRisk=0.00% openPos=0 | 0.709250
OL	0	09:52:01.955	Cazyxio_v4.3 (EURUSD,M15)	2026.03.12 15:52:01 | SIGNAL | AUDUSD | VALID SIGNAL (LIMIT): LONG limitPrice=0.71186 sl=0.70965 tp=0.71961 stopDist=0.00221 lots=0.99 riskPct=0.50 R:R=1:3.50 ema50=0.71193 dailyEMA200=0.67010 adx=26.8 distToLimit=28.1pips expiresIn=4bars touchSeq=0 | 0.711860
JJ	0	09:52:01.956	Cazyxio_v4.3 (EURUSD,M15)	CTrade::OrderSend: buy limit 0.99 AUDUSD at 0.71186 sl: 0.70965 tp: 0.71961 [auto trading disabled by client]
LI	0	09:52:01.956	Cazyxio_v4.3 (EURUSD,M15)	2026.03.12 15:52:01 | ORDER_FAILED | AUDUSD | BUY_LIMIT FAILED. retcode=10027 desc=auto trading disabled by client limitPrice=0.71186
QM	0	09:52:01.956	Cazyxio_v4.3 (EURUSD,M15)	2026.03.12 15:52:01 | BAR | GBPJPY | close=212.556 h4ema200=210.751 h4slope=UP dailyEMA200=204.710 adx=33.9 ema50=212.609 distToEMA50=5.3pips touchSeq=2 atr=0.140357 atrRatio=1.291 dir=LONG spread=38.0 spreadOK=NO atrGate=PASS touch=PASS momCandle=momClosePos=0.581 momOk=N ema50Ok=Y barRange=0.129000 zeroRangeBar=NO trigger=NO hasPos=NO portRisk=0.00% openPos=0 | 212.556000
FO	0	09:52:01.956	Cazyxio_v4.3 (EURUSD,M15)	2026.03.12 15:52:01 | GATE_FAIL | GBPJPY | Spread too wide. Spread=38.0 Max=30 points.
IM	0	09:52:01.956	Cazyxio_v4.3 (EURUSD,M15)	2026.03.12 15:52:01 | BAR | USDCAD | close=1.36160 h4ema200=1.36619 h4slope=DOWN dailyEMA200=1.38132 adx=22.6 ema50=1.35977 distToEMA50=18.3pips touchSeq=0 atr=0.001011 atrRatio=1.661 dir=SHORT spread=25.0 spreadOK=YES atrGate=PASS touch=FAIL momCandle=momClosePos=0.293 momOk=Y ema50Ok=Y barRange=0.001230 zeroRangeBar=NO trigger=YES hasPos=NO portRisk=0.00% openPos=0 | 1.361600
IH	0	09:52:01.956	Cazyxio_v4.3 (EURUSD,M15)	2026.03.12 15:52:01 | GATE_FAIL | USDCAD | Touch/pullback gate FAIL. Price has not approached EMA50 within last 12 bars (within 0.60 ATR). DistToEMA50=18.3pips.
KP	0	09:52:12.906	Cazyxio_v4.3 (EURUSD,M15)	2026.03.12 15:52:12 | HEARTBEAT | SYSTEM | EA alive. Tick=40200 Equity=44254.02 OpenPos=0 PendingOrders=0 UTC=2026.03.12 15:52 DayOfWeek=4 WeekendCloseActive=NO NewTradeBlocked=NO | 40200.000000
ER	0	09:52:52.702	Cazyxio_v4.3 (EURUSD,M15)	2026.03.12 15:52:52 | HEARTBEAT | SYSTEM | EA alive. Tick=40300 Equity=44254.02 OpenPos=0 PendingOrders=0 UTC=2026.03.12 15:52 DayOfWeek=4 WeekendCloseActive=NO NewTradeBlocked=NO | 40300.000000
CL	0	09:53:37.633	Cazyxio_v4.3 (EURUSD,M15)	2026.03.12 15:53:37 | HEARTBEAT | SYSTEM | EA alive. Tick=40400 Equity=44254.02 OpenPos=0 PendingOrders=0 UTC=2026.03.12 15:53 DayOfWeek=4 WeekendCloseActive=NO NewTradeBlocked=NO | 40400.000000
ON	0	09:54:27.490	Cazyxio_v4.3 (EURUSD,M15)	2026.03.12 15:54:27 | HEARTBEAT | SYSTEM | EA alive. Tick=40500 Equity=44254.02 OpenPos=0 PendingOrders=0 UTC=2026.03.12 15:54 DayOfWeek=4 WeekendCloseActive=NO NewTradeBlocked=NO | 40500.000000
GH	0	09:55:10.141	Cazyxio_v4.3 (EURUSD,M15)	2026.03.12 15:55:10 | HEARTBEAT | SYSTEM | EA alive. Tick=40600 Equity=44254.02 OpenPos=0 PendingOrders=0 UTC=2026.03.12 15:55 DayOfWeek=4 WeekendCloseActive=NO NewTradeBlocked=NO | 40600.000000
RJ	0	09:55:52.917	Cazyxio_v4.3 (EURUSD,M15)	2026.03.12 15:55:52 | HEARTBEAT | SYSTEM | EA alive. Tick=40700 Equity=44254.02 OpenPos=0 PendingOrders=0 UTC=2026.03.12 15:55 DayOfWeek=4 WeekendCloseActive=NO NewTradeBlocked=NO | 40700.000000
GD	0	09:56:31.878	Cazyxio_v4.3 (EURUSD,M15)	2026.03.12 15:56:31 | HEARTBEAT | SYSTEM | EA alive. Tick=40800 Equity=44254.02 OpenPos=0 PendingOrders=0 UTC=2026.03.12 15:56 DayOfWeek=4 WeekendCloseActive=NO NewTradeBlocked=NO | 40800.000000
DF	0	09:57:10.102	Cazyxio_v4.3 (EURUSD,M15)	2026.03.12 15:57:10 | HEARTBEAT | SYSTEM | EA alive. Tick=40900 Equity=44254.02 OpenPos=0 PendingOrders=0 UTC=2026.03.12 15:57 DayOfWeek=4 WeekendCloseActive=NO NewTradeBlocked=NO | 40900.000000
FP	0	09:57:48.230	Cazyxio_v4.3 (EURUSD,M15)	2026.03.12 15:57:48 | HEARTBEAT | SYSTEM | EA alive. Tick=41000 Equity=44254.02 OpenPos=0 PendingOrders=0 UTC=2026.03.12 15:57 DayOfWeek=4 WeekendCloseActive=NO NewTradeBlocked=NO | 41000.000000
RR	0	09:58:28.244	Cazyxio_v4.3 (EURUSD,M15)	2026.03.12 15:58:28 | HEARTBEAT | SYSTEM | EA alive. Tick=41100 Equity=44254.02 OpenPos=0 PendingOrders=0 UTC=2026.03.12 15:58 DayOfWeek=4 WeekendCloseActive=NO NewTradeBlocked=NO | 41100.000000
KL	0	09:59:08.602	Cazyxio_v4.3 (EURUSD,M15)	2026.03.12 15:59:08 | HEARTBEAT | SYSTEM | EA alive. Tick=41200 Equity=44254.02 OpenPos=0 PendingOrders=0 UTC=2026.03.12 15:59 DayOfWeek=4 WeekendCloseActive=NO NewTradeBlocked=NO | 41200.000000
NN	0	09:59:53.236	Cazyxio_v4.3 (EURUSD,M15)	2026.03.12 15:59:53 | HEARTBEAT | SYSTEM | EA alive. Tick=41300 Equity=44254.02 OpenPos=0 PendingOrders=0 UTC=2026.03.12 15:59 DayOfWeek=4 WeekendCloseActive=NO NewTradeBlocked=NO | 41300.000000
KI	0	10:02:21.499	Cazyxio_v4.3 (EURUSD,M15)	2026.03.12 16:02:21 | GATE_FAIL | GBPUSD | CopyBuffer failed for Daily EMA200.
LK	0	10:04:41.921	Cazyxio_v4.3 (EURUSD,M15)	2026.03.12 16:04:41 | GATE_FAIL | EURUSD | CopyBuffer failed for Daily EMA200.
JK	0	10:07:02.278	Cazyxio_v4.3 (EURUSD,M15)	2026.03.12 16:07:02 | GATE_FAIL | USDJPY | CopyBuffer failed for Daily EMA200.
GF	0	10:07:02.278	Cazyxio_v4.3 (EURUSD,M15)	2026.03.12 16:07:02 | BAR | AUDUSD | close=0.70878 h4ema200=0.70144 h4slope=UP dailyEMA200=0.67010 adx=26.8 ema50=0.71179 distToEMA50=30.1pips touchSeq=0 atr=0.001386 atrRatio=1.726 dir=LONG spread=20.0 spreadOK=YES atrGate=PASS touch=FAIL momCandle=momClosePos=0.333 momOk=N ema50Ok=Y barRange=0.001140 zeroRangeBar=NO trigger=NO hasPos=NO portRisk=0.00% openPos=0 | 0.708780
GL	0	10:07:02.278	Cazyxio_v4.3 (EURUSD,M15)	2026.03.12 16:07:02 | GATE_FAIL | AUDUSD | Touch/pullback gate FAIL. Price has not approached EMA50 within last 12 bars (within 0.60 ATR). DistToEMA50=30.1pips.
ND	0	10:07:02.278	Cazyxio_v4.3 (EURUSD,M15)	2026.03.12 16:07:02 | BAR | GBPJPY | close=212.502 h4ema200=210.752 h4slope=UP dailyEMA200=204.711 adx=33.9 ema50=212.607 distToEMA50=10.5pips touchSeq=3 atr=0.142643 atrRatio=1.316 dir=LONG spread=37.0 spreadOK=NO atrGate=PASS touch=PASS momCandle=momClosePos=0.611 momOk=N ema50Ok=Y barRange=0.180000 zeroRangeBar=NO trigger=NO hasPos=NO portRisk=0.00% openPos=0 | 212.502000
IF	0	10:07:02.278	Cazyxio_v4.3 (EURUSD,M15)	2026.03.12 16:07:02 | GATE_FAIL | GBPJPY | Spread too wide. Spread=37.0 Max=30 points.
CO	0	10:07:02.278	Cazyxio_v4.3 (EURUSD,M15)	2026.03.12 16:07:02 | BAR | USDCAD | close=1.36182 h4ema200=1.36619 h4slope=DOWN dailyEMA200=1.38132 adx=22.6 ema50=1.35985 distToEMA50=19.7pips touchSeq=0 atr=0.001014 atrRatio=1.667 dir=SHORT spread=25.0 spreadOK=YES atrGate=PASS touch=FAIL momCandle=momClosePos=0.421 momOk=N ema50Ok=Y barRange=0.000760 zeroRangeBar=NO trigger=NO hasPos=NO portRisk=0.00% openPos=0 | 1.361820
FQ	0	10:07:02.278	Cazyxio_v4.3 (EURUSD,M15)	2026.03.12 16:07:02 | GATE_FAIL | USDCAD | Touch/pullback gate FAIL. Price has not approached EMA50 within last 12 bars (within 0.60 ATR). DistToEMA50=19.7pips.
NI	0	10:07:35.909	Cazyxio_v4.3 (EURUSD,M15)	2026.03.12 16:07:35 | HEARTBEAT | SYSTEM | EA alive. Tick=41400 Equity=44254.02 OpenPos=0 PendingOrders=0 UTC=2026.03.12 16:07 DayOfWeek=4 WeekendCloseActive=NO NewTradeBlocked=NO | 41400.000000
KK	0	10:08:29.783	Cazyxio_v4.3 (EURUSD,M15)	2026.03.12 16:08:29 | HEARTBEAT | SYSTEM | EA alive. Tick=41500 Equity=44254.02 OpenPos=0 PendingOrders=0 UTC=2026.03.12 16:08 DayOfWeek=4 WeekendCloseActive=NO NewTradeBlocked=NO | 41500.000000
ME	0	10:09:17.179	Cazyxio_v4.3 (EURUSD,M15)	2026.03.12 16:09:17 | HEARTBEAT | SYSTEM | EA alive. Tick=41600 Equity=44254.02 OpenPos=0 PendingOrders=0 UTC=2026.03.12 16:09 DayOfWeek=4 WeekendCloseActive=NO NewTradeBlocked=NO | 41600.000000
KG	0	10:10:03.489	Cazyxio_v4.3 (EURUSD,M15)	2026.03.12 16:10:03 | HEARTBEAT | SYSTEM | EA alive. Tick=41700 Equity=44254.02 OpenPos=0 PendingOrders=0 UTC=2026.03.12 16:10 DayOfWeek=4 WeekendCloseActive=NO NewTradeBlocked=NO | 41700.000000
CQ	0	10:10:44.973	Cazyxio_v4.3 (EURUSD,M15)	2026.03.12 16:10:44 | HEARTBEAT | SYSTEM | EA alive. Tick=41800 Equity=44254.02 OpenPos=0 PendingOrders=0 UTC=2026.03.12 16:10 DayOfWeek=4 WeekendCloseActive=NO NewTradeBlocked=NO | 41800.000000
PS	0	10:11:43.320	Cazyxio_v4.3 (EURUSD,M15)	2026.03.12 16:11:43 | HEARTBEAT | SYSTEM | EA alive. Tick=41900 Equity=44254.02 OpenPos=0 PendingOrders=0 UTC=2026.03.12 16:11 DayOfWeek=4 WeekendCloseActive=NO NewTradeBlocked=NO | 41900.000000
GM	0	10:12:56.182	Cazyxio_v4.3 (EURUSD,M15)	2026.03.12 16:12:56 | HEARTBEAT | SYSTEM | EA alive. Tick=42000 Equity=44254.02 OpenPos=0 PendingOrders=0 UTC=2026.03.12 16:12 DayOfWeek=4 WeekendCloseActive=NO NewTradeBlocked=NO | 42000.000000
IO	0	10:13:53.945	Cazyxio_v4.3 (EURUSD,M15)	2026.03.12 16:13:53 | HEARTBEAT | SYSTEM | EA alive. Tick=42100 Equity=44254.02 OpenPos=0 PendingOrders=0 UTC=2026.03.12 16:13 DayOfWeek=4 WeekendCloseActive=NO NewTradeBlocked=NO | 42100.000000
GI	0	10:14:48.805	Cazyxio_v4.3 (EURUSD,M15)	2026.03.12 16:14:48 | HEARTBEAT | SYSTEM | EA alive. Tick=42200 Equity=44254.02 OpenPos=0 PendingOrders=0 UTC=2026.03.12 16:14 DayOfWeek=4 WeekendCloseActive=NO NewTradeBlocked=NO | 42200.000000
GJ	0	10:17:21.297	Cazyxio_v4.3 (EURUSD,M15)	2026.03.12 16:17:21 | GATE_FAIL | GBPUSD | CopyBuffer failed for Daily EMA200.
DJ	0	10:19:41.677	Cazyxio_v4.3 (EURUSD,M15)	2026.03.12 16:19:41 | GATE_FAIL | EURUSD | CopyBuffer failed for Daily EMA200.
HJ	0	10:22:02.182	Cazyxio_v4.3 (EURUSD,M15)	2026.03.12 16:22:02 | GATE_FAIL | USDJPY | CopyBuffer failed for Daily EMA200.
QI	0	10:22:02.182	Cazyxio_v4.3 (EURUSD,M15)	2026.03.12 16:22:02 | BAR | AUDUSD | close=0.70825 h4ema200=0.70146 h4slope=UP dailyEMA200=0.67011 adx=26.8 ema50=0.71170 distToEMA50=34.5pips touchSeq=0 atr=0.001526 atrRatio=1.891 dir=LONG spread=20.0 spreadOK=YES atrGate=PASS touch=FAIL momCandle=momClosePos=0.490 momOk=N ema50Ok=Y barRange=0.001530 zeroRangeBar=NO trigger=NO hasPos=NO portRisk=0.00% openPos=0 | 0.708250
QM	0	10:22:02.182	Cazyxio_v4.3 (EURUSD,M15)	2026.03.12 16:22:02 | GATE_FAIL | AUDUSD | Touch/pullback gate FAIL. Price has not approached EMA50 within last 12 bars (within 0.60 ATR). DistToEMA50=34.5pips.
JK	0	10:22:02.182	Cazyxio_v4.3 (EURUSD,M15)	2026.03.12 16:22:02 | BAR | GBPJPY | close=212.526 h4ema200=210.753 h4slope=UP dailyEMA200=204.712 adx=33.9 ema50=212.608 distToEMA50=8.2pips touchSeq=4 atr=0.149143 atrRatio=1.378 dir=LONG spread=43.0 spreadOK=NO atrGate=PASS touch=PASS momCandle=momClosePos=0.760 momOk=Y ema50Ok=Y barRange=0.129000 zeroRangeBar=NO trigger=YES hasPos=NO portRisk=0.00% openPos=0 | 212.526000
RF	0	10:22:02.182	Cazyxio_v4.3 (EURUSD,M15)	2026.03.12 16:22:02 | GATE_FAIL | GBPJPY | Spread too wide. Spread=43.0 Max=30 points.
JH	0	10:22:02.182	Cazyxio_v4.3 (EURUSD,M15)	2026.03.12 16:22:02 | BAR | USDCAD | close=1.36237 h4ema200=1.36618 h4slope=DOWN dailyEMA200=1.38131 adx=22.6 ema50=1.35991 distToEMA50=24.6pips touchSeq=0 atr=0.001133 atrRatio=1.861 dir=SHORT spread=26.0 spreadOK=YES atrGate=PASS touch=FAIL momCandle=momClosePos=0.602 momOk=N ema50Ok=Y barRange=0.001180 zeroRangeBar=NO trigger=NO hasPos=NO portRisk=0.00% openPos=0 | 1.362370
QP	0	10:22:02.182	Cazyxio_v4.3 (EURUSD,M15)	2026.03.12 16:22:02 | GATE_FAIL | USDCAD | Touch/pullback gate FAIL. Price has not approached EMA50 within last 12 bars (within 0.60 ATR). DistToEMA50=24.6pips.
CH	0	10:22:33.426	Cazyxio_v4.3 (EURUSD,M15)	2026.03.12 16:22:33 | HEARTBEAT | SYSTEM | EA alive. Tick=42300 Equity=44254.02 OpenPos=0 PendingOrders=0 UTC=2026.03.12 16:22 DayOfWeek=4 WeekendCloseActive=NO NewTradeBlocked=NO | 42300.000000
NJ	0	10:23:13.208	Cazyxio_v4.3 (EURUSD,M15)	2026.03.12 16:23:13 | HEARTBEAT | SYSTEM | EA alive. Tick=42400 Equity=44254.02 OpenPos=0 PendingOrders=0 UTC=2026.03.12 16:23 DayOfWeek=4 WeekendCloseActive=NO NewTradeBlocked=NO | 42400.000000
PD	0	10:23:53.862	Cazyxio_v4.3 (EURUSD,M15)	2026.03.12 16:23:53 | HEARTBEAT | SYSTEM | EA alive. Tick=42500 Equity=44254.02 OpenPos=0 PendingOrders=0 UTC=2026.03.12 16:23 DayOfWeek=4 WeekendCloseActive=NO NewTradeBlocked=NO | 42500.000000
NF	0	10:24:40.148	Cazyxio_v4.3 (EURUSD,M15)	2026.03.12 16:24:40 | HEARTBEAT | SYSTEM | EA alive. Tick=42600 Equity=44254.02 OpenPos=0 PendingOrders=0 UTC=2026.03.12 16:24 DayOfWeek=4 WeekendCloseActive=NO NewTradeBlocked=NO | 42600.000000
GP	0	10:25:24.388	Cazyxio_v4.3 (EURUSD,M15)	2026.03.12 16:25:24 | HEARTBEAT | SYSTEM | EA alive. Tick=42700 Equity=44254.02 OpenPos=0 PendingOrders=0 UTC=2026.03.12 16:25 DayOfWeek=4 WeekendCloseActive=NO NewTradeBlocked=NO | 42700.000000
JR	0	10:26:01.416	Cazyxio_v4.3 (EURUSD,M15)	2026.03.12 16:26:01 | HEARTBEAT | SYSTEM | EA alive. Tick=42800 Equity=44254.02 OpenPos=0 PendingOrders=0 UTC=2026.03.12 16:26 DayOfWeek=4 WeekendCloseActive=NO NewTradeBlocked=NO | 42800.000000
QL	0	10:26:40.129	Cazyxio_v4.3 (EURUSD,M15)	2026.03.12 16:26:40 | HEARTBEAT | SYSTEM | EA alive. Tick=42900 Equity=44254.02 OpenPos=0 PendingOrders=0 UTC=2026.03.12 16:26 DayOfWeek=4 WeekendCloseActive=NO NewTradeBlocked=NO | 42900.000000
IN	0	10:27:18.883	Cazyxio_v4.3 (EURUSD,M15)	2026.03.12 16:27:18 | HEARTBEAT | SYSTEM | EA alive. Tick=43000 Equity=44254.02 OpenPos=0 PendingOrders=0 UTC=2026.03.12 16:27 DayOfWeek=4 WeekendCloseActive=NO NewTradeBlocked=NO | 43000.000000
MH	0	10:28:02.536	Cazyxio_v4.3 (EURUSD,M15)	2026.03.12 16:28:02 | HEARTBEAT | SYSTEM | EA alive. Tick=43100 Equity=44254.02 OpenPos=0 PendingOrders=0 UTC=2026.03.12 16:28 DayOfWeek=4 WeekendCloseActive=NO NewTradeBlocked=NO | 43100.000000
GJ	0	10:28:46.349	Cazyxio_v4.3 (EURUSD,M15)	2026.03.12 16:28:46 | HEARTBEAT | SYSTEM | EA alive. Tick=43200 Equity=44254.02 OpenPos=0 PendingOrders=0 UTC=2026.03.12 16:28 DayOfWeek=4 WeekendCloseActive=NO NewTradeBlocked=NO | 43200.000000
QD	0	10:29:32.036	Cazyxio_v4.3 (EURUSD,M15)	2026.03.12 16:29:32 | HEARTBEAT | SYSTEM | EA alive. Tick=43300 Equity=44254.02 OpenPos=0 PendingOrders=0 UTC=2026.03.12 16:29 DayOfWeek=4 WeekendCloseActive=NO NewTradeBlocked=NO | 43300.000000
HF	0	10:32:21.350	Cazyxio_v4.3 (EURUSD,M15)	2026.03.12 16:32:21 | GATE_FAIL | EURUSD | CopyBuffer failed for Daily EMA200.
CF	0	10:34:41.802	Cazyxio_v4.3 (EURUSD,M15)	2026.03.12 16:34:41 | GATE_FAIL | USDJPY | CopyBuffer failed for Daily EMA200.
GM	0	10:34:41.802	Cazyxio_v4.3 (EURUSD,M15)	2026.03.12 16:34:41 | BAR | AUDUSD | close=0.70820 h4ema200=0.70144 h4slope=UP dailyEMA200=0.67010 adx=26.8 ema50=0.71152 distToEMA50=33.2pips touchSeq=0 atr=0.001483 atrRatio=1.831 dir=LONG spread=21.0 spreadOK=YES atrGate=PASS touch=FAIL momCandle=momClosePos=0.074 momOk=N ema50Ok=Y barRange=0.001890 zeroRangeBar=NO trigger=NO hasPos=NO portRisk=0.00% openPos=0 | 0.708200
FI	0	10:34:41.802	Cazyxio_v4.3 (EURUSD,M15)	2026.03.12 16:34:41 | GATE_FAIL | AUDUSD | Touch/pullback gate FAIL. Price has not approached EMA50 within last 12 bars (within 0.60 ATR). DistToEMA50=33.2pips.
DR	0	10:34:41.802	Cazyxio_v4.3 (EURUSD,M15)	2026.03.12 16:34:41 | BAR | GBPJPY | close=212.587 h4ema200=210.753 h4slope=UP dailyEMA200=204.712 adx=33.9 ema50=212.606 distToEMA50=1.9pips touchSeq=5 atr=0.143857 atrRatio=1.331 dir=LONG spread=43.0 spreadOK=NO atrGate=PASS touch=PASS momCandle=momClosePos=0.494 momOk=N ema50Ok=Y barRange=0.178000 zeroRangeBar=NO trigger=NO hasPos=NO portRisk=0.00% openPos=0 | 212.587000
CK	0	10:34:41.802	Cazyxio_v4.3 (EURUSD,M15)	2026.03.12 16:34:41 | GATE_FAIL | GBPJPY | Spread too wide. Spread=43.0 Max=30 points.
ED	0	10:34:41.802	Cazyxio_v4.3 (EURUSD,M15)	2026.03.12 16:34:41 | BAR | USDCAD | close=1.36208 h4ema200=1.36618 h4slope=DOWN dailyEMA200=1.38132 adx=22.6 ema50=1.36003 distToEMA50=20.5pips touchSeq=0 atr=0.001086 atrRatio=1.785 dir=SHORT spread=25.0 spreadOK=YES atrGate=PASS touch=FAIL momCandle=momClosePos=0.695 momOk=N ema50Ok=Y barRange=0.001540 zeroRangeBar=NO trigger=NO hasPos=NO portRisk=0.00% openPos=0 | 1.362080
EL	0	10:34:41.802	Cazyxio_v4.3 (EURUSD,M15)	2026.03.12 16:34:41 | GATE_FAIL | USDCAD | Touch/pullback gate FAIL. Price has not approached EMA50 within last 12 bars (within 0.60 ATR). DistToEMA50=20.5pips.
CE	0	10:37:02.482	Cazyxio_v4.3 (EURUSD,M15)	2026.03.12 16:37:02 | GATE_FAIL | GBPUSD | CopyBuffer failed for Daily EMA200.
NG	0	10:37:27.049	Cazyxio_v4.3 (EURUSD,M15)	2026.03.12 16:37:27 | HEARTBEAT | SYSTEM | EA alive. Tick=43400 Equity=44254.02 OpenPos=0 PendingOrders=0 UTC=2026.03.12 16:37 DayOfWeek=4 WeekendCloseActive=NO NewTradeBlocked=NO | 43400.000000
CQ	0	10:38:17.108	Cazyxio_v4.3 (EURUSD,M15)	2026.03.12 16:38:17 | HEARTBEAT | SYSTEM | EA alive. Tick=43500 Equity=44254.02 OpenPos=0 PendingOrders=0 UTC=2026.03.12 16:38 DayOfWeek=4 WeekendCloseActive=NO NewTradeBlocked=NO | 43500.000000
IS	0	10:39:00.259	Cazyxio_v4.3 (EURUSD,M15)	2026.03.12 16:39:00 | HEARTBEAT | SYSTEM | EA alive. Tick=43600 Equity=44254.02 OpenPos=0 PendingOrders=0 UTC=2026.03.12 16:39 DayOfWeek=4 WeekendCloseActive=NO NewTradeBlocked=NO | 43600.000000
LM	0	10:39:35.010	Cazyxio_v4.3 (EURUSD,M15)	2026.03.12 16:39:35 | HEARTBEAT | SYSTEM | EA alive. Tick=43700 Equity=44254.02 OpenPos=0 PendingOrders=0 UTC=2026.03.12 16:39 DayOfWeek=4 WeekendCloseActive=NO NewTradeBlocked=NO | 43700.000000
RO	0	10:40:20.018	Cazyxio_v4.3 (EURUSD,M15)	2026.03.12 16:40:20 | HEARTBEAT | SYSTEM | EA alive. Tick=43800 Equity=44254.02 OpenPos=0 PendingOrders=0 UTC=2026.03.12 16:40 DayOfWeek=4 WeekendCloseActive=NO NewTradeBlocked=NO | 43800.000000
CI	0	10:41:03.447	Cazyxio_v4.3 (EURUSD,M15)	2026.03.12 16:41:03 | HEARTBEAT | SYSTEM | EA alive. Tick=43900 Equity=44254.02 OpenPos=0 PendingOrders=0 UTC=2026.03.12 16:41 DayOfWeek=4 WeekendCloseActive=NO NewTradeBlocked=NO | 43900.000000
OK	0	10:41:45.856	Cazyxio_v4.3 (EURUSD,M15)	2026.03.12 16:41:45 | HEARTBEAT | SYSTEM | EA alive. Tick=44000 Equity=44254.02 OpenPos=0 PendingOrders=0 UTC=2026.03.12 16:41 DayOfWeek=4 WeekendCloseActive=NO NewTradeBlocked=NO | 44000.000000
NE	0	10:42:34.593	Cazyxio_v4.3 (EURUSD,M15)	2026.03.12 16:42:34 | HEARTBEAT | SYSTEM | EA alive. Tick=44100 Equity=44254.02 OpenPos=0 PendingOrders=0 UTC=2026.03.12 16:42 DayOfWeek=4 WeekendCloseActive=NO NewTradeBlocked=NO | 44100.000000
OG	0	10:43:37.801	Cazyxio_v4.3 (EURUSD,M15)	2026.03.12 16:43:37 | HEARTBEAT | SYSTEM | EA alive. Tick=44200 Equity=44254.02 OpenPos=0 PendingOrders=0 UTC=2026.03.12 16:43 DayOfWeek=4 WeekendCloseActive=NO NewTradeBlocked=NO | 44200.000000
JQ	0	10:44:32.335	Cazyxio_v4.3 (EURUSD,M15)	2026.03.12 16:44:32 | HEARTBEAT | SYSTEM | EA alive. Tick=44300 Equity=44254.02 OpenPos=0 PendingOrders=0 UTC=2026.03.12 16:44 DayOfWeek=4 WeekendCloseActive=NO NewTradeBlocked=NO | 44300.000000
IS	0	10:47:21.351	Cazyxio_v4.3 (EURUSD,M15)	2026.03.12 16:47:21 | GATE_FAIL | EURUSD | CopyBuffer failed for Daily EMA200.
PM	0	10:48:46.264	Experts	automated trading is enabled
QJ	0	10:49:41.776	Cazyxio_v4.3 (EURUSD,M15)	2026.03.12 16:49:41 | GATE_FAIL | USDJPY | CopyBuffer failed for Daily EMA200.
ND	0	10:49:41.776	Cazyxio_v4.3 (EURUSD,M15)	2026.03.12 16:49:41 | BAR | AUDUSD | close=0.70930 h4ema200=0.70145 h4slope=UP dailyEMA200=0.67010 adx=26.8 ema50=0.71145 distToEMA50=21.5pips touchSeq=0 atr=0.001509 atrRatio=1.856 dir=LONG spread=20.0 spreadOK=YES atrGate=PASS touch=FAIL momCandle=momClosePos=0.932 momOk=Y ema50Ok=Y barRange=0.001460 zeroRangeBar=NO trigger=YES hasPos=NO portRisk=0.00% openPos=0 | 0.709300
JM	0	10:49:41.776	Cazyxio_v4.3 (EURUSD,M15)	2026.03.12 16:49:41 | GATE_FAIL | AUDUSD | Touch/pullback gate FAIL. Price has not approached EMA50 within last 12 bars (within 0.60 ATR). DistToEMA50=21.5pips.
OF	0	10:49:41.776	Cazyxio_v4.3 (EURUSD,M15)	2026.03.12 16:49:41 | BAR | GBPJPY | close=212.507 h4ema200=210.751 h4slope=UP dailyEMA200=204.710 adx=33.9 ema50=212.596 distToEMA50=8.9pips touchSeq=6 atr=0.142357 atrRatio=1.319 dir=LONG spread=43.0 spreadOK=NO atrGate=PASS touch=PASS momCandle=momClosePos=0.109 momOk=N ema50Ok=Y barRange=0.138000 zeroRangeBar=NO trigger=NO hasPos=NO portRisk=0.00% openPos=0 | 212.507000
CF	0	10:49:41.776	Cazyxio_v4.3 (EURUSD,M15)	2026.03.12 16:49:41 | GATE_FAIL | GBPJPY | Spread too wide. Spread=43.0 Max=30 points.
IH	0	10:49:41.776	Cazyxio_v4.3 (EURUSD,M15)	2026.03.12 16:49:41 | BAR | USDCAD | close=1.36198 h4ema200=1.36619 h4slope=DOWN dailyEMA200=1.38132 adx=22.6 ema50=1.36012 distToEMA50=18.6pips touchSeq=0 atr=0.001121 atrRatio=1.840 dir=SHORT spread=25.0 spreadOK=YES atrGate=PASS touch=FAIL momCandle=momClosePos=0.409 momOk=N ema50Ok=Y barRange=0.000660 zeroRangeBar=NO trigger=NO hasPos=NO portRisk=0.00% openPos=0 | 1.361980
MP	0	10:49:41.776	Cazyxio_v4.3 (EURUSD,M15)	2026.03.12 16:49:41 | GATE_FAIL | USDCAD | Touch/pullback gate FAIL. Price has not approached EMA50 within last 12 bars (within 0.60 ATR). DistToEMA50=18.6pips.
KI	0	10:52:02.310	Cazyxio_v4.3 (EURUSD,M15)	2026.03.12 16:52:02 | GATE_FAIL | GBPUSD | CopyBuffer failed for Daily EMA200.
OK	0	10:52:29.481	Cazyxio_v4.3 (EURUSD,M15)	2026.03.12 16:52:29 | HEARTBEAT | SYSTEM | EA alive. Tick=44400 Equity=44254.02 OpenPos=0 PendingOrders=0 UTC=2026.03.12 16:52 DayOfWeek=4 WeekendCloseActive=NO NewTradeBlocked=NO | 44400.000000
ME	0	10:53:22.857	Cazyxio_v4.3 (EURUSD,M15)	2026.03.12 16:53:22 | HEARTBEAT | SYSTEM | EA alive. Tick=44500 Equity=44254.02 OpenPos=0 PendingOrders=0 UTC=2026.03.12 16:53 DayOfWeek=4 WeekendCloseActive=NO NewTradeBlocked=NO | 44500.000000
FG	0	10:54:09.433	Cazyxio_v4.3 (EURUSD,M15)	2026.03.12 16:54:09 | HEARTBEAT | SYSTEM | EA alive. Tick=44600 Equity=44254.02 OpenPos=0 PendingOrders=0 UTC=2026.03.12 16:54 DayOfWeek=4 WeekendCloseActive=NO NewTradeBlocked=NO | 44600.000000
PQ	0	10:54:50.578	Cazyxio_v4.3 (EURUSD,M15)	2026.03.12 16:54:50 | HEARTBEAT | SYSTEM | EA alive. Tick=44700 Equity=44254.02 OpenPos=0 PendingOrders=0 UTC=2026.03.12 16:54 DayOfWeek=4 WeekendCloseActive=NO NewTradeBlocked=NO | 44700.000000
JS	0	10:55:29.717	Cazyxio_v4.3 (EURUSD,M15)	2026.03.12 16:55:29 | HEARTBEAT | SYSTEM | EA alive. Tick=44800 Equity=44254.02 OpenPos=0 PendingOrders=0 UTC=2026.03.12 16:55 DayOfWeek=4 WeekendCloseActive=NO NewTradeBlocked=NO | 44800.000000
QM	0	10:56:21.290	Cazyxio_v4.3 (EURUSD,M15)	2026.03.12 16:56:21 | HEARTBEAT | SYSTEM | EA alive. Tick=44900 Equity=44254.02 OpenPos=0 PendingOrders=0 UTC=2026.03.12 16:56 DayOfWeek=4 WeekendCloseActive=NO NewTradeBlocked=NO | 44900.000000
HO	0	10:57:23.199	Cazyxio_v4.3 (EURUSD,M15)	2026.03.12 16:57:23 | HEARTBEAT | SYSTEM | EA alive. Tick=45000 Equity=44254.02 OpenPos=0 PendingOrders=0 UTC=2026.03.12 16:57 DayOfWeek=4 WeekendCloseActive=NO NewTradeBlocked=NO | 45000.000000
RI	0	10:58:31.037	Cazyxio_v4.3 (EURUSD,M15)	2026.03.12 16:58:31 | HEARTBEAT | SYSTEM | EA alive. Tick=45100 Equity=44254.02 OpenPos=0 PendingOrders=0 UTC=2026.03.12 16:58 DayOfWeek=4 WeekendCloseActive=NO NewTradeBlocked=NO | 45100.000000
LK	0	10:59:43.366	Cazyxio_v4.3 (EURUSD,M15)	2026.03.12 16:59:43 | HEARTBEAT | SYSTEM | EA alive. Tick=45200 Equity=44254.02 OpenPos=0 PendingOrders=0 UTC=2026.03.12 16:59 DayOfWeek=4 WeekendCloseActive=NO NewTradeBlocked=NO | 45200.000000
RE	0	11:00:00.947	Cazyxio_v4.3 (EURUSD,M15)	2026.03.12 17:00:00 | DAILY_SUMMARY | SYSTEM | SESSION END SUMMARY | Bars=240 Signals=16 Orders=0 SLHits=0 LimitPlaced=0 LimitFilled=0 LimitExpired=0 FallbackOrders=0 | GateFails: DIR=0 SPR=40 ATR=17 TOUCH=17 MOM=26 ZRNG=0 COOL=0 WKND=0 ADX=4 DAILY_TF=0 | LotCapped=3 | Equity=44254.02 Balance=44254.02 DayPnL=0.00 DayDD=0.00% ActiveCooldowns=NONE
KK	0	11:02:21.322	Cazyxio_v4.3 (EURUSD,M15)	2026.03.12 17:02:21 | GATE_FAIL | EURUSD | CopyBuffer failed for Daily EMA200.
GJ	0	11:04:41.767	Cazyxio_v4.3 (EURUSD,M15)	2026.03.12 17:04:41 | GATE_FAIL | USDJPY | CopyBuffer failed for Daily EMA200.
GF	0	11:04:41.767	Cazyxio_v4.3 (EURUSD,M15)	2026.03.12 17:04:41 | BAR | AUDUSD | close=0.70868 h4ema200=0.70152 h4slope=UP dailyEMA200=0.67011 adx=26.5 ema50=0.71135 distToEMA50=26.7pips touchSeq=0 atr=0.001482 atrRatio=1.815 dir=LONG spread=19.0 spreadOK=YES atrGate=PASS touch=FAIL momCandle=momClosePos=0.316 momOk=N ema50Ok=Y barRange=0.001140 zeroRangeBar=NO trigger=NO hasPos=NO portRisk=0.00% openPos=0 | 0.708680
IM	0	11:04:41.767	Cazyxio_v4.3 (EURUSD,M15)	2026.03.12 17:04:41 | GATE_FAIL | AUDUSD | Touch/pullback gate FAIL. Price has not approached EMA50 within last 12 bars (within 0.60 ATR). DistToEMA50=26.7pips.
NH	0	11:04:41.767	Cazyxio_v4.3 (EURUSD,M15)	2026.03.12 17:04:41 | BAR | GBPJPY | close=212.495 h4ema200=210.770 h4slope=UP dailyEMA200=204.711 adx=29.6 ema50=212.597 distToEMA50=10.2pips touchSeq=7 atr=0.138571 atrRatio=1.287 dir=LONG spread=43.0 spreadOK=NO atrGate=PASS touch=PASS momCandle=momClosePos=0.744 momOk=Y ema50Ok=Y barRange=0.082000 zeroRangeBar=NO trigger=YES hasPos=NO portRisk=0.00% openPos=0 | 212.495000
KF	0	11:04:41.767	Cazyxio_v4.3 (EURUSD,M15)	2026.03.12 17:04:41 | GATE_FAIL | GBPJPY | Spread too wide. Spread=43.0 Max=30 points.
CO	0	11:04:41.767	Cazyxio_v4.3 (EURUSD,M15)	2026.03.12 17:04:41 | BAR | USDCAD | close=1.36272 h4ema200=1.36615 h4slope=DOWN dailyEMA200=1.38132 adx=24.8 ema50=1.36021 distToEMA50=25.1pips touchSeq=0 atr=0.001144 atrRatio=1.874 dir=SHORT spread=24.0 spreadOK=YES atrGate=PASS touch=FAIL momCandle=momClosePos=0.737 momOk=N ema50Ok=Y barRange=0.001180 zeroRangeBar=NO trigger=NO hasPos=NO portRisk=0.00% openPos=0 | 1.362720
NQ	0	11:04:41.767	Cazyxio_v4.3 (EURUSD,M15)	2026.03.12 17:04:41 | GATE_FAIL | USDCAD | Touch/pullback gate FAIL. Price has not approached EMA50 within last 12 bars (within 0.60 ATR). DistToEMA50=25.1pips.
II	0	11:07:03.026	Cazyxio_v4.3 (EURUSD,M15)	2026.03.12 17:07:03 | GATE_FAIL | GBPUSD | CopyBuffer failed for Daily EMA200.
QH	0	11:07:55.314	Cazyxio_v4.3 (EURUSD,M15)	2026.03.12 17:07:55 | HEARTBEAT | SYSTEM | EA alive. Tick=45300 Equity=44254.02 OpenPos=0 PendingOrders=0 UTC=2026.03.12 17:07 DayOfWeek=4 WeekendCloseActive=NO NewTradeBlocked=NO | 45300.000000
HJ	0	11:08:45.020	Cazyxio_v4.3 (EURUSD,M15)	2026.03.12 17:08:45 | HEARTBEAT | SYSTEM | EA alive. Tick=45400 Equity=44254.02 OpenPos=0 PendingOrders=0 UTC=2026.03.12 17:08 DayOfWeek=4 WeekendCloseActive=NO NewTradeBlocked=NO | 45400.000000
FD	0	11:09:44.104	Cazyxio_v4.3 (EURUSD,M15)	2026.03.12 17:09:44 | HEARTBEAT | SYSTEM | EA alive. Tick=45500 Equity=44254.02 OpenPos=0 PendingOrders=0 UTC=2026.03.12 17:09 DayOfWeek=4 WeekendCloseActive=NO NewTradeBlocked=NO | 45500.000000
PF	0	11:10:48.883	Cazyxio_v4.3 (EURUSD,M15)	2026.03.12 17:10:48 | HEARTBEAT | SYSTEM | EA alive. Tick=45600 Equity=44254.02 OpenPos=0 PendingOrders=0 UTC=2026.03.12 17:10 DayOfWeek=4 WeekendCloseActive=NO NewTradeBlocked=NO | 45600.000000
LP	0	11:11:55.402	Cazyxio_v4.3 (EURUSD,M15)	2026.03.12 17:11:55 | HEARTBEAT | SYSTEM | EA alive. Tick=45700 Equity=44254.02 OpenPos=0 PendingOrders=0 UTC=2026.03.12 17:11 DayOfWeek=4 WeekendCloseActive=NO NewTradeBlocked=NO | 45700.000000
NR	0	11:13:19.125	Cazyxio_v4.3 (EURUSD,M15)	2026.03.12 17:13:19 | HEARTBEAT | SYSTEM | EA alive. Tick=45800 Equity=44254.02 OpenPos=0 PendingOrders=0 UTC=2026.03.12 17:13 DayOfWeek=4 WeekendCloseActive=NO NewTradeBlocked=NO | 45800.000000
JL	0	11:14:16.409	Cazyxio_v4.3 (EURUSD,M15)	2026.03.12 17:14:16 | HEARTBEAT | SYSTEM | EA alive. Tick=45900 Equity=44254.02 OpenPos=0 PendingOrders=0 UTC=2026.03.12 17:14 DayOfWeek=4 WeekendCloseActive=NO NewTradeBlocked=NO | 45900.000000
QO	0	11:17:21.433	Cazyxio_v4.3 (EURUSD,M15)	2026.03.12 17:17:21 | GATE_FAIL | GBPUSD | CopyBuffer failed for Daily EMA200.
KI	0	11:19:41.850	Cazyxio_v4.3 (EURUSD,M15)	2026.03.12 17:19:41 | GATE_FAIL | EURUSD | CopyBuffer failed for Daily EMA200.
QI	0	11:22:02.200	Cazyxio_v4.3 (EURUSD,M15)	2026.03.12 17:22:02 | GATE_FAIL | USDJPY | CopyBuffer failed for Daily EMA200.
JD	0	11:22:02.200	Cazyxio_v4.3 (EURUSD,M15)	2026.03.12 17:22:02 | BAR | AUDUSD | close=0.70860 h4ema200=0.70152 h4slope=UP dailyEMA200=0.67010 adx=26.5 ema50=0.71123 distToEMA50=26.3pips touchSeq=0 atr=0.001409 atrRatio=1.718 dir=LONG spread=16.0 spreadOK=YES atrGate=PASS touch=FAIL momCandle=momClosePos=0.056 momOk=N ema50Ok=Y barRange=0.001070 zeroRangeBar=NO trigger=NO hasPos=NO portRisk=0.00% openPos=0 | 0.708600
CN	0	11:22:02.200	Cazyxio_v4.3 (EURUSD,M15)	2026.03.12 17:22:02 | GATE_FAIL | AUDUSD | Touch/pullback gate FAIL. Price has not approached EMA50 within last 12 bars (within 0.60 ATR). DistToEMA50=26.3pips.
MD	0	11:22:02.200	Cazyxio_v4.3 (EURUSD,M15)	2026.03.12 17:22:02 | BAR | GBPJPY | close=212.631 h4ema200=210.771 h4slope=UP dailyEMA200=204.712 adx=29.6 ema50=212.602 distToEMA50=2.9pips touchSeq=8 atr=0.136571 atrRatio=1.269 dir=LONG spread=37.0 spreadOK=NO atrGate=PASS touch=PASS momCandle=momClosePos=0.778 momOk=Y ema50Ok=Y barRange=0.180000 zeroRangeBar=NO trigger=YES hasPos=NO portRisk=0.00% openPos=0 | 212.631000
FS	0	11:22:02.200	Cazyxio_v4.3 (EURUSD,M15)	2026.03.12 17:22:02 | GATE_FAIL | GBPJPY | Spread too wide. Spread=37.0 Max=30 points.
QM	0	11:22:02.200	Cazyxio_v4.3 (EURUSD,M15)	2026.03.12 17:22:02 | BAR | USDCAD | close=1.36254 h4ema200=1.36615 h4slope=DOWN dailyEMA200=1.38132 adx=24.8 ema50=1.36032 distToEMA50=22.2pips touchSeq=0 atr=0.001123 atrRatio=1.832 dir=SHORT spread=23.0 spreadOK=YES atrGate=PASS touch=FAIL momCandle=momClosePos=0.767 momOk=N ema50Ok=Y barRange=0.000900 zeroRangeBar=NO trigger=NO hasPos=NO portRisk=0.00% openPos=0 | 1.362540
IS	0	11:22:02.201	Cazyxio_v4.3 (EURUSD,M15)	2026.03.12 17:22:02 | GATE_FAIL | USDCAD | Touch/pullback gate FAIL. Price has not approached EMA50 within last 12 bars (within 0.60 ATR). DistToEMA50=22.2pips.
RO	0	11:22:25.084	Cazyxio_v4.3 (EURUSD,M15)	2026.03.12 17:22:25 | HEARTBEAT | SYSTEM | EA alive. Tick=46000 Equity=44254.02 OpenPos=0 PendingOrders=0 UTC=2026.03.12 17:22 DayOfWeek=4 WeekendCloseActive=NO NewTradeBlocked=NO | 46000.000000
LI	0	11:23:12.597	Cazyxio_v4.3 (EURUSD,M15)	2026.03.12 17:23:12 | HEARTBEAT | SYSTEM | EA alive. Tick=46100 Equity=44254.02 OpenPos=0 PendingOrders=0 UTC=2026.03.12 17:23 DayOfWeek=4 WeekendCloseActive=NO NewTradeBlocked=NO | 46100.000000
EK	0	11:24:08.447	Cazyxio_v4.3 (EURUSD,M15)	2026.03.12 17:24:08 | HEARTBEAT | SYSTEM | EA alive. Tick=46200 Equity=44254.02 OpenPos=0 PendingOrders=0 UTC=2026.03.12 17:24 DayOfWeek=4 WeekendCloseActive=NO NewTradeBlocked=NO | 46200.000000
RE	0	11:25:16.128	Cazyxio_v4.3 (EURUSD,M15)	2026.03.12 17:25:16 | HEARTBEAT | SYSTEM | EA alive. Tick=46300 Equity=44254.02 OpenPos=0 PendingOrders=0 UTC=2026.03.12 17:25 DayOfWeek=4 WeekendCloseActive=NO NewTradeBlocked=NO | 46300.000000
DG	0	11:26:12.006	Cazyxio_v4.3 (EURUSD,M15)	2026.03.12 17:26:12 | HEARTBEAT | SYSTEM | EA alive. Tick=46400 Equity=44254.02 OpenPos=0 PendingOrders=0 UTC=2026.03.12 17:26 DayOfWeek=4 WeekendCloseActive=NO NewTradeBlocked=NO | 46400.000000
GQ	0	11:27:11.453	Cazyxio_v4.3 (EURUSD,M15)	2026.03.12 17:27:11 | HEARTBEAT | SYSTEM | EA alive. Tick=46500 Equity=44254.02 OpenPos=0 PendingOrders=0 UTC=2026.03.12 17:27 DayOfWeek=4 WeekendCloseActive=NO NewTradeBlocked=NO | 46500.000000
FS	0	11:28:16.965	Cazyxio_v4.3 (EURUSD,M15)	2026.03.12 17:28:16 | HEARTBEAT | SYSTEM | EA alive. Tick=46600 Equity=44254.02 OpenPos=0 PendingOrders=0 UTC=2026.03.12 17:28 DayOfWeek=4 WeekendCloseActive=NO NewTradeBlocked=NO | 46600.000000
CM	0	11:29:17.769	Cazyxio_v4.3 (EURUSD,M15)	2026.03.12 17:29:17 | HEARTBEAT | SYSTEM | EA alive. Tick=46700 Equity=44254.02 OpenPos=0 PendingOrders=0 UTC=2026.03.12 17:29 DayOfWeek=4 WeekendCloseActive=NO NewTradeBlocked=NO | 46700.000000
FN	0	11:32:22.041	Cazyxio_v4.3 (EURUSD,M15)	2026.03.12 17:32:22 | GATE_FAIL | GBPUSD | CopyBuffer failed for Daily EMA200.
GO	0	11:34:42.379	Cazyxio_v4.3 (EURUSD,M15)	2026.03.12 17:34:42 | GATE_FAIL | EURUSD | CopyBuffer failed for Daily EMA200.
KN	0	11:37:02.822	Cazyxio_v4.3 (EURUSD,M15)	2026.03.12 17:37:02 | GATE_FAIL | USDJPY | CopyBuffer failed for Daily EMA200.
OR	0	11:37:02.822	Cazyxio_v4.3 (EURUSD,M15)	2026.03.12 17:37:02 | BAR | AUDUSD | close=0.70875 h4ema200=0.70152 h4slope=UP dailyEMA200=0.67010 adx=26.5 ema50=0.71113 distToEMA50=23.8pips touchSeq=0 atr=0.001407 atrRatio=1.709 dir=LONG spread=19.0 spreadOK=YES atrGate=PASS touch=FAIL momCandle=momClosePos=0.391 momOk=N ema50Ok=Y barRange=0.000870 zeroRangeBar=NO trigger=NO hasPos=NO portRisk=0.00% openPos=0 | 0.708750
CQ	0	11:37:02.822	Cazyxio_v4.3 (EURUSD,M15)	2026.03.12 17:37:02 | GATE_FAIL | AUDUSD | Touch/pullback gate FAIL. Price has not approached EMA50 within last 12 bars (within 0.60 ATR). DistToEMA50=23.8pips.
KG	0	11:37:02.822	Cazyxio_v4.3 (EURUSD,M15)	2026.03.12 17:37:02 | BAR | GBPJPY | close=212.683 h4ema200=210.771 h4slope=UP dailyEMA200=204.713 adx=30.4 ema50=212.608 distToEMA50=7.5pips touchSeq=9 atr=0.139000 atrRatio=1.293 dir=LONG spread=39.0 spreadOK=NO atrGate=PASS touch=PASS momCandle=momClosePos=0.835 momOk=Y ema50Ok=Y barRange=0.115000 zeroRangeBar=NO trigger=YES hasPos=NO portRisk=0.00% openPos=0 | 212.683000
NR	0	11:37:02.822	Cazyxio_v4.3 (EURUSD,M15)	2026.03.12 17:37:02 | GATE_FAIL | GBPJPY | Spread too wide. Spread=39.0 Max=30 points.
ES	0	11:37:02.822	Cazyxio_v4.3 (EURUSD,M15)	2026.03.12 17:37:02 | BAR | USDCAD | close=1.36275 h4ema200=1.36616 h4slope=DOWN dailyEMA200=1.38133 adx=24.8 ema50=1.36042 distToEMA50=23.3pips touchSeq=0 atr=0.001126 atrRatio=1.830 dir=SHORT spread=25.0 spreadOK=YES atrGate=PASS touch=FAIL momCandle=momClosePos=0.862 momOk=N ema50Ok=Y barRange=0.000580 zeroRangeBar=NO trigger=NO hasPos=NO portRisk=0.00% openPos=0 | 1.362750
DE	0	11:37:02.822	Cazyxio_v4.3 (EURUSD,M15)	2026.03.12 17:37:02 | GATE_FAIL | USDCAD | Touch/pullback gate FAIL. Price has not approached EMA50 within last 12 bars (within 0.60 ATR). DistToEMA50=23.3pips.
DL	0	11:37:15.453	Cazyxio_v4.3 (EURUSD,M15)	2026.03.12 17:37:15 | HEARTBEAT | SYSTEM | EA alive. Tick=46800 Equity=44254.02 OpenPos=0 PendingOrders=0 UTC=2026.03.12 17:37 DayOfWeek=4 WeekendCloseActive=NO NewTradeBlocked=NO | 46800.000000
ON	0	11:38:17.176	Cazyxio_v4.3 (EURUSD,M15)	2026.03.12 17:38:17 | HEARTBEAT | SYSTEM | EA alive. Tick=46900 Equity=44254.02 OpenPos=0 PendingOrders=0 UTC=2026.03.12 17:38 DayOfWeek=4 WeekendCloseActive=NO NewTradeBlocked=NO | 46900.000000
LH	0	11:39:20.163	Cazyxio_v4.3 (EURUSD,M15)	2026.03.12 17:39:20 | HEARTBEAT | SYSTEM | EA alive. Tick=47000 Equity=44254.02 OpenPos=0 PendingOrders=0 UTC=2026.03.12 17:39 DayOfWeek=4 WeekendCloseActive=NO NewTradeBlocked=NO | 47000.000000
HJ	0	11:40:19.042	Cazyxio_v4.3 (EURUSD,M15)	2026.03.12 17:40:19 | HEARTBEAT | SYSTEM | EA alive. Tick=47100 Equity=44254.02 OpenPos=0 PendingOrders=0 UTC=2026.03.12 17:40 DayOfWeek=4 WeekendCloseActive=NO NewTradeBlocked=NO | 47100.000000
HD	0	11:41:19.205	Cazyxio_v4.3 (EURUSD,M15)	2026.03.12 17:41:19 | HEARTBEAT | SYSTEM | EA alive. Tick=47200 Equity=44254.02 OpenPos=0 PendingOrders=0 UTC=2026.03.12 17:41 DayOfWeek=4 WeekendCloseActive=NO NewTradeBlocked=NO | 47200.000000
FF	0	11:42:14.354	Cazyxio_v4.3 (EURUSD,M15)	2026.03.12 17:42:14 | HEARTBEAT | SYSTEM | EA alive. Tick=47300 Equity=44254.02 OpenPos=0 PendingOrders=0 UTC=2026.03.12 17:42 DayOfWeek=4 WeekendCloseActive=NO NewTradeBlocked=NO | 47300.000000
CP	0	11:42:57.436	Cazyxio_v4.3 (EURUSD,M15)	2026.03.12 17:42:57 | HEARTBEAT | SYSTEM | EA alive. Tick=47400 Equity=44254.02 OpenPos=0 PendingOrders=0 UTC=2026.03.12 17:42 DayOfWeek=4 WeekendCloseActive=NO NewTradeBlocked=NO | 47400.000000
CR	0	11:43:58.990	Cazyxio_v4.3 (EURUSD,M15)	2026.03.12 17:43:58 | HEARTBEAT | SYSTEM | EA alive. Tick=47500 Equity=44254.02 OpenPos=0 PendingOrders=0 UTC=2026.03.12 17:43 DayOfWeek=4 WeekendCloseActive=NO NewTradeBlocked=NO | 47500.000000
NL	0	11:44:55.840	Cazyxio_v4.3 (EURUSD,M15)	2026.03.12 17:44:55 | HEARTBEAT | SYSTEM | EA alive. Tick=47600 Equity=44254.02 OpenPos=0 PendingOrders=0 UTC=2026.03.12 17:44 DayOfWeek=4 WeekendCloseActive=NO NewTradeBlocked=NO | 47600.000000
HO	0	11:47:21.531	Cazyxio_v4.3 (EURUSD,M15)	2026.03.12 17:47:21 | GATE_FAIL | GBPUSD | CopyBuffer failed for Daily EMA200.
LN	0	11:49:41.985	Cazyxio_v4.3 (EURUSD,M15)	2026.03.12 17:49:41 | GATE_FAIL | EURUSD | CopyBuffer failed for Daily EMA200.
KI	0	11:52:02.408	Cazyxio_v4.3 (EURUSD,M15)	2026.03.12 17:52:02 | GATE_FAIL | USDJPY | CopyBuffer failed for Daily EMA200.
PE	0	11:52:02.408	Cazyxio_v4.3 (EURUSD,M15)	2026.03.12 17:52:02 | BAR | AUDUSD | close=0.70868 h4ema200=0.70151 h4slope=UP dailyEMA200=0.67010 adx=26.5 ema50=0.71102 distToEMA50=23.4pips touchSeq=0 atr=0.001349 atrRatio=1.632 dir=LONG spread=17.0 spreadOK=YES atrGate=PASS touch=FAIL momCandle=momClosePos=0.232 momOk=N ema50Ok=Y barRange=0.000560 zeroRangeBar=NO trigger=NO hasPos=NO portRisk=0.00% openPos=0 | 0.708680
GQ	0	11:52:02.408	Cazyxio_v4.3 (EURUSD,M15)	2026.03.12 17:52:02 | GATE_FAIL | AUDUSD | Touch/pullback gate FAIL. Price has not approached EMA50 within last 12 bars (within 0.60 ATR). DistToEMA50=23.4pips.
GI	0	11:52:02.408	Cazyxio_v4.3 (EURUSD,M15)	2026.03.12 17:52:02 | BAR | GBPJPY | close=212.734 h4ema200=210.772 h4slope=UP dailyEMA200=204.713 adx=30.4 ema50=212.614 distToEMA50=12.0pips touchSeq=10 atr=0.133286 atrRatio=1.241 dir=LONG spread=41.0 spreadOK=NO atrGate=PASS touch=PASS momCandle=momClosePos=0.635 momOk=N ema50Ok=Y barRange=0.096000 zeroRangeBar=NO trigger=NO hasPos=NO portRisk=0.00% openPos=0 | 212.734000
IS	0	11:52:02.408	Cazyxio_v4.3 (EURUSD,M15)	2026.03.12 17:52:02 | GATE_FAIL | GBPJPY | Spread too wide. Spread=41.0 Max=30 points.
FQ	0	11:52:02.408	Cazyxio_v4.3 (EURUSD,M15)	2026.03.12 17:52:02 | BAR | USDCAD | close=1.36245 h4ema200=1.36616 h4slope=DOWN dailyEMA200=1.38133 adx=24.8 ema50=1.36050 distToEMA50=19.5pips touchSeq=0 atr=0.001117 atrRatio=1.810 dir=SHORT spread=24.0 spreadOK=YES atrGate=PASS touch=FAIL momCandle=momClosePos=0.143 momOk=Y ema50Ok=Y barRange=0.000770 zeroRangeBar=NO trigger=YES hasPos=NO portRisk=0.00% openPos=0 | 1.362450
ED	0	11:52:02.408	Cazyxio_v4.3 (EURUSD,M15)	2026.03.12 17:52:02 | GATE_FAIL | USDCAD | Touch/pullback gate FAIL. Price has not approached EMA50 within last 12 bars (within 0.60 ATR). DistToEMA50=19.5pips.
CL	0	11:53:23.292	Cazyxio_v4.3 (EURUSD,M15)	2026.03.12 17:53:23 | HEARTBEAT | SYSTEM | EA alive. Tick=47700 Equity=44254.02 OpenPos=0 PendingOrders=0 UTC=2026.03.12 17:53 DayOfWeek=4 WeekendCloseActive=NO NewTradeBlocked=NO | 47700.000000
EN	0	11:54:42.408	Cazyxio_v4.3 (EURUSD,M15)	2026.03.12 17:54:42 | HEARTBEAT | SYSTEM | EA alive. Tick=47800 Equity=44254.02 OpenPos=0 PendingOrders=0 UTC=2026.03.12 17:54 DayOfWeek=4 WeekendCloseActive=NO NewTradeBlocked=NO | 47800.000000
GH	0	11:55:46.128	Cazyxio_v4.3 (EURUSD,M15)	2026.03.12 17:55:46 | HEARTBEAT | SYSTEM | EA alive. Tick=47900 Equity=44254.02 OpenPos=0 PendingOrders=0 UTC=2026.03.12 17:55 DayOfWeek=4 WeekendCloseActive=NO NewTradeBlocked=NO | 47900.000000
MJ	0	11:57:01.241	Cazyxio_v4.3 (EURUSD,M15)	2026.03.12 17:57:01 | HEARTBEAT | SYSTEM | EA alive. Tick=48000 Equity=44254.02 OpenPos=0 PendingOrders=0 UTC=2026.03.12 17:57 DayOfWeek=4 WeekendCloseActive=NO NewTradeBlocked=NO | 48000.000000
PD	0	11:58:01.924	Cazyxio_v4.3 (EURUSD,M15)	2026.03.12 17:58:01 | HEARTBEAT | SYSTEM | EA alive. Tick=48100 Equity=44254.02 OpenPos=0 PendingOrders=0 UTC=2026.03.12 17:58 DayOfWeek=4 WeekendCloseActive=NO NewTradeBlocked=NO | 48100.000000
CF	0	11:59:08.245	Cazyxio_v4.3 (EURUSD,M15)	2026.03.12 17:59:08 | HEARTBEAT | SYSTEM | EA alive. Tick=48200 Equity=44254.02 OpenPos=0 PendingOrders=0 UTC=2026.03.12 17:59 DayOfWeek=4 WeekendCloseActive=NO NewTradeBlocked=NO | 48200.000000
IQ	0	12:02:21.451	Cazyxio_v4.3 (EURUSD,M15)	2026.03.12 18:02:21 | GATE_FAIL | GBPUSD | CopyBuffer failed for Daily EMA200.
DS	0	12:04:41.901	Cazyxio_v4.3 (EURUSD,M15)	2026.03.12 18:04:41 | GATE_FAIL | EURUSD | CopyBuffer failed for Daily EMA200.
GS	0	12:07:02.235	Cazyxio_v4.3 (EURUSD,M15)	2026.03.12 18:07:02 | GATE_FAIL | USDJPY | CopyBuffer failed for Daily EMA200.
PN	0	12:07:02.235	Cazyxio_v4.3 (EURUSD,M15)	2026.03.12 18:07:02 | BAR | AUDUSD | close=0.70837 h4ema200=0.70151 h4slope=UP dailyEMA200=0.67010 adx=26.5 ema50=0.71092 distToEMA50=25.5pips touchSeq=0 atr=0.001309 atrRatio=1.579 dir=LONG spread=16.0 spreadOK=YES atrGate=PASS touch=FAIL momCandle=momClosePos=0.492 momOk=N ema50Ok=Y barRange=0.000630 zeroRangeBar=NO trigger=NO hasPos=NO portRisk=0.00% openPos=0 | 0.708370
RD	0	12:07:02.235	Cazyxio_v4.3 (EURUSD,M15)	2026.03.12 18:07:02 | GATE_FAIL | AUDUSD | Touch/pullback gate FAIL. Price has not approached EMA50 within last 12 bars (within 0.60 ATR). DistToEMA50=25.5pips.
JR	0	12:07:02.235	Cazyxio_v4.3 (EURUSD,M15)	2026.03.12 18:07:02 | BAR | GBPJPY | close=212.763 h4ema200=210.772 h4slope=UP dailyEMA200=204.713 adx=30.7 ema50=212.620 distToEMA50=14.3pips touchSeq=11 atr=0.131000 atrRatio=1.221 dir=LONG spread=39.0 spreadOK=NO atrGate=PASS touch=PASS momCandle=momClosePos=0.970 momOk=Y ema50Ok=Y barRange=0.066000 zeroRangeBar=NO trigger=YES hasPos=NO portRisk=0.00% openPos=0 | 212.763000
NI	0	12:07:02.235	Cazyxio_v4.3 (EURUSD,M15)	2026.03.12 18:07:02 | GATE_FAIL | GBPJPY | Spread too wide. Spread=39.0 Max=30 points.
EK	0	12:07:02.236	Cazyxio_v4.3 (EURUSD,M15)	2026.03.12 18:07:02 | BAR | USDCAD | close=1.36247 h4ema200=1.36615 h4slope=DOWN dailyEMA200=1.38132 adx=24.8 ema50=1.36056 distToEMA50=19.1pips touchSeq=0 atr=0.001091 atrRatio=1.763 dir=SHORT spread=23.0 spreadOK=YES atrGate=PASS touch=FAIL momCandle=momClosePos=0.119 momOk=Y ema50Ok=Y barRange=0.000590 zeroRangeBar=NO trigger=YES hasPos=NO portRisk=0.00% openPos=0 | 1.362470
RJ	0	12:07:02.236	Cazyxio_v4.3 (EURUSD,M15)	2026.03.12 18:07:02 | GATE_FAIL | USDCAD | Touch/pullback gate FAIL. Price has not approached EMA50 within last 12 bars (within 0.60 ATR). DistToEMA50=19.1pips.
RF	0	12:07:29.453	Cazyxio_v4.3 (EURUSD,M15)	2026.03.12 18:07:29 | HEARTBEAT | SYSTEM | EA alive. Tick=48300 Equity=44254.02 OpenPos=0 PendingOrders=0 UTC=2026.03.12 18:07 DayOfWeek=4 WeekendCloseActive=NO NewTradeBlocked=NO | 48300.000000
LP	0	12:09:08.381	Cazyxio_v4.3 (EURUSD,M15)	2026.03.12 18:09:08 | HEARTBEAT | SYSTEM | EA alive. Tick=48400 Equity=44254.02 OpenPos=0 PendingOrders=0 UTC=2026.03.12 18:09 DayOfWeek=4 WeekendCloseActive=NO NewTradeBlocked=NO | 48400.000000
GR	0	12:10:07.258	Cazyxio_v4.3 (EURUSD,M15)	2026.03.12 18:10:07 | HEARTBEAT | SYSTEM | EA alive. Tick=48500 Equity=44254.02 OpenPos=0 PendingOrders=0 UTC=2026.03.12 18:10 DayOfWeek=4 WeekendCloseActive=NO NewTradeBlocked=NO | 48500.000000
CL	0	12:11:38.318	Cazyxio_v4.3 (EURUSD,M15)	2026.03.12 18:11:38 | HEARTBEAT | SYSTEM | EA alive. Tick=48600 Equity=44254.02 OpenPos=0 PendingOrders=0 UTC=2026.03.12 18:11 DayOfWeek=4 WeekendCloseActive=NO NewTradeBlocked=NO | 48600.000000
JN	0	12:13:05.917	Cazyxio_v4.3 (EURUSD,M15)	2026.03.12 18:13:05 | HEARTBEAT | SYSTEM | EA alive. Tick=48700 Equity=44254.02 OpenPos=0 PendingOrders=0 UTC=2026.03.12 18:13 DayOfWeek=4 WeekendCloseActive=NO NewTradeBlocked=NO | 48700.000000
OH	0	12:14:28.560	Cazyxio_v4.3 (EURUSD,M15)	2026.03.12 18:14:28 | HEARTBEAT | SYSTEM | EA alive. Tick=48800 Equity=44254.02 OpenPos=0 PendingOrders=0 UTC=2026.03.12 18:14 DayOfWeek=4 WeekendCloseActive=NO NewTradeBlocked=NO | 48800.000000
JK	0	12:17:21.546	Cazyxio_v4.3 (EURUSD,M15)	2026.03.12 18:17:21 | GATE_FAIL | GBPUSD | CopyBuffer failed for Daily EMA200.
FE	0	12:19:41.972	Cazyxio_v4.3 (EURUSD,M15)	2026.03.12 18:19:41 | GATE_FAIL | EURUSD | CopyBuffer failed for Daily EMA200.
CE	0	12:22:02.446	Cazyxio_v4.3 (EURUSD,M15)	2026.03.12 18:22:02 | GATE_FAIL | USDJPY | CopyBuffer failed for Daily EMA200.
KH	0	12:22:02.446	Cazyxio_v4.3 (EURUSD,M15)	2026.03.12 18:22:02 | BAR | AUDUSD | close=0.70843 h4ema200=0.70151 h4slope=UP dailyEMA200=0.67009 adx=26.5 ema50=0.71080 distToEMA50=23.7pips touchSeq=0 atr=0.001196 atrRatio=1.438 dir=LONG spread=15.0 spreadOK=YES atrGate=PASS touch=FAIL momCandle=momClosePos=0.357 momOk=N ema50Ok=Y barRange=0.000420 zeroRangeBar=NO trigger=NO hasPos=NO portRisk=0.00% openPos=0 | 0.708430
JJ	0	12:22:02.446	Cazyxio_v4.3 (EURUSD,M15)	2026.03.12 18:22:02 | GATE_FAIL | AUDUSD | Touch/pullback gate FAIL. Price has not approached EMA50 within last 12 bars (within 0.60 ATR). DistToEMA50=23.7pips.
PK	0	12:22:02.446	Cazyxio_v4.3 (EURUSD,M15)	2026.03.12 18:22:02 | BAR | GBPJPY | close=212.833 h4ema200=210.772 h4slope=UP dailyEMA200=204.713 adx=31.3 ema50=212.627 distToEMA50=20.6pips touchSeq=0 atr=0.130929 atrRatio=1.222 dir=LONG spread=33.0 spreadOK=NO atrGate=PASS touch=PASS momCandle=momClosePos=0.972 momOk=Y ema50Ok=Y barRange=0.107000 zeroRangeBar=NO trigger=YES hasPos=NO portRisk=0.00% openPos=0 | 212.833000
NG	0	12:22:02.446	Cazyxio_v4.3 (EURUSD,M15)	2026.03.12 18:22:02 | GATE_FAIL | GBPJPY | Spread too wide. Spread=33.0 Max=30 points.
QI	0	12:22:02.446	Cazyxio_v4.3 (EURUSD,M15)	2026.03.12 18:22:02 | BAR | USDCAD | close=1.36242 h4ema200=1.36615 h4slope=DOWN dailyEMA200=1.38132 adx=24.8 ema50=1.36064 distToEMA50=17.8pips touchSeq=0 atr=0.001016 atrRatio=1.640 dir=SHORT spread=24.0 spreadOK=YES atrGate=PASS touch=FAIL momCandle=momClosePos=0.541 momOk=N ema50Ok=Y barRange=0.000610 zeroRangeBar=NO trigger=NO hasPos=NO portRisk=0.00% openPos=0 | 1.362420
JO	0	12:22:02.446	Cazyxio_v4.3 (EURUSD,M15)	2026.03.12 18:22:02 | GATE_FAIL | USDCAD | Touch/pullback gate FAIL. Price has not approached EMA50 within last 12 bars (within 0.60 ATR). DistToEMA50=17.8pips.
OK	0	12:22:29.707	Cazyxio_v4.3 (EURUSD,M15)	2026.03.12 18:22:29 | HEARTBEAT | SYSTEM | EA alive. Tick=48900 Equity=44254.02 OpenPos=0 PendingOrders=0 UTC=2026.03.12 18:22 DayOfWeek=4 WeekendCloseActive=NO NewTradeBlocked=NO | 48900.000000
LE	0	12:24:06.210	Cazyxio_v4.3 (EURUSD,M15)	2026.03.12 18:24:06 | HEARTBEAT | SYSTEM | EA alive. Tick=49000 Equity=44254.02 OpenPos=0 PendingOrders=0 UTC=2026.03.12 18:24 DayOfWeek=4 WeekendCloseActive=NO NewTradeBlocked=NO | 49000.000000
IG	0	12:25:08.490	Cazyxio_v4.3 (EURUSD,M15)	2026.03.12 18:25:08 | HEARTBEAT | SYSTEM | EA alive. Tick=49100 Equity=44254.02 OpenPos=0 PendingOrders=0 UTC=2026.03.12 18:25 DayOfWeek=4 WeekendCloseActive=NO NewTradeBlocked=NO | 49100.000000
PQ	0	12:26:37.014	Cazyxio_v4.3 (EURUSD,M15)	2026.03.12 18:26:37 | HEARTBEAT | SYSTEM | EA alive. Tick=49200 Equity=44254.02 OpenPos=0 PendingOrders=0 UTC=2026.03.12 18:26 DayOfWeek=4 WeekendCloseActive=NO NewTradeBlocked=NO | 49200.000000
CS	0	12:27:56.867	Cazyxio_v4.3 (EURUSD,M15)	2026.03.12 18:27:56 | HEARTBEAT | SYSTEM | EA alive. Tick=49300 Equity=44254.02 OpenPos=0 PendingOrders=0 UTC=2026.03.12 18:27 DayOfWeek=4 WeekendCloseActive=NO NewTradeBlocked=NO | 49300.000000
HM	0	12:29:18.736	Cazyxio_v4.3 (EURUSD,M15)	2026.03.12 18:29:18 | HEARTBEAT | SYSTEM | EA alive. Tick=49400 Equity=44254.02 OpenPos=0 PendingOrders=0 UTC=2026.03.12 18:29 DayOfWeek=4 WeekendCloseActive=NO NewTradeBlocked=NO | 49400.000000
FN	0	12:32:23.621	Cazyxio_v4.3 (EURUSD,M15)	2026.03.12 18:32:23 | GATE_FAIL | GBPUSD | CopyBuffer failed for Daily EMA200.
MN	0	12:34:44.021	Cazyxio_v4.3 (EURUSD,M15)	2026.03.12 18:34:44 | GATE_FAIL | EURUSD | CopyBuffer failed for Daily EMA200.
DN	0	12:37:04.441	Cazyxio_v4.3 (EURUSD,M15)	2026.03.12 18:37:04 | GATE_FAIL | USDJPY | CopyBuffer failed for Daily EMA200.
ME	0	12:37:04.441	Cazyxio_v4.3 (EURUSD,M15)	2026.03.12 18:37:04 | BAR | AUDUSD | close=0.70796 h4ema200=0.70151 h4slope=UP dailyEMA200=0.67009 adx=26.5 ema50=0.71069 distToEMA50=27.3pips touchSeq=0 atr=0.001106 atrRatio=1.328 dir=LONG spread=15.0 spreadOK=YES atrGate=PASS touch=FAIL momCandle=momClosePos=0.167 momOk=N ema50Ok=Y barRange=0.000840 zeroRangeBar=NO trigger=NO hasPos=NO portRisk=0.00% openPos=0 | 0.707960
QQ	0	12:37:04.441	Cazyxio_v4.3 (EURUSD,M15)	2026.03.12 18:37:04 | GATE_FAIL | AUDUSD | Touch/pullback gate FAIL. Price has not approached EMA50 within last 12 bars (within 0.60 ATR). DistToEMA50=27.3pips.
FJ	0	12:37:04.441	Cazyxio_v4.3 (EURUSD,M15)	2026.03.12 18:37:04 | BAR | GBPJPY | close=212.715 h4ema200=210.772 h4slope=UP dailyEMA200=204.713 adx=31.3 ema50=212.631 distToEMA50=8.4pips touchSeq=1 atr=0.122071 atrRatio=1.141 dir=LONG spread=41.0 spreadOK=NO atrGate=PASS touch=PASS momCandle=momClosePos=0.111 momOk=N ema50Ok=Y barRange=0.153000 zeroRangeBar=NO trigger=NO hasPos=NO portRisk=0.00% openPos=0 | 212.715000
NR	0	12:37:04.441	Cazyxio_v4.3 (EURUSD,M15)	2026.03.12 18:37:04 | GATE_FAIL | GBPJPY | Spread too wide. Spread=41.0 Max=30 points.
GL	0	12:37:04.441	Cazyxio_v4.3 (EURUSD,M15)	2026.03.12 18:37:04 | BAR | USDCAD | close=1.36233 h4ema200=1.36615 h4slope=DOWN dailyEMA200=1.38132 adx=24.8 ema50=1.36070 distToEMA50=16.3pips touchSeq=0 atr=0.000890 atrRatio=1.437 dir=SHORT spread=21.0 spreadOK=YES atrGate=PASS touch=FAIL momCandle=momClosePos=0.405 momOk=N ema50Ok=Y barRange=0.000420 zeroRangeBar=NO trigger=NO hasPos=NO portRisk=0.00% openPos=0 | 1.362330
OD	0	12:37:04.441	Cazyxio_v4.3 (EURUSD,M15)	2026.03.12 18:37:04 | GATE_FAIL | USDCAD | Touch/pullback gate FAIL. Price has not approached EMA50 within last 12 bars (within 0.60 ATR). DistToEMA50=16.3pips.
PL	0	12:37:38.281	Cazyxio_v4.3 (EURUSD,M15)	2026.03.12 18:37:38 | HEARTBEAT | SYSTEM | EA alive. Tick=49500 Equity=44254.02 OpenPos=0 PendingOrders=0 UTC=2026.03.12 18:37 DayOfWeek=4 WeekendCloseActive=NO NewTradeBlocked=NO | 49500.000000
FN	0	12:39:10.182	Cazyxio_v4.3 (EURUSD,M15)	2026.03.12 18:39:10 | HEARTBEAT | SYSTEM | EA alive. Tick=49600 Equity=44254.02 OpenPos=0 PendingOrders=0 UTC=2026.03.12 18:39 DayOfWeek=4 WeekendCloseActive=NO NewTradeBlocked=NO | 49600.000000
QH	0	12:40:48.998	Cazyxio_v4.3 (EURUSD,M15)	2026.03.12 18:40:48 | HEARTBEAT | SYSTEM | EA alive. Tick=49700 Equity=44254.02 OpenPos=0 PendingOrders=0 UTC=2026.03.12 18:40 DayOfWeek=4 WeekendCloseActive=NO NewTradeBlocked=NO | 49700.000000
GJ	0	12:42:39.132	Cazyxio_v4.3 (EURUSD,M15)	2026.03.12 18:42:39 | HEARTBEAT | SYSTEM | EA alive. Tick=49800 Equity=44254.02 OpenPos=0 PendingOrders=0 UTC=2026.03.12 18:42 DayOfWeek=4 WeekendCloseActive=NO NewTradeBlocked=NO | 49800.000000
DD	0	12:44:05.434	Cazyxio_v4.3 (EURUSD,M15)	2026.03.12 18:44:05 | HEARTBEAT | SYSTEM | EA alive. Tick=49900 Equity=44254.02 OpenPos=0 PendingOrders=0 UTC=2026.03.12 18:44 DayOfWeek=4 WeekendCloseActive=NO NewTradeBlocked=NO | 49900.000000
KF	0	12:47:21.645	Cazyxio_v4.3 (EURUSD,M15)	2026.03.12 18:47:21 | GATE_FAIL | EURUSD | CopyBuffer failed for Daily EMA200.
DF	0	12:49:42.007	Cazyxio_v4.3 (EURUSD,M15)	2026.03.12 18:49:42 | GATE_FAIL | USDJPY | CopyBuffer failed for Daily EMA200.
HM	0	12:49:42.007	Cazyxio_v4.3 (EURUSD,M15)	2026.03.12 18:49:42 | BAR | AUDUSD | close=0.70780 h4ema200=0.70151 h4slope=UP dailyEMA200=0.67009 adx=26.5 ema50=0.71057 distToEMA50=27.7pips touchSeq=0 atr=0.001036 atrRatio=1.241 dir=LONG spread=17.0 spreadOK=YES atrGate=PASS touch=FAIL momCandle=momClosePos=0.328 momOk=N ema50Ok=Y barRange=0.000580 zeroRangeBar=NO trigger=NO hasPos=NO portRisk=0.00% openPos=0 | 0.707800
EI	0	12:49:42.007	Cazyxio_v4.3 (EURUSD,M15)	2026.03.12 18:49:42 | GATE_FAIL | AUDUSD | Touch/pullback gate FAIL. Price has not approached EMA50 within last 12 bars (within 0.60 ATR). DistToEMA50=27.7pips.
NR	0	12:49:42.007	Cazyxio_v4.3 (EURUSD,M15)	2026.03.12 18:49:42 | BAR | GBPJPY | close=212.715 h4ema200=210.771 h4slope=UP dailyEMA200=204.712 adx=31.3 ema50=212.631 distToEMA50=8.4pips touchSeq=2 atr=0.120286 atrRatio=1.126 dir=LONG spread=39.0 spreadOK=NO atrGate=PASS touch=PASS momCandle=momClosePos=0.281 momOk=N ema50Ok=Y barRange=0.057000 zeroRangeBar=NO trigger=NO hasPos=NO portRisk=0.00% openPos=0 | 212.715000
OK	0	12:49:42.007	Cazyxio_v4.3 (EURUSD,M15)	2026.03.12 18:49:42 | GATE_FAIL | GBPJPY | Spread too wide. Spread=39.0 Max=30 points.
GD	0	12:49:42.007	Cazyxio_v4.3 (EURUSD,M15)	2026.03.12 18:49:42 | BAR | USDCAD | close=1.36212 h4ema200=1.36615 h4slope=DOWN dailyEMA200=1.38132 adx=24.8 ema50=1.36075 distToEMA50=13.7pips touchSeq=0 atr=0.000796 atrRatio=1.289 dir=SHORT spread=26.0 spreadOK=YES atrGate=PASS touch=FAIL momCandle=momClosePos=0.500 momOk=N ema50Ok=Y barRange=0.000560 zeroRangeBar=NO trigger=NO hasPos=NO portRisk=0.00% openPos=0 | 1.362120
DL	0	12:49:42.007	Cazyxio_v4.3 (EURUSD,M15)	2026.03.12 18:49:42 | GATE_FAIL | USDCAD | Touch/pullback gate FAIL. Price has not approached EMA50 within last 12 bars (within 0.60 ATR). DistToEMA50=13.7pips.
GE	0	12:52:08.767	Cazyxio_v4.3 (EURUSD,M15)	2026.03.12 18:52:08 | GATE_FAIL | GBPUSD | CopyBuffer failed for Daily EMA200.
JG	0	12:53:16.274	Cazyxio_v4.3 (EURUSD,M15)	2026.03.12 18:53:16 | HEARTBEAT | SYSTEM | EA alive. Tick=50000 Equity=44254.02 OpenPos=0 PendingOrders=0 UTC=2026.03.12 18:53 DayOfWeek=4 WeekendCloseActive=NO NewTradeBlocked=NO | 50000.000000
IQ	0	12:54:45.124	Cazyxio_v4.3 (EURUSD,M15)	2026.03.12 18:54:45 | HEARTBEAT | SYSTEM | EA alive. Tick=50100 Equity=44254.02 OpenPos=0 PendingOrders=0 UTC=2026.03.12 18:54 DayOfWeek=4 WeekendCloseActive=NO NewTradeBlocked=NO | 50100.000000
CS	0	12:56:07.443	Cazyxio_v4.3 (EURUSD,M15)	2026.03.12 18:56:07 | HEARTBEAT | SYSTEM | EA alive. Tick=50200 Equity=44254.02 OpenPos=0 PendingOrders=0 UTC=2026.03.12 18:56 DayOfWeek=4 WeekendCloseActive=NO NewTradeBlocked=NO | 50200.000000
IM	0	12:57:47.631	Cazyxio_v4.3 (EURUSD,M15)	2026.03.12 18:57:47 | HEARTBEAT | SYSTEM | EA alive. Tick=50300 Equity=44254.02 OpenPos=0 PendingOrders=0 UTC=2026.03.12 18:57 DayOfWeek=4 WeekendCloseActive=NO NewTradeBlocked=NO | 50300.000000
PO	0	12:59:06.177	Cazyxio_v4.3 (EURUSD,M15)	2026.03.12 18:59:06 | HEARTBEAT | SYSTEM | EA alive. Tick=50400 Equity=44254.02 OpenPos=0 PendingOrders=0 UTC=2026.03.12 18:59 DayOfWeek=4 WeekendCloseActive=NO NewTradeBlocked=NO | 50400.000000
KI	0	12:59:55.620	Cazyxio_v4.3 (EURUSD,M15)	2026.03.12 18:59:55 | HEARTBEAT | SYSTEM | EA alive. Tick=50500 Equity=44254.02 OpenPos=0 PendingOrders=0 UTC=2026.03.12 18:59 DayOfWeek=4 WeekendCloseActive=NO NewTradeBlocked=NO | 50500.000000
QK	0	13:02:21.614	Cazyxio_v4.3 (EURUSD,M15)	2026.03.12 19:02:21 | GATE_FAIL | EURUSD | CopyBuffer failed for Daily EMA200.
IK	0	13:04:42.057	Cazyxio_v4.3 (EURUSD,M15)	2026.03.12 19:04:42 | GATE_FAIL | USDJPY | CopyBuffer failed for Daily EMA200.
IF	0	13:04:42.057	Cazyxio_v4.3 (EURUSD,M15)	2026.03.12 19:04:42 | BAR | AUDUSD | close=0.70795 h4ema200=0.70151 h4slope=UP dailyEMA200=0.67009 adx=26.5 ema50=0.71047 distToEMA50=25.2pips touchSeq=0 atr=0.000928 atrRatio=1.111 dir=LONG spread=17.0 spreadOK=YES atrGate=PASS touch=FAIL momCandle=momClosePos=0.630 momOk=N ema50Ok=Y barRange=0.000460 zeroRangeBar=NO trigger=NO hasPos=NO portRisk=0.00% openPos=0 | 0.707950
EL	0	13:04:42.057	Cazyxio_v4.3 (EURUSD,M15)	2026.03.12 19:04:42 | GATE_FAIL | AUDUSD | Touch/pullback gate FAIL. Price has not approached EMA50 within last 12 bars (within 0.60 ATR). DistToEMA50=25.2pips.
NG	0	13:04:42.057	Cazyxio_v4.3 (EURUSD,M15)	2026.03.12 19:04:42 | BAR | GBPJPY | close=212.667 h4ema200=210.771 h4slope=UP dailyEMA200=204.712 adx=31.3 ema50=212.633 distToEMA50=3.4pips touchSeq=3 atr=0.114500 atrRatio=1.074 dir=LONG spread=40.0 spreadOK=NO atrGate=PASS touch=PASS momCandle=momClosePos=0.200 momOk=N ema50Ok=Y barRange=0.075000 zeroRangeBar=NO trigger=NO hasPos=NO portRisk=0.00% openPos=0 | 212.667000
HF	0	13:04:42.057	Cazyxio_v4.3 (EURUSD,M15)	2026.03.12 19:04:42 | GATE_FAIL | GBPJPY | Spread too wide. Spread=40.0 Max=30 points.
GO	0	13:04:42.057	Cazyxio_v4.3 (EURUSD,M15)	2026.03.12 19:04:42 | BAR | USDCAD | close=1.36216 h4ema200=1.36615 h4slope=DOWN dailyEMA200=1.38132 adx=24.8 ema50=1.36081 distToEMA50=13.5pips touchSeq=0 atr=0.000751 atrRatio=1.218 dir=SHORT spread=23.0 spreadOK=YES atrGate=PASS touch=FAIL momCandle=momClosePos=0.902 momOk=N ema50Ok=Y barRange=0.000410 zeroRangeBar=NO trigger=NO hasPos=NO portRisk=0.00% openPos=0 | 1.362160
KQ	0	13:04:42.057	Cazyxio_v4.3 (EURUSD,M15)	2026.03.12 19:04:42 | GATE_FAIL | USDCAD | Touch/pullback gate FAIL. Price has not approached EMA50 within last 12 bars (within 0.60 ATR). DistToEMA50=13.5pips.
QH	0	13:07:02.486	Cazyxio_v4.3 (EURUSD,M15)	2026.03.12 19:07:02 | GATE_FAIL | GBPUSD | CopyBuffer failed for Daily EMA200.
CH	0	13:08:18.870	Cazyxio_v4.3 (EURUSD,M15)	2026.03.12 19:08:18 | HEARTBEAT | SYSTEM | EA alive. Tick=50600 Equity=44254.02 OpenPos=0 PendingOrders=0 UTC=2026.03.12 19:08 DayOfWeek=4 WeekendCloseActive=NO NewTradeBlocked=NO | 50600.000000
LJ	0	13:09:29.968	Cazyxio_v4.3 (EURUSD,M15)	2026.03.12 19:09:29 | HEARTBEAT | SYSTEM | EA alive. Tick=50700 Equity=44254.02 OpenPos=0 PendingOrders=0 UTC=2026.03.12 19:09 DayOfWeek=4 WeekendCloseActive=NO NewTradeBlocked=NO | 50700.000000
HD	0	13:11:01.057	Cazyxio_v4.3 (EURUSD,M15)	2026.03.12 19:11:01 | HEARTBEAT | SYSTEM | EA alive. Tick=50800 Equity=44254.02 OpenPos=0 PendingOrders=0 UTC=2026.03.12 19:11 DayOfWeek=4 WeekendCloseActive=NO NewTradeBlocked=NO | 50800.000000
FF	0	13:12:38.263	Cazyxio_v4.3 (EURUSD,M15)	2026.03.12 19:12:38 | HEARTBEAT | SYSTEM | EA alive. Tick=50900 Equity=44254.02 OpenPos=0 PendingOrders=0 UTC=2026.03.12 19:12 DayOfWeek=4 WeekendCloseActive=NO NewTradeBlocked=NO | 50900.000000
LP	0	13:13:50.738	Cazyxio_v4.3 (EURUSD,M15)	2026.03.12 19:13:50 | HEARTBEAT | SYSTEM | EA alive. Tick=51000 Equity=44254.02 OpenPos=0 PendingOrders=0 UTC=2026.03.12 19:13 DayOfWeek=4 WeekendCloseActive=NO NewTradeBlocked=NO | 51000.000000
KR	0	13:17:21.726	Cazyxio_v4.3 (EURUSD,M15)	2026.03.12 19:17:21 | GATE_FAIL | EURUSD | CopyBuffer failed for Daily EMA200.
CR	0	13:19:42.147	Cazyxio_v4.3 (EURUSD,M15)	2026.03.12 19:19:42 | GATE_FAIL | USDJPY | CopyBuffer failed for Daily EMA200.
EQ	0	13:19:42.147	Cazyxio_v4.3 (EURUSD,M15)	2026.03.12 19:19:42 | BAR | AUDUSD | close=0.70799 h4ema200=0.70151 h4slope=UP dailyEMA200=0.67009 adx=26.5 ema50=0.71037 distToEMA50=23.8pips touchSeq=0 atr=0.000881 atrRatio=1.054 dir=LONG spread=17.0 spreadOK=YES atrGate=PASS touch=FAIL momCandle=momClosePos=0.429 momOk=N ema50Ok=Y barRange=0.000560 zeroRangeBar=NO trigger=NO hasPos=NO portRisk=0.00% openPos=0 | 0.707990
CE	0	13:19:42.147	Cazyxio_v4.3 (EURUSD,M15)	2026.03.12 19:19:42 | GATE_FAIL | AUDUSD | Touch/pullback gate FAIL. Price has not approached EMA50 within last 12 bars (within 0.60 ATR). DistToEMA50=23.8pips.
QS	0	13:19:42.147	Cazyxio_v4.3 (EURUSD,M15)	2026.03.12 19:19:42 | BAR | GBPJPY | close=212.718 h4ema200=210.771 h4slope=UP dailyEMA200=204.713 adx=31.3 ema50=212.637 distToEMA50=8.1pips touchSeq=4 atr=0.108500 atrRatio=1.020 dir=LONG spread=38.0 spreadOK=NO atrGate=PASS touch=PASS momCandle=momClosePos=0.974 momOk=Y ema50Ok=Y barRange=0.078000 zeroRangeBar=NO trigger=YES hasPos=NO portRisk=0.00% openPos=0 | 212.718000
IN	0	13:19:42.147	Cazyxio_v4.3 (EURUSD,M15)	2026.03.12 19:19:42 | GATE_FAIL | GBPJPY | Spread too wide. Spread=38.0 Max=30 points.
CP	0	13:19:42.147	Cazyxio_v4.3 (EURUSD,M15)	2026.03.12 19:19:42 | BAR | USDCAD | close=1.36226 h4ema200=1.36615 h4slope=DOWN dailyEMA200=1.38132 adx=24.8 ema50=1.36087 distToEMA50=13.9pips touchSeq=0 atr=0.000717 atrRatio=1.168 dir=SHORT spread=23.0 spreadOK=YES atrGate=PASS touch=FAIL momCandle=momClosePos=0.738 momOk=N ema50Ok=Y barRange=0.000420 zeroRangeBar=NO trigger=NO hasPos=NO portRisk=0.00% openPos=0 | 1.362260
CH	0	13:19:42.147	Cazyxio_v4.3 (EURUSD,M15)	2026.03.12 19:19:42 | GATE_FAIL | USDCAD | Touch/pullback gate FAIL. Price has not approached EMA50 within last 12 bars (within 0.60 ATR). DistToEMA50=13.9pips.
LQ	0	13:22:03.320	Cazyxio_v4.3 (EURUSD,M15)	2026.03.12 19:22:03 | GATE_FAIL | GBPUSD | CopyBuffer failed for Daily EMA200.
QP	0	13:22:48.588	Cazyxio_v4.3 (EURUSD,M15)	2026.03.12 19:22:48 | HEARTBEAT | SYSTEM | EA alive. Tick=51100 Equity=44254.02 OpenPos=0 PendingOrders=0 UTC=2026.03.12 19:22 DayOfWeek=4 WeekendCloseActive=NO NewTradeBlocked=NO | 51100.000000
DR	0	13:24:50.826	Cazyxio_v4.3 (EURUSD,M15)	2026.03.12 19:24:50 | HEARTBEAT | SYSTEM | EA alive. Tick=51200 Equity=44254.02 OpenPos=0 PendingOrders=0 UTC=2026.03.12 19:24 DayOfWeek=4 WeekendCloseActive=NO NewTradeBlocked=NO | 51200.000000
ML	0	13:26:57.445	Cazyxio_v4.3 (EURUSD,M15)	2026.03.12 19:26:57 | HEARTBEAT | SYSTEM | EA alive. Tick=51300 Equity=44254.02 OpenPos=0 PendingOrders=0 UTC=2026.03.12 19:26 DayOfWeek=4 WeekendCloseActive=NO NewTradeBlocked=NO | 51300.000000
MN	0	13:28:35.182	Cazyxio_v4.3 (EURUSD,M15)	2026.03.12 19:28:35 | HEARTBEAT | SYSTEM | EA alive. Tick=51400 Equity=44254.02 OpenPos=0 PendingOrders=0 UTC=2026.03.12 19:28 DayOfWeek=4 WeekendCloseActive=NO NewTradeBlocked=NO | 51400.000000
KI	0	13:32:22.392	Cazyxio_v4.3 (EURUSD,M15)	2026.03.12 19:32:22 | GATE_FAIL | GBPUSD | CopyBuffer failed for Daily EMA200.
OK	0	13:34:42.773	Cazyxio_v4.3 (EURUSD,M15)	2026.03.12 19:34:42 | GATE_FAIL | EURUSD | CopyBuffer failed for Daily EMA200.
EK	0	13:37:03.141	Cazyxio_v4.3 (EURUSD,M15)	2026.03.12 19:37:03 | GATE_FAIL | USDJPY | CopyBuffer failed for Daily EMA200.
DF	0	13:37:03.141	Cazyxio_v4.3 (EURUSD,M15)	2026.03.12 19:37:03 | BAR | AUDUSD | close=0.70796 h4ema200=0.70151 h4slope=UP dailyEMA200=0.67010 adx=26.5 ema50=0.71029 distToEMA50=23.3pips touchSeq=0 atr=0.000794 atrRatio=0.951 dir=LONG spread=19.0 spreadOK=YES atrGate=PASS touch=FAIL momCandle=momClosePos=0.529 momOk=N ema50Ok=Y barRange=0.000340 zeroRangeBar=NO trigger=NO hasPos=NO portRisk=0.00% openPos=0 | 0.707960
DL	0	13:37:03.141	Cazyxio_v4.3 (EURUSD,M15)	2026.03.12 19:37:03 | GATE_FAIL | AUDUSD | Touch/pullback gate FAIL. Price has not approached EMA50 within last 12 bars (within 0.60 ATR). DistToEMA50=23.3pips.
IG	0	13:37:03.141	Cazyxio_v4.3 (EURUSD,M15)	2026.03.12 19:37:03 | BAR | GBPJPY | close=212.719 h4ema200=210.771 h4slope=UP dailyEMA200=204.713 adx=31.3 ema50=212.641 distToEMA50=7.8pips touchSeq=5 atr=0.102571 atrRatio=0.966 dir=LONG spread=36.0 spreadOK=NO atrGate=PASS touch=PASS momCandle=momClosePos=0.592 momOk=N ema50Ok=Y barRange=0.071000 zeroRangeBar=NO trigger=NO hasPos=NO portRisk=0.00% openPos=0 | 212.719000
CF	0	13:37:03.141	Cazyxio_v4.3 (EURUSD,M15)	2026.03.12 19:37:03 | GATE_FAIL | GBPJPY | Spread too wide. Spread=36.0 Max=30 points.
JR	0	13:37:03.141	Cazyxio_v4.3 (EURUSD,M15)	2026.03.12 19:37:03 | BAR | USDCAD | close=1.36221 h4ema200=1.36615 h4slope=DOWN dailyEMA200=1.38132 adx=24.8 ema50=1.36092 distToEMA50=12.9pips touchSeq=0 atr=0.000653 atrRatio=1.065 dir=SHORT spread=22.0 spreadOK=YES atrGate=PASS touch=FAIL momCandle=momClosePos=0.147 momOk=Y ema50Ok=Y barRange=0.000340 zeroRangeBar=NO trigger=YES hasPos=NO portRisk=0.00% openPos=0 | 1.362210
FQ	0	13:37:03.141	Cazyxio_v4.3 (EURUSD,M15)	2026.03.12 19:37:03 | GATE_FAIL | USDCAD | Touch/pullback gate FAIL. Price has not approached EMA50 within last 12 bars (within 0.60 ATR). DistToEMA50=12.9pips.
OI	0	13:37:23.465	Cazyxio_v4.3 (EURUSD,M15)	2026.03.12 19:37:23 | HEARTBEAT | SYSTEM | EA alive. Tick=51500 Equity=44254.02 OpenPos=0 PendingOrders=0 UTC=2026.03.12 19:37 DayOfWeek=4 WeekendCloseActive=NO NewTradeBlocked=NO | 51500.000000
GK	0	13:39:06.540	Cazyxio_v4.3 (EURUSD,M15)	2026.03.12 19:39:06 | HEARTBEAT | SYSTEM | EA alive. Tick=51600 Equity=44254.02 OpenPos=0 PendingOrders=0 UTC=2026.03.12 19:39 DayOfWeek=4 WeekendCloseActive=NO NewTradeBlocked=NO | 51600.000000
QE	0	13:40:35.151	Cazyxio_v4.3 (EURUSD,M15)	2026.03.12 19:40:35 | HEARTBEAT | SYSTEM | EA alive. Tick=51700 Equity=44254.02 OpenPos=0 PendingOrders=0 UTC=2026.03.12 19:40 DayOfWeek=4 WeekendCloseActive=NO NewTradeBlocked=NO | 51700.000000
OG	0	13:42:00.342	Cazyxio_v4.3 (EURUSD,M15)	2026.03.12 19:42:00 | HEARTBEAT | SYSTEM | EA alive. Tick=51800 Equity=44254.02 OpenPos=0 PendingOrders=0 UTC=2026.03.12 19:42 DayOfWeek=4 WeekendCloseActive=NO NewTradeBlocked=NO | 51800.000000
QQ	0	13:44:03.436	Cazyxio_v4.3 (EURUSD,M15)	2026.03.12 19:44:03 | HEARTBEAT | SYSTEM | EA alive. Tick=51900 Equity=44254.02 OpenPos=0 PendingOrders=0 UTC=2026.03.12 19:44 DayOfWeek=4 WeekendCloseActive=NO NewTradeBlocked=NO | 51900.000000
IR	0	13:47:22.299	Cazyxio_v4.3 (EURUSD,M15)	2026.03.12 19:47:22 | GATE_FAIL | GBPUSD | CopyBuffer failed for Daily EMA200.
QR	0	13:49:42.746	Cazyxio_v4.3 (EURUSD,M15)	2026.03.12 19:49:42 | GATE_FAIL | EURUSD | CopyBuffer failed for Daily EMA200.
ER	0	13:52:03.101	Cazyxio_v4.3 (EURUSD,M15)	2026.03.12 19:52:03 | GATE_FAIL | USDJPY | CopyBuffer failed for Daily EMA200.
CQ	0	13:52:03.101	Cazyxio_v4.3 (EURUSD,M15)	2026.03.12 19:52:03 | BAR | AUDUSD | close=0.70803 h4ema200=0.70151 h4slope=UP dailyEMA200=0.67009 adx=26.5 ema50=0.71019 distToEMA50=21.6pips touchSeq=0 atr=0.000699 atrRatio=0.838 dir=LONG spread=17.0 spreadOK=YES atrGate=PASS touch=FAIL momCandle=momClosePos=0.306 momOk=N ema50Ok=Y barRange=0.000490 zeroRangeBar=NO trigger=NO hasPos=NO portRisk=0.00% openPos=0 | 0.708030
QE	0	13:52:03.101	Cazyxio_v4.3 (EURUSD,M15)	2026.03.12 19:52:03 | GATE_FAIL | AUDUSD | Touch/pullback gate FAIL. Price has not approached EMA50 within last 12 bars (within 0.60 ATR). DistToEMA50=21.6pips.
EN	0	13:52:03.101	Cazyxio_v4.3 (EURUSD,M15)	2026.03.12 19:52:03 | BAR | GBPJPY | close=212.653 h4ema200=210.771 h4slope=UP dailyEMA200=204.712 adx=31.3 ema50=212.640 distToEMA50=1.3pips touchSeq=6 atr=0.098786 atrRatio=0.932 dir=LONG spread=37.0 spreadOK=NO atrGate=PASS touch=PASS momCandle=momClosePos=0.156 momOk=N ema50Ok=Y barRange=0.109000 zeroRangeBar=NO trigger=NO hasPos=NO portRisk=0.00% openPos=0 | 212.653000
LN	0	13:52:03.101	Cazyxio_v4.3 (EURUSD,M15)	2026.03.12 19:52:03 | GATE_FAIL | GBPJPY | Spread too wide. Spread=37.0 Max=30 points.
GP	0	13:52:03.101	Cazyxio_v4.3 (EURUSD,M15)	2026.03.12 19:52:03 | BAR | USDCAD | close=1.36255 h4ema200=1.36616 h4slope=DOWN dailyEMA200=1.38133 adx=24.8 ema50=1.36100 distToEMA50=15.5pips touchSeq=0 atr=0.000596 atrRatio=0.975 dir=SHORT spread=25.0 spreadOK=YES atrGate=PASS touch=FAIL momCandle=momClosePos=0.909 momOk=N ema50Ok=Y barRange=0.000550 zeroRangeBar=NO trigger=NO hasPos=NO portRisk=0.00% openPos=0 | 1.362550
QH	0	13:52:03.101	Cazyxio_v4.3 (EURUSD,M15)	2026.03.12 19:52:03 | GATE_FAIL | USDCAD | Touch/pullback gate FAIL. Price has not approached EMA50 within last 12 bars (within 0.60 ATR). DistToEMA50=15.5pips.
PP	0	13:52:56.766	Cazyxio_v4.3 (EURUSD,M15)	2026.03.12 19:52:56 | HEARTBEAT | SYSTEM | EA alive. Tick=52000 Equity=44254.02 OpenPos=0 PendingOrders=0 UTC=2026.03.12 19:52 DayOfWeek=4 WeekendCloseActive=NO NewTradeBlocked=NO | 52000.000000
PR	0	13:54:43.771	Cazyxio_v4.3 (EURUSD,M15)	2026.03.12 19:54:43 | HEARTBEAT | SYSTEM | EA alive. Tick=52100 Equity=44254.02 OpenPos=0 PendingOrders=0 UTC=2026.03.12 19:54 DayOfWeek=4 WeekendCloseActive=NO NewTradeBlocked=NO | 52100.000000
KL	0	13:56:28.655	Cazyxio_v4.3 (EURUSD,M15)	2026.03.12 19:56:28 | HEARTBEAT | SYSTEM | EA alive. Tick=52200 Equity=44254.02 OpenPos=0 PendingOrders=0 UTC=2026.03.12 19:56 DayOfWeek=4 WeekendCloseActive=NO NewTradeBlocked=NO | 52200.000000
HN	0	13:57:45.192	Cazyxio_v4.3 (EURUSD,M15)	2026.03.12 19:57:45 | HEARTBEAT | SYSTEM | EA alive. Tick=52300 Equity=44254.02 OpenPos=0 PendingOrders=0 UTC=2026.03.12 19:57 DayOfWeek=4 WeekendCloseActive=NO NewTradeBlocked=NO | 52300.000000
LH	0	13:59:02.228	Cazyxio_v4.3 (EURUSD,M15)	2026.03.12 19:59:02 | HEARTBEAT | SYSTEM | EA alive. Tick=52400 Equity=44254.02 OpenPos=0 PendingOrders=0 UTC=2026.03.12 19:59 DayOfWeek=4 WeekendCloseActive=NO NewTradeBlocked=NO | 52400.000000
JK	0	14:02:21.628	Cazyxio_v4.3 (EURUSD,M15)	2026.03.12 20:02:21 | GATE_FAIL | GBPUSD | CopyBuffer failed for Daily EMA200.
OE	0	14:04:42.019	Cazyxio_v4.3 (EURUSD,M15)	2026.03.12 20:04:42 | GATE_FAIL | EURUSD | CopyBuffer failed for Daily EMA200.
FE	0	14:07:02.428	Cazyxio_v4.3 (EURUSD,M15)	2026.03.12 20:07:02 | GATE_FAIL | USDJPY | CopyBuffer failed for Daily EMA200.
DI	0	14:07:02.428	Cazyxio_v4.3 (EURUSD,M15)	2026.03.12 20:07:02 | BAR | AUDUSD | close=0.70769 h4ema200=0.70151 h4slope=UP dailyEMA200=0.67009 adx=26.5 ema50=0.71009 distToEMA50=24.0pips touchSeq=0 atr=0.000616 atrRatio=0.739 dir=LONG spread=16.0 spreadOK=YES atrGate=FAIL touch=FAIL momCandle=momClosePos=0.050 momOk=N ema50Ok=Y barRange=0.000400 zeroRangeBar=NO trigger=NO hasPos=NO portRisk=0.00% openPos=0 | 0.707690
DI	0	14:07:02.428	Cazyxio_v4.3 (EURUSD,M15)	2026.03.12 20:07:02 | NEAR_MISS | AUDUSD | ATR near-miss. Ratio=0.739 MinRatio=0.80 Gap=0.061
PQ	0	14:07:02.428	Cazyxio_v4.3 (EURUSD,M15)	2026.03.12 20:07:02 | GATE_FAIL | AUDUSD | ATR gate FAIL. ATR=0.000616 ATR_SMA=0.000833 Ratio=0.739 MinRatio=0.80
FM	0	14:07:02.428	Cazyxio_v4.3 (EURUSD,M15)	2026.03.12 20:07:02 | BAR | GBPJPY | close=212.712 h4ema200=210.772 h4slope=UP dailyEMA200=204.713 adx=31.3 ema50=212.645 distToEMA50=6.7pips touchSeq=7 atr=0.097143 atrRatio=0.917 dir=LONG spread=38.0 spreadOK=NO atrGate=PASS touch=PASS momCandle=momClosePos=0.853 momOk=Y ema50Ok=Y barRange=0.109000 zeroRangeBar=NO trigger=YES hasPos=NO portRisk=0.00% openPos=0 | 212.712000
LH	0	14:07:02.428	Cazyxio_v4.3 (EURUSD,M15)	2026.03.12 20:07:02 | GATE_FAIL | GBPJPY | Spread too wide. Spread=38.0 Max=30 points.
OE	0	14:07:02.428	Cazyxio_v4.3 (EURUSD,M15)	2026.03.12 20:07:02 | BAR | USDCAD | close=1.36283 h4ema200=1.36616 h4slope=DOWN dailyEMA200=1.38133 adx=24.8 ema50=1.36108 distToEMA50=17.5pips touchSeq=0 atr=0.000581 atrRatio=0.954 dir=SHORT spread=23.0 spreadOK=YES atrGate=PASS touch=FAIL momCandle=momClosePos=0.902 momOk=N ema50Ok=Y barRange=0.000410 zeroRangeBar=NO trigger=NO hasPos=NO portRisk=0.00% openPos=0 | 1.362830
FK	0	14:07:02.428	Cazyxio_v4.3 (EURUSD,M15)	2026.03.12 20:07:02 | GATE_FAIL | USDCAD | Touch/pullback gate FAIL. Price has not approached EMA50 within last 12 bars (within 0.60 ATR). DistToEMA50=17.5pips.
EK	0	14:07:12.544	Cazyxio_v4.3 (EURUSD,M15)	2026.03.12 20:07:12 | HEARTBEAT | SYSTEM | EA alive. Tick=52500 Equity=44254.02 OpenPos=0 PendingOrders=0 UTC=2026.03.12 20:07 DayOfWeek=4 WeekendCloseActive=NO NewTradeBlocked=YES | 52500.000000
KM	0	14:09:35.878	Cazyxio_v4.3 (EURUSD,M15)	2026.03.12 20:09:35 | HEARTBEAT | SYSTEM | EA alive. Tick=52600 Equity=44254.02 OpenPos=0 PendingOrders=0 UTC=2026.03.12 20:09 DayOfWeek=4 WeekendCloseActive=NO NewTradeBlocked=YES | 52600.000000
GO	0	14:11:56.808	Cazyxio_v4.3 (EURUSD,M15)	2026.03.12 20:11:56 | HEARTBEAT | SYSTEM | EA alive. Tick=52700 Equity=44254.02 OpenPos=0 PendingOrders=0 UTC=2026.03.12 20:11 DayOfWeek=4 WeekendCloseActive=NO NewTradeBlocked=YES | 52700.000000
OQ	0	14:14:20.982	Cazyxio_v4.3 (EURUSD,M15)	2026.03.12 20:14:20 | HEARTBEAT | SYSTEM | EA alive. Tick=52800 Equity=44254.02 OpenPos=0 PendingOrders=0 UTC=2026.03.12 20:14 DayOfWeek=4 WeekendCloseActive=NO NewTradeBlocked=YES | 52800.000000
NN	0	14:17:22.941	Cazyxio_v4.3 (EURUSD,M15)	2026.03.12 20:17:22 | GATE_FAIL | GBPUSD | CopyBuffer failed for Daily EMA200.
LO	0	14:19:43.357	Cazyxio_v4.3 (EURUSD,M15)	2026.03.12 20:19:43 | GATE_FAIL | EURUSD | CopyBuffer failed for Daily EMA200.
LN	0	14:22:03.769	Cazyxio_v4.3 (EURUSD,M15)	2026.03.12 20:22:03 | GATE_FAIL | USDJPY | CopyBuffer failed for Daily EMA200.
LS	0	14:22:03.769	Cazyxio_v4.3 (EURUSD,M15)	2026.03.12 20:22:03 | BAR | AUDUSD | close=0.70777 h4ema200=0.70151 h4slope=UP dailyEMA200=0.67009 adx=26.5 ema50=0.71000 distToEMA50=22.3pips touchSeq=0 atr=0.000557 atrRatio=0.670 dir=LONG spread=17.0 spreadOK=YES atrGate=FAIL touch=FAIL momCandle=momClosePos=0.500 momOk=N ema50Ok=Y barRange=0.000320 zeroRangeBar=NO trigger=NO hasPos=NO portRisk=0.00% openPos=0 | 0.707770
PL	0	14:22:03.769	Cazyxio_v4.3 (EURUSD,M15)	2026.03.12 20:22:03 | GATE_FAIL | AUDUSD | ATR gate FAIL. ATR=0.000557 ATR_SMA=0.000831 Ratio=0.670 MinRatio=0.80
ED	0	14:22:03.769	Cazyxio_v4.3 (EURUSD,M15)	2026.03.12 20:22:03 | BAR | GBPJPY | close=212.718 h4ema200=210.771 h4slope=UP dailyEMA200=204.712 adx=31.3 ema50=212.645 distToEMA50=7.3pips touchSeq=8 atr=0.097214 atrRatio=0.919 dir=LONG spread=37.0 spreadOK=NO atrGate=PASS touch=PASS momCandle=momClosePos=0.638 momOk=N ema50Ok=Y barRange=0.069000 zeroRangeBar=NO trigger=NO hasPos=NO portRisk=0.00% openPos=0 | 212.718000
GD	0	14:22:03.769	Cazyxio_v4.3 (EURUSD,M15)	2026.03.12 20:22:03 | GATE_FAIL | GBPJPY | Spread too wide. Spread=37.0 Max=30 points.
OI	0	14:22:03.769	Cazyxio_v4.3 (EURUSD,M15)	2026.03.12 20:22:03 | BAR | USDCAD | close=1.36306 h4ema200=1.36616 h4slope=DOWN dailyEMA200=1.38133 adx=25.0 ema50=1.36116 distToEMA50=19.0pips touchSeq=0 atr=0.000540 atrRatio=0.888 dir=SHORT spread=22.0 spreadOK=YES atrGate=PASS touch=FAIL momCandle=momClosePos=0.643 momOk=N ema50Ok=Y barRange=0.000840 zeroRangeBar=NO trigger=NO hasPos=NO portRisk=0.00% openPos=0 | 1.363060
MO	0	14:22:03.769	Cazyxio_v4.3 (EURUSD,M15)	2026.03.12 20:22:03 | GATE_FAIL | USDCAD | Touch/pullback gate FAIL. Price has not approached EMA50 within last 12 bars (within 0.60 ATR). DistToEMA50=19.0pips.
PF	0	14:23:25.415	Cazyxio_v4.3 (EURUSD,M15)	2026.03.12 20:23:25 | HEARTBEAT | SYSTEM | EA alive. Tick=52900 Equity=44254.02 OpenPos=0 PendingOrders=0 UTC=2026.03.12 20:23 DayOfWeek=4 WeekendCloseActive=NO NewTradeBlocked=YES | 52900.000000
HI	0	14:25:47.330	Cazyxio_v4.3 (EURUSD,M15)	2026.03.12 20:25:47 | HEARTBEAT | SYSTEM | EA alive. Tick=53000 Equity=44254.02 OpenPos=0 PendingOrders=0 UTC=2026.03.12 20:25 DayOfWeek=4 WeekendCloseActive=NO NewTradeBlocked=YES | 53000.000000
KK	0	14:28:37.507	Cazyxio_v4.3 (EURUSD,M15)	2026.03.12 20:28:37 | HEARTBEAT | SYSTEM | EA alive. Tick=53100 Equity=44254.02 OpenPos=0 PendingOrders=0 UTC=2026.03.12 20:28 DayOfWeek=4 WeekendCloseActive=NO NewTradeBlocked=YES | 53100.000000
HP	0	14:32:22.815	Cazyxio_v4.3 (EURUSD,M15)	2026.03.12 20:32:22 | GATE_FAIL | GBPUSD | CopyBuffer failed for Daily EMA200.
HP	0	14:34:43.267	Cazyxio_v4.3 (EURUSD,M15)	2026.03.12 20:34:43 | GATE_FAIL | EURUSD | CopyBuffer failed for Daily EMA200.
KP	0	14:37:03.733	Cazyxio_v4.3 (EURUSD,M15)	2026.03.12 20:37:03 | GATE_FAIL | USDJPY | CopyBuffer failed for Daily EMA200.
DN	0	14:37:03.733	Cazyxio_v4.3 (EURUSD,M15)	2026.03.12 20:37:03 | BAR | AUDUSD | close=0.70772 h4ema200=0.70151 h4slope=UP dailyEMA200=0.67009 adx=26.5 ema50=0.70990 distToEMA50=21.8pips touchSeq=0 atr=0.000499 atrRatio=0.601 dir=LONG spread=21.0 spreadOK=YES atrGate=FAIL touch=FAIL momCandle=momClosePos=0.111 momOk=N ema50Ok=Y barRange=0.000270 zeroRangeBar=NO trigger=NO hasPos=NO portRisk=0.00% openPos=0 | 0.707720
KJ	0	14:37:03.733	Cazyxio_v4.3 (EURUSD,M15)	2026.03.12 20:37:03 | GATE_FAIL | AUDUSD | ATR gate FAIL. ATR=0.000499 ATR_SMA=0.000829 Ratio=0.601 MinRatio=0.80
JJ	0	14:37:03.733	Cazyxio_v4.3 (EURUSD,M15)	2026.03.12 20:37:03 | BAR | GBPJPY | close=212.638 h4ema200=210.770 h4slope=UP dailyEMA200=204.712 adx=31.3 ema50=212.643 distToEMA50=0.5pips touchSeq=9 atr=0.088000 atrRatio=0.833 dir=LONG spread=39.0 spreadOK=NO atrGate=PASS touch=PASS momCandle=momClosePos=0.000 momOk=N ema50Ok=Y barRange=0.083000 zeroRangeBar=NO trigger=NO hasPos=NO portRisk=0.00% openPos=0 | 212.638000
RR	0	14:37:03.733	Cazyxio_v4.3 (EURUSD,M15)	2026.03.12 20:37:03 | GATE_FAIL | GBPJPY | Spread too wide. Spread=39.0 Max=30 points.
PL	0	14:37:03.733	Cazyxio_v4.3 (EURUSD,M15)	2026.03.12 20:37:03 | BAR | USDCAD | close=1.36365 h4ema200=1.36617 h4slope=DOWN dailyEMA200=1.38134 adx=25.9 ema50=1.36129 distToEMA50=23.6pips touchSeq=0 atr=0.000564 atrRatio=0.929 dir=SHORT spread=29.0 spreadOK=YES atrGate=PASS touch=FAIL momCandle=momClosePos=0.872 momOk=N ema50Ok=Y barRange=0.000780 zeroRangeBar=NO trigger=NO hasPos=NO portRisk=0.00% openPos=0 | 1.363650
GD	0	14:37:03.733	Cazyxio_v4.3 (EURUSD,M15)	2026.03.12 20:37:03 | GATE_FAIL | USDCAD | Touch/pullback gate FAIL. Price has not approached EMA50 within last 12 bars (within 0.60 ATR). DistToEMA50=23.6pips.
OP	0	14:39:02.185	Cazyxio_v4.3 (EURUSD,M15)	2026.03.12 20:39:02 | HEARTBEAT | SYSTEM | EA alive. Tick=53200 Equity=44254.02 OpenPos=0 PendingOrders=0 UTC=2026.03.12 20:39 DayOfWeek=4 WeekendCloseActive=NO NewTradeBlocked=YES | 53200.000000
LR	0	14:42:42.465	Cazyxio_v4.3 (EURUSD,M15)	2026.03.12 20:42:42 | HEARTBEAT | SYSTEM | EA alive. Tick=53300 Equity=44254.02 OpenPos=0 PendingOrders=0 UTC=2026.03.12 20:42 DayOfWeek=4 WeekendCloseActive=NO NewTradeBlocked=YES | 53300.000000
OH	0	14:47:21.648	Cazyxio_v4.3 (EURUSD,M15)	2026.03.12 20:47:21 | GATE_FAIL | EURUSD | CopyBuffer failed for Daily EMA200.
KH	0	14:49:42.034	Cazyxio_v4.3 (EURUSD,M15)	2026.03.12 20:49:42 | GATE_FAIL | USDJPY | CopyBuffer failed for Daily EMA200.
GK	0	14:49:42.035	Cazyxio_v4.3 (EURUSD,M15)	2026.03.12 20:49:42 | BAR | AUDUSD | close=0.70769 h4ema200=0.70151 h4slope=UP dailyEMA200=0.67009 adx=26.5 ema50=0.70982 distToEMA50=21.3pips touchSeq=0 atr=0.000448 atrRatio=0.542 dir=LONG spread=22.0 spreadOK=YES atrGate=FAIL touch=FAIL momCandle=momClosePos=0.792 momOk=Y ema50Ok=Y barRange=0.000240 zeroRangeBar=NO trigger=YES hasPos=NO portRisk=0.00% openPos=0 | 0.707690
PR	0	14:49:42.035	Cazyxio_v4.3 (EURUSD,M15)	2026.03.12 20:49:42 | GATE_FAIL | AUDUSD | ATR gate FAIL. ATR=0.000448 ATR_SMA=0.000827 Ratio=0.542 MinRatio=0.80
RM	0	14:49:42.035	Cazyxio_v4.3 (EURUSD,M15)	2026.03.12 20:49:42 | BAR | GBPJPY | close=212.660 h4ema200=210.771 h4slope=UP dailyEMA200=204.712 adx=31.3 ema50=212.646 distToEMA50=1.4pips touchSeq=10 atr=0.083857 atrRatio=0.796 dir=LONG spread=68.0 spreadOK=NO atrGate=FAIL touch=PASS momCandle=momClosePos=0.983 momOk=Y ema50Ok=Y barRange=0.058000 zeroRangeBar=NO trigger=YES hasPos=NO portRisk=0.00% openPos=0 | 212.660000
CJ	0	14:49:42.035	Cazyxio_v4.3 (EURUSD,M15)	2026.03.12 20:49:42 | GATE_FAIL | GBPJPY | Spread too wide. Spread=68.0 Max=30 points.
PJ	0	14:49:42.035	Cazyxio_v4.3 (EURUSD,M15)	2026.03.12 20:49:42 | BAR | USDCAD | close=1.36347 h4ema200=1.36616 h4slope=DOWN dailyEMA200=1.38133 adx=25.9 ema50=1.36136 distToEMA50=21.1pips touchSeq=0 atr=0.000544 atrRatio=0.898 dir=SHORT spread=38.0 spreadOK=NO atrGate=PASS touch=FAIL momCandle=momClosePos=0.015 momOk=Y ema50Ok=Y barRange=0.000680 zeroRangeBar=NO trigger=YES hasPos=NO portRisk=0.00% openPos=0 | 1.363470
PQ	0	14:49:42.035	Cazyxio_v4.3 (EURUSD,M15)	2026.03.12 20:49:42 | GATE_FAIL | USDCAD | Spread too wide. Spread=38.0 Max=30 points.
GN	0	14:52:09.650	Cazyxio_v4.3 (EURUSD,M15)	2026.03.12 20:52:09 | GATE_FAIL | GBPUSD | CopyBuffer failed for Daily EMA200.
ES	0	14:52:18.612	Cazyxio_v4.3 (EURUSD,M15)	2026.03.12 20:52:18 | HEARTBEAT | SYSTEM | EA alive. Tick=53400 Equity=44254.02 OpenPos=0 PendingOrders=0 UTC=2026.03.12 20:52 DayOfWeek=4 WeekendCloseActive=NO NewTradeBlocked=YES | 53400.000000
FE	0	14:53:37.377	Cazyxio_v4.3 (EURUSD,M15)	2026.03.12 20:53:37 | HEARTBEAT | SYSTEM | EA alive. Tick=53500 Equity=44254.02 OpenPos=0 PendingOrders=0 UTC=2026.03.12 20:53 DayOfWeek=4 WeekendCloseActive=NO NewTradeBlocked=YES | 53500.000000
DG	0	14:55:00.104	Cazyxio_v4.3 (EURUSD,M15)	2026.03.12 20:55:00 | HEARTBEAT | SYSTEM | EA alive. Tick=53600 Equity=44254.02 OpenPos=0 PendingOrders=0 UTC=2026.03.12 20:55 DayOfWeek=4 WeekendCloseActive=NO NewTradeBlocked=YES | 53600.000000
JI	0	14:56:12.079	Cazyxio_v4.3 (EURUSD,M15)	2026.03.12 20:56:12 | HEARTBEAT | SYSTEM | EA alive. Tick=53700 Equity=44254.02 OpenPos=0 PendingOrders=0 UTC=2026.03.12 20:56 DayOfWeek=4 WeekendCloseActive=NO NewTradeBlocked=YES | 53700.000000
KK	0	14:57:20.637	Cazyxio_v4.3 (EURUSD,M15)	2026.03.12 20:57:20 | HEARTBEAT | SYSTEM | EA alive. Tick=53800 Equity=44254.02 OpenPos=0 PendingOrders=0 UTC=2026.03.12 20:57 DayOfWeek=4 WeekendCloseActive=NO NewTradeBlocked=YES | 53800.000000
QM	0	14:58:38.692	Cazyxio_v4.3 (EURUSD,M15)	2026.03.12 20:58:38 | HEARTBEAT | SYSTEM | EA alive. Tick=53900 Equity=44254.02 OpenPos=0 PendingOrders=0 UTC=2026.03.12 20:58 DayOfWeek=4 WeekendCloseActive=NO NewTradeBlocked=YES | 53900.000000
FN	0	15:00:00.099	Cazyxio_v4.3 (EURUSD,M15)	2026.03.12 21:00:00 | SESSION_WAIT | SYSTEM | Outside session. UTC_hour=21 Waiting.
NO	0	15:00:03.777	Cazyxio_v4.3 (EURUSD,M15)	2026.03.12 21:00:03 | DAILY_GUARD_RESET | SYSTEM | New trading day. StartEquity=44254.02 MaxDailyLossPct=2.00 | 44254.020000
CF	0	15:00:03.778	Cazyxio_v4.3 (EURUSD,M15)	2026.03.12 21:00:03 | DAILY_SUMMARY | SYSTEM | SESSION END SUMMARY | Bars=0 Signals=0 Orders=0 SLHits=0 LimitPlaced=0 LimitFilled=0 LimitExpired=0 FallbackOrders=0 | GateFails: DIR=0 SPR=0 ATR=0 TOUCH=0 MOM=0 ZRNG=0 COOL=0 WKND=0 ADX=0 DAILY_TF=0 | LotCapped=0 | Equity=44254.02 Balance=44254.02 DayPnL=0.00 DayDD=0.00% ActiveCooldowns=NONE
FI	0	15:01:59.786	Cazyxio_v4.3 (EURUSD,M15)	2026.03.12 21:01:59 | HEARTBEAT | SYSTEM | EA alive. Tick=54000 Equity=44254.02 OpenPos=0 PendingOrders=0 UTC=2026.03.12 21:01 DayOfWeek=4 WeekendCloseActive=NO NewTradeBlocked=YES | 54000.000000
RK	0	15:11:27.107	Cazyxio_v4.3 (EURUSD,M15)	2026.03.12 21:11:27 | HEARTBEAT | SYSTEM | EA alive. Tick=54100 Equity=44254.02 OpenPos=0 PendingOrders=0 UTC=2026.03.12 21:11 DayOfWeek=4 WeekendCloseActive=NO NewTradeBlocked=YES | 54100.000000
KM	0	15:24:17.818	Cazyxio_v4.3 (EURUSD,M15)	2026.03.12 21:24:17 | HEARTBEAT | SYSTEM | EA alive. Tick=54200 Equity=44254.02 OpenPos=0 PendingOrders=0 UTC=2026.03.12 21:24 DayOfWeek=4 WeekendCloseActive=NO NewTradeBlocked=YES | 54200.000000
DO	0	15:38:56.564	Cazyxio_v4.3 (EURUSD,M15)	2026.03.12 21:38:56 | HEARTBEAT | SYSTEM | EA alive. Tick=54300 Equity=44254.02 OpenPos=0 PendingOrders=0 UTC=2026.03.12 21:38 DayOfWeek=4 WeekendCloseActive=NO NewTradeBlocked=YES | 54300.000000
HN	0	15:48:35.208	Cazyxio_v4.3 (EURUSD,M15)	2026.03.12 21:48:35 | HEARTBEAT | SYSTEM | EA alive. Tick=54400 Equity=44254.02 OpenPos=0 PendingOrders=0 UTC=2026.03.12 21:48 DayOfWeek=4 WeekendCloseActive=NO NewTradeBlocked=YES | 54400.000000
MQ	0	16:00:00.116	Cazyxio_v4.3 (EURUSD,M15)	2026.03.12 22:00:00 | SESSION_WAIT | SYSTEM | Outside session. UTC_hour=22 Waiting.
FP	0	16:00:00.869	Cazyxio_v4.3 (EURUSD,M15)	2026.03.12 22:00:00 | HEARTBEAT | SYSTEM | EA alive. Tick=54500 Equity=44254.02 OpenPos=0 PendingOrders=0 UTC=2026.03.12 22:00 DayOfWeek=4 WeekendCloseActive=NO NewTradeBlocked=YES | 54500.000000
DR	0	16:00:52.546	Cazyxio_v4.3 (EURUSD,M15)	2026.03.12 22:00:52 | HEARTBEAT | SYSTEM | EA alive. Tick=54600 Equity=44254.02 OpenPos=0 PendingOrders=0 UTC=2026.03.12 22:00 DayOfWeek=4 WeekendCloseActive=NO NewTradeBlocked=YES | 54600.000000
ED	0	16:02:24.293	Cazyxio_v4.3 (EURUSD,M15)	2026.03.12 22:02:24 | HEARTBEAT | SYSTEM | EA alive. Tick=54700 Equity=44254.02 OpenPos=0 PendingOrders=0 UTC=2026.03.12 22:02 DayOfWeek=4 WeekendCloseActive=NO NewTradeBlocked=YES | 54700.000000
OF	0	16:04:47.323	Cazyxio_v4.3 (EURUSD,M15)	2026.03.12 22:04:47 | HEARTBEAT | SYSTEM | EA alive. Tick=54800 Equity=44254.02 OpenPos=0 PendingOrders=0 UTC=2026.03.12 22:04 DayOfWeek=4 WeekendCloseActive=NO NewTradeBlocked=YES | 54800.000000
NH	0	16:09:28.691	Cazyxio_v4.3 (EURUSD,M15)	2026.03.12 22:09:28 | HEARTBEAT | SYSTEM | EA alive. Tick=54900 Equity=44254.02 OpenPos=0 PendingOrders=0 UTC=2026.03.12 22:09 DayOfWeek=4 WeekendCloseActive=NO NewTradeBlocked=YES | 54900.000000
NJ	0	16:11:28.603	Cazyxio_v4.3 (EURUSD,M15)	2026.03.12 22:11:28 | HEARTBEAT | SYSTEM | EA alive. Tick=55000 Equity=44254.02 OpenPos=0 PendingOrders=0 UTC=2026.03.12 22:11 DayOfWeek=4 WeekendCloseActive=NO NewTradeBlocked=YES | 55000.000000
IM	0	16:15:31.233	Cazyxio_v4.3 (EURUSD,M15)	2026.03.12 22:15:31 | HEARTBEAT | SYSTEM | EA alive. Tick=55100 Equity=44254.02 OpenPos=0 PendingOrders=0 UTC=2026.03.12 22:15 DayOfWeek=4 WeekendCloseActive=NO NewTradeBlocked=YES | 55100.000000
DO	0	16:18:56.684	Cazyxio_v4.3 (EURUSD,M15)	2026.03.12 22:18:56 | HEARTBEAT | SYSTEM | EA alive. Tick=55200 Equity=44254.02 OpenPos=0 PendingOrders=0 UTC=2026.03.12 22:18 DayOfWeek=4 WeekendCloseActive=NO NewTradeBlocked=YES | 55200.000000
PQ	0	16:21:30.569	Cazyxio_v4.3 (EURUSD,M15)	2026.03.12 22:21:30 | HEARTBEAT | SYSTEM | EA alive. Tick=55300 Equity=44254.02 OpenPos=0 PendingOrders=0 UTC=2026.03.12 22:21 DayOfWeek=4 WeekendCloseActive=NO NewTradeBlocked=YES | 55300.000000
DS	0	16:24:54.980	Cazyxio_v4.3 (EURUSD,M15)	2026.03.12 22:24:54 | HEARTBEAT | SYSTEM | EA alive. Tick=55400 Equity=44254.02 OpenPos=0 PendingOrders=0 UTC=2026.03.12 22:24 DayOfWeek=4 WeekendCloseActive=NO NewTradeBlocked=YES | 55400.000000
HE	0	16:28:08.502	Cazyxio_v4.3 (EURUSD,M15)	2026.03.12 22:28:08 | HEARTBEAT | SYSTEM | EA alive. Tick=55500 Equity=44254.02 OpenPos=0 PendingOrders=0 UTC=2026.03.12 22:28 DayOfWeek=4 WeekendCloseActive=NO NewTradeBlocked=YES | 55500.000000
QG	0	16:30:34.430	Cazyxio_v4.3 (EURUSD,M15)	2026.03.12 22:30:34 | HEARTBEAT | SYSTEM | EA alive. Tick=55600 Equity=44254.02 OpenPos=0 PendingOrders=0 UTC=2026.03.12 22:30 DayOfWeek=4 WeekendCloseActive=NO NewTradeBlocked=YES | 55600.000000
NI	0	16:31:31.306	Cazyxio_v4.3 (EURUSD,M15)	2026.03.12 22:31:31 | HEARTBEAT | SYSTEM | EA alive. Tick=55700 Equity=44254.02 OpenPos=0 PendingOrders=0 UTC=2026.03.12 22:31 DayOfWeek=4 WeekendCloseActive=NO NewTradeBlocked=YES | 55700.000000
DK	0	16:33:13.906	Cazyxio_v4.3 (EURUSD,M15)	2026.03.12 22:33:13 | HEARTBEAT | SYSTEM | EA alive. Tick=55800 Equity=44254.02 OpenPos=0 PendingOrders=0 UTC=2026.03.12 22:33 DayOfWeek=4 WeekendCloseActive=NO NewTradeBlocked=YES | 55800.000000
IJ	0	16:34:19.203	Cazyxio_v4.3 (EURUSD,M15)	2026.03.12 22:34:19 | HEARTBEAT | SYSTEM | EA alive. Tick=55900 Equity=44254.02 OpenPos=0 PendingOrders=0 UTC=2026.03.12 22:34 DayOfWeek=4 WeekendCloseActive=NO NewTradeBlocked=YES | 55900.000000
CL	0	16:35:52.532	Cazyxio_v4.3 (EURUSD,M15)	2026.03.12 22:35:52 | HEARTBEAT | SYSTEM | EA alive. Tick=56000 Equity=44254.02 OpenPos=0 PendingOrders=0 UTC=2026.03.12 22:35 DayOfWeek=4 WeekendCloseActive=NO NewTradeBlocked=YES | 56000.000000
KN	0	16:37:36.822	Cazyxio_v4.3 (EURUSD,M15)	2026.03.12 22:37:36 | HEARTBEAT | SYSTEM | EA alive. Tick=56100 Equity=44254.02 OpenPos=0 PendingOrders=0 UTC=2026.03.12 22:37 DayOfWeek=4 WeekendCloseActive=NO NewTradeBlocked=YES | 56100.000000
FP	0	16:40:00.155	Cazyxio_v4.3 (EURUSD,M15)	2026.03.12 22:40:00 | HEARTBEAT | SYSTEM | EA alive. Tick=56200 Equity=44254.02 OpenPos=0 PendingOrders=0 UTC=2026.03.12 22:40 DayOfWeek=4 WeekendCloseActive=NO NewTradeBlocked=YES | 56200.000000
KR	0	16:41:52.050	Cazyxio_v4.3 (EURUSD,M15)	2026.03.12 22:41:52 | HEARTBEAT | SYSTEM | EA alive. Tick=56300 Equity=44254.02 OpenPos=0 PendingOrders=0 UTC=2026.03.12 22:41 DayOfWeek=4 WeekendCloseActive=NO NewTradeBlocked=YES | 56300.000000
DD	0	16:45:01.846	Cazyxio_v4.3 (EURUSD,M15)	2026.03.12 22:45:01 | HEARTBEAT | SYSTEM | EA alive. Tick=56400 Equity=44254.02 OpenPos=0 PendingOrders=0 UTC=2026.03.12 22:45 DayOfWeek=4 WeekendCloseActive=NO NewTradeBlocked=YES | 56400.000000
HF	0	16:48:07.036	Cazyxio_v4.3 (EURUSD,M15)	2026.03.12 22:48:07 | HEARTBEAT | SYSTEM | EA alive. Tick=56500 Equity=44254.02 OpenPos=0 PendingOrders=0 UTC=2026.03.12 22:48 DayOfWeek=4 WeekendCloseActive=NO NewTradeBlocked=YES | 56500.000000
LH	0	16:49:44.291	Cazyxio_v4.3 (EURUSD,M15)	2026.03.12 22:49:44 | HEARTBEAT | SYSTEM | EA alive. Tick=56600 Equity=44254.02 OpenPos=0 PendingOrders=0 UTC=2026.03.12 22:49 DayOfWeek=4 WeekendCloseActive=NO NewTradeBlocked=YES | 56600.000000
KK	0	16:52:49.870	Cazyxio_v4.3 (EURUSD,M15)	2026.03.12 22:52:49 | HEARTBEAT | SYSTEM | EA alive. Tick=56700 Equity=44254.02 OpenPos=0 PendingOrders=0 UTC=2026.03.12 22:52 DayOfWeek=4 WeekendCloseActive=NO NewTradeBlocked=YES | 56700.000000
LM	0	16:56:25.594	Cazyxio_v4.3 (EURUSD,M15)	2026.03.12 22:56:25 | HEARTBEAT | SYSTEM | EA alive. Tick=56800 Equity=44254.02 OpenPos=0 PendingOrders=0 UTC=2026.03.12 22:56 DayOfWeek=4 WeekendCloseActive=NO NewTradeBlocked=YES | 56800.000000
KO	0	16:58:56.023	Cazyxio_v4.3 (EURUSD,M15)	2026.03.12 22:58:56 | HEARTBEAT | SYSTEM | EA alive. Tick=56900 Equity=44254.02 OpenPos=0 PendingOrders=0 UTC=2026.03.12 22:58 DayOfWeek=4 WeekendCloseActive=NO NewTradeBlocked=YES | 56900.000000
NP	0	17:00:00.561	Cazyxio_v4.3 (EURUSD,M15)	2026.03.12 23:00:00 | SESSION_WAIT | SYSTEM | Outside session. UTC_hour=23 Waiting.
CQ	0	17:00:41.832	Cazyxio_v4.3 (EURUSD,M15)	2026.03.12 23:00:41 | HEARTBEAT | SYSTEM | EA alive. Tick=57000 Equity=44254.02 OpenPos=0 PendingOrders=0 UTC=2026.03.12 23:00 DayOfWeek=4 WeekendCloseActive=NO NewTradeBlocked=YES | 57000.000000
HS	0	17:03:31.926	Cazyxio_v4.3 (EURUSD,M15)	2026.03.12 23:03:31 | HEARTBEAT | SYSTEM | EA alive. Tick=57100 Equity=44254.02 OpenPos=0 PendingOrders=0 UTC=2026.03.12 23:03 DayOfWeek=4 WeekendCloseActive=NO NewTradeBlocked=YES | 57100.000000
DE	0	17:05:28.678	Cazyxio_v4.3 (EURUSD,M15)	2026.03.12 23:05:28 | HEARTBEAT | SYSTEM | EA alive. Tick=57200 Equity=44254.02 OpenPos=0 PendingOrders=0 UTC=2026.03.12 23:05 DayOfWeek=4 WeekendCloseActive=NO NewTradeBlocked=YES | 57200.000000
KG	0	17:07:09.819	Cazyxio_v4.3 (EURUSD,M15)	2026.03.12 23:07:09 | HEARTBEAT | SYSTEM | EA alive. Tick=57300 Equity=44254.02 OpenPos=0 PendingOrders=0 UTC=2026.03.12 23:07 DayOfWeek=4 WeekendCloseActive=NO NewTradeBlocked=YES | 57300.000000
NF	0	17:10:31.957	Cazyxio_v4.3 (EURUSD,M15)	2026.03.12 23:10:31 | HEARTBEAT | SYSTEM | EA alive. Tick=57400 Equity=44254.02 OpenPos=0 PendingOrders=0 UTC=2026.03.12 23:10 DayOfWeek=4 WeekendCloseActive=NO NewTradeBlocked=YES | 57400.000000
GH	0	17:14:22.750	Cazyxio_v4.3 (EURUSD,M15)	2026.03.12 23:14:22 | HEARTBEAT | SYSTEM | EA alive. Tick=57500 Equity=44254.02 OpenPos=0 PendingOrders=0 UTC=2026.03.12 23:14 DayOfWeek=4 WeekendCloseActive=NO NewTradeBlocked=YES | 57500.000000
GJ	0	17:19:31.922	Cazyxio_v4.3 (EURUSD,M15)	2026.03.12 23:19:31 | HEARTBEAT | SYSTEM | EA alive. Tick=57600 Equity=44254.02 OpenPos=0 PendingOrders=0 UTC=2026.03.12 23:19 DayOfWeek=4 WeekendCloseActive=NO NewTradeBlocked=YES | 57600.000000
JL	0	17:24:25.372	Cazyxio_v4.3 (EURUSD,M15)	2026.03.12 23:24:25 | HEARTBEAT | SYSTEM | EA alive. Tick=57700 Equity=44254.02 OpenPos=0 PendingOrders=0 UTC=2026.03.12 23:24 DayOfWeek=4 WeekendCloseActive=NO NewTradeBlocked=YES | 57700.000000
IN	0	17:29:13.884	Cazyxio_v4.3 (EURUSD,M15)	2026.03.12 23:29:13 | HEARTBEAT | SYSTEM | EA alive. Tick=57800 Equity=44254.02 OpenPos=0 PendingOrders=0 UTC=2026.03.12 23:29 DayOfWeek=4 WeekendCloseActive=NO NewTradeBlocked=YES | 57800.000000
NP	0	17:34:07.142	Cazyxio_v4.3 (EURUSD,M15)	2026.03.12 23:34:07 | HEARTBEAT | SYSTEM | EA alive. Tick=57900 Equity=44254.02 OpenPos=0 PendingOrders=0 UTC=2026.03.12 23:34 DayOfWeek=4 WeekendCloseActive=NO NewTradeBlocked=YES | 57900.000000
OR	0	17:37:45.647	Cazyxio_v4.3 (EURUSD,M15)	2026.03.12 23:37:45 | HEARTBEAT | SYSTEM | EA alive. Tick=58000 Equity=44254.02 OpenPos=0 PendingOrders=0 UTC=2026.03.12 23:37 DayOfWeek=4 WeekendCloseActive=NO NewTradeBlocked=YES | 58000.000000
KD	0	17:42:59.652	Cazyxio_v4.3 (EURUSD,M15)	2026.03.12 23:42:59 | HEARTBEAT | SYSTEM | EA alive. Tick=58100 Equity=44254.02 OpenPos=0 PendingOrders=0 UTC=2026.03.12 23:42 DayOfWeek=4 WeekendCloseActive=NO NewTradeBlocked=YES | 58100.000000
JG	0	17:46:22.150	Cazyxio_v4.3 (EURUSD,M15)	2026.03.12 23:46:22 | HEARTBEAT | SYSTEM | EA alive. Tick=58200 Equity=44254.02 OpenPos=0 PendingOrders=0 UTC=2026.03.12 23:46 DayOfWeek=4 WeekendCloseActive=NO NewTradeBlocked=YES | 58200.000000
QI	0	17:47:38.493	Cazyxio_v4.3 (EURUSD,M15)	2026.03.12 23:47:38 | HEARTBEAT | SYSTEM | EA alive. Tick=58300 Equity=44254.02 OpenPos=0 PendingOrders=0 UTC=2026.03.12 23:47 DayOfWeek=4 WeekendCloseActive=NO NewTradeBlocked=YES | 58300.000000
RK	0	17:48:53.723	Cazyxio_v4.3 (EURUSD,M15)	2026.03.12 23:48:53 | HEARTBEAT | SYSTEM | EA alive. Tick=58400 Equity=44254.02 OpenPos=0 PendingOrders=0 UTC=2026.03.12 23:48 DayOfWeek=4 WeekendCloseActive=NO NewTradeBlocked=YES | 58400.000000
GM	0	17:50:14.240	Cazyxio_v4.3 (EURUSD,M15)	2026.03.12 23:50:14 | HEARTBEAT | SYSTEM | EA alive. Tick=58500 Equity=44254.02 OpenPos=0 PendingOrders=0 UTC=2026.03.12 23:50 DayOfWeek=4 WeekendCloseActive=NO NewTradeBlocked=YES | 58500.000000
CO	0	17:52:49.068	Cazyxio_v4.3 (EURUSD,M15)	2026.03.12 23:52:49 | HEARTBEAT | SYSTEM | EA alive. Tick=58600 Equity=44254.02 OpenPos=0 PendingOrders=0 UTC=2026.03.12 23:52 DayOfWeek=4 WeekendCloseActive=NO NewTradeBlocked=YES | 58600.000000
HQ	0	17:55:18.385	Cazyxio_v4.3 (EURUSD,M15)	2026.03.12 23:55:18 | HEARTBEAT | SYSTEM | EA alive. Tick=58700 Equity=44254.02 OpenPos=0 PendingOrders=0 UTC=2026.03.12 23:55 DayOfWeek=4 WeekendCloseActive=NO NewTradeBlocked=YES | 58700.000000
NS	0	17:57:18.884	Cazyxio_v4.3 (EURUSD,M15)	2026.03.12 23:57:18 | HEARTBEAT | SYSTEM | EA alive. Tick=58800 Equity=44254.02 OpenPos=0 PendingOrders=0 UTC=2026.03.12 23:57 DayOfWeek=4 WeekendCloseActive=NO NewTradeBlocked=YES | 58800.000000
FE	0	17:58:39.441	Cazyxio_v4.3 (EURUSD,M15)	2026.03.12 23:58:39 | HEARTBEAT | SYSTEM | EA alive. Tick=58900 Equity=44254.02 OpenPos=0 PendingOrders=0 UTC=2026.03.12 23:58 DayOfWeek=4 WeekendCloseActive=NO NewTradeBlocked=YES | 58900.000000
KF	0	18:00:00.009	Cazyxio_v4.3 (EURUSD,M15)	2026.03.13 00:00:00 | SESSION_WAIT | SYSTEM | Outside session. UTC_hour=0 Waiting.
CD	0	18:00:20.258	Cazyxio_v4.3 (EURUSD,M15)	2026.03.13 00:00:20 | HEARTBEAT | SYSTEM | EA alive. Tick=59000 Equity=44254.02 OpenPos=0 PendingOrders=0 UTC=2026.03.13 00:00 DayOfWeek=5 WeekendCloseActive=NO NewTradeBlocked=YES | 59000.000000
NF	0	18:01:11.205	Cazyxio_v4.3 (EURUSD,M15)	2026.03.13 00:01:11 | HEARTBEAT | SYSTEM | EA alive. Tick=59100 Equity=44254.02 OpenPos=0 PendingOrders=0 UTC=2026.03.13 00:01 DayOfWeek=5 WeekendCloseActive=NO NewTradeBlocked=YES | 59100.000000
MH	0	18:02:59.470	Cazyxio_v4.3 (EURUSD,M15)	2026.03.13 00:02:59 | HEARTBEAT | SYSTEM | EA alive. Tick=59200 Equity=44254.02 OpenPos=0 PendingOrders=0 UTC=2026.03.13 00:02 DayOfWeek=5 WeekendCloseActive=NO NewTradeBlocked=YES | 59200.000000
CJ	0	18:04:17.915	Cazyxio_v4.3 (EURUSD,M15)	2026.03.13 00:04:17 | HEARTBEAT | SYSTEM | EA alive. Tick=59300 Equity=44254.02 OpenPos=0 PendingOrders=0 UTC=2026.03.13 00:04 DayOfWeek=5 WeekendCloseActive=NO NewTradeBlocked=YES | 59300.000000
GL	0	18:05:47.666	Cazyxio_v4.3 (EURUSD,M15)	2026.03.13 00:05:47 | HEARTBEAT | SYSTEM | EA alive. Tick=59400 Equity=44254.02 OpenPos=0 PendingOrders=0 UTC=2026.03.13 00:05 DayOfWeek=5 WeekendCloseActive=NO NewTradeBlocked=YES | 59400.000000
GN	0	18:07:43.134	Cazyxio_v4.3 (EURUSD,M15)	2026.03.13 00:07:43 | HEARTBEAT | SYSTEM | EA alive. Tick=59500 Equity=44254.02 OpenPos=0 PendingOrders=0 UTC=2026.03.13 00:07 DayOfWeek=5 WeekendCloseActive=NO NewTradeBlocked=YES | 59500.000000
KP	0	18:09:36.637	Cazyxio_v4.3 (EURUSD,M15)	2026.03.13 00:09:36 | HEARTBEAT | SYSTEM | EA alive. Tick=59600 Equity=44254.02 OpenPos=0 PendingOrders=0 UTC=2026.03.13 00:09 DayOfWeek=5 WeekendCloseActive=NO NewTradeBlocked=YES | 59600.000000
FR	0	18:12:01.155	Cazyxio_v4.3 (EURUSD,M15)	2026.03.13 00:12:01 | HEARTBEAT | SYSTEM | EA alive. Tick=59700 Equity=44254.02 OpenPos=0 PendingOrders=0 UTC=2026.03.13 00:12 DayOfWeek=5 WeekendCloseActive=NO NewTradeBlocked=YES | 59700.000000
KE	0	18:13:51.984	Cazyxio_v4.3 (EURUSD,M15)	2026.03.13 00:13:51 | HEARTBEAT | SYSTEM | EA alive. Tick=59800 Equity=44254.02 OpenPos=0 PendingOrders=0 UTC=2026.03.13 00:13 DayOfWeek=5 WeekendCloseActive=NO NewTradeBlocked=YES | 59800.000000
RG	0	18:15:21.666	Cazyxio_v4.3 (EURUSD,M15)	2026.03.13 00:15:21 | HEARTBEAT | SYSTEM | EA alive. Tick=59900 Equity=44254.02 OpenPos=0 PendingOrders=0 UTC=2026.03.13 00:15 DayOfWeek=5 WeekendCloseActive=NO NewTradeBlocked=YES | 59900.000000
QI	0	18:16:41.727	Cazyxio_v4.3 (EURUSD,M15)	2026.03.13 00:16:41 | HEARTBEAT | SYSTEM | EA alive. Tick=60000 Equity=44254.02 OpenPos=0 PendingOrders=0 UTC=2026.03.13 00:16 DayOfWeek=5 WeekendCloseActive=NO NewTradeBlocked=YES | 60000.000000
LK	0	18:18:58.867	Cazyxio_v4.3 (EURUSD,M15)	2026.03.13 00:18:58 | HEARTBEAT | SYSTEM | EA alive. Tick=60100 Equity=44254.02 OpenPos=0 PendingOrders=0 UTC=2026.03.13 00:18 DayOfWeek=5 WeekendCloseActive=NO NewTradeBlocked=YES | 60100.000000
NM	0	18:21:05.395	Cazyxio_v4.3 (EURUSD,M15)	2026.03.13 00:21:05 | HEARTBEAT | SYSTEM | EA alive. Tick=60200 Equity=44254.02 OpenPos=0 PendingOrders=0 UTC=2026.03.13 00:21 DayOfWeek=5 WeekendCloseActive=NO NewTradeBlocked=YES | 60200.000000
RO	0	18:23:18.865	Cazyxio_v4.3 (EURUSD,M15)	2026.03.13 00:23:18 | HEARTBEAT | SYSTEM | EA alive. Tick=60300 Equity=44254.02 OpenPos=0 PendingOrders=0 UTC=2026.03.13 00:23 DayOfWeek=5 WeekendCloseActive=NO NewTradeBlocked=YES | 60300.000000
HQ	0	18:25:02.607	Cazyxio_v4.3 (EURUSD,M15)	2026.03.13 00:25:02 | HEARTBEAT | SYSTEM | EA alive. Tick=60400 Equity=44254.02 OpenPos=0 PendingOrders=0 UTC=2026.03.13 00:25 DayOfWeek=5 WeekendCloseActive=NO NewTradeBlocked=YES | 60400.000000
DS	0	18:26:49.163	Cazyxio_v4.3 (EURUSD,M15)	2026.03.13 00:26:49 | HEARTBEAT | SYSTEM | EA alive. Tick=60500 Equity=44254.02 OpenPos=0 PendingOrders=0 UTC=2026.03.13 00:26 DayOfWeek=5 WeekendCloseActive=NO NewTradeBlocked=YES | 60500.000000
FR	0	18:28:52.622	Cazyxio_v4.3 (EURUSD,M15)	2026.03.13 00:28:52 | HEARTBEAT | SYSTEM | EA alive. Tick=60600 Equity=44254.02 OpenPos=0 PendingOrders=0 UTC=2026.03.13 00:28 DayOfWeek=5 WeekendCloseActive=NO NewTradeBlocked=YES | 60600.000000
FD	0	18:31:25.396	Cazyxio_v4.3 (EURUSD,M15)	2026.03.13 00:31:25 | HEARTBEAT | SYSTEM | EA alive. Tick=60700 Equity=44254.02 OpenPos=0 PendingOrders=0 UTC=2026.03.13 00:31 DayOfWeek=5 WeekendCloseActive=NO NewTradeBlocked=YES | 60700.000000
GF	0	18:34:04.769	Cazyxio_v4.3 (EURUSD,M15)	2026.03.13 00:34:04 | HEARTBEAT | SYSTEM | EA alive. Tick=60800 Equity=44254.02 OpenPos=0 PendingOrders=0 UTC=2026.03.13 00:34 DayOfWeek=5 WeekendCloseActive=NO NewTradeBlocked=YES | 60800.000000
OH	0	18:35:35.672	Cazyxio_v4.3 (EURUSD,M15)	2026.03.13 00:35:35 | HEARTBEAT | SYSTEM | EA alive. Tick=60900 Equity=44254.02 OpenPos=0 PendingOrders=0 UTC=2026.03.13 00:35 DayOfWeek=5 WeekendCloseActive=NO NewTradeBlocked=YES | 60900.000000
RJ	0	18:37:10.268	Cazyxio_v4.3 (EURUSD,M15)	2026.03.13 00:37:10 | HEARTBEAT | SYSTEM | EA alive. Tick=61000 Equity=44254.02 OpenPos=0 PendingOrders=0 UTC=2026.03.13 00:37 DayOfWeek=5 WeekendCloseActive=NO NewTradeBlocked=YES | 61000.000000
FL	0	18:39:05.194	Cazyxio_v4.3 (EURUSD,M15)	2026.03.13 00:39:05 | HEARTBEAT | SYSTEM | EA alive. Tick=61100 Equity=44254.02 OpenPos=0 PendingOrders=0 UTC=2026.03.13 00:39 DayOfWeek=5 WeekendCloseActive=NO NewTradeBlocked=YES | 61100.000000
DN	0	18:40:51.314	Cazyxio_v4.3 (EURUSD,M15)	2026.03.13 00:40:51 | HEARTBEAT | SYSTEM | EA alive. Tick=61200 Equity=44254.02 OpenPos=0 PendingOrders=0 UTC=2026.03.13 00:40 DayOfWeek=5 WeekendCloseActive=NO NewTradeBlocked=YES | 61200.000000
OP	0	18:43:34.318	Cazyxio_v4.3 (EURUSD,M15)	2026.03.13 00:43:34 | HEARTBEAT | SYSTEM | EA alive. Tick=61300 Equity=44254.02 OpenPos=0 PendingOrders=0 UTC=2026.03.13 00:43 DayOfWeek=5 WeekendCloseActive=NO NewTradeBlocked=YES | 61300.000000
MS	0	18:45:37.206	Cazyxio_v4.3 (EURUSD,M15)	2026.03.13 00:45:37 | HEARTBEAT | SYSTEM | EA alive. Tick=61400 Equity=44254.02 OpenPos=0 PendingOrders=0 UTC=2026.03.13 00:45 DayOfWeek=5 WeekendCloseActive=NO NewTradeBlocked=YES | 61400.000000
GE	0	18:47:46.684	Cazyxio_v4.3 (EURUSD,M15)	2026.03.13 00:47:46 | HEARTBEAT | SYSTEM | EA alive. Tick=61500 Equity=44254.02 OpenPos=0 PendingOrders=0 UTC=2026.03.13 00:47 DayOfWeek=5 WeekendCloseActive=NO NewTradeBlocked=YES | 61500.000000
OG	0	18:49:34.381	Cazyxio_v4.3 (EURUSD,M15)	2026.03.13 00:49:34 | HEARTBEAT | SYSTEM | EA alive. Tick=61600 Equity=44254.02 OpenPos=0 PendingOrders=0 UTC=2026.03.13 00:49 DayOfWeek=5 WeekendCloseActive=NO NewTradeBlocked=YES | 61600.000000
LI	0	18:51:08.488	Cazyxio_v4.3 (EURUSD,M15)	2026.03.13 00:51:08 | HEARTBEAT | SYSTEM | EA alive. Tick=61700 Equity=44254.02 OpenPos=0 PendingOrders=0 UTC=2026.03.13 00:51 DayOfWeek=5 WeekendCloseActive=NO NewTradeBlocked=YES | 61700.000000
DK	0	18:52:51.537	Cazyxio_v4.3 (EURUSD,M15)	2026.03.13 00:52:51 | HEARTBEAT | SYSTEM | EA alive. Tick=61800 Equity=44254.02 OpenPos=0 PendingOrders=0 UTC=2026.03.13 00:52 DayOfWeek=5 WeekendCloseActive=NO NewTradeBlocked=YES | 61800.000000
HM	0	18:54:19.166	Cazyxio_v4.3 (EURUSD,M15)	2026.03.13 00:54:19 | HEARTBEAT | SYSTEM | EA alive. Tick=61900 Equity=44254.02 OpenPos=0 PendingOrders=0 UTC=2026.03.13 00:54 DayOfWeek=5 WeekendCloseActive=NO NewTradeBlocked=YES | 61900.000000
CO	0	18:55:58.452	Cazyxio_v4.3 (EURUSD,M15)	2026.03.13 00:55:58 | HEARTBEAT | SYSTEM | EA alive. Tick=62000 Equity=44254.02 OpenPos=0 PendingOrders=0 UTC=2026.03.13 00:55 DayOfWeek=5 WeekendCloseActive=NO NewTradeBlocked=YES | 62000.000000
FQ	0	18:57:48.437	Cazyxio_v4.3 (EURUSD,M15)	2026.03.13 00:57:48 | HEARTBEAT | SYSTEM | EA alive. Tick=62100 Equity=44254.02 OpenPos=0 PendingOrders=0 UTC=2026.03.13 00:57 DayOfWeek=5 WeekendCloseActive=NO NewTradeBlocked=YES | 62100.000000
LR	0	19:00:00.108	Cazyxio_v4.3 (EURUSD,M15)	2026.03.13 01:00:00 | SESSION_WAIT | SYSTEM | Outside session. UTC_hour=1 Waiting.
PP	0	19:00:01.726	Cazyxio_v4.3 (EURUSD,M15)	2026.03.13 01:00:01 | HEARTBEAT | SYSTEM | EA alive. Tick=62200 Equity=44254.02 OpenPos=0 PendingOrders=0 UTC=2026.03.13 01:00 DayOfWeek=5 WeekendCloseActive=NO NewTradeBlocked=YES | 62200.000000
DR	0	19:00:56.159	Cazyxio_v4.3 (EURUSD,M15)	2026.03.13 01:00:56 | HEARTBEAT | SYSTEM | EA alive. Tick=62300 Equity=44254.02 OpenPos=0 PendingOrders=0 UTC=2026.03.13 01:00 DayOfWeek=5 WeekendCloseActive=NO NewTradeBlocked=YES | 62300.000000
MD	0	19:02:42.460	Cazyxio_v4.3 (EURUSD,M15)	2026.03.13 01:02:42 | HEARTBEAT | SYSTEM | EA alive. Tick=62400 Equity=44254.02 OpenPos=0 PendingOrders=0 UTC=2026.03.13 01:02 DayOfWeek=5 WeekendCloseActive=NO NewTradeBlocked=YES | 62400.000000
RF	0	19:04:27.762	Cazyxio_v4.3 (EURUSD,M15)	2026.03.13 01:04:27 | HEARTBEAT | SYSTEM | EA alive. Tick=62500 Equity=44254.02 OpenPos=0 PendingOrders=0 UTC=2026.03.13 01:04 DayOfWeek=5 WeekendCloseActive=NO NewTradeBlocked=YES | 62500.000000
JH	0	19:05:49.325	Cazyxio_v4.3 (EURUSD,M15)	2026.03.13 01:05:49 | HEARTBEAT | SYSTEM | EA alive. Tick=62600 Equity=44254.02 OpenPos=0 PendingOrders=0 UTC=2026.03.13 01:05 DayOfWeek=5 WeekendCloseActive=NO NewTradeBlocked=YES | 62600.000000
MJ	0	19:07:54.238	Cazyxio_v4.3 (EURUSD,M15)	2026.03.13 01:07:54 | HEARTBEAT | SYSTEM | EA alive. Tick=62700 Equity=44254.02 OpenPos=0 PendingOrders=0 UTC=2026.03.13 01:07 DayOfWeek=5 WeekendCloseActive=NO NewTradeBlocked=YES | 62700.000000
RL	0	19:09:32.994	Cazyxio_v4.3 (EURUSD,M15)	2026.03.13 01:09:32 | HEARTBEAT | SYSTEM | EA alive. Tick=62800 Equity=44254.02 OpenPos=0 PendingOrders=0 UTC=2026.03.13 01:09 DayOfWeek=5 WeekendCloseActive=NO NewTradeBlocked=YES | 62800.000000
NN	0	19:11:33.586	Cazyxio_v4.3 (EURUSD,M15)	2026.03.13 01:11:33 | HEARTBEAT | SYSTEM | EA alive. Tick=62900 Equity=44254.02 OpenPos=0 PendingOrders=0 UTC=2026.03.13 01:11 DayOfWeek=5 WeekendCloseActive=NO NewTradeBlocked=YES | 62900.000000
KQ	0	19:12:58.500	Cazyxio_v4.3 (EURUSD,M15)	2026.03.13 01:12:58 | HEARTBEAT | SYSTEM | EA alive. Tick=63000 Equity=44254.02 OpenPos=0 PendingOrders=0 UTC=2026.03.13 01:12 DayOfWeek=5 WeekendCloseActive=NO NewTradeBlocked=YES | 63000.000000
PS	0	19:14:34.004	Cazyxio_v4.3 (EURUSD,M15)	2026.03.13 01:14:34 | HEARTBEAT | SYSTEM | EA alive. Tick=63100 Equity=44254.02 OpenPos=0 PendingOrders=0 UTC=2026.03.13 01:14 DayOfWeek=5 WeekendCloseActive=NO NewTradeBlocked=YES | 63100.000000
NE	0	19:15:48.566	Cazyxio_v4.3 (EURUSD,M15)	2026.03.13 01:15:48 | HEARTBEAT | SYSTEM | EA alive. Tick=63200 Equity=44254.02 OpenPos=0 PendingOrders=0 UTC=2026.03.13 01:15 DayOfWeek=5 WeekendCloseActive=NO NewTradeBlocked=YES | 63200.000000
NG	0	19:17:33.713	Cazyxio_v4.3 (EURUSD,M15)	2026.03.13 01:17:33 | HEARTBEAT | SYSTEM | EA alive. Tick=63300 Equity=44254.02 OpenPos=0 PendingOrders=0 UTC=2026.03.13 01:17 DayOfWeek=5 WeekendCloseActive=NO NewTradeBlocked=YES | 63300.000000
OI	0	19:19:27.763	Cazyxio_v4.3 (EURUSD,M15)	2026.03.13 01:19:27 | HEARTBEAT | SYSTEM | EA alive. Tick=63400 Equity=44254.02 OpenPos=0 PendingOrders=0 UTC=2026.03.13 01:19 DayOfWeek=5 WeekendCloseActive=NO NewTradeBlocked=YES | 63400.000000
EK	0	19:21:13.588	Cazyxio_v4.3 (EURUSD,M15)	2026.03.13 01:21:13 | HEARTBEAT | SYSTEM | EA alive. Tick=63500 Equity=44254.02 OpenPos=0 PendingOrders=0 UTC=2026.03.13 01:21 DayOfWeek=5 WeekendCloseActive=NO NewTradeBlocked=YES | 63500.000000
KM	0	19:23:31.281	Cazyxio_v4.3 (EURUSD,M15)	2026.03.13 01:23:31 | HEARTBEAT | SYSTEM | EA alive. Tick=63600 Equity=44254.02 OpenPos=0 PendingOrders=0 UTC=2026.03.13 01:23 DayOfWeek=5 WeekendCloseActive=NO NewTradeBlocked=YES | 63600.000000
HO	0	19:25:13.651	Cazyxio_v4.3 (EURUSD,M15)	2026.03.13 01:25:13 | HEARTBEAT | SYSTEM | EA alive. Tick=63700 Equity=44254.02 OpenPos=0 PendingOrders=0 UTC=2026.03.13 01:25 DayOfWeek=5 WeekendCloseActive=NO NewTradeBlocked=YES | 63700.000000
EN	0	19:27:39.801	Cazyxio_v4.3 (EURUSD,M15)	2026.03.13 01:27:39 | HEARTBEAT | SYSTEM | EA alive. Tick=63800 Equity=44254.02 OpenPos=0 PendingOrders=0 UTC=2026.03.13 01:27 DayOfWeek=5 WeekendCloseActive=NO NewTradeBlocked=YES | 63800.000000
DP	0	19:29:42.341	Cazyxio_v4.3 (EURUSD,M15)	2026.03.13 01:29:42 | HEARTBEAT | SYSTEM | EA alive. Tick=63900 Equity=44254.02 OpenPos=0 PendingOrders=0 UTC=2026.03.13 01:29 DayOfWeek=5 WeekendCloseActive=NO NewTradeBlocked=YES | 63900.000000
IR	0	19:31:06.259	Cazyxio_v4.3 (EURUSD,M15)	2026.03.13 01:31:06 | HEARTBEAT | SYSTEM | EA alive. Tick=64000 Equity=44254.02 OpenPos=0 PendingOrders=0 UTC=2026.03.13 01:31 DayOfWeek=5 WeekendCloseActive=NO NewTradeBlocked=YES | 64000.000000
CD	0	19:33:35.877	Cazyxio_v4.3 (EURUSD,M15)	2026.03.13 01:33:35 | HEARTBEAT | SYSTEM | EA alive. Tick=64100 Equity=44254.02 OpenPos=0 PendingOrders=0 UTC=2026.03.13 01:33 DayOfWeek=5 WeekendCloseActive=NO NewTradeBlocked=YES | 64100.000000
NF	0	19:36:00.822	Cazyxio_v4.3 (EURUSD,M15)	2026.03.13 01:36:00 | HEARTBEAT | SYSTEM | EA alive. Tick=64200 Equity=44254.02 OpenPos=0 PendingOrders=0 UTC=2026.03.13 01:36 DayOfWeek=5 WeekendCloseActive=NO NewTradeBlocked=YES | 64200.000000
RH	0	19:38:17.000	Cazyxio_v4.3 (EURUSD,M15)	2026.03.13 01:38:17 | HEARTBEAT | SYSTEM | EA alive. Tick=64300 Equity=44254.02 OpenPos=0 PendingOrders=0 UTC=2026.03.13 01:38 DayOfWeek=5 WeekendCloseActive=NO NewTradeBlocked=YES | 64300.000000
OJ	0	19:41:23.975	Cazyxio_v4.3 (EURUSD,M15)	2026.03.13 01:41:23 | HEARTBEAT | SYSTEM | EA alive. Tick=64400 Equity=44254.02 OpenPos=0 PendingOrders=0 UTC=2026.03.13 01:41 DayOfWeek=5 WeekendCloseActive=NO NewTradeBlocked=YES | 64400.000000
EL	0	19:43:36.173	Cazyxio_v4.3 (EURUSD,M15)	2026.03.13 01:43:36 | HEARTBEAT | SYSTEM | EA alive. Tick=64500 Equity=44254.02 OpenPos=0 PendingOrders=0 UTC=2026.03.13 01:43 DayOfWeek=5 WeekendCloseActive=NO NewTradeBlocked=YES | 64500.000000
OO	0	19:46:15.246	Cazyxio_v4.3 (EURUSD,M15)	2026.03.13 01:46:15 | HEARTBEAT | SYSTEM | EA alive. Tick=64600 Equity=44254.02 OpenPos=0 PendingOrders=0 UTC=2026.03.13 01:46 DayOfWeek=5 WeekendCloseActive=NO NewTradeBlocked=YES | 64600.000000
NQ	0	19:48:11.874	Cazyxio_v4.3 (EURUSD,M15)	2026.03.13 01:48:11 | HEARTBEAT | SYSTEM | EA alive. Tick=64700 Equity=44254.02 OpenPos=0 PendingOrders=0 UTC=2026.03.13 01:48 DayOfWeek=5 WeekendCloseActive=NO NewTradeBlocked=YES | 64700.000000
DS	0	19:49:22.521	Cazyxio_v4.3 (EURUSD,M15)	2026.03.13 01:49:22 | HEARTBEAT | SYSTEM | EA alive. Tick=64800 Equity=44254.02 OpenPos=0 PendingOrders=0 UTC=2026.03.13 01:49 DayOfWeek=5 WeekendCloseActive=NO NewTradeBlocked=YES | 64800.000000
IE	0	19:52:44.977	Cazyxio_v4.3 (EURUSD,M15)	2026.03.13 01:52:44 | HEARTBEAT | SYSTEM | EA alive. Tick=64900 Equity=44254.02 OpenPos=0 PendingOrders=0 UTC=2026.03.13 01:52 DayOfWeek=5 WeekendCloseActive=NO NewTradeBlocked=YES | 64900.000000
EG	0	19:54:41.948	Cazyxio_v4.3 (EURUSD,M15)	2026.03.13 01:54:41 | HEARTBEAT | SYSTEM | EA alive. Tick=65000 Equity=44254.02 OpenPos=0 PendingOrders=0 UTC=2026.03.13 01:54 DayOfWeek=5 WeekendCloseActive=NO NewTradeBlocked=YES | 65000.000000
CI	0	19:57:04.745	Cazyxio_v4.3 (EURUSD,M15)	2026.03.13 01:57:04 | HEARTBEAT | SYSTEM | EA alive. Tick=65100 Equity=44254.02 OpenPos=0 PendingOrders=0 UTC=2026.03.13 01:57 DayOfWeek=5 WeekendCloseActive=NO NewTradeBlocked=YES | 65100.000000
GK	0	19:59:21.280	Cazyxio_v4.3 (EURUSD,M15)	2026.03.13 01:59:21 | HEARTBEAT | SYSTEM | EA alive. Tick=65200 Equity=44254.02 OpenPos=0 PendingOrders=0 UTC=2026.03.13 01:59 DayOfWeek=5 WeekendCloseActive=NO NewTradeBlocked=YES | 65200.000000
OO	0	20:00:00.855	Cazyxio_v4.3 (EURUSD,M15)	2026.03.13 02:00:00 | SESSION_WAIT | SYSTEM | Outside session. UTC_hour=2 Waiting.
LM	0	20:02:34.302	Cazyxio_v4.3 (EURUSD,M15)	2026.03.13 02:02:34 | HEARTBEAT | SYSTEM | EA alive. Tick=65300 Equity=44254.02 OpenPos=0 PendingOrders=0 UTC=2026.03.13 02:02 DayOfWeek=5 WeekendCloseActive=NO NewTradeBlocked=YES | 65300.000000
HL	0	20:05:45.051	Cazyxio_v4.3 (EURUSD,M15)	2026.03.13 02:05:45 | HEARTBEAT | SYSTEM | EA alive. Tick=65400 Equity=44254.02 OpenPos=0 PendingOrders=0 UTC=2026.03.13 02:05 DayOfWeek=5 WeekendCloseActive=NO NewTradeBlocked=YES | 65400.000000
DN	0	20:07:23.347	Cazyxio_v4.3 (EURUSD,M15)	2026.03.13 02:07:23 | HEARTBEAT | SYSTEM | EA alive. Tick=65500 Equity=44254.02 OpenPos=0 PendingOrders=0 UTC=2026.03.13 02:07 DayOfWeek=5 WeekendCloseActive=NO NewTradeBlocked=YES | 65500.000000
RP	0	20:09:02.556	Cazyxio_v4.3 (EURUSD,M15)	2026.03.13 02:09:02 | HEARTBEAT | SYSTEM | EA alive. Tick=65600 Equity=44254.02 OpenPos=0 PendingOrders=0 UTC=2026.03.13 02:09 DayOfWeek=5 WeekendCloseActive=NO NewTradeBlocked=YES | 65600.000000
HR	0	20:10:27.701	Cazyxio_v4.3 (EURUSD,M15)	2026.03.13 02:10:27 | HEARTBEAT | SYSTEM | EA alive. Tick=65700 Equity=44254.02 OpenPos=0 PendingOrders=0 UTC=2026.03.13 02:10 DayOfWeek=5 WeekendCloseActive=NO NewTradeBlocked=YES | 65700.000000
LD	0	20:12:26.262	Cazyxio_v4.3 (EURUSD,M15)	2026.03.13 02:12:26 | HEARTBEAT | SYSTEM | EA alive. Tick=65800 Equity=44254.02 OpenPos=0 PendingOrders=0 UTC=2026.03.13 02:12 DayOfWeek=5 WeekendCloseActive=NO NewTradeBlocked=YES | 65800.000000
MF	0	20:14:33.100	Cazyxio_v4.3 (EURUSD,M15)	2026.03.13 02:14:33 | HEARTBEAT | SYSTEM | EA alive. Tick=65900 Equity=44254.02 OpenPos=0 PendingOrders=0 UTC=2026.03.13 02:14 DayOfWeek=5 WeekendCloseActive=NO NewTradeBlocked=YES | 65900.000000
CH	0	20:16:55.971	Cazyxio_v4.3 (EURUSD,M15)	2026.03.13 02:16:55 | HEARTBEAT | SYSTEM | EA alive. Tick=66000 Equity=44254.02 OpenPos=0 PendingOrders=0 UTC=2026.03.13 02:16 DayOfWeek=5 WeekendCloseActive=NO NewTradeBlocked=YES | 66000.000000
RJ	0	20:19:17.962	Cazyxio_v4.3 (EURUSD,M15)	2026.03.13 02:19:17 | HEARTBEAT | SYSTEM | EA alive. Tick=66100 Equity=44254.02 OpenPos=0 PendingOrders=0 UTC=2026.03.13 02:19 DayOfWeek=5 WeekendCloseActive=NO NewTradeBlocked=YES | 66100.000000
CM	0	20:21:18.502	Cazyxio_v4.3 (EURUSD,M15)	2026.03.13 02:21:18 | HEARTBEAT | SYSTEM | EA alive. Tick=66200 Equity=44254.02 OpenPos=0 PendingOrders=0 UTC=2026.03.13 02:21 DayOfWeek=5 WeekendCloseActive=NO NewTradeBlocked=YES | 66200.000000
HO	0	20:22:54.726	Cazyxio_v4.3 (EURUSD,M15)	2026.03.13 02:22:54 | HEARTBEAT | SYSTEM | EA alive. Tick=66300 Equity=44254.02 OpenPos=0 PendingOrders=0 UTC=2026.03.13 02:22 DayOfWeek=5 WeekendCloseActive=NO NewTradeBlocked=YES | 66300.000000
KQ	0	20:24:47.853	Cazyxio_v4.3 (EURUSD,M15)	2026.03.13 02:24:47 | HEARTBEAT | SYSTEM | EA alive. Tick=66400 Equity=44254.02 OpenPos=0 PendingOrders=0 UTC=2026.03.13 02:24 DayOfWeek=5 WeekendCloseActive=NO NewTradeBlocked=YES | 66400.000000
IS	0	20:27:34.302	Cazyxio_v4.3 (EURUSD,M15)	2026.03.13 02:27:34 | HEARTBEAT | SYSTEM | EA alive. Tick=66500 Equity=44254.02 OpenPos=0 PendingOrders=0 UTC=2026.03.13 02:27 DayOfWeek=5 WeekendCloseActive=NO NewTradeBlocked=YES | 66500.000000
KE	0	20:30:56.250	Cazyxio_v4.3 (EURUSD,M15)	2026.03.13 02:30:56 | HEARTBEAT | SYSTEM | EA alive. Tick=66600 Equity=44254.02 OpenPos=0 PendingOrders=0 UTC=2026.03.13 02:30 DayOfWeek=5 WeekendCloseActive=NO NewTradeBlocked=YES | 66600.000000
MG	0	20:34:38.928	Cazyxio_v4.3 (EURUSD,M15)	2026.03.13 02:34:38 | HEARTBEAT | SYSTEM | EA alive. Tick=66700 Equity=44254.02 OpenPos=0 PendingOrders=0 UTC=2026.03.13 02:34 DayOfWeek=5 WeekendCloseActive=NO NewTradeBlocked=YES | 66700.000000
FI	0	20:37:49.384	Cazyxio_v4.3 (EURUSD,M15)	2026.03.13 02:37:49 | HEARTBEAT | SYSTEM | EA alive. Tick=66800 Equity=44254.02 OpenPos=0 PendingOrders=0 UTC=2026.03.13 02:37 DayOfWeek=5 WeekendCloseActive=NO NewTradeBlocked=YES | 66800.000000
NK	0	20:40:14.577	Cazyxio_v4.3 (EURUSD,M15)	2026.03.13 02:40:14 | HEARTBEAT | SYSTEM | EA alive. Tick=66900 Equity=44254.02 OpenPos=0 PendingOrders=0 UTC=2026.03.13 02:40 DayOfWeek=5 WeekendCloseActive=NO NewTradeBlocked=YES | 66900.000000
NJ	0	20:43:33.228	Cazyxio_v4.3 (EURUSD,M15)	2026.03.13 02:43:33 | HEARTBEAT | SYSTEM | EA alive. Tick=67000 Equity=44254.02 OpenPos=0 PendingOrders=0 UTC=2026.03.13 02:43 DayOfWeek=5 WeekendCloseActive=NO NewTradeBlocked=YES | 67000.000000
RL	0	20:45:15.585	Cazyxio_v4.3 (EURUSD,M15)	2026.03.13 02:45:15 | HEARTBEAT | SYSTEM | EA alive. Tick=67100 Equity=44254.02 OpenPos=0 PendingOrders=0 UTC=2026.03.13 02:45 DayOfWeek=5 WeekendCloseActive=NO NewTradeBlocked=YES | 67100.000000
IN	0	20:48:14.857	Cazyxio_v4.3 (EURUSD,M15)	2026.03.13 02:48:14 | HEARTBEAT | SYSTEM | EA alive. Tick=67200 Equity=44254.02 OpenPos=0 PendingOrders=0 UTC=2026.03.13 02:48 DayOfWeek=5 WeekendCloseActive=NO NewTradeBlocked=YES | 67200.000000
GP	0	20:51:01.345	Cazyxio_v4.3 (EURUSD,M15)	2026.03.13 02:51:01 | HEARTBEAT | SYSTEM | EA alive. Tick=67300 Equity=44254.02 OpenPos=0 PendingOrders=0 UTC=2026.03.13 02:51 DayOfWeek=5 WeekendCloseActive=NO NewTradeBlocked=YES | 67300.000000
NR	0	20:53:28.098	Cazyxio_v4.3 (EURUSD,M15)	2026.03.13 02:53:28 | HEARTBEAT | SYSTEM | EA alive. Tick=67400 Equity=44254.02 OpenPos=0 PendingOrders=0 UTC=2026.03.13 02:53 DayOfWeek=5 WeekendCloseActive=NO NewTradeBlocked=YES | 67400.000000
QD	0	20:55:11.606	Cazyxio_v4.3 (EURUSD,M15)	2026.03.13 02:55:11 | HEARTBEAT | SYSTEM | EA alive. Tick=67500 Equity=44254.02 OpenPos=0 PendingOrders=0 UTC=2026.03.13 02:55 DayOfWeek=5 WeekendCloseActive=NO NewTradeBlocked=YES | 67500.000000
KF	0	20:56:44.883	Cazyxio_v4.3 (EURUSD,M15)	2026.03.13 02:56:44 | HEARTBEAT | SYSTEM | EA alive. Tick=67600 Equity=44254.02 OpenPos=0 PendingOrders=0 UTC=2026.03.13 02:56 DayOfWeek=5 WeekendCloseActive=NO NewTradeBlocked=YES | 67600.000000
RH	0	20:58:38.679	Cazyxio_v4.3 (EURUSD,M15)	2026.03.13 02:58:38 | HEARTBEAT | SYSTEM | EA alive. Tick=67700 Equity=44254.02 OpenPos=0 PendingOrders=0 UTC=2026.03.13 02:58 DayOfWeek=5 WeekendCloseActive=NO NewTradeBlocked=YES | 67700.000000
PI	0	21:00:00.600	Cazyxio_v4.3 (EURUSD,M15)	2026.03.13 03:00:00 | SESSION_WAIT | SYSTEM | Outside session. UTC_hour=3 Waiting.
MK	0	21:00:22.942	Cazyxio_v4.3 (EURUSD,M15)	2026.03.13 03:00:22 | HEARTBEAT | SYSTEM | EA alive. Tick=67800 Equity=44254.02 OpenPos=0 PendingOrders=0 UTC=2026.03.13 03:00 DayOfWeek=5 WeekendCloseActive=NO NewTradeBlocked=YES | 67800.000000
OM	0	21:01:38.028	Cazyxio_v4.3 (EURUSD,M15)	2026.03.13 03:01:38 | HEARTBEAT | SYSTEM | EA alive. Tick=67900 Equity=44254.02 OpenPos=0 PendingOrders=0 UTC=2026.03.13 03:01 DayOfWeek=5 WeekendCloseActive=NO NewTradeBlocked=YES | 67900.000000
GO	0	21:03:05.305	Cazyxio_v4.3 (EURUSD,M15)	2026.03.13 03:03:05 | HEARTBEAT | SYSTEM | EA alive. Tick=68000 Equity=44254.02 OpenPos=0 PendingOrders=0 UTC=2026.03.13 03:03 DayOfWeek=5 WeekendCloseActive=NO NewTradeBlocked=YES | 68000.000000
NQ	0	21:04:50.963	Cazyxio_v4.3 (EURUSD,M15)	2026.03.13 03:04:50 | HEARTBEAT | SYSTEM | EA alive. Tick=68100 Equity=44254.02 OpenPos=0 PendingOrders=0 UTC=2026.03.13 03:04 DayOfWeek=5 WeekendCloseActive=NO NewTradeBlocked=YES | 68100.000000
RS	0	21:07:24.674	Cazyxio_v4.3 (EURUSD,M15)	2026.03.13 03:07:24 | HEARTBEAT | SYSTEM | EA alive. Tick=68200 Equity=44254.02 OpenPos=0 PendingOrders=0 UTC=2026.03.13 03:07 DayOfWeek=5 WeekendCloseActive=NO NewTradeBlocked=YES | 68200.000000
HE	0	21:09:26.571	Cazyxio_v4.3 (EURUSD,M15)	2026.03.13 03:09:26 | HEARTBEAT | SYSTEM | EA alive. Tick=68300 Equity=44254.02 OpenPos=0 PendingOrders=0 UTC=2026.03.13 03:09 DayOfWeek=5 WeekendCloseActive=NO NewTradeBlocked=YES | 68300.000000
KG	0	21:12:07.288	Cazyxio_v4.3 (EURUSD,M15)	2026.03.13 03:12:07 | HEARTBEAT | SYSTEM | EA alive. Tick=68400 Equity=44254.02 OpenPos=0 PendingOrders=0 UTC=2026.03.13 03:12 DayOfWeek=5 WeekendCloseActive=NO NewTradeBlocked=YES | 68400.000000
MI	0	21:14:56.895	Cazyxio_v4.3 (EURUSD,M15)	2026.03.13 03:14:56 | HEARTBEAT | SYSTEM | EA alive. Tick=68500 Equity=44254.02 OpenPos=0 PendingOrders=0 UTC=2026.03.13 03:14 DayOfWeek=5 WeekendCloseActive=NO NewTradeBlocked=YES | 68500.000000
LH	0	21:18:08.522	Cazyxio_v4.3 (EURUSD,M15)	2026.03.13 03:18:08 | HEARTBEAT | SYSTEM | EA alive. Tick=68600 Equity=44254.02 OpenPos=0 PendingOrders=0 UTC=2026.03.13 03:18 DayOfWeek=5 WeekendCloseActive=NO NewTradeBlocked=YES | 68600.000000
FJ	0	21:20:49.350	Cazyxio_v4.3 (EURUSD,M15)	2026.03.13 03:20:49 | HEARTBEAT | SYSTEM | EA alive. Tick=68700 Equity=44254.02 OpenPos=0 PendingOrders=0 UTC=2026.03.13 03:20 DayOfWeek=5 WeekendCloseActive=NO NewTradeBlocked=YES | 68700.000000
IL	0	21:23:31.798	Cazyxio_v4.3 (EURUSD,M15)	2026.03.13 03:23:31 | HEARTBEAT | SYSTEM | EA alive. Tick=68800 Equity=44254.02 OpenPos=0 PendingOrders=0 UTC=2026.03.13 03:23 DayOfWeek=5 WeekendCloseActive=NO NewTradeBlocked=YES | 68800.000000
DN	0	21:25:15.775	Cazyxio_v4.3 (EURUSD,M15)	2026.03.13 03:25:15 | HEARTBEAT | SYSTEM | EA alive. Tick=68900 Equity=44254.02 OpenPos=0 PendingOrders=0 UTC=2026.03.13 03:25 DayOfWeek=5 WeekendCloseActive=NO NewTradeBlocked=YES | 68900.000000
EP	0	21:27:03.974	Cazyxio_v4.3 (EURUSD,M15)	2026.03.13 03:27:03 | HEARTBEAT | SYSTEM | EA alive. Tick=69000 Equity=44254.02 OpenPos=0 PendingOrders=0 UTC=2026.03.13 03:27 DayOfWeek=5 WeekendCloseActive=NO NewTradeBlocked=YES | 69000.000000
JR	0	21:29:07.065	Cazyxio_v4.3 (EURUSD,M15)	2026.03.13 03:29:07 | HEARTBEAT | SYSTEM | EA alive. Tick=69100 Equity=44254.02 OpenPos=0 PendingOrders=0 UTC=2026.03.13 03:29 DayOfWeek=5 WeekendCloseActive=NO NewTradeBlocked=YES | 69100.000000
ND	0	21:30:36.919	Cazyxio_v4.3 (EURUSD,M15)	2026.03.13 03:30:36 | HEARTBEAT | SYSTEM | EA alive. Tick=69200 Equity=44254.02 OpenPos=0 PendingOrders=0 UTC=2026.03.13 03:30 DayOfWeek=5 WeekendCloseActive=NO NewTradeBlocked=YES | 69200.000000
LF	0	21:31:29.635	Cazyxio_v4.3 (EURUSD,M15)	2026.03.13 03:31:29 | HEARTBEAT | SYSTEM | EA alive. Tick=69300 Equity=44254.02 OpenPos=0 PendingOrders=0 UTC=2026.03.13 03:31 DayOfWeek=5 WeekendCloseActive=NO NewTradeBlocked=YES | 69300.000000
KI	0	21:32:22.950	Cazyxio_v4.3 (EURUSD,M15)	2026.03.13 03:32:22 | HEARTBEAT | SYSTEM | EA alive. Tick=69400 Equity=44254.02 OpenPos=0 PendingOrders=0 UTC=2026.03.13 03:32 DayOfWeek=5 WeekendCloseActive=NO NewTradeBlocked=YES | 69400.000000
FK	0	21:33:41.994	Cazyxio_v4.3 (EURUSD,M15)	2026.03.13 03:33:41 | HEARTBEAT | SYSTEM | EA alive. Tick=69500 Equity=44254.02 OpenPos=0 PendingOrders=0 UTC=2026.03.13 03:33 DayOfWeek=5 WeekendCloseActive=NO NewTradeBlocked=YES | 69500.000000
DM	0	21:35:08.512	Cazyxio_v4.3 (EURUSD,M15)	2026.03.13 03:35:08 | HEARTBEAT | SYSTEM | EA alive. Tick=69600 Equity=44254.02 OpenPos=0 PendingOrders=0 UTC=2026.03.13 03:35 DayOfWeek=5 WeekendCloseActive=NO NewTradeBlocked=YES | 69600.000000
NO	0	21:36:34.872	Cazyxio_v4.3 (EURUSD,M15)	2026.03.13 03:36:34 | HEARTBEAT | SYSTEM | EA alive. Tick=69700 Equity=44254.02 OpenPos=0 PendingOrders=0 UTC=2026.03.13 03:36 DayOfWeek=5 WeekendCloseActive=NO NewTradeBlocked=YES | 69700.000000
LQ	0	21:37:45.440	Cazyxio_v4.3 (EURUSD,M15)	2026.03.13 03:37:45 | HEARTBEAT | SYSTEM | EA alive. Tick=69800 Equity=44254.02 OpenPos=0 PendingOrders=0 UTC=2026.03.13 03:37 DayOfWeek=5 WeekendCloseActive=NO NewTradeBlocked=YES | 69800.000000
CS	0	21:39:11.858	Cazyxio_v4.3 (EURUSD,M15)	2026.03.13 03:39:11 | HEARTBEAT | SYSTEM | EA alive. Tick=69900 Equity=44254.02 OpenPos=0 PendingOrders=0 UTC=2026.03.13 03:39 DayOfWeek=5 WeekendCloseActive=NO NewTradeBlocked=YES | 69900.000000
RE	0	21:41:31.388	Cazyxio_v4.3 (EURUSD,M15)	2026.03.13 03:41:31 | HEARTBEAT | SYSTEM | EA alive. Tick=70000 Equity=44254.02 OpenPos=0 PendingOrders=0 UTC=2026.03.13 03:41 DayOfWeek=5 WeekendCloseActive=NO NewTradeBlocked=YES | 70000.000000
GG	0	21:44:38.953	Cazyxio_v4.3 (EURUSD,M15)	2026.03.13 03:44:38 | HEARTBEAT | SYSTEM | EA alive. Tick=70100 Equity=44254.02 OpenPos=0 PendingOrders=0 UTC=2026.03.13 03:44 DayOfWeek=5 WeekendCloseActive=NO NewTradeBlocked=YES | 70100.000000
QF	0	21:47:01.888	Cazyxio_v4.3 (EURUSD,M15)	2026.03.13 03:47:01 | HEARTBEAT | SYSTEM | EA alive. Tick=70200 Equity=44254.02 OpenPos=0 PendingOrders=0 UTC=2026.03.13 03:47 DayOfWeek=5 WeekendCloseActive=NO NewTradeBlocked=YES | 70200.000000
PH	0	21:49:42.986	Cazyxio_v4.3 (EURUSD,M15)	2026.03.13 03:49:42 | HEARTBEAT | SYSTEM | EA alive. Tick=70300 Equity=44254.02 OpenPos=0 PendingOrders=0 UTC=2026.03.13 03:49 DayOfWeek=5 WeekendCloseActive=NO NewTradeBlocked=YES | 70300.000000
IJ	0	21:51:54.201	Cazyxio_v4.3 (EURUSD,M15)	2026.03.13 03:51:54 | HEARTBEAT | SYSTEM | EA alive. Tick=70400 Equity=44254.02 OpenPos=0 PendingOrders=0 UTC=2026.03.13 03:51 DayOfWeek=5 WeekendCloseActive=NO NewTradeBlocked=YES | 70400.000000
GL	0	21:54:45.327	Cazyxio_v4.3 (EURUSD,M15)	2026.03.13 03:54:45 | HEARTBEAT | SYSTEM | EA alive. Tick=70500 Equity=44254.02 OpenPos=0 PendingOrders=0 UTC=2026.03.13 03:54 DayOfWeek=5 WeekendCloseActive=NO NewTradeBlocked=YES | 70500.000000
ON	0	21:57:12.254	Cazyxio_v4.3 (EURUSD,M15)	2026.03.13 03:57:12 | HEARTBEAT | SYSTEM | EA alive. Tick=70600 Equity=44254.02 OpenPos=0 PendingOrders=0 UTC=2026.03.13 03:57 DayOfWeek=5 WeekendCloseActive=NO NewTradeBlocked=YES | 70600.000000
PR	0	22:00:00.294	Cazyxio_v4.3 (EURUSD,M15)	2026.03.13 04:00:00 | SESSION_WAIT | SYSTEM | Outside session. UTC_hour=4 Waiting.
RP	0	22:00:01.298	Cazyxio_v4.3 (EURUSD,M15)	2026.03.13 04:00:01 | HEARTBEAT | SYSTEM | EA alive. Tick=70700 Equity=44254.02 OpenPos=0 PendingOrders=0 UTC=2026.03.13 04:00 DayOfWeek=5 WeekendCloseActive=NO NewTradeBlocked=YES | 70700.000000
DR	0	22:02:10.678	Cazyxio_v4.3 (EURUSD,M15)	2026.03.13 04:02:10 | HEARTBEAT | SYSTEM | EA alive. Tick=70800 Equity=44254.02 OpenPos=0 PendingOrders=0 UTC=2026.03.13 04:02 DayOfWeek=5 WeekendCloseActive=NO NewTradeBlocked=YES | 70800.000000
ND	0	22:05:34.996	Cazyxio_v4.3 (EURUSD,M15)	2026.03.13 04:05:34 | HEARTBEAT | SYSTEM | EA alive. Tick=70900 Equity=44254.02 OpenPos=0 PendingOrders=0 UTC=2026.03.13 04:05 DayOfWeek=5 WeekendCloseActive=NO NewTradeBlocked=YES | 70900.000000
LG	0	22:09:15.611	Cazyxio_v4.3 (EURUSD,M15)	2026.03.13 04:09:15 | HEARTBEAT | SYSTEM | EA alive. Tick=71000 Equity=44254.02 OpenPos=0 PendingOrders=0 UTC=2026.03.13 04:09 DayOfWeek=5 WeekendCloseActive=NO NewTradeBlocked=YES | 71000.000000
QI	0	22:13:38.679	Cazyxio_v4.3 (EURUSD,M15)	2026.03.13 04:13:38 | HEARTBEAT | SYSTEM | EA alive. Tick=71100 Equity=44254.02 OpenPos=0 PendingOrders=0 UTC=2026.03.13 04:13 DayOfWeek=5 WeekendCloseActive=NO NewTradeBlocked=YES | 71100.000000
JK	0	22:15:46.540	Cazyxio_v4.3 (EURUSD,M15)	2026.03.13 04:15:46 | HEARTBEAT | SYSTEM | EA alive. Tick=71200 Equity=44254.02 OpenPos=0 PendingOrders=0 UTC=2026.03.13 04:15 DayOfWeek=5 WeekendCloseActive=NO NewTradeBlocked=YES | 71200.000000
IM	0	22:20:10.361	Cazyxio_v4.3 (EURUSD,M15)	2026.03.13 04:20:10 | HEARTBEAT | SYSTEM | EA alive. Tick=71300 Equity=44254.02 OpenPos=0 PendingOrders=0 UTC=2026.03.13 04:20 DayOfWeek=5 WeekendCloseActive=NO NewTradeBlocked=YES | 71300.000000
NO	0	22:23:20.127	Cazyxio_v4.3 (EURUSD,M15)	2026.03.13 04:23:20 | HEARTBEAT | SYSTEM | EA alive. Tick=71400 Equity=44254.02 OpenPos=0 PendingOrders=0 UTC=2026.03.13 04:23 DayOfWeek=5 WeekendCloseActive=NO NewTradeBlocked=YES | 71400.000000
JQ	0	22:25:36.729	Cazyxio_v4.3 (EURUSD,M15)	2026.03.13 04:25:36 | HEARTBEAT | SYSTEM | EA alive. Tick=71500 Equity=44254.02 OpenPos=0 PendingOrders=0 UTC=2026.03.13 04:25 DayOfWeek=5 WeekendCloseActive=NO NewTradeBlocked=YES | 71500.000000
IS	0	22:28:35.710	Cazyxio_v4.3 (EURUSD,M15)	2026.03.13 04:28:35 | HEARTBEAT | SYSTEM | EA alive. Tick=71600 Equity=44254.02 OpenPos=0 PendingOrders=0 UTC=2026.03.13 04:28 DayOfWeek=5 WeekendCloseActive=NO NewTradeBlocked=YES | 71600.000000
JE	0	22:30:33.396	Cazyxio_v4.3 (EURUSD,M15)	2026.03.13 04:30:33 | HEARTBEAT | SYSTEM | EA alive. Tick=71700 Equity=44254.02 OpenPos=0 PendingOrders=0 UTC=2026.03.13 04:30 DayOfWeek=5 WeekendCloseActive=NO NewTradeBlocked=YES | 71700.000000
FD	0	22:32:32.985	Cazyxio_v4.3 (EURUSD,M15)	2026.03.13 04:32:32 | HEARTBEAT | SYSTEM | EA alive. Tick=71800 Equity=44254.02 OpenPos=0 PendingOrders=0 UTC=2026.03.13 04:32 DayOfWeek=5 WeekendCloseActive=NO NewTradeBlocked=YES | 71800.000000
IF	0	22:34:19.757	Cazyxio_v4.3 (EURUSD,M15)	2026.03.13 04:34:19 | HEARTBEAT | SYSTEM | EA alive. Tick=71900 Equity=44254.02 OpenPos=0 PendingOrders=0 UTC=2026.03.13 04:34 DayOfWeek=5 WeekendCloseActive=NO NewTradeBlocked=YES | 71900.000000
EH	0	22:35:40.622	Cazyxio_v4.3 (EURUSD,M15)	2026.03.13 04:35:40 | HEARTBEAT | SYSTEM | EA alive. Tick=72000 Equity=44254.02 OpenPos=0 PendingOrders=0 UTC=2026.03.13 04:35 DayOfWeek=5 WeekendCloseActive=NO NewTradeBlocked=YES | 72000.000000
HJ	0	22:36:44.167	Cazyxio_v4.3 (EURUSD,M15)	2026.03.13 04:36:44 | HEARTBEAT | SYSTEM | EA alive. Tick=72100 Equity=44254.02 OpenPos=0 PendingOrders=0 UTC=2026.03.13 04:36 DayOfWeek=5 WeekendCloseActive=NO NewTradeBlocked=YES | 72100.000000
HL	0	22:37:36.528	Cazyxio_v4.3 (EURUSD,M15)	2026.03.13 04:37:36 | HEARTBEAT | SYSTEM | EA alive. Tick=72200 Equity=44254.02 OpenPos=0 PendingOrders=0 UTC=2026.03.13 04:37 DayOfWeek=5 WeekendCloseActive=NO NewTradeBlocked=YES | 72200.000000
FN	0	22:38:48.747	Cazyxio_v4.3 (EURUSD,M15)	2026.03.13 04:38:48 | HEARTBEAT | SYSTEM | EA alive. Tick=72300 Equity=44254.02 OpenPos=0 PendingOrders=0 UTC=2026.03.13 04:38 DayOfWeek=5 WeekendCloseActive=NO NewTradeBlocked=YES | 72300.000000
EP	0	22:39:44.332	Cazyxio_v4.3 (EURUSD,M15)	2026.03.13 04:39:44 | HEARTBEAT | SYSTEM | EA alive. Tick=72400 Equity=44254.02 OpenPos=0 PendingOrders=0 UTC=2026.03.13 04:39 DayOfWeek=5 WeekendCloseActive=NO NewTradeBlocked=YES | 72400.000000
OR	0	22:40:45.725	Cazyxio_v4.3 (EURUSD,M15)	2026.03.13 04:40:45 | HEARTBEAT | SYSTEM | EA alive. Tick=72500 Equity=44254.02 OpenPos=0 PendingOrders=0 UTC=2026.03.13 04:40 DayOfWeek=5 WeekendCloseActive=NO NewTradeBlocked=YES | 72500.000000
IE	0	22:41:56.140	Cazyxio_v4.3 (EURUSD,M15)	2026.03.13 04:41:56 | HEARTBEAT | SYSTEM | EA alive. Tick=72600 Equity=44254.02 OpenPos=0 PendingOrders=0 UTC=2026.03.13 04:41 DayOfWeek=5 WeekendCloseActive=NO NewTradeBlocked=YES | 72600.000000
RG	0	22:42:54.094	Cazyxio_v4.3 (EURUSD,M15)	2026.03.13 04:42:54 | HEARTBEAT | SYSTEM | EA alive. Tick=72700 Equity=44254.02 OpenPos=0 PendingOrders=0 UTC=2026.03.13 04:42 DayOfWeek=5 WeekendCloseActive=NO NewTradeBlocked=YES | 72700.000000
LI	0	22:44:20.795	Cazyxio_v4.3 (EURUSD,M15)	2026.03.13 04:44:20 | HEARTBEAT | SYSTEM | EA alive. Tick=72800 Equity=44254.02 OpenPos=0 PendingOrders=0 UTC=2026.03.13 04:44 DayOfWeek=5 WeekendCloseActive=NO NewTradeBlocked=YES | 72800.000000
FK	0	22:46:06.203	Cazyxio_v4.3 (EURUSD,M15)	2026.03.13 04:46:06 | HEARTBEAT | SYSTEM | EA alive. Tick=72900 Equity=44254.02 OpenPos=0 PendingOrders=0 UTC=2026.03.13 04:46 DayOfWeek=5 WeekendCloseActive=NO NewTradeBlocked=YES | 72900.000000
RM	0	22:48:03.836	Cazyxio_v4.3 (EURUSD,M15)	2026.03.13 04:48:03 | HEARTBEAT | SYSTEM | EA alive. Tick=73000 Equity=44254.02 OpenPos=0 PendingOrders=0 UTC=2026.03.13 04:48 DayOfWeek=5 WeekendCloseActive=NO NewTradeBlocked=YES | 73000.000000
OO	0	22:50:01.959	Cazyxio_v4.3 (EURUSD,M15)	2026.03.13 04:50:01 | HEARTBEAT | SYSTEM | EA alive. Tick=73100 Equity=44254.02 OpenPos=0 PendingOrders=0 UTC=2026.03.13 04:50 DayOfWeek=5 WeekendCloseActive=NO NewTradeBlocked=YES | 73100.000000
KQ	0	22:51:50.161	Cazyxio_v4.3 (EURUSD,M15)	2026.03.13 04:51:50 | HEARTBEAT | SYSTEM | EA alive. Tick=73200 Equity=44254.02 OpenPos=0 PendingOrders=0 UTC=2026.03.13 04:51 DayOfWeek=5 WeekendCloseActive=NO NewTradeBlocked=YES | 73200.000000
PS	0	22:54:23.141	Cazyxio_v4.3 (EURUSD,M15)	2026.03.13 04:54:23 | HEARTBEAT | SYSTEM | EA alive. Tick=73300 Equity=44254.02 OpenPos=0 PendingOrders=0 UTC=2026.03.13 04:54 DayOfWeek=5 WeekendCloseActive=NO NewTradeBlocked=YES | 73300.000000
CR	0	22:56:28.410	Cazyxio_v4.3 (EURUSD,M15)	2026.03.13 04:56:28 | HEARTBEAT | SYSTEM | EA alive. Tick=73400 Equity=44254.02 OpenPos=0 PendingOrders=0 UTC=2026.03.13 04:56 DayOfWeek=5 WeekendCloseActive=NO NewTradeBlocked=YES | 73400.000000
KD	0	22:59:04.819	Cazyxio_v4.3 (EURUSD,M15)	2026.03.13 04:59:04 | HEARTBEAT | SYSTEM | EA alive. Tick=73500 Equity=44254.02 OpenPos=0 PendingOrders=0 UTC=2026.03.13 04:59 DayOfWeek=5 WeekendCloseActive=NO NewTradeBlocked=YES | 73500.000000
DD	0	23:00:00.729	Cazyxio_v4.3 (EURUSD,M15)	2026.03.13 05:00:00 | SESSION_WAIT | SYSTEM | Outside session. UTC_hour=5 Waiting.
QF	0	23:00:34.386	Cazyxio_v4.3 (EURUSD,M15)	2026.03.13 05:00:34 | HEARTBEAT | SYSTEM | EA alive. Tick=73600 Equity=44254.02 OpenPos=0 PendingOrders=0 UTC=2026.03.13 05:00 DayOfWeek=5 WeekendCloseActive=NO NewTradeBlocked=YES | 73600.000000
EH	0	23:02:18.155	Cazyxio_v4.3 (EURUSD,M15)	2026.03.13 05:02:18 | HEARTBEAT | SYSTEM | EA alive. Tick=73700 Equity=44254.02 OpenPos=0 PendingOrders=0 UTC=2026.03.13 05:02 DayOfWeek=5 WeekendCloseActive=NO NewTradeBlocked=YES | 73700.000000
GJ	0	23:04:01.197	Cazyxio_v4.3 (EURUSD,M15)	2026.03.13 05:04:01 | HEARTBEAT | SYSTEM | EA alive. Tick=73800 Equity=44254.02 OpenPos=0 PendingOrders=0 UTC=2026.03.13 05:04 DayOfWeek=5 WeekendCloseActive=NO NewTradeBlocked=YES | 73800.000000
PL	0	23:05:16.599	Cazyxio_v4.3 (EURUSD,M15)	2026.03.13 05:05:16 | HEARTBEAT | SYSTEM | EA alive. Tick=73900 Equity=44254.02 OpenPos=0 PendingOrders=0 UTC=2026.03.13 05:05 DayOfWeek=5 WeekendCloseActive=NO NewTradeBlocked=YES | 73900.000000
IN	0	23:08:23.445	Cazyxio_v4.3 (EURUSD,M15)	2026.03.13 05:08:23 | HEARTBEAT | SYSTEM | EA alive. Tick=74000 Equity=44254.02 OpenPos=0 PendingOrders=0 UTC=2026.03.13 05:08 DayOfWeek=5 WeekendCloseActive=NO NewTradeBlocked=YES | 74000.000000
MP	0	23:10:51.057	Cazyxio_v4.3 (EURUSD,M15)	2026.03.13 05:10:51 | HEARTBEAT | SYSTEM | EA alive. Tick=74100 Equity=44254.02 OpenPos=0 PendingOrders=0 UTC=2026.03.13 05:10 DayOfWeek=5 WeekendCloseActive=NO NewTradeBlocked=YES | 74100.000000
QS	0	23:13:37.586	Cazyxio_v4.3 (EURUSD,M15)	2026.03.13 05:13:37 | HEARTBEAT | SYSTEM | EA alive. Tick=74200 Equity=44254.02 OpenPos=0 PendingOrders=0 UTC=2026.03.13 05:13 DayOfWeek=5 WeekendCloseActive=NO NewTradeBlocked=YES | 74200.000000
LE	0	23:15:01.796	Cazyxio_v4.3 (EURUSD,M15)	2026.03.13 05:15:01 | HEARTBEAT | SYSTEM | EA alive. Tick=74300 Equity=44254.02 OpenPos=0 PendingOrders=0 UTC=2026.03.13 05:15 DayOfWeek=5 WeekendCloseActive=NO NewTradeBlocked=YES | 74300.000000
GG	0	23:17:00.256	Cazyxio_v4.3 (EURUSD,M15)	2026.03.13 05:17:00 | HEARTBEAT | SYSTEM | EA alive. Tick=74400 Equity=44254.02 OpenPos=0 PendingOrders=0 UTC=2026.03.13 05:17 DayOfWeek=5 WeekendCloseActive=NO NewTradeBlocked=YES | 74400.000000
LI	0	23:18:35.010	Cazyxio_v4.3 (EURUSD,M15)	2026.03.13 05:18:35 | HEARTBEAT | SYSTEM | EA alive. Tick=74500 Equity=44254.02 OpenPos=0 PendingOrders=0 UTC=2026.03.13 05:18 DayOfWeek=5 WeekendCloseActive=NO NewTradeBlocked=YES | 74500.000000
LK	0	23:20:14.848	Cazyxio_v4.3 (EURUSD,M15)	2026.03.13 05:20:14 | HEARTBEAT | SYSTEM | EA alive. Tick=74600 Equity=44254.02 OpenPos=0 PendingOrders=0 UTC=2026.03.13 05:20 DayOfWeek=5 WeekendCloseActive=NO NewTradeBlocked=YES | 74600.000000
EM	0	23:23:01.187	Cazyxio_v4.3 (EURUSD,M15)	2026.03.13 05:23:01 | HEARTBEAT | SYSTEM | EA alive. Tick=74700 Equity=44254.02 OpenPos=0 PendingOrders=0 UTC=2026.03.13 05:23 DayOfWeek=5 WeekendCloseActive=NO NewTradeBlocked=YES | 74700.000000
NO	0	23:25:19.869	Cazyxio_v4.3 (EURUSD,M15)	2026.03.13 05:25:19 | HEARTBEAT | SYSTEM | EA alive. Tick=74800 Equity=44254.02 OpenPos=0 PendingOrders=0 UTC=2026.03.13 05:25 DayOfWeek=5 WeekendCloseActive=NO NewTradeBlocked=YES | 74800.000000
DQ	0	23:29:28.663	Cazyxio_v4.3 (EURUSD,M15)	2026.03.13 05:29:28 | HEARTBEAT | SYSTEM | EA alive. Tick=74900 Equity=44254.02 OpenPos=0 PendingOrders=0 UTC=2026.03.13 05:29 DayOfWeek=5 WeekendCloseActive=NO NewTradeBlocked=YES | 74900.000000
MP	0	23:31:00.197	Cazyxio_v4.3 (EURUSD,M15)	2026.03.13 05:31:00 | HEARTBEAT | SYSTEM | EA alive. Tick=75000 Equity=44254.02 OpenPos=0 PendingOrders=0 UTC=2026.03.13 05:31 DayOfWeek=5 WeekendCloseActive=NO NewTradeBlocked=YES | 75000.000000
RR	0	23:33:39.956	Cazyxio_v4.3 (EURUSD,M15)	2026.03.13 05:33:39 | HEARTBEAT | SYSTEM | EA alive. Tick=75100 Equity=44254.02 OpenPos=0 PendingOrders=0 UTC=2026.03.13 05:33 DayOfWeek=5 WeekendCloseActive=NO NewTradeBlocked=YES | 75100.000000
CD	0	23:37:29.986	Cazyxio_v4.3 (EURUSD,M15)	2026.03.13 05:37:29 | HEARTBEAT | SYSTEM | EA alive. Tick=75200 Equity=44254.02 OpenPos=0 PendingOrders=0 UTC=2026.03.13 05:37 DayOfWeek=5 WeekendCloseActive=NO NewTradeBlocked=YES | 75200.000000
OF	0	23:40:20.876	Cazyxio_v4.3 (EURUSD,M15)	2026.03.13 05:40:20 | HEARTBEAT | SYSTEM | EA alive. Tick=75300 Equity=44254.02 OpenPos=0 PendingOrders=0 UTC=2026.03.13 05:40 DayOfWeek=5 WeekendCloseActive=NO NewTradeBlocked=YES | 75300.000000
LH	0	23:43:12.643	Cazyxio_v4.3 (EURUSD,M15)	2026.03.13 05:43:12 | HEARTBEAT | SYSTEM | EA alive. Tick=75400 Equity=44254.02 OpenPos=0 PendingOrders=0 UTC=2026.03.13 05:43 DayOfWeek=5 WeekendCloseActive=NO NewTradeBlocked=YES | 75400.000000
PJ	0	23:44:49.880	Cazyxio_v4.3 (EURUSD,M15)	2026.03.13 05:44:49 | HEARTBEAT | SYSTEM | EA alive. Tick=75500 Equity=44254.02 OpenPos=0 PendingOrders=0 UTC=2026.03.13 05:44 DayOfWeek=5 WeekendCloseActive=NO NewTradeBlocked=YES | 75500.000000
DL	0	23:47:43.911	Cazyxio_v4.3 (EURUSD,M15)	2026.03.13 05:47:43 | HEARTBEAT | SYSTEM | EA alive. Tick=75600 Equity=44254.02 OpenPos=0 PendingOrders=0 UTC=2026.03.13 05:47 DayOfWeek=5 WeekendCloseActive=NO NewTradeBlocked=YES | 75600.000000
HN	0	23:50:54.449	Cazyxio_v4.3 (EURUSD,M15)	2026.03.13 05:50:54 | HEARTBEAT | SYSTEM | EA alive. Tick=75700 Equity=44254.02 OpenPos=0 PendingOrders=0 UTC=2026.03.13 05:50 DayOfWeek=5 WeekendCloseActive=NO NewTradeBlocked=YES | 75700.000000
LQ	0	23:54:12.816	Cazyxio_v4.3 (EURUSD,M15)	2026.03.13 05:54:12 | HEARTBEAT | SYSTEM | EA alive. Tick=75800 Equity=44254.02 OpenPos=0 PendingOrders=0 UTC=2026.03.13 05:54 DayOfWeek=5 WeekendCloseActive=NO NewTradeBlocked=YES | 75800.000000
FS	0	23:56:13.104	Cazyxio_v4.3 (EURUSD,M15)	2026.03.13 05:56:13 | HEARTBEAT | SYSTEM | EA alive. Tick=75900 Equity=44254.02 OpenPos=0 PendingOrders=0 UTC=2026.03.13 05:56 DayOfWeek=5 WeekendCloseActive=NO NewTradeBlocked=YES | 75900.000000
NE	0	23:57:24.875	Cazyxio_v4.3 (EURUSD,M15)	2026.03.13 05:57:24 | HEARTBEAT | SYSTEM | EA alive. Tick=76000 Equity=44254.02 OpenPos=0 PendingOrders=0 UTC=2026.03.13 05:57 DayOfWeek=5 WeekendCloseActive=NO NewTradeBlocked=YES | 76000.000000
QG	0	23:59:13.939	Cazyxio_v4.3 (EURUSD,M15)	2026.03.13 05:59:13 | HEARTBEAT | SYSTEM | EA alive. Tick=76100 Equity=44254.02 OpenPos=0 PendingOrders=0 UTC=2026.03.13 05:59 DayOfWeek=5 WeekendCloseActive=NO NewTradeBlocked=YES | 76100.000000