HR	0	08:03:24.369	Cazyxio_v4.3 (EURUSD,M15)	2026.03.23 14:03:24 | STARTUP | SYSTEM | Cazyxio v4.3 OnInit() started. Account=Christopher Watson Server=Forex.com-Demo 535 Mode=DEMO Balance=44972.40
NG	0	08:03:24.369	Cazyxio_v4.3 (EURUSD,M15)	[Cazyxio v4.3] Log file opened: Cazyxio_v4_log.csv
CN	0	08:03:24.369	Cazyxio_v4.3 (EURUSD,M15)	2026.03.23 14:03:24 | STARTUP | SYSTEM | Live key check PASSED.
KL	0	08:03:24.370	Cazyxio_v4.3 (EURUSD,M15)	2026.03.23 14:03:24 | STARTUP | GBPUSD | All 5 indicator handles loaded OK.
DN	0	08:03:24.370	Cazyxio_v4.3 (EURUSD,M15)	2026.03.23 14:03:24 | STARTUP | EURUSD | All 5 indicator handles loaded OK.
EO	0	08:03:24.370	Cazyxio_v4.3 (EURUSD,M15)	2026.03.23 14:03:24 | STARTUP | USDJPY | All 5 indicator handles loaded OK.
JI	0	08:03:24.370	Cazyxio_v4.3 (EURUSD,M15)	2026.03.23 14:03:24 | STARTUP | AUDUSD | All 5 indicator handles loaded OK.
DH	0	08:03:24.370	Cazyxio_v4.3 (EURUSD,M15)	2026.03.23 14:03:24 | STARTUP | GBPJPY | All 5 indicator handles loaded OK.
PI	0	08:03:24.370	Cazyxio_v4.3 (EURUSD,M15)	2026.03.23 14:03:24 | STARTUP | USDCAD | All 5 indicator handles loaded OK.
CJ	0	08:03:24.370	Cazyxio_v4.3 (EURUSD,M15)	2026.03.23 14:03:24 | INIT_OK | SYSTEM | v4.3 Initialization COMPLETE. 6/6 symbols loaded. ExecTF=PERIOD_M15 HTF=PERIOD_H4 RiskPct=0.50 TP_R=3.50 (v4.3: 3.5R) MaxLotsPerSym=2.00 DailyTrendFilter=ON ADXFilter=ON ADXMin=20.0 LimitFallback=ON TouchATRFrac=0.60 ATRMinRatio=0.80 MinBarRangeFactor=0.30 SLCooldownBars=4 MaxDailyLossPct=2.00 WeekendClose=YES
QG	0	08:03:24.664	Cazyxio_v4.3 (EURUSD,M15)	2026.03.23 14:03:24 | DAILY_GUARD_RESET | SYSTEM | New trading day. StartEquity=44972.40 MaxDailyLossPct=2.00 | 44972.400000
CQ	0	08:03:24.664	Cazyxio_v4.3 (EURUSD,M15)	2026.03.23 14:03:24 | SESSION_ACTIVE | SYSTEM | Session now ACTIVE. UTC_hour=14 Trading enabled.
KR	0	08:05:45.003	Cazyxio_v4.3 (EURUSD,M15)	2026.03.23 14:05:45 | GATE_FAIL | GBPUSD | CopyBuffer failed for Daily EMA200.
DS	0	08:08:05.401	Cazyxio_v4.3 (EURUSD,M15)	2026.03.23 14:08:05 | GATE_FAIL | EURUSD | CopyBuffer failed for Daily EMA200.
KR	0	08:10:25.764	Cazyxio_v4.3 (EURUSD,M15)	2026.03.23 14:10:25 | GATE_FAIL | USDJPY | CopyBuffer failed for Daily EMA200.
HR	0	08:10:25.764	Cazyxio_v4.3 (EURUSD,M15)	2026.03.23 14:10:25 | BAR | AUDUSD | close=0.70284 h4ema200=0.70269 h4slope=UP dailyEMA200=0.67241 adx=37.3 ema50=0.69874 distToEMA50=41.0pips touchSeq=0 atr=0.003525 atrRatio=2.942 dir=LONG spread=22.0 spreadOK=YES atrGate=PASS touch=PASS momCandle=momClosePos=0.890 momOk=Y ema50Ok=Y barRange=0.001910 zeroRangeBar=NO trigger=YES hasPos=NO portRisk=0.00% openPos=0 | 0.702840
OD	0	08:10:25.764	Cazyxio_v4.3 (EURUSD,M15)	2026.03.23 14:10:25 | SIGNAL | AUDUSD | VALID SIGNAL (LIMIT): LONG limitPrice=0.69856 sl=0.69292 tp=0.71830 stopDist=0.00564 lots=0.39 riskPct=0.50 R:R=1:3.50 ema50=0.69874 dailyEMA200=0.67241 adx=37.3 distToLimit=46.9pips expiresIn=4bars touchSeq=0 | 0.698560
CF	0	08:10:25.892	Cazyxio_v4.3 (EURUSD,M15)	2026.03.23 14:10:25 | LIMIT_PLACED | AUDUSD | BUY_LIMIT lots=0.39 limitPrice=0.69856 sl=0.69292 tp=0.71830 expiresIn=4bars ticket=4578975 FallbackEnabled=YES | 0.390000
LE	0	08:10:25.892	Cazyxio_v4.3 (EURUSD,M15)	2026.03.23 14:10:25 | BAR | GBPJPY | close=212.552 h4ema200=211.182 h4slope=UP dailyEMA200=205.203 adx=13.0 ema50=212.266 distToEMA50=28.6pips touchSeq=4 atr=0.370857 atrRatio=1.951 dir=LONG spread=54.0 spreadOK=NO atrGate=PASS touch=PASS momCandle=momClosePos=0.365 momOk=N ema50Ok=Y barRange=0.189000 zeroRangeBar=NO trigger=NO hasPos=NO portRisk=0.00% openPos=0 | 212.552000
KF	0	08:10:25.892	Cazyxio_v4.3 (EURUSD,M15)	2026.03.23 14:10:25 | GATE_FAIL | GBPJPY | Spread too wide. Spread=54.0 Max=30 points.
QI	0	08:10:25.892	Cazyxio_v4.3 (EURUSD,M15)	2026.03.23 14:10:25 | BAR | USDCAD | close=1.37082 h4ema200=1.36766 h4slope=UP dailyEMA200=1.38064 adx=15.8 ema50=1.37242 distToEMA50=16.0pips touchSeq=4 atr=0.002209 atrRatio=2.306 dir=NONE spread=25.0 spreadOK=YES atrGate=PASS touch=FAIL momCandle= zeroRangeBar=NO trigger=NO hasPos=NO portRisk=0.00% openPos=0 | 1.370820
HH	0	08:10:25.892	Cazyxio_v4.3 (EURUSD,M15)	2026.03.23 14:10:25 | GATE_FAIL | USDCAD | No directional bias. h4slope=UP closeNow=1.37082 h4ema200=1.36766 dailyEMA200=1.38064
LM	0	08:10:55.927	Cazyxio_v4.3 (EURUSD,M15)	2026.03.23 14:10:55 | HEARTBEAT | SYSTEM | EA alive. Tick=100 Equity=44972.40 OpenPos=0 PendingOrders=1 UTC=2026.03.23 14:10 DayOfWeek=1 WeekendCloseActive=NO NewTradeBlocked=NO | 100.000000
KO	0	08:11:26.675	Cazyxio_v4.3 (EURUSD,M15)	2026.03.23 14:11:26 | HEARTBEAT | SYSTEM | EA alive. Tick=200 Equity=44972.40 OpenPos=0 PendingOrders=1 UTC=2026.03.23 14:11 DayOfWeek=1 WeekendCloseActive=NO NewTradeBlocked=NO | 200.000000
FH	0	08:11:55.766	Cazyxio_v4.3 (EURUSD,M15)	2026.03.23 14:11:55 | HEARTBEAT | SYSTEM | EA alive. Tick=300 Equity=44972.40 OpenPos=0 PendingOrders=1 UTC=2026.03.23 14:11 DayOfWeek=1 WeekendCloseActive=NO NewTradeBlocked=NO | 300.000000
LJ	0	08:12:25.042	Cazyxio_v4.3 (EURUSD,M15)	2026.03.23 14:12:25 | HEARTBEAT | SYSTEM | EA alive. Tick=400 Equity=44972.40 OpenPos=0 PendingOrders=1 UTC=2026.03.23 14:12 DayOfWeek=1 WeekendCloseActive=NO NewTradeBlocked=NO | 400.000000
OG	0	08:13:01.659	Cazyxio_v4.3 (EURUSD,M15)	2026.03.23 14:13:01 | HEARTBEAT | SYSTEM | EA alive. Tick=500 Equity=44972.40 OpenPos=0 PendingOrders=1 UTC=2026.03.23 14:13 DayOfWeek=1 WeekendCloseActive=NO NewTradeBlocked=NO | 500.000000
HQ	0	08:13:38.469	Cazyxio_v4.3 (EURUSD,M15)	2026.03.23 14:13:38 | HEARTBEAT | SYSTEM | EA alive. Tick=600 Equity=44972.40 OpenPos=0 PendingOrders=1 UTC=2026.03.23 14:13 DayOfWeek=1 WeekendCloseActive=NO NewTradeBlocked=NO | 600.000000
OR	0	08:14:15.278	Cazyxio_v4.3 (EURUSD,M15)	2026.03.23 14:14:15 | HEARTBEAT | SYSTEM | EA alive. Tick=700 Equity=44972.40 OpenPos=0 PendingOrders=1 UTC=2026.03.23 14:14 DayOfWeek=1 WeekendCloseActive=NO NewTradeBlocked=NO | 700.000000
QL	0	08:14:50.263	Cazyxio_v4.3 (EURUSD,M15)	2026.03.23 14:14:50 | HEARTBEAT | SYSTEM | EA alive. Tick=800 Equity=44972.40 OpenPos=0 PendingOrders=1 UTC=2026.03.23 14:14 DayOfWeek=1 WeekendCloseActive=NO NewTradeBlocked=NO | 800.000000
MI	0	08:17:20.462	Cazyxio_v4.3 (EURUSD,M15)	2026.03.23 14:17:20 | GATE_FAIL | EURUSD | CopyBuffer failed for Daily EMA200.
HI	0	08:19:40.798	Cazyxio_v4.3 (EURUSD,M15)	2026.03.23 14:19:40 | GATE_FAIL | USDJPY | CopyBuffer failed for Daily EMA200.
MD	0	08:19:40.798	Cazyxio_v4.3 (EURUSD,M15)	2026.03.23 14:19:40 | LIMIT_PENDING | AUDUSD | Limit order still pending. BarsRemaining=3 LimitPrice=0.69856 CurrentPrice=0.70506 DistToLimit=65.0pips Ticket=4578975
KJ	0	08:19:40.799	Cazyxio_v4.3 (EURUSD,M15)	2026.03.23 14:19:40 | BAR | GBPJPY | close=212.615 h4ema200=211.182 h4slope=UP dailyEMA200=205.204 adx=13.0 ema50=212.283 distToEMA50=33.2pips touchSeq=5 atr=0.368929 atrRatio=1.919 dir=LONG spread=56.0 spreadOK=NO atrGate=PASS touch=PASS momCandle=momClosePos=0.863 momOk=Y ema50Ok=Y barRange=0.241000 zeroRangeBar=NO trigger=YES hasPos=NO portRisk=0.00% openPos=0 | 212.615000
ED	0	08:19:40.799	Cazyxio_v4.3 (EURUSD,M15)	2026.03.23 14:19:40 | GATE_FAIL | GBPJPY | Spread too wide. Spread=56.0 Max=30 points.
JH	0	08:19:40.799	Cazyxio_v4.3 (EURUSD,M15)	2026.03.23 14:19:40 | BAR | USDCAD | close=1.36968 h4ema200=1.36765 h4slope=UP dailyEMA200=1.38063 adx=15.8 ema50=1.37226 distToEMA50=25.8pips touchSeq=0 atr=0.002271 atrRatio=2.337 dir=NONE spread=23.0 spreadOK=YES atrGate=PASS touch=FAIL momCandle= zeroRangeBar=NO trigger=NO hasPos=NO portRisk=0.00% openPos=0 | 1.369680
PI	0	08:19:40.799	Cazyxio_v4.3 (EURUSD,M15)	2026.03.23 14:19:40 | GATE_FAIL | USDCAD | No directional bias. h4slope=UP closeNow=1.36968 h4ema200=1.36765 dailyEMA200=1.38063
OM	0	08:22:01.368	Cazyxio_v4.3 (EURUSD,M15)	2026.03.23 14:22:01 | GATE_FAIL | GBPUSD | CopyBuffer failed for Daily EMA200.
PO	0	08:22:22.915	Cazyxio_v4.3 (EURUSD,M15)	2026.03.23 14:22:22 | HEARTBEAT | SYSTEM | EA alive. Tick=900 Equity=44972.40 OpenPos=0 PendingOrders=1 UTC=2026.03.23 14:22 DayOfWeek=1 WeekendCloseActive=NO NewTradeBlocked=NO | 900.000000
DI	0	08:23:00.833	Cazyxio_v4.3 (EURUSD,M15)	2026.03.23 14:23:00 | HEARTBEAT | SYSTEM | EA alive. Tick=1000 Equity=44972.40 OpenPos=0 PendingOrders=1 UTC=2026.03.23 14:23 DayOfWeek=1 WeekendCloseActive=NO NewTradeBlocked=NO | 1000.000000
LK	0	08:23:39.343	Cazyxio_v4.3 (EURUSD,M15)	2026.03.23 14:23:39 | HEARTBEAT | SYSTEM | EA alive. Tick=1100 Equity=44972.40 OpenPos=0 PendingOrders=1 UTC=2026.03.23 14:23 DayOfWeek=1 WeekendCloseActive=NO NewTradeBlocked=NO | 1100.000000
ED	0	08:24:12.884	Cazyxio_v4.3 (EURUSD,M15)	2026.03.23 14:24:12 | HEARTBEAT | SYSTEM | EA alive. Tick=1200 Equity=44972.40 OpenPos=0 PendingOrders=1 UTC=2026.03.23 14:24 DayOfWeek=1 WeekendCloseActive=NO NewTradeBlocked=NO | 1200.000000
IF	0	08:24:46.422	Cazyxio_v4.3 (EURUSD,M15)	2026.03.23 14:24:46 | HEARTBEAT | SYSTEM | EA alive. Tick=1300 Equity=44972.40 OpenPos=0 PendingOrders=1 UTC=2026.03.23 14:24 DayOfWeek=1 WeekendCloseActive=NO NewTradeBlocked=NO | 1300.000000
MP	0	08:25:18.173	Cazyxio_v4.3 (EURUSD,M15)	2026.03.23 14:25:18 | HEARTBEAT | SYSTEM | EA alive. Tick=1400 Equity=44972.40 OpenPos=0 PendingOrders=1 UTC=2026.03.23 14:25 DayOfWeek=1 WeekendCloseActive=NO NewTradeBlocked=NO | 1400.000000
IR	0	08:25:52.481	Cazyxio_v4.3 (EURUSD,M15)	2026.03.23 14:25:52 | HEARTBEAT | SYSTEM | EA alive. Tick=1500 Equity=44972.40 OpenPos=0 PendingOrders=1 UTC=2026.03.23 14:25 DayOfWeek=1 WeekendCloseActive=NO NewTradeBlocked=NO | 1500.000000
RO	0	08:26:20.784	Cazyxio_v4.3 (EURUSD,M15)	2026.03.23 14:26:20 | HEARTBEAT | SYSTEM | EA alive. Tick=1600 Equity=44972.40 OpenPos=0 PendingOrders=1 UTC=2026.03.23 14:26 DayOfWeek=1 WeekendCloseActive=NO NewTradeBlocked=NO | 1600.000000
PI	0	08:26:51.418	Cazyxio_v4.3 (EURUSD,M15)	2026.03.23 14:26:51 | HEARTBEAT | SYSTEM | EA alive. Tick=1700 Equity=44972.40 OpenPos=0 PendingOrders=1 UTC=2026.03.23 14:26 DayOfWeek=1 WeekendCloseActive=NO NewTradeBlocked=NO | 1700.000000
GK	0	08:27:21.922	Cazyxio_v4.3 (EURUSD,M15)	2026.03.23 14:27:21 | HEARTBEAT | SYSTEM | EA alive. Tick=1800 Equity=44972.40 OpenPos=0 PendingOrders=1 UTC=2026.03.23 14:27 DayOfWeek=1 WeekendCloseActive=NO NewTradeBlocked=NO | 1800.000000
LE	0	08:27:55.374	Cazyxio_v4.3 (EURUSD,M15)	2026.03.23 14:27:55 | HEARTBEAT | SYSTEM | EA alive. Tick=1900 Equity=44972.40 OpenPos=0 PendingOrders=1 UTC=2026.03.23 14:27 DayOfWeek=1 WeekendCloseActive=NO NewTradeBlocked=NO | 1900.000000
LF	0	08:28:27.223	Cazyxio_v4.3 (EURUSD,M15)	2026.03.23 14:28:27 | HEARTBEAT | SYSTEM | EA alive. Tick=2000 Equity=44972.40 OpenPos=0 PendingOrders=1 UTC=2026.03.23 14:28 DayOfWeek=1 WeekendCloseActive=NO NewTradeBlocked=NO | 2000.000000
QP	0	08:28:57.770	Cazyxio_v4.3 (EURUSD,M15)	2026.03.23 14:28:57 | HEARTBEAT | SYSTEM | EA alive. Tick=2100 Equity=44972.40 OpenPos=0 PendingOrders=1 UTC=2026.03.23 14:28 DayOfWeek=1 WeekendCloseActive=NO NewTradeBlocked=NO | 2100.000000
PR	0	08:29:31.817	Cazyxio_v4.3 (EURUSD,M15)	2026.03.23 14:29:31 | HEARTBEAT | SYSTEM | EA alive. Tick=2200 Equity=44972.40 OpenPos=0 PendingOrders=1 UTC=2026.03.23 14:29 DayOfWeek=1 WeekendCloseActive=NO NewTradeBlocked=NO | 2200.000000
JM	0	08:32:20.453	Cazyxio_v4.3 (EURUSD,M15)	2026.03.23 14:32:20 | GATE_FAIL | GBPUSD | CopyBuffer failed for Daily EMA200.
LO	0	08:34:40.762	Cazyxio_v4.3 (EURUSD,M15)	2026.03.23 14:34:40 | GATE_FAIL | EURUSD | CopyBuffer failed for Daily EMA200.
RO	0	08:37:01.084	Cazyxio_v4.3 (EURUSD,M15)	2026.03.23 14:37:01 | GATE_FAIL | USDJPY | CopyBuffer failed for Daily EMA200.
DR	0	08:37:01.084	Cazyxio_v4.3 (EURUSD,M15)	2026.03.23 14:37:01 | LIMIT_PENDING | AUDUSD | Limit order still pending. BarsRemaining=2 LimitPrice=0.69856 CurrentPrice=0.70562 DistToLimit=70.6pips Ticket=4578975
RH	0	08:37:01.084	Cazyxio_v4.3 (EURUSD,M15)	2026.03.23 14:37:01 | BAR | GBPJPY | close=213.113 h4ema200=211.188 h4slope=UP dailyEMA200=205.209 adx=14.4 ema50=212.337 distToEMA50=77.6pips touchSeq=0 atr=0.318357 atrRatio=1.639 dir=LONG spread=55.0 spreadOK=NO atrGate=PASS touch=PASS momCandle=momClosePos=0.962 momOk=Y ema50Ok=Y barRange=0.578000 zeroRangeBar=NO trigger=YES hasPos=NO portRisk=0.00% openPos=0 | 213.113000
MF	0	08:37:01.084	Cazyxio_v4.3 (EURUSD,M15)	2026.03.23 14:37:01 | GATE_FAIL | GBPJPY | Spread too wide. Spread=55.0 Max=30 points.
LN	0	08:37:01.084	Cazyxio_v4.3 (EURUSD,M15)	2026.03.23 14:37:01 | BAR | USDCAD | close=1.36719 h4ema200=1.36764 h4slope=UP dailyEMA200=1.38062 adx=17.0 ema50=1.37203 distToEMA50=48.4pips touchSeq=0 atr=0.001926 atrRatio=1.958 dir=NONE spread=26.0 spreadOK=YES atrGate=PASS touch=FAIL momCandle= zeroRangeBar=NO trigger=NO hasPos=NO portRisk=0.00% openPos=0 | 1.367190
QK	0	08:37:01.084	Cazyxio_v4.3 (EURUSD,M15)	2026.03.23 14:37:01 | GATE_FAIL | USDCAD | No directional bias. h4slope=UP closeNow=1.36719 h4ema200=1.36764 dailyEMA200=1.38062
JR	0	08:37:02.946	Cazyxio_v4.3 (EURUSD,M15)	2026.03.23 14:37:02 | HEARTBEAT | SYSTEM | EA alive. Tick=2300 Equity=44972.40 OpenPos=0 PendingOrders=1 UTC=2026.03.23 14:37 DayOfWeek=1 WeekendCloseActive=NO NewTradeBlocked=NO | 2300.000000
OL	0	08:37:35.206	Cazyxio_v4.3 (EURUSD,M15)	2026.03.23 14:37:35 | HEARTBEAT | SYSTEM | EA alive. Tick=2400 Equity=44972.40 OpenPos=0 PendingOrders=1 UTC=2026.03.23 14:37 DayOfWeek=1 WeekendCloseActive=NO NewTradeBlocked=NO | 2400.000000
KI	0	08:38:07.201	Cazyxio_v4.3 (EURUSD,M15)	2026.03.23 14:38:07 | HEARTBEAT | SYSTEM | EA alive. Tick=2500 Equity=44972.40 OpenPos=0 PendingOrders=1 UTC=2026.03.23 14:38 DayOfWeek=1 WeekendCloseActive=NO NewTradeBlocked=NO | 2500.000000
LK	0	08:38:38.363	Cazyxio_v4.3 (EURUSD,M15)	2026.03.23 14:38:38 | HEARTBEAT | SYSTEM | EA alive. Tick=2600 Equity=44972.40 OpenPos=0 PendingOrders=1 UTC=2026.03.23 14:38 DayOfWeek=1 WeekendCloseActive=NO NewTradeBlocked=NO | 2600.000000
EE	0	08:39:13.099	Cazyxio_v4.3 (EURUSD,M15)	2026.03.23 14:39:13 | HEARTBEAT | SYSTEM | EA alive. Tick=2700 Equity=44972.40 OpenPos=0 PendingOrders=1 UTC=2026.03.23 14:39 DayOfWeek=1 WeekendCloseActive=NO NewTradeBlocked=NO | 2700.000000
JG	0	08:39:51.890	Cazyxio_v4.3 (EURUSD,M15)	2026.03.23 14:39:51 | HEARTBEAT | SYSTEM | EA alive. Tick=2800 Equity=44972.40 OpenPos=0 PendingOrders=1 UTC=2026.03.23 14:39 DayOfWeek=1 WeekendCloseActive=NO NewTradeBlocked=NO | 2800.000000
FP	0	08:40:23.610	Cazyxio_v4.3 (EURUSD,M15)	2026.03.23 14:40:23 | HEARTBEAT | SYSTEM | EA alive. Tick=2900 Equity=44972.40 OpenPos=0 PendingOrders=1 UTC=2026.03.23 14:40 DayOfWeek=1 WeekendCloseActive=NO NewTradeBlocked=NO | 2900.000000
OR	0	08:40:53.905	Cazyxio_v4.3 (EURUSD,M15)	2026.03.23 14:40:53 | HEARTBEAT | SYSTEM | EA alive. Tick=3000 Equity=44972.40 OpenPos=0 PendingOrders=1 UTC=2026.03.23 14:40 DayOfWeek=1 WeekendCloseActive=NO NewTradeBlocked=NO | 3000.000000
ML	0	08:41:25.645	Cazyxio_v4.3 (EURUSD,M15)	2026.03.23 14:41:25 | HEARTBEAT | SYSTEM | EA alive. Tick=3100 Equity=44972.40 OpenPos=0 PendingOrders=1 UTC=2026.03.23 14:41 DayOfWeek=1 WeekendCloseActive=NO NewTradeBlocked=NO | 3100.000000
FN	0	08:41:59.912	Cazyxio_v4.3 (EURUSD,M15)	2026.03.23 14:41:59 | HEARTBEAT | SYSTEM | EA alive. Tick=3200 Equity=44972.40 OpenPos=0 PendingOrders=1 UTC=2026.03.23 14:41 DayOfWeek=1 WeekendCloseActive=NO NewTradeBlocked=NO | 3200.000000
CK	0	08:42:36.363	Cazyxio_v4.3 (EURUSD,M15)	2026.03.23 14:42:36 | HEARTBEAT | SYSTEM | EA alive. Tick=3300 Equity=44972.40 OpenPos=0 PendingOrders=1 UTC=2026.03.23 14:42 DayOfWeek=1 WeekendCloseActive=NO NewTradeBlocked=NO | 3300.000000
HE	0	08:43:08.363	Cazyxio_v4.3 (EURUSD,M15)	2026.03.23 14:43:08 | HEARTBEAT | SYSTEM | EA alive. Tick=3400 Equity=44972.40 OpenPos=0 PendingOrders=1 UTC=2026.03.23 14:43 DayOfWeek=1 WeekendCloseActive=NO NewTradeBlocked=NO | 3400.000000
JG	0	08:43:35.910	Cazyxio_v4.3 (EURUSD,M15)	2026.03.23 14:43:35 | HEARTBEAT | SYSTEM | EA alive. Tick=3500 Equity=44972.40 OpenPos=0 PendingOrders=1 UTC=2026.03.23 14:43 DayOfWeek=1 WeekendCloseActive=NO NewTradeBlocked=NO | 3500.000000
IQ	0	08:44:05.596	Cazyxio_v4.3 (EURUSD,M15)	2026.03.23 14:44:05 | HEARTBEAT | SYSTEM | EA alive. Tick=3600 Equity=44972.40 OpenPos=0 PendingOrders=1 UTC=2026.03.23 14:44 DayOfWeek=1 WeekendCloseActive=NO NewTradeBlocked=NO | 3600.000000
PR	0	08:44:37.814	Cazyxio_v4.3 (EURUSD,M15)	2026.03.23 14:44:37 | HEARTBEAT | SYSTEM | EA alive. Tick=3700 Equity=44972.40 OpenPos=0 PendingOrders=1 UTC=2026.03.23 14:44 DayOfWeek=1 WeekendCloseActive=NO NewTradeBlocked=NO | 3700.000000
CL	0	08:47:20.479	Cazyxio_v4.3 (EURUSD,M15)	2026.03.23 14:47:20 | GATE_FAIL | EURUSD | CopyBuffer failed for Daily EMA200.
QL	0	08:49:40.836	Cazyxio_v4.3 (EURUSD,M15)	2026.03.23 14:49:40 | GATE_FAIL | USDJPY | CopyBuffer failed for Daily EMA200.
CS	0	08:49:40.836	Cazyxio_v4.3 (EURUSD,M15)	2026.03.23 14:49:40 | LIMIT_PENDING | AUDUSD | Limit order still pending. BarsRemaining=1 LimitPrice=0.69856 CurrentPrice=0.70545 DistToLimit=68.9pips Ticket=4578975
CD	0	08:49:40.836	Cazyxio_v4.3 (EURUSD,M15)	2026.03.23 14:49:40 | BAR | GBPJPY | close=213.167 h4ema200=211.186 h4slope=UP dailyEMA200=205.208 adx=14.4 ema50=212.362 distToEMA50=80.5pips touchSeq=0 atr=0.276929 atrRatio=1.417 dir=LONG spread=54.0 spreadOK=NO atrGate=PASS touch=PASS momCandle=momClosePos=0.450 momOk=N ema50Ok=Y barRange=0.202000 zeroRangeBar=NO trigger=NO hasPos=NO portRisk=0.00% openPos=0 | 213.167000
KQ	0	08:49:40.836	Cazyxio_v4.3 (EURUSD,M15)	2026.03.23 14:49:40 | GATE_FAIL | GBPJPY | Spread too wide. Spread=54.0 Max=30 points.
GO	0	08:49:40.836	Cazyxio_v4.3 (EURUSD,M15)	2026.03.23 14:49:40 | BAR | USDCAD | close=1.36838 h4ema200=1.36765 h4slope=UP dailyEMA200=1.38063 adx=17.0 ema50=1.37192 distToEMA50=35.4pips touchSeq=0 atr=0.001859 atrRatio=1.872 dir=NONE spread=29.0 spreadOK=YES atrGate=PASS touch=FAIL momCandle= zeroRangeBar=NO trigger=NO hasPos=NO portRisk=0.00% openPos=0 | 1.368380
PJ	0	08:49:40.836	Cazyxio_v4.3 (EURUSD,M15)	2026.03.23 14:49:40 | GATE_FAIL | USDCAD | No directional bias. h4slope=UP closeNow=1.36838 h4ema200=1.36765 dailyEMA200=1.38063
GR	0	08:52:01.470	Cazyxio_v4.3 (EURUSD,M15)	2026.03.23 14:52:01 | GATE_FAIL | GBPUSD | CopyBuffer failed for Daily EMA200.
HR	0	08:52:13.994	Cazyxio_v4.3 (EURUSD,M15)	2026.03.23 14:52:13 | HEARTBEAT | SYSTEM | EA alive. Tick=3800 Equity=44972.40 OpenPos=0 PendingOrders=1 UTC=2026.03.23 14:52 DayOfWeek=1 WeekendCloseActive=NO NewTradeBlocked=NO | 3800.000000
HL	0	08:52:47.668	Cazyxio_v4.3 (EURUSD,M15)	2026.03.23 14:52:47 | HEARTBEAT | SYSTEM | EA alive. Tick=3900 Equity=44972.40 OpenPos=0 PendingOrders=1 UTC=2026.03.23 14:52 DayOfWeek=1 WeekendCloseActive=NO NewTradeBlocked=NO | 3900.000000
ON	0	08:53:21.114	Cazyxio_v4.3 (EURUSD,M15)	2026.03.23 14:53:21 | HEARTBEAT | SYSTEM | EA alive. Tick=4000 Equity=44972.40 OpenPos=0 PendingOrders=1 UTC=2026.03.23 14:53 DayOfWeek=1 WeekendCloseActive=NO NewTradeBlocked=NO | 4000.000000
GK	0	08:54:01.447	Cazyxio_v4.3 (EURUSD,M15)	2026.03.23 14:54:01 | HEARTBEAT | SYSTEM | EA alive. Tick=4100 Equity=44972.40 OpenPos=0 PendingOrders=1 UTC=2026.03.23 14:54 DayOfWeek=1 WeekendCloseActive=NO NewTradeBlocked=NO | 4100.000000
GE	0	08:54:33.614	Cazyxio_v4.3 (EURUSD,M15)	2026.03.23 14:54:33 | HEARTBEAT | SYSTEM | EA alive. Tick=4200 Equity=44972.40 OpenPos=0 PendingOrders=1 UTC=2026.03.23 14:54 DayOfWeek=1 WeekendCloseActive=NO NewTradeBlocked=NO | 4200.000000
GG	0	08:55:09.385	Cazyxio_v4.3 (EURUSD,M15)	2026.03.23 14:55:09 | HEARTBEAT | SYSTEM | EA alive. Tick=4300 Equity=44972.40 OpenPos=0 PendingOrders=1 UTC=2026.03.23 14:55 DayOfWeek=1 WeekendCloseActive=NO NewTradeBlocked=NO | 4300.000000
CQ	0	08:55:45.842	Cazyxio_v4.3 (EURUSD,M15)	2026.03.23 14:55:45 | HEARTBEAT | SYSTEM | EA alive. Tick=4400 Equity=44972.40 OpenPos=0 PendingOrders=1 UTC=2026.03.23 14:55 DayOfWeek=1 WeekendCloseActive=NO NewTradeBlocked=NO | 4400.000000
RR	0	08:56:16.925	Cazyxio_v4.3 (EURUSD,M15)	2026.03.23 14:56:16 | HEARTBEAT | SYSTEM | EA alive. Tick=4500 Equity=44972.40 OpenPos=0 PendingOrders=1 UTC=2026.03.23 14:56 DayOfWeek=1 WeekendCloseActive=NO NewTradeBlocked=NO | 4500.000000
ML	0	08:56:50.492	Cazyxio_v4.3 (EURUSD,M15)	2026.03.23 14:56:50 | HEARTBEAT | SYSTEM | EA alive. Tick=4600 Equity=44972.40 OpenPos=0 PendingOrders=1 UTC=2026.03.23 14:56 DayOfWeek=1 WeekendCloseActive=NO NewTradeBlocked=NO | 4600.000000
RN	0	08:57:25.456	Cazyxio_v4.3 (EURUSD,M15)	2026.03.23 14:57:25 | HEARTBEAT | SYSTEM | EA alive. Tick=4700 Equity=44972.40 OpenPos=0 PendingOrders=1 UTC=2026.03.23 14:57 DayOfWeek=1 WeekendCloseActive=NO NewTradeBlocked=NO | 4700.000000
GH	0	08:58:09.421	Cazyxio_v4.3 (EURUSD,M15)	2026.03.23 14:58:09 | HEARTBEAT | SYSTEM | EA alive. Tick=4800 Equity=44972.40 OpenPos=0 PendingOrders=1 UTC=2026.03.23 14:58 DayOfWeek=1 WeekendCloseActive=NO NewTradeBlocked=NO | 4800.000000
NE	0	08:58:51.712	Cazyxio_v4.3 (EURUSD,M15)	2026.03.23 14:58:51 | HEARTBEAT | SYSTEM | EA alive. Tick=4900 Equity=44972.40 OpenPos=0 PendingOrders=1 UTC=2026.03.23 14:58 DayOfWeek=1 WeekendCloseActive=NO NewTradeBlocked=NO | 4900.000000
OG	0	08:59:37.521	Cazyxio_v4.3 (EURUSD,M15)	2026.03.23 14:59:37 | HEARTBEAT | SYSTEM | EA alive. Tick=5000 Equity=44972.40 OpenPos=0 PendingOrders=1 UTC=2026.03.23 14:59 DayOfWeek=1 WeekendCloseActive=NO NewTradeBlocked=NO | 5000.000000
CP	0	09:02:20.614	Cazyxio_v4.3 (EURUSD,M15)	2026.03.23 15:02:20 | GATE_FAIL | GBPUSD | CopyBuffer failed for Daily EMA200.
CP	0	09:04:40.972	Cazyxio_v4.3 (EURUSD,M15)	2026.03.23 15:04:40 | GATE_FAIL | EURUSD | CopyBuffer failed for Daily EMA200.
DP	0	09:07:01.352	Cazyxio_v4.3 (EURUSD,M15)	2026.03.23 15:07:01 | GATE_FAIL | USDJPY | CopyBuffer failed for Daily EMA200.
PR	0	09:07:01.352	Cazyxio_v4.3 (EURUSD,M15)	2026.03.23 15:07:01 | LIMIT_EXPIRED | AUDUSD | Limit order expired (unfilled after 4 bars). LimitPrice=0.69856 CurrentPrice=0.70569 DistanceFromLimit=71.3pips Ticket=4578975
CR	0	09:07:01.479	Cazyxio_v4.3 (EURUSD,M15)	2026.03.23 15:07:01 | LIMIT_CANCELLED | AUDUSD | Pending limit order cancelled. Reason=EXPIRY Ticket=4578975 LimitPrice=0.69856
GR	0	09:07:01.479	Cazyxio_v4.3 (EURUSD,M15)	2026.03.23 15:07:01 | FALLBACK_SKIP | AUDUSD | Limit expired. Fallback skipped — price too far from EMA50. DistFromEMA=69.5pips MaxDist=35.2pips
QI	0	09:07:01.479	Cazyxio_v4.3 (EURUSD,M15)	2026.03.23 15:07:01 | BAR | GBPJPY | close=212.961 h4ema200=211.185 h4slope=UP dailyEMA200=205.206 adx=14.4 ema50=212.381 distToEMA50=58.0pips touchSeq=0 atr=0.271000 atrRatio=1.379 dir=LONG spread=57.0 spreadOK=NO atrGate=PASS touch=PASS momCandle=momClosePos=0.000 momOk=N ema50Ok=Y barRange=0.207000 zeroRangeBar=NO trigger=NO hasPos=NO portRisk=0.00% openPos=0 | 212.961000
KR	0	09:07:01.479	Cazyxio_v4.3 (EURUSD,M15)	2026.03.23 15:07:01 | GATE_FAIL | GBPJPY | Spread too wide. Spread=57.0 Max=30 points.
OR	0	09:07:01.479	Cazyxio_v4.3 (EURUSD,M15)	2026.03.23 15:07:01 | BAR | USDCAD | close=1.36980 h4ema200=1.36766 h4slope=UP dailyEMA200=1.38064 adx=17.0 ema50=1.37186 distToEMA50=20.6pips touchSeq=1 atr=0.001806 atrRatio=1.803 dir=NONE spread=28.0 spreadOK=YES atrGate=PASS touch=FAIL momCandle= zeroRangeBar=NO trigger=NO hasPos=NO portRisk=0.00% openPos=0 | 1.369800
KO	0	09:07:01.479	Cazyxio_v4.3 (EURUSD,M15)	2026.03.23 15:07:01 | GATE_FAIL | USDCAD | No directional bias. h4slope=UP closeNow=1.36980 h4ema200=1.36766 dailyEMA200=1.38064
JQ	0	09:07:19.174	Cazyxio_v4.3 (EURUSD,M15)	2026.03.23 15:07:19 | HEARTBEAT | SYSTEM | EA alive. Tick=5100 Equity=44972.40 OpenPos=0 PendingOrders=0 UTC=2026.03.23 15:07 DayOfWeek=1 WeekendCloseActive=NO NewTradeBlocked=NO | 5100.000000
KS	0	09:07:55.283	Cazyxio_v4.3 (EURUSD,M15)	2026.03.23 15:07:55 | HEARTBEAT | SYSTEM | EA alive. Tick=5200 Equity=44972.40 OpenPos=0 PendingOrders=0 UTC=2026.03.23 15:07 DayOfWeek=1 WeekendCloseActive=NO NewTradeBlocked=NO | 5200.000000
FM	0	09:08:26.760	Cazyxio_v4.3 (EURUSD,M15)	2026.03.23 15:08:26 | HEARTBEAT | SYSTEM | EA alive. Tick=5300 Equity=44972.40 OpenPos=0 PendingOrders=0 UTC=2026.03.23 15:08 DayOfWeek=1 WeekendCloseActive=NO NewTradeBlocked=NO | 5300.000000
OO	0	09:09:03.380	Cazyxio_v4.3 (EURUSD,M15)	2026.03.23 15:09:03 | HEARTBEAT | SYSTEM | EA alive. Tick=5400 Equity=44972.40 OpenPos=0 PendingOrders=0 UTC=2026.03.23 15:09 DayOfWeek=1 WeekendCloseActive=NO NewTradeBlocked=NO | 5400.000000
EH	0	09:09:37.944	Cazyxio_v4.3 (EURUSD,M15)	2026.03.23 15:09:37 | HEARTBEAT | SYSTEM | EA alive. Tick=5500 Equity=44972.40 OpenPos=0 PendingOrders=0 UTC=2026.03.23 15:09 DayOfWeek=1 WeekendCloseActive=NO NewTradeBlocked=NO | 5500.000000
IJ	0	09:10:12.089	Cazyxio_v4.3 (EURUSD,M15)	2026.03.23 15:10:12 | HEARTBEAT | SYSTEM | EA alive. Tick=5600 Equity=44972.40 OpenPos=0 PendingOrders=0 UTC=2026.03.23 15:10 DayOfWeek=1 WeekendCloseActive=NO NewTradeBlocked=NO | 5600.000000
ED	0	09:10:44.559	Cazyxio_v4.3 (EURUSD,M15)	2026.03.23 15:10:44 | HEARTBEAT | SYSTEM | EA alive. Tick=5700 Equity=44972.40 OpenPos=0 PendingOrders=0 UTC=2026.03.23 15:10 DayOfWeek=1 WeekendCloseActive=NO NewTradeBlocked=NO | 5700.000000
OF	0	09:11:19.367	Cazyxio_v4.3 (EURUSD,M15)	2026.03.23 15:11:19 | HEARTBEAT | SYSTEM | EA alive. Tick=5800 Equity=44972.40 OpenPos=0 PendingOrders=0 UTC=2026.03.23 15:11 DayOfWeek=1 WeekendCloseActive=NO NewTradeBlocked=NO | 5800.000000
LS	0	09:11:49.319	Cazyxio_v4.3 (EURUSD,M15)	2026.03.23 15:11:49 | HEARTBEAT | SYSTEM | EA alive. Tick=5900 Equity=44972.40 OpenPos=0 PendingOrders=0 UTC=2026.03.23 15:11 DayOfWeek=1 WeekendCloseActive=NO NewTradeBlocked=NO | 5900.000000
NM	0	09:12:24.619	Cazyxio_v4.3 (EURUSD,M15)	2026.03.23 15:12:24 | HEARTBEAT | SYSTEM | EA alive. Tick=6000 Equity=44972.40 OpenPos=0 PendingOrders=0 UTC=2026.03.23 15:12 DayOfWeek=1 WeekendCloseActive=NO NewTradeBlocked=NO | 6000.000000
IO	0	09:12:55.078	Cazyxio_v4.3 (EURUSD,M15)	2026.03.23 15:12:55 | HEARTBEAT | SYSTEM | EA alive. Tick=6100 Equity=44972.40 OpenPos=0 PendingOrders=0 UTC=2026.03.23 15:12 DayOfWeek=1 WeekendCloseActive=NO NewTradeBlocked=NO | 6100.000000
EI	0	09:13:31.385	Cazyxio_v4.3 (EURUSD,M15)	2026.03.23 15:13:31 | HEARTBEAT | SYSTEM | EA alive. Tick=6200 Equity=44972.40 OpenPos=0 PendingOrders=0 UTC=2026.03.23 15:13 DayOfWeek=1 WeekendCloseActive=NO NewTradeBlocked=NO | 6200.000000
EJ	0	09:14:01.984	Cazyxio_v4.3 (EURUSD,M15)	2026.03.23 15:14:01 | HEARTBEAT | SYSTEM | EA alive. Tick=6300 Equity=44972.40 OpenPos=0 PendingOrders=0 UTC=2026.03.23 15:14 DayOfWeek=1 WeekendCloseActive=NO NewTradeBlocked=NO | 6300.000000
JD	0	09:14:34.712	Cazyxio_v4.3 (EURUSD,M15)	2026.03.23 15:14:34 | HEARTBEAT | SYSTEM | EA alive. Tick=6400 Equity=44972.40 OpenPos=0 PendingOrders=0 UTC=2026.03.23 15:14 DayOfWeek=1 WeekendCloseActive=NO NewTradeBlocked=NO | 6400.000000
EF	0	09:17:20.402	Cazyxio_v4.3 (EURUSD,M15)	2026.03.23 15:17:20 | GATE_FAIL | EURUSD | CopyBuffer failed for Daily EMA200.
IQ	0	09:19:40.759	Cazyxio_v4.3 (EURUSD,M15)	2026.03.23 15:19:40 | GATE_FAIL | USDJPY | CopyBuffer failed for Daily EMA200.
EM	0	09:19:40.759	Cazyxio_v4.3 (EURUSD,M15)	2026.03.23 15:19:40 | BAR | AUDUSD | close=0.70437 h4ema200=0.70269 h4slope=UP dailyEMA200=0.67242 adx=35.5 ema50=0.69980 distToEMA50=45.7pips touchSeq=0 atr=0.002134 atrRatio=1.666 dir=LONG spread=21.0 spreadOK=YES atrGate=PASS touch=FAIL momCandle=momClosePos=0.181 momOk=N ema50Ok=Y barRange=0.001770 zeroRangeBar=NO trigger=NO hasPos=NO portRisk=0.00% openPos=0 | 0.704370
OH	0	09:19:40.759	Cazyxio_v4.3 (EURUSD,M15)	2026.03.23 15:19:40 | NEAR_MISS | AUDUSD | Touch near-miss. BestDistRatio=1.084 DistToEMA50=45.7pips
PK	0	09:19:40.759	Cazyxio_v4.3 (EURUSD,M15)	2026.03.23 15:19:40 | GATE_FAIL | AUDUSD | Touch/pullback gate FAIL. Price has not approached EMA50 within last 12 bars (within 0.60 ATR). DistToEMA50=45.7pips.
GF	0	09:19:40.759	Cazyxio_v4.3 (EURUSD,M15)	2026.03.23 15:19:40 | BAR | GBPJPY | close=212.854 h4ema200=211.184 h4slope=UP dailyEMA200=205.205 adx=14.4 ema50=212.395 distToEMA50=45.9pips touchSeq=0 atr=0.270000 atrRatio=1.368 dir=LONG spread=54.0 spreadOK=NO atrGate=PASS touch=FAIL momCandle=momClosePos=0.131 momOk=N ema50Ok=Y barRange=0.251000 zeroRangeBar=NO trigger=NO hasPos=NO portRisk=0.00% openPos=0 | 212.854000
ED	0	09:19:40.759	Cazyxio_v4.3 (EURUSD,M15)	2026.03.23 15:19:40 | GATE_FAIL | GBPJPY | Spread too wide. Spread=54.0 Max=30 points.
CK	0	09:19:40.759	Cazyxio_v4.3 (EURUSD,M15)	2026.03.23 15:19:40 | BAR | USDCAD | close=1.37045 h4ema200=1.36767 h4slope=UP dailyEMA200=1.38065 adx=17.0 ema50=1.37186 distToEMA50=14.1pips touchSeq=2 atr=0.001794 atrRatio=1.778 dir=NONE spread=29.0 spreadOK=YES atrGate=PASS touch=FAIL momCandle= zeroRangeBar=NO trigger=NO hasPos=NO portRisk=0.00% openPos=0 | 1.370450
CF	0	09:19:40.759	Cazyxio_v4.3 (EURUSD,M15)	2026.03.23 15:19:40 | GATE_FAIL | USDCAD | No directional bias. h4slope=UP closeNow=1.37045 h4ema200=1.36767 dailyEMA200=1.38065
JN	0	09:22:02.015	Cazyxio_v4.3 (EURUSD,M15)	2026.03.23 15:22:02 | GATE_FAIL | GBPUSD | CopyBuffer failed for Daily EMA200.
ON	0	09:22:07.428	Cazyxio_v4.3 (EURUSD,M15)	2026.03.23 15:22:07 | HEARTBEAT | SYSTEM | EA alive. Tick=6500 Equity=44972.40 OpenPos=0 PendingOrders=0 UTC=2026.03.23 15:22 DayOfWeek=1 WeekendCloseActive=NO NewTradeBlocked=NO | 6500.000000
MH	0	09:22:42.972	Cazyxio_v4.3 (EURUSD,M15)	2026.03.23 15:22:42 | HEARTBEAT | SYSTEM | EA alive. Tick=6600 Equity=44972.40 OpenPos=0 PendingOrders=0 UTC=2026.03.23 15:22 DayOfWeek=1 WeekendCloseActive=NO NewTradeBlocked=NO | 6600.000000
IJ	0	09:23:17.805	Cazyxio_v4.3 (EURUSD,M15)	2026.03.23 15:23:17 | HEARTBEAT | SYSTEM | EA alive. Tick=6700 Equity=44972.40 OpenPos=0 PendingOrders=0 UTC=2026.03.23 15:23 DayOfWeek=1 WeekendCloseActive=NO NewTradeBlocked=NO | 6700.000000
RD	0	09:23:49.514	Cazyxio_v4.3 (EURUSD,M15)	2026.03.23 15:23:49 | HEARTBEAT | SYSTEM | EA alive. Tick=6800 Equity=44972.40 OpenPos=0 PendingOrders=0 UTC=2026.03.23 15:23 DayOfWeek=1 WeekendCloseActive=NO NewTradeBlocked=NO | 6800.000000
FQ	0	09:24:21.878	Cazyxio_v4.3 (EURUSD,M15)	2026.03.23 15:24:21 | HEARTBEAT | SYSTEM | EA alive. Tick=6900 Equity=44972.40 OpenPos=0 PendingOrders=0 UTC=2026.03.23 15:24 DayOfWeek=1 WeekendCloseActive=NO NewTradeBlocked=NO | 6900.000000
QS	0	09:24:54.187	Cazyxio_v4.3 (EURUSD,M15)	2026.03.23 15:24:54 | HEARTBEAT | SYSTEM | EA alive. Tick=7000 Equity=44972.40 OpenPos=0 PendingOrders=0 UTC=2026.03.23 15:24 DayOfWeek=1 WeekendCloseActive=NO NewTradeBlocked=NO | 7000.000000
RM	0	09:25:25.301	Cazyxio_v4.3 (EURUSD,M15)	2026.03.23 15:25:25 | HEARTBEAT | SYSTEM | EA alive. Tick=7100 Equity=44972.40 OpenPos=0 PendingOrders=0 UTC=2026.03.23 15:25 DayOfWeek=1 WeekendCloseActive=NO NewTradeBlocked=NO | 7100.000000
CO	0	09:25:57.009	Cazyxio_v4.3 (EURUSD,M15)	2026.03.23 15:25:57 | HEARTBEAT | SYSTEM | EA alive. Tick=7200 Equity=44972.40 OpenPos=0 PendingOrders=0 UTC=2026.03.23 15:25 DayOfWeek=1 WeekendCloseActive=NO NewTradeBlocked=NO | 7200.000000
LH	0	09:26:27.179	Cazyxio_v4.3 (EURUSD,M15)	2026.03.23 15:26:27 | HEARTBEAT | SYSTEM | EA alive. Tick=7300 Equity=44972.40 OpenPos=0 PendingOrders=0 UTC=2026.03.23 15:26 DayOfWeek=1 WeekendCloseActive=NO NewTradeBlocked=NO | 7300.000000
QJ	0	09:26:57.491	Cazyxio_v4.3 (EURUSD,M15)	2026.03.23 15:26:57 | HEARTBEAT | SYSTEM | EA alive. Tick=7400 Equity=44972.40 OpenPos=0 PendingOrders=0 UTC=2026.03.23 15:26 DayOfWeek=1 WeekendCloseActive=NO NewTradeBlocked=NO | 7400.000000
RD	0	09:27:30.451	Cazyxio_v4.3 (EURUSD,M15)	2026.03.23 15:27:30 | HEARTBEAT | SYSTEM | EA alive. Tick=7500 Equity=44972.40 OpenPos=0 PendingOrders=0 UTC=2026.03.23 15:27 DayOfWeek=1 WeekendCloseActive=NO NewTradeBlocked=NO | 7500.000000
FF	0	09:28:10.632	Cazyxio_v4.3 (EURUSD,M15)	2026.03.23 15:28:10 | HEARTBEAT | SYSTEM | EA alive. Tick=7600 Equity=44972.40 OpenPos=0 PendingOrders=0 UTC=2026.03.23 15:28 DayOfWeek=1 WeekendCloseActive=NO NewTradeBlocked=NO | 7600.000000
QS	0	09:28:45.413	Cazyxio_v4.3 (EURUSD,M15)	2026.03.23 15:28:45 | HEARTBEAT | SYSTEM | EA alive. Tick=7700 Equity=44972.40 OpenPos=0 PendingOrders=0 UTC=2026.03.23 15:28 DayOfWeek=1 WeekendCloseActive=NO NewTradeBlocked=NO | 7700.000000
LM	0	09:29:24.477	Cazyxio_v4.3 (EURUSD,M15)	2026.03.23 15:29:24 | HEARTBEAT | SYSTEM | EA alive. Tick=7800 Equity=44972.40 OpenPos=0 PendingOrders=0 UTC=2026.03.23 15:29 DayOfWeek=1 WeekendCloseActive=NO NewTradeBlocked=NO | 7800.000000
KO	0	09:30:00.331	Cazyxio_v4.3 (EURUSD,M15)	2026.03.23 15:30:00 | HEARTBEAT | SYSTEM | EA alive. Tick=7900 Equity=44972.40 OpenPos=0 PendingOrders=0 UTC=2026.03.23 15:30 DayOfWeek=1 WeekendCloseActive=NO NewTradeBlocked=NO | 7900.000000
II	0	09:32:20.677	Cazyxio_v4.3 (EURUSD,M15)	2026.03.23 15:32:20 | GATE_FAIL | EURUSD | CopyBuffer failed for Daily EMA200.
PH	0	09:34:41.073	Cazyxio_v4.3 (EURUSD,M15)	2026.03.23 15:34:41 | GATE_FAIL | USDJPY | CopyBuffer failed for Daily EMA200.
QI	0	09:34:41.073	Cazyxio_v4.3 (EURUSD,M15)	2026.03.23 15:34:41 | BAR | AUDUSD | close=0.70205 h4ema200=0.70267 h4slope=UP dailyEMA200=0.67239 adx=35.5 ema50=0.69981 distToEMA50=22.4pips touchSeq=1 atr=0.002124 atrRatio=1.644 dir=NONE spread=21.0 spreadOK=YES atrGate=PASS touch=FAIL momCandle= zeroRangeBar=NO trigger=NO hasPos=NO portRisk=0.00% openPos=0 | 0.702050
HH	0	09:34:41.073	Cazyxio_v4.3 (EURUSD,M15)	2026.03.23 15:34:41 | GATE_FAIL | AUDUSD | No directional bias. h4slope=UP closeNow=0.70205 h4ema200=0.70267 dailyEMA200=0.67239
KL	0	09:34:41.073	Cazyxio_v4.3 (EURUSD,M15)	2026.03.23 15:34:41 | BAR | GBPJPY | close=212.820 h4ema200=211.184 h4slope=UP dailyEMA200=205.205 adx=14.4 ema50=212.412 distToEMA50=40.8pips touchSeq=0 atr=0.257143 atrRatio=1.298 dir=LONG spread=54.0 spreadOK=NO atrGate=PASS touch=FAIL momCandle=momClosePos=0.436 momOk=N ema50Ok=Y barRange=0.163000 zeroRangeBar=NO trigger=NO hasPos=NO portRisk=0.00% openPos=0 | 212.820000
FO	0	09:34:41.073	Cazyxio_v4.3 (EURUSD,M15)	2026.03.23 15:34:41 | GATE_FAIL | GBPJPY | Spread too wide. Spread=54.0 Max=30 points.
HR	0	09:34:41.073	Cazyxio_v4.3 (EURUSD,M15)	2026.03.23 15:34:41 | BAR | USDCAD | close=1.37138 h4ema200=1.36768 h4slope=UP dailyEMA200=1.38066 adx=17.0 ema50=1.37187 distToEMA50=4.9pips touchSeq=3 atr=0.001789 atrRatio=1.759 dir=NONE spread=27.0 spreadOK=YES atrGate=PASS touch=FAIL momCandle= zeroRangeBar=NO trigger=NO hasPos=NO portRisk=0.00% openPos=0 | 1.371380
GP	0	09:34:41.073	Cazyxio_v4.3 (EURUSD,M15)	2026.03.23 15:34:41 | GATE_FAIL | USDCAD | No directional bias. h4slope=UP closeNow=1.37138 h4ema200=1.36768 dailyEMA200=1.38066
RD	0	09:37:01.686	Cazyxio_v4.3 (EURUSD,M15)	2026.03.23 15:37:01 | GATE_FAIL | GBPUSD | CopyBuffer failed for Daily EMA200.
ID	0	09:37:30.730	Cazyxio_v4.3 (EURUSD,M15)	2026.03.23 15:37:30 | HEARTBEAT | SYSTEM | EA alive. Tick=8000 Equity=44972.40 OpenPos=0 PendingOrders=0 UTC=2026.03.23 15:37 DayOfWeek=1 WeekendCloseActive=NO NewTradeBlocked=NO | 8000.000000
GF	0	09:38:10.317	Cazyxio_v4.3 (EURUSD,M15)	2026.03.23 15:38:10 | HEARTBEAT | SYSTEM | EA alive. Tick=8100 Equity=44972.40 OpenPos=0 PendingOrders=0 UTC=2026.03.23 15:38 DayOfWeek=1 WeekendCloseActive=NO NewTradeBlocked=NO | 8100.000000
NP	0	09:38:44.284	Cazyxio_v4.3 (EURUSD,M15)	2026.03.23 15:38:44 | HEARTBEAT | SYSTEM | EA alive. Tick=8200 Equity=44972.40 OpenPos=0 PendingOrders=0 UTC=2026.03.23 15:38 DayOfWeek=1 WeekendCloseActive=NO NewTradeBlocked=NO | 8200.000000
CM	0	09:39:18.118	Cazyxio_v4.3 (EURUSD,M15)	2026.03.23 15:39:18 | HEARTBEAT | SYSTEM | EA alive. Tick=8300 Equity=44972.40 OpenPos=0 PendingOrders=0 UTC=2026.03.23 15:39 DayOfWeek=1 WeekendCloseActive=NO NewTradeBlocked=NO | 8300.000000
RO	0	09:39:53.030	Cazyxio_v4.3 (EURUSD,M15)	2026.03.23 15:39:53 | HEARTBEAT | SYSTEM | EA alive. Tick=8400 Equity=44972.40 OpenPos=0 PendingOrders=0 UTC=2026.03.23 15:39 DayOfWeek=1 WeekendCloseActive=NO NewTradeBlocked=NO | 8400.000000
MI	0	09:40:27.589	Cazyxio_v4.3 (EURUSD,M15)	2026.03.23 15:40:27 | HEARTBEAT | SYSTEM | EA alive. Tick=8500 Equity=44972.40 OpenPos=0 PendingOrders=0 UTC=2026.03.23 15:40 DayOfWeek=1 WeekendCloseActive=NO NewTradeBlocked=NO | 8500.000000
LK	0	09:41:08.121	Cazyxio_v4.3 (EURUSD,M15)	2026.03.23 15:41:08 | HEARTBEAT | SYSTEM | EA alive. Tick=8600 Equity=44972.40 OpenPos=0 PendingOrders=0 UTC=2026.03.23 15:41 DayOfWeek=1 WeekendCloseActive=NO NewTradeBlocked=NO | 8600.000000
JD	0	09:41:47.990	Cazyxio_v4.3 (EURUSD,M15)	2026.03.23 15:41:47 | HEARTBEAT | SYSTEM | EA alive. Tick=8700 Equity=44972.40 OpenPos=0 PendingOrders=0 UTC=2026.03.23 15:41 DayOfWeek=1 WeekendCloseActive=NO NewTradeBlocked=NO | 8700.000000
DF	0	09:42:30.111	Cazyxio_v4.3 (EURUSD,M15)	2026.03.23 15:42:30 | HEARTBEAT | SYSTEM | EA alive. Tick=8800 Equity=44972.40 OpenPos=0 PendingOrders=0 UTC=2026.03.23 15:42 DayOfWeek=1 WeekendCloseActive=NO NewTradeBlocked=NO | 8800.000000
HP	0	09:43:02.181	Cazyxio_v4.3 (EURUSD,M15)	2026.03.23 15:43:02 | HEARTBEAT | SYSTEM | EA alive. Tick=8900 Equity=44972.40 OpenPos=0 PendingOrders=0 UTC=2026.03.23 15:43 DayOfWeek=1 WeekendCloseActive=NO NewTradeBlocked=NO | 8900.000000
LR	0	09:43:37.440	Cazyxio_v4.3 (EURUSD,M15)	2026.03.23 15:43:37 | HEARTBEAT | SYSTEM | EA alive. Tick=9000 Equity=44972.40 OpenPos=0 PendingOrders=0 UTC=2026.03.23 15:43 DayOfWeek=1 WeekendCloseActive=NO NewTradeBlocked=NO | 9000.000000
LO	0	09:44:12.803	Cazyxio_v4.3 (EURUSD,M15)	2026.03.23 15:44:12 | HEARTBEAT | SYSTEM | EA alive. Tick=9100 Equity=44972.40 OpenPos=0 PendingOrders=0 UTC=2026.03.23 15:44 DayOfWeek=1 WeekendCloseActive=NO NewTradeBlocked=NO | 9100.000000
RI	0	09:44:45.229	Cazyxio_v4.3 (EURUSD,M15)	2026.03.23 15:44:45 | HEARTBEAT | SYSTEM | EA alive. Tick=9200 Equity=44972.40 OpenPos=0 PendingOrders=0 UTC=2026.03.23 15:44 DayOfWeek=1 WeekendCloseActive=NO NewTradeBlocked=NO | 9200.000000
IK	0	09:47:20.516	Cazyxio_v4.3 (EURUSD,M15)	2026.03.23 15:47:20 | GATE_FAIL | EURUSD | CopyBuffer failed for Daily EMA200.
CJ	0	09:49:40.904	Cazyxio_v4.3 (EURUSD,M15)	2026.03.23 15:49:40 | GATE_FAIL | USDJPY | CopyBuffer failed for Daily EMA200.
CH	0	09:49:40.904	Cazyxio_v4.3 (EURUSD,M15)	2026.03.23 15:49:40 | BAR | AUDUSD | close=0.70064 h4ema200=0.70267 h4slope=UP dailyEMA200=0.67239 adx=35.5 ema50=0.69982 distToEMA50=8.2pips touchSeq=2 atr=0.002063 atrRatio=1.584 dir=NONE spread=21.0 spreadOK=YES atrGate=PASS touch=FAIL momCandle= zeroRangeBar=NO trigger=NO hasPos=NO portRisk=0.00% openPos=0 | 0.700640
NF	0	09:49:40.904	Cazyxio_v4.3 (EURUSD,M15)	2026.03.23 15:49:40 | GATE_FAIL | AUDUSD | No directional bias. h4slope=UP closeNow=0.70064 h4ema200=0.70267 dailyEMA200=0.67239
JN	0	09:49:40.904	Cazyxio_v4.3 (EURUSD,M15)	2026.03.23 15:49:40 | BAR | GBPJPY | close=212.753 h4ema200=211.183 h4slope=UP dailyEMA200=205.205 adx=14.4 ema50=212.423 distToEMA50=33.0pips touchSeq=0 atr=0.259786 atrRatio=1.306 dir=LONG spread=51.0 spreadOK=NO atrGate=PASS touch=FAIL momCandle=momClosePos=0.190 momOk=N ema50Ok=Y barRange=0.174000 zeroRangeBar=NO trigger=NO hasPos=NO portRisk=0.00% openPos=0 | 212.753000
DL	0	09:49:40.904	Cazyxio_v4.3 (EURUSD,M15)	2026.03.23 15:49:40 | GATE_FAIL | GBPJPY | Spread too wide. Spread=51.0 Max=30 points.
PP	0	09:49:40.904	Cazyxio_v4.3 (EURUSD,M15)	2026.03.23 15:49:40 | BAR | USDCAD | close=1.37165 h4ema200=1.36768 h4slope=UP dailyEMA200=1.38066 adx=17.0 ema50=1.37186 distToEMA50=2.1pips touchSeq=4 atr=0.001784 atrRatio=1.742 dir=NONE spread=27.0 spreadOK=YES atrGate=PASS touch=FAIL momCandle= zeroRangeBar=NO trigger=NO hasPos=NO portRisk=0.00% openPos=0 | 1.371650
NN	0	09:49:40.904	Cazyxio_v4.3 (EURUSD,M15)	2026.03.23 15:49:40 | GATE_FAIL | USDCAD | No directional bias. h4slope=UP closeNow=1.37165 h4ema200=1.36768 dailyEMA200=1.38066
FF	0	09:52:01.604	Cazyxio_v4.3 (EURUSD,M15)	2026.03.23 15:52:01 | GATE_FAIL | GBPUSD | CopyBuffer failed for Daily EMA200.
CF	0	09:52:18.575	Cazyxio_v4.3 (EURUSD,M15)	2026.03.23 15:52:18 | HEARTBEAT | SYSTEM | EA alive. Tick=9300 Equity=44972.40 OpenPos=0 PendingOrders=0 UTC=2026.03.23 15:52 DayOfWeek=1 WeekendCloseActive=NO NewTradeBlocked=NO | 9300.000000
JP	0	09:52:45.545	Cazyxio_v4.3 (EURUSD,M15)	2026.03.23 15:52:45 | HEARTBEAT | SYSTEM | EA alive. Tick=9400 Equity=44972.40 OpenPos=0 PendingOrders=0 UTC=2026.03.23 15:52 DayOfWeek=1 WeekendCloseActive=NO NewTradeBlocked=NO | 9400.000000
OR	0	09:53:14.938	Cazyxio_v4.3 (EURUSD,M15)	2026.03.23 15:53:14 | HEARTBEAT | SYSTEM | EA alive. Tick=9500 Equity=44972.40 OpenPos=0 PendingOrders=0 UTC=2026.03.23 15:53 DayOfWeek=1 WeekendCloseActive=NO NewTradeBlocked=NO | 9500.000000
PL	0	09:53:44.700	Cazyxio_v4.3 (EURUSD,M15)	2026.03.23 15:53:44 | HEARTBEAT | SYSTEM | EA alive. Tick=9600 Equity=44972.40 OpenPos=0 PendingOrders=0 UTC=2026.03.23 15:53 DayOfWeek=1 WeekendCloseActive=NO NewTradeBlocked=NO | 9600.000000
II	0	09:54:13.106	Cazyxio_v4.3 (EURUSD,M15)	2026.03.23 15:54:13 | HEARTBEAT | SYSTEM | EA alive. Tick=9700 Equity=44972.40 OpenPos=0 PendingOrders=0 UTC=2026.03.23 15:54 DayOfWeek=1 WeekendCloseActive=NO NewTradeBlocked=NO | 9700.000000
PK	0	09:54:41.239	Cazyxio_v4.3 (EURUSD,M15)	2026.03.23 15:54:41 | HEARTBEAT | SYSTEM | EA alive. Tick=9800 Equity=44972.40 OpenPos=0 PendingOrders=0 UTC=2026.03.23 15:54 DayOfWeek=1 WeekendCloseActive=NO NewTradeBlocked=NO | 9800.000000
JE	0	09:55:12.285	Cazyxio_v4.3 (EURUSD,M15)	2026.03.23 15:55:12 | HEARTBEAT | SYSTEM | EA alive. Tick=9900 Equity=44972.40 OpenPos=0 PendingOrders=0 UTC=2026.03.23 15:55 DayOfWeek=1 WeekendCloseActive=NO NewTradeBlocked=NO | 9900.000000
NG	0	09:55:42.241	Cazyxio_v4.3 (EURUSD,M15)	2026.03.23 15:55:42 | HEARTBEAT | SYSTEM | EA alive. Tick=10000 Equity=44972.40 OpenPos=0 PendingOrders=0 UTC=2026.03.23 15:55 DayOfWeek=1 WeekendCloseActive=NO NewTradeBlocked=NO | 10000.000000
IQ	0	09:56:11.911	Cazyxio_v4.3 (EURUSD,M15)	2026.03.23 15:56:11 | HEARTBEAT | SYSTEM | EA alive. Tick=10100 Equity=44972.40 OpenPos=0 PendingOrders=0 UTC=2026.03.23 15:56 DayOfWeek=1 WeekendCloseActive=NO NewTradeBlocked=NO | 10100.000000
PS	0	09:56:40.255	Cazyxio_v4.3 (EURUSD,M15)	2026.03.23 15:56:40 | HEARTBEAT | SYSTEM | EA alive. Tick=10200 Equity=44972.40 OpenPos=0 PendingOrders=0 UTC=2026.03.23 15:56 DayOfWeek=1 WeekendCloseActive=NO NewTradeBlocked=NO | 10200.000000
JM	0	09:57:09.922	Cazyxio_v4.3 (EURUSD,M15)	2026.03.23 15:57:09 | HEARTBEAT | SYSTEM | EA alive. Tick=10300 Equity=44972.40 OpenPos=0 PendingOrders=0 UTC=2026.03.23 15:57 DayOfWeek=1 WeekendCloseActive=NO NewTradeBlocked=NO | 10300.000000
PO	0	09:57:41.223	Cazyxio_v4.3 (EURUSD,M15)	2026.03.23 15:57:41 | HEARTBEAT | SYSTEM | EA alive. Tick=10400 Equity=44972.40 OpenPos=0 PendingOrders=0 UTC=2026.03.23 15:57 DayOfWeek=1 WeekendCloseActive=NO NewTradeBlocked=NO | 10400.000000
HI	0	09:58:12.747	Cazyxio_v4.3 (EURUSD,M15)	2026.03.23 15:58:12 | HEARTBEAT | SYSTEM | EA alive. Tick=10500 Equity=44972.40 OpenPos=0 PendingOrders=0 UTC=2026.03.23 15:58 DayOfWeek=1 WeekendCloseActive=NO NewTradeBlocked=NO | 10500.000000
GK	0	09:58:44.476	Cazyxio_v4.3 (EURUSD,M15)	2026.03.23 15:58:44 | HEARTBEAT | SYSTEM | EA alive. Tick=10600 Equity=44972.40 OpenPos=0 PendingOrders=0 UTC=2026.03.23 15:58 DayOfWeek=1 WeekendCloseActive=NO NewTradeBlocked=NO | 10600.000000
GE	0	09:59:18.037	Cazyxio_v4.3 (EURUSD,M15)	2026.03.23 15:59:18 | HEARTBEAT | SYSTEM | EA alive. Tick=10700 Equity=44972.40 OpenPos=0 PendingOrders=0 UTC=2026.03.23 15:59 DayOfWeek=1 WeekendCloseActive=NO NewTradeBlocked=NO | 10700.000000
HG	0	09:59:52.234	Cazyxio_v4.3 (EURUSD,M15)	2026.03.23 15:59:52 | HEARTBEAT | SYSTEM | EA alive. Tick=10800 Equity=44972.40 OpenPos=0 PendingOrders=0 UTC=2026.03.23 15:59 DayOfWeek=1 WeekendCloseActive=NO NewTradeBlocked=NO | 10800.000000
MQ	0	10:02:20.571	Cazyxio_v4.3 (EURUSD,M15)	2026.03.23 16:02:20 | GATE_FAIL | EURUSD | CopyBuffer failed for Daily EMA200.
GP	0	10:04:41.026	Cazyxio_v4.3 (EURUSD,M15)	2026.03.23 16:04:41 | GATE_FAIL | USDJPY | CopyBuffer failed for Daily EMA200.
QS	0	10:04:41.026	Cazyxio_v4.3 (EURUSD,M15)	2026.03.23 16:04:41 | BAR | AUDUSD | close=0.69921 h4ema200=0.70265 h4slope=DOWN dailyEMA200=0.67237 adx=35.6 ema50=0.69974 distToEMA50=5.3pips touchSeq=3 atr=0.001951 atrRatio=1.488 dir=NONE spread=21.0 spreadOK=YES atrGate=PASS touch=FAIL momCandle= zeroRangeBar=NO trigger=NO hasPos=NO portRisk=0.00% openPos=0 | 0.699210
CQ	0	10:04:41.026	Cazyxio_v4.3 (EURUSD,M15)	2026.03.23 16:04:41 | GATE_FAIL | AUDUSD | No directional bias. h4slope=DOWN closeNow=0.69921 h4ema200=0.70265 dailyEMA200=0.67237
PF	0	10:04:41.026	Cazyxio_v4.3 (EURUSD,M15)	2026.03.23 16:04:41 | BAR | GBPJPY | close=212.400 h4ema200=211.179 h4slope=UP dailyEMA200=205.201 adx=14.3 ema50=212.409 distToEMA50=0.9pips touchSeq=1 atr=0.247571 atrRatio=1.240 dir=LONG spread=48.0 spreadOK=NO atrGate=PASS touch=PASS momCandle=momClosePos=0.008 momOk=N ema50Ok=Y barRange=0.373000 zeroRangeBar=NO trigger=NO hasPos=NO portRisk=0.00% openPos=0 | 212.400000
NF	0	10:04:41.026	Cazyxio_v4.3 (EURUSD,M15)	2026.03.23 16:04:41 | GATE_FAIL | GBPJPY | Spread too wide. Spread=48.0 Max=30 points.
HJ	0	10:04:41.026	Cazyxio_v4.3 (EURUSD,M15)	2026.03.23 16:04:41 | BAR | USDCAD | close=1.37175 h4ema200=1.36768 h4slope=UP dailyEMA200=1.38066 adx=17.0 ema50=1.37186 distToEMA50=1.1pips touchSeq=5 atr=0.001694 atrRatio=1.644 dir=NONE spread=28.0 spreadOK=YES atrGate=PASS touch=FAIL momCandle= zeroRangeBar=NO trigger=NO hasPos=NO portRisk=0.00% openPos=0 | 1.371750
KH	0	10:04:41.026	Cazyxio_v4.3 (EURUSD,M15)	2026.03.23 16:04:41 | GATE_FAIL | USDCAD | No directional bias. h4slope=UP closeNow=1.37175 h4ema200=1.36768 dailyEMA200=1.38066
GL	0	10:07:01.608	Cazyxio_v4.3 (EURUSD,M15)	2026.03.23 16:07:01 | GATE_FAIL | GBPUSD | CopyBuffer failed for Daily EMA200.
OL	0	10:07:30.074	Cazyxio_v4.3 (EURUSD,M15)	2026.03.23 16:07:30 | HEARTBEAT | SYSTEM | EA alive. Tick=10900 Equity=44972.40 OpenPos=0 PendingOrders=0 UTC=2026.03.23 16:07 DayOfWeek=1 WeekendCloseActive=NO NewTradeBlocked=NO | 10900.000000
GN	0	10:08:05.703	Cazyxio_v4.3 (EURUSD,M15)	2026.03.23 16:08:05 | HEARTBEAT | SYSTEM | EA alive. Tick=11000 Equity=44972.40 OpenPos=0 PendingOrders=0 UTC=2026.03.23 16:08 DayOfWeek=1 WeekendCloseActive=NO NewTradeBlocked=NO | 11000.000000
JH	0	10:08:45.304	Cazyxio_v4.3 (EURUSD,M15)	2026.03.23 16:08:45 | HEARTBEAT | SYSTEM | EA alive. Tick=11100 Equity=44972.40 OpenPos=0 PendingOrders=0 UTC=2026.03.23 16:08 DayOfWeek=1 WeekendCloseActive=NO NewTradeBlocked=NO | 11100.000000
GJ	0	10:09:19.885	Cazyxio_v4.3 (EURUSD,M15)	2026.03.23 16:09:19 | HEARTBEAT | SYSTEM | EA alive. Tick=11200 Equity=44972.40 OpenPos=0 PendingOrders=0 UTC=2026.03.23 16:09 DayOfWeek=1 WeekendCloseActive=NO NewTradeBlocked=NO | 11200.000000
LD	0	10:10:01.176	Cazyxio_v4.3 (EURUSD,M15)	2026.03.23 16:10:01 | HEARTBEAT | SYSTEM | EA alive. Tick=11300 Equity=44972.40 OpenPos=0 PendingOrders=0 UTC=2026.03.23 16:10 DayOfWeek=1 WeekendCloseActive=NO NewTradeBlocked=NO | 11300.000000
OF	0	10:10:32.894	Cazyxio_v4.3 (EURUSD,M15)	2026.03.23 16:10:32 | HEARTBEAT | SYSTEM | EA alive. Tick=11400 Equity=44972.40 OpenPos=0 PendingOrders=0 UTC=2026.03.23 16:10 DayOfWeek=1 WeekendCloseActive=NO NewTradeBlocked=NO | 11400.000000
MP	0	10:11:07.130	Cazyxio_v4.3 (EURUSD,M15)	2026.03.23 16:11:07 | HEARTBEAT | SYSTEM | EA alive. Tick=11500 Equity=44972.40 OpenPos=0 PendingOrders=0 UTC=2026.03.23 16:11 DayOfWeek=1 WeekendCloseActive=NO NewTradeBlocked=NO | 11500.000000
RR	0	10:11:39.711	Cazyxio_v4.3 (EURUSD,M15)	2026.03.23 16:11:39 | HEARTBEAT | SYSTEM | EA alive. Tick=11600 Equity=44972.40 OpenPos=0 PendingOrders=0 UTC=2026.03.23 16:11 DayOfWeek=1 WeekendCloseActive=NO NewTradeBlocked=NO | 11600.000000
OL	0	10:12:10.456	Cazyxio_v4.3 (EURUSD,M15)	2026.03.23 16:12:10 | HEARTBEAT | SYSTEM | EA alive. Tick=11700 Equity=44972.40 OpenPos=0 PendingOrders=0 UTC=2026.03.23 16:12 DayOfWeek=1 WeekendCloseActive=NO NewTradeBlocked=NO | 11700.000000
PN	0	10:12:39.723	Cazyxio_v4.3 (EURUSD,M15)	2026.03.23 16:12:39 | HEARTBEAT | SYSTEM | EA alive. Tick=11800 Equity=44972.40 OpenPos=0 PendingOrders=0 UTC=2026.03.23 16:12 DayOfWeek=1 WeekendCloseActive=NO NewTradeBlocked=NO | 11800.000000
IH	0	10:13:11.408	Cazyxio_v4.3 (EURUSD,M15)	2026.03.23 16:13:11 | HEARTBEAT | SYSTEM | EA alive. Tick=11900 Equity=44972.40 OpenPos=0 PendingOrders=0 UTC=2026.03.23 16:13 DayOfWeek=1 WeekendCloseActive=NO NewTradeBlocked=NO | 11900.000000
FJ	0	10:13:46.867	Cazyxio_v4.3 (EURUSD,M15)	2026.03.23 16:13:46 | HEARTBEAT | SYSTEM | EA alive. Tick=12000 Equity=44972.40 OpenPos=0 PendingOrders=0 UTC=2026.03.23 16:13 DayOfWeek=1 WeekendCloseActive=NO NewTradeBlocked=NO | 12000.000000
HD	0	10:14:19.778	Cazyxio_v4.3 (EURUSD,M15)	2026.03.23 16:14:19 | HEARTBEAT | SYSTEM | EA alive. Tick=12100 Equity=44972.40 OpenPos=0 PendingOrders=0 UTC=2026.03.23 16:14 DayOfWeek=1 WeekendCloseActive=NO NewTradeBlocked=NO | 12100.000000
MF	0	10:14:59.623	Cazyxio_v4.3 (EURUSD,M15)	2026.03.23 16:14:59 | HEARTBEAT | SYSTEM | EA alive. Tick=12200 Equity=44972.40 OpenPos=0 PendingOrders=0 UTC=2026.03.23 16:14 DayOfWeek=1 WeekendCloseActive=NO NewTradeBlocked=NO | 12200.000000
EQ	0	10:17:20.624	Cazyxio_v4.3 (EURUSD,M15)	2026.03.23 16:17:20 | GATE_FAIL | GBPUSD | CopyBuffer failed for Daily EMA200.
HP	0	10:19:40.989	Cazyxio_v4.3 (EURUSD,M15)	2026.03.23 16:19:40 | GATE_FAIL | EURUSD | CopyBuffer failed for Daily EMA200.
DS	0	10:22:01.360	Cazyxio_v4.3 (EURUSD,M15)	2026.03.23 16:22:01 | GATE_FAIL | USDJPY | CopyBuffer failed for Daily EMA200.
MP	0	10:22:01.360	Cazyxio_v4.3 (EURUSD,M15)	2026.03.23 16:22:01 | BAR | AUDUSD | close=0.69921 h4ema200=0.70264 h4slope=DOWN dailyEMA200=0.67237 adx=35.7 ema50=0.69969 distToEMA50=4.8pips touchSeq=4 atr=0.001896 atrRatio=1.438 dir=NONE spread=20.0 spreadOK=YES atrGate=PASS touch=FAIL momCandle= zeroRangeBar=NO trigger=NO hasPos=NO portRisk=0.00% openPos=0 | 0.699210
ON	0	10:22:01.360	Cazyxio_v4.3 (EURUSD,M15)	2026.03.23 16:22:01 | GATE_FAIL | AUDUSD | No directional bias. h4slope=DOWN closeNow=0.69921 h4ema200=0.70264 dailyEMA200=0.67237
OE	0	10:22:01.360	Cazyxio_v4.3 (EURUSD,M15)	2026.03.23 16:22:01 | BAR | GBPJPY | close=212.460 h4ema200=211.180 h4slope=UP dailyEMA200=205.201 adx=14.3 ema50=212.411 distToEMA50=4.9pips touchSeq=2 atr=0.238929 atrRatio=1.195 dir=LONG spread=43.0 spreadOK=NO atrGate=PASS touch=PASS momCandle=momClosePos=0.590 momOk=N ema50Ok=Y barRange=0.178000 zeroRangeBar=NO trigger=NO hasPos=NO portRisk=0.00% openPos=0 | 212.460000
HG	0	10:22:01.360	Cazyxio_v4.3 (EURUSD,M15)	2026.03.23 16:22:01 | GATE_FAIL | GBPJPY | Spread too wide. Spread=43.0 Max=30 points.
HK	0	10:22:01.360	Cazyxio_v4.3 (EURUSD,M15)	2026.03.23 16:22:01 | BAR | USDCAD | close=1.37207 h4ema200=1.36769 h4slope=UP dailyEMA200=1.38067 adx=17.0 ema50=1.37191 distToEMA50=1.6pips touchSeq=6 atr=0.001553 atrRatio=1.502 dir=NONE spread=26.0 spreadOK=YES atrGate=PASS touch=FAIL momCandle= zeroRangeBar=NO trigger=NO hasPos=NO portRisk=0.00% openPos=0 | 1.372070
NI	0	10:22:01.360	Cazyxio_v4.3 (EURUSD,M15)	2026.03.23 16:22:01 | GATE_FAIL | USDCAD | No directional bias. h4slope=UP closeNow=1.37207 h4ema200=1.36769 dailyEMA200=1.38067
FL	0	10:22:42.384	Cazyxio_v4.3 (EURUSD,M15)	2026.03.23 16:22:42 | HEARTBEAT | SYSTEM | EA alive. Tick=12300 Equity=44972.40 OpenPos=0 PendingOrders=0 UTC=2026.03.23 16:22 DayOfWeek=1 WeekendCloseActive=NO NewTradeBlocked=NO | 12300.000000
IN	0	10:23:20.391	Cazyxio_v4.3 (EURUSD,M15)	2026.03.23 16:23:20 | HEARTBEAT | SYSTEM | EA alive. Tick=12400 Equity=44972.40 OpenPos=0 PendingOrders=0 UTC=2026.03.23 16:23 DayOfWeek=1 WeekendCloseActive=NO NewTradeBlocked=NO | 12400.000000
CH	0	10:23:59.937	Cazyxio_v4.3 (EURUSD,M15)	2026.03.23 16:23:59 | HEARTBEAT | SYSTEM | EA alive. Tick=12500 Equity=44972.40 OpenPos=0 PendingOrders=0 UTC=2026.03.23 16:23 DayOfWeek=1 WeekendCloseActive=NO NewTradeBlocked=NO | 12500.000000
PJ	0	10:24:37.474	Cazyxio_v4.3 (EURUSD,M15)	2026.03.23 16:24:37 | HEARTBEAT | SYSTEM | EA alive. Tick=12600 Equity=44972.40 OpenPos=0 PendingOrders=0 UTC=2026.03.23 16:24 DayOfWeek=1 WeekendCloseActive=NO NewTradeBlocked=NO | 12600.000000
ED	0	10:25:16.229	Cazyxio_v4.3 (EURUSD,M15)	2026.03.23 16:25:16 | HEARTBEAT | SYSTEM | EA alive. Tick=12700 Equity=44972.40 OpenPos=0 PendingOrders=0 UTC=2026.03.23 16:25 DayOfWeek=1 WeekendCloseActive=NO NewTradeBlocked=NO | 12700.000000
QF	0	10:25:55.306	Cazyxio_v4.3 (EURUSD,M15)	2026.03.23 16:25:55 | HEARTBEAT | SYSTEM | EA alive. Tick=12800 Equity=44972.40 OpenPos=0 PendingOrders=0 UTC=2026.03.23 16:25 DayOfWeek=1 WeekendCloseActive=NO NewTradeBlocked=NO | 12800.000000
FP	0	10:26:32.920	Cazyxio_v4.3 (EURUSD,M15)	2026.03.23 16:26:32 | HEARTBEAT | SYSTEM | EA alive. Tick=12900 Equity=44972.40 OpenPos=0 PendingOrders=0 UTC=2026.03.23 16:26 DayOfWeek=1 WeekendCloseActive=NO NewTradeBlocked=NO | 12900.000000
QR	0	10:27:15.744	Cazyxio_v4.3 (EURUSD,M15)	2026.03.23 16:27:15 | HEARTBEAT | SYSTEM | EA alive. Tick=13000 Equity=44972.40 OpenPos=0 PendingOrders=0 UTC=2026.03.23 16:27 DayOfWeek=1 WeekendCloseActive=NO NewTradeBlocked=NO | 13000.000000
FL	0	10:27:57.028	Cazyxio_v4.3 (EURUSD,M15)	2026.03.23 16:27:57 | HEARTBEAT | SYSTEM | EA alive. Tick=13100 Equity=44972.40 OpenPos=0 PendingOrders=0 UTC=2026.03.23 16:27 DayOfWeek=1 WeekendCloseActive=NO NewTradeBlocked=NO | 13100.000000
MN	0	10:28:36.862	Cazyxio_v4.3 (EURUSD,M15)	2026.03.23 16:28:36 | HEARTBEAT | SYSTEM | EA alive. Tick=13200 Equity=44972.40 OpenPos=0 PendingOrders=0 UTC=2026.03.23 16:28 DayOfWeek=1 WeekendCloseActive=NO NewTradeBlocked=NO | 13200.000000
FH	0	10:29:12.400	Cazyxio_v4.3 (EURUSD,M15)	2026.03.23 16:29:12 | HEARTBEAT | SYSTEM | EA alive. Tick=13300 Equity=44972.40 OpenPos=0 PendingOrders=0 UTC=2026.03.23 16:29 DayOfWeek=1 WeekendCloseActive=NO NewTradeBlocked=NO | 13300.000000
GJ	0	10:29:49.993	Cazyxio_v4.3 (EURUSD,M15)	2026.03.23 16:29:49 | HEARTBEAT | SYSTEM | EA alive. Tick=13400 Equity=44972.40 OpenPos=0 PendingOrders=0 UTC=2026.03.23 16:29 DayOfWeek=1 WeekendCloseActive=NO NewTradeBlocked=NO | 13400.000000
NE	0	10:32:20.728	Cazyxio_v4.3 (EURUSD,M15)	2026.03.23 16:32:20 | GATE_FAIL | GBPUSD | CopyBuffer failed for Daily EMA200.
MD	0	10:34:41.065	Cazyxio_v4.3 (EURUSD,M15)	2026.03.23 16:34:41 | GATE_FAIL | EURUSD | CopyBuffer failed for Daily EMA200.
RG	0	10:37:01.438	Cazyxio_v4.3 (EURUSD,M15)	2026.03.23 16:37:01 | GATE_FAIL | USDJPY | CopyBuffer failed for Daily EMA200.
IG	0	10:37:01.438	Cazyxio_v4.3 (EURUSD,M15)	2026.03.23 16:37:01 | BAR | AUDUSD | close=0.69831 h4ema200=0.70265 h4slope=DOWN dailyEMA200=0.67238 adx=35.8 ema50=0.69968 distToEMA50=13.7pips touchSeq=5 atr=0.001884 atrRatio=1.422 dir=NONE spread=22.0 spreadOK=YES atrGate=PASS touch=FAIL momCandle= zeroRangeBar=NO trigger=NO hasPos=NO portRisk=0.00% openPos=0 | 0.698310
IR	0	10:37:01.438	Cazyxio_v4.3 (EURUSD,M15)	2026.03.23 16:37:01 | GATE_FAIL | AUDUSD | No directional bias. h4slope=DOWN closeNow=0.69831 h4ema200=0.70265 dailyEMA200=0.67238
OG	0	10:37:01.438	Cazyxio_v4.3 (EURUSD,M15)	2026.03.23 16:37:01 | BAR | GBPJPY | close=212.621 h4ema200=211.182 h4slope=UP dailyEMA200=205.204 adx=14.3 ema50=212.428 distToEMA50=19.3pips touchSeq=3 atr=0.238429 atrRatio=1.189 dir=LONG spread=47.0 spreadOK=NO atrGate=PASS touch=PASS momCandle=momClosePos=1.000 momOk=Y ema50Ok=Y barRange=0.231000 zeroRangeBar=NO trigger=YES hasPos=NO portRisk=0.00% openPos=0 | 212.621000
LS	0	10:37:01.438	Cazyxio_v4.3 (EURUSD,M15)	2026.03.23 16:37:01 | GATE_FAIL | GBPJPY | Spread too wide. Spread=47.0 Max=30 points.
KO	0	10:37:01.438	Cazyxio_v4.3 (EURUSD,M15)	2026.03.23 16:37:01 | BAR | USDCAD | close=1.37275 h4ema200=1.36769 h4slope=UP dailyEMA200=1.38066 adx=17.0 ema50=1.37192 distToEMA50=8.3pips touchSeq=7 atr=0.001470 atrRatio=1.419 dir=NONE spread=27.0 spreadOK=YES atrGate=PASS touch=FAIL momCandle= zeroRangeBar=NO trigger=NO hasPos=NO portRisk=0.00% openPos=0 | 1.372750
JM	0	10:37:01.438	Cazyxio_v4.3 (EURUSD,M15)	2026.03.23 16:37:01 | GATE_FAIL | USDCAD | No directional bias. h4slope=UP closeNow=1.37275 h4ema200=1.36769 dailyEMA200=1.38066
IP	0	10:37:25.095	Cazyxio_v4.3 (EURUSD,M15)	2026.03.23 16:37:25 | HEARTBEAT | SYSTEM | EA alive. Tick=13500 Equity=44972.40 OpenPos=0 PendingOrders=0 UTC=2026.03.23 16:37 DayOfWeek=1 WeekendCloseActive=NO NewTradeBlocked=NO | 13500.000000
FR	0	10:38:06.574	Cazyxio_v4.3 (EURUSD,M15)	2026.03.23 16:38:06 | HEARTBEAT | SYSTEM | EA alive. Tick=13600 Equity=44972.40 OpenPos=0 PendingOrders=0 UTC=2026.03.23 16:38 DayOfWeek=1 WeekendCloseActive=NO NewTradeBlocked=NO | 13600.000000
CL	0	10:38:51.445	Cazyxio_v4.3 (EURUSD,M15)	2026.03.23 16:38:51 | HEARTBEAT | SYSTEM | EA alive. Tick=13700 Equity=44972.40 OpenPos=0 PendingOrders=0 UTC=2026.03.23 16:38 DayOfWeek=1 WeekendCloseActive=NO NewTradeBlocked=NO | 13700.000000
MN	0	10:39:39.709	Cazyxio_v4.3 (EURUSD,M15)	2026.03.23 16:39:39 | HEARTBEAT | SYSTEM | EA alive. Tick=13800 Equity=44972.40 OpenPos=0 PendingOrders=0 UTC=2026.03.23 16:39 DayOfWeek=1 WeekendCloseActive=NO NewTradeBlocked=NO | 13800.000000
CH	0	10:40:20.965	Cazyxio_v4.3 (EURUSD,M15)	2026.03.23 16:40:20 | HEARTBEAT | SYSTEM | EA alive. Tick=13900 Equity=44972.40 OpenPos=0 PendingOrders=0 UTC=2026.03.23 16:40 DayOfWeek=1 WeekendCloseActive=NO NewTradeBlocked=NO | 13900.000000
HJ	0	10:40:54.816	Cazyxio_v4.3 (EURUSD,M15)	2026.03.23 16:40:54 | HEARTBEAT | SYSTEM | EA alive. Tick=14000 Equity=44972.40 OpenPos=0 PendingOrders=0 UTC=2026.03.23 16:40 DayOfWeek=1 WeekendCloseActive=NO NewTradeBlocked=NO | 14000.000000
QD	0	10:41:41.731	Cazyxio_v4.3 (EURUSD,M15)	2026.03.23 16:41:41 | HEARTBEAT | SYSTEM | EA alive. Tick=14100 Equity=44972.40 OpenPos=0 PendingOrders=0 UTC=2026.03.23 16:41 DayOfWeek=1 WeekendCloseActive=NO NewTradeBlocked=NO | 14100.000000
CF	0	10:42:14.495	Cazyxio_v4.3 (EURUSD,M15)	2026.03.23 16:42:14 | HEARTBEAT | SYSTEM | EA alive. Tick=14200 Equity=44972.40 OpenPos=0 PendingOrders=0 UTC=2026.03.23 16:42 DayOfWeek=1 WeekendCloseActive=NO NewTradeBlocked=NO | 14200.000000
KP	0	10:42:46.330	Cazyxio_v4.3 (EURUSD,M15)	2026.03.23 16:42:46 | HEARTBEAT | SYSTEM | EA alive. Tick=14300 Equity=44972.40 OpenPos=0 PendingOrders=0 UTC=2026.03.23 16:42 DayOfWeek=1 WeekendCloseActive=NO NewTradeBlocked=NO | 14300.000000
PR	0	10:43:33.884	Cazyxio_v4.3 (EURUSD,M15)	2026.03.23 16:43:33 | HEARTBEAT | SYSTEM | EA alive. Tick=14400 Equity=44972.40 OpenPos=0 PendingOrders=0 UTC=2026.03.23 16:43 DayOfWeek=1 WeekendCloseActive=NO NewTradeBlocked=NO | 14400.000000
IL	0	10:44:14.668	Cazyxio_v4.3 (EURUSD,M15)	2026.03.23 16:44:14 | HEARTBEAT | SYSTEM | EA alive. Tick=14500 Equity=44972.40 OpenPos=0 PendingOrders=0 UTC=2026.03.23 16:44 DayOfWeek=1 WeekendCloseActive=NO NewTradeBlocked=NO | 14500.000000
LN	0	10:44:50.788	Cazyxio_v4.3 (EURUSD,M15)	2026.03.23 16:44:50 | HEARTBEAT | SYSTEM | EA alive. Tick=14600 Equity=44972.40 OpenPos=0 PendingOrders=0 UTC=2026.03.23 16:44 DayOfWeek=1 WeekendCloseActive=NO NewTradeBlocked=NO | 14600.000000
PI	0	10:47:20.854	Cazyxio_v4.3 (EURUSD,M15)	2026.03.23 16:47:20 | GATE_FAIL | GBPUSD | CopyBuffer failed for Daily EMA200.
LH	0	10:49:41.222	Cazyxio_v4.3 (EURUSD,M15)	2026.03.23 16:49:41 | GATE_FAIL | EURUSD | CopyBuffer failed for Daily EMA200.
DK	0	10:52:01.636	Cazyxio_v4.3 (EURUSD,M15)	2026.03.23 16:52:01 | GATE_FAIL | USDJPY | CopyBuffer failed for Daily EMA200.
KI	0	10:52:01.637	Cazyxio_v4.3 (EURUSD,M15)	2026.03.23 16:52:01 | BAR | AUDUSD | close=0.70003 h4ema200=0.70266 h4slope=UP dailyEMA200=0.67238 adx=35.8 ema50=0.69973 distToEMA50=3.0pips touchSeq=6 atr=0.001833 atrRatio=1.376 dir=NONE spread=22.0 spreadOK=YES atrGate=PASS touch=FAIL momCandle= zeroRangeBar=NO trigger=NO hasPos=NO portRisk=0.00% openPos=0 | 0.700030
MG	0	10:52:01.637	Cazyxio_v4.3 (EURUSD,M15)	2026.03.23 16:52:01 | GATE_FAIL | AUDUSD | No directional bias. h4slope=UP closeNow=0.70003 h4ema200=0.70266 dailyEMA200=0.67238
CO	0	10:52:01.637	Cazyxio_v4.3 (EURUSD,M15)	2026.03.23 16:52:01 | BAR | GBPJPY | close=212.602 h4ema200=211.182 h4slope=UP dailyEMA200=205.204 adx=14.3 ema50=212.437 distToEMA50=16.5pips touchSeq=4 atr=0.237643 atrRatio=1.183 dir=LONG spread=55.0 spreadOK=NO atrGate=PASS touch=PASS momCandle=momClosePos=0.355 momOk=N ema50Ok=Y barRange=0.138000 zeroRangeBar=NO trigger=NO hasPos=NO portRisk=0.00% openPos=0 | 212.602000
PL	0	10:52:01.637	Cazyxio_v4.3 (EURUSD,M15)	2026.03.23 16:52:01 | GATE_FAIL | GBPJPY | Spread too wide. Spread=55.0 Max=30 points.
QS	0	10:52:01.637	Cazyxio_v4.3 (EURUSD,M15)	2026.03.23 16:52:01 | BAR | USDCAD | close=1.37191 h4ema200=1.36769 h4slope=UP dailyEMA200=1.38066 adx=17.0 ema50=1.37192 distToEMA50=0.1pips touchSeq=8 atr=0.001385 atrRatio=1.335 dir=NONE spread=27.0 spreadOK=YES atrGate=PASS touch=FAIL momCandle= zeroRangeBar=NO trigger=NO hasPos=NO portRisk=0.00% openPos=0 | 1.371910
LQ	0	10:52:01.637	Cazyxio_v4.3 (EURUSD,M15)	2026.03.23 16:52:01 | GATE_FAIL | USDCAD | No directional bias. h4slope=UP closeNow=1.37191 h4ema200=1.36769 dailyEMA200=1.38066
QD	0	10:52:23.629	Cazyxio_v4.3 (EURUSD,M15)	2026.03.23 16:52:23 | HEARTBEAT | SYSTEM | EA alive. Tick=14700 Equity=44972.40 OpenPos=0 PendingOrders=0 UTC=2026.03.23 16:52 DayOfWeek=1 WeekendCloseActive=NO NewTradeBlocked=NO | 14700.000000
CF	0	10:52:58.201	Cazyxio_v4.3 (EURUSD,M15)	2026.03.23 16:52:58 | HEARTBEAT | SYSTEM | EA alive. Tick=14800 Equity=44972.40 OpenPos=0 PendingOrders=0 UTC=2026.03.23 16:52 DayOfWeek=1 WeekendCloseActive=NO NewTradeBlocked=NO | 14800.000000
JP	0	10:53:39.410	Cazyxio_v4.3 (EURUSD,M15)	2026.03.23 16:53:39 | HEARTBEAT | SYSTEM | EA alive. Tick=14900 Equity=44972.40 OpenPos=0 PendingOrders=0 UTC=2026.03.23 16:53 DayOfWeek=1 WeekendCloseActive=NO NewTradeBlocked=NO | 14900.000000
NR	0	10:54:22.079	Cazyxio_v4.3 (EURUSD,M15)	2026.03.23 16:54:22 | HEARTBEAT | SYSTEM | EA alive. Tick=15000 Equity=44972.40 OpenPos=0 PendingOrders=0 UTC=2026.03.23 16:54 DayOfWeek=1 WeekendCloseActive=NO NewTradeBlocked=NO | 15000.000000
FL	0	10:55:01.250	Cazyxio_v4.3 (EURUSD,M15)	2026.03.23 16:55:01 | HEARTBEAT | SYSTEM | EA alive. Tick=15100 Equity=44972.40 OpenPos=0 PendingOrders=0 UTC=2026.03.23 16:55 DayOfWeek=1 WeekendCloseActive=NO NewTradeBlocked=NO | 15100.000000
ON	0	10:55:52.679	Cazyxio_v4.3 (EURUSD,M15)	2026.03.23 16:55:52 | HEARTBEAT | SYSTEM | EA alive. Tick=15200 Equity=44972.40 OpenPos=0 PendingOrders=0 UTC=2026.03.23 16:55 DayOfWeek=1 WeekendCloseActive=NO NewTradeBlocked=NO | 15200.000000
EH	0	10:56:46.445	Cazyxio_v4.3 (EURUSD,M15)	2026.03.23 16:56:46 | HEARTBEAT | SYSTEM | EA alive. Tick=15300 Equity=44972.40 OpenPos=0 PendingOrders=0 UTC=2026.03.23 16:56 DayOfWeek=1 WeekendCloseActive=NO NewTradeBlocked=NO | 15300.000000
QJ	0	10:57:29.866	Cazyxio_v4.3 (EURUSD,M15)	2026.03.23 16:57:29 | HEARTBEAT | SYSTEM | EA alive. Tick=15400 Equity=44972.40 OpenPos=0 PendingOrders=0 UTC=2026.03.23 16:57 DayOfWeek=1 WeekendCloseActive=NO NewTradeBlocked=NO | 15400.000000
ND	0	10:58:04.398	Cazyxio_v4.3 (EURUSD,M15)	2026.03.23 16:58:04 | HEARTBEAT | SYSTEM | EA alive. Tick=15500 Equity=44972.40 OpenPos=0 PendingOrders=0 UTC=2026.03.23 16:58 DayOfWeek=1 WeekendCloseActive=NO NewTradeBlocked=NO | 15500.000000
NF	0	10:58:47.288	Cazyxio_v4.3 (EURUSD,M15)	2026.03.23 16:58:47 | HEARTBEAT | SYSTEM | EA alive. Tick=15600 Equity=44972.40 OpenPos=0 PendingOrders=0 UTC=2026.03.23 16:58 DayOfWeek=1 WeekendCloseActive=NO NewTradeBlocked=NO | 15600.000000
MP	0	10:59:30.772	Cazyxio_v4.3 (EURUSD,M15)	2026.03.23 16:59:30 | HEARTBEAT | SYSTEM | EA alive. Tick=15700 Equity=44972.40 OpenPos=0 PendingOrders=0 UTC=2026.03.23 16:59 DayOfWeek=1 WeekendCloseActive=NO NewTradeBlocked=NO | 15700.000000
DR	0	11:00:00.066	Cazyxio_v4.3 (EURUSD,M15)	2026.03.23 17:00:00 | DAILY_SUMMARY | SYSTEM | SESSION END SUMMARY | Bars=72 Signals=1 Orders=1 SLHits=0 LimitPlaced=1 LimitFilled=0 LimitExpired=1 FallbackOrders=0 | GateFails: DIR=18 SPR=12 ATR=0 TOUCH=1 MOM=0 ZRNG=0 COOL=0 WKND=0 ADX=0 DAILY_TF=0 | LotCapped=0 | Equity=44972.40 Balance=44972.40 DayPnL=0.00 DayDD=0.00% ActiveCooldowns=NONE
MR	0	11:02:20.678	Cazyxio_v4.3 (EURUSD,M15)	2026.03.23 17:02:20 | GATE_FAIL | EURUSD | CopyBuffer failed for Daily EMA200.
NR	0	11:04:40.991	Cazyxio_v4.3 (EURUSD,M15)	2026.03.23 17:04:40 | GATE_FAIL | USDJPY | CopyBuffer failed for Daily EMA200.
HN	0	11:04:40.991	Cazyxio_v4.3 (EURUSD,M15)	2026.03.23 17:04:40 | BAR | AUDUSD | close=0.70031 h4ema200=0.70264 h4slope=DOWN dailyEMA200=0.67238 adx=35.4 ema50=0.69973 distToEMA50=5.8pips touchSeq=7 atr=0.001679 atrRatio=1.256 dir=NONE spread=21.0 spreadOK=YES atrGate=PASS touch=FAIL momCandle= zeroRangeBar=NO trigger=NO hasPos=NO portRisk=0.00% openPos=0 | 0.700310
DL	0	11:04:40.991	Cazyxio_v4.3 (EURUSD,M15)	2026.03.23 17:04:40 | GATE_FAIL | AUDUSD | No directional bias. h4slope=DOWN closeNow=0.70031 h4ema200=0.70264 dailyEMA200=0.67238
RP	0	11:04:40.991	Cazyxio_v4.3 (EURUSD,M15)	2026.03.23 17:04:40 | BAR | GBPJPY | close=212.635 h4ema200=211.196 h4slope=UP dailyEMA200=205.203 adx=14.5 ema50=212.442 distToEMA50=19.3pips touchSeq=5 atr=0.232214 atrRatio=1.154 dir=LONG spread=48.0 spreadOK=NO atrGate=PASS touch=PASS momCandle=momClosePos=0.396 momOk=N ema50Ok=Y barRange=0.222000 zeroRangeBar=NO trigger=NO hasPos=NO portRisk=0.00% openPos=0 | 212.635000
EE	0	11:04:40.991	Cazyxio_v4.3 (EURUSD,M15)	2026.03.23 17:04:40 | GATE_FAIL | GBPJPY | Spread too wide. Spread=48.0 Max=30 points.
EH	0	11:04:40.991	Cazyxio_v4.3 (EURUSD,M15)	2026.03.23 17:04:40 | BAR | USDCAD | close=1.37230 h4ema200=1.36774 h4slope=UP dailyEMA200=1.38067 adx=16.0 ema50=1.37196 distToEMA50=3.4pips touchSeq=9 atr=0.001375 atrRatio=1.324 dir=NONE spread=28.0 spreadOK=YES atrGate=PASS touch=FAIL momCandle= zeroRangeBar=NO trigger=NO hasPos=NO portRisk=0.00% openPos=0 | 1.372300
RF	0	11:04:40.991	Cazyxio_v4.3 (EURUSD,M15)	2026.03.23 17:04:40 | GATE_FAIL | USDCAD | No directional bias. h4slope=UP closeNow=1.37230 h4ema200=1.36774 dailyEMA200=1.38067
QN	0	11:07:01.440	Cazyxio_v4.3 (EURUSD,M15)	2026.03.23 17:07:01 | GATE_FAIL | GBPUSD | CopyBuffer failed for Daily EMA200.
ON	0	11:07:13.897	Cazyxio_v4.3 (EURUSD,M15)	2026.03.23 17:07:13 | HEARTBEAT | SYSTEM | EA alive. Tick=15800 Equity=44972.40 OpenPos=0 PendingOrders=0 UTC=2026.03.23 17:07 DayOfWeek=1 WeekendCloseActive=NO NewTradeBlocked=NO | 15800.000000
GH	0	11:07:51.385	Cazyxio_v4.3 (EURUSD,M15)	2026.03.23 17:07:51 | HEARTBEAT | SYSTEM | EA alive. Tick=15900 Equity=44972.40 OpenPos=0 PendingOrders=0 UTC=2026.03.23 17:07 DayOfWeek=1 WeekendCloseActive=NO NewTradeBlocked=NO | 15900.000000
DJ	0	11:08:30.765	Cazyxio_v4.3 (EURUSD,M15)	2026.03.23 17:08:30 | HEARTBEAT | SYSTEM | EA alive. Tick=16000 Equity=44972.40 OpenPos=0 PendingOrders=0 UTC=2026.03.23 17:08 DayOfWeek=1 WeekendCloseActive=NO NewTradeBlocked=NO | 16000.000000
LD	0	11:09:08.915	Cazyxio_v4.3 (EURUSD,M15)	2026.03.23 17:09:08 | HEARTBEAT | SYSTEM | EA alive. Tick=16100 Equity=44972.40 OpenPos=0 PendingOrders=0 UTC=2026.03.23 17:09 DayOfWeek=1 WeekendCloseActive=NO NewTradeBlocked=NO | 16100.000000
MF	0	11:09:50.824	Cazyxio_v4.3 (EURUSD,M15)	2026.03.23 17:09:50 | HEARTBEAT | SYSTEM | EA alive. Tick=16200 Equity=44972.40 OpenPos=0 PendingOrders=0 UTC=2026.03.23 17:09 DayOfWeek=1 WeekendCloseActive=NO NewTradeBlocked=NO | 16200.000000
RP	0	11:10:37.311	Cazyxio_v4.3 (EURUSD,M15)	2026.03.23 17:10:37 | HEARTBEAT | SYSTEM | EA alive. Tick=16300 Equity=44972.40 OpenPos=0 PendingOrders=0 UTC=2026.03.23 17:10 DayOfWeek=1 WeekendCloseActive=NO NewTradeBlocked=NO | 16300.000000
LR	0	11:11:19.646	Cazyxio_v4.3 (EURUSD,M15)	2026.03.23 17:11:19 | HEARTBEAT | SYSTEM | EA alive. Tick=16400 Equity=44972.40 OpenPos=0 PendingOrders=0 UTC=2026.03.23 17:11 DayOfWeek=1 WeekendCloseActive=NO NewTradeBlocked=NO | 16400.000000
RL	0	11:12:02.067	Cazyxio_v4.3 (EURUSD,M15)	2026.03.23 17:12:02 | HEARTBEAT | SYSTEM | EA alive. Tick=16500 Equity=44972.40 OpenPos=0 PendingOrders=0 UTC=2026.03.23 17:12 DayOfWeek=1 WeekendCloseActive=NO NewTradeBlocked=NO | 16500.000000
HN	0	11:12:39.856	Cazyxio_v4.3 (EURUSD,M15)	2026.03.23 17:12:39 | HEARTBEAT | SYSTEM | EA alive. Tick=16600 Equity=44972.40 OpenPos=0 PendingOrders=0 UTC=2026.03.23 17:12 DayOfWeek=1 WeekendCloseActive=NO NewTradeBlocked=NO | 16600.000000
CH	0	11:13:16.906	Cazyxio_v4.3 (EURUSD,M15)	2026.03.23 17:13:16 | HEARTBEAT | SYSTEM | EA alive. Tick=16700 Equity=44972.40 OpenPos=0 PendingOrders=0 UTC=2026.03.23 17:13 DayOfWeek=1 WeekendCloseActive=NO NewTradeBlocked=NO | 16700.000000
KJ	0	11:13:54.887	Cazyxio_v4.3 (EURUSD,M15)	2026.03.23 17:13:54 | HEARTBEAT | SYSTEM | EA alive. Tick=16800 Equity=44972.40 OpenPos=0 PendingOrders=0 UTC=2026.03.23 17:13 DayOfWeek=1 WeekendCloseActive=NO NewTradeBlocked=NO | 16800.000000
PD	0	11:14:31.498	Cazyxio_v4.3 (EURUSD,M15)	2026.03.23 17:14:31 | HEARTBEAT | SYSTEM | EA alive. Tick=16900 Equity=44972.40 OpenPos=0 PendingOrders=0 UTC=2026.03.23 17:14 DayOfWeek=1 WeekendCloseActive=NO NewTradeBlocked=NO | 16900.000000
QG	0	11:17:20.888	Cazyxio_v4.3 (EURUSD,M15)	2026.03.23 17:17:20 | GATE_FAIL | GBPUSD | CopyBuffer failed for Daily EMA200.
MF	0	11:19:41.298	Cazyxio_v4.3 (EURUSD,M15)	2026.03.23 17:19:41 | GATE_FAIL | EURUSD | CopyBuffer failed for Daily EMA200.
DQ	0	11:22:01.753	Cazyxio_v4.3 (EURUSD,M15)	2026.03.23 17:22:01 | GATE_FAIL | USDJPY | CopyBuffer failed for Daily EMA200.
HR	0	11:22:01.753	Cazyxio_v4.3 (EURUSD,M15)	2026.03.23 17:22:01 | BAR | AUDUSD | close=0.70055 h4ema200=0.70264 h4slope=DOWN dailyEMA200=0.67238 adx=35.4 ema50=0.69977 distToEMA50=7.8pips touchSeq=8 atr=0.001629 atrRatio=1.215 dir=NONE spread=20.0 spreadOK=YES atrGate=PASS touch=FAIL momCandle= zeroRangeBar=NO trigger=NO hasPos=NO portRisk=0.00% openPos=0 | 0.700550
LP	0	11:22:01.753	Cazyxio_v4.3 (EURUSD,M15)	2026.03.23 17:22:01 | GATE_FAIL | AUDUSD | No directional bias. h4slope=DOWN closeNow=0.70055 h4ema200=0.70264 dailyEMA200=0.67238
ID	0	11:22:01.753	Cazyxio_v4.3 (EURUSD,M15)	2026.03.23 17:22:01 | BAR | GBPJPY | close=212.627 h4ema200=211.196 h4slope=UP dailyEMA200=205.203 adx=14.5 ema50=212.447 distToEMA50=18.0pips touchSeq=6 atr=0.224643 atrRatio=1.116 dir=LONG spread=47.0 spreadOK=NO atrGate=PASS touch=PASS momCandle=momClosePos=0.430 momOk=N ema50Ok=Y barRange=0.107000 zeroRangeBar=NO trigger=NO hasPos=NO portRisk=0.00% openPos=0 | 212.627000
FQ	0	11:22:01.753	Cazyxio_v4.3 (EURUSD,M15)	2026.03.23 17:22:01 | GATE_FAIL | GBPJPY | Spread too wide. Spread=47.0 Max=30 points.
ON	0	11:22:01.753	Cazyxio_v4.3 (EURUSD,M15)	2026.03.23 17:22:01 | BAR | USDCAD | close=1.37231 h4ema200=1.36774 h4slope=UP dailyEMA200=1.38067 adx=15.3 ema50=1.37197 distToEMA50=3.4pips touchSeq=10 atr=0.001374 atrRatio=1.322 dir=NONE spread=26.0 spreadOK=YES atrGate=PASS touch=FAIL momCandle= zeroRangeBar=NO trigger=NO hasPos=NO portRisk=0.00% openPos=0 | 1.372310
IK	0	11:22:01.753	Cazyxio_v4.3 (EURUSD,M15)	2026.03.23 17:22:01 | GATE_FAIL | USDCAD | No directional bias. h4slope=UP closeNow=1.37231 h4ema200=1.36774 dailyEMA200=1.38067
IR	0	11:22:08.694	Cazyxio_v4.3 (EURUSD,M15)	2026.03.23 17:22:08 | HEARTBEAT | SYSTEM | EA alive. Tick=17000 Equity=44972.40 OpenPos=0 PendingOrders=0 UTC=2026.03.23 17:22 DayOfWeek=1 WeekendCloseActive=NO NewTradeBlocked=NO | 17000.000000
PL	0	11:22:52.077	Cazyxio_v4.3 (EURUSD,M15)	2026.03.23 17:22:52 | HEARTBEAT | SYSTEM | EA alive. Tick=17100 Equity=44972.40 OpenPos=0 PendingOrders=0 UTC=2026.03.23 17:22 DayOfWeek=1 WeekendCloseActive=NO NewTradeBlocked=NO | 17100.000000
QN	0	11:23:31.013	Cazyxio_v4.3 (EURUSD,M15)	2026.03.23 17:23:31 | HEARTBEAT | SYSTEM | EA alive. Tick=17200 Equity=44972.40 OpenPos=0 PendingOrders=0 UTC=2026.03.23 17:23 DayOfWeek=1 WeekendCloseActive=NO NewTradeBlocked=NO | 17200.000000
GH	0	11:24:12.294	Cazyxio_v4.3 (EURUSD,M15)	2026.03.23 17:24:12 | HEARTBEAT | SYSTEM | EA alive. Tick=17300 Equity=44972.40 OpenPos=0 PendingOrders=0 UTC=2026.03.23 17:24 DayOfWeek=1 WeekendCloseActive=NO NewTradeBlocked=NO | 17300.000000
CJ	0	11:25:03.864	Cazyxio_v4.3 (EURUSD,M15)	2026.03.23 17:25:03 | HEARTBEAT | SYSTEM | EA alive. Tick=17400 Equity=44972.40 OpenPos=0 PendingOrders=0 UTC=2026.03.23 17:25 DayOfWeek=1 WeekendCloseActive=NO NewTradeBlocked=NO | 17400.000000
HD	0	11:25:47.618	Cazyxio_v4.3 (EURUSD,M15)	2026.03.23 17:25:47 | HEARTBEAT | SYSTEM | EA alive. Tick=17500 Equity=44972.40 OpenPos=0 PendingOrders=0 UTC=2026.03.23 17:25 DayOfWeek=1 WeekendCloseActive=NO NewTradeBlocked=NO | 17500.000000
MF	0	11:26:27.388	Cazyxio_v4.3 (EURUSD,M15)	2026.03.23 17:26:27 | HEARTBEAT | SYSTEM | EA alive. Tick=17600 Equity=44972.40 OpenPos=0 PendingOrders=0 UTC=2026.03.23 17:26 DayOfWeek=1 WeekendCloseActive=NO NewTradeBlocked=NO | 17600.000000
LP	0	11:27:24.625	Cazyxio_v4.3 (EURUSD,M15)	2026.03.23 17:27:24 | HEARTBEAT | SYSTEM | EA alive. Tick=17700 Equity=44972.40 OpenPos=0 PendingOrders=0 UTC=2026.03.23 17:27 DayOfWeek=1 WeekendCloseActive=NO NewTradeBlocked=NO | 17700.000000
FR	0	11:28:15.646	Cazyxio_v4.3 (EURUSD,M15)	2026.03.23 17:28:15 | HEARTBEAT | SYSTEM | EA alive. Tick=17800 Equity=44972.40 OpenPos=0 PendingOrders=0 UTC=2026.03.23 17:28 DayOfWeek=1 WeekendCloseActive=NO NewTradeBlocked=NO | 17800.000000
QL	0	11:29:02.338	Cazyxio_v4.3 (EURUSD,M15)	2026.03.23 17:29:02 | HEARTBEAT | SYSTEM | EA alive. Tick=17900 Equity=44972.40 OpenPos=0 PendingOrders=0 UTC=2026.03.23 17:29 DayOfWeek=1 WeekendCloseActive=NO NewTradeBlocked=NO | 17900.000000
QN	0	11:29:55.833	Cazyxio_v4.3 (EURUSD,M15)	2026.03.23 17:29:55 | HEARTBEAT | SYSTEM | EA alive. Tick=18000 Equity=44972.40 OpenPos=0 PendingOrders=0 UTC=2026.03.23 17:29 DayOfWeek=1 WeekendCloseActive=NO NewTradeBlocked=NO | 18000.000000
RH	0	11:32:20.835	Cazyxio_v4.3 (EURUSD,M15)	2026.03.23 17:32:20 | GATE_FAIL | EURUSD | CopyBuffer failed for Daily EMA200.
RH	0	11:34:41.160	Cazyxio_v4.3 (EURUSD,M15)	2026.03.23 17:34:41 | GATE_FAIL | USDJPY | CopyBuffer failed for Daily EMA200.
OK	0	11:34:41.160	Cazyxio_v4.3 (EURUSD,M15)	2026.03.23 17:34:41 | BAR | AUDUSD | close=0.70096 h4ema200=0.70265 h4slope=DOWN dailyEMA200=0.67239 adx=35.4 ema50=0.69985 distToEMA50=11.1pips touchSeq=9 atr=0.001561 atrRatio=1.160 dir=NONE spread=18.0 spreadOK=YES atrGate=PASS touch=FAIL momCandle= zeroRangeBar=NO trigger=NO hasPos=NO portRisk=0.00% openPos=0 | 0.700960
MF	0	11:34:41.160	Cazyxio_v4.3 (EURUSD,M15)	2026.03.23 17:34:41 | GATE_FAIL | AUDUSD | No directional bias. h4slope=DOWN closeNow=0.70096 h4ema200=0.70265 dailyEMA200=0.67239
JN	0	11:34:41.160	Cazyxio_v4.3 (EURUSD,M15)	2026.03.23 17:34:41 | BAR | GBPJPY | close=212.586 h4ema200=211.196 h4slope=UP dailyEMA200=205.203 adx=14.5 ema50=212.454 distToEMA50=13.2pips touchSeq=7 atr=0.213857 atrRatio=1.062 dir=LONG spread=40.0 spreadOK=NO atrGate=PASS touch=PASS momCandle=momClosePos=0.163 momOk=N ema50Ok=Y barRange=0.080000 zeroRangeBar=NO trigger=NO hasPos=NO portRisk=0.00% openPos=0 | 212.586000
OO	0	11:34:41.160	Cazyxio_v4.3 (EURUSD,M15)	2026.03.23 17:34:41 | GATE_FAIL | GBPJPY | Spread too wide. Spread=40.0 Max=30 points.
LQ	0	11:34:41.160	Cazyxio_v4.3 (EURUSD,M15)	2026.03.23 17:34:41 | BAR | USDCAD | close=1.37232 h4ema200=1.36774 h4slope=UP dailyEMA200=1.38067 adx=15.3 ema50=1.37197 distToEMA50=3.5pips touchSeq=11 atr=0.001293 atrRatio=1.243 dir=NONE spread=25.0 spreadOK=YES atrGate=PASS touch=FAIL momCandle= zeroRangeBar=NO trigger=NO hasPos=NO portRisk=0.00% openPos=0 | 1.372320
LP	0	11:34:41.160	Cazyxio_v4.3 (EURUSD,M15)	2026.03.23 17:34:41 | GATE_FAIL | USDCAD | No directional bias. h4slope=UP closeNow=1.37232 h4ema200=1.36774 dailyEMA200=1.38067
ID	0	11:37:01.684	Cazyxio_v4.3 (EURUSD,M15)	2026.03.23 17:37:01 | GATE_FAIL | GBPUSD | CopyBuffer failed for Daily EMA200.
PD	0	11:37:43.107	Cazyxio_v4.3 (EURUSD,M15)	2026.03.23 17:37:43 | HEARTBEAT | SYSTEM | EA alive. Tick=18100 Equity=44972.40 OpenPos=0 PendingOrders=0 UTC=2026.03.23 17:37 DayOfWeek=1 WeekendCloseActive=NO NewTradeBlocked=NO | 18100.000000
JF	0	11:38:26.000	Cazyxio_v4.3 (EURUSD,M15)	2026.03.23 17:38:25 | HEARTBEAT | SYSTEM | EA alive. Tick=18200 Equity=44972.40 OpenPos=0 PendingOrders=0 UTC=2026.03.23 17:38 DayOfWeek=1 WeekendCloseActive=NO NewTradeBlocked=NO | 18200.000000
QP	0	11:39:12.579	Cazyxio_v4.3 (EURUSD,M15)	2026.03.23 17:39:12 | HEARTBEAT | SYSTEM | EA alive. Tick=18300 Equity=44972.40 OpenPos=0 PendingOrders=0 UTC=2026.03.23 17:39 DayOfWeek=1 WeekendCloseActive=NO NewTradeBlocked=NO | 18300.000000
FR	0	11:39:53.745	Cazyxio_v4.3 (EURUSD,M15)	2026.03.23 17:39:53 | HEARTBEAT | SYSTEM | EA alive. Tick=18400 Equity=44972.40 OpenPos=0 PendingOrders=0 UTC=2026.03.23 17:39 DayOfWeek=1 WeekendCloseActive=NO NewTradeBlocked=NO | 18400.000000
NL	0	11:40:39.505	Cazyxio_v4.3 (EURUSD,M15)	2026.03.23 17:40:39 | HEARTBEAT | SYSTEM | EA alive. Tick=18500 Equity=44972.40 OpenPos=0 PendingOrders=0 UTC=2026.03.23 17:40 DayOfWeek=1 WeekendCloseActive=NO NewTradeBlocked=NO | 18500.000000
QN	0	11:41:24.631	Cazyxio_v4.3 (EURUSD,M15)	2026.03.23 17:41:24 | HEARTBEAT | SYSTEM | EA alive. Tick=18600 Equity=44972.40 OpenPos=0 PendingOrders=0 UTC=2026.03.23 17:41 DayOfWeek=1 WeekendCloseActive=NO NewTradeBlocked=NO | 18600.000000
JH	0	11:42:13.086	Cazyxio_v4.3 (EURUSD,M15)	2026.03.23 17:42:13 | HEARTBEAT | SYSTEM | EA alive. Tick=18700 Equity=44972.40 OpenPos=0 PendingOrders=0 UTC=2026.03.23 17:42 DayOfWeek=1 WeekendCloseActive=NO NewTradeBlocked=NO | 18700.000000
GJ	0	11:42:59.094	Cazyxio_v4.3 (EURUSD,M15)	2026.03.23 17:42:59 | HEARTBEAT | SYSTEM | EA alive. Tick=18800 Equity=44972.40 OpenPos=0 PendingOrders=0 UTC=2026.03.23 17:42 DayOfWeek=1 WeekendCloseActive=NO NewTradeBlocked=NO | 18800.000000
OD	0	11:43:39.774	Cazyxio_v4.3 (EURUSD,M15)	2026.03.23 17:43:39 | HEARTBEAT | SYSTEM | EA alive. Tick=18900 Equity=44972.40 OpenPos=0 PendingOrders=0 UTC=2026.03.23 17:43 DayOfWeek=1 WeekendCloseActive=NO NewTradeBlocked=NO | 18900.000000
MF	0	11:44:20.261	Cazyxio_v4.3 (EURUSD,M15)	2026.03.23 17:44:20 | HEARTBEAT | SYSTEM | EA alive. Tick=19000 Equity=44972.40 OpenPos=0 PendingOrders=0 UTC=2026.03.23 17:44 DayOfWeek=1 WeekendCloseActive=NO NewTradeBlocked=NO | 19000.000000
RP	0	11:47:20.905	Cazyxio_v4.3 (EURUSD,M15)	2026.03.23 17:47:20 | GATE_FAIL | EURUSD | CopyBuffer failed for Daily EMA200.
KP	0	11:49:41.301	Cazyxio_v4.3 (EURUSD,M15)	2026.03.23 17:49:41 | GATE_FAIL | USDJPY | CopyBuffer failed for Daily EMA200.
DP	0	11:49:41.301	Cazyxio_v4.3 (EURUSD,M15)	2026.03.23 17:49:41 | BAR | AUDUSD | close=0.70136 h4ema200=0.70264 h4slope=DOWN dailyEMA200=0.67239 adx=35.4 ema50=0.69989 distToEMA50=14.7pips touchSeq=10 atr=0.001496 atrRatio=1.109 dir=NONE spread=21.0 spreadOK=YES atrGate=PASS touch=FAIL momCandle= zeroRangeBar=NO trigger=NO hasPos=NO portRisk=0.00% openPos=0 | 0.701360
LQ	0	11:49:41.301	Cazyxio_v4.3 (EURUSD,M15)	2026.03.23 17:49:41 | GATE_FAIL | AUDUSD | No directional bias. h4slope=DOWN closeNow=0.70136 h4ema200=0.70264 dailyEMA200=0.67239
FE	0	11:49:41.301	Cazyxio_v4.3 (EURUSD,M15)	2026.03.23 17:49:41 | BAR | GBPJPY | close=212.646 h4ema200=211.196 h4slope=UP dailyEMA200=205.203 adx=14.5 ema50=212.463 distToEMA50=18.3pips touchSeq=8 atr=0.188429 atrRatio=0.936 dir=LONG spread=39.0 spreadOK=NO atrGate=PASS touch=PASS momCandle=momClosePos=0.478 momOk=N ema50Ok=Y barRange=0.228000 zeroRangeBar=NO trigger=NO hasPos=NO portRisk=0.00% openPos=0 | 212.646000
NF	0	11:49:41.301	Cazyxio_v4.3 (EURUSD,M15)	2026.03.23 17:49:41 | GATE_FAIL | GBPJPY | Spread too wide. Spread=39.0 Max=30 points.
DI	0	11:49:41.301	Cazyxio_v4.3 (EURUSD,M15)	2026.03.23 17:49:41 | BAR | USDCAD | close=1.37216 h4ema200=1.36774 h4slope=UP dailyEMA200=1.38067 adx=15.6 ema50=1.37200 distToEMA50=1.6pips touchSeq=12 atr=0.001184 atrRatio=1.138 dir=NONE spread=24.0 spreadOK=YES atrGate=PASS touch=FAIL momCandle= zeroRangeBar=NO trigger=NO hasPos=NO portRisk=0.00% openPos=0 | 1.372160
IH	0	11:49:41.301	Cazyxio_v4.3 (EURUSD,M15)	2026.03.23 17:49:41 | GATE_FAIL | USDCAD | No directional bias. h4slope=UP closeNow=1.37216 h4ema200=1.36774 dailyEMA200=1.38067
LL	0	11:52:03.302	Cazyxio_v4.3 (EURUSD,M15)	2026.03.23 17:52:03 | GATE_FAIL | GBPUSD | CopyBuffer failed for Daily EMA200.
RL	0	11:52:15.605	Cazyxio_v4.3 (EURUSD,M15)	2026.03.23 17:52:15 | HEARTBEAT | SYSTEM | EA alive. Tick=19100 Equity=44972.40 OpenPos=0 PendingOrders=0 UTC=2026.03.23 17:52 DayOfWeek=1 WeekendCloseActive=NO NewTradeBlocked=NO | 19100.000000
CN	0	11:53:15.926	Cazyxio_v4.3 (EURUSD,M15)	2026.03.23 17:53:15 | HEARTBEAT | SYSTEM | EA alive. Tick=19200 Equity=44972.40 OpenPos=0 PendingOrders=0 UTC=2026.03.23 17:53 DayOfWeek=1 WeekendCloseActive=NO NewTradeBlocked=NO | 19200.000000
RH	0	11:54:01.115	Cazyxio_v4.3 (EURUSD,M15)	2026.03.23 17:54:01 | HEARTBEAT | SYSTEM | EA alive. Tick=19300 Equity=44972.40 OpenPos=0 PendingOrders=0 UTC=2026.03.23 17:54 DayOfWeek=1 WeekendCloseActive=NO NewTradeBlocked=NO | 19300.000000
CJ	0	11:55:03.380	Cazyxio_v4.3 (EURUSD,M15)	2026.03.23 17:55:03 | HEARTBEAT | SYSTEM | EA alive. Tick=19400 Equity=44972.40 OpenPos=0 PendingOrders=0 UTC=2026.03.23 17:55 DayOfWeek=1 WeekendCloseActive=NO NewTradeBlocked=NO | 19400.000000
ID	0	11:55:54.926	Cazyxio_v4.3 (EURUSD,M15)	2026.03.23 17:55:54 | HEARTBEAT | SYSTEM | EA alive. Tick=19500 Equity=44972.40 OpenPos=0 PendingOrders=0 UTC=2026.03.23 17:55 DayOfWeek=1 WeekendCloseActive=NO NewTradeBlocked=NO | 19500.000000
QF	0	11:56:44.035	Cazyxio_v4.3 (EURUSD,M15)	2026.03.23 17:56:44 | HEARTBEAT | SYSTEM | EA alive. Tick=19600 Equity=44972.40 OpenPos=0 PendingOrders=0 UTC=2026.03.23 17:56 DayOfWeek=1 WeekendCloseActive=NO NewTradeBlocked=NO | 19600.000000
MP	0	11:57:39.571	Cazyxio_v4.3 (EURUSD,M15)	2026.03.23 17:57:39 | HEARTBEAT | SYSTEM | EA alive. Tick=19700 Equity=44972.40 OpenPos=0 PendingOrders=0 UTC=2026.03.23 17:57 DayOfWeek=1 WeekendCloseActive=NO NewTradeBlocked=NO | 19700.000000
PR	0	11:58:44.038	Cazyxio_v4.3 (EURUSD,M15)	2026.03.23 17:58:44 | HEARTBEAT | SYSTEM | EA alive. Tick=19800 Equity=44972.40 OpenPos=0 PendingOrders=0 UTC=2026.03.23 17:58 DayOfWeek=1 WeekendCloseActive=NO NewTradeBlocked=NO | 19800.000000
DL	0	11:59:34.402	Cazyxio_v4.3 (EURUSD,M15)	2026.03.23 17:59:34 | HEARTBEAT | SYSTEM | EA alive. Tick=19900 Equity=44972.40 OpenPos=0 PendingOrders=0 UTC=2026.03.23 17:59 DayOfWeek=1 WeekendCloseActive=NO NewTradeBlocked=NO | 19900.000000
OO	0	12:02:21.088	Cazyxio_v4.3 (EURUSD,M15)	2026.03.23 18:02:21 | GATE_FAIL | GBPUSD | CopyBuffer failed for Daily EMA200.
EN	0	12:04:41.472	Cazyxio_v4.3 (EURUSD,M15)	2026.03.23 18:04:41 | GATE_FAIL | EURUSD | CopyBuffer failed for Daily EMA200.
DI	0	12:07:01.784	Cazyxio_v4.3 (EURUSD,M15)	2026.03.23 18:07:01 | GATE_FAIL | USDJPY | CopyBuffer failed for Daily EMA200.
JJ	0	12:07:01.784	Cazyxio_v4.3 (EURUSD,M15)	2026.03.23 18:07:01 | BAR | AUDUSD | close=0.70127 h4ema200=0.70265 h4slope=DOWN dailyEMA200=0.67239 adx=35.4 ema50=0.69996 distToEMA50=13.1pips touchSeq=11 atr=0.001427 atrRatio=1.057 dir=NONE spread=21.0 spreadOK=YES atrGate=PASS touch=FAIL momCandle= zeroRangeBar=NO trigger=NO hasPos=NO portRisk=0.00% openPos=0 | 0.701270
DH	0	12:07:01.784	Cazyxio_v4.3 (EURUSD,M15)	2026.03.23 18:07:01 | GATE_FAIL | AUDUSD | No directional bias. h4slope=DOWN closeNow=0.70127 h4ema200=0.70265 dailyEMA200=0.67239
JQ	0	12:07:01.784	Cazyxio_v4.3 (EURUSD,M15)	2026.03.23 18:07:01 | BAR | GBPJPY | close=212.676 h4ema200=211.196 h4slope=UP dailyEMA200=205.203 adx=14.5 ema50=212.470 distToEMA50=20.6pips touchSeq=9 atr=0.185500 atrRatio=0.922 dir=LONG spread=42.0 spreadOK=NO atrGate=PASS touch=PASS momCandle=momClosePos=0.716 momOk=Y ema50Ok=Y barRange=0.141000 zeroRangeBar=NO trigger=YES hasPos=NO portRisk=0.00% openPos=0 | 212.676000
OI	0	12:07:01.784	Cazyxio_v4.3 (EURUSD,M15)	2026.03.23 18:07:01 | GATE_FAIL | GBPJPY | Spread too wide. Spread=42.0 Max=30 points.
OG	0	12:07:01.784	Cazyxio_v4.3 (EURUSD,M15)	2026.03.23 18:07:01 | BAR | USDCAD | close=1.37270 h4ema200=1.36774 h4slope=UP dailyEMA200=1.38067 adx=15.5 ema50=1.37203 distToEMA50=6.7pips touchSeq=12 atr=0.001074 atrRatio=1.035 dir=NONE spread=26.0 spreadOK=YES atrGate=PASS touch=FAIL momCandle= zeroRangeBar=NO trigger=NO hasPos=NO portRisk=0.00% openPos=0 | 1.372700
DR	0	12:07:01.784	Cazyxio_v4.3 (EURUSD,M15)	2026.03.23 18:07:01 | GATE_FAIL | USDCAD | No directional bias. h4slope=UP closeNow=1.37270 h4ema200=1.36774 dailyEMA200=1.38067
HK	0	12:07:27.415	Cazyxio_v4.3 (EURUSD,M15)	2026.03.23 18:07:27 | HEARTBEAT | SYSTEM | EA alive. Tick=20000 Equity=44972.40 OpenPos=0 PendingOrders=0 UTC=2026.03.23 18:07 DayOfWeek=1 WeekendCloseActive=NO NewTradeBlocked=NO | 20000.000000
HE	0	12:07:53.572	Cazyxio_v4.3 (EURUSD,M15)	2026.03.23 18:07:53 | HEARTBEAT | SYSTEM | EA alive. Tick=20100 Equity=44972.40 OpenPos=0 PendingOrders=0 UTC=2026.03.23 18:07 DayOfWeek=1 WeekendCloseActive=NO NewTradeBlocked=NO | 20100.000000
QG	0	12:08:24.352	Cazyxio_v4.3 (EURUSD,M15)	2026.03.23 18:08:24 | HEARTBEAT | SYSTEM | EA alive. Tick=20200 Equity=44972.40 OpenPos=0 PendingOrders=0 UTC=2026.03.23 18:08 DayOfWeek=1 WeekendCloseActive=NO NewTradeBlocked=NO | 20200.000000
MQ	0	12:08:57.022	Cazyxio_v4.3 (EURUSD,M15)	2026.03.23 18:08:57 | HEARTBEAT | SYSTEM | EA alive. Tick=20300 Equity=44972.40 OpenPos=0 PendingOrders=0 UTC=2026.03.23 18:08 DayOfWeek=1 WeekendCloseActive=NO NewTradeBlocked=NO | 20300.000000
LS	0	12:09:34.736	Cazyxio_v4.3 (EURUSD,M15)	2026.03.23 18:09:34 | HEARTBEAT | SYSTEM | EA alive. Tick=20400 Equity=44972.40 OpenPos=0 PendingOrders=0 UTC=2026.03.23 18:09 DayOfWeek=1 WeekendCloseActive=NO NewTradeBlocked=NO | 20400.000000
FM	0	12:10:27.257	Cazyxio_v4.3 (EURUSD,M15)	2026.03.23 18:10:27 | HEARTBEAT | SYSTEM | EA alive. Tick=20500 Equity=44972.40 OpenPos=0 PendingOrders=0 UTC=2026.03.23 18:10 DayOfWeek=1 WeekendCloseActive=NO NewTradeBlocked=NO | 20500.000000
RO	0	12:11:02.973	Cazyxio_v4.3 (EURUSD,M15)	2026.03.23 18:11:02 | HEARTBEAT | SYSTEM | EA alive. Tick=20600 Equity=44972.40 OpenPos=0 PendingOrders=0 UTC=2026.03.23 18:11 DayOfWeek=1 WeekendCloseActive=NO NewTradeBlocked=NO | 20600.000000
EI	0	12:11:38.473	Cazyxio_v4.3 (EURUSD,M15)	2026.03.23 18:11:38 | HEARTBEAT | SYSTEM | EA alive. Tick=20700 Equity=44972.40 OpenPos=0 PendingOrders=0 UTC=2026.03.23 18:11 DayOfWeek=1 WeekendCloseActive=NO NewTradeBlocked=NO | 20700.000000
CK	0	12:12:26.463	Cazyxio_v4.3 (EURUSD,M15)	2026.03.23 18:12:26 | HEARTBEAT | SYSTEM | EA alive. Tick=20800 Equity=44972.40 OpenPos=0 PendingOrders=0 UTC=2026.03.23 18:12 DayOfWeek=1 WeekendCloseActive=NO NewTradeBlocked=NO | 20800.000000
RE	0	12:13:24.179	Cazyxio_v4.3 (EURUSD,M15)	2026.03.23 18:13:24 | HEARTBEAT | SYSTEM | EA alive. Tick=20900 Equity=44972.40 OpenPos=0 PendingOrders=0 UTC=2026.03.23 18:13 DayOfWeek=1 WeekendCloseActive=NO NewTradeBlocked=NO | 20900.000000
OG	0	12:14:04.821	Cazyxio_v4.3 (EURUSD,M15)	2026.03.23 18:14:04 | HEARTBEAT | SYSTEM | EA alive. Tick=21000 Equity=44972.40 OpenPos=0 PendingOrders=0 UTC=2026.03.23 18:14 DayOfWeek=1 WeekendCloseActive=NO NewTradeBlocked=NO | 21000.000000
GQ	0	12:14:51.210	Cazyxio_v4.3 (EURUSD,M15)	2026.03.23 18:14:51 | HEARTBEAT | SYSTEM | EA alive. Tick=21100 Equity=44972.40 OpenPos=0 PendingOrders=0 UTC=2026.03.23 18:14 DayOfWeek=1 WeekendCloseActive=NO NewTradeBlocked=NO | 21100.000000
CR	0	12:17:20.987	Cazyxio_v4.3 (EURUSD,M15)	2026.03.23 18:17:20 | GATE_FAIL | GBPUSD | CopyBuffer failed for Daily EMA200.
IR	0	12:19:41.359	Cazyxio_v4.3 (EURUSD,M15)	2026.03.23 18:19:41 | GATE_FAIL | EURUSD | CopyBuffer failed for Daily EMA200.
FR	0	12:22:01.737	Cazyxio_v4.3 (EURUSD,M15)	2026.03.23 18:22:01 | GATE_FAIL | USDJPY | CopyBuffer failed for Daily EMA200.
ON	0	12:22:01.737	Cazyxio_v4.3 (EURUSD,M15)	2026.03.23 18:22:01 | BAR | AUDUSD | close=0.70110 h4ema200=0.70264 h4slope=DOWN dailyEMA200=0.67239 adx=35.4 ema50=0.69999 distToEMA50=11.1pips touchSeq=12 atr=0.001456 atrRatio=1.075 dir=NONE spread=21.0 spreadOK=YES atrGate=PASS touch=FAIL momCandle= zeroRangeBar=NO trigger=NO hasPos=NO portRisk=0.00% openPos=0 | 0.701100
IO	0	12:22:01.737	Cazyxio_v4.3 (EURUSD,M15)	2026.03.23 18:22:01 | GATE_FAIL | AUDUSD | No directional bias. h4slope=DOWN closeNow=0.70110 h4ema200=0.70264 dailyEMA200=0.67239
RD	0	12:22:01.737	Cazyxio_v4.3 (EURUSD,M15)	2026.03.23 18:22:01 | BAR | GBPJPY | close=212.596 h4ema200=211.195 h4slope=UP dailyEMA200=205.202 adx=14.5 ema50=212.470 distToEMA50=12.6pips touchSeq=10 atr=0.182929 atrRatio=0.910 dir=LONG spread=45.0 spreadOK=NO atrGate=PASS touch=PASS momCandle=momClosePos=0.282 momOk=N ema50Ok=Y barRange=0.156000 zeroRangeBar=NO trigger=NO hasPos=NO portRisk=0.00% openPos=0 | 212.596000
LD	0	12:22:01.737	Cazyxio_v4.3 (EURUSD,M15)	2026.03.23 18:22:01 | GATE_FAIL | GBPJPY | Spread too wide. Spread=45.0 Max=30 points.
GK	0	12:22:01.737	Cazyxio_v4.3 (EURUSD,M15)	2026.03.23 18:22:01 | BAR | USDCAD | close=1.37285 h4ema200=1.36774 h4slope=UP dailyEMA200=1.38067 adx=15.2 ema50=1.37207 distToEMA50=7.8pips touchSeq=12 atr=0.000989 atrRatio=0.955 dir=NONE spread=25.0 spreadOK=YES atrGate=PASS touch=FAIL momCandle= zeroRangeBar=NO trigger=NO hasPos=NO portRisk=0.00% openPos=0 | 1.372850
HF	0	12:22:01.737	Cazyxio_v4.3 (EURUSD,M15)	2026.03.23 18:22:01 | GATE_FAIL | USDCAD | No directional bias. h4slope=UP closeNow=1.37285 h4ema200=1.36774 dailyEMA200=1.38067
MO	0	12:22:40.006	Cazyxio_v4.3 (EURUSD,M15)	2026.03.23 18:22:40 | HEARTBEAT | SYSTEM | EA alive. Tick=21200 Equity=44972.40 OpenPos=0 PendingOrders=0 UTC=2026.03.23 18:22 DayOfWeek=1 WeekendCloseActive=NO NewTradeBlocked=NO | 21200.000000
QI	0	12:23:29.470	Cazyxio_v4.3 (EURUSD,M15)	2026.03.23 18:23:29 | HEARTBEAT | SYSTEM | EA alive. Tick=21300 Equity=44972.40 OpenPos=0 PendingOrders=0 UTC=2026.03.23 18:23 DayOfWeek=1 WeekendCloseActive=NO NewTradeBlocked=NO | 21300.000000
FK	0	12:24:22.955	Cazyxio_v4.3 (EURUSD,M15)	2026.03.23 18:24:22 | HEARTBEAT | SYSTEM | EA alive. Tick=21400 Equity=44972.40 OpenPos=0 PendingOrders=0 UTC=2026.03.23 18:24 DayOfWeek=1 WeekendCloseActive=NO NewTradeBlocked=NO | 21400.000000
DE	0	12:25:12.648	Cazyxio_v4.3 (EURUSD,M15)	2026.03.23 18:25:12 | HEARTBEAT | SYSTEM | EA alive. Tick=21500 Equity=44972.40 OpenPos=0 PendingOrders=0 UTC=2026.03.23 18:25 DayOfWeek=1 WeekendCloseActive=NO NewTradeBlocked=NO | 21500.000000
IG	0	12:25:54.269	Cazyxio_v4.3 (EURUSD,M15)	2026.03.23 18:25:54 | HEARTBEAT | SYSTEM | EA alive. Tick=21600 Equity=44972.40 OpenPos=0 PendingOrders=0 UTC=2026.03.23 18:25 DayOfWeek=1 WeekendCloseActive=NO NewTradeBlocked=NO | 21600.000000
JQ	0	12:27:04.086	Cazyxio_v4.3 (EURUSD,M15)	2026.03.23 18:27:04 | HEARTBEAT | SYSTEM | EA alive. Tick=21700 Equity=44972.40 OpenPos=0 PendingOrders=0 UTC=2026.03.23 18:27 DayOfWeek=1 WeekendCloseActive=NO NewTradeBlocked=NO | 21700.000000
PS	0	12:27:56.444	Cazyxio_v4.3 (EURUSD,M15)	2026.03.23 18:27:56 | HEARTBEAT | SYSTEM | EA alive. Tick=21800 Equity=44972.40 OpenPos=0 PendingOrders=0 UTC=2026.03.23 18:27 DayOfWeek=1 WeekendCloseActive=NO NewTradeBlocked=NO | 21800.000000
GM	0	12:28:48.020	Cazyxio_v4.3 (EURUSD,M15)	2026.03.23 18:28:48 | HEARTBEAT | SYSTEM | EA alive. Tick=21900 Equity=44972.40 OpenPos=0 PendingOrders=0 UTC=2026.03.23 18:28 DayOfWeek=1 WeekendCloseActive=NO NewTradeBlocked=NO | 21900.000000
CN	0	12:32:20.888	Cazyxio_v4.3 (EURUSD,M15)	2026.03.23 18:32:20 | GATE_FAIL | GBPUSD | CopyBuffer failed for Daily EMA200.
RO	0	12:34:41.282	Cazyxio_v4.3 (EURUSD,M15)	2026.03.23 18:34:41 | GATE_FAIL | EURUSD | CopyBuffer failed for Daily EMA200.
MN	0	12:37:01.703	Cazyxio_v4.3 (EURUSD,M15)	2026.03.23 18:37:01 | GATE_FAIL | USDJPY | CopyBuffer failed for Daily EMA200.
RN	0	12:37:01.703	Cazyxio_v4.3 (EURUSD,M15)	2026.03.23 18:37:01 | BAR | AUDUSD | close=0.70075 h4ema200=0.70266 h4slope=DOWN dailyEMA200=0.67240 adx=35.4 ema50=0.70009 distToEMA50=6.6pips touchSeq=12 atr=0.001462 atrRatio=1.076 dir=NONE spread=19.0 spreadOK=YES atrGate=PASS touch=FAIL momCandle= zeroRangeBar=NO trigger=NO hasPos=NO portRisk=0.00% openPos=0 | 0.700750
FK	0	12:37:01.703	Cazyxio_v4.3 (EURUSD,M15)	2026.03.23 18:37:01 | GATE_FAIL | AUDUSD | No directional bias. h4slope=DOWN closeNow=0.70075 h4ema200=0.70266 dailyEMA200=0.67240
LS	0	12:37:01.703	Cazyxio_v4.3 (EURUSD,M15)	2026.03.23 18:37:01 | BAR | GBPJPY | close=212.503 h4ema200=211.196 h4slope=UP dailyEMA200=205.203 adx=14.5 ema50=212.477 distToEMA50=2.6pips touchSeq=11 atr=0.176714 atrRatio=0.879 dir=LONG spread=47.0 spreadOK=NO atrGate=PASS touch=PASS momCandle=momClosePos=0.198 momOk=N ema50Ok=Y barRange=0.126000 zeroRangeBar=NO trigger=NO hasPos=NO portRisk=0.00% openPos=0 | 212.503000
QH	0	12:37:01.703	Cazyxio_v4.3 (EURUSD,M15)	2026.03.23 18:37:01 | GATE_FAIL | GBPJPY | Spread too wide. Spread=47.0 Max=30 points.
IG	0	12:37:01.703	Cazyxio_v4.3 (EURUSD,M15)	2026.03.23 18:37:01 | BAR | USDCAD | close=1.37258 h4ema200=1.36773 h4slope=UP dailyEMA200=1.38066 adx=15.2 ema50=1.37204 distToEMA50=5.4pips touchSeq=12 atr=0.000987 atrRatio=0.956 dir=NONE spread=24.0 spreadOK=YES atrGate=PASS touch=FAIL momCandle= zeroRangeBar=NO trigger=NO hasPos=NO portRisk=0.00% openPos=0 | 1.372580
ME	0	12:37:01.703	Cazyxio_v4.3 (EURUSD,M15)	2026.03.23 18:37:01 | GATE_FAIL | USDCAD | No directional bias. h4slope=UP closeNow=1.37258 h4ema200=1.36773 dailyEMA200=1.38066
CK	0	12:37:03.259	Cazyxio_v4.3 (EURUSD,M15)	2026.03.23 18:37:03 | HEARTBEAT | SYSTEM | EA alive. Tick=22000 Equity=44972.40 OpenPos=0 PendingOrders=0 UTC=2026.03.23 18:37 DayOfWeek=1 WeekendCloseActive=NO NewTradeBlocked=NO | 22000.000000
RE	0	12:37:47.717	Cazyxio_v4.3 (EURUSD,M15)	2026.03.23 18:37:47 | HEARTBEAT | SYSTEM | EA alive. Tick=22100 Equity=44972.40 OpenPos=0 PendingOrders=0 UTC=2026.03.23 18:37 DayOfWeek=1 WeekendCloseActive=NO NewTradeBlocked=NO | 22100.000000
HG	0	12:38:30.040	Cazyxio_v4.3 (EURUSD,M15)	2026.03.23 18:38:30 | HEARTBEAT | SYSTEM | EA alive. Tick=22200 Equity=44972.40 OpenPos=0 PendingOrders=0 UTC=2026.03.23 18:38 DayOfWeek=1 WeekendCloseActive=NO NewTradeBlocked=NO | 22200.000000
OQ	0	12:39:14.084	Cazyxio_v4.3 (EURUSD,M15)	2026.03.23 18:39:14 | HEARTBEAT | SYSTEM | EA alive. Tick=22300 Equity=44972.40 OpenPos=0 PendingOrders=0 UTC=2026.03.23 18:39 DayOfWeek=1 WeekendCloseActive=NO NewTradeBlocked=NO | 22300.000000
CS	0	12:39:47.220	Cazyxio_v4.3 (EURUSD,M15)	2026.03.23 18:39:47 | HEARTBEAT | SYSTEM | EA alive. Tick=22400 Equity=44972.40 OpenPos=0 PendingOrders=0 UTC=2026.03.23 18:39 DayOfWeek=1 WeekendCloseActive=NO NewTradeBlocked=NO | 22400.000000
OM	0	12:40:22.200	Cazyxio_v4.3 (EURUSD,M15)	2026.03.23 18:40:22 | HEARTBEAT | SYSTEM | EA alive. Tick=22500 Equity=44972.40 OpenPos=0 PendingOrders=0 UTC=2026.03.23 18:40 DayOfWeek=1 WeekendCloseActive=NO NewTradeBlocked=NO | 22500.000000
CO	0	12:41:01.816	Cazyxio_v4.3 (EURUSD,M15)	2026.03.23 18:41:01 | HEARTBEAT | SYSTEM | EA alive. Tick=22600 Equity=44972.40 OpenPos=0 PendingOrders=0 UTC=2026.03.23 18:41 DayOfWeek=1 WeekendCloseActive=NO NewTradeBlocked=NO | 22600.000000
II	0	12:41:44.955	Cazyxio_v4.3 (EURUSD,M15)	2026.03.23 18:41:44 | HEARTBEAT | SYSTEM | EA alive. Tick=22700 Equity=44972.40 OpenPos=0 PendingOrders=0 UTC=2026.03.23 18:41 DayOfWeek=1 WeekendCloseActive=NO NewTradeBlocked=NO | 22700.000000
PK	0	12:42:21.247	Cazyxio_v4.3 (EURUSD,M15)	2026.03.23 18:42:21 | HEARTBEAT | SYSTEM | EA alive. Tick=22800 Equity=44972.40 OpenPos=0 PendingOrders=0 UTC=2026.03.23 18:42 DayOfWeek=1 WeekendCloseActive=NO NewTradeBlocked=NO | 22800.000000
RE	0	12:42:53.322	Cazyxio_v4.3 (EURUSD,M15)	2026.03.23 18:42:53 | HEARTBEAT | SYSTEM | EA alive. Tick=22900 Equity=44972.40 OpenPos=0 PendingOrders=0 UTC=2026.03.23 18:42 DayOfWeek=1 WeekendCloseActive=NO NewTradeBlocked=NO | 22900.000000
KG	0	12:43:37.353	Cazyxio_v4.3 (EURUSD,M15)	2026.03.23 18:43:37 | HEARTBEAT | SYSTEM | EA alive. Tick=23000 Equity=44972.40 OpenPos=0 PendingOrders=0 UTC=2026.03.23 18:43 DayOfWeek=1 WeekendCloseActive=NO NewTradeBlocked=NO | 23000.000000
OQ	0	12:44:20.776	Cazyxio_v4.3 (EURUSD,M15)	2026.03.23 18:44:20 | HEARTBEAT | SYSTEM | EA alive. Tick=23100 Equity=44972.40 OpenPos=0 PendingOrders=0 UTC=2026.03.23 18:44 DayOfWeek=1 WeekendCloseActive=NO NewTradeBlocked=NO | 23100.000000
PR	0	12:47:21.012	Cazyxio_v4.3 (EURUSD,M15)	2026.03.23 18:47:21 | GATE_FAIL | GBPUSD | CopyBuffer failed for Daily EMA200.
DS	0	12:49:41.330	Cazyxio_v4.3 (EURUSD,M15)	2026.03.23 18:49:41 | GATE_FAIL | EURUSD | CopyBuffer failed for Daily EMA200.
JR	0	12:52:01.708	Cazyxio_v4.3 (EURUSD,M15)	2026.03.23 18:52:01 | GATE_FAIL | USDJPY | CopyBuffer failed for Daily EMA200.
LR	0	12:52:01.708	Cazyxio_v4.3 (EURUSD,M15)	2026.03.23 18:52:01 | BAR | AUDUSD | close=0.70231 h4ema200=0.70266 h4slope=DOWN dailyEMA200=0.67240 adx=35.4 ema50=0.70018 distToEMA50=21.3pips touchSeq=0 atr=0.001340 atrRatio=0.984 dir=NONE spread=20.0 spreadOK=YES atrGate=PASS touch=FAIL momCandle= zeroRangeBar=NO trigger=NO hasPos=NO portRisk=0.00% openPos=0 | 0.702310
KO	0	12:52:01.708	Cazyxio_v4.3 (EURUSD,M15)	2026.03.23 18:52:01 | GATE_FAIL | AUDUSD | No directional bias. h4slope=DOWN closeNow=0.70231 h4ema200=0.70266 dailyEMA200=0.67240
GG	0	12:52:01.708	Cazyxio_v4.3 (EURUSD,M15)	2026.03.23 18:52:01 | BAR | GBPJPY | close=212.563 h4ema200=211.196 h4slope=UP dailyEMA200=205.204 adx=14.5 ema50=212.482 distToEMA50=8.1pips touchSeq=12 atr=0.175286 atrRatio=0.872 dir=LONG spread=40.0 spreadOK=NO atrGate=PASS touch=PASS momCandle=momClosePos=0.360 momOk=N ema50Ok=Y barRange=0.161000 zeroRangeBar=NO trigger=NO hasPos=NO portRisk=0.00% openPos=0 | 212.563000
OD	0	12:52:01.708	Cazyxio_v4.3 (EURUSD,M15)	2026.03.23 18:52:01 | GATE_FAIL | GBPJPY | Spread too wide. Spread=40.0 Max=30 points.
OH	0	12:52:01.708	Cazyxio_v4.3 (EURUSD,M15)	2026.03.23 18:52:01 | BAR | USDCAD | close=1.37147 h4ema200=1.36773 h4slope=UP dailyEMA200=1.38066 adx=15.1 ema50=1.37202 distToEMA50=5.5pips touchSeq=12 atr=0.000926 atrRatio=0.899 dir=NONE spread=26.0 spreadOK=YES atrGate=PASS touch=FAIL momCandle= zeroRangeBar=NO trigger=NO hasPos=NO portRisk=0.00% openPos=0 | 1.371470
QI	0	12:52:01.708	Cazyxio_v4.3 (EURUSD,M15)	2026.03.23 18:52:01 | GATE_FAIL | USDCAD | No directional bias. h4slope=UP closeNow=1.37147 h4ema200=1.36773 dailyEMA200=1.38066
QO	0	12:52:10.320	Cazyxio_v4.3 (EURUSD,M15)	2026.03.23 18:52:10 | HEARTBEAT | SYSTEM | EA alive. Tick=23200 Equity=44972.40 OpenPos=0 PendingOrders=0 UTC=2026.03.23 18:52 DayOfWeek=1 WeekendCloseActive=NO NewTradeBlocked=NO | 23200.000000
PI	0	12:53:01.740	Cazyxio_v4.3 (EURUSD,M15)	2026.03.23 18:53:01 | HEARTBEAT | SYSTEM | EA alive. Tick=23300 Equity=44972.40 OpenPos=0 PendingOrders=0 UTC=2026.03.23 18:53 DayOfWeek=1 WeekendCloseActive=NO NewTradeBlocked=NO | 23300.000000
QK	0	12:53:41.761	Cazyxio_v4.3 (EURUSD,M15)	2026.03.23 18:53:41 | HEARTBEAT | SYSTEM | EA alive. Tick=23400 Equity=44972.40 OpenPos=0 PendingOrders=0 UTC=2026.03.23 18:53 DayOfWeek=1 WeekendCloseActive=NO NewTradeBlocked=NO | 23400.000000
LE	0	12:54:25.404	Cazyxio_v4.3 (EURUSD,M15)	2026.03.23 18:54:25 | HEARTBEAT | SYSTEM | EA alive. Tick=23500 Equity=44972.40 OpenPos=0 PendingOrders=0 UTC=2026.03.23 18:54 DayOfWeek=1 WeekendCloseActive=NO NewTradeBlocked=NO | 23500.000000
CG	0	12:55:27.796	Cazyxio_v4.3 (EURUSD,M15)	2026.03.23 18:55:27 | HEARTBEAT | SYSTEM | EA alive. Tick=23600 Equity=44972.40 OpenPos=0 PendingOrders=0 UTC=2026.03.23 18:55 DayOfWeek=1 WeekendCloseActive=NO NewTradeBlocked=NO | 23600.000000
IQ	0	12:56:37.159	Cazyxio_v4.3 (EURUSD,M15)	2026.03.23 18:56:37 | HEARTBEAT | SYSTEM | EA alive. Tick=23700 Equity=44972.40 OpenPos=0 PendingOrders=0 UTC=2026.03.23 18:56 DayOfWeek=1 WeekendCloseActive=NO NewTradeBlocked=NO | 23700.000000
QS	0	12:57:13.206	Cazyxio_v4.3 (EURUSD,M15)	2026.03.23 18:57:13 | HEARTBEAT | SYSTEM | EA alive. Tick=23800 Equity=44972.40 OpenPos=0 PendingOrders=0 UTC=2026.03.23 18:57 DayOfWeek=1 WeekendCloseActive=NO NewTradeBlocked=NO | 23800.000000
GM	0	12:58:03.144	Cazyxio_v4.3 (EURUSD,M15)	2026.03.23 18:58:03 | HEARTBEAT | SYSTEM | EA alive. Tick=23900 Equity=44972.40 OpenPos=0 PendingOrders=0 UTC=2026.03.23 18:58 DayOfWeek=1 WeekendCloseActive=NO NewTradeBlocked=NO | 23900.000000
MO	0	12:58:53.816	Cazyxio_v4.3 (EURUSD,M15)	2026.03.23 18:58:53 | HEARTBEAT | SYSTEM | EA alive. Tick=24000 Equity=44972.40 OpenPos=0 PendingOrders=0 UTC=2026.03.23 18:58 DayOfWeek=1 WeekendCloseActive=NO NewTradeBlocked=NO | 24000.000000
MI	0	12:59:36.853	Cazyxio_v4.3 (EURUSD,M15)	2026.03.23 18:59:36 | HEARTBEAT | SYSTEM | EA alive. Tick=24100 Equity=44972.40 OpenPos=0 PendingOrders=0 UTC=2026.03.23 18:59 DayOfWeek=1 WeekendCloseActive=NO NewTradeBlocked=NO | 24100.000000
RK	0	13:02:21.026	Cazyxio_v4.3 (EURUSD,M15)	2026.03.23 19:02:21 | GATE_FAIL | EURUSD | CopyBuffer failed for Daily EMA200.
GK	0	13:04:41.457	Cazyxio_v4.3 (EURUSD,M15)	2026.03.23 19:04:41 | GATE_FAIL | USDJPY | CopyBuffer failed for Daily EMA200.
EJ	0	13:04:41.457	Cazyxio_v4.3 (EURUSD,M15)	2026.03.23 19:04:41 | BAR | AUDUSD | close=0.70258 h4ema200=0.70266 h4slope=DOWN dailyEMA200=0.67240 adx=35.4 ema50=0.70027 distToEMA50=23.1pips touchSeq=0 atr=0.001240 atrRatio=0.909 dir=NONE spread=20.0 spreadOK=YES atrGate=PASS touch=FAIL momCandle= zeroRangeBar=NO trigger=NO hasPos=NO portRisk=0.00% openPos=0 | 0.702580
CF	0	13:04:41.457	Cazyxio_v4.3 (EURUSD,M15)	2026.03.23 19:04:41 | GATE_FAIL | AUDUSD | No directional bias. h4slope=DOWN closeNow=0.70258 h4ema200=0.70266 dailyEMA200=0.67240
QM	0	13:04:41.457	Cazyxio_v4.3 (EURUSD,M15)	2026.03.23 19:04:41 | BAR | GBPJPY | close=212.658 h4ema200=211.197 h4slope=UP dailyEMA200=205.204 adx=14.5 ema50=212.490 distToEMA50=16.8pips touchSeq=12 atr=0.172000 atrRatio=0.855 dir=LONG spread=44.0 spreadOK=NO atrGate=PASS touch=PASS momCandle=momClosePos=0.616 momOk=N ema50Ok=Y barRange=0.177000 zeroRangeBar=NO trigger=NO hasPos=NO portRisk=0.00% openPos=0 | 212.658000
PO	0	13:04:41.457	Cazyxio_v4.3 (EURUSD,M15)	2026.03.23 19:04:41 | GATE_FAIL | GBPJPY | Spread too wide. Spread=44.0 Max=30 points.
IP	0	13:04:41.457	Cazyxio_v4.3 (EURUSD,M15)	2026.03.23 19:04:41 | BAR | USDCAD | close=1.37158 h4ema200=1.36773 h4slope=UP dailyEMA200=1.38066 adx=15.1 ema50=1.37200 distToEMA50=4.2pips touchSeq=12 atr=0.000894 atrRatio=0.871 dir=NONE spread=23.0 spreadOK=YES atrGate=PASS touch=FAIL momCandle= zeroRangeBar=NO trigger=NO hasPos=NO portRisk=0.00% openPos=0 | 1.371580
HQ	0	13:04:41.457	Cazyxio_v4.3 (EURUSD,M15)	2026.03.23 19:04:41 | GATE_FAIL | USDCAD | No directional bias. h4slope=UP closeNow=1.37158 h4ema200=1.36773 dailyEMA200=1.38066
OE	0	13:07:02.026	Cazyxio_v4.3 (EURUSD,M15)	2026.03.23 19:07:02 | GATE_FAIL | GBPUSD | CopyBuffer failed for Daily EMA200.
ID	0	13:07:13.721	Cazyxio_v4.3 (EURUSD,M15)	2026.03.23 19:07:13 | HEARTBEAT | SYSTEM | EA alive. Tick=24200 Equity=44972.40 OpenPos=0 PendingOrders=0 UTC=2026.03.23 19:07 DayOfWeek=1 WeekendCloseActive=NO NewTradeBlocked=NO | 24200.000000
KF	0	13:08:22.423	Cazyxio_v4.3 (EURUSD,M15)	2026.03.23 19:08:22 | HEARTBEAT | SYSTEM | EA alive. Tick=24300 Equity=44972.40 OpenPos=0 PendingOrders=0 UTC=2026.03.23 19:08 DayOfWeek=1 WeekendCloseActive=NO NewTradeBlocked=NO | 24300.000000
KP	0	13:09:13.026	Cazyxio_v4.3 (EURUSD,M15)	2026.03.23 19:09:13 | HEARTBEAT | SYSTEM | EA alive. Tick=24400 Equity=44972.40 OpenPos=0 PendingOrders=0 UTC=2026.03.23 19:09 DayOfWeek=1 WeekendCloseActive=NO NewTradeBlocked=NO | 24400.000000
HR	0	13:10:18.375	Cazyxio_v4.3 (EURUSD,M15)	2026.03.23 19:10:18 | HEARTBEAT | SYSTEM | EA alive. Tick=24500 Equity=44972.40 OpenPos=0 PendingOrders=0 UTC=2026.03.23 19:10 DayOfWeek=1 WeekendCloseActive=NO NewTradeBlocked=NO | 24500.000000
IL	0	13:11:09.322	Cazyxio_v4.3 (EURUSD,M15)	2026.03.23 19:11:09 | HEARTBEAT | SYSTEM | EA alive. Tick=24600 Equity=44972.40 OpenPos=0 PendingOrders=0 UTC=2026.03.23 19:11 DayOfWeek=1 WeekendCloseActive=NO NewTradeBlocked=NO | 24600.000000
DN	0	13:12:00.520	Cazyxio_v4.3 (EURUSD,M15)	2026.03.23 19:12:00 | HEARTBEAT | SYSTEM | EA alive. Tick=24700 Equity=44972.40 OpenPos=0 PendingOrders=0 UTC=2026.03.23 19:12 DayOfWeek=1 WeekendCloseActive=NO NewTradeBlocked=NO | 24700.000000
DH	0	13:13:09.134	Cazyxio_v4.3 (EURUSD,M15)	2026.03.23 19:13:09 | HEARTBEAT | SYSTEM | EA alive. Tick=24800 Equity=44972.40 OpenPos=0 PendingOrders=0 UTC=2026.03.23 19:13 DayOfWeek=1 WeekendCloseActive=NO NewTradeBlocked=NO | 24800.000000
EJ	0	13:14:05.244	Cazyxio_v4.3 (EURUSD,M15)	2026.03.23 19:14:05 | HEARTBEAT | SYSTEM | EA alive. Tick=24900 Equity=44972.40 OpenPos=0 PendingOrders=0 UTC=2026.03.23 19:14 DayOfWeek=1 WeekendCloseActive=NO NewTradeBlocked=NO | 24900.000000
GD	0	13:14:59.712	Cazyxio_v4.3 (EURUSD,M15)	2026.03.23 19:14:59 | HEARTBEAT | SYSTEM | EA alive. Tick=25000 Equity=44972.40 OpenPos=0 PendingOrders=0 UTC=2026.03.23 19:14 DayOfWeek=1 WeekendCloseActive=NO NewTradeBlocked=NO | 25000.000000
OF	0	13:17:20.913	Cazyxio_v4.3 (EURUSD,M15)	2026.03.23 19:17:20 | GATE_FAIL | EURUSD | CopyBuffer failed for Daily EMA200.
OQ	0	13:19:41.266	Cazyxio_v4.3 (EURUSD,M15)	2026.03.23 19:19:41 | GATE_FAIL | USDJPY | CopyBuffer failed for Daily EMA200.
LQ	0	13:19:41.266	Cazyxio_v4.3 (EURUSD,M15)	2026.03.23 19:19:41 | BAR | AUDUSD | close=0.70177 h4ema200=0.70265 h4slope=DOWN dailyEMA200=0.67240 adx=35.4 ema50=0.70030 distToEMA50=14.7pips touchSeq=0 atr=0.001171 atrRatio=0.858 dir=NONE spread=20.0 spreadOK=YES atrGate=PASS touch=FAIL momCandle= zeroRangeBar=NO trigger=NO hasPos=NO portRisk=0.00% openPos=0 | 0.701770
HP	0	13:19:41.266	Cazyxio_v4.3 (EURUSD,M15)	2026.03.23 19:19:41 | GATE_FAIL | AUDUSD | No directional bias. h4slope=DOWN closeNow=0.70177 h4ema200=0.70265 dailyEMA200=0.67240
OF	0	13:19:41.266	Cazyxio_v4.3 (EURUSD,M15)	2026.03.23 19:19:41 | BAR | GBPJPY | close=212.676 h4ema200=211.196 h4slope=UP dailyEMA200=205.204 adx=14.5 ema50=212.496 distToEMA50=18.0pips touchSeq=12 atr=0.149143 atrRatio=0.742 dir=LONG spread=42.0 spreadOK=NO atrGate=FAIL touch=PASS momCandle=momClosePos=0.435 momOk=N ema50Ok=Y barRange=0.092000 zeroRangeBar=NO trigger=NO hasPos=NO portRisk=0.00% openPos=0 | 212.676000
FQ	0	13:19:41.266	Cazyxio_v4.3 (EURUSD,M15)	2026.03.23 19:19:41 | GATE_FAIL | GBPJPY | Spread too wide. Spread=42.0 Max=30 points.
EO	0	13:19:41.266	Cazyxio_v4.3 (EURUSD,M15)	2026.03.23 19:19:41 | BAR | USDCAD | close=1.37205 h4ema200=1.36774 h4slope=UP dailyEMA200=1.38067 adx=15.1 ema50=1.37202 distToEMA50=0.3pips touchSeq=12 atr=0.000853 atrRatio=0.833 dir=NONE spread=23.0 spreadOK=YES atrGate=PASS touch=FAIL momCandle= zeroRangeBar=NO trigger=NO hasPos=NO portRisk=0.00% openPos=0 | 1.372050
CJ	0	13:19:41.266	Cazyxio_v4.3 (EURUSD,M15)	2026.03.23 19:19:41 | GATE_FAIL | USDCAD | No directional bias. h4slope=UP closeNow=1.37205 h4ema200=1.36774 dailyEMA200=1.38067
PS	0	13:22:01.706	Cazyxio_v4.3 (EURUSD,M15)	2026.03.23 19:22:01 | GATE_FAIL | GBPUSD | CopyBuffer failed for Daily EMA200.
OR	0	13:23:09.268	Cazyxio_v4.3 (EURUSD,M15)	2026.03.23 19:23:09 | HEARTBEAT | SYSTEM | EA alive. Tick=25100 Equity=44972.40 OpenPos=0 PendingOrders=0 UTC=2026.03.23 19:23 DayOfWeek=1 WeekendCloseActive=NO NewTradeBlocked=NO | 25100.000000
GL	0	13:24:19.542	Cazyxio_v4.3 (EURUSD,M15)	2026.03.23 19:24:19 | HEARTBEAT | SYSTEM | EA alive. Tick=25200 Equity=44972.40 OpenPos=0 PendingOrders=0 UTC=2026.03.23 19:24 DayOfWeek=1 WeekendCloseActive=NO NewTradeBlocked=NO | 25200.000000
NN	0	13:25:12.850	Cazyxio_v4.3 (EURUSD,M15)	2026.03.23 19:25:12 | HEARTBEAT | SYSTEM | EA alive. Tick=25300 Equity=44972.40 OpenPos=0 PendingOrders=0 UTC=2026.03.23 19:25 DayOfWeek=1 WeekendCloseActive=NO NewTradeBlocked=NO | 25300.000000
IH	0	13:25:53.356	Cazyxio_v4.3 (EURUSD,M15)	2026.03.23 19:25:53 | HEARTBEAT | SYSTEM | EA alive. Tick=25400 Equity=44972.40 OpenPos=0 PendingOrders=0 UTC=2026.03.23 19:25 DayOfWeek=1 WeekendCloseActive=NO NewTradeBlocked=NO | 25400.000000
GJ	0	13:26:39.562	Cazyxio_v4.3 (EURUSD,M15)	2026.03.23 19:26:39 | HEARTBEAT | SYSTEM | EA alive. Tick=25500 Equity=44972.40 OpenPos=0 PendingOrders=0 UTC=2026.03.23 19:26 DayOfWeek=1 WeekendCloseActive=NO NewTradeBlocked=NO | 25500.000000
FD	0	13:27:40.575	Cazyxio_v4.3 (EURUSD,M15)	2026.03.23 19:27:40 | HEARTBEAT | SYSTEM | EA alive. Tick=25600 Equity=44972.40 OpenPos=0 PendingOrders=0 UTC=2026.03.23 19:27 DayOfWeek=1 WeekendCloseActive=NO NewTradeBlocked=NO | 25600.000000
PF	0	13:28:39.547	Cazyxio_v4.3 (EURUSD,M15)	2026.03.23 19:28:39 | HEARTBEAT | SYSTEM | EA alive. Tick=25700 Equity=44972.40 OpenPos=0 PendingOrders=0 UTC=2026.03.23 19:28 DayOfWeek=1 WeekendCloseActive=NO NewTradeBlocked=NO | 25700.000000
KP	0	13:29:36.064	Cazyxio_v4.3 (EURUSD,M15)	2026.03.23 19:29:36 | HEARTBEAT | SYSTEM | EA alive. Tick=25800 Equity=44972.40 OpenPos=0 PendingOrders=0 UTC=2026.03.23 19:29 DayOfWeek=1 WeekendCloseActive=NO NewTradeBlocked=NO | 25800.000000
JS	0	13:32:21.056	Cazyxio_v4.3 (EURUSD,M15)	2026.03.23 19:32:21 | GATE_FAIL | GBPUSD | CopyBuffer failed for Daily EMA200.
MM	0	13:34:41.405	Cazyxio_v4.3 (EURUSD,M15)	2026.03.23 19:34:41 | GATE_FAIL | EURUSD | CopyBuffer failed for Daily EMA200.
PM	0	13:37:01.780	Cazyxio_v4.3 (EURUSD,M15)	2026.03.23 19:37:01 | GATE_FAIL | USDJPY | CopyBuffer failed for Daily EMA200.
FL	0	13:37:01.780	Cazyxio_v4.3 (EURUSD,M15)	2026.03.23 19:37:01 | BAR | AUDUSD | close=0.70144 h4ema200=0.70265 h4slope=DOWN dailyEMA200=0.67239 adx=35.4 ema50=0.70034 distToEMA50=11.0pips touchSeq=1 atr=0.001110 atrRatio=0.813 dir=NONE spread=19.0 spreadOK=YES atrGate=PASS touch=FAIL momCandle= zeroRangeBar=NO trigger=NO hasPos=NO portRisk=0.00% openPos=0 | 0.701440
ML	0	13:37:01.780	Cazyxio_v4.3 (EURUSD,M15)	2026.03.23 19:37:01 | GATE_FAIL | AUDUSD | No directional bias. h4slope=DOWN closeNow=0.70144 h4ema200=0.70265 dailyEMA200=0.67239
NQ	0	13:37:01.780	Cazyxio_v4.3 (EURUSD,M15)	2026.03.23 19:37:01 | BAR | GBPJPY | close=212.681 h4ema200=211.197 h4slope=UP dailyEMA200=205.204 adx=14.5 ema50=212.506 distToEMA50=17.5pips touchSeq=0 atr=0.147357 atrRatio=0.734 dir=LONG spread=42.0 spreadOK=NO atrGate=FAIL touch=PASS momCandle=momClosePos=0.614 momOk=N ema50Ok=Y barRange=0.114000 zeroRangeBar=NO trigger=NO hasPos=NO portRisk=0.00% openPos=0 | 212.681000
GE	0	13:37:01.780	Cazyxio_v4.3 (EURUSD,M15)	2026.03.23 19:37:01 | GATE_FAIL | GBPJPY | Spread too wide. Spread=42.0 Max=30 points.
IJ	0	13:37:01.780	Cazyxio_v4.3 (EURUSD,M15)	2026.03.23 19:37:01 | BAR | USDCAD | close=1.37254 h4ema200=1.36774 h4slope=UP dailyEMA200=1.38067 adx=15.1 ema50=1.37205 distToEMA50=4.9pips touchSeq=12 atr=0.000818 atrRatio=0.802 dir=NONE spread=24.0 spreadOK=YES atrGate=PASS touch=FAIL momCandle= zeroRangeBar=NO trigger=NO hasPos=NO portRisk=0.00% openPos=0 | 1.372540
JG	0	13:37:01.780	Cazyxio_v4.3 (EURUSD,M15)	2026.03.23 19:37:01 | GATE_FAIL | USDCAD | No directional bias. h4slope=UP closeNow=1.37254 h4ema200=1.36774 dailyEMA200=1.38067
HN	0	13:38:01.427	Cazyxio_v4.3 (EURUSD,M15)	2026.03.23 19:38:01 | HEARTBEAT | SYSTEM | EA alive. Tick=25900 Equity=44972.40 OpenPos=0 PendingOrders=0 UTC=2026.03.23 19:38 DayOfWeek=1 WeekendCloseActive=NO NewTradeBlocked=NO | 25900.000000
PH	0	13:39:31.668	Cazyxio_v4.3 (EURUSD,M15)	2026.03.23 19:39:31 | HEARTBEAT | SYSTEM | EA alive. Tick=26000 Equity=44972.40 OpenPos=0 PendingOrders=0 UTC=2026.03.23 19:39 DayOfWeek=1 WeekendCloseActive=NO NewTradeBlocked=NO | 26000.000000
PJ	0	13:41:54.272	Cazyxio_v4.3 (EURUSD,M15)	2026.03.23 19:41:54 | HEARTBEAT | SYSTEM | EA alive. Tick=26100 Equity=44972.40 OpenPos=0 PendingOrders=0 UTC=2026.03.23 19:41 DayOfWeek=1 WeekendCloseActive=NO NewTradeBlocked=NO | 26100.000000
ED	0	13:43:10.569	Cazyxio_v4.3 (EURUSD,M15)	2026.03.23 19:43:10 | HEARTBEAT | SYSTEM | EA alive. Tick=26200 Equity=44972.40 OpenPos=0 PendingOrders=0 UTC=2026.03.23 19:43 DayOfWeek=1 WeekendCloseActive=NO NewTradeBlocked=NO | 26200.000000
QF	0	13:44:43.364	Cazyxio_v4.3 (EURUSD,M15)	2026.03.23 19:44:43 | HEARTBEAT | SYSTEM | EA alive. Tick=26300 Equity=44972.40 OpenPos=0 PendingOrders=0 UTC=2026.03.23 19:44 DayOfWeek=1 WeekendCloseActive=NO NewTradeBlocked=NO | 26300.000000
LP	0	13:47:20.895	Cazyxio_v4.3 (EURUSD,M15)	2026.03.23 19:47:20 | GATE_FAIL | EURUSD | CopyBuffer failed for Daily EMA200.
MP	0	13:49:41.187	Cazyxio_v4.3 (EURUSD,M15)	2026.03.23 19:49:41 | GATE_FAIL | USDJPY | CopyBuffer failed for Daily EMA200.
FR	0	13:49:41.187	Cazyxio_v4.3 (EURUSD,M15)	2026.03.23 19:49:41 | BAR | AUDUSD | close=0.70141 h4ema200=0.70265 h4slope=DOWN dailyEMA200=0.67239 adx=35.4 ema50=0.70038 distToEMA50=10.3pips touchSeq=2 atr=0.001071 atrRatio=0.784 dir=NONE spread=17.0 spreadOK=YES atrGate=FAIL touch=FAIL momCandle= zeroRangeBar=NO trigger=NO hasPos=NO portRisk=0.00% openPos=0 | 0.701410
GN	0	13:49:41.187	Cazyxio_v4.3 (EURUSD,M15)	2026.03.23 19:49:41 | GATE_FAIL | AUDUSD | No directional bias. h4slope=DOWN closeNow=0.70141 h4ema200=0.70265 dailyEMA200=0.67239
QJ	0	13:49:41.187	Cazyxio_v4.3 (EURUSD,M15)	2026.03.23 19:49:41 | BAR | GBPJPY | close=212.756 h4ema200=211.198 h4slope=UP dailyEMA200=205.205 adx=14.5 ema50=212.517 distToEMA50=23.9pips touchSeq=0 atr=0.135071 atrRatio=0.673 dir=LONG spread=37.0 spreadOK=NO atrGate=FAIL touch=PASS momCandle=momClosePos=0.876 momOk=Y ema50Ok=Y barRange=0.097000 zeroRangeBar=NO trigger=YES hasPos=NO portRisk=0.00% openPos=0 | 212.756000
NG	0	13:49:41.187	Cazyxio_v4.3 (EURUSD,M15)	2026.03.23 19:49:41 | GATE_FAIL | GBPJPY | Spread too wide. Spread=37.0 Max=30 points.
QH	0	13:49:41.187	Cazyxio_v4.3 (EURUSD,M15)	2026.03.23 19:49:41 | BAR | USDCAD | close=1.37229 h4ema200=1.36774 h4slope=UP dailyEMA200=1.38067 adx=15.1 ema50=1.37206 distToEMA50=2.3pips touchSeq=12 atr=0.000806 atrRatio=0.793 dir=NONE spread=25.0 spreadOK=YES atrGate=FAIL touch=FAIL momCandle= zeroRangeBar=NO trigger=NO hasPos=NO portRisk=0.00% openPos=0 | 1.372290
KH	0	13:49:41.187	Cazyxio_v4.3 (EURUSD,M15)	2026.03.23 19:49:41 | GATE_FAIL | USDCAD | No directional bias. h4slope=UP closeNow=1.37229 h4ema200=1.36774 dailyEMA200=1.38067
CL	0	13:52:01.701	Cazyxio_v4.3 (EURUSD,M15)	2026.03.23 19:52:01 | GATE_FAIL | GBPUSD | CopyBuffer failed for Daily EMA200.
OL	0	13:53:00.809	Cazyxio_v4.3 (EURUSD,M15)	2026.03.23 19:53:00 | HEARTBEAT | SYSTEM | EA alive. Tick=26400 Equity=44972.40 OpenPos=0 PendingOrders=0 UTC=2026.03.23 19:53 DayOfWeek=1 WeekendCloseActive=NO NewTradeBlocked=NO | 26400.000000
PN	0	13:53:57.514	Cazyxio_v4.3 (EURUSD,M15)	2026.03.23 19:53:57 | HEARTBEAT | SYSTEM | EA alive. Tick=26500 Equity=44972.40 OpenPos=0 PendingOrders=0 UTC=2026.03.23 19:53 DayOfWeek=1 WeekendCloseActive=NO NewTradeBlocked=NO | 26500.000000
GH	0	13:55:18.492	Cazyxio_v4.3 (EURUSD,M15)	2026.03.23 19:55:18 | HEARTBEAT | SYSTEM | EA alive. Tick=26600 Equity=44972.40 OpenPos=0 PendingOrders=0 UTC=2026.03.23 19:55 DayOfWeek=1 WeekendCloseActive=NO NewTradeBlocked=NO | 26600.000000
PJ	0	13:56:25.894	Cazyxio_v4.3 (EURUSD,M15)	2026.03.23 19:56:25 | HEARTBEAT | SYSTEM | EA alive. Tick=26700 Equity=44972.40 OpenPos=0 PendingOrders=0 UTC=2026.03.23 19:56 DayOfWeek=1 WeekendCloseActive=NO NewTradeBlocked=NO | 26700.000000
ND	0	13:57:34.121	Cazyxio_v4.3 (EURUSD,M15)	2026.03.23 19:57:34 | HEARTBEAT | SYSTEM | EA alive. Tick=26800 Equity=44972.40 OpenPos=0 PendingOrders=0 UTC=2026.03.23 19:57 DayOfWeek=1 WeekendCloseActive=NO NewTradeBlocked=NO | 26800.000000
OF	0	13:58:25.578	Cazyxio_v4.3 (EURUSD,M15)	2026.03.23 19:58:25 | HEARTBEAT | SYSTEM | EA alive. Tick=26900 Equity=44972.40 OpenPos=0 PendingOrders=0 UTC=2026.03.23 19:58 DayOfWeek=1 WeekendCloseActive=NO NewTradeBlocked=NO | 26900.000000
DP	0	13:59:19.754	Cazyxio_v4.3 (EURUSD,M15)	2026.03.23 19:59:19 | HEARTBEAT | SYSTEM | EA alive. Tick=27000 Equity=44972.40 OpenPos=0 PendingOrders=0 UTC=2026.03.23 19:59 DayOfWeek=1 WeekendCloseActive=NO NewTradeBlocked=NO | 27000.000000
HR	0	14:02:20.980	Cazyxio_v4.3 (EURUSD,M15)	2026.03.23 20:02:20 | GATE_FAIL | EURUSD | CopyBuffer failed for Daily EMA200.
KR	0	14:04:41.401	Cazyxio_v4.3 (EURUSD,M15)	2026.03.23 20:04:41 | GATE_FAIL | USDJPY | CopyBuffer failed for Daily EMA200.
KO	0	14:04:41.401	Cazyxio_v4.3 (EURUSD,M15)	2026.03.23 20:04:41 | BAR | AUDUSD | close=0.70104 h4ema200=0.70264 h4slope=DOWN dailyEMA200=0.67239 adx=35.4 ema50=0.70037 distToEMA50=6.7pips touchSeq=3 atr=0.000994 atrRatio=0.728 dir=NONE spread=17.0 spreadOK=YES atrGate=FAIL touch=FAIL momCandle= zeroRangeBar=NO trigger=NO hasPos=NO portRisk=0.00% openPos=0 | 0.701040
OO	0	14:04:41.401	Cazyxio_v4.3 (EURUSD,M15)	2026.03.23 20:04:41 | GATE_FAIL | AUDUSD | No directional bias. h4slope=DOWN closeNow=0.70104 h4ema200=0.70264 dailyEMA200=0.67239
HK	0	14:04:41.401	Cazyxio_v4.3 (EURUSD,M15)	2026.03.23 20:04:41 | BAR | GBPJPY | close=212.756 h4ema200=211.197 h4slope=UP dailyEMA200=205.204 adx=14.5 ema50=212.525 distToEMA50=23.1pips touchSeq=0 atr=0.132286 atrRatio=0.659 dir=LONG spread=50.0 spreadOK=NO atrGate=FAIL touch=PASS momCandle=momClosePos=0.710 momOk=Y ema50Ok=Y barRange=0.100000 zeroRangeBar=NO trigger=YES hasPos=NO portRisk=0.00% openPos=0 | 212.756000
ED	0	14:04:41.401	Cazyxio_v4.3 (EURUSD,M15)	2026.03.23 20:04:41 | GATE_FAIL | GBPJPY | Spread too wide. Spread=50.0 Max=30 points.
DJ	0	14:04:41.401	Cazyxio_v4.3 (EURUSD,M15)	2026.03.23 20:04:41 | BAR | USDCAD | close=1.37211 h4ema200=1.36774 h4slope=UP dailyEMA200=1.38067 adx=15.1 ema50=1.37207 distToEMA50=0.4pips touchSeq=12 atr=0.000801 atrRatio=0.791 dir=NONE spread=23.0 spreadOK=YES atrGate=FAIL touch=FAIL momCandle= zeroRangeBar=NO trigger=NO hasPos=NO portRisk=0.00% openPos=0 | 1.372110
JF	0	14:04:41.401	Cazyxio_v4.3 (EURUSD,M15)	2026.03.23 20:04:41 | GATE_FAIL | USDCAD | No directional bias. h4slope=UP closeNow=1.37211 h4ema200=1.36774 dailyEMA200=1.38067
IN	0	14:07:01.816	Cazyxio_v4.3 (EURUSD,M15)	2026.03.23 20:07:01 | GATE_FAIL | GBPUSD | CopyBuffer failed for Daily EMA200.
IN	0	14:09:04.504	Cazyxio_v4.3 (EURUSD,M15)	2026.03.23 20:09:04 | HEARTBEAT | SYSTEM | EA alive. Tick=27100 Equity=44972.40 OpenPos=0 PendingOrders=0 UTC=2026.03.23 20:09 DayOfWeek=1 WeekendCloseActive=NO NewTradeBlocked=NO | 27100.000000
MH	0	14:12:05.227	Cazyxio_v4.3 (EURUSD,M15)	2026.03.23 20:12:05 | HEARTBEAT | SYSTEM | EA alive. Tick=27200 Equity=44972.40 OpenPos=0 PendingOrders=0 UTC=2026.03.23 20:12 DayOfWeek=1 WeekendCloseActive=NO NewTradeBlocked=NO | 27200.000000
DK	0	14:17:22.167	Cazyxio_v4.3 (EURUSD,M15)	2026.03.23 20:17:22 | GATE_FAIL | GBPUSD | CopyBuffer failed for Daily EMA200.
CJ	0	14:19:42.583	Cazyxio_v4.3 (EURUSD,M15)	2026.03.23 20:19:42 | GATE_FAIL | EURUSD | CopyBuffer failed for Daily EMA200.
RE	0	14:22:02.945	Cazyxio_v4.3 (EURUSD,M15)	2026.03.23 20:22:02 | GATE_FAIL | USDJPY | CopyBuffer failed for Daily EMA200.
CG	0	14:22:02.945	Cazyxio_v4.3 (EURUSD,M15)	2026.03.23 20:22:02 | BAR | AUDUSD | close=0.70101 h4ema200=0.70264 h4slope=DOWN dailyEMA200=0.67239 adx=35.4 ema50=0.70041 distToEMA50=6.0pips touchSeq=4 atr=0.000943 atrRatio=0.690 dir=NONE spread=22.0 spreadOK=YES atrGate=FAIL touch=FAIL momCandle= zeroRangeBar=NO trigger=NO hasPos=NO portRisk=0.00% openPos=0 | 0.701010
QD	0	14:22:02.945	Cazyxio_v4.3 (EURUSD,M15)	2026.03.23 20:22:02 | GATE_FAIL | AUDUSD | No directional bias. h4slope=DOWN closeNow=0.70101 h4ema200=0.70264 dailyEMA200=0.67239
KD	0	14:22:02.945	Cazyxio_v4.3 (EURUSD,M15)	2026.03.23 20:22:02 | BAR | GBPJPY | close=212.784 h4ema200=211.197 h4slope=UP dailyEMA200=205.205 adx=14.5 ema50=212.536 distToEMA50=24.8pips touchSeq=0 atr=0.121929 atrRatio=0.608 dir=LONG spread=45.0 spreadOK=NO atrGate=FAIL touch=PASS momCandle=momClosePos=0.711 momOk=Y ema50Ok=Y barRange=0.083000 zeroRangeBar=NO trigger=YES hasPos=NO portRisk=0.00% openPos=0 | 212.784000
DM	0	14:22:02.945	Cazyxio_v4.3 (EURUSD,M15)	2026.03.23 20:22:02 | GATE_FAIL | GBPJPY | Spread too wide. Spread=45.0 Max=30 points.
MR	0	14:22:02.945	Cazyxio_v4.3 (EURUSD,M15)	2026.03.23 20:22:02 | BAR | USDCAD | close=1.37249 h4ema200=1.36774 h4slope=UP dailyEMA200=1.38067 adx=15.1 ema50=1.37209 distToEMA50=4.0pips touchSeq=12 atr=0.000774 atrRatio=0.766 dir=NONE spread=24.0 spreadOK=YES atrGate=FAIL touch=FAIL momCandle= zeroRangeBar=NO trigger=NO hasPos=NO portRisk=0.00% openPos=0 | 1.372490
LN	0	14:22:02.945	Cazyxio_v4.3 (EURUSD,M15)	2026.03.23 20:22:02 | GATE_FAIL | USDCAD | No directional bias. h4slope=UP closeNow=1.37249 h4ema200=1.36774 dailyEMA200=1.38067
HG	0	14:22:54.270	Cazyxio_v4.3 (EURUSD,M15)	2026.03.23 20:22:54 | HEARTBEAT | SYSTEM | EA alive. Tick=27300 Equity=44972.40 OpenPos=0 PendingOrders=0 UTC=2026.03.23 20:22 DayOfWeek=1 WeekendCloseActive=NO NewTradeBlocked=NO | 27300.000000
MQ	0	14:25:57.296	Cazyxio_v4.3 (EURUSD,M15)	2026.03.23 20:25:57 | HEARTBEAT | SYSTEM | EA alive. Tick=27400 Equity=44972.40 OpenPos=0 PendingOrders=0 UTC=2026.03.23 20:25 DayOfWeek=1 WeekendCloseActive=NO NewTradeBlocked=NO | 27400.000000
PS	0	14:28:37.546	Cazyxio_v4.3 (EURUSD,M15)	2026.03.23 20:28:37 | HEARTBEAT | SYSTEM | EA alive. Tick=27500 Equity=44972.40 OpenPos=0 PendingOrders=0 UTC=2026.03.23 20:28 DayOfWeek=1 WeekendCloseActive=NO NewTradeBlocked=NO | 27500.000000
GM	0	14:32:20.941	Cazyxio_v4.3 (EURUSD,M15)	2026.03.23 20:32:20 | GATE_FAIL | EURUSD | CopyBuffer failed for Daily EMA200.
KL	0	14:34:41.292	Cazyxio_v4.3 (EURUSD,M15)	2026.03.23 20:34:41 | GATE_FAIL | USDJPY | CopyBuffer failed for Daily EMA200.
FN	0	14:34:41.292	Cazyxio_v4.3 (EURUSD,M15)	2026.03.23 20:34:41 | BAR | AUDUSD | close=0.70087 h4ema200=0.70264 h4slope=DOWN dailyEMA200=0.67239 adx=35.4 ema50=0.70043 distToEMA50=4.4pips touchSeq=5 atr=0.000887 atrRatio=0.650 dir=NONE spread=15.0 spreadOK=YES atrGate=FAIL touch=FAIL momCandle= zeroRangeBar=NO trigger=NO hasPos=NO portRisk=0.00% openPos=0 | 0.700870
QM	0	14:34:41.292	Cazyxio_v4.3 (EURUSD,M15)	2026.03.23 20:34:41 | GATE_FAIL | AUDUSD | No directional bias. h4slope=DOWN closeNow=0.70087 h4ema200=0.70264 dailyEMA200=0.67239
FP	0	14:34:41.292	Cazyxio_v4.3 (EURUSD,M15)	2026.03.23 20:34:41 | BAR | GBPJPY | close=212.748 h4ema200=211.197 h4slope=UP dailyEMA200=205.204 adx=14.5 ema50=212.544 distToEMA50=20.4pips touchSeq=0 atr=0.120214 atrRatio=0.600 dir=LONG spread=39.0 spreadOK=NO atrGate=FAIL touch=PASS momCandle=momClosePos=0.191 momOk=N ema50Ok=Y barRange=0.047000 zeroRangeBar=NO trigger=NO hasPos=NO portRisk=0.00% openPos=0 | 212.748000
FJ	0	14:34:41.292	Cazyxio_v4.3 (EURUSD,M15)	2026.03.23 20:34:41 | GATE_FAIL | GBPJPY | Spread too wide. Spread=39.0 Max=30 points.
QD	0	14:34:41.292	Cazyxio_v4.3 (EURUSD,M15)	2026.03.23 20:34:41 | BAR | USDCAD | close=1.37290 h4ema200=1.36774 h4slope=UP dailyEMA200=1.38067 adx=15.1 ema50=1.37210 distToEMA50=8.0pips touchSeq=12 atr=0.000781 atrRatio=0.776 dir=NONE spread=26.0 spreadOK=YES atrGate=FAIL touch=FAIL momCandle= zeroRangeBar=NO trigger=NO hasPos=NO portRisk=0.00% openPos=0 | 1.372900
GD	0	14:34:41.292	Cazyxio_v4.3 (EURUSD,M15)	2026.03.23 20:34:41 | GATE_FAIL | USDCAD | No directional bias. h4slope=UP closeNow=1.37290 h4ema200=1.36774 dailyEMA200=1.38067
OH	0	14:37:01.812	Cazyxio_v4.3 (EURUSD,M15)	2026.03.23 20:37:01 | GATE_FAIL | GBPUSD | CopyBuffer failed for Daily EMA200.
OI	0	14:39:06.475	Cazyxio_v4.3 (EURUSD,M15)	2026.03.23 20:39:06 | HEARTBEAT | SYSTEM | EA alive. Tick=27600 Equity=44972.40 OpenPos=0 PendingOrders=0 UTC=2026.03.23 20:39 DayOfWeek=1 WeekendCloseActive=NO NewTradeBlocked=NO | 27600.000000
OK	0	14:42:32.390	Cazyxio_v4.3 (EURUSD,M15)	2026.03.23 20:42:32 | HEARTBEAT | SYSTEM | EA alive. Tick=27700 Equity=44972.40 OpenPos=0 PendingOrders=0 UTC=2026.03.23 20:42 DayOfWeek=1 WeekendCloseActive=NO NewTradeBlocked=NO | 27700.000000
ND	0	14:47:21.114	Cazyxio_v4.3 (EURUSD,M15)	2026.03.23 20:47:21 | GATE_FAIL | GBPUSD | CopyBuffer failed for Daily EMA200.
JD	0	14:49:41.513	Cazyxio_v4.3 (EURUSD,M15)	2026.03.23 20:49:41 | GATE_FAIL | EURUSD | CopyBuffer failed for Daily EMA200.
ED	0	14:52:01.830	Cazyxio_v4.3 (EURUSD,M15)	2026.03.23 20:52:01 | GATE_FAIL | USDJPY | CopyBuffer failed for Daily EMA200.
QE	0	14:52:01.830	Cazyxio_v4.3 (EURUSD,M15)	2026.03.23 20:52:01 | BAR | AUDUSD | close=0.70111 h4ema200=0.70265 h4slope=DOWN dailyEMA200=0.67239 adx=35.4 ema50=0.70046 distToEMA50=6.5pips touchSeq=6 atr=0.000848 atrRatio=0.622 dir=NONE spread=23.0 spreadOK=YES atrGate=FAIL touch=FAIL momCandle= zeroRangeBar=NO trigger=NO hasPos=NO portRisk=0.00% openPos=0 | 0.701110
NR	0	14:52:01.830	Cazyxio_v4.3 (EURUSD,M15)	2026.03.23 20:52:01 | GATE_FAIL | AUDUSD | No directional bias. h4slope=DOWN closeNow=0.70111 h4ema200=0.70265 dailyEMA200=0.67239
FF	0	14:52:01.830	Cazyxio_v4.3 (EURUSD,M15)	2026.03.23 20:52:01 | BAR | GBPJPY | close=212.815 h4ema200=211.197 h4slope=UP dailyEMA200=205.204 adx=14.5 ema50=212.553 distToEMA50=26.2pips touchSeq=0 atr=0.125571 atrRatio=0.626 dir=LONG spread=67.0 spreadOK=NO atrGate=FAIL touch=PASS momCandle=momClosePos=1.000 momOk=Y ema50Ok=Y barRange=0.123000 zeroRangeBar=NO trigger=YES hasPos=NO portRisk=0.00% openPos=0 | 212.815000
GS	0	14:52:01.830	Cazyxio_v4.3 (EURUSD,M15)	2026.03.23 20:52:01 | GATE_FAIL | GBPJPY | Spread too wide. Spread=67.0 Max=30 points.
DP	0	14:52:01.830	Cazyxio_v4.3 (EURUSD,M15)	2026.03.23 20:52:01 | BAR | USDCAD | close=1.37229 h4ema200=1.36774 h4slope=UP dailyEMA200=1.38067 adx=15.1 ema50=1.37212 distToEMA50=1.7pips touchSeq=12 atr=0.000771 atrRatio=0.768 dir=NONE spread=36.0 spreadOK=NO atrGate=FAIL touch=FAIL momCandle= zeroRangeBar=NO trigger=NO hasPos=NO portRisk=0.00% openPos=0 | 1.372290
OL	0	14:52:01.830	Cazyxio_v4.3 (EURUSD,M15)	2026.03.23 20:52:01 | GATE_FAIL | USDCAD | No directional bias. h4slope=UP closeNow=1.37229 h4ema200=1.36774 dailyEMA200=1.38067
MQ	0	14:52:21.591	Cazyxio_v4.3 (EURUSD,M15)	2026.03.23 20:52:21 | HEARTBEAT | SYSTEM | EA alive. Tick=27800 Equity=44972.40 OpenPos=0 PendingOrders=0 UTC=2026.03.23 20:52 DayOfWeek=1 WeekendCloseActive=NO NewTradeBlocked=NO | 27800.000000
GS	0	14:54:44.476	Cazyxio_v4.3 (EURUSD,M15)	2026.03.23 20:54:44 | HEARTBEAT | SYSTEM | EA alive. Tick=27900 Equity=44972.40 OpenPos=0 PendingOrders=0 UTC=2026.03.23 20:54 DayOfWeek=1 WeekendCloseActive=NO NewTradeBlocked=NO | 27900.000000
RM	0	14:57:38.782	Cazyxio_v4.3 (EURUSD,M15)	2026.03.23 20:57:38 | HEARTBEAT | SYSTEM | EA alive. Tick=28000 Equity=44972.40 OpenPos=0 PendingOrders=0 UTC=2026.03.23 20:57 DayOfWeek=1 WeekendCloseActive=NO NewTradeBlocked=NO | 28000.000000
GO	0	14:58:58.933	Cazyxio_v4.3 (EURUSD,M15)	2026.03.23 20:58:58 | HEARTBEAT | SYSTEM | EA alive. Tick=28100 Equity=44972.40 OpenPos=0 PendingOrders=0 UTC=2026.03.23 20:58 DayOfWeek=1 WeekendCloseActive=NO NewTradeBlocked=NO | 28100.000000
PI	0	14:59:54.089	Cazyxio_v4.3 (EURUSD,M15)	2026.03.23 20:59:54 | HEARTBEAT | SYSTEM | EA alive. Tick=28200 Equity=44972.40 OpenPos=0 PendingOrders=0 UTC=2026.03.23 20:59 DayOfWeek=1 WeekendCloseActive=NO NewTradeBlocked=NO | 28200.000000
PD	0	15:00:04.461	Cazyxio_v4.3 (EURUSD,M15)	2026.03.23 21:00:04 | DAILY_GUARD_RESET | SYSTEM | New trading day. StartEquity=44972.40 MaxDailyLossPct=2.00 | 44972.400000
LO	0	15:00:04.461	Cazyxio_v4.3 (EURUSD,M15)	2026.03.23 21:00:04 | DAILY_SUMMARY | SYSTEM | SESSION END SUMMARY | Bars=0 Signals=0 Orders=0 SLHits=0 LimitPlaced=0 LimitFilled=0 LimitExpired=0 FallbackOrders=0 | GateFails: DIR=0 SPR=0 ATR=0 TOUCH=0 MOM=0 ZRNG=0 COOL=0 WKND=0 ADX=0 DAILY_TF=0 | LotCapped=0 | Equity=44972.40 Balance=44972.40 DayPnL=0.00 DayDD=0.00% ActiveCooldowns=NONE
GQ	0	15:00:04.461	Cazyxio_v4.3 (EURUSD,M15)	2026.03.23 21:00:04 | SESSION_WAIT | SYSTEM | Outside session. UTC_hour=21 Waiting.
IL	0	15:15:02.283	Cazyxio_v4.3 (EURUSD,M15)	2026.03.23 21:15:02 | HEARTBEAT | SYSTEM | EA alive. Tick=28300 Equity=44972.40 OpenPos=0 PendingOrders=0 UTC=2026.03.23 21:15 DayOfWeek=1 WeekendCloseActive=NO NewTradeBlocked=NO | 28300.000000
JN	0	15:29:26.979	Cazyxio_v4.3 (EURUSD,M15)	2026.03.23 21:29:26 | HEARTBEAT | SYSTEM | EA alive. Tick=28400 Equity=44972.40 OpenPos=0 PendingOrders=0 UTC=2026.03.23 21:29 DayOfWeek=1 WeekendCloseActive=NO NewTradeBlocked=NO | 28400.000000
EH	0	15:43:12.259	Cazyxio_v4.3 (EURUSD,M15)	2026.03.23 21:43:12 | HEARTBEAT | SYSTEM | EA alive. Tick=28500 Equity=44972.40 OpenPos=0 PendingOrders=0 UTC=2026.03.23 21:43 DayOfWeek=1 WeekendCloseActive=NO NewTradeBlocked=NO | 28500.000000
GJ	0	15:51:06.487	Cazyxio_v4.3 (EURUSD,M15)	2026.03.23 21:51:06 | HEARTBEAT | SYSTEM | EA alive. Tick=28600 Equity=44972.40 OpenPos=0 PendingOrders=0 UTC=2026.03.23 21:51 DayOfWeek=1 WeekendCloseActive=NO NewTradeBlocked=NO | 28600.000000
ND	0	15:58:03.739	Cazyxio_v4.3 (EURUSD,M15)	2026.03.23 21:58:03 | HEARTBEAT | SYSTEM | EA alive. Tick=28700 Equity=44972.40 OpenPos=0 PendingOrders=0 UTC=2026.03.23 21:58 DayOfWeek=1 WeekendCloseActive=NO NewTradeBlocked=NO | 28700.000000
OK	0	16:00:00.758	Cazyxio_v4.3 (EURUSD,M15)	2026.03.23 22:00:00 | SESSION_WAIT | SYSTEM | Outside session. UTC_hour=22 Waiting.
MF	0	16:02:50.666	Cazyxio_v4.3 (EURUSD,M15)	2026.03.23 22:02:50 | HEARTBEAT | SYSTEM | EA alive. Tick=28800 Equity=44972.40 OpenPos=0 PendingOrders=0 UTC=2026.03.23 22:02 DayOfWeek=1 WeekendCloseActive=NO NewTradeBlocked=NO | 28800.000000
EP	0	16:06:03.749	Cazyxio_v4.3 (EURUSD,M15)	2026.03.23 22:06:03 | HEARTBEAT | SYSTEM | EA alive. Tick=28900 Equity=44972.40 OpenPos=0 PendingOrders=0 UTC=2026.03.23 22:06 DayOfWeek=1 WeekendCloseActive=NO NewTradeBlocked=NO | 28900.000000
DR	0	16:09:28.611	Cazyxio_v4.3 (EURUSD,M15)	2026.03.23 22:09:28 | HEARTBEAT | SYSTEM | EA alive. Tick=29000 Equity=44972.40 OpenPos=0 PendingOrders=0 UTC=2026.03.23 22:09 DayOfWeek=1 WeekendCloseActive=NO NewTradeBlocked=NO | 29000.000000
RL	0	16:12:48.121	Cazyxio_v4.3 (EURUSD,M15)	2026.03.23 22:12:48 | HEARTBEAT | SYSTEM | EA alive. Tick=29100 Equity=44972.40 OpenPos=0 PendingOrders=0 UTC=2026.03.23 22:12 DayOfWeek=1 WeekendCloseActive=NO NewTradeBlocked=NO | 29100.000000
NN	0	16:15:24.023	Cazyxio_v4.3 (EURUSD,M15)	2026.03.23 22:15:24 | HEARTBEAT | SYSTEM | EA alive. Tick=29200 Equity=44972.40 OpenPos=0 PendingOrders=0 UTC=2026.03.23 22:15 DayOfWeek=1 WeekendCloseActive=NO NewTradeBlocked=NO | 29200.000000
OH	0	16:17:11.884	Cazyxio_v4.3 (EURUSD,M15)	2026.03.23 22:17:11 | HEARTBEAT | SYSTEM | EA alive. Tick=29300 Equity=44972.40 OpenPos=0 PendingOrders=0 UTC=2026.03.23 22:17 DayOfWeek=1 WeekendCloseActive=NO NewTradeBlocked=NO | 29300.000000
OJ	0	16:19:26.381	Cazyxio_v4.3 (EURUSD,M15)	2026.03.23 22:19:26 | HEARTBEAT | SYSTEM | EA alive. Tick=29400 Equity=44972.40 OpenPos=0 PendingOrders=0 UTC=2026.03.23 22:19 DayOfWeek=1 WeekendCloseActive=NO NewTradeBlocked=NO | 29400.000000
FD	0	16:21:40.428	Cazyxio_v4.3 (EURUSD,M15)	2026.03.23 22:21:40 | HEARTBEAT | SYSTEM | EA alive. Tick=29500 Equity=44972.40 OpenPos=0 PendingOrders=0 UTC=2026.03.23 22:21 DayOfWeek=1 WeekendCloseActive=NO NewTradeBlocked=NO | 29500.000000
MF	0	16:23:45.621	Cazyxio_v4.3 (EURUSD,M15)	2026.03.23 22:23:45 | HEARTBEAT | SYSTEM | EA alive. Tick=29600 Equity=44972.40 OpenPos=0 PendingOrders=0 UTC=2026.03.23 22:23 DayOfWeek=1 WeekendCloseActive=NO NewTradeBlocked=NO | 29600.000000
QP	0	16:25:48.698	Cazyxio_v4.3 (EURUSD,M15)	2026.03.23 22:25:48 | HEARTBEAT | SYSTEM | EA alive. Tick=29700 Equity=44972.40 OpenPos=0 PendingOrders=0 UTC=2026.03.23 22:25 DayOfWeek=1 WeekendCloseActive=NO NewTradeBlocked=NO | 29700.000000
MR	0	16:27:47.256	Cazyxio_v4.3 (EURUSD,M15)	2026.03.23 22:27:47 | HEARTBEAT | SYSTEM | EA alive. Tick=29800 Equity=44972.40 OpenPos=0 PendingOrders=0 UTC=2026.03.23 22:27 DayOfWeek=1 WeekendCloseActive=NO NewTradeBlocked=NO | 29800.000000
GL	0	16:29:20.247	Cazyxio_v4.3 (EURUSD,M15)	2026.03.23 22:29:20 | HEARTBEAT | SYSTEM | EA alive. Tick=29900 Equity=44972.40 OpenPos=0 PendingOrders=0 UTC=2026.03.23 22:29 DayOfWeek=1 WeekendCloseActive=NO NewTradeBlocked=NO | 29900.000000
JN	0	16:31:58.182	Cazyxio_v4.3 (EURUSD,M15)	2026.03.23 22:31:58 | HEARTBEAT | SYSTEM | EA alive. Tick=30000 Equity=44972.40 OpenPos=0 PendingOrders=0 UTC=2026.03.23 22:31 DayOfWeek=1 WeekendCloseActive=NO NewTradeBlocked=NO | 30000.000000
GH	0	16:34:26.580	Cazyxio_v4.3 (EURUSD,M15)	2026.03.23 22:34:26 | HEARTBEAT | SYSTEM | EA alive. Tick=30100 Equity=44972.40 OpenPos=0 PendingOrders=0 UTC=2026.03.23 22:34 DayOfWeek=1 WeekendCloseActive=NO NewTradeBlocked=NO | 30100.000000
IJ	0	16:36:51.195	Cazyxio_v4.3 (EURUSD,M15)	2026.03.23 22:36:51 | HEARTBEAT | SYSTEM | EA alive. Tick=30200 Equity=44972.40 OpenPos=0 PendingOrders=0 UTC=2026.03.23 22:36 DayOfWeek=1 WeekendCloseActive=NO NewTradeBlocked=NO | 30200.000000
RD	0	16:38:48.208	Cazyxio_v4.3 (EURUSD,M15)	2026.03.23 22:38:48 | HEARTBEAT | SYSTEM | EA alive. Tick=30300 Equity=44972.40 OpenPos=0 PendingOrders=0 UTC=2026.03.23 22:38 DayOfWeek=1 WeekendCloseActive=NO NewTradeBlocked=NO | 30300.000000
JF	0	16:41:16.738	Cazyxio_v4.3 (EURUSD,M15)	2026.03.23 22:41:16 | HEARTBEAT | SYSTEM | EA alive. Tick=30400 Equity=44972.40 OpenPos=0 PendingOrders=0 UTC=2026.03.23 22:41 DayOfWeek=1 WeekendCloseActive=NO NewTradeBlocked=NO | 30400.000000
IP	0	16:44:15.833	Cazyxio_v4.3 (EURUSD,M15)	2026.03.23 22:44:15 | HEARTBEAT | SYSTEM | EA alive. Tick=30500 Equity=44972.40 OpenPos=0 PendingOrders=0 UTC=2026.03.23 22:44 DayOfWeek=1 WeekendCloseActive=NO NewTradeBlocked=NO | 30500.000000
KR	0	16:46:35.949	Cazyxio_v4.3 (EURUSD,M15)	2026.03.23 22:46:35 | HEARTBEAT | SYSTEM | EA alive. Tick=30600 Equity=44972.40 OpenPos=0 PendingOrders=0 UTC=2026.03.23 22:46 DayOfWeek=1 WeekendCloseActive=NO NewTradeBlocked=NO | 30600.000000
ML	0	16:48:54.796	Cazyxio_v4.3 (EURUSD,M15)	2026.03.23 22:48:54 | HEARTBEAT | SYSTEM | EA alive. Tick=30700 Equity=44972.40 OpenPos=0 PendingOrders=0 UTC=2026.03.23 22:48 DayOfWeek=1 WeekendCloseActive=NO NewTradeBlocked=NO | 30700.000000
GN	0	16:50:54.942	Cazyxio_v4.3 (EURUSD,M15)	2026.03.23 22:50:54 | HEARTBEAT | SYSTEM | EA alive. Tick=30800 Equity=44972.40 OpenPos=0 PendingOrders=0 UTC=2026.03.23 22:50 DayOfWeek=1 WeekendCloseActive=NO NewTradeBlocked=NO | 30800.000000
NH	0	16:53:01.289	Cazyxio_v4.3 (EURUSD,M15)	2026.03.23 22:53:01 | HEARTBEAT | SYSTEM | EA alive. Tick=30900 Equity=44972.40 OpenPos=0 PendingOrders=0 UTC=2026.03.23 22:53 DayOfWeek=1 WeekendCloseActive=NO NewTradeBlocked=NO | 30900.000000
EJ	0	16:54:05.937	Cazyxio_v4.3 (EURUSD,M15)	2026.03.23 22:54:05 | HEARTBEAT | SYSTEM | EA alive. Tick=31000 Equity=44972.40 OpenPos=0 PendingOrders=0 UTC=2026.03.23 22:54 DayOfWeek=1 WeekendCloseActive=NO NewTradeBlocked=NO | 31000.000000
KD	0	16:55:07.723	Cazyxio_v4.3 (EURUSD,M15)	2026.03.23 22:55:07 | HEARTBEAT | SYSTEM | EA alive. Tick=31100 Equity=44972.40 OpenPos=0 PendingOrders=0 UTC=2026.03.23 22:55 DayOfWeek=1 WeekendCloseActive=NO NewTradeBlocked=NO | 31100.000000
LF	0	16:56:37.325	Cazyxio_v4.3 (EURUSD,M15)	2026.03.23 22:56:37 | HEARTBEAT | SYSTEM | EA alive. Tick=31200 Equity=44972.40 OpenPos=0 PendingOrders=0 UTC=2026.03.23 22:56 DayOfWeek=1 WeekendCloseActive=NO NewTradeBlocked=NO | 31200.000000
RP	0	16:59:06.814	Cazyxio_v4.3 (EURUSD,M15)	2026.03.23 22:59:06 | HEARTBEAT | SYSTEM | EA alive. Tick=31300 Equity=44972.40 OpenPos=0 PendingOrders=0 UTC=2026.03.23 22:59 DayOfWeek=1 WeekendCloseActive=NO NewTradeBlocked=NO | 31300.000000
RO	0	17:00:01.079	Cazyxio_v4.3 (EURUSD,M15)	2026.03.23 23:00:01 | SESSION_WAIT | SYSTEM | Outside session. UTC_hour=23 Waiting.
FR	0	17:00:23.608	Cazyxio_v4.3 (EURUSD,M15)	2026.03.23 23:00:23 | HEARTBEAT | SYSTEM | EA alive. Tick=31400 Equity=44972.40 OpenPos=0 PendingOrders=0 UTC=2026.03.23 23:00 DayOfWeek=1 WeekendCloseActive=NO NewTradeBlocked=NO | 31400.000000
PL	0	17:01:51.265	Cazyxio_v4.3 (EURUSD,M15)	2026.03.23 23:01:51 | HEARTBEAT | SYSTEM | EA alive. Tick=31500 Equity=44972.40 OpenPos=0 PendingOrders=0 UTC=2026.03.23 23:01 DayOfWeek=1 WeekendCloseActive=NO NewTradeBlocked=NO | 31500.000000
JN	0	17:03:16.339	Cazyxio_v4.3 (EURUSD,M15)	2026.03.23 23:03:16 | HEARTBEAT | SYSTEM | EA alive. Tick=31600 Equity=44972.40 OpenPos=0 PendingOrders=0 UTC=2026.03.23 23:03 DayOfWeek=1 WeekendCloseActive=NO NewTradeBlocked=NO | 31600.000000
KH	0	17:05:00.606	Cazyxio_v4.3 (EURUSD,M15)	2026.03.23 23:05:00 | HEARTBEAT | SYSTEM | EA alive. Tick=31700 Equity=44972.40 OpenPos=0 PendingOrders=0 UTC=2026.03.23 23:05 DayOfWeek=1 WeekendCloseActive=NO NewTradeBlocked=NO | 31700.000000
FJ	0	17:07:21.867	Cazyxio_v4.3 (EURUSD,M15)	2026.03.23 23:07:21 | HEARTBEAT | SYSTEM | EA alive. Tick=31800 Equity=44972.40 OpenPos=0 PendingOrders=0 UTC=2026.03.23 23:07 DayOfWeek=1 WeekendCloseActive=NO NewTradeBlocked=NO | 31800.000000
PD	0	17:09:54.548	Cazyxio_v4.3 (EURUSD,M15)	2026.03.23 23:09:54 | HEARTBEAT | SYSTEM | EA alive. Tick=31900 Equity=44972.40 OpenPos=0 PendingOrders=0 UTC=2026.03.23 23:09 DayOfWeek=1 WeekendCloseActive=NO NewTradeBlocked=NO | 31900.000000
EF	0	17:12:37.419	Cazyxio_v4.3 (EURUSD,M15)	2026.03.23 23:12:37 | HEARTBEAT | SYSTEM | EA alive. Tick=32000 Equity=44972.40 OpenPos=0 PendingOrders=0 UTC=2026.03.23 23:12 DayOfWeek=1 WeekendCloseActive=NO NewTradeBlocked=NO | 32000.000000
CP	0	17:16:00.921	Cazyxio_v4.3 (EURUSD,M15)	2026.03.23 23:16:00 | HEARTBEAT | SYSTEM | EA alive. Tick=32100 Equity=44972.40 OpenPos=0 PendingOrders=0 UTC=2026.03.23 23:16 DayOfWeek=1 WeekendCloseActive=NO NewTradeBlocked=NO | 32100.000000
JR	0	17:18:25.366	Cazyxio_v4.3 (EURUSD,M15)	2026.03.23 23:18:25 | HEARTBEAT | SYSTEM | EA alive. Tick=32200 Equity=44972.40 OpenPos=0 PendingOrders=0 UTC=2026.03.23 23:18 DayOfWeek=1 WeekendCloseActive=NO NewTradeBlocked=NO | 32200.000000
CL	0	17:20:09.285	Cazyxio_v4.3 (EURUSD,M15)	2026.03.23 23:20:09 | HEARTBEAT | SYSTEM | EA alive. Tick=32300 Equity=44972.40 OpenPos=0 PendingOrders=0 UTC=2026.03.23 23:20 DayOfWeek=1 WeekendCloseActive=NO NewTradeBlocked=NO | 32300.000000
ON	0	17:22:37.540	Cazyxio_v4.3 (EURUSD,M15)	2026.03.23 23:22:37 | HEARTBEAT | SYSTEM | EA alive. Tick=32400 Equity=44972.40 OpenPos=0 PendingOrders=0 UTC=2026.03.23 23:22 DayOfWeek=1 WeekendCloseActive=NO NewTradeBlocked=NO | 32400.000000
HH	0	17:25:10.294	Cazyxio_v4.3 (EURUSD,M15)	2026.03.23 23:25:10 | HEARTBEAT | SYSTEM | EA alive. Tick=32500 Equity=44972.40 OpenPos=0 PendingOrders=0 UTC=2026.03.23 23:25 DayOfWeek=1 WeekendCloseActive=NO NewTradeBlocked=NO | 32500.000000
KJ	0	17:28:53.780	Cazyxio_v4.3 (EURUSD,M15)	2026.03.23 23:28:53 | HEARTBEAT | SYSTEM | EA alive. Tick=32600 Equity=44972.40 OpenPos=0 PendingOrders=0 UTC=2026.03.23 23:28 DayOfWeek=1 WeekendCloseActive=NO NewTradeBlocked=NO | 32600.000000
ED	0	17:32:57.952	Cazyxio_v4.3 (EURUSD,M15)	2026.03.23 23:32:57 | HEARTBEAT | SYSTEM | EA alive. Tick=32700 Equity=44972.40 OpenPos=0 PendingOrders=0 UTC=2026.03.23 23:32 DayOfWeek=1 WeekendCloseActive=NO NewTradeBlocked=NO | 32700.000000
HF	0	17:36:51.085	Cazyxio_v4.3 (EURUSD,M15)	2026.03.23 23:36:51 | HEARTBEAT | SYSTEM | EA alive. Tick=32800 Equity=44972.40 OpenPos=0 PendingOrders=0 UTC=2026.03.23 23:36 DayOfWeek=1 WeekendCloseActive=NO NewTradeBlocked=NO | 32800.000000
FP	0	17:39:18.545	Cazyxio_v4.3 (EURUSD,M15)	2026.03.23 23:39:18 | HEARTBEAT | SYSTEM | EA alive. Tick=32900 Equity=44972.40 OpenPos=0 PendingOrders=0 UTC=2026.03.23 23:39 DayOfWeek=1 WeekendCloseActive=NO NewTradeBlocked=NO | 32900.000000
DR	0	17:42:32.785	Cazyxio_v4.3 (EURUSD,M15)	2026.03.23 23:42:32 | HEARTBEAT | SYSTEM | EA alive. Tick=33000 Equity=44972.40 OpenPos=0 PendingOrders=0 UTC=2026.03.23 23:42 DayOfWeek=1 WeekendCloseActive=NO NewTradeBlocked=NO | 33000.000000
OL	0	17:45:08.819	Cazyxio_v4.3 (EURUSD,M15)	2026.03.23 23:45:08 | HEARTBEAT | SYSTEM | EA alive. Tick=33100 Equity=44972.40 OpenPos=0 PendingOrders=0 UTC=2026.03.23 23:45 DayOfWeek=1 WeekendCloseActive=NO NewTradeBlocked=NO | 33100.000000
NN	0	17:46:10.352	Cazyxio_v4.3 (EURUSD,M15)	2026.03.23 23:46:10 | HEARTBEAT | SYSTEM | EA alive. Tick=33200 Equity=44972.40 OpenPos=0 PendingOrders=0 UTC=2026.03.23 23:46 DayOfWeek=1 WeekendCloseActive=NO NewTradeBlocked=NO | 33200.000000
FH	0	17:47:29.397	Cazyxio_v4.3 (EURUSD,M15)	2026.03.23 23:47:29 | HEARTBEAT | SYSTEM | EA alive. Tick=33300 Equity=44972.40 OpenPos=0 PendingOrders=0 UTC=2026.03.23 23:47 DayOfWeek=1 WeekendCloseActive=NO NewTradeBlocked=NO | 33300.000000
NJ	0	17:49:08.856	Cazyxio_v4.3 (EURUSD,M15)	2026.03.23 23:49:08 | HEARTBEAT | SYSTEM | EA alive. Tick=33400 Equity=44972.40 OpenPos=0 PendingOrders=0 UTC=2026.03.23 23:49 DayOfWeek=1 WeekendCloseActive=NO NewTradeBlocked=NO | 33400.000000
KD	0	17:50:46.167	Cazyxio_v4.3 (EURUSD,M15)	2026.03.23 23:50:46 | HEARTBEAT | SYSTEM | EA alive. Tick=33500 Equity=44972.40 OpenPos=0 PendingOrders=0 UTC=2026.03.23 23:50 DayOfWeek=1 WeekendCloseActive=NO NewTradeBlocked=NO | 33500.000000
JF	0	17:52:49.739	Cazyxio_v4.3 (EURUSD,M15)	2026.03.23 23:52:49 | HEARTBEAT | SYSTEM | EA alive. Tick=33600 Equity=44972.40 OpenPos=0 PendingOrders=0 UTC=2026.03.23 23:52 DayOfWeek=1 WeekendCloseActive=NO NewTradeBlocked=NO | 33600.000000
NP	0	17:54:56.106	Cazyxio_v4.3 (EURUSD,M15)	2026.03.23 23:54:56 | HEARTBEAT | SYSTEM | EA alive. Tick=33700 Equity=44972.40 OpenPos=0 PendingOrders=0 UTC=2026.03.23 23:54 DayOfWeek=1 WeekendCloseActive=NO NewTradeBlocked=NO | 33700.000000
OR	0	17:56:58.301	Cazyxio_v4.3 (EURUSD,M15)	2026.03.23 23:56:58 | HEARTBEAT | SYSTEM | EA alive. Tick=33800 Equity=44972.40 OpenPos=0 PendingOrders=0 UTC=2026.03.23 23:56 DayOfWeek=1 WeekendCloseActive=NO NewTradeBlocked=NO | 33800.000000
JL	0	17:58:37.337	Cazyxio_v4.3 (EURUSD,M15)	2026.03.23 23:58:37 | HEARTBEAT | SYSTEM | EA alive. Tick=33900 Equity=44972.40 OpenPos=0 PendingOrders=0 UTC=2026.03.23 23:58 DayOfWeek=1 WeekendCloseActive=NO NewTradeBlocked=NO | 33900.000000
KP	0	18:00:00.047	Cazyxio_v4.3 (EURUSD,M15)	2026.03.24 00:00:00 | SESSION_WAIT | SYSTEM | Outside session. UTC_hour=0 Waiting.
DN	0	18:00:20.330	Cazyxio_v4.3 (EURUSD,M15)	2026.03.24 00:00:20 | HEARTBEAT | SYSTEM | EA alive. Tick=34000 Equity=44972.40 OpenPos=0 PendingOrders=0 UTC=2026.03.24 00:00 DayOfWeek=2 WeekendCloseActive=NO NewTradeBlocked=NO | 34000.000000
GH	0	18:01:34.073	Cazyxio_v4.3 (EURUSD,M15)	2026.03.24 00:01:34 | HEARTBEAT | SYSTEM | EA alive. Tick=34100 Equity=44972.40 OpenPos=0 PendingOrders=0 UTC=2026.03.24 00:01 DayOfWeek=2 WeekendCloseActive=NO NewTradeBlocked=NO | 34100.000000
RJ	0	18:02:29.158	Cazyxio_v4.3 (EURUSD,M15)	2026.03.24 00:02:29 | HEARTBEAT | SYSTEM | EA alive. Tick=34200 Equity=44972.40 OpenPos=0 PendingOrders=0 UTC=2026.03.24 00:02 DayOfWeek=2 WeekendCloseActive=NO NewTradeBlocked=NO | 34200.000000
FD	0	18:03:30.980	Cazyxio_v4.3 (EURUSD,M15)	2026.03.24 00:03:30 | HEARTBEAT | SYSTEM | EA alive. Tick=34300 Equity=44972.40 OpenPos=0 PendingOrders=0 UTC=2026.03.24 00:03 DayOfWeek=2 WeekendCloseActive=NO NewTradeBlocked=NO | 34300.000000
KF	0	18:04:27.793	Cazyxio_v4.3 (EURUSD,M15)	2026.03.24 00:04:27 | HEARTBEAT | SYSTEM | EA alive. Tick=34400 Equity=44972.40 OpenPos=0 PendingOrders=0 UTC=2026.03.24 00:04 DayOfWeek=2 WeekendCloseActive=NO NewTradeBlocked=NO | 34400.000000
HP	0	18:05:54.166	Cazyxio_v4.3 (EURUSD,M15)	2026.03.24 00:05:54 | HEARTBEAT | SYSTEM | EA alive. Tick=34500 Equity=44972.40 OpenPos=0 PendingOrders=0 UTC=2026.03.24 00:05 DayOfWeek=2 WeekendCloseActive=NO NewTradeBlocked=NO | 34500.000000
IR	0	18:07:08.231	Cazyxio_v4.3 (EURUSD,M15)	2026.03.24 00:07:08 | HEARTBEAT | SYSTEM | EA alive. Tick=34600 Equity=44972.40 OpenPos=0 PendingOrders=0 UTC=2026.03.24 00:07 DayOfWeek=2 WeekendCloseActive=NO NewTradeBlocked=NO | 34600.000000
QL	0	18:08:48.623	Cazyxio_v4.3 (EURUSD,M15)	2026.03.24 00:08:48 | HEARTBEAT | SYSTEM | EA alive. Tick=34700 Equity=44972.40 OpenPos=0 PendingOrders=0 UTC=2026.03.24 00:08 DayOfWeek=2 WeekendCloseActive=NO NewTradeBlocked=NO | 34700.000000
FN	0	18:10:28.704	Cazyxio_v4.3 (EURUSD,M15)	2026.03.24 00:10:28 | HEARTBEAT | SYSTEM | EA alive. Tick=34800 Equity=44972.40 OpenPos=0 PendingOrders=0 UTC=2026.03.24 00:10 DayOfWeek=2 WeekendCloseActive=NO NewTradeBlocked=NO | 34800.000000
LH	0	18:12:01.748	Cazyxio_v4.3 (EURUSD,M15)	2026.03.24 00:12:01 | HEARTBEAT | SYSTEM | EA alive. Tick=34900 Equity=44972.40 OpenPos=0 PendingOrders=0 UTC=2026.03.24 00:12 DayOfWeek=2 WeekendCloseActive=NO NewTradeBlocked=NO | 34900.000000
GJ	0	18:13:08.531	Cazyxio_v4.3 (EURUSD,M15)	2026.03.24 00:13:08 | HEARTBEAT | SYSTEM | EA alive. Tick=35000 Equity=44972.40 OpenPos=0 PendingOrders=0 UTC=2026.03.24 00:13 DayOfWeek=2 WeekendCloseActive=NO NewTradeBlocked=NO | 35000.000000
QD	0	18:14:19.820	Cazyxio_v4.3 (EURUSD,M15)	2026.03.24 00:14:19 | HEARTBEAT | SYSTEM | EA alive. Tick=35100 Equity=44972.40 OpenPos=0 PendingOrders=0 UTC=2026.03.24 00:14 DayOfWeek=2 WeekendCloseActive=NO NewTradeBlocked=NO | 35100.000000
KF	0	18:15:15.973	Cazyxio_v4.3 (EURUSD,M15)	2026.03.24 00:15:15 | HEARTBEAT | SYSTEM | EA alive. Tick=35200 Equity=44972.40 OpenPos=0 PendingOrders=0 UTC=2026.03.24 00:15 DayOfWeek=2 WeekendCloseActive=NO NewTradeBlocked=NO | 35200.000000
OP	0	18:16:01.129	Cazyxio_v4.3 (EURUSD,M15)	2026.03.24 00:16:01 | HEARTBEAT | SYSTEM | EA alive. Tick=35300 Equity=44972.40 OpenPos=0 PendingOrders=0 UTC=2026.03.24 00:16 DayOfWeek=2 WeekendCloseActive=NO NewTradeBlocked=NO | 35300.000000
ER	0	18:17:09.720	Cazyxio_v4.3 (EURUSD,M15)	2026.03.24 00:17:09 | HEARTBEAT | SYSTEM | EA alive. Tick=35400 Equity=44972.40 OpenPos=0 PendingOrders=0 UTC=2026.03.24 00:17 DayOfWeek=2 WeekendCloseActive=NO NewTradeBlocked=NO | 35400.000000
DL	0	18:18:03.108	Cazyxio_v4.3 (EURUSD,M15)	2026.03.24 00:18:03 | HEARTBEAT | SYSTEM | EA alive. Tick=35500 Equity=44972.40 OpenPos=0 PendingOrders=0 UTC=2026.03.24 00:18 DayOfWeek=2 WeekendCloseActive=NO NewTradeBlocked=NO | 35500.000000
CN	0	18:19:29.687	Cazyxio_v4.3 (EURUSD,M15)	2026.03.24 00:19:29 | HEARTBEAT | SYSTEM | EA alive. Tick=35600 Equity=44972.40 OpenPos=0 PendingOrders=0 UTC=2026.03.24 00:19 DayOfWeek=2 WeekendCloseActive=NO NewTradeBlocked=NO | 35600.000000
QH	0	18:20:27.195	Cazyxio_v4.3 (EURUSD,M15)	2026.03.24 00:20:27 | HEARTBEAT | SYSTEM | EA alive. Tick=35700 Equity=44972.40 OpenPos=0 PendingOrders=0 UTC=2026.03.24 00:20 DayOfWeek=2 WeekendCloseActive=NO NewTradeBlocked=NO | 35700.000000
CJ	0	18:21:26.938	Cazyxio_v4.3 (EURUSD,M15)	2026.03.24 00:21:26 | HEARTBEAT | SYSTEM | EA alive. Tick=35800 Equity=44972.40 OpenPos=0 PendingOrders=0 UTC=2026.03.24 00:21 DayOfWeek=2 WeekendCloseActive=NO NewTradeBlocked=NO | 35800.000000
JD	0	18:22:29.107	Cazyxio_v4.3 (EURUSD,M15)	2026.03.24 00:22:29 | HEARTBEAT | SYSTEM | EA alive. Tick=35900 Equity=44972.40 OpenPos=0 PendingOrders=0 UTC=2026.03.24 00:22 DayOfWeek=2 WeekendCloseActive=NO NewTradeBlocked=NO | 35900.000000
DF	0	18:23:34.881	Cazyxio_v4.3 (EURUSD,M15)	2026.03.24 00:23:34 | HEARTBEAT | SYSTEM | EA alive. Tick=36000 Equity=44972.40 OpenPos=0 PendingOrders=0 UTC=2026.03.24 00:23 DayOfWeek=2 WeekendCloseActive=NO NewTradeBlocked=NO | 36000.000000
LP	0	18:25:01.852	Cazyxio_v4.3 (EURUSD,M15)	2026.03.24 00:25:01 | HEARTBEAT | SYSTEM | EA alive. Tick=36100 Equity=44972.40 OpenPos=0 PendingOrders=0 UTC=2026.03.24 00:25 DayOfWeek=2 WeekendCloseActive=NO NewTradeBlocked=NO | 36100.000000
HR	0	18:26:31.101	Cazyxio_v4.3 (EURUSD,M15)	2026.03.24 00:26:31 | HEARTBEAT | SYSTEM | EA alive. Tick=36200 Equity=44972.40 OpenPos=0 PendingOrders=0 UTC=2026.03.24 00:26 DayOfWeek=2 WeekendCloseActive=NO NewTradeBlocked=NO | 36200.000000
IL	0	18:28:03.904	Cazyxio_v4.3 (EURUSD,M15)	2026.03.24 00:28:03 | HEARTBEAT | SYSTEM | EA alive. Tick=36300 Equity=44972.40 OpenPos=0 PendingOrders=0 UTC=2026.03.24 00:28 DayOfWeek=2 WeekendCloseActive=NO NewTradeBlocked=NO | 36300.000000
ON	0	18:29:13.305	Cazyxio_v4.3 (EURUSD,M15)	2026.03.24 00:29:13 | HEARTBEAT | SYSTEM | EA alive. Tick=36400 Equity=44972.40 OpenPos=0 PendingOrders=0 UTC=2026.03.24 00:29 DayOfWeek=2 WeekendCloseActive=NO NewTradeBlocked=NO | 36400.000000
IH	0	18:30:24.859	Cazyxio_v4.3 (EURUSD,M15)	2026.03.24 00:30:24 | HEARTBEAT | SYSTEM | EA alive. Tick=36500 Equity=44972.40 OpenPos=0 PendingOrders=0 UTC=2026.03.24 00:30 DayOfWeek=2 WeekendCloseActive=NO NewTradeBlocked=NO | 36500.000000
CJ	0	18:31:29.047	Cazyxio_v4.3 (EURUSD,M15)	2026.03.24 00:31:29 | HEARTBEAT | SYSTEM | EA alive. Tick=36600 Equity=44972.40 OpenPos=0 PendingOrders=0 UTC=2026.03.24 00:31 DayOfWeek=2 WeekendCloseActive=NO NewTradeBlocked=NO | 36600.000000
KD	0	18:32:23.190	Cazyxio_v4.3 (EURUSD,M15)	2026.03.24 00:32:23 | HEARTBEAT | SYSTEM | EA alive. Tick=36700 Equity=44972.40 OpenPos=0 PendingOrders=0 UTC=2026.03.24 00:32 DayOfWeek=2 WeekendCloseActive=NO NewTradeBlocked=NO | 36700.000000
HF	0	18:33:37.949	Cazyxio_v4.3 (EURUSD,M15)	2026.03.24 00:33:37 | HEARTBEAT | SYSTEM | EA alive. Tick=36800 Equity=44972.40 OpenPos=0 PendingOrders=0 UTC=2026.03.24 00:33 DayOfWeek=2 WeekendCloseActive=NO NewTradeBlocked=NO | 36800.000000
PP	0	18:34:47.496	Cazyxio_v4.3 (EURUSD,M15)	2026.03.24 00:34:47 | HEARTBEAT | SYSTEM | EA alive. Tick=36900 Equity=44972.40 OpenPos=0 PendingOrders=0 UTC=2026.03.24 00:34 DayOfWeek=2 WeekendCloseActive=NO NewTradeBlocked=NO | 36900.000000
ER	0	18:36:01.798	Cazyxio_v4.3 (EURUSD,M15)	2026.03.24 00:36:01 | HEARTBEAT | SYSTEM | EA alive. Tick=37000 Equity=44972.40 OpenPos=0 PendingOrders=0 UTC=2026.03.24 00:36 DayOfWeek=2 WeekendCloseActive=NO NewTradeBlocked=NO | 37000.000000
FL	0	18:37:27.262	Cazyxio_v4.3 (EURUSD,M15)	2026.03.24 00:37:27 | HEARTBEAT | SYSTEM | EA alive. Tick=37100 Equity=44972.40 OpenPos=0 PendingOrders=0 UTC=2026.03.24 00:37 DayOfWeek=2 WeekendCloseActive=NO NewTradeBlocked=NO | 37100.000000
KN	0	18:38:56.424	Cazyxio_v4.3 (EURUSD,M15)	2026.03.24 00:38:56 | HEARTBEAT | SYSTEM | EA alive. Tick=37200 Equity=44972.40 OpenPos=0 PendingOrders=0 UTC=2026.03.24 00:38 DayOfWeek=2 WeekendCloseActive=NO NewTradeBlocked=NO | 37200.000000
LH	0	18:39:24.233	Cazyxio_v4.3 (EURUSD,M15)	2026.03.24 00:39:24 | HEARTBEAT | SYSTEM | EA alive. Tick=37300 Equity=44972.40 OpenPos=0 PendingOrders=0 UTC=2026.03.24 00:39 DayOfWeek=2 WeekendCloseActive=NO NewTradeBlocked=NO | 37300.000000
GJ	0	18:39:54.483	Cazyxio_v4.3 (EURUSD,M15)	2026.03.24 00:39:54 | HEARTBEAT | SYSTEM | EA alive. Tick=37400 Equity=44972.40 OpenPos=0 PendingOrders=0 UTC=2026.03.24 00:39 DayOfWeek=2 WeekendCloseActive=NO NewTradeBlocked=NO | 37400.000000
FD	0	18:40:27.897	Cazyxio_v4.3 (EURUSD,M15)	2026.03.24 00:40:27 | HEARTBEAT | SYSTEM | EA alive. Tick=37500 Equity=44972.40 OpenPos=0 PendingOrders=0 UTC=2026.03.24 00:40 DayOfWeek=2 WeekendCloseActive=NO NewTradeBlocked=NO | 37500.000000
NF	0	18:41:03.492	Cazyxio_v4.3 (EURUSD,M15)	2026.03.24 00:41:03 | HEARTBEAT | SYSTEM | EA alive. Tick=37600 Equity=44972.40 OpenPos=0 PendingOrders=0 UTC=2026.03.24 00:41 DayOfWeek=2 WeekendCloseActive=NO NewTradeBlocked=NO | 37600.000000
MP	0	18:41:39.284	Cazyxio_v4.3 (EURUSD,M15)	2026.03.24 00:41:39 | HEARTBEAT | SYSTEM | EA alive. Tick=37700 Equity=44972.40 OpenPos=0 PendingOrders=0 UTC=2026.03.24 00:41 DayOfWeek=2 WeekendCloseActive=NO NewTradeBlocked=NO | 37700.000000
KR	0	18:42:26.906	Cazyxio_v4.3 (EURUSD,M15)	2026.03.24 00:42:26 | HEARTBEAT | SYSTEM | EA alive. Tick=37800 Equity=44972.40 OpenPos=0 PendingOrders=0 UTC=2026.03.24 00:42 DayOfWeek=2 WeekendCloseActive=NO NewTradeBlocked=NO | 37800.000000
JL	0	18:43:07.364	Cazyxio_v4.3 (EURUSD,M15)	2026.03.24 00:43:07 | HEARTBEAT | SYSTEM | EA alive. Tick=37900 Equity=44972.40 OpenPos=0 PendingOrders=0 UTC=2026.03.24 00:43 DayOfWeek=2 WeekendCloseActive=NO NewTradeBlocked=NO | 37900.000000
EN	0	18:43:52.325	Cazyxio_v4.3 (EURUSD,M15)	2026.03.24 00:43:52 | HEARTBEAT | SYSTEM | EA alive. Tick=38000 Equity=44972.40 OpenPos=0 PendingOrders=0 UTC=2026.03.24 00:43 DayOfWeek=2 WeekendCloseActive=NO NewTradeBlocked=NO | 38000.000000
FH	0	18:44:38.222	Cazyxio_v4.3 (EURUSD,M15)	2026.03.24 00:44:38 | HEARTBEAT | SYSTEM | EA alive. Tick=38100 Equity=44972.40 OpenPos=0 PendingOrders=0 UTC=2026.03.24 00:44 DayOfWeek=2 WeekendCloseActive=NO NewTradeBlocked=NO | 38100.000000
JJ	0	18:45:43.430	Cazyxio_v4.3 (EURUSD,M15)	2026.03.24 00:45:43 | HEARTBEAT | SYSTEM | EA alive. Tick=38200 Equity=44972.40 OpenPos=0 PendingOrders=0 UTC=2026.03.24 00:45 DayOfWeek=2 WeekendCloseActive=NO NewTradeBlocked=NO | 38200.000000
LD	0	18:46:36.309	Cazyxio_v4.3 (EURUSD,M15)	2026.03.24 00:46:36 | HEARTBEAT | SYSTEM | EA alive. Tick=38300 Equity=44972.40 OpenPos=0 PendingOrders=0 UTC=2026.03.24 00:46 DayOfWeek=2 WeekendCloseActive=NO NewTradeBlocked=NO | 38300.000000
HF	0	18:47:55.340	Cazyxio_v4.3 (EURUSD,M15)	2026.03.24 00:47:55 | HEARTBEAT | SYSTEM | EA alive. Tick=38400 Equity=44972.40 OpenPos=0 PendingOrders=0 UTC=2026.03.24 00:47 DayOfWeek=2 WeekendCloseActive=NO NewTradeBlocked=NO | 38400.000000
MP	0	18:49:05.134	Cazyxio_v4.3 (EURUSD,M15)	2026.03.24 00:49:05 | HEARTBEAT | SYSTEM | EA alive. Tick=38500 Equity=44972.40 OpenPos=0 PendingOrders=0 UTC=2026.03.24 00:49 DayOfWeek=2 WeekendCloseActive=NO NewTradeBlocked=NO | 38500.000000
CR	0	18:49:49.792	Cazyxio_v4.3 (EURUSD,M15)	2026.03.24 00:49:49 | HEARTBEAT | SYSTEM | EA alive. Tick=38600 Equity=44972.40 OpenPos=0 PendingOrders=0 UTC=2026.03.24 00:49 DayOfWeek=2 WeekendCloseActive=NO NewTradeBlocked=NO | 38600.000000
DL	0	18:50:47.665	Cazyxio_v4.3 (EURUSD,M15)	2026.03.24 00:50:47 | HEARTBEAT | SYSTEM | EA alive. Tick=38700 Equity=44972.40 OpenPos=0 PendingOrders=0 UTC=2026.03.24 00:50 DayOfWeek=2 WeekendCloseActive=NO NewTradeBlocked=NO | 38700.000000
IN	0	18:52:02.101	Cazyxio_v4.3 (EURUSD,M15)	2026.03.24 00:52:02 | HEARTBEAT | SYSTEM | EA alive. Tick=38800 Equity=44972.40 OpenPos=0 PendingOrders=0 UTC=2026.03.24 00:52 DayOfWeek=2 WeekendCloseActive=NO NewTradeBlocked=NO | 38800.000000
EH	0	18:53:11.713	Cazyxio_v4.3 (EURUSD,M15)	2026.03.24 00:53:11 | HEARTBEAT | SYSTEM | EA alive. Tick=38900 Equity=44972.40 OpenPos=0 PendingOrders=0 UTC=2026.03.24 00:53 DayOfWeek=2 WeekendCloseActive=NO NewTradeBlocked=NO | 38900.000000
LJ	0	18:54:03.595	Cazyxio_v4.3 (EURUSD,M15)	2026.03.24 00:54:03 | HEARTBEAT | SYSTEM | EA alive. Tick=39000 Equity=44972.40 OpenPos=0 PendingOrders=0 UTC=2026.03.24 00:54 DayOfWeek=2 WeekendCloseActive=NO NewTradeBlocked=NO | 39000.000000
QD	0	18:54:58.169	Cazyxio_v4.3 (EURUSD,M15)	2026.03.24 00:54:58 | HEARTBEAT | SYSTEM | EA alive. Tick=39100 Equity=44972.40 OpenPos=0 PendingOrders=0 UTC=2026.03.24 00:54 DayOfWeek=2 WeekendCloseActive=NO NewTradeBlocked=NO | 39100.000000
NF	0	18:55:47.093	Cazyxio_v4.3 (EURUSD,M15)	2026.03.24 00:55:47 | HEARTBEAT | SYSTEM | EA alive. Tick=39200 Equity=44972.40 OpenPos=0 PendingOrders=0 UTC=2026.03.24 00:55 DayOfWeek=2 WeekendCloseActive=NO NewTradeBlocked=NO | 39200.000000
NP	0	18:56:47.889	Cazyxio_v4.3 (EURUSD,M15)	2026.03.24 00:56:47 | HEARTBEAT | SYSTEM | EA alive. Tick=39300 Equity=44972.40 OpenPos=0 PendingOrders=0 UTC=2026.03.24 00:56 DayOfWeek=2 WeekendCloseActive=NO NewTradeBlocked=NO | 39300.000000
LR	0	18:57:38.857	Cazyxio_v4.3 (EURUSD,M15)	2026.03.24 00:57:38 | HEARTBEAT | SYSTEM | EA alive. Tick=39400 Equity=44972.40 OpenPos=0 PendingOrders=0 UTC=2026.03.24 00:57 DayOfWeek=2 WeekendCloseActive=NO NewTradeBlocked=NO | 39400.000000
NL	0	18:58:39.430	Cazyxio_v4.3 (EURUSD,M15)	2026.03.24 00:58:39 | HEARTBEAT | SYSTEM | EA alive. Tick=39500 Equity=44972.40 OpenPos=0 PendingOrders=0 UTC=2026.03.24 00:58 DayOfWeek=2 WeekendCloseActive=NO NewTradeBlocked=NO | 39500.000000
JN	0	18:59:35.659	Cazyxio_v4.3 (EURUSD,M15)	2026.03.24 00:59:35 | HEARTBEAT | SYSTEM | EA alive. Tick=39600 Equity=44972.40 OpenPos=0 PendingOrders=0 UTC=2026.03.24 00:59 DayOfWeek=2 WeekendCloseActive=NO NewTradeBlocked=NO | 39600.000000
MF	0	19:00:00.426	Cazyxio_v4.3 (EURUSD,M15)	2026.03.24 01:00:00 | SESSION_WAIT | SYSTEM | Outside session. UTC_hour=1 Waiting.
CH	0	19:00:19.132	Cazyxio_v4.3 (EURUSD,M15)	2026.03.24 01:00:19 | HEARTBEAT | SYSTEM | EA alive. Tick=39700 Equity=44972.40 OpenPos=0 PendingOrders=0 UTC=2026.03.24 01:00 DayOfWeek=2 WeekendCloseActive=NO NewTradeBlocked=NO | 39700.000000
LJ	0	19:01:06.495	Cazyxio_v4.3 (EURUSD,M15)	2026.03.24 01:01:06 | HEARTBEAT | SYSTEM | EA alive. Tick=39800 Equity=44972.40 OpenPos=0 PendingOrders=0 UTC=2026.03.24 01:01 DayOfWeek=2 WeekendCloseActive=NO NewTradeBlocked=NO | 39800.000000
PD	0	19:01:49.158	Cazyxio_v4.3 (EURUSD,M15)	2026.03.24 01:01:49 | HEARTBEAT | SYSTEM | EA alive. Tick=39900 Equity=44972.40 OpenPos=0 PendingOrders=0 UTC=2026.03.24 01:01 DayOfWeek=2 WeekendCloseActive=NO NewTradeBlocked=NO | 39900.000000
EF	0	19:02:39.743	Cazyxio_v4.3 (EURUSD,M15)	2026.03.24 01:02:39 | HEARTBEAT | SYSTEM | EA alive. Tick=40000 Equity=44972.40 OpenPos=0 PendingOrders=0 UTC=2026.03.24 01:02 DayOfWeek=2 WeekendCloseActive=NO NewTradeBlocked=NO | 40000.000000
RP	0	19:03:34.084	Cazyxio_v4.3 (EURUSD,M15)	2026.03.24 01:03:34 | HEARTBEAT | SYSTEM | EA alive. Tick=40100 Equity=44972.40 OpenPos=0 PendingOrders=0 UTC=2026.03.24 01:03 DayOfWeek=2 WeekendCloseActive=NO NewTradeBlocked=NO | 40100.000000
ER	0	19:04:25.622	Cazyxio_v4.3 (EURUSD,M15)	2026.03.24 01:04:25 | HEARTBEAT | SYSTEM | EA alive. Tick=40200 Equity=44972.40 OpenPos=0 PendingOrders=0 UTC=2026.03.24 01:04 DayOfWeek=2 WeekendCloseActive=NO NewTradeBlocked=NO | 40200.000000
CL	0	19:05:16.410	Cazyxio_v4.3 (EURUSD,M15)	2026.03.24 01:05:16 | HEARTBEAT | SYSTEM | EA alive. Tick=40300 Equity=44972.40 OpenPos=0 PendingOrders=0 UTC=2026.03.24 01:05 DayOfWeek=2 WeekendCloseActive=NO NewTradeBlocked=NO | 40300.000000
QN	0	19:06:12.549	Cazyxio_v4.3 (EURUSD,M15)	2026.03.24 01:06:12 | HEARTBEAT | SYSTEM | EA alive. Tick=40400 Equity=44972.40 OpenPos=0 PendingOrders=0 UTC=2026.03.24 01:06 DayOfWeek=2 WeekendCloseActive=NO NewTradeBlocked=NO | 40400.000000
EH	0	19:07:13.050	Cazyxio_v4.3 (EURUSD,M15)	2026.03.24 01:07:13 | HEARTBEAT | SYSTEM | EA alive. Tick=40500 Equity=44972.40 OpenPos=0 PendingOrders=0 UTC=2026.03.24 01:07 DayOfWeek=2 WeekendCloseActive=NO NewTradeBlocked=NO | 40500.000000
RJ	0	19:08:20.575	Cazyxio_v4.3 (EURUSD,M15)	2026.03.24 01:08:20 | HEARTBEAT | SYSTEM | EA alive. Tick=40600 Equity=44972.40 OpenPos=0 PendingOrders=0 UTC=2026.03.24 01:08 DayOfWeek=2 WeekendCloseActive=NO NewTradeBlocked=NO | 40600.000000
QD	0	19:09:26.601	Cazyxio_v4.3 (EURUSD,M15)	2026.03.24 01:09:26 | HEARTBEAT | SYSTEM | EA alive. Tick=40700 Equity=44972.40 OpenPos=0 PendingOrders=0 UTC=2026.03.24 01:09 DayOfWeek=2 WeekendCloseActive=NO NewTradeBlocked=NO | 40700.000000
DF	0	19:10:41.356	Cazyxio_v4.3 (EURUSD,M15)	2026.03.24 01:10:41 | HEARTBEAT | SYSTEM | EA alive. Tick=40800 Equity=44972.40 OpenPos=0 PendingOrders=0 UTC=2026.03.24 01:10 DayOfWeek=2 WeekendCloseActive=NO NewTradeBlocked=NO | 40800.000000
EP	0	19:11:52.763	Cazyxio_v4.3 (EURUSD,M15)	2026.03.24 01:11:52 | HEARTBEAT | SYSTEM | EA alive. Tick=40900 Equity=44972.40 OpenPos=0 PendingOrders=0 UTC=2026.03.24 01:11 DayOfWeek=2 WeekendCloseActive=NO NewTradeBlocked=NO | 40900.000000
KR	0	19:12:56.597	Cazyxio_v4.3 (EURUSD,M15)	2026.03.24 01:12:56 | HEARTBEAT | SYSTEM | EA alive. Tick=41000 Equity=44972.40 OpenPos=0 PendingOrders=0 UTC=2026.03.24 01:12 DayOfWeek=2 WeekendCloseActive=NO NewTradeBlocked=NO | 41000.000000
QL	0	19:14:03.874	Cazyxio_v4.3 (EURUSD,M15)	2026.03.24 01:14:03 | HEARTBEAT | SYSTEM | EA alive. Tick=41100 Equity=44972.40 OpenPos=0 PendingOrders=0 UTC=2026.03.24 01:14 DayOfWeek=2 WeekendCloseActive=NO NewTradeBlocked=NO | 41100.000000
HN	0	19:15:01.724	Cazyxio_v4.3 (EURUSD,M15)	2026.03.24 01:15:01 | HEARTBEAT | SYSTEM | EA alive. Tick=41200 Equity=44972.40 OpenPos=0 PendingOrders=0 UTC=2026.03.24 01:15 DayOfWeek=2 WeekendCloseActive=NO NewTradeBlocked=NO | 41200.000000
JH	0	19:15:50.524	Cazyxio_v4.3 (EURUSD,M15)	2026.03.24 01:15:50 | HEARTBEAT | SYSTEM | EA alive. Tick=41300 Equity=44972.40 OpenPos=0 PendingOrders=0 UTC=2026.03.24 01:15 DayOfWeek=2 WeekendCloseActive=NO NewTradeBlocked=NO | 41300.000000
OJ	0	19:16:51.830	Cazyxio_v4.3 (EURUSD,M15)	2026.03.24 01:16:51 | HEARTBEAT | SYSTEM | EA alive. Tick=41400 Equity=44972.40 OpenPos=0 PendingOrders=0 UTC=2026.03.24 01:16 DayOfWeek=2 WeekendCloseActive=NO NewTradeBlocked=NO | 41400.000000
ID	0	19:17:45.514	Cazyxio_v4.3 (EURUSD,M15)	2026.03.24 01:17:45 | HEARTBEAT | SYSTEM | EA alive. Tick=41500 Equity=44972.40 OpenPos=0 PendingOrders=0 UTC=2026.03.24 01:17 DayOfWeek=2 WeekendCloseActive=NO NewTradeBlocked=NO | 41500.000000
NF	0	19:18:43.442	Cazyxio_v4.3 (EURUSD,M15)	2026.03.24 01:18:43 | HEARTBEAT | SYSTEM | EA alive. Tick=41600 Equity=44972.40 OpenPos=0 PendingOrders=0 UTC=2026.03.24 01:18 DayOfWeek=2 WeekendCloseActive=NO NewTradeBlocked=NO | 41600.000000
QP	0	19:19:50.503	Cazyxio_v4.3 (EURUSD,M15)	2026.03.24 01:19:50 | HEARTBEAT | SYSTEM | EA alive. Tick=41700 Equity=44972.40 OpenPos=0 PendingOrders=0 UTC=2026.03.24 01:19 DayOfWeek=2 WeekendCloseActive=NO NewTradeBlocked=NO | 41700.000000
ER	0	19:20:38.198	Cazyxio_v4.3 (EURUSD,M15)	2026.03.24 01:20:38 | HEARTBEAT | SYSTEM | EA alive. Tick=41800 Equity=44972.40 OpenPos=0 PendingOrders=0 UTC=2026.03.24 01:20 DayOfWeek=2 WeekendCloseActive=NO NewTradeBlocked=NO | 41800.000000
JL	0	19:21:34.163	Cazyxio_v4.3 (EURUSD,M15)	2026.03.24 01:21:34 | HEARTBEAT | SYSTEM | EA alive. Tick=41900 Equity=44972.40 OpenPos=0 PendingOrders=0 UTC=2026.03.24 01:21 DayOfWeek=2 WeekendCloseActive=NO NewTradeBlocked=NO | 41900.000000
LN	0	19:22:34.955	Cazyxio_v4.3 (EURUSD,M15)	2026.03.24 01:22:34 | HEARTBEAT | SYSTEM | EA alive. Tick=42000 Equity=44972.40 OpenPos=0 PendingOrders=0 UTC=2026.03.24 01:22 DayOfWeek=2 WeekendCloseActive=NO NewTradeBlocked=NO | 42000.000000
RH	0	19:23:24.439	Cazyxio_v4.3 (EURUSD,M15)	2026.03.24 01:23:24 | HEARTBEAT | SYSTEM | EA alive. Tick=42100 Equity=44972.40 OpenPos=0 PendingOrders=0 UTC=2026.03.24 01:23 DayOfWeek=2 WeekendCloseActive=NO NewTradeBlocked=NO | 42100.000000
HJ	0	19:24:08.267	Cazyxio_v4.3 (EURUSD,M15)	2026.03.24 01:24:08 | HEARTBEAT | SYSTEM | EA alive. Tick=42200 Equity=44972.40 OpenPos=0 PendingOrders=0 UTC=2026.03.24 01:24 DayOfWeek=2 WeekendCloseActive=NO NewTradeBlocked=NO | 42200.000000
ID	0	19:24:53.088	Cazyxio_v4.3 (EURUSD,M15)	2026.03.24 01:24:53 | HEARTBEAT | SYSTEM | EA alive. Tick=42300 Equity=44972.40 OpenPos=0 PendingOrders=0 UTC=2026.03.24 01:24 DayOfWeek=2 WeekendCloseActive=NO NewTradeBlocked=NO | 42300.000000
DF	0	19:25:55.237	Cazyxio_v4.3 (EURUSD,M15)	2026.03.24 01:25:55 | HEARTBEAT | SYSTEM | EA alive. Tick=42400 Equity=44972.40 OpenPos=0 PendingOrders=0 UTC=2026.03.24 01:25 DayOfWeek=2 WeekendCloseActive=NO NewTradeBlocked=NO | 42400.000000
KP	0	19:26:47.738	Cazyxio_v4.3 (EURUSD,M15)	2026.03.24 01:26:47 | HEARTBEAT | SYSTEM | EA alive. Tick=42500 Equity=44972.40 OpenPos=0 PendingOrders=0 UTC=2026.03.24 01:26 DayOfWeek=2 WeekendCloseActive=NO NewTradeBlocked=NO | 42500.000000
FR	0	19:27:48.107	Cazyxio_v4.3 (EURUSD,M15)	2026.03.24 01:27:48 | HEARTBEAT | SYSTEM | EA alive. Tick=42600 Equity=44972.40 OpenPos=0 PendingOrders=0 UTC=2026.03.24 01:27 DayOfWeek=2 WeekendCloseActive=NO NewTradeBlocked=NO | 42600.000000
EL	0	19:29:03.832	Cazyxio_v4.3 (EURUSD,M15)	2026.03.24 01:29:03 | HEARTBEAT | SYSTEM | EA alive. Tick=42700 Equity=44972.40 OpenPos=0 PendingOrders=0 UTC=2026.03.24 01:29 DayOfWeek=2 WeekendCloseActive=NO NewTradeBlocked=NO | 42700.000000
QN	0	19:30:13.195	Cazyxio_v4.3 (EURUSD,M15)	2026.03.24 01:30:13 | HEARTBEAT | SYSTEM | EA alive. Tick=42800 Equity=44972.40 OpenPos=0 PendingOrders=0 UTC=2026.03.24 01:30 DayOfWeek=2 WeekendCloseActive=NO NewTradeBlocked=NO | 42800.000000
OH	0	19:31:02.619	Cazyxio_v4.3 (EURUSD,M15)	2026.03.24 01:31:02 | HEARTBEAT | SYSTEM | EA alive. Tick=42900 Equity=44972.40 OpenPos=0 PendingOrders=0 UTC=2026.03.24 01:31 DayOfWeek=2 WeekendCloseActive=NO NewTradeBlocked=NO | 42900.000000
FJ	0	19:32:14.310	Cazyxio_v4.3 (EURUSD,M15)	2026.03.24 01:32:14 | HEARTBEAT | SYSTEM | EA alive. Tick=43000 Equity=44972.40 OpenPos=0 PendingOrders=0 UTC=2026.03.24 01:32 DayOfWeek=2 WeekendCloseActive=NO NewTradeBlocked=NO | 43000.000000
MD	0	19:33:20.569	Cazyxio_v4.3 (EURUSD,M15)	2026.03.24 01:33:20 | HEARTBEAT | SYSTEM | EA alive. Tick=43100 Equity=44972.40 OpenPos=0 PendingOrders=0 UTC=2026.03.24 01:33 DayOfWeek=2 WeekendCloseActive=NO NewTradeBlocked=NO | 43100.000000
IF	0	19:34:22.100	Cazyxio_v4.3 (EURUSD,M15)	2026.03.24 01:34:22 | HEARTBEAT | SYSTEM | EA alive. Tick=43200 Equity=44972.40 OpenPos=0 PendingOrders=0 UTC=2026.03.24 01:34 DayOfWeek=2 WeekendCloseActive=NO NewTradeBlocked=NO | 43200.000000
EP	0	19:35:47.343	Cazyxio_v4.3 (EURUSD,M15)	2026.03.24 01:35:47 | HEARTBEAT | SYSTEM | EA alive. Tick=43300 Equity=44972.40 OpenPos=0 PendingOrders=0 UTC=2026.03.24 01:35 DayOfWeek=2 WeekendCloseActive=NO NewTradeBlocked=NO | 43300.000000
GR	0	19:37:00.707	Cazyxio_v4.3 (EURUSD,M15)	2026.03.24 01:37:00 | HEARTBEAT | SYSTEM | EA alive. Tick=43400 Equity=44972.40 OpenPos=0 PendingOrders=0 UTC=2026.03.24 01:37 DayOfWeek=2 WeekendCloseActive=NO NewTradeBlocked=NO | 43400.000000
KL	0	19:38:07.366	Cazyxio_v4.3 (EURUSD,M15)	2026.03.24 01:38:07 | HEARTBEAT | SYSTEM | EA alive. Tick=43500 Equity=44972.40 OpenPos=0 PendingOrders=0 UTC=2026.03.24 01:38 DayOfWeek=2 WeekendCloseActive=NO NewTradeBlocked=NO | 43500.000000
PN	0	19:39:13.733	Cazyxio_v4.3 (EURUSD,M15)	2026.03.24 01:39:13 | HEARTBEAT | SYSTEM | EA alive. Tick=43600 Equity=44972.40 OpenPos=0 PendingOrders=0 UTC=2026.03.24 01:39 DayOfWeek=2 WeekendCloseActive=NO NewTradeBlocked=NO | 43600.000000
EH	0	19:40:21.503	Cazyxio_v4.3 (EURUSD,M15)	2026.03.24 01:40:21 | HEARTBEAT | SYSTEM | EA alive. Tick=43700 Equity=44972.40 OpenPos=0 PendingOrders=0 UTC=2026.03.24 01:40 DayOfWeek=2 WeekendCloseActive=NO NewTradeBlocked=NO | 43700.000000
EJ	0	19:41:42.315	Cazyxio_v4.3 (EURUSD,M15)	2026.03.24 01:41:42 | HEARTBEAT | SYSTEM | EA alive. Tick=43800 Equity=44972.40 OpenPos=0 PendingOrders=0 UTC=2026.03.24 01:41 DayOfWeek=2 WeekendCloseActive=NO NewTradeBlocked=NO | 43800.000000
FD	0	19:43:07.774	Cazyxio_v4.3 (EURUSD,M15)	2026.03.24 01:43:07 | HEARTBEAT | SYSTEM | EA alive. Tick=43900 Equity=44972.40 OpenPos=0 PendingOrders=0 UTC=2026.03.24 01:43 DayOfWeek=2 WeekendCloseActive=NO NewTradeBlocked=NO | 43900.000000
EF	0	19:44:23.046	Cazyxio_v4.3 (EURUSD,M15)	2026.03.24 01:44:23 | HEARTBEAT | SYSTEM | EA alive. Tick=44000 Equity=44972.40 OpenPos=0 PendingOrders=0 UTC=2026.03.24 01:44 DayOfWeek=2 WeekendCloseActive=NO NewTradeBlocked=NO | 44000.000000
CP	0	19:45:30.540	Cazyxio_v4.3 (EURUSD,M15)	2026.03.24 01:45:30 | HEARTBEAT | SYSTEM | EA alive. Tick=44100 Equity=44972.40 OpenPos=0 PendingOrders=0 UTC=2026.03.24 01:45 DayOfWeek=2 WeekendCloseActive=NO NewTradeBlocked=NO | 44100.000000
LR	0	19:47:06.974	Cazyxio_v4.3 (EURUSD,M15)	2026.03.24 01:47:06 | HEARTBEAT | SYSTEM | EA alive. Tick=44200 Equity=44972.40 OpenPos=0 PendingOrders=0 UTC=2026.03.24 01:47 DayOfWeek=2 WeekendCloseActive=NO NewTradeBlocked=NO | 44200.000000
FL	0	19:48:13.483	Cazyxio_v4.3 (EURUSD,M15)	2026.03.24 01:48:13 | HEARTBEAT | SYSTEM | EA alive. Tick=44300 Equity=44972.40 OpenPos=0 PendingOrders=0 UTC=2026.03.24 01:48 DayOfWeek=2 WeekendCloseActive=NO NewTradeBlocked=NO | 44300.000000
MN	0	19:49:20.263	Cazyxio_v4.3 (EURUSD,M15)	2026.03.24 01:49:20 | HEARTBEAT | SYSTEM | EA alive. Tick=44400 Equity=44972.40 OpenPos=0 PendingOrders=0 UTC=2026.03.24 01:49 DayOfWeek=2 WeekendCloseActive=NO NewTradeBlocked=NO | 44400.000000
OH	0	19:50:09.090	Cazyxio_v4.3 (EURUSD,M15)	2026.03.24 01:50:09 | HEARTBEAT | SYSTEM | EA alive. Tick=44500 Equity=44972.40 OpenPos=0 PendingOrders=0 UTC=2026.03.24 01:50 DayOfWeek=2 WeekendCloseActive=NO NewTradeBlocked=NO | 44500.000000
JJ	0	19:51:10.333	Cazyxio_v4.3 (EURUSD,M15)	2026.03.24 01:51:10 | HEARTBEAT | SYSTEM | EA alive. Tick=44600 Equity=44972.40 OpenPos=0 PendingOrders=0 UTC=2026.03.24 01:51 DayOfWeek=2 WeekendCloseActive=NO NewTradeBlocked=NO | 44600.000000
OD	0	19:52:15.821	Cazyxio_v4.3 (EURUSD,M15)	2026.03.24 01:52:15 | HEARTBEAT | SYSTEM | EA alive. Tick=44700 Equity=44972.40 OpenPos=0 PendingOrders=0 UTC=2026.03.24 01:52 DayOfWeek=2 WeekendCloseActive=NO NewTradeBlocked=NO | 44700.000000
GF	0	19:54:03.234	Cazyxio_v4.3 (EURUSD,M15)	2026.03.24 01:54:03 | HEARTBEAT | SYSTEM | EA alive. Tick=44800 Equity=44972.40 OpenPos=0 PendingOrders=0 UTC=2026.03.24 01:54 DayOfWeek=2 WeekendCloseActive=NO NewTradeBlocked=NO | 44800.000000
RP	0	19:55:17.942	Cazyxio_v4.3 (EURUSD,M15)	2026.03.24 01:55:17 | HEARTBEAT | SYSTEM | EA alive. Tick=44900 Equity=44972.40 OpenPos=0 PendingOrders=0 UTC=2026.03.24 01:55 DayOfWeek=2 WeekendCloseActive=NO NewTradeBlocked=NO | 44900.000000
ER	0	19:56:33.230	Cazyxio_v4.3 (EURUSD,M15)	2026.03.24 01:56:33 | HEARTBEAT | SYSTEM | EA alive. Tick=45000 Equity=44972.40 OpenPos=0 PendingOrders=0 UTC=2026.03.24 01:56 DayOfWeek=2 WeekendCloseActive=NO NewTradeBlocked=NO | 45000.000000
KL	0	19:57:43.912	Cazyxio_v4.3 (EURUSD,M15)	2026.03.24 01:57:43 | HEARTBEAT | SYSTEM | EA alive. Tick=45100 Equity=44972.40 OpenPos=0 PendingOrders=0 UTC=2026.03.24 01:57 DayOfWeek=2 WeekendCloseActive=NO NewTradeBlocked=NO | 45100.000000
KN	0	19:58:39.467	Cazyxio_v4.3 (EURUSD,M15)	2026.03.24 01:58:39 | HEARTBEAT | SYSTEM | EA alive. Tick=45200 Equity=44972.40 OpenPos=0 PendingOrders=0 UTC=2026.03.24 01:58 DayOfWeek=2 WeekendCloseActive=NO NewTradeBlocked=NO | 45200.000000
QH	0	19:59:37.640	Cazyxio_v4.3 (EURUSD,M15)	2026.03.24 01:59:37 | HEARTBEAT | SYSTEM | EA alive. Tick=45300 Equity=44972.40 OpenPos=0 PendingOrders=0 UTC=2026.03.24 01:59 DayOfWeek=2 WeekendCloseActive=NO NewTradeBlocked=NO | 45300.000000
ND	0	20:00:00.128	Cazyxio_v4.3 (EURUSD,M15)	2026.03.24 02:00:00 | SESSION_WAIT | SYSTEM | Outside session. UTC_hour=2 Waiting.
NJ	0	20:00:37.100	Cazyxio_v4.3 (EURUSD,M15)	2026.03.24 02:00:37 | HEARTBEAT | SYSTEM | EA alive. Tick=45400 Equity=44972.40 OpenPos=0 PendingOrders=0 UTC=2026.03.24 02:00 DayOfWeek=2 WeekendCloseActive=NO NewTradeBlocked=NO | 45400.000000
ED	0	20:01:38.382	Cazyxio_v4.3 (EURUSD,M15)	2026.03.24 02:01:38 | HEARTBEAT | SYSTEM | EA alive. Tick=45500 Equity=44972.40 OpenPos=0 PendingOrders=0 UTC=2026.03.24 02:01 DayOfWeek=2 WeekendCloseActive=NO NewTradeBlocked=NO | 45500.000000
FF	0	20:02:49.380	Cazyxio_v4.3 (EURUSD,M15)	2026.03.24 02:02:49 | HEARTBEAT | SYSTEM | EA alive. Tick=45600 Equity=44972.40 OpenPos=0 PendingOrders=0 UTC=2026.03.24 02:02 DayOfWeek=2 WeekendCloseActive=NO NewTradeBlocked=NO | 45600.000000
FP	0	20:03:49.497	Cazyxio_v4.3 (EURUSD,M15)	2026.03.24 02:03:49 | HEARTBEAT | SYSTEM | EA alive. Tick=45700 Equity=44972.40 OpenPos=0 PendingOrders=0 UTC=2026.03.24 02:03 DayOfWeek=2 WeekendCloseActive=NO NewTradeBlocked=NO | 45700.000000
GR	0	20:04:48.903	Cazyxio_v4.3 (EURUSD,M15)	2026.03.24 02:04:48 | HEARTBEAT | SYSTEM | EA alive. Tick=45800 Equity=44972.40 OpenPos=0 PendingOrders=0 UTC=2026.03.24 02:04 DayOfWeek=2 WeekendCloseActive=NO NewTradeBlocked=NO | 45800.000000
LL	0	20:06:01.445	Cazyxio_v4.3 (EURUSD,M15)	2026.03.24 02:06:01 | HEARTBEAT | SYSTEM | EA alive. Tick=45900 Equity=44972.40 OpenPos=0 PendingOrders=0 UTC=2026.03.24 02:06 DayOfWeek=2 WeekendCloseActive=NO NewTradeBlocked=NO | 45900.000000
PN	0	20:07:15.011	Cazyxio_v4.3 (EURUSD,M15)	2026.03.24 02:07:15 | HEARTBEAT | SYSTEM | EA alive. Tick=46000 Equity=44972.40 OpenPos=0 PendingOrders=0 UTC=2026.03.24 02:07 DayOfWeek=2 WeekendCloseActive=NO NewTradeBlocked=NO | 46000.000000
FH	0	20:08:21.320	Cazyxio_v4.3 (EURUSD,M15)	2026.03.24 02:08:21 | HEARTBEAT | SYSTEM | EA alive. Tick=46100 Equity=44972.40 OpenPos=0 PendingOrders=0 UTC=2026.03.24 02:08 DayOfWeek=2 WeekendCloseActive=NO NewTradeBlocked=NO | 46100.000000
DJ	0	20:09:22.727	Cazyxio_v4.3 (EURUSD,M15)	2026.03.24 02:09:22 | HEARTBEAT | SYSTEM | EA alive. Tick=46200 Equity=44972.40 OpenPos=0 PendingOrders=0 UTC=2026.03.24 02:09 DayOfWeek=2 WeekendCloseActive=NO NewTradeBlocked=NO | 46200.000000
OD	0	20:10:23.667	Cazyxio_v4.3 (EURUSD,M15)	2026.03.24 02:10:23 | HEARTBEAT | SYSTEM | EA alive. Tick=46300 Equity=44972.40 OpenPos=0 PendingOrders=0 UTC=2026.03.24 02:10 DayOfWeek=2 WeekendCloseActive=NO NewTradeBlocked=NO | 46300.000000
LF	0	20:11:28.571	Cazyxio_v4.3 (EURUSD,M15)	2026.03.24 02:11:28 | HEARTBEAT | SYSTEM | EA alive. Tick=46400 Equity=44972.40 OpenPos=0 PendingOrders=0 UTC=2026.03.24 02:11 DayOfWeek=2 WeekendCloseActive=NO NewTradeBlocked=NO | 46400.000000
IP	0	20:12:33.924	Cazyxio_v4.3 (EURUSD,M15)	2026.03.24 02:12:33 | HEARTBEAT | SYSTEM | EA alive. Tick=46500 Equity=44972.40 OpenPos=0 PendingOrders=0 UTC=2026.03.24 02:12 DayOfWeek=2 WeekendCloseActive=NO NewTradeBlocked=NO | 46500.000000
NR	0	20:14:01.884	Cazyxio_v4.3 (EURUSD,M15)	2026.03.24 02:14:01 | HEARTBEAT | SYSTEM | EA alive. Tick=46600 Equity=44972.40 OpenPos=0 PendingOrders=0 UTC=2026.03.24 02:14 DayOfWeek=2 WeekendCloseActive=NO NewTradeBlocked=NO | 46600.000000
ML	0	20:15:24.141	Cazyxio_v4.3 (EURUSD,M15)	2026.03.24 02:15:24 | HEARTBEAT | SYSTEM | EA alive. Tick=46700 Equity=44972.40 OpenPos=0 PendingOrders=0 UTC=2026.03.24 02:15 DayOfWeek=2 WeekendCloseActive=NO NewTradeBlocked=NO | 46700.000000
ON	0	20:17:01.505	Cazyxio_v4.3 (EURUSD,M15)	2026.03.24 02:17:01 | HEARTBEAT | SYSTEM | EA alive. Tick=46800 Equity=44972.40 OpenPos=0 PendingOrders=0 UTC=2026.03.24 02:17 DayOfWeek=2 WeekendCloseActive=NO NewTradeBlocked=NO | 46800.000000
GH	0	20:18:02.531	Cazyxio_v4.3 (EURUSD,M15)	2026.03.24 02:18:02 | HEARTBEAT | SYSTEM | EA alive. Tick=46900 Equity=44972.40 OpenPos=0 PendingOrders=0 UTC=2026.03.24 02:18 DayOfWeek=2 WeekendCloseActive=NO NewTradeBlocked=NO | 46900.000000
DJ	0	20:19:37.223	Cazyxio_v4.3 (EURUSD,M15)	2026.03.24 02:19:37 | HEARTBEAT | SYSTEM | EA alive. Tick=47000 Equity=44972.40 OpenPos=0 PendingOrders=0 UTC=2026.03.24 02:19 DayOfWeek=2 WeekendCloseActive=NO NewTradeBlocked=NO | 47000.000000
PD	0	20:20:57.401	Cazyxio_v4.3 (EURUSD,M15)	2026.03.24 02:20:57 | HEARTBEAT | SYSTEM | EA alive. Tick=47100 Equity=44972.40 OpenPos=0 PendingOrders=0 UTC=2026.03.24 02:20 DayOfWeek=2 WeekendCloseActive=NO NewTradeBlocked=NO | 47100.000000
EF	0	20:22:15.282	Cazyxio_v4.3 (EURUSD,M15)	2026.03.24 02:22:15 | HEARTBEAT | SYSTEM | EA alive. Tick=47200 Equity=44972.40 OpenPos=0 PendingOrders=0 UTC=2026.03.24 02:22 DayOfWeek=2 WeekendCloseActive=NO NewTradeBlocked=NO | 47200.000000
FP	0	20:23:26.118	Cazyxio_v4.3 (EURUSD,M15)	2026.03.24 02:23:26 | HEARTBEAT | SYSTEM | EA alive. Tick=47300 Equity=44972.40 OpenPos=0 PendingOrders=0 UTC=2026.03.24 02:23 DayOfWeek=2 WeekendCloseActive=NO NewTradeBlocked=NO | 47300.000000
QR	0	20:24:49.266	Cazyxio_v4.3 (EURUSD,M15)	2026.03.24 02:24:49 | HEARTBEAT | SYSTEM | EA alive. Tick=47400 Equity=44972.40 OpenPos=0 PendingOrders=0 UTC=2026.03.24 02:24 DayOfWeek=2 WeekendCloseActive=NO NewTradeBlocked=NO | 47400.000000
GL	0	20:26:15.219	Cazyxio_v4.3 (EURUSD,M15)	2026.03.24 02:26:15 | HEARTBEAT | SYSTEM | EA alive. Tick=47500 Equity=44972.40 OpenPos=0 PendingOrders=0 UTC=2026.03.24 02:26 DayOfWeek=2 WeekendCloseActive=NO NewTradeBlocked=NO | 47500.000000
NN	0	20:27:17.510	Cazyxio_v4.3 (EURUSD,M15)	2026.03.24 02:27:17 | HEARTBEAT | SYSTEM | EA alive. Tick=47600 Equity=44972.40 OpenPos=0 PendingOrders=0 UTC=2026.03.24 02:27 DayOfWeek=2 WeekendCloseActive=NO NewTradeBlocked=NO | 47600.000000
MH	0	20:28:24.684	Cazyxio_v4.3 (EURUSD,M15)	2026.03.24 02:28:24 | HEARTBEAT | SYSTEM | EA alive. Tick=47700 Equity=44972.40 OpenPos=0 PendingOrders=0 UTC=2026.03.24 02:28 DayOfWeek=2 WeekendCloseActive=NO NewTradeBlocked=NO | 47700.000000
EJ	0	20:29:33.553	Cazyxio_v4.3 (EURUSD,M15)	2026.03.24 02:29:33 | HEARTBEAT | SYSTEM | EA alive. Tick=47800 Equity=44972.40 OpenPos=0 PendingOrders=0 UTC=2026.03.24 02:29 DayOfWeek=2 WeekendCloseActive=NO NewTradeBlocked=NO | 47800.000000
QD	0	20:30:35.722	Cazyxio_v4.3 (EURUSD,M15)	2026.03.24 02:30:35 | HEARTBEAT | SYSTEM | EA alive. Tick=47900 Equity=44972.40 OpenPos=0 PendingOrders=0 UTC=2026.03.24 02:30 DayOfWeek=2 WeekendCloseActive=NO NewTradeBlocked=NO | 47900.000000
MF	0	20:31:36.983	Cazyxio_v4.3 (EURUSD,M15)	2026.03.24 02:31:36 | HEARTBEAT | SYSTEM | EA alive. Tick=48000 Equity=44972.40 OpenPos=0 PendingOrders=0 UTC=2026.03.24 02:31 DayOfWeek=2 WeekendCloseActive=NO NewTradeBlocked=NO | 48000.000000
FP	0	20:32:34.877	Cazyxio_v4.3 (EURUSD,M15)	2026.03.24 02:32:34 | HEARTBEAT | SYSTEM | EA alive. Tick=48100 Equity=44972.40 OpenPos=0 PendingOrders=0 UTC=2026.03.24 02:32 DayOfWeek=2 WeekendCloseActive=NO NewTradeBlocked=NO | 48100.000000
LR	0	20:33:42.605	Cazyxio_v4.3 (EURUSD,M15)	2026.03.24 02:33:42 | HEARTBEAT | SYSTEM | EA alive. Tick=48200 Equity=44972.40 OpenPos=0 PendingOrders=0 UTC=2026.03.24 02:33 DayOfWeek=2 WeekendCloseActive=NO NewTradeBlocked=NO | 48200.000000
RL	0	20:34:52.266	Cazyxio_v4.3 (EURUSD,M15)	2026.03.24 02:34:52 | HEARTBEAT | SYSTEM | EA alive. Tick=48300 Equity=44972.40 OpenPos=0 PendingOrders=0 UTC=2026.03.24 02:34 DayOfWeek=2 WeekendCloseActive=NO NewTradeBlocked=NO | 48300.000000
HN	0	20:35:52.933	Cazyxio_v4.3 (EURUSD,M15)	2026.03.24 02:35:52 | HEARTBEAT | SYSTEM | EA alive. Tick=48400 Equity=44972.40 OpenPos=0 PendingOrders=0 UTC=2026.03.24 02:35 DayOfWeek=2 WeekendCloseActive=NO NewTradeBlocked=NO | 48400.000000
DH	0	20:37:06.438	Cazyxio_v4.3 (EURUSD,M15)	2026.03.24 02:37:06 | HEARTBEAT | SYSTEM | EA alive. Tick=48500 Equity=44972.40 OpenPos=0 PendingOrders=0 UTC=2026.03.24 02:37 DayOfWeek=2 WeekendCloseActive=NO NewTradeBlocked=NO | 48500.000000
QJ	0	20:38:48.359	Cazyxio_v4.3 (EURUSD,M15)	2026.03.24 02:38:48 | HEARTBEAT | SYSTEM | EA alive. Tick=48600 Equity=44972.40 OpenPos=0 PendingOrders=0 UTC=2026.03.24 02:38 DayOfWeek=2 WeekendCloseActive=NO NewTradeBlocked=NO | 48600.000000
KD	0	20:40:45.633	Cazyxio_v4.3 (EURUSD,M15)	2026.03.24 02:40:45 | HEARTBEAT | SYSTEM | EA alive. Tick=48700 Equity=44972.40 OpenPos=0 PendingOrders=0 UTC=2026.03.24 02:40 DayOfWeek=2 WeekendCloseActive=NO NewTradeBlocked=NO | 48700.000000
EF	0	20:42:47.824	Cazyxio_v4.3 (EURUSD,M15)	2026.03.24 02:42:47 | HEARTBEAT | SYSTEM | EA alive. Tick=48800 Equity=44972.40 OpenPos=0 PendingOrders=0 UTC=2026.03.24 02:42 DayOfWeek=2 WeekendCloseActive=NO NewTradeBlocked=NO | 48800.000000
PP	0	20:44:29.272	Cazyxio_v4.3 (EURUSD,M15)	2026.03.24 02:44:29 | HEARTBEAT | SYSTEM | EA alive. Tick=48900 Equity=44972.40 OpenPos=0 PendingOrders=0 UTC=2026.03.24 02:44 DayOfWeek=2 WeekendCloseActive=NO NewTradeBlocked=NO | 48900.000000
RR	0	20:46:07.777	Cazyxio_v4.3 (EURUSD,M15)	2026.03.24 02:46:07 | HEARTBEAT | SYSTEM | EA alive. Tick=49000 Equity=44972.40 OpenPos=0 PendingOrders=0 UTC=2026.03.24 02:46 DayOfWeek=2 WeekendCloseActive=NO NewTradeBlocked=NO | 49000.000000
QL	0	20:47:50.557	Cazyxio_v4.3 (EURUSD,M15)	2026.03.24 02:47:50 | HEARTBEAT | SYSTEM | EA alive. Tick=49100 Equity=44972.40 OpenPos=0 PendingOrders=0 UTC=2026.03.24 02:47 DayOfWeek=2 WeekendCloseActive=NO NewTradeBlocked=NO | 49100.000000
MN	0	20:49:58.278	Cazyxio_v4.3 (EURUSD,M15)	2026.03.24 02:49:58 | HEARTBEAT | SYSTEM | EA alive. Tick=49200 Equity=44972.40 OpenPos=0 PendingOrders=0 UTC=2026.03.24 02:49 DayOfWeek=2 WeekendCloseActive=NO NewTradeBlocked=NO | 49200.000000
EH	0	20:51:12.851	Cazyxio_v4.3 (EURUSD,M15)	2026.03.24 02:51:12 | HEARTBEAT | SYSTEM | EA alive. Tick=49300 Equity=44972.40 OpenPos=0 PendingOrders=0 UTC=2026.03.24 02:51 DayOfWeek=2 WeekendCloseActive=NO NewTradeBlocked=NO | 49300.000000
LJ	0	20:52:33.985	Cazyxio_v4.3 (EURUSD,M15)	2026.03.24 02:52:33 | HEARTBEAT | SYSTEM | EA alive. Tick=49400 Equity=44972.40 OpenPos=0 PendingOrders=0 UTC=2026.03.24 02:52 DayOfWeek=2 WeekendCloseActive=NO NewTradeBlocked=NO | 49400.000000
RD	0	20:54:06.532	Cazyxio_v4.3 (EURUSD,M15)	2026.03.24 02:54:06 | HEARTBEAT | SYSTEM | EA alive. Tick=49500 Equity=44972.40 OpenPos=0 PendingOrders=0 UTC=2026.03.24 02:54 DayOfWeek=2 WeekendCloseActive=NO NewTradeBlocked=NO | 49500.000000
CF	0	20:55:32.569	Cazyxio_v4.3 (EURUSD,M15)	2026.03.24 02:55:32 | HEARTBEAT | SYSTEM | EA alive. Tick=49600 Equity=44972.40 OpenPos=0 PendingOrders=0 UTC=2026.03.24 02:55 DayOfWeek=2 WeekendCloseActive=NO NewTradeBlocked=NO | 49600.000000
QP	0	20:57:10.879	Cazyxio_v4.3 (EURUSD,M15)	2026.03.24 02:57:10 | HEARTBEAT | SYSTEM | EA alive. Tick=49700 Equity=44972.40 OpenPos=0 PendingOrders=0 UTC=2026.03.24 02:57 DayOfWeek=2 WeekendCloseActive=NO NewTradeBlocked=NO | 49700.000000
MR	0	20:58:19.728	Cazyxio_v4.3 (EURUSD,M15)	2026.03.24 02:58:19 | HEARTBEAT | SYSTEM | EA alive. Tick=49800 Equity=44972.40 OpenPos=0 PendingOrders=0 UTC=2026.03.24 02:58 DayOfWeek=2 WeekendCloseActive=NO NewTradeBlocked=NO | 49800.000000
GL	0	20:59:43.828	Cazyxio_v4.3 (EURUSD,M15)	2026.03.24 02:59:43 | HEARTBEAT | SYSTEM | EA alive. Tick=49900 Equity=44972.40 OpenPos=0 PendingOrders=0 UTC=2026.03.24 02:59 DayOfWeek=2 WeekendCloseActive=NO NewTradeBlocked=NO | 49900.000000
RP	0	21:00:01.394	Cazyxio_v4.3 (EURUSD,M15)	2026.03.24 03:00:01 | SESSION_WAIT | SYSTEM | Outside session. UTC_hour=3 Waiting.
JN	0	21:00:39.950	Cazyxio_v4.3 (EURUSD,M15)	2026.03.24 03:00:39 | HEARTBEAT | SYSTEM | EA alive. Tick=50000 Equity=44972.40 OpenPos=0 PendingOrders=0 UTC=2026.03.24 03:00 DayOfWeek=2 WeekendCloseActive=NO NewTradeBlocked=NO | 50000.000000
NH	0	21:01:52.076	Cazyxio_v4.3 (EURUSD,M15)	2026.03.24 03:01:52 | HEARTBEAT | SYSTEM | EA alive. Tick=50100 Equity=44972.40 OpenPos=0 PendingOrders=0 UTC=2026.03.24 03:01 DayOfWeek=2 WeekendCloseActive=NO NewTradeBlocked=NO | 50100.000000
GJ	0	21:03:18.509	Cazyxio_v4.3 (EURUSD,M15)	2026.03.24 03:03:18 | HEARTBEAT | SYSTEM | EA alive. Tick=50200 Equity=44972.40 OpenPos=0 PendingOrders=0 UTC=2026.03.24 03:03 DayOfWeek=2 WeekendCloseActive=NO NewTradeBlocked=NO | 50200.000000
JD	0	21:04:47.945	Cazyxio_v4.3 (EURUSD,M15)	2026.03.24 03:04:47 | HEARTBEAT | SYSTEM | EA alive. Tick=50300 Equity=44972.40 OpenPos=0 PendingOrders=0 UTC=2026.03.24 03:04 DayOfWeek=2 WeekendCloseActive=NO NewTradeBlocked=NO | 50300.000000
HF	0	21:06:02.118	Cazyxio_v4.3 (EURUSD,M15)	2026.03.24 03:06:02 | HEARTBEAT | SYSTEM | EA alive. Tick=50400 Equity=44972.40 OpenPos=0 PendingOrders=0 UTC=2026.03.24 03:06 DayOfWeek=2 WeekendCloseActive=NO NewTradeBlocked=NO | 50400.000000
GP	0	21:07:57.796	Cazyxio_v4.3 (EURUSD,M15)	2026.03.24 03:07:57 | HEARTBEAT | SYSTEM | EA alive. Tick=50500 Equity=44972.40 OpenPos=0 PendingOrders=0 UTC=2026.03.24 03:07 DayOfWeek=2 WeekendCloseActive=NO NewTradeBlocked=NO | 50500.000000
LR	0	21:10:05.506	Cazyxio_v4.3 (EURUSD,M15)	2026.03.24 03:10:05 | HEARTBEAT | SYSTEM | EA alive. Tick=50600 Equity=44972.40 OpenPos=0 PendingOrders=0 UTC=2026.03.24 03:10 DayOfWeek=2 WeekendCloseActive=NO NewTradeBlocked=NO | 50600.000000
EL	0	21:11:41.449	Cazyxio_v4.3 (EURUSD,M15)	2026.03.24 03:11:41 | HEARTBEAT | SYSTEM | EA alive. Tick=50700 Equity=44972.40 OpenPos=0 PendingOrders=0 UTC=2026.03.24 03:11 DayOfWeek=2 WeekendCloseActive=NO NewTradeBlocked=NO | 50700.000000
NN	0	21:13:24.112	Cazyxio_v4.3 (EURUSD,M15)	2026.03.24 03:13:24 | HEARTBEAT | SYSTEM | EA alive. Tick=50800 Equity=44972.40 OpenPos=0 PendingOrders=0 UTC=2026.03.24 03:13 DayOfWeek=2 WeekendCloseActive=NO NewTradeBlocked=NO | 50800.000000
RH	0	21:15:19.671	Cazyxio_v4.3 (EURUSD,M15)	2026.03.24 03:15:19 | HEARTBEAT | SYSTEM | EA alive. Tick=50900 Equity=44972.40 OpenPos=0 PendingOrders=0 UTC=2026.03.24 03:15 DayOfWeek=2 WeekendCloseActive=NO NewTradeBlocked=NO | 50900.000000
LJ	0	21:17:06.567	Cazyxio_v4.3 (EURUSD,M15)	2026.03.24 03:17:06 | HEARTBEAT | SYSTEM | EA alive. Tick=51000 Equity=44972.40 OpenPos=0 PendingOrders=0 UTC=2026.03.24 03:17 DayOfWeek=2 WeekendCloseActive=NO NewTradeBlocked=NO | 51000.000000
ND	0	21:18:47.999	Cazyxio_v4.3 (EURUSD,M15)	2026.03.24 03:18:47 | HEARTBEAT | SYSTEM | EA alive. Tick=51100 Equity=44972.40 OpenPos=0 PendingOrders=0 UTC=2026.03.24 03:18 DayOfWeek=2 WeekendCloseActive=NO NewTradeBlocked=NO | 51100.000000
NF	0	21:20:28.112	Cazyxio_v4.3 (EURUSD,M15)	2026.03.24 03:20:28 | HEARTBEAT | SYSTEM | EA alive. Tick=51200 Equity=44972.40 OpenPos=0 PendingOrders=0 UTC=2026.03.24 03:20 DayOfWeek=2 WeekendCloseActive=NO NewTradeBlocked=NO | 51200.000000
DP	0	21:23:04.759	Cazyxio_v4.3 (EURUSD,M15)	2026.03.24 03:23:04 | HEARTBEAT | SYSTEM | EA alive. Tick=51300 Equity=44972.40 OpenPos=0 PendingOrders=0 UTC=2026.03.24 03:23 DayOfWeek=2 WeekendCloseActive=NO NewTradeBlocked=NO | 51300.000000
MR	0	21:25:03.372	Cazyxio_v4.3 (EURUSD,M15)	2026.03.24 03:25:03 | HEARTBEAT | SYSTEM | EA alive. Tick=51400 Equity=44972.40 OpenPos=0 PendingOrders=0 UTC=2026.03.24 03:25 DayOfWeek=2 WeekendCloseActive=NO NewTradeBlocked=NO | 51400.000000
HL	0	21:26:39.857	Cazyxio_v4.3 (EURUSD,M15)	2026.03.24 03:26:39 | HEARTBEAT | SYSTEM | EA alive. Tick=51500 Equity=44972.40 OpenPos=0 PendingOrders=0 UTC=2026.03.24 03:26 DayOfWeek=2 WeekendCloseActive=NO NewTradeBlocked=NO | 51500.000000
JN	0	21:28:54.350	Cazyxio_v4.3 (EURUSD,M15)	2026.03.24 03:28:54 | HEARTBEAT | SYSTEM | EA alive. Tick=51600 Equity=44972.40 OpenPos=0 PendingOrders=0 UTC=2026.03.24 03:28 DayOfWeek=2 WeekendCloseActive=NO NewTradeBlocked=NO | 51600.000000
OH	0	21:30:48.501	Cazyxio_v4.3 (EURUSD,M15)	2026.03.24 03:30:48 | HEARTBEAT | SYSTEM | EA alive. Tick=51700 Equity=44972.40 OpenPos=0 PendingOrders=0 UTC=2026.03.24 03:30 DayOfWeek=2 WeekendCloseActive=NO NewTradeBlocked=NO | 51700.000000
KJ	0	21:32:19.453	Cazyxio_v4.3 (EURUSD,M15)	2026.03.24 03:32:19 | HEARTBEAT | SYSTEM | EA alive. Tick=51800 Equity=44972.40 OpenPos=0 PendingOrders=0 UTC=2026.03.24 03:32 DayOfWeek=2 WeekendCloseActive=NO NewTradeBlocked=NO | 51800.000000
ED	0	21:33:54.845	Cazyxio_v4.3 (EURUSD,M15)	2026.03.24 03:33:54 | HEARTBEAT | SYSTEM | EA alive. Tick=51900 Equity=44972.40 OpenPos=0 PendingOrders=0 UTC=2026.03.24 03:33 DayOfWeek=2 WeekendCloseActive=NO NewTradeBlocked=NO | 51900.000000
NF	0	21:35:25.987	Cazyxio_v4.3 (EURUSD,M15)	2026.03.24 03:35:25 | HEARTBEAT | SYSTEM | EA alive. Tick=52000 Equity=44972.40 OpenPos=0 PendingOrders=0 UTC=2026.03.24 03:35 DayOfWeek=2 WeekendCloseActive=NO NewTradeBlocked=NO | 52000.000000
IP	0	21:37:25.339	Cazyxio_v4.3 (EURUSD,M15)	2026.03.24 03:37:25 | HEARTBEAT | SYSTEM | EA alive. Tick=52100 Equity=44972.40 OpenPos=0 PendingOrders=0 UTC=2026.03.24 03:37 DayOfWeek=2 WeekendCloseActive=NO NewTradeBlocked=NO | 52100.000000
FR	0	21:39:30.435	Cazyxio_v4.3 (EURUSD,M15)	2026.03.24 03:39:30 | HEARTBEAT | SYSTEM | EA alive. Tick=52200 Equity=44972.40 OpenPos=0 PendingOrders=0 UTC=2026.03.24 03:39 DayOfWeek=2 WeekendCloseActive=NO NewTradeBlocked=NO | 52200.000000
ML	0	21:41:25.015	Cazyxio_v4.3 (EURUSD,M15)	2026.03.24 03:41:25 | HEARTBEAT | SYSTEM | EA alive. Tick=52300 Equity=44972.40 OpenPos=0 PendingOrders=0 UTC=2026.03.24 03:41 DayOfWeek=2 WeekendCloseActive=NO NewTradeBlocked=NO | 52300.000000
GN	0	21:44:17.582	Cazyxio_v4.3 (EURUSD,M15)	2026.03.24 03:44:17 | HEARTBEAT | SYSTEM | EA alive. Tick=52400 Equity=44972.40 OpenPos=0 PendingOrders=0 UTC=2026.03.24 03:44 DayOfWeek=2 WeekendCloseActive=NO NewTradeBlocked=NO | 52400.000000
MH	0	21:46:36.627	Cazyxio_v4.3 (EURUSD,M15)	2026.03.24 03:46:36 | HEARTBEAT | SYSTEM | EA alive. Tick=52500 Equity=44972.40 OpenPos=0 PendingOrders=0 UTC=2026.03.24 03:46 DayOfWeek=2 WeekendCloseActive=NO NewTradeBlocked=NO | 52500.000000
GJ	0	21:48:36.762	Cazyxio_v4.3 (EURUSD,M15)	2026.03.24 03:48:36 | HEARTBEAT | SYSTEM | EA alive. Tick=52600 Equity=44972.40 OpenPos=0 PendingOrders=0 UTC=2026.03.24 03:48 DayOfWeek=2 WeekendCloseActive=NO NewTradeBlocked=NO | 52600.000000
RD	0	21:51:14.617	Cazyxio_v4.3 (EURUSD,M15)	2026.03.24 03:51:14 | HEARTBEAT | SYSTEM | EA alive. Tick=52700 Equity=44972.40 OpenPos=0 PendingOrders=0 UTC=2026.03.24 03:51 DayOfWeek=2 WeekendCloseActive=NO NewTradeBlocked=NO | 52700.000000
RF	0	21:54:53.036	Cazyxio_v4.3 (EURUSD,M15)	2026.03.24 03:54:53 | HEARTBEAT | SYSTEM | EA alive. Tick=52800 Equity=44972.40 OpenPos=0 PendingOrders=0 UTC=2026.03.24 03:54 DayOfWeek=2 WeekendCloseActive=NO NewTradeBlocked=NO | 52800.000000
RP	0	21:57:41.655	Cazyxio_v4.3 (EURUSD,M15)	2026.03.24 03:57:41 | HEARTBEAT | SYSTEM | EA alive. Tick=52900 Equity=44972.40 OpenPos=0 PendingOrders=0 UTC=2026.03.24 03:57 DayOfWeek=2 WeekendCloseActive=NO NewTradeBlocked=NO | 52900.000000
HR	0	21:59:39.736	Cazyxio_v4.3 (EURUSD,M15)	2026.03.24 03:59:39 | HEARTBEAT | SYSTEM | EA alive. Tick=53000 Equity=44972.40 OpenPos=0 PendingOrders=0 UTC=2026.03.24 03:59 DayOfWeek=2 WeekendCloseActive=NO NewTradeBlocked=NO | 53000.000000
ER	0	22:00:01.642	Cazyxio_v4.3 (EURUSD,M15)	2026.03.24 04:00:01 | SESSION_WAIT | SYSTEM | Outside session. UTC_hour=4 Waiting.
KL	0	22:02:16.121	Cazyxio_v4.3 (EURUSD,M15)	2026.03.24 04:02:16 | HEARTBEAT | SYSTEM | EA alive. Tick=53100 Equity=44972.40 OpenPos=0 PendingOrders=0 UTC=2026.03.24 04:02 DayOfWeek=2 WeekendCloseActive=NO NewTradeBlocked=NO | 53100.000000
RN	0	22:05:02.442	Cazyxio_v4.3 (EURUSD,M15)	2026.03.24 04:05:02 | HEARTBEAT | SYSTEM | EA alive. Tick=53200 Equity=44972.40 OpenPos=0 PendingOrders=0 UTC=2026.03.24 04:05 DayOfWeek=2 WeekendCloseActive=NO NewTradeBlocked=NO | 53200.000000
RH	0	22:07:43.347	Cazyxio_v4.3 (EURUSD,M15)	2026.03.24 04:07:43 | HEARTBEAT | SYSTEM | EA alive. Tick=53300 Equity=44972.40 OpenPos=0 PendingOrders=0 UTC=2026.03.24 04:07 DayOfWeek=2 WeekendCloseActive=NO NewTradeBlocked=NO | 53300.000000
DJ	0	22:10:59.844	Cazyxio_v4.3 (EURUSD,M15)	2026.03.24 04:10:59 | HEARTBEAT | SYSTEM | EA alive. Tick=53400 Equity=44972.40 OpenPos=0 PendingOrders=0 UTC=2026.03.24 04:10 DayOfWeek=2 WeekendCloseActive=NO NewTradeBlocked=NO | 53400.000000
QD	0	22:13:29.253	Cazyxio_v4.3 (EURUSD,M15)	2026.03.24 04:13:29 | HEARTBEAT | SYSTEM | EA alive. Tick=53500 Equity=44972.40 OpenPos=0 PendingOrders=0 UTC=2026.03.24 04:13 DayOfWeek=2 WeekendCloseActive=NO NewTradeBlocked=NO | 53500.000000
GF	0	22:15:37.228	Cazyxio_v4.3 (EURUSD,M15)	2026.03.24 04:15:37 | HEARTBEAT | SYSTEM | EA alive. Tick=53600 Equity=44972.40 OpenPos=0 PendingOrders=0 UTC=2026.03.24 04:15 DayOfWeek=2 WeekendCloseActive=NO NewTradeBlocked=NO | 53600.000000
LP	0	22:17:45.632	Cazyxio_v4.3 (EURUSD,M15)	2026.03.24 04:17:45 | HEARTBEAT | SYSTEM | EA alive. Tick=53700 Equity=44972.40 OpenPos=0 PendingOrders=0 UTC=2026.03.24 04:17 DayOfWeek=2 WeekendCloseActive=NO NewTradeBlocked=NO | 53700.000000
MR	0	22:20:23.635	Cazyxio_v4.3 (EURUSD,M15)	2026.03.24 04:20:23 | HEARTBEAT | SYSTEM | EA alive. Tick=53800 Equity=44972.40 OpenPos=0 PendingOrders=0 UTC=2026.03.24 04:20 DayOfWeek=2 WeekendCloseActive=NO NewTradeBlocked=NO | 53800.000000
GL	0	22:23:14.386	Cazyxio_v4.3 (EURUSD,M15)	2026.03.24 04:23:14 | HEARTBEAT | SYSTEM | EA alive. Tick=53900 Equity=44972.40 OpenPos=0 PendingOrders=0 UTC=2026.03.24 04:23 DayOfWeek=2 WeekendCloseActive=NO NewTradeBlocked=NO | 53900.000000
QN	0	22:25:42.212	Cazyxio_v4.3 (EURUSD,M15)	2026.03.24 04:25:42 | HEARTBEAT | SYSTEM | EA alive. Tick=54000 Equity=44972.40 OpenPos=0 PendingOrders=0 UTC=2026.03.24 04:25 DayOfWeek=2 WeekendCloseActive=NO NewTradeBlocked=NO | 54000.000000
QH	0	22:28:45.279	Cazyxio_v4.3 (EURUSD,M15)	2026.03.24 04:28:45 | HEARTBEAT | SYSTEM | EA alive. Tick=54100 Equity=44972.40 OpenPos=0 PendingOrders=0 UTC=2026.03.24 04:28 DayOfWeek=2 WeekendCloseActive=NO NewTradeBlocked=NO | 54100.000000
GJ	0	22:30:55.593	Cazyxio_v4.3 (EURUSD,M15)	2026.03.24 04:30:55 | HEARTBEAT | SYSTEM | EA alive. Tick=54200 Equity=44972.40 OpenPos=0 PendingOrders=0 UTC=2026.03.24 04:30 DayOfWeek=2 WeekendCloseActive=NO NewTradeBlocked=NO | 54200.000000
MD	0	22:33:07.165	Cazyxio_v4.3 (EURUSD,M15)	2026.03.24 04:33:07 | HEARTBEAT | SYSTEM | EA alive. Tick=54300 Equity=44972.40 OpenPos=0 PendingOrders=0 UTC=2026.03.24 04:33 DayOfWeek=2 WeekendCloseActive=NO NewTradeBlocked=NO | 54300.000000
MF	0	22:35:42.532	Cazyxio_v4.3 (EURUSD,M15)	2026.03.24 04:35:42 | HEARTBEAT | SYSTEM | EA alive. Tick=54400 Equity=44972.40 OpenPos=0 PendingOrders=0 UTC=2026.03.24 04:35 DayOfWeek=2 WeekendCloseActive=NO NewTradeBlocked=NO | 54400.000000
RP	0	22:37:05.254	Cazyxio_v4.3 (EURUSD,M15)	2026.03.24 04:37:05 | HEARTBEAT | SYSTEM | EA alive. Tick=54500 Equity=44972.40 OpenPos=0 PendingOrders=0 UTC=2026.03.24 04:37 DayOfWeek=2 WeekendCloseActive=NO NewTradeBlocked=NO | 54500.000000
MR	0	22:39:07.282	Cazyxio_v4.3 (EURUSD,M15)	2026.03.24 04:39:07 | HEARTBEAT | SYSTEM | EA alive. Tick=54600 Equity=44972.40 OpenPos=0 PendingOrders=0 UTC=2026.03.24 04:39 DayOfWeek=2 WeekendCloseActive=NO NewTradeBlocked=NO | 54600.000000
RL	0	22:41:24.673	Cazyxio_v4.3 (EURUSD,M15)	2026.03.24 04:41:24 | HEARTBEAT | SYSTEM | EA alive. Tick=54700 Equity=44972.40 OpenPos=0 PendingOrders=0 UTC=2026.03.24 04:41 DayOfWeek=2 WeekendCloseActive=NO NewTradeBlocked=NO | 54700.000000
MN	0	22:44:04.075	Cazyxio_v4.3 (EURUSD,M15)	2026.03.24 04:44:04 | HEARTBEAT | SYSTEM | EA alive. Tick=54800 Equity=44972.40 OpenPos=0 PendingOrders=0 UTC=2026.03.24 04:44 DayOfWeek=2 WeekendCloseActive=NO NewTradeBlocked=NO | 54800.000000
KH	0	22:46:11.507	Cazyxio_v4.3 (EURUSD,M15)	2026.03.24 04:46:11 | HEARTBEAT | SYSTEM | EA alive. Tick=54900 Equity=44972.40 OpenPos=0 PendingOrders=0 UTC=2026.03.24 04:46 DayOfWeek=2 WeekendCloseActive=NO NewTradeBlocked=NO | 54900.000000
JJ	0	22:48:51.939	Cazyxio_v4.3 (EURUSD,M15)	2026.03.24 04:48:51 | HEARTBEAT | SYSTEM | EA alive. Tick=55000 Equity=44972.40 OpenPos=0 PendingOrders=0 UTC=2026.03.24 04:48 DayOfWeek=2 WeekendCloseActive=NO NewTradeBlocked=NO | 55000.000000
MD	0	22:51:27.699	Cazyxio_v4.3 (EURUSD,M15)	2026.03.24 04:51:27 | HEARTBEAT | SYSTEM | EA alive. Tick=55100 Equity=44972.40 OpenPos=0 PendingOrders=0 UTC=2026.03.24 04:51 DayOfWeek=2 WeekendCloseActive=NO NewTradeBlocked=NO | 55100.000000
PF	0	22:54:01.774	Cazyxio_v4.3 (EURUSD,M15)	2026.03.24 04:54:01 | HEARTBEAT | SYSTEM | EA alive. Tick=55200 Equity=44972.40 OpenPos=0 PendingOrders=0 UTC=2026.03.24 04:54 DayOfWeek=2 WeekendCloseActive=NO NewTradeBlocked=NO | 55200.000000
IP	0	22:56:17.368	Cazyxio_v4.3 (EURUSD,M15)	2026.03.24 04:56:17 | HEARTBEAT | SYSTEM | EA alive. Tick=55300 Equity=44972.40 OpenPos=0 PendingOrders=0 UTC=2026.03.24 04:56 DayOfWeek=2 WeekendCloseActive=NO NewTradeBlocked=NO | 55300.000000
CR	0	22:57:47.596	Cazyxio_v4.3 (EURUSD,M15)	2026.03.24 04:57:47 | HEARTBEAT | SYSTEM | EA alive. Tick=55400 Equity=44972.40 OpenPos=0 PendingOrders=0 UTC=2026.03.24 04:57 DayOfWeek=2 WeekendCloseActive=NO NewTradeBlocked=NO | 55400.000000
FR	0	23:00:01.473	Cazyxio_v4.3 (EURUSD,M15)	2026.03.24 05:00:01 | SESSION_WAIT | SYSTEM | Outside session. UTC_hour=5 Waiting.
JL	0	23:00:12.790	Cazyxio_v4.3 (EURUSD,M15)	2026.03.24 05:00:12 | HEARTBEAT | SYSTEM | EA alive. Tick=55500 Equity=44972.40 OpenPos=0 PendingOrders=0 UTC=2026.03.24 05:00 DayOfWeek=2 WeekendCloseActive=NO NewTradeBlocked=NO | 55500.000000
MN	0	23:01:35.534	Cazyxio_v4.3 (EURUSD,M15)	2026.03.24 05:01:35 | HEARTBEAT | SYSTEM | EA alive. Tick=55600 Equity=44972.40 OpenPos=0 PendingOrders=0 UTC=2026.03.24 05:01 DayOfWeek=2 WeekendCloseActive=NO NewTradeBlocked=NO | 55600.000000
GH	0	23:03:04.943	Cazyxio_v4.3 (EURUSD,M15)	2026.03.24 05:03:04 | HEARTBEAT | SYSTEM | EA alive. Tick=55700 Equity=44972.40 OpenPos=0 PendingOrders=0 UTC=2026.03.24 05:03 DayOfWeek=2 WeekendCloseActive=NO NewTradeBlocked=NO | 55700.000000
NJ	0	23:04:39.622	Cazyxio_v4.3 (EURUSD,M15)	2026.03.24 05:04:39 | HEARTBEAT | SYSTEM | EA alive. Tick=55800 Equity=44972.40 OpenPos=0 PendingOrders=0 UTC=2026.03.24 05:04 DayOfWeek=2 WeekendCloseActive=NO NewTradeBlocked=NO | 55800.000000
QD	0	23:05:45.893	Cazyxio_v4.3 (EURUSD,M15)	2026.03.24 05:05:45 | HEARTBEAT | SYSTEM | EA alive. Tick=55900 Equity=44972.40 OpenPos=0 PendingOrders=0 UTC=2026.03.24 05:05 DayOfWeek=2 WeekendCloseActive=NO NewTradeBlocked=NO | 55900.000000
PF	0	23:07:44.614	Cazyxio_v4.3 (EURUSD,M15)	2026.03.24 05:07:44 | HEARTBEAT | SYSTEM | EA alive. Tick=56000 Equity=44972.40 OpenPos=0 PendingOrders=0 UTC=2026.03.24 05:07 DayOfWeek=2 WeekendCloseActive=NO NewTradeBlocked=NO | 56000.000000
OP	0	23:09:33.914	Cazyxio_v4.3 (EURUSD,M15)	2026.03.24 05:09:33 | HEARTBEAT | SYSTEM | EA alive. Tick=56100 Equity=44972.40 OpenPos=0 PendingOrders=0 UTC=2026.03.24 05:09 DayOfWeek=2 WeekendCloseActive=NO NewTradeBlocked=NO | 56100.000000
JR	0	23:11:02.349	Cazyxio_v4.3 (EURUSD,M15)	2026.03.24 05:11:02 | HEARTBEAT | SYSTEM | EA alive. Tick=56200 Equity=44972.40 OpenPos=0 PendingOrders=0 UTC=2026.03.24 05:11 DayOfWeek=2 WeekendCloseActive=NO NewTradeBlocked=NO | 56200.000000
RL	0	23:12:40.674	Cazyxio_v4.3 (EURUSD,M15)	2026.03.24 05:12:40 | HEARTBEAT | SYSTEM | EA alive. Tick=56300 Equity=44972.40 OpenPos=0 PendingOrders=0 UTC=2026.03.24 05:12 DayOfWeek=2 WeekendCloseActive=NO NewTradeBlocked=NO | 56300.000000
IN	0	23:14:09.093	Cazyxio_v4.3 (EURUSD,M15)	2026.03.24 05:14:09 | HEARTBEAT | SYSTEM | EA alive. Tick=56400 Equity=44972.40 OpenPos=0 PendingOrders=0 UTC=2026.03.24 05:14 DayOfWeek=2 WeekendCloseActive=NO NewTradeBlocked=NO | 56400.000000
GH	0	23:15:21.845	Cazyxio_v4.3 (EURUSD,M15)	2026.03.24 05:15:21 | HEARTBEAT | SYSTEM | EA alive. Tick=56500 Equity=44972.40 OpenPos=0 PendingOrders=0 UTC=2026.03.24 05:15 DayOfWeek=2 WeekendCloseActive=NO NewTradeBlocked=NO | 56500.000000
KJ	0	23:16:55.600	Cazyxio_v4.3 (EURUSD,M15)	2026.03.24 05:16:55 | HEARTBEAT | SYSTEM | EA alive. Tick=56600 Equity=44972.40 OpenPos=0 PendingOrders=0 UTC=2026.03.24 05:16 DayOfWeek=2 WeekendCloseActive=NO NewTradeBlocked=NO | 56600.000000
MD	0	23:18:36.578	Cazyxio_v4.3 (EURUSD,M15)	2026.03.24 05:18:36 | HEARTBEAT | SYSTEM | EA alive. Tick=56700 Equity=44972.40 OpenPos=0 PendingOrders=0 UTC=2026.03.24 05:18 DayOfWeek=2 WeekendCloseActive=NO NewTradeBlocked=NO | 56700.000000
JF	0	23:19:04.886	Cazyxio_v4.3 (EURUSD,M15)	2026.03.24 05:19:04 | HEARTBEAT | SYSTEM | EA alive. Tick=56800 Equity=44972.40 OpenPos=0 PendingOrders=0 UTC=2026.03.24 05:19 DayOfWeek=2 WeekendCloseActive=NO NewTradeBlocked=NO | 56800.000000
JP	0	23:19:50.987	Cazyxio_v4.3 (EURUSD,M15)	2026.03.24 05:19:50 | HEARTBEAT | SYSTEM | EA alive. Tick=56900 Equity=44972.40 OpenPos=0 PendingOrders=0 UTC=2026.03.24 05:19 DayOfWeek=2 WeekendCloseActive=NO NewTradeBlocked=NO | 56900.000000
LR	0	23:20:50.367	Cazyxio_v4.3 (EURUSD,M15)	2026.03.24 05:20:50 | HEARTBEAT | SYSTEM | EA alive. Tick=57000 Equity=44972.40 OpenPos=0 PendingOrders=0 UTC=2026.03.24 05:20 DayOfWeek=2 WeekendCloseActive=NO NewTradeBlocked=NO | 57000.000000
NL	0	23:21:59.256	Cazyxio_v4.3 (EURUSD,M15)	2026.03.24 05:21:59 | HEARTBEAT | SYSTEM | EA alive. Tick=57100 Equity=44972.40 OpenPos=0 PendingOrders=0 UTC=2026.03.24 05:21 DayOfWeek=2 WeekendCloseActive=NO NewTradeBlocked=NO | 57100.000000
EN	0	23:23:08.381	Cazyxio_v4.3 (EURUSD,M15)	2026.03.24 05:23:08 | HEARTBEAT | SYSTEM | EA alive. Tick=57200 Equity=44972.40 OpenPos=0 PendingOrders=0 UTC=2026.03.24 05:23 DayOfWeek=2 WeekendCloseActive=NO NewTradeBlocked=NO | 57200.000000
EH	0	23:24:20.739	Cazyxio_v4.3 (EURUSD,M15)	2026.03.24 05:24:20 | HEARTBEAT | SYSTEM | EA alive. Tick=57300 Equity=44972.40 OpenPos=0 PendingOrders=0 UTC=2026.03.24 05:24 DayOfWeek=2 WeekendCloseActive=NO NewTradeBlocked=NO | 57300.000000
QJ	0	23:26:01.113	Cazyxio_v4.3 (EURUSD,M15)	2026.03.24 05:26:01 | HEARTBEAT | SYSTEM | EA alive. Tick=57400 Equity=44972.40 OpenPos=0 PendingOrders=0 UTC=2026.03.24 05:26 DayOfWeek=2 WeekendCloseActive=NO NewTradeBlocked=NO | 57400.000000
FD	0	23:27:37.285	Cazyxio_v4.3 (EURUSD,M15)	2026.03.24 05:27:37 | HEARTBEAT | SYSTEM | EA alive. Tick=57500 Equity=44972.40 OpenPos=0 PendingOrders=0 UTC=2026.03.24 05:27 DayOfWeek=2 WeekendCloseActive=NO NewTradeBlocked=NO | 57500.000000
QF	0	23:28:56.782	Cazyxio_v4.3 (EURUSD,M15)	2026.03.24 05:28:56 | HEARTBEAT | SYSTEM | EA alive. Tick=57600 Equity=44972.40 OpenPos=0 PendingOrders=0 UTC=2026.03.24 05:28 DayOfWeek=2 WeekendCloseActive=NO NewTradeBlocked=NO | 57600.000000
EP	0	23:30:06.833	Cazyxio_v4.3 (EURUSD,M15)	2026.03.24 05:30:06 | HEARTBEAT | SYSTEM | EA alive. Tick=57700 Equity=44972.40 OpenPos=0 PendingOrders=0 UTC=2026.03.24 05:30 DayOfWeek=2 WeekendCloseActive=NO NewTradeBlocked=NO | 57700.000000
OR	0	23:30:57.305	Cazyxio_v4.3 (EURUSD,M15)	2026.03.24 05:30:57 | HEARTBEAT | SYSTEM | EA alive. Tick=57800 Equity=44972.40 OpenPos=0 PendingOrders=0 UTC=2026.03.24 05:30 DayOfWeek=2 WeekendCloseActive=NO NewTradeBlocked=NO | 57800.000000
EL	0	23:31:58.548	Cazyxio_v4.3 (EURUSD,M15)	2026.03.24 05:31:58 | HEARTBEAT | SYSTEM | EA alive. Tick=57900 Equity=44972.40 OpenPos=0 PendingOrders=0 UTC=2026.03.24 05:31 DayOfWeek=2 WeekendCloseActive=NO NewTradeBlocked=NO | 57900.000000
NN	0	23:33:26.211	Cazyxio_v4.3 (EURUSD,M15)	2026.03.24 05:33:26 | HEARTBEAT | SYSTEM | EA alive. Tick=58000 Equity=44972.40 OpenPos=0 PendingOrders=0 UTC=2026.03.24 05:33 DayOfWeek=2 WeekendCloseActive=NO NewTradeBlocked=NO | 58000.000000
LH	0	23:35:13.431	Cazyxio_v4.3 (EURUSD,M15)	2026.03.24 05:35:13 | HEARTBEAT | SYSTEM | EA alive. Tick=58100 Equity=44972.40 OpenPos=0 PendingOrders=0 UTC=2026.03.24 05:35 DayOfWeek=2 WeekendCloseActive=NO NewTradeBlocked=NO | 58100.000000
JJ	0	23:36:30.913	Cazyxio_v4.3 (EURUSD,M15)	2026.03.24 05:36:30 | HEARTBEAT | SYSTEM | EA alive. Tick=58200 Equity=44972.40 OpenPos=0 PendingOrders=0 UTC=2026.03.24 05:36 DayOfWeek=2 WeekendCloseActive=NO NewTradeBlocked=NO | 58200.000000
ED	0	23:38:02.909	Cazyxio_v4.3 (EURUSD,M15)	2026.03.24 05:38:02 | HEARTBEAT | SYSTEM | EA alive. Tick=58300 Equity=44972.40 OpenPos=0 PendingOrders=0 UTC=2026.03.24 05:38 DayOfWeek=2 WeekendCloseActive=NO NewTradeBlocked=NO | 58300.000000
DF	0	23:39:34.244	Cazyxio_v4.3 (EURUSD,M15)	2026.03.24 05:39:34 | HEARTBEAT | SYSTEM | EA alive. Tick=58400 Equity=44972.40 OpenPos=0 PendingOrders=0 UTC=2026.03.24 05:39 DayOfWeek=2 WeekendCloseActive=NO NewTradeBlocked=NO | 58400.000000
IP	0	23:40:55.830	Cazyxio_v4.3 (EURUSD,M15)	2026.03.24 05:40:55 | HEARTBEAT | SYSTEM | EA alive. Tick=58500 Equity=44972.40 OpenPos=0 PendingOrders=0 UTC=2026.03.24 05:40 DayOfWeek=2 WeekendCloseActive=NO NewTradeBlocked=NO | 58500.000000
PR	0	23:42:01.020	Cazyxio_v4.3 (EURUSD,M15)	2026.03.24 05:42:01 | HEARTBEAT | SYSTEM | EA alive. Tick=58600 Equity=44972.40 OpenPos=0 PendingOrders=0 UTC=2026.03.24 05:42 DayOfWeek=2 WeekendCloseActive=NO NewTradeBlocked=NO | 58600.000000
LL	0	23:43:18.052	Cazyxio_v4.3 (EURUSD,M15)	2026.03.24 05:43:18 | HEARTBEAT | SYSTEM | EA alive. Tick=58700 Equity=44972.40 OpenPos=0 PendingOrders=0 UTC=2026.03.24 05:43 DayOfWeek=2 WeekendCloseActive=NO NewTradeBlocked=NO | 58700.000000
MN	0	23:44:29.157	Cazyxio_v4.3 (EURUSD,M15)	2026.03.24 05:44:29 | HEARTBEAT | SYSTEM | EA alive. Tick=58800 Equity=44972.40 OpenPos=0 PendingOrders=0 UTC=2026.03.24 05:44 DayOfWeek=2 WeekendCloseActive=NO NewTradeBlocked=NO | 58800.000000
MH	0	23:46:01.274	Cazyxio_v4.3 (EURUSD,M15)	2026.03.24 05:46:01 | HEARTBEAT | SYSTEM | EA alive. Tick=58900 Equity=44972.40 OpenPos=0 PendingOrders=0 UTC=2026.03.24 05:46 DayOfWeek=2 WeekendCloseActive=NO NewTradeBlocked=NO | 58900.000000
EJ	0	23:47:39.877	Cazyxio_v4.3 (EURUSD,M15)	2026.03.24 05:47:39 | HEARTBEAT | SYSTEM | EA alive. Tick=59000 Equity=44972.40 OpenPos=0 PendingOrders=0 UTC=2026.03.24 05:47 DayOfWeek=2 WeekendCloseActive=NO NewTradeBlocked=NO | 59000.000000
ID	0	23:49:26.736	Cazyxio_v4.3 (EURUSD,M15)	2026.03.24 05:49:26 | HEARTBEAT | SYSTEM | EA alive. Tick=59100 Equity=44972.40 OpenPos=0 PendingOrders=0 UTC=2026.03.24 05:49 DayOfWeek=2 WeekendCloseActive=NO NewTradeBlocked=NO | 59100.000000
NF	0	23:51:36.262	Cazyxio_v4.3 (EURUSD,M15)	2026.03.24 05:51:36 | HEARTBEAT | SYSTEM | EA alive. Tick=59200 Equity=44972.40 OpenPos=0 PendingOrders=0 UTC=2026.03.24 05:51 DayOfWeek=2 WeekendCloseActive=NO NewTradeBlocked=NO | 59200.000000
KP	0	23:53:08.326	Cazyxio_v4.3 (EURUSD,M15)	2026.03.24 05:53:08 | HEARTBEAT | SYSTEM | EA alive. Tick=59300 Equity=44972.40 OpenPos=0 PendingOrders=0 UTC=2026.03.24 05:53 DayOfWeek=2 WeekendCloseActive=NO NewTradeBlocked=NO | 59300.000000
OR	0	23:54:10.105	Cazyxio_v4.3 (EURUSD,M15)	2026.03.24 05:54:10 | HEARTBEAT | SYSTEM | EA alive. Tick=59400 Equity=44972.40 OpenPos=0 PendingOrders=0 UTC=2026.03.24 05:54 DayOfWeek=2 WeekendCloseActive=NO NewTradeBlocked=NO | 59400.000000
DL	0	23:56:08.821	Cazyxio_v4.3 (EURUSD,M15)	2026.03.24 05:56:08 | HEARTBEAT | SYSTEM | EA alive. Tick=59500 Equity=44972.40 OpenPos=0 PendingOrders=0 UTC=2026.03.24 05:56 DayOfWeek=2 WeekendCloseActive=NO NewTradeBlocked=NO | 59500.000000
ON	0	23:58:01.833	Cazyxio_v4.3 (EURUSD,M15)	2026.03.24 05:58:01 | HEARTBEAT | SYSTEM | EA alive. Tick=59600 Equity=44972.40 OpenPos=0 PendingOrders=0 UTC=2026.03.24 05:58 DayOfWeek=2 WeekendCloseActive=NO NewTradeBlocked=NO | 59600.000000
IH	0	23:59:41.535	Cazyxio_v4.3 (EURUSD,M15)	2026.03.24 05:59:41 | HEARTBEAT | SYSTEM | EA alive. Tick=59700 Equity=44972.40 OpenPos=0 PendingOrders=0 UTC=2026.03.24 05:59 DayOfWeek=2 WeekendCloseActive=NO NewTradeBlocked=NO | 59700.000000