NP	0	00:00:00.333	Cazyxio_v4.4 (EURUSD,M15)	2026.03.25 06:00:00 | SESSION_WAIT | SYSTEM | Outside session. UTC_hour=6 Waiting.
GN	0	00:00:07.710	Cazyxio_v4.4 (EURUSD,M15)	2026.03.25 06:00:07 | HEARTBEAT | SYSTEM | EA alive. Tick=23500 Equity=44972.40 OpenPos=0 PendingOrders=0 UTC=2026.03.25 06:00 DayOfWeek=3 WeekendCloseActive=NO NewTradeBlocked=NO | 23500.000000
JH	0	00:01:05.242	Cazyxio_v4.4 (EURUSD,M15)	2026.03.25 06:01:05 | HEARTBEAT | SYSTEM | EA alive. Tick=23600 Equity=44972.40 OpenPos=0 PendingOrders=0 UTC=2026.03.25 06:01 DayOfWeek=3 WeekendCloseActive=NO NewTradeBlocked=NO | 23600.000000
OJ	0	00:01:58.861	Cazyxio_v4.4 (EURUSD,M15)	2026.03.25 06:01:58 | HEARTBEAT | SYSTEM | EA alive. Tick=23700 Equity=44972.40 OpenPos=0 PendingOrders=0 UTC=2026.03.25 06:01 DayOfWeek=3 WeekendCloseActive=NO NewTradeBlocked=NO | 23700.000000
LD	0	00:02:43.449	Cazyxio_v4.4 (EURUSD,M15)	2026.03.25 06:02:43 | HEARTBEAT | SYSTEM | EA alive. Tick=23800 Equity=44972.40 OpenPos=0 PendingOrders=0 UTC=2026.03.25 06:02 DayOfWeek=3 WeekendCloseActive=NO NewTradeBlocked=NO | 23800.000000
LF	0	00:03:56.686	Cazyxio_v4.4 (EURUSD,M15)	2026.03.25 06:03:56 | HEARTBEAT | SYSTEM | EA alive. Tick=23900 Equity=44972.40 OpenPos=0 PendingOrders=0 UTC=2026.03.25 06:03 DayOfWeek=3 WeekendCloseActive=NO NewTradeBlocked=NO | 23900.000000
QP	0	00:05:01.238	Cazyxio_v4.4 (EURUSD,M15)	2026.03.25 06:05:01 | HEARTBEAT | SYSTEM | EA alive. Tick=24000 Equity=44972.40 OpenPos=0 PendingOrders=0 UTC=2026.03.25 06:05 DayOfWeek=3 WeekendCloseActive=NO NewTradeBlocked=NO | 24000.000000
FR	0	00:06:16.689	Cazyxio_v4.4 (EURUSD,M15)	2026.03.25 06:06:16 | HEARTBEAT | SYSTEM | EA alive. Tick=24100 Equity=44972.40 OpenPos=0 PendingOrders=0 UTC=2026.03.25 06:06 DayOfWeek=3 WeekendCloseActive=NO NewTradeBlocked=NO | 24100.000000
QL	0	00:08:08.466	Cazyxio_v4.4 (EURUSD,M15)	2026.03.25 06:08:08 | HEARTBEAT | SYSTEM | EA alive. Tick=24200 Equity=44972.40 OpenPos=0 PendingOrders=0 UTC=2026.03.25 06:08 DayOfWeek=3 WeekendCloseActive=NO NewTradeBlocked=NO | 24200.000000
DN	0	00:09:30.875	Cazyxio_v4.4 (EURUSD,M15)	2026.03.25 06:09:30 | HEARTBEAT | SYSTEM | EA alive. Tick=24300 Equity=44972.40 OpenPos=0 PendingOrders=0 UTC=2026.03.25 06:09 DayOfWeek=3 WeekendCloseActive=NO NewTradeBlocked=NO | 24300.000000
IH	0	00:11:30.657	Cazyxio_v4.4 (EURUSD,M15)	2026.03.25 06:11:30 | HEARTBEAT | SYSTEM | EA alive. Tick=24400 Equity=44972.40 OpenPos=0 PendingOrders=0 UTC=2026.03.25 06:11 DayOfWeek=3 WeekendCloseActive=NO NewTradeBlocked=NO | 24400.000000
FJ	0	00:13:35.542	Cazyxio_v4.4 (EURUSD,M15)	2026.03.25 06:13:35 | HEARTBEAT | SYSTEM | EA alive. Tick=24500 Equity=44972.40 OpenPos=0 PendingOrders=0 UTC=2026.03.25 06:13 DayOfWeek=3 WeekendCloseActive=NO NewTradeBlocked=NO | 24500.000000
MD	0	00:15:22.963	Cazyxio_v4.4 (EURUSD,M15)	2026.03.25 06:15:22 | HEARTBEAT | SYSTEM | EA alive. Tick=24600 Equity=44972.40 OpenPos=0 PendingOrders=0 UTC=2026.03.25 06:15 DayOfWeek=3 WeekendCloseActive=NO NewTradeBlocked=NO | 24600.000000
EF	0	00:17:04.006	Cazyxio_v4.4 (EURUSD,M15)	2026.03.25 06:17:04 | HEARTBEAT | SYSTEM | EA alive. Tick=24700 Equity=44972.40 OpenPos=0 PendingOrders=0 UTC=2026.03.25 06:17 DayOfWeek=3 WeekendCloseActive=NO NewTradeBlocked=NO | 24700.000000
RP	0	00:19:09.656	Cazyxio_v4.4 (EURUSD,M15)	2026.03.25 06:19:09 | HEARTBEAT | SYSTEM | EA alive. Tick=24800 Equity=44972.40 OpenPos=0 PendingOrders=0 UTC=2026.03.25 06:19 DayOfWeek=3 WeekendCloseActive=NO NewTradeBlocked=NO | 24800.000000
DR	0	00:21:10.635	Cazyxio_v4.4 (EURUSD,M15)	2026.03.25 06:21:10 | HEARTBEAT | SYSTEM | EA alive. Tick=24900 Equity=44972.40 OpenPos=0 PendingOrders=0 UTC=2026.03.25 06:21 DayOfWeek=3 WeekendCloseActive=NO NewTradeBlocked=NO | 24900.000000
LL	0	00:22:38.649	Cazyxio_v4.4 (EURUSD,M15)	2026.03.25 06:22:38 | HEARTBEAT | SYSTEM | EA alive. Tick=25000 Equity=44972.40 OpenPos=0 PendingOrders=0 UTC=2026.03.25 06:22 DayOfWeek=3 WeekendCloseActive=NO NewTradeBlocked=NO | 25000.000000
FN	0	00:24:23.896	Cazyxio_v4.4 (EURUSD,M15)	2026.03.25 06:24:23 | HEARTBEAT | SYSTEM | EA alive. Tick=25100 Equity=44972.40 OpenPos=0 PendingOrders=0 UTC=2026.03.25 06:24 DayOfWeek=3 WeekendCloseActive=NO NewTradeBlocked=NO | 25100.000000
LH	0	00:25:46.936	Cazyxio_v4.4 (EURUSD,M15)	2026.03.25 06:25:46 | HEARTBEAT | SYSTEM | EA alive. Tick=25200 Equity=44972.40 OpenPos=0 PendingOrders=0 UTC=2026.03.25 06:25 DayOfWeek=3 WeekendCloseActive=NO NewTradeBlocked=NO | 25200.000000
GJ	0	00:27:03.773	Cazyxio_v4.4 (EURUSD,M15)	2026.03.25 06:27:03 | HEARTBEAT | SYSTEM | EA alive. Tick=25300 Equity=44972.40 OpenPos=0 PendingOrders=0 UTC=2026.03.25 06:27 DayOfWeek=3 WeekendCloseActive=NO NewTradeBlocked=NO | 25300.000000
RD	0	00:28:26.034	Cazyxio_v4.4 (EURUSD,M15)	2026.03.25 06:28:26 | HEARTBEAT | SYSTEM | EA alive. Tick=25400 Equity=44972.40 OpenPos=0 PendingOrders=0 UTC=2026.03.25 06:28 DayOfWeek=3 WeekendCloseActive=NO NewTradeBlocked=NO | 25400.000000
LF	0	00:29:55.990	Cazyxio_v4.4 (EURUSD,M15)	2026.03.25 06:29:55 | HEARTBEAT | SYSTEM | EA alive. Tick=25500 Equity=44972.40 OpenPos=0 PendingOrders=0 UTC=2026.03.25 06:29 DayOfWeek=3 WeekendCloseActive=NO NewTradeBlocked=NO | 25500.000000
GP	0	00:31:16.602	Cazyxio_v4.4 (EURUSD,M15)	2026.03.25 06:31:16 | HEARTBEAT | SYSTEM | EA alive. Tick=25600 Equity=44972.40 OpenPos=0 PendingOrders=0 UTC=2026.03.25 06:31 DayOfWeek=3 WeekendCloseActive=NO NewTradeBlocked=NO | 25600.000000
CR	0	00:32:41.201	Cazyxio_v4.4 (EURUSD,M15)	2026.03.25 06:32:41 | HEARTBEAT | SYSTEM | EA alive. Tick=25700 Equity=44972.40 OpenPos=0 PendingOrders=0 UTC=2026.03.25 06:32 DayOfWeek=3 WeekendCloseActive=NO NewTradeBlocked=NO | 25700.000000
ML	0	00:35:11.691	Cazyxio_v4.4 (EURUSD,M15)	2026.03.25 06:35:11 | HEARTBEAT | SYSTEM | EA alive. Tick=25800 Equity=44972.40 OpenPos=0 PendingOrders=0 UTC=2026.03.25 06:35 DayOfWeek=3 WeekendCloseActive=NO NewTradeBlocked=NO | 25800.000000
PN	0	00:37:36.281	Cazyxio_v4.4 (EURUSD,M15)	2026.03.25 06:37:36 | HEARTBEAT | SYSTEM | EA alive. Tick=25900 Equity=44972.40 OpenPos=0 PendingOrders=0 UTC=2026.03.25 06:37 DayOfWeek=3 WeekendCloseActive=NO NewTradeBlocked=NO | 25900.000000
NH	0	00:39:48.164	Cazyxio_v4.4 (EURUSD,M15)	2026.03.25 06:39:48 | HEARTBEAT | SYSTEM | EA alive. Tick=26000 Equity=44972.40 OpenPos=0 PendingOrders=0 UTC=2026.03.25 06:39 DayOfWeek=3 WeekendCloseActive=NO NewTradeBlocked=NO | 26000.000000
MJ	0	00:42:02.086	Cazyxio_v4.4 (EURUSD,M15)	2026.03.25 06:42:02 | HEARTBEAT | SYSTEM | EA alive. Tick=26100 Equity=44972.40 OpenPos=0 PendingOrders=0 UTC=2026.03.25 06:42 DayOfWeek=3 WeekendCloseActive=NO NewTradeBlocked=NO | 26100.000000
KD	0	00:43:47.793	Cazyxio_v4.4 (EURUSD,M15)	2026.03.25 06:43:47 | HEARTBEAT | SYSTEM | EA alive. Tick=26200 Equity=44972.40 OpenPos=0 PendingOrders=0 UTC=2026.03.25 06:43 DayOfWeek=3 WeekendCloseActive=NO NewTradeBlocked=NO | 26200.000000
RF	0	00:45:06.297	Cazyxio_v4.4 (EURUSD,M15)	2026.03.25 06:45:06 | HEARTBEAT | SYSTEM | EA alive. Tick=26300 Equity=44972.40 OpenPos=0 PendingOrders=0 UTC=2026.03.25 06:45 DayOfWeek=3 WeekendCloseActive=NO NewTradeBlocked=NO | 26300.000000
IP	0	00:46:54.305	Cazyxio_v4.4 (EURUSD,M15)	2026.03.25 06:46:54 | HEARTBEAT | SYSTEM | EA alive. Tick=26400 Equity=44972.40 OpenPos=0 PendingOrders=0 UTC=2026.03.25 06:46 DayOfWeek=3 WeekendCloseActive=NO NewTradeBlocked=NO | 26400.000000
QR	0	00:48:36.198	Cazyxio_v4.4 (EURUSD,M15)	2026.03.25 06:48:36 | HEARTBEAT | SYSTEM | EA alive. Tick=26500 Equity=44972.40 OpenPos=0 PendingOrders=0 UTC=2026.03.25 06:48 DayOfWeek=3 WeekendCloseActive=NO NewTradeBlocked=NO | 26500.000000
EL	0	00:51:15.455	Cazyxio_v4.4 (EURUSD,M15)	2026.03.25 06:51:15 | HEARTBEAT | SYSTEM | EA alive. Tick=26600 Equity=44972.40 OpenPos=0 PendingOrders=0 UTC=2026.03.25 06:51 DayOfWeek=3 WeekendCloseActive=NO NewTradeBlocked=NO | 26600.000000
HN	0	00:52:58.220	Cazyxio_v4.4 (EURUSD,M15)	2026.03.25 06:52:58 | HEARTBEAT | SYSTEM | EA alive. Tick=26700 Equity=44972.40 OpenPos=0 PendingOrders=0 UTC=2026.03.25 06:52 DayOfWeek=3 WeekendCloseActive=NO NewTradeBlocked=NO | 26700.000000
HH	0	00:54:26.565	Cazyxio_v4.4 (EURUSD,M15)	2026.03.25 06:54:26 | HEARTBEAT | SYSTEM | EA alive. Tick=26800 Equity=44972.40 OpenPos=0 PendingOrders=0 UTC=2026.03.25 06:54 DayOfWeek=3 WeekendCloseActive=NO NewTradeBlocked=NO | 26800.000000
KJ	0	00:56:23.081	Cazyxio_v4.4 (EURUSD,M15)	2026.03.25 06:56:23 | HEARTBEAT | SYSTEM | EA alive. Tick=26900 Equity=44972.40 OpenPos=0 PendingOrders=0 UTC=2026.03.25 06:56 DayOfWeek=3 WeekendCloseActive=NO NewTradeBlocked=NO | 26900.000000
LD	0	00:58:58.767	Cazyxio_v4.4 (EURUSD,M15)	2026.03.25 06:58:58 | HEARTBEAT | SYSTEM | EA alive. Tick=27000 Equity=44972.40 OpenPos=0 PendingOrders=0 UTC=2026.03.25 06:58 DayOfWeek=3 WeekendCloseActive=NO NewTradeBlocked=NO | 27000.000000
QF	0	01:00:00.031	Cazyxio_v4.4 (EURUSD,M15)	2026.03.25 07:00:00 | SESSION_ACTIVE | SYSTEM | Session now ACTIVE. UTC_hour=7 Trading enabled.
CF	0	01:02:20.443	Cazyxio_v4.4 (EURUSD,M15)	2026.03.25 07:02:20 | GATE_FAIL | GBPUSD | CopyBuffer failed for Daily EMA200.
CG	0	01:04:40.914	Cazyxio_v4.4 (EURUSD,M15)	2026.03.25 07:04:40 | GATE_FAIL | EURUSD | CopyBuffer failed for Daily EMA200.
JF	0	01:07:01.323	Cazyxio_v4.4 (EURUSD,M15)	2026.03.25 07:07:01 | GATE_FAIL | USDJPY | CopyBuffer failed for Daily EMA200.
PD	0	01:07:01.323	Cazyxio_v4.4 (EURUSD,M15)	2026.03.25 07:07:01 | BAR | AUDUSD | close=0.69712 h4ema200=0.70220 h4slope=DOWN dailyEMA200=0.67290 adx=28.9 ema50=0.69772 distToEMA50=6.0pips touchSeq=0 atr=0.000476 atrRatio=0.468 dir=NONE spread=20.0 spreadOK=YES atrGate=FAIL touch=FAIL momCandle= zeroRangeBar=NO trigger=NO hasPos=NO portRisk=0.00% openPos=0 | 0.697120
LS	0	01:07:01.323	Cazyxio_v4.4 (EURUSD,M15)	2026.03.25 07:07:01 | GATE_FAIL | AUDUSD | No directional bias. h4slope=DOWN closeNow=0.69712 h4ema200=0.70220 dailyEMA200=0.67290
DH	0	01:07:01.323	Cazyxio_v4.4 (EURUSD,M15)	2026.03.25 07:07:01 | BAR | GBPJPY | close=212.766 h4ema200=211.326 h4slope=UP dailyEMA200=205.355 adx=17.0 ema50=212.795 distToEMA50=2.9pips touchSeq=4 atr=0.110714 atrRatio=0.834 dir=LONG spread=44.0 spreadOK=NO atrGate=PASS touch=PASS momCandle=momClosePos=0.500 momOk=N ema50Ok=Y barRange=0.088000 zeroRangeBar=NO trigger=NO hasPos=NO portRisk=0.00% openPos=0 | 212.766000
GP	0	01:07:01.323	Cazyxio_v4.4 (EURUSD,M15)	2026.03.25 07:07:01 | GATE_FAIL | GBPJPY | Spread too wide. Spread=44.0 Max=30 points.
IN	0	01:07:01.323	Cazyxio_v4.4 (EURUSD,M15)	2026.03.25 07:07:01 | BAR | USDCAD | close=1.37767 h4ema200=1.36843 h4slope=UP dailyEMA200=1.38059 adx=33.0 ema50=1.37664 distToEMA50=10.3pips touchSeq=0 atr=0.000349 atrRatio=0.473 dir=NONE spread=28.0 spreadOK=YES atrGate=FAIL touch=FAIL momCandle= zeroRangeBar=NO trigger=NO hasPos=NO portRisk=0.00% openPos=0 | 1.377670
IJ	0	01:07:01.323	Cazyxio_v4.4 (EURUSD,M15)	2026.03.25 07:07:01 | GATE_FAIL | USDCAD | No directional bias. h4slope=UP closeNow=1.37767 h4ema200=1.36843 dailyEMA200=1.38059
CR	0	01:09:21.984	Cazyxio_v4.4 (EURUSD,M15)	2026.03.25 07:09:21 | GATE_FAIL | GBPUSD | CopyBuffer failed for Daily EMA200.
DS	0	01:10:09.650	Cazyxio_v4.4 (EURUSD,M15)	2026.03.25 07:10:09 | HEARTBEAT | SYSTEM | EA alive. Tick=27100 Equity=44972.40 OpenPos=0 PendingOrders=0 UTC=2026.03.25 07:10 DayOfWeek=3 WeekendCloseActive=NO NewTradeBlocked=NO | 27100.000000
QM	0	01:11:52.937	Cazyxio_v4.4 (EURUSD,M15)	2026.03.25 07:11:52 | HEARTBEAT | SYSTEM | EA alive. Tick=27200 Equity=44972.40 OpenPos=0 PendingOrders=0 UTC=2026.03.25 07:11 DayOfWeek=3 WeekendCloseActive=NO NewTradeBlocked=NO | 27200.000000
JO	0	01:13:40.897	Cazyxio_v4.4 (EURUSD,M15)	2026.03.25 07:13:40 | HEARTBEAT | SYSTEM | EA alive. Tick=27300 Equity=44972.40 OpenPos=0 PendingOrders=0 UTC=2026.03.25 07:13 DayOfWeek=3 WeekendCloseActive=NO NewTradeBlocked=NO | 27300.000000
HI	0	01:14:56.157	Cazyxio_v4.4 (EURUSD,M15)	2026.03.25 07:14:56 | HEARTBEAT | SYSTEM | EA alive. Tick=27400 Equity=44972.40 OpenPos=0 PendingOrders=0 UTC=2026.03.25 07:14 DayOfWeek=3 WeekendCloseActive=NO NewTradeBlocked=NO | 27400.000000
KJ	0	01:17:21.500	Cazyxio_v4.4 (EURUSD,M15)	2026.03.25 07:17:21 | GATE_FAIL | GBPUSD | CopyBuffer failed for Daily EMA200.
QJ	0	01:19:41.851	Cazyxio_v4.4 (EURUSD,M15)	2026.03.25 07:19:41 | GATE_FAIL | EURUSD | CopyBuffer failed for Daily EMA200.
HJ	0	01:22:02.187	Cazyxio_v4.4 (EURUSD,M15)	2026.03.25 07:22:02 | GATE_FAIL | USDJPY | CopyBuffer failed for Daily EMA200.
IG	0	01:22:02.187	Cazyxio_v4.4 (EURUSD,M15)	2026.03.25 07:22:02 | BAR | AUDUSD | close=0.69762 h4ema200=0.70220 h4slope=DOWN dailyEMA200=0.67290 adx=28.8 ema50=0.69772 distToEMA50=1.0pips touchSeq=1 atr=0.000489 atrRatio=0.482 dir=NONE spread=19.0 spreadOK=YES atrGate=FAIL touch=FAIL momCandle= zeroRangeBar=NO trigger=NO hasPos=NO portRisk=0.00% openPos=0 | 0.697620
GD	0	01:22:02.187	Cazyxio_v4.4 (EURUSD,M15)	2026.03.25 07:22:02 | GATE_FAIL | AUDUSD | No directional bias. h4slope=DOWN closeNow=0.69762 h4ema200=0.70220 dailyEMA200=0.67290
RF	0	01:22:02.187	Cazyxio_v4.4 (EURUSD,M15)	2026.03.25 07:22:02 | BAR | GBPJPY | close=212.876 h4ema200=211.327 h4slope=UP dailyEMA200=205.355 adx=17.1 ema50=212.799 distToEMA50=7.7pips touchSeq=5 atr=0.111714 atrRatio=0.842 dir=LONG spread=46.0 spreadOK=NO atrGate=PASS touch=PASS momCandle=momClosePos=0.776 momOk=Y ema50Ok=Y barRange=0.183000 zeroRangeBar=NO trigger=YES hasPos=NO portRisk=0.00% openPos=0 | 212.876000
EM	0	01:22:02.187	Cazyxio_v4.4 (EURUSD,M15)	2026.03.25 07:22:02 | GATE_FAIL | GBPJPY | Spread too wide. Spread=46.0 Max=30 points.
RQ	0	01:22:02.187	Cazyxio_v4.4 (EURUSD,M15)	2026.03.25 07:22:02 | BAR | USDCAD | close=1.37759 h4ema200=1.36843 h4slope=UP dailyEMA200=1.38059 adx=33.0 ema50=1.37670 distToEMA50=8.9pips touchSeq=0 atr=0.000355 atrRatio=0.481 dir=NONE spread=23.0 spreadOK=YES atrGate=FAIL touch=FAIL momCandle= zeroRangeBar=NO trigger=NO hasPos=NO portRisk=0.00% openPos=0 | 1.377590
PN	0	01:22:02.187	Cazyxio_v4.4 (EURUSD,M15)	2026.03.25 07:22:02 | GATE_FAIL | USDCAD | No directional bias. h4slope=UP closeNow=1.37759 h4ema200=1.36843 dailyEMA200=1.38059
EG	0	01:23:09.750	Cazyxio_v4.4 (EURUSD,M15)	2026.03.25 07:23:09 | HEARTBEAT | SYSTEM | EA alive. Tick=27500 Equity=44972.40 OpenPos=0 PendingOrders=0 UTC=2026.03.25 07:23 DayOfWeek=3 WeekendCloseActive=NO NewTradeBlocked=NO | 27500.000000
GQ	0	01:24:18.542	Cazyxio_v4.4 (EURUSD,M15)	2026.03.25 07:24:18 | HEARTBEAT | SYSTEM | EA alive. Tick=27600 Equity=44972.40 OpenPos=0 PendingOrders=0 UTC=2026.03.25 07:24 DayOfWeek=3 WeekendCloseActive=NO NewTradeBlocked=NO | 27600.000000
MS	0	01:25:05.268	Cazyxio_v4.4 (EURUSD,M15)	2026.03.25 07:25:05 | HEARTBEAT | SYSTEM | EA alive. Tick=27700 Equity=44972.40 OpenPos=0 PendingOrders=0 UTC=2026.03.25 07:25 DayOfWeek=3 WeekendCloseActive=NO NewTradeBlocked=NO | 27700.000000
EM	0	01:26:06.575	Cazyxio_v4.4 (EURUSD,M15)	2026.03.25 07:26:06 | HEARTBEAT | SYSTEM | EA alive. Tick=27800 Equity=44972.40 OpenPos=0 PendingOrders=0 UTC=2026.03.25 07:26 DayOfWeek=3 WeekendCloseActive=NO NewTradeBlocked=NO | 27800.000000
FO	0	01:26:58.262	Cazyxio_v4.4 (EURUSD,M15)	2026.03.25 07:26:58 | HEARTBEAT | SYSTEM | EA alive. Tick=27900 Equity=44972.40 OpenPos=0 PendingOrders=0 UTC=2026.03.25 07:26 DayOfWeek=3 WeekendCloseActive=NO NewTradeBlocked=NO | 27900.000000
KI	0	01:28:02.175	Cazyxio_v4.4 (EURUSD,M15)	2026.03.25 07:28:02 | HEARTBEAT | SYSTEM | EA alive. Tick=28000 Equity=44972.40 OpenPos=0 PendingOrders=0 UTC=2026.03.25 07:28 DayOfWeek=3 WeekendCloseActive=NO NewTradeBlocked=NO | 28000.000000
RK	0	01:29:32.665	Cazyxio_v4.4 (EURUSD,M15)	2026.03.25 07:29:32 | HEARTBEAT | SYSTEM | EA alive. Tick=28100 Equity=44972.40 OpenPos=0 PendingOrders=0 UTC=2026.03.25 07:29 DayOfWeek=3 WeekendCloseActive=NO NewTradeBlocked=NO | 28100.000000
LE	0	01:32:21.616	Cazyxio_v4.4 (EURUSD,M15)	2026.03.25 07:32:21 | GATE_FAIL | EURUSD | CopyBuffer failed for Daily EMA200.
FD	0	01:34:41.893	Cazyxio_v4.4 (EURUSD,M15)	2026.03.25 07:34:41 | GATE_FAIL | USDJPY | CopyBuffer failed for Daily EMA200.
OF	0	01:34:41.893	Cazyxio_v4.4 (EURUSD,M15)	2026.03.25 07:34:41 | BAR | AUDUSD | close=0.69705 h4ema200=0.70219 h4slope=DOWN dailyEMA200=0.67289 adx=29.2 ema50=0.69766 distToEMA50=6.1pips touchSeq=0 atr=0.000535 atrRatio=0.529 dir=NONE spread=18.0 spreadOK=YES atrGate=FAIL touch=FAIL momCandle= zeroRangeBar=NO trigger=NO hasPos=NO portRisk=0.00% openPos=0 | 0.697050
DE	0	01:34:41.893	Cazyxio_v4.4 (EURUSD,M15)	2026.03.25 07:34:41 | GATE_FAIL | AUDUSD | No directional bias. h4slope=DOWN closeNow=0.69705 h4ema200=0.70219 dailyEMA200=0.67289
FJ	0	01:34:41.893	Cazyxio_v4.4 (EURUSD,M15)	2026.03.25 07:34:41 | BAR | GBPJPY | close=212.820 h4ema200=211.326 h4slope=UP dailyEMA200=205.354 adx=17.1 ema50=212.795 distToEMA50=2.5pips touchSeq=6 atr=0.111786 atrRatio=0.842 dir=LONG spread=44.0 spreadOK=NO atrGate=PASS touch=PASS momCandle=momClosePos=0.163 momOk=N ema50Ok=Y barRange=0.129000 zeroRangeBar=NO trigger=NO hasPos=NO portRisk=0.00% openPos=0 | 212.820000
CR	0	01:34:41.893	Cazyxio_v4.4 (EURUSD,M15)	2026.03.25 07:34:41 | GATE_FAIL | GBPJPY | Spread too wide. Spread=44.0 Max=30 points.
NL	0	01:34:41.893	Cazyxio_v4.4 (EURUSD,M15)	2026.03.25 07:34:41 | BAR | USDCAD | close=1.37795 h4ema200=1.36844 h4slope=UP dailyEMA200=1.38060 adx=33.1 ema50=1.37677 distToEMA50=11.8pips touchSeq=0 atr=0.000379 atrRatio=0.514 dir=NONE spread=26.0 spreadOK=YES atrGate=FAIL touch=FAIL momCandle= zeroRangeBar=NO trigger=NO hasPos=NO portRisk=0.00% openPos=0 | 1.377950
EL	0	01:34:41.893	Cazyxio_v4.4 (EURUSD,M15)	2026.03.25 07:34:41 | GATE_FAIL | USDCAD | No directional bias. h4slope=UP closeNow=1.37795 h4ema200=1.36844 dailyEMA200=1.38060
LP	0	01:37:02.514	Cazyxio_v4.4 (EURUSD,M15)	2026.03.25 07:37:02 | GATE_FAIL | GBPUSD | CopyBuffer failed for Daily EMA200.
LP	0	01:37:59.424	Cazyxio_v4.4 (EURUSD,M15)	2026.03.25 07:37:59 | HEARTBEAT | SYSTEM | EA alive. Tick=28200 Equity=44972.40 OpenPos=0 PendingOrders=0 UTC=2026.03.25 07:37 DayOfWeek=3 WeekendCloseActive=NO NewTradeBlocked=NO | 28200.000000
IR	0	01:39:27.838	Cazyxio_v4.4 (EURUSD,M15)	2026.03.25 07:39:27 | HEARTBEAT | SYSTEM | EA alive. Tick=28300 Equity=44972.40 OpenPos=0 PendingOrders=0 UTC=2026.03.25 07:39 DayOfWeek=3 WeekendCloseActive=NO NewTradeBlocked=NO | 28300.000000
FL	0	01:40:43.877	Cazyxio_v4.4 (EURUSD,M15)	2026.03.25 07:40:43 | HEARTBEAT | SYSTEM | EA alive. Tick=28400 Equity=44972.40 OpenPos=0 PendingOrders=0 UTC=2026.03.25 07:40 DayOfWeek=3 WeekendCloseActive=NO NewTradeBlocked=NO | 28400.000000
MN	0	01:42:01.663	Cazyxio_v4.4 (EURUSD,M15)	2026.03.25 07:42:01 | HEARTBEAT | SYSTEM | EA alive. Tick=28500 Equity=44972.40 OpenPos=0 PendingOrders=0 UTC=2026.03.25 07:42 DayOfWeek=3 WeekendCloseActive=NO NewTradeBlocked=NO | 28500.000000
OH	0	01:43:09.602	Cazyxio_v4.4 (EURUSD,M15)	2026.03.25 07:43:09 | HEARTBEAT | SYSTEM | EA alive. Tick=28600 Equity=44972.40 OpenPos=0 PendingOrders=0 UTC=2026.03.25 07:43 DayOfWeek=3 WeekendCloseActive=NO NewTradeBlocked=NO | 28600.000000
GJ	0	01:44:49.469	Cazyxio_v4.4 (EURUSD,M15)	2026.03.25 07:44:49 | HEARTBEAT | SYSTEM | EA alive. Tick=28700 Equity=44972.40 OpenPos=0 PendingOrders=0 UTC=2026.03.25 07:44 DayOfWeek=3 WeekendCloseActive=NO NewTradeBlocked=NO | 28700.000000
JD	0	01:47:21.551	Cazyxio_v4.4 (EURUSD,M15)	2026.03.25 07:47:21 | GATE_FAIL | EURUSD | CopyBuffer failed for Daily EMA200.
JD	0	01:49:41.932	Cazyxio_v4.4 (EURUSD,M15)	2026.03.25 07:49:41 | GATE_FAIL | USDJPY | CopyBuffer failed for Daily EMA200.
JE	0	01:49:41.932	Cazyxio_v4.4 (EURUSD,M15)	2026.03.25 07:49:41 | BAR | AUDUSD | close=0.69673 h4ema200=0.70219 h4slope=DOWN dailyEMA200=0.67290 adx=29.9 ema50=0.69763 distToEMA50=9.0pips touchSeq=0 atr=0.000565 atrRatio=0.560 dir=NONE spread=17.0 spreadOK=YES atrGate=FAIL touch=FAIL momCandle= zeroRangeBar=NO trigger=NO hasPos=NO portRisk=0.00% openPos=0 | 0.696730
HE	0	01:49:41.932	Cazyxio_v4.4 (EURUSD,M15)	2026.03.25 07:49:41 | GATE_FAIL | AUDUSD | No directional bias. h4slope=DOWN closeNow=0.69673 h4ema200=0.70219 dailyEMA200=0.67290
NG	0	01:49:41.932	Cazyxio_v4.4 (EURUSD,M15)	2026.03.25 07:49:41 | BAR | GBPJPY | close=212.898 h4ema200=211.327 h4slope=UP dailyEMA200=205.356 adx=17.3 ema50=212.806 distToEMA50=9.2pips touchSeq=7 atr=0.114714 atrRatio=0.864 dir=LONG spread=42.0 spreadOK=NO atrGate=PASS touch=PASS momCandle=momClosePos=0.975 momOk=Y ema50Ok=Y barRange=0.159000 zeroRangeBar=NO trigger=YES hasPos=NO portRisk=0.00% openPos=0 | 212.898000
OR	0	01:49:41.932	Cazyxio_v4.4 (EURUSD,M15)	2026.03.25 07:49:41 | GATE_FAIL | GBPJPY | Spread too wide. Spread=42.0 Max=30 points.
KL	0	01:49:41.932	Cazyxio_v4.4 (EURUSD,M15)	2026.03.25 07:49:41 | BAR | USDCAD | close=1.37822 h4ema200=1.36844 h4slope=UP dailyEMA200=1.38060 adx=33.1 ema50=1.37682 distToEMA50=14.0pips touchSeq=0 atr=0.000381 atrRatio=0.518 dir=NONE spread=23.0 spreadOK=YES atrGate=FAIL touch=FAIL momCandle= zeroRangeBar=NO trigger=NO hasPos=NO portRisk=0.00% openPos=0 | 1.378220
NL	0	01:49:41.932	Cazyxio_v4.4 (EURUSD,M15)	2026.03.25 07:49:41 | GATE_FAIL | USDCAD | No directional bias. h4slope=UP closeNow=1.37822 h4ema200=1.36844 dailyEMA200=1.38060
PP	0	01:52:02.400	Cazyxio_v4.4 (EURUSD,M15)	2026.03.25 07:52:02 | GATE_FAIL | GBPUSD | CopyBuffer failed for Daily EMA200.
RP	0	01:52:47.016	Cazyxio_v4.4 (EURUSD,M15)	2026.03.25 07:52:47 | HEARTBEAT | SYSTEM | EA alive. Tick=28800 Equity=44972.40 OpenPos=0 PendingOrders=0 UTC=2026.03.25 07:52 DayOfWeek=3 WeekendCloseActive=NO NewTradeBlocked=NO | 28800.000000
GR	0	01:53:52.379	Cazyxio_v4.4 (EURUSD,M15)	2026.03.25 07:53:52 | HEARTBEAT | SYSTEM | EA alive. Tick=28900 Equity=44972.40 OpenPos=0 PendingOrders=0 UTC=2026.03.25 07:53 DayOfWeek=3 WeekendCloseActive=NO NewTradeBlocked=NO | 28900.000000
CL	0	01:54:56.349	Cazyxio_v4.4 (EURUSD,M15)	2026.03.25 07:54:56 | HEARTBEAT | SYSTEM | EA alive. Tick=29000 Equity=44972.40 OpenPos=0 PendingOrders=0 UTC=2026.03.25 07:54 DayOfWeek=3 WeekendCloseActive=NO NewTradeBlocked=NO | 29000.000000
FN	0	01:56:08.429	Cazyxio_v4.4 (EURUSD,M15)	2026.03.25 07:56:08 | HEARTBEAT | SYSTEM | EA alive. Tick=29100 Equity=44972.40 OpenPos=0 PendingOrders=0 UTC=2026.03.25 07:56 DayOfWeek=3 WeekendCloseActive=NO NewTradeBlocked=NO | 29100.000000
FH	0	01:57:01.169	Cazyxio_v4.4 (EURUSD,M15)	2026.03.25 07:57:01 | HEARTBEAT | SYSTEM | EA alive. Tick=29200 Equity=44972.40 OpenPos=0 PendingOrders=0 UTC=2026.03.25 07:57 DayOfWeek=3 WeekendCloseActive=NO NewTradeBlocked=NO | 29200.000000
MJ	0	01:57:51.722	Cazyxio_v4.4 (EURUSD,M15)	2026.03.25 07:57:51 | HEARTBEAT | SYSTEM | EA alive. Tick=29300 Equity=44972.40 OpenPos=0 PendingOrders=0 UTC=2026.03.25 07:57 DayOfWeek=3 WeekendCloseActive=NO NewTradeBlocked=NO | 29300.000000
KD	0	01:58:48.695	Cazyxio_v4.4 (EURUSD,M15)	2026.03.25 07:58:48 | HEARTBEAT | SYSTEM | EA alive. Tick=29400 Equity=44972.40 OpenPos=0 PendingOrders=0 UTC=2026.03.25 07:58 DayOfWeek=3 WeekendCloseActive=NO NewTradeBlocked=NO | 29400.000000
HF	0	01:59:45.161	Cazyxio_v4.4 (EURUSD,M15)	2026.03.25 07:59:45 | HEARTBEAT | SYSTEM | EA alive. Tick=29500 Equity=44972.40 OpenPos=0 PendingOrders=0 UTC=2026.03.25 07:59 DayOfWeek=3 WeekendCloseActive=NO NewTradeBlocked=NO | 29500.000000
OQ	0	02:02:21.625	Cazyxio_v4.4 (EURUSD,M15)	2026.03.25 08:02:21 | GATE_FAIL | GBPUSD | CopyBuffer failed for Daily EMA200.
JP	0	02:04:41.995	Cazyxio_v4.4 (EURUSD,M15)	2026.03.25 08:04:41 | GATE_FAIL | EURUSD | CopyBuffer failed for Daily EMA200.
RS	0	02:07:02.400	Cazyxio_v4.4 (EURUSD,M15)	2026.03.25 08:07:02 | GATE_FAIL | USDJPY | CopyBuffer failed for Daily EMA200.
OQ	0	02:07:02.400	Cazyxio_v4.4 (EURUSD,M15)	2026.03.25 08:07:02 | BAR | AUDUSD | close=0.69662 h4ema200=0.70219 h4slope=DOWN dailyEMA200=0.67290 adx=29.9 ema50=0.69761 distToEMA50=9.9pips touchSeq=0 atr=0.000622 atrRatio=0.618 dir=NONE spread=20.0 spreadOK=YES atrGate=FAIL touch=FAIL momCandle= zeroRangeBar=NO trigger=NO hasPos=NO portRisk=0.00% openPos=0 | 0.696620
PN	0	02:07:02.400	Cazyxio_v4.4 (EURUSD,M15)	2026.03.25 08:07:02 | GATE_FAIL | AUDUSD | No directional bias. h4slope=DOWN closeNow=0.69662 h4ema200=0.70219 dailyEMA200=0.67290
FK	0	02:07:02.400	Cazyxio_v4.4 (EURUSD,M15)	2026.03.25 08:07:02 | BAR | GBPJPY | close=213.077 h4ema200=211.329 h4slope=UP dailyEMA200=205.357 adx=18.4 ema50=212.823 distToEMA50=25.4pips touchSeq=0 atr=0.128714 atrRatio=0.969 dir=LONG spread=45.0 spreadOK=NO atrGate=PASS touch=PASS momCandle=momClosePos=0.833 momOk=Y ema50Ok=Y barRange=0.216000 zeroRangeBar=NO trigger=YES hasPos=NO portRisk=0.00% openPos=0 | 213.077000
DG	0	02:07:02.400	Cazyxio_v4.4 (EURUSD,M15)	2026.03.25 08:07:02 | GATE_FAIL | GBPJPY | Spread too wide. Spread=45.0 Max=30 points.
PH	0	02:07:02.400	Cazyxio_v4.4 (EURUSD,M15)	2026.03.25 08:07:02 | BAR | USDCAD | close=1.37821 h4ema200=1.36844 h4slope=UP dailyEMA200=1.38060 adx=33.1 ema50=1.37688 distToEMA50=13.3pips touchSeq=0 atr=0.000387 atrRatio=0.527 dir=NONE spread=28.0 spreadOK=YES atrGate=FAIL touch=FAIL momCandle= zeroRangeBar=NO trigger=NO hasPos=NO portRisk=0.00% openPos=0 | 1.378210
IH	0	02:07:02.400	Cazyxio_v4.4 (EURUSD,M15)	2026.03.25 08:07:02 | GATE_FAIL | USDCAD | No directional bias. h4slope=UP closeNow=1.37821 h4ema200=1.36844 dailyEMA200=1.38060
QM	0	02:07:23.139	Cazyxio_v4.4 (EURUSD,M15)	2026.03.25 08:07:23 | HEARTBEAT | SYSTEM | EA alive. Tick=29600 Equity=44972.40 OpenPos=0 PendingOrders=0 UTC=2026.03.25 08:07 DayOfWeek=3 WeekendCloseActive=NO NewTradeBlocked=NO | 29600.000000
RO	0	02:08:00.775	Cazyxio_v4.4 (EURUSD,M15)	2026.03.25 08:08:00 | HEARTBEAT | SYSTEM | EA alive. Tick=29700 Equity=44972.40 OpenPos=0 PendingOrders=0 UTC=2026.03.25 08:08 DayOfWeek=3 WeekendCloseActive=NO NewTradeBlocked=NO | 29700.000000
MI	0	02:08:41.635	Cazyxio_v4.4 (EURUSD,M15)	2026.03.25 08:08:41 | HEARTBEAT | SYSTEM | EA alive. Tick=29800 Equity=44972.40 OpenPos=0 PendingOrders=0 UTC=2026.03.25 08:08 DayOfWeek=3 WeekendCloseActive=NO NewTradeBlocked=NO | 29800.000000
PK	0	02:09:23.341	Cazyxio_v4.4 (EURUSD,M15)	2026.03.25 08:09:23 | HEARTBEAT | SYSTEM | EA alive. Tick=29900 Equity=44972.40 OpenPos=0 PendingOrders=0 UTC=2026.03.25 08:09 DayOfWeek=3 WeekendCloseActive=NO NewTradeBlocked=NO | 29900.000000
HE	0	02:10:07.215	Cazyxio_v4.4 (EURUSD,M15)	2026.03.25 08:10:07 | HEARTBEAT | SYSTEM | EA alive. Tick=30000 Equity=44972.40 OpenPos=0 PendingOrders=0 UTC=2026.03.25 08:10 DayOfWeek=3 WeekendCloseActive=NO NewTradeBlocked=NO | 30000.000000
OG	0	02:10:45.582	Cazyxio_v4.4 (EURUSD,M15)	2026.03.25 08:10:45 | HEARTBEAT | SYSTEM | EA alive. Tick=30100 Equity=44972.40 OpenPos=0 PendingOrders=0 UTC=2026.03.25 08:10 DayOfWeek=3 WeekendCloseActive=NO NewTradeBlocked=NO | 30100.000000
PQ	0	02:11:28.924	Cazyxio_v4.4 (EURUSD,M15)	2026.03.25 08:11:28 | HEARTBEAT | SYSTEM | EA alive. Tick=30200 Equity=44972.40 OpenPos=0 PendingOrders=0 UTC=2026.03.25 08:11 DayOfWeek=3 WeekendCloseActive=NO NewTradeBlocked=NO | 30200.000000
PS	0	02:12:20.378	Cazyxio_v4.4 (EURUSD,M15)	2026.03.25 08:12:20 | HEARTBEAT | SYSTEM | EA alive. Tick=30300 Equity=44972.40 OpenPos=0 PendingOrders=0 UTC=2026.03.25 08:12 DayOfWeek=3 WeekendCloseActive=NO NewTradeBlocked=NO | 30300.000000
DM	0	02:12:58.635	Cazyxio_v4.4 (EURUSD,M15)	2026.03.25 08:12:58 | HEARTBEAT | SYSTEM | EA alive. Tick=30400 Equity=44972.40 OpenPos=0 PendingOrders=0 UTC=2026.03.25 08:12 DayOfWeek=3 WeekendCloseActive=NO NewTradeBlocked=NO | 30400.000000
CO	0	02:13:44.275	Cazyxio_v4.4 (EURUSD,M15)	2026.03.25 08:13:44 | HEARTBEAT | SYSTEM | EA alive. Tick=30500 Equity=44972.40 OpenPos=0 PendingOrders=0 UTC=2026.03.25 08:13 DayOfWeek=3 WeekendCloseActive=NO NewTradeBlocked=NO | 30500.000000
EI	0	02:14:47.588	Cazyxio_v4.4 (EURUSD,M15)	2026.03.25 08:14:47 | HEARTBEAT | SYSTEM | EA alive. Tick=30600 Equity=44972.40 OpenPos=0 PendingOrders=0 UTC=2026.03.25 08:14 DayOfWeek=3 WeekendCloseActive=NO NewTradeBlocked=NO | 30600.000000
QK	0	02:17:21.596	Cazyxio_v4.4 (EURUSD,M15)	2026.03.25 08:17:21 | GATE_FAIL | EURUSD | CopyBuffer failed for Daily EMA200.
GJ	0	02:19:41.944	Cazyxio_v4.4 (EURUSD,M15)	2026.03.25 08:19:41 | GATE_FAIL | USDJPY | CopyBuffer failed for Daily EMA200.
GH	0	02:19:41.944	Cazyxio_v4.4 (EURUSD,M15)	2026.03.25 08:19:41 | BAR | AUDUSD | close=0.69726 h4ema200=0.70220 h4slope=DOWN dailyEMA200=0.67291 adx=29.7 ema50=0.69762 distToEMA50=3.6pips touchSeq=1 atr=0.000682 atrRatio=0.680 dir=NONE spread=19.0 spreadOK=YES atrGate=FAIL touch=FAIL momCandle= zeroRangeBar=NO trigger=NO hasPos=NO portRisk=0.00% openPos=0 | 0.697260
GG	0	02:19:41.944	Cazyxio_v4.4 (EURUSD,M15)	2026.03.25 08:19:41 | GATE_FAIL | AUDUSD | No directional bias. h4slope=DOWN closeNow=0.69726 h4ema200=0.70220 dailyEMA200=0.67291
CO	0	02:19:41.945	Cazyxio_v4.4 (EURUSD,M15)	2026.03.25 08:19:41 | BAR | GBPJPY | close=213.129 h4ema200=211.329 h4slope=UP dailyEMA200=205.357 adx=18.5 ema50=212.835 distToEMA50=29.4pips touchSeq=0 atr=0.126429 atrRatio=0.952 dir=LONG spread=43.0 spreadOK=NO atrGate=PASS touch=PASS momCandle=momClosePos=0.500 momOk=N ema50Ok=Y barRange=0.124000 zeroRangeBar=NO trigger=NO hasPos=NO portRisk=0.00% openPos=0 | 213.129000
FL	0	02:19:41.945	Cazyxio_v4.4 (EURUSD,M15)	2026.03.25 08:19:41 | GATE_FAIL | GBPJPY | Spread too wide. Spread=43.0 Max=30 points.
HR	0	02:19:41.945	Cazyxio_v4.4 (EURUSD,M15)	2026.03.25 08:19:41 | BAR | USDCAD | close=1.37823 h4ema200=1.36844 h4slope=UP dailyEMA200=1.38060 adx=33.1 ema50=1.37694 distToEMA50=12.9pips touchSeq=0 atr=0.000433 atrRatio=0.591 dir=NONE spread=27.0 spreadOK=YES atrGate=FAIL touch=FAIL momCandle= zeroRangeBar=NO trigger=NO hasPos=NO portRisk=0.00% openPos=0 | 1.378230
CN	0	02:19:41.945	Cazyxio_v4.4 (EURUSD,M15)	2026.03.25 08:19:41 | GATE_FAIL | USDCAD | No directional bias. h4slope=UP closeNow=1.37823 h4ema200=1.36844 dailyEMA200=1.38060
GF	0	02:22:02.395	Cazyxio_v4.4 (EURUSD,M15)	2026.03.25 08:22:02 | GATE_FAIL | GBPUSD | CopyBuffer failed for Daily EMA200.
DG	0	02:22:47.322	Cazyxio_v4.4 (EURUSD,M15)	2026.03.25 08:22:47 | HEARTBEAT | SYSTEM | EA alive. Tick=30700 Equity=44972.40 OpenPos=0 PendingOrders=0 UTC=2026.03.25 08:22 DayOfWeek=3 WeekendCloseActive=NO NewTradeBlocked=NO | 30700.000000
QQ	0	02:23:38.915	Cazyxio_v4.4 (EURUSD,M15)	2026.03.25 08:23:38 | HEARTBEAT | SYSTEM | EA alive. Tick=30800 Equity=44972.40 OpenPos=0 PendingOrders=0 UTC=2026.03.25 08:23 DayOfWeek=3 WeekendCloseActive=NO NewTradeBlocked=NO | 30800.000000
CS	0	02:24:23.433	Cazyxio_v4.4 (EURUSD,M15)	2026.03.25 08:24:23 | HEARTBEAT | SYSTEM | EA alive. Tick=30900 Equity=44972.40 OpenPos=0 PendingOrders=0 UTC=2026.03.25 08:24 DayOfWeek=3 WeekendCloseActive=NO NewTradeBlocked=NO | 30900.000000
LM	0	02:25:25.297	Cazyxio_v4.4 (EURUSD,M15)	2026.03.25 08:25:25 | HEARTBEAT | SYSTEM | EA alive. Tick=31000 Equity=44972.40 OpenPos=0 PendingOrders=0 UTC=2026.03.25 08:25 DayOfWeek=3 WeekendCloseActive=NO NewTradeBlocked=NO | 31000.000000
DO	0	02:26:17.340	Cazyxio_v4.4 (EURUSD,M15)	2026.03.25 08:26:17 | HEARTBEAT | SYSTEM | EA alive. Tick=31100 Equity=44972.40 OpenPos=0 PendingOrders=0 UTC=2026.03.25 08:26 DayOfWeek=3 WeekendCloseActive=NO NewTradeBlocked=NO | 31100.000000
DI	0	02:27:19.776	Cazyxio_v4.4 (EURUSD,M15)	2026.03.25 08:27:19 | HEARTBEAT | SYSTEM | EA alive. Tick=31200 Equity=44972.40 OpenPos=0 PendingOrders=0 UTC=2026.03.25 08:27 DayOfWeek=3 WeekendCloseActive=NO NewTradeBlocked=NO | 31200.000000
PK	0	02:28:16.713	Cazyxio_v4.4 (EURUSD,M15)	2026.03.25 08:28:16 | HEARTBEAT | SYSTEM | EA alive. Tick=31300 Equity=44972.40 OpenPos=0 PendingOrders=0 UTC=2026.03.25 08:28 DayOfWeek=3 WeekendCloseActive=NO NewTradeBlocked=NO | 31300.000000
PE	0	02:29:12.747	Cazyxio_v4.4 (EURUSD,M15)	2026.03.25 08:29:12 | HEARTBEAT | SYSTEM | EA alive. Tick=31400 Equity=44972.40 OpenPos=0 PendingOrders=0 UTC=2026.03.25 08:29 DayOfWeek=3 WeekendCloseActive=NO NewTradeBlocked=NO | 31400.000000
LG	0	02:29:52.725	Cazyxio_v4.4 (EURUSD,M15)	2026.03.25 08:29:52 | HEARTBEAT | SYSTEM | EA alive. Tick=31500 Equity=44972.40 OpenPos=0 PendingOrders=0 UTC=2026.03.25 08:29 DayOfWeek=3 WeekendCloseActive=NO NewTradeBlocked=NO | 31500.000000
HP	0	02:32:21.732	Cazyxio_v4.4 (EURUSD,M15)	2026.03.25 08:32:21 | GATE_FAIL | GBPUSD | CopyBuffer failed for Daily EMA200.
FP	0	02:34:42.096	Cazyxio_v4.4 (EURUSD,M15)	2026.03.25 08:34:42 | GATE_FAIL | EURUSD | CopyBuffer failed for Daily EMA200.
HP	0	02:37:02.440	Cazyxio_v4.4 (EURUSD,M15)	2026.03.25 08:37:02 | GATE_FAIL | USDJPY | CopyBuffer failed for Daily EMA200.
FQ	0	02:37:02.440	Cazyxio_v4.4 (EURUSD,M15)	2026.03.25 08:37:02 | BAR | AUDUSD | close=0.69822 h4ema200=0.70220 h4slope=DOWN dailyEMA200=0.67291 adx=29.1 ema50=0.69765 distToEMA50=5.7pips touchSeq=2 atr=0.000742 atrRatio=0.743 dir=NONE spread=19.0 spreadOK=YES atrGate=FAIL touch=FAIL momCandle= zeroRangeBar=NO trigger=NO hasPos=NO portRisk=0.00% openPos=0 | 0.698220
QN	0	02:37:02.440	Cazyxio_v4.4 (EURUSD,M15)	2026.03.25 08:37:02 | GATE_FAIL | AUDUSD | No directional bias. h4slope=DOWN closeNow=0.69822 h4ema200=0.70220 dailyEMA200=0.67291
MF	0	02:37:02.440	Cazyxio_v4.4 (EURUSD,M15)	2026.03.25 08:37:02 | BAR | GBPJPY | close=213.082 h4ema200=211.328 h4slope=UP dailyEMA200=205.356 adx=18.5 ema50=212.840 distToEMA50=24.2pips touchSeq=0 atr=0.133714 atrRatio=1.007 dir=LONG spread=44.0 spreadOK=NO atrGate=PASS touch=PASS momCandle=momClosePos=0.000 momOk=N ema50Ok=Y barRange=0.106000 zeroRangeBar=NO trigger=NO hasPos=NO portRisk=0.00% openPos=0 | 213.082000
GG	0	02:37:02.440	Cazyxio_v4.4 (EURUSD,M15)	2026.03.25 08:37:02 | GATE_FAIL | GBPJPY | Spread too wide. Spread=44.0 Max=30 points.
FK	0	02:37:02.440	Cazyxio_v4.4 (EURUSD,M15)	2026.03.25 08:37:02 | BAR | USDCAD | close=1.37777 h4ema200=1.36844 h4slope=UP dailyEMA200=1.38060 adx=33.2 ema50=1.37698 distToEMA50=7.9pips touchSeq=0 atr=0.000489 atrRatio=0.670 dir=NONE spread=27.0 spreadOK=YES atrGate=FAIL touch=FAIL momCandle= zeroRangeBar=NO trigger=NO hasPos=NO portRisk=0.00% openPos=0 | 1.377770
KH	0	02:37:02.440	Cazyxio_v4.4 (EURUSD,M15)	2026.03.25 08:37:02 | GATE_FAIL | USDCAD | No directional bias. h4slope=UP closeNow=1.37777 h4ema200=1.36844 dailyEMA200=1.38060
EL	0	02:37:32.569	Cazyxio_v4.4 (EURUSD,M15)	2026.03.25 08:37:32 | HEARTBEAT | SYSTEM | EA alive. Tick=31600 Equity=44972.40 OpenPos=0 PendingOrders=0 UTC=2026.03.25 08:37 DayOfWeek=3 WeekendCloseActive=NO NewTradeBlocked=NO | 31600.000000
RN	0	02:38:07.811	Cazyxio_v4.4 (EURUSD,M15)	2026.03.25 08:38:07 | HEARTBEAT | SYSTEM | EA alive. Tick=31700 Equity=44972.40 OpenPos=0 PendingOrders=0 UTC=2026.03.25 08:38 DayOfWeek=3 WeekendCloseActive=NO NewTradeBlocked=NO | 31700.000000
GH	0	02:38:56.443	Cazyxio_v4.4 (EURUSD,M15)	2026.03.25 08:38:56 | HEARTBEAT | SYSTEM | EA alive. Tick=31800 Equity=44972.40 OpenPos=0 PendingOrders=0 UTC=2026.03.25 08:38 DayOfWeek=3 WeekendCloseActive=NO NewTradeBlocked=NO | 31800.000000
FJ	0	02:39:41.858	Cazyxio_v4.4 (EURUSD,M15)	2026.03.25 08:39:41 | HEARTBEAT | SYSTEM | EA alive. Tick=31900 Equity=44972.40 OpenPos=0 PendingOrders=0 UTC=2026.03.25 08:39 DayOfWeek=3 WeekendCloseActive=NO NewTradeBlocked=NO | 31900.000000
OD	0	02:40:35.730	Cazyxio_v4.4 (EURUSD,M15)	2026.03.25 08:40:35 | HEARTBEAT | SYSTEM | EA alive. Tick=32000 Equity=44972.40 OpenPos=0 PendingOrders=0 UTC=2026.03.25 08:40 DayOfWeek=3 WeekendCloseActive=NO NewTradeBlocked=NO | 32000.000000
OF	0	02:41:33.173	Cazyxio_v4.4 (EURUSD,M15)	2026.03.25 08:41:33 | HEARTBEAT | SYSTEM | EA alive. Tick=32100 Equity=44972.40 OpenPos=0 PendingOrders=0 UTC=2026.03.25 08:41 DayOfWeek=3 WeekendCloseActive=NO NewTradeBlocked=NO | 32100.000000
OP	0	02:42:46.688	Cazyxio_v4.4 (EURUSD,M15)	2026.03.25 08:42:46 | HEARTBEAT | SYSTEM | EA alive. Tick=32200 Equity=44972.40 OpenPos=0 PendingOrders=0 UTC=2026.03.25 08:42 DayOfWeek=3 WeekendCloseActive=NO NewTradeBlocked=NO | 32200.000000
FR	0	02:44:00.186	Cazyxio_v4.4 (EURUSD,M15)	2026.03.25 08:44:00 | HEARTBEAT | SYSTEM | EA alive. Tick=32300 Equity=44972.40 OpenPos=0 PendingOrders=0 UTC=2026.03.25 08:44 DayOfWeek=3 WeekendCloseActive=NO NewTradeBlocked=NO | 32300.000000
ML	0	02:47:21.653	Cazyxio_v4.4 (EURUSD,M15)	2026.03.25 08:47:21 | GATE_FAIL | EURUSD | CopyBuffer failed for Daily EMA200.
QL	0	02:49:42.049	Cazyxio_v4.4 (EURUSD,M15)	2026.03.25 08:49:42 | GATE_FAIL | USDJPY | CopyBuffer failed for Daily EMA200.
QM	0	02:49:42.049	Cazyxio_v4.4 (EURUSD,M15)	2026.03.25 08:49:42 | BAR | AUDUSD | close=0.69813 h4ema200=0.70221 h4slope=DOWN dailyEMA200=0.67291 adx=29.1 ema50=0.69769 distToEMA50=4.4pips touchSeq=3 atr=0.000746 atrRatio=0.750 dir=NONE spread=17.0 spreadOK=YES atrGate=FAIL touch=FAIL momCandle= zeroRangeBar=NO trigger=NO hasPos=NO portRisk=0.00% openPos=0 | 0.698130
QM	0	02:49:42.049	Cazyxio_v4.4 (EURUSD,M15)	2026.03.25 08:49:42 | GATE_FAIL | AUDUSD | No directional bias. h4slope=DOWN closeNow=0.69813 h4ema200=0.70221 dailyEMA200=0.67291
PL	0	02:49:42.049	Cazyxio_v4.4 (EURUSD,M15)	2026.03.25 08:49:42 | BAR | GBPJPY | close=213.105 h4ema200=211.328 h4slope=UP dailyEMA200=205.356 adx=18.5 ema50=212.849 distToEMA50=25.6pips touchSeq=0 atr=0.139286 atrRatio=1.049 dir=LONG spread=46.0 spreadOK=NO atrGate=PASS touch=PASS momCandle=momClosePos=0.960 momOk=Y ema50Ok=Y barRange=0.151000 zeroRangeBar=NO trigger=YES hasPos=NO portRisk=0.00% openPos=0 | 213.105000
FJ	0	02:49:42.049	Cazyxio_v4.4 (EURUSD,M15)	2026.03.25 08:49:42 | GATE_FAIL | GBPJPY | Spread too wide. Spread=46.0 Max=30 points.
ND	0	02:49:42.049	Cazyxio_v4.4 (EURUSD,M15)	2026.03.25 08:49:42 | BAR | USDCAD | close=1.37847 h4ema200=1.36844 h4slope=UP dailyEMA200=1.38060 adx=33.2 ema50=1.37703 distToEMA50=14.4pips touchSeq=0 atr=0.000494 atrRatio=0.678 dir=NONE spread=22.0 spreadOK=YES atrGate=FAIL touch=FAIL momCandle= zeroRangeBar=NO trigger=NO hasPos=NO portRisk=0.00% openPos=0 | 1.378470
JD	0	02:49:42.049	Cazyxio_v4.4 (EURUSD,M15)	2026.03.25 08:49:42 | GATE_FAIL | USDCAD | No directional bias. h4slope=UP closeNow=1.37847 h4ema200=1.36844 dailyEMA200=1.38060
FH	0	02:52:02.668	Cazyxio_v4.4 (EURUSD,M15)	2026.03.25 08:52:02 | GATE_FAIL | GBPUSD | CopyBuffer failed for Daily EMA200.
LI	0	02:52:07.297	Cazyxio_v4.4 (EURUSD,M15)	2026.03.25 08:52:07 | HEARTBEAT | SYSTEM | EA alive. Tick=32400 Equity=44972.40 OpenPos=0 PendingOrders=0 UTC=2026.03.25 08:52 DayOfWeek=3 WeekendCloseActive=NO NewTradeBlocked=NO | 32400.000000
DK	0	02:52:58.224	Cazyxio_v4.4 (EURUSD,M15)	2026.03.25 08:52:58 | HEARTBEAT | SYSTEM | EA alive. Tick=32500 Equity=44972.40 OpenPos=0 PendingOrders=0 UTC=2026.03.25 08:52 DayOfWeek=3 WeekendCloseActive=NO NewTradeBlocked=NO | 32500.000000
QE	0	02:53:54.468	Cazyxio_v4.4 (EURUSD,M15)	2026.03.25 08:53:54 | HEARTBEAT | SYSTEM | EA alive. Tick=32600 Equity=44972.40 OpenPos=0 PendingOrders=0 UTC=2026.03.25 08:53 DayOfWeek=3 WeekendCloseActive=NO NewTradeBlocked=NO | 32600.000000
QG	0	02:54:59.805	Cazyxio_v4.4 (EURUSD,M15)	2026.03.25 08:54:59 | HEARTBEAT | SYSTEM | EA alive. Tick=32700 Equity=44972.40 OpenPos=0 PendingOrders=0 UTC=2026.03.25 08:54 DayOfWeek=3 WeekendCloseActive=NO NewTradeBlocked=NO | 32700.000000
HQ	0	02:56:09.756	Cazyxio_v4.4 (EURUSD,M15)	2026.03.25 08:56:09 | HEARTBEAT | SYSTEM | EA alive. Tick=32800 Equity=44972.40 OpenPos=0 PendingOrders=0 UTC=2026.03.25 08:56 DayOfWeek=3 WeekendCloseActive=NO NewTradeBlocked=NO | 32800.000000
CS	0	02:57:12.808	Cazyxio_v4.4 (EURUSD,M15)	2026.03.25 08:57:12 | HEARTBEAT | SYSTEM | EA alive. Tick=32900 Equity=44972.40 OpenPos=0 PendingOrders=0 UTC=2026.03.25 08:57 DayOfWeek=3 WeekendCloseActive=NO NewTradeBlocked=NO | 32900.000000
QM	0	02:58:20.908	Cazyxio_v4.4 (EURUSD,M15)	2026.03.25 08:58:20 | HEARTBEAT | SYSTEM | EA alive. Tick=33000 Equity=44972.40 OpenPos=0 PendingOrders=0 UTC=2026.03.25 08:58 DayOfWeek=3 WeekendCloseActive=NO NewTradeBlocked=NO | 33000.000000
DO	0	02:59:36.906	Cazyxio_v4.4 (EURUSD,M15)	2026.03.25 08:59:36 | HEARTBEAT | SYSTEM | EA alive. Tick=33100 Equity=44972.40 OpenPos=0 PendingOrders=0 UTC=2026.03.25 08:59 DayOfWeek=3 WeekendCloseActive=NO NewTradeBlocked=NO | 33100.000000
FI	0	03:02:21.667	Cazyxio_v4.4 (EURUSD,M15)	2026.03.25 09:02:21 | GATE_FAIL | EURUSD | CopyBuffer failed for Daily EMA200.
PH	0	03:04:42.088	Cazyxio_v4.4 (EURUSD,M15)	2026.03.25 09:04:42 | GATE_FAIL | USDJPY | CopyBuffer failed for Daily EMA200.
IJ	0	03:04:42.088	Cazyxio_v4.4 (EURUSD,M15)	2026.03.25 09:04:42 | BAR | AUDUSD | close=0.69800 h4ema200=0.70216 h4slope=DOWN dailyEMA200=0.67291 adx=29.9 ema50=0.69769 distToEMA50=3.1pips touchSeq=4 atr=0.000763 atrRatio=0.769 dir=NONE spread=18.0 spreadOK=YES atrGate=FAIL touch=FAIL momCandle= zeroRangeBar=NO trigger=NO hasPos=NO portRisk=0.00% openPos=0 | 0.698000
FI	0	03:04:42.088	Cazyxio_v4.4 (EURUSD,M15)	2026.03.25 09:04:42 | GATE_FAIL | AUDUSD | No directional bias. h4slope=DOWN closeNow=0.69800 h4ema200=0.70216 dailyEMA200=0.67291
GN	0	03:04:42.088	Cazyxio_v4.4 (EURUSD,M15)	2026.03.25 09:04:42 | BAR | GBPJPY | close=212.860 h4ema200=211.342 h4slope=UP dailyEMA200=205.355 adx=18.7 ema50=212.846 distToEMA50=1.4pips touchSeq=1 atr=0.145857 atrRatio=1.099 dir=LONG spread=47.0 spreadOK=NO atrGate=PASS touch=PASS momCandle=momClosePos=0.109 momOk=N ema50Ok=Y barRange=0.285000 zeroRangeBar=NO trigger=NO hasPos=NO portRisk=0.00% openPos=0 | 212.860000
PN	0	03:04:42.088	Cazyxio_v4.4 (EURUSD,M15)	2026.03.25 09:04:42 | GATE_FAIL | GBPJPY | Spread too wide. Spread=47.0 Max=30 points.
FP	0	03:04:42.088	Cazyxio_v4.4 (EURUSD,M15)	2026.03.25 09:04:42 | BAR | USDCAD | close=1.37857 h4ema200=1.36854 h4slope=UP dailyEMA200=1.38060 adx=37.4 ema50=1.37710 distToEMA50=14.7pips touchSeq=0 atr=0.000499 atrRatio=0.688 dir=NONE spread=25.0 spreadOK=YES atrGate=FAIL touch=FAIL momCandle= zeroRangeBar=NO trigger=NO hasPos=NO portRisk=0.00% openPos=0 | 1.378570
OP	0	03:04:42.088	Cazyxio_v4.4 (EURUSD,M15)	2026.03.25 09:04:42 | GATE_FAIL | USDCAD | No directional bias. h4slope=UP closeNow=1.37857 h4ema200=1.36854 dailyEMA200=1.38060
DD	0	03:07:02.712	Cazyxio_v4.4 (EURUSD,M15)	2026.03.25 09:07:02 | GATE_FAIL | GBPUSD | CopyBuffer failed for Daily EMA200.
FD	0	03:08:01.530	Cazyxio_v4.4 (EURUSD,M15)	2026.03.25 09:08:01 | HEARTBEAT | SYSTEM | EA alive. Tick=33200 Equity=44972.40 OpenPos=0 PendingOrders=0 UTC=2026.03.25 09:08 DayOfWeek=3 WeekendCloseActive=NO NewTradeBlocked=NO | 33200.000000
MF	0	03:09:03.295	Cazyxio_v4.4 (EURUSD,M15)	2026.03.25 09:09:03 | HEARTBEAT | SYSTEM | EA alive. Tick=33300 Equity=44972.40 OpenPos=0 PendingOrders=0 UTC=2026.03.25 09:09 DayOfWeek=3 WeekendCloseActive=NO NewTradeBlocked=NO | 33300.000000
DP	0	03:10:03.085	Cazyxio_v4.4 (EURUSD,M15)	2026.03.25 09:10:03 | HEARTBEAT | SYSTEM | EA alive. Tick=33400 Equity=44972.40 OpenPos=0 PendingOrders=0 UTC=2026.03.25 09:10 DayOfWeek=3 WeekendCloseActive=NO NewTradeBlocked=NO | 33400.000000
MR	0	03:11:23.788	Cazyxio_v4.4 (EURUSD,M15)	2026.03.25 09:11:23 | HEARTBEAT | SYSTEM | EA alive. Tick=33500 Equity=44972.40 OpenPos=0 PendingOrders=0 UTC=2026.03.25 09:11 DayOfWeek=3 WeekendCloseActive=NO NewTradeBlocked=NO | 33500.000000
QL	0	03:12:49.734	Cazyxio_v4.4 (EURUSD,M15)	2026.03.25 09:12:49 | HEARTBEAT | SYSTEM | EA alive. Tick=33600 Equity=44972.40 OpenPos=0 PendingOrders=0 UTC=2026.03.25 09:12 DayOfWeek=3 WeekendCloseActive=NO NewTradeBlocked=NO | 33600.000000
CN	0	03:14:11.833	Cazyxio_v4.4 (EURUSD,M15)	2026.03.25 09:14:11 | HEARTBEAT | SYSTEM | EA alive. Tick=33700 Equity=44972.40 OpenPos=0 PendingOrders=0 UTC=2026.03.25 09:14 DayOfWeek=3 WeekendCloseActive=NO NewTradeBlocked=NO | 33700.000000
LH	0	03:17:21.627	Cazyxio_v4.4 (EURUSD,M15)	2026.03.25 09:17:21 | GATE_FAIL | EURUSD | CopyBuffer failed for Daily EMA200.
KH	0	03:19:42.038	Cazyxio_v4.4 (EURUSD,M15)	2026.03.25 09:19:42 | GATE_FAIL | USDJPY | CopyBuffer failed for Daily EMA200.
RI	0	03:19:42.038	Cazyxio_v4.4 (EURUSD,M15)	2026.03.25 09:19:42 | BAR | AUDUSD | close=0.69817 h4ema200=0.70216 h4slope=DOWN dailyEMA200=0.67291 adx=29.9 ema50=0.69769 distToEMA50=4.8pips touchSeq=5 atr=0.000761 atrRatio=0.772 dir=NONE spread=20.0 spreadOK=YES atrGate=FAIL touch=FAIL momCandle= zeroRangeBar=NO trigger=NO hasPos=NO portRisk=0.00% openPos=0 | 0.698170
KI	0	03:19:42.038	Cazyxio_v4.4 (EURUSD,M15)	2026.03.25 09:19:42 | GATE_FAIL | AUDUSD | No directional bias. h4slope=DOWN closeNow=0.69817 h4ema200=0.70216 dailyEMA200=0.67291
CS	0	03:19:42.038	Cazyxio_v4.4 (EURUSD,M15)	2026.03.25 09:19:42 | BAR | GBPJPY | close=212.923 h4ema200=211.342 h4slope=UP dailyEMA200=205.355 adx=18.7 ema50=212.850 distToEMA50=7.3pips touchSeq=2 atr=0.146786 atrRatio=1.107 dir=LONG spread=45.0 spreadOK=NO atrGate=PASS touch=PASS momCandle=momClosePos=0.827 momOk=Y ema50Ok=Y barRange=0.139000 zeroRangeBar=NO trigger=YES hasPos=NO portRisk=0.00% openPos=0 | 212.923000
GN	0	03:19:42.038	Cazyxio_v4.4 (EURUSD,M15)	2026.03.25 09:19:42 | GATE_FAIL | GBPJPY | Spread too wide. Spread=45.0 Max=30 points.
CP	0	03:19:42.038	Cazyxio_v4.4 (EURUSD,M15)	2026.03.25 09:19:42 | BAR | USDCAD | close=1.37882 h4ema200=1.36855 h4slope=UP dailyEMA200=1.38060 adx=38.2 ema50=1.37717 distToEMA50=16.5pips touchSeq=0 atr=0.000493 atrRatio=0.683 dir=NONE spread=23.0 spreadOK=YES atrGate=FAIL touch=FAIL momCandle= zeroRangeBar=NO trigger=NO hasPos=NO portRisk=0.00% openPos=0 | 1.378820
QP	0	03:19:42.038	Cazyxio_v4.4 (EURUSD,M15)	2026.03.25 09:19:42 | GATE_FAIL | USDCAD | No directional bias. h4slope=UP closeNow=1.37882 h4ema200=1.36855 dailyEMA200=1.38060
QD	0	03:22:02.568	Cazyxio_v4.4 (EURUSD,M15)	2026.03.25 09:22:02 | GATE_FAIL | GBPUSD | CopyBuffer failed for Daily EMA200.
CD	0	03:22:27.793	Cazyxio_v4.4 (EURUSD,M15)	2026.03.25 09:22:27 | HEARTBEAT | SYSTEM | EA alive. Tick=33800 Equity=44972.40 OpenPos=0 PendingOrders=0 UTC=2026.03.25 09:22 DayOfWeek=3 WeekendCloseActive=NO NewTradeBlocked=NO | 33800.000000
QF	0	03:23:31.112	Cazyxio_v4.4 (EURUSD,M15)	2026.03.25 09:23:31 | HEARTBEAT | SYSTEM | EA alive. Tick=33900 Equity=44972.40 OpenPos=0 PendingOrders=0 UTC=2026.03.25 09:23 DayOfWeek=3 WeekendCloseActive=NO NewTradeBlocked=NO | 33900.000000
DP	0	03:24:50.309	Cazyxio_v4.4 (EURUSD,M15)	2026.03.25 09:24:50 | HEARTBEAT | SYSTEM | EA alive. Tick=34000 Equity=44972.40 OpenPos=0 PendingOrders=0 UTC=2026.03.25 09:24 DayOfWeek=3 WeekendCloseActive=NO NewTradeBlocked=NO | 34000.000000
NR	0	03:25:53.551	Cazyxio_v4.4 (EURUSD,M15)	2026.03.25 09:25:53 | HEARTBEAT | SYSTEM | EA alive. Tick=34100 Equity=44972.40 OpenPos=0 PendingOrders=0 UTC=2026.03.25 09:25 DayOfWeek=3 WeekendCloseActive=NO NewTradeBlocked=NO | 34100.000000
QL	0	03:26:56.304	Cazyxio_v4.4 (EURUSD,M15)	2026.03.25 09:26:56 | HEARTBEAT | SYSTEM | EA alive. Tick=34200 Equity=44972.40 OpenPos=0 PendingOrders=0 UTC=2026.03.25 09:26 DayOfWeek=3 WeekendCloseActive=NO NewTradeBlocked=NO | 34200.000000
GN	0	03:28:02.452	Cazyxio_v4.4 (EURUSD,M15)	2026.03.25 09:28:02 | HEARTBEAT | SYSTEM | EA alive. Tick=34300 Equity=44972.40 OpenPos=0 PendingOrders=0 UTC=2026.03.25 09:28 DayOfWeek=3 WeekendCloseActive=NO NewTradeBlocked=NO | 34300.000000
IH	0	03:29:14.044	Cazyxio_v4.4 (EURUSD,M15)	2026.03.25 09:29:14 | HEARTBEAT | SYSTEM | EA alive. Tick=34400 Equity=44972.40 OpenPos=0 PendingOrders=0 UTC=2026.03.25 09:29 DayOfWeek=3 WeekendCloseActive=NO NewTradeBlocked=NO | 34400.000000
IK	0	03:32:21.957	Cazyxio_v4.4 (EURUSD,M15)	2026.03.25 09:32:21 | GATE_FAIL | GBPUSD | CopyBuffer failed for Daily EMA200.
LJ	0	03:34:42.308	Cazyxio_v4.4 (EURUSD,M15)	2026.03.25 09:34:42 | GATE_FAIL | EURUSD | CopyBuffer failed for Daily EMA200.
PE	0	03:37:02.723	Cazyxio_v4.4 (EURUSD,M15)	2026.03.25 09:37:02 | GATE_FAIL | USDJPY | CopyBuffer failed for Daily EMA200.
NF	0	03:37:02.723	Cazyxio_v4.4 (EURUSD,M15)	2026.03.25 09:37:02 | BAR | AUDUSD | close=0.69706 h4ema200=0.70215 h4slope=DOWN dailyEMA200=0.67290 adx=29.9 ema50=0.69762 distToEMA50=5.6pips touchSeq=6 atr=0.000823 atrRatio=0.837 dir=NONE spread=20.0 spreadOK=YES atrGate=PASS touch=FAIL momCandle= zeroRangeBar=NO trigger=NO hasPos=NO portRisk=0.00% openPos=0 | 0.697060
CD	0	03:37:02.723	Cazyxio_v4.4 (EURUSD,M15)	2026.03.25 09:37:02 | GATE_FAIL | AUDUSD | No directional bias. h4slope=DOWN closeNow=0.69706 h4ema200=0.70215 dailyEMA200=0.67290
RK	0	03:37:02.723	Cazyxio_v4.4 (EURUSD,M15)	2026.03.25 09:37:02 | BAR | GBPJPY | close=212.847 h4ema200=211.341 h4slope=UP dailyEMA200=205.354 adx=18.7 ema50=212.846 distToEMA50=0.1pips touchSeq=3 atr=0.151643 atrRatio=1.144 dir=LONG spread=40.0 spreadOK=NO atrGate=PASS touch=PASS momCandle=momClosePos=0.494 momOk=N ema50Ok=Y barRange=0.166000 zeroRangeBar=NO trigger=NO hasPos=NO portRisk=0.00% openPos=0 | 212.847000
MM	0	03:37:02.723	Cazyxio_v4.4 (EURUSD,M15)	2026.03.25 09:37:02 | GATE_FAIL | GBPJPY | Spread too wide. Spread=40.0 Max=30 points.
LS	0	03:37:02.723	Cazyxio_v4.4 (EURUSD,M15)	2026.03.25 09:37:02 | BAR | USDCAD | close=1.37897 h4ema200=1.36855 h4slope=UP dailyEMA200=1.38061 adx=38.4 ema50=1.37725 distToEMA50=17.2pips touchSeq=0 atr=0.000504 atrRatio=0.701 dir=NONE spread=25.0 spreadOK=YES atrGate=FAIL touch=FAIL momCandle= zeroRangeBar=NO trigger=NO hasPos=NO portRisk=0.00% openPos=0 | 1.378970
ON	0	03:37:02.723	Cazyxio_v4.4 (EURUSD,M15)	2026.03.25 09:37:02 | GATE_FAIL | USDCAD | No directional bias. h4slope=UP closeNow=1.37897 h4ema200=1.36855 dailyEMA200=1.38061
QF	0	03:37:09.335	Cazyxio_v4.4 (EURUSD,M15)	2026.03.25 09:37:09 | HEARTBEAT | SYSTEM | EA alive. Tick=34500 Equity=44972.40 OpenPos=0 PendingOrders=0 UTC=2026.03.25 09:37 DayOfWeek=3 WeekendCloseActive=NO NewTradeBlocked=NO | 34500.000000
QP	0	03:38:25.082	Cazyxio_v4.4 (EURUSD,M15)	2026.03.25 09:38:25 | HEARTBEAT | SYSTEM | EA alive. Tick=34600 Equity=44972.40 OpenPos=0 PendingOrders=0 UTC=2026.03.25 09:38 DayOfWeek=3 WeekendCloseActive=NO NewTradeBlocked=NO | 34600.000000
NR	0	03:39:31.860	Cazyxio_v4.4 (EURUSD,M15)	2026.03.25 09:39:31 | HEARTBEAT | SYSTEM | EA alive. Tick=34700 Equity=44972.40 OpenPos=0 PendingOrders=0 UTC=2026.03.25 09:39 DayOfWeek=3 WeekendCloseActive=NO NewTradeBlocked=NO | 34700.000000
ML	0	03:40:29.537	Cazyxio_v4.4 (EURUSD,M15)	2026.03.25 09:40:29 | HEARTBEAT | SYSTEM | EA alive. Tick=34800 Equity=44972.40 OpenPos=0 PendingOrders=0 UTC=2026.03.25 09:40 DayOfWeek=3 WeekendCloseActive=NO NewTradeBlocked=NO | 34800.000000
GN	0	03:41:28.097	Cazyxio_v4.4 (EURUSD,M15)	2026.03.25 09:41:28 | HEARTBEAT | SYSTEM | EA alive. Tick=34900 Equity=44972.40 OpenPos=0 PendingOrders=0 UTC=2026.03.25 09:41 DayOfWeek=3 WeekendCloseActive=NO NewTradeBlocked=NO | 34900.000000
QH	0	03:42:28.610	Cazyxio_v4.4 (EURUSD,M15)	2026.03.25 09:42:28 | HEARTBEAT | SYSTEM | EA alive. Tick=35000 Equity=44972.40 OpenPos=0 PendingOrders=0 UTC=2026.03.25 09:42 DayOfWeek=3 WeekendCloseActive=NO NewTradeBlocked=NO | 35000.000000
FJ	0	03:43:37.957	Cazyxio_v4.4 (EURUSD,M15)	2026.03.25 09:43:37 | HEARTBEAT | SYSTEM | EA alive. Tick=35100 Equity=44972.40 OpenPos=0 PendingOrders=0 UTC=2026.03.25 09:43 DayOfWeek=3 WeekendCloseActive=NO NewTradeBlocked=NO | 35100.000000
HD	0	03:47:21.940	Cazyxio_v4.4 (EURUSD,M15)	2026.03.25 09:47:21 | GATE_FAIL | EURUSD | CopyBuffer failed for Daily EMA200.
ND	0	03:49:42.280	Cazyxio_v4.4 (EURUSD,M15)	2026.03.25 09:49:42 | GATE_FAIL | USDJPY | CopyBuffer failed for Daily EMA200.
KG	0	03:49:42.280	Cazyxio_v4.4 (EURUSD,M15)	2026.03.25 09:49:42 | BAR | AUDUSD | close=0.69657 h4ema200=0.70214 h4slope=DOWN dailyEMA200=0.67289 adx=29.9 ema50=0.69757 distToEMA50=10.0pips touchSeq=0 atr=0.000838 atrRatio=0.855 dir=NONE spread=20.0 spreadOK=YES atrGate=PASS touch=FAIL momCandle= zeroRangeBar=NO trigger=NO hasPos=NO portRisk=0.00% openPos=0 | 0.696570
KE	0	03:49:42.280	Cazyxio_v4.4 (EURUSD,M15)	2026.03.25 09:49:42 | GATE_FAIL | AUDUSD | No directional bias. h4slope=DOWN closeNow=0.69657 h4ema200=0.70214 dailyEMA200=0.67289
GG	0	03:49:42.280	Cazyxio_v4.4 (EURUSD,M15)	2026.03.25 09:49:42 | BAR | GBPJPY | close=212.848 h4ema200=211.341 h4slope=UP dailyEMA200=205.355 adx=18.7 ema50=212.847 distToEMA50=0.1pips touchSeq=4 atr=0.143714 atrRatio=1.086 dir=LONG spread=37.0 spreadOK=NO atrGate=PASS touch=PASS momCandle=momClosePos=0.789 momOk=Y ema50Ok=Y barRange=0.123000 zeroRangeBar=NO trigger=YES hasPos=NO portRisk=0.00% openPos=0 | 212.848000
CR	0	03:49:42.280	Cazyxio_v4.4 (EURUSD,M15)	2026.03.25 09:49:42 | GATE_FAIL | GBPJPY | Spread too wide. Spread=37.0 Max=30 points.
PL	0	03:49:42.281	Cazyxio_v4.4 (EURUSD,M15)	2026.03.25 09:49:42 | BAR | USDCAD | close=1.37927 h4ema200=1.36855 h4slope=UP dailyEMA200=1.38061 adx=38.5 ema50=1.37734 distToEMA50=19.3pips touchSeq=0 atr=0.000497 atrRatio=0.695 dir=NONE spread=23.0 spreadOK=YES atrGate=FAIL touch=FAIL momCandle= zeroRangeBar=NO trigger=NO hasPos=NO portRisk=0.00% openPos=0 | 1.379270
DL	0	03:49:42.281	Cazyxio_v4.4 (EURUSD,M15)	2026.03.25 09:49:42 | GATE_FAIL | USDCAD | No directional bias. h4slope=UP closeNow=1.37927 h4ema200=1.36855 dailyEMA200=1.38061
GP	0	03:52:04.526	Cazyxio_v4.4 (EURUSD,M15)	2026.03.25 09:52:04 | GATE_FAIL | GBPUSD | CopyBuffer failed for Daily EMA200.
LP	0	03:52:22.201	Cazyxio_v4.4 (EURUSD,M15)	2026.03.25 09:52:22 | HEARTBEAT | SYSTEM | EA alive. Tick=35200 Equity=44972.40 OpenPos=0 PendingOrders=0 UTC=2026.03.25 09:52 DayOfWeek=3 WeekendCloseActive=NO NewTradeBlocked=NO | 35200.000000
HR	0	03:53:39.248	Cazyxio_v4.4 (EURUSD,M15)	2026.03.25 09:53:39 | HEARTBEAT | SYSTEM | EA alive. Tick=35300 Equity=44972.40 OpenPos=0 PendingOrders=0 UTC=2026.03.25 09:53 DayOfWeek=3 WeekendCloseActive=NO NewTradeBlocked=NO | 35300.000000
EL	0	03:55:08.681	Cazyxio_v4.4 (EURUSD,M15)	2026.03.25 09:55:08 | HEARTBEAT | SYSTEM | EA alive. Tick=35400 Equity=44972.40 OpenPos=0 PendingOrders=0 UTC=2026.03.25 09:55 DayOfWeek=3 WeekendCloseActive=NO NewTradeBlocked=NO | 35400.000000
LN	0	03:56:44.061	Cazyxio_v4.4 (EURUSD,M15)	2026.03.25 09:56:44 | HEARTBEAT | SYSTEM | EA alive. Tick=35500 Equity=44972.40 OpenPos=0 PendingOrders=0 UTC=2026.03.25 09:56 DayOfWeek=3 WeekendCloseActive=NO NewTradeBlocked=NO | 35500.000000
JH	0	03:58:04.456	Cazyxio_v4.4 (EURUSD,M15)	2026.03.25 09:58:04 | HEARTBEAT | SYSTEM | EA alive. Tick=35600 Equity=44972.40 OpenPos=0 PendingOrders=0 UTC=2026.03.25 09:58 DayOfWeek=3 WeekendCloseActive=NO NewTradeBlocked=NO | 35600.000000
JJ	0	03:58:59.979	Cazyxio_v4.4 (EURUSD,M15)	2026.03.25 09:58:59 | HEARTBEAT | SYSTEM | EA alive. Tick=35700 Equity=44972.40 OpenPos=0 PendingOrders=0 UTC=2026.03.25 09:58 DayOfWeek=3 WeekendCloseActive=NO NewTradeBlocked=NO | 35700.000000
MD	0	03:59:31.487	Cazyxio_v4.4 (EURUSD,M15)	2026.03.25 09:59:31 | HEARTBEAT | SYSTEM | EA alive. Tick=35800 Equity=44972.40 OpenPos=0 PendingOrders=0 UTC=2026.03.25 09:59 DayOfWeek=3 WeekendCloseActive=NO NewTradeBlocked=NO | 35800.000000
EG	0	04:02:21.716	Cazyxio_v4.4 (EURUSD,M15)	2026.03.25 10:02:21 | GATE_FAIL | GBPUSD | CopyBuffer failed for Daily EMA200.
NF	0	04:04:42.071	Cazyxio_v4.4 (EURUSD,M15)	2026.03.25 10:04:42 | GATE_FAIL | EURUSD | CopyBuffer failed for Daily EMA200.
FQ	0	04:07:02.447	Cazyxio_v4.4 (EURUSD,M15)	2026.03.25 10:07:02 | GATE_FAIL | USDJPY | CopyBuffer failed for Daily EMA200.
RR	0	04:07:02.447	Cazyxio_v4.4 (EURUSD,M15)	2026.03.25 10:07:02 | BAR | AUDUSD | close=0.69679 h4ema200=0.70215 h4slope=DOWN dailyEMA200=0.67290 adx=29.9 ema50=0.69756 distToEMA50=7.7pips touchSeq=1 atr=0.000888 atrRatio=0.909 dir=NONE spread=17.0 spreadOK=YES atrGate=PASS touch=FAIL momCandle= zeroRangeBar=NO trigger=NO hasPos=NO portRisk=0.00% openPos=0 | 0.696790
JP	0	04:07:02.447	Cazyxio_v4.4 (EURUSD,M15)	2026.03.25 10:07:02 | GATE_FAIL | AUDUSD | No directional bias. h4slope=DOWN closeNow=0.69679 h4ema200=0.70215 dailyEMA200=0.67290
MG	0	04:07:02.447	Cazyxio_v4.4 (EURUSD,M15)	2026.03.25 10:07:02 | BAR | GBPJPY | close=212.836 h4ema200=211.342 h4slope=UP dailyEMA200=205.355 adx=18.7 ema50=212.851 distToEMA50=1.5pips touchSeq=5 atr=0.145929 atrRatio=1.105 dir=LONG spread=35.0 spreadOK=NO atrGate=PASS touch=PASS momCandle=momClosePos=0.274 momOk=N ema50Ok=Y barRange=0.073000 zeroRangeBar=NO trigger=NO hasPos=NO portRisk=0.00% openPos=0 | 212.836000
IQ	0	04:07:02.447	Cazyxio_v4.4 (EURUSD,M15)	2026.03.25 10:07:02 | GATE_FAIL | GBPJPY | Spread too wide. Spread=35.0 Max=30 points.
MO	0	04:07:02.447	Cazyxio_v4.4 (EURUSD,M15)	2026.03.25 10:07:02 | BAR | USDCAD | close=1.37925 h4ema200=1.36855 h4slope=UP dailyEMA200=1.38061 adx=38.5 ema50=1.37742 distToEMA50=18.3pips touchSeq=0 atr=0.000510 atrRatio=0.717 dir=NONE spread=24.0 spreadOK=YES atrGate=FAIL touch=FAIL momCandle= zeroRangeBar=NO trigger=NO hasPos=NO portRisk=0.00% openPos=0 | 1.379250
MJ	0	04:07:02.447	Cazyxio_v4.4 (EURUSD,M15)	2026.03.25 10:07:02 | GATE_FAIL | USDCAD | No directional bias. h4slope=UP closeNow=1.37925 h4ema200=1.36855 dailyEMA200=1.38061
ER	0	04:07:22.940	Cazyxio_v4.4 (EURUSD,M15)	2026.03.25 10:07:22 | HEARTBEAT | SYSTEM | EA alive. Tick=35900 Equity=44972.40 OpenPos=0 PendingOrders=0 UTC=2026.03.25 10:07 DayOfWeek=3 WeekendCloseActive=NO NewTradeBlocked=NO | 35900.000000
ML	0	04:08:57.208	Cazyxio_v4.4 (EURUSD,M15)	2026.03.25 10:08:57 | HEARTBEAT | SYSTEM | EA alive. Tick=36000 Equity=44972.40 OpenPos=0 PendingOrders=0 UTC=2026.03.25 10:08 DayOfWeek=3 WeekendCloseActive=NO NewTradeBlocked=NO | 36000.000000
IN	0	04:10:25.618	Cazyxio_v4.4 (EURUSD,M15)	2026.03.25 10:10:25 | HEARTBEAT | SYSTEM | EA alive. Tick=36100 Equity=44972.40 OpenPos=0 PendingOrders=0 UTC=2026.03.25 10:10 DayOfWeek=3 WeekendCloseActive=NO NewTradeBlocked=NO | 36100.000000
EH	0	04:11:51.875	Cazyxio_v4.4 (EURUSD,M15)	2026.03.25 10:11:51 | HEARTBEAT | SYSTEM | EA alive. Tick=36200 Equity=44972.40 OpenPos=0 PendingOrders=0 UTC=2026.03.25 10:11 DayOfWeek=3 WeekendCloseActive=NO NewTradeBlocked=NO | 36200.000000
RJ	0	04:13:21.702	Cazyxio_v4.4 (EURUSD,M15)	2026.03.25 10:13:21 | HEARTBEAT | SYSTEM | EA alive. Tick=36300 Equity=44972.40 OpenPos=0 PendingOrders=0 UTC=2026.03.25 10:13 DayOfWeek=3 WeekendCloseActive=NO NewTradeBlocked=NO | 36300.000000
QD	0	04:15:01.406	Cazyxio_v4.4 (EURUSD,M15)	2026.03.25 10:15:01 | HEARTBEAT | SYSTEM | EA alive. Tick=36400 Equity=44972.40 OpenPos=0 PendingOrders=0 UTC=2026.03.25 10:15 DayOfWeek=3 WeekendCloseActive=NO NewTradeBlocked=NO | 36400.000000
QF	0	04:17:21.854	Cazyxio_v4.4 (EURUSD,M15)	2026.03.25 10:17:21 | GATE_FAIL | EURUSD | CopyBuffer failed for Daily EMA200.
MF	0	04:19:42.307	Cazyxio_v4.4 (EURUSD,M15)	2026.03.25 10:19:42 | GATE_FAIL | USDJPY | CopyBuffer failed for Daily EMA200.
MQ	0	04:19:42.307	Cazyxio_v4.4 (EURUSD,M15)	2026.03.25 10:19:42 | BAR | AUDUSD | close=0.69644 h4ema200=0.70215 h4slope=DOWN dailyEMA200=0.67289 adx=29.9 ema50=0.69750 distToEMA50=10.6pips touchSeq=0 atr=0.000896 atrRatio=0.920 dir=NONE spread=17.0 spreadOK=YES atrGate=PASS touch=FAIL momCandle= zeroRangeBar=NO trigger=NO hasPos=NO portRisk=0.00% openPos=0 | 0.696440
MS	0	04:19:42.307	Cazyxio_v4.4 (EURUSD,M15)	2026.03.25 10:19:42 | GATE_FAIL | AUDUSD | No directional bias. h4slope=DOWN closeNow=0.69644 h4ema200=0.70215 dailyEMA200=0.67289
GE	0	04:19:42.307	Cazyxio_v4.4 (EURUSD,M15)	2026.03.25 10:19:42 | BAR | GBPJPY | close=212.927 h4ema200=211.343 h4slope=UP dailyEMA200=205.356 adx=18.7 ema50=212.857 distToEMA50=7.0pips touchSeq=6 atr=0.147214 atrRatio=1.117 dir=LONG spread=37.0 spreadOK=NO atrGate=PASS touch=PASS momCandle=momClosePos=0.748 momOk=Y ema50Ok=Y barRange=0.123000 zeroRangeBar=NO trigger=YES hasPos=NO portRisk=0.00% openPos=0 | 212.927000
DP	0	04:19:42.307	Cazyxio_v4.4 (EURUSD,M15)	2026.03.25 10:19:42 | GATE_FAIL | GBPJPY | Spread too wide. Spread=37.0 Max=30 points.
NN	0	04:19:42.307	Cazyxio_v4.4 (EURUSD,M15)	2026.03.25 10:19:42 | BAR | USDCAD | close=1.37952 h4ema200=1.36855 h4slope=UP dailyEMA200=1.38061 adx=38.6 ema50=1.37751 distToEMA50=20.1pips touchSeq=0 atr=0.000502 atrRatio=0.709 dir=NONE spread=24.0 spreadOK=YES atrGate=FAIL touch=FAIL momCandle= zeroRangeBar=NO trigger=NO hasPos=NO portRisk=0.00% openPos=0 | 1.379520
FJ	0	04:19:42.307	Cazyxio_v4.4 (EURUSD,M15)	2026.03.25 10:19:42 | GATE_FAIL | USDCAD | No directional bias. h4slope=UP closeNow=1.37952 h4ema200=1.36855 dailyEMA200=1.38061
OR	0	04:22:02.868	Cazyxio_v4.4 (EURUSD,M15)	2026.03.25 10:22:02 | GATE_FAIL | GBPUSD | CopyBuffer failed for Daily EMA200.
GR	0	04:23:07.168	Cazyxio_v4.4 (EURUSD,M15)	2026.03.25 10:23:07 | HEARTBEAT | SYSTEM | EA alive. Tick=36500 Equity=44972.40 OpenPos=0 PendingOrders=0 UTC=2026.03.25 10:23 DayOfWeek=3 WeekendCloseActive=NO NewTradeBlocked=NO | 36500.000000
PL	0	04:24:42.414	Cazyxio_v4.4 (EURUSD,M15)	2026.03.25 10:24:42 | HEARTBEAT | SYSTEM | EA alive. Tick=36600 Equity=44972.40 OpenPos=0 PendingOrders=0 UTC=2026.03.25 10:24 DayOfWeek=3 WeekendCloseActive=NO NewTradeBlocked=NO | 36600.000000
ON	0	04:25:58.188	Cazyxio_v4.4 (EURUSD,M15)	2026.03.25 10:25:58 | HEARTBEAT | SYSTEM | EA alive. Tick=36700 Equity=44972.40 OpenPos=0 PendingOrders=0 UTC=2026.03.25 10:25 DayOfWeek=3 WeekendCloseActive=NO NewTradeBlocked=NO | 36700.000000
GH	0	04:27:20.319	Cazyxio_v4.4 (EURUSD,M15)	2026.03.25 10:27:20 | HEARTBEAT | SYSTEM | EA alive. Tick=36800 Equity=44972.40 OpenPos=0 PendingOrders=0 UTC=2026.03.25 10:27 DayOfWeek=3 WeekendCloseActive=NO NewTradeBlocked=NO | 36800.000000
CJ	0	04:28:27.819	Cazyxio_v4.4 (EURUSD,M15)	2026.03.25 10:28:27 | HEARTBEAT | SYSTEM | EA alive. Tick=36900 Equity=44972.40 OpenPos=0 PendingOrders=0 UTC=2026.03.25 10:28 DayOfWeek=3 WeekendCloseActive=NO NewTradeBlocked=NO | 36900.000000
DD	0	04:29:40.347	Cazyxio_v4.4 (EURUSD,M15)	2026.03.25 10:29:40 | HEARTBEAT | SYSTEM | EA alive. Tick=37000 Equity=44972.40 OpenPos=0 PendingOrders=0 UTC=2026.03.25 10:29 DayOfWeek=3 WeekendCloseActive=NO NewTradeBlocked=NO | 37000.000000
GF	0	04:32:21.742	Cazyxio_v4.4 (EURUSD,M15)	2026.03.25 10:32:21 | GATE_FAIL | EURUSD | CopyBuffer failed for Daily EMA200.
IF	0	04:34:42.138	Cazyxio_v4.4 (EURUSD,M15)	2026.03.25 10:34:42 | GATE_FAIL | USDJPY | CopyBuffer failed for Daily EMA200.
PQ	0	04:34:42.138	Cazyxio_v4.4 (EURUSD,M15)	2026.03.25 10:34:42 | BAR | AUDUSD | close=0.69596 h4ema200=0.70214 h4slope=DOWN dailyEMA200=0.67289 adx=30.2 ema50=0.69742 distToEMA50=14.6pips touchSeq=0 atr=0.000884 atrRatio=0.911 dir=NONE spread=18.0 spreadOK=YES atrGate=PASS touch=FAIL momCandle= zeroRangeBar=NO trigger=NO hasPos=NO portRisk=0.00% openPos=0 | 0.695960
RS	0	04:34:42.138	Cazyxio_v4.4 (EURUSD,M15)	2026.03.25 10:34:42 | GATE_FAIL | AUDUSD | No directional bias. h4slope=DOWN closeNow=0.69596 h4ema200=0.70214 dailyEMA200=0.67289
PK	0	04:34:42.138	Cazyxio_v4.4 (EURUSD,M15)	2026.03.25 10:34:42 | BAR | GBPJPY | close=212.968 h4ema200=211.343 h4slope=UP dailyEMA200=205.356 adx=18.7 ema50=212.861 distToEMA50=10.7pips touchSeq=7 atr=0.140357 atrRatio=1.068 dir=LONG spread=39.0 spreadOK=NO atrGate=PASS touch=PASS momCandle=momClosePos=0.450 momOk=N ema50Ok=Y barRange=0.100000 zeroRangeBar=NO trigger=NO hasPos=NO portRisk=0.00% openPos=0 | 212.968000
FP	0	04:34:42.138	Cazyxio_v4.4 (EURUSD,M15)	2026.03.25 10:34:42 | GATE_FAIL | GBPJPY | Spread too wide. Spread=39.0 Max=30 points.
MN	0	04:34:42.138	Cazyxio_v4.4 (EURUSD,M15)	2026.03.25 10:34:42 | BAR | USDCAD | close=1.37964 h4ema200=1.36855 h4slope=UP dailyEMA200=1.38061 adx=38.6 ema50=1.37760 distToEMA50=20.4pips touchSeq=0 atr=0.000471 atrRatio=0.670 dir=NONE spread=24.0 spreadOK=YES atrGate=FAIL touch=FAIL momCandle= zeroRangeBar=NO trigger=NO hasPos=NO portRisk=0.00% openPos=0 | 1.379640
QJ	0	04:34:42.138	Cazyxio_v4.4 (EURUSD,M15)	2026.03.25 10:34:42 | GATE_FAIL | USDCAD | No directional bias. h4slope=UP closeNow=1.37964 h4ema200=1.36855 dailyEMA200=1.38061
HR	0	04:37:02.607	Cazyxio_v4.4 (EURUSD,M15)	2026.03.25 10:37:02 | GATE_FAIL | GBPUSD | CopyBuffer failed for Daily EMA200.
OS	0	04:38:06.366	Cazyxio_v4.4 (EURUSD,M15)	2026.03.25 10:38:06 | HEARTBEAT | SYSTEM | EA alive. Tick=37100 Equity=44972.40 OpenPos=0 PendingOrders=0 UTC=2026.03.25 10:38 DayOfWeek=3 WeekendCloseActive=NO NewTradeBlocked=NO | 37100.000000
PM	0	04:39:17.210	Cazyxio_v4.4 (EURUSD,M15)	2026.03.25 10:39:17 | HEARTBEAT | SYSTEM | EA alive. Tick=37200 Equity=44972.40 OpenPos=0 PendingOrders=0 UTC=2026.03.25 10:39 DayOfWeek=3 WeekendCloseActive=NO NewTradeBlocked=NO | 37200.000000
LO	0	04:41:01.923	Cazyxio_v4.4 (EURUSD,M15)	2026.03.25 10:41:01 | HEARTBEAT | SYSTEM | EA alive. Tick=37300 Equity=44972.40 OpenPos=0 PendingOrders=0 UTC=2026.03.25 10:41 DayOfWeek=3 WeekendCloseActive=NO NewTradeBlocked=NO | 37300.000000
MI	0	04:42:05.822	Cazyxio_v4.4 (EURUSD,M15)	2026.03.25 10:42:05 | HEARTBEAT | SYSTEM | EA alive. Tick=37400 Equity=44972.40 OpenPos=0 PendingOrders=0 UTC=2026.03.25 10:42 DayOfWeek=3 WeekendCloseActive=NO NewTradeBlocked=NO | 37400.000000
RK	0	04:43:31.628	Cazyxio_v4.4 (EURUSD,M15)	2026.03.25 10:43:31 | HEARTBEAT | SYSTEM | EA alive. Tick=37500 Equity=44972.40 OpenPos=0 PendingOrders=0 UTC=2026.03.25 10:43 DayOfWeek=3 WeekendCloseActive=NO NewTradeBlocked=NO | 37500.000000
IE	0	04:47:21.841	Cazyxio_v4.4 (EURUSD,M15)	2026.03.25 10:47:21 | GATE_FAIL | EURUSD | CopyBuffer failed for Daily EMA200.
OD	0	04:49:42.169	Cazyxio_v4.4 (EURUSD,M15)	2026.03.25 10:49:42 | GATE_FAIL | USDJPY | CopyBuffer failed for Daily EMA200.
ND	0	04:49:42.169	Cazyxio_v4.4 (EURUSD,M15)	2026.03.25 10:49:42 | BAR | AUDUSD | close=0.69610 h4ema200=0.70215 h4slope=DOWN dailyEMA200=0.67290 adx=30.2 ema50=0.69740 distToEMA50=13.0pips touchSeq=0 atr=0.000898 atrRatio=0.928 dir=NONE spread=19.0 spreadOK=YES atrGate=PASS touch=FAIL momCandle= zeroRangeBar=NO trigger=NO hasPos=NO portRisk=0.00% openPos=0 | 0.696100
PE	0	04:49:42.169	Cazyxio_v4.4 (EURUSD,M15)	2026.03.25 10:49:42 | GATE_FAIL | AUDUSD | No directional bias. h4slope=DOWN closeNow=0.69610 h4ema200=0.70215 dailyEMA200=0.67290
NI	0	04:49:42.169	Cazyxio_v4.4 (EURUSD,M15)	2026.03.25 10:49:42 | BAR | GBPJPY | close=213.011 h4ema200=211.344 h4slope=UP dailyEMA200=205.357 adx=18.7 ema50=212.870 distToEMA50=14.1pips touchSeq=8 atr=0.139000 atrRatio=1.060 dir=LONG spread=41.0 spreadOK=NO atrGate=PASS touch=PASS momCandle=momClosePos=0.614 momOk=N ema50Ok=Y barRange=0.088000 zeroRangeBar=NO trigger=NO hasPos=NO portRisk=0.00% openPos=0 | 213.011000
QR	0	04:49:42.169	Cazyxio_v4.4 (EURUSD,M15)	2026.03.25 10:49:42 | GATE_FAIL | GBPJPY | Spread too wide. Spread=41.0 Max=30 points.
PL	0	04:49:42.169	Cazyxio_v4.4 (EURUSD,M15)	2026.03.25 10:49:42 | BAR | USDCAD | close=1.37971 h4ema200=1.36855 h4slope=UP dailyEMA200=1.38061 adx=38.6 ema50=1.37766 distToEMA50=20.5pips touchSeq=0 atr=0.000483 atrRatio=0.690 dir=NONE spread=25.0 spreadOK=YES atrGate=FAIL touch=FAIL momCandle= zeroRangeBar=NO trigger=NO hasPos=NO portRisk=0.00% openPos=0 | 1.379710
OL	0	04:49:42.169	Cazyxio_v4.4 (EURUSD,M15)	2026.03.25 10:49:42 | GATE_FAIL | USDCAD | No directional bias. h4slope=UP closeNow=1.37971 h4ema200=1.36855 dailyEMA200=1.38061
CP	0	04:52:03.363	Cazyxio_v4.4 (EURUSD,M15)	2026.03.25 10:52:03 | GATE_FAIL | GBPUSD | CopyBuffer failed for Daily EMA200.
DQ	0	04:52:08.990	Cazyxio_v4.4 (EURUSD,M15)	2026.03.25 10:52:08 | HEARTBEAT | SYSTEM | EA alive. Tick=37600 Equity=44972.40 OpenPos=0 PendingOrders=0 UTC=2026.03.25 10:52 DayOfWeek=3 WeekendCloseActive=NO NewTradeBlocked=NO | 37600.000000
QS	0	04:53:20.385	Cazyxio_v4.4 (EURUSD,M15)	2026.03.25 10:53:20 | HEARTBEAT | SYSTEM | EA alive. Tick=37700 Equity=44972.40 OpenPos=0 PendingOrders=0 UTC=2026.03.25 10:53 DayOfWeek=3 WeekendCloseActive=NO NewTradeBlocked=NO | 37700.000000
FM	0	04:54:35.271	Cazyxio_v4.4 (EURUSD,M15)	2026.03.25 10:54:35 | HEARTBEAT | SYSTEM | EA alive. Tick=37800 Equity=44972.40 OpenPos=0 PendingOrders=0 UTC=2026.03.25 10:54 DayOfWeek=3 WeekendCloseActive=NO NewTradeBlocked=NO | 37800.000000
EO	0	04:55:59.172	Cazyxio_v4.4 (EURUSD,M15)	2026.03.25 10:55:59 | HEARTBEAT | SYSTEM | EA alive. Tick=37900 Equity=44972.40 OpenPos=0 PendingOrders=0 UTC=2026.03.25 10:55 DayOfWeek=3 WeekendCloseActive=NO NewTradeBlocked=NO | 37900.000000
JI	0	04:57:12.416	Cazyxio_v4.4 (EURUSD,M15)	2026.03.25 10:57:12 | HEARTBEAT | SYSTEM | EA alive. Tick=38000 Equity=44972.40 OpenPos=0 PendingOrders=0 UTC=2026.03.25 10:57 DayOfWeek=3 WeekendCloseActive=NO NewTradeBlocked=NO | 38000.000000
LK	0	04:58:50.828	Cazyxio_v4.4 (EURUSD,M15)	2026.03.25 10:58:50 | HEARTBEAT | SYSTEM | EA alive. Tick=38100 Equity=44972.40 OpenPos=0 PendingOrders=0 UTC=2026.03.25 10:58 DayOfWeek=3 WeekendCloseActive=NO NewTradeBlocked=NO | 38100.000000
JE	0	05:02:21.916	Cazyxio_v4.4 (EURUSD,M15)	2026.03.25 11:02:21 | GATE_FAIL | EURUSD | CopyBuffer failed for Daily EMA200.
ED	0	05:04:42.310	Cazyxio_v4.4 (EURUSD,M15)	2026.03.25 11:04:42 | GATE_FAIL | USDJPY | CopyBuffer failed for Daily EMA200.
EG	0	05:04:42.310	Cazyxio_v4.4 (EURUSD,M15)	2026.03.25 11:04:42 | BAR | AUDUSD | close=0.69664 h4ema200=0.70215 h4slope=DOWN dailyEMA200=0.67290 adx=30.2 ema50=0.69738 distToEMA50=7.4pips touchSeq=1 atr=0.000871 atrRatio=0.904 dir=NONE spread=18.0 spreadOK=YES atrGate=PASS touch=FAIL momCandle= zeroRangeBar=NO trigger=NO hasPos=NO portRisk=0.00% openPos=0 | 0.696640
EE	0	05:04:42.310	Cazyxio_v4.4 (EURUSD,M15)	2026.03.25 11:04:42 | GATE_FAIL | AUDUSD | No directional bias. h4slope=DOWN closeNow=0.69664 h4ema200=0.70215 dailyEMA200=0.67290
NI	0	05:04:42.310	Cazyxio_v4.4 (EURUSD,M15)	2026.03.25 11:04:42 | BAR | GBPJPY | close=213.061 h4ema200=211.344 h4slope=UP dailyEMA200=205.357 adx=18.7 ema50=212.878 distToEMA50=18.3pips touchSeq=0 atr=0.130857 atrRatio=1.001 dir=LONG spread=39.0 spreadOK=NO atrGate=PASS touch=PASS momCandle=momClosePos=0.567 momOk=N ema50Ok=Y barRange=0.097000 zeroRangeBar=NO trigger=NO hasPos=NO portRisk=0.00% openPos=0 | 213.061000
PR	0	05:04:42.310	Cazyxio_v4.4 (EURUSD,M15)	2026.03.25 11:04:42 | GATE_FAIL | GBPJPY | Spread too wide. Spread=39.0 Max=30 points.
DL	0	05:04:42.310	Cazyxio_v4.4 (EURUSD,M15)	2026.03.25 11:04:42 | BAR | USDCAD | close=1.37926 h4ema200=1.36855 h4slope=UP dailyEMA200=1.38060 adx=38.6 ema50=1.37771 distToEMA50=15.5pips touchSeq=0 atr=0.000480 atrRatio=0.690 dir=NONE spread=27.0 spreadOK=YES atrGate=FAIL touch=FAIL momCandle= zeroRangeBar=NO trigger=NO hasPos=NO portRisk=0.00% openPos=0 | 1.379260
FL	0	05:04:42.310	Cazyxio_v4.4 (EURUSD,M15)	2026.03.25 11:04:42 | GATE_FAIL | USDCAD | No directional bias. h4slope=UP closeNow=1.37926 h4ema200=1.36855 dailyEMA200=1.38060
JP	0	05:07:03.375	Cazyxio_v4.4 (EURUSD,M15)	2026.03.25 11:07:03 | GATE_FAIL | GBPUSD | CopyBuffer failed for Daily EMA200.
PQ	0	05:07:17.397	Cazyxio_v4.4 (EURUSD,M15)	2026.03.25 11:07:17 | HEARTBEAT | SYSTEM | EA alive. Tick=38200 Equity=44972.40 OpenPos=0 PendingOrders=0 UTC=2026.03.25 11:07 DayOfWeek=3 WeekendCloseActive=NO NewTradeBlocked=NO | 38200.000000
KS	0	05:08:22.315	Cazyxio_v4.4 (EURUSD,M15)	2026.03.25 11:08:22 | HEARTBEAT | SYSTEM | EA alive. Tick=38300 Equity=44972.40 OpenPos=0 PendingOrders=0 UTC=2026.03.25 11:08 DayOfWeek=3 WeekendCloseActive=NO NewTradeBlocked=NO | 38300.000000
PM	0	05:09:20.344	Cazyxio_v4.4 (EURUSD,M15)	2026.03.25 11:09:20 | HEARTBEAT | SYSTEM | EA alive. Tick=38400 Equity=44972.40 OpenPos=0 PendingOrders=0 UTC=2026.03.25 11:09 DayOfWeek=3 WeekendCloseActive=NO NewTradeBlocked=NO | 38400.000000
MO	0	05:10:32.963	Cazyxio_v4.4 (EURUSD,M15)	2026.03.25 11:10:32 | HEARTBEAT | SYSTEM | EA alive. Tick=38500 Equity=44972.40 OpenPos=0 PendingOrders=0 UTC=2026.03.25 11:10 DayOfWeek=3 WeekendCloseActive=NO NewTradeBlocked=NO | 38500.000000
LI	0	05:11:41.086	Cazyxio_v4.4 (EURUSD,M15)	2026.03.25 11:11:41 | HEARTBEAT | SYSTEM | EA alive. Tick=38600 Equity=44972.40 OpenPos=0 PendingOrders=0 UTC=2026.03.25 11:11 DayOfWeek=3 WeekendCloseActive=NO NewTradeBlocked=NO | 38600.000000
IK	0	05:12:43.651	Cazyxio_v4.4 (EURUSD,M15)	2026.03.25 11:12:43 | HEARTBEAT | SYSTEM | EA alive. Tick=38700 Equity=44972.40 OpenPos=0 PendingOrders=0 UTC=2026.03.25 11:12 DayOfWeek=3 WeekendCloseActive=NO NewTradeBlocked=NO | 38700.000000
EE	0	05:14:09.123	Cazyxio_v4.4 (EURUSD,M15)	2026.03.25 11:14:09 | HEARTBEAT | SYSTEM | EA alive. Tick=38800 Equity=44972.40 OpenPos=0 PendingOrders=0 UTC=2026.03.25 11:14 DayOfWeek=3 WeekendCloseActive=NO NewTradeBlocked=NO | 38800.000000
PG	0	05:17:23.136	Cazyxio_v4.4 (EURUSD,M15)	2026.03.25 11:17:23 | GATE_FAIL | EURUSD | CopyBuffer failed for Daily EMA200.
DF	0	05:19:43.472	Cazyxio_v4.4 (EURUSD,M15)	2026.03.25 11:19:43 | GATE_FAIL | USDJPY | CopyBuffer failed for Daily EMA200.
OE	0	05:19:43.472	Cazyxio_v4.4 (EURUSD,M15)	2026.03.25 11:19:43 | BAR | AUDUSD | close=0.69684 h4ema200=0.70215 h4slope=DOWN dailyEMA200=0.67290 adx=30.2 ema50=0.69735 distToEMA50=5.1pips touchSeq=2 atr=0.000861 atrRatio=0.897 dir=NONE spread=16.0 spreadOK=YES atrGate=PASS touch=FAIL momCandle= zeroRangeBar=NO trigger=NO hasPos=NO portRisk=0.00% openPos=0 | 0.696840
RS	0	05:19:43.472	Cazyxio_v4.4 (EURUSD,M15)	2026.03.25 11:19:43 | GATE_FAIL | AUDUSD | No directional bias. h4slope=DOWN closeNow=0.69684 h4ema200=0.70215 dailyEMA200=0.67290
PK	0	05:19:43.472	Cazyxio_v4.4 (EURUSD,M15)	2026.03.25 11:19:43 | BAR | GBPJPY | close=213.051 h4ema200=211.344 h4slope=UP dailyEMA200=205.357 adx=18.7 ema50=212.884 distToEMA50=16.7pips touchSeq=0 atr=0.124000 atrRatio=0.952 dir=LONG spread=36.0 spreadOK=NO atrGate=PASS touch=PASS momCandle=momClosePos=0.091 momOk=N ema50Ok=Y barRange=0.110000 zeroRangeBar=NO trigger=NO hasPos=NO portRisk=0.00% openPos=0 | 213.051000
DP	0	05:19:43.472	Cazyxio_v4.4 (EURUSD,M15)	2026.03.25 11:19:43 | GATE_FAIL | GBPJPY | Spread too wide. Spread=36.0 Max=30 points.
QN	0	05:19:43.472	Cazyxio_v4.4 (EURUSD,M15)	2026.03.25 11:19:43 | BAR | USDCAD | close=1.37892 h4ema200=1.36855 h4slope=UP dailyEMA200=1.38061 adx=38.6 ema50=1.37777 distToEMA50=11.5pips touchSeq=0 atr=0.000484 atrRatio=0.699 dir=NONE spread=25.0 spreadOK=YES atrGate=FAIL touch=FAIL momCandle= zeroRangeBar=NO trigger=NO hasPos=NO portRisk=0.00% openPos=0 | 1.378920
RJ	0	05:19:43.472	Cazyxio_v4.4 (EURUSD,M15)	2026.03.25 11:19:43 | GATE_FAIL | USDCAD | No directional bias. h4slope=UP closeNow=1.37892 h4ema200=1.36855 dailyEMA200=1.38061
QR	0	05:22:04.448	Cazyxio_v4.4 (EURUSD,M15)	2026.03.25 11:22:04 | GATE_FAIL | GBPUSD | CopyBuffer failed for Daily EMA200.
QS	0	05:22:29.797	Cazyxio_v4.4 (EURUSD,M15)	2026.03.25 11:22:29 | HEARTBEAT | SYSTEM | EA alive. Tick=38900 Equity=44972.40 OpenPos=0 PendingOrders=0 UTC=2026.03.25 11:22 DayOfWeek=3 WeekendCloseActive=NO NewTradeBlocked=NO | 38900.000000
EM	0	05:24:01.939	Cazyxio_v4.4 (EURUSD,M15)	2026.03.25 11:24:01 | HEARTBEAT | SYSTEM | EA alive. Tick=39000 Equity=44972.40 OpenPos=0 PendingOrders=0 UTC=2026.03.25 11:24 DayOfWeek=3 WeekendCloseActive=NO NewTradeBlocked=NO | 39000.000000
RO	0	05:25:27.708	Cazyxio_v4.4 (EURUSD,M15)	2026.03.25 11:25:27 | HEARTBEAT | SYSTEM | EA alive. Tick=39100 Equity=44972.40 OpenPos=0 PendingOrders=0 UTC=2026.03.25 11:25 DayOfWeek=3 WeekendCloseActive=NO NewTradeBlocked=NO | 39100.000000
GI	0	05:26:45.421	Cazyxio_v4.4 (EURUSD,M15)	2026.03.25 11:26:45 | HEARTBEAT | SYSTEM | EA alive. Tick=39200 Equity=44972.40 OpenPos=0 PendingOrders=0 UTC=2026.03.25 11:26 DayOfWeek=3 WeekendCloseActive=NO NewTradeBlocked=NO | 39200.000000
GK	0	05:27:47.886	Cazyxio_v4.4 (EURUSD,M15)	2026.03.25 11:27:47 | HEARTBEAT | SYSTEM | EA alive. Tick=39300 Equity=44972.40 OpenPos=0 PendingOrders=0 UTC=2026.03.25 11:27 DayOfWeek=3 WeekendCloseActive=NO NewTradeBlocked=NO | 39300.000000
KE	0	05:29:17.242	Cazyxio_v4.4 (EURUSD,M15)	2026.03.25 11:29:17 | HEARTBEAT | SYSTEM | EA alive. Tick=39400 Equity=44972.40 OpenPos=0 PendingOrders=0 UTC=2026.03.25 11:29 DayOfWeek=3 WeekendCloseActive=NO NewTradeBlocked=NO | 39400.000000
HG	0	05:32:21.936	Cazyxio_v4.4 (EURUSD,M15)	2026.03.25 11:32:21 | GATE_FAIL | EURUSD | CopyBuffer failed for Daily EMA200.
GF	0	05:34:42.334	Cazyxio_v4.4 (EURUSD,M15)	2026.03.25 11:34:42 | GATE_FAIL | USDJPY | CopyBuffer failed for Daily EMA200.
EE	0	05:34:42.334	Cazyxio_v4.4 (EURUSD,M15)	2026.03.25 11:34:42 | BAR | AUDUSD | close=0.69698 h4ema200=0.70215 h4slope=DOWN dailyEMA200=0.67290 adx=30.2 ema50=0.69734 distToEMA50=3.6pips touchSeq=3 atr=0.000810 atrRatio=0.846 dir=NONE spread=16.0 spreadOK=YES atrGate=PASS touch=FAIL momCandle= zeroRangeBar=NO trigger=NO hasPos=NO portRisk=0.00% openPos=0 | 0.696980
JS	0	05:34:42.334	Cazyxio_v4.4 (EURUSD,M15)	2026.03.25 11:34:42 | GATE_FAIL | AUDUSD | No directional bias. h4slope=DOWN closeNow=0.69698 h4ema200=0.70215 dailyEMA200=0.67290
QK	0	05:34:42.334	Cazyxio_v4.4 (EURUSD,M15)	2026.03.25 11:34:42 | BAR | GBPJPY | close=213.073 h4ema200=211.344 h4slope=UP dailyEMA200=205.357 adx=18.7 ema50=212.891 distToEMA50=18.2pips touchSeq=0 atr=0.121929 atrRatio=0.939 dir=LONG spread=39.0 spreadOK=NO atrGate=PASS touch=PASS momCandle=momClosePos=0.396 momOk=N ema50Ok=Y barRange=0.091000 zeroRangeBar=NO trigger=NO hasPos=NO portRisk=0.00% openPos=0 | 213.073000
NP	0	05:34:42.334	Cazyxio_v4.4 (EURUSD,M15)	2026.03.25 11:34:42 | GATE_FAIL | GBPJPY | Spread too wide. Spread=39.0 Max=30 points.
HN	0	05:34:42.334	Cazyxio_v4.4 (EURUSD,M15)	2026.03.25 11:34:42 | BAR | USDCAD | close=1.37923 h4ema200=1.36855 h4slope=UP dailyEMA200=1.38061 adx=38.6 ema50=1.37783 distToEMA50=14.0pips touchSeq=0 atr=0.000459 atrRatio=0.666 dir=NONE spread=20.0 spreadOK=YES atrGate=FAIL touch=FAIL momCandle= zeroRangeBar=NO trigger=NO hasPos=NO portRisk=0.00% openPos=0 | 1.379230
DJ	0	05:34:42.334	Cazyxio_v4.4 (EURUSD,M15)	2026.03.25 11:34:42 | GATE_FAIL | USDCAD | No directional bias. h4slope=UP closeNow=1.37923 h4ema200=1.36855 dailyEMA200=1.38061
NR	0	05:37:02.915	Cazyxio_v4.4 (EURUSD,M15)	2026.03.25 11:37:02 | GATE_FAIL | GBPUSD | CopyBuffer failed for Daily EMA200.
ES	0	05:37:19.980	Cazyxio_v4.4 (EURUSD,M15)	2026.03.25 11:37:19 | HEARTBEAT | SYSTEM | EA alive. Tick=39500 Equity=44972.40 OpenPos=0 PendingOrders=0 UTC=2026.03.25 11:37 DayOfWeek=3 WeekendCloseActive=NO NewTradeBlocked=NO | 39500.000000
MM	0	05:38:39.512	Cazyxio_v4.4 (EURUSD,M15)	2026.03.25 11:38:39 | HEARTBEAT | SYSTEM | EA alive. Tick=39600 Equity=44972.40 OpenPos=0 PendingOrders=0 UTC=2026.03.25 11:38 DayOfWeek=3 WeekendCloseActive=NO NewTradeBlocked=NO | 39600.000000
EO	0	05:40:36.230	Cazyxio_v4.4 (EURUSD,M15)	2026.03.25 11:40:36 | HEARTBEAT | SYSTEM | EA alive. Tick=39700 Equity=44972.40 OpenPos=0 PendingOrders=0 UTC=2026.03.25 11:40 DayOfWeek=3 WeekendCloseActive=NO NewTradeBlocked=NO | 39700.000000
HI	0	05:42:28.015	Cazyxio_v4.4 (EURUSD,M15)	2026.03.25 11:42:28 | HEARTBEAT | SYSTEM | EA alive. Tick=39800 Equity=44972.40 OpenPos=0 PendingOrders=0 UTC=2026.03.25 11:42 DayOfWeek=3 WeekendCloseActive=NO NewTradeBlocked=NO | 39800.000000
IK	0	05:43:33.886	Cazyxio_v4.4 (EURUSD,M15)	2026.03.25 11:43:33 | HEARTBEAT | SYSTEM | EA alive. Tick=39900 Equity=44972.40 OpenPos=0 PendingOrders=0 UTC=2026.03.25 11:43 DayOfWeek=3 WeekendCloseActive=NO NewTradeBlocked=NO | 39900.000000
RE	0	05:44:25.585	Cazyxio_v4.4 (EURUSD,M15)	2026.03.25 11:44:25 | HEARTBEAT | SYSTEM | EA alive. Tick=40000 Equity=44972.40 OpenPos=0 PendingOrders=0 UTC=2026.03.25 11:44 DayOfWeek=3 WeekendCloseActive=NO NewTradeBlocked=NO | 40000.000000
MG	0	05:47:21.892	Cazyxio_v4.4 (EURUSD,M15)	2026.03.25 11:47:21 | GATE_FAIL | EURUSD | CopyBuffer failed for Daily EMA200.
DF	0	05:49:42.346	Cazyxio_v4.4 (EURUSD,M15)	2026.03.25 11:49:42 | GATE_FAIL | USDJPY | CopyBuffer failed for Daily EMA200.
DE	0	05:49:42.346	Cazyxio_v4.4 (EURUSD,M15)	2026.03.25 11:49:42 | BAR | AUDUSD | close=0.69711 h4ema200=0.70214 h4slope=DOWN dailyEMA200=0.67289 adx=30.3 ema50=0.69731 distToEMA50=2.0pips touchSeq=4 atr=0.000830 atrRatio=0.868 dir=NONE spread=20.0 spreadOK=YES atrGate=PASS touch=FAIL momCandle= zeroRangeBar=NO trigger=NO hasPos=NO portRisk=0.00% openPos=0 | 0.697110
NS	0	05:49:42.346	Cazyxio_v4.4 (EURUSD,M15)	2026.03.25 11:49:42 | GATE_FAIL | AUDUSD | No directional bias. h4slope=DOWN closeNow=0.69711 h4ema200=0.70214 dailyEMA200=0.67289
QF	0	05:49:42.346	Cazyxio_v4.4 (EURUSD,M15)	2026.03.25 11:49:42 | BAR | GBPJPY | close=213.124 h4ema200=211.344 h4slope=UP dailyEMA200=205.357 adx=18.7 ema50=212.901 distToEMA50=22.3pips touchSeq=0 atr=0.123429 atrRatio=0.953 dir=LONG spread=40.0 spreadOK=NO atrGate=PASS touch=PASS momCandle=momClosePos=0.802 momOk=Y ema50Ok=Y barRange=0.096000 zeroRangeBar=NO trigger=YES hasPos=NO portRisk=0.00% openPos=0 | 213.124000
EP	0	05:49:42.346	Cazyxio_v4.4 (EURUSD,M15)	2026.03.25 11:49:42 | GATE_FAIL | GBPJPY | Spread too wide. Spread=40.0 Max=30 points.
MN	0	05:49:42.346	Cazyxio_v4.4 (EURUSD,M15)	2026.03.25 11:49:42 | BAR | USDCAD | close=1.37957 h4ema200=1.36855 h4slope=UP dailyEMA200=1.38061 adx=38.6 ema50=1.37792 distToEMA50=16.5pips touchSeq=0 atr=0.000446 atrRatio=0.650 dir=NONE spread=24.0 spreadOK=YES atrGate=FAIL touch=FAIL momCandle= zeroRangeBar=NO trigger=NO hasPos=NO portRisk=0.00% openPos=0 | 1.379570
LM	0	05:49:42.346	Cazyxio_v4.4 (EURUSD,M15)	2026.03.25 11:49:42 | GATE_FAIL | USDCAD | No directional bias. h4slope=UP closeNow=1.37957 h4ema200=1.36855 dailyEMA200=1.38061
MR	0	05:52:02.921	Cazyxio_v4.4 (EURUSD,M15)	2026.03.25 11:52:02 | GATE_FAIL | GBPUSD | CopyBuffer failed for Daily EMA200.
QS	0	05:52:30.932	Cazyxio_v4.4 (EURUSD,M15)	2026.03.25 11:52:30 | HEARTBEAT | SYSTEM | EA alive. Tick=40100 Equity=44972.40 OpenPos=0 PendingOrders=0 UTC=2026.03.25 11:52 DayOfWeek=3 WeekendCloseActive=NO NewTradeBlocked=NO | 40100.000000
FM	0	05:53:07.620	Cazyxio_v4.4 (EURUSD,M15)	2026.03.25 11:53:07 | HEARTBEAT | SYSTEM | EA alive. Tick=40200 Equity=44972.40 OpenPos=0 PendingOrders=0 UTC=2026.03.25 11:53 DayOfWeek=3 WeekendCloseActive=NO NewTradeBlocked=NO | 40200.000000
MO	0	05:53:54.085	Cazyxio_v4.4 (EURUSD,M15)	2026.03.25 11:53:54 | HEARTBEAT | SYSTEM | EA alive. Tick=40300 Equity=44972.40 OpenPos=0 PendingOrders=0 UTC=2026.03.25 11:53 DayOfWeek=3 WeekendCloseActive=NO NewTradeBlocked=NO | 40300.000000
II	0	05:54:39.655	Cazyxio_v4.4 (EURUSD,M15)	2026.03.25 11:54:39 | HEARTBEAT | SYSTEM | EA alive. Tick=40400 Equity=44972.40 OpenPos=0 PendingOrders=0 UTC=2026.03.25 11:54 DayOfWeek=3 WeekendCloseActive=NO NewTradeBlocked=NO | 40400.000000
QK	0	05:55:38.593	Cazyxio_v4.4 (EURUSD,M15)	2026.03.25 11:55:38 | HEARTBEAT | SYSTEM | EA alive. Tick=40500 Equity=44972.40 OpenPos=0 PendingOrders=0 UTC=2026.03.25 11:55 DayOfWeek=3 WeekendCloseActive=NO NewTradeBlocked=NO | 40500.000000
EE	0	05:56:37.617	Cazyxio_v4.4 (EURUSD,M15)	2026.03.25 11:56:37 | HEARTBEAT | SYSTEM | EA alive. Tick=40600 Equity=44972.40 OpenPos=0 PendingOrders=0 UTC=2026.03.25 11:56 DayOfWeek=3 WeekendCloseActive=NO NewTradeBlocked=NO | 40600.000000
FG	0	05:57:22.088	Cazyxio_v4.4 (EURUSD,M15)	2026.03.25 11:57:22 | HEARTBEAT | SYSTEM | EA alive. Tick=40700 Equity=44972.40 OpenPos=0 PendingOrders=0 UTC=2026.03.25 11:57 DayOfWeek=3 WeekendCloseActive=NO NewTradeBlocked=NO | 40700.000000
EQ	0	05:58:07.248	Cazyxio_v4.4 (EURUSD,M15)	2026.03.25 11:58:07 | HEARTBEAT | SYSTEM | EA alive. Tick=40800 Equity=44972.40 OpenPos=0 PendingOrders=0 UTC=2026.03.25 11:58 DayOfWeek=3 WeekendCloseActive=NO NewTradeBlocked=NO | 40800.000000
NS	0	05:58:47.733	Cazyxio_v4.4 (EURUSD,M15)	2026.03.25 11:58:47 | HEARTBEAT | SYSTEM | EA alive. Tick=40900 Equity=44972.40 OpenPos=0 PendingOrders=0 UTC=2026.03.25 11:58 DayOfWeek=3 WeekendCloseActive=NO NewTradeBlocked=NO | 40900.000000
RM	0	05:59:49.002	Cazyxio_v4.4 (EURUSD,M15)	2026.03.25 11:59:49 | HEARTBEAT | SYSTEM | EA alive. Tick=41000 Equity=44972.40 OpenPos=0 PendingOrders=0 UTC=2026.03.25 11:59 DayOfWeek=3 WeekendCloseActive=NO NewTradeBlocked=NO | 41000.000000
CN	0	06:02:21.910	Cazyxio_v4.4 (EURUSD,M15)	2026.03.25 12:02:21 | GATE_FAIL | GBPUSD | CopyBuffer failed for Daily EMA200.
QN	0	06:04:42.292	Cazyxio_v4.4 (EURUSD,M15)	2026.03.25 12:04:42 | GATE_FAIL | EURUSD | CopyBuffer failed for Daily EMA200.
EN	0	06:07:02.639	Cazyxio_v4.4 (EURUSD,M15)	2026.03.25 12:07:02 | GATE_FAIL | USDJPY | CopyBuffer failed for Daily EMA200.
MJ	0	06:07:02.639	Cazyxio_v4.4 (EURUSD,M15)	2026.03.25 12:07:02 | BAR | AUDUSD | close=0.69659 h4ema200=0.70215 h4slope=DOWN dailyEMA200=0.67290 adx=30.3 ema50=0.69730 distToEMA50=7.1pips touchSeq=5 atr=0.000784 atrRatio=0.822 dir=NONE spread=18.0 spreadOK=YES atrGate=PASS touch=FAIL momCandle= zeroRangeBar=NO trigger=NO hasPos=NO portRisk=0.00% openPos=0 | 0.696590
GK	0	06:07:02.639	Cazyxio_v4.4 (EURUSD,M15)	2026.03.25 12:07:02 | GATE_FAIL | AUDUSD | No directional bias. h4slope=DOWN closeNow=0.69659 h4ema200=0.70215 dailyEMA200=0.67290
KS	0	06:07:02.639	Cazyxio_v4.4 (EURUSD,M15)	2026.03.25 12:07:02 | BAR | GBPJPY | close=213.079 h4ema200=211.345 h4slope=UP dailyEMA200=205.358 adx=18.7 ema50=212.910 distToEMA50=16.9pips touchSeq=0 atr=0.120786 atrRatio=0.935 dir=LONG spread=42.0 spreadOK=NO atrGate=PASS touch=PASS momCandle=momClosePos=0.363 momOk=N ema50Ok=Y barRange=0.113000 zeroRangeBar=NO trigger=NO hasPos=NO portRisk=0.00% openPos=0 | 213.079000
HI	0	06:07:02.639	Cazyxio_v4.4 (EURUSD,M15)	2026.03.25 12:07:02 | GATE_FAIL | GBPJPY | Spread too wide. Spread=42.0 Max=30 points.
HF	0	06:07:02.639	Cazyxio_v4.4 (EURUSD,M15)	2026.03.25 12:07:02 | BAR | USDCAD | close=1.37945 h4ema200=1.36855 h4slope=UP dailyEMA200=1.38061 adx=38.6 ema50=1.37795 distToEMA50=15.0pips touchSeq=0 atr=0.000437 atrRatio=0.639 dir=NONE spread=26.0 spreadOK=YES atrGate=FAIL touch=FAIL momCandle= zeroRangeBar=NO trigger=NO hasPos=NO portRisk=0.00% openPos=0 | 1.379450
RR	0	06:07:02.639	Cazyxio_v4.4 (EURUSD,M15)	2026.03.25 12:07:02 | GATE_FAIL | USDCAD | No directional bias. h4slope=UP closeNow=1.37945 h4ema200=1.36855 dailyEMA200=1.38061
NK	0	06:08:01.504	Cazyxio_v4.4 (EURUSD,M15)	2026.03.25 12:08:01 | HEARTBEAT | SYSTEM | EA alive. Tick=41100 Equity=44972.40 OpenPos=0 PendingOrders=0 UTC=2026.03.25 12:08 DayOfWeek=3 WeekendCloseActive=NO NewTradeBlocked=NO | 41100.000000
QE	0	06:08:51.260	Cazyxio_v4.4 (EURUSD,M15)	2026.03.25 12:08:51 | HEARTBEAT | SYSTEM | EA alive. Tick=41200 Equity=44972.40 OpenPos=0 PendingOrders=0 UTC=2026.03.25 12:08 DayOfWeek=3 WeekendCloseActive=NO NewTradeBlocked=NO | 41200.000000
IG	0	06:09:40.159	Cazyxio_v4.4 (EURUSD,M15)	2026.03.25 12:09:40 | HEARTBEAT | SYSTEM | EA alive. Tick=41300 Equity=44972.40 OpenPos=0 PendingOrders=0 UTC=2026.03.25 12:09 DayOfWeek=3 WeekendCloseActive=NO NewTradeBlocked=NO | 41300.000000
OQ	0	06:10:37.429	Cazyxio_v4.4 (EURUSD,M15)	2026.03.25 12:10:37 | HEARTBEAT | SYSTEM | EA alive. Tick=41400 Equity=44972.40 OpenPos=0 PendingOrders=0 UTC=2026.03.25 12:10 DayOfWeek=3 WeekendCloseActive=NO NewTradeBlocked=NO | 41400.000000
JS	0	06:11:24.995	Cazyxio_v4.4 (EURUSD,M15)	2026.03.25 12:11:24 | HEARTBEAT | SYSTEM | EA alive. Tick=41500 Equity=44972.40 OpenPos=0 PendingOrders=0 UTC=2026.03.25 12:11 DayOfWeek=3 WeekendCloseActive=NO NewTradeBlocked=NO | 41500.000000
RM	0	06:12:35.608	Cazyxio_v4.4 (EURUSD,M15)	2026.03.25 12:12:35 | HEARTBEAT | SYSTEM | EA alive. Tick=41600 Equity=44972.40 OpenPos=0 PendingOrders=0 UTC=2026.03.25 12:12 DayOfWeek=3 WeekendCloseActive=NO NewTradeBlocked=NO | 41600.000000
RO	0	06:13:40.816	Cazyxio_v4.4 (EURUSD,M15)	2026.03.25 12:13:40 | HEARTBEAT | SYSTEM | EA alive. Tick=41700 Equity=44972.40 OpenPos=0 PendingOrders=0 UTC=2026.03.25 12:13 DayOfWeek=3 WeekendCloseActive=NO NewTradeBlocked=NO | 41700.000000
FI	0	06:14:29.765	Cazyxio_v4.4 (EURUSD,M15)	2026.03.25 12:14:29 | HEARTBEAT | SYSTEM | EA alive. Tick=41800 Equity=44972.40 OpenPos=0 PendingOrders=0 UTC=2026.03.25 12:14 DayOfWeek=3 WeekendCloseActive=NO NewTradeBlocked=NO | 41800.000000
FJ	0	06:17:21.920	Cazyxio_v4.4 (EURUSD,M15)	2026.03.25 12:17:21 | GATE_FAIL | GBPUSD | CopyBuffer failed for Daily EMA200.
KJ	0	06:19:42.258	Cazyxio_v4.4 (EURUSD,M15)	2026.03.25 12:19:42 | GATE_FAIL | EURUSD | CopyBuffer failed for Daily EMA200.
KJ	0	06:22:02.622	Cazyxio_v4.4 (EURUSD,M15)	2026.03.25 12:22:02 | GATE_FAIL | USDJPY | CopyBuffer failed for Daily EMA200.
IF	0	06:22:02.622	Cazyxio_v4.4 (EURUSD,M15)	2026.03.25 12:22:02 | BAR | AUDUSD | close=0.69692 h4ema200=0.70214 h4slope=DOWN dailyEMA200=0.67289 adx=30.6 ema50=0.69725 distToEMA50=3.3pips touchSeq=6 atr=0.000839 atrRatio=0.881 dir=NONE spread=20.0 spreadOK=YES atrGate=PASS touch=FAIL momCandle= zeroRangeBar=NO trigger=NO hasPos=NO portRisk=0.00% openPos=0 | 0.696920
CG	0	06:22:02.622	Cazyxio_v4.4 (EURUSD,M15)	2026.03.25 12:22:02 | GATE_FAIL | AUDUSD | No directional bias. h4slope=DOWN closeNow=0.69692 h4ema200=0.70214 dailyEMA200=0.67289
DO	0	06:22:02.622	Cazyxio_v4.4 (EURUSD,M15)	2026.03.25 12:22:02 | BAR | GBPJPY | close=213.067 h4ema200=211.343 h4slope=UP dailyEMA200=205.356 adx=18.8 ema50=212.912 distToEMA50=15.5pips touchSeq=0 atr=0.117500 atrRatio=0.912 dir=LONG spread=42.0 spreadOK=NO atrGate=PASS touch=PASS momCandle=momClosePos=0.023 momOk=N ema50Ok=Y barRange=0.132000 zeroRangeBar=NO trigger=NO hasPos=NO portRisk=0.00% openPos=0 | 213.067000
RM	0	06:22:02.622	Cazyxio_v4.4 (EURUSD,M15)	2026.03.25 12:22:02 | GATE_FAIL | GBPJPY | Spread too wide. Spread=42.0 Max=30 points.
GQ	0	06:22:02.622	Cazyxio_v4.4 (EURUSD,M15)	2026.03.25 12:22:02 | BAR | USDCAD | close=1.37896 h4ema200=1.36855 h4slope=UP dailyEMA200=1.38061 adx=38.6 ema50=1.37801 distToEMA50=9.5pips touchSeq=0 atr=0.000471 atrRatio=0.691 dir=NONE spread=27.0 spreadOK=YES atrGate=FAIL touch=FAIL momCandle= zeroRangeBar=NO trigger=NO hasPos=NO portRisk=0.00% openPos=0 | 1.378960
GN	0	06:22:02.622	Cazyxio_v4.4 (EURUSD,M15)	2026.03.25 12:22:02 | GATE_FAIL | USDCAD | No directional bias. h4slope=UP closeNow=1.37896 h4ema200=1.36855 dailyEMA200=1.38061
HG	0	06:22:17.919	Cazyxio_v4.4 (EURUSD,M15)	2026.03.25 12:22:17 | HEARTBEAT | SYSTEM | EA alive. Tick=41900 Equity=44972.40 OpenPos=0 PendingOrders=0 UTC=2026.03.25 12:22 DayOfWeek=3 WeekendCloseActive=NO NewTradeBlocked=NO | 41900.000000
KQ	0	06:23:04.397	Cazyxio_v4.4 (EURUSD,M15)	2026.03.25 12:23:04 | HEARTBEAT | SYSTEM | EA alive. Tick=42000 Equity=44972.40 OpenPos=0 PendingOrders=0 UTC=2026.03.25 12:23 DayOfWeek=3 WeekendCloseActive=NO NewTradeBlocked=NO | 42000.000000
RS	0	06:23:33.695	Cazyxio_v4.4 (EURUSD,M15)	2026.03.25 12:23:33 | HEARTBEAT | SYSTEM | EA alive. Tick=42100 Equity=44972.40 OpenPos=0 PendingOrders=0 UTC=2026.03.25 12:23 DayOfWeek=3 WeekendCloseActive=NO NewTradeBlocked=NO | 42100.000000
LM	0	06:24:00.812	Cazyxio_v4.4 (EURUSD,M15)	2026.03.25 12:24:00 | HEARTBEAT | SYSTEM | EA alive. Tick=42200 Equity=44972.40 OpenPos=0 PendingOrders=0 UTC=2026.03.25 12:24 DayOfWeek=3 WeekendCloseActive=NO NewTradeBlocked=NO | 42200.000000
JO	0	06:24:34.533	Cazyxio_v4.4 (EURUSD,M15)	2026.03.25 12:24:34 | HEARTBEAT | SYSTEM | EA alive. Tick=42300 Equity=44972.40 OpenPos=0 PendingOrders=0 UTC=2026.03.25 12:24 DayOfWeek=3 WeekendCloseActive=NO NewTradeBlocked=NO | 42300.000000
FI	0	06:25:09.653	Cazyxio_v4.4 (EURUSD,M15)	2026.03.25 12:25:09 | HEARTBEAT | SYSTEM | EA alive. Tick=42400 Equity=44972.40 OpenPos=0 PendingOrders=0 UTC=2026.03.25 12:25 DayOfWeek=3 WeekendCloseActive=NO NewTradeBlocked=NO | 42400.000000
JK	0	06:25:49.657	Cazyxio_v4.4 (EURUSD,M15)	2026.03.25 12:25:49 | HEARTBEAT | SYSTEM | EA alive. Tick=42500 Equity=44972.40 OpenPos=0 PendingOrders=0 UTC=2026.03.25 12:25 DayOfWeek=3 WeekendCloseActive=NO NewTradeBlocked=NO | 42500.000000
KE	0	06:26:31.796	Cazyxio_v4.4 (EURUSD,M15)	2026.03.25 12:26:31 | HEARTBEAT | SYSTEM | EA alive. Tick=42600 Equity=44972.40 OpenPos=0 PendingOrders=0 UTC=2026.03.25 12:26 DayOfWeek=3 WeekendCloseActive=NO NewTradeBlocked=NO | 42600.000000
IG	0	06:27:09.878	Cazyxio_v4.4 (EURUSD,M15)	2026.03.25 12:27:09 | HEARTBEAT | SYSTEM | EA alive. Tick=42700 Equity=44972.40 OpenPos=0 PendingOrders=0 UTC=2026.03.25 12:27 DayOfWeek=3 WeekendCloseActive=NO NewTradeBlocked=NO | 42700.000000
JQ	0	06:27:46.273	Cazyxio_v4.4 (EURUSD,M15)	2026.03.25 12:27:46 | HEARTBEAT | SYSTEM | EA alive. Tick=42800 Equity=44972.40 OpenPos=0 PendingOrders=0 UTC=2026.03.25 12:27 DayOfWeek=3 WeekendCloseActive=NO NewTradeBlocked=NO | 42800.000000
OS	0	06:28:31.453	Cazyxio_v4.4 (EURUSD,M15)	2026.03.25 12:28:31 | HEARTBEAT | SYSTEM | EA alive. Tick=42900 Equity=44972.40 OpenPos=0 PendingOrders=0 UTC=2026.03.25 12:28 DayOfWeek=3 WeekendCloseActive=NO NewTradeBlocked=NO | 42900.000000
PM	0	06:29:11.417	Cazyxio_v4.4 (EURUSD,M15)	2026.03.25 12:29:11 | HEARTBEAT | SYSTEM | EA alive. Tick=43000 Equity=44972.40 OpenPos=0 PendingOrders=0 UTC=2026.03.25 12:29 DayOfWeek=3 WeekendCloseActive=NO NewTradeBlocked=NO | 43000.000000
NO	0	06:29:57.307	Cazyxio_v4.4 (EURUSD,M15)	2026.03.25 12:29:57 | HEARTBEAT | SYSTEM | EA alive. Tick=43100 Equity=44972.40 OpenPos=0 PendingOrders=0 UTC=2026.03.25 12:29 DayOfWeek=3 WeekendCloseActive=NO NewTradeBlocked=NO | 43100.000000
CH	0	06:32:22.068	Cazyxio_v4.4 (EURUSD,M15)	2026.03.25 12:32:22 | GATE_FAIL | GBPUSD | CopyBuffer failed for Daily EMA200.
MH	0	06:34:42.478	Cazyxio_v4.4 (EURUSD,M15)	2026.03.25 12:34:42 | GATE_FAIL | EURUSD | CopyBuffer failed for Daily EMA200.
CH	0	06:37:02.796	Cazyxio_v4.4 (EURUSD,M15)	2026.03.25 12:37:02 | GATE_FAIL | USDJPY | CopyBuffer failed for Daily EMA200.
CK	0	06:37:02.796	Cazyxio_v4.4 (EURUSD,M15)	2026.03.25 12:37:02 | BAR | AUDUSD | close=0.69554 h4ema200=0.70214 h4slope=DOWN dailyEMA200=0.67289 adx=31.1 ema50=0.69718 distToEMA50=16.4pips touchSeq=0 atr=0.000896 atrRatio=0.940 dir=NONE spread=19.0 spreadOK=YES atrGate=PASS touch=FAIL momCandle= zeroRangeBar=NO trigger=NO hasPos=NO portRisk=0.00% openPos=0 | 0.695540
JI	0	06:37:02.796	Cazyxio_v4.4 (EURUSD,M15)	2026.03.25 12:37:02 | GATE_FAIL | AUDUSD | No directional bias. h4slope=DOWN closeNow=0.69554 h4ema200=0.70214 dailyEMA200=0.67289
LM	0	06:37:02.796	Cazyxio_v4.4 (EURUSD,M15)	2026.03.25 12:37:02 | BAR | GBPJPY | close=213.017 h4ema200=211.344 h4slope=UP dailyEMA200=205.357 adx=18.8 ema50=212.917 distToEMA50=10.0pips touchSeq=1 atr=0.114357 atrRatio=0.889 dir=LONG spread=42.0 spreadOK=NO atrGate=PASS touch=PASS momCandle=momClosePos=0.606 momOk=N ema50Ok=Y barRange=0.203000 zeroRangeBar=NO trigger=NO hasPos=NO portRisk=0.00% openPos=0 | 213.017000
DO	0	06:37:02.796	Cazyxio_v4.4 (EURUSD,M15)	2026.03.25 12:37:02 | GATE_FAIL | GBPJPY | Spread too wide. Spread=42.0 Max=30 points.
QP	0	06:37:02.796	Cazyxio_v4.4 (EURUSD,M15)	2026.03.25 12:37:02 | BAR | USDCAD | close=1.37948 h4ema200=1.36855 h4slope=UP dailyEMA200=1.38060 adx=38.6 ema50=1.37804 distToEMA50=14.4pips touchSeq=0 atr=0.000516 atrRatio=0.760 dir=NONE spread=25.0 spreadOK=YES atrGate=FAIL touch=FAIL momCandle= zeroRangeBar=NO trigger=NO hasPos=NO portRisk=0.00% openPos=0 | 1.379480
JP	0	06:37:02.796	Cazyxio_v4.4 (EURUSD,M15)	2026.03.25 12:37:02 | GATE_FAIL | USDCAD | No directional bias. h4slope=UP closeNow=1.37948 h4ema200=1.36855 dailyEMA200=1.38060
FE	0	06:37:44.243	Cazyxio_v4.4 (EURUSD,M15)	2026.03.25 12:37:44 | HEARTBEAT | SYSTEM | EA alive. Tick=43200 Equity=44972.40 OpenPos=0 PendingOrders=0 UTC=2026.03.25 12:37 DayOfWeek=3 WeekendCloseActive=NO NewTradeBlocked=NO | 43200.000000
CG	0	06:38:24.669	Cazyxio_v4.4 (EURUSD,M15)	2026.03.25 12:38:24 | HEARTBEAT | SYSTEM | EA alive. Tick=43300 Equity=44972.40 OpenPos=0 PendingOrders=0 UTC=2026.03.25 12:38 DayOfWeek=3 WeekendCloseActive=NO NewTradeBlocked=NO | 43300.000000
QQ	0	06:39:22.767	Cazyxio_v4.4 (EURUSD,M15)	2026.03.25 12:39:22 | HEARTBEAT | SYSTEM | EA alive. Tick=43400 Equity=44972.40 OpenPos=0 PendingOrders=0 UTC=2026.03.25 12:39 DayOfWeek=3 WeekendCloseActive=NO NewTradeBlocked=NO | 43400.000000
PS	0	06:40:12.496	Cazyxio_v4.4 (EURUSD,M15)	2026.03.25 12:40:12 | HEARTBEAT | SYSTEM | EA alive. Tick=43500 Equity=44972.40 OpenPos=0 PendingOrders=0 UTC=2026.03.25 12:40 DayOfWeek=3 WeekendCloseActive=NO NewTradeBlocked=NO | 43500.000000
EM	0	06:41:02.599	Cazyxio_v4.4 (EURUSD,M15)	2026.03.25 12:41:02 | HEARTBEAT | SYSTEM | EA alive. Tick=43600 Equity=44972.40 OpenPos=0 PendingOrders=0 UTC=2026.03.25 12:41 DayOfWeek=3 WeekendCloseActive=NO NewTradeBlocked=NO | 43600.000000
JO	0	06:41:48.572	Cazyxio_v4.4 (EURUSD,M15)	2026.03.25 12:41:48 | HEARTBEAT | SYSTEM | EA alive. Tick=43700 Equity=44972.40 OpenPos=0 PendingOrders=0 UTC=2026.03.25 12:41 DayOfWeek=3 WeekendCloseActive=NO NewTradeBlocked=NO | 43700.000000
HI	0	06:42:38.331	Cazyxio_v4.4 (EURUSD,M15)	2026.03.25 12:42:38 | HEARTBEAT | SYSTEM | EA alive. Tick=43800 Equity=44972.40 OpenPos=0 PendingOrders=0 UTC=2026.03.25 12:42 DayOfWeek=3 WeekendCloseActive=NO NewTradeBlocked=NO | 43800.000000
RK	0	06:43:40.219	Cazyxio_v4.4 (EURUSD,M15)	2026.03.25 12:43:40 | HEARTBEAT | SYSTEM | EA alive. Tick=43900 Equity=44972.40 OpenPos=0 PendingOrders=0 UTC=2026.03.25 12:43 DayOfWeek=3 WeekendCloseActive=NO NewTradeBlocked=NO | 43900.000000
CE	0	06:44:33.727	Cazyxio_v4.4 (EURUSD,M15)	2026.03.25 12:44:33 | HEARTBEAT | SYSTEM | EA alive. Tick=44000 Equity=44972.40 OpenPos=0 PendingOrders=0 UTC=2026.03.25 12:44 DayOfWeek=3 WeekendCloseActive=NO NewTradeBlocked=NO | 44000.000000
QG	0	06:47:22.076	Cazyxio_v4.4 (EURUSD,M15)	2026.03.25 12:47:22 | GATE_FAIL | EURUSD | CopyBuffer failed for Daily EMA200.
OF	0	06:49:42.479	Cazyxio_v4.4 (EURUSD,M15)	2026.03.25 12:49:42 | GATE_FAIL | USDJPY | CopyBuffer failed for Daily EMA200.
MF	0	06:49:42.479	Cazyxio_v4.4 (EURUSD,M15)	2026.03.25 12:49:42 | BAR | AUDUSD | close=0.69547 h4ema200=0.70213 h4slope=DOWN dailyEMA200=0.67288 adx=31.1 ema50=0.69709 distToEMA50=16.2pips touchSeq=0 atr=0.000838 atrRatio=0.881 dir=NONE spread=17.0 spreadOK=YES atrGate=PASS touch=FAIL momCandle= zeroRangeBar=NO trigger=NO hasPos=NO portRisk=0.00% openPos=0 | 0.695470
NS	0	06:49:42.479	Cazyxio_v4.4 (EURUSD,M15)	2026.03.25 12:49:42 | GATE_FAIL | AUDUSD | No directional bias. h4slope=DOWN closeNow=0.69547 h4ema200=0.70213 dailyEMA200=0.67288
MK	0	06:49:42.479	Cazyxio_v4.4 (EURUSD,M15)	2026.03.25 12:49:42 | BAR | GBPJPY | close=213.021 h4ema200=211.343 h4slope=UP dailyEMA200=205.356 adx=18.8 ema50=212.920 distToEMA50=10.1pips touchSeq=2 atr=0.106286 atrRatio=0.829 dir=LONG spread=37.0 spreadOK=NO atrGate=PASS touch=PASS momCandle=momClosePos=0.333 momOk=N ema50Ok=Y barRange=0.096000 zeroRangeBar=NO trigger=NO hasPos=NO portRisk=0.00% openPos=0 | 213.021000
JP	0	06:49:42.479	Cazyxio_v4.4 (EURUSD,M15)	2026.03.25 12:49:42 | GATE_FAIL | GBPJPY | Spread too wide. Spread=37.0 Max=30 points.
RN	0	06:49:42.479	Cazyxio_v4.4 (EURUSD,M15)	2026.03.25 12:49:42 | BAR | USDCAD | close=1.37891 h4ema200=1.36855 h4slope=UP dailyEMA200=1.38061 adx=38.6 ema50=1.37809 distToEMA50=8.2pips touchSeq=0 atr=0.000521 atrRatio=0.770 dir=NONE spread=22.0 spreadOK=YES atrGate=FAIL touch=FAIL momCandle= zeroRangeBar=NO trigger=NO hasPos=NO portRisk=0.00% openPos=0 | 1.378910
LM	0	06:49:42.479	Cazyxio_v4.4 (EURUSD,M15)	2026.03.25 12:49:42 | GATE_FAIL | USDCAD | No directional bias. h4slope=UP closeNow=1.37891 h4ema200=1.36855 dailyEMA200=1.38061
QR	0	06:52:03.385	Cazyxio_v4.4 (EURUSD,M15)	2026.03.25 12:52:03 | GATE_FAIL | GBPUSD | CopyBuffer failed for Daily EMA200.
RS	0	06:52:21.956	Cazyxio_v4.4 (EURUSD,M15)	2026.03.25 12:52:21 | HEARTBEAT | SYSTEM | EA alive. Tick=44100 Equity=44972.40 OpenPos=0 PendingOrders=0 UTC=2026.03.25 12:52 DayOfWeek=3 WeekendCloseActive=NO NewTradeBlocked=NO | 44100.000000
LM	0	06:53:28.915	Cazyxio_v4.4 (EURUSD,M15)	2026.03.25 12:53:28 | HEARTBEAT | SYSTEM | EA alive. Tick=44200 Equity=44972.40 OpenPos=0 PendingOrders=0 UTC=2026.03.25 12:53 DayOfWeek=3 WeekendCloseActive=NO NewTradeBlocked=NO | 44200.000000
CO	0	06:54:17.355	Cazyxio_v4.4 (EURUSD,M15)	2026.03.25 12:54:17 | HEARTBEAT | SYSTEM | EA alive. Tick=44300 Equity=44972.40 OpenPos=0 PendingOrders=0 UTC=2026.03.25 12:54 DayOfWeek=3 WeekendCloseActive=NO NewTradeBlocked=NO | 44300.000000
JI	0	06:55:06.612	Cazyxio_v4.4 (EURUSD,M15)	2026.03.25 12:55:06 | HEARTBEAT | SYSTEM | EA alive. Tick=44400 Equity=44972.40 OpenPos=0 PendingOrders=0 UTC=2026.03.25 12:55 DayOfWeek=3 WeekendCloseActive=NO NewTradeBlocked=NO | 44400.000000
HK	0	06:55:56.263	Cazyxio_v4.4 (EURUSD,M15)	2026.03.25 12:55:56 | HEARTBEAT | SYSTEM | EA alive. Tick=44500 Equity=44972.40 OpenPos=0 PendingOrders=0 UTC=2026.03.25 12:55 DayOfWeek=3 WeekendCloseActive=NO NewTradeBlocked=NO | 44500.000000
PE	0	06:56:46.149	Cazyxio_v4.4 (EURUSD,M15)	2026.03.25 12:56:46 | HEARTBEAT | SYSTEM | EA alive. Tick=44600 Equity=44972.40 OpenPos=0 PendingOrders=0 UTC=2026.03.25 12:56 DayOfWeek=3 WeekendCloseActive=NO NewTradeBlocked=NO | 44600.000000
CG	0	06:57:31.660	Cazyxio_v4.4 (EURUSD,M15)	2026.03.25 12:57:31 | HEARTBEAT | SYSTEM | EA alive. Tick=44700 Equity=44972.40 OpenPos=0 PendingOrders=0 UTC=2026.03.25 12:57 DayOfWeek=3 WeekendCloseActive=NO NewTradeBlocked=NO | 44700.000000
NQ	0	06:58:16.433	Cazyxio_v4.4 (EURUSD,M15)	2026.03.25 12:58:16 | HEARTBEAT | SYSTEM | EA alive. Tick=44800 Equity=44972.40 OpenPos=0 PendingOrders=0 UTC=2026.03.25 12:58 DayOfWeek=3 WeekendCloseActive=NO NewTradeBlocked=NO | 44800.000000
DS	0	06:59:05.807	Cazyxio_v4.4 (EURUSD,M15)	2026.03.25 12:59:05 | HEARTBEAT | SYSTEM | EA alive. Tick=44900 Equity=44972.40 OpenPos=0 PendingOrders=0 UTC=2026.03.25 12:59 DayOfWeek=3 WeekendCloseActive=NO NewTradeBlocked=NO | 44900.000000
LM	0	06:59:57.070	Cazyxio_v4.4 (EURUSD,M15)	2026.03.25 12:59:57 | HEARTBEAT | SYSTEM | EA alive. Tick=45000 Equity=44972.40 OpenPos=0 PendingOrders=0 UTC=2026.03.25 12:59 DayOfWeek=3 WeekendCloseActive=NO NewTradeBlocked=NO | 45000.000000
KO	0	07:02:22.205	Cazyxio_v4.4 (EURUSD,M15)	2026.03.25 13:02:22 | GATE_FAIL | EURUSD | CopyBuffer failed for Daily EMA200.
KN	0	07:04:42.529	Cazyxio_v4.4 (EURUSD,M15)	2026.03.25 13:04:42 | GATE_FAIL | USDJPY | CopyBuffer failed for Daily EMA200.
KN	0	07:04:42.529	Cazyxio_v4.4 (EURUSD,M15)	2026.03.25 13:04:42 | BAR | AUDUSD | close=0.69585 h4ema200=0.70208 h4slope=DOWN dailyEMA200=0.67290 adx=32.7 ema50=0.69710 distToEMA50=12.5pips touchSeq=0 atr=0.000909 atrRatio=0.955 dir=NONE spread=17.0 spreadOK=YES atrGate=PASS touch=FAIL momCandle= zeroRangeBar=NO trigger=NO hasPos=NO portRisk=0.00% openPos=0 | 0.695850
EK	0	07:04:42.529	Cazyxio_v4.4 (EURUSD,M15)	2026.03.25 13:04:42 | GATE_FAIL | AUDUSD | No directional bias. h4slope=DOWN closeNow=0.69585 h4ema200=0.70208 dailyEMA200=0.67290
NP	0	07:04:42.529	Cazyxio_v4.4 (EURUSD,M15)	2026.03.25 13:04:42 | BAR | GBPJPY | close=212.977 h4ema200=211.359 h4slope=UP dailyEMA200=205.356 adx=19.1 ema50=212.922 distToEMA50=5.5pips touchSeq=3 atr=0.110286 atrRatio=0.862 dir=LONG spread=41.0 spreadOK=NO atrGate=PASS touch=PASS momCandle=momClosePos=0.472 momOk=N ema50Ok=Y barRange=0.144000 zeroRangeBar=NO trigger=NO hasPos=NO portRisk=0.00% openPos=0 | 212.977000
OH	0	07:04:42.529	Cazyxio_v4.4 (EURUSD,M15)	2026.03.25 13:04:42 | GATE_FAIL | GBPJPY | Spread too wide. Spread=41.0 Max=30 points.
JD	0	07:04:42.529	Cazyxio_v4.4 (EURUSD,M15)	2026.03.25 13:04:42 | BAR | USDCAD | close=1.37849 h4ema200=1.36863 h4slope=UP dailyEMA200=1.38059 adx=38.0 ema50=1.37805 distToEMA50=4.4pips touchSeq=1 atr=0.000583 atrRatio=0.862 dir=NONE spread=28.0 spreadOK=YES atrGate=PASS touch=FAIL momCandle= zeroRangeBar=NO trigger=NO hasPos=NO portRisk=0.00% openPos=0 | 1.378490
KR	0	07:04:42.529	Cazyxio_v4.4 (EURUSD,M15)	2026.03.25 13:04:42 | GATE_FAIL | USDCAD | No directional bias. h4slope=UP closeNow=1.37849 h4ema200=1.36863 dailyEMA200=1.38059
NJ	0	07:07:03.049	Cazyxio_v4.4 (EURUSD,M15)	2026.03.25 13:07:03 | GATE_FAIL | GBPUSD | CopyBuffer failed for Daily EMA200.
IK	0	07:07:42.567	Cazyxio_v4.4 (EURUSD,M15)	2026.03.25 13:07:42 | HEARTBEAT | SYSTEM | EA alive. Tick=45100 Equity=44972.40 OpenPos=0 PendingOrders=0 UTC=2026.03.25 13:07 DayOfWeek=3 WeekendCloseActive=NO NewTradeBlocked=NO | 45100.000000
ME	0	07:08:29.373	Cazyxio_v4.4 (EURUSD,M15)	2026.03.25 13:08:29 | HEARTBEAT | SYSTEM | EA alive. Tick=45200 Equity=44972.40 OpenPos=0 PendingOrders=0 UTC=2026.03.25 13:08 DayOfWeek=3 WeekendCloseActive=NO NewTradeBlocked=NO | 45200.000000
FG	0	07:09:26.359	Cazyxio_v4.4 (EURUSD,M15)	2026.03.25 13:09:26 | HEARTBEAT | SYSTEM | EA alive. Tick=45300 Equity=44972.40 OpenPos=0 PendingOrders=0 UTC=2026.03.25 13:09 DayOfWeek=3 WeekendCloseActive=NO NewTradeBlocked=NO | 45300.000000
EQ	0	07:10:11.372	Cazyxio_v4.4 (EURUSD,M15)	2026.03.25 13:10:11 | HEARTBEAT | SYSTEM | EA alive. Tick=45400 Equity=44972.40 OpenPos=0 PendingOrders=0 UTC=2026.03.25 13:10 DayOfWeek=3 WeekendCloseActive=NO NewTradeBlocked=NO | 45400.000000
NS	0	07:11:00.691	Cazyxio_v4.4 (EURUSD,M15)	2026.03.25 13:11:00 | HEARTBEAT | SYSTEM | EA alive. Tick=45500 Equity=44972.40 OpenPos=0 PendingOrders=0 UTC=2026.03.25 13:11 DayOfWeek=3 WeekendCloseActive=NO NewTradeBlocked=NO | 45500.000000
QM	0	07:11:59.579	Cazyxio_v4.4 (EURUSD,M15)	2026.03.25 13:11:59 | HEARTBEAT | SYSTEM | EA alive. Tick=45600 Equity=44972.40 OpenPos=0 PendingOrders=0 UTC=2026.03.25 13:11 DayOfWeek=3 WeekendCloseActive=NO NewTradeBlocked=NO | 45600.000000
HO	0	07:12:55.762	Cazyxio_v4.4 (EURUSD,M15)	2026.03.25 13:12:55 | HEARTBEAT | SYSTEM | EA alive. Tick=45700 Equity=44972.40 OpenPos=0 PendingOrders=0 UTC=2026.03.25 13:12 DayOfWeek=3 WeekendCloseActive=NO NewTradeBlocked=NO | 45700.000000
LI	0	07:13:39.691	Cazyxio_v4.4 (EURUSD,M15)	2026.03.25 13:13:39 | HEARTBEAT | SYSTEM | EA alive. Tick=45800 Equity=44972.40 OpenPos=0 PendingOrders=0 UTC=2026.03.25 13:13 DayOfWeek=3 WeekendCloseActive=NO NewTradeBlocked=NO | 45800.000000
IK	0	07:14:29.868	Cazyxio_v4.4 (EURUSD,M15)	2026.03.25 13:14:29 | HEARTBEAT | SYSTEM | EA alive. Tick=45900 Equity=44972.40 OpenPos=0 PendingOrders=0 UTC=2026.03.25 13:14 DayOfWeek=3 WeekendCloseActive=NO NewTradeBlocked=NO | 45900.000000
EE	0	07:17:21.975	Cazyxio_v4.4 (EURUSD,M15)	2026.03.25 13:17:21 | GATE_FAIL | EURUSD | CopyBuffer failed for Daily EMA200.
HD	0	07:19:42.324	Cazyxio_v4.4 (EURUSD,M15)	2026.03.25 13:19:42 | GATE_FAIL | USDJPY | CopyBuffer failed for Daily EMA200.
MG	0	07:19:42.324	Cazyxio_v4.4 (EURUSD,M15)	2026.03.25 13:19:42 | BAR | AUDUSD | close=0.69623 h4ema200=0.70208 h4slope=DOWN dailyEMA200=0.67289 adx=32.7 ema50=0.69706 distToEMA50=8.3pips touchSeq=1 atr=0.000874 atrRatio=0.919 dir=NONE spread=18.0 spreadOK=YES atrGate=PASS touch=FAIL momCandle= zeroRangeBar=NO trigger=NO hasPos=NO portRisk=0.00% openPos=0 | 0.696230
EE	0	07:19:42.324	Cazyxio_v4.4 (EURUSD,M15)	2026.03.25 13:19:42 | GATE_FAIL | AUDUSD | No directional bias. h4slope=DOWN closeNow=0.69623 h4ema200=0.70208 dailyEMA200=0.67289
HJ	0	07:19:42.324	Cazyxio_v4.4 (EURUSD,M15)	2026.03.25 13:19:42 | BAR | GBPJPY | close=212.922 h4ema200=211.358 h4slope=UP dailyEMA200=205.355 adx=19.1 ema50=212.918 distToEMA50=0.4pips touchSeq=4 atr=0.116929 atrRatio=0.916 dir=LONG spread=44.0 spreadOK=NO atrGate=PASS touch=PASS momCandle=momClosePos=0.384 momOk=N ema50Ok=Y barRange=0.177000 zeroRangeBar=NO trigger=NO hasPos=NO portRisk=0.00% openPos=0 | 212.922000
JR	0	07:19:42.325	Cazyxio_v4.4 (EURUSD,M15)	2026.03.25 13:19:42 | GATE_FAIL | GBPJPY | Spread too wide. Spread=44.0 Max=30 points.
LN	0	07:19:42.325	Cazyxio_v4.4 (EURUSD,M15)	2026.03.25 13:19:42 | BAR | USDCAD | close=1.37818 h4ema200=1.36863 h4slope=UP dailyEMA200=1.38059 adx=37.8 ema50=1.37804 distToEMA50=1.4pips touchSeq=2 atr=0.000625 atrRatio=0.926 dir=NONE spread=26.0 spreadOK=YES atrGate=PASS touch=FAIL momCandle= zeroRangeBar=NO trigger=NO hasPos=NO portRisk=0.00% openPos=0 | 1.378180
EL	0	07:19:42.325	Cazyxio_v4.4 (EURUSD,M15)	2026.03.25 13:19:42 | GATE_FAIL | USDCAD | No directional bias. h4slope=UP closeNow=1.37818 h4ema200=1.36863 dailyEMA200=1.38059
PP	0	07:22:02.744	Cazyxio_v4.4 (EURUSD,M15)	2026.03.25 13:22:02 | GATE_FAIL | GBPUSD | CopyBuffer failed for Daily EMA200.
JP	0	07:22:17.187	Cazyxio_v4.4 (EURUSD,M15)	2026.03.25 13:22:17 | HEARTBEAT | SYSTEM | EA alive. Tick=46000 Equity=44972.40 OpenPos=0 PendingOrders=0 UTC=2026.03.25 13:22 DayOfWeek=3 WeekendCloseActive=NO NewTradeBlocked=NO | 46000.000000
JR	0	07:23:01.593	Cazyxio_v4.4 (EURUSD,M15)	2026.03.25 13:23:01 | HEARTBEAT | SYSTEM | EA alive. Tick=46100 Equity=44972.40 OpenPos=0 PendingOrders=0 UTC=2026.03.25 13:23 DayOfWeek=3 WeekendCloseActive=NO NewTradeBlocked=NO | 46100.000000
EL	0	07:23:47.648	Cazyxio_v4.4 (EURUSD,M15)	2026.03.25 13:23:47 | HEARTBEAT | SYSTEM | EA alive. Tick=46200 Equity=44972.40 OpenPos=0 PendingOrders=0 UTC=2026.03.25 13:23 DayOfWeek=3 WeekendCloseActive=NO NewTradeBlocked=NO | 46200.000000
IN	0	07:24:43.832	Cazyxio_v4.4 (EURUSD,M15)	2026.03.25 13:24:43 | HEARTBEAT | SYSTEM | EA alive. Tick=46300 Equity=44972.40 OpenPos=0 PendingOrders=0 UTC=2026.03.25 13:24 DayOfWeek=3 WeekendCloseActive=NO NewTradeBlocked=NO | 46300.000000
FH	0	07:25:57.094	Cazyxio_v4.4 (EURUSD,M15)	2026.03.25 13:25:57 | HEARTBEAT | SYSTEM | EA alive. Tick=46400 Equity=44972.40 OpenPos=0 PendingOrders=0 UTC=2026.03.25 13:25 DayOfWeek=3 WeekendCloseActive=NO NewTradeBlocked=NO | 46400.000000
OJ	0	07:27:15.761	Cazyxio_v4.4 (EURUSD,M15)	2026.03.25 13:27:15 | HEARTBEAT | SYSTEM | EA alive. Tick=46500 Equity=44972.40 OpenPos=0 PendingOrders=0 UTC=2026.03.25 13:27 DayOfWeek=3 WeekendCloseActive=NO NewTradeBlocked=NO | 46500.000000
DD	0	07:28:06.525	Cazyxio_v4.4 (EURUSD,M15)	2026.03.25 13:28:06 | HEARTBEAT | SYSTEM | EA alive. Tick=46600 Equity=44972.40 OpenPos=0 PendingOrders=0 UTC=2026.03.25 13:28 DayOfWeek=3 WeekendCloseActive=NO NewTradeBlocked=NO | 46600.000000
QF	0	07:29:06.396	Cazyxio_v4.4 (EURUSD,M15)	2026.03.25 13:29:06 | HEARTBEAT | SYSTEM | EA alive. Tick=46700 Equity=44972.40 OpenPos=0 PendingOrders=0 UTC=2026.03.25 13:29 DayOfWeek=3 WeekendCloseActive=NO NewTradeBlocked=NO | 46700.000000
EP	0	07:32:22.135	Cazyxio_v4.4 (EURUSD,M15)	2026.03.25 13:32:22 | GATE_FAIL | EURUSD | CopyBuffer failed for Daily EMA200.
PP	0	07:34:42.540	Cazyxio_v4.4 (EURUSD,M15)	2026.03.25 13:34:42 | GATE_FAIL | USDJPY | CopyBuffer failed for Daily EMA200.
HP	0	07:34:42.540	Cazyxio_v4.4 (EURUSD,M15)	2026.03.25 13:34:42 | BAR | AUDUSD | close=0.69612 h4ema200=0.70208 h4slope=DOWN dailyEMA200=0.67289 adx=32.7 ema50=0.69700 distToEMA50=8.8pips touchSeq=2 atr=0.000879 atrRatio=0.925 dir=NONE spread=20.0 spreadOK=YES atrGate=PASS touch=FAIL momCandle= zeroRangeBar=NO trigger=NO hasPos=NO portRisk=0.00% openPos=0 | 0.696120
CQ	0	07:34:42.540	Cazyxio_v4.4 (EURUSD,M15)	2026.03.25 13:34:42 | GATE_FAIL | AUDUSD | No directional bias. h4slope=DOWN closeNow=0.69612 h4ema200=0.70208 dailyEMA200=0.67289
NF	0	07:34:42.540	Cazyxio_v4.4 (EURUSD,M15)	2026.03.25 13:34:42 | BAR | GBPJPY | close=212.893 h4ema200=211.358 h4slope=UP dailyEMA200=205.355 adx=19.1 ema50=212.917 distToEMA50=2.4pips touchSeq=5 atr=0.116357 atrRatio=0.912 dir=LONG spread=39.0 spreadOK=NO atrGate=PASS touch=PASS momCandle=momClosePos=0.304 momOk=N ema50Ok=Y barRange=0.125000 zeroRangeBar=NO trigger=NO hasPos=NO portRisk=0.00% openPos=0 | 212.893000
GG	0	07:34:42.540	Cazyxio_v4.4 (EURUSD,M15)	2026.03.25 13:34:42 | GATE_FAIL | GBPJPY | Spread too wide. Spread=39.0 Max=30 points.
OJ	0	07:34:42.540	Cazyxio_v4.4 (EURUSD,M15)	2026.03.25 13:34:42 | BAR | USDCAD | close=1.37819 h4ema200=1.36864 h4slope=UP dailyEMA200=1.38060 adx=37.7 ema50=1.37808 distToEMA50=1.1pips touchSeq=3 atr=0.000637 atrRatio=0.945 dir=NONE spread=26.0 spreadOK=YES atrGate=PASS touch=FAIL momCandle= zeroRangeBar=NO trigger=NO hasPos=NO portRisk=0.00% openPos=0 | 1.378190
JH	0	07:34:42.540	Cazyxio_v4.4 (EURUSD,M15)	2026.03.25 13:34:42 | GATE_FAIL | USDCAD | No directional bias. h4slope=UP closeNow=1.37819 h4ema200=1.36864 dailyEMA200=1.38060
ML	0	07:37:03.488	Cazyxio_v4.4 (EURUSD,M15)	2026.03.25 13:37:03 | GATE_FAIL | GBPUSD | CopyBuffer failed for Daily EMA200.
CL	0	07:37:07.966	Cazyxio_v4.4 (EURUSD,M15)	2026.03.25 13:37:07 | HEARTBEAT | SYSTEM | EA alive. Tick=46800 Equity=44972.40 OpenPos=0 PendingOrders=0 UTC=2026.03.25 13:37 DayOfWeek=3 WeekendCloseActive=NO NewTradeBlocked=NO | 46800.000000
MN	0	07:37:48.102	Cazyxio_v4.4 (EURUSD,M15)	2026.03.25 13:37:48 | HEARTBEAT | SYSTEM | EA alive. Tick=46900 Equity=44972.40 OpenPos=0 PendingOrders=0 UTC=2026.03.25 13:37 DayOfWeek=3 WeekendCloseActive=NO NewTradeBlocked=NO | 46900.000000
KH	0	07:38:25.295	Cazyxio_v4.4 (EURUSD,M15)	2026.03.25 13:38:25 | HEARTBEAT | SYSTEM | EA alive. Tick=47000 Equity=44972.40 OpenPos=0 PendingOrders=0 UTC=2026.03.25 13:38 DayOfWeek=3 WeekendCloseActive=NO NewTradeBlocked=NO | 47000.000000
KJ	0	07:39:07.096	Cazyxio_v4.4 (EURUSD,M15)	2026.03.25 13:39:07 | HEARTBEAT | SYSTEM | EA alive. Tick=47100 Equity=44972.40 OpenPos=0 PendingOrders=0 UTC=2026.03.25 13:39 DayOfWeek=3 WeekendCloseActive=NO NewTradeBlocked=NO | 47100.000000
DD	0	07:39:58.152	Cazyxio_v4.4 (EURUSD,M15)	2026.03.25 13:39:58 | HEARTBEAT | SYSTEM | EA alive. Tick=47200 Equity=44972.40 OpenPos=0 PendingOrders=0 UTC=2026.03.25 13:39 DayOfWeek=3 WeekendCloseActive=NO NewTradeBlocked=NO | 47200.000000
QF	0	07:40:40.250	Cazyxio_v4.4 (EURUSD,M15)	2026.03.25 13:40:40 | HEARTBEAT | SYSTEM | EA alive. Tick=47300 Equity=44972.40 OpenPos=0 PendingOrders=0 UTC=2026.03.25 13:40 DayOfWeek=3 WeekendCloseActive=NO NewTradeBlocked=NO | 47300.000000
EP	0	07:41:24.857	Cazyxio_v4.4 (EURUSD,M15)	2026.03.25 13:41:24 | HEARTBEAT | SYSTEM | EA alive. Tick=47400 Equity=44972.40 OpenPos=0 PendingOrders=0 UTC=2026.03.25 13:41 DayOfWeek=3 WeekendCloseActive=NO NewTradeBlocked=NO | 47400.000000
FR	0	07:42:03.181	Cazyxio_v4.4 (EURUSD,M15)	2026.03.25 13:42:03 | HEARTBEAT | SYSTEM | EA alive. Tick=47500 Equity=44972.40 OpenPos=0 PendingOrders=0 UTC=2026.03.25 13:42 DayOfWeek=3 WeekendCloseActive=NO NewTradeBlocked=NO | 47500.000000
OL	0	07:42:45.755	Cazyxio_v4.4 (EURUSD,M15)	2026.03.25 13:42:45 | HEARTBEAT | SYSTEM | EA alive. Tick=47600 Equity=44972.40 OpenPos=0 PendingOrders=0 UTC=2026.03.25 13:42 DayOfWeek=3 WeekendCloseActive=NO NewTradeBlocked=NO | 47600.000000
NN	0	07:43:33.346	Cazyxio_v4.4 (EURUSD,M15)	2026.03.25 13:43:33 | HEARTBEAT | SYSTEM | EA alive. Tick=47700 Equity=44972.40 OpenPos=0 PendingOrders=0 UTC=2026.03.25 13:43 DayOfWeek=3 WeekendCloseActive=NO NewTradeBlocked=NO | 47700.000000
QH	0	07:44:19.829	Cazyxio_v4.4 (EURUSD,M15)	2026.03.25 13:44:19 | HEARTBEAT | SYSTEM | EA alive. Tick=47800 Equity=44972.40 OpenPos=0 PendingOrders=0 UTC=2026.03.25 13:44 DayOfWeek=3 WeekendCloseActive=NO NewTradeBlocked=NO | 47800.000000
DJ	0	07:47:22.066	Cazyxio_v4.4 (EURUSD,M15)	2026.03.25 13:47:22 | GATE_FAIL | EURUSD | CopyBuffer failed for Daily EMA200.
IJ	0	07:49:42.428	Cazyxio_v4.4 (EURUSD,M15)	2026.03.25 13:49:42 | GATE_FAIL | USDJPY | CopyBuffer failed for Daily EMA200.
PF	0	07:49:42.428	Cazyxio_v4.4 (EURUSD,M15)	2026.03.25 13:49:42 | BAR | AUDUSD | close=0.69597 h4ema200=0.70207 h4slope=DOWN dailyEMA200=0.67288 adx=32.7 ema50=0.69693 distToEMA50=9.6pips touchSeq=3 atr=0.000903 atrRatio=0.952 dir=NONE spread=17.0 spreadOK=YES atrGate=PASS touch=FAIL momCandle= zeroRangeBar=NO trigger=NO hasPos=NO portRisk=0.00% openPos=0 | 0.695970
FD	0	07:49:42.428	Cazyxio_v4.4 (EURUSD,M15)	2026.03.25 13:49:42 | GATE_FAIL | AUDUSD | No directional bias. h4slope=DOWN closeNow=0.69597 h4ema200=0.70207 dailyEMA200=0.67288
EK	0	07:49:42.428	Cazyxio_v4.4 (EURUSD,M15)	2026.03.25 13:49:42 | BAR | GBPJPY | close=212.866 h4ema200=211.358 h4slope=UP dailyEMA200=205.355 adx=19.1 ema50=212.913 distToEMA50=4.7pips touchSeq=6 atr=0.115500 atrRatio=0.907 dir=LONG spread=36.0 spreadOK=NO atrGate=PASS touch=PASS momCandle=momClosePos=0.261 momOk=N ema50Ok=Y barRange=0.088000 zeroRangeBar=NO trigger=NO hasPos=NO portRisk=0.00% openPos=0 | 212.866000
CM	0	07:49:42.428	Cazyxio_v4.4 (EURUSD,M15)	2026.03.25 13:49:42 | GATE_FAIL | GBPJPY | Spread too wide. Spread=36.0 Max=30 points.
LP	0	07:49:42.428	Cazyxio_v4.4 (EURUSD,M15)	2026.03.25 13:49:42 | BAR | USDCAD | close=1.37842 h4ema200=1.36864 h4slope=UP dailyEMA200=1.38060 adx=38.5 ema50=1.37811 distToEMA50=3.1pips touchSeq=4 atr=0.000689 atrRatio=1.023 dir=NONE spread=25.0 spreadOK=YES atrGate=PASS touch=FAIL momCandle= zeroRangeBar=NO trigger=NO hasPos=NO portRisk=0.00% openPos=0 | 1.378420
EN	0	07:49:42.428	Cazyxio_v4.4 (EURUSD,M15)	2026.03.25 13:49:42 | GATE_FAIL | USDCAD | No directional bias. h4slope=UP closeNow=1.37842 h4ema200=1.36864 dailyEMA200=1.38060
MG	0	07:52:02.796	Cazyxio_v4.4 (EURUSD,M15)	2026.03.25 13:52:02 | GATE_FAIL | GBPUSD | CopyBuffer failed for Daily EMA200.
HF	0	07:52:10.928	Cazyxio_v4.4 (EURUSD,M15)	2026.03.25 13:52:10 | HEARTBEAT | SYSTEM | EA alive. Tick=47900 Equity=44972.40 OpenPos=0 PendingOrders=0 UTC=2026.03.25 13:52 DayOfWeek=3 WeekendCloseActive=NO NewTradeBlocked=NO | 47900.000000
DP	0	07:53:04.125	Cazyxio_v4.4 (EURUSD,M15)	2026.03.25 13:53:04 | HEARTBEAT | SYSTEM | EA alive. Tick=48000 Equity=44972.40 OpenPos=0 PendingOrders=0 UTC=2026.03.25 13:53 DayOfWeek=3 WeekendCloseActive=NO NewTradeBlocked=NO | 48000.000000
QR	0	07:53:42.944	Cazyxio_v4.4 (EURUSD,M15)	2026.03.25 13:53:42 | HEARTBEAT | SYSTEM | EA alive. Tick=48100 Equity=44972.40 OpenPos=0 PendingOrders=0 UTC=2026.03.25 13:53 DayOfWeek=3 WeekendCloseActive=NO NewTradeBlocked=NO | 48100.000000
HL	0	07:54:25.566	Cazyxio_v4.4 (EURUSD,M15)	2026.03.25 13:54:25 | HEARTBEAT | SYSTEM | EA alive. Tick=48200 Equity=44972.40 OpenPos=0 PendingOrders=0 UTC=2026.03.25 13:54 DayOfWeek=3 WeekendCloseActive=NO NewTradeBlocked=NO | 48200.000000
KN	0	07:55:07.768	Cazyxio_v4.4 (EURUSD,M15)	2026.03.25 13:55:07 | HEARTBEAT | SYSTEM | EA alive. Tick=48300 Equity=44972.40 OpenPos=0 PendingOrders=0 UTC=2026.03.25 13:55 DayOfWeek=3 WeekendCloseActive=NO NewTradeBlocked=NO | 48300.000000
RH	0	07:55:50.178	Cazyxio_v4.4 (EURUSD,M15)	2026.03.25 13:55:50 | HEARTBEAT | SYSTEM | EA alive. Tick=48400 Equity=44972.40 OpenPos=0 PendingOrders=0 UTC=2026.03.25 13:55 DayOfWeek=3 WeekendCloseActive=NO NewTradeBlocked=NO | 48400.000000
NJ	0	07:56:44.449	Cazyxio_v4.4 (EURUSD,M15)	2026.03.25 13:56:44 | HEARTBEAT | SYSTEM | EA alive. Tick=48500 Equity=44972.40 OpenPos=0 PendingOrders=0 UTC=2026.03.25 13:56 DayOfWeek=3 WeekendCloseActive=NO NewTradeBlocked=NO | 48500.000000
PD	0	07:57:27.961	Cazyxio_v4.4 (EURUSD,M15)	2026.03.25 13:57:27 | HEARTBEAT | SYSTEM | EA alive. Tick=48600 Equity=44972.40 OpenPos=0 PendingOrders=0 UTC=2026.03.25 13:57 DayOfWeek=3 WeekendCloseActive=NO NewTradeBlocked=NO | 48600.000000
PF	0	07:58:07.076	Cazyxio_v4.4 (EURUSD,M15)	2026.03.25 13:58:07 | HEARTBEAT | SYSTEM | EA alive. Tick=48700 Equity=44972.40 OpenPos=0 PendingOrders=0 UTC=2026.03.25 13:58 DayOfWeek=3 WeekendCloseActive=NO NewTradeBlocked=NO | 48700.000000
KP	0	07:58:47.422	Cazyxio_v4.4 (EURUSD,M15)	2026.03.25 13:58:47 | HEARTBEAT | SYSTEM | EA alive. Tick=48800 Equity=44972.40 OpenPos=0 PendingOrders=0 UTC=2026.03.25 13:58 DayOfWeek=3 WeekendCloseActive=NO NewTradeBlocked=NO | 48800.000000
FR	0	07:59:23.529	Cazyxio_v4.4 (EURUSD,M15)	2026.03.25 13:59:23 | HEARTBEAT | SYSTEM | EA alive. Tick=48900 Equity=44972.40 OpenPos=0 PendingOrders=0 UTC=2026.03.25 13:59 DayOfWeek=3 WeekendCloseActive=NO NewTradeBlocked=NO | 48900.000000
KL	0	08:00:01.776	Cazyxio_v4.4 (EURUSD,M15)	2026.03.25 14:00:01 | HEARTBEAT | SYSTEM | EA alive. Tick=49000 Equity=44972.40 OpenPos=0 PendingOrders=0 UTC=2026.03.25 14:00 DayOfWeek=3 WeekendCloseActive=NO NewTradeBlocked=NO | 49000.000000
GO	0	08:02:22.152	Cazyxio_v4.4 (EURUSD,M15)	2026.03.25 14:02:22 | GATE_FAIL | GBPUSD | CopyBuffer failed for Daily EMA200.
QI	0	08:04:42.470	Cazyxio_v4.4 (EURUSD,M15)	2026.03.25 14:04:42 | GATE_FAIL | EURUSD | CopyBuffer failed for Daily EMA200.
DI	0	08:07:02.849	Cazyxio_v4.4 (EURUSD,M15)	2026.03.25 14:07:02 | GATE_FAIL | USDJPY | CopyBuffer failed for Daily EMA200.
GH	0	08:07:02.849	Cazyxio_v4.4 (EURUSD,M15)	2026.03.25 14:07:02 | BAR | AUDUSD | close=0.69471 h4ema200=0.70207 h4slope=DOWN dailyEMA200=0.67288 adx=33.8 ema50=0.69684 distToEMA50=21.3pips touchSeq=0 atr=0.000990 atrRatio=1.044 dir=NONE spread=18.0 spreadOK=YES atrGate=PASS touch=FAIL momCandle= zeroRangeBar=NO trigger=NO hasPos=NO portRisk=0.00% openPos=0 | 0.694710
FH	0	08:07:02.849	Cazyxio_v4.4 (EURUSD,M15)	2026.03.25 14:07:02 | GATE_FAIL | AUDUSD | No directional bias. h4slope=DOWN closeNow=0.69471 h4ema200=0.70207 dailyEMA200=0.67288
HL	0	08:07:02.849	Cazyxio_v4.4 (EURUSD,M15)	2026.03.25 14:07:02 | BAR | GBPJPY | close=212.790 h4ema200=211.356 h4slope=UP dailyEMA200=205.353 adx=16.6 ema50=212.900 distToEMA50=11.0pips touchSeq=7 atr=0.126071 atrRatio=0.991 dir=LONG spread=45.0 spreadOK=NO atrGate=PASS touch=PASS momCandle=momClosePos=0.360 momOk=N ema50Ok=Y barRange=0.125000 zeroRangeBar=NO trigger=NO hasPos=NO portRisk=0.00% openPos=0 | 212.790000
RI	0	08:07:02.849	Cazyxio_v4.4 (EURUSD,M15)	2026.03.25 14:07:02 | GATE_FAIL | GBPJPY | Spread too wide. Spread=45.0 Max=30 points.
ME	0	08:07:02.849	Cazyxio_v4.4 (EURUSD,M15)	2026.03.25 14:07:02 | BAR | USDCAD | close=1.37886 h4ema200=1.36864 h4slope=UP dailyEMA200=1.38060 adx=39.2 ema50=1.37813 distToEMA50=7.3pips touchSeq=5 atr=0.000749 atrRatio=1.114 dir=NONE spread=26.0 spreadOK=YES atrGate=PASS touch=FAIL momCandle= zeroRangeBar=NO trigger=NO hasPos=NO portRisk=0.00% openPos=0 | 1.378860
DS	0	08:07:02.849	Cazyxio_v4.4 (EURUSD,M15)	2026.03.25 14:07:02 | GATE_FAIL | USDCAD | No directional bias. h4slope=UP closeNow=1.37886 h4ema200=1.36864 dailyEMA200=1.38060
KJ	0	08:07:40.067	Cazyxio_v4.4 (EURUSD,M15)	2026.03.25 14:07:40 | HEARTBEAT | SYSTEM | EA alive. Tick=49100 Equity=44972.40 OpenPos=0 PendingOrders=0 UTC=2026.03.25 14:07 DayOfWeek=3 WeekendCloseActive=NO NewTradeBlocked=NO | 49100.000000
OD	0	08:08:13.138	Cazyxio_v4.4 (EURUSD,M15)	2026.03.25 14:08:13 | HEARTBEAT | SYSTEM | EA alive. Tick=49200 Equity=44972.40 OpenPos=0 PendingOrders=0 UTC=2026.03.25 14:08 DayOfWeek=3 WeekendCloseActive=NO NewTradeBlocked=NO | 49200.000000
FF	0	08:08:59.432	Cazyxio_v4.4 (EURUSD,M15)	2026.03.25 14:08:59 | HEARTBEAT | SYSTEM | EA alive. Tick=49300 Equity=44972.40 OpenPos=0 PendingOrders=0 UTC=2026.03.25 14:08 DayOfWeek=3 WeekendCloseActive=NO NewTradeBlocked=NO | 49300.000000
CP	0	08:09:45.403	Cazyxio_v4.4 (EURUSD,M15)	2026.03.25 14:09:45 | HEARTBEAT | SYSTEM | EA alive. Tick=49400 Equity=44972.40 OpenPos=0 PendingOrders=0 UTC=2026.03.25 14:09 DayOfWeek=3 WeekendCloseActive=NO NewTradeBlocked=NO | 49400.000000
FR	0	08:10:25.378	Cazyxio_v4.4 (EURUSD,M15)	2026.03.25 14:10:25 | HEARTBEAT | SYSTEM | EA alive. Tick=49500 Equity=44972.40 OpenPos=0 PendingOrders=0 UTC=2026.03.25 14:10 DayOfWeek=3 WeekendCloseActive=NO NewTradeBlocked=NO | 49500.000000
EL	0	08:11:15.185	Cazyxio_v4.4 (EURUSD,M15)	2026.03.25 14:11:15 | HEARTBEAT | SYSTEM | EA alive. Tick=49600 Equity=44972.40 OpenPos=0 PendingOrders=0 UTC=2026.03.25 14:11 DayOfWeek=3 WeekendCloseActive=NO NewTradeBlocked=NO | 49600.000000
MN	0	08:12:02.733	Cazyxio_v4.4 (EURUSD,M15)	2026.03.25 14:12:02 | HEARTBEAT | SYSTEM | EA alive. Tick=49700 Equity=44972.40 OpenPos=0 PendingOrders=0 UTC=2026.03.25 14:12 DayOfWeek=3 WeekendCloseActive=NO NewTradeBlocked=NO | 49700.000000
QH	0	08:12:50.164	Cazyxio_v4.4 (EURUSD,M15)	2026.03.25 14:12:50 | HEARTBEAT | SYSTEM | EA alive. Tick=49800 Equity=44972.40 OpenPos=0 PendingOrders=0 UTC=2026.03.25 14:12 DayOfWeek=3 WeekendCloseActive=NO NewTradeBlocked=NO | 49800.000000
FJ	0	08:13:50.528	Cazyxio_v4.4 (EURUSD,M15)	2026.03.25 14:13:50 | HEARTBEAT | SYSTEM | EA alive. Tick=49900 Equity=44972.40 OpenPos=0 PendingOrders=0 UTC=2026.03.25 14:13 DayOfWeek=3 WeekendCloseActive=NO NewTradeBlocked=NO | 49900.000000
ED	0	08:14:30.786	Cazyxio_v4.4 (EURUSD,M15)	2026.03.25 14:14:30 | HEARTBEAT | SYSTEM | EA alive. Tick=50000 Equity=44972.40 OpenPos=0 PendingOrders=0 UTC=2026.03.25 14:14 DayOfWeek=3 WeekendCloseActive=NO NewTradeBlocked=NO | 50000.000000
IF	0	08:17:22.254	Cazyxio_v4.4 (EURUSD,M15)	2026.03.25 14:17:22 | GATE_FAIL | EURUSD | CopyBuffer failed for Daily EMA200.
NQ	0	08:19:42.654	Cazyxio_v4.4 (EURUSD,M15)	2026.03.25 14:19:42 | GATE_FAIL | USDJPY | CopyBuffer failed for Daily EMA200.
DQ	0	08:19:42.654	Cazyxio_v4.4 (EURUSD,M15)	2026.03.25 14:19:42 | BAR | AUDUSD | close=0.69576 h4ema200=0.70208 h4slope=DOWN dailyEMA200=0.67289 adx=33.8 ema50=0.69683 distToEMA50=10.7pips touchSeq=1 atr=0.001006 atrRatio=1.061 dir=NONE spread=19.0 spreadOK=YES atrGate=PASS touch=FAIL momCandle= zeroRangeBar=NO trigger=NO hasPos=NO portRisk=0.00% openPos=0 | 0.695760
DP	0	08:19:42.654	Cazyxio_v4.4 (EURUSD,M15)	2026.03.25 14:19:42 | GATE_FAIL | AUDUSD | No directional bias. h4slope=DOWN closeNow=0.69576 h4ema200=0.70208 dailyEMA200=0.67289
NI	0	08:19:42.654	Cazyxio_v4.4 (EURUSD,M15)	2026.03.25 14:19:42 | BAR | GBPJPY | close=212.778 h4ema200=211.357 h4slope=UP dailyEMA200=205.354 adx=16.6 ema50=212.900 distToEMA50=12.2pips touchSeq=8 atr=0.124786 atrRatio=0.983 dir=LONG spread=45.0 spreadOK=NO atrGate=PASS touch=PASS momCandle=momClosePos=0.869 momOk=Y ema50Ok=Y barRange=0.168000 zeroRangeBar=NO trigger=YES hasPos=NO portRisk=0.00% openPos=0 | 212.778000
FQ	0	08:19:42.654	Cazyxio_v4.4 (EURUSD,M15)	2026.03.25 14:19:42 | GATE_FAIL | GBPJPY | Spread too wide. Spread=45.0 Max=30 points.
RL	0	08:19:42.654	Cazyxio_v4.4 (EURUSD,M15)	2026.03.25 14:19:42 | BAR | USDCAD | close=1.37863 h4ema200=1.36865 h4slope=UP dailyEMA200=1.38061 adx=39.2 ema50=1.37816 distToEMA50=4.7pips touchSeq=6 atr=0.000746 atrRatio=1.111 dir=NONE spread=24.0 spreadOK=YES atrGate=PASS touch=FAIL momCandle= zeroRangeBar=NO trigger=NO hasPos=NO portRisk=0.00% openPos=0 | 1.378630
IJ	0	08:19:42.654	Cazyxio_v4.4 (EURUSD,M15)	2026.03.25 14:19:42 | GATE_FAIL | USDCAD | No directional bias. h4slope=UP closeNow=1.37863 h4ema200=1.36865 dailyEMA200=1.38061
PR	0	08:22:03.191	Cazyxio_v4.4 (EURUSD,M15)	2026.03.25 14:22:03 | GATE_FAIL | GBPUSD | CopyBuffer failed for Daily EMA200.
HR	0	08:22:22.151	Cazyxio_v4.4 (EURUSD,M15)	2026.03.25 14:22:22 | HEARTBEAT | SYSTEM | EA alive. Tick=50100 Equity=44972.40 OpenPos=0 PendingOrders=0 UTC=2026.03.25 14:22 DayOfWeek=3 WeekendCloseActive=NO NewTradeBlocked=NO | 50100.000000
DL	0	08:23:13.981	Cazyxio_v4.4 (EURUSD,M15)	2026.03.25 14:23:13 | HEARTBEAT | SYSTEM | EA alive. Tick=50200 Equity=44972.40 OpenPos=0 PendingOrders=0 UTC=2026.03.25 14:23 DayOfWeek=3 WeekendCloseActive=NO NewTradeBlocked=NO | 50200.000000
EN	0	08:23:46.113	Cazyxio_v4.4 (EURUSD,M15)	2026.03.25 14:23:46 | HEARTBEAT | SYSTEM | EA alive. Tick=50300 Equity=44972.40 OpenPos=0 PendingOrders=0 UTC=2026.03.25 14:23 DayOfWeek=3 WeekendCloseActive=NO NewTradeBlocked=NO | 50300.000000
RH	0	08:24:27.933	Cazyxio_v4.4 (EURUSD,M15)	2026.03.25 14:24:27 | HEARTBEAT | SYSTEM | EA alive. Tick=50400 Equity=44972.40 OpenPos=0 PendingOrders=0 UTC=2026.03.25 14:24 DayOfWeek=3 WeekendCloseActive=NO NewTradeBlocked=NO | 50400.000000
HJ	0	08:25:08.013	Cazyxio_v4.4 (EURUSD,M15)	2026.03.25 14:25:08 | HEARTBEAT | SYSTEM | EA alive. Tick=50500 Equity=44972.40 OpenPos=0 PendingOrders=0 UTC=2026.03.25 14:25 DayOfWeek=3 WeekendCloseActive=NO NewTradeBlocked=NO | 50500.000000
FD	0	08:25:39.370	Cazyxio_v4.4 (EURUSD,M15)	2026.03.25 14:25:39 | HEARTBEAT | SYSTEM | EA alive. Tick=50600 Equity=44972.40 OpenPos=0 PendingOrders=0 UTC=2026.03.25 14:25 DayOfWeek=3 WeekendCloseActive=NO NewTradeBlocked=NO | 50600.000000
HF	0	08:26:12.643	Cazyxio_v4.4 (EURUSD,M15)	2026.03.25 14:26:12 | HEARTBEAT | SYSTEM | EA alive. Tick=50700 Equity=44972.40 OpenPos=0 PendingOrders=0 UTC=2026.03.25 14:26 DayOfWeek=3 WeekendCloseActive=NO NewTradeBlocked=NO | 50700.000000
QP	0	08:26:50.921	Cazyxio_v4.4 (EURUSD,M15)	2026.03.25 14:26:50 | HEARTBEAT | SYSTEM | EA alive. Tick=50800 Equity=44972.40 OpenPos=0 PendingOrders=0 UTC=2026.03.25 14:26 DayOfWeek=3 WeekendCloseActive=NO NewTradeBlocked=NO | 50800.000000
RR	0	08:27:28.390	Cazyxio_v4.4 (EURUSD,M15)	2026.03.25 14:27:28 | HEARTBEAT | SYSTEM | EA alive. Tick=50900 Equity=44972.40 OpenPos=0 PendingOrders=0 UTC=2026.03.25 14:27 DayOfWeek=3 WeekendCloseActive=NO NewTradeBlocked=NO | 50900.000000
ML	0	08:28:09.033	Cazyxio_v4.4 (EURUSD,M15)	2026.03.25 14:28:09 | HEARTBEAT | SYSTEM | EA alive. Tick=51000 Equity=44972.40 OpenPos=0 PendingOrders=0 UTC=2026.03.25 14:28 DayOfWeek=3 WeekendCloseActive=NO NewTradeBlocked=NO | 51000.000000
JN	0	08:28:45.827	Cazyxio_v4.4 (EURUSD,M15)	2026.03.25 14:28:45 | HEARTBEAT | SYSTEM | EA alive. Tick=51100 Equity=44972.40 OpenPos=0 PendingOrders=0 UTC=2026.03.25 14:28 DayOfWeek=3 WeekendCloseActive=NO NewTradeBlocked=NO | 51100.000000
NH	0	08:29:32.761	Cazyxio_v4.4 (EURUSD,M15)	2026.03.25 14:29:32 | HEARTBEAT | SYSTEM | EA alive. Tick=51200 Equity=44972.40 OpenPos=0 PendingOrders=0 UTC=2026.03.25 14:29 DayOfWeek=3 WeekendCloseActive=NO NewTradeBlocked=NO | 51200.000000
EJ	0	08:32:22.180	Cazyxio_v4.4 (EURUSD,M15)	2026.03.25 14:32:22 | GATE_FAIL | EURUSD | CopyBuffer failed for Daily EMA200.
EJ	0	08:34:42.527	Cazyxio_v4.4 (EURUSD,M15)	2026.03.25 14:34:42 | GATE_FAIL | USDJPY | CopyBuffer failed for Daily EMA200.
QF	0	08:34:42.527	Cazyxio_v4.4 (EURUSD,M15)	2026.03.25 14:34:42 | BAR | AUDUSD | close=0.69618 h4ema200=0.70208 h4slope=DOWN dailyEMA200=0.67289 adx=33.8 ema50=0.69682 distToEMA50=6.4pips touchSeq=2 atr=0.001044 atrRatio=1.100 dir=NONE spread=19.0 spreadOK=YES atrGate=PASS touch=FAIL momCandle= zeroRangeBar=NO trigger=NO hasPos=NO portRisk=0.00% openPos=0 | 0.696180
PD	0	08:34:42.527	Cazyxio_v4.4 (EURUSD,M15)	2026.03.25 14:34:42 | GATE_FAIL | AUDUSD | No directional bias. h4slope=DOWN closeNow=0.69618 h4ema200=0.70208 dailyEMA200=0.67289
GH	0	08:34:42.527	Cazyxio_v4.4 (EURUSD,M15)	2026.03.25 14:34:42 | BAR | GBPJPY | close=212.770 h4ema200=211.357 h4slope=UP dailyEMA200=205.354 adx=16.6 ema50=212.893 distToEMA50=12.3pips touchSeq=9 atr=0.133214 atrRatio=1.050 dir=LONG spread=41.0 spreadOK=NO atrGate=PASS touch=PASS momCandle=momClosePos=0.586 momOk=N ema50Ok=Y barRange=0.210000 zeroRangeBar=NO trigger=NO hasPos=NO portRisk=0.00% openPos=0 | 212.770000
IM	0	08:34:42.527	Cazyxio_v4.4 (EURUSD,M15)	2026.03.25 14:34:42 | GATE_FAIL | GBPJPY | Spread too wide. Spread=41.0 Max=30 points.
OP	0	08:34:42.527	Cazyxio_v4.4 (EURUSD,M15)	2026.03.25 14:34:42 | BAR | USDCAD | close=1.37898 h4ema200=1.36865 h4slope=UP dailyEMA200=1.38061 adx=39.5 ema50=1.37821 distToEMA50=7.7pips touchSeq=7 atr=0.000764 atrRatio=1.140 dir=NONE spread=23.0 spreadOK=YES atrGate=PASS touch=FAIL momCandle= zeroRangeBar=NO trigger=NO hasPos=NO portRisk=0.00% openPos=0 | 1.378980
FN	0	08:34:42.527	Cazyxio_v4.4 (EURUSD,M15)	2026.03.25 14:34:42 | GATE_FAIL | USDCAD | No directional bias. h4slope=UP closeNow=1.37898 h4ema200=1.36865 dailyEMA200=1.38061
NG	0	08:37:02.991	Cazyxio_v4.4 (EURUSD,M15)	2026.03.25 14:37:02 | GATE_FAIL | GBPUSD | CopyBuffer failed for Daily EMA200.
IF	0	08:37:19.693	Cazyxio_v4.4 (EURUSD,M15)	2026.03.25 14:37:19 | HEARTBEAT | SYSTEM | EA alive. Tick=51300 Equity=44972.40 OpenPos=0 PendingOrders=0 UTC=2026.03.25 14:37 DayOfWeek=3 WeekendCloseActive=NO NewTradeBlocked=NO | 51300.000000
GP	0	08:38:12.818	Cazyxio_v4.4 (EURUSD,M15)	2026.03.25 14:38:12 | HEARTBEAT | SYSTEM | EA alive. Tick=51400 Equity=44972.40 OpenPos=0 PendingOrders=0 UTC=2026.03.25 14:38 DayOfWeek=3 WeekendCloseActive=NO NewTradeBlocked=NO | 51400.000000
CR	0	08:39:24.015	Cazyxio_v4.4 (EURUSD,M15)	2026.03.25 14:39:24 | HEARTBEAT | SYSTEM | EA alive. Tick=51500 Equity=44972.40 OpenPos=0 PendingOrders=0 UTC=2026.03.25 14:39 DayOfWeek=3 WeekendCloseActive=NO NewTradeBlocked=NO | 51500.000000
ML	0	08:40:18.752	Cazyxio_v4.4 (EURUSD,M15)	2026.03.25 14:40:18 | HEARTBEAT | SYSTEM | EA alive. Tick=51600 Equity=44972.40 OpenPos=0 PendingOrders=0 UTC=2026.03.25 14:40 DayOfWeek=3 WeekendCloseActive=NO NewTradeBlocked=NO | 51600.000000
HN	0	08:41:20.538	Cazyxio_v4.4 (EURUSD,M15)	2026.03.25 14:41:20 | HEARTBEAT | SYSTEM | EA alive. Tick=51700 Equity=44972.40 OpenPos=0 PendingOrders=0 UTC=2026.03.25 14:41 DayOfWeek=3 WeekendCloseActive=NO NewTradeBlocked=NO | 51700.000000
LH	0	08:42:10.717	Cazyxio_v4.4 (EURUSD,M15)	2026.03.25 14:42:10 | HEARTBEAT | SYSTEM | EA alive. Tick=51800 Equity=44972.40 OpenPos=0 PendingOrders=0 UTC=2026.03.25 14:42 DayOfWeek=3 WeekendCloseActive=NO NewTradeBlocked=NO | 51800.000000
QJ	0	08:43:10.241	Cazyxio_v4.4 (EURUSD,M15)	2026.03.25 14:43:10 | HEARTBEAT | SYSTEM | EA alive. Tick=51900 Equity=44972.40 OpenPos=0 PendingOrders=0 UTC=2026.03.25 14:43 DayOfWeek=3 WeekendCloseActive=NO NewTradeBlocked=NO | 51900.000000
ND	0	08:43:58.673	Cazyxio_v4.4 (EURUSD,M15)	2026.03.25 14:43:58 | HEARTBEAT | SYSTEM | EA alive. Tick=52000 Equity=44972.40 OpenPos=0 PendingOrders=0 UTC=2026.03.25 14:43 DayOfWeek=3 WeekendCloseActive=NO NewTradeBlocked=NO | 52000.000000
JG	0	08:47:22.353	Cazyxio_v4.4 (EURUSD,M15)	2026.03.25 14:47:22 | GATE_FAIL | GBPUSD | CopyBuffer failed for Daily EMA200.
FQ	0	08:49:42.691	Cazyxio_v4.4 (EURUSD,M15)	2026.03.25 14:49:42 | GATE_FAIL | EURUSD | CopyBuffer failed for Daily EMA200.
FQ	0	08:52:03.061	Cazyxio_v4.4 (EURUSD,M15)	2026.03.25 14:52:03 | GATE_FAIL | USDJPY | CopyBuffer failed for Daily EMA200.
LS	0	08:52:03.061	Cazyxio_v4.4 (EURUSD,M15)	2026.03.25 14:52:03 | BAR | AUDUSD | close=0.69611 h4ema200=0.70209 h4slope=DOWN dailyEMA200=0.67290 adx=33.8 ema50=0.69681 distToEMA50=7.0pips touchSeq=3 atr=0.001056 atrRatio=1.114 dir=NONE spread=17.0 spreadOK=YES atrGate=PASS touch=FAIL momCandle= zeroRangeBar=NO trigger=NO hasPos=NO portRisk=0.00% openPos=0 | 0.696110
GP	0	08:52:03.061	Cazyxio_v4.4 (EURUSD,M15)	2026.03.25 14:52:03 | GATE_FAIL | AUDUSD | No directional bias. h4slope=DOWN closeNow=0.69611 h4ema200=0.70209 dailyEMA200=0.67290
JD	0	08:52:03.061	Cazyxio_v4.4 (EURUSD,M15)	2026.03.25 14:52:03 | BAR | GBPJPY | close=212.716 h4ema200=211.358 h4slope=UP dailyEMA200=205.354 adx=16.6 ema50=212.890 distToEMA50=17.4pips touchSeq=0 atr=0.140571 atrRatio=1.109 dir=LONG spread=38.0 spreadOK=NO atrGate=PASS touch=PASS momCandle=momClosePos=0.349 momOk=N ema50Ok=Y barRange=0.109000 zeroRangeBar=NO trigger=NO hasPos=NO portRisk=0.00% openPos=0 | 212.716000
HQ	0	08:52:03.061	Cazyxio_v4.4 (EURUSD,M15)	2026.03.25 14:52:03 | GATE_FAIL | GBPJPY | Spread too wide. Spread=38.0 Max=30 points.
KN	0	08:52:03.061	Cazyxio_v4.4 (EURUSD,M15)	2026.03.25 14:52:03 | BAR | USDCAD | close=1.37956 h4ema200=1.36865 h4slope=UP dailyEMA200=1.38061 adx=39.9 ema50=1.37827 distToEMA50=12.9pips touchSeq=0 atr=0.000781 atrRatio=1.167 dir=NONE spread=23.0 spreadOK=YES atrGate=PASS touch=FAIL momCandle= zeroRangeBar=NO trigger=NO hasPos=NO portRisk=0.00% openPos=0 | 1.379560
RK	0	08:52:03.061	Cazyxio_v4.4 (EURUSD,M15)	2026.03.25 14:52:03 | GATE_FAIL | USDCAD | No directional bias. h4slope=UP closeNow=1.37956 h4ema200=1.36865 dailyEMA200=1.38061
IR	0	08:52:03.690	Cazyxio_v4.4 (EURUSD,M15)	2026.03.25 14:52:03 | HEARTBEAT | SYSTEM | EA alive. Tick=52100 Equity=44972.40 OpenPos=0 PendingOrders=0 UTC=2026.03.25 14:52 DayOfWeek=3 WeekendCloseActive=NO NewTradeBlocked=NO | 52100.000000
OL	0	08:52:55.063	Cazyxio_v4.4 (EURUSD,M15)	2026.03.25 14:52:55 | HEARTBEAT | SYSTEM | EA alive. Tick=52200 Equity=44972.40 OpenPos=0 PendingOrders=0 UTC=2026.03.25 14:52 DayOfWeek=3 WeekendCloseActive=NO NewTradeBlocked=NO | 52200.000000
LN	0	08:53:44.098	Cazyxio_v4.4 (EURUSD,M15)	2026.03.25 14:53:44 | HEARTBEAT | SYSTEM | EA alive. Tick=52300 Equity=44972.40 OpenPos=0 PendingOrders=0 UTC=2026.03.25 14:53 DayOfWeek=3 WeekendCloseActive=NO NewTradeBlocked=NO | 52300.000000
NH	0	08:54:32.510	Cazyxio_v4.4 (EURUSD,M15)	2026.03.25 14:54:32 | HEARTBEAT | SYSTEM | EA alive. Tick=52400 Equity=44972.40 OpenPos=0 PendingOrders=0 UTC=2026.03.25 14:54 DayOfWeek=3 WeekendCloseActive=NO NewTradeBlocked=NO | 52400.000000
MJ	0	08:55:25.958	Cazyxio_v4.4 (EURUSD,M15)	2026.03.25 14:55:25 | HEARTBEAT | SYSTEM | EA alive. Tick=52500 Equity=44972.40 OpenPos=0 PendingOrders=0 UTC=2026.03.25 14:55 DayOfWeek=3 WeekendCloseActive=NO NewTradeBlocked=NO | 52500.000000
KD	0	08:56:23.335	Cazyxio_v4.4 (EURUSD,M15)	2026.03.25 14:56:23 | HEARTBEAT | SYSTEM | EA alive. Tick=52600 Equity=44972.40 OpenPos=0 PendingOrders=0 UTC=2026.03.25 14:56 DayOfWeek=3 WeekendCloseActive=NO NewTradeBlocked=NO | 52600.000000
GF	0	08:57:16.877	Cazyxio_v4.4 (EURUSD,M15)	2026.03.25 14:57:16 | HEARTBEAT | SYSTEM | EA alive. Tick=52700 Equity=44972.40 OpenPos=0 PendingOrders=0 UTC=2026.03.25 14:57 DayOfWeek=3 WeekendCloseActive=NO NewTradeBlocked=NO | 52700.000000
NP	0	08:57:57.456	Cazyxio_v4.4 (EURUSD,M15)	2026.03.25 14:57:57 | HEARTBEAT | SYSTEM | EA alive. Tick=52800 Equity=44972.40 OpenPos=0 PendingOrders=0 UTC=2026.03.25 14:57 DayOfWeek=3 WeekendCloseActive=NO NewTradeBlocked=NO | 52800.000000
MR	0	08:58:52.393	Cazyxio_v4.4 (EURUSD,M15)	2026.03.25 14:58:52 | HEARTBEAT | SYSTEM | EA alive. Tick=52900 Equity=44972.40 OpenPos=0 PendingOrders=0 UTC=2026.03.25 14:58 DayOfWeek=3 WeekendCloseActive=NO NewTradeBlocked=NO | 52900.000000
PL	0	08:59:33.960	Cazyxio_v4.4 (EURUSD,M15)	2026.03.25 14:59:33 | HEARTBEAT | SYSTEM | EA alive. Tick=53000 Equity=44972.40 OpenPos=0 PendingOrders=0 UTC=2026.03.25 14:59 DayOfWeek=3 WeekendCloseActive=NO NewTradeBlocked=NO | 53000.000000
FN	0	09:02:22.215	Cazyxio_v4.4 (EURUSD,M15)	2026.03.25 15:02:22 | GATE_FAIL | EURUSD | CopyBuffer failed for Daily EMA200.
QI	0	09:04:42.570	Cazyxio_v4.4 (EURUSD,M15)	2026.03.25 15:04:42 | GATE_FAIL | USDJPY | CopyBuffer failed for Daily EMA200.
DJ	0	09:04:42.570	Cazyxio_v4.4 (EURUSD,M15)	2026.03.25 15:04:42 | BAR | AUDUSD | close=0.69656 h4ema200=0.70209 h4slope=DOWN dailyEMA200=0.67290 adx=33.7 ema50=0.69680 distToEMA50=2.4pips touchSeq=4 atr=0.001071 atrRatio=1.130 dir=NONE spread=19.0 spreadOK=YES atrGate=PASS touch=FAIL momCandle= zeroRangeBar=NO trigger=NO hasPos=NO portRisk=0.00% openPos=0 | 0.696560
MH	0	09:04:42.570	Cazyxio_v4.4 (EURUSD,M15)	2026.03.25 15:04:42 | GATE_FAIL | AUDUSD | No directional bias. h4slope=DOWN closeNow=0.69656 h4ema200=0.70209 dailyEMA200=0.67290
HR	0	09:04:42.570	Cazyxio_v4.4 (EURUSD,M15)	2026.03.25 15:04:42 | BAR | GBPJPY | close=212.869 h4ema200=211.359 h4slope=UP dailyEMA200=205.356 adx=16.6 ema50=212.894 distToEMA50=2.5pips touchSeq=1 atr=0.144214 atrRatio=1.138 dir=LONG spread=40.0 spreadOK=NO atrGate=PASS touch=PASS momCandle=momClosePos=0.702 momOk=Y ema50Ok=Y barRange=0.218000 zeroRangeBar=NO trigger=YES hasPos=NO portRisk=0.00% openPos=0 | 212.869000
JI	0	09:04:42.570	Cazyxio_v4.4 (EURUSD,M15)	2026.03.25 15:04:42 | GATE_FAIL | GBPJPY | Spread too wide. Spread=40.0 Max=30 points.
GG	0	09:04:42.570	Cazyxio_v4.4 (EURUSD,M15)	2026.03.25 15:04:42 | BAR | USDCAD | close=1.37934 h4ema200=1.36865 h4slope=UP dailyEMA200=1.38061 adx=39.9 ema50=1.37831 distToEMA50=10.3pips touchSeq=0 atr=0.000794 atrRatio=1.192 dir=NONE spread=23.0 spreadOK=YES atrGate=PASS touch=FAIL momCandle= zeroRangeBar=NO trigger=NO hasPos=NO portRisk=0.00% openPos=0 | 1.379340
IR	0	09:04:42.570	Cazyxio_v4.4 (EURUSD,M15)	2026.03.25 15:04:42 | GATE_FAIL | USDCAD | No directional bias. h4slope=UP closeNow=1.37934 h4ema200=1.36865 dailyEMA200=1.38061
RK	0	09:07:03.137	Cazyxio_v4.4 (EURUSD,M15)	2026.03.25 15:07:03 | GATE_FAIL | GBPUSD | CopyBuffer failed for Daily EMA200.
RJ	0	09:07:21.456	Cazyxio_v4.4 (EURUSD,M15)	2026.03.25 15:07:21 | HEARTBEAT | SYSTEM | EA alive. Tick=53100 Equity=44972.40 OpenPos=0 PendingOrders=0 UTC=2026.03.25 15:07 DayOfWeek=3 WeekendCloseActive=NO NewTradeBlocked=NO | 53100.000000
RD	0	09:08:04.833	Cazyxio_v4.4 (EURUSD,M15)	2026.03.25 15:08:04 | HEARTBEAT | SYSTEM | EA alive. Tick=53200 Equity=44972.40 OpenPos=0 PendingOrders=0 UTC=2026.03.25 15:08 DayOfWeek=3 WeekendCloseActive=NO NewTradeBlocked=NO | 53200.000000
FF	0	09:08:49.848	Cazyxio_v4.4 (EURUSD,M15)	2026.03.25 15:08:49 | HEARTBEAT | SYSTEM | EA alive. Tick=53300 Equity=44972.40 OpenPos=0 PendingOrders=0 UTC=2026.03.25 15:08 DayOfWeek=3 WeekendCloseActive=NO NewTradeBlocked=NO | 53300.000000
IP	0	09:09:29.077	Cazyxio_v4.4 (EURUSD,M15)	2026.03.25 15:09:29 | HEARTBEAT | SYSTEM | EA alive. Tick=53400 Equity=44972.40 OpenPos=0 PendingOrders=0 UTC=2026.03.25 15:09 DayOfWeek=3 WeekendCloseActive=NO NewTradeBlocked=NO | 53400.000000
KR	0	09:10:13.464	Cazyxio_v4.4 (EURUSD,M15)	2026.03.25 15:10:13 | HEARTBEAT | SYSTEM | EA alive. Tick=53500 Equity=44972.40 OpenPos=0 PendingOrders=0 UTC=2026.03.25 15:10 DayOfWeek=3 WeekendCloseActive=NO NewTradeBlocked=NO | 53500.000000
HL	0	09:10:55.139	Cazyxio_v4.4 (EURUSD,M15)	2026.03.25 15:10:55 | HEARTBEAT | SYSTEM | EA alive. Tick=53600 Equity=44972.40 OpenPos=0 PendingOrders=0 UTC=2026.03.25 15:10 DayOfWeek=3 WeekendCloseActive=NO NewTradeBlocked=NO | 53600.000000
ON	0	09:11:42.175	Cazyxio_v4.4 (EURUSD,M15)	2026.03.25 15:11:42 | HEARTBEAT | SYSTEM | EA alive. Tick=53700 Equity=44972.40 OpenPos=0 PendingOrders=0 UTC=2026.03.25 15:11 DayOfWeek=3 WeekendCloseActive=NO NewTradeBlocked=NO | 53700.000000
EH	0	09:12:29.952	Cazyxio_v4.4 (EURUSD,M15)	2026.03.25 15:12:29 | HEARTBEAT | SYSTEM | EA alive. Tick=53800 Equity=44972.40 OpenPos=0 PendingOrders=0 UTC=2026.03.25 15:12 DayOfWeek=3 WeekendCloseActive=NO NewTradeBlocked=NO | 53800.000000
OJ	0	09:13:21.375	Cazyxio_v4.4 (EURUSD,M15)	2026.03.25 15:13:21 | HEARTBEAT | SYSTEM | EA alive. Tick=53900 Equity=44972.40 OpenPos=0 PendingOrders=0 UTC=2026.03.25 15:13 DayOfWeek=3 WeekendCloseActive=NO NewTradeBlocked=NO | 53900.000000
OD	0	09:14:09.251	Cazyxio_v4.4 (EURUSD,M15)	2026.03.25 15:14:09 | HEARTBEAT | SYSTEM | EA alive. Tick=54000 Equity=44972.40 OpenPos=0 PendingOrders=0 UTC=2026.03.25 15:14 DayOfWeek=3 WeekendCloseActive=NO NewTradeBlocked=NO | 54000.000000
MF	0	09:15:01.562	Cazyxio_v4.4 (EURUSD,M15)	2026.03.25 15:15:01 | HEARTBEAT | SYSTEM | EA alive. Tick=54100 Equity=44972.40 OpenPos=0 PendingOrders=0 UTC=2026.03.25 15:15 DayOfWeek=3 WeekendCloseActive=NO NewTradeBlocked=NO | 54100.000000
FP	0	09:17:22.521	Cazyxio_v4.4 (EURUSD,M15)	2026.03.25 15:17:22 | GATE_FAIL | EURUSD | CopyBuffer failed for Daily EMA200.
PS	0	09:19:42.908	Cazyxio_v4.4 (EURUSD,M15)	2026.03.25 15:19:42 | GATE_FAIL | USDJPY | CopyBuffer failed for Daily EMA200.
RP	0	09:19:42.908	Cazyxio_v4.4 (EURUSD,M15)	2026.03.25 15:19:42 | BAR | AUDUSD | close=0.69572 h4ema200=0.70207 h4slope=DOWN dailyEMA200=0.67288 adx=33.7 ema50=0.69669 distToEMA50=9.7pips touchSeq=5 atr=0.001123 atrRatio=1.183 dir=NONE spread=20.0 spreadOK=YES atrGate=PASS touch=FAIL momCandle= zeroRangeBar=NO trigger=NO hasPos=NO portRisk=0.00% openPos=0 | 0.695720
NN	0	09:19:42.908	Cazyxio_v4.4 (EURUSD,M15)	2026.03.25 15:19:42 | GATE_FAIL | AUDUSD | No directional bias. h4slope=DOWN closeNow=0.69572 h4ema200=0.70207 dailyEMA200=0.67288
PE	0	09:19:42.908	Cazyxio_v4.4 (EURUSD,M15)	2026.03.25 15:19:42 | BAR | GBPJPY | close=212.834 h4ema200=211.357 h4slope=UP dailyEMA200=205.353 adx=16.6 ema50=212.883 distToEMA50=4.9pips touchSeq=2 atr=0.149571 atrRatio=1.181 dir=LONG spread=44.0 spreadOK=NO atrGate=PASS touch=PASS momCandle=momClosePos=0.020 momOk=N ema50Ok=Y barRange=0.151000 zeroRangeBar=NO trigger=NO hasPos=NO portRisk=0.00% openPos=0 | 212.834000
QG	0	09:19:42.908	Cazyxio_v4.4 (EURUSD,M15)	2026.03.25 15:19:42 | GATE_FAIL | GBPJPY | Spread too wide. Spread=44.0 Max=30 points.
FH	0	09:19:42.908	Cazyxio_v4.4 (EURUSD,M15)	2026.03.25 15:19:42 | BAR | USDCAD | close=1.37990 h4ema200=1.36866 h4slope=UP dailyEMA200=1.38062 adx=40.7 ema50=1.37842 distToEMA50=14.8pips touchSeq=0 atr=0.000852 atrRatio=1.282 dir=NONE spread=25.0 spreadOK=YES atrGate=PASS touch=FAIL momCandle= zeroRangeBar=NO trigger=NO hasPos=NO portRisk=0.00% openPos=0 | 1.379900
LH	0	09:19:42.908	Cazyxio_v4.4 (EURUSD,M15)	2026.03.25 15:19:42 | GATE_FAIL | USDCAD | No directional bias. h4slope=UP closeNow=1.37990 h4ema200=1.36866 dailyEMA200=1.38062
HM	0	09:22:03.841	Cazyxio_v4.4 (EURUSD,M15)	2026.03.25 15:22:03 | GATE_FAIL | GBPUSD | CopyBuffer failed for Daily EMA200.
QL	0	09:22:48.883	Cazyxio_v4.4 (EURUSD,M15)	2026.03.25 15:22:48 | HEARTBEAT | SYSTEM | EA alive. Tick=54200 Equity=44972.40 OpenPos=0 PendingOrders=0 UTC=2026.03.25 15:22 DayOfWeek=3 WeekendCloseActive=NO NewTradeBlocked=NO | 54200.000000
QN	0	09:23:35.323	Cazyxio_v4.4 (EURUSD,M15)	2026.03.25 15:23:35 | HEARTBEAT | SYSTEM | EA alive. Tick=54300 Equity=44972.40 OpenPos=0 PendingOrders=0 UTC=2026.03.25 15:23 DayOfWeek=3 WeekendCloseActive=NO NewTradeBlocked=NO | 54300.000000
LH	0	09:24:17.255	Cazyxio_v4.4 (EURUSD,M15)	2026.03.25 15:24:17 | HEARTBEAT | SYSTEM | EA alive. Tick=54400 Equity=44972.40 OpenPos=0 PendingOrders=0 UTC=2026.03.25 15:24 DayOfWeek=3 WeekendCloseActive=NO NewTradeBlocked=NO | 54400.000000
EJ	0	09:24:56.458	Cazyxio_v4.4 (EURUSD,M15)	2026.03.25 15:24:56 | HEARTBEAT | SYSTEM | EA alive. Tick=54500 Equity=44972.40 OpenPos=0 PendingOrders=0 UTC=2026.03.25 15:24 DayOfWeek=3 WeekendCloseActive=NO NewTradeBlocked=NO | 54500.000000
ED	0	09:25:33.822	Cazyxio_v4.4 (EURUSD,M15)	2026.03.25 15:25:33 | HEARTBEAT | SYSTEM | EA alive. Tick=54600 Equity=44972.40 OpenPos=0 PendingOrders=0 UTC=2026.03.25 15:25 DayOfWeek=3 WeekendCloseActive=NO NewTradeBlocked=NO | 54600.000000
DF	0	09:26:11.844	Cazyxio_v4.4 (EURUSD,M15)	2026.03.25 15:26:11 | HEARTBEAT | SYSTEM | EA alive. Tick=54700 Equity=44972.40 OpenPos=0 PendingOrders=0 UTC=2026.03.25 15:26 DayOfWeek=3 WeekendCloseActive=NO NewTradeBlocked=NO | 54700.000000
QP	0	09:26:57.878	Cazyxio_v4.4 (EURUSD,M15)	2026.03.25 15:26:57 | HEARTBEAT | SYSTEM | EA alive. Tick=54800 Equity=44972.40 OpenPos=0 PendingOrders=0 UTC=2026.03.25 15:26 DayOfWeek=3 WeekendCloseActive=NO NewTradeBlocked=NO | 54800.000000
OR	0	09:27:43.554	Cazyxio_v4.4 (EURUSD,M15)	2026.03.25 15:27:43 | HEARTBEAT | SYSTEM | EA alive. Tick=54900 Equity=44972.40 OpenPos=0 PendingOrders=0 UTC=2026.03.25 15:27 DayOfWeek=3 WeekendCloseActive=NO NewTradeBlocked=NO | 54900.000000
PL	0	09:28:23.138	Cazyxio_v4.4 (EURUSD,M15)	2026.03.25 15:28:23 | HEARTBEAT | SYSTEM | EA alive. Tick=55000 Equity=44972.40 OpenPos=0 PendingOrders=0 UTC=2026.03.25 15:28 DayOfWeek=3 WeekendCloseActive=NO NewTradeBlocked=NO | 55000.000000
GN	0	09:29:09.570	Cazyxio_v4.4 (EURUSD,M15)	2026.03.25 15:29:09 | HEARTBEAT | SYSTEM | EA alive. Tick=55100 Equity=44972.40 OpenPos=0 PendingOrders=0 UTC=2026.03.25 15:29 DayOfWeek=3 WeekendCloseActive=NO NewTradeBlocked=NO | 55100.000000
CH	0	09:29:55.006	Cazyxio_v4.4 (EURUSD,M15)	2026.03.25 15:29:55 | HEARTBEAT | SYSTEM | EA alive. Tick=55200 Equity=44972.40 OpenPos=0 PendingOrders=0 UTC=2026.03.25 15:29 DayOfWeek=3 WeekendCloseActive=NO NewTradeBlocked=NO | 55200.000000
HJ	0	09:32:22.266	Cazyxio_v4.4 (EURUSD,M15)	2026.03.25 15:32:22 | GATE_FAIL | EURUSD | CopyBuffer failed for Daily EMA200.
KE	0	09:34:42.688	Cazyxio_v4.4 (EURUSD,M15)	2026.03.25 15:34:42 | GATE_FAIL | USDJPY | CopyBuffer failed for Daily EMA200.
KF	0	09:34:42.688	Cazyxio_v4.4 (EURUSD,M15)	2026.03.25 15:34:42 | BAR | AUDUSD | close=0.69607 h4ema200=0.70208 h4slope=DOWN dailyEMA200=0.67289 adx=33.7 ema50=0.69672 distToEMA50=6.5pips touchSeq=6 atr=0.001114 atrRatio=1.174 dir=NONE spread=17.0 spreadOK=YES atrGate=PASS touch=FAIL momCandle= zeroRangeBar=NO trigger=NO hasPos=NO portRisk=0.00% openPos=0 | 0.696070
DD	0	09:34:42.688	Cazyxio_v4.4 (EURUSD,M15)	2026.03.25 15:34:42 | GATE_FAIL | AUDUSD | No directional bias. h4slope=DOWN closeNow=0.69607 h4ema200=0.70208 dailyEMA200=0.67289
PF	0	09:34:42.688	Cazyxio_v4.4 (EURUSD,M15)	2026.03.25 15:34:42 | BAR | GBPJPY | close=212.794 h4ema200=211.357 h4slope=UP dailyEMA200=205.354 adx=16.6 ema50=212.881 distToEMA50=8.7pips touchSeq=3 atr=0.143000 atrRatio=1.131 dir=LONG spread=36.0 spreadOK=NO atrGate=PASS touch=PASS momCandle=momClosePos=0.689 momOk=Y ema50Ok=Y barRange=0.148000 zeroRangeBar=NO trigger=YES hasPos=NO portRisk=0.00% openPos=0 | 212.794000
OM	0	09:34:42.688	Cazyxio_v4.4 (EURUSD,M15)	2026.03.25 15:34:42 | GATE_FAIL | GBPJPY | Spread too wide. Spread=36.0 Max=30 points.
JR	0	09:34:42.688	Cazyxio_v4.4 (EURUSD,M15)	2026.03.25 15:34:42 | BAR | USDCAD | close=1.37989 h4ema200=1.36865 h4slope=UP dailyEMA200=1.38061 adx=40.7 ema50=1.37844 distToEMA50=14.5pips touchSeq=0 atr=0.000835 atrRatio=1.260 dir=NONE spread=20.0 spreadOK=YES atrGate=PASS touch=FAIL momCandle= zeroRangeBar=NO trigger=NO hasPos=NO portRisk=0.00% openPos=0 | 1.379890
IN	0	09:34:42.688	Cazyxio_v4.4 (EURUSD,M15)	2026.03.25 15:34:42 | GATE_FAIL | USDCAD | No directional bias. h4slope=UP closeNow=1.37989 h4ema200=1.36865 dailyEMA200=1.38061
PG	0	09:37:03.243	Cazyxio_v4.4 (EURUSD,M15)	2026.03.25 15:37:03 | GATE_FAIL | GBPUSD | CopyBuffer failed for Daily EMA200.
MF	0	09:37:48.434	Cazyxio_v4.4 (EURUSD,M15)	2026.03.25 15:37:48 | HEARTBEAT | SYSTEM | EA alive. Tick=55300 Equity=44972.40 OpenPos=0 PendingOrders=0 UTC=2026.03.25 15:37 DayOfWeek=3 WeekendCloseActive=NO NewTradeBlocked=NO | 55300.000000
HP	0	09:38:50.704	Cazyxio_v4.4 (EURUSD,M15)	2026.03.25 15:38:50 | HEARTBEAT | SYSTEM | EA alive. Tick=55400 Equity=44972.40 OpenPos=0 PendingOrders=0 UTC=2026.03.25 15:38 DayOfWeek=3 WeekendCloseActive=NO NewTradeBlocked=NO | 55400.000000
QR	0	09:39:43.922	Cazyxio_v4.4 (EURUSD,M15)	2026.03.25 15:39:43 | HEARTBEAT | SYSTEM | EA alive. Tick=55500 Equity=44972.40 OpenPos=0 PendingOrders=0 UTC=2026.03.25 15:39 DayOfWeek=3 WeekendCloseActive=NO NewTradeBlocked=NO | 55500.000000
IL	0	09:40:44.593	Cazyxio_v4.4 (EURUSD,M15)	2026.03.25 15:40:44 | HEARTBEAT | SYSTEM | EA alive. Tick=55600 Equity=44972.40 OpenPos=0 PendingOrders=0 UTC=2026.03.25 15:40 DayOfWeek=3 WeekendCloseActive=NO NewTradeBlocked=NO | 55600.000000
KN	0	09:41:31.819	Cazyxio_v4.4 (EURUSD,M15)	2026.03.25 15:41:31 | HEARTBEAT | SYSTEM | EA alive. Tick=55700 Equity=44972.40 OpenPos=0 PendingOrders=0 UTC=2026.03.25 15:41 DayOfWeek=3 WeekendCloseActive=NO NewTradeBlocked=NO | 55700.000000
LH	0	09:42:13.075	Cazyxio_v4.4 (EURUSD,M15)	2026.03.25 15:42:13 | HEARTBEAT | SYSTEM | EA alive. Tick=55800 Equity=44972.40 OpenPos=0 PendingOrders=0 UTC=2026.03.25 15:42 DayOfWeek=3 WeekendCloseActive=NO NewTradeBlocked=NO | 55800.000000
QJ	0	09:43:02.477	Cazyxio_v4.4 (EURUSD,M15)	2026.03.25 15:43:02 | HEARTBEAT | SYSTEM | EA alive. Tick=55900 Equity=44972.40 OpenPos=0 PendingOrders=0 UTC=2026.03.25 15:43 DayOfWeek=3 WeekendCloseActive=NO NewTradeBlocked=NO | 55900.000000
ND	0	09:43:50.010	Cazyxio_v4.4 (EURUSD,M15)	2026.03.25 15:43:50 | HEARTBEAT | SYSTEM | EA alive. Tick=56000 Equity=44972.40 OpenPos=0 PendingOrders=0 UTC=2026.03.25 15:43 DayOfWeek=3 WeekendCloseActive=NO NewTradeBlocked=NO | 56000.000000
LF	0	09:44:36.455	Cazyxio_v4.4 (EURUSD,M15)	2026.03.25 15:44:36 | HEARTBEAT | SYSTEM | EA alive. Tick=56100 Equity=44972.40 OpenPos=0 PendingOrders=0 UTC=2026.03.25 15:44 DayOfWeek=3 WeekendCloseActive=NO NewTradeBlocked=NO | 56100.000000
HQ	0	09:47:22.410	Cazyxio_v4.4 (EURUSD,M15)	2026.03.25 15:47:22 | GATE_FAIL | GBPUSD | CopyBuffer failed for Daily EMA200.
ES	0	09:49:42.841	Cazyxio_v4.4 (EURUSD,M15)	2026.03.25 15:49:42 | GATE_FAIL | EURUSD | CopyBuffer failed for Daily EMA200.
CS	0	09:52:03.226	Cazyxio_v4.4 (EURUSD,M15)	2026.03.25 15:52:03 | GATE_FAIL | USDJPY | CopyBuffer failed for Daily EMA200.
JR	0	09:52:03.226	Cazyxio_v4.4 (EURUSD,M15)	2026.03.25 15:52:03 | BAR | AUDUSD | close=0.69564 h4ema200=0.70208 h4slope=DOWN dailyEMA200=0.67289 adx=33.7 ema50=0.69665 distToEMA50=10.1pips touchSeq=7 atr=0.001058 atrRatio=1.116 dir=NONE spread=19.0 spreadOK=YES atrGate=PASS touch=FAIL momCandle= zeroRangeBar=NO trigger=NO hasPos=NO portRisk=0.00% openPos=0 | 0.695640
PN	0	09:52:03.226	Cazyxio_v4.4 (EURUSD,M15)	2026.03.25 15:52:03 | GATE_FAIL | AUDUSD | No directional bias. h4slope=DOWN closeNow=0.69564 h4ema200=0.70208 dailyEMA200=0.67289
KF	0	09:52:03.226	Cazyxio_v4.4 (EURUSD,M15)	2026.03.25 15:52:03 | BAR | GBPJPY | close=212.688 h4ema200=211.357 h4slope=UP dailyEMA200=205.354 adx=16.6 ema50=212.874 distToEMA50=18.6pips touchSeq=0 atr=0.143571 atrRatio=1.138 dir=LONG spread=39.0 spreadOK=NO atrGate=PASS touch=PASS momCandle=momClosePos=0.237 momOk=N ema50Ok=Y barRange=0.152000 zeroRangeBar=NO trigger=NO hasPos=NO portRisk=0.00% openPos=0 | 212.688000
HG	0	09:52:03.226	Cazyxio_v4.4 (EURUSD,M15)	2026.03.25 15:52:03 | GATE_FAIL | GBPJPY | Spread too wide. Spread=39.0 Max=30 points.
EH	0	09:52:03.226	Cazyxio_v4.4 (EURUSD,M15)	2026.03.25 15:52:03 | BAR | USDCAD | close=1.38052 h4ema200=1.36866 h4slope=UP dailyEMA200=1.38062 adx=40.8 ema50=1.37856 distToEMA50=19.6pips touchSeq=0 atr=0.000835 atrRatio=1.266 dir=NONE spread=27.0 spreadOK=YES atrGate=PASS touch=FAIL momCandle= zeroRangeBar=NO trigger=NO hasPos=NO portRisk=0.00% openPos=0 | 1.380520
OI	0	09:52:03.226	Cazyxio_v4.4 (EURUSD,M15)	2026.03.25 15:52:03 | GATE_FAIL | USDCAD | No directional bias. h4slope=UP closeNow=1.38052 h4ema200=1.36866 dailyEMA200=1.38062
ML	0	09:52:27.552	Cazyxio_v4.4 (EURUSD,M15)	2026.03.25 15:52:27 | HEARTBEAT | SYSTEM | EA alive. Tick=56200 Equity=44972.40 OpenPos=0 PendingOrders=0 UTC=2026.03.25 15:52 DayOfWeek=3 WeekendCloseActive=NO NewTradeBlocked=NO | 56200.000000
ON	0	09:53:10.342	Cazyxio_v4.4 (EURUSD,M15)	2026.03.25 15:53:10 | HEARTBEAT | SYSTEM | EA alive. Tick=56300 Equity=44972.40 OpenPos=0 PendingOrders=0 UTC=2026.03.25 15:53 DayOfWeek=3 WeekendCloseActive=NO NewTradeBlocked=NO | 56300.000000
KH	0	09:53:51.706	Cazyxio_v4.4 (EURUSD,M15)	2026.03.25 15:53:51 | HEARTBEAT | SYSTEM | EA alive. Tick=56400 Equity=44972.40 OpenPos=0 PendingOrders=0 UTC=2026.03.25 15:53 DayOfWeek=3 WeekendCloseActive=NO NewTradeBlocked=NO | 56400.000000
PJ	0	09:54:42.928	Cazyxio_v4.4 (EURUSD,M15)	2026.03.25 15:54:42 | HEARTBEAT | SYSTEM | EA alive. Tick=56500 Equity=44972.40 OpenPos=0 PendingOrders=0 UTC=2026.03.25 15:54 DayOfWeek=3 WeekendCloseActive=NO NewTradeBlocked=NO | 56500.000000
QD	0	09:55:24.203	Cazyxio_v4.4 (EURUSD,M15)	2026.03.25 15:55:24 | HEARTBEAT | SYSTEM | EA alive. Tick=56600 Equity=44972.40 OpenPos=0 PendingOrders=0 UTC=2026.03.25 15:55 DayOfWeek=3 WeekendCloseActive=NO NewTradeBlocked=NO | 56600.000000
DF	0	09:55:59.925	Cazyxio_v4.4 (EURUSD,M15)	2026.03.25 15:55:59 | HEARTBEAT | SYSTEM | EA alive. Tick=56700 Equity=44972.40 OpenPos=0 PendingOrders=0 UTC=2026.03.25 15:55 DayOfWeek=3 WeekendCloseActive=NO NewTradeBlocked=NO | 56700.000000
PP	0	09:56:37.023	Cazyxio_v4.4 (EURUSD,M15)	2026.03.25 15:56:37 | HEARTBEAT | SYSTEM | EA alive. Tick=56800 Equity=44972.40 OpenPos=0 PendingOrders=0 UTC=2026.03.25 15:56 DayOfWeek=3 WeekendCloseActive=NO NewTradeBlocked=NO | 56800.000000
QR	0	09:57:24.553	Cazyxio_v4.4 (EURUSD,M15)	2026.03.25 15:57:24 | HEARTBEAT | SYSTEM | EA alive. Tick=56900 Equity=44972.40 OpenPos=0 PendingOrders=0 UTC=2026.03.25 15:57 DayOfWeek=3 WeekendCloseActive=NO NewTradeBlocked=NO | 56900.000000
GL	0	09:58:00.547	Cazyxio_v4.4 (EURUSD,M15)	2026.03.25 15:58:00 | HEARTBEAT | SYSTEM | EA alive. Tick=57000 Equity=44972.40 OpenPos=0 PendingOrders=0 UTC=2026.03.25 15:58 DayOfWeek=3 WeekendCloseActive=NO NewTradeBlocked=NO | 57000.000000
HN	0	09:58:36.447	Cazyxio_v4.4 (EURUSD,M15)	2026.03.25 15:58:36 | HEARTBEAT | SYSTEM | EA alive. Tick=57100 Equity=44972.40 OpenPos=0 PendingOrders=0 UTC=2026.03.25 15:58 DayOfWeek=3 WeekendCloseActive=NO NewTradeBlocked=NO | 57100.000000
OH	0	09:59:17.942	Cazyxio_v4.4 (EURUSD,M15)	2026.03.25 15:59:17 | HEARTBEAT | SYSTEM | EA alive. Tick=57200 Equity=44972.40 OpenPos=0 PendingOrders=0 UTC=2026.03.25 15:59 DayOfWeek=3 WeekendCloseActive=NO NewTradeBlocked=NO | 57200.000000
PK	0	10:02:22.499	Cazyxio_v4.4 (EURUSD,M15)	2026.03.25 16:02:22 | GATE_FAIL | GBPUSD | CopyBuffer failed for Daily EMA200.
DE	0	10:04:42.896	Cazyxio_v4.4 (EURUSD,M15)	2026.03.25 16:04:42 | GATE_FAIL | EURUSD | CopyBuffer failed for Daily EMA200.
ME	0	10:07:03.261	Cazyxio_v4.4 (EURUSD,M15)	2026.03.25 16:07:03 | GATE_FAIL | USDJPY | CopyBuffer failed for Daily EMA200.
DG	0	10:07:03.261	Cazyxio_v4.4 (EURUSD,M15)	2026.03.25 16:07:03 | BAR | AUDUSD | close=0.69603 h4ema200=0.70208 h4slope=DOWN dailyEMA200=0.67289 adx=33.7 ema50=0.69663 distToEMA50=6.0pips touchSeq=8 atr=0.001053 atrRatio=1.114 dir=NONE spread=20.0 spreadOK=YES atrGate=PASS touch=FAIL momCandle= zeroRangeBar=NO trigger=NO hasPos=NO portRisk=0.00% openPos=0 | 0.696030
JD	0	10:07:03.261	Cazyxio_v4.4 (EURUSD,M15)	2026.03.25 16:07:03 | GATE_FAIL | AUDUSD | No directional bias. h4slope=DOWN closeNow=0.69603 h4ema200=0.70208 dailyEMA200=0.67289
IF	0	10:07:03.261	Cazyxio_v4.4 (EURUSD,M15)	2026.03.25 16:07:03 | BAR | GBPJPY | close=212.863 h4ema200=211.357 h4slope=UP dailyEMA200=205.354 adx=16.6 ema50=212.875 distToEMA50=1.2pips touchSeq=1 atr=0.154857 atrRatio=1.229 dir=LONG spread=39.0 spreadOK=NO atrGate=PASS touch=PASS momCandle=momClosePos=0.811 momOk=Y ema50Ok=Y barRange=0.227000 zeroRangeBar=NO trigger=YES hasPos=NO portRisk=0.00% openPos=0 | 212.863000
PM	0	10:07:03.261	Cazyxio_v4.4 (EURUSD,M15)	2026.03.25 16:07:03 | GATE_FAIL | GBPJPY | Spread too wide. Spread=39.0 Max=30 points.
CR	0	10:07:03.261	Cazyxio_v4.4 (EURUSD,M15)	2026.03.25 16:07:03 | BAR | USDCAD | close=1.37977 h4ema200=1.36866 h4slope=UP dailyEMA200=1.38062 adx=40.8 ema50=1.37858 distToEMA50=11.9pips touchSeq=0 atr=0.000849 atrRatio=1.292 dir=NONE spread=24.0 spreadOK=YES atrGate=PASS touch=FAIL momCandle= zeroRangeBar=NO trigger=NO hasPos=NO portRisk=0.00% openPos=0 | 1.379770
HO	0	10:07:03.261	Cazyxio_v4.4 (EURUSD,M15)	2026.03.25 16:07:03 | GATE_FAIL | USDCAD | No directional bias. h4slope=UP closeNow=1.37977 h4ema200=1.36866 dailyEMA200=1.38062
OF	0	10:07:08.408	Cazyxio_v4.4 (EURUSD,M15)	2026.03.25 16:07:08 | HEARTBEAT | SYSTEM | EA alive. Tick=57300 Equity=44972.40 OpenPos=0 PendingOrders=0 UTC=2026.03.25 16:07 DayOfWeek=3 WeekendCloseActive=NO NewTradeBlocked=NO | 57300.000000
HP	0	10:07:58.072	Cazyxio_v4.4 (EURUSD,M15)	2026.03.25 16:07:58 | HEARTBEAT | SYSTEM | EA alive. Tick=57400 Equity=44972.40 OpenPos=0 PendingOrders=0 UTC=2026.03.25 16:07 DayOfWeek=3 WeekendCloseActive=NO NewTradeBlocked=NO | 57400.000000
CR	0	10:08:46.690	Cazyxio_v4.4 (EURUSD,M15)	2026.03.25 16:08:46 | HEARTBEAT | SYSTEM | EA alive. Tick=57500 Equity=44972.40 OpenPos=0 PendingOrders=0 UTC=2026.03.25 16:08 DayOfWeek=3 WeekendCloseActive=NO NewTradeBlocked=NO | 57500.000000
PL	0	10:09:44.627	Cazyxio_v4.4 (EURUSD,M15)	2026.03.25 16:09:44 | HEARTBEAT | SYSTEM | EA alive. Tick=57600 Equity=44972.40 OpenPos=0 PendingOrders=0 UTC=2026.03.25 16:09 DayOfWeek=3 WeekendCloseActive=NO NewTradeBlocked=NO | 57600.000000
FN	0	10:10:33.656	Cazyxio_v4.4 (EURUSD,M15)	2026.03.25 16:10:33 | HEARTBEAT | SYSTEM | EA alive. Tick=57700 Equity=44972.40 OpenPos=0 PendingOrders=0 UTC=2026.03.25 16:10 DayOfWeek=3 WeekendCloseActive=NO NewTradeBlocked=NO | 57700.000000
DH	0	10:11:23.134	Cazyxio_v4.4 (EURUSD,M15)	2026.03.25 16:11:23 | HEARTBEAT | SYSTEM | EA alive. Tick=57800 Equity=44972.40 OpenPos=0 PendingOrders=0 UTC=2026.03.25 16:11 DayOfWeek=3 WeekendCloseActive=NO NewTradeBlocked=NO | 57800.000000
CJ	0	10:12:09.958	Cazyxio_v4.4 (EURUSD,M15)	2026.03.25 16:12:09 | HEARTBEAT | SYSTEM | EA alive. Tick=57900 Equity=44972.40 OpenPos=0 PendingOrders=0 UTC=2026.03.25 16:12 DayOfWeek=3 WeekendCloseActive=NO NewTradeBlocked=NO | 57900.000000
FD	0	10:13:06.699	Cazyxio_v4.4 (EURUSD,M15)	2026.03.25 16:13:06 | HEARTBEAT | SYSTEM | EA alive. Tick=58000 Equity=44972.40 OpenPos=0 PendingOrders=0 UTC=2026.03.25 16:13 DayOfWeek=3 WeekendCloseActive=NO NewTradeBlocked=NO | 58000.000000
JF	0	10:14:06.489	Cazyxio_v4.4 (EURUSD,M15)	2026.03.25 16:14:06 | HEARTBEAT | SYSTEM | EA alive. Tick=58100 Equity=44972.40 OpenPos=0 PendingOrders=0 UTC=2026.03.25 16:14 DayOfWeek=3 WeekendCloseActive=NO NewTradeBlocked=NO | 58100.000000
EP	0	10:14:59.624	Cazyxio_v4.4 (EURUSD,M15)	2026.03.25 16:14:59 | HEARTBEAT | SYSTEM | EA alive. Tick=58200 Equity=44972.40 OpenPos=0 PendingOrders=0 UTC=2026.03.25 16:14 DayOfWeek=3 WeekendCloseActive=NO NewTradeBlocked=NO | 58200.000000
MS	0	10:17:23.047	Cazyxio_v4.4 (EURUSD,M15)	2026.03.25 16:17:23 | GATE_FAIL | GBPUSD | CopyBuffer failed for Daily EMA200.
PM	0	10:19:43.391	Cazyxio_v4.4 (EURUSD,M15)	2026.03.25 16:19:43 | GATE_FAIL | EURUSD | CopyBuffer failed for Daily EMA200.
LM	0	10:22:03.776	Cazyxio_v4.4 (EURUSD,M15)	2026.03.25 16:22:03 | GATE_FAIL | USDJPY | CopyBuffer failed for Daily EMA200.
LO	0	10:22:03.776	Cazyxio_v4.4 (EURUSD,M15)	2026.03.25 16:22:03 | BAR | AUDUSD | close=0.69560 h4ema200=0.70207 h4slope=DOWN dailyEMA200=0.67288 adx=33.7 ema50=0.69657 distToEMA50=9.7pips touchSeq=9 atr=0.001028 atrRatio=1.091 dir=NONE spread=18.0 spreadOK=YES atrGate=PASS touch=FAIL momCandle= zeroRangeBar=NO trigger=NO hasPos=NO portRisk=0.00% openPos=0 | 0.695600
OL	0	10:22:03.776	Cazyxio_v4.4 (EURUSD,M15)	2026.03.25 16:22:03 | GATE_FAIL | AUDUSD | No directional bias. h4slope=DOWN closeNow=0.69560 h4ema200=0.70207 dailyEMA200=0.67288
IN	0	10:22:03.777	Cazyxio_v4.4 (EURUSD,M15)	2026.03.25 16:22:03 | BAR | GBPJPY | close=212.866 h4ema200=211.358 h4slope=UP dailyEMA200=205.355 adx=16.6 ema50=212.877 distToEMA50=1.1pips touchSeq=2 atr=0.149143 atrRatio=1.186 dir=LONG spread=42.0 spreadOK=NO atrGate=PASS touch=PASS momCandle=momClosePos=1.000 momOk=Y ema50Ok=Y barRange=0.129000 zeroRangeBar=NO trigger=YES hasPos=NO portRisk=0.00% openPos=0 | 212.866000
FE	0	10:22:03.777	Cazyxio_v4.4 (EURUSD,M15)	2026.03.25 16:22:03 | GATE_FAIL | GBPJPY | Spread too wide. Spread=42.0 Max=30 points.
QJ	0	10:22:03.777	Cazyxio_v4.4 (EURUSD,M15)	2026.03.25 16:22:03 | BAR | USDCAD | close=1.38056 h4ema200=1.36866 h4slope=UP dailyEMA200=1.38062 adx=40.9 ema50=1.37869 distToEMA50=18.7pips touchSeq=0 atr=0.000846 atrRatio=1.294 dir=NONE spread=25.0 spreadOK=YES atrGate=PASS touch=FAIL momCandle= zeroRangeBar=NO trigger=NO hasPos=NO portRisk=0.00% openPos=0 | 1.380560
EG	0	10:22:03.777	Cazyxio_v4.4 (EURUSD,M15)	2026.03.25 16:22:03 | GATE_FAIL | USDCAD | No directional bias. h4slope=UP closeNow=1.38056 h4ema200=1.36866 dailyEMA200=1.38062
PN	0	10:22:54.965	Cazyxio_v4.4 (EURUSD,M15)	2026.03.25 16:22:54 | HEARTBEAT | SYSTEM | EA alive. Tick=58300 Equity=44972.40 OpenPos=0 PendingOrders=0 UTC=2026.03.25 16:22 DayOfWeek=3 WeekendCloseActive=NO NewTradeBlocked=NO | 58300.000000
DH	0	10:23:35.241	Cazyxio_v4.4 (EURUSD,M15)	2026.03.25 16:23:35 | HEARTBEAT | SYSTEM | EA alive. Tick=58400 Equity=44972.40 OpenPos=0 PendingOrders=0 UTC=2026.03.25 16:23 DayOfWeek=3 WeekendCloseActive=NO NewTradeBlocked=NO | 58400.000000
CJ	0	10:24:40.526	Cazyxio_v4.4 (EURUSD,M15)	2026.03.25 16:24:40 | HEARTBEAT | SYSTEM | EA alive. Tick=58500 Equity=44972.40 OpenPos=0 PendingOrders=0 UTC=2026.03.25 16:24 DayOfWeek=3 WeekendCloseActive=NO NewTradeBlocked=NO | 58500.000000
ID	0	10:25:19.969	Cazyxio_v4.4 (EURUSD,M15)	2026.03.25 16:25:19 | HEARTBEAT | SYSTEM | EA alive. Tick=58600 Equity=44972.40 OpenPos=0 PendingOrders=0 UTC=2026.03.25 16:25 DayOfWeek=3 WeekendCloseActive=NO NewTradeBlocked=NO | 58600.000000
DF	0	10:25:49.089	Cazyxio_v4.4 (EURUSD,M15)	2026.03.25 16:25:49 | HEARTBEAT | SYSTEM | EA alive. Tick=58700 Equity=44972.40 OpenPos=0 PendingOrders=0 UTC=2026.03.25 16:25 DayOfWeek=3 WeekendCloseActive=NO NewTradeBlocked=NO | 58700.000000
MP	0	10:26:20.854	Cazyxio_v4.4 (EURUSD,M15)	2026.03.25 16:26:20 | HEARTBEAT | SYSTEM | EA alive. Tick=58800 Equity=44972.40 OpenPos=0 PendingOrders=0 UTC=2026.03.25 16:26 DayOfWeek=3 WeekendCloseActive=NO NewTradeBlocked=NO | 58800.000000
QR	0	10:27:00.693	Cazyxio_v4.4 (EURUSD,M15)	2026.03.25 16:27:00 | HEARTBEAT | SYSTEM | EA alive. Tick=58900 Equity=44972.40 OpenPos=0 PendingOrders=0 UTC=2026.03.25 16:27 DayOfWeek=3 WeekendCloseActive=NO NewTradeBlocked=NO | 58900.000000
RL	0	10:27:40.386	Cazyxio_v4.4 (EURUSD,M15)	2026.03.25 16:27:40 | HEARTBEAT | SYSTEM | EA alive. Tick=59000 Equity=44972.40 OpenPos=0 PendingOrders=0 UTC=2026.03.25 16:27 DayOfWeek=3 WeekendCloseActive=NO NewTradeBlocked=NO | 59000.000000
EN	0	10:28:22.971	Cazyxio_v4.4 (EURUSD,M15)	2026.03.25 16:28:22 | HEARTBEAT | SYSTEM | EA alive. Tick=59100 Equity=44972.40 OpenPos=0 PendingOrders=0 UTC=2026.03.25 16:28 DayOfWeek=3 WeekendCloseActive=NO NewTradeBlocked=NO | 59100.000000
IH	0	10:29:01.497	Cazyxio_v4.4 (EURUSD,M15)	2026.03.25 16:29:01 | HEARTBEAT | SYSTEM | EA alive. Tick=59200 Equity=44972.40 OpenPos=0 PendingOrders=0 UTC=2026.03.25 16:29 DayOfWeek=3 WeekendCloseActive=NO NewTradeBlocked=NO | 59200.000000
DJ	0	10:29:38.915	Cazyxio_v4.4 (EURUSD,M15)	2026.03.25 16:29:38 | HEARTBEAT | SYSTEM | EA alive. Tick=59300 Equity=44972.40 OpenPos=0 PendingOrders=0 UTC=2026.03.25 16:29 DayOfWeek=3 WeekendCloseActive=NO NewTradeBlocked=NO | 59300.000000
ID	0	10:32:22.459	Cazyxio_v4.4 (EURUSD,M15)	2026.03.25 16:32:22 | GATE_FAIL | EURUSD | CopyBuffer failed for Daily EMA200.
MG	0	10:34:42.805	Cazyxio_v4.4 (EURUSD,M15)	2026.03.25 16:34:42 | GATE_FAIL | USDJPY | CopyBuffer failed for Daily EMA200.
HG	0	10:34:42.805	Cazyxio_v4.4 (EURUSD,M15)	2026.03.25 16:34:42 | BAR | AUDUSD | close=0.69628 h4ema200=0.70208 h4slope=DOWN dailyEMA200=0.67289 adx=33.7 ema50=0.69660 distToEMA50=3.2pips touchSeq=10 atr=0.001046 atrRatio=1.112 dir=NONE spread=18.0 spreadOK=YES atrGate=PASS touch=FAIL momCandle= zeroRangeBar=NO trigger=NO hasPos=NO portRisk=0.00% openPos=0 | 0.696280
KR	0	10:34:42.805	Cazyxio_v4.4 (EURUSD,M15)	2026.03.25 16:34:42 | GATE_FAIL | AUDUSD | No directional bias. h4slope=DOWN closeNow=0.69628 h4ema200=0.70208 dailyEMA200=0.67289
OD	0	10:34:42.805	Cazyxio_v4.4 (EURUSD,M15)	2026.03.25 16:34:42 | BAR | GBPJPY | close=212.953 h4ema200=211.359 h4slope=UP dailyEMA200=205.356 adx=16.6 ema50=212.884 distToEMA50=6.9pips touchSeq=3 atr=0.147357 atrRatio=1.172 dir=LONG spread=39.0 spreadOK=NO atrGate=PASS touch=PASS momCandle=momClosePos=0.873 momOk=Y ema50Ok=Y barRange=0.142000 zeroRangeBar=NO trigger=YES hasPos=NO portRisk=0.00% openPos=0 | 212.953000
RS	0	10:34:42.805	Cazyxio_v4.4 (EURUSD,M15)	2026.03.25 16:34:42 | GATE_FAIL | GBPJPY | Spread too wide. Spread=39.0 Max=30 points.
MM	0	10:34:42.805	Cazyxio_v4.4 (EURUSD,M15)	2026.03.25 16:34:42 | BAR | USDCAD | close=1.38016 h4ema200=1.36866 h4slope=UP dailyEMA200=1.38062 adx=40.9 ema50=1.37873 distToEMA50=14.3pips touchSeq=0 atr=0.000869 atrRatio=1.335 dir=NONE spread=25.0 spreadOK=YES atrGate=PASS touch=FAIL momCandle= zeroRangeBar=NO trigger=NO hasPos=NO portRisk=0.00% openPos=0 | 1.380160
EL	0	10:34:42.805	Cazyxio_v4.4 (EURUSD,M15)	2026.03.25 16:34:42 | GATE_FAIL | USDCAD | No directional bias. h4slope=UP closeNow=1.38016 h4ema200=1.36866 dailyEMA200=1.38062
DP	0	10:37:05.169	Cazyxio_v4.4 (EURUSD,M15)	2026.03.25 16:37:05 | GATE_FAIL | GBPUSD | CopyBuffer failed for Daily EMA200.
NP	0	10:37:26.024	Cazyxio_v4.4 (EURUSD,M15)	2026.03.25 16:37:26 | HEARTBEAT | SYSTEM | EA alive. Tick=59400 Equity=44972.40 OpenPos=0 PendingOrders=0 UTC=2026.03.25 16:37 DayOfWeek=3 WeekendCloseActive=NO NewTradeBlocked=NO | 59400.000000
GR	0	10:38:21.350	Cazyxio_v4.4 (EURUSD,M15)	2026.03.25 16:38:21 | HEARTBEAT | SYSTEM | EA alive. Tick=59500 Equity=44972.40 OpenPos=0 PendingOrders=0 UTC=2026.03.25 16:38 DayOfWeek=3 WeekendCloseActive=NO NewTradeBlocked=NO | 59500.000000
DL	0	10:39:17.211	Cazyxio_v4.4 (EURUSD,M15)	2026.03.25 16:39:17 | HEARTBEAT | SYSTEM | EA alive. Tick=59600 Equity=44972.40 OpenPos=0 PendingOrders=0 UTC=2026.03.25 16:39 DayOfWeek=3 WeekendCloseActive=NO NewTradeBlocked=NO | 59600.000000
ON	0	10:40:16.188	Cazyxio_v4.4 (EURUSD,M15)	2026.03.25 16:40:16 | HEARTBEAT | SYSTEM | EA alive. Tick=59700 Equity=44972.40 OpenPos=0 PendingOrders=0 UTC=2026.03.25 16:40 DayOfWeek=3 WeekendCloseActive=NO NewTradeBlocked=NO | 59700.000000
RH	0	10:41:03.298	Cazyxio_v4.4 (EURUSD,M15)	2026.03.25 16:41:03 | HEARTBEAT | SYSTEM | EA alive. Tick=59800 Equity=44972.40 OpenPos=0 PendingOrders=0 UTC=2026.03.25 16:41 DayOfWeek=3 WeekendCloseActive=NO NewTradeBlocked=NO | 59800.000000
JJ	0	10:41:58.795	Cazyxio_v4.4 (EURUSD,M15)	2026.03.25 16:41:58 | HEARTBEAT | SYSTEM | EA alive. Tick=59900 Equity=44972.40 OpenPos=0 PendingOrders=0 UTC=2026.03.25 16:41 DayOfWeek=3 WeekendCloseActive=NO NewTradeBlocked=NO | 59900.000000
JD	0	10:42:56.668	Cazyxio_v4.4 (EURUSD,M15)	2026.03.25 16:42:56 | HEARTBEAT | SYSTEM | EA alive. Tick=60000 Equity=44972.40 OpenPos=0 PendingOrders=0 UTC=2026.03.25 16:42 DayOfWeek=3 WeekendCloseActive=NO NewTradeBlocked=NO | 60000.000000
CF	0	10:43:51.961	Cazyxio_v4.4 (EURUSD,M15)	2026.03.25 16:43:51 | HEARTBEAT | SYSTEM | EA alive. Tick=60100 Equity=44972.40 OpenPos=0 PendingOrders=0 UTC=2026.03.25 16:43 DayOfWeek=3 WeekendCloseActive=NO NewTradeBlocked=NO | 60100.000000
QP	0	10:44:52.070	Cazyxio_v4.4 (EURUSD,M15)	2026.03.25 16:44:52 | HEARTBEAT | SYSTEM | EA alive. Tick=60200 Equity=44972.40 OpenPos=0 PendingOrders=0 UTC=2026.03.25 16:44 DayOfWeek=3 WeekendCloseActive=NO NewTradeBlocked=NO | 60200.000000
IR	0	10:47:22.372	Cazyxio_v4.4 (EURUSD,M15)	2026.03.25 16:47:22 | GATE_FAIL | EURUSD | CopyBuffer failed for Daily EMA200.
MR	0	10:49:42.773	Cazyxio_v4.4 (EURUSD,M15)	2026.03.25 16:49:42 | GATE_FAIL | USDJPY | CopyBuffer failed for Daily EMA200.
FM	0	10:49:42.773	Cazyxio_v4.4 (EURUSD,M15)	2026.03.25 16:49:42 | BAR | AUDUSD | close=0.69635 h4ema200=0.70208 h4slope=DOWN dailyEMA200=0.67289 adx=33.7 ema50=0.69658 distToEMA50=2.3pips touchSeq=11 atr=0.001021 atrRatio=1.089 dir=NONE spread=16.0 spreadOK=YES atrGate=PASS touch=FAIL momCandle= zeroRangeBar=NO trigger=NO hasPos=NO portRisk=0.00% openPos=0 | 0.696350
KL	0	10:49:42.773	Cazyxio_v4.4 (EURUSD,M15)	2026.03.25 16:49:42 | GATE_FAIL | AUDUSD | No directional bias. h4slope=DOWN closeNow=0.69635 h4ema200=0.70208 dailyEMA200=0.67289
HS	0	10:49:42.773	Cazyxio_v4.4 (EURUSD,M15)	2026.03.25 16:49:42 | BAR | GBPJPY | close=212.981 h4ema200=211.359 h4slope=UP dailyEMA200=205.356 adx=16.5 ema50=212.888 distToEMA50=9.3pips touchSeq=4 atr=0.144786 atrRatio=1.154 dir=LONG spread=38.0 spreadOK=NO atrGate=PASS touch=PASS momCandle=momClosePos=0.521 momOk=N ema50Ok=Y barRange=0.121000 zeroRangeBar=NO trigger=NO hasPos=NO portRisk=0.00% openPos=0 | 212.981000
CE	0	10:49:42.773	Cazyxio_v4.4 (EURUSD,M15)	2026.03.25 16:49:42 | GATE_FAIL | GBPJPY | Spread too wide. Spread=38.0 Max=30 points.
PK	0	10:49:42.773	Cazyxio_v4.4 (EURUSD,M15)	2026.03.25 16:49:42 | BAR | USDCAD | close=1.38050 h4ema200=1.36866 h4slope=UP dailyEMA200=1.38062 adx=40.9 ema50=1.37881 distToEMA50=16.9pips touchSeq=0 atr=0.000844 atrRatio=1.302 dir=NONE spread=22.0 spreadOK=YES atrGate=PASS touch=FAIL momCandle= zeroRangeBar=NO trigger=NO hasPos=NO portRisk=0.00% openPos=0 | 1.380500
QF	0	10:49:42.773	Cazyxio_v4.4 (EURUSD,M15)	2026.03.25 16:49:42 | GATE_FAIL | USDCAD | No directional bias. h4slope=UP closeNow=1.38050 h4ema200=1.36866 dailyEMA200=1.38062
MN	0	10:52:03.612	Cazyxio_v4.4 (EURUSD,M15)	2026.03.25 16:52:03 | GATE_FAIL | GBPUSD | CopyBuffer failed for Daily EMA200.
NN	0	10:53:00.631	Cazyxio_v4.4 (EURUSD,M15)	2026.03.25 16:53:00 | HEARTBEAT | SYSTEM | EA alive. Tick=60300 Equity=44972.40 OpenPos=0 PendingOrders=0 UTC=2026.03.25 16:53 DayOfWeek=3 WeekendCloseActive=NO NewTradeBlocked=NO | 60300.000000
IH	0	10:54:09.394	Cazyxio_v4.4 (EURUSD,M15)	2026.03.25 16:54:09 | HEARTBEAT | SYSTEM | EA alive. Tick=60400 Equity=44972.40 OpenPos=0 PendingOrders=0 UTC=2026.03.25 16:54 DayOfWeek=3 WeekendCloseActive=NO NewTradeBlocked=NO | 60400.000000
JJ	0	10:55:14.187	Cazyxio_v4.4 (EURUSD,M15)	2026.03.25 16:55:14 | HEARTBEAT | SYSTEM | EA alive. Tick=60500 Equity=44972.40 OpenPos=0 PendingOrders=0 UTC=2026.03.25 16:55 DayOfWeek=3 WeekendCloseActive=NO NewTradeBlocked=NO | 60500.000000
QD	0	10:56:17.105	Cazyxio_v4.4 (EURUSD,M15)	2026.03.25 16:56:17 | HEARTBEAT | SYSTEM | EA alive. Tick=60600 Equity=44972.40 OpenPos=0 PendingOrders=0 UTC=2026.03.25 16:56 DayOfWeek=3 WeekendCloseActive=NO NewTradeBlocked=NO | 60600.000000
IF	0	10:57:32.278	Cazyxio_v4.4 (EURUSD,M15)	2026.03.25 16:57:32 | HEARTBEAT | SYSTEM | EA alive. Tick=60700 Equity=44972.40 OpenPos=0 PendingOrders=0 UTC=2026.03.25 16:57 DayOfWeek=3 WeekendCloseActive=NO NewTradeBlocked=NO | 60700.000000
RP	0	10:58:41.784	Cazyxio_v4.4 (EURUSD,M15)	2026.03.25 16:58:41 | HEARTBEAT | SYSTEM | EA alive. Tick=60800 Equity=44972.40 OpenPos=0 PendingOrders=0 UTC=2026.03.25 16:58 DayOfWeek=3 WeekendCloseActive=NO NewTradeBlocked=NO | 60800.000000
IR	0	10:59:54.829	Cazyxio_v4.4 (EURUSD,M15)	2026.03.25 16:59:54 | HEARTBEAT | SYSTEM | EA alive. Tick=60900 Equity=44972.40 OpenPos=0 PendingOrders=0 UTC=2026.03.25 16:59 DayOfWeek=3 WeekendCloseActive=NO NewTradeBlocked=NO | 60900.000000
DL	0	11:02:22.427	Cazyxio_v4.4 (EURUSD,M15)	2026.03.25 17:02:22 | GATE_FAIL | EURUSD | CopyBuffer failed for Daily EMA200.
EL	0	11:04:42.795	Cazyxio_v4.4 (EURUSD,M15)	2026.03.25 17:04:42 | GATE_FAIL | USDJPY | CopyBuffer failed for Daily EMA200.
JO	0	11:04:42.795	Cazyxio_v4.4 (EURUSD,M15)	2026.03.25 17:04:42 | BAR | AUDUSD | close=0.69590 h4ema200=0.70201 h4slope=DOWN dailyEMA200=0.67289 adx=36.0 ema50=0.69654 distToEMA50=6.4pips touchSeq=12 atr=0.001009 atrRatio=1.078 dir=NONE spread=19.0 spreadOK=YES atrGate=PASS touch=FAIL momCandle= zeroRangeBar=NO trigger=NO hasPos=NO portRisk=0.00% openPos=0 | 0.695900
HJ	0	11:04:42.795	Cazyxio_v4.4 (EURUSD,M15)	2026.03.25 17:04:42 | GATE_FAIL | AUDUSD | No directional bias. h4slope=DOWN closeNow=0.69590 h4ema200=0.70201 dailyEMA200=0.67289
DO	0	11:04:42.795	Cazyxio_v4.4 (EURUSD,M15)	2026.03.25 17:04:42 | BAR | GBPJPY | close=213.035 h4ema200=211.376 h4slope=UP dailyEMA200=205.356 adx=14.3 ema50=212.895 distToEMA50=14.0pips touchSeq=5 atr=0.146786 atrRatio=1.171 dir=LONG spread=41.0 spreadOK=NO atrGate=PASS touch=PASS momCandle=momClosePos=0.721 momOk=Y ema50Ok=Y barRange=0.104000 zeroRangeBar=NO trigger=YES hasPos=NO portRisk=0.00% openPos=0 | 213.035000
EK	0	11:04:42.795	Cazyxio_v4.4 (EURUSD,M15)	2026.03.25 17:04:42 | GATE_FAIL | GBPJPY | Spread too wide. Spread=41.0 Max=30 points.
IE	0	11:04:42.795	Cazyxio_v4.4 (EURUSD,M15)	2026.03.25 17:04:42 | BAR | USDCAD | close=1.38081 h4ema200=1.36879 h4slope=UP dailyEMA200=1.38062 adx=43.1 ema50=1.37890 distToEMA50=19.1pips touchSeq=0 atr=0.000808 atrRatio=1.254 dir=LONG spread=25.0 spreadOK=YES atrGate=PASS touch=FAIL momCandle=momClosePos=0.915 momOk=Y ema50Ok=Y barRange=0.000470 zeroRangeBar=NO trigger=YES hasPos=NO portRisk=0.00% openPos=0 | 1.380810
KM	0	11:04:42.795	Cazyxio_v4.4 (EURUSD,M15)	2026.03.25 17:04:42 | NEAR_MISS | USDCAD | Touch near-miss. BestDistRatio=1.094 DistToEMA50=19.1pips
CN	0	11:04:42.795	Cazyxio_v4.4 (EURUSD,M15)	2026.03.25 17:04:42 | GATE_FAIL | USDCAD | Touch/pullback gate FAIL. Price has not approached EMA50 within last 12 bars (within 0.60 ATR). DistToEMA50=19.1pips.
KK	0	11:07:03.333	Cazyxio_v4.4 (EURUSD,M15)	2026.03.25 17:07:03 | GATE_FAIL | GBPUSD | CopyBuffer failed for Daily EMA200.
IE	0	11:08:09.211	Cazyxio_v4.4 (EURUSD,M15)	2026.03.25 17:08:09 | HEARTBEAT | SYSTEM | EA alive. Tick=61000 Equity=44972.40 OpenPos=0 PendingOrders=0 UTC=2026.03.25 17:08 DayOfWeek=3 WeekendCloseActive=NO NewTradeBlocked=NO | 61000.000000
CG	0	11:09:25.621	Cazyxio_v4.4 (EURUSD,M15)	2026.03.25 17:09:25 | HEARTBEAT | SYSTEM | EA alive. Tick=61100 Equity=44972.40 OpenPos=0 PendingOrders=0 UTC=2026.03.25 17:09 DayOfWeek=3 WeekendCloseActive=NO NewTradeBlocked=NO | 61100.000000
EQ	0	11:10:24.359	Cazyxio_v4.4 (EURUSD,M15)	2026.03.25 17:10:24 | HEARTBEAT | SYSTEM | EA alive. Tick=61200 Equity=44972.40 OpenPos=0 PendingOrders=0 UTC=2026.03.25 17:10 DayOfWeek=3 WeekendCloseActive=NO NewTradeBlocked=NO | 61200.000000
HS	0	11:11:28.911	Cazyxio_v4.4 (EURUSD,M15)	2026.03.25 17:11:28 | HEARTBEAT | SYSTEM | EA alive. Tick=61300 Equity=44972.40 OpenPos=0 PendingOrders=0 UTC=2026.03.25 17:11 DayOfWeek=3 WeekendCloseActive=NO NewTradeBlocked=NO | 61300.000000
LM	0	11:12:22.215	Cazyxio_v4.4 (EURUSD,M15)	2026.03.25 17:12:22 | HEARTBEAT | SYSTEM | EA alive. Tick=61400 Equity=44972.40 OpenPos=0 PendingOrders=0 UTC=2026.03.25 17:12 DayOfWeek=3 WeekendCloseActive=NO NewTradeBlocked=NO | 61400.000000
MO	0	11:13:16.422	Cazyxio_v4.4 (EURUSD,M15)	2026.03.25 17:13:16 | HEARTBEAT | SYSTEM | EA alive. Tick=61500 Equity=44972.40 OpenPos=0 PendingOrders=0 UTC=2026.03.25 17:13 DayOfWeek=3 WeekendCloseActive=NO NewTradeBlocked=NO | 61500.000000
KI	0	11:14:11.652	Cazyxio_v4.4 (EURUSD,M15)	2026.03.25 17:14:11 | HEARTBEAT | SYSTEM | EA alive. Tick=61600 Equity=44972.40 OpenPos=0 PendingOrders=0 UTC=2026.03.25 17:14 DayOfWeek=3 WeekendCloseActive=NO NewTradeBlocked=NO | 61600.000000
MK	0	11:17:22.482	Cazyxio_v4.4 (EURUSD,M15)	2026.03.25 17:17:22 | GATE_FAIL | EURUSD | CopyBuffer failed for Daily EMA200.
PK	0	11:19:42.891	Cazyxio_v4.4 (EURUSD,M15)	2026.03.25 17:19:42 | GATE_FAIL | USDJPY | CopyBuffer failed for Daily EMA200.
PJ	0	11:19:42.891	Cazyxio_v4.4 (EURUSD,M15)	2026.03.25 17:19:42 | BAR | AUDUSD | close=0.69597 h4ema200=0.70202 h4slope=DOWN dailyEMA200=0.67289 adx=36.0 ema50=0.69653 distToEMA50=5.6pips touchSeq=12 atr=0.000935 atrRatio=1.002 dir=NONE spread=20.0 spreadOK=YES atrGate=PASS touch=FAIL momCandle= zeroRangeBar=NO trigger=NO hasPos=NO portRisk=0.00% openPos=0 | 0.695970
IF	0	11:19:42.891	Cazyxio_v4.4 (EURUSD,M15)	2026.03.25 17:19:42 | GATE_FAIL | AUDUSD | No directional bias. h4slope=DOWN closeNow=0.69597 h4ema200=0.70202 dailyEMA200=0.67289
NN	0	11:19:42.892	Cazyxio_v4.4 (EURUSD,M15)	2026.03.25 17:19:42 | BAR | GBPJPY | close=213.028 h4ema200=211.376 h4slope=UP dailyEMA200=205.357 adx=14.3 ema50=212.901 distToEMA50=12.7pips touchSeq=6 atr=0.141500 atrRatio=1.131 dir=LONG spread=42.0 spreadOK=NO atrGate=PASS touch=PASS momCandle=momClosePos=0.471 momOk=N ema50Ok=Y barRange=0.070000 zeroRangeBar=NO trigger=NO hasPos=NO portRisk=0.00% openPos=0 | 213.028000
JO	0	11:19:42.892	Cazyxio_v4.4 (EURUSD,M15)	2026.03.25 17:19:42 | GATE_FAIL | GBPJPY | Spread too wide. Spread=42.0 Max=30 points.
EP	0	11:19:42.892	Cazyxio_v4.4 (EURUSD,M15)	2026.03.25 17:19:42 | BAR | USDCAD | close=1.38052 h4ema200=1.36878 h4slope=UP dailyEMA200=1.38062 adx=43.0 ema50=1.37895 distToEMA50=15.7pips touchSeq=0 atr=0.000781 atrRatio=1.219 dir=NONE spread=27.0 spreadOK=YES atrGate=PASS touch=FAIL momCandle= zeroRangeBar=NO trigger=NO hasPos=NO portRisk=0.00% openPos=0 | 1.380520
PQ	0	11:19:42.892	Cazyxio_v4.4 (EURUSD,M15)	2026.03.25 17:19:42 | GATE_FAIL | USDCAD | No directional bias. h4slope=UP closeNow=1.38052 h4ema200=1.36878 dailyEMA200=1.38062
RE	0	11:22:03.336	Cazyxio_v4.4 (EURUSD,M15)	2026.03.25 17:22:03 | GATE_FAIL | GBPUSD | CopyBuffer failed for Daily EMA200.
KG	0	11:22:31.457	Cazyxio_v4.4 (EURUSD,M15)	2026.03.25 17:22:31 | HEARTBEAT | SYSTEM | EA alive. Tick=61700 Equity=44972.40 OpenPos=0 PendingOrders=0 UTC=2026.03.25 17:22 DayOfWeek=3 WeekendCloseActive=NO NewTradeBlocked=NO | 61700.000000
MQ	0	11:23:39.959	Cazyxio_v4.4 (EURUSD,M15)	2026.03.25 17:23:39 | HEARTBEAT | SYSTEM | EA alive. Tick=61800 Equity=44972.40 OpenPos=0 PendingOrders=0 UTC=2026.03.25 17:23 DayOfWeek=3 WeekendCloseActive=NO NewTradeBlocked=NO | 61800.000000
JS	0	11:24:58.096	Cazyxio_v4.4 (EURUSD,M15)	2026.03.25 17:24:58 | HEARTBEAT | SYSTEM | EA alive. Tick=61900 Equity=44972.40 OpenPos=0 PendingOrders=0 UTC=2026.03.25 17:24 DayOfWeek=3 WeekendCloseActive=NO NewTradeBlocked=NO | 61900.000000
RM	0	11:26:16.454	Cazyxio_v4.4 (EURUSD,M15)	2026.03.25 17:26:16 | HEARTBEAT | SYSTEM | EA alive. Tick=62000 Equity=44972.40 OpenPos=0 PendingOrders=0 UTC=2026.03.25 17:26 DayOfWeek=3 WeekendCloseActive=NO NewTradeBlocked=NO | 62000.000000
RO	0	11:27:52.242	Cazyxio_v4.4 (EURUSD,M15)	2026.03.25 17:27:52 | HEARTBEAT | SYSTEM | EA alive. Tick=62100 Equity=44972.40 OpenPos=0 PendingOrders=0 UTC=2026.03.25 17:27 DayOfWeek=3 WeekendCloseActive=NO NewTradeBlocked=NO | 62100.000000
OI	0	11:29:22.669	Cazyxio_v4.4 (EURUSD,M15)	2026.03.25 17:29:22 | HEARTBEAT | SYSTEM | EA alive. Tick=62200 Equity=44972.40 OpenPos=0 PendingOrders=0 UTC=2026.03.25 17:29 DayOfWeek=3 WeekendCloseActive=NO NewTradeBlocked=NO | 62200.000000
LK	0	11:32:22.429	Cazyxio_v4.4 (EURUSD,M15)	2026.03.25 17:32:22 | GATE_FAIL | EURUSD | CopyBuffer failed for Daily EMA200.
HK	0	11:34:42.749	Cazyxio_v4.4 (EURUSD,M15)	2026.03.25 17:34:42 | GATE_FAIL | USDJPY | CopyBuffer failed for Daily EMA200.
NJ	0	11:34:42.749	Cazyxio_v4.4 (EURUSD,M15)	2026.03.25 17:34:42 | BAR | AUDUSD | close=0.69642 h4ema200=0.70202 h4slope=DOWN dailyEMA200=0.67290 adx=36.0 ema50=0.69655 distToEMA50=1.3pips touchSeq=12 atr=0.000886 atrRatio=0.952 dir=NONE spread=16.0 spreadOK=YES atrGate=PASS touch=FAIL momCandle= zeroRangeBar=NO trigger=NO hasPos=NO portRisk=0.00% openPos=0 | 0.696420
LF	0	11:34:42.749	Cazyxio_v4.4 (EURUSD,M15)	2026.03.25 17:34:42 | GATE_FAIL | AUDUSD | No directional bias. h4slope=DOWN closeNow=0.69642 h4ema200=0.70202 dailyEMA200=0.67290
JS	0	11:34:42.749	Cazyxio_v4.4 (EURUSD,M15)	2026.03.25 17:34:42 | BAR | GBPJPY | close=213.058 h4ema200=211.377 h4slope=UP dailyEMA200=205.357 adx=17.7 ema50=212.910 distToEMA50=14.8pips touchSeq=7 atr=0.138143 atrRatio=1.105 dir=LONG spread=41.0 spreadOK=NO atrGate=PASS touch=PASS momCandle=momClosePos=0.868 momOk=Y ema50Ok=Y barRange=0.068000 zeroRangeBar=NO trigger=YES hasPos=NO portRisk=0.00% openPos=0 | 213.058000
LO	0	11:34:42.749	Cazyxio_v4.4 (EURUSD,M15)	2026.03.25 17:34:42 | GATE_FAIL | GBPJPY | Spread too wide. Spread=41.0 Max=30 points.
HP	0	11:34:42.749	Cazyxio_v4.4 (EURUSD,M15)	2026.03.25 17:34:42 | BAR | USDCAD | close=1.38025 h4ema200=1.36878 h4slope=UP dailyEMA200=1.38062 adx=43.0 ema50=1.37899 distToEMA50=12.6pips touchSeq=0 atr=0.000791 atrRatio=1.239 dir=NONE spread=24.0 spreadOK=YES atrGate=PASS touch=FAIL momCandle= zeroRangeBar=NO trigger=NO hasPos=NO portRisk=0.00% openPos=0 | 1.380250
CQ	0	11:34:42.749	Cazyxio_v4.4 (EURUSD,M15)	2026.03.25 17:34:42 | GATE_FAIL | USDCAD | No directional bias. h4slope=UP closeNow=1.38025 h4ema200=1.36878 dailyEMA200=1.38062
HE	0	11:37:03.563	Cazyxio_v4.4 (EURUSD,M15)	2026.03.25 17:37:03 | GATE_FAIL | GBPUSD | CopyBuffer failed for Daily EMA200.
OD	0	11:37:45.569	Cazyxio_v4.4 (EURUSD,M15)	2026.03.25 17:37:45 | HEARTBEAT | SYSTEM | EA alive. Tick=62300 Equity=44972.40 OpenPos=0 PendingOrders=0 UTC=2026.03.25 17:37 DayOfWeek=3 WeekendCloseActive=NO NewTradeBlocked=NO | 62300.000000
HF	0	11:39:07.085	Cazyxio_v4.4 (EURUSD,M15)	2026.03.25 17:39:07 | HEARTBEAT | SYSTEM | EA alive. Tick=62400 Equity=44972.40 OpenPos=0 PendingOrders=0 UTC=2026.03.25 17:39 DayOfWeek=3 WeekendCloseActive=NO NewTradeBlocked=NO | 62400.000000
IP	0	11:40:30.918	Cazyxio_v4.4 (EURUSD,M15)	2026.03.25 17:40:30 | HEARTBEAT | SYSTEM | EA alive. Tick=62500 Equity=44972.40 OpenPos=0 PendingOrders=0 UTC=2026.03.25 17:40 DayOfWeek=3 WeekendCloseActive=NO NewTradeBlocked=NO | 62500.000000
MR	0	11:41:54.058	Cazyxio_v4.4 (EURUSD,M15)	2026.03.25 17:41:54 | HEARTBEAT | SYSTEM | EA alive. Tick=62600 Equity=44972.40 OpenPos=0 PendingOrders=0 UTC=2026.03.25 17:41 DayOfWeek=3 WeekendCloseActive=NO NewTradeBlocked=NO | 62600.000000
DL	0	11:42:50.261	Cazyxio_v4.4 (EURUSD,M15)	2026.03.25 17:42:50 | HEARTBEAT | SYSTEM | EA alive. Tick=62700 Equity=44972.40 OpenPos=0 PendingOrders=0 UTC=2026.03.25 17:42 DayOfWeek=3 WeekendCloseActive=NO NewTradeBlocked=NO | 62700.000000
GN	0	11:43:37.375	Cazyxio_v4.4 (EURUSD,M15)	2026.03.25 17:43:37 | HEARTBEAT | SYSTEM | EA alive. Tick=62800 Equity=44972.40 OpenPos=0 PendingOrders=0 UTC=2026.03.25 17:43 DayOfWeek=3 WeekendCloseActive=NO NewTradeBlocked=NO | 62800.000000
DH	0	11:44:25.245	Cazyxio_v4.4 (EURUSD,M15)	2026.03.25 17:44:25 | HEARTBEAT | SYSTEM | EA alive. Tick=62900 Equity=44972.40 OpenPos=0 PendingOrders=0 UTC=2026.03.25 17:44 DayOfWeek=3 WeekendCloseActive=NO NewTradeBlocked=NO | 62900.000000
CK	0	11:47:23.159	Cazyxio_v4.4 (EURUSD,M15)	2026.03.25 17:47:23 | GATE_FAIL | GBPUSD | CopyBuffer failed for Daily EMA200.
EE	0	11:49:43.617	Cazyxio_v4.4 (EURUSD,M15)	2026.03.25 17:49:43 | GATE_FAIL | EURUSD | CopyBuffer failed for Daily EMA200.
QE	0	11:52:04.072	Cazyxio_v4.4 (EURUSD,M15)	2026.03.25 17:52:04 | GATE_FAIL | USDJPY | CopyBuffer failed for Daily EMA200.
JD	0	11:52:04.072	Cazyxio_v4.4 (EURUSD,M15)	2026.03.25 17:52:04 | BAR | AUDUSD | close=0.69679 h4ema200=0.70202 h4slope=DOWN dailyEMA200=0.67290 adx=36.0 ema50=0.69656 distToEMA50=2.3pips touchSeq=12 atr=0.000846 atrRatio=0.912 dir=NONE spread=19.0 spreadOK=YES atrGate=PASS touch=FAIL momCandle= zeroRangeBar=NO trigger=NO hasPos=NO portRisk=0.00% openPos=0 | 0.696790
MD	0	11:52:04.072	Cazyxio_v4.4 (EURUSD,M15)	2026.03.25 17:52:04 | GATE_FAIL | AUDUSD | No directional bias. h4slope=DOWN closeNow=0.69679 h4ema200=0.70202 dailyEMA200=0.67290
DE	0	11:52:04.072	Cazyxio_v4.4 (EURUSD,M15)	2026.03.25 17:52:04 | BAR | GBPJPY | close=213.138 h4ema200=211.378 h4slope=UP dailyEMA200=205.358 adx=18.4 ema50=212.921 distToEMA50=21.7pips touchSeq=0 atr=0.129429 atrRatio=1.037 dir=LONG spread=45.0 spreadOK=NO atrGate=PASS touch=PASS momCandle=momClosePos=0.857 momOk=Y ema50Ok=Y barRange=0.112000 zeroRangeBar=NO trigger=YES hasPos=NO portRisk=0.00% openPos=0 | 213.138000
IM	0	11:52:04.072	Cazyxio_v4.4 (EURUSD,M15)	2026.03.25 17:52:04 | GATE_FAIL | GBPJPY | Spread too wide. Spread=45.0 Max=30 points.
OR	0	11:52:04.072	Cazyxio_v4.4 (EURUSD,M15)	2026.03.25 17:52:04 | BAR | USDCAD | close=1.38018 h4ema200=1.36878 h4slope=UP dailyEMA200=1.38062 adx=43.0 ema50=1.37904 distToEMA50=11.4pips touchSeq=0 atr=0.000765 atrRatio=1.205 dir=NONE spread=26.0 spreadOK=YES atrGate=PASS touch=FAIL momCandle= zeroRangeBar=NO trigger=NO hasPos=NO portRisk=0.00% openPos=0 | 1.380180
HO	0	11:52:04.072	Cazyxio_v4.4 (EURUSD,M15)	2026.03.25 17:52:04 | GATE_FAIL | USDCAD | No directional bias. h4slope=UP closeNow=1.38018 h4ema200=1.36878 dailyEMA200=1.38062
GF	0	11:52:11.555	Cazyxio_v4.4 (EURUSD,M15)	2026.03.25 17:52:11 | HEARTBEAT | SYSTEM | EA alive. Tick=63000 Equity=44972.40 OpenPos=0 PendingOrders=0 UTC=2026.03.25 17:52 DayOfWeek=3 WeekendCloseActive=NO NewTradeBlocked=NO | 63000.000000
OP	0	11:52:58.386	Cazyxio_v4.4 (EURUSD,M15)	2026.03.25 17:52:58 | HEARTBEAT | SYSTEM | EA alive. Tick=63100 Equity=44972.40 OpenPos=0 PendingOrders=0 UTC=2026.03.25 17:52 DayOfWeek=3 WeekendCloseActive=NO NewTradeBlocked=NO | 63100.000000
NR	0	11:53:45.038	Cazyxio_v4.4 (EURUSD,M15)	2026.03.25 17:53:45 | HEARTBEAT | SYSTEM | EA alive. Tick=63200 Equity=44972.40 OpenPos=0 PendingOrders=0 UTC=2026.03.25 17:53 DayOfWeek=3 WeekendCloseActive=NO NewTradeBlocked=NO | 63200.000000
GL	0	11:54:47.461	Cazyxio_v4.4 (EURUSD,M15)	2026.03.25 17:54:47 | HEARTBEAT | SYSTEM | EA alive. Tick=63300 Equity=44972.40 OpenPos=0 PendingOrders=0 UTC=2026.03.25 17:54 DayOfWeek=3 WeekendCloseActive=NO NewTradeBlocked=NO | 63300.000000
FN	0	11:55:46.151	Cazyxio_v4.4 (EURUSD,M15)	2026.03.25 17:55:46 | HEARTBEAT | SYSTEM | EA alive. Tick=63400 Equity=44972.40 OpenPos=0 PendingOrders=0 UTC=2026.03.25 17:55 DayOfWeek=3 WeekendCloseActive=NO NewTradeBlocked=NO | 63400.000000
QH	0	11:56:59.209	Cazyxio_v4.4 (EURUSD,M15)	2026.03.25 17:56:59 | HEARTBEAT | SYSTEM | EA alive. Tick=63500 Equity=44972.40 OpenPos=0 PendingOrders=0 UTC=2026.03.25 17:56 DayOfWeek=3 WeekendCloseActive=NO NewTradeBlocked=NO | 63500.000000
PJ	0	11:58:28.701	Cazyxio_v4.4 (EURUSD,M15)	2026.03.25 17:58:28 | HEARTBEAT | SYSTEM | EA alive. Tick=63600 Equity=44972.40 OpenPos=0 PendingOrders=0 UTC=2026.03.25 17:58 DayOfWeek=3 WeekendCloseActive=NO NewTradeBlocked=NO | 63600.000000
MD	0	11:59:09.154	Cazyxio_v4.4 (EURUSD,M15)	2026.03.25 17:59:09 | HEARTBEAT | SYSTEM | EA alive. Tick=63700 Equity=44972.40 OpenPos=0 PendingOrders=0 UTC=2026.03.25 17:59 DayOfWeek=3 WeekendCloseActive=NO NewTradeBlocked=NO | 63700.000000
DG	0	12:02:22.567	Cazyxio_v4.4 (EURUSD,M15)	2026.03.25 18:02:22 | GATE_FAIL | GBPUSD | CopyBuffer failed for Daily EMA200.
CQ	0	12:04:42.947	Cazyxio_v4.4 (EURUSD,M15)	2026.03.25 18:04:42 | GATE_FAIL | EURUSD | CopyBuffer failed for Daily EMA200.
OQ	0	12:07:03.285	Cazyxio_v4.4 (EURUSD,M15)	2026.03.25 18:07:03 | GATE_FAIL | USDJPY | CopyBuffer failed for Daily EMA200.
FP	0	12:07:03.285	Cazyxio_v4.4 (EURUSD,M15)	2026.03.25 18:07:03 | BAR | AUDUSD | close=0.69613 h4ema200=0.70202 h4slope=DOWN dailyEMA200=0.67289 adx=36.0 ema50=0.69653 distToEMA50=4.0pips touchSeq=12 atr=0.000874 atrRatio=0.947 dir=NONE spread=16.0 spreadOK=YES atrGate=PASS touch=FAIL momCandle= zeroRangeBar=NO trigger=NO hasPos=NO portRisk=0.00% openPos=0 | 0.696130
OP	0	12:07:03.285	Cazyxio_v4.4 (EURUSD,M15)	2026.03.25 18:07:03 | GATE_FAIL | AUDUSD | No directional bias. h4slope=DOWN closeNow=0.69613 h4ema200=0.70202 dailyEMA200=0.67289
DD	0	12:07:03.285	Cazyxio_v4.4 (EURUSD,M15)	2026.03.25 18:07:03 | BAR | GBPJPY | close=213.132 h4ema200=211.377 h4slope=UP dailyEMA200=205.357 adx=18.4 ema50=212.928 distToEMA50=20.4pips touchSeq=0 atr=0.126500 atrRatio=1.016 dir=LONG spread=35.0 spreadOK=NO atrGate=PASS touch=PASS momCandle=momClosePos=0.398 momOk=N ema50Ok=Y barRange=0.083000 zeroRangeBar=NO trigger=NO hasPos=NO portRisk=0.00% openPos=0 | 213.132000
HQ	0	12:07:03.285	Cazyxio_v4.4 (EURUSD,M15)	2026.03.25 18:07:03 | GATE_FAIL | GBPJPY | Spread too wide. Spread=35.0 Max=30 points.
EN	0	12:07:03.285	Cazyxio_v4.4 (EURUSD,M15)	2026.03.25 18:07:03 | BAR | USDCAD | close=1.38086 h4ema200=1.36878 h4slope=UP dailyEMA200=1.38062 adx=43.0 ema50=1.37912 distToEMA50=17.4pips touchSeq=0 atr=0.000757 atrRatio=1.199 dir=LONG spread=24.0 spreadOK=YES atrGate=PASS touch=FAIL momCandle=momClosePos=0.947 momOk=Y ema50Ok=Y barRange=0.000750 zeroRangeBar=NO trigger=YES hasPos=NO portRisk=0.00% openPos=0 | 1.380860
FQ	0	12:07:03.285	Cazyxio_v4.4 (EURUSD,M15)	2026.03.25 18:07:03 | GATE_FAIL | USDCAD | Touch/pullback gate FAIL. Price has not approached EMA50 within last 12 bars (within 0.60 ATR). DistToEMA50=17.4pips.
EI	0	12:07:24.640	Cazyxio_v4.4 (EURUSD,M15)	2026.03.25 18:07:24 | HEARTBEAT | SYSTEM | EA alive. Tick=63800 Equity=44972.40 OpenPos=0 PendingOrders=0 UTC=2026.03.25 18:07 DayOfWeek=3 WeekendCloseActive=NO NewTradeBlocked=NO | 63800.000000
GK	0	12:09:06.468	Cazyxio_v4.4 (EURUSD,M15)	2026.03.25 18:09:06 | HEARTBEAT | SYSTEM | EA alive. Tick=63900 Equity=44972.40 OpenPos=0 PendingOrders=0 UTC=2026.03.25 18:09 DayOfWeek=3 WeekendCloseActive=NO NewTradeBlocked=NO | 63900.000000
EE	0	12:10:07.455	Cazyxio_v4.4 (EURUSD,M15)	2026.03.25 18:10:07 | HEARTBEAT | SYSTEM | EA alive. Tick=64000 Equity=44972.40 OpenPos=0 PendingOrders=0 UTC=2026.03.25 18:10 DayOfWeek=3 WeekendCloseActive=NO NewTradeBlocked=NO | 64000.000000
GG	0	12:11:25.751	Cazyxio_v4.4 (EURUSD,M15)	2026.03.25 18:11:25 | HEARTBEAT | SYSTEM | EA alive. Tick=64100 Equity=44972.40 OpenPos=0 PendingOrders=0 UTC=2026.03.25 18:11 DayOfWeek=3 WeekendCloseActive=NO NewTradeBlocked=NO | 64100.000000
FQ	0	12:13:00.457	Cazyxio_v4.4 (EURUSD,M15)	2026.03.25 18:13:00 | HEARTBEAT | SYSTEM | EA alive. Tick=64200 Equity=44972.40 OpenPos=0 PendingOrders=0 UTC=2026.03.25 18:13 DayOfWeek=3 WeekendCloseActive=NO NewTradeBlocked=NO | 64200.000000
HS	0	12:14:30.171	Cazyxio_v4.4 (EURUSD,M15)	2026.03.25 18:14:30 | HEARTBEAT | SYSTEM | EA alive. Tick=64300 Equity=44972.40 OpenPos=0 PendingOrders=0 UTC=2026.03.25 18:14 DayOfWeek=3 WeekendCloseActive=NO NewTradeBlocked=NO | 64300.000000
JL	0	12:17:25.550	Cazyxio_v4.4 (EURUSD,M15)	2026.03.25 18:17:25 | GATE_FAIL | GBPUSD | CopyBuffer failed for Daily EMA200.
HL	0	12:19:45.904	Cazyxio_v4.4 (EURUSD,M15)	2026.03.25 18:19:45 | GATE_FAIL | EURUSD | CopyBuffer failed for Daily EMA200.
LL	0	12:22:06.282	Cazyxio_v4.4 (EURUSD,M15)	2026.03.25 18:22:06 | GATE_FAIL | USDJPY | CopyBuffer failed for Daily EMA200.
OO	0	12:22:06.282	Cazyxio_v4.4 (EURUSD,M15)	2026.03.25 18:22:06 | BAR | AUDUSD | close=0.69618 h4ema200=0.70202 h4slope=DOWN dailyEMA200=0.67289 adx=36.0 ema50=0.69651 distToEMA50=3.3pips touchSeq=12 atr=0.000845 atrRatio=0.920 dir=NONE spread=19.0 spreadOK=YES atrGate=PASS touch=FAIL momCandle= zeroRangeBar=NO trigger=NO hasPos=NO portRisk=0.00% openPos=0 | 0.696180
IM	0	12:22:06.282	Cazyxio_v4.4 (EURUSD,M15)	2026.03.25 18:22:06 | GATE_FAIL | AUDUSD | No directional bias. h4slope=DOWN closeNow=0.69618 h4ema200=0.70202 dailyEMA200=0.67289
JQ	0	12:22:06.282	Cazyxio_v4.4 (EURUSD,M15)	2026.03.25 18:22:06 | BAR | GBPJPY | close=213.101 h4ema200=211.377 h4slope=UP dailyEMA200=205.358 adx=18.4 ema50=212.935 distToEMA50=16.6pips touchSeq=0 atr=0.115286 atrRatio=0.929 dir=LONG spread=35.0 spreadOK=NO atrGate=PASS touch=PASS momCandle=momClosePos=0.138 momOk=N ema50Ok=Y barRange=0.058000 zeroRangeBar=NO trigger=NO hasPos=NO portRisk=0.00% openPos=0 | 213.101000
CJ	0	12:22:06.282	Cazyxio_v4.4 (EURUSD,M15)	2026.03.25 18:22:06 | GATE_FAIL | GBPJPY | Spread too wide. Spread=35.0 Max=30 points.
OH	0	12:22:06.282	Cazyxio_v4.4 (EURUSD,M15)	2026.03.25 18:22:06 | BAR | USDCAD | close=1.38064 h4ema200=1.36878 h4slope=UP dailyEMA200=1.38062 adx=43.0 ema50=1.37918 distToEMA50=14.6pips touchSeq=0 atr=0.000749 atrRatio=1.191 dir=LONG spread=24.0 spreadOK=YES atrGate=PASS touch=FAIL momCandle=momClosePos=0.341 momOk=N ema50Ok=Y barRange=0.000440 zeroRangeBar=NO trigger=NO hasPos=NO portRisk=0.00% openPos=0 | 1.380640
LL	0	12:22:06.282	Cazyxio_v4.4 (EURUSD,M15)	2026.03.25 18:22:06 | GATE_FAIL | USDCAD | Touch/pullback gate FAIL. Price has not approached EMA50 within last 12 bars (within 0.60 ATR). DistToEMA50=14.6pips.
DD	0	12:22:52.255	Cazyxio_v4.4 (EURUSD,M15)	2026.03.25 18:22:52 | HEARTBEAT | SYSTEM | EA alive. Tick=64400 Equity=44972.40 OpenPos=0 PendingOrders=0 UTC=2026.03.25 18:22 DayOfWeek=3 WeekendCloseActive=NO NewTradeBlocked=NO | 64400.000000
GF	0	12:24:36.155	Cazyxio_v4.4 (EURUSD,M15)	2026.03.25 18:24:36 | HEARTBEAT | SYSTEM | EA alive. Tick=64500 Equity=44972.40 OpenPos=0 PendingOrders=0 UTC=2026.03.25 18:24 DayOfWeek=3 WeekendCloseActive=NO NewTradeBlocked=NO | 64500.000000
IP	0	12:26:37.706	Cazyxio_v4.4 (EURUSD,M15)	2026.03.25 18:26:37 | HEARTBEAT | SYSTEM | EA alive. Tick=64600 Equity=44972.40 OpenPos=0 PendingOrders=0 UTC=2026.03.25 18:26 DayOfWeek=3 WeekendCloseActive=NO NewTradeBlocked=NO | 64600.000000
QR	0	12:28:05.421	Cazyxio_v4.4 (EURUSD,M15)	2026.03.25 18:28:05 | HEARTBEAT | SYSTEM | EA alive. Tick=64700 Equity=44972.40 OpenPos=0 PendingOrders=0 UTC=2026.03.25 18:28 DayOfWeek=3 WeekendCloseActive=NO NewTradeBlocked=NO | 64700.000000
NL	0	12:29:13.928	Cazyxio_v4.4 (EURUSD,M15)	2026.03.25 18:29:13 | HEARTBEAT | SYSTEM | EA alive. Tick=64800 Equity=44972.40 OpenPos=0 PendingOrders=0 UTC=2026.03.25 18:29 DayOfWeek=3 WeekendCloseActive=NO NewTradeBlocked=NO | 64800.000000
FO	0	12:32:23.044	Cazyxio_v4.4 (EURUSD,M15)	2026.03.25 18:32:23 | GATE_FAIL | GBPUSD | CopyBuffer failed for Daily EMA200.
FI	0	12:34:43.438	Cazyxio_v4.4 (EURUSD,M15)	2026.03.25 18:34:43 | GATE_FAIL | EURUSD | CopyBuffer failed for Daily EMA200.
OI	0	12:37:03.786	Cazyxio_v4.4 (EURUSD,M15)	2026.03.25 18:37:03 | GATE_FAIL | USDJPY | CopyBuffer failed for Daily EMA200.
MH	0	12:37:03.787	Cazyxio_v4.4 (EURUSD,M15)	2026.03.25 18:37:03 | BAR | AUDUSD | close=0.69617 h4ema200=0.70202 h4slope=DOWN dailyEMA200=0.67289 adx=36.0 ema50=0.69648 distToEMA50=3.1pips touchSeq=12 atr=0.000789 atrRatio=0.863 dir=NONE spread=18.0 spreadOK=YES atrGate=PASS touch=FAIL momCandle= zeroRangeBar=NO trigger=NO hasPos=NO portRisk=0.00% openPos=0 | 0.696170
HI	0	12:37:03.787	Cazyxio_v4.4 (EURUSD,M15)	2026.03.25 18:37:03 | GATE_FAIL | AUDUSD | No directional bias. h4slope=DOWN closeNow=0.69617 h4ema200=0.70202 dailyEMA200=0.67289
LM	0	12:37:03.787	Cazyxio_v4.4 (EURUSD,M15)	2026.03.25 18:37:03 | BAR | GBPJPY | close=213.132 h4ema200=211.377 h4slope=UP dailyEMA200=205.357 adx=18.4 ema50=212.940 distToEMA50=19.2pips touchSeq=0 atr=0.111929 atrRatio=0.904 dir=LONG spread=40.0 spreadOK=NO atrGate=PASS touch=PASS momCandle=momClosePos=0.478 momOk=N ema50Ok=Y barRange=0.069000 zeroRangeBar=NO trigger=NO hasPos=NO portRisk=0.00% openPos=0 | 213.132000
QN	0	12:37:03.787	Cazyxio_v4.4 (EURUSD,M15)	2026.03.25 18:37:03 | GATE_FAIL | GBPJPY | Spread too wide. Spread=40.0 Max=30 points.
KF	0	12:37:03.787	Cazyxio_v4.4 (EURUSD,M15)	2026.03.25 18:37:03 | BAR | USDCAD | close=1.38088 h4ema200=1.36879 h4slope=UP dailyEMA200=1.38063 adx=43.2 ema50=1.37927 distToEMA50=16.1pips touchSeq=0 atr=0.000721 atrRatio=1.151 dir=LONG spread=25.0 spreadOK=YES atrGate=PASS touch=FAIL momCandle=momClosePos=0.975 momOk=Y ema50Ok=Y barRange=0.000400 zeroRangeBar=NO trigger=YES hasPos=NO portRisk=0.00% openPos=0 | 1.380880
MI	0	12:37:03.787	Cazyxio_v4.4 (EURUSD,M15)	2026.03.25 18:37:03 | GATE_FAIL | USDCAD | Touch/pullback gate FAIL. Price has not approached EMA50 within last 12 bars (within 0.60 ATR). DistToEMA50=16.1pips.
JP	0	12:38:07.515	Cazyxio_v4.4 (EURUSD,M15)	2026.03.25 18:38:07 | HEARTBEAT | SYSTEM | EA alive. Tick=64900 Equity=44972.40 OpenPos=0 PendingOrders=0 UTC=2026.03.25 18:38 DayOfWeek=3 WeekendCloseActive=NO NewTradeBlocked=NO | 64900.000000
GR	0	12:39:57.223	Cazyxio_v4.4 (EURUSD,M15)	2026.03.25 18:39:57 | HEARTBEAT | SYSTEM | EA alive. Tick=65000 Equity=44972.40 OpenPos=0 PendingOrders=0 UTC=2026.03.25 18:39 DayOfWeek=3 WeekendCloseActive=NO NewTradeBlocked=NO | 65000.000000
KL	0	12:41:20.154	Cazyxio_v4.4 (EURUSD,M15)	2026.03.25 18:41:20 | HEARTBEAT | SYSTEM | EA alive. Tick=65100 Equity=44972.40 OpenPos=0 PendingOrders=0 UTC=2026.03.25 18:41 DayOfWeek=3 WeekendCloseActive=NO NewTradeBlocked=NO | 65100.000000
QN	0	12:42:32.410	Cazyxio_v4.4 (EURUSD,M15)	2026.03.25 18:42:32 | HEARTBEAT | SYSTEM | EA alive. Tick=65200 Equity=44972.40 OpenPos=0 PendingOrders=0 UTC=2026.03.25 18:42 DayOfWeek=3 WeekendCloseActive=NO NewTradeBlocked=NO | 65200.000000
RH	0	12:43:51.050	Cazyxio_v4.4 (EURUSD,M15)	2026.03.25 18:43:51 | HEARTBEAT | SYSTEM | EA alive. Tick=65300 Equity=44972.40 OpenPos=0 PendingOrders=0 UTC=2026.03.25 18:43 DayOfWeek=3 WeekendCloseActive=NO NewTradeBlocked=NO | 65300.000000
MJ	0	12:47:22.642	Cazyxio_v4.4 (EURUSD,M15)	2026.03.25 18:47:22 | GATE_FAIL | EURUSD | CopyBuffer failed for Daily EMA200.
IJ	0	12:49:43.072	Cazyxio_v4.4 (EURUSD,M15)	2026.03.25 18:49:43 | GATE_FAIL | USDJPY | CopyBuffer failed for Daily EMA200.
JG	0	12:49:43.072	Cazyxio_v4.4 (EURUSD,M15)	2026.03.25 18:49:43 | BAR | AUDUSD | close=0.69545 h4ema200=0.70201 h4slope=DOWN dailyEMA200=0.67288 adx=36.0 ema50=0.69642 distToEMA50=9.7pips touchSeq=0 atr=0.000724 atrRatio=0.797 dir=NONE spread=19.0 spreadOK=YES atrGate=FAIL touch=FAIL momCandle= zeroRangeBar=NO trigger=NO hasPos=NO portRisk=0.00% openPos=0 | 0.695450
EG	0	12:49:43.072	Cazyxio_v4.4 (EURUSD,M15)	2026.03.25 18:49:43 | GATE_FAIL | AUDUSD | No directional bias. h4slope=DOWN closeNow=0.69545 h4ema200=0.70201 dailyEMA200=0.67288
OO	0	12:49:43.072	Cazyxio_v4.4 (EURUSD,M15)	2026.03.25 18:49:43 | BAR | GBPJPY | close=213.059 h4ema200=211.376 h4slope=UP dailyEMA200=205.357 adx=18.4 ema50=212.944 distToEMA50=11.5pips touchSeq=1 atr=0.106429 atrRatio=0.863 dir=LONG spread=38.0 spreadOK=NO atrGate=PASS touch=PASS momCandle=momClosePos=0.282 momOk=N ema50Ok=Y barRange=0.124000 zeroRangeBar=NO trigger=NO hasPos=NO portRisk=0.00% openPos=0 | 213.059000
CL	0	12:49:43.072	Cazyxio_v4.4 (EURUSD,M15)	2026.03.25 18:49:43 | GATE_FAIL | GBPJPY | Spread too wide. Spread=38.0 Max=30 points.
IN	0	12:49:43.073	Cazyxio_v4.4 (EURUSD,M15)	2026.03.25 18:49:43 | BAR | USDCAD | close=1.38102 h4ema200=1.36879 h4slope=UP dailyEMA200=1.38063 adx=43.5 ema50=1.37934 distToEMA50=16.8pips touchSeq=0 atr=0.000694 atrRatio=1.112 dir=LONG spread=23.0 spreadOK=YES atrGate=PASS touch=FAIL momCandle=momClosePos=0.484 momOk=N ema50Ok=Y barRange=0.000640 zeroRangeBar=NO trigger=NO hasPos=NO portRisk=0.00% openPos=0 | 1.381020
LF	0	12:49:43.073	Cazyxio_v4.4 (EURUSD,M15)	2026.03.25 18:49:43 | GATE_FAIL | USDCAD | Touch/pullback gate FAIL. Price has not approached EMA50 within last 12 bars (within 0.60 ATR). DistToEMA50=16.8pips.
HS	0	12:52:03.547	Cazyxio_v4.4 (EURUSD,M15)	2026.03.25 18:52:03 | GATE_FAIL | GBPUSD | CopyBuffer failed for Daily EMA200.
HM	0	12:52:28.687	Cazyxio_v4.4 (EURUSD,M15)	2026.03.25 18:52:28 | HEARTBEAT | SYSTEM | EA alive. Tick=65400 Equity=44972.40 OpenPos=0 PendingOrders=0 UTC=2026.03.25 18:52 DayOfWeek=3 WeekendCloseActive=NO NewTradeBlocked=NO | 65400.000000
HO	0	12:54:10.690	Cazyxio_v4.4 (EURUSD,M15)	2026.03.25 18:54:10 | HEARTBEAT | SYSTEM | EA alive. Tick=65500 Equity=44972.40 OpenPos=0 PendingOrders=0 UTC=2026.03.25 18:54 DayOfWeek=3 WeekendCloseActive=NO NewTradeBlocked=NO | 65500.000000
QI	0	12:55:27.746	Cazyxio_v4.4 (EURUSD,M15)	2026.03.25 18:55:27 | HEARTBEAT | SYSTEM | EA alive. Tick=65600 Equity=44972.40 OpenPos=0 PendingOrders=0 UTC=2026.03.25 18:55 DayOfWeek=3 WeekendCloseActive=NO NewTradeBlocked=NO | 65600.000000
CK	0	12:55:59.029	Cazyxio_v4.4 (EURUSD,M15)	2026.03.25 18:55:59 | HEARTBEAT | SYSTEM | EA alive. Tick=65700 Equity=44972.40 OpenPos=0 PendingOrders=0 UTC=2026.03.25 18:55 DayOfWeek=3 WeekendCloseActive=NO NewTradeBlocked=NO | 65700.000000
NE	0	12:56:34.524	Cazyxio_v4.4 (EURUSD,M15)	2026.03.25 18:56:34 | HEARTBEAT | SYSTEM | EA alive. Tick=65800 Equity=44972.40 OpenPos=0 PendingOrders=0 UTC=2026.03.25 18:56 DayOfWeek=3 WeekendCloseActive=NO NewTradeBlocked=NO | 65800.000000
KG	0	12:57:11.331	Cazyxio_v4.4 (EURUSD,M15)	2026.03.25 18:57:11 | HEARTBEAT | SYSTEM | EA alive. Tick=65900 Equity=44972.40 OpenPos=0 PendingOrders=0 UTC=2026.03.25 18:57 DayOfWeek=3 WeekendCloseActive=NO NewTradeBlocked=NO | 65900.000000
NQ	0	12:57:56.839	Cazyxio_v4.4 (EURUSD,M15)	2026.03.25 18:57:56 | HEARTBEAT | SYSTEM | EA alive. Tick=66000 Equity=44972.40 OpenPos=0 PendingOrders=0 UTC=2026.03.25 18:57 DayOfWeek=3 WeekendCloseActive=NO NewTradeBlocked=NO | 66000.000000
IS	0	12:58:45.606	Cazyxio_v4.4 (EURUSD,M15)	2026.03.25 18:58:45 | HEARTBEAT | SYSTEM | EA alive. Tick=66100 Equity=44972.40 OpenPos=0 PendingOrders=0 UTC=2026.03.25 18:58 DayOfWeek=3 WeekendCloseActive=NO NewTradeBlocked=NO | 66100.000000
NM	0	12:59:35.972	Cazyxio_v4.4 (EURUSD,M15)	2026.03.25 18:59:35 | HEARTBEAT | SYSTEM | EA alive. Tick=66200 Equity=44972.40 OpenPos=0 PendingOrders=0 UTC=2026.03.25 18:59 DayOfWeek=3 WeekendCloseActive=NO NewTradeBlocked=NO | 66200.000000
OO	0	13:02:22.642	Cazyxio_v4.4 (EURUSD,M15)	2026.03.25 19:02:22 | GATE_FAIL | EURUSD | CopyBuffer failed for Daily EMA200.
OO	0	13:04:43.009	Cazyxio_v4.4 (EURUSD,M15)	2026.03.25 19:04:43 | GATE_FAIL | USDJPY | CopyBuffer failed for Daily EMA200.
DN	0	13:04:43.009	Cazyxio_v4.4 (EURUSD,M15)	2026.03.25 19:04:43 | BAR | AUDUSD | close=0.69508 h4ema200=0.70200 h4slope=DOWN dailyEMA200=0.67288 adx=36.0 ema50=0.69635 distToEMA50=12.7pips touchSeq=0 atr=0.000737 atrRatio=0.817 dir=NONE spread=18.0 spreadOK=YES atrGate=PASS touch=FAIL momCandle= zeroRangeBar=NO trigger=NO hasPos=NO portRisk=0.00% openPos=0 | 0.695080
MK	0	13:04:43.009	Cazyxio_v4.4 (EURUSD,M15)	2026.03.25 19:04:43 | GATE_FAIL | AUDUSD | No directional bias. h4slope=DOWN closeNow=0.69508 h4ema200=0.70200 dailyEMA200=0.67288
NN	0	13:04:43.009	Cazyxio_v4.4 (EURUSD,M15)	2026.03.25 19:04:43 | BAR | GBPJPY | close=213.058 h4ema200=211.377 h4slope=UP dailyEMA200=205.357 adx=18.4 ema50=212.949 distToEMA50=10.9pips touchSeq=2 atr=0.102714 atrRatio=0.835 dir=LONG spread=39.0 spreadOK=NO atrGate=PASS touch=PASS momCandle=momClosePos=0.713 momOk=Y ema50Ok=Y barRange=0.094000 zeroRangeBar=NO trigger=YES hasPos=NO portRisk=0.00% openPos=0 | 213.058000
FH	0	13:04:43.009	Cazyxio_v4.4 (EURUSD,M15)	2026.03.25 19:04:43 | GATE_FAIL | GBPJPY | Spread too wide. Spread=39.0 Max=30 points.
GI	0	13:04:43.009	Cazyxio_v4.4 (EURUSD,M15)	2026.03.25 19:04:43 | BAR | USDCAD | close=1.38099 h4ema200=1.36879 h4slope=UP dailyEMA200=1.38063 adx=43.6 ema50=1.37941 distToEMA50=15.8pips touchSeq=0 atr=0.000663 atrRatio=1.066 dir=LONG spread=24.0 spreadOK=YES atrGate=PASS touch=FAIL momCandle=momClosePos=0.200 momOk=N ema50Ok=Y barRange=0.000600 zeroRangeBar=NO trigger=NO hasPos=NO portRisk=0.00% openPos=0 | 1.380990
DK	0	13:04:43.009	Cazyxio_v4.4 (EURUSD,M15)	2026.03.25 19:04:43 | GATE_FAIL | USDCAD | Touch/pullback gate FAIL. Price has not approached EMA50 within last 12 bars (within 0.60 ATR). DistToEMA50=15.8pips.
PG	0	13:07:04.716	Cazyxio_v4.4 (EURUSD,M15)	2026.03.25 19:07:04 | GATE_FAIL | GBPUSD | CopyBuffer failed for Daily EMA200.
PF	0	13:07:41.970	Cazyxio_v4.4 (EURUSD,M15)	2026.03.25 19:07:41 | HEARTBEAT | SYSTEM | EA alive. Tick=66300 Equity=44972.40 OpenPos=0 PendingOrders=0 UTC=2026.03.25 19:07 DayOfWeek=3 WeekendCloseActive=NO NewTradeBlocked=NO | 66300.000000
KP	0	13:09:00.720	Cazyxio_v4.4 (EURUSD,M15)	2026.03.25 19:09:00 | HEARTBEAT | SYSTEM | EA alive. Tick=66400 Equity=44972.40 OpenPos=0 PendingOrders=0 UTC=2026.03.25 19:09 DayOfWeek=3 WeekendCloseActive=NO NewTradeBlocked=NO | 66400.000000
LR	0	13:10:25.873	Cazyxio_v4.4 (EURUSD,M15)	2026.03.25 19:10:25 | HEARTBEAT | SYSTEM | EA alive. Tick=66500 Equity=44972.40 OpenPos=0 PendingOrders=0 UTC=2026.03.25 19:10 DayOfWeek=3 WeekendCloseActive=NO NewTradeBlocked=NO | 66500.000000
GL	0	13:11:37.312	Cazyxio_v4.4 (EURUSD,M15)	2026.03.25 19:11:37 | HEARTBEAT | SYSTEM | EA alive. Tick=66600 Equity=44972.40 OpenPos=0 PendingOrders=0 UTC=2026.03.25 19:11 DayOfWeek=3 WeekendCloseActive=NO NewTradeBlocked=NO | 66600.000000
EN	0	13:12:55.603	Cazyxio_v4.4 (EURUSD,M15)	2026.03.25 19:12:55 | HEARTBEAT | SYSTEM | EA alive. Tick=66700 Equity=44972.40 OpenPos=0 PendingOrders=0 UTC=2026.03.25 19:12 DayOfWeek=3 WeekendCloseActive=NO NewTradeBlocked=NO | 66700.000000
EH	0	13:14:04.245	Cazyxio_v4.4 (EURUSD,M15)	2026.03.25 19:14:04 | HEARTBEAT | SYSTEM | EA alive. Tick=66800 Equity=44972.40 OpenPos=0 PendingOrders=0 UTC=2026.03.25 19:14 DayOfWeek=3 WeekendCloseActive=NO NewTradeBlocked=NO | 66800.000000
GJ	0	13:17:22.886	Cazyxio_v4.4 (EURUSD,M15)	2026.03.25 19:17:22 | GATE_FAIL | EURUSD | CopyBuffer failed for Daily EMA200.
FE	0	13:19:43.228	Cazyxio_v4.4 (EURUSD,M15)	2026.03.25 19:19:43 | GATE_FAIL | USDJPY | CopyBuffer failed for Daily EMA200.
RE	0	13:19:43.228	Cazyxio_v4.4 (EURUSD,M15)	2026.03.25 19:19:43 | BAR | AUDUSD | close=0.69467 h4ema200=0.70201 h4slope=DOWN dailyEMA200=0.67288 adx=36.0 ema50=0.69629 distToEMA50=16.2pips touchSeq=0 atr=0.000725 atrRatio=0.808 dir=NONE spread=19.0 spreadOK=YES atrGate=PASS touch=FAIL momCandle= zeroRangeBar=NO trigger=NO hasPos=NO portRisk=0.00% openPos=0 | 0.694670
CD	0	13:19:43.228	Cazyxio_v4.4 (EURUSD,M15)	2026.03.25 19:19:43 | GATE_FAIL | AUDUSD | No directional bias. h4slope=DOWN closeNow=0.69467 h4ema200=0.70201 dailyEMA200=0.67288
QD	0	13:19:43.228	Cazyxio_v4.4 (EURUSD,M15)	2026.03.25 19:19:43 | BAR | GBPJPY | close=213.082 h4ema200=211.377 h4slope=UP dailyEMA200=205.357 adx=18.4 ema50=212.955 distToEMA50=12.7pips touchSeq=0 atr=0.089857 atrRatio=0.733 dir=LONG spread=39.0 spreadOK=NO atrGate=FAIL touch=PASS momCandle=momClosePos=0.815 momOk=Y ema50Ok=Y barRange=0.054000 zeroRangeBar=NO trigger=YES hasPos=NO portRisk=0.00% openPos=0 | 213.082000
CM	0	13:19:43.228	Cazyxio_v4.4 (EURUSD,M15)	2026.03.25 19:19:43 | GATE_FAIL | GBPJPY | Spread too wide. Spread=39.0 Max=30 points.
JS	0	13:19:43.228	Cazyxio_v4.4 (EURUSD,M15)	2026.03.25 19:19:43 | BAR | USDCAD | close=1.38154 h4ema200=1.36879 h4slope=UP dailyEMA200=1.38063 adx=43.7 ema50=1.37949 distToEMA50=20.5pips touchSeq=0 atr=0.000648 atrRatio=1.045 dir=LONG spread=23.0 spreadOK=YES atrGate=PASS touch=FAIL momCandle=momClosePos=0.789 momOk=Y ema50Ok=Y barRange=0.000710 zeroRangeBar=NO trigger=YES hasPos=NO portRisk=0.00% openPos=0 | 1.381540
NF	0	13:19:43.228	Cazyxio_v4.4 (EURUSD,M15)	2026.03.25 19:19:43 | GATE_FAIL | USDCAD | Touch/pullback gate FAIL. Price has not approached EMA50 within last 12 bars (within 0.60 ATR). DistToEMA50=20.5pips.
LL	0	13:22:03.721	Cazyxio_v4.4 (EURUSD,M15)	2026.03.25 19:22:03 | GATE_FAIL | GBPUSD | CopyBuffer failed for Daily EMA200.
MM	0	13:22:23.529	Cazyxio_v4.4 (EURUSD,M15)	2026.03.25 19:22:23 | HEARTBEAT | SYSTEM | EA alive. Tick=66900 Equity=44972.40 OpenPos=0 PendingOrders=0 UTC=2026.03.25 19:22 DayOfWeek=3 WeekendCloseActive=NO NewTradeBlocked=NO | 66900.000000
JO	0	13:24:10.324	Cazyxio_v4.4 (EURUSD,M15)	2026.03.25 19:24:10 | HEARTBEAT | SYSTEM | EA alive. Tick=67000 Equity=44972.40 OpenPos=0 PendingOrders=0 UTC=2026.03.25 19:24 DayOfWeek=3 WeekendCloseActive=NO NewTradeBlocked=NO | 67000.000000
II	0	13:25:30.764	Cazyxio_v4.4 (EURUSD,M15)	2026.03.25 19:25:30 | HEARTBEAT | SYSTEM | EA alive. Tick=67100 Equity=44972.40 OpenPos=0 PendingOrders=0 UTC=2026.03.25 19:25 DayOfWeek=3 WeekendCloseActive=NO NewTradeBlocked=NO | 67100.000000
IK	0	13:27:06.421	Cazyxio_v4.4 (EURUSD,M15)	2026.03.25 19:27:06 | HEARTBEAT | SYSTEM | EA alive. Tick=67200 Equity=44972.40 OpenPos=0 PendingOrders=0 UTC=2026.03.25 19:27 DayOfWeek=3 WeekendCloseActive=NO NewTradeBlocked=NO | 67200.000000
LE	0	13:28:42.447	Cazyxio_v4.4 (EURUSD,M15)	2026.03.25 19:28:42 | HEARTBEAT | SYSTEM | EA alive. Tick=67300 Equity=44972.40 OpenPos=0 PendingOrders=0 UTC=2026.03.25 19:28 DayOfWeek=3 WeekendCloseActive=NO NewTradeBlocked=NO | 67300.000000
DG	0	13:29:56.842	Cazyxio_v4.4 (EURUSD,M15)	2026.03.25 19:29:56 | HEARTBEAT | SYSTEM | EA alive. Tick=67400 Equity=44972.40 OpenPos=0 PendingOrders=0 UTC=2026.03.25 19:29 DayOfWeek=3 WeekendCloseActive=NO NewTradeBlocked=NO | 67400.000000
QQ	0	13:32:22.738	Cazyxio_v4.4 (EURUSD,M15)	2026.03.25 19:32:22 | GATE_FAIL | EURUSD | CopyBuffer failed for Daily EMA200.
HP	0	13:34:43.086	Cazyxio_v4.4 (EURUSD,M15)	2026.03.25 19:34:43 | GATE_FAIL | USDJPY | CopyBuffer failed for Daily EMA200.
GQ	0	13:34:43.086	Cazyxio_v4.4 (EURUSD,M15)	2026.03.25 19:34:43 | BAR | AUDUSD | close=0.69480 h4ema200=0.70200 h4slope=DOWN dailyEMA200=0.67287 adx=36.0 ema50=0.69622 distToEMA50=14.2pips touchSeq=0 atr=0.000689 atrRatio=0.772 dir=NONE spread=15.0 spreadOK=YES atrGate=FAIL touch=FAIL momCandle= zeroRangeBar=NO trigger=NO hasPos=NO portRisk=0.00% openPos=0 | 0.694800
DQ	0	13:34:43.086	Cazyxio_v4.4 (EURUSD,M15)	2026.03.25 19:34:43 | GATE_FAIL | AUDUSD | No directional bias. h4slope=DOWN closeNow=0.69480 h4ema200=0.70200 dailyEMA200=0.67287
CH	0	13:34:43.086	Cazyxio_v4.4 (EURUSD,M15)	2026.03.25 19:34:43 | BAR | GBPJPY | close=213.103 h4ema200=211.377 h4slope=UP dailyEMA200=205.357 adx=18.4 ema50=212.961 distToEMA50=14.2pips touchSeq=0 atr=0.082929 atrRatio=0.679 dir=LONG spread=36.0 spreadOK=NO atrGate=FAIL touch=FAIL momCandle=momClosePos=0.757 momOk=Y ema50Ok=Y barRange=0.037000 zeroRangeBar=NO trigger=YES hasPos=NO portRisk=0.00% openPos=0 | 213.103000
LF	0	13:34:43.086	Cazyxio_v4.4 (EURUSD,M15)	2026.03.25 19:34:43 | GATE_FAIL | GBPJPY | Spread too wide. Spread=36.0 Max=30 points.
DN	0	13:34:43.086	Cazyxio_v4.4 (EURUSD,M15)	2026.03.25 19:34:43 | BAR | USDCAD | close=1.38165 h4ema200=1.36880 h4slope=UP dailyEMA200=1.38063 adx=43.8 ema50=1.37960 distToEMA50=20.5pips touchSeq=0 atr=0.000604 atrRatio=0.978 dir=LONG spread=22.0 spreadOK=YES atrGate=PASS touch=FAIL momCandle=momClosePos=0.930 momOk=Y ema50Ok=Y barRange=0.000430 zeroRangeBar=NO trigger=YES hasPos=NO portRisk=0.00% openPos=0 | 1.381650
PQ	0	13:34:43.086	Cazyxio_v4.4 (EURUSD,M15)	2026.03.25 19:34:43 | GATE_FAIL | USDCAD | Touch/pullback gate FAIL. Price has not approached EMA50 within last 12 bars (within 0.60 ATR). DistToEMA50=20.5pips.
RI	0	13:37:04.020	Cazyxio_v4.4 (EURUSD,M15)	2026.03.25 19:37:04 | GATE_FAIL | GBPUSD | CopyBuffer failed for Daily EMA200.
CH	0	13:38:13.087	Cazyxio_v4.4 (EURUSD,M15)	2026.03.25 19:38:13 | HEARTBEAT | SYSTEM | EA alive. Tick=67500 Equity=44972.40 OpenPos=0 PendingOrders=0 UTC=2026.03.25 19:38 DayOfWeek=3 WeekendCloseActive=NO NewTradeBlocked=NO | 67500.000000
QJ	0	13:39:42.356	Cazyxio_v4.4 (EURUSD,M15)	2026.03.25 19:39:42 | HEARTBEAT | SYSTEM | EA alive. Tick=67600 Equity=44972.40 OpenPos=0 PendingOrders=0 UTC=2026.03.25 19:39 DayOfWeek=3 WeekendCloseActive=NO NewTradeBlocked=NO | 67600.000000
ED	0	13:41:30.892	Cazyxio_v4.4 (EURUSD,M15)	2026.03.25 19:41:30 | HEARTBEAT | SYSTEM | EA alive. Tick=67700 Equity=44972.40 OpenPos=0 PendingOrders=0 UTC=2026.03.25 19:41 DayOfWeek=3 WeekendCloseActive=NO NewTradeBlocked=NO | 67700.000000
JF	0	13:42:42.533	Cazyxio_v4.4 (EURUSD,M15)	2026.03.25 19:42:42 | HEARTBEAT | SYSTEM | EA alive. Tick=67800 Equity=44972.40 OpenPos=0 PendingOrders=0 UTC=2026.03.25 19:42 DayOfWeek=3 WeekendCloseActive=NO NewTradeBlocked=NO | 67800.000000
LP	0	13:43:54.486	Cazyxio_v4.4 (EURUSD,M15)	2026.03.25 19:43:54 | HEARTBEAT | SYSTEM | EA alive. Tick=67900 Equity=44972.40 OpenPos=0 PendingOrders=0 UTC=2026.03.25 19:43 DayOfWeek=3 WeekendCloseActive=NO NewTradeBlocked=NO | 67900.000000
OS	0	13:47:22.797	Cazyxio_v4.4 (EURUSD,M15)	2026.03.25 19:47:22 | GATE_FAIL | GBPUSD | CopyBuffer failed for Daily EMA200.
QM	0	13:49:43.136	Cazyxio_v4.4 (EURUSD,M15)	2026.03.25 19:49:43 | GATE_FAIL | EURUSD | CopyBuffer failed for Daily EMA200.
RM	0	13:52:03.491	Cazyxio_v4.4 (EURUSD,M15)	2026.03.25 19:52:03 | GATE_FAIL | USDJPY | CopyBuffer failed for Daily EMA200.
EM	0	13:52:03.491	Cazyxio_v4.4 (EURUSD,M15)	2026.03.25 19:52:03 | BAR | AUDUSD | close=0.69470 h4ema200=0.70200 h4slope=DOWN dailyEMA200=0.67288 adx=36.0 ema50=0.69616 distToEMA50=14.6pips touchSeq=0 atr=0.000618 atrRatio=0.697 dir=NONE spread=17.0 spreadOK=YES atrGate=FAIL touch=FAIL momCandle= zeroRangeBar=NO trigger=NO hasPos=NO portRisk=0.00% openPos=0 | 0.694700
NL	0	13:52:03.491	Cazyxio_v4.4 (EURUSD,M15)	2026.03.25 19:52:03 | GATE_FAIL | AUDUSD | No directional bias. h4slope=DOWN closeNow=0.69470 h4ema200=0.70200 dailyEMA200=0.67288
DM	0	13:52:03.491	Cazyxio_v4.4 (EURUSD,M15)	2026.03.25 19:52:03 | BAR | GBPJPY | close=213.111 h4ema200=211.377 h4slope=UP dailyEMA200=205.357 adx=18.4 ema50=212.968 distToEMA50=14.3pips touchSeq=0 atr=0.077571 atrRatio=0.637 dir=LONG spread=36.0 spreadOK=NO atrGate=FAIL touch=FAIL momCandle=momClosePos=0.721 momOk=Y ema50Ok=Y barRange=0.043000 zeroRangeBar=NO trigger=YES hasPos=NO portRisk=0.00% openPos=0 | 213.111000
FE	0	13:52:03.491	Cazyxio_v4.4 (EURUSD,M15)	2026.03.25 19:52:03 | GATE_FAIL | GBPJPY | Spread too wide. Spread=36.0 Max=30 points.
IG	0	13:52:03.491	Cazyxio_v4.4 (EURUSD,M15)	2026.03.25 19:52:03 | BAR | USDCAD | close=1.38134 h4ema200=1.36879 h4slope=UP dailyEMA200=1.38063 adx=43.8 ema50=1.37966 distToEMA50=16.8pips touchSeq=0 atr=0.000553 atrRatio=0.899 dir=LONG spread=22.0 spreadOK=YES atrGate=PASS touch=FAIL momCandle=momClosePos=0.019 momOk=N ema50Ok=Y barRange=0.000530 zeroRangeBar=NO trigger=NO hasPos=NO portRisk=0.00% openPos=0 | 1.381340
PM	0	13:52:03.491	Cazyxio_v4.4 (EURUSD,M15)	2026.03.25 19:52:03 | GATE_FAIL | USDCAD | Touch/pullback gate FAIL. Price has not approached EMA50 within last 12 bars (within 0.60 ATR). DistToEMA50=16.8pips.
OE	0	13:53:02.509	Cazyxio_v4.4 (EURUSD,M15)	2026.03.25 19:53:02 | HEARTBEAT | SYSTEM | EA alive. Tick=68000 Equity=44972.40 OpenPos=0 PendingOrders=0 UTC=2026.03.25 19:53 DayOfWeek=3 WeekendCloseActive=NO NewTradeBlocked=NO | 68000.000000
CG	0	13:54:48.304	Cazyxio_v4.4 (EURUSD,M15)	2026.03.25 19:54:48 | HEARTBEAT | SYSTEM | EA alive. Tick=68100 Equity=44972.40 OpenPos=0 PendingOrders=0 UTC=2026.03.25 19:54 DayOfWeek=3 WeekendCloseActive=NO NewTradeBlocked=NO | 68100.000000
CQ	0	13:56:01.162	Cazyxio_v4.4 (EURUSD,M15)	2026.03.25 19:56:01 | HEARTBEAT | SYSTEM | EA alive. Tick=68200 Equity=44972.40 OpenPos=0 PendingOrders=0 UTC=2026.03.25 19:56 DayOfWeek=3 WeekendCloseActive=NO NewTradeBlocked=NO | 68200.000000
KS	0	13:56:55.580	Cazyxio_v4.4 (EURUSD,M15)	2026.03.25 19:56:55 | HEARTBEAT | SYSTEM | EA alive. Tick=68300 Equity=44972.40 OpenPos=0 PendingOrders=0 UTC=2026.03.25 19:56 DayOfWeek=3 WeekendCloseActive=NO NewTradeBlocked=NO | 68300.000000
LM	0	13:57:52.397	Cazyxio_v4.4 (EURUSD,M15)	2026.03.25 19:57:52 | HEARTBEAT | SYSTEM | EA alive. Tick=68400 Equity=44972.40 OpenPos=0 PendingOrders=0 UTC=2026.03.25 19:57 DayOfWeek=3 WeekendCloseActive=NO NewTradeBlocked=NO | 68400.000000
EO	0	13:58:47.867	Cazyxio_v4.4 (EURUSD,M15)	2026.03.25 19:58:47 | HEARTBEAT | SYSTEM | EA alive. Tick=68500 Equity=44972.40 OpenPos=0 PendingOrders=0 UTC=2026.03.25 19:58 DayOfWeek=3 WeekendCloseActive=NO NewTradeBlocked=NO | 68500.000000
KI	0	13:59:36.046	Cazyxio_v4.4 (EURUSD,M15)	2026.03.25 19:59:36 | HEARTBEAT | SYSTEM | EA alive. Tick=68600 Equity=44972.40 OpenPos=0 PendingOrders=0 UTC=2026.03.25 19:59 DayOfWeek=3 WeekendCloseActive=NO NewTradeBlocked=NO | 68600.000000
QK	0	14:02:22.650	Cazyxio_v4.4 (EURUSD,M15)	2026.03.25 20:02:22 | GATE_FAIL | EURUSD | CopyBuffer failed for Daily EMA200.
PJ	0	14:04:43.018	Cazyxio_v4.4 (EURUSD,M15)	2026.03.25 20:04:43 | GATE_FAIL | USDJPY | CopyBuffer failed for Daily EMA200.
RK	0	14:04:43.018	Cazyxio_v4.4 (EURUSD,M15)	2026.03.25 20:04:43 | BAR | AUDUSD | close=0.69481 h4ema200=0.70200 h4slope=DOWN dailyEMA200=0.67288 adx=36.0 ema50=0.69611 distToEMA50=13.0pips touchSeq=0 atr=0.000592 atrRatio=0.672 dir=NONE spread=14.0 spreadOK=YES atrGate=FAIL touch=FAIL momCandle= zeroRangeBar=NO trigger=NO hasPos=NO portRisk=0.00% openPos=0 | 0.694810
FG	0	14:04:43.018	Cazyxio_v4.4 (EURUSD,M15)	2026.03.25 20:04:43 | GATE_FAIL | AUDUSD | No directional bias. h4slope=DOWN closeNow=0.69481 h4ema200=0.70200 dailyEMA200=0.67288
KO	0	14:04:43.018	Cazyxio_v4.4 (EURUSD,M15)	2026.03.25 20:04:43 | BAR | GBPJPY | close=213.118 h4ema200=211.377 h4slope=UP dailyEMA200=205.357 adx=18.4 ema50=212.974 distToEMA50=14.4pips touchSeq=0 atr=0.072357 atrRatio=0.597 dir=LONG spread=32.0 spreadOK=NO atrGate=FAIL touch=FAIL momCandle=momClosePos=0.600 momOk=N ema50Ok=Y barRange=0.065000 zeroRangeBar=NO trigger=NO hasPos=NO portRisk=0.00% openPos=0 | 213.118000
FL	0	14:04:43.018	Cazyxio_v4.4 (EURUSD,M15)	2026.03.25 20:04:43 | GATE_FAIL | GBPJPY | Spread too wide. Spread=32.0 Max=30 points.
DP	0	14:04:43.018	Cazyxio_v4.4 (EURUSD,M15)	2026.03.25 20:04:43 | BAR | USDCAD | close=1.38152 h4ema200=1.36879 h4slope=UP dailyEMA200=1.38063 adx=43.8 ema50=1.37972 distToEMA50=18.0pips touchSeq=0 atr=0.000536 atrRatio=0.876 dir=LONG spread=23.0 spreadOK=YES atrGate=PASS touch=FAIL momCandle=momClosePos=0.733 momOk=Y ema50Ok=Y barRange=0.000300 zeroRangeBar=NO trigger=YES hasPos=NO portRisk=0.00% openPos=0 | 1.381520
HF	0	14:04:43.018	Cazyxio_v4.4 (EURUSD,M15)	2026.03.25 20:04:43 | GATE_FAIL | USDCAD | Touch/pullback gate FAIL. Price has not approached EMA50 within last 12 bars (within 0.60 ATR). DistToEMA50=18.0pips.
RS	0	14:07:15.913	Cazyxio_v4.4 (EURUSD,M15)	2026.03.25 20:07:15 | GATE_FAIL | GBPUSD | CopyBuffer failed for Daily EMA200.
ER	0	14:08:16.805	Cazyxio_v4.4 (EURUSD,M15)	2026.03.25 20:08:16 | HEARTBEAT | SYSTEM | EA alive. Tick=68700 Equity=44972.40 OpenPos=0 PendingOrders=0 UTC=2026.03.25 20:08 DayOfWeek=3 WeekendCloseActive=NO NewTradeBlocked=NO | 68700.000000
FL	0	14:11:38.316	Cazyxio_v4.4 (EURUSD,M15)	2026.03.25 20:11:38 | HEARTBEAT | SYSTEM | EA alive. Tick=68800 Equity=44972.40 OpenPos=0 PendingOrders=0 UTC=2026.03.25 20:11 DayOfWeek=3 WeekendCloseActive=NO NewTradeBlocked=NO | 68800.000000
FN	0	14:17:22.769	Cazyxio_v4.4 (EURUSD,M15)	2026.03.25 20:17:22 | GATE_FAIL | EURUSD | CopyBuffer failed for Daily EMA200.
CI	0	14:19:43.064	Cazyxio_v4.4 (EURUSD,M15)	2026.03.25 20:19:43 | GATE_FAIL | USDJPY | CopyBuffer failed for Daily EMA200.
RH	0	14:19:43.064	Cazyxio_v4.4 (EURUSD,M15)	2026.03.25 20:19:43 | BAR | AUDUSD | close=0.69480 h4ema200=0.70200 h4slope=DOWN dailyEMA200=0.67288 adx=36.0 ema50=0.69606 distToEMA50=12.6pips touchSeq=0 atr=0.000561 atrRatio=0.642 dir=NONE spread=17.0 spreadOK=YES atrGate=FAIL touch=FAIL momCandle= zeroRangeBar=NO trigger=NO hasPos=NO portRisk=0.00% openPos=0 | 0.694800
NH	0	14:19:43.064	Cazyxio_v4.4 (EURUSD,M15)	2026.03.25 20:19:43 | GATE_FAIL | AUDUSD | No directional bias. h4slope=DOWN closeNow=0.69480 h4ema200=0.70200 dailyEMA200=0.67288
FL	0	14:19:43.064	Cazyxio_v4.4 (EURUSD,M15)	2026.03.25 20:19:43 | BAR | GBPJPY | close=213.087 h4ema200=211.377 h4slope=UP dailyEMA200=205.357 adx=18.4 ema50=212.977 distToEMA50=11.0pips touchSeq=0 atr=0.067857 atrRatio=0.562 dir=LONG spread=35.0 spreadOK=NO atrGate=FAIL touch=FAIL momCandle=momClosePos=0.133 momOk=N ema50Ok=Y barRange=0.060000 zeroRangeBar=NO trigger=NO hasPos=NO portRisk=0.00% openPos=0 | 213.087000
DI	0	14:19:43.064	Cazyxio_v4.4 (EURUSD,M15)	2026.03.25 20:19:43 | GATE_FAIL | GBPJPY | Spread too wide. Spread=35.0 Max=30 points.
QK	0	14:19:43.064	Cazyxio_v4.4 (EURUSD,M15)	2026.03.25 20:19:43 | BAR | USDCAD | close=1.38124 h4ema200=1.36879 h4slope=UP dailyEMA200=1.38063 adx=43.8 ema50=1.37978 distToEMA50=14.6pips touchSeq=0 atr=0.000517 atrRatio=0.849 dir=LONG spread=22.0 spreadOK=YES atrGate=PASS touch=FAIL momCandle=momClosePos=0.382 momOk=N ema50Ok=Y barRange=0.000550 zeroRangeBar=NO trigger=NO hasPos=NO portRisk=0.00% openPos=0 | 1.381240
CI	0	14:19:43.064	Cazyxio_v4.4 (EURUSD,M15)	2026.03.25 20:19:43 | GATE_FAIL | USDCAD | Touch/pullback gate FAIL. Price has not approached EMA50 within last 12 bars (within 0.60 ATR). DistToEMA50=14.6pips.
MP	0	14:22:04.828	Cazyxio_v4.4 (EURUSD,M15)	2026.03.25 20:22:04 | GATE_FAIL | GBPUSD | CopyBuffer failed for Daily EMA200.
PP	0	14:22:25.969	Cazyxio_v4.4 (EURUSD,M15)	2026.03.25 20:22:25 | HEARTBEAT | SYSTEM | EA alive. Tick=68900 Equity=44972.40 OpenPos=0 PendingOrders=0 UTC=2026.03.25 20:22 DayOfWeek=3 WeekendCloseActive=NO NewTradeBlocked=NO | 68900.000000
RR	0	14:26:20.880	Cazyxio_v4.4 (EURUSD,M15)	2026.03.25 20:26:20 | HEARTBEAT | SYSTEM | EA alive. Tick=69000 Equity=44972.40 OpenPos=0 PendingOrders=0 UTC=2026.03.25 20:26 DayOfWeek=3 WeekendCloseActive=NO NewTradeBlocked=NO | 69000.000000
EL	0	14:29:50.200	Cazyxio_v4.4 (EURUSD,M15)	2026.03.25 20:29:50 | HEARTBEAT | SYSTEM | EA alive. Tick=69100 Equity=44972.40 OpenPos=0 PendingOrders=0 UTC=2026.03.25 20:29 DayOfWeek=3 WeekendCloseActive=NO NewTradeBlocked=NO | 69100.000000
EO	0	14:32:22.763	Cazyxio_v4.4 (EURUSD,M15)	2026.03.25 20:32:22 | GATE_FAIL | GBPUSD | CopyBuffer failed for Daily EMA200.
FN	0	14:34:43.149	Cazyxio_v4.4 (EURUSD,M15)	2026.03.25 20:34:43 | GATE_FAIL | EURUSD | CopyBuffer failed for Daily EMA200.
QI	0	14:37:03.484	Cazyxio_v4.4 (EURUSD,M15)	2026.03.25 20:37:03 | GATE_FAIL | USDJPY | CopyBuffer failed for Daily EMA200.
CH	0	14:37:03.484	Cazyxio_v4.4 (EURUSD,M15)	2026.03.25 20:37:03 | BAR | AUDUSD | close=0.69457 h4ema200=0.70200 h4slope=DOWN dailyEMA200=0.67287 adx=36.0 ema50=0.69599 distToEMA50=14.2pips touchSeq=0 atr=0.000546 atrRatio=0.628 dir=NONE spread=17.0 spreadOK=YES atrGate=FAIL touch=FAIL momCandle= zeroRangeBar=NO trigger=NO hasPos=NO portRisk=0.00% openPos=0 | 0.694570
CH	0	14:37:03.484	Cazyxio_v4.4 (EURUSD,M15)	2026.03.25 20:37:03 | GATE_FAIL | AUDUSD | No directional bias. h4slope=DOWN closeNow=0.69457 h4ema200=0.70200 dailyEMA200=0.67287
CO	0	14:37:03.484	Cazyxio_v4.4 (EURUSD,M15)	2026.03.25 20:37:03 | BAR | GBPJPY | close=213.054 h4ema200=211.376 h4slope=UP dailyEMA200=205.357 adx=18.4 ema50=212.978 distToEMA50=7.6pips touchSeq=1 atr=0.067500 atrRatio=0.561 dir=LONG spread=38.0 spreadOK=NO atrGate=FAIL touch=FAIL momCandle=momClosePos=0.229 momOk=N ema50Ok=Y barRange=0.048000 zeroRangeBar=NO trigger=NO hasPos=NO portRisk=0.00% openPos=0 | 213.054000
KI	0	14:37:03.484	Cazyxio_v4.4 (EURUSD,M15)	2026.03.25 20:37:03 | GATE_FAIL | GBPJPY | Spread too wide. Spread=38.0 Max=30 points.
QG	0	14:37:03.484	Cazyxio_v4.4 (EURUSD,M15)	2026.03.25 20:37:03 | BAR | USDCAD | close=1.38118 h4ema200=1.36879 h4slope=UP dailyEMA200=1.38063 adx=43.8 ema50=1.37982 distToEMA50=13.6pips touchSeq=0 atr=0.000542 atrRatio=0.893 dir=LONG spread=25.0 spreadOK=YES atrGate=PASS touch=FAIL momCandle=momClosePos=0.706 momOk=Y ema50Ok=Y barRange=0.000340 zeroRangeBar=NO trigger=YES hasPos=NO portRisk=0.00% openPos=0 | 1.381180
LI	0	14:37:03.484	Cazyxio_v4.4 (EURUSD,M15)	2026.03.25 20:37:03 | GATE_FAIL | USDCAD | Touch/pullback gate FAIL. Price has not approached EMA50 within last 12 bars (within 0.60 ATR). DistToEMA50=13.6pips.
QQ	0	14:40:30.063	Cazyxio_v4.4 (EURUSD,M15)	2026.03.25 20:40:30 | HEARTBEAT | SYSTEM | EA alive. Tick=69200 Equity=44972.40 OpenPos=0 PendingOrders=0 UTC=2026.03.25 20:40 DayOfWeek=3 WeekendCloseActive=NO NewTradeBlocked=NO | 69200.000000
NS	0	14:42:53.244	Cazyxio_v4.4 (EURUSD,M15)	2026.03.25 20:42:53 | HEARTBEAT | SYSTEM | EA alive. Tick=69300 Equity=44972.40 OpenPos=0 PendingOrders=0 UTC=2026.03.25 20:42 DayOfWeek=3 WeekendCloseActive=NO NewTradeBlocked=NO | 69300.000000
GM	0	14:47:22.689	Cazyxio_v4.4 (EURUSD,M15)	2026.03.25 20:47:22 | GATE_FAIL | EURUSD | CopyBuffer failed for Daily EMA200.
NM	0	14:49:43.122	Cazyxio_v4.4 (EURUSD,M15)	2026.03.25 20:49:43 | GATE_FAIL | USDJPY | CopyBuffer failed for Daily EMA200.
LM	0	14:49:43.122	Cazyxio_v4.4 (EURUSD,M15)	2026.03.25 20:49:43 | BAR | AUDUSD | close=0.69465 h4ema200=0.70200 h4slope=DOWN dailyEMA200=0.67287 adx=36.0 ema50=0.69594 distToEMA50=12.9pips touchSeq=0 atr=0.000504 atrRatio=0.584 dir=NONE spread=18.0 spreadOK=YES atrGate=FAIL touch=FAIL momCandle= zeroRangeBar=NO trigger=NO hasPos=NO portRisk=0.00% openPos=0 | 0.694650
GL	0	14:49:43.122	Cazyxio_v4.4 (EURUSD,M15)	2026.03.25 20:49:43 | GATE_FAIL | AUDUSD | No directional bias. h4slope=DOWN closeNow=0.69465 h4ema200=0.70200 dailyEMA200=0.67287
HS	0	14:49:43.122	Cazyxio_v4.4 (EURUSD,M15)	2026.03.25 20:49:43 | BAR | GBPJPY | close=213.045 h4ema200=211.376 h4slope=UP dailyEMA200=205.357 adx=18.4 ema50=212.981 distToEMA50=6.4pips touchSeq=2 atr=0.066357 atrRatio=0.553 dir=LONG spread=57.0 spreadOK=NO atrGate=FAIL touch=FAIL momCandle=momClosePos=0.581 momOk=N ema50Ok=Y barRange=0.031000 zeroRangeBar=NO trigger=NO hasPos=NO portRisk=0.00% openPos=0 | 213.045000
OJ	0	14:49:43.122	Cazyxio_v4.4 (EURUSD,M15)	2026.03.25 20:49:43 | GATE_FAIL | GBPJPY | Spread too wide. Spread=57.0 Max=30 points.
JE	0	14:49:43.122	Cazyxio_v4.4 (EURUSD,M15)	2026.03.25 20:49:43 | BAR | USDCAD | close=1.38058 h4ema200=1.36878 h4slope=UP dailyEMA200=1.38062 adx=43.8 ema50=1.37984 distToEMA50=7.4pips touchSeq=0 atr=0.000499 atrRatio=0.825 dir=NONE spread=35.0 spreadOK=NO atrGate=PASS touch=FAIL momCandle= zeroRangeBar=NO trigger=NO hasPos=NO portRisk=0.00% openPos=0 | 1.380580
OG	0	14:49:43.122	Cazyxio_v4.4 (EURUSD,M15)	2026.03.25 20:49:43 | GATE_FAIL | USDCAD | No directional bias. h4slope=UP closeNow=1.38058 h4ema200=1.36878 dailyEMA200=1.38062
CH	0	14:52:03.990	Cazyxio_v4.4 (EURUSD,M15)	2026.03.25 20:52:03 | GATE_FAIL | GBPUSD | CopyBuffer failed for Daily EMA200.
JI	0	14:54:04.014	Cazyxio_v4.4 (EURUSD,M15)	2026.03.25 20:54:04 | HEARTBEAT | SYSTEM | EA alive. Tick=69400 Equity=44972.40 OpenPos=0 PendingOrders=0 UTC=2026.03.25 20:54 DayOfWeek=3 WeekendCloseActive=NO NewTradeBlocked=NO | 69400.000000
DK	0	14:56:43.809	Cazyxio_v4.4 (EURUSD,M15)	2026.03.25 20:56:43 | HEARTBEAT | SYSTEM | EA alive. Tick=69500 Equity=44972.40 OpenPos=0 PendingOrders=0 UTC=2026.03.25 20:56 DayOfWeek=3 WeekendCloseActive=NO NewTradeBlocked=NO | 69500.000000
HE	0	14:59:03.093	Cazyxio_v4.4 (EURUSD,M15)	2026.03.25 20:59:03 | HEARTBEAT | SYSTEM | EA alive. Tick=69600 Equity=44972.40 OpenPos=0 PendingOrders=0 UTC=2026.03.25 20:59 DayOfWeek=3 WeekendCloseActive=NO NewTradeBlocked=NO | 69600.000000
PJ	0	15:00:00.173	Cazyxio_v4.4 (EURUSD,M15)	2026.03.25 21:00:00 | SESSION_WAIT | SYSTEM | Outside session. UTC_hour=21 Waiting.
NH	0	15:00:05.936	Cazyxio_v4.4 (EURUSD,M15)	2026.03.25 21:00:05 | DAILY_GUARD_RESET | SYSTEM | New trading day. StartEquity=44972.40 MaxDailyLossPct=2.00 | 44972.400000
RK	0	15:00:05.936	Cazyxio_v4.4 (EURUSD,M15)	2026.03.25 21:00:05 | DAILY_SUMMARY | SYSTEM | SESSION END SUMMARY | Bars=0 Signals=0 Orders=0 SLHits=0 LimitPlaced=0 LimitFilled=0 LimitExpired=0 FallbackOrders=0 | GateFails: DIR=0 SPR=0 ATR=0 TOUCH=0 MOM=0 ZRNG=0 COOL=0 WKND=0 ADX=0 DAILY_TF=0 | LotCapped=0 | Equity=44972.40 Balance=44972.40 DayPnL=0.00 DayDD=0.00% ActiveCooldowns=NONE
MI	0	15:04:07.479	Cazyxio_v4.4 (EURUSD,M15)	2026.03.25 21:04:07 | HEARTBEAT | SYSTEM | EA alive. Tick=69700 Equity=44972.40 OpenPos=0 PendingOrders=0 UTC=2026.03.25 21:04 DayOfWeek=3 WeekendCloseActive=NO NewTradeBlocked=NO | 69700.000000
KK	0	15:13:43.068	Cazyxio_v4.4 (EURUSD,M15)	2026.03.25 21:13:43 | HEARTBEAT | SYSTEM | EA alive. Tick=69800 Equity=44972.40 OpenPos=0 PendingOrders=0 UTC=2026.03.25 21:13 DayOfWeek=3 WeekendCloseActive=NO NewTradeBlocked=NO | 69800.000000
JE	0	15:21:55.123	Cazyxio_v4.4 (EURUSD,M15)	2026.03.25 21:21:55 | HEARTBEAT | SYSTEM | EA alive. Tick=69900 Equity=44972.40 OpenPos=0 PendingOrders=0 UTC=2026.03.25 21:21 DayOfWeek=3 WeekendCloseActive=NO NewTradeBlocked=NO | 69900.000000
QG	0	15:35:33.048	Cazyxio_v4.4 (EURUSD,M15)	2026.03.25 21:35:33 | HEARTBEAT | SYSTEM | EA alive. Tick=70000 Equity=44972.40 OpenPos=0 PendingOrders=0 UTC=2026.03.25 21:35 DayOfWeek=3 WeekendCloseActive=NO NewTradeBlocked=NO | 70000.000000
HQ	0	15:44:51.045	Cazyxio_v4.4 (EURUSD,M15)	2026.03.25 21:44:51 | HEARTBEAT | SYSTEM | EA alive. Tick=70100 Equity=44972.40 OpenPos=0 PendingOrders=0 UTC=2026.03.25 21:44 DayOfWeek=3 WeekendCloseActive=NO NewTradeBlocked=NO | 70100.000000
HS	0	15:50:04.499	Cazyxio_v4.4 (EURUSD,M15)	2026.03.25 21:50:04 | HEARTBEAT | SYSTEM | EA alive. Tick=70200 Equity=44972.40 OpenPos=0 PendingOrders=0 UTC=2026.03.25 21:50 DayOfWeek=3 WeekendCloseActive=NO NewTradeBlocked=NO | 70200.000000
EM	0	15:57:23.985	Cazyxio_v4.4 (EURUSD,M15)	2026.03.25 21:57:23 | HEARTBEAT | SYSTEM | EA alive. Tick=70300 Equity=44972.40 OpenPos=0 PendingOrders=0 UTC=2026.03.25 21:57 DayOfWeek=3 WeekendCloseActive=NO NewTradeBlocked=NO | 70300.000000
MR	0	16:00:00.474	Cazyxio_v4.4 (EURUSD,M15)	2026.03.25 22:00:00 | SESSION_WAIT | SYSTEM | Outside session. UTC_hour=22 Waiting.
OO	0	16:01:02.787	Cazyxio_v4.4 (EURUSD,M15)	2026.03.25 22:01:02 | HEARTBEAT | SYSTEM | EA alive. Tick=70400 Equity=44972.40 OpenPos=0 PendingOrders=0 UTC=2026.03.25 22:01 DayOfWeek=3 WeekendCloseActive=NO NewTradeBlocked=NO | 70400.000000
GI	0	16:05:22.242	Cazyxio_v4.4 (EURUSD,M15)	2026.03.25 22:05:22 | HEARTBEAT | SYSTEM | EA alive. Tick=70500 Equity=44972.40 OpenPos=0 PendingOrders=0 UTC=2026.03.25 22:05 DayOfWeek=3 WeekendCloseActive=NO NewTradeBlocked=NO | 70500.000000
EK	0	16:08:46.384	Cazyxio_v4.4 (EURUSD,M15)	2026.03.25 22:08:46 | HEARTBEAT | SYSTEM | EA alive. Tick=70600 Equity=44972.40 OpenPos=0 PendingOrders=0 UTC=2026.03.25 22:08 DayOfWeek=3 WeekendCloseActive=NO NewTradeBlocked=NO | 70600.000000
CE	0	16:11:57.544	Cazyxio_v4.4 (EURUSD,M15)	2026.03.25 22:11:57 | HEARTBEAT | SYSTEM | EA alive. Tick=70700 Equity=44972.40 OpenPos=0 PendingOrders=0 UTC=2026.03.25 22:11 DayOfWeek=3 WeekendCloseActive=NO NewTradeBlocked=NO | 70700.000000
RG	0	16:14:35.395	Cazyxio_v4.4 (EURUSD,M15)	2026.03.25 22:14:35 | HEARTBEAT | SYSTEM | EA alive. Tick=70800 Equity=44972.40 OpenPos=0 PendingOrders=0 UTC=2026.03.25 22:14 DayOfWeek=3 WeekendCloseActive=NO NewTradeBlocked=NO | 70800.000000
MQ	0	16:16:59.239	Cazyxio_v4.4 (EURUSD,M15)	2026.03.25 22:16:59 | HEARTBEAT | SYSTEM | EA alive. Tick=70900 Equity=44972.40 OpenPos=0 PendingOrders=0 UTC=2026.03.25 22:16 DayOfWeek=3 WeekendCloseActive=NO NewTradeBlocked=NO | 70900.000000
KS	0	16:23:58.158	Cazyxio_v4.4 (EURUSD,M15)	2026.03.25 22:23:58 | HEARTBEAT | SYSTEM | EA alive. Tick=71000 Equity=44972.40 OpenPos=0 PendingOrders=0 UTC=2026.03.25 22:23 DayOfWeek=3 WeekendCloseActive=NO NewTradeBlocked=NO | 71000.000000
QM	0	16:29:18.462	Cazyxio_v4.4 (EURUSD,M15)	2026.03.25 22:29:18 | HEARTBEAT | SYSTEM | EA alive. Tick=71100 Equity=44972.40 OpenPos=0 PendingOrders=0 UTC=2026.03.25 22:29 DayOfWeek=3 WeekendCloseActive=NO NewTradeBlocked=NO | 71100.000000
RO	0	16:32:19.218	Cazyxio_v4.4 (EURUSD,M15)	2026.03.25 22:32:19 | HEARTBEAT | SYSTEM | EA alive. Tick=71200 Equity=44972.40 OpenPos=0 PendingOrders=0 UTC=2026.03.25 22:32 DayOfWeek=3 WeekendCloseActive=NO NewTradeBlocked=NO | 71200.000000
PI	0	16:36:22.951	Cazyxio_v4.4 (EURUSD,M15)	2026.03.25 22:36:22 | HEARTBEAT | SYSTEM | EA alive. Tick=71300 Equity=44972.40 OpenPos=0 PendingOrders=0 UTC=2026.03.25 22:36 DayOfWeek=3 WeekendCloseActive=NO NewTradeBlocked=NO | 71300.000000
KK	0	16:40:43.238	Cazyxio_v4.4 (EURUSD,M15)	2026.03.25 22:40:43 | HEARTBEAT | SYSTEM | EA alive. Tick=71400 Equity=44972.40 OpenPos=0 PendingOrders=0 UTC=2026.03.25 22:40 DayOfWeek=3 WeekendCloseActive=NO NewTradeBlocked=NO | 71400.000000
CE	0	16:43:46.013	Cazyxio_v4.4 (EURUSD,M15)	2026.03.25 22:43:46 | HEARTBEAT | SYSTEM | EA alive. Tick=71500 Equity=44972.40 OpenPos=0 PendingOrders=0 UTC=2026.03.25 22:43 DayOfWeek=3 WeekendCloseActive=NO NewTradeBlocked=NO | 71500.000000
JG	0	16:47:34.881	Cazyxio_v4.4 (EURUSD,M15)	2026.03.25 22:47:34 | HEARTBEAT | SYSTEM | EA alive. Tick=71600 Equity=44972.40 OpenPos=0 PendingOrders=0 UTC=2026.03.25 22:47 DayOfWeek=3 WeekendCloseActive=NO NewTradeBlocked=NO | 71600.000000
EQ	0	16:52:44.101	Cazyxio_v4.4 (EURUSD,M15)	2026.03.25 22:52:44 | HEARTBEAT | SYSTEM | EA alive. Tick=71700 Equity=44972.40 OpenPos=0 PendingOrders=0 UTC=2026.03.25 22:52 DayOfWeek=3 WeekendCloseActive=NO NewTradeBlocked=NO | 71700.000000
GS	0	16:55:14.441	Cazyxio_v4.4 (EURUSD,M15)	2026.03.25 22:55:14 | HEARTBEAT | SYSTEM | EA alive. Tick=71800 Equity=44972.40 OpenPos=0 PendingOrders=0 UTC=2026.03.25 22:55 DayOfWeek=3 WeekendCloseActive=NO NewTradeBlocked=NO | 71800.000000
FP	0	17:00:00.195	Cazyxio_v4.4 (EURUSD,M15)	2026.03.25 23:00:00 | SESSION_WAIT | SYSTEM | Outside session. UTC_hour=23 Waiting.
RM	0	17:00:01.915	Cazyxio_v4.4 (EURUSD,M15)	2026.03.25 23:00:01 | HEARTBEAT | SYSTEM | EA alive. Tick=71900 Equity=44972.40 OpenPos=0 PendingOrders=0 UTC=2026.03.25 23:00 DayOfWeek=3 WeekendCloseActive=NO NewTradeBlocked=NO | 71900.000000
FO	0	17:02:15.388	Cazyxio_v4.4 (EURUSD,M15)	2026.03.25 23:02:15 | HEARTBEAT | SYSTEM | EA alive. Tick=72000 Equity=44972.40 OpenPos=0 PendingOrders=0 UTC=2026.03.25 23:02 DayOfWeek=3 WeekendCloseActive=NO NewTradeBlocked=NO | 72000.000000
GI	0	17:05:09.074	Cazyxio_v4.4 (EURUSD,M15)	2026.03.25 23:05:09 | HEARTBEAT | SYSTEM | EA alive. Tick=72100 Equity=44972.40 OpenPos=0 PendingOrders=0 UTC=2026.03.25 23:05 DayOfWeek=3 WeekendCloseActive=NO NewTradeBlocked=NO | 72100.000000
GK	0	17:08:08.853	Cazyxio_v4.4 (EURUSD,M15)	2026.03.25 23:08:08 | HEARTBEAT | SYSTEM | EA alive. Tick=72200 Equity=44972.40 OpenPos=0 PendingOrders=0 UTC=2026.03.25 23:08 DayOfWeek=3 WeekendCloseActive=NO NewTradeBlocked=NO | 72200.000000
GE	0	17:10:44.564	Cazyxio_v4.4 (EURUSD,M15)	2026.03.25 23:10:44 | HEARTBEAT | SYSTEM | EA alive. Tick=72300 Equity=44972.40 OpenPos=0 PendingOrders=0 UTC=2026.03.25 23:10 DayOfWeek=3 WeekendCloseActive=NO NewTradeBlocked=NO | 72300.000000
EG	0	17:14:47.588	Cazyxio_v4.4 (EURUSD,M15)	2026.03.25 23:14:47 | HEARTBEAT | SYSTEM | EA alive. Tick=72400 Equity=44972.40 OpenPos=0 PendingOrders=0 UTC=2026.03.25 23:14 DayOfWeek=3 WeekendCloseActive=NO NewTradeBlocked=NO | 72400.000000
EQ	0	17:17:52.446	Cazyxio_v4.4 (EURUSD,M15)	2026.03.25 23:17:52 | HEARTBEAT | SYSTEM | EA alive. Tick=72500 Equity=44972.40 OpenPos=0 PendingOrders=0 UTC=2026.03.25 23:17 DayOfWeek=3 WeekendCloseActive=NO NewTradeBlocked=NO | 72500.000000
HS	0	17:25:14.110	Cazyxio_v4.4 (EURUSD,M15)	2026.03.25 23:25:14 | HEARTBEAT | SYSTEM | EA alive. Tick=72600 Equity=44972.40 OpenPos=0 PendingOrders=0 UTC=2026.03.25 23:25 DayOfWeek=3 WeekendCloseActive=NO NewTradeBlocked=NO | 72600.000000
EM	0	17:30:05.605	Cazyxio_v4.4 (EURUSD,M15)	2026.03.25 23:30:05 | HEARTBEAT | SYSTEM | EA alive. Tick=72700 Equity=44972.40 OpenPos=0 PendingOrders=0 UTC=2026.03.25 23:30 DayOfWeek=3 WeekendCloseActive=NO NewTradeBlocked=NO | 72700.000000
QO	0	17:34:27.290	Cazyxio_v4.4 (EURUSD,M15)	2026.03.25 23:34:27 | HEARTBEAT | SYSTEM | EA alive. Tick=72800 Equity=44972.40 OpenPos=0 PendingOrders=0 UTC=2026.03.25 23:34 DayOfWeek=3 WeekendCloseActive=NO NewTradeBlocked=NO | 72800.000000
GI	0	17:37:23.417	Cazyxio_v4.4 (EURUSD,M15)	2026.03.25 23:37:23 | HEARTBEAT | SYSTEM | EA alive. Tick=72900 Equity=44972.40 OpenPos=0 PendingOrders=0 UTC=2026.03.25 23:37 DayOfWeek=3 WeekendCloseActive=NO NewTradeBlocked=NO | 72900.000000
IK	0	17:42:09.389	Cazyxio_v4.4 (EURUSD,M15)	2026.03.25 23:42:09 | HEARTBEAT | SYSTEM | EA alive. Tick=73000 Equity=44972.40 OpenPos=0 PendingOrders=0 UTC=2026.03.25 23:42 DayOfWeek=3 WeekendCloseActive=NO NewTradeBlocked=NO | 73000.000000
NE	0	17:47:02.291	Cazyxio_v4.4 (EURUSD,M15)	2026.03.25 23:47:02 | HEARTBEAT | SYSTEM | EA alive. Tick=73100 Equity=44972.40 OpenPos=0 PendingOrders=0 UTC=2026.03.25 23:47 DayOfWeek=3 WeekendCloseActive=NO NewTradeBlocked=NO | 73100.000000
EG	0	17:51:06.859	Cazyxio_v4.4 (EURUSD,M15)	2026.03.25 23:51:06 | HEARTBEAT | SYSTEM | EA alive. Tick=73200 Equity=44972.40 OpenPos=0 PendingOrders=0 UTC=2026.03.25 23:51 DayOfWeek=3 WeekendCloseActive=NO NewTradeBlocked=NO | 73200.000000
PQ	0	17:55:17.719	Cazyxio_v4.4 (EURUSD,M15)	2026.03.25 23:55:17 | HEARTBEAT | SYSTEM | EA alive. Tick=73300 Equity=44972.40 OpenPos=0 PendingOrders=0 UTC=2026.03.25 23:55 DayOfWeek=3 WeekendCloseActive=NO NewTradeBlocked=NO | 73300.000000
PS	0	17:59:02.311	Cazyxio_v4.4 (EURUSD,M15)	2026.03.25 23:59:02 | HEARTBEAT | SYSTEM | EA alive. Tick=73400 Equity=44972.40 OpenPos=0 PendingOrders=0 UTC=2026.03.25 23:59 DayOfWeek=3 WeekendCloseActive=NO NewTradeBlocked=NO | 73400.000000
LS	0	18:00:00.850	Cazyxio_v4.4 (EURUSD,M15)	2026.03.26 00:00:00 | SESSION_WAIT | SYSTEM | Outside session. UTC_hour=0 Waiting.
RM	0	18:00:50.216	Cazyxio_v4.4 (EURUSD,M15)	2026.03.26 00:00:50 | HEARTBEAT | SYSTEM | EA alive. Tick=73500 Equity=44972.40 OpenPos=0 PendingOrders=0 UTC=2026.03.26 00:00 DayOfWeek=4 WeekendCloseActive=NO NewTradeBlocked=NO | 73500.000000
KO	0	18:01:50.425	Cazyxio_v4.4 (EURUSD,M15)	2026.03.26 00:01:50 | HEARTBEAT | SYSTEM | EA alive. Tick=73600 Equity=44972.40 OpenPos=0 PendingOrders=0 UTC=2026.03.26 00:01 DayOfWeek=4 WeekendCloseActive=NO NewTradeBlocked=NO | 73600.000000
CI	0	18:03:15.911	Cazyxio_v4.4 (EURUSD,M15)	2026.03.26 00:03:15 | HEARTBEAT | SYSTEM | EA alive. Tick=73700 Equity=44972.40 OpenPos=0 PendingOrders=0 UTC=2026.03.26 00:03 DayOfWeek=4 WeekendCloseActive=NO NewTradeBlocked=NO | 73700.000000
NK	0	18:05:03.721	Cazyxio_v4.4 (EURUSD,M15)	2026.03.26 00:05:03 | HEARTBEAT | SYSTEM | EA alive. Tick=73800 Equity=44972.40 OpenPos=0 PendingOrders=0 UTC=2026.03.26 00:05 DayOfWeek=4 WeekendCloseActive=NO NewTradeBlocked=NO | 73800.000000
CE	0	18:06:35.491	Cazyxio_v4.4 (EURUSD,M15)	2026.03.26 00:06:35 | HEARTBEAT | SYSTEM | EA alive. Tick=73900 Equity=44972.40 OpenPos=0 PendingOrders=0 UTC=2026.03.26 00:06 DayOfWeek=4 WeekendCloseActive=NO NewTradeBlocked=NO | 73900.000000
GG	0	18:08:00.600	Cazyxio_v4.4 (EURUSD,M15)	2026.03.26 00:08:00 | HEARTBEAT | SYSTEM | EA alive. Tick=74000 Equity=44972.40 OpenPos=0 PendingOrders=0 UTC=2026.03.26 00:08 DayOfWeek=4 WeekendCloseActive=NO NewTradeBlocked=NO | 74000.000000
NQ	0	18:10:38.312	Cazyxio_v4.4 (EURUSD,M15)	2026.03.26 00:10:38 | HEARTBEAT | SYSTEM | EA alive. Tick=74100 Equity=44972.40 OpenPos=0 PendingOrders=0 UTC=2026.03.26 00:10 DayOfWeek=4 WeekendCloseActive=NO NewTradeBlocked=NO | 74100.000000
OS	0	18:12:19.665	Cazyxio_v4.4 (EURUSD,M15)	2026.03.26 00:12:19 | HEARTBEAT | SYSTEM | EA alive. Tick=74200 Equity=44972.40 OpenPos=0 PendingOrders=0 UTC=2026.03.26 00:12 DayOfWeek=4 WeekendCloseActive=NO NewTradeBlocked=NO | 74200.000000
LM	0	18:15:04.124	Cazyxio_v4.4 (EURUSD,M15)	2026.03.26 00:15:04 | HEARTBEAT | SYSTEM | EA alive. Tick=74300 Equity=44972.40 OpenPos=0 PendingOrders=0 UTC=2026.03.26 00:15 DayOfWeek=4 WeekendCloseActive=NO NewTradeBlocked=NO | 74300.000000
QO	0	18:16:51.461	Cazyxio_v4.4 (EURUSD,M15)	2026.03.26 00:16:51 | HEARTBEAT | SYSTEM | EA alive. Tick=74400 Equity=44972.40 OpenPos=0 PendingOrders=0 UTC=2026.03.26 00:16 DayOfWeek=4 WeekendCloseActive=NO NewTradeBlocked=NO | 74400.000000
KI	0	18:18:00.821	Cazyxio_v4.4 (EURUSD,M15)	2026.03.26 00:18:00 | HEARTBEAT | SYSTEM | EA alive. Tick=74500 Equity=44972.40 OpenPos=0 PendingOrders=0 UTC=2026.03.26 00:18 DayOfWeek=4 WeekendCloseActive=NO NewTradeBlocked=NO | 74500.000000
QK	0	18:19:33.518	Cazyxio_v4.4 (EURUSD,M15)	2026.03.26 00:19:33 | HEARTBEAT | SYSTEM | EA alive. Tick=74600 Equity=44972.40 OpenPos=0 PendingOrders=0 UTC=2026.03.26 00:19 DayOfWeek=4 WeekendCloseActive=NO NewTradeBlocked=NO | 74600.000000
ME	0	18:21:11.333	Cazyxio_v4.4 (EURUSD,M15)	2026.03.26 00:21:11 | HEARTBEAT | SYSTEM | EA alive. Tick=74700 Equity=44972.40 OpenPos=0 PendingOrders=0 UTC=2026.03.26 00:21 DayOfWeek=4 WeekendCloseActive=NO NewTradeBlocked=NO | 74700.000000
FG	0	18:23:53.923	Cazyxio_v4.4 (EURUSD,M15)	2026.03.26 00:23:53 | HEARTBEAT | SYSTEM | EA alive. Tick=74800 Equity=44972.40 OpenPos=0 PendingOrders=0 UTC=2026.03.26 00:23 DayOfWeek=4 WeekendCloseActive=NO NewTradeBlocked=NO | 74800.000000
CQ	0	18:25:30.580	Cazyxio_v4.4 (EURUSD,M15)	2026.03.26 00:25:30 | HEARTBEAT | SYSTEM | EA alive. Tick=74900 Equity=44972.40 OpenPos=0 PendingOrders=0 UTC=2026.03.26 00:25 DayOfWeek=4 WeekendCloseActive=NO NewTradeBlocked=NO | 74900.000000
JS	0	18:28:11.777	Cazyxio_v4.4 (EURUSD,M15)	2026.03.26 00:28:11 | HEARTBEAT | SYSTEM | EA alive. Tick=75000 Equity=44972.40 OpenPos=0 PendingOrders=0 UTC=2026.03.26 00:28 DayOfWeek=4 WeekendCloseActive=NO NewTradeBlocked=NO | 75000.000000
RM	0	18:30:26.152	Cazyxio_v4.4 (EURUSD,M15)	2026.03.26 00:30:26 | HEARTBEAT | SYSTEM | EA alive. Tick=75100 Equity=44972.40 OpenPos=0 PendingOrders=0 UTC=2026.03.26 00:30 DayOfWeek=4 WeekendCloseActive=NO NewTradeBlocked=NO | 75100.000000
KO	0	18:33:13.453	Cazyxio_v4.4 (EURUSD,M15)	2026.03.26 00:33:13 | HEARTBEAT | SYSTEM | EA alive. Tick=75200 Equity=44972.40 OpenPos=0 PendingOrders=0 UTC=2026.03.26 00:33 DayOfWeek=4 WeekendCloseActive=NO NewTradeBlocked=NO | 75200.000000
NI	0	18:36:04.271	Cazyxio_v4.4 (EURUSD,M15)	2026.03.26 00:36:04 | HEARTBEAT | SYSTEM | EA alive. Tick=75300 Equity=44972.40 OpenPos=0 PendingOrders=0 UTC=2026.03.26 00:36 DayOfWeek=4 WeekendCloseActive=NO NewTradeBlocked=NO | 75300.000000
CK	0	18:38:13.000	Cazyxio_v4.4 (EURUSD,M15)	2026.03.26 00:38:12 | HEARTBEAT | SYSTEM | EA alive. Tick=75400 Equity=44972.40 OpenPos=0 PendingOrders=0 UTC=2026.03.26 00:38 DayOfWeek=4 WeekendCloseActive=NO NewTradeBlocked=NO | 75400.000000
FE	0	18:40:46.094	Cazyxio_v4.4 (EURUSD,M15)	2026.03.26 00:40:46 | HEARTBEAT | SYSTEM | EA alive. Tick=75500 Equity=44972.40 OpenPos=0 PendingOrders=0 UTC=2026.03.26 00:40 DayOfWeek=4 WeekendCloseActive=NO NewTradeBlocked=NO | 75500.000000
OG	0	18:43:05.054	Cazyxio_v4.4 (EURUSD,M15)	2026.03.26 00:43:05 | HEARTBEAT | SYSTEM | EA alive. Tick=75600 Equity=44972.40 OpenPos=0 PendingOrders=0 UTC=2026.03.26 00:43 DayOfWeek=4 WeekendCloseActive=NO NewTradeBlocked=NO | 75600.000000
DQ	0	18:45:31.749	Cazyxio_v4.4 (EURUSD,M15)	2026.03.26 00:45:31 | HEARTBEAT | SYSTEM | EA alive. Tick=75700 Equity=44972.40 OpenPos=0 PendingOrders=0 UTC=2026.03.26 00:45 DayOfWeek=4 WeekendCloseActive=NO NewTradeBlocked=NO | 75700.000000
RS	0	18:48:41.382	Cazyxio_v4.4 (EURUSD,M15)	2026.03.26 00:48:41 | HEARTBEAT | SYSTEM | EA alive. Tick=75800 Equity=44972.40 OpenPos=0 PendingOrders=0 UTC=2026.03.26 00:48 DayOfWeek=4 WeekendCloseActive=NO NewTradeBlocked=NO | 75800.000000
LM	0	18:50:58.125	Cazyxio_v4.4 (EURUSD,M15)	2026.03.26 00:50:58 | HEARTBEAT | SYSTEM | EA alive. Tick=75900 Equity=44972.40 OpenPos=0 PendingOrders=0 UTC=2026.03.26 00:50 DayOfWeek=4 WeekendCloseActive=NO NewTradeBlocked=NO | 75900.000000
GO	0	18:52:55.786	Cazyxio_v4.4 (EURUSD,M15)	2026.03.26 00:52:55 | HEARTBEAT | SYSTEM | EA alive. Tick=76000 Equity=44972.40 OpenPos=0 PendingOrders=0 UTC=2026.03.26 00:52 DayOfWeek=4 WeekendCloseActive=NO NewTradeBlocked=NO | 76000.000000
QI	0	18:54:18.050	Cazyxio_v4.4 (EURUSD,M15)	2026.03.26 00:54:18 | HEARTBEAT | SYSTEM | EA alive. Tick=76100 Equity=44972.40 OpenPos=0 PendingOrders=0 UTC=2026.03.26 00:54 DayOfWeek=4 WeekendCloseActive=NO NewTradeBlocked=NO | 76100.000000
OK	0	18:55:13.868	Cazyxio_v4.4 (EURUSD,M15)	2026.03.26 00:55:13 | HEARTBEAT | SYSTEM | EA alive. Tick=76200 Equity=44972.40 OpenPos=0 PendingOrders=0 UTC=2026.03.26 00:55 DayOfWeek=4 WeekendCloseActive=NO NewTradeBlocked=NO | 76200.000000
JE	0	18:56:21.608	Cazyxio_v4.4 (EURUSD,M15)	2026.03.26 00:56:21 | HEARTBEAT | SYSTEM | EA alive. Tick=76300 Equity=44972.40 OpenPos=0 PendingOrders=0 UTC=2026.03.26 00:56 DayOfWeek=4 WeekendCloseActive=NO NewTradeBlocked=NO | 76300.000000
FG	0	18:57:54.391	Cazyxio_v4.4 (EURUSD,M15)	2026.03.26 00:57:54 | HEARTBEAT | SYSTEM | EA alive. Tick=76400 Equity=44972.40 OpenPos=0 PendingOrders=0 UTC=2026.03.26 00:57 DayOfWeek=4 WeekendCloseActive=NO NewTradeBlocked=NO | 76400.000000
IQ	0	18:59:18.132	Cazyxio_v4.4 (EURUSD,M15)	2026.03.26 00:59:18 | HEARTBEAT | SYSTEM | EA alive. Tick=76500 Equity=44972.40 OpenPos=0 PendingOrders=0 UTC=2026.03.26 00:59 DayOfWeek=4 WeekendCloseActive=NO NewTradeBlocked=NO | 76500.000000
JM	0	19:00:00.345	Cazyxio_v4.4 (EURUSD,M15)	2026.03.26 01:00:00 | SESSION_WAIT | SYSTEM | Outside session. UTC_hour=1 Waiting.
ES	0	19:00:17.988	Cazyxio_v4.4 (EURUSD,M15)	2026.03.26 01:00:17 | HEARTBEAT | SYSTEM | EA alive. Tick=76600 Equity=44972.40 OpenPos=0 PendingOrders=0 UTC=2026.03.26 01:00 DayOfWeek=4 WeekendCloseActive=NO NewTradeBlocked=NO | 76600.000000
OM	0	19:01:20.226	Cazyxio_v4.4 (EURUSD,M15)	2026.03.26 01:01:20 | HEARTBEAT | SYSTEM | EA alive. Tick=76700 Equity=44972.40 OpenPos=0 PendingOrders=0 UTC=2026.03.26 01:01 DayOfWeek=4 WeekendCloseActive=NO NewTradeBlocked=NO | 76700.000000
QO	0	19:02:12.272	Cazyxio_v4.4 (EURUSD,M15)	2026.03.26 01:02:12 | HEARTBEAT | SYSTEM | EA alive. Tick=76800 Equity=44972.40 OpenPos=0 PendingOrders=0 UTC=2026.03.26 01:02 DayOfWeek=4 WeekendCloseActive=NO NewTradeBlocked=NO | 76800.000000
CI	0	19:03:33.998	Cazyxio_v4.4 (EURUSD,M15)	2026.03.26 01:03:33 | HEARTBEAT | SYSTEM | EA alive. Tick=76900 Equity=44972.40 OpenPos=0 PendingOrders=0 UTC=2026.03.26 01:03 DayOfWeek=4 WeekendCloseActive=NO NewTradeBlocked=NO | 76900.000000
NK	0	19:05:20.522	Cazyxio_v4.4 (EURUSD,M15)	2026.03.26 01:05:20 | HEARTBEAT | SYSTEM | EA alive. Tick=77000 Equity=44972.40 OpenPos=0 PendingOrders=0 UTC=2026.03.26 01:05 DayOfWeek=4 WeekendCloseActive=NO NewTradeBlocked=NO | 77000.000000
ME	0	19:06:58.610	Cazyxio_v4.4 (EURUSD,M15)	2026.03.26 01:06:58 | HEARTBEAT | SYSTEM | EA alive. Tick=77100 Equity=44972.40 OpenPos=0 PendingOrders=0 UTC=2026.03.26 01:06 DayOfWeek=4 WeekendCloseActive=NO NewTradeBlocked=NO | 77100.000000
IG	0	19:08:37.225	Cazyxio_v4.4 (EURUSD,M15)	2026.03.26 01:08:37 | HEARTBEAT | SYSTEM | EA alive. Tick=77200 Equity=44972.40 OpenPos=0 PendingOrders=0 UTC=2026.03.26 01:08 DayOfWeek=4 WeekendCloseActive=NO NewTradeBlocked=NO | 77200.000000
LQ	0	19:10:08.762	Cazyxio_v4.4 (EURUSD,M15)	2026.03.26 01:10:08 | HEARTBEAT | SYSTEM | EA alive. Tick=77300 Equity=44972.40 OpenPos=0 PendingOrders=0 UTC=2026.03.26 01:10 DayOfWeek=4 WeekendCloseActive=NO NewTradeBlocked=NO | 77300.000000
IS	0	19:12:34.925	Cazyxio_v4.4 (EURUSD,M15)	2026.03.26 01:12:34 | HEARTBEAT | SYSTEM | EA alive. Tick=77400 Equity=44972.40 OpenPos=0 PendingOrders=0 UTC=2026.03.26 01:12 DayOfWeek=4 WeekendCloseActive=NO NewTradeBlocked=NO | 77400.000000
KM	0	19:14:33.402	Cazyxio_v4.4 (EURUSD,M15)	2026.03.26 01:14:33 | HEARTBEAT | SYSTEM | EA alive. Tick=77500 Equity=44972.40 OpenPos=0 PendingOrders=0 UTC=2026.03.26 01:14 DayOfWeek=4 WeekendCloseActive=NO NewTradeBlocked=NO | 77500.000000
GO	0	19:16:17.448	Cazyxio_v4.4 (EURUSD,M15)	2026.03.26 01:16:17 | HEARTBEAT | SYSTEM | EA alive. Tick=77600 Equity=44972.40 OpenPos=0 PendingOrders=0 UTC=2026.03.26 01:16 DayOfWeek=4 WeekendCloseActive=NO NewTradeBlocked=NO | 77600.000000
II	0	19:17:30.496	Cazyxio_v4.4 (EURUSD,M15)	2026.03.26 01:17:30 | HEARTBEAT | SYSTEM | EA alive. Tick=77700 Equity=44972.40 OpenPos=0 PendingOrders=0 UTC=2026.03.26 01:17 DayOfWeek=4 WeekendCloseActive=NO NewTradeBlocked=NO | 77700.000000
GK	0	19:19:00.896	Cazyxio_v4.4 (EURUSD,M15)	2026.03.26 01:19:00 | HEARTBEAT | SYSTEM | EA alive. Tick=77800 Equity=44972.40 OpenPos=0 PendingOrders=0 UTC=2026.03.26 01:19 DayOfWeek=4 WeekendCloseActive=NO NewTradeBlocked=NO | 77800.000000
QE	0	19:21:07.512	Cazyxio_v4.4 (EURUSD,M15)	2026.03.26 01:21:07 | HEARTBEAT | SYSTEM | EA alive. Tick=77900 Equity=44972.40 OpenPos=0 PendingOrders=0 UTC=2026.03.26 01:21 DayOfWeek=4 WeekendCloseActive=NO NewTradeBlocked=NO | 77900.000000
CG	0	19:23:33.093	Cazyxio_v4.4 (EURUSD,M15)	2026.03.26 01:23:33 | HEARTBEAT | SYSTEM | EA alive. Tick=78000 Equity=44972.40 OpenPos=0 PendingOrders=0 UTC=2026.03.26 01:23 DayOfWeek=4 WeekendCloseActive=NO NewTradeBlocked=NO | 78000.000000
OQ	0	19:25:50.770	Cazyxio_v4.4 (EURUSD,M15)	2026.03.26 01:25:50 | HEARTBEAT | SYSTEM | EA alive. Tick=78100 Equity=44972.40 OpenPos=0 PendingOrders=0 UTC=2026.03.26 01:25 DayOfWeek=4 WeekendCloseActive=NO NewTradeBlocked=NO | 78100.000000
NS	0	19:27:49.252	Cazyxio_v4.4 (EURUSD,M15)	2026.03.26 01:27:49 | HEARTBEAT | SYSTEM | EA alive. Tick=78200 Equity=44972.40 OpenPos=0 PendingOrders=0 UTC=2026.03.26 01:27 DayOfWeek=4 WeekendCloseActive=NO NewTradeBlocked=NO | 78200.000000
LM	0	19:29:18.018	Cazyxio_v4.4 (EURUSD,M15)	2026.03.26 01:29:18 | HEARTBEAT | SYSTEM | EA alive. Tick=78300 Equity=44972.40 OpenPos=0 PendingOrders=0 UTC=2026.03.26 01:29 DayOfWeek=4 WeekendCloseActive=NO NewTradeBlocked=NO | 78300.000000