QN	0	00:00:01.012	Cazyxio_v4.0 (EURUSD,M15)	2026.03.03 07:00:01 | SESSION_ACTIVE | SYSTEM | Session now ACTIVE. UTC_hour=7 Trading enabled.
IO	0	00:00:01.013	Cazyxio_v4.0 (EURUSD,M15)	2026.03.03 07:00:01 | BAR | GBPUSD | close=1.33609 h4ema200=1.35293 h4slope=DOWN ema50=1.33905 atr=0.000901 atrSma=0.001270 atrRatio=0.710 dir=SHORT spread=19.0 spreadOK=YES atrGate=FAIL touch=PASS momCandle=momClosePos=0.500 momOk=N ema50Ok=Y barRange=0.000000 trigger=NO hasPos=NO portRisk=0.00% openPos=1 | 1.336090
DG	0	00:00:01.013	Cazyxio_v4.0 (EURUSD,M15)	2026.03.03 07:00:01 | GATE_FAIL | GBPUSD | ATR gate FAIL. ATR=0.000901 ATR_SMA=0.001270 Ratio=0.710 MinRatio=0.80. Market too quiet.
MS	0	00:00:01.013	Cazyxio_v4.0 (EURUSD,M15)	2026.03.03 07:00:01 | BAR | EURUSD | close=1.16685 h4ema200=1.17903 h4slope=DOWN ema50=1.16882 atr=0.000626 atrSma=0.000917 atrRatio=0.683 dir=SHORT spread=14.0 spreadOK=YES atrGate=FAIL touch=FAIL momCandle=momClosePos=0.500 momOk=N ema50Ok=Y barRange=0.000000 trigger=NO hasPos=NO portRisk=0.00% openPos=1 | 1.166850
KR	0	00:00:01.013	Cazyxio_v4.0 (EURUSD,M15)	2026.03.03 07:00:01 | GATE_FAIL | EURUSD | ATR gate FAIL. ATR=0.000626 ATR_SMA=0.000917 Ratio=0.683 MinRatio=0.80. Market too quiet.
MJ	0	00:00:01.013	Cazyxio_v4.0 (EURUSD,M15)	2026.03.03 07:00:01 | BAR | USDJPY | close=157.217 h4ema200=155.511 h4slope=UP ema50=157.306 atr=0.088500 atrSma=0.120846 atrRatio=0.732 dir=LONG spread=14.0 spreadOK=YES atrGate=FAIL touch=PASS momCandle=momClosePos=0.500 momOk=N ema50Ok=Y barRange=0.000000 trigger=NO hasPos=NO portRisk=0.00% openPos=1 | 157.217000
LO	0	00:00:01.013	Cazyxio_v4.0 (EURUSD,M15)	2026.03.03 07:00:01 | GATE_FAIL | USDJPY | ATR gate FAIL. ATR=0.088500 ATR_SMA=0.120846 Ratio=0.732 MinRatio=0.80. Market too quiet.
LK	0	00:00:01.013	Cazyxio_v4.0 (EURUSD,M15)	2026.03.03 07:00:01 | BAR | AUDUSD | close=0.70910 h4ema200=0.69852 h4slope=UP ema50=0.70944 atr=0.000819 atrSma=0.000962 atrRatio=0.851 dir=LONG spread=14.0 spreadOK=YES atrGate=PASS touch=PASS momCandle=momClosePos=0.500 momOk=N ema50Ok=Y barRange=0.000000 trigger=NO hasPos=YES portRisk=0.00% openPos=1 | 0.709100
JD	0	00:00:01.013	Cazyxio_v4.0 (EURUSD,M15)	2026.03.03 07:00:01 | TRAIL_SKIP | AUDUSD | plannedStopDist=0, cannot trail. ticket=4338325
FI	0	00:00:01.013	Cazyxio_v4.0 (EURUSD,M15)	2026.03.03 07:00:01 | BAR | GBPJPY | close=210.062 h4ema200=210.406 h4slope=UP ema50=210.645 atr=0.128429 atrSma=0.178409 atrRatio=0.720 dir=NONE spread=30.0 spreadOK=NO atrGate=FAIL touch=FAIL momCandle= trigger=NO hasPos=NO portRisk=0.00% openPos=1 | 210.062000
FM	0	00:00:01.013	Cazyxio_v4.0 (EURUSD,M15)	2026.03.03 07:00:01 | GATE_FAIL | GBPJPY | No directional bias. h4slope=UP closeNow=210.062 h4ema200=210.406. Need H4 slope + price on correct side of H4 EMA200.
ID	0	00:00:01.013	Cazyxio_v4.0 (EURUSD,M15)	2026.03.03 07:00:01 | BAR | USDCAD | close=1.36711 h4ema200=1.36882 h4slope=DOWN ema50=1.36713 atr=0.000591 atrSma=0.000830 atrRatio=0.712 dir=SHORT spread=24.0 spreadOK=YES atrGate=FAIL touch=PASS momCandle=momClosePos=0.500 momOk=N ema50Ok=Y barRange=0.000000 trigger=NO hasPos=NO portRisk=0.00% openPos=1 | 1.367110
MH	0	00:00:01.013	Cazyxio_v4.0 (EURUSD,M15)	2026.03.03 07:00:01 | GATE_FAIL | USDCAD | ATR gate FAIL. ATR=0.000591 ATR_SMA=0.000830 Ratio=0.712 MinRatio=0.80. Market too quiet.
OE	0	00:00:12.546	Cazyxio_v4.0 (EURUSD,M15)	2026.03.03 07:00:12 | HEARTBEAT | SYSTEM | EA alive. Tick=25100 Equity=48664.08 OpenPos=1 UTC=2026.03.03 07:00 DayOfWeek=2 WeekendCloseActive=NO NewTradeBlocked=NO | 25100.000000
JI	0	00:01:15.358	Cazyxio_v4.0 (EURUSD,M15)	2026.03.03 07:01:15 | HEARTBEAT | SYSTEM | EA alive. Tick=25200 Equity=48657.92 OpenPos=1 UTC=2026.03.03 07:01 DayOfWeek=2 WeekendCloseActive=NO NewTradeBlocked=NO | 25200.000000
IM	0	00:02:21.323	Cazyxio_v4.0 (EURUSD,M15)	2026.03.03 07:02:21 | HEARTBEAT | SYSTEM | EA alive. Tick=25300 Equity=48661.00 OpenPos=1 UTC=2026.03.03 07:02 DayOfWeek=2 WeekendCloseActive=NO NewTradeBlocked=NO | 25300.000000
GQ	0	00:03:37.054	Cazyxio_v4.0 (EURUSD,M15)	2026.03.03 07:03:37 | HEARTBEAT | SYSTEM | EA alive. Tick=25400 Equity=48645.60 OpenPos=1 UTC=2026.03.03 07:03 DayOfWeek=2 WeekendCloseActive=NO NewTradeBlocked=NO | 25400.000000
EE	0	00:04:39.882	Cazyxio_v4.0 (EURUSD,M15)	2026.03.03 07:04:39 | HEARTBEAT | SYSTEM | EA alive. Tick=25500 Equity=48662.54 OpenPos=1 UTC=2026.03.03 07:04 DayOfWeek=2 WeekendCloseActive=NO NewTradeBlocked=NO | 25500.000000
LI	0	00:05:52.859	Cazyxio_v4.0 (EURUSD,M15)	2026.03.03 07:05:52 | HEARTBEAT | SYSTEM | EA alive. Tick=25600 Equity=48671.78 OpenPos=1 UTC=2026.03.03 07:05 DayOfWeek=2 WeekendCloseActive=NO NewTradeBlocked=NO | 25600.000000
IM	0	00:06:59.118	Cazyxio_v4.0 (EURUSD,M15)	2026.03.03 07:06:59 | HEARTBEAT | SYSTEM | EA alive. Tick=25700 Equity=48657.92 OpenPos=1 UTC=2026.03.03 07:06 DayOfWeek=2 WeekendCloseActive=NO NewTradeBlocked=NO | 25700.000000
CQ	0	00:07:55.923	Cazyxio_v4.0 (EURUSD,M15)	2026.03.03 07:07:55 | HEARTBEAT | SYSTEM | EA alive. Tick=25800 Equity=48659.46 OpenPos=1 UTC=2026.03.03 07:07 DayOfWeek=2 WeekendCloseActive=NO NewTradeBlocked=NO | 25800.000000
GE	0	00:08:51.800	Cazyxio_v4.0 (EURUSD,M15)	2026.03.03 07:08:51 | HEARTBEAT | SYSTEM | EA alive. Tick=25900 Equity=48662.54 OpenPos=1 UTC=2026.03.03 07:08 DayOfWeek=2 WeekendCloseActive=NO NewTradeBlocked=NO | 25900.000000
OI	0	00:10:08.187	Cazyxio_v4.0 (EURUSD,M15)	2026.03.03 07:10:08 | HEARTBEAT | SYSTEM | EA alive. Tick=26000 Equity=48679.48 OpenPos=1 UTC=2026.03.03 07:10 DayOfWeek=2 WeekendCloseActive=NO NewTradeBlocked=NO | 26000.000000
QM	0	00:11:41.053	Cazyxio_v4.0 (EURUSD,M15)	2026.03.03 07:11:41 | HEARTBEAT | SYSTEM | EA alive. Tick=26100 Equity=48682.56 OpenPos=1 UTC=2026.03.03 07:11 DayOfWeek=2 WeekendCloseActive=NO NewTradeBlocked=NO | 26100.000000
OQ	0	00:12:59.672	Cazyxio_v4.0 (EURUSD,M15)	2026.03.03 07:12:59 | HEARTBEAT | SYSTEM | EA alive. Tick=26200 Equity=48693.34 OpenPos=1 UTC=2026.03.03 07:12 DayOfWeek=2 WeekendCloseActive=NO NewTradeBlocked=NO | 26200.000000
DE	0	00:14:23.415	Cazyxio_v4.0 (EURUSD,M15)	2026.03.03 07:14:23 | HEARTBEAT | SYSTEM | EA alive. Tick=26300 Equity=48699.50 OpenPos=1 UTC=2026.03.03 07:14 DayOfWeek=2 WeekendCloseActive=NO NewTradeBlocked=NO | 26300.000000
RE	0	00:15:01.234	Cazyxio_v4.0 (EURUSD,M15)	2026.03.03 07:15:01 | BAR | EURUSD | close=1.16616 h4ema200=1.17903 h4slope=DOWN ema50=1.16869 atr=0.000674 atrSma=0.000917 atrRatio=0.735 dir=SHORT spread=18.0 spreadOK=YES atrGate=FAIL touch=FAIL momCandle=momClosePos=0.500 momOk=N ema50Ok=Y barRange=0.000000 trigger=NO hasPos=NO portRisk=0.00% openPos=1 | 1.166160
GH	0	00:15:01.234	Cazyxio_v4.0 (EURUSD,M15)	2026.03.03 07:15:01 | GATE_FAIL | EURUSD | ATR gate FAIL. ATR=0.000674 ATR_SMA=0.000917 Ratio=0.735 MinRatio=0.80. Market too quiet.
NH	0	00:15:01.234	Cazyxio_v4.0 (EURUSD,M15)	2026.03.03 07:15:01 | BAR | AUDUSD | close=0.70940 h4ema200=0.69852 h4slope=UP ema50=0.70945 atr=0.000820 atrSma=0.000963 atrRatio=0.852 dir=LONG spread=21.0 spreadOK=YES atrGate=PASS touch=PASS momCandle=momClosePos=0.500 momOk=N ema50Ok=Y barRange=0.000000 trigger=NO hasPos=YES portRisk=0.00% openPos=1 | 0.709400
MJ	0	00:15:01.234	Cazyxio_v4.0 (EURUSD,M15)	2026.03.03 07:15:01 | TRAIL_SKIP | AUDUSD | plannedStopDist=0, cannot trail. ticket=4338325
OG	0	00:15:01.234	Cazyxio_v4.0 (EURUSD,M15)	2026.03.03 07:15:01 | BAR | GBPJPY | close=209.910 h4ema200=210.405 h4slope=UP ema50=210.611 atr=0.134429 atrSma=0.178621 atrRatio=0.753 dir=NONE spread=42.0 spreadOK=NO atrGate=FAIL touch=FAIL momCandle= trigger=NO hasPos=NO portRisk=0.00% openPos=1 | 209.910000
LP	0	00:15:01.234	Cazyxio_v4.0 (EURUSD,M15)	2026.03.03 07:15:01 | GATE_FAIL | GBPJPY | No directional bias. h4slope=UP closeNow=209.910 h4ema200=210.405. Need H4 slope + price on correct side of H4 EMA200.
PD	0	00:15:01.234	Cazyxio_v4.0 (EURUSD,M15)	2026.03.03 07:15:01 | BAR | USDCAD | close=1.36685 h4ema200=1.36882 h4slope=DOWN ema50=1.36711 atr=0.000597 atrSma=0.000832 atrRatio=0.718 dir=SHORT spread=27.0 spreadOK=YES atrGate=FAIL touch=PASS momCandle=momClosePos=0.000 momOk=Y ema50Ok=Y barRange=0.000010 trigger=YES hasPos=NO portRisk=0.00% openPos=1 | 1.366850
NJ	0	00:15:01.234	Cazyxio_v4.0 (EURUSD,M15)	2026.03.03 07:15:01 | GATE_FAIL | USDCAD | ATR gate FAIL. ATR=0.000597 ATR_SMA=0.000832 Ratio=0.718 MinRatio=0.80. Market too quiet.
FM	0	00:15:01.479	Cazyxio_v4.0 (EURUSD,M15)	2026.03.03 07:15:01 | BAR | GBPUSD | close=1.33520 h4ema200=1.35292 h4slope=DOWN ema50=1.33887 atr=0.000936 atrSma=0.001270 atrRatio=0.737 dir=SHORT spread=23.0 spreadOK=YES atrGate=FAIL touch=FAIL momCandle=momClosePos=0.500 momOk=N ema50Ok=Y barRange=0.000000 trigger=NO hasPos=NO portRisk=0.00% openPos=1 | 1.335200
GG	0	00:15:01.479	Cazyxio_v4.0 (EURUSD,M15)	2026.03.03 07:15:01 | GATE_FAIL | GBPUSD | ATR gate FAIL. ATR=0.000936 ATR_SMA=0.001270 Ratio=0.737 MinRatio=0.80. Market too quiet.
PN	0	00:15:01.479	Cazyxio_v4.0 (EURUSD,M15)	2026.03.03 07:15:01 | BAR | USDJPY | close=157.206 h4ema200=155.510 h4slope=UP ema50=157.301 atr=0.093786 atrSma=0.120709 atrRatio=0.777 dir=LONG spread=16.0 spreadOK=YES atrGate=FAIL touch=PASS momCandle=momClosePos=0.500 momOk=N ema50Ok=Y barRange=0.000000 trigger=NO hasPos=NO portRisk=0.00% openPos=1 | 157.206000
MR	0	00:15:01.479	Cazyxio_v4.0 (EURUSD,M15)	2026.03.03 07:15:01 | GATE_FAIL | USDJPY | ATR gate FAIL. ATR=0.093786 ATR_SMA=0.120709 Ratio=0.777 MinRatio=0.80. Market too quiet.
CK	0	00:15:49.143	Cazyxio_v4.0 (EURUSD,M15)	2026.03.03 07:15:49 | HEARTBEAT | SYSTEM | EA alive. Tick=26400 Equity=48714.90 OpenPos=1 UTC=2026.03.03 07:15 DayOfWeek=2 WeekendCloseActive=NO NewTradeBlocked=NO | 26400.000000
KO	0	00:17:03.738	Cazyxio_v4.0 (EURUSD,M15)	2026.03.03 07:17:03 | HEARTBEAT | SYSTEM | EA alive. Tick=26500 Equity=48734.92 OpenPos=1 UTC=2026.03.03 07:17 DayOfWeek=2 WeekendCloseActive=NO NewTradeBlocked=NO | 26500.000000
PS	0	00:18:01.035	Cazyxio_v4.0 (EURUSD,M15)	2026.03.03 07:18:01 | HEARTBEAT | SYSTEM | EA alive. Tick=26600 Equity=48734.92 OpenPos=1 UTC=2026.03.03 07:18 DayOfWeek=2 WeekendCloseActive=NO NewTradeBlocked=NO | 26600.000000
DG	0	00:19:04.822	Cazyxio_v4.0 (EURUSD,M15)	2026.03.03 07:19:04 | HEARTBEAT | SYSTEM | EA alive. Tick=26700 Equity=48756.48 OpenPos=1 UTC=2026.03.03 07:19 DayOfWeek=2 WeekendCloseActive=NO NewTradeBlocked=NO | 26700.000000
EK	0	00:19:57.504	Cazyxio_v4.0 (EURUSD,M15)	2026.03.03 07:19:57 | HEARTBEAT | SYSTEM | EA alive. Tick=26800 Equity=48747.24 OpenPos=1 UTC=2026.03.03 07:19 DayOfWeek=2 WeekendCloseActive=NO NewTradeBlocked=NO | 26800.000000
JO	0	00:21:16.682	Cazyxio_v4.0 (EURUSD,M15)	2026.03.03 07:21:16 | HEARTBEAT | SYSTEM | EA alive. Tick=26900 Equity=48722.60 OpenPos=1 UTC=2026.03.03 07:21 DayOfWeek=2 WeekendCloseActive=NO NewTradeBlocked=NO | 26900.000000
IS	0	00:22:26.620	Cazyxio_v4.0 (EURUSD,M15)	2026.03.03 07:22:26 | HEARTBEAT | SYSTEM | EA alive. Tick=27000 Equity=48714.90 OpenPos=1 UTC=2026.03.03 07:22 DayOfWeek=2 WeekendCloseActive=NO NewTradeBlocked=NO | 27000.000000
PG	0	00:23:50.455	Cazyxio_v4.0 (EURUSD,M15)	2026.03.03 07:23:50 | HEARTBEAT | SYSTEM | EA alive. Tick=27100 Equity=48645.60 OpenPos=1 UTC=2026.03.03 07:23 DayOfWeek=2 WeekendCloseActive=NO NewTradeBlocked=NO | 27100.000000
KK	0	00:24:56.343	Cazyxio_v4.0 (EURUSD,M15)	2026.03.03 07:24:56 | HEARTBEAT | SYSTEM | EA alive. Tick=27200 Equity=48653.30 OpenPos=1 UTC=2026.03.03 07:24 DayOfWeek=2 WeekendCloseActive=NO NewTradeBlocked=NO | 27200.000000
GO	0	00:25:55.549	Cazyxio_v4.0 (EURUSD,M15)	2026.03.03 07:25:55 | HEARTBEAT | SYSTEM | EA alive. Tick=27300 Equity=48721.06 OpenPos=1 UTC=2026.03.03 07:25 DayOfWeek=2 WeekendCloseActive=NO NewTradeBlocked=NO | 27300.000000
OS	0	00:26:42.054	Cazyxio_v4.0 (EURUSD,M15)	2026.03.03 07:26:42 | HEARTBEAT | SYSTEM | EA alive. Tick=27400 Equity=48717.98 OpenPos=1 UTC=2026.03.03 07:26 DayOfWeek=2 WeekendCloseActive=NO NewTradeBlocked=NO | 27400.000000
LG	0	00:27:48.137	Cazyxio_v4.0 (EURUSD,M15)	2026.03.03 07:27:48 | HEARTBEAT | SYSTEM | EA alive. Tick=27500 Equity=48687.18 OpenPos=1 UTC=2026.03.03 07:27 DayOfWeek=2 WeekendCloseActive=NO NewTradeBlocked=NO | 27500.000000
RK	0	00:29:02.226	Cazyxio_v4.0 (EURUSD,M15)	2026.03.03 07:29:02 | HEARTBEAT | SYSTEM | EA alive. Tick=27600 Equity=48674.86 OpenPos=1 UTC=2026.03.03 07:29 DayOfWeek=2 WeekendCloseActive=NO NewTradeBlocked=NO | 27600.000000
JS	0	00:30:01.173	Cazyxio_v4.0 (EURUSD,M15)	2026.03.03 07:30:01 | BAR | EURUSD | close=1.16566 h4ema200=1.17902 h4slope=DOWN ema50=1.16855 atr=0.000731 atrSma=0.000918 atrRatio=0.796 dir=SHORT spread=16.0 spreadOK=YES atrGate=FAIL touch=FAIL momCandle=momClosePos=0.500 momOk=N ema50Ok=Y barRange=0.000000 trigger=NO hasPos=NO portRisk=0.00% openPos=1 | 1.165660
OS	0	00:30:01.173	Cazyxio_v4.0 (EURUSD,M15)	2026.03.03 07:30:01 | GATE_FAIL | EURUSD | ATR gate FAIL. ATR=0.000731 ATR_SMA=0.000918 Ratio=0.796 MinRatio=0.80. Market too quiet.
EF	0	00:30:01.173	Cazyxio_v4.0 (EURUSD,M15)	2026.03.03 07:30:01 | BAR | AUDUSD | close=0.70943 h4ema200=0.69852 h4slope=UP ema50=0.70945 atr=0.000831 atrSma=0.000964 atrRatio=0.862 dir=LONG spread=19.0 spreadOK=YES atrGate=PASS touch=PASS momCandle=momClosePos=0.500 momOk=N ema50Ok=Y barRange=0.000000 trigger=NO hasPos=YES portRisk=0.00% openPos=1 | 0.709430
GP	0	00:30:01.173	Cazyxio_v4.0 (EURUSD,M15)	2026.03.03 07:30:01 | TRAIL_SKIP | AUDUSD | plannedStopDist=0, cannot trail. ticket=4338325
CM	0	00:30:01.173	Cazyxio_v4.0 (EURUSD,M15)	2026.03.03 07:30:01 | BAR | GBPJPY | close=209.945 h4ema200=210.405 h4slope=UP ema50=210.586 atr=0.140071 atrSma=0.178792 atrRatio=0.783 dir=NONE spread=38.0 spreadOK=NO atrGate=FAIL touch=FAIL momCandle= trigger=NO hasPos=NO portRisk=0.00% openPos=1 | 209.945000
RJ	0	00:30:01.173	Cazyxio_v4.0 (EURUSD,M15)	2026.03.03 07:30:01 | GATE_FAIL | GBPJPY | No directional bias. h4slope=UP closeNow=209.945 h4ema200=210.405. Need H4 slope + price on correct side of H4 EMA200.
CG	0	00:30:01.416	Cazyxio_v4.0 (EURUSD,M15)	2026.03.03 07:30:01 | BAR | GBPUSD | close=1.33439 h4ema200=1.35292 h4slope=DOWN ema50=1.33866 atr=0.000973 atrSma=0.001271 atrRatio=0.765 dir=SHORT spread=21.0 spreadOK=YES atrGate=FAIL touch=FAIL momCandle=momClosePos=0.500 momOk=N ema50Ok=Y barRange=0.000000 trigger=NO hasPos=NO portRisk=0.00% openPos=1 | 1.334390
MM	0	00:30:01.416	Cazyxio_v4.0 (EURUSD,M15)	2026.03.03 07:30:01 | GATE_FAIL | GBPUSD | ATR gate FAIL. ATR=0.000973 ATR_SMA=0.001271 Ratio=0.765 MinRatio=0.80. Market too quiet.
IH	0	00:30:01.416	Cazyxio_v4.0 (EURUSD,M15)	2026.03.03 07:30:01 | BAR | USDJPY | close=157.331 h4ema200=155.512 h4slope=UP ema50=157.307 atr=0.095643 atrSma=0.120609 atrRatio=0.793 dir=LONG spread=15.0 spreadOK=YES atrGate=FAIL touch=PASS momCandle=momClosePos=0.500 momOk=N ema50Ok=Y barRange=0.000000 trigger=NO hasPos=NO portRisk=0.00% openPos=1 | 157.331000
IH	0	00:30:01.416	Cazyxio_v4.0 (EURUSD,M15)	2026.03.03 07:30:01 | GATE_FAIL | USDJPY | ATR gate FAIL. ATR=0.095643 ATR_SMA=0.120609 Ratio=0.793 MinRatio=0.80. Market too quiet.
RH	0	00:30:01.416	Cazyxio_v4.0 (EURUSD,M15)	2026.03.03 07:30:01 | BAR | USDCAD | close=1.36742 h4ema200=1.36882 h4slope=DOWN ema50=1.36714 atr=0.000638 atrSma=0.000834 atrRatio=0.765 dir=SHORT spread=25.0 spreadOK=YES atrGate=FAIL touch=PASS momCandle=momClosePos=0.500 momOk=N ema50Ok=Y barRange=0.000000 trigger=NO hasPos=NO portRisk=0.00% openPos=1 | 1.367420
HE	0	00:30:01.416	Cazyxio_v4.0 (EURUSD,M15)	2026.03.03 07:30:01 | GATE_FAIL | USDCAD | ATR gate FAIL. ATR=0.000638 ATR_SMA=0.000834 Ratio=0.765 MinRatio=0.80. Market too quiet.
KQ	0	00:30:08.714	Cazyxio_v4.0 (EURUSD,M15)	2026.03.03 07:30:08 | HEARTBEAT | SYSTEM | EA alive. Tick=27700 Equity=48724.14 OpenPos=1 UTC=2026.03.03 07:30 DayOfWeek=2 WeekendCloseActive=NO NewTradeBlocked=NO | 27700.000000
LE	0	00:31:02.884	Cazyxio_v4.0 (EURUSD,M15)	2026.03.03 07:31:02 | HEARTBEAT | SYSTEM | EA alive. Tick=27800 Equity=48705.66 OpenPos=1 UTC=2026.03.03 07:31 DayOfWeek=2 WeekendCloseActive=NO NewTradeBlocked=NO | 27800.000000
OI	0	00:31:52.651	Cazyxio_v4.0 (EURUSD,M15)	2026.03.03 07:31:52 | HEARTBEAT | SYSTEM | EA alive. Tick=27900 Equity=48661.00 OpenPos=1 UTC=2026.03.03 07:31 DayOfWeek=2 WeekendCloseActive=NO NewTradeBlocked=NO | 27900.000000
JM	0	00:32:42.913	Cazyxio_v4.0 (EURUSD,M15)	2026.03.03 07:32:42 | HEARTBEAT | SYSTEM | EA alive. Tick=28000 Equity=48579.38 OpenPos=1 UTC=2026.03.03 07:32 DayOfWeek=2 WeekendCloseActive=NO NewTradeBlocked=NO | 28000.000000
IQ	0	00:33:28.956	Cazyxio_v4.0 (EURUSD,M15)	2026.03.03 07:33:28 | HEARTBEAT | SYSTEM | EA alive. Tick=28100 Equity=48562.44 OpenPos=1 UTC=2026.03.03 07:33 DayOfWeek=2 WeekendCloseActive=NO NewTradeBlocked=NO | 28100.000000
OE	0	00:34:18.623	Cazyxio_v4.0 (EURUSD,M15)	2026.03.03 07:34:18 | HEARTBEAT | SYSTEM | EA alive. Tick=28200 Equity=48553.20 OpenPos=1 UTC=2026.03.03 07:34 DayOfWeek=2 WeekendCloseActive=NO NewTradeBlocked=NO | 28200.000000
KI	0	00:35:29.450	Cazyxio_v4.0 (EURUSD,M15)	2026.03.03 07:35:29 | HEARTBEAT | SYSTEM | EA alive. Tick=28300 Equity=48527.02 OpenPos=1 UTC=2026.03.03 07:35 DayOfWeek=2 WeekendCloseActive=NO NewTradeBlocked=NO | 28300.000000
NM	0	00:36:31.122	Cazyxio_v4.0 (EURUSD,M15)	2026.03.03 07:36:31 | HEARTBEAT | SYSTEM | EA alive. Tick=28400 Equity=48587.08 OpenPos=1 UTC=2026.03.03 07:36 DayOfWeek=2 WeekendCloseActive=NO NewTradeBlocked=NO | 28400.000000
CQ	0	00:37:32.679	Cazyxio_v4.0 (EURUSD,M15)	2026.03.03 07:37:32 | HEARTBEAT | SYSTEM | EA alive. Tick=28500 Equity=48565.52 OpenPos=1 UTC=2026.03.03 07:37 DayOfWeek=2 WeekendCloseActive=NO NewTradeBlocked=NO | 28500.000000
JE	0	00:38:37.199	Cazyxio_v4.0 (EURUSD,M15)	2026.03.03 07:38:37 | HEARTBEAT | SYSTEM | EA alive. Tick=28600 Equity=48613.26 OpenPos=1 UTC=2026.03.03 07:38 DayOfWeek=2 WeekendCloseActive=NO NewTradeBlocked=NO | 28600.000000
NI	0	00:39:28.474	Cazyxio_v4.0 (EURUSD,M15)	2026.03.03 07:39:28 | HEARTBEAT | SYSTEM | EA alive. Tick=28700 Equity=48600.94 OpenPos=1 UTC=2026.03.03 07:39 DayOfWeek=2 WeekendCloseActive=NO NewTradeBlocked=NO | 28700.000000
FM	0	00:41:11.171	Cazyxio_v4.0 (EURUSD,M15)	2026.03.03 07:41:11 | HEARTBEAT | SYSTEM | EA alive. Tick=28800 Equity=48628.66 OpenPos=1 UTC=2026.03.03 07:41 DayOfWeek=2 WeekendCloseActive=NO NewTradeBlocked=NO | 28800.000000
HQ	0	00:41:53.804	Cazyxio_v4.0 (EURUSD,M15)	2026.03.03 07:41:53 | HEARTBEAT | SYSTEM | EA alive. Tick=28900 Equity=48565.52 OpenPos=1 UTC=2026.03.03 07:41 DayOfWeek=2 WeekendCloseActive=NO NewTradeBlocked=NO | 28900.000000
CE	0	00:42:46.121	Cazyxio_v4.0 (EURUSD,M15)	2026.03.03 07:42:46 | HEARTBEAT | SYSTEM | EA alive. Tick=29000 Equity=48577.84 OpenPos=1 UTC=2026.03.03 07:42 DayOfWeek=2 WeekendCloseActive=NO NewTradeBlocked=NO | 29000.000000
PI	0	00:43:48.865	Cazyxio_v4.0 (EURUSD,M15)	2026.03.03 07:43:48 | HEARTBEAT | SYSTEM | EA alive. Tick=29100 Equity=48633.28 OpenPos=1 UTC=2026.03.03 07:43 DayOfWeek=2 WeekendCloseActive=NO NewTradeBlocked=NO | 29100.000000
MM	0	00:44:38.433	Cazyxio_v4.0 (EURUSD,M15)	2026.03.03 07:44:38 | HEARTBEAT | SYSTEM | EA alive. Tick=29200 Equity=48650.22 OpenPos=1 UTC=2026.03.03 07:44 DayOfWeek=2 WeekendCloseActive=NO NewTradeBlocked=NO | 29200.000000
KL	0	00:45:01.221	Cazyxio_v4.0 (EURUSD,M15)	2026.03.03 07:45:01 | BAR | GBPUSD | close=1.33419 h4ema200=1.35291 h4slope=DOWN ema50=1.33848 atr=0.000991 atrSma=0.001272 atrRatio=0.779 dir=SHORT spread=24.0 spreadOK=YES atrGate=FAIL touch=FAIL momCandle=momClosePos=0.500 momOk=N ema50Ok=Y barRange=0.000000 trigger=NO hasPos=NO portRisk=0.00% openPos=1 | 1.334190
KP	0	00:45:01.221	Cazyxio_v4.0 (EURUSD,M15)	2026.03.03 07:45:01 | GATE_FAIL | GBPUSD | ATR gate FAIL. ATR=0.000991 ATR_SMA=0.001272 Ratio=0.779 MinRatio=0.80. Market too quiet.
NQ	0	00:45:01.221	Cazyxio_v4.0 (EURUSD,M15)	2026.03.03 07:45:01 | BAR | EURUSD | close=1.16521 h4ema200=1.17902 h4slope=DOWN ema50=1.16840 atr=0.000776 atrSma=0.000919 atrRatio=0.845 dir=SHORT spread=21.0 spreadOK=YES atrGate=PASS touch=FAIL momCandle=momClosePos=0.500 momOk=N ema50Ok=Y barRange=0.000000 trigger=NO hasPos=NO portRisk=0.00% openPos=1 | 1.165210
DP	0	00:45:01.221	Cazyxio_v4.0 (EURUSD,M15)	2026.03.03 07:45:01 | GATE_FAIL | EURUSD | Touch/pullback gate FAIL. Price has not approached EMA50 within last 12 bars (within 1.00 ATR). v4.0 tolerance=1.00x (widened from 0.40x).
FO	0	00:45:01.221	Cazyxio_v4.0 (EURUSD,M15)	2026.03.03 07:45:01 | BAR | AUDUSD | close=0.70904 h4ema200=0.69852 h4slope=UP ema50=0.70942 atr=0.000884 atrSma=0.000967 atrRatio=0.915 dir=LONG spread=19.0 spreadOK=YES atrGate=PASS touch=PASS momCandle=momClosePos=0.500 momOk=N ema50Ok=Y barRange=0.000000 trigger=NO hasPos=YES portRisk=0.00% openPos=1 | 0.709040
IH	0	00:45:01.221	Cazyxio_v4.0 (EURUSD,M15)	2026.03.03 07:45:01 | TRAIL_SKIP | AUDUSD | plannedStopDist=0, cannot trail. ticket=4338325
GE	0	00:45:01.221	Cazyxio_v4.0 (EURUSD,M15)	2026.03.03 07:45:01 | BAR | GBPJPY | close=209.995 h4ema200=210.406 h4slope=UP ema50=210.564 atr=0.141429 atrSma=0.178861 atrRatio=0.791 dir=NONE spread=42.0 spreadOK=NO atrGate=FAIL touch=FAIL momCandle= trigger=NO hasPos=NO portRisk=0.00% openPos=1 | 209.995000
NQ	0	00:45:01.221	Cazyxio_v4.0 (EURUSD,M15)	2026.03.03 07:45:01 | GATE_FAIL | GBPJPY | No directional bias. h4slope=UP closeNow=209.995 h4ema200=210.406. Need H4 slope + price on correct side of H4 EMA200.
CI	0	00:45:01.221	Cazyxio_v4.0 (EURUSD,M15)	2026.03.03 07:45:01 | BAR | USDCAD | close=1.36683 h4ema200=1.36882 h4slope=DOWN ema50=1.36711 atr=0.000688 atrSma=0.000837 atrRatio=0.822 dir=SHORT spread=26.0 spreadOK=YES atrGate=PASS touch=PASS momCandle=momClosePos=0.500 momOk=N ema50Ok=Y barRange=0.000000 trigger=NO hasPos=NO portRisk=0.00% openPos=1 | 1.366830
LJ	0	00:45:01.221	Cazyxio_v4.0 (EURUSD,M15)	2026.03.03 07:45:01 | GATE_FAIL | USDCAD | Momentum candle FAIL. dir=SHORT close=1.36683 ema50=1.36711 momClosePos=0.500 momOk=N ema50Ok=Y barRange=0.000000. Close not in 35% zone.
RK	0	00:45:03.807	Cazyxio_v4.0 (EURUSD,M15)	2026.03.03 07:45:03 | BAR | USDJPY | close=157.388 h4ema200=155.512 h4slope=UP ema50=157.312 atr=0.099500 atrSma=0.120508 atrRatio=0.826 dir=LONG spread=16.0 spreadOK=YES atrGate=PASS touch=PASS momCandle=momClosePos=0.500 momOk=N ema50Ok=Y barRange=0.000000 trigger=NO hasPos=NO portRisk=0.00% openPos=1 | 157.388000
PL	0	00:45:03.807	Cazyxio_v4.0 (EURUSD,M15)	2026.03.03 07:45:03 | GATE_FAIL | USDJPY | Momentum candle FAIL. dir=LONG close=157.388 ema50=157.312 momClosePos=0.500 momOk=N ema50Ok=Y barRange=0.000000. Close not in 35% zone.
MP	0	00:45:36.964	Cazyxio_v4.0 (EURUSD,M15)	2026.03.03 07:45:36 | HEARTBEAT | SYSTEM | EA alive. Tick=29300 Equity=48665.62 OpenPos=1 UTC=2026.03.03 07:45 DayOfWeek=2 WeekendCloseActive=NO NewTradeBlocked=NO | 29300.000000
OD	0	00:46:35.735	Cazyxio_v4.0 (EURUSD,M15)	2026.03.03 07:46:35 | HEARTBEAT | SYSTEM | EA alive. Tick=29400 Equity=48656.38 OpenPos=1 UTC=2026.03.03 07:46 DayOfWeek=2 WeekendCloseActive=NO NewTradeBlocked=NO | 29400.000000
DH	0	00:47:55.924	Cazyxio_v4.0 (EURUSD,M15)	2026.03.03 07:47:55 | HEARTBEAT | SYSTEM | EA alive. Tick=29500 Equity=48633.28 OpenPos=1 UTC=2026.03.03 07:47 DayOfWeek=2 WeekendCloseActive=NO NewTradeBlocked=NO | 29500.000000
HL	0	00:49:08.788	Cazyxio_v4.0 (EURUSD,M15)	2026.03.03 07:49:08 | HEARTBEAT | SYSTEM | EA alive. Tick=29600 Equity=48525.48 OpenPos=1 UTC=2026.03.03 07:49 DayOfWeek=2 WeekendCloseActive=NO NewTradeBlocked=NO | 29600.000000
NP	0	00:50:25.026	Cazyxio_v4.0 (EURUSD,M15)	2026.03.03 07:50:25 | HEARTBEAT | SYSTEM | EA alive. Tick=29700 Equity=48497.76 OpenPos=1 UTC=2026.03.03 07:50 DayOfWeek=2 WeekendCloseActive=NO NewTradeBlocked=NO | 29700.000000
DD	0	00:51:23.605	Cazyxio_v4.0 (EURUSD,M15)	2026.03.03 07:51:23 | HEARTBEAT | SYSTEM | EA alive. Tick=29800 Equity=48477.74 OpenPos=1 UTC=2026.03.03 07:51 DayOfWeek=2 WeekendCloseActive=NO NewTradeBlocked=NO | 29800.000000
IH	0	00:52:06.315	Cazyxio_v4.0 (EURUSD,M15)	2026.03.03 07:52:06 | HEARTBEAT | SYSTEM | EA alive. Tick=29900 Equity=48477.74 OpenPos=1 UTC=2026.03.03 07:52 DayOfWeek=2 WeekendCloseActive=NO NewTradeBlocked=NO | 29900.000000
RL	0	00:53:10.040	Cazyxio_v4.0 (EURUSD,M15)	2026.03.03 07:53:10 | HEARTBEAT | SYSTEM | EA alive. Tick=30000 Equity=48510.08 OpenPos=1 UTC=2026.03.03 07:53 DayOfWeek=2 WeekendCloseActive=NO NewTradeBlocked=NO | 30000.000000
CP	0	00:54:18.983	Cazyxio_v4.0 (EURUSD,M15)	2026.03.03 07:54:18 | HEARTBEAT | SYSTEM | EA alive. Tick=30100 Equity=48527.02 OpenPos=1 UTC=2026.03.03 07:54 DayOfWeek=2 WeekendCloseActive=NO NewTradeBlocked=NO | 30100.000000
FD	0	00:55:16.314	Cazyxio_v4.0 (EURUSD,M15)	2026.03.03 07:55:16 | HEARTBEAT | SYSTEM | EA alive. Tick=30200 Equity=48548.58 OpenPos=1 UTC=2026.03.03 07:55 DayOfWeek=2 WeekendCloseActive=NO NewTradeBlocked=NO | 30200.000000
KH	0	00:56:06.740	Cazyxio_v4.0 (EURUSD,M15)	2026.03.03 07:56:06 | HEARTBEAT | SYSTEM | EA alive. Tick=30300 Equity=48523.94 OpenPos=1 UTC=2026.03.03 07:56 DayOfWeek=2 WeekendCloseActive=NO NewTradeBlocked=NO | 30300.000000
EL	0	00:57:00.625	Cazyxio_v4.0 (EURUSD,M15)	2026.03.03 07:57:00 | HEARTBEAT | SYSTEM | EA alive. Tick=30400 Equity=48513.16 OpenPos=1 UTC=2026.03.03 07:57 DayOfWeek=2 WeekendCloseActive=NO NewTradeBlocked=NO | 30400.000000
FP	0	00:57:51.598	Cazyxio_v4.0 (EURUSD,M15)	2026.03.03 07:57:51 | HEARTBEAT | SYSTEM | EA alive. Tick=30500 Equity=48516.24 OpenPos=1 UTC=2026.03.03 07:57 DayOfWeek=2 WeekendCloseActive=NO NewTradeBlocked=NO | 30500.000000
CD	0	00:58:38.586	Cazyxio_v4.0 (EURUSD,M15)	2026.03.03 07:58:38 | HEARTBEAT | SYSTEM | EA alive. Tick=30600 Equity=48470.04 OpenPos=1 UTC=2026.03.03 07:58 DayOfWeek=2 WeekendCloseActive=NO NewTradeBlocked=NO | 30600.000000
FH	0	00:59:28.318	Cazyxio_v4.0 (EURUSD,M15)	2026.03.03 07:59:28 | HEARTBEAT | SYSTEM | EA alive. Tick=30700 Equity=48448.48 OpenPos=1 UTC=2026.03.03 07:59 DayOfWeek=2 WeekendCloseActive=NO NewTradeBlocked=NO | 30700.000000
IQ	0	01:00:01.219	Cazyxio_v4.0 (EURUSD,M15)	2026.03.03 08:00:01 | BAR | EURUSD | close=1.16432 h4ema200=1.17901 h4slope=DOWN ema50=1.16821 atr=0.000849 atrSma=0.000920 atrRatio=0.923 dir=SHORT spread=16.0 spreadOK=YES atrGate=PASS touch=FAIL momCandle=momClosePos=0.500 momOk=N ema50Ok=Y barRange=0.000000 trigger=NO hasPos=NO portRisk=0.00% openPos=1 | 1.164320
GP	0	01:00:01.219	Cazyxio_v4.0 (EURUSD,M15)	2026.03.03 08:00:01 | GATE_FAIL | EURUSD | Touch/pullback gate FAIL. Price has not approached EMA50 within last 12 bars (within 1.00 ATR). v4.0 tolerance=1.00x (widened from 0.40x).
OR	0	01:00:01.219	Cazyxio_v4.0 (EURUSD,M15)	2026.03.03 08:00:01 | BAR | USDJPY | close=157.412 h4ema200=155.512 h4slope=UP ema50=157.317 atr=0.107500 atrSma=0.120509 atrRatio=0.892 dir=LONG spread=19.0 spreadOK=YES atrGate=PASS touch=PASS momCandle=momClosePos=0.500 momOk=N ema50Ok=Y barRange=0.000000 trigger=NO hasPos=NO portRisk=0.00% openPos=1 | 157.412000
LD	0	01:00:01.219	Cazyxio_v4.0 (EURUSD,M15)	2026.03.03 08:00:01 | GATE_FAIL | USDJPY | Momentum candle FAIL. dir=LONG close=157.412 ema50=157.317 momClosePos=0.500 momOk=N ema50Ok=Y barRange=0.000000. Close not in 35% zone.
EE	0	01:00:01.219	Cazyxio_v4.0 (EURUSD,M15)	2026.03.03 08:00:01 | BAR | AUDUSD | close=0.70768 h4ema200=0.69850 h4slope=UP ema50=0.70930 atr=0.000965 atrSma=0.000970 atrRatio=0.995 dir=LONG spread=21.0 spreadOK=YES atrGate=PASS touch=PASS momCandle=momClosePos=0.500 momOk=N ema50Ok=Y barRange=0.000000 trigger=NO hasPos=YES portRisk=0.00% openPos=1 | 0.707680
NQ	0	01:00:01.219	Cazyxio_v4.0 (EURUSD,M15)	2026.03.03 08:00:01 | TRAIL_SKIP | AUDUSD | plannedStopDist=0, cannot trail. ticket=4338325
IK	0	01:00:01.219	Cazyxio_v4.0 (EURUSD,M15)	2026.03.03 08:00:01 | BAR | GBPJPY | close=209.896 h4ema200=210.405 h4slope=UP ema50=210.534 atr=0.156929 atrSma=0.179065 atrRatio=0.876 dir=NONE spread=48.0 spreadOK=NO atrGate=PASS touch=FAIL momCandle= trigger=NO hasPos=NO portRisk=0.00% openPos=1 | 209.896000
JK	0	01:00:01.219	Cazyxio_v4.0 (EURUSD,M15)	2026.03.03 08:00:01 | GATE_FAIL | GBPJPY | No directional bias. h4slope=UP closeNow=209.896 h4ema200=210.405. Need H4 slope + price on correct side of H4 EMA200.
KG	0	01:00:01.219	Cazyxio_v4.0 (EURUSD,M15)	2026.03.03 08:00:01 | BAR | USDCAD | close=1.36778 h4ema200=1.36883 h4slope=DOWN ema50=1.36717 atr=0.000757 atrSma=0.000840 atrRatio=0.901 dir=SHORT spread=27.0 spreadOK=YES atrGate=PASS touch=PASS momCandle=momClosePos=0.500 momOk=N ema50Ok=Y barRange=0.000000 trigger=NO hasPos=NO portRisk=0.00% openPos=1 | 1.367780
JQ	0	01:00:01.219	Cazyxio_v4.0 (EURUSD,M15)	2026.03.03 08:00:01 | GATE_FAIL | USDCAD | Momentum candle FAIL. dir=SHORT close=1.36778 ema50=1.36717 momClosePos=0.500 momOk=N ema50Ok=Y barRange=0.000000. Close not in 35% zone.
JL	0	01:00:01.463	Cazyxio_v4.0 (EURUSD,M15)	2026.03.03 08:00:01 | BAR | GBPUSD | close=1.33348 h4ema200=1.35291 h4slope=DOWN ema50=1.33825 atr=0.001044 atrSma=0.001273 atrRatio=0.820 dir=SHORT spread=23.0 spreadOK=YES atrGate=PASS touch=FAIL momCandle=momClosePos=0.500 momOk=N ema50Ok=Y barRange=0.000000 trigger=NO hasPos=NO portRisk=0.00% openPos=1 | 1.333480
KM	0	01:00:01.463	Cazyxio_v4.0 (EURUSD,M15)	2026.03.03 08:00:01 | GATE_FAIL | GBPUSD | Touch/pullback gate FAIL. Price has not approached EMA50 within last 12 bars (within 1.00 ATR). v4.0 tolerance=1.00x (widened from 0.40x).
MF	0	01:00:07.467	Cazyxio_v4.0 (EURUSD,M15)	2026.03.03 08:00:07 | HEARTBEAT | SYSTEM | EA alive. Tick=30800 Equity=48443.86 OpenPos=1 UTC=2026.03.03 08:00 DayOfWeek=2 WeekendCloseActive=NO NewTradeBlocked=NO | 30800.000000
OJ	0	01:00:44.453	Cazyxio_v4.0 (EURUSD,M15)	2026.03.03 08:00:44 | HEARTBEAT | SYSTEM | EA alive. Tick=30900 Equity=48417.68 OpenPos=1 UTC=2026.03.03 08:00 DayOfWeek=2 WeekendCloseActive=NO NewTradeBlocked=NO | 30900.000000
PN	0	01:01:31.049	Cazyxio_v4.0 (EURUSD,M15)	2026.03.03 08:01:31 | HEARTBEAT | SYSTEM | EA alive. Tick=31000 Equity=48394.58 OpenPos=1 UTC=2026.03.03 08:01 DayOfWeek=2 WeekendCloseActive=NO NewTradeBlocked=NO | 31000.000000
GR	0	01:02:16.348	Cazyxio_v4.0 (EURUSD,M15)	2026.03.03 08:02:16 | HEARTBEAT | SYSTEM | EA alive. Tick=31100 Equity=48426.92 OpenPos=1 UTC=2026.03.03 08:02 DayOfWeek=2 WeekendCloseActive=NO NewTradeBlocked=NO | 31100.000000
IF	0	01:03:12.451	Cazyxio_v4.0 (EURUSD,M15)	2026.03.03 08:03:12 | HEARTBEAT | SYSTEM | EA alive. Tick=31200 Equity=48477.74 OpenPos=1 UTC=2026.03.03 08:03 DayOfWeek=2 WeekendCloseActive=NO NewTradeBlocked=NO | 31200.000000
IJ	0	01:03:59.531	Cazyxio_v4.0 (EURUSD,M15)	2026.03.03 08:03:59 | HEARTBEAT | SYSTEM | EA alive. Tick=31300 Equity=48479.28 OpenPos=1 UTC=2026.03.03 08:03 DayOfWeek=2 WeekendCloseActive=NO NewTradeBlocked=NO | 31300.000000
IN	0	01:04:59.071	Cazyxio_v4.0 (EURUSD,M15)	2026.03.03 08:04:59 | HEARTBEAT | SYSTEM | EA alive. Tick=31400 Equity=48416.14 OpenPos=1 UTC=2026.03.03 08:04 DayOfWeek=2 WeekendCloseActive=NO NewTradeBlocked=NO | 31400.000000
JR	0	01:05:39.456	Cazyxio_v4.0 (EURUSD,M15)	2026.03.03 08:05:39 | HEARTBEAT | SYSTEM | EA alive. Tick=31500 Equity=48420.76 OpenPos=1 UTC=2026.03.03 08:05 DayOfWeek=2 WeekendCloseActive=NO NewTradeBlocked=NO | 31500.000000
JF	0	01:06:27.569	Cazyxio_v4.0 (EURUSD,M15)	2026.03.03 08:06:27 | HEARTBEAT | SYSTEM | EA alive. Tick=31600 Equity=48423.84 OpenPos=1 UTC=2026.03.03 08:06 DayOfWeek=2 WeekendCloseActive=NO NewTradeBlocked=NO | 31600.000000
FJ	0	01:07:28.108	Cazyxio_v4.0 (EURUSD,M15)	2026.03.03 08:07:28 | HEARTBEAT | SYSTEM | EA alive. Tick=31700 Equity=48396.12 OpenPos=1 UTC=2026.03.03 08:07 DayOfWeek=2 WeekendCloseActive=NO NewTradeBlocked=NO | 31700.000000
RN	0	01:08:17.768	Cazyxio_v4.0 (EURUSD,M15)	2026.03.03 08:08:17 | HEARTBEAT | SYSTEM | EA alive. Tick=31800 Equity=48408.44 OpenPos=1 UTC=2026.03.03 08:08 DayOfWeek=2 WeekendCloseActive=NO NewTradeBlocked=NO | 31800.000000
IR	0	01:09:06.462	Cazyxio_v4.0 (EURUSD,M15)	2026.03.03 08:09:06 | HEARTBEAT | SYSTEM | EA alive. Tick=31900 Equity=48443.86 OpenPos=1 UTC=2026.03.03 08:09 DayOfWeek=2 WeekendCloseActive=NO NewTradeBlocked=NO | 31900.000000
IF	0	01:09:54.907	Cazyxio_v4.0 (EURUSD,M15)	2026.03.03 08:09:54 | HEARTBEAT | SYSTEM | EA alive. Tick=32000 Equity=48473.12 OpenPos=1 UTC=2026.03.03 08:09 DayOfWeek=2 WeekendCloseActive=NO NewTradeBlocked=NO | 32000.000000
NJ	0	01:10:35.568	Cazyxio_v4.0 (EURUSD,M15)	2026.03.03 08:10:35 | HEARTBEAT | SYSTEM | EA alive. Tick=32100 Equity=48450.02 OpenPos=1 UTC=2026.03.03 08:10 DayOfWeek=2 WeekendCloseActive=NO NewTradeBlocked=NO | 32100.000000
HN	0	01:11:21.936	Cazyxio_v4.0 (EURUSD,M15)	2026.03.03 08:11:21 | HEARTBEAT | SYSTEM | EA alive. Tick=32200 Equity=48426.92 OpenPos=1 UTC=2026.03.03 08:11 DayOfWeek=2 WeekendCloseActive=NO NewTradeBlocked=NO | 32200.000000
DR	0	01:12:29.314	Cazyxio_v4.0 (EURUSD,M15)	2026.03.03 08:12:29 | HEARTBEAT | SYSTEM | EA alive. Tick=32300 Equity=48416.14 OpenPos=1 UTC=2026.03.03 08:12 DayOfWeek=2 WeekendCloseActive=NO NewTradeBlocked=NO | 32300.000000
NF	0	01:13:10.757	Cazyxio_v4.0 (EURUSD,M15)	2026.03.03 08:13:10 | HEARTBEAT | SYSTEM | EA alive. Tick=32400 Equity=48380.72 OpenPos=1 UTC=2026.03.03 08:13 DayOfWeek=2 WeekendCloseActive=NO NewTradeBlocked=NO | 32400.000000
JJ	0	01:13:53.147	Cazyxio_v4.0 (EURUSD,M15)	2026.03.03 08:13:53 | HEARTBEAT | SYSTEM | EA alive. Tick=32500 Equity=48388.42 OpenPos=1 UTC=2026.03.03 08:13 DayOfWeek=2 WeekendCloseActive=NO NewTradeBlocked=NO | 32500.000000
QN	0	01:14:56.427	Cazyxio_v4.0 (EURUSD,M15)	2026.03.03 08:14:56 | HEARTBEAT | SYSTEM | EA alive. Tick=32600 Equity=48359.16 OpenPos=1 UTC=2026.03.03 08:14 DayOfWeek=2 WeekendCloseActive=NO NewTradeBlocked=NO | 32600.000000
FO	0	01:15:01.061	Cazyxio_v4.0 (EURUSD,M15)	2026.03.03 08:15:01 | BAR | EURUSD | close=1.16324 h4ema200=1.17900 h4slope=DOWN ema50=1.16797 atr=0.000894 atrSma=0.000921 atrRatio=0.970 dir=SHORT spread=18.0 spreadOK=YES atrGate=PASS touch=FAIL momCandle=momClosePos=0.500 momOk=N ema50Ok=Y barRange=0.000000 trigger=NO hasPos=NO portRisk=0.00% openPos=1 | 1.163240
NJ	0	01:15:01.061	Cazyxio_v4.0 (EURUSD,M15)	2026.03.03 08:15:01 | GATE_FAIL | EURUSD | Touch/pullback gate FAIL. Price has not approached EMA50 within last 12 bars (within 1.00 ATR). v4.0 tolerance=1.00x (widened from 0.40x).
FD	0	01:15:01.309	Cazyxio_v4.0 (EURUSD,M15)	2026.03.03 08:15:01 | BAR | GBPUSD | close=1.33143 h4ema200=1.35289 h4slope=DOWN ema50=1.33791 atr=0.001151 atrSma=0.001275 atrRatio=0.902 dir=SHORT spread=23.0 spreadOK=YES atrGate=PASS touch=FAIL momCandle=momClosePos=0.500 momOk=N ema50Ok=Y barRange=0.000000 trigger=NO hasPos=NO portRisk=0.00% openPos=1 | 1.331430
JE	0	01:15:01.309	Cazyxio_v4.0 (EURUSD,M15)	2026.03.03 08:15:01 | GATE_FAIL | GBPUSD | Touch/pullback gate FAIL. Price has not approached EMA50 within last 12 bars (within 1.00 ATR). v4.0 tolerance=1.00x (widened from 0.40x).
PN	0	01:15:01.309	Cazyxio_v4.0 (EURUSD,M15)	2026.03.03 08:15:01 | BAR | USDJPY | close=157.425 h4ema200=155.513 h4slope=UP ema50=157.322 atr=0.117214 atrSma=0.120641 atrRatio=0.972 dir=LONG spread=18.0 spreadOK=YES atrGate=PASS touch=PASS momCandle=momClosePos=0.500 momOk=N ema50Ok=Y barRange=0.000000 trigger=NO hasPos=NO portRisk=0.00% openPos=1 | 157.425000
JS	0	01:15:01.309	Cazyxio_v4.0 (EURUSD,M15)	2026.03.03 08:15:01 | GATE_FAIL | USDJPY | Momentum candle FAIL. dir=LONG close=157.425 ema50=157.322 momClosePos=0.500 momOk=N ema50Ok=Y barRange=0.000000. Close not in 35% zone.
EI	0	01:15:01.309	Cazyxio_v4.0 (EURUSD,M15)	2026.03.03 08:15:01 | BAR | AUDUSD | close=0.70699 h4ema200=0.69850 h4slope=UP ema50=0.70918 atr=0.000981 atrSma=0.000972 atrRatio=1.009 dir=LONG spread=19.0 spreadOK=YES atrGate=PASS touch=PASS momCandle=momClosePos=0.500 momOk=N ema50Ok=Y barRange=0.000000 trigger=NO hasPos=YES portRisk=0.00% openPos=1 | 0.706990
JE	0	01:15:01.309	Cazyxio_v4.0 (EURUSD,M15)	2026.03.03 08:15:01 | TRAIL_SKIP | AUDUSD | plannedStopDist=0, cannot trail. ticket=4338325
FG	0	01:15:01.309	Cazyxio_v4.0 (EURUSD,M15)	2026.03.03 08:15:01 | BAR | GBPJPY | close=209.597 h4ema200=210.402 h4slope=UP ema50=210.486 atr=0.185000 atrSma=0.179592 atrRatio=1.030 dir=NONE spread=44.0 spreadOK=NO atrGate=PASS touch=FAIL momCandle= trigger=NO hasPos=NO portRisk=0.00% openPos=1 | 209.597000
KO	0	01:15:01.309	Cazyxio_v4.0 (EURUSD,M15)	2026.03.03 08:15:01 | GATE_FAIL | GBPJPY | No directional bias. h4slope=UP closeNow=209.597 h4ema200=210.402. Need H4 slope + price on correct side of H4 EMA200.
HJ	0	01:15:01.309	Cazyxio_v4.0 (EURUSD,M15)	2026.03.03 08:15:01 | BAR | USDCAD | close=1.36842 h4ema200=1.36883 h4slope=DOWN ema50=1.36724 atr=0.000776 atrSma=0.000843 atrRatio=0.921 dir=SHORT spread=24.0 spreadOK=YES atrGate=PASS touch=PASS momCandle=momClosePos=0.500 momOk=N ema50Ok=Y barRange=0.000000 trigger=NO hasPos=NO portRisk=0.00% openPos=1 | 1.368420
PE	0	01:15:01.309	Cazyxio_v4.0 (EURUSD,M15)	2026.03.03 08:15:01 | GATE_FAIL | USDCAD | Momentum candle FAIL. dir=SHORT close=1.36842 ema50=1.36724 momClosePos=0.500 momOk=N ema50Ok=Y barRange=0.000000. Close not in 35% zone.
FL	0	01:15:45.698	Cazyxio_v4.0 (EURUSD,M15)	2026.03.03 08:15:45 | HEARTBEAT | SYSTEM | EA alive. Tick=32700 Equity=48351.46 OpenPos=0 UTC=2026.03.03 08:15 DayOfWeek=2 WeekendCloseActive=NO NewTradeBlocked=NO | 32700.000000
FP	0	01:16:32.026	Cazyxio_v4.0 (EURUSD,M15)	2026.03.03 08:16:32 | HEARTBEAT | SYSTEM | EA alive. Tick=32800 Equity=48351.46 OpenPos=0 UTC=2026.03.03 08:16 DayOfWeek=2 WeekendCloseActive=NO NewTradeBlocked=NO | 32800.000000
QD	0	01:17:35.945	Cazyxio_v4.0 (EURUSD,M15)	2026.03.03 08:17:35 | HEARTBEAT | SYSTEM | EA alive. Tick=32900 Equity=48351.46 OpenPos=0 UTC=2026.03.03 08:17 DayOfWeek=2 WeekendCloseActive=NO NewTradeBlocked=NO | 32900.000000
DH	0	01:18:17.383	Cazyxio_v4.0 (EURUSD,M15)	2026.03.03 08:18:17 | HEARTBEAT | SYSTEM | EA alive. Tick=33000 Equity=48351.46 OpenPos=0 UTC=2026.03.03 08:18 DayOfWeek=2 WeekendCloseActive=NO NewTradeBlocked=NO | 33000.000000
GL	0	01:19:17.851	Cazyxio_v4.0 (EURUSD,M15)	2026.03.03 08:19:17 | HEARTBEAT | SYSTEM | EA alive. Tick=33100 Equity=48351.46 OpenPos=0 UTC=2026.03.03 08:19 DayOfWeek=2 WeekendCloseActive=NO NewTradeBlocked=NO | 33100.000000
GP	0	01:20:01.134	Cazyxio_v4.0 (EURUSD,M15)	2026.03.03 08:20:01 | HEARTBEAT | SYSTEM | EA alive. Tick=33200 Equity=48351.46 OpenPos=0 UTC=2026.03.03 08:20 DayOfWeek=2 WeekendCloseActive=NO NewTradeBlocked=NO | 33200.000000
RD	0	01:20:53.058	Cazyxio_v4.0 (EURUSD,M15)	2026.03.03 08:20:53 | HEARTBEAT | SYSTEM | EA alive. Tick=33300 Equity=48351.46 OpenPos=0 UTC=2026.03.03 08:20 DayOfWeek=2 WeekendCloseActive=NO NewTradeBlocked=NO | 33300.000000
DH	0	01:22:09.706	Cazyxio_v4.0 (EURUSD,M15)	2026.03.03 08:22:09 | HEARTBEAT | SYSTEM | EA alive. Tick=33400 Equity=48351.46 OpenPos=0 UTC=2026.03.03 08:22 DayOfWeek=2 WeekendCloseActive=NO NewTradeBlocked=NO | 33400.000000
JL	0	01:23:07.633	Cazyxio_v4.0 (EURUSD,M15)	2026.03.03 08:23:07 | HEARTBEAT | SYSTEM | EA alive. Tick=33500 Equity=48351.46 OpenPos=0 UTC=2026.03.03 08:23 DayOfWeek=2 WeekendCloseActive=NO NewTradeBlocked=NO | 33500.000000
IP	0	01:24:11.752	Cazyxio_v4.0 (EURUSD,M15)	2026.03.03 08:24:11 | HEARTBEAT | SYSTEM | EA alive. Tick=33600 Equity=48351.46 OpenPos=0 UTC=2026.03.03 08:24 DayOfWeek=2 WeekendCloseActive=NO NewTradeBlocked=NO | 33600.000000
ID	0	01:25:09.100	Cazyxio_v4.0 (EURUSD,M15)	2026.03.03 08:25:09 | HEARTBEAT | SYSTEM | EA alive. Tick=33700 Equity=48351.46 OpenPos=0 UTC=2026.03.03 08:25 DayOfWeek=2 WeekendCloseActive=NO NewTradeBlocked=NO | 33700.000000
MH	0	01:25:57.940	Cazyxio_v4.0 (EURUSD,M15)	2026.03.03 08:25:57 | HEARTBEAT | SYSTEM | EA alive. Tick=33800 Equity=48351.46 OpenPos=0 UTC=2026.03.03 08:25 DayOfWeek=2 WeekendCloseActive=NO NewTradeBlocked=NO | 33800.000000
GL	0	01:26:48.123	Cazyxio_v4.0 (EURUSD,M15)	2026.03.03 08:26:48 | HEARTBEAT | SYSTEM | EA alive. Tick=33900 Equity=48351.46 OpenPos=0 UTC=2026.03.03 08:26 DayOfWeek=2 WeekendCloseActive=NO NewTradeBlocked=NO | 33900.000000
FP	0	01:27:43.699	Cazyxio_v4.0 (EURUSD,M15)	2026.03.03 08:27:43 | HEARTBEAT | SYSTEM | EA alive. Tick=34000 Equity=48351.46 OpenPos=0 UTC=2026.03.03 08:27 DayOfWeek=2 WeekendCloseActive=NO NewTradeBlocked=NO | 34000.000000
PD	0	01:28:39.755	Cazyxio_v4.0 (EURUSD,M15)	2026.03.03 08:28:39 | HEARTBEAT | SYSTEM | EA alive. Tick=34100 Equity=48351.46 OpenPos=0 UTC=2026.03.03 08:28 DayOfWeek=2 WeekendCloseActive=NO NewTradeBlocked=NO | 34100.000000
PH	0	01:29:44.251	Cazyxio_v4.0 (EURUSD,M15)	2026.03.03 08:29:44 | HEARTBEAT | SYSTEM | EA alive. Tick=34200 Equity=48351.46 OpenPos=0 UTC=2026.03.03 08:29 DayOfWeek=2 WeekendCloseActive=NO NewTradeBlocked=NO | 34200.000000
HQ	0	01:30:01.140	Cazyxio_v4.0 (EURUSD,M15)	2026.03.03 08:30:01 | BAR | EURUSD | close=1.16284 h4ema200=1.17899 h4slope=DOWN ema50=1.16775 atr=0.000907 atrSma=0.000921 atrRatio=0.985 dir=SHORT spread=17.0 spreadOK=YES atrGate=PASS touch=FAIL momCandle=momClosePos=0.500 momOk=N ema50Ok=Y barRange=0.000000 trigger=NO hasPos=NO portRisk=0.00% openPos=0 | 1.162840
RP	0	01:30:01.140	Cazyxio_v4.0 (EURUSD,M15)	2026.03.03 08:30:01 | GATE_FAIL | EURUSD | Touch/pullback gate FAIL. Price has not approached EMA50 within last 12 bars (within 1.00 ATR). v4.0 tolerance=1.00x (widened from 0.40x).
CR	0	01:30:01.140	Cazyxio_v4.0 (EURUSD,M15)	2026.03.03 08:30:01 | BAR | USDJPY | close=157.507 h4ema200=155.513 h4slope=UP ema50=157.332 atr=0.124500 atrSma=0.120793 atrRatio=1.031 dir=LONG spread=19.0 spreadOK=YES atrGate=PASS touch=PASS momCandle=momClosePos=0.500 momOk=N ema50Ok=Y barRange=0.000000 trigger=NO hasPos=NO portRisk=0.00% openPos=0 | 157.507000
KG	0	01:30:01.140	Cazyxio_v4.0 (EURUSD,M15)	2026.03.03 08:30:01 | GATE_FAIL | USDJPY | Momentum candle FAIL. dir=LONG close=157.507 ema50=157.332 momClosePos=0.500 momOk=N ema50Ok=Y barRange=0.000000. Close not in 35% zone.
QD	0	01:30:01.140	Cazyxio_v4.0 (EURUSD,M15)	2026.03.03 08:30:01 | BAR | USDCAD | close=1.36876 h4ema200=1.36884 h4slope=DOWN ema50=1.36731 atr=0.000791 atrSma=0.000846 atrRatio=0.935 dir=SHORT spread=25.0 spreadOK=YES atrGate=PASS touch=PASS momCandle=momClosePos=0.500 momOk=N ema50Ok=Y barRange=0.000000 trigger=NO hasPos=NO portRisk=0.00% openPos=0 | 1.368760
RP	0	01:30:01.140	Cazyxio_v4.0 (EURUSD,M15)	2026.03.03 08:30:01 | GATE_FAIL | USDCAD | Momentum candle FAIL. dir=SHORT close=1.36876 ema50=1.36731 momClosePos=0.500 momOk=N ema50Ok=Y barRange=0.000000. Close not in 35% zone.
MM	0	01:30:01.359	Cazyxio_v4.0 (EURUSD,M15)	2026.03.03 08:30:01 | BAR | GBPUSD | close=1.33112 h4ema200=1.35288 h4slope=DOWN ema50=1.33763 atr=0.001174 atrSma=0.001276 atrRatio=0.920 dir=SHORT spread=20.0 spreadOK=YES atrGate=PASS touch=FAIL momCandle=momClosePos=0.500 momOk=N ema50Ok=Y barRange=0.000000 trigger=NO hasPos=NO portRisk=0.00% openPos=0 | 1.331120
GL	0	01:30:01.359	Cazyxio_v4.0 (EURUSD,M15)	2026.03.03 08:30:01 | GATE_FAIL | GBPUSD | Touch/pullback gate FAIL. Price has not approached EMA50 within last 12 bars (within 1.00 ATR). v4.0 tolerance=1.00x (widened from 0.40x).
HF	0	01:30:01.359	Cazyxio_v4.0 (EURUSD,M15)	2026.03.03 08:30:01 | BAR | AUDUSD | close=0.70662 h4ema200=0.69849 h4slope=UP ema50=0.70907 atr=0.001008 atrSma=0.000974 atrRatio=1.034 dir=LONG spread=19.0 spreadOK=YES atrGate=PASS touch=PASS momCandle=momClosePos=0.500 momOk=N ema50Ok=Y barRange=0.000000 trigger=NO hasPos=NO portRisk=0.00% openPos=0 | 0.706620
RI	0	01:30:01.359	Cazyxio_v4.0 (EURUSD,M15)	2026.03.03 08:30:01 | GATE_FAIL | AUDUSD | Momentum candle FAIL. dir=LONG close=0.70662 ema50=0.70907 momClosePos=0.500 momOk=N ema50Ok=Y barRange=0.000000. Close not in 35% zone.
RM	0	01:30:01.359	Cazyxio_v4.0 (EURUSD,M15)	2026.03.03 08:30:01 | BAR | GBPJPY | close=209.665 h4ema200=210.402 h4slope=UP ema50=210.457 atr=0.194571 atrSma=0.179951 atrRatio=1.081 dir=NONE spread=42.0 spreadOK=NO atrGate=PASS touch=FAIL momCandle= trigger=NO hasPos=NO portRisk=0.00% openPos=0 | 209.665000
NI	0	01:30:01.359	Cazyxio_v4.0 (EURUSD,M15)	2026.03.03 08:30:01 | GATE_FAIL | GBPJPY | No directional bias. h4slope=UP closeNow=209.665 h4ema200=210.402. Need H4 slope + price on correct side of H4 EMA200.
MM	0	01:30:32.014	Cazyxio_v4.0 (EURUSD,M15)	2026.03.03 08:30:32 | HEARTBEAT | SYSTEM | EA alive. Tick=34300 Equity=48351.46 OpenPos=0 UTC=2026.03.03 08:30 DayOfWeek=2 WeekendCloseActive=NO NewTradeBlocked=NO | 34300.000000
HQ	0	01:31:28.380	Cazyxio_v4.0 (EURUSD,M15)	2026.03.03 08:31:28 | HEARTBEAT | SYSTEM | EA alive. Tick=34400 Equity=48351.46 OpenPos=0 UTC=2026.03.03 08:31 DayOfWeek=2 WeekendCloseActive=NO NewTradeBlocked=NO | 34400.000000
KE	0	01:32:07.533	Cazyxio_v4.0 (EURUSD,M15)	2026.03.03 08:32:07 | HEARTBEAT | SYSTEM | EA alive. Tick=34500 Equity=48351.46 OpenPos=0 UTC=2026.03.03 08:32 DayOfWeek=2 WeekendCloseActive=NO NewTradeBlocked=NO | 34500.000000
NI	0	01:33:06.117	Cazyxio_v4.0 (EURUSD,M15)	2026.03.03 08:33:06 | HEARTBEAT | SYSTEM | EA alive. Tick=34600 Equity=48351.46 OpenPos=0 UTC=2026.03.03 08:33 DayOfWeek=2 WeekendCloseActive=NO NewTradeBlocked=NO | 34600.000000
RM	0	01:34:06.703	Cazyxio_v4.0 (EURUSD,M15)	2026.03.03 08:34:06 | HEARTBEAT | SYSTEM | EA alive. Tick=34700 Equity=48351.46 OpenPos=0 UTC=2026.03.03 08:34 DayOfWeek=2 WeekendCloseActive=NO NewTradeBlocked=NO | 34700.000000
MQ	0	01:34:52.881	Cazyxio_v4.0 (EURUSD,M15)	2026.03.03 08:34:52 | HEARTBEAT | SYSTEM | EA alive. Tick=34800 Equity=48351.46 OpenPos=0 UTC=2026.03.03 08:34 DayOfWeek=2 WeekendCloseActive=NO NewTradeBlocked=NO | 34800.000000
JE	0	01:35:50.739	Cazyxio_v4.0 (EURUSD,M15)	2026.03.03 08:35:50 | HEARTBEAT | SYSTEM | EA alive. Tick=34900 Equity=48351.46 OpenPos=0 UTC=2026.03.03 08:35 DayOfWeek=2 WeekendCloseActive=NO NewTradeBlocked=NO | 34900.000000
RI	0	01:36:43.547	Cazyxio_v4.0 (EURUSD,M15)	2026.03.03 08:36:43 | HEARTBEAT | SYSTEM | EA alive. Tick=35000 Equity=48351.46 OpenPos=0 UTC=2026.03.03 08:36 DayOfWeek=2 WeekendCloseActive=NO NewTradeBlocked=NO | 35000.000000
LM	0	01:37:39.441	Cazyxio_v4.0 (EURUSD,M15)	2026.03.03 08:37:39 | HEARTBEAT | SYSTEM | EA alive. Tick=35100 Equity=48351.46 OpenPos=0 UTC=2026.03.03 08:37 DayOfWeek=2 WeekendCloseActive=NO NewTradeBlocked=NO | 35100.000000
EQ	0	01:38:31.306	Cazyxio_v4.0 (EURUSD,M15)	2026.03.03 08:38:31 | HEARTBEAT | SYSTEM | EA alive. Tick=35200 Equity=48351.46 OpenPos=0 UTC=2026.03.03 08:38 DayOfWeek=2 WeekendCloseActive=NO NewTradeBlocked=NO | 35200.000000
IE	0	01:39:24.541	Cazyxio_v4.0 (EURUSD,M15)	2026.03.03 08:39:24 | HEARTBEAT | SYSTEM | EA alive. Tick=35300 Equity=48351.46 OpenPos=0 UTC=2026.03.03 08:39 DayOfWeek=2 WeekendCloseActive=NO NewTradeBlocked=NO | 35300.000000
JI	0	01:40:10.384	Cazyxio_v4.0 (EURUSD,M15)	2026.03.03 08:40:10 | HEARTBEAT | SYSTEM | EA alive. Tick=35400 Equity=48351.46 OpenPos=0 UTC=2026.03.03 08:40 DayOfWeek=2 WeekendCloseActive=NO NewTradeBlocked=NO | 35400.000000
JM	0	01:40:56.593	Cazyxio_v4.0 (EURUSD,M15)	2026.03.03 08:40:56 | HEARTBEAT | SYSTEM | EA alive. Tick=35500 Equity=48351.46 OpenPos=0 UTC=2026.03.03 08:40 DayOfWeek=2 WeekendCloseActive=NO NewTradeBlocked=NO | 35500.000000
JQ	0	01:41:44.284	Cazyxio_v4.0 (EURUSD,M15)	2026.03.03 08:41:44 | HEARTBEAT | SYSTEM | EA alive. Tick=35600 Equity=48351.46 OpenPos=0 UTC=2026.03.03 08:41 DayOfWeek=2 WeekendCloseActive=NO NewTradeBlocked=NO | 35600.000000
LE	0	01:42:29.289	Cazyxio_v4.0 (EURUSD,M15)	2026.03.03 08:42:29 | HEARTBEAT | SYSTEM | EA alive. Tick=35700 Equity=48351.46 OpenPos=0 UTC=2026.03.03 08:42 DayOfWeek=2 WeekendCloseActive=NO NewTradeBlocked=NO | 35700.000000
QI	0	01:43:18.885	Cazyxio_v4.0 (EURUSD,M15)	2026.03.03 08:43:18 | HEARTBEAT | SYSTEM | EA alive. Tick=35800 Equity=48351.46 OpenPos=0 UTC=2026.03.03 08:43 DayOfWeek=2 WeekendCloseActive=NO NewTradeBlocked=NO | 35800.000000
KM	0	01:44:05.361	Cazyxio_v4.0 (EURUSD,M15)	2026.03.03 08:44:05 | HEARTBEAT | SYSTEM | EA alive. Tick=35900 Equity=48351.46 OpenPos=0 UTC=2026.03.03 08:44 DayOfWeek=2 WeekendCloseActive=NO NewTradeBlocked=NO | 35900.000000
OQ	0	01:44:59.880	Cazyxio_v4.0 (EURUSD,M15)	2026.03.03 08:44:59 | HEARTBEAT | SYSTEM | EA alive. Tick=36000 Equity=48351.46 OpenPos=0 UTC=2026.03.03 08:44 DayOfWeek=2 WeekendCloseActive=NO NewTradeBlocked=NO | 36000.000000
LH	0	01:45:01.129	Cazyxio_v4.0 (EURUSD,M15)	2026.03.03 08:45:01 | BAR | EURUSD | close=1.16229 h4ema200=1.17899 h4slope=DOWN ema50=1.16752 atr=0.000983 atrSma=0.000922 atrRatio=1.066 dir=SHORT spread=17.0 spreadOK=YES atrGate=PASS touch=FAIL momCandle=momClosePos=0.500 momOk=N ema50Ok=Y barRange=0.000000 trigger=NO hasPos=NO portRisk=0.00% openPos=0 | 1.162290
OH	0	01:45:01.129	Cazyxio_v4.0 (EURUSD,M15)	2026.03.03 08:45:01 | GATE_FAIL | EURUSD | Touch/pullback gate FAIL. Price has not approached EMA50 within last 12 bars (within 1.00 ATR). v4.0 tolerance=1.00x (widened from 0.40x).
RJ	0	01:45:01.129	Cazyxio_v4.0 (EURUSD,M15)	2026.03.03 08:45:01 | BAR | GBPJPY | close=209.622 h4ema200=210.402 h4slope=UP ema50=210.422 atr=0.197857 atrSma=0.180126 atrRatio=1.098 dir=NONE spread=43.0 spreadOK=NO atrGate=PASS touch=FAIL momCandle= trigger=NO hasPos=NO portRisk=0.00% openPos=0 | 209.622000
NK	0	01:45:01.129	Cazyxio_v4.0 (EURUSD,M15)	2026.03.03 08:45:01 | GATE_FAIL | GBPJPY | No directional bias. h4slope=UP closeNow=209.622 h4ema200=210.402. Need H4 slope + price on correct side of H4 EMA200.
FF	0	01:45:01.129	Cazyxio_v4.0 (EURUSD,M15)	2026.03.03 08:45:01 | BAR | USDCAD | close=1.36923 h4ema200=1.36884 h4slope=DOWN ema50=1.36741 atr=0.000826 atrSma=0.000849 atrRatio=0.974 dir=NONE spread=24.0 spreadOK=YES atrGate=PASS touch=FAIL momCandle= trigger=NO hasPos=NO portRisk=0.00% openPos=0 | 1.369230
OL	0	01:45:01.129	Cazyxio_v4.0 (EURUSD,M15)	2026.03.03 08:45:01 | GATE_FAIL | USDCAD | No directional bias. h4slope=DOWN closeNow=1.36923 h4ema200=1.36884. Need H4 slope + price on correct side of H4 EMA200.
DD	0	01:45:01.382	Cazyxio_v4.0 (EURUSD,M15)	2026.03.03 08:45:01 | BAR | GBPUSD | close=1.33076 h4ema200=1.35288 h4slope=DOWN ema50=1.33734 atr=0.001254 atrSma=0.001276 atrRatio=0.983 dir=SHORT spread=21.0 spreadOK=YES atrGate=PASS touch=FAIL momCandle=momClosePos=0.500 momOk=N ema50Ok=Y barRange=0.000000 trigger=NO hasPos=NO portRisk=0.00% openPos=0 | 1.330760
GE	0	01:45:01.382	Cazyxio_v4.0 (EURUSD,M15)	2026.03.03 08:45:01 | GATE_FAIL | GBPUSD | Touch/pullback gate FAIL. Price has not approached EMA50 within last 12 bars (within 1.00 ATR). v4.0 tolerance=1.00x (widened from 0.40x).
LN	0	01:45:01.382	Cazyxio_v4.0 (EURUSD,M15)	2026.03.03 08:45:01 | BAR | USDJPY | close=157.521 h4ema200=155.514 h4slope=UP ema50=157.340 atr=0.128643 atrSma=0.120974 atrRatio=1.063 dir=LONG spread=16.0 spreadOK=YES atrGate=PASS touch=PASS momCandle=momClosePos=0.500 momOk=N ema50Ok=Y barRange=0.000000 trigger=NO hasPos=NO portRisk=0.00% openPos=0 | 157.521000
HS	0	01:45:01.382	Cazyxio_v4.0 (EURUSD,M15)	2026.03.03 08:45:01 | GATE_FAIL | USDJPY | Momentum candle FAIL. dir=LONG close=157.521 ema50=157.340 momClosePos=0.500 momOk=N ema50Ok=Y barRange=0.000000. Close not in 35% zone.
IH	0	01:45:01.768	Cazyxio_v4.0 (EURUSD,M15)	2026.03.03 08:45:01 | BAR | AUDUSD | close=0.70564 h4ema200=0.69848 h4slope=UP ema50=0.70890 atr=0.001079 atrSma=0.000978 atrRatio=1.103 dir=LONG spread=18.0 spreadOK=YES atrGate=PASS touch=PASS momCandle=momClosePos=1.000 momOk=Y ema50Ok=Y barRange=0.000020 trigger=YES hasPos=NO portRisk=0.00% openPos=0 | 0.705640
LD	0	01:45:01.768	Cazyxio_v4.0 (EURUSD,M15)	2026.03.03 08:45:01 | SIGNAL | AUDUSD | VALID SIGNAL: LONG entry=0.70582 sl=0.70409 tp=0.71013 stopDist=0.00173 lots=1.40 riskPct=0.50 R:R=2.50 trailActivatesAt=0.00259 profit | 0.705820
DI	0	01:45:01.905	Cazyxio_v4.0 (EURUSD,M15)	2026.03.03 08:45:01 | ORDER_PLACED | AUDUSD | BUY lots=1.40 entry=0.70582 sl=0.70409 tp=0.71013 ticket=4342145 | 1.400000
QG	0	01:45:44.570	Cazyxio_v4.0 (EURUSD,M15)	2026.03.03 08:45:44 | HEARTBEAT | SYSTEM | EA alive. Tick=36100 Equity=48315.06 OpenPos=1 UTC=2026.03.03 08:45 DayOfWeek=2 WeekendCloseActive=NO NewTradeBlocked=NO | 36100.000000
MK	0	01:46:25.421	Cazyxio_v4.0 (EURUSD,M15)	2026.03.03 08:46:25 | HEARTBEAT | SYSTEM | EA alive. Tick=36200 Equity=48340.26 OpenPos=1 UTC=2026.03.03 08:46 DayOfWeek=2 WeekendCloseActive=NO NewTradeBlocked=NO | 36200.000000
MO	0	01:47:02.955	Cazyxio_v4.0 (EURUSD,M15)	2026.03.03 08:47:02 | HEARTBEAT | SYSTEM | EA alive. Tick=36300 Equity=48310.86 OpenPos=1 UTC=2026.03.03 08:47 DayOfWeek=2 WeekendCloseActive=NO NewTradeBlocked=NO | 36300.000000
QS	0	01:47:59.214	Cazyxio_v4.0 (EURUSD,M15)	2026.03.03 08:47:59 | HEARTBEAT | SYSTEM | EA alive. Tick=36400 Equity=48338.86 OpenPos=1 UTC=2026.03.03 08:47 DayOfWeek=2 WeekendCloseActive=NO NewTradeBlocked=NO | 36400.000000
JG	0	01:48:48.758	Cazyxio_v4.0 (EURUSD,M15)	2026.03.03 08:48:48 | HEARTBEAT | SYSTEM | EA alive. Tick=36500 Equity=48289.86 OpenPos=1 UTC=2026.03.03 08:48 DayOfWeek=2 WeekendCloseActive=NO NewTradeBlocked=NO | 36500.000000
IK	0	01:49:27.006	Cazyxio_v4.0 (EURUSD,M15)	2026.03.03 08:49:27 | HEARTBEAT | SYSTEM | EA alive. Tick=36600 Equity=48315.06 OpenPos=1 UTC=2026.03.03 08:49 DayOfWeek=2 WeekendCloseActive=NO NewTradeBlocked=NO | 36600.000000
PO	0	01:50:11.812	Cazyxio_v4.0 (EURUSD,M15)	2026.03.03 08:50:11 | HEARTBEAT | SYSTEM | EA alive. Tick=36700 Equity=48319.26 OpenPos=1 UTC=2026.03.03 08:50 DayOfWeek=2 WeekendCloseActive=NO NewTradeBlocked=NO | 36700.000000
CS	0	01:50:56.179	Cazyxio_v4.0 (EURUSD,M15)	2026.03.03 08:50:56 | HEARTBEAT | SYSTEM | EA alive. Tick=36800 Equity=48316.46 OpenPos=1 UTC=2026.03.03 08:50 DayOfWeek=2 WeekendCloseActive=NO NewTradeBlocked=NO | 36800.000000
EG	0	01:51:46.777	Cazyxio_v4.0 (EURUSD,M15)	2026.03.03 08:51:46 | HEARTBEAT | SYSTEM | EA alive. Tick=36900 Equity=48308.06 OpenPos=1 UTC=2026.03.03 08:51 DayOfWeek=2 WeekendCloseActive=NO NewTradeBlocked=NO | 36900.000000
MK	0	01:52:31.190	Cazyxio_v4.0 (EURUSD,M15)	2026.03.03 08:52:31 | HEARTBEAT | SYSTEM | EA alive. Tick=37000 Equity=48292.66 OpenPos=1 UTC=2026.03.03 08:52 DayOfWeek=2 WeekendCloseActive=NO NewTradeBlocked=NO | 37000.000000
IO	0	01:53:21.262	Cazyxio_v4.0 (EURUSD,M15)	2026.03.03 08:53:21 | HEARTBEAT | SYSTEM | EA alive. Tick=37100 Equity=48284.26 OpenPos=1 UTC=2026.03.03 08:53 DayOfWeek=2 WeekendCloseActive=NO NewTradeBlocked=NO | 37100.000000
LS	0	01:54:14.435	Cazyxio_v4.0 (EURUSD,M15)	2026.03.03 08:54:14 | HEARTBEAT | SYSTEM | EA alive. Tick=37200 Equity=48282.86 OpenPos=1 UTC=2026.03.03 08:54 DayOfWeek=2 WeekendCloseActive=NO NewTradeBlocked=NO | 37200.000000
OG	0	01:54:55.118	Cazyxio_v4.0 (EURUSD,M15)	2026.03.03 08:54:55 | HEARTBEAT | SYSTEM | EA alive. Tick=37300 Equity=48281.46 OpenPos=1 UTC=2026.03.03 08:54 DayOfWeek=2 WeekendCloseActive=NO NewTradeBlocked=NO | 37300.000000
GK	0	01:55:37.700	Cazyxio_v4.0 (EURUSD,M15)	2026.03.03 08:55:37 | HEARTBEAT | SYSTEM | EA alive. Tick=37400 Equity=48285.66 OpenPos=1 UTC=2026.03.03 08:55 DayOfWeek=2 WeekendCloseActive=NO NewTradeBlocked=NO | 37400.000000
FO	0	01:56:23.119	Cazyxio_v4.0 (EURUSD,M15)	2026.03.03 08:56:23 | HEARTBEAT | SYSTEM | EA alive. Tick=37500 Equity=48256.26 OpenPos=1 UTC=2026.03.03 08:56 DayOfWeek=2 WeekendCloseActive=NO NewTradeBlocked=NO | 37500.000000
IS	0	01:57:28.234	Cazyxio_v4.0 (EURUSD,M15)	2026.03.03 08:57:28 | HEARTBEAT | SYSTEM | EA alive. Tick=37600 Equity=48254.86 OpenPos=1 UTC=2026.03.03 08:57 DayOfWeek=2 WeekendCloseActive=NO NewTradeBlocked=NO | 37600.000000
HG	0	01:58:18.507	Cazyxio_v4.0 (EURUSD,M15)	2026.03.03 08:58:18 | HEARTBEAT | SYSTEM | EA alive. Tick=37700 Equity=48282.86 OpenPos=1 UTC=2026.03.03 08:58 DayOfWeek=2 WeekendCloseActive=NO NewTradeBlocked=NO | 37700.000000
MK	0	01:59:14.562	Cazyxio_v4.0 (EURUSD,M15)	2026.03.03 08:59:14 | HEARTBEAT | SYSTEM | EA alive. Tick=37800 Equity=48249.26 OpenPos=1 UTC=2026.03.03 08:59 DayOfWeek=2 WeekendCloseActive=NO NewTradeBlocked=NO | 37800.000000
OS	0	02:00:01.298	Cazyxio_v4.0 (EURUSD,M15)	2026.03.03 09:00:01 | BAR | GBPUSD | close=1.33031 h4ema200=1.35288 h4slope=DOWN ema50=1.33705 atr=0.001188 atrSma=0.001275 atrRatio=0.932 dir=SHORT spread=21.0 spreadOK=YES atrGate=PASS touch=FAIL momCandle=momClosePos=0.500 momOk=N ema50Ok=Y barRange=0.000000 trigger=NO hasPos=NO portRisk=0.50% openPos=1 | 1.330310
GO	0	02:00:01.298	Cazyxio_v4.0 (EURUSD,M15)	2026.03.03 09:00:01 | GATE_FAIL | GBPUSD | Touch/pullback gate FAIL. Price has not approached EMA50 within last 12 bars (within 1.00 ATR). v4.0 tolerance=1.00x (widened from 0.40x).
JH	0	02:00:01.298	Cazyxio_v4.0 (EURUSD,M15)	2026.03.03 09:00:01 | BAR | EURUSD | close=1.16220 h4ema200=1.17899 h4slope=DOWN ema50=1.16731 atr=0.000950 atrSma=0.000922 atrRatio=1.031 dir=SHORT spread=19.0 spreadOK=YES atrGate=PASS touch=FAIL momCandle=momClosePos=0.500 momOk=N ema50Ok=Y barRange=0.000000 trigger=NO hasPos=NO portRisk=0.50% openPos=1 | 1.162200
DH	0	02:00:01.298	Cazyxio_v4.0 (EURUSD,M15)	2026.03.03 09:00:01 | GATE_FAIL | EURUSD | Touch/pullback gate FAIL. Price has not approached EMA50 within last 12 bars (within 1.00 ATR). v4.0 tolerance=1.00x (widened from 0.40x).
DJ	0	02:00:01.298	Cazyxio_v4.0 (EURUSD,M15)	2026.03.03 09:00:01 | BAR | USDJPY | close=157.504 h4ema200=155.513 h4slope=UP ema50=157.346 atr=0.125000 atrSma=0.121011 atrRatio=1.033 dir=LONG spread=17.0 spreadOK=YES atrGate=PASS touch=PASS momCandle=momClosePos=0.500 momOk=N ema50Ok=Y barRange=0.000000 trigger=NO hasPos=NO portRisk=0.50% openPos=1 | 157.504000
IL	0	02:00:01.298	Cazyxio_v4.0 (EURUSD,M15)	2026.03.03 09:00:01 | GATE_FAIL | USDJPY | Momentum candle FAIL. dir=LONG close=157.504 ema50=157.346 momClosePos=0.500 momOk=N ema50Ok=Y barRange=0.000000. Close not in 35% zone.
FM	0	02:00:01.298	Cazyxio_v4.0 (EURUSD,M15)	2026.03.03 09:00:01 | BAR | AUDUSD | close=0.70531 h4ema200=0.69848 h4slope=UP ema50=0.70874 atr=0.000988 atrSma=0.000980 atrRatio=1.008 dir=LONG spread=17.0 spreadOK=YES atrGate=PASS touch=PASS momCandle=momClosePos=0.500 momOk=N ema50Ok=Y barRange=0.000000 trigger=NO hasPos=YES portRisk=0.50% openPos=1 | 0.705310
OI	0	02:00:01.298	Cazyxio_v4.0 (EURUSD,M15)	2026.03.03 09:00:01 | TRAIL_SKIP | AUDUSD | Trail not yet active. ProfitDist=-0.00051 ActivateAt=0.00259 (1.5R). ticket=4342145
DN	0	02:00:01.298	Cazyxio_v4.0 (EURUSD,M15)	2026.03.03 09:00:01 | BAR | GBPJPY | close=209.538 h4ema200=210.401 h4slope=UP ema50=210.385 atr=0.199286 atrSma=0.180256 atrRatio=1.106 dir=NONE spread=41.0 spreadOK=NO atrGate=PASS touch=FAIL momCandle= trigger=NO hasPos=NO portRisk=0.50% openPos=1 | 209.538000
NG	0	02:00:01.298	Cazyxio_v4.0 (EURUSD,M15)	2026.03.03 09:00:01 | GATE_FAIL | GBPJPY | No directional bias. h4slope=UP closeNow=209.538 h4ema200=210.401. Need H4 slope + price on correct side of H4 EMA200.
FR	0	02:00:01.298	Cazyxio_v4.0 (EURUSD,M15)	2026.03.03 09:00:01 | BAR | USDCAD | close=1.36937 h4ema200=1.36884 h4slope=DOWN ema50=1.36749 atr=0.000795 atrSma=0.000850 atrRatio=0.935 dir=NONE spread=29.0 spreadOK=YES atrGate=PASS touch=FAIL momCandle= trigger=NO hasPos=NO portRisk=0.50% openPos=1 | 1.369370
EH	0	02:00:01.298	Cazyxio_v4.0 (EURUSD,M15)	2026.03.03 09:00:01 | GATE_FAIL | USDCAD | No directional bias. h4slope=DOWN closeNow=1.36937 h4ema200=1.36884. Need H4 slope + price on correct side of H4 EMA200.
OL	0	02:00:02.548	Cazyxio_v4.0 (EURUSD,M15)	2026.03.03 09:00:02 | HEARTBEAT | SYSTEM | EA alive. Tick=37900 Equity=48299.66 OpenPos=1 UTC=2026.03.03 09:00 DayOfWeek=2 WeekendCloseActive=NO NewTradeBlocked=NO | 37900.000000
LP	0	02:00:40.826	Cazyxio_v4.0 (EURUSD,M15)	2026.03.03 09:00:40 | HEARTBEAT | SYSTEM | EA alive. Tick=38000 Equity=48305.26 OpenPos=1 UTC=2026.03.03 09:00 DayOfWeek=2 WeekendCloseActive=NO NewTradeBlocked=NO | 38000.000000
PD	0	02:01:23.352	Cazyxio_v4.0 (EURUSD,M15)	2026.03.03 09:01:23 | HEARTBEAT | SYSTEM | EA alive. Tick=38100 Equity=48348.66 OpenPos=1 UTC=2026.03.03 09:01 DayOfWeek=2 WeekendCloseActive=NO NewTradeBlocked=NO | 38100.000000
QH	0	02:02:08.864	Cazyxio_v4.0 (EURUSD,M15)	2026.03.03 09:02:08 | HEARTBEAT | SYSTEM | EA alive. Tick=38200 Equity=48344.46 OpenPos=1 UTC=2026.03.03 09:02 DayOfWeek=2 WeekendCloseActive=NO NewTradeBlocked=NO | 38200.000000
ML	0	02:02:55.543	Cazyxio_v4.0 (EURUSD,M15)	2026.03.03 09:02:55 | HEARTBEAT | SYSTEM | EA alive. Tick=38300 Equity=48308.06 OpenPos=1 UTC=2026.03.03 09:02 DayOfWeek=2 WeekendCloseActive=NO NewTradeBlocked=NO | 38300.000000
CP	0	02:03:41.443	Cazyxio_v4.0 (EURUSD,M15)	2026.03.03 09:03:41 | HEARTBEAT | SYSTEM | EA alive. Tick=38400 Equity=48357.06 OpenPos=1 UTC=2026.03.03 09:03 DayOfWeek=2 WeekendCloseActive=NO NewTradeBlocked=NO | 38400.000000
FD	0	02:04:28.779	Cazyxio_v4.0 (EURUSD,M15)	2026.03.03 09:04:28 | HEARTBEAT | SYSTEM | EA alive. Tick=38500 Equity=48368.26 OpenPos=1 UTC=2026.03.03 09:04 DayOfWeek=2 WeekendCloseActive=NO NewTradeBlocked=NO | 38500.000000
NH	0	02:05:09.796	Cazyxio_v4.0 (EURUSD,M15)	2026.03.03 09:05:09 | HEARTBEAT | SYSTEM | EA alive. Tick=38600 Equity=48344.46 OpenPos=1 UTC=2026.03.03 09:05 DayOfWeek=2 WeekendCloseActive=NO NewTradeBlocked=NO | 38600.000000
JL	0	02:05:49.628	Cazyxio_v4.0 (EURUSD,M15)	2026.03.03 09:05:49 | HEARTBEAT | SYSTEM | EA alive. Tick=38700 Equity=48368.26 OpenPos=1 UTC=2026.03.03 09:05 DayOfWeek=2 WeekendCloseActive=NO NewTradeBlocked=NO | 38700.000000
QP	0	02:06:39.848	Cazyxio_v4.0 (EURUSD,M15)	2026.03.03 09:06:39 | HEARTBEAT | SYSTEM | EA alive. Tick=38800 Equity=48401.86 OpenPos=1 UTC=2026.03.03 09:06 DayOfWeek=2 WeekendCloseActive=NO NewTradeBlocked=NO | 38800.000000
PD	0	02:07:22.485	Cazyxio_v4.0 (EURUSD,M15)	2026.03.03 09:07:22 | HEARTBEAT | SYSTEM | EA alive. Tick=38900 Equity=48372.46 OpenPos=1 UTC=2026.03.03 09:07 DayOfWeek=2 WeekendCloseActive=NO NewTradeBlocked=NO | 38900.000000
LH	0	02:08:13.007	Cazyxio_v4.0 (EURUSD,M15)	2026.03.03 09:08:13 | HEARTBEAT | SYSTEM | EA alive. Tick=39000 Equity=48359.86 OpenPos=1 UTC=2026.03.03 09:08 DayOfWeek=2 WeekendCloseActive=NO NewTradeBlocked=NO | 39000.000000
NL	0	02:08:50.516	Cazyxio_v4.0 (EURUSD,M15)	2026.03.03 09:08:50 | HEARTBEAT | SYSTEM | EA alive. Tick=39100 Equity=48389.26 OpenPos=1 UTC=2026.03.03 09:08 DayOfWeek=2 WeekendCloseActive=NO NewTradeBlocked=NO | 39100.000000
RP	0	02:09:38.225	Cazyxio_v4.0 (EURUSD,M15)	2026.03.03 09:09:38 | HEARTBEAT | SYSTEM | EA alive. Tick=39200 Equity=48411.66 OpenPos=1 UTC=2026.03.03 09:09 DayOfWeek=2 WeekendCloseActive=NO NewTradeBlocked=NO | 39200.000000
JD	0	02:10:41.009	Cazyxio_v4.0 (EURUSD,M15)	2026.03.03 09:10:41 | HEARTBEAT | SYSTEM | EA alive. Tick=39300 Equity=48396.26 OpenPos=1 UTC=2026.03.03 09:10 DayOfWeek=2 WeekendCloseActive=NO NewTradeBlocked=NO | 39300.000000
EH	0	02:11:25.220	Cazyxio_v4.0 (EURUSD,M15)	2026.03.03 09:11:25 | HEARTBEAT | SYSTEM | EA alive. Tick=39400 Equity=48421.46 OpenPos=1 UTC=2026.03.03 09:11 DayOfWeek=2 WeekendCloseActive=NO NewTradeBlocked=NO | 39400.000000
KL	0	02:12:19.594	Cazyxio_v4.0 (EURUSD,M15)	2026.03.03 09:12:19 | HEARTBEAT | SYSTEM | EA alive. Tick=39500 Equity=48411.66 OpenPos=1 UTC=2026.03.03 09:12 DayOfWeek=2 WeekendCloseActive=NO NewTradeBlocked=NO | 39500.000000
IP	0	02:13:02.298	Cazyxio_v4.0 (EURUSD,M15)	2026.03.03 09:13:02 | HEARTBEAT | SYSTEM | EA alive. Tick=39600 Equity=48394.86 OpenPos=1 UTC=2026.03.03 09:13 DayOfWeek=2 WeekendCloseActive=NO NewTradeBlocked=NO | 39600.000000
ND	0	02:14:02.796	Cazyxio_v4.0 (EURUSD,M15)	2026.03.03 09:14:02 | HEARTBEAT | SYSTEM | EA alive. Tick=39700 Equity=48407.46 OpenPos=1 UTC=2026.03.03 09:14 DayOfWeek=2 WeekendCloseActive=NO NewTradeBlocked=NO | 39700.000000
GH	0	02:14:46.632	Cazyxio_v4.0 (EURUSD,M15)	2026.03.03 09:14:46 | HEARTBEAT | SYSTEM | EA alive. Tick=39800 Equity=48407.46 OpenPos=1 UTC=2026.03.03 09:14 DayOfWeek=2 WeekendCloseActive=NO NewTradeBlocked=NO | 39800.000000
RP	0	02:15:01.327	Cazyxio_v4.0 (EURUSD,M15)	2026.03.03 09:15:01 | BAR | GBPUSD | close=1.33091 h4ema200=1.35288 h4slope=DOWN ema50=1.33683 atr=0.001219 atrSma=0.001272 atrRatio=0.958 dir=SHORT spread=20.0 spreadOK=YES atrGate=PASS touch=FAIL momCandle=momClosePos=0.500 momOk=N ema50Ok=Y barRange=0.000000 trigger=NO hasPos=NO portRisk=0.50% openPos=1 | 1.330910
LQ	0	02:15:01.327	Cazyxio_v4.0 (EURUSD,M15)	2026.03.03 09:15:01 | GATE_FAIL | GBPUSD | Touch/pullback gate FAIL. Price has not approached EMA50 within last 12 bars (within 1.00 ATR). v4.0 tolerance=1.00x (widened from 0.40x).
RO	0	02:15:01.327	Cazyxio_v4.0 (EURUSD,M15)	2026.03.03 09:15:01 | BAR | EURUSD | close=1.16277 h4ema200=1.17899 h4slope=DOWN ema50=1.16715 atr=0.000978 atrSma=0.000921 atrRatio=1.062 dir=SHORT spread=15.0 spreadOK=YES atrGate=PASS touch=FAIL momCandle=momClosePos=0.500 momOk=N ema50Ok=Y barRange=0.000000 trigger=NO hasPos=NO portRisk=0.50% openPos=1 | 1.162770
OJ	0	02:15:01.327	Cazyxio_v4.0 (EURUSD,M15)	2026.03.03 09:15:01 | GATE_FAIL | EURUSD | Touch/pullback gate FAIL. Price has not approached EMA50 within last 12 bars (within 1.00 ATR). v4.0 tolerance=1.00x (widened from 0.40x).
GH	0	02:15:01.327	Cazyxio_v4.0 (EURUSD,M15)	2026.03.03 09:15:01 | BAR | USDJPY | close=157.515 h4ema200=155.514 h4slope=UP ema50=157.353 atr=0.128214 atrSma=0.121059 atrRatio=1.059 dir=LONG spread=16.0 spreadOK=YES atrGate=PASS touch=PASS momCandle=momClosePos=0.500 momOk=N ema50Ok=Y barRange=0.000000 trigger=NO hasPos=NO portRisk=0.50% openPos=1 | 157.515000
RM	0	02:15:01.327	Cazyxio_v4.0 (EURUSD,M15)	2026.03.03 09:15:01 | GATE_FAIL | USDJPY | Momentum candle FAIL. dir=LONG close=157.515 ema50=157.353 momClosePos=0.500 momOk=N ema50Ok=Y barRange=0.000000. Close not in 35% zone.
JL	0	02:15:01.327	Cazyxio_v4.0 (EURUSD,M15)	2026.03.03 09:15:01 | BAR | AUDUSD | close=0.70618 h4ema200=0.69849 h4slope=UP ema50=0.70867 atr=0.001021 atrSma=0.000982 atrRatio=1.040 dir=LONG spread=18.0 spreadOK=YES atrGate=PASS touch=PASS momCandle=momClosePos=0.500 momOk=N ema50Ok=Y barRange=0.000000 trigger=NO hasPos=YES portRisk=0.50% openPos=1 | 0.706180
PM	0	02:15:01.327	Cazyxio_v4.0 (EURUSD,M15)	2026.03.03 09:15:01 | TRAIL_SKIP | AUDUSD | Trail not yet active. ProfitDist=0.00036 ActivateAt=0.00259 (1.5R). ticket=4342145
FM	0	02:15:01.327	Cazyxio_v4.0 (EURUSD,M15)	2026.03.03 09:15:01 | BAR | GBPJPY | close=209.641 h4ema200=210.402 h4slope=UP ema50=210.359 atr=0.204071 atrSma=0.180199 atrRatio=1.132 dir=NONE spread=40.0 spreadOK=NO atrGate=PASS touch=FAIL momCandle= trigger=NO hasPos=NO portRisk=0.50% openPos=1 | 209.641000
MI	0	02:15:01.327	Cazyxio_v4.0 (EURUSD,M15)	2026.03.03 09:15:01 | GATE_FAIL | GBPJPY | No directional bias. h4slope=UP closeNow=209.641 h4ema200=210.402. Need H4 slope + price on correct side of H4 EMA200.
JP	0	02:15:01.585	Cazyxio_v4.0 (EURUSD,M15)	2026.03.03 09:15:01 | BAR | USDCAD | close=1.36929 h4ema200=1.36884 h4slope=DOWN ema50=1.36756 atr=0.000804 atrSma=0.000852 atrRatio=0.944 dir=NONE spread=25.0 spreadOK=YES atrGate=PASS touch=FAIL momCandle= trigger=NO hasPos=NO portRisk=0.50% openPos=1 | 1.369290
CI	0	02:15:01.585	Cazyxio_v4.0 (EURUSD,M15)	2026.03.03 09:15:01 | GATE_FAIL | USDCAD | No directional bias. h4slope=DOWN closeNow=1.36929 h4ema200=1.36884. Need H4 slope + price on correct side of H4 EMA200.
RJ	0	02:15:32.581	Cazyxio_v4.0 (EURUSD,M15)	2026.03.03 09:15:32 | HEARTBEAT | SYSTEM | EA alive. Tick=39900 Equity=48378.06 OpenPos=1 UTC=2026.03.03 09:15 DayOfWeek=2 WeekendCloseActive=NO NewTradeBlocked=NO | 39900.000000
MN	0	02:16:14.956	Cazyxio_v4.0 (EURUSD,M15)	2026.03.03 09:16:14 | HEARTBEAT | SYSTEM | EA alive. Tick=40000 Equity=48352.86 OpenPos=1 UTC=2026.03.03 09:16 DayOfWeek=2 WeekendCloseActive=NO NewTradeBlocked=NO | 40000.000000
CR	0	02:16:55.995	Cazyxio_v4.0 (EURUSD,M15)	2026.03.03 09:16:55 | HEARTBEAT | SYSTEM | EA alive. Tick=40100 Equity=48348.66 OpenPos=1 UTC=2026.03.03 09:16 DayOfWeek=2 WeekendCloseActive=NO NewTradeBlocked=NO | 40100.000000
PF	0	02:18:02.078	Cazyxio_v4.0 (EURUSD,M15)	2026.03.03 09:18:02 | HEARTBEAT | SYSTEM | EA alive. Tick=40200 Equity=48341.66 OpenPos=1 UTC=2026.03.03 09:18 DayOfWeek=2 WeekendCloseActive=NO NewTradeBlocked=NO | 40200.000000
IJ	0	02:19:02.444	Cazyxio_v4.0 (EURUSD,M15)	2026.03.03 09:19:02 | HEARTBEAT | SYSTEM | EA alive. Tick=40300 Equity=48298.26 OpenPos=1 UTC=2026.03.03 09:19 DayOfWeek=2 WeekendCloseActive=NO NewTradeBlocked=NO | 40300.000000
HN	0	02:20:02.657	Cazyxio_v4.0 (EURUSD,M15)	2026.03.03 09:20:02 | HEARTBEAT | SYSTEM | EA alive. Tick=40400 Equity=48291.26 OpenPos=1 UTC=2026.03.03 09:20 DayOfWeek=2 WeekendCloseActive=NO NewTradeBlocked=NO | 40400.000000
QR	0	02:21:05.016	Cazyxio_v4.0 (EURUSD,M15)	2026.03.03 09:21:05 | HEARTBEAT | SYSTEM | EA alive. Tick=40500 Equity=48298.26 OpenPos=1 UTC=2026.03.03 09:21 DayOfWeek=2 WeekendCloseActive=NO NewTradeBlocked=NO | 40500.000000
DF	0	02:22:21.004	Cazyxio_v4.0 (EURUSD,M15)	2026.03.03 09:22:21 | HEARTBEAT | SYSTEM | EA alive. Tick=40600 Equity=48259.06 OpenPos=1 UTC=2026.03.03 09:22 DayOfWeek=2 WeekendCloseActive=NO NewTradeBlocked=NO | 40600.000000
QJ	0	02:23:23.869	Cazyxio_v4.0 (EURUSD,M15)	2026.03.03 09:23:23 | HEARTBEAT | SYSTEM | EA alive. Tick=40700 Equity=48243.66 OpenPos=1 UTC=2026.03.03 09:23 DayOfWeek=2 WeekendCloseActive=NO NewTradeBlocked=NO | 40700.000000
GN	0	02:24:09.605	Cazyxio_v4.0 (EURUSD,M15)	2026.03.03 09:24:09 | HEARTBEAT | SYSTEM | EA alive. Tick=40800 Equity=48228.26 OpenPos=1 UTC=2026.03.03 09:24 DayOfWeek=2 WeekendCloseActive=NO NewTradeBlocked=NO | 40800.000000
CR	0	02:24:49.979	Cazyxio_v4.0 (EURUSD,M15)	2026.03.03 09:24:49 | HEARTBEAT | SYSTEM | EA alive. Tick=40900 Equity=48280.06 OpenPos=1 UTC=2026.03.03 09:24 DayOfWeek=2 WeekendCloseActive=NO NewTradeBlocked=NO | 40900.000000
JF	0	02:25:42.523	Cazyxio_v4.0 (EURUSD,M15)	2026.03.03 09:25:42 | HEARTBEAT | SYSTEM | EA alive. Tick=41000 Equity=48205.86 OpenPos=1 UTC=2026.03.03 09:25 DayOfWeek=2 WeekendCloseActive=NO NewTradeBlocked=NO | 41000.000000
FJ	0	02:26:29.094	Cazyxio_v4.0 (EURUSD,M15)	2026.03.03 09:26:29 | HEARTBEAT | SYSTEM | EA alive. Tick=41100 Equity=48203.06 OpenPos=1 UTC=2026.03.03 09:26 DayOfWeek=2 WeekendCloseActive=NO NewTradeBlocked=NO | 41100.000000
HN	0	02:27:13.872	Cazyxio_v4.0 (EURUSD,M15)	2026.03.03 09:27:13 | HEARTBEAT | SYSTEM | EA alive. Tick=41200 Equity=48172.26 OpenPos=1 UTC=2026.03.03 09:27 DayOfWeek=2 WeekendCloseActive=NO NewTradeBlocked=NO | 41200.000000
OR	0	02:28:11.579	Cazyxio_v4.0 (EURUSD,M15)	2026.03.03 09:28:11 | HEARTBEAT | SYSTEM | EA alive. Tick=41300 Equity=48161.06 OpenPos=1 UTC=2026.03.03 09:28 DayOfWeek=2 WeekendCloseActive=NO NewTradeBlocked=NO | 41300.000000
IF	0	02:29:11.302	Cazyxio_v4.0 (EURUSD,M15)	2026.03.03 09:29:11 | HEARTBEAT | SYSTEM | EA alive. Tick=41400 Equity=48166.66 OpenPos=1 UTC=2026.03.03 09:29 DayOfWeek=2 WeekendCloseActive=NO NewTradeBlocked=NO | 41400.000000
DK	0	02:30:02.128	Cazyxio_v4.0 (EURUSD,M15)	2026.03.03 09:30:02 | BAR | GBPUSD | close=1.32956 h4ema200=1.35287 h4slope=DOWN ema50=1.33650 atr=0.001283 atrSma=0.001270 atrRatio=1.010 dir=SHORT spread=23.0 spreadOK=YES atrGate=PASS touch=FAIL momCandle=momClosePos=0.000 momOk=Y ema50Ok=Y barRange=0.000020 trigger=YES hasPos=NO portRisk=0.50% openPos=1 | 1.329560
OP	0	02:30:02.128	Cazyxio_v4.0 (EURUSD,M15)	2026.03.03 09:30:02 | GATE_FAIL | GBPUSD | Touch/pullback gate FAIL. Price has not approached EMA50 within last 12 bars (within 1.00 ATR). v4.0 tolerance=1.00x (widened from 0.40x).
DM	0	02:30:02.128	Cazyxio_v4.0 (EURUSD,M15)	2026.03.03 09:30:02 | BAR | EURUSD | close=1.16150 h4ema200=1.17898 h4slope=DOWN ema50=1.16688 atr=0.001058 atrSma=0.000921 atrRatio=1.149 dir=SHORT spread=18.0 spreadOK=YES atrGate=PASS touch=FAIL momCandle=momClosePos=0.500 momOk=N ema50Ok=Y barRange=0.000000 trigger=NO hasPos=NO portRisk=0.50% openPos=1 | 1.161500
LK	0	02:30:02.128	Cazyxio_v4.0 (EURUSD,M15)	2026.03.03 09:30:02 | GATE_FAIL | EURUSD | Touch/pullback gate FAIL. Price has not approached EMA50 within last 12 bars (within 1.00 ATR). v4.0 tolerance=1.00x (widened from 0.40x).
DD	0	02:30:02.128	Cazyxio_v4.0 (EURUSD,M15)	2026.03.03 09:30:02 | BAR | USDJPY | close=157.681 h4ema200=155.515 h4slope=UP ema50=157.372 atr=0.133929 atrSma=0.121224 atrRatio=1.105 dir=LONG spread=17.0 spreadOK=YES atrGate=PASS touch=PASS momCandle=momClosePos=1.000 momOk=Y ema50Ok=Y barRange=0.001000 trigger=YES hasPos=NO portRisk=0.50% openPos=1 | 157.681000
PG	0	02:30:02.129	Cazyxio_v4.0 (EURUSD,M15)	2026.03.03 09:30:02 | SIGNAL | USDJPY | VALID SIGNAL: LONG entry=157.698 sl=157.484 tp=158.234 stopDist=0.214 lots=1.77 riskPct=0.50 R:R=2.50 trailActivatesAt=0.321 profit | 157.698000
GN	0	02:30:02.262	Cazyxio_v4.0 (EURUSD,M15)	2026.03.03 09:30:02 | ORDER_PLACED | USDJPY | BUY lots=1.77 entry=157.698 sl=157.484 tp=158.234 ticket=4343339 | 1.770000
OI	0	02:30:02.262	Cazyxio_v4.0 (EURUSD,M15)	2026.03.03 09:30:02 | BAR | AUDUSD | close=0.70454 h4ema200=0.69847 h4slope=UP ema50=0.70845 atr=0.001081 atrSma=0.000984 atrRatio=1.099 dir=LONG spread=20.0 spreadOK=YES atrGate=PASS touch=PASS momCandle=momClosePos=1.000 momOk=Y ema50Ok=Y barRange=0.000010 trigger=YES hasPos=YES portRisk=1.00% openPos=1 | 0.704540
MF	0	02:30:02.262	Cazyxio_v4.0 (EURUSD,M15)	2026.03.03 09:30:02 | TRAIL_SKIP | AUDUSD | Trail not yet active. ProfitDist=-0.00128 ActivateAt=0.00259 (1.5R). ticket=4342145
OE	0	02:30:02.262	Cazyxio_v4.0 (EURUSD,M15)	2026.03.03 09:30:02 | BAR | GBPJPY | close=209.653 h4ema200=210.402 h4slope=UP ema50=210.332 atr=0.208429 atrSma=0.180067 atrRatio=1.158 dir=NONE spread=45.0 spreadOK=NO atrGate=PASS touch=FAIL momCandle= trigger=NO hasPos=NO portRisk=1.00% openPos=1 | 209.653000
JP	0	02:30:02.262	Cazyxio_v4.0 (EURUSD,M15)	2026.03.03 09:30:02 | GATE_FAIL | GBPJPY | No directional bias. h4slope=UP closeNow=209.653 h4ema200=210.402. Need H4 slope + price on correct side of H4 EMA200.
NI	0	02:30:02.262	Cazyxio_v4.0 (EURUSD,M15)	2026.03.03 09:30:02 | BAR | USDCAD | close=1.37032 h4ema200=1.36885 h4slope=DOWN ema50=1.36770 atr=0.000829 atrSma=0.000853 atrRatio=0.973 dir=NONE spread=26.0 spreadOK=YES atrGate=PASS touch=FAIL momCandle= trigger=NO hasPos=NO portRisk=1.00% openPos=1 | 1.370320
JQ	0	02:30:02.262	Cazyxio_v4.0 (EURUSD,M15)	2026.03.03 09:30:02 | GATE_FAIL | USDCAD | No directional bias. h4slope=DOWN closeNow=1.37032 h4ema200=1.36885. Need H4 slope + price on correct side of H4 EMA200.
GE	0	02:30:11.820	Cazyxio_v4.0 (EURUSD,M15)	2026.03.03 09:30:11 | HEARTBEAT | SYSTEM | EA alive. Tick=41500 Equity=48191.84 OpenPos=2 UTC=2026.03.03 09:30 DayOfWeek=2 WeekendCloseActive=NO NewTradeBlocked=NO | 41500.000000
FI	0	02:31:00.979	Cazyxio_v4.0 (EURUSD,M15)	2026.03.03 09:31:00 | HEARTBEAT | SYSTEM | EA alive. Tick=41600 Equity=48203.96 OpenPos=2 UTC=2026.03.03 09:31 DayOfWeek=2 WeekendCloseActive=NO NewTradeBlocked=NO | 41600.000000
KM	0	02:31:46.987	Cazyxio_v4.0 (EURUSD,M15)	2026.03.03 09:31:46 | HEARTBEAT | SYSTEM | EA alive. Tick=41700 Equity=48244.60 OpenPos=2 UTC=2026.03.03 09:31 DayOfWeek=2 WeekendCloseActive=NO NewTradeBlocked=NO | 41700.000000
CQ	0	02:32:40.349	Cazyxio_v4.0 (EURUSD,M15)	2026.03.03 09:32:40 | HEARTBEAT | SYSTEM | EA alive. Tick=41800 Equity=48224.74 OpenPos=2 UTC=2026.03.03 09:32 DayOfWeek=2 WeekendCloseActive=NO NewTradeBlocked=NO | 41800.000000
GE	0	02:33:27.355	Cazyxio_v4.0 (EURUSD,M15)	2026.03.03 09:33:27 | HEARTBEAT | SYSTEM | EA alive. Tick=41900 Equity=48207.39 OpenPos=2 UTC=2026.03.03 09:33 DayOfWeek=2 WeekendCloseActive=NO NewTradeBlocked=NO | 41900.000000
DI	0	02:34:21.521	Cazyxio_v4.0 (EURUSD,M15)	2026.03.03 09:34:21 | HEARTBEAT | SYSTEM | EA alive. Tick=42000 Equity=48194.25 OpenPos=1 UTC=2026.03.03 09:34 DayOfWeek=2 WeekendCloseActive=NO NewTradeBlocked=NO | 42000.000000
FM	0	02:35:00.502	Cazyxio_v4.0 (EURUSD,M15)	2026.03.03 09:35:00 | HEARTBEAT | SYSTEM | EA alive. Tick=42100 Equity=48212.19 OpenPos=1 UTC=2026.03.03 09:35 DayOfWeek=2 WeekendCloseActive=NO NewTradeBlocked=NO | 42100.000000
DQ	0	02:35:42.423	Cazyxio_v4.0 (EURUSD,M15)	2026.03.03 09:35:42 | HEARTBEAT | SYSTEM | EA alive. Tick=42200 Equity=48206.58 OpenPos=1 UTC=2026.03.03 09:35 DayOfWeek=2 WeekendCloseActive=NO NewTradeBlocked=NO | 42200.000000
QE	0	02:36:25.147	Cazyxio_v4.0 (EURUSD,M15)	2026.03.03 09:36:25 | HEARTBEAT | SYSTEM | EA alive. Tick=42300 Equity=48213.31 OpenPos=1 UTC=2026.03.03 09:36 DayOfWeek=2 WeekendCloseActive=NO NewTradeBlocked=NO | 42300.000000
II	0	02:37:14.605	Cazyxio_v4.0 (EURUSD,M15)	2026.03.03 09:37:14 | HEARTBEAT | SYSTEM | EA alive. Tick=42400 Equity=48217.79 OpenPos=1 UTC=2026.03.03 09:37 DayOfWeek=2 WeekendCloseActive=NO NewTradeBlocked=NO | 42400.000000
CM	0	02:38:08.131	Cazyxio_v4.0 (EURUSD,M15)	2026.03.03 09:38:08 | HEARTBEAT | SYSTEM | EA alive. Tick=42500 Equity=48181.92 OpenPos=1 UTC=2026.03.03 09:38 DayOfWeek=2 WeekendCloseActive=NO NewTradeBlocked=NO | 42500.000000
GQ	0	02:39:05.817	Cazyxio_v4.0 (EURUSD,M15)	2026.03.03 09:39:05 | HEARTBEAT | SYSTEM | EA alive. Tick=42600 Equity=48194.25 OpenPos=1 UTC=2026.03.03 09:39 DayOfWeek=2 WeekendCloseActive=NO NewTradeBlocked=NO | 42600.000000
EE	0	02:40:07.182	Cazyxio_v4.0 (EURUSD,M15)	2026.03.03 09:40:07 | HEARTBEAT | SYSTEM | EA alive. Tick=42700 Equity=48147.15 OpenPos=1 UTC=2026.03.03 09:40 DayOfWeek=2 WeekendCloseActive=NO NewTradeBlocked=NO | 42700.000000
QI	0	02:41:12.237	Cazyxio_v4.0 (EURUSD,M15)	2026.03.03 09:41:12 | HEARTBEAT | SYSTEM | EA alive. Tick=42800 Equity=48177.43 OpenPos=1 UTC=2026.03.03 09:41 DayOfWeek=2 WeekendCloseActive=NO NewTradeBlocked=NO | 42800.000000
NM	0	02:42:17.924	Cazyxio_v4.0 (EURUSD,M15)	2026.03.03 09:42:17 | HEARTBEAT | SYSTEM | EA alive. Tick=42900 Equity=48143.78 OpenPos=1 UTC=2026.03.03 09:42 DayOfWeek=2 WeekendCloseActive=NO NewTradeBlocked=NO | 42900.000000
FQ	0	02:42:59.654	Cazyxio_v4.0 (EURUSD,M15)	2026.03.03 09:42:59 | HEARTBEAT | SYSTEM | EA alive. Tick=43000 Equity=48158.36 OpenPos=1 UTC=2026.03.03 09:42 DayOfWeek=2 WeekendCloseActive=NO NewTradeBlocked=NO | 43000.000000
QE	0	02:43:53.607	Cazyxio_v4.0 (EURUSD,M15)	2026.03.03 09:43:53 | HEARTBEAT | SYSTEM | EA alive. Tick=43100 Equity=48131.44 OpenPos=1 UTC=2026.03.03 09:43 DayOfWeek=2 WeekendCloseActive=NO NewTradeBlocked=NO | 43100.000000
GI	0	02:44:42.800	Cazyxio_v4.0 (EURUSD,M15)	2026.03.03 09:44:42 | HEARTBEAT | SYSTEM | EA alive. Tick=43200 Equity=48142.66 OpenPos=1 UTC=2026.03.03 09:44 DayOfWeek=2 WeekendCloseActive=NO NewTradeBlocked=NO | 43200.000000
QQ	0	02:45:01.227	Cazyxio_v4.0 (EURUSD,M15)	2026.03.03 09:45:01 | BAR | GBPUSD | close=1.32850 h4ema200=1.35286 h4slope=DOWN ema50=1.33614 atr=0.001288 atrSma=0.001266 atrRatio=1.017 dir=SHORT spread=22.0 spreadOK=YES atrGate=PASS touch=FAIL momCandle=momClosePos=0.500 momOk=N ema50Ok=Y barRange=0.000000 trigger=NO hasPos=NO portRisk=0.50% openPos=1 | 1.328500
GQ	0	02:45:01.227	Cazyxio_v4.0 (EURUSD,M15)	2026.03.03 09:45:01 | GATE_FAIL | GBPUSD | Touch/pullback gate FAIL. Price has not approached EMA50 within last 12 bars (within 1.00 ATR). v4.0 tolerance=1.00x (widened from 0.40x).
MN	0	02:45:01.227	Cazyxio_v4.0 (EURUSD,M15)	2026.03.03 09:45:01 | BAR | EURUSD | close=1.16057 h4ema200=1.17897 h4slope=DOWN ema50=1.16660 atr=0.001093 atrSma=0.000920 atrRatio=1.187 dir=SHORT spread=16.0 spreadOK=YES atrGate=PASS touch=FAIL momCandle=momClosePos=0.500 momOk=N ema50Ok=Y barRange=0.000000 trigger=NO hasPos=NO portRisk=0.50% openPos=1 | 1.160570
DJ	0	02:45:01.227	Cazyxio_v4.0 (EURUSD,M15)	2026.03.03 09:45:01 | GATE_FAIL | EURUSD | Touch/pullback gate FAIL. Price has not approached EMA50 within last 12 bars (within 1.00 ATR). v4.0 tolerance=1.00x (widened from 0.40x).
LE	0	02:45:01.530	Cazyxio_v4.0 (EURUSD,M15)	2026.03.03 09:45:01 | BAR | USDJPY | close=157.735 h4ema200=155.516 h4slope=UP ema50=157.388 atr=0.133786 atrSma=0.121272 atrRatio=1.103 dir=LONG spread=14.0 spreadOK=YES atrGate=PASS touch=PASS momCandle=momClosePos=0.500 momOk=N ema50Ok=Y barRange=0.000000 trigger=NO hasPos=YES portRisk=0.50% openPos=1 | 157.735000
RE	0	02:45:01.530	Cazyxio_v4.0 (EURUSD,M15)	2026.03.03 09:45:01 | TRAIL_SKIP | USDJPY | Trail not yet active. ProfitDist=0.039 ActivateAt=0.321 (1.5R). ticket=4343339
JF	0	02:45:01.530	Cazyxio_v4.0 (EURUSD,M15)	2026.03.03 09:45:01 | BAR | AUDUSD | close=0.70404 h4ema200=0.69847 h4slope=UP ema50=0.70826 atr=0.001069 atrSma=0.000986 atrRatio=1.085 dir=LONG spread=18.0 spreadOK=YES atrGate=PASS touch=PASS momCandle=momClosePos=0.500 momOk=N ema50Ok=Y barRange=0.000000 trigger=NO hasPos=NO portRisk=0.50% openPos=1 | 0.704040
GI	0	02:45:01.530	Cazyxio_v4.0 (EURUSD,M15)	2026.03.03 09:45:01 | GATE_FAIL | AUDUSD | Momentum candle FAIL. dir=LONG close=0.70404 ema50=0.70826 momClosePos=0.500 momOk=N ema50Ok=Y barRange=0.000000. Close not in 35% zone.
CM	0	02:45:01.530	Cazyxio_v4.0 (EURUSD,M15)	2026.03.03 09:45:01 | BAR | GBPJPY | close=209.560 h4ema200=210.401 h4slope=UP ema50=210.298 atr=0.212286 atrSma=0.179920 atrRatio=1.180 dir=NONE spread=40.0 spreadOK=NO atrGate=PASS touch=FAIL momCandle= trigger=NO hasPos=NO portRisk=0.50% openPos=1 | 209.560000
HI	0	02:45:01.530	Cazyxio_v4.0 (EURUSD,M15)	2026.03.03 09:45:01 | GATE_FAIL | GBPJPY | No directional bias. h4slope=UP closeNow=209.560 h4ema200=210.401. Need H4 slope + price on correct side of H4 EMA200.
IP	0	02:45:01.530	Cazyxio_v4.0 (EURUSD,M15)	2026.03.03 09:45:01 | BAR | USDCAD | close=1.37067 h4ema200=1.36886 h4slope=DOWN ema50=1.36783 atr=0.000818 atrSma=0.000852 atrRatio=0.959 dir=NONE spread=25.0 spreadOK=YES atrGate=PASS touch=FAIL momCandle= trigger=NO hasPos=NO portRisk=0.50% openPos=1 | 1.370670
EJ	0	02:45:01.530	Cazyxio_v4.0 (EURUSD,M15)	2026.03.03 09:45:01 | GATE_FAIL | USDCAD | No directional bias. h4slope=DOWN closeNow=1.37067 h4ema200=1.36886. Need H4 slope + price on correct side of H4 EMA200.
KJ	0	02:45:47.533	Cazyxio_v4.0 (EURUSD,M15)	2026.03.03 09:45:47 | HEARTBEAT | SYSTEM | EA alive. Tick=43300 Equity=48101.14 OpenPos=1 UTC=2026.03.03 09:45 DayOfWeek=2 WeekendCloseActive=NO NewTradeBlocked=NO | 43300.000000
LN	0	02:46:30.385	Cazyxio_v4.0 (EURUSD,M15)	2026.03.03 09:46:30 | HEARTBEAT | SYSTEM | EA alive. Tick=43400 Equity=48092.16 OpenPos=1 UTC=2026.03.03 09:46 DayOfWeek=2 WeekendCloseActive=NO NewTradeBlocked=NO | 43400.000000
HR	0	02:47:22.248	Cazyxio_v4.0 (EURUSD,M15)	2026.03.03 09:47:22 | HEARTBEAT | SYSTEM | EA alive. Tick=43500 Equity=48115.73 OpenPos=1 UTC=2026.03.03 09:47 DayOfWeek=2 WeekendCloseActive=NO NewTradeBlocked=NO | 43500.000000
PF	0	02:48:03.678	Cazyxio_v4.0 (EURUSD,M15)	2026.03.03 09:48:03 | HEARTBEAT | SYSTEM | EA alive. Tick=43600 Equity=48105.63 OpenPos=1 UTC=2026.03.03 09:48 DayOfWeek=2 WeekendCloseActive=NO NewTradeBlocked=NO | 43600.000000
QJ	0	02:48:49.254	Cazyxio_v4.0 (EURUSD,M15)	2026.03.03 09:48:49 | HEARTBEAT | SYSTEM | EA alive. Tick=43700 Equity=48144.90 OpenPos=1 UTC=2026.03.03 09:48 DayOfWeek=2 WeekendCloseActive=NO NewTradeBlocked=NO | 43700.000000
ON	0	02:49:38.081	Cazyxio_v4.0 (EURUSD,M15)	2026.03.03 09:49:38 | HEARTBEAT | SYSTEM | EA alive. Tick=43800 Equity=48146.02 OpenPos=1 UTC=2026.03.03 09:49 DayOfWeek=2 WeekendCloseActive=NO NewTradeBlocked=NO | 43800.000000
HR	0	02:50:19.907	Cazyxio_v4.0 (EURUSD,M15)	2026.03.03 09:50:19 | HEARTBEAT | SYSTEM | EA alive. Tick=43900 Equity=48112.36 OpenPos=1 UTC=2026.03.03 09:50 DayOfWeek=2 WeekendCloseActive=NO NewTradeBlocked=NO | 43900.000000
EF	0	02:51:03.303	Cazyxio_v4.0 (EURUSD,M15)	2026.03.03 09:51:03 | HEARTBEAT | SYSTEM | EA alive. Tick=44000 Equity=48086.54 OpenPos=1 UTC=2026.03.03 09:51 DayOfWeek=2 WeekendCloseActive=NO NewTradeBlocked=NO | 44000.000000
HJ	0	02:51:42.968	Cazyxio_v4.0 (EURUSD,M15)	2026.03.03 09:51:42 | HEARTBEAT | SYSTEM | EA alive. Tick=44100 Equity=48084.30 OpenPos=1 UTC=2026.03.03 09:51 DayOfWeek=2 WeekendCloseActive=NO NewTradeBlocked=NO | 44100.000000
HN	0	02:52:27.331	Cazyxio_v4.0 (EURUSD,M15)	2026.03.03 09:52:27 | HEARTBEAT | SYSTEM | EA alive. Tick=44200 Equity=48062.97 OpenPos=1 UTC=2026.03.03 09:52 DayOfWeek=2 WeekendCloseActive=NO NewTradeBlocked=NO | 44200.000000
FR	0	02:53:05.481	Cazyxio_v4.0 (EURUSD,M15)	2026.03.03 09:53:05 | HEARTBEAT | SYSTEM | EA alive. Tick=44300 Equity=48076.44 OpenPos=1 UTC=2026.03.03 09:53 DayOfWeek=2 WeekendCloseActive=NO NewTradeBlocked=NO | 44300.000000
KF	0	02:53:46.855	Cazyxio_v4.0 (EURUSD,M15)	2026.03.03 09:53:46 | HEARTBEAT | SYSTEM | EA alive. Tick=44400 Equity=48084.30 OpenPos=1 UTC=2026.03.03 09:53 DayOfWeek=2 WeekendCloseActive=NO NewTradeBlocked=NO | 44400.000000
GJ	0	02:54:26.850	Cazyxio_v4.0 (EURUSD,M15)	2026.03.03 09:54:26 | HEARTBEAT | SYSTEM | EA alive. Tick=44500 Equity=48105.63 OpenPos=1 UTC=2026.03.03 09:54 DayOfWeek=2 WeekendCloseActive=NO NewTradeBlocked=NO | 44500.000000
IN	0	02:55:16.532	Cazyxio_v4.0 (EURUSD,M15)	2026.03.03 09:55:16 | HEARTBEAT | SYSTEM | EA alive. Tick=44600 Equity=48085.42 OpenPos=1 UTC=2026.03.03 09:55 DayOfWeek=2 WeekendCloseActive=NO NewTradeBlocked=NO | 44600.000000
KR	0	02:55:51.277	Cazyxio_v4.0 (EURUSD,M15)	2026.03.03 09:55:51 | HEARTBEAT | SYSTEM | EA alive. Tick=44700 Equity=48077.56 OpenPos=1 UTC=2026.03.03 09:55 DayOfWeek=2 WeekendCloseActive=NO NewTradeBlocked=NO | 44700.000000
CF	0	02:56:42.397	Cazyxio_v4.0 (EURUSD,M15)	2026.03.03 09:56:42 | HEARTBEAT | SYSTEM | EA alive. Tick=44800 Equity=48112.36 OpenPos=1 UTC=2026.03.03 09:56 DayOfWeek=2 WeekendCloseActive=NO NewTradeBlocked=NO | 44800.000000
HJ	0	02:57:26.916	Cazyxio_v4.0 (EURUSD,M15)	2026.03.03 09:57:26 | HEARTBEAT | SYSTEM | EA alive. Tick=44900 Equity=48065.21 OpenPos=1 UTC=2026.03.03 09:57 DayOfWeek=2 WeekendCloseActive=NO NewTradeBlocked=NO | 44900.000000
DN	0	02:58:35.896	Cazyxio_v4.0 (EURUSD,M15)	2026.03.03 09:58:35 | HEARTBEAT | SYSTEM | EA alive. Tick=45000 Equity=48080.93 OpenPos=1 UTC=2026.03.03 09:58 DayOfWeek=2 WeekendCloseActive=NO NewTradeBlocked=NO | 45000.000000
PR	0	02:59:33.197	Cazyxio_v4.0 (EURUSD,M15)	2026.03.03 09:59:33 | HEARTBEAT | SYSTEM | EA alive. Tick=45100 Equity=48053.98 OpenPos=1 UTC=2026.03.03 09:59 DayOfWeek=2 WeekendCloseActive=NO NewTradeBlocked=NO | 45100.000000
QJ	0	03:00:01.774	Cazyxio_v4.0 (EURUSD,M15)	2026.03.03 10:00:01 | BAR | GBPUSD | close=1.32967 h4ema200=1.35264 h4slope=DOWN ema50=1.33593 atr=0.001361 atrSma=0.001263 atrRatio=1.078 dir=SHORT spread=26.0 spreadOK=YES atrGate=PASS touch=FAIL momCandle=momClosePos=1.000 momOk=N ema50Ok=Y barRange=0.000020 trigger=NO hasPos=NO portRisk=0.50% openPos=1 | 1.329670
OD	0	03:00:01.774	Cazyxio_v4.0 (EURUSD,M15)	2026.03.03 10:00:01 | GATE_FAIL | GBPUSD | Touch/pullback gate FAIL. Price has not approached EMA50 within last 12 bars (within 1.00 ATR). v4.0 tolerance=1.00x (widened from 0.40x).
HQ	0	03:00:01.774	Cazyxio_v4.0 (EURUSD,M15)	2026.03.03 10:00:01 | BAR | EURUSD | close=1.16044 h4ema200=1.17879 h4slope=DOWN ema50=1.16635 atr=0.001110 atrSma=0.000919 atrRatio=1.208 dir=SHORT spread=22.0 spreadOK=YES atrGate=PASS touch=FAIL momCandle=momClosePos=0.500 momOk=N ema50Ok=Y barRange=0.000000 trigger=NO hasPos=NO portRisk=0.50% openPos=1 | 1.160440
PO	0	03:00:01.774	Cazyxio_v4.0 (EURUSD,M15)	2026.03.03 10:00:01 | GATE_FAIL | EURUSD | Touch/pullback gate FAIL. Price has not approached EMA50 within last 12 bars (within 1.00 ATR). v4.0 tolerance=1.00x (widened from 0.40x).
JN	0	03:00:01.774	Cazyxio_v4.0 (EURUSD,M15)	2026.03.03 10:00:01 | BAR | USDJPY | close=157.664 h4ema200=155.536 h4slope=UP ema50=157.396 atr=0.132500 atrSma=0.121211 atrRatio=1.093 dir=LONG spread=19.0 spreadOK=YES atrGate=PASS touch=PASS momCandle=momClosePos=0.000 momOk=N ema50Ok=Y barRange=0.002000 trigger=NO hasPos=YES portRisk=0.50% openPos=1 | 157.664000
CJ	0	03:00:01.774	Cazyxio_v4.0 (EURUSD,M15)	2026.03.03 10:00:01 | TRAIL_SKIP | USDJPY | Trail not yet active. ProfitDist=-0.032 ActivateAt=0.321 (1.5R). ticket=4343339
ML	0	03:00:01.774	Cazyxio_v4.0 (EURUSD,M15)	2026.03.03 10:00:01 | BAR | AUDUSD | close=0.70400 h4ema200=0.69852 h4slope=UP ema50=0.70809 atr=0.001056 atrSma=0.000986 atrRatio=1.072 dir=LONG spread=18.0 spreadOK=YES atrGate=PASS touch=PASS momCandle=momClosePos=1.000 momOk=Y ema50Ok=Y barRange=0.000060 trigger=YES hasPos=NO portRisk=0.50% openPos=1 | 0.704000
PH	0	03:00:01.774	Cazyxio_v4.0 (EURUSD,M15)	2026.03.03 10:00:01 | SIGNAL | AUDUSD | VALID SIGNAL: LONG entry=0.70418 sl=0.70249 tp=0.70841 stopDist=0.00169 lots=1.42 riskPct=0.50 R:R=2.50 trailActivatesAt=0.00254 profit | 0.704180
KE	0	03:00:01.926	Cazyxio_v4.0 (EURUSD,M15)	2026.03.03 10:00:01 | ORDER_PLACED | AUDUSD | BUY lots=1.42 entry=0.70418 sl=0.70249 tp=0.70841 ticket=4353236 | 1.420000
ES	0	03:00:01.926	Cazyxio_v4.0 (EURUSD,M15)	2026.03.03 10:00:01 | BAR | GBPJPY | close=209.651 h4ema200=210.395 h4slope=DOWN ema50=210.276 atr=0.214929 atrSma=0.179814 atrRatio=1.195 dir=SHORT spread=45.0 spreadOK=NO atrGate=PASS touch=FAIL momCandle=momClosePos=1.000 momOk=N ema50Ok=Y barRange=0.002000 trigger=NO hasPos=NO portRisk=1.00% openPos=1 | 209.651000
OF	0	03:00:01.926	Cazyxio_v4.0 (EURUSD,M15)	2026.03.03 10:00:01 | GATE_FAIL | GBPJPY | Spread too wide. Spread=45.0 Max=30 points.
GH	0	03:00:01.926	Cazyxio_v4.0 (EURUSD,M15)	2026.03.03 10:00:01 | BAR | USDCAD | close=1.36988 h4ema200=1.36886 h4slope=DOWN ema50=1.36788 atr=0.000871 atrSma=0.000852 atrRatio=1.022 dir=NONE spread=29.0 spreadOK=YES atrGate=PASS touch=FAIL momCandle= trigger=NO hasPos=NO portRisk=1.00% openPos=1 | 1.369880
DR	0	03:00:01.926	Cazyxio_v4.0 (EURUSD,M15)	2026.03.03 10:00:01 | GATE_FAIL | USDCAD | No directional bias. h4slope=DOWN closeNow=1.36988 h4ema200=1.36886. Need H4 slope + price on correct side of H4 EMA200.
MR	0	03:00:20.796	Cazyxio_v4.0 (EURUSD,M15)	2026.03.03 10:00:20 | HEARTBEAT | SYSTEM | EA alive. Tick=45200 Equity=48044.54 OpenPos=2 UTC=2026.03.03 10:00 DayOfWeek=2 WeekendCloseActive=NO NewTradeBlocked=NO | 45200.000000
EF	0	03:01:12.170	Cazyxio_v4.0 (EURUSD,M15)	2026.03.03 10:01:12 | HEARTBEAT | SYSTEM | EA alive. Tick=45300 Equity=48056.36 OpenPos=2 UTC=2026.03.03 10:01 DayOfWeek=2 WeekendCloseActive=NO NewTradeBlocked=NO | 45300.000000
HJ	0	03:02:08.585	Cazyxio_v4.0 (EURUSD,M15)	2026.03.03 10:02:08 | HEARTBEAT | SYSTEM | EA alive. Tick=45400 Equity=48040.08 OpenPos=2 UTC=2026.03.03 10:02 DayOfWeek=2 WeekendCloseActive=NO NewTradeBlocked=NO | 45400.000000
LN	0	03:03:01.843	Cazyxio_v4.0 (EURUSD,M15)	2026.03.03 10:03:01 | HEARTBEAT | SYSTEM | EA alive. Tick=45500 Equity=48000.53 OpenPos=2 UTC=2026.03.03 10:03 DayOfWeek=2 WeekendCloseActive=NO NewTradeBlocked=NO | 45500.000000
ER	0	03:03:57.287	Cazyxio_v4.0 (EURUSD,M15)	2026.03.03 10:03:57 | HEARTBEAT | SYSTEM | EA alive. Tick=45600 Equity=48033.78 OpenPos=2 UTC=2026.03.03 10:03 DayOfWeek=2 WeekendCloseActive=NO NewTradeBlocked=NO | 45600.000000
RF	0	03:04:55.361	Cazyxio_v4.0 (EURUSD,M15)	2026.03.03 10:04:55 | HEARTBEAT | SYSTEM | EA alive. Tick=45700 Equity=48047.69 OpenPos=2 UTC=2026.03.03 10:04 DayOfWeek=2 WeekendCloseActive=NO NewTradeBlocked=NO | 45700.000000
FJ	0	03:05:52.347	Cazyxio_v4.0 (EURUSD,M15)	2026.03.03 10:05:52 | HEARTBEAT | SYSTEM | EA alive. Tick=45800 Equity=48042.65 OpenPos=2 UTC=2026.03.03 10:05 DayOfWeek=2 WeekendCloseActive=NO NewTradeBlocked=NO | 45800.000000
LN	0	03:07:07.811	Cazyxio_v4.0 (EURUSD,M15)	2026.03.03 10:07:07 | HEARTBEAT | SYSTEM | EA alive. Tick=45900 Equity=48004.54 OpenPos=2 UTC=2026.03.03 10:07 DayOfWeek=2 WeekendCloseActive=NO NewTradeBlocked=NO | 45900.000000
CR	0	03:08:11.673	Cazyxio_v4.0 (EURUSD,M15)	2026.03.03 10:08:11 | HEARTBEAT | SYSTEM | EA alive. Tick=46000 Equity=48009.33 OpenPos=2 UTC=2026.03.03 10:08 DayOfWeek=2 WeekendCloseActive=NO NewTradeBlocked=NO | 46000.000000
IF	0	03:09:18.076	Cazyxio_v4.0 (EURUSD,M15)	2026.03.03 10:09:18 | HEARTBEAT | SYSTEM | EA alive. Tick=46100 Equity=48029.71 OpenPos=2 UTC=2026.03.03 10:09 DayOfWeek=2 WeekendCloseActive=NO NewTradeBlocked=NO | 46100.000000
JJ	0	03:10:24.988	Cazyxio_v4.0 (EURUSD,M15)	2026.03.03 10:10:24 | HEARTBEAT | SYSTEM | EA alive. Tick=46200 Equity=48039.71 OpenPos=2 UTC=2026.03.03 10:10 DayOfWeek=2 WeekendCloseActive=NO NewTradeBlocked=NO | 46200.000000
FN	0	03:11:08.133	Cazyxio_v4.0 (EURUSD,M15)	2026.03.03 10:11:08 | HEARTBEAT | SYSTEM | EA alive. Tick=46300 Equity=48055.67 OpenPos=2 UTC=2026.03.03 10:11 DayOfWeek=2 WeekendCloseActive=NO NewTradeBlocked=NO | 46300.000000
PR	0	03:12:02.618	Cazyxio_v4.0 (EURUSD,M15)	2026.03.03 10:12:02 | HEARTBEAT | SYSTEM | EA alive. Tick=46400 Equity=48044.75 OpenPos=2 UTC=2026.03.03 10:12 DayOfWeek=2 WeekendCloseActive=NO NewTradeBlocked=NO | 46400.000000
MF	0	03:13:07.497	Cazyxio_v4.0 (EURUSD,M15)	2026.03.03 10:13:07 | HEARTBEAT | SYSTEM | EA alive. Tick=46500 Equity=48088.10 OpenPos=2 UTC=2026.03.03 10:13 DayOfWeek=2 WeekendCloseActive=NO NewTradeBlocked=NO | 46500.000000
HJ	0	03:14:18.960	Cazyxio_v4.0 (EURUSD,M15)	2026.03.03 10:14:18 | HEARTBEAT | SYSTEM | EA alive. Tick=46600 Equity=48082.42 OpenPos=2 UTC=2026.03.03 10:14 DayOfWeek=2 WeekendCloseActive=NO NewTradeBlocked=NO | 46600.000000
OR	0	03:15:01.419	Cazyxio_v4.0 (EURUSD,M15)	2026.03.03 10:15:01 | BAR | GBPUSD | close=1.32968 h4ema200=1.35264 h4slope=DOWN ema50=1.33569 atr=0.001399 atrSma=0.001259 atrRatio=1.111 dir=SHORT spread=20.0 spreadOK=YES atrGate=PASS touch=FAIL momCandle=momClosePos=0.500 momOk=N ema50Ok=Y barRange=0.000000 trigger=NO hasPos=NO portRisk=1.00% openPos=2 | 1.329680
OO	0	03:15:01.419	Cazyxio_v4.0 (EURUSD,M15)	2026.03.03 10:15:01 | GATE_FAIL | GBPUSD | Touch/pullback gate FAIL. Price has not approached EMA50 within last 12 bars (within 1.00 ATR). v4.0 tolerance=1.00x (widened from 0.40x).
MI	0	03:15:01.419	Cazyxio_v4.0 (EURUSD,M15)	2026.03.03 10:15:01 | BAR | EURUSD | close=1.16010 h4ema200=1.17878 h4slope=DOWN ema50=1.16609 atr=0.001148 atrSma=0.000918 atrRatio=1.251 dir=SHORT spread=17.0 spreadOK=YES atrGate=PASS touch=FAIL momCandle=momClosePos=0.500 momOk=N ema50Ok=Y barRange=0.000000 trigger=NO hasPos=NO portRisk=1.00% openPos=2 | 1.160100
PH	0	03:15:01.419	Cazyxio_v4.0 (EURUSD,M15)	2026.03.03 10:15:01 | GATE_FAIL | EURUSD | Touch/pullback gate FAIL. Price has not approached EMA50 within last 12 bars (within 1.00 ATR). v4.0 tolerance=1.00x (widened from 0.40x).
HF	0	03:15:01.419	Cazyxio_v4.0 (EURUSD,M15)	2026.03.03 10:15:01 | BAR | USDJPY | close=157.734 h4ema200=155.537 h4slope=UP ema50=157.412 atr=0.137286 atrSma=0.121267 atrRatio=1.132 dir=LONG spread=16.0 spreadOK=YES atrGate=PASS touch=PASS momCandle=momClosePos=0.500 momOk=N ema50Ok=Y barRange=0.000000 trigger=NO hasPos=YES portRisk=1.00% openPos=2 | 157.734000
JS	0	03:15:01.419	Cazyxio_v4.0 (EURUSD,M15)	2026.03.03 10:15:01 | TRAIL_SKIP | USDJPY | Trail not yet active. ProfitDist=0.038 ActivateAt=0.321 (1.5R). ticket=4343339
OD	0	03:15:01.419	Cazyxio_v4.0 (EURUSD,M15)	2026.03.03 10:15:01 | BAR | AUDUSD | close=0.70367 h4ema200=0.69852 h4slope=UP ema50=0.70790 atr=0.001059 atrSma=0.000986 atrRatio=1.074 dir=LONG spread=18.0 spreadOK=YES atrGate=PASS touch=PASS momCandle=momClosePos=0.500 momOk=N ema50Ok=Y barRange=0.000000 trigger=NO hasPos=YES portRisk=1.00% openPos=2 | 0.703670
OF	0	03:15:01.419	Cazyxio_v4.0 (EURUSD,M15)	2026.03.03 10:15:01 | TRAIL_SKIP | AUDUSD | Trail not yet active. ProfitDist=-0.00053 ActivateAt=0.00254 (1.5R). ticket=4353236
IG	0	03:15:01.419	Cazyxio_v4.0 (EURUSD,M15)	2026.03.03 10:15:01 | BAR | GBPJPY | close=209.741 h4ema200=210.396 h4slope=DOWN ema50=210.258 atr=0.218786 atrSma=0.179626 atrRatio=1.218 dir=SHORT spread=46.0 spreadOK=NO atrGate=PASS touch=FAIL momCandle=momClosePos=0.500 momOk=N ema50Ok=Y barRange=0.000000 trigger=NO hasPos=NO portRisk=1.00% openPos=2 | 209.741000
CJ	0	03:15:01.419	Cazyxio_v4.0 (EURUSD,M15)	2026.03.03 10:15:01 | GATE_FAIL | GBPJPY | Spread too wide. Spread=46.0 Max=30 points.
PK	0	03:15:02.920	Cazyxio_v4.0 (EURUSD,M15)	2026.03.03 10:15:02 | BAR | USDCAD | close=1.37002 h4ema200=1.36886 h4slope=DOWN ema50=1.36797 atr=0.000889 atrSma=0.000852 atrRatio=1.043 dir=NONE spread=25.0 spreadOK=YES atrGate=PASS touch=FAIL momCandle= trigger=NO hasPos=NO portRisk=1.00% openPos=2 | 1.370020
NN	0	03:15:02.920	Cazyxio_v4.0 (EURUSD,M15)	2026.03.03 10:15:02 | GATE_FAIL | USDCAD | No directional bias. h4slope=DOWN closeNow=1.37002 h4ema200=1.36886. Need H4 slope + price on correct side of H4 EMA200.
HF	0	03:15:32.598	Cazyxio_v4.0 (EURUSD,M15)	2026.03.03 10:15:32 | HEARTBEAT | SYSTEM | EA alive. Tick=46700 Equity=48074.43 OpenPos=2 UTC=2026.03.03 10:15 DayOfWeek=2 WeekendCloseActive=NO NewTradeBlocked=NO | 46700.000000
NJ	0	03:16:20.546	Cazyxio_v4.0 (EURUSD,M15)	2026.03.03 10:16:20 | HEARTBEAT | SYSTEM | EA alive. Tick=46800 Equity=48077.93 OpenPos=2 UTC=2026.03.03 10:16 DayOfWeek=2 WeekendCloseActive=NO NewTradeBlocked=NO | 46800.000000
KN	0	03:17:16.060	Cazyxio_v4.0 (EURUSD,M15)	2026.03.03 10:17:16 | HEARTBEAT | SYSTEM | EA alive. Tick=46900 Equity=48091.32 OpenPos=2 UTC=2026.03.03 10:17 DayOfWeek=2 WeekendCloseActive=NO NewTradeBlocked=NO | 46900.000000
ER	0	03:18:08.469	Cazyxio_v4.0 (EURUSD,M15)	2026.03.03 10:18:08 | HEARTBEAT | SYSTEM | EA alive. Tick=47000 Equity=48100.44 OpenPos=2 UTC=2026.03.03 10:18 DayOfWeek=2 WeekendCloseActive=NO NewTradeBlocked=NO | 47000.000000
CF	0	03:19:05.712	Cazyxio_v4.0 (EURUSD,M15)	2026.03.03 10:19:05 | HEARTBEAT | SYSTEM | EA alive. Tick=47100 Equity=48051.18 OpenPos=2 UTC=2026.03.03 10:19 DayOfWeek=2 WeekendCloseActive=NO NewTradeBlocked=NO | 47100.000000
OJ	0	03:20:02.449	Cazyxio_v4.0 (EURUSD,M15)	2026.03.03 10:20:02 | HEARTBEAT | SYSTEM | EA alive. Tick=47200 Equity=48055.53 OpenPos=2 UTC=2026.03.03 10:20 DayOfWeek=2 WeekendCloseActive=NO NewTradeBlocked=NO | 47200.000000
HN	0	03:20:54.613	Cazyxio_v4.0 (EURUSD,M15)	2026.03.03 10:20:54 | HEARTBEAT | SYSTEM | EA alive. Tick=47300 Equity=48075.11 OpenPos=2 UTC=2026.03.03 10:20 DayOfWeek=2 WeekendCloseActive=NO NewTradeBlocked=NO | 47300.000000
LR	0	03:22:01.067	Cazyxio_v4.0 (EURUSD,M15)	2026.03.03 10:22:01 | HEARTBEAT | SYSTEM | EA alive. Tick=47400 Equity=48049.51 OpenPos=2 UTC=2026.03.03 10:22 DayOfWeek=2 WeekendCloseActive=NO NewTradeBlocked=NO | 47400.000000
JF	0	03:22:55.142	Cazyxio_v4.0 (EURUSD,M15)	2026.03.03 10:22:55 | HEARTBEAT | SYSTEM | EA alive. Tick=47500 Equity=48064.03 OpenPos=2 UTC=2026.03.03 10:22 DayOfWeek=2 WeekendCloseActive=NO NewTradeBlocked=NO | 47500.000000
OJ	0	03:24:32.303	Cazyxio_v4.0 (EURUSD,M15)	2026.03.03 10:24:32 | HEARTBEAT | SYSTEM | EA alive. Tick=47600 Equity=48040.87 OpenPos=2 UTC=2026.03.03 10:24 DayOfWeek=2 WeekendCloseActive=NO NewTradeBlocked=NO | 47600.000000
DN	0	03:25:48.954	Cazyxio_v4.0 (EURUSD,M15)	2026.03.03 10:25:48 | HEARTBEAT | SYSTEM | EA alive. Tick=47700 Equity=48038.15 OpenPos=2 UTC=2026.03.03 10:25 DayOfWeek=2 WeekendCloseActive=NO NewTradeBlocked=NO | 47700.000000
MR	0	03:26:24.462	Cazyxio_v4.0 (EURUSD,M15)	2026.03.03 10:26:24 | HEARTBEAT | SYSTEM | EA alive. Tick=47800 Equity=47994.04 OpenPos=2 UTC=2026.03.03 10:26 DayOfWeek=2 WeekendCloseActive=NO NewTradeBlocked=NO | 47800.000000
DF	0	03:27:34.259	Cazyxio_v4.0 (EURUSD,M15)	2026.03.03 10:27:34 | HEARTBEAT | SYSTEM | EA alive. Tick=47900 Equity=48040.87 OpenPos=2 UTC=2026.03.03 10:27 DayOfWeek=2 WeekendCloseActive=NO NewTradeBlocked=NO | 47900.000000
JJ	0	03:28:39.837	Cazyxio_v4.0 (EURUSD,M15)	2026.03.03 10:28:39 | HEARTBEAT | SYSTEM | EA alive. Tick=48000 Equity=48041.41 OpenPos=2 UTC=2026.03.03 10:28 DayOfWeek=2 WeekendCloseActive=NO NewTradeBlocked=NO | 48000.000000
QR	0	03:30:01.575	Cazyxio_v4.0 (EURUSD,M15)	2026.03.03 10:30:01 | BAR | GBPUSD | close=1.33012 h4ema200=1.35264 h4slope=DOWN ema50=1.33548 atr=0.001422 atrSma=0.001256 atrRatio=1.133 dir=SHORT spread=20.0 spreadOK=YES atrGate=PASS touch=FAIL momCandle=momClosePos=0.500 momOk=N ema50Ok=Y barRange=0.000000 trigger=NO hasPos=NO portRisk=1.00% openPos=2 | 1.330120
HO	0	03:30:01.575	Cazyxio_v4.0 (EURUSD,M15)	2026.03.03 10:30:01 | GATE_FAIL | GBPUSD | Touch/pullback gate FAIL. Price has not approached EMA50 within last 12 bars (within 1.00 ATR). v4.0 tolerance=1.00x (widened from 0.40x).
LI	0	03:30:01.575	Cazyxio_v4.0 (EURUSD,M15)	2026.03.03 10:30:01 | BAR | EURUSD | close=1.16017 h4ema200=1.17878 h4slope=DOWN ema50=1.16586 atr=0.001136 atrSma=0.000917 atrRatio=1.239 dir=SHORT spread=15.0 spreadOK=YES atrGate=PASS touch=FAIL momCandle=momClosePos=0.500 momOk=N ema50Ok=Y barRange=0.000000 trigger=NO hasPos=NO portRisk=1.00% openPos=2 | 1.160170
CH	0	03:30:01.575	Cazyxio_v4.0 (EURUSD,M15)	2026.03.03 10:30:01 | GATE_FAIL | EURUSD | Touch/pullback gate FAIL. Price has not approached EMA50 within last 12 bars (within 1.00 ATR). v4.0 tolerance=1.00x (widened from 0.40x).
FF	0	03:30:01.575	Cazyxio_v4.0 (EURUSD,M15)	2026.03.03 10:30:01 | BAR | USDJPY | close=157.761 h4ema200=155.537 h4slope=UP ema50=157.427 atr=0.133500 atrSma=0.121251 atrRatio=1.101 dir=LONG spread=17.0 spreadOK=YES atrGate=PASS touch=PASS momCandle=momClosePos=0.500 momOk=N ema50Ok=Y barRange=0.000000 trigger=NO hasPos=YES portRisk=1.00% openPos=2 | 157.761000
IS	0	03:30:01.575	Cazyxio_v4.0 (EURUSD,M15)	2026.03.03 10:30:01 | TRAIL_SKIP | USDJPY | Trail not yet active. ProfitDist=0.065 ActivateAt=0.321 (1.5R). ticket=4343339
PI	0	03:30:01.575	Cazyxio_v4.0 (EURUSD,M15)	2026.03.03 10:30:01 | BAR | GBPJPY | close=209.841 h4ema200=210.397 h4slope=DOWN ema50=210.246 atr=0.218357 atrSma=0.179410 atrRatio=1.217 dir=SHORT spread=44.0 spreadOK=NO atrGate=PASS touch=FAIL momCandle=momClosePos=0.500 momOk=N ema50Ok=Y barRange=0.000000 trigger=NO hasPos=NO portRisk=1.00% openPos=2 | 209.841000
PI	0	03:30:01.575	Cazyxio_v4.0 (EURUSD,M15)	2026.03.03 10:30:01 | GATE_FAIL | GBPJPY | Spread too wide. Spread=44.0 Max=30 points.
RJ	0	03:30:02.045	Cazyxio_v4.0 (EURUSD,M15)	2026.03.03 10:30:02 | BAR | AUDUSD | close=0.70317 h4ema200=0.69851 h4slope=UP ema50=0.70770 atr=0.001075 atrSma=0.000986 atrRatio=1.091 dir=LONG spread=17.0 spreadOK=YES atrGate=PASS touch=FAIL momCandle=momClosePos=1.000 momOk=Y ema50Ok=Y barRange=0.000030 trigger=YES hasPos=YES portRisk=1.00% openPos=2 | 0.703170
NP	0	03:30:02.045	Cazyxio_v4.0 (EURUSD,M15)	2026.03.03 10:30:02 | TRAIL_SKIP | AUDUSD | Trail not yet active. ProfitDist=-0.00103 ActivateAt=0.00254 (1.5R). ticket=4353236
GK	0	03:30:02.045	Cazyxio_v4.0 (EURUSD,M15)	2026.03.03 10:30:02 | BAR | USDCAD | close=1.37003 h4ema200=1.36886 h4slope=DOWN ema50=1.36805 atr=0.000918 atrSma=0.000851 atrRatio=1.078 dir=NONE spread=24.0 spreadOK=YES atrGate=PASS touch=FAIL momCandle= trigger=NO hasPos=NO portRisk=1.00% openPos=2 | 1.370030
OO	0	03:30:02.045	Cazyxio_v4.0 (EURUSD,M15)	2026.03.03 10:30:02 | GATE_FAIL | USDCAD | No directional bias. h4slope=DOWN closeNow=1.37003 h4ema200=1.36886. Need H4 slope + price on correct side of H4 EMA200.
NG	0	03:30:03.891	Cazyxio_v4.0 (EURUSD,M15)	2026.03.03 10:30:03 | HEARTBEAT | SYSTEM | EA alive. Tick=48100 Equity=48019.58 OpenPos=2 UTC=2026.03.03 10:30 DayOfWeek=2 WeekendCloseActive=NO NewTradeBlocked=NO | 48100.000000
RK	0	03:31:12.422	Cazyxio_v4.0 (EURUSD,M15)	2026.03.03 10:31:12 | HEARTBEAT | SYSTEM | EA alive. Tick=48200 Equity=48015.99 OpenPos=2 UTC=2026.03.03 10:31 DayOfWeek=2 WeekendCloseActive=NO NewTradeBlocked=NO | 48200.000000
QO	0	03:32:27.879	Cazyxio_v4.0 (EURUSD,M15)	2026.03.03 10:32:27 | HEARTBEAT | SYSTEM | EA alive. Tick=48300 Equity=48024.75 OpenPos=2 UTC=2026.03.03 10:32 DayOfWeek=2 WeekendCloseActive=NO NewTradeBlocked=NO | 48300.000000
GS	0	03:33:34.409	Cazyxio_v4.0 (EURUSD,M15)	2026.03.03 10:33:34 | HEARTBEAT | SYSTEM | EA alive. Tick=48400 Equity=47951.42 OpenPos=2 UTC=2026.03.03 10:33 DayOfWeek=2 WeekendCloseActive=NO NewTradeBlocked=NO | 48400.000000
EG	0	03:34:42.569	Cazyxio_v4.0 (EURUSD,M15)	2026.03.03 10:34:42 | HEARTBEAT | SYSTEM | EA alive. Tick=48500 Equity=47916.66 OpenPos=1 UTC=2026.03.03 10:34 DayOfWeek=2 WeekendCloseActive=NO NewTradeBlocked=NO | 48500.000000
EK	0	03:35:45.305	Cazyxio_v4.0 (EURUSD,M15)	2026.03.03 10:35:45 | HEARTBEAT | SYSTEM | EA alive. Tick=48600 Equity=47943.58 OpenPos=1 UTC=2026.03.03 10:35 DayOfWeek=2 WeekendCloseActive=NO NewTradeBlocked=NO | 48600.000000
GO	0	03:36:56.993	Cazyxio_v4.0 (EURUSD,M15)	2026.03.03 10:36:56 | HEARTBEAT | SYSTEM | EA alive. Tick=48700 Equity=47958.16 OpenPos=1 UTC=2026.03.03 10:36 DayOfWeek=2 WeekendCloseActive=NO NewTradeBlocked=NO | 48700.000000
NS	0	03:38:01.866	Cazyxio_v4.0 (EURUSD,M15)	2026.03.03 10:38:01 | HEARTBEAT | SYSTEM | EA alive. Tick=48800 Equity=47989.54 OpenPos=1 UTC=2026.03.03 10:38 DayOfWeek=2 WeekendCloseActive=NO NewTradeBlocked=NO | 48800.000000
NG	0	03:38:44.705	Cazyxio_v4.0 (EURUSD,M15)	2026.03.03 10:38:44 | HEARTBEAT | SYSTEM | EA alive. Tick=48900 Equity=48009.72 OpenPos=1 UTC=2026.03.03 10:38 DayOfWeek=2 WeekendCloseActive=NO NewTradeBlocked=NO | 48900.000000
RK	0	03:39:29.957	Cazyxio_v4.0 (EURUSD,M15)	2026.03.03 10:39:29 | HEARTBEAT | SYSTEM | EA alive. Tick=49000 Equity=47991.79 OpenPos=1 UTC=2026.03.03 10:39 DayOfWeek=2 WeekendCloseActive=NO NewTradeBlocked=NO | 49000.000000
MO	0	03:40:10.819	Cazyxio_v4.0 (EURUSD,M15)	2026.03.03 10:40:10 | HEARTBEAT | SYSTEM | EA alive. Tick=49100 Equity=47988.42 OpenPos=1 UTC=2026.03.03 10:40 DayOfWeek=2 WeekendCloseActive=NO NewTradeBlocked=NO | 49100.000000
KS	0	03:40:57.602	Cazyxio_v4.0 (EURUSD,M15)	2026.03.03 10:40:57 | HEARTBEAT | SYSTEM | EA alive. Tick=49200 Equity=47982.82 OpenPos=1 UTC=2026.03.03 10:40 DayOfWeek=2 WeekendCloseActive=NO NewTradeBlocked=NO | 49200.000000
FG	0	03:41:41.340	Cazyxio_v4.0 (EURUSD,M15)	2026.03.03 10:41:41 | HEARTBEAT | SYSTEM | EA alive. Tick=49300 Equity=47968.25 OpenPos=1 UTC=2026.03.03 10:41 DayOfWeek=2 WeekendCloseActive=NO NewTradeBlocked=NO | 49300.000000
KK	0	03:42:35.661	Cazyxio_v4.0 (EURUSD,M15)	2026.03.03 10:42:35 | HEARTBEAT | SYSTEM | EA alive. Tick=49400 Equity=47953.67 OpenPos=1 UTC=2026.03.03 10:42 DayOfWeek=2 WeekendCloseActive=NO NewTradeBlocked=NO | 49400.000000
MO	0	03:43:25.013	Cazyxio_v4.0 (EURUSD,M15)	2026.03.03 10:43:25 | HEARTBEAT | SYSTEM | EA alive. Tick=49500 Equity=47950.31 OpenPos=1 UTC=2026.03.03 10:43 DayOfWeek=2 WeekendCloseActive=NO NewTradeBlocked=NO | 49500.000000
JS	0	03:44:23.828	Cazyxio_v4.0 (EURUSD,M15)	2026.03.03 10:44:23 | HEARTBEAT | SYSTEM | EA alive. Tick=49600 Equity=47974.97 OpenPos=1 UTC=2026.03.03 10:44 DayOfWeek=2 WeekendCloseActive=NO NewTradeBlocked=NO | 49600.000000
DJ	0	03:45:01.395	Cazyxio_v4.0 (EURUSD,M15)	2026.03.03 10:45:01 | BAR | EURUSD | close=1.15982 h4ema200=1.17878 h4slope=DOWN ema50=1.16561 atr=0.001149 atrSma=0.000917 atrRatio=1.254 dir=SHORT spread=16.0 spreadOK=YES atrGate=PASS touch=FAIL momCandle=momClosePos=0.500 momOk=N ema50Ok=Y barRange=0.000000 trigger=NO hasPos=NO portRisk=0.50% openPos=1 | 1.159820
IF	0	03:45:01.395	Cazyxio_v4.0 (EURUSD,M15)	2026.03.03 10:45:01 | GATE_FAIL | EURUSD | Touch/pullback gate FAIL. Price has not approached EMA50 within last 12 bars (within 1.00 ATR). v4.0 tolerance=1.00x (widened from 0.40x).
MM	0	03:45:01.395	Cazyxio_v4.0 (EURUSD,M15)	2026.03.03 10:45:01 | BAR | AUDUSD | close=0.70274 h4ema200=0.69851 h4slope=UP ema50=0.70748 atr=0.001152 atrSma=0.000987 atrRatio=1.167 dir=LONG spread=19.0 spreadOK=YES atrGate=PASS touch=FAIL momCandle=momClosePos=0.500 momOk=N ema50Ok=Y barRange=0.000000 trigger=NO hasPos=NO portRisk=0.50% openPos=1 | 0.702740
OQ	0	03:45:01.395	Cazyxio_v4.0 (EURUSD,M15)	2026.03.03 10:45:01 | GATE_FAIL | AUDUSD | Touch/pullback gate FAIL. Price has not approached EMA50 within last 12 bars (within 1.00 ATR). v4.0 tolerance=1.00x (widened from 0.40x).
NR	0	03:45:01.395	Cazyxio_v4.0 (EURUSD,M15)	2026.03.03 10:45:01 | BAR | GBPJPY | close=209.814 h4ema200=210.396 h4slope=DOWN ema50=210.228 atr=0.218214 atrSma=0.179124 atrRatio=1.218 dir=SHORT spread=45.0 spreadOK=NO atrGate=PASS touch=FAIL momCandle=momClosePos=0.500 momOk=N ema50Ok=Y barRange=0.000000 trigger=NO hasPos=NO portRisk=0.50% openPos=1 | 209.814000
MG	0	03:45:01.395	Cazyxio_v4.0 (EURUSD,M15)	2026.03.03 10:45:01 | GATE_FAIL | GBPJPY | Spread too wide. Spread=45.0 Max=30 points.
GH	0	03:45:01.628	Cazyxio_v4.0 (EURUSD,M15)	2026.03.03 10:45:01 | BAR | USDJPY | close=157.791 h4ema200=155.538 h4slope=UP ema50=157.442 atr=0.130143 atrSma=0.121201 atrRatio=1.074 dir=LONG spread=16.0 spreadOK=YES atrGate=PASS touch=PASS momCandle=momClosePos=0.500 momOk=N ema50Ok=Y barRange=0.000000 trigger=NO hasPos=YES portRisk=0.50% openPos=1 | 157.791000
EI	0	03:45:01.628	Cazyxio_v4.0 (EURUSD,M15)	2026.03.03 10:45:01 | TRAIL_SKIP | USDJPY | Trail not yet active. ProfitDist=0.095 ActivateAt=0.321 (1.5R). ticket=4343339
KN	0	03:45:01.628	Cazyxio_v4.0 (EURUSD,M15)	2026.03.03 10:45:01 | BAR | USDCAD | close=1.37021 h4ema200=1.36886 h4slope=DOWN ema50=1.36815 atr=0.000916 atrSma=0.000851 atrRatio=1.076 dir=NONE spread=25.0 spreadOK=YES atrGate=PASS touch=FAIL momCandle= trigger=NO hasPos=NO portRisk=0.50% openPos=1 | 1.370210
RS	0	03:45:01.628	Cazyxio_v4.0 (EURUSD,M15)	2026.03.03 10:45:01 | GATE_FAIL | USDCAD | No directional bias. h4slope=DOWN closeNow=1.37021 h4ema200=1.36886. Need H4 slope + price on correct side of H4 EMA200.
JL	0	03:45:03.002	Cazyxio_v4.0 (EURUSD,M15)	2026.03.03 10:45:03 | BAR | GBPUSD | close=1.32967 h4ema200=1.35264 h4slope=DOWN ema50=1.33524 atr=0.001438 atrSma=0.001253 atrRatio=1.147 dir=SHORT spread=22.0 spreadOK=YES atrGate=PASS touch=FAIL momCandle=momClosePos=0.500 momOk=N ema50Ok=Y barRange=0.000000 trigger=NO hasPos=NO portRisk=0.50% openPos=1 | 1.329670
QJ	0	03:45:03.002	Cazyxio_v4.0 (EURUSD,M15)	2026.03.03 10:45:03 | GATE_FAIL | GBPUSD | Touch/pullback gate FAIL. Price has not approached EMA50 within last 12 bars (within 1.00 ATR). v4.0 tolerance=1.00x (widened from 0.40x).
RI	0	03:45:14.174	Cazyxio_v4.0 (EURUSD,M15)	2026.03.03 10:45:14 | HEARTBEAT | SYSTEM | EA alive. Tick=49700 Equity=47976.09 OpenPos=1 UTC=2026.03.03 10:45 DayOfWeek=2 WeekendCloseActive=NO NewTradeBlocked=NO | 49700.000000
RM	0	03:46:04.587	Cazyxio_v4.0 (EURUSD,M15)	2026.03.03 10:46:04 | HEARTBEAT | SYSTEM | EA alive. Tick=49800 Equity=47977.21 OpenPos=1 UTC=2026.03.03 10:46 DayOfWeek=2 WeekendCloseActive=NO NewTradeBlocked=NO | 49800.000000
KQ	0	03:47:14.756	Cazyxio_v4.0 (EURUSD,M15)	2026.03.03 10:47:14 | HEARTBEAT | SYSTEM | EA alive. Tick=49900 Equity=47985.06 OpenPos=1 UTC=2026.03.03 10:47 DayOfWeek=2 WeekendCloseActive=NO NewTradeBlocked=NO | 49900.000000
QE	0	03:48:11.259	Cazyxio_v4.0 (EURUSD,M15)	2026.03.03 10:48:11 | HEARTBEAT | SYSTEM | EA alive. Tick=50000 Equity=47976.09 OpenPos=1 UTC=2026.03.03 10:48 DayOfWeek=2 WeekendCloseActive=NO NewTradeBlocked=NO | 50000.000000
KI	0	03:49:06.587	Cazyxio_v4.0 (EURUSD,M15)	2026.03.03 10:49:06 | HEARTBEAT | SYSTEM | EA alive. Tick=50100 Equity=47969.37 OpenPos=1 UTC=2026.03.03 10:49 DayOfWeek=2 WeekendCloseActive=NO NewTradeBlocked=NO | 50100.000000
CM	0	03:49:56.452	Cazyxio_v4.0 (EURUSD,M15)	2026.03.03 10:49:56 | HEARTBEAT | SYSTEM | EA alive. Tick=50200 Equity=47902.08 OpenPos=1 UTC=2026.03.03 10:49 DayOfWeek=2 WeekendCloseActive=NO NewTradeBlocked=NO | 50200.000000
QQ	0	03:50:41.731	Cazyxio_v4.0 (EURUSD,M15)	2026.03.03 10:50:41 | HEARTBEAT | SYSTEM | EA alive. Tick=50300 Equity=47902.08 OpenPos=1 UTC=2026.03.03 10:50 DayOfWeek=2 WeekendCloseActive=NO NewTradeBlocked=NO | 50300.000000
RE	0	03:51:46.752	Cazyxio_v4.0 (EURUSD,M15)	2026.03.03 10:51:46 | HEARTBEAT | SYSTEM | EA alive. Tick=50400 Equity=47900.96 OpenPos=1 UTC=2026.03.03 10:51 DayOfWeek=2 WeekendCloseActive=NO NewTradeBlocked=NO | 50400.000000
NI	0	03:52:43.726	Cazyxio_v4.0 (EURUSD,M15)	2026.03.03 10:52:43 | HEARTBEAT | SYSTEM | EA alive. Tick=50500 Equity=47883.01 OpenPos=1 UTC=2026.03.03 10:52 DayOfWeek=2 WeekendCloseActive=NO NewTradeBlocked=NO | 50500.000000
EM	0	03:53:30.526	Cazyxio_v4.0 (EURUSD,M15)	2026.03.03 10:53:30 | HEARTBEAT | SYSTEM | EA alive. Tick=50600 Equity=47903.20 OpenPos=1 UTC=2026.03.03 10:53 DayOfWeek=2 WeekendCloseActive=NO NewTradeBlocked=NO | 50600.000000
DQ	0	03:54:16.713	Cazyxio_v4.0 (EURUSD,M15)	2026.03.03 10:54:16 | HEARTBEAT | SYSTEM | EA alive. Tick=50700 Equity=47920.03 OpenPos=1 UTC=2026.03.03 10:54 DayOfWeek=2 WeekendCloseActive=NO NewTradeBlocked=NO | 50700.000000
HE	0	03:55:26.026	Cazyxio_v4.0 (EURUSD,M15)	2026.03.03 10:55:26 | HEARTBEAT | SYSTEM | EA alive. Tick=50800 Equity=47927.88 OpenPos=1 UTC=2026.03.03 10:55 DayOfWeek=2 WeekendCloseActive=NO NewTradeBlocked=NO | 50800.000000
DI	0	03:56:27.715	Cazyxio_v4.0 (EURUSD,M15)	2026.03.03 10:56:27 | HEARTBEAT | SYSTEM | EA alive. Tick=50900 Equity=47932.37 OpenPos=1 UTC=2026.03.03 10:56 DayOfWeek=2 WeekendCloseActive=NO NewTradeBlocked=NO | 50900.000000
PM	0	03:57:30.490	Cazyxio_v4.0 (EURUSD,M15)	2026.03.03 10:57:30 | HEARTBEAT | SYSTEM | EA alive. Tick=51000 Equity=47959.28 OpenPos=1 UTC=2026.03.03 10:57 DayOfWeek=2 WeekendCloseActive=NO NewTradeBlocked=NO | 51000.000000
JQ	0	03:58:17.538	Cazyxio_v4.0 (EURUSD,M15)	2026.03.03 10:58:17 | HEARTBEAT | SYSTEM | EA alive. Tick=51100 Equity=47989.54 OpenPos=1 UTC=2026.03.03 10:58 DayOfWeek=2 WeekendCloseActive=NO NewTradeBlocked=NO | 51100.000000
QE	0	03:59:06.642	Cazyxio_v4.0 (EURUSD,M15)	2026.03.03 10:59:06 | HEARTBEAT | SYSTEM | EA alive. Tick=51200 Equity=47991.79 OpenPos=1 UTC=2026.03.03 10:59 DayOfWeek=2 WeekendCloseActive=NO NewTradeBlocked=NO | 51200.000000
NE	0	04:00:01.500	Cazyxio_v4.0 (EURUSD,M15)	2026.03.03 11:00:01 | BAR | GBPUSD | close=1.32843 h4ema200=1.35263 h4slope=DOWN ema50=1.33492 atr=0.001496 atrSma=0.001251 atrRatio=1.196 dir=SHORT spread=20.0 spreadOK=YES atrGate=PASS touch=FAIL momCandle=momClosePos=0.500 momOk=N ema50Ok=Y barRange=0.000000 trigger=NO hasPos=NO portRisk=0.50% openPos=1 | 1.328430
DD	0	04:00:01.500	Cazyxio_v4.0 (EURUSD,M15)	2026.03.03 11:00:01 | GATE_FAIL | GBPUSD | Touch/pullback gate FAIL. Price has not approached EMA50 within last 12 bars (within 1.00 ATR). v4.0 tolerance=1.00x (widened from 0.40x).
CR	0	04:00:01.500	Cazyxio_v4.0 (EURUSD,M15)	2026.03.03 11:00:01 | BAR | EURUSD | close=1.15910 h4ema200=1.17877 h4slope=DOWN ema50=1.16533 atr=0.001161 atrSma=0.000917 atrRatio=1.266 dir=SHORT spread=16.0 spreadOK=YES atrGate=PASS touch=FAIL momCandle=momClosePos=0.500 momOk=N ema50Ok=Y barRange=0.000000 trigger=NO hasPos=NO portRisk=0.50% openPos=1 | 1.159100
GO	0	04:00:01.500	Cazyxio_v4.0 (EURUSD,M15)	2026.03.03 11:00:01 | GATE_FAIL | EURUSD | Touch/pullback gate FAIL. Price has not approached EMA50 within last 12 bars (within 1.00 ATR). v4.0 tolerance=1.00x (widened from 0.40x).
FH	0	04:00:01.500	Cazyxio_v4.0 (EURUSD,M15)	2026.03.03 11:00:01 | BAR | USDJPY | close=157.831 h4ema200=155.538 h4slope=UP ema50=157.459 atr=0.131714 atrSma=0.121192 atrRatio=1.087 dir=LONG spread=17.0 spreadOK=YES atrGate=PASS touch=FAIL momCandle=momClosePos=0.500 momOk=N ema50Ok=Y barRange=0.000000 trigger=NO hasPos=YES portRisk=0.50% openPos=1 | 157.831000
IH	0	04:00:01.500	Cazyxio_v4.0 (EURUSD,M15)	2026.03.03 11:00:01 | TRAIL_SKIP | USDJPY | Trail not yet active. ProfitDist=0.135 ActivateAt=0.321 (1.5R). ticket=4343339
HP	0	04:00:01.500	Cazyxio_v4.0 (EURUSD,M15)	2026.03.03 11:00:01 | BAR | GBPJPY | close=209.674 h4ema200=210.395 h4slope=DOWN ema50=210.201 atr=0.228714 atrSma=0.179002 atrRatio=1.278 dir=SHORT spread=40.0 spreadOK=NO atrGate=PASS touch=FAIL momCandle=momClosePos=0.500 momOk=N ema50Ok=Y barRange=0.000000 trigger=NO hasPos=NO portRisk=0.50% openPos=1 | 209.674000
PF	0	04:00:01.500	Cazyxio_v4.0 (EURUSD,M15)	2026.03.03 11:00:01 | GATE_FAIL | GBPJPY | Spread too wide. Spread=40.0 Max=30 points.
EO	0	04:00:01.500	Cazyxio_v4.0 (EURUSD,M15)	2026.03.03 11:00:01 | BAR | USDCAD | close=1.37100 h4ema200=1.36887 h4slope=DOWN ema50=1.36829 atr=0.000921 atrSma=0.000851 atrRatio=1.083 dir=NONE spread=26.0 spreadOK=YES atrGate=PASS touch=FAIL momCandle= trigger=NO hasPos=NO portRisk=0.50% openPos=1 | 1.371000
PS	0	04:00:01.500	Cazyxio_v4.0 (EURUSD,M15)	2026.03.03 11:00:01 | GATE_FAIL | USDCAD | No directional bias. h4slope=DOWN closeNow=1.37100 h4ema200=1.36887. Need H4 slope + price on correct side of H4 EMA200.
DS	0	04:00:01.810	Cazyxio_v4.0 (EURUSD,M15)	2026.03.03 11:00:01 | BAR | AUDUSD | close=0.70226 h4ema200=0.69850 h4slope=UP ema50=0.70726 atr=0.001159 atrSma=0.000988 atrRatio=1.173 dir=LONG spread=18.0 spreadOK=YES atrGate=PASS touch=FAIL momCandle=momClosePos=0.500 momOk=N ema50Ok=Y barRange=0.000000 trigger=NO hasPos=NO portRisk=0.50% openPos=1 | 0.702260
MK	0	04:00:01.810	Cazyxio_v4.0 (EURUSD,M15)	2026.03.03 11:00:01 | GATE_FAIL | AUDUSD | Touch/pullback gate FAIL. Price has not approached EMA50 within last 12 bars (within 1.00 ATR). v4.0 tolerance=1.00x (widened from 0.40x).
KH	0	04:00:04.092	Cazyxio_v4.0 (EURUSD,M15)	2026.03.03 11:00:04 | HEARTBEAT | SYSTEM | EA alive. Tick=51300 Equity=48000.75 OpenPos=1 UTC=2026.03.03 11:00 DayOfWeek=2 WeekendCloseActive=NO NewTradeBlocked=NO | 51300.000000
CL	0	04:00:50.380	Cazyxio_v4.0 (EURUSD,M15)	2026.03.03 11:00:50 | HEARTBEAT | SYSTEM | EA alive. Tick=51400 Equity=47987.30 OpenPos=1 UTC=2026.03.03 11:00 DayOfWeek=2 WeekendCloseActive=NO NewTradeBlocked=NO | 51400.000000
EP	0	04:01:45.417	Cazyxio_v4.0 (EURUSD,M15)	2026.03.03 11:01:45 | HEARTBEAT | SYSTEM | EA alive. Tick=51500 Equity=47988.42 OpenPos=1 UTC=2026.03.03 11:01 DayOfWeek=2 WeekendCloseActive=NO NewTradeBlocked=NO | 51500.000000
GD	0	04:02:23.557	Cazyxio_v4.0 (EURUSD,M15)	2026.03.03 11:02:23 | HEARTBEAT | SYSTEM | EA alive. Tick=51600 Equity=47988.42 OpenPos=1 UTC=2026.03.03 11:02 DayOfWeek=2 WeekendCloseActive=NO NewTradeBlocked=NO | 51600.000000
HH	0	04:03:07.165	Cazyxio_v4.0 (EURUSD,M15)	2026.03.03 11:03:07 | HEARTBEAT | SYSTEM | EA alive. Tick=51700 Equity=47977.21 OpenPos=1 UTC=2026.03.03 11:03 DayOfWeek=2 WeekendCloseActive=NO NewTradeBlocked=NO | 51700.000000
RL	0	04:04:00.843	Cazyxio_v4.0 (EURUSD,M15)	2026.03.03 11:04:00 | HEARTBEAT | SYSTEM | EA alive. Tick=51800 Equity=48015.32 OpenPos=1 UTC=2026.03.03 11:04 DayOfWeek=2 WeekendCloseActive=NO NewTradeBlocked=NO | 51800.000000
RP	0	04:04:50.854	Cazyxio_v4.0 (EURUSD,M15)	2026.03.03 11:04:50 | HEARTBEAT | SYSTEM | EA alive. Tick=51900 Equity=48036.60 OpenPos=1 UTC=2026.03.03 11:04 DayOfWeek=2 WeekendCloseActive=NO NewTradeBlocked=NO | 51900.000000
RD	0	04:05:29.029	Cazyxio_v4.0 (EURUSD,M15)	2026.03.03 11:05:29 | HEARTBEAT | SYSTEM | EA alive. Tick=52000 Equity=48044.44 OpenPos=1 UTC=2026.03.03 11:05 DayOfWeek=2 WeekendCloseActive=NO NewTradeBlocked=NO | 52000.000000
MH	0	04:06:11.078	Cazyxio_v4.0 (EURUSD,M15)	2026.03.03 11:06:11 | HEARTBEAT | SYSTEM | EA alive. Tick=52100 Equity=48031.00 OpenPos=1 UTC=2026.03.03 11:06 DayOfWeek=2 WeekendCloseActive=NO NewTradeBlocked=NO | 52100.000000
IL	0	04:06:55.175	Cazyxio_v4.0 (EURUSD,M15)	2026.03.03 11:06:55 | HEARTBEAT | SYSTEM | EA alive. Tick=52200 Equity=48045.56 OpenPos=1 UTC=2026.03.03 11:06 DayOfWeek=2 WeekendCloseActive=NO NewTradeBlocked=NO | 52200.000000
GP	0	04:07:45.462	Cazyxio_v4.0 (EURUSD,M15)	2026.03.03 11:07:45 | HEARTBEAT | SYSTEM | EA alive. Tick=52300 Equity=48053.40 OpenPos=1 UTC=2026.03.03 11:07 DayOfWeek=2 WeekendCloseActive=NO NewTradeBlocked=NO | 52300.000000
LD	0	04:08:34.266	Cazyxio_v4.0 (EURUSD,M15)	2026.03.03 11:08:34 | HEARTBEAT | SYSTEM | EA alive. Tick=52400 Equity=48056.76 OpenPos=1 UTC=2026.03.03 11:08 DayOfWeek=2 WeekendCloseActive=NO NewTradeBlocked=NO | 52400.000000
CH	0	04:09:24.504	Cazyxio_v4.0 (EURUSD,M15)	2026.03.03 11:09:24 | HEARTBEAT | SYSTEM | EA alive. Tick=52500 Equity=48098.19 OpenPos=1 UTC=2026.03.03 11:09 DayOfWeek=2 WeekendCloseActive=NO NewTradeBlocked=NO | 52500.000000
RL	0	04:10:08.919	Cazyxio_v4.0 (EURUSD,M15)	2026.03.03 11:10:08 | HEARTBEAT | SYSTEM | EA alive. Tick=52600 Equity=48120.58 OpenPos=1 UTC=2026.03.03 11:10 DayOfWeek=2 WeekendCloseActive=NO NewTradeBlocked=NO | 52600.000000
DP	0	04:11:06.387	Cazyxio_v4.0 (EURUSD,M15)	2026.03.03 11:11:06 | HEARTBEAT | SYSTEM | EA alive. Tick=52700 Equity=48108.27 OpenPos=1 UTC=2026.03.03 11:11 DayOfWeek=2 WeekendCloseActive=NO NewTradeBlocked=NO | 52700.000000
DD	0	04:12:06.149	Cazyxio_v4.0 (EURUSD,M15)	2026.03.03 11:12:06 | HEARTBEAT | SYSTEM | EA alive. Tick=52800 Equity=48118.34 OpenPos=1 UTC=2026.03.03 11:12 DayOfWeek=2 WeekendCloseActive=NO NewTradeBlocked=NO | 52800.000000
PH	0	04:12:51.596	Cazyxio_v4.0 (EURUSD,M15)	2026.03.03 11:12:51 | HEARTBEAT | SYSTEM | EA alive. Tick=52900 Equity=48111.62 OpenPos=1 UTC=2026.03.03 11:12 DayOfWeek=2 WeekendCloseActive=NO NewTradeBlocked=NO | 52900.000000
DL	0	04:13:48.874	Cazyxio_v4.0 (EURUSD,M15)	2026.03.03 11:13:48 | HEARTBEAT | SYSTEM | EA alive. Tick=53000 Equity=48083.64 OpenPos=1 UTC=2026.03.03 11:13 DayOfWeek=2 WeekendCloseActive=NO NewTradeBlocked=NO | 53000.000000
EP	0	04:14:37.834	Cazyxio_v4.0 (EURUSD,M15)	2026.03.03 11:14:37 | HEARTBEAT | SYSTEM | EA alive. Tick=53100 Equity=48098.19 OpenPos=1 UTC=2026.03.03 11:14 DayOfWeek=2 WeekendCloseActive=NO NewTradeBlocked=NO | 53100.000000
JH	0	04:15:01.681	Cazyxio_v4.0 (EURUSD,M15)	2026.03.03 11:15:01 | BAR | GBPUSD | close=1.32723 h4ema200=1.35261 h4slope=DOWN ema50=1.33458 atr=0.001526 atrSma=0.001249 atrRatio=1.221 dir=SHORT spread=19.0 spreadOK=YES atrGate=PASS touch=FAIL momCandle=momClosePos=0.500 momOk=N ema50Ok=Y barRange=0.000000 trigger=NO hasPos=NO portRisk=0.50% openPos=1 | 1.327230
RI	0	04:15:01.681	Cazyxio_v4.0 (EURUSD,M15)	2026.03.03 11:15:01 | GATE_FAIL | GBPUSD | Touch/pullback gate FAIL. Price has not approached EMA50 within last 12 bars (within 1.00 ATR). v4.0 tolerance=1.00x (widened from 0.40x).
OG	0	04:15:01.681	Cazyxio_v4.0 (EURUSD,M15)	2026.03.03 11:15:01 | BAR | EURUSD | close=1.15863 h4ema200=1.17877 h4slope=DOWN ema50=1.16505 atr=0.001162 atrSma=0.000917 atrRatio=1.267 dir=SHORT spread=13.0 spreadOK=YES atrGate=PASS touch=FAIL momCandle=momClosePos=0.500 momOk=N ema50Ok=Y barRange=0.000000 trigger=NO hasPos=NO portRisk=0.50% openPos=1 | 1.158630
MR	0	04:15:01.681	Cazyxio_v4.0 (EURUSD,M15)	2026.03.03 11:15:01 | GATE_FAIL | EURUSD | Touch/pullback gate FAIL. Price has not approached EMA50 within last 12 bars (within 1.00 ATR). v4.0 tolerance=1.00x (widened from 0.40x).
PM	0	04:15:01.681	Cazyxio_v4.0 (EURUSD,M15)	2026.03.03 11:15:01 | BAR | USDJPY | close=157.907 h4ema200=155.539 h4slope=UP ema50=157.480 atr=0.129214 atrSma=0.121150 atrRatio=1.067 dir=LONG spread=16.0 spreadOK=YES atrGate=PASS touch=FAIL momCandle=momClosePos=0.500 momOk=N ema50Ok=Y barRange=0.000000 trigger=NO hasPos=YES portRisk=0.50% openPos=1 | 157.907000
HJ	0	04:15:01.681	Cazyxio_v4.0 (EURUSD,M15)	2026.03.03 11:15:01 | TRAIL_SKIP | USDJPY | Trail not yet active. ProfitDist=0.211 ActivateAt=0.321 (1.5R). ticket=4343339
JN	0	04:15:01.681	Cazyxio_v4.0 (EURUSD,M15)	2026.03.03 11:15:01 | BAR | AUDUSD | close=0.70153 h4ema200=0.69850 h4slope=UP ema50=0.70701 atr=0.001136 atrSma=0.000989 atrRatio=1.150 dir=LONG spread=18.0 spreadOK=YES atrGate=PASS touch=FAIL momCandle=momClosePos=0.500 momOk=N ema50Ok=Y barRange=0.000000 trigger=NO hasPos=NO portRisk=0.50% openPos=1 | 0.701530
KO	0	04:15:01.681	Cazyxio_v4.0 (EURUSD,M15)	2026.03.03 11:15:01 | GATE_FAIL | AUDUSD | Touch/pullback gate FAIL. Price has not approached EMA50 within last 12 bars (within 1.00 ATR). v4.0 tolerance=1.00x (widened from 0.40x).
GD	0	04:15:01.681	Cazyxio_v4.0 (EURUSD,M15)	2026.03.03 11:15:01 | BAR | GBPJPY | close=209.585 h4ema200=210.394 h4slope=DOWN ema50=210.173 atr=0.222643 atrSma=0.178840 atrRatio=1.245 dir=SHORT spread=40.0 spreadOK=NO atrGate=PASS touch=FAIL momCandle=momClosePos=0.500 momOk=N ema50Ok=Y barRange=0.000000 trigger=NO hasPos=NO portRisk=0.50% openPos=1 | 209.585000
NE	0	04:15:01.681	Cazyxio_v4.0 (EURUSD,M15)	2026.03.03 11:15:01 | GATE_FAIL | GBPJPY | Spread too wide. Spread=40.0 Max=30 points.
QK	0	04:15:01.682	Cazyxio_v4.0 (EURUSD,M15)	2026.03.03 11:15:01 | BAR | USDCAD | close=1.37153 h4ema200=1.36888 h4slope=DOWN ema50=1.36843 atr=0.000889 atrSma=0.000850 atrRatio=1.045 dir=NONE spread=24.0 spreadOK=YES atrGate=PASS touch=FAIL momCandle= trigger=NO hasPos=NO portRisk=0.50% openPos=1 | 1.371530
LO	0	04:15:01.682	Cazyxio_v4.0 (EURUSD,M15)	2026.03.03 11:15:01 | GATE_FAIL | USDCAD | No directional bias. h4slope=DOWN closeNow=1.37153 h4ema200=1.36888. Need H4 slope + price on correct side of H4 EMA200.
PG	0	04:15:28.414	Cazyxio_v4.0 (EURUSD,M15)	2026.03.03 11:15:28 | HEARTBEAT | SYSTEM | EA alive. Tick=53200 Equity=48121.70 OpenPos=1 UTC=2026.03.03 11:15 DayOfWeek=2 WeekendCloseActive=NO NewTradeBlocked=NO | 53200.000000
NK	0	04:16:21.962	Cazyxio_v4.0 (EURUSD,M15)	2026.03.03 11:16:21 | HEARTBEAT | SYSTEM | EA alive. Tick=53300 Equity=48103.79 OpenPos=1 UTC=2026.03.03 11:16 DayOfWeek=2 WeekendCloseActive=NO NewTradeBlocked=NO | 53300.000000
PO	0	04:17:16.164	Cazyxio_v4.0 (EURUSD,M15)	2026.03.03 11:17:16 | HEARTBEAT | SYSTEM | EA alive. Tick=53400 Equity=48114.98 OpenPos=1 UTC=2026.03.03 11:17 DayOfWeek=2 WeekendCloseActive=NO NewTradeBlocked=NO | 53400.000000
LS	0	04:18:09.168	Cazyxio_v4.0 (EURUSD,M15)	2026.03.03 11:18:09 | HEARTBEAT | SYSTEM | EA alive. Tick=53500 Equity=48099.31 OpenPos=1 UTC=2026.03.03 11:18 DayOfWeek=2 WeekendCloseActive=NO NewTradeBlocked=NO | 53500.000000
CG	0	04:19:02.095	Cazyxio_v4.0 (EURUSD,M15)	2026.03.03 11:19:02 | HEARTBEAT | SYSTEM | EA alive. Tick=53600 Equity=48097.07 OpenPos=1 UTC=2026.03.03 11:19 DayOfWeek=2 WeekendCloseActive=NO NewTradeBlocked=NO | 53600.000000
KK	0	04:19:58.009	Cazyxio_v4.0 (EURUSD,M15)	2026.03.03 11:19:58 | HEARTBEAT | SYSTEM | EA alive. Tick=53700 Equity=48106.03 OpenPos=1 UTC=2026.03.03 11:19 DayOfWeek=2 WeekendCloseActive=NO NewTradeBlocked=NO | 53700.000000
IO	0	04:20:49.684	Cazyxio_v4.0 (EURUSD,M15)	2026.03.03 11:20:49 | HEARTBEAT | SYSTEM | EA alive. Tick=53800 Equity=48109.38 OpenPos=1 UTC=2026.03.03 11:20 DayOfWeek=2 WeekendCloseActive=NO NewTradeBlocked=NO | 53800.000000
IS	0	04:21:41.136	Cazyxio_v4.0 (EURUSD,M15)	2026.03.03 11:21:41 | HEARTBEAT | SYSTEM | EA alive. Tick=53900 Equity=48103.79 OpenPos=1 UTC=2026.03.03 11:21 DayOfWeek=2 WeekendCloseActive=NO NewTradeBlocked=NO | 53900.000000
HG	0	04:22:31.245	Cazyxio_v4.0 (EURUSD,M15)	2026.03.03 11:22:31 | HEARTBEAT | SYSTEM | EA alive. Tick=54000 Equity=48119.46 OpenPos=1 UTC=2026.03.03 11:22 DayOfWeek=2 WeekendCloseActive=NO NewTradeBlocked=NO | 54000.000000
RK	0	04:23:28.521	Cazyxio_v4.0 (EURUSD,M15)	2026.03.03 11:23:28 | HEARTBEAT | SYSTEM | EA alive. Tick=54100 Equity=48114.98 OpenPos=1 UTC=2026.03.03 11:23 DayOfWeek=2 WeekendCloseActive=NO NewTradeBlocked=NO | 54100.000000
MO	0	04:24:18.685	Cazyxio_v4.0 (EURUSD,M15)	2026.03.03 11:24:18 | HEARTBEAT | SYSTEM | EA alive. Tick=54200 Equity=48150.79 OpenPos=1 UTC=2026.03.03 11:24 DayOfWeek=2 WeekendCloseActive=NO NewTradeBlocked=NO | 54200.000000
ES	0	04:25:01.342	Cazyxio_v4.0 (EURUSD,M15)	2026.03.03 11:25:01 | HEARTBEAT | SYSTEM | EA alive. Tick=54300 Equity=48148.55 OpenPos=1 UTC=2026.03.03 11:25 DayOfWeek=2 WeekendCloseActive=NO NewTradeBlocked=NO | 54300.000000
KG	0	04:25:43.623	Cazyxio_v4.0 (EURUSD,M15)	2026.03.03 11:25:43 | HEARTBEAT | SYSTEM | EA alive. Tick=54400 Equity=48155.26 OpenPos=1 UTC=2026.03.03 11:25 DayOfWeek=2 WeekendCloseActive=NO NewTradeBlocked=NO | 54400.000000
QK	0	04:26:34.042	Cazyxio_v4.0 (EURUSD,M15)	2026.03.03 11:26:34 | HEARTBEAT | SYSTEM | EA alive. Tick=54500 Equity=48146.31 OpenPos=1 UTC=2026.03.03 11:26 DayOfWeek=2 WeekendCloseActive=NO NewTradeBlocked=NO | 54500.000000
MO	0	04:27:21.135	Cazyxio_v4.0 (EURUSD,M15)	2026.03.03 11:27:21 | HEARTBEAT | SYSTEM | EA alive. Tick=54600 Equity=48111.62 OpenPos=1 UTC=2026.03.03 11:27 DayOfWeek=2 WeekendCloseActive=NO NewTradeBlocked=NO | 54600.000000
OS	0	04:28:02.987	Cazyxio_v4.0 (EURUSD,M15)	2026.03.03 11:28:02 | HEARTBEAT | SYSTEM | EA alive. Tick=54700 Equity=48139.60 OpenPos=1 UTC=2026.03.03 11:28 DayOfWeek=2 WeekendCloseActive=NO NewTradeBlocked=NO | 54700.000000
MG	0	04:28:54.989	Cazyxio_v4.0 (EURUSD,M15)	2026.03.03 11:28:54 | HEARTBEAT | SYSTEM | EA alive. Tick=54800 Equity=48147.43 OpenPos=1 UTC=2026.03.03 11:28 DayOfWeek=2 WeekendCloseActive=NO NewTradeBlocked=NO | 54800.000000
RK	0	04:29:48.023	Cazyxio_v4.0 (EURUSD,M15)	2026.03.03 11:29:48 | HEARTBEAT | SYSTEM | EA alive. Tick=54900 Equity=48141.84 OpenPos=1 UTC=2026.03.03 11:29 DayOfWeek=2 WeekendCloseActive=NO NewTradeBlocked=NO | 54900.000000
IR	0	04:30:01.851	Cazyxio_v4.0 (EURUSD,M15)	2026.03.03 11:30:01 | BAR | EURUSD | close=1.15827 h4ema200=1.17876 h4slope=DOWN ema50=1.16477 atr=0.001131 atrSma=0.000917 atrRatio=1.233 dir=SHORT spread=16.0 spreadOK=YES atrGate=PASS touch=FAIL momCandle=momClosePos=0.500 momOk=N ema50Ok=Y barRange=0.000000 trigger=NO hasPos=NO portRisk=0.50% openPos=1 | 1.158270
JN	0	04:30:01.851	Cazyxio_v4.0 (EURUSD,M15)	2026.03.03 11:30:01 | GATE_FAIL | EURUSD | Touch/pullback gate FAIL. Price has not approached EMA50 within last 12 bars (within 1.00 ATR). v4.0 tolerance=1.00x (widened from 0.40x).
NH	0	04:30:01.851	Cazyxio_v4.0 (EURUSD,M15)	2026.03.03 11:30:01 | BAR | USDJPY | close=157.956 h4ema200=155.539 h4slope=UP ema50=157.500 atr=0.117143 atrSma=0.120982 atrRatio=0.968 dir=LONG spread=15.0 spreadOK=YES atrGate=PASS touch=FAIL momCandle=momClosePos=0.500 momOk=N ema50Ok=Y barRange=0.000000 trigger=NO hasPos=YES portRisk=0.50% openPos=1 | 157.956000
EI	0	04:30:01.851	Cazyxio_v4.0 (EURUSD,M15)	2026.03.03 11:30:01 | TRAIL_SKIP | USDJPY | Trail not yet active. ProfitDist=0.260 ActivateAt=0.321 (1.5R). ticket=4343339
LN	0	04:30:01.851	Cazyxio_v4.0 (EURUSD,M15)	2026.03.03 11:30:01 | BAR | AUDUSD | close=0.70131 h4ema200=0.69849 h4slope=UP ema50=0.70678 atr=0.001175 atrSma=0.000990 atrRatio=1.187 dir=LONG spread=19.0 spreadOK=YES atrGate=PASS touch=FAIL momCandle=momClosePos=1.000 momOk=Y ema50Ok=Y barRange=0.000010 trigger=YES hasPos=NO portRisk=0.50% openPos=1 | 0.701310
NJ	0	04:30:01.851	Cazyxio_v4.0 (EURUSD,M15)	2026.03.03 11:30:01 | GATE_FAIL | AUDUSD | Touch/pullback gate FAIL. Price has not approached EMA50 within last 12 bars (within 1.00 ATR). v4.0 tolerance=1.00x (widened from 0.40x).
DI	0	04:30:01.851	Cazyxio_v4.0 (EURUSD,M15)	2026.03.03 11:30:01 | BAR | GBPJPY | close=209.609 h4ema200=210.394 h4slope=DOWN ema50=210.152 atr=0.213714 atrSma=0.178811 atrRatio=1.195 dir=SHORT spread=39.0 spreadOK=NO atrGate=PASS touch=FAIL momCandle=momClosePos=0.500 momOk=N ema50Ok=Y barRange=0.000000 trigger=NO hasPos=NO portRisk=0.50% openPos=1 | 209.609000
IH	0	04:30:01.851	Cazyxio_v4.0 (EURUSD,M15)	2026.03.03 11:30:01 | GATE_FAIL | GBPJPY | Spread too wide. Spread=39.0 Max=30 points.
GG	0	04:30:02.076	Cazyxio_v4.0 (EURUSD,M15)	2026.03.03 11:30:02 | BAR | GBPUSD | close=1.32698 h4ema200=1.35261 h4slope=DOWN ema50=1.33427 atr=0.001481 atrSma=0.001248 atrRatio=1.188 dir=SHORT spread=20.0 spreadOK=YES atrGate=PASS touch=FAIL momCandle=momClosePos=0.500 momOk=N ema50Ok=Y barRange=0.000000 trigger=NO hasPos=NO portRisk=0.50% openPos=1 | 1.326980
FR	0	04:30:02.076	Cazyxio_v4.0 (EURUSD,M15)	2026.03.03 11:30:02 | GATE_FAIL | GBPUSD | Touch/pullback gate FAIL. Price has not approached EMA50 within last 12 bars (within 1.00 ATR). v4.0 tolerance=1.00x (widened from 0.40x).
KL	0	04:30:02.076	Cazyxio_v4.0 (EURUSD,M15)	2026.03.03 11:30:02 | BAR | USDCAD | close=1.37198 h4ema200=1.36888 h4slope=DOWN ema50=1.36859 atr=0.000901 atrSma=0.000849 atrRatio=1.061 dir=NONE spread=25.0 spreadOK=YES atrGate=PASS touch=FAIL momCandle= trigger=NO hasPos=NO portRisk=0.50% openPos=1 | 1.371980
HF	0	04:30:02.076	Cazyxio_v4.0 (EURUSD,M15)	2026.03.03 11:30:02 | GATE_FAIL | USDCAD | No directional bias. h4slope=DOWN closeNow=1.37198 h4ema200=1.36888. Need H4 slope + price on correct side of H4 EMA200.
FN	0	04:30:38.507	Cazyxio_v4.0 (EURUSD,M15)	2026.03.03 11:30:38 | HEARTBEAT | SYSTEM | EA alive. Tick=55000 Equity=48151.91 OpenPos=1 UTC=2026.03.03 11:30 DayOfWeek=2 WeekendCloseActive=NO NewTradeBlocked=NO | 55000.000000
CR	0	04:31:28.912	Cazyxio_v4.0 (EURUSD,M15)	2026.03.03 11:31:28 | HEARTBEAT | SYSTEM | EA alive. Tick=55100 Equity=48117.22 OpenPos=1 UTC=2026.03.03 11:31 DayOfWeek=2 WeekendCloseActive=NO NewTradeBlocked=NO | 55100.000000
HF	0	04:32:24.448	Cazyxio_v4.0 (EURUSD,M15)	2026.03.03 11:32:24 | HEARTBEAT | SYSTEM | EA alive. Tick=55200 Equity=48126.17 OpenPos=1 UTC=2026.03.03 11:32 DayOfWeek=2 WeekendCloseActive=NO NewTradeBlocked=NO | 55200.000000
PJ	0	04:33:15.212	Cazyxio_v4.0 (EURUSD,M15)	2026.03.03 11:33:15 | HEARTBEAT | SYSTEM | EA alive. Tick=55300 Equity=48126.17 OpenPos=1 UTC=2026.03.03 11:33 DayOfWeek=2 WeekendCloseActive=NO NewTradeBlocked=NO | 55300.000000
JN	0	04:34:11.722	Cazyxio_v4.0 (EURUSD,M15)	2026.03.03 11:34:11 | HEARTBEAT | SYSTEM | EA alive. Tick=55400 Equity=48141.84 OpenPos=1 UTC=2026.03.03 11:34 DayOfWeek=2 WeekendCloseActive=NO NewTradeBlocked=NO | 55400.000000
MR	0	04:35:08.642	Cazyxio_v4.0 (EURUSD,M15)	2026.03.03 11:35:08 | HEARTBEAT | SYSTEM | EA alive. Tick=55500 Equity=48125.05 OpenPos=1 UTC=2026.03.03 11:35 DayOfWeek=2 WeekendCloseActive=NO NewTradeBlocked=NO | 55500.000000
OF	0	04:35:59.803	Cazyxio_v4.0 (EURUSD,M15)	2026.03.03 11:35:59 | HEARTBEAT | SYSTEM | EA alive. Tick=55600 Equity=48120.58 OpenPos=1 UTC=2026.03.03 11:35 DayOfWeek=2 WeekendCloseActive=NO NewTradeBlocked=NO | 55600.000000
RJ	0	04:36:41.684	Cazyxio_v4.0 (EURUSD,M15)	2026.03.03 11:36:41 | HEARTBEAT | SYSTEM | EA alive. Tick=55700 Equity=48127.29 OpenPos=1 UTC=2026.03.03 11:36 DayOfWeek=2 WeekendCloseActive=NO NewTradeBlocked=NO | 55700.000000
CN	0	04:37:26.814	Cazyxio_v4.0 (EURUSD,M15)	2026.03.03 11:37:26 | HEARTBEAT | SYSTEM | EA alive. Tick=55800 Equity=48094.83 OpenPos=1 UTC=2026.03.03 11:37 DayOfWeek=2 WeekendCloseActive=NO NewTradeBlocked=NO | 55800.000000
KR	0	04:38:13.933	Cazyxio_v4.0 (EURUSD,M15)	2026.03.03 11:38:13 | HEARTBEAT | SYSTEM | EA alive. Tick=55900 Equity=48070.20 OpenPos=1 UTC=2026.03.03 11:38 DayOfWeek=2 WeekendCloseActive=NO NewTradeBlocked=NO | 55900.000000
QF	0	04:39:06.643	Cazyxio_v4.0 (EURUSD,M15)	2026.03.03 11:39:06 | HEARTBEAT | SYSTEM | EA alive. Tick=56000 Equity=48075.80 OpenPos=1 UTC=2026.03.03 11:39 DayOfWeek=2 WeekendCloseActive=NO NewTradeBlocked=NO | 56000.000000
RJ	0	04:39:51.238	Cazyxio_v4.0 (EURUSD,M15)	2026.03.03 11:39:51 | HEARTBEAT | SYSTEM | EA alive. Tick=56100 Equity=48051.16 OpenPos=1 UTC=2026.03.03 11:39 DayOfWeek=2 WeekendCloseActive=NO NewTradeBlocked=NO | 56100.000000
ON	0	04:40:30.123	Cazyxio_v4.0 (EURUSD,M15)	2026.03.03 11:40:30 | HEARTBEAT | SYSTEM | EA alive. Tick=56200 Equity=48069.08 OpenPos=1 UTC=2026.03.03 11:40 DayOfWeek=2 WeekendCloseActive=NO NewTradeBlocked=NO | 56200.000000
QR	0	04:41:15.948	Cazyxio_v4.0 (EURUSD,M15)	2026.03.03 11:41:15 | HEARTBEAT | SYSTEM | EA alive. Tick=56300 Equity=48061.24 OpenPos=1 UTC=2026.03.03 11:41 DayOfWeek=2 WeekendCloseActive=NO NewTradeBlocked=NO | 56300.000000
IF	0	04:42:00.975	Cazyxio_v4.0 (EURUSD,M15)	2026.03.03 11:42:00 | HEARTBEAT | SYSTEM | EA alive. Tick=56400 Equity=48042.20 OpenPos=1 UTC=2026.03.03 11:42 DayOfWeek=2 WeekendCloseActive=NO NewTradeBlocked=NO | 56400.000000
NJ	0	04:42:45.255	Cazyxio_v4.0 (EURUSD,M15)	2026.03.03 11:42:45 | HEARTBEAT | SYSTEM | EA alive. Tick=56500 Equity=48044.44 OpenPos=1 UTC=2026.03.03 11:42 DayOfWeek=2 WeekendCloseActive=NO NewTradeBlocked=NO | 56500.000000
CN	0	04:43:27.026	Cazyxio_v4.0 (EURUSD,M15)	2026.03.03 11:43:27 | HEARTBEAT | SYSTEM | EA alive. Tick=56600 Equity=48059.00 OpenPos=1 UTC=2026.03.03 11:43 DayOfWeek=2 WeekendCloseActive=NO NewTradeBlocked=NO | 56600.000000
PR	0	04:44:26.761	Cazyxio_v4.0 (EURUSD,M15)	2026.03.03 11:44:26 | HEARTBEAT | SYSTEM | EA alive. Tick=56700 Equity=48055.64 OpenPos=1 UTC=2026.03.03 11:44 DayOfWeek=2 WeekendCloseActive=NO NewTradeBlocked=NO | 56700.000000
DJ	0	04:45:01.831	Cazyxio_v4.0 (EURUSD,M15)	2026.03.03 11:45:01 | BAR | GBPUSD | close=1.32853 h4ema200=1.35263 h4slope=DOWN ema50=1.33410 atr=0.001514 atrSma=0.001246 atrRatio=1.215 dir=SHORT spread=20.0 spreadOK=YES atrGate=PASS touch=FAIL momCandle=momClosePos=0.500 momOk=N ema50Ok=Y barRange=0.000000 trigger=NO hasPos=NO portRisk=0.50% openPos=1 | 1.328530
GD	0	04:45:01.831	Cazyxio_v4.0 (EURUSD,M15)	2026.03.03 11:45:01 | GATE_FAIL | GBPUSD | Touch/pullback gate FAIL. Price has not approached EMA50 within last 12 bars (within 1.00 ATR). v4.0 tolerance=1.00x (widened from 0.40x).
JQ	0	04:45:01.831	Cazyxio_v4.0 (EURUSD,M15)	2026.03.03 11:45:01 | BAR | EURUSD | close=1.15939 h4ema200=1.17878 h4slope=DOWN ema50=1.16460 atr=0.001171 atrSma=0.000918 atrRatio=1.275 dir=SHORT spread=14.0 spreadOK=YES atrGate=PASS touch=FAIL momCandle=momClosePos=0.500 momOk=N ema50Ok=Y barRange=0.000000 trigger=NO hasPos=NO portRisk=0.50% openPos=1 | 1.159390
HO	0	04:45:01.831	Cazyxio_v4.0 (EURUSD,M15)	2026.03.03 11:45:01 | GATE_FAIL | EURUSD | Touch/pullback gate FAIL. Price has not approached EMA50 within last 12 bars (within 1.00 ATR). v4.0 tolerance=1.00x (widened from 0.40x).
JR	0	04:45:01.831	Cazyxio_v4.0 (EURUSD,M15)	2026.03.03 11:45:01 | BAR | AUDUSD | close=0.70170 h4ema200=0.69850 h4slope=UP ema50=0.70659 atr=0.001166 atrSma=0.000991 atrRatio=1.178 dir=LONG spread=19.0 spreadOK=YES atrGate=PASS touch=FAIL momCandle=momClosePos=0.500 momOk=N ema50Ok=Y barRange=0.000000 trigger=NO hasPos=NO portRisk=0.50% openPos=1 | 0.701700
RH	0	04:45:01.831	Cazyxio_v4.0 (EURUSD,M15)	2026.03.03 11:45:01 | GATE_FAIL | AUDUSD | Touch/pullback gate FAIL. Price has not approached EMA50 within last 12 bars (within 1.00 ATR). v4.0 tolerance=1.00x (widened from 0.40x).
FK	0	04:45:01.831	Cazyxio_v4.0 (EURUSD,M15)	2026.03.03 11:45:01 | BAR | GBPJPY | close=209.775 h4ema200=210.396 h4slope=DOWN ema50=210.143 atr=0.206500 atrSma=0.178534 atrRatio=1.157 dir=SHORT spread=36.0 spreadOK=NO atrGate=PASS touch=FAIL momCandle=momClosePos=0.500 momOk=N ema50Ok=Y barRange=0.000000 trigger=NO hasPos=NO portRisk=0.50% openPos=1 | 209.775000
PN	0	04:45:01.831	Cazyxio_v4.0 (EURUSD,M15)	2026.03.03 11:45:01 | GATE_FAIL | GBPJPY | Spread too wide. Spread=36.0 Max=30 points.
GP	0	04:45:02.068	Cazyxio_v4.0 (EURUSD,M15)	2026.03.03 11:45:02 | BAR | USDCAD | close=1.37106 h4ema200=1.36887 h4slope=DOWN ema50=1.36865 atr=0.000939 atrSma=0.000849 atrRatio=1.105 dir=NONE spread=22.0 spreadOK=YES atrGate=PASS touch=FAIL momCandle= trigger=NO hasPos=NO portRisk=0.50% openPos=1 | 1.371060
IJ	0	04:45:02.068	Cazyxio_v4.0 (EURUSD,M15)	2026.03.03 11:45:02 | GATE_FAIL | USDCAD | No directional bias. h4slope=DOWN closeNow=1.37106 h4ema200=1.36887. Need H4 slope + price on correct side of H4 EMA200.
GG	0	04:45:03.168	Cazyxio_v4.0 (EURUSD,M15)	2026.03.03 11:45:03 | BAR | USDJPY | close=157.897 h4ema200=155.539 h4slope=UP ema50=157.513 atr=0.111857 atrSma=0.120764 atrRatio=0.926 dir=LONG spread=15.0 spreadOK=YES atrGate=PASS touch=FAIL momCandle=momClosePos=0.000 momOk=N ema50Ok=Y barRange=0.001000 trigger=NO hasPos=YES portRisk=0.50% openPos=1 | 157.897000
MS	0	04:45:03.168	Cazyxio_v4.0 (EURUSD,M15)	2026.03.03 11:45:03 | TRAIL_SKIP | USDJPY | Trail not yet active. ProfitDist=0.201 ActivateAt=0.321 (1.5R). ticket=4343339
EI	0	04:45:17.864	Cazyxio_v4.0 (EURUSD,M15)	2026.03.03 11:45:17 | HEARTBEAT | SYSTEM | EA alive. Tick=56800 Equity=48099.31 OpenPos=1 UTC=2026.03.03 11:45 DayOfWeek=2 WeekendCloseActive=NO NewTradeBlocked=NO | 56800.000000
OM	0	04:46:09.954	Cazyxio_v4.0 (EURUSD,M15)	2026.03.03 11:46:09 | HEARTBEAT | SYSTEM | EA alive. Tick=56900 Equity=48084.76 OpenPos=1 UTC=2026.03.03 11:46 DayOfWeek=2 WeekendCloseActive=NO NewTradeBlocked=NO | 56900.000000
KQ	0	04:47:00.244	Cazyxio_v4.0 (EURUSD,M15)	2026.03.03 11:47:00 | HEARTBEAT | SYSTEM | EA alive. Tick=57000 Equity=48099.31 OpenPos=1 UTC=2026.03.03 11:47 DayOfWeek=2 WeekendCloseActive=NO NewTradeBlocked=NO | 57000.000000
PE	0	04:47:40.057	Cazyxio_v4.0 (EURUSD,M15)	2026.03.03 11:47:40 | HEARTBEAT | SYSTEM | EA alive. Tick=57100 Equity=48069.08 OpenPos=1 UTC=2026.03.03 11:47 DayOfWeek=2 WeekendCloseActive=NO NewTradeBlocked=NO | 57100.000000
GI	0	04:48:29.142	Cazyxio_v4.0 (EURUSD,M15)	2026.03.03 11:48:29 | HEARTBEAT | SYSTEM | EA alive. Tick=57200 Equity=48042.20 OpenPos=1 UTC=2026.03.03 11:48 DayOfWeek=2 WeekendCloseActive=NO NewTradeBlocked=NO | 57200.000000
PM	0	04:49:11.529	Cazyxio_v4.0 (EURUSD,M15)	2026.03.03 11:49:11 | HEARTBEAT | SYSTEM | EA alive. Tick=57300 Equity=48017.56 OpenPos=1 UTC=2026.03.03 11:49 DayOfWeek=2 WeekendCloseActive=NO NewTradeBlocked=NO | 57300.000000
NQ	0	04:49:51.681	Cazyxio_v4.0 (EURUSD,M15)	2026.03.03 11:49:51 | HEARTBEAT | SYSTEM | EA alive. Tick=57400 Equity=48000.75 OpenPos=1 UTC=2026.03.03 11:49 DayOfWeek=2 WeekendCloseActive=NO NewTradeBlocked=NO | 57400.000000
QE	0	04:50:30.418	Cazyxio_v4.0 (EURUSD,M15)	2026.03.03 11:50:30 | HEARTBEAT | SYSTEM | EA alive. Tick=57500 Equity=47945.82 OpenPos=1 UTC=2026.03.03 11:50 DayOfWeek=2 WeekendCloseActive=NO NewTradeBlocked=NO | 57500.000000
KI	0	04:51:11.847	Cazyxio_v4.0 (EURUSD,M15)	2026.03.03 11:51:11 | HEARTBEAT | SYSTEM | EA alive. Tick=57600 Equity=47912.18 OpenPos=1 UTC=2026.03.03 11:51 DayOfWeek=2 WeekendCloseActive=NO NewTradeBlocked=NO | 57600.000000
RM	0	04:51:53.113	Cazyxio_v4.0 (EURUSD,M15)	2026.03.03 11:51:53 | HEARTBEAT | SYSTEM | EA alive. Tick=57700 Equity=47915.54 OpenPos=1 UTC=2026.03.03 11:51 DayOfWeek=2 WeekendCloseActive=NO NewTradeBlocked=NO | 57700.000000
OQ	0	04:52:38.609	Cazyxio_v4.0 (EURUSD,M15)	2026.03.03 11:52:38 | HEARTBEAT | SYSTEM | EA alive. Tick=57800 Equity=47871.79 OpenPos=1 UTC=2026.03.03 11:52 DayOfWeek=2 WeekendCloseActive=NO NewTradeBlocked=NO | 57800.000000
CE	0	04:53:31.707	Cazyxio_v4.0 (EURUSD,M15)	2026.03.03 11:53:31 | HEARTBEAT | SYSTEM | EA alive. Tick=57900 Equity=47895.35 OpenPos=1 UTC=2026.03.03 11:53 DayOfWeek=2 WeekendCloseActive=NO NewTradeBlocked=NO | 57900.000000
GI	0	04:54:25.873	Cazyxio_v4.0 (EURUSD,M15)	2026.03.03 11:54:25 | HEARTBEAT | SYSTEM | EA alive. Tick=58000 Equity=47904.33 OpenPos=1 UTC=2026.03.03 11:54 DayOfWeek=2 WeekendCloseActive=NO NewTradeBlocked=NO | 58000.000000
DM	0	04:55:22.118	Cazyxio_v4.0 (EURUSD,M15)	2026.03.03 11:55:22 | HEARTBEAT | SYSTEM | EA alive. Tick=58100 Equity=47904.33 OpenPos=1 UTC=2026.03.03 11:55 DayOfWeek=2 WeekendCloseActive=NO NewTradeBlocked=NO | 58100.000000
IQ	0	04:56:10.045	Cazyxio_v4.0 (EURUSD,M15)	2026.03.03 11:56:10 | HEARTBEAT | SYSTEM | EA alive. Tick=58200 Equity=47871.79 OpenPos=1 UTC=2026.03.03 11:56 DayOfWeek=2 WeekendCloseActive=NO NewTradeBlocked=NO | 58200.000000
OE	0	04:56:53.081	Cazyxio_v4.0 (EURUSD,M15)	2026.03.03 11:56:53 | HEARTBEAT | SYSTEM | EA alive. Tick=58300 Equity=47847.09 OpenPos=1 UTC=2026.03.03 11:56 DayOfWeek=2 WeekendCloseActive=NO NewTradeBlocked=NO | 58300.000000
KI	0	04:57:55.534	Cazyxio_v4.0 (EURUSD,M15)	2026.03.03 11:57:55 | HEARTBEAT | SYSTEM | EA alive. Tick=58400 Equity=47876.27 OpenPos=1 UTC=2026.03.03 11:57 DayOfWeek=2 WeekendCloseActive=NO NewTradeBlocked=NO | 58400.000000
DM	0	04:59:08.665	Cazyxio_v4.0 (EURUSD,M15)	2026.03.03 11:59:08 | HEARTBEAT | SYSTEM | EA alive. Tick=58500 Equity=47877.40 OpenPos=1 UTC=2026.03.03 11:59 DayOfWeek=2 WeekendCloseActive=NO NewTradeBlocked=NO | 58500.000000
MM	0	05:00:01.450	Cazyxio_v4.0 (EURUSD,M15)	2026.03.03 12:00:01 | BAR | GBPUSD | close=1.32920 h4ema200=1.35263 h4slope=DOWN ema50=1.33394 atr=0.001504 atrSma=0.001244 atrRatio=1.209 dir=SHORT spread=23.0 spreadOK=YES atrGate=PASS touch=FAIL momCandle=momClosePos=0.500 momOk=N ema50Ok=Y barRange=0.000000 trigger=NO hasPos=NO portRisk=0.50% openPos=1 | 1.329200
LM	0	05:00:01.450	Cazyxio_v4.0 (EURUSD,M15)	2026.03.03 12:00:01 | GATE_FAIL | GBPUSD | Touch/pullback gate FAIL. Price has not approached EMA50 within last 12 bars (within 1.00 ATR). v4.0 tolerance=1.00x (widened from 0.40x).
CK	0	05:00:01.450	Cazyxio_v4.0 (EURUSD,M15)	2026.03.03 12:00:01 | BAR | EURUSD | close=1.15966 h4ema200=1.17878 h4slope=DOWN ema50=1.16442 atr=0.001114 atrSma=0.000918 atrRatio=1.213 dir=SHORT spread=15.0 spreadOK=YES atrGate=PASS touch=FAIL momCandle=momClosePos=0.500 momOk=N ema50Ok=Y barRange=0.000000 trigger=NO hasPos=NO portRisk=0.50% openPos=1 | 1.159660
CF	0	05:00:01.450	Cazyxio_v4.0 (EURUSD,M15)	2026.03.03 12:00:01 | GATE_FAIL | EURUSD | Touch/pullback gate FAIL. Price has not approached EMA50 within last 12 bars (within 1.00 ATR). v4.0 tolerance=1.00x (widened from 0.40x).
CQ	0	05:00:01.450	Cazyxio_v4.0 (EURUSD,M15)	2026.03.03 12:00:01 | BAR | USDJPY | close=157.675 h4ema200=155.536 h4slope=UP ema50=157.511 atr=0.119500 atrSma=0.120749 atrRatio=0.990 dir=LONG spread=15.0 spreadOK=YES atrGate=PASS touch=FAIL momCandle=momClosePos=0.500 momOk=N ema50Ok=Y barRange=0.000000 trigger=NO hasPos=YES portRisk=0.50% openPos=1 | 157.675000
RS	0	05:00:01.450	Cazyxio_v4.0 (EURUSD,M15)	2026.03.03 12:00:01 | TRAIL_SKIP | USDJPY | Trail not yet active. ProfitDist=-0.021 ActivateAt=0.321 (1.5R). ticket=4343339
KK	0	05:00:01.450	Cazyxio_v4.0 (EURUSD,M15)	2026.03.03 12:00:01 | BAR | AUDUSD | close=0.70254 h4ema200=0.69851 h4slope=UP ema50=0.70647 atr=0.001140 atrSma=0.000991 atrRatio=1.150 dir=LONG spread=19.0 spreadOK=YES atrGate=PASS touch=FAIL momCandle=momClosePos=0.500 momOk=N ema50Ok=Y barRange=0.000000 trigger=NO hasPos=NO portRisk=0.50% openPos=1 | 0.702540
OS	0	05:00:01.450	Cazyxio_v4.0 (EURUSD,M15)	2026.03.03 12:00:01 | GATE_FAIL | AUDUSD | Touch/pullback gate FAIL. Price has not approached EMA50 within last 12 bars (within 1.00 ATR). v4.0 tolerance=1.00x (widened from 0.40x).
NP	0	05:00:01.450	Cazyxio_v4.0 (EURUSD,M15)	2026.03.03 12:00:01 | BAR | GBPJPY | close=209.589 h4ema200=210.394 h4slope=DOWN ema50=210.115 atr=0.218571 atrSma=0.178585 atrRatio=1.224 dir=SHORT spread=43.0 spreadOK=NO atrGate=PASS touch=FAIL momCandle=momClosePos=0.500 momOk=N ema50Ok=Y barRange=0.000000 trigger=NO hasPos=NO portRisk=0.50% openPos=1 | 209.589000
OQ	0	05:00:01.450	Cazyxio_v4.0 (EURUSD,M15)	2026.03.03 12:00:01 | GATE_FAIL | GBPJPY | Spread too wide. Spread=43.0 Max=30 points.
CN	0	05:00:01.748	Cazyxio_v4.0 (EURUSD,M15)	2026.03.03 12:00:01 | BAR | USDCAD | close=1.37019 h4ema200=1.36886 h4slope=DOWN ema50=1.36868 atr=0.000925 atrSma=0.000848 atrRatio=1.090 dir=NONE spread=26.0 spreadOK=YES atrGate=PASS touch=FAIL momCandle= trigger=NO hasPos=NO portRisk=0.50% openPos=1 | 1.370190
HS	0	05:00:01.748	Cazyxio_v4.0 (EURUSD,M15)	2026.03.03 12:00:01 | GATE_FAIL | USDCAD | No directional bias. h4slope=DOWN closeNow=1.37019 h4ema200=1.36886. Need H4 slope + price on correct side of H4 EMA200.
LS	0	05:00:07.143	Cazyxio_v4.0 (EURUSD,M15)	2026.03.03 12:00:07 | HEARTBEAT | SYSTEM | EA alive. Tick=58600 Equity=47859.44 OpenPos=1 UTC=2026.03.03 12:00 DayOfWeek=2 WeekendCloseActive=NO NewTradeBlocked=NO | 58600.000000
EG	0	05:00:55.958	Cazyxio_v4.0 (EURUSD,M15)	2026.03.03 12:00:55 | HEARTBEAT | SYSTEM | EA alive. Tick=58700 Equity=47860.56 OpenPos=1 UTC=2026.03.03 12:00 DayOfWeek=2 WeekendCloseActive=NO NewTradeBlocked=NO | 58700.000000
KK	0	05:01:51.811	Cazyxio_v4.0 (EURUSD,M15)	2026.03.03 12:01:51 | HEARTBEAT | SYSTEM | EA alive. Tick=58800 Equity=47909.93 OpenPos=1 UTC=2026.03.03 12:01 DayOfWeek=2 WeekendCloseActive=NO NewTradeBlocked=NO | 58800.000000
NO	0	05:02:43.527	Cazyxio_v4.0 (EURUSD,M15)	2026.03.03 12:02:43 | HEARTBEAT | SYSTEM | EA alive. Tick=58900 Equity=47895.35 OpenPos=1 UTC=2026.03.03 12:02 DayOfWeek=2 WeekendCloseActive=NO NewTradeBlocked=NO | 58900.000000
NS	0	05:03:36.856	Cazyxio_v4.0 (EURUSD,M15)	2026.03.03 12:03:36 | HEARTBEAT | SYSTEM | EA alive. Tick=59000 Equity=47908.81 OpenPos=1 UTC=2026.03.03 12:03 DayOfWeek=2 WeekendCloseActive=NO NewTradeBlocked=NO | 59000.000000
PG	0	05:04:26.341	Cazyxio_v4.0 (EURUSD,M15)	2026.03.03 12:04:26 | HEARTBEAT | SYSTEM | EA alive. Tick=59100 Equity=47899.84 OpenPos=1 UTC=2026.03.03 12:04 DayOfWeek=2 WeekendCloseActive=NO NewTradeBlocked=NO | 59100.000000
PK	0	05:05:15.950	Cazyxio_v4.0 (EURUSD,M15)	2026.03.03 12:05:15 | HEARTBEAT | SYSTEM | EA alive. Tick=59200 Equity=47890.86 OpenPos=1 UTC=2026.03.03 12:05 DayOfWeek=2 WeekendCloseActive=NO NewTradeBlocked=NO | 59200.000000
PO	0	05:06:07.132	Cazyxio_v4.0 (EURUSD,M15)	2026.03.03 12:06:07 | HEARTBEAT | SYSTEM | EA alive. Tick=59300 Equity=47878.52 OpenPos=1 UTC=2026.03.03 12:06 DayOfWeek=2 WeekendCloseActive=NO NewTradeBlocked=NO | 59300.000000
GS	0	05:06:59.097	Cazyxio_v4.0 (EURUSD,M15)	2026.03.03 12:06:59 | HEARTBEAT | SYSTEM | EA alive. Tick=59400 Equity=47863.93 OpenPos=1 UTC=2026.03.03 12:06 DayOfWeek=2 WeekendCloseActive=NO NewTradeBlocked=NO | 59400.000000
PG	0	05:07:52.047	Cazyxio_v4.0 (EURUSD,M15)	2026.03.03 12:07:52 | HEARTBEAT | SYSTEM | EA alive. Tick=59500 Equity=47885.25 OpenPos=1 UTC=2026.03.03 12:07 DayOfWeek=2 WeekendCloseActive=NO NewTradeBlocked=NO | 59500.000000
RK	0	05:08:42.408	Cazyxio_v4.0 (EURUSD,M15)	2026.03.03 12:08:42 | HEARTBEAT | SYSTEM | EA alive. Tick=59600 Equity=47878.52 OpenPos=1 UTC=2026.03.03 12:08 DayOfWeek=2 WeekendCloseActive=NO NewTradeBlocked=NO | 59600.000000
MO	0	05:09:34.986	Cazyxio_v4.0 (EURUSD,M15)	2026.03.03 12:09:34 | HEARTBEAT | SYSTEM | EA alive. Tick=59700 Equity=47870.66 OpenPos=1 UTC=2026.03.03 12:09 DayOfWeek=2 WeekendCloseActive=NO NewTradeBlocked=NO | 59700.000000
KS	0	05:10:14.012	Cazyxio_v4.0 (EURUSD,M15)	2026.03.03 12:10:14 | HEARTBEAT | SYSTEM | EA alive. Tick=59800 Equity=47835.87 OpenPos=1 UTC=2026.03.03 12:10 DayOfWeek=2 WeekendCloseActive=NO NewTradeBlocked=NO | 59800.000000
JG	0	05:11:04.994	Cazyxio_v4.0 (EURUSD,M15)	2026.03.03 12:11:04 | HEARTBEAT | SYSTEM | EA alive. Tick=59900 Equity=47803.30 OpenPos=1 UTC=2026.03.03 12:11 DayOfWeek=2 WeekendCloseActive=NO NewTradeBlocked=NO | 59900.000000
DK	0	05:11:49.034	Cazyxio_v4.0 (EURUSD,M15)	2026.03.03 12:11:49 | HEARTBEAT | SYSTEM | EA alive. Tick=60000 Equity=47762.86 OpenPos=1 UTC=2026.03.03 12:11 DayOfWeek=2 WeekendCloseActive=NO NewTradeBlocked=NO | 60000.000000
QO	0	05:12:31.063	Cazyxio_v4.0 (EURUSD,M15)	2026.03.03 12:12:31 | HEARTBEAT | SYSTEM | EA alive. Tick=60100 Equity=47761.74 OpenPos=1 UTC=2026.03.03 12:12 DayOfWeek=2 WeekendCloseActive=NO NewTradeBlocked=NO | 60100.000000
GS	0	05:13:27.023	Cazyxio_v4.0 (EURUSD,M15)	2026.03.03 12:13:27 | HEARTBEAT | SYSTEM | EA alive. Tick=60200 Equity=47748.25 OpenPos=1 UTC=2026.03.03 12:13 DayOfWeek=2 WeekendCloseActive=NO NewTradeBlocked=NO | 60200.000000
NG	0	05:14:11.571	Cazyxio_v4.0 (EURUSD,M15)	2026.03.03 12:14:11 | HEARTBEAT | SYSTEM | EA alive. Tick=60300 Equity=47747.13 OpenPos=1 UTC=2026.03.03 12:14 DayOfWeek=2 WeekendCloseActive=NO NewTradeBlocked=NO | 60300.000000
EG	0	05:15:01.599	Cazyxio_v4.0 (EURUSD,M15)	2026.03.03 12:15:01 | BAR | GBPUSD | close=1.33076 h4ema200=1.35265 h4slope=DOWN ema50=1.33387 atr=0.001607 atrSma=0.001245 atrRatio=1.291 dir=SHORT spread=25.0 spreadOK=YES atrGate=PASS touch=FAIL momCandle=momClosePos=0.500 momOk=N ema50Ok=Y barRange=0.000000 trigger=NO hasPos=NO portRisk=0.50% openPos=1 | 1.330760
FR	0	05:15:01.599	Cazyxio_v4.0 (EURUSD,M15)	2026.03.03 12:15:01 | GATE_FAIL | GBPUSD | Touch/pullback gate FAIL. Price has not approached EMA50 within last 12 bars (within 1.00 ATR). v4.0 tolerance=1.00x (widened from 0.40x).
EL	0	05:15:01.599	Cazyxio_v4.0 (EURUSD,M15)	2026.03.03 12:15:01 | BAR | EURUSD | close=1.15986 h4ema200=1.17878 h4slope=DOWN ema50=1.16424 atr=0.001135 atrSma=0.000919 atrRatio=1.234 dir=SHORT spread=16.0 spreadOK=YES atrGate=PASS touch=FAIL momCandle=momClosePos=0.500 momOk=N ema50Ok=Y barRange=0.000000 trigger=NO hasPos=NO portRisk=0.50% openPos=1 | 1.159860
IM	0	05:15:01.599	Cazyxio_v4.0 (EURUSD,M15)	2026.03.03 12:15:01 | GATE_FAIL | EURUSD | Touch/pullback gate FAIL. Price has not approached EMA50 within last 12 bars (within 1.00 ATR). v4.0 tolerance=1.00x (widened from 0.40x).
CK	0	05:15:01.599	Cazyxio_v4.0 (EURUSD,M15)	2026.03.03 12:15:01 | BAR | USDJPY | close=157.614 h4ema200=155.536 h4slope=UP ema50=157.513 atr=0.124571 atrSma=0.120729 atrRatio=1.032 dir=LONG spread=18.0 spreadOK=YES atrGate=PASS touch=PASS momCandle=momClosePos=0.500 momOk=N ema50Ok=Y barRange=0.000000 trigger=NO hasPos=YES portRisk=0.50% openPos=1 | 157.614000
GD	0	05:15:01.599	Cazyxio_v4.0 (EURUSD,M15)	2026.03.03 12:15:01 | TRAIL_SKIP | USDJPY | Trail not yet active. ProfitDist=-0.082 ActivateAt=0.321 (1.5R). ticket=4343339
KR	0	05:15:01.599	Cazyxio_v4.0 (EURUSD,M15)	2026.03.03 12:15:01 | BAR | AUDUSD | close=0.70274 h4ema200=0.69851 h4slope=UP ema50=0.70633 atr=0.001185 atrSma=0.000993 atrRatio=1.193 dir=LONG spread=18.0 spreadOK=YES atrGate=PASS touch=FAIL momCandle=momClosePos=0.500 momOk=N ema50Ok=Y barRange=0.000000 trigger=NO hasPos=NO portRisk=0.50% openPos=1 | 0.702740
IH	0	05:15:01.599	Cazyxio_v4.0 (EURUSD,M15)	2026.03.03 12:15:01 | GATE_FAIL | AUDUSD | Touch/pullback gate FAIL. Price has not approached EMA50 within last 12 bars (within 1.00 ATR). v4.0 tolerance=1.00x (widened from 0.40x).
PK	0	05:15:01.599	Cazyxio_v4.0 (EURUSD,M15)	2026.03.03 12:15:01 | BAR | GBPJPY | close=209.752 h4ema200=210.396 h4slope=DOWN ema50=210.107 atr=0.224357 atrSma=0.178751 atrRatio=1.255 dir=SHORT spread=42.0 spreadOK=NO atrGate=PASS touch=FAIL momCandle=momClosePos=0.500 momOk=N ema50Ok=Y barRange=0.000000 trigger=NO hasPos=NO portRisk=0.50% openPos=1 | 209.752000
JN	0	05:15:01.599	Cazyxio_v4.0 (EURUSD,M15)	2026.03.03 12:15:01 | GATE_FAIL | GBPJPY | Spread too wide. Spread=42.0 Max=30 points.
PP	0	05:15:01.599	Cazyxio_v4.0 (EURUSD,M15)	2026.03.03 12:15:01 | BAR | USDCAD | close=1.36914 h4ema200=1.36885 h4slope=DOWN ema50=1.36866 atr=0.000985 atrSma=0.000849 atrRatio=1.160 dir=NONE spread=23.0 spreadOK=YES atrGate=PASS touch=FAIL momCandle= trigger=NO hasPos=NO portRisk=0.50% openPos=1 | 1.369140
NJ	0	05:15:01.599	Cazyxio_v4.0 (EURUSD,M15)	2026.03.03 12:15:01 | GATE_FAIL | USDCAD | No directional bias. h4slope=DOWN closeNow=1.36914 h4ema200=1.36885. Need H4 slope + price on correct side of H4 EMA200.
HJ	0	05:15:03.905	Cazyxio_v4.0 (EURUSD,M15)	2026.03.03 12:15:03 | HEARTBEAT | SYSTEM | EA alive. Tick=60400 Equity=47778.59 OpenPos=1 UTC=2026.03.03 12:15 DayOfWeek=2 WeekendCloseActive=NO NewTradeBlocked=NO | 60400.000000
FN	0	05:15:47.114	Cazyxio_v4.0 (EURUSD,M15)	2026.03.03 12:15:47 | HEARTBEAT | SYSTEM | EA alive. Tick=60500 Equity=47804.42 OpenPos=1 UTC=2026.03.03 12:15 DayOfWeek=2 WeekendCloseActive=NO NewTradeBlocked=NO | 60500.000000
HR	0	05:16:46.939	Cazyxio_v4.0 (EURUSD,M15)	2026.03.03 12:16:46 | HEARTBEAT | SYSTEM | EA alive. Tick=60600 Equity=47803.30 OpenPos=1 UTC=2026.03.03 12:16 DayOfWeek=2 WeekendCloseActive=NO NewTradeBlocked=NO | 60600.000000
MF	0	05:17:53.032	Cazyxio_v4.0 (EURUSD,M15)	2026.03.03 12:17:53 | HEARTBEAT | SYSTEM | EA alive. Tick=60700 Equity=47783.08 OpenPos=1 UTC=2026.03.03 12:17 DayOfWeek=2 WeekendCloseActive=NO NewTradeBlocked=NO | 60700.000000
HJ	0	05:18:37.754	Cazyxio_v4.0 (EURUSD,M15)	2026.03.03 12:18:37 | HEARTBEAT | SYSTEM | EA alive. Tick=60800 Equity=47763.98 OpenPos=1 UTC=2026.03.03 12:18 DayOfWeek=2 WeekendCloseActive=NO NewTradeBlocked=NO | 60800.000000
PN	0	05:19:19.613	Cazyxio_v4.0 (EURUSD,M15)	2026.03.03 12:19:19 | HEARTBEAT | SYSTEM | EA alive. Tick=60900 Equity=47740.38 OpenPos=1 UTC=2026.03.03 12:19 DayOfWeek=2 WeekendCloseActive=NO NewTradeBlocked=NO | 60900.000000
GR	0	05:20:15.045	Cazyxio_v4.0 (EURUSD,M15)	2026.03.03 12:20:15 | HEARTBEAT | SYSTEM | EA alive. Tick=61000 Equity=47721.28 OpenPos=1 UTC=2026.03.03 12:20 DayOfWeek=2 WeekendCloseActive=NO NewTradeBlocked=NO | 61000.000000
NF	0	05:21:03.049	Cazyxio_v4.0 (EURUSD,M15)	2026.03.03 12:21:03 | HEARTBEAT | SYSTEM | EA alive. Tick=61100 Equity=47695.42 OpenPos=1 UTC=2026.03.03 12:21 DayOfWeek=2 WeekendCloseActive=NO NewTradeBlocked=NO | 61100.000000
OJ	0	05:21:41.457	Cazyxio_v4.0 (EURUSD,M15)	2026.03.03 12:21:41 | HEARTBEAT | SYSTEM | EA alive. Tick=61200 Equity=47647.05 OpenPos=1 UTC=2026.03.03 12:21 DayOfWeek=2 WeekendCloseActive=NO NewTradeBlocked=NO | 61200.000000
MN	0	05:22:21.007	Cazyxio_v4.0 (EURUSD,M15)	2026.03.03 12:22:21 | HEARTBEAT | SYSTEM | EA alive. Tick=61300 Equity=47667.30 OpenPos=1 UTC=2026.03.03 12:22 DayOfWeek=2 WeekendCloseActive=NO NewTradeBlocked=NO | 61300.000000
FR	0	05:22:56.969	Cazyxio_v4.0 (EURUSD,M15)	2026.03.03 12:22:56 | HEARTBEAT | SYSTEM | EA alive. Tick=61400 Equity=47654.92 OpenPos=1 UTC=2026.03.03 12:22 DayOfWeek=2 WeekendCloseActive=NO NewTradeBlocked=NO | 61400.000000
FF	0	05:23:42.632	Cazyxio_v4.0 (EURUSD,M15)	2026.03.03 12:23:42 | HEARTBEAT | SYSTEM | EA alive. Tick=61500 Equity=47645.92 OpenPos=1 UTC=2026.03.03 12:23 DayOfWeek=2 WeekendCloseActive=NO NewTradeBlocked=NO | 61500.000000
DJ	0	05:24:16.565	Cazyxio_v4.0 (EURUSD,M15)	2026.03.03 12:24:16 | HEARTBEAT | SYSTEM | EA alive. Tick=61600 Equity=47696.54 OpenPos=1 UTC=2026.03.03 12:24 DayOfWeek=2 WeekendCloseActive=NO NewTradeBlocked=NO | 61600.000000
MN	0	05:24:59.598	Cazyxio_v4.0 (EURUSD,M15)	2026.03.03 12:24:59 | HEARTBEAT | SYSTEM | EA alive. Tick=61700 Equity=47723.52 OpenPos=1 UTC=2026.03.03 12:24 DayOfWeek=2 WeekendCloseActive=NO NewTradeBlocked=NO | 61700.000000
PR	0	05:25:39.535	Cazyxio_v4.0 (EURUSD,M15)	2026.03.03 12:25:39 | HEARTBEAT | SYSTEM | EA alive. Tick=61800 Equity=47715.65 OpenPos=1 UTC=2026.03.03 12:25 DayOfWeek=2 WeekendCloseActive=NO NewTradeBlocked=NO | 61800.000000
RF	0	05:26:39.729	Cazyxio_v4.0 (EURUSD,M15)	2026.03.03 12:26:39 | HEARTBEAT | SYSTEM | EA alive. Tick=61900 Equity=47721.28 OpenPos=1 UTC=2026.03.03 12:26 DayOfWeek=2 WeekendCloseActive=NO NewTradeBlocked=NO | 61900.000000
GJ	0	05:27:44.768	Cazyxio_v4.0 (EURUSD,M15)	2026.03.03 12:27:44 | HEARTBEAT | SYSTEM | EA alive. Tick=62000 Equity=47730.27 OpenPos=1 UTC=2026.03.03 12:27 DayOfWeek=2 WeekendCloseActive=NO NewTradeBlocked=NO | 62000.000000
EN	0	05:28:33.241	Cazyxio_v4.0 (EURUSD,M15)	2026.03.03 12:28:33 | HEARTBEAT | SYSTEM | EA alive. Tick=62100 Equity=47754.99 OpenPos=1 UTC=2026.03.03 12:28 DayOfWeek=2 WeekendCloseActive=NO NewTradeBlocked=NO | 62100.000000
CR	0	05:29:28.307	Cazyxio_v4.0 (EURUSD,M15)	2026.03.03 12:29:28 | HEARTBEAT | SYSTEM | EA alive. Tick=62200 Equity=47766.23 OpenPos=1 UTC=2026.03.03 12:29 DayOfWeek=2 WeekendCloseActive=NO NewTradeBlocked=NO | 62200.000000
EK	0	05:30:01.518	Cazyxio_v4.0 (EURUSD,M15)	2026.03.03 12:30:01 | BAR | EURUSD | close=1.16023 h4ema200=1.17878 h4slope=DOWN ema50=1.16410 atr=0.001189 atrSma=0.000922 atrRatio=1.290 dir=SHORT spread=19.0 spreadOK=YES atrGate=PASS touch=FAIL momCandle=momClosePos=0.500 momOk=N ema50Ok=Y barRange=0.000000 trigger=NO hasPos=NO portRisk=0.50% openPos=1 | 1.160230
RF	0	05:30:01.518	Cazyxio_v4.0 (EURUSD,M15)	2026.03.03 12:30:01 | GATE_FAIL | EURUSD | Touch/pullback gate FAIL. Price has not approached EMA50 within last 12 bars (within 1.00 ATR). v4.0 tolerance=1.00x (widened from 0.40x).
DP	0	05:30:01.809	Cazyxio_v4.0 (EURUSD,M15)	2026.03.03 12:30:01 | BAR | GBPUSD | close=1.33136 h4ema200=1.35266 h4slope=DOWN ema50=1.33380 atr=0.001679 atrSma=0.001247 atrRatio=1.346 dir=SHORT spread=22.0 spreadOK=YES atrGate=PASS touch=FAIL momCandle=momClosePos=0.500 momOk=N ema50Ok=Y barRange=0.000000 trigger=NO hasPos=NO portRisk=0.50% openPos=1 | 1.331360
FQ	0	05:30:01.809	Cazyxio_v4.0 (EURUSD,M15)	2026.03.03 12:30:01 | GATE_FAIL | GBPUSD | Touch/pullback gate FAIL. Price has not approached EMA50 within last 12 bars (within 1.00 ATR). v4.0 tolerance=1.00x (widened from 0.40x).
PN	0	05:30:01.809	Cazyxio_v4.0 (EURUSD,M15)	2026.03.03 12:30:01 | BAR | USDJPY | close=157.622 h4ema200=155.536 h4slope=UP ema50=157.518 atr=0.129357 atrSma=0.120866 atrRatio=1.070 dir=LONG spread=15.0 spreadOK=YES atrGate=PASS touch=PASS momCandle=momClosePos=0.500 momOk=N ema50Ok=Y barRange=0.000000 trigger=NO hasPos=YES portRisk=0.50% openPos=1 | 157.622000
NI	0	05:30:01.809	Cazyxio_v4.0 (EURUSD,M15)	2026.03.03 12:30:01 | TRAIL_SKIP | USDJPY | Trail not yet active. ProfitDist=-0.074 ActivateAt=0.321 (1.5R). ticket=4343339
DQ	0	05:30:01.809	Cazyxio_v4.0 (EURUSD,M15)	2026.03.03 12:30:01 | BAR | AUDUSD | close=0.70352 h4ema200=0.69852 h4slope=UP ema50=0.70625 atr=0.001254 atrSma=0.000996 atrRatio=1.258 dir=LONG spread=19.0 spreadOK=YES atrGate=PASS touch=FAIL momCandle=momClosePos=0.500 momOk=N ema50Ok=Y barRange=0.000000 trigger=NO hasPos=NO portRisk=0.50% openPos=1 | 0.703520
CM	0	05:30:01.809	Cazyxio_v4.0 (EURUSD,M15)	2026.03.03 12:30:01 | GATE_FAIL | AUDUSD | Touch/pullback gate FAIL. Price has not approached EMA50 within last 12 bars (within 1.00 ATR). v4.0 tolerance=1.00x (widened from 0.40x).
FF	0	05:30:01.809	Cazyxio_v4.0 (EURUSD,M15)	2026.03.03 12:30:01 | BAR | GBPJPY | close=209.856 h4ema200=210.397 h4slope=DOWN ema50=210.101 atr=0.224500 atrSma=0.178924 atrRatio=1.255 dir=SHORT spread=41.0 spreadOK=NO atrGate=PASS touch=FAIL momCandle=momClosePos=0.500 momOk=N ema50Ok=Y barRange=0.000000 trigger=NO hasPos=NO portRisk=0.50% openPos=1 | 209.856000
EK	0	05:30:01.809	Cazyxio_v4.0 (EURUSD,M15)	2026.03.03 12:30:01 | GATE_FAIL | GBPJPY | Spread too wide. Spread=41.0 Max=30 points.
DE	0	05:30:01.809	Cazyxio_v4.0 (EURUSD,M15)	2026.03.03 12:30:01 | BAR | USDCAD | close=1.36924 h4ema200=1.36885 h4slope=DOWN ema50=1.36869 atr=0.001012 atrSma=0.000850 atrRatio=1.191 dir=NONE spread=26.0 spreadOK=YES atrGate=PASS touch=FAIL momCandle= trigger=NO hasPos=NO portRisk=0.50% openPos=1 | 1.369240
QM	0	05:30:01.809	Cazyxio_v4.0 (EURUSD,M15)	2026.03.03 12:30:01 | GATE_FAIL | USDCAD | No directional bias. h4slope=DOWN closeNow=1.36924 h4ema200=1.36885. Need H4 slope + price on correct side of H4 EMA200.
MI	0	05:30:24.002	Cazyxio_v4.0 (EURUSD,M15)	2026.03.03 12:30:24 | HEARTBEAT | SYSTEM | EA alive. Tick=62300 Equity=47777.47 OpenPos=1 UTC=2026.03.03 12:30 DayOfWeek=2 WeekendCloseActive=NO NewTradeBlocked=NO | 62300.000000
DM	0	05:31:22.105	Cazyxio_v4.0 (EURUSD,M15)	2026.03.03 12:31:22 | HEARTBEAT | SYSTEM | EA alive. Tick=62400 Equity=47786.45 OpenPos=1 UTC=2026.03.03 12:31 DayOfWeek=2 WeekendCloseActive=NO NewTradeBlocked=NO | 62400.000000
HQ	0	05:32:15.123	Cazyxio_v4.0 (EURUSD,M15)	2026.03.03 12:32:15 | HEARTBEAT | SYSTEM | EA alive. Tick=62500 Equity=47794.32 OpenPos=1 UTC=2026.03.03 12:32 DayOfWeek=2 WeekendCloseActive=NO NewTradeBlocked=NO | 62500.000000
QE	0	05:33:05.748	Cazyxio_v4.0 (EURUSD,M15)	2026.03.03 12:33:05 | HEARTBEAT | SYSTEM | EA alive. Tick=62600 Equity=47804.42 OpenPos=1 UTC=2026.03.03 12:33 DayOfWeek=2 WeekendCloseActive=NO NewTradeBlocked=NO | 62600.000000
KI	0	05:34:01.606	Cazyxio_v4.0 (EURUSD,M15)	2026.03.03 12:34:01 | HEARTBEAT | SYSTEM | EA alive. Tick=62700 Equity=47816.78 OpenPos=1 UTC=2026.03.03 12:34 DayOfWeek=2 WeekendCloseActive=NO NewTradeBlocked=NO | 62700.000000
HM	0	05:35:04.555	Cazyxio_v4.0 (EURUSD,M15)	2026.03.03 12:35:04 | HEARTBEAT | SYSTEM | EA alive. Tick=62800 Equity=47852.71 OpenPos=1 UTC=2026.03.03 12:35 DayOfWeek=2 WeekendCloseActive=NO NewTradeBlocked=NO | 62800.000000
LQ	0	05:35:53.171	Cazyxio_v4.0 (EURUSD,M15)	2026.03.03 12:35:53 | HEARTBEAT | SYSTEM | EA alive. Tick=62900 Equity=47863.93 OpenPos=1 UTC=2026.03.03 12:35 DayOfWeek=2 WeekendCloseActive=NO NewTradeBlocked=NO | 62900.000000
RE	0	05:36:53.261	Cazyxio_v4.0 (EURUSD,M15)	2026.03.03 12:36:53 | HEARTBEAT | SYSTEM | EA alive. Tick=63000 Equity=47868.42 OpenPos=1 UTC=2026.03.03 12:36 DayOfWeek=2 WeekendCloseActive=NO NewTradeBlocked=NO | 63000.000000
DI	0	05:37:39.721	Cazyxio_v4.0 (EURUSD,M15)	2026.03.03 12:37:39 | HEARTBEAT | SYSTEM | EA alive. Tick=63100 Equity=47865.05 OpenPos=1 UTC=2026.03.03 12:37 DayOfWeek=2 WeekendCloseActive=NO NewTradeBlocked=NO | 63100.000000
JM	0	05:38:30.130	Cazyxio_v4.0 (EURUSD,M15)	2026.03.03 12:38:30 | HEARTBEAT | SYSTEM | EA alive. Tick=63200 Equity=47851.58 OpenPos=1 UTC=2026.03.03 12:38 DayOfWeek=2 WeekendCloseActive=NO NewTradeBlocked=NO | 63200.000000
KQ	0	05:39:13.738	Cazyxio_v4.0 (EURUSD,M15)	2026.03.03 12:39:13 | HEARTBEAT | SYSTEM | EA alive. Tick=63300 Equity=47841.48 OpenPos=1 UTC=2026.03.03 12:39 DayOfWeek=2 WeekendCloseActive=NO NewTradeBlocked=NO | 63300.000000
PE	0	05:39:55.324	Cazyxio_v4.0 (EURUSD,M15)	2026.03.03 12:39:55 | HEARTBEAT | SYSTEM | EA alive. Tick=63400 Equity=47860.56 OpenPos=1 UTC=2026.03.03 12:39 DayOfWeek=2 WeekendCloseActive=NO NewTradeBlocked=NO | 63400.000000
PI	0	05:40:34.164	Cazyxio_v4.0 (EURUSD,M15)	2026.03.03 12:40:34 | HEARTBEAT | SYSTEM | EA alive. Tick=63500 Equity=47862.81 OpenPos=1 UTC=2026.03.03 12:40 DayOfWeek=2 WeekendCloseActive=NO NewTradeBlocked=NO | 63500.000000
FM	0	05:41:19.134	Cazyxio_v4.0 (EURUSD,M15)	2026.03.03 12:41:19 | HEARTBEAT | SYSTEM | EA alive. Tick=63600 Equity=47890.86 OpenPos=1 UTC=2026.03.03 12:41 DayOfWeek=2 WeekendCloseActive=NO NewTradeBlocked=NO | 63600.000000
CQ	0	05:42:07.193	Cazyxio_v4.0 (EURUSD,M15)	2026.03.03 12:42:07 | HEARTBEAT | SYSTEM | EA alive. Tick=63700 Equity=47895.35 OpenPos=1 UTC=2026.03.03 12:42 DayOfWeek=2 WeekendCloseActive=NO NewTradeBlocked=NO | 63700.000000
QE	0	05:42:51.899	Cazyxio_v4.0 (EURUSD,M15)	2026.03.03 12:42:51 | HEARTBEAT | SYSTEM | EA alive. Tick=63800 Equity=47890.86 OpenPos=1 UTC=2026.03.03 12:42 DayOfWeek=2 WeekendCloseActive=NO NewTradeBlocked=NO | 63800.000000
DI	0	05:43:37.755	Cazyxio_v4.0 (EURUSD,M15)	2026.03.03 12:43:37 | HEARTBEAT | SYSTEM | EA alive. Tick=63900 Equity=47866.17 OpenPos=1 UTC=2026.03.03 12:43 DayOfWeek=2 WeekendCloseActive=NO NewTradeBlocked=NO | 63900.000000
GM	0	05:44:22.373	Cazyxio_v4.0 (EURUSD,M15)	2026.03.03 12:44:22 | HEARTBEAT | SYSTEM | EA alive. Tick=64000 Equity=47925.64 OpenPos=1 UTC=2026.03.03 12:44 DayOfWeek=2 WeekendCloseActive=NO NewTradeBlocked=NO | 64000.000000
IM	0	05:45:01.562	Cazyxio_v4.0 (EURUSD,M15)	2026.03.03 12:45:01 | BAR | GBPUSD | close=1.33178 h4ema200=1.35266 h4slope=DOWN ema50=1.33373 atr=0.001613 atrSma=0.001249 atrRatio=1.292 dir=SHORT spread=23.0 spreadOK=YES atrGate=PASS touch=FAIL momCandle=momClosePos=0.500 momOk=N ema50Ok=Y barRange=0.000000 trigger=NO hasPos=NO portRisk=0.50% openPos=1 | 1.331780
FL	0	05:45:01.562	Cazyxio_v4.0 (EURUSD,M15)	2026.03.03 12:45:01 | GATE_FAIL | GBPUSD | Touch/pullback gate FAIL. Price has not approached EMA50 within last 12 bars (within 1.00 ATR). v4.0 tolerance=1.00x (widened from 0.40x).
OJ	0	05:45:01.562	Cazyxio_v4.0 (EURUSD,M15)	2026.03.03 12:45:01 | BAR | EURUSD | close=1.16067 h4ema200=1.17879 h4slope=DOWN ema50=1.16398 atr=0.001123 atrSma=0.000923 atrRatio=1.216 dir=SHORT spread=17.0 spreadOK=YES atrGate=PASS touch=FAIL momCandle=momClosePos=0.500 momOk=N ema50Ok=Y barRange=0.000000 trigger=NO hasPos=NO portRisk=0.50% openPos=1 | 1.160670
IG	0	05:45:01.562	Cazyxio_v4.0 (EURUSD,M15)	2026.03.03 12:45:01 | GATE_FAIL | EURUSD | Touch/pullback gate FAIL. Price has not approached EMA50 within last 12 bars (within 1.00 ATR). v4.0 tolerance=1.00x (widened from 0.40x).
HQ	0	05:45:01.562	Cazyxio_v4.0 (EURUSD,M15)	2026.03.03 12:45:01 | BAR | USDJPY | close=157.746 h4ema200=155.537 h4slope=UP ema50=157.531 atr=0.127071 atrSma=0.120972 atrRatio=1.050 dir=LONG spread=16.0 spreadOK=YES atrGate=PASS touch=PASS momCandle=momClosePos=0.500 momOk=N ema50Ok=Y barRange=0.000000 trigger=NO hasPos=YES portRisk=0.50% openPos=1 | 157.746000
QQ	0	05:45:01.562	Cazyxio_v4.0 (EURUSD,M15)	2026.03.03 12:45:01 | TRAIL_SKIP | USDJPY | Trail not yet active. ProfitDist=0.050 ActivateAt=0.321 (1.5R). ticket=4343339
LK	0	05:45:01.562	Cazyxio_v4.0 (EURUSD,M15)	2026.03.03 12:45:01 | BAR | AUDUSD | close=0.70298 h4ema200=0.69851 h4slope=UP ema50=0.70610 atr=0.001184 atrSma=0.000998 atrRatio=1.186 dir=LONG spread=18.0 spreadOK=YES atrGate=PASS touch=FAIL momCandle=momClosePos=0.500 momOk=N ema50Ok=Y barRange=0.000000 trigger=NO hasPos=NO portRisk=0.50% openPos=1 | 0.702980
GR	0	05:45:01.562	Cazyxio_v4.0 (EURUSD,M15)	2026.03.03 12:45:01 | GATE_FAIL | AUDUSD | Touch/pullback gate FAIL. Price has not approached EMA50 within last 12 bars (within 1.00 ATR). v4.0 tolerance=1.00x (widened from 0.40x).
DP	0	05:45:01.562	Cazyxio_v4.0 (EURUSD,M15)	2026.03.03 12:45:01 | BAR | GBPJPY | close=210.085 h4ema200=210.399 h4slope=UP ema50=210.109 atr=0.227214 atrSma=0.179337 atrRatio=1.267 dir=NONE spread=45.0 spreadOK=NO atrGate=PASS touch=FAIL momCandle= trigger=NO hasPos=NO portRisk=0.50% openPos=1 | 210.085000
JF	0	05:45:01.562	Cazyxio_v4.0 (EURUSD,M15)	2026.03.03 12:45:01 | GATE_FAIL | GBPJPY | No directional bias. h4slope=UP closeNow=210.085 h4ema200=210.399. Need H4 slope + price on correct side of H4 EMA200.
RL	0	05:45:01.884	Cazyxio_v4.0 (EURUSD,M15)	2026.03.03 12:45:01 | BAR | USDCAD | close=1.36899 h4ema200=1.36885 h4slope=DOWN ema50=1.36869 atr=0.000979 atrSma=0.000851 atrRatio=1.150 dir=NONE spread=26.0 spreadOK=YES atrGate=PASS touch=FAIL momCandle= trigger=NO hasPos=NO portRisk=0.50% openPos=1 | 1.368990
QF	0	05:45:01.884	Cazyxio_v4.0 (EURUSD,M15)	2026.03.03 12:45:01 | GATE_FAIL | USDCAD | No directional bias. h4slope=DOWN closeNow=1.36899 h4ema200=1.36885. Need H4 slope + price on correct side of H4 EMA200.
ON	0	05:45:10.277	Cazyxio_v4.0 (EURUSD,M15)	2026.03.03 12:45:10 | HEARTBEAT | SYSTEM | EA alive. Tick=64100 Equity=47900.96 OpenPos=1 UTC=2026.03.03 12:45 DayOfWeek=2 WeekendCloseActive=NO NewTradeBlocked=NO | 64100.000000
QR	0	05:45:51.712	Cazyxio_v4.0 (EURUSD,M15)	2026.03.03 12:45:51 | HEARTBEAT | SYSTEM | EA alive. Tick=64200 Equity=47895.35 OpenPos=1 UTC=2026.03.03 12:45 DayOfWeek=2 WeekendCloseActive=NO NewTradeBlocked=NO | 64200.000000
QF	0	05:46:44.384	Cazyxio_v4.0 (EURUSD,M15)	2026.03.03 12:46:44 | HEARTBEAT | SYSTEM | EA alive. Tick=64300 Equity=47867.30 OpenPos=1 UTC=2026.03.03 12:46 DayOfWeek=2 WeekendCloseActive=NO NewTradeBlocked=NO | 64300.000000
EJ	0	05:47:38.420	Cazyxio_v4.0 (EURUSD,M15)	2026.03.03 12:47:38 | HEARTBEAT | SYSTEM | EA alive. Tick=64400 Equity=47866.17 OpenPos=1 UTC=2026.03.03 12:47 DayOfWeek=2 WeekendCloseActive=NO NewTradeBlocked=NO | 64400.000000
PN	0	05:48:34.799	Cazyxio_v4.0 (EURUSD,M15)	2026.03.03 12:48:34 | HEARTBEAT | SYSTEM | EA alive. Tick=64500 Equity=47890.86 OpenPos=1 UTC=2026.03.03 12:48 DayOfWeek=2 WeekendCloseActive=NO NewTradeBlocked=NO | 64500.000000
MR	0	05:49:21.032	Cazyxio_v4.0 (EURUSD,M15)	2026.03.03 12:49:21 | HEARTBEAT | SYSTEM | EA alive. Tick=64600 Equity=47870.66 OpenPos=1 UTC=2026.03.03 12:49 DayOfWeek=2 WeekendCloseActive=NO NewTradeBlocked=NO | 64600.000000
GF	0	05:50:15.581	Cazyxio_v4.0 (EURUSD,M15)	2026.03.03 12:50:15 | HEARTBEAT | SYSTEM | EA alive. Tick=64700 Equity=47859.44 OpenPos=1 UTC=2026.03.03 12:50 DayOfWeek=2 WeekendCloseActive=NO NewTradeBlocked=NO | 64700.000000
CJ	0	05:50:55.018	Cazyxio_v4.0 (EURUSD,M15)	2026.03.03 12:50:55 | HEARTBEAT | SYSTEM | EA alive. Tick=64800 Equity=47862.81 OpenPos=1 UTC=2026.03.03 12:50 DayOfWeek=2 WeekendCloseActive=NO NewTradeBlocked=NO | 64800.000000
NN	0	05:51:38.869	Cazyxio_v4.0 (EURUSD,M15)	2026.03.03 12:51:38 | HEARTBEAT | SYSTEM | EA alive. Tick=64900 Equity=47880.76 OpenPos=1 UTC=2026.03.03 12:51 DayOfWeek=2 WeekendCloseActive=NO NewTradeBlocked=NO | 64900.000000
RR	0	05:52:29.950	Cazyxio_v4.0 (EURUSD,M15)	2026.03.03 12:52:29 | HEARTBEAT | SYSTEM | EA alive. Tick=65000 Equity=47905.45 OpenPos=1 UTC=2026.03.03 12:52 DayOfWeek=2 WeekendCloseActive=NO NewTradeBlocked=NO | 65000.000000
MF	0	05:53:15.814	Cazyxio_v4.0 (EURUSD,M15)	2026.03.03 12:53:15 | HEARTBEAT | SYSTEM | EA alive. Tick=65100 Equity=47903.20 OpenPos=1 UTC=2026.03.03 12:53 DayOfWeek=2 WeekendCloseActive=NO NewTradeBlocked=NO | 65100.000000
QJ	0	05:54:08.355	Cazyxio_v4.0 (EURUSD,M15)	2026.03.03 12:54:08 | HEARTBEAT | SYSTEM | EA alive. Tick=65200 Equity=47844.85 OpenPos=1 UTC=2026.03.03 12:54 DayOfWeek=2 WeekendCloseActive=NO NewTradeBlocked=NO | 65200.000000
MN	0	05:54:54.201	Cazyxio_v4.0 (EURUSD,M15)	2026.03.03 12:54:54 | HEARTBEAT | SYSTEM | EA alive. Tick=65300 Equity=47835.87 OpenPos=1 UTC=2026.03.03 12:54 DayOfWeek=2 WeekendCloseActive=NO NewTradeBlocked=NO | 65300.000000
DR	0	05:55:39.695	Cazyxio_v4.0 (EURUSD,M15)	2026.03.03 12:55:39 | HEARTBEAT | SYSTEM | EA alive. Tick=65400 Equity=47849.34 OpenPos=1 UTC=2026.03.03 12:55 DayOfWeek=2 WeekendCloseActive=NO NewTradeBlocked=NO | 65400.000000
OF	0	05:56:29.548	Cazyxio_v4.0 (EURUSD,M15)	2026.03.03 12:56:29 | HEARTBEAT | SYSTEM | EA alive. Tick=65500 Equity=47806.67 OpenPos=1 UTC=2026.03.03 12:56 DayOfWeek=2 WeekendCloseActive=NO NewTradeBlocked=NO | 65500.000000
HJ	0	05:57:09.562	Cazyxio_v4.0 (EURUSD,M15)	2026.03.03 12:57:09 | HEARTBEAT | SYSTEM | EA alive. Tick=65600 Equity=47806.67 OpenPos=1 UTC=2026.03.03 12:57 DayOfWeek=2 WeekendCloseActive=NO NewTradeBlocked=NO | 65600.000000
JN	0	05:57:53.102	Cazyxio_v4.0 (EURUSD,M15)	2026.03.03 12:57:53 | HEARTBEAT | SYSTEM | EA alive. Tick=65700 Equity=47811.16 OpenPos=1 UTC=2026.03.03 12:57 DayOfWeek=2 WeekendCloseActive=NO NewTradeBlocked=NO | 65700.000000
JR	0	05:58:37.552	Cazyxio_v4.0 (EURUSD,M15)	2026.03.03 12:58:37 | HEARTBEAT | SYSTEM | EA alive. Tick=65800 Equity=47776.34 OpenPos=1 UTC=2026.03.03 12:58 DayOfWeek=2 WeekendCloseActive=NO NewTradeBlocked=NO | 65800.000000
QF	0	05:59:21.656	Cazyxio_v4.0 (EURUSD,M15)	2026.03.03 12:59:21 | HEARTBEAT | SYSTEM | EA alive. Tick=65900 Equity=47769.60 OpenPos=1 UTC=2026.03.03 12:59 DayOfWeek=2 WeekendCloseActive=NO NewTradeBlocked=NO | 65900.000000
NG	0	06:00:01.641	Cazyxio_v4.0 (EURUSD,M15)	2026.03.03 13:00:01 | BAR | GBPUSD | close=1.33212 h4ema200=1.35266 h4slope=DOWN ema50=1.33368 atr=0.001626 atrSma=0.001251 atrRatio=1.300 dir=SHORT spread=24.0 spreadOK=YES atrGate=PASS touch=PASS momCandle=momClosePos=0.500 momOk=N ema50Ok=Y barRange=0.000000 trigger=NO hasPos=NO portRisk=0.50% openPos=1 | 1.332120
NP	0	06:00:01.641	Cazyxio_v4.0 (EURUSD,M15)	2026.03.03 13:00:01 | GATE_FAIL | GBPUSD | Momentum candle FAIL. dir=SHORT close=1.33212 ema50=1.33368 momClosePos=0.500 momOk=N ema50Ok=Y barRange=0.000000. Close not in 35% zone.
PM	0	06:00:01.641	Cazyxio_v4.0 (EURUSD,M15)	2026.03.03 13:00:01 | BAR | EURUSD | close=1.16116 h4ema200=1.17879 h4slope=DOWN ema50=1.16389 atr=0.001117 atrSma=0.000925 atrRatio=1.208 dir=SHORT spread=18.0 spreadOK=YES atrGate=PASS touch=FAIL momCandle=momClosePos=0.500 momOk=N ema50Ok=Y barRange=0.000000 trigger=NO hasPos=NO portRisk=0.50% openPos=1 | 1.161160
IL	0	06:00:01.641	Cazyxio_v4.0 (EURUSD,M15)	2026.03.03 13:00:01 | GATE_FAIL | EURUSD | Touch/pullback gate FAIL. Price has not approached EMA50 within last 12 bars (within 1.00 ATR). v4.0 tolerance=1.00x (widened from 0.40x).
EJ	0	06:00:01.641	Cazyxio_v4.0 (EURUSD,M15)	2026.03.03 13:00:01 | BAR | USDJPY | close=157.635 h4ema200=155.536 h4slope=UP ema50=157.531 atr=0.128143 atrSma=0.121079 atrRatio=1.058 dir=LONG spread=14.0 spreadOK=YES atrGate=PASS touch=PASS momCandle=momClosePos=0.500 momOk=N ema50Ok=Y barRange=0.000000 trigger=NO hasPos=YES portRisk=0.50% openPos=1 | 157.635000
DF	0	06:00:01.641	Cazyxio_v4.0 (EURUSD,M15)	2026.03.03 13:00:01 | TRAIL_SKIP | USDJPY | Trail not yet active. ProfitDist=-0.061 ActivateAt=0.321 (1.5R). ticket=4343339
ME	0	06:00:01.641	Cazyxio_v4.0 (EURUSD,M15)	2026.03.03 13:00:01 | BAR | AUDUSD | close=0.70299 h4ema200=0.69851 h4slope=UP ema50=0.70598 atr=0.001208 atrSma=0.001001 atrRatio=1.207 dir=LONG spread=20.0 spreadOK=YES atrGate=PASS touch=FAIL momCandle=momClosePos=0.500 momOk=N ema50Ok=Y barRange=0.000000 trigger=NO hasPos=NO portRisk=0.50% openPos=1 | 0.702990
II	0	06:00:01.641	Cazyxio_v4.0 (EURUSD,M15)	2026.03.03 13:00:01 | GATE_FAIL | AUDUSD | Touch/pullback gate FAIL. Price has not approached EMA50 within last 12 bars (within 1.00 ATR). v4.0 tolerance=1.00x (widened from 0.40x).
MK	0	06:00:01.641	Cazyxio_v4.0 (EURUSD,M15)	2026.03.03 13:00:01 | BAR | GBPJPY | close=209.995 h4ema200=210.398 h4slope=UP ema50=210.101 atr=0.225857 atrSma=0.179701 atrRatio=1.257 dir=NONE spread=44.0 spreadOK=NO atrGate=PASS touch=FAIL momCandle= trigger=NO hasPos=NO portRisk=0.50% openPos=1 | 209.995000
GK	0	06:00:01.641	Cazyxio_v4.0 (EURUSD,M15)	2026.03.03 13:00:01 | GATE_FAIL | GBPJPY | No directional bias. h4slope=UP closeNow=209.995 h4ema200=210.398. Need H4 slope + price on correct side of H4 EMA200.
PG	0	06:00:01.641	Cazyxio_v4.0 (EURUSD,M15)	2026.03.03 13:00:01 | BAR | USDCAD | close=1.36851 h4ema200=1.36885 h4slope=DOWN ema50=1.36866 atr=0.001027 atrSma=0.000853 atrRatio=1.204 dir=SHORT spread=22.0 spreadOK=YES atrGate=PASS touch=PASS momCandle=momClosePos=0.500 momOk=N ema50Ok=Y barRange=0.000000 trigger=NO hasPos=NO portRisk=0.50% openPos=1 | 1.368510
RQ	0	06:00:01.642	Cazyxio_v4.0 (EURUSD,M15)	2026.03.03 13:00:01 | GATE_FAIL | USDCAD | Momentum candle FAIL. dir=SHORT close=1.36851 ema50=1.36866 momClosePos=0.500 momOk=N ema50Ok=Y barRange=0.000000. Close not in 35% zone.
IP	0	06:00:03.142	Cazyxio_v4.0 (EURUSD,M15)	2026.03.03 13:00:03 | HEARTBEAT | SYSTEM | EA alive. Tick=66000 Equity=47792.07 OpenPos=1 UTC=2026.03.03 13:00 DayOfWeek=2 WeekendCloseActive=NO NewTradeBlocked=NO | 66000.000000
HD	0	06:00:36.111	Cazyxio_v4.0 (EURUSD,M15)	2026.03.03 13:00:36 | HEARTBEAT | SYSTEM | EA alive. Tick=66100 Equity=47769.60 OpenPos=1 UTC=2026.03.03 13:00 DayOfWeek=2 WeekendCloseActive=NO NewTradeBlocked=NO | 66100.000000
MH	0	06:01:08.730	Cazyxio_v4.0 (EURUSD,M15)	2026.03.03 13:01:08 | HEARTBEAT | SYSTEM | EA alive. Tick=66200 Equity=47768.48 OpenPos=1 UTC=2026.03.03 13:01 DayOfWeek=2 WeekendCloseActive=NO NewTradeBlocked=NO | 66200.000000
OL	0	06:01:42.185	Cazyxio_v4.0 (EURUSD,M15)	2026.03.03 13:01:42 | HEARTBEAT | SYSTEM | EA alive. Tick=66300 Equity=47794.32 OpenPos=1 UTC=2026.03.03 13:01 DayOfWeek=2 WeekendCloseActive=NO NewTradeBlocked=NO | 66300.000000
KP	0	06:02:21.518	Cazyxio_v4.0 (EURUSD,M15)	2026.03.03 13:02:21 | HEARTBEAT | SYSTEM | EA alive. Tick=66400 Equity=47824.64 OpenPos=1 UTC=2026.03.03 13:02 DayOfWeek=2 WeekendCloseActive=NO NewTradeBlocked=NO | 66400.000000
MD	0	06:02:59.485	Cazyxio_v4.0 (EURUSD,M15)	2026.03.03 13:02:59 | HEARTBEAT | SYSTEM | EA alive. Tick=66500 Equity=47795.44 OpenPos=1 UTC=2026.03.03 13:02 DayOfWeek=2 WeekendCloseActive=NO NewTradeBlocked=NO | 66500.000000
MH	0	06:03:36.771	Cazyxio_v4.0 (EURUSD,M15)	2026.03.03 13:03:36 | HEARTBEAT | SYSTEM | EA alive. Tick=66600 Equity=47849.34 OpenPos=1 UTC=2026.03.03 13:03 DayOfWeek=2 WeekendCloseActive=NO NewTradeBlocked=NO | 66600.000000
GL	0	06:04:17.716	Cazyxio_v4.0 (EURUSD,M15)	2026.03.03 13:04:17 | HEARTBEAT | SYSTEM | EA alive. Tick=66700 Equity=47843.72 OpenPos=1 UTC=2026.03.03 13:04 DayOfWeek=2 WeekendCloseActive=NO NewTradeBlocked=NO | 66700.000000
NP	0	06:05:05.097	Cazyxio_v4.0 (EURUSD,M15)	2026.03.03 13:05:05 | HEARTBEAT | SYSTEM | EA alive. Tick=66800 Equity=47843.72 OpenPos=1 UTC=2026.03.03 13:05 DayOfWeek=2 WeekendCloseActive=NO NewTradeBlocked=NO | 66800.000000
KD	0	06:05:37.001	Cazyxio_v4.0 (EURUSD,M15)	2026.03.03 13:05:37 | HEARTBEAT | SYSTEM | EA alive. Tick=66900 Equity=47797.69 OpenPos=1 UTC=2026.03.03 13:05 DayOfWeek=2 WeekendCloseActive=NO NewTradeBlocked=NO | 66900.000000
PH	0	06:06:16.165	Cazyxio_v4.0 (EURUSD,M15)	2026.03.03 13:06:16 | HEARTBEAT | SYSTEM | EA alive. Tick=67000 Equity=47802.18 OpenPos=1 UTC=2026.03.03 13:06 DayOfWeek=2 WeekendCloseActive=NO NewTradeBlocked=NO | 67000.000000
HL	0	06:07:09.589	Cazyxio_v4.0 (EURUSD,M15)	2026.03.03 13:07:09 | HEARTBEAT | SYSTEM | EA alive. Tick=67100 Equity=47826.88 OpenPos=1 UTC=2026.03.03 13:07 DayOfWeek=2 WeekendCloseActive=NO NewTradeBlocked=NO | 67100.000000
DP	0	06:07:53.502	Cazyxio_v4.0 (EURUSD,M15)	2026.03.03 13:07:53 | HEARTBEAT | SYSTEM | EA alive. Tick=67200 Equity=47808.92 OpenPos=1 UTC=2026.03.03 13:07 DayOfWeek=2 WeekendCloseActive=NO NewTradeBlocked=NO | 67200.000000
HD	0	06:08:35.503	Cazyxio_v4.0 (EURUSD,M15)	2026.03.03 13:08:35 | HEARTBEAT | SYSTEM | EA alive. Tick=67300 Equity=47781.96 OpenPos=1 UTC=2026.03.03 13:08 DayOfWeek=2 WeekendCloseActive=NO NewTradeBlocked=NO | 67300.000000
LH	0	06:09:33.313	Cazyxio_v4.0 (EURUSD,M15)	2026.03.03 13:09:33 | HEARTBEAT | SYSTEM | EA alive. Tick=67400 Equity=47796.56 OpenPos=1 UTC=2026.03.03 13:09 DayOfWeek=2 WeekendCloseActive=NO NewTradeBlocked=NO | 67400.000000
KL	0	06:10:11.281	Cazyxio_v4.0 (EURUSD,M15)	2026.03.03 13:10:11 | HEARTBEAT | SYSTEM | EA alive. Tick=67500 Equity=47803.30 OpenPos=1 UTC=2026.03.03 13:10 DayOfWeek=2 WeekendCloseActive=NO NewTradeBlocked=NO | 67500.000000
CP	0	06:10:55.579	Cazyxio_v4.0 (EURUSD,M15)	2026.03.03 13:10:55 | HEARTBEAT | SYSTEM | EA alive. Tick=67600 Equity=47816.78 OpenPos=1 UTC=2026.03.03 13:10 DayOfWeek=2 WeekendCloseActive=NO NewTradeBlocked=NO | 67600.000000
DD	0	06:11:37.855	Cazyxio_v4.0 (EURUSD,M15)	2026.03.03 13:11:37 | HEARTBEAT | SYSTEM | EA alive. Tick=67700 Equity=47828.01 OpenPos=1 UTC=2026.03.03 13:11 DayOfWeek=2 WeekendCloseActive=NO NewTradeBlocked=NO | 67700.000000
KH	0	06:12:38.907	Cazyxio_v4.0 (EURUSD,M15)	2026.03.03 13:12:38 | HEARTBEAT | SYSTEM | EA alive. Tick=67800 Equity=47870.66 OpenPos=1 UTC=2026.03.03 13:12 DayOfWeek=2 WeekendCloseActive=NO NewTradeBlocked=NO | 67800.000000
GL	0	06:13:18.300	Cazyxio_v4.0 (EURUSD,M15)	2026.03.03 13:13:18 | HEARTBEAT | SYSTEM | EA alive. Tick=67900 Equity=47911.06 OpenPos=1 UTC=2026.03.03 13:13 DayOfWeek=2 WeekendCloseActive=NO NewTradeBlocked=NO | 67900.000000
IP	0	06:13:52.407	Cazyxio_v4.0 (EURUSD,M15)	2026.03.03 13:13:52 | HEARTBEAT | SYSTEM | EA alive. Tick=68000 Equity=47904.33 OpenPos=1 UTC=2026.03.03 13:13 DayOfWeek=2 WeekendCloseActive=NO NewTradeBlocked=NO | 68000.000000
PD	0	06:14:32.852	Cazyxio_v4.0 (EURUSD,M15)	2026.03.03 13:14:32 | HEARTBEAT | SYSTEM | EA alive. Tick=68100 Equity=47904.33 OpenPos=1 UTC=2026.03.03 13:14 DayOfWeek=2 WeekendCloseActive=NO NewTradeBlocked=NO | 68100.000000
JE	0	06:15:01.556	Cazyxio_v4.0 (EURUSD,M15)	2026.03.03 13:15:01 | BAR | EURUSD | close=1.16035 h4ema200=1.17878 h4slope=DOWN ema50=1.16372 atr=0.001127 atrSma=0.000928 atrRatio=1.215 dir=SHORT spread=14.0 spreadOK=YES atrGate=PASS touch=FAIL momCandle=momClosePos=0.500 momOk=N ema50Ok=Y barRange=0.000000 trigger=NO hasPos=NO portRisk=0.50% openPos=1 | 1.160350
JD	0	06:15:01.556	Cazyxio_v4.0 (EURUSD,M15)	2026.03.03 13:15:01 | GATE_FAIL | EURUSD | Touch/pullback gate FAIL. Price has not approached EMA50 within last 12 bars (within 1.00 ATR). v4.0 tolerance=1.00x (widened from 0.40x).
ES	0	06:15:01.770	Cazyxio_v4.0 (EURUSD,M15)	2026.03.03 13:15:01 | BAR | GBPUSD | close=1.33107 h4ema200=1.35265 h4slope=DOWN ema50=1.33354 atr=0.001599 atrSma=0.001254 atrRatio=1.275 dir=SHORT spread=25.0 spreadOK=YES atrGate=PASS touch=PASS momCandle=momClosePos=0.500 momOk=N ema50Ok=Y barRange=0.000000 trigger=NO hasPos=NO portRisk=0.50% openPos=1 | 1.331070
IL	0	06:15:01.770	Cazyxio_v4.0 (EURUSD,M15)	2026.03.03 13:15:01 | GATE_FAIL | GBPUSD | Momentum candle FAIL. dir=SHORT close=1.33107 ema50=1.33354 momClosePos=0.500 momOk=N ema50Ok=Y barRange=0.000000. Close not in 35% zone.
OH	0	06:15:01.770	Cazyxio_v4.0 (EURUSD,M15)	2026.03.03 13:15:01 | BAR | USDJPY | close=157.730 h4ema200=155.537 h4slope=UP ema50=157.542 atr=0.131286 atrSma=0.121302 atrRatio=1.082 dir=LONG spread=16.0 spreadOK=YES atrGate=PASS touch=PASS momCandle=momClosePos=0.500 momOk=N ema50Ok=Y barRange=0.000000 trigger=NO hasPos=YES portRisk=0.50% openPos=1 | 157.730000
RF	0	06:15:01.770	Cazyxio_v4.0 (EURUSD,M15)	2026.03.03 13:15:01 | TRAIL_SKIP | USDJPY | Trail not yet active. ProfitDist=0.034 ActivateAt=0.321 (1.5R). ticket=4343339
DR	0	06:15:01.770	Cazyxio_v4.0 (EURUSD,M15)	2026.03.03 13:15:01 | BAR | AUDUSD | close=0.70192 h4ema200=0.69850 h4slope=UP ema50=0.70578 atr=0.001260 atrSma=0.001004 atrRatio=1.254 dir=LONG spread=17.0 spreadOK=YES atrGate=PASS touch=FAIL momCandle=momClosePos=0.500 momOk=N ema50Ok=Y barRange=0.000000 trigger=NO hasPos=NO portRisk=0.50% openPos=1 | 0.701920
JK	0	06:15:01.770	Cazyxio_v4.0 (EURUSD,M15)	2026.03.03 13:15:01 | GATE_FAIL | AUDUSD | Touch/pullback gate FAIL. Price has not approached EMA50 within last 12 bars (within 1.00 ATR). v4.0 tolerance=1.00x (widened from 0.40x).
RI	0	06:15:01.770	Cazyxio_v4.0 (EURUSD,M15)	2026.03.03 13:15:01 | BAR | GBPJPY | close=209.955 h4ema200=210.398 h4slope=UP ema50=210.094 atr=0.219714 atrSma=0.180076 atrRatio=1.220 dir=NONE spread=47.0 spreadOK=NO atrGate=PASS touch=FAIL momCandle= trigger=NO hasPos=NO portRisk=0.50% openPos=1 | 209.955000
LM	0	06:15:01.770	Cazyxio_v4.0 (EURUSD,M15)	2026.03.03 13:15:01 | GATE_FAIL | GBPJPY | No directional bias. h4slope=UP closeNow=209.955 h4ema200=210.398. Need H4 slope + price on correct side of H4 EMA200.
LD	0	06:15:01.770	Cazyxio_v4.0 (EURUSD,M15)	2026.03.03 13:15:01 | BAR | USDCAD | close=1.36853 h4ema200=1.36885 h4slope=DOWN ema50=1.36866 atr=0.001011 atrSma=0.000855 atrRatio=1.183 dir=SHORT spread=24.0 spreadOK=YES atrGate=PASS touch=PASS momCandle=momClosePos=0.500 momOk=N ema50Ok=Y barRange=0.000000 trigger=NO hasPos=NO portRisk=0.50% openPos=1 | 1.368530
FG	0	06:15:01.770	Cazyxio_v4.0 (EURUSD,M15)	2026.03.03 13:15:01 | GATE_FAIL | USDCAD | Momentum candle FAIL. dir=SHORT close=1.36853 ema50=1.36866 momClosePos=0.500 momOk=N ema50Ok=Y barRange=0.000000. Close not in 35% zone.
CN	0	06:15:23.557	Cazyxio_v4.0 (EURUSD,M15)	2026.03.03 13:15:23 | HEARTBEAT | SYSTEM | EA alive. Tick=68200 Equity=47890.86 OpenPos=1 UTC=2026.03.03 13:15 DayOfWeek=2 WeekendCloseActive=NO NewTradeBlocked=NO | 68200.000000
HR	0	06:16:29.708	Cazyxio_v4.0 (EURUSD,M15)	2026.03.03 13:16:29 | HEARTBEAT | SYSTEM | EA alive. Tick=68300 Equity=47907.69 OpenPos=1 UTC=2026.03.03 13:16 DayOfWeek=2 WeekendCloseActive=NO NewTradeBlocked=NO | 68300.000000
OF	0	06:17:22.127	Cazyxio_v4.0 (EURUSD,M15)	2026.03.03 13:17:22 | HEARTBEAT | SYSTEM | EA alive. Tick=68400 Equity=47923.39 OpenPos=1 UTC=2026.03.03 13:17 DayOfWeek=2 WeekendCloseActive=NO NewTradeBlocked=NO | 68400.000000
JJ	0	06:18:22.379	Cazyxio_v4.0 (EURUSD,M15)	2026.03.03 13:18:22 | HEARTBEAT | SYSTEM | EA alive. Tick=68500 Equity=47911.06 OpenPos=1 UTC=2026.03.03 13:18 DayOfWeek=2 WeekendCloseActive=NO NewTradeBlocked=NO | 68500.000000
LN	0	06:19:13.913	Cazyxio_v4.0 (EURUSD,M15)	2026.03.03 13:19:13 | HEARTBEAT | SYSTEM | EA alive. Tick=68600 Equity=47900.96 OpenPos=1 UTC=2026.03.03 13:19 DayOfWeek=2 WeekendCloseActive=NO NewTradeBlocked=NO | 68600.000000
LR	0	06:20:03.359	Cazyxio_v4.0 (EURUSD,M15)	2026.03.03 13:20:03 | HEARTBEAT | SYSTEM | EA alive. Tick=68700 Equity=47903.20 OpenPos=1 UTC=2026.03.03 13:20 DayOfWeek=2 WeekendCloseActive=NO NewTradeBlocked=NO | 68700.000000
LF	0	06:20:53.528	Cazyxio_v4.0 (EURUSD,M15)	2026.03.03 13:20:53 | HEARTBEAT | SYSTEM | EA alive. Tick=68800 Equity=47908.81 OpenPos=1 UTC=2026.03.03 13:20 DayOfWeek=2 WeekendCloseActive=NO NewTradeBlocked=NO | 68800.000000
FJ	0	06:21:47.842	Cazyxio_v4.0 (EURUSD,M15)	2026.03.03 13:21:47 | HEARTBEAT | SYSTEM | EA alive. Tick=68900 Equity=47948.07 OpenPos=1 UTC=2026.03.03 13:21 DayOfWeek=2 WeekendCloseActive=NO NewTradeBlocked=NO | 68900.000000
HN	0	06:22:45.594	Cazyxio_v4.0 (EURUSD,M15)	2026.03.03 13:22:45 | HEARTBEAT | SYSTEM | EA alive. Tick=69000 Equity=47978.34 OpenPos=1 UTC=2026.03.03 13:22 DayOfWeek=2 WeekendCloseActive=NO NewTradeBlocked=NO | 69000.000000
CR	0	06:23:43.759	Cazyxio_v4.0 (EURUSD,M15)	2026.03.03 13:23:43 | HEARTBEAT | SYSTEM | EA alive. Tick=69100 Equity=47954.79 OpenPos=1 UTC=2026.03.03 13:23 DayOfWeek=2 WeekendCloseActive=NO NewTradeBlocked=NO | 69100.000000
NF	0	06:24:41.947	Cazyxio_v4.0 (EURUSD,M15)	2026.03.03 13:24:41 | HEARTBEAT | SYSTEM | EA alive. Tick=69200 Equity=47960.40 OpenPos=1 UTC=2026.03.03 13:24 DayOfWeek=2 WeekendCloseActive=NO NewTradeBlocked=NO | 69200.000000
GJ	0	06:25:40.711	Cazyxio_v4.0 (EURUSD,M15)	2026.03.03 13:25:40 | HEARTBEAT | SYSTEM | EA alive. Tick=69300 Equity=47972.73 OpenPos=1 UTC=2026.03.03 13:25 DayOfWeek=2 WeekendCloseActive=NO NewTradeBlocked=NO | 69300.000000
ON	0	06:26:31.581	Cazyxio_v4.0 (EURUSD,M15)	2026.03.03 13:26:31 | HEARTBEAT | SYSTEM | EA alive. Tick=69400 Equity=47966.01 OpenPos=1 UTC=2026.03.03 13:26 DayOfWeek=2 WeekendCloseActive=NO NewTradeBlocked=NO | 69400.000000
KR	0	06:27:35.173	Cazyxio_v4.0 (EURUSD,M15)	2026.03.03 13:27:35 | HEARTBEAT | SYSTEM | EA alive. Tick=69500 Equity=47933.49 OpenPos=1 UTC=2026.03.03 13:27 DayOfWeek=2 WeekendCloseActive=NO NewTradeBlocked=NO | 69500.000000
DF	0	06:28:57.998	Cazyxio_v4.0 (EURUSD,M15)	2026.03.03 13:28:57 | HEARTBEAT | SYSTEM | EA alive. Tick=69600 Equity=47959.28 OpenPos=1 UTC=2026.03.03 13:28 DayOfWeek=2 WeekendCloseActive=NO NewTradeBlocked=NO | 69600.000000
OJ	0	06:29:55.919	Cazyxio_v4.0 (EURUSD,M15)	2026.03.03 13:29:55 | HEARTBEAT | SYSTEM | EA alive. Tick=69700 Equity=47951.43 OpenPos=1 UTC=2026.03.03 13:29 DayOfWeek=2 WeekendCloseActive=NO NewTradeBlocked=NO | 69700.000000
OS	0	06:30:01.831	Cazyxio_v4.0 (EURUSD,M15)	2026.03.03 13:30:01 | BAR | GBPUSD | close=1.33080 h4ema200=1.35265 h4slope=DOWN ema50=1.33342 atr=0.001569 atrSma=0.001257 atrRatio=1.249 dir=SHORT spread=25.0 spreadOK=YES atrGate=PASS touch=PASS momCandle=momClosePos=0.500 momOk=N ema50Ok=Y barRange=0.000000 trigger=NO hasPos=NO portRisk=0.50% openPos=1 | 1.330800
HL	0	06:30:01.831	Cazyxio_v4.0 (EURUSD,M15)	2026.03.03 13:30:01 | GATE_FAIL | GBPUSD | Momentum candle FAIL. dir=SHORT close=1.33080 ema50=1.33342 momClosePos=0.500 momOk=N ema50Ok=Y barRange=0.000000. Close not in 35% zone.
PI	0	06:30:01.831	Cazyxio_v4.0 (EURUSD,M15)	2026.03.03 13:30:01 | BAR | EURUSD | close=1.15990 h4ema200=1.17878 h4slope=DOWN ema50=1.16356 atr=0.001076 atrSma=0.000930 atrRatio=1.158 dir=SHORT spread=18.0 spreadOK=YES atrGate=PASS touch=FAIL momCandle=momClosePos=0.500 momOk=N ema50Ok=Y barRange=0.000000 trigger=NO hasPos=NO portRisk=0.50% openPos=1 | 1.159900
DG	0	06:30:01.831	Cazyxio_v4.0 (EURUSD,M15)	2026.03.03 13:30:01 | GATE_FAIL | EURUSD | Touch/pullback gate FAIL. Price has not approached EMA50 within last 12 bars (within 1.00 ATR). v4.0 tolerance=1.00x (widened from 0.40x).
EF	0	06:30:01.831	Cazyxio_v4.0 (EURUSD,M15)	2026.03.03 13:30:01 | BAR | USDJPY | close=157.783 h4ema200=155.538 h4slope=UP ema50=157.554 atr=0.126429 atrSma=0.121511 atrRatio=1.040 dir=LONG spread=17.0 spreadOK=YES atrGate=PASS touch=PASS momCandle=momClosePos=0.500 momOk=N ema50Ok=Y barRange=0.000000 trigger=NO hasPos=YES portRisk=0.50% openPos=1 | 157.783000
RP	0	06:30:01.831	Cazyxio_v4.0 (EURUSD,M15)	2026.03.03 13:30:01 | TRAIL_SKIP | USDJPY | Trail not yet active. ProfitDist=0.087 ActivateAt=0.321 (1.5R). ticket=4343339
KH	0	06:30:01.831	Cazyxio_v4.0 (EURUSD,M15)	2026.03.03 13:30:01 | BAR | AUDUSD | close=0.70126 h4ema200=0.69849 h4slope=UP ema50=0.70558 atr=0.001259 atrSma=0.001009 atrRatio=1.247 dir=LONG spread=19.0 spreadOK=YES atrGate=PASS touch=FAIL momCandle=momClosePos=0.500 momOk=N ema50Ok=Y barRange=0.000000 trigger=NO hasPos=NO portRisk=0.50% openPos=1 | 0.701260
FR	0	06:30:01.831	Cazyxio_v4.0 (EURUSD,M15)	2026.03.03 13:30:01 | GATE_FAIL | AUDUSD | Touch/pullback gate FAIL. Price has not approached EMA50 within last 12 bars (within 1.00 ATR). v4.0 tolerance=1.00x (widened from 0.40x).
IO	0	06:30:01.831	Cazyxio_v4.0 (EURUSD,M15)	2026.03.03 13:30:01 | BAR | GBPJPY | close=209.967 h4ema200=210.398 h4slope=UP ema50=210.090 atr=0.218643 atrSma=0.180412 atrRatio=1.212 dir=NONE spread=47.0 spreadOK=NO atrGate=PASS touch=FAIL momCandle= trigger=NO hasPos=NO portRisk=0.50% openPos=1 | 209.967000
OF	0	06:30:01.831	Cazyxio_v4.0 (EURUSD,M15)	2026.03.03 13:30:01 | GATE_FAIL | GBPJPY | No directional bias. h4slope=UP closeNow=209.967 h4ema200=210.398. Need H4 slope + price on correct side of H4 EMA200.
NS	0	06:30:01.831	Cazyxio_v4.0 (EURUSD,M15)	2026.03.03 13:30:01 | BAR | USDCAD | close=1.36938 h4ema200=1.36885 h4slope=DOWN ema50=1.36872 atr=0.001009 atrSma=0.000858 atrRatio=1.177 dir=NONE spread=25.0 spreadOK=YES atrGate=PASS touch=FAIL momCandle= trigger=NO hasPos=NO portRisk=0.50% openPos=1 | 1.369380
MG	0	06:30:01.831	Cazyxio_v4.0 (EURUSD,M15)	2026.03.03 13:30:01 | GATE_FAIL | USDCAD | No directional bias. h4slope=DOWN closeNow=1.36938 h4ema200=1.36885. Need H4 slope + price on correct side of H4 EMA200.
KO	0	06:30:34.702	Cazyxio_v4.0 (EURUSD,M15)	2026.03.03 13:30:34 | HEARTBEAT | SYSTEM | EA alive. Tick=69800 Equity=47883.01 OpenPos=1 UTC=2026.03.03 13:30 DayOfWeek=2 WeekendCloseActive=NO NewTradeBlocked=NO | 69800.000000
NS	0	06:31:16.825	Cazyxio_v4.0 (EURUSD,M15)	2026.03.03 13:31:16 | HEARTBEAT | SYSTEM | EA alive. Tick=69900 Equity=47897.59 OpenPos=1 UTC=2026.03.03 13:31 DayOfWeek=2 WeekendCloseActive=NO NewTradeBlocked=NO | 69900.000000
CG	0	06:32:14.048	Cazyxio_v4.0 (EURUSD,M15)	2026.03.03 13:32:14 | HEARTBEAT | SYSTEM | EA alive. Tick=70000 Equity=47936.85 OpenPos=1 UTC=2026.03.03 13:32 DayOfWeek=2 WeekendCloseActive=NO NewTradeBlocked=NO | 70000.000000
HK	0	06:32:55.693	Cazyxio_v4.0 (EURUSD,M15)	2026.03.03 13:32:55 | HEARTBEAT | SYSTEM | EA alive. Tick=70100 Equity=47933.49 OpenPos=1 UTC=2026.03.03 13:32 DayOfWeek=2 WeekendCloseActive=NO NewTradeBlocked=NO | 70100.000000
HO	0	06:33:41.890	Cazyxio_v4.0 (EURUSD,M15)	2026.03.03 13:33:41 | HEARTBEAT | SYSTEM | EA alive. Tick=70200 Equity=47918.91 OpenPos=1 UTC=2026.03.03 13:33 DayOfWeek=2 WeekendCloseActive=NO NewTradeBlocked=NO | 70200.000000
CS	0	06:34:24.108	Cazyxio_v4.0 (EURUSD,M15)	2026.03.03 13:34:24 | HEARTBEAT | SYSTEM | EA alive. Tick=70300 Equity=47939.10 OpenPos=1 UTC=2026.03.03 13:34 DayOfWeek=2 WeekendCloseActive=NO NewTradeBlocked=NO | 70300.000000
EG	0	06:35:30.427	Cazyxio_v4.0 (EURUSD,M15)	2026.03.03 13:35:30 | HEARTBEAT | SYSTEM | EA alive. Tick=70400 Equity=47934.61 OpenPos=1 UTC=2026.03.03 13:35 DayOfWeek=2 WeekendCloseActive=NO NewTradeBlocked=NO | 70400.000000
PK	0	06:36:19.531	Cazyxio_v4.0 (EURUSD,M15)	2026.03.03 13:36:19 | HEARTBEAT | SYSTEM | EA alive. Tick=70500 Equity=47937.97 OpenPos=1 UTC=2026.03.03 13:36 DayOfWeek=2 WeekendCloseActive=NO NewTradeBlocked=NO | 70500.000000
DO	0	06:37:09.352	Cazyxio_v4.0 (EURUSD,M15)	2026.03.03 13:37:09 | HEARTBEAT | SYSTEM | EA alive. Tick=70600 Equity=47905.45 OpenPos=1 UTC=2026.03.03 13:37 DayOfWeek=2 WeekendCloseActive=NO NewTradeBlocked=NO | 70600.000000
KS	0	06:37:57.940	Cazyxio_v4.0 (EURUSD,M15)	2026.03.03 13:37:57 | HEARTBEAT | SYSTEM | EA alive. Tick=70700 Equity=47904.33 OpenPos=1 UTC=2026.03.03 13:37 DayOfWeek=2 WeekendCloseActive=NO NewTradeBlocked=NO | 70700.000000
MG	0	06:38:57.489	Cazyxio_v4.0 (EURUSD,M15)	2026.03.03 13:38:57 | HEARTBEAT | SYSTEM | EA alive. Tick=70800 Equity=47924.52 OpenPos=1 UTC=2026.03.03 13:38 DayOfWeek=2 WeekendCloseActive=NO NewTradeBlocked=NO | 70800.000000
JK	0	06:39:42.464	Cazyxio_v4.0 (EURUSD,M15)	2026.03.03 13:39:42 | HEARTBEAT | SYSTEM | EA alive. Tick=70900 Equity=47863.93 OpenPos=1 UTC=2026.03.03 13:39 DayOfWeek=2 WeekendCloseActive=NO NewTradeBlocked=NO | 70900.000000
EO	0	06:40:26.746	Cazyxio_v4.0 (EURUSD,M15)	2026.03.03 13:40:26 | HEARTBEAT | SYSTEM | EA alive. Tick=71000 Equity=47850.46 OpenPos=1 UTC=2026.03.03 13:40 DayOfWeek=2 WeekendCloseActive=NO NewTradeBlocked=NO | 71000.000000
RS	0	06:41:25.851	Cazyxio_v4.0 (EURUSD,M15)	2026.03.03 13:41:25 | HEARTBEAT | SYSTEM | EA alive. Tick=71100 Equity=47843.72 OpenPos=1 UTC=2026.03.03 13:41 DayOfWeek=2 WeekendCloseActive=NO NewTradeBlocked=NO | 71100.000000
CG	0	06:42:21.438	Cazyxio_v4.0 (EURUSD,M15)	2026.03.03 13:42:21 | HEARTBEAT | SYSTEM | EA alive. Tick=71200 Equity=47854.95 OpenPos=1 UTC=2026.03.03 13:42 DayOfWeek=2 WeekendCloseActive=NO NewTradeBlocked=NO | 71200.000000
OK	0	06:43:13.565	Cazyxio_v4.0 (EURUSD,M15)	2026.03.03 13:43:13 | HEARTBEAT | SYSTEM | EA alive. Tick=71300 Equity=47891.98 OpenPos=1 UTC=2026.03.03 13:43 DayOfWeek=2 WeekendCloseActive=NO NewTradeBlocked=NO | 71300.000000
RO	0	06:44:14.861	Cazyxio_v4.0 (EURUSD,M15)	2026.03.03 13:44:14 | HEARTBEAT | SYSTEM | EA alive. Tick=71400 Equity=47922.27 OpenPos=1 UTC=2026.03.03 13:44 DayOfWeek=2 WeekendCloseActive=NO NewTradeBlocked=NO | 71400.000000
DN	0	06:45:01.617	Cazyxio_v4.0 (EURUSD,M15)	2026.03.03 13:45:01 | BAR | GBPUSD | close=1.33012 h4ema200=1.35264 h4slope=DOWN ema50=1.33327 atr=0.001556 atrSma=0.001260 atrRatio=1.235 dir=SHORT spread=23.0 spreadOK=YES atrGate=PASS touch=PASS momCandle=momClosePos=0.500 momOk=N ema50Ok=Y barRange=0.000000 trigger=NO hasPos=NO portRisk=0.50% openPos=1 | 1.330120
JI	0	06:45:01.617	Cazyxio_v4.0 (EURUSD,M15)	2026.03.03 13:45:01 | GATE_FAIL | GBPUSD | Momentum candle FAIL. dir=SHORT close=1.33012 ema50=1.33327 momClosePos=0.500 momOk=N ema50Ok=Y barRange=0.000000. Close not in 35% zone.
ED	0	06:45:01.617	Cazyxio_v4.0 (EURUSD,M15)	2026.03.03 13:45:01 | BAR | EURUSD | close=1.15986 h4ema200=1.17878 h4slope=DOWN ema50=1.16341 atr=0.001077 atrSma=0.000932 atrRatio=1.155 dir=SHORT spread=15.0 spreadOK=YES atrGate=PASS touch=FAIL momCandle=momClosePos=0.500 momOk=N ema50Ok=Y barRange=0.000000 trigger=NO hasPos=NO portRisk=0.50% openPos=1 | 1.159860
ND	0	06:45:01.617	Cazyxio_v4.0 (EURUSD,M15)	2026.03.03 13:45:01 | GATE_FAIL | EURUSD | Touch/pullback gate FAIL. Price has not approached EMA50 within last 12 bars (within 1.00 ATR). v4.0 tolerance=1.00x (widened from 0.40x).
FR	0	06:45:01.617	Cazyxio_v4.0 (EURUSD,M15)	2026.03.03 13:45:01 | BAR | USDCAD | close=1.37015 h4ema200=1.36886 h4slope=DOWN ema50=1.36880 atr=0.001034 atrSma=0.000860 atrRatio=1.202 dir=NONE spread=25.0 spreadOK=YES atrGate=PASS touch=FAIL momCandle= trigger=NO hasPos=NO portRisk=0.50% openPos=1 | 1.370150
OH	0	06:45:01.617	Cazyxio_v4.0 (EURUSD,M15)	2026.03.03 13:45:01 | GATE_FAIL | USDCAD | No directional bias. h4slope=DOWN closeNow=1.37015 h4ema200=1.36886. Need H4 slope + price on correct side of H4 EMA200.
JL	0	06:45:01.869	Cazyxio_v4.0 (EURUSD,M15)	2026.03.03 13:45:01 | BAR | AUDUSD | close=0.70080 h4ema200=0.69849 h4slope=UP ema50=0.70537 atr=0.001270 atrSma=0.001013 atrRatio=1.253 dir=LONG spread=19.0 spreadOK=YES atrGate=PASS touch=FAIL momCandle=momClosePos=0.500 momOk=N ema50Ok=Y barRange=0.000000 trigger=NO hasPos=NO portRisk=0.50% openPos=1 | 0.700800
GN	0	06:45:01.869	Cazyxio_v4.0 (EURUSD,M15)	2026.03.03 13:45:01 | GATE_FAIL | AUDUSD | Touch/pullback gate FAIL. Price has not approached EMA50 within last 12 bars (within 1.00 ATR). v4.0 tolerance=1.00x (widened from 0.40x).
HD	0	06:45:01.869	Cazyxio_v4.0 (EURUSD,M15)	2026.03.03 13:45:01 | BAR | GBPJPY | close=209.813 h4ema200=210.396 h4slope=DOWN ema50=210.073 atr=0.218214 atrSma=0.180770 atrRatio=1.207 dir=SHORT spread=47.0 spreadOK=NO atrGate=PASS touch=PASS momCandle=momClosePos=0.500 momOk=N ema50Ok=Y barRange=0.000000 trigger=NO hasPos=NO portRisk=0.50% openPos=1 | 209.813000
CD	0	06:45:01.869	Cazyxio_v4.0 (EURUSD,M15)	2026.03.03 13:45:01 | GATE_FAIL | GBPJPY | Spread too wide. Spread=47.0 Max=30 points.
NK	0	06:45:02.117	Cazyxio_v4.0 (EURUSD,M15)	2026.03.03 13:45:02 | BAR | USDJPY | close=157.736 h4ema200=155.537 h4slope=UP ema50=157.559 atr=0.129786 atrSma=0.121723 atrRatio=1.066 dir=LONG spread=17.0 spreadOK=YES atrGate=PASS touch=PASS momCandle=momClosePos=0.500 momOk=N ema50Ok=Y barRange=0.000000 trigger=NO hasPos=YES portRisk=0.50% openPos=1 | 157.736000
DF	0	06:45:02.117	Cazyxio_v4.0 (EURUSD,M15)	2026.03.03 13:45:02 | TRAIL_SKIP | USDJPY | Trail not yet active. ProfitDist=0.040 ActivateAt=0.321 (1.5R). ticket=4343339
HR	0	06:45:11.007	Cazyxio_v4.0 (EURUSD,M15)	2026.03.03 13:45:11 | HEARTBEAT | SYSTEM | EA alive. Tick=71500 Equity=47891.98 OpenPos=1 UTC=2026.03.03 13:45 DayOfWeek=2 WeekendCloseActive=NO NewTradeBlocked=NO | 71500.000000
HF	0	06:46:22.647	Cazyxio_v4.0 (EURUSD,M15)	2026.03.03 13:46:22 | HEARTBEAT | SYSTEM | EA alive. Tick=71600 Equity=47878.52 OpenPos=1 UTC=2026.03.03 13:46 DayOfWeek=2 WeekendCloseActive=NO NewTradeBlocked=NO | 71600.000000
JJ	0	06:47:19.314	Cazyxio_v4.0 (EURUSD,M15)	2026.03.03 13:47:19 | HEARTBEAT | SYSTEM | EA alive. Tick=71700 Equity=47878.52 OpenPos=1 UTC=2026.03.03 13:47 DayOfWeek=2 WeekendCloseActive=NO NewTradeBlocked=NO | 71700.000000
LN	0	06:48:19.413	Cazyxio_v4.0 (EURUSD,M15)	2026.03.03 13:48:19 | HEARTBEAT | SYSTEM | EA alive. Tick=71800 Equity=47917.79 OpenPos=1 UTC=2026.03.03 13:48 DayOfWeek=2 WeekendCloseActive=NO NewTradeBlocked=NO | 71800.000000
MR	0	06:49:21.172	Cazyxio_v4.0 (EURUSD,M15)	2026.03.03 13:49:21 | HEARTBEAT | SYSTEM | EA alive. Tick=71900 Equity=47880.76 OpenPos=1 UTC=2026.03.03 13:49 DayOfWeek=2 WeekendCloseActive=NO NewTradeBlocked=NO | 71900.000000
EF	0	06:50:13.494	Cazyxio_v4.0 (EURUSD,M15)	2026.03.03 13:50:13 | HEARTBEAT | SYSTEM | EA alive. Tick=72000 Equity=47877.40 OpenPos=1 UTC=2026.03.03 13:50 DayOfWeek=2 WeekendCloseActive=NO NewTradeBlocked=NO | 72000.000000
GJ	0	06:51:06.120	Cazyxio_v4.0 (EURUSD,M15)	2026.03.03 13:51:06 | HEARTBEAT | SYSTEM | EA alive. Tick=72100 Equity=47907.69 OpenPos=1 UTC=2026.03.03 13:51 DayOfWeek=2 WeekendCloseActive=NO NewTradeBlocked=NO | 72100.000000
NN	0	06:51:49.593	Cazyxio_v4.0 (EURUSD,M15)	2026.03.03 13:51:49 | HEARTBEAT | SYSTEM | EA alive. Tick=72200 Equity=47945.82 OpenPos=1 UTC=2026.03.03 13:51 DayOfWeek=2 WeekendCloseActive=NO NewTradeBlocked=NO | 72200.000000
OR	0	06:52:39.569	Cazyxio_v4.0 (EURUSD,M15)	2026.03.03 13:52:39 | HEARTBEAT | SYSTEM | EA alive. Tick=72300 Equity=47958.16 OpenPos=1 UTC=2026.03.03 13:52 DayOfWeek=2 WeekendCloseActive=NO NewTradeBlocked=NO | 72300.000000
RF	0	06:53:20.983	Cazyxio_v4.0 (EURUSD,M15)	2026.03.03 13:53:20 | HEARTBEAT | SYSTEM | EA alive. Tick=72400 Equity=47961.52 OpenPos=1 UTC=2026.03.03 13:53 DayOfWeek=2 WeekendCloseActive=NO NewTradeBlocked=NO | 72400.000000
LJ	0	06:54:11.562	Cazyxio_v4.0 (EURUSD,M15)	2026.03.03 13:54:11 | HEARTBEAT | SYSTEM | EA alive. Tick=72500 Equity=47964.88 OpenPos=1 UTC=2026.03.03 13:54 DayOfWeek=2 WeekendCloseActive=NO NewTradeBlocked=NO | 72500.000000
LN	0	06:55:04.364	Cazyxio_v4.0 (EURUSD,M15)	2026.03.03 13:55:04 | HEARTBEAT | SYSTEM | EA alive. Tick=72600 Equity=47967.13 OpenPos=1 UTC=2026.03.03 13:55 DayOfWeek=2 WeekendCloseActive=NO NewTradeBlocked=NO | 72600.000000
NR	0	06:55:50.304	Cazyxio_v4.0 (EURUSD,M15)	2026.03.03 13:55:50 | HEARTBEAT | SYSTEM | EA alive. Tick=72700 Equity=47950.31 OpenPos=1 UTC=2026.03.03 13:55 DayOfWeek=2 WeekendCloseActive=NO NewTradeBlocked=NO | 72700.000000
NF	0	06:56:47.119	Cazyxio_v4.0 (EURUSD,M15)	2026.03.03 13:56:47 | HEARTBEAT | SYSTEM | EA alive. Tick=72800 Equity=47970.49 OpenPos=1 UTC=2026.03.03 13:56 DayOfWeek=2 WeekendCloseActive=NO NewTradeBlocked=NO | 72800.000000
NJ	0	06:57:31.596	Cazyxio_v4.0 (EURUSD,M15)	2026.03.03 13:57:31 | HEARTBEAT | SYSTEM | EA alive. Tick=72900 Equity=47978.34 OpenPos=1 UTC=2026.03.03 13:57 DayOfWeek=2 WeekendCloseActive=NO NewTradeBlocked=NO | 72900.000000
QN	0	06:58:30.800	Cazyxio_v4.0 (EURUSD,M15)	2026.03.03 13:58:30 | HEARTBEAT | SYSTEM | EA alive. Tick=73000 Equity=47989.54 OpenPos=1 UTC=2026.03.03 13:58 DayOfWeek=2 WeekendCloseActive=NO NewTradeBlocked=NO | 73000.000000
HR	0	06:59:24.479	Cazyxio_v4.0 (EURUSD,M15)	2026.03.03 13:59:24 | HEARTBEAT | SYSTEM | EA alive. Tick=73100 Equity=47978.34 OpenPos=1 UTC=2026.03.03 13:59 DayOfWeek=2 WeekendCloseActive=NO NewTradeBlocked=NO | 73100.000000
HK	0	07:00:01.615	Cazyxio_v4.0 (EURUSD,M15)	2026.03.03 14:00:01 | BAR | GBPUSD | close=1.33001 h4ema200=1.35242 h4slope=DOWN ema50=1.33314 atr=0.001526 atrSma=0.001263 atrRatio=1.208 dir=SHORT spread=23.0 spreadOK=YES atrGate=PASS touch=PASS momCandle=momClosePos=0.500 momOk=N ema50Ok=Y barRange=0.000000 trigger=NO hasPos=NO portRisk=0.50% openPos=1 | 1.330010
RG	0	07:00:01.615	Cazyxio_v4.0 (EURUSD,M15)	2026.03.03 14:00:01 | GATE_FAIL | GBPUSD | Momentum candle FAIL. dir=SHORT close=1.33001 ema50=1.33314 momClosePos=0.500 momOk=N ema50Ok=Y barRange=0.000000. Close not in 35% zone.
HQ	0	07:00:01.615	Cazyxio_v4.0 (EURUSD,M15)	2026.03.03 14:00:01 | BAR | EURUSD | close=1.15898 h4ema200=1.17857 h4slope=DOWN ema50=1.16320 atr=0.001069 atrSma=0.000935 atrRatio=1.143 dir=SHORT spread=15.0 spreadOK=YES atrGate=PASS touch=FAIL momCandle=momClosePos=0.500 momOk=N ema50Ok=Y barRange=0.000000 trigger=NO hasPos=NO portRisk=0.50% openPos=1 | 1.158980
LO	0	07:00:01.615	Cazyxio_v4.0 (EURUSD,M15)	2026.03.03 14:00:01 | GATE_FAIL | EURUSD | Touch/pullback gate FAIL. Price has not approached EMA50 within last 12 bars (within 1.00 ATR). v4.0 tolerance=1.00x (widened from 0.40x).
GE	0	07:00:01.615	Cazyxio_v4.0 (EURUSD,M15)	2026.03.03 14:00:01 | BAR | AUDUSD | close=0.70107 h4ema200=0.69852 h4slope=UP ema50=0.70521 atr=0.001211 atrSma=0.001018 atrRatio=1.190 dir=LONG spread=18.0 spreadOK=YES atrGate=PASS touch=FAIL momCandle=momClosePos=0.500 momOk=N ema50Ok=Y barRange=0.000000 trigger=NO hasPos=NO portRisk=0.50% openPos=1 | 0.701070
FH	0	07:00:01.615	Cazyxio_v4.0 (EURUSD,M15)	2026.03.03 14:00:01 | GATE_FAIL | AUDUSD | Touch/pullback gate FAIL. Price has not approached EMA50 within last 12 bars (within 1.00 ATR). v4.0 tolerance=1.00x (widened from 0.40x).
MJ	0	07:00:01.615	Cazyxio_v4.0 (EURUSD,M15)	2026.03.03 14:00:01 | BAR | GBPJPY | close=209.874 h4ema200=210.392 h4slope=DOWN ema50=210.068 atr=0.214643 atrSma=0.181096 atrRatio=1.185 dir=SHORT spread=44.0 spreadOK=NO atrGate=PASS touch=PASS momCandle=momClosePos=0.500 momOk=N ema50Ok=Y barRange=0.000000 trigger=NO hasPos=NO portRisk=0.50% openPos=1 | 209.874000
GN	0	07:00:01.615	Cazyxio_v4.0 (EURUSD,M15)	2026.03.03 14:00:01 | GATE_FAIL | GBPJPY | Spread too wide. Spread=44.0 Max=30 points.
OQ	0	07:00:01.861	Cazyxio_v4.0 (EURUSD,M15)	2026.03.03 14:00:01 | BAR | USDJPY | close=157.796 h4ema200=155.560 h4slope=UP ema50=157.571 atr=0.130357 atrSma=0.121915 atrRatio=1.069 dir=LONG spread=16.0 spreadOK=YES atrGate=PASS touch=PASS momCandle=momClosePos=0.500 momOk=N ema50Ok=Y barRange=0.000000 trigger=NO hasPos=YES portRisk=0.50% openPos=1 | 157.796000
QP	0	07:00:01.861	Cazyxio_v4.0 (EURUSD,M15)	2026.03.03 14:00:01 | TRAIL_SKIP | USDJPY | Trail not yet active. ProfitDist=0.100 ActivateAt=0.321 (1.5R). ticket=4343339
DE	0	07:00:01.861	Cazyxio_v4.0 (EURUSD,M15)	2026.03.03 14:00:01 | BAR | USDCAD | close=1.37072 h4ema200=1.36889 h4slope=DOWN ema50=1.36890 atr=0.001044 atrSma=0.000863 atrRatio=1.210 dir=NONE spread=23.0 spreadOK=YES atrGate=PASS touch=FAIL momCandle= trigger=NO hasPos=NO portRisk=0.50% openPos=1 | 1.370720
JL	0	07:00:01.861	Cazyxio_v4.0 (EURUSD,M15)	2026.03.03 14:00:01 | GATE_FAIL | USDCAD | No directional bias. h4slope=DOWN closeNow=1.37072 h4ema200=1.36889. Need H4 slope + price on correct side of H4 EMA200.
KH	0	07:00:06.100	Cazyxio_v4.0 (EURUSD,M15)	2026.03.03 14:00:06 | HEARTBEAT | SYSTEM | EA alive. Tick=73200 Equity=47968.25 OpenPos=1 UTC=2026.03.03 14:00 DayOfWeek=2 WeekendCloseActive=NO NewTradeBlocked=NO | 73200.000000
EL	0	07:00:41.517	Cazyxio_v4.0 (EURUSD,M15)	2026.03.03 14:00:41 | HEARTBEAT | SYSTEM | EA alive. Tick=73300 Equity=47924.52 OpenPos=1 UTC=2026.03.03 14:00 DayOfWeek=2 WeekendCloseActive=NO NewTradeBlocked=NO | 73300.000000
DP	0	07:01:31.027	Cazyxio_v4.0 (EURUSD,M15)	2026.03.03 14:01:31 | HEARTBEAT | SYSTEM | EA alive. Tick=73400 Equity=47932.37 OpenPos=1 UTC=2026.03.03 14:01 DayOfWeek=2 WeekendCloseActive=NO NewTradeBlocked=NO | 73400.000000
RD	0	07:02:14.911	Cazyxio_v4.0 (EURUSD,M15)	2026.03.03 14:02:14 | HEARTBEAT | SYSTEM | EA alive. Tick=73500 Equity=47942.46 OpenPos=1 UTC=2026.03.03 14:02 DayOfWeek=2 WeekendCloseActive=NO NewTradeBlocked=NO | 73500.000000
GH	0	07:03:04.026	Cazyxio_v4.0 (EURUSD,M15)	2026.03.03 14:03:04 | HEARTBEAT | SYSTEM | EA alive. Tick=73600 Equity=47909.93 OpenPos=1 UTC=2026.03.03 14:03 DayOfWeek=2 WeekendCloseActive=NO NewTradeBlocked=NO | 73600.000000
NL	0	07:03:43.924	Cazyxio_v4.0 (EURUSD,M15)	2026.03.03 14:03:43 | HEARTBEAT | SYSTEM | EA alive. Tick=73700 Equity=47921.15 OpenPos=1 UTC=2026.03.03 14:03 DayOfWeek=2 WeekendCloseActive=NO NewTradeBlocked=NO | 73700.000000
KP	0	07:04:25.262	Cazyxio_v4.0 (EURUSD,M15)	2026.03.03 14:04:25 | HEARTBEAT | SYSTEM | EA alive. Tick=73800 Equity=47958.16 OpenPos=1 UTC=2026.03.03 14:04 DayOfWeek=2 WeekendCloseActive=NO NewTradeBlocked=NO | 73800.000000
GD	0	07:05:09.822	Cazyxio_v4.0 (EURUSD,M15)	2026.03.03 14:05:09 | HEARTBEAT | SYSTEM | EA alive. Tick=73900 Equity=47973.85 OpenPos=1 UTC=2026.03.03 14:05 DayOfWeek=2 WeekendCloseActive=NO NewTradeBlocked=NO | 73900.000000
EH	0	07:06:11.142	Cazyxio_v4.0 (EURUSD,M15)	2026.03.03 14:06:11 | HEARTBEAT | SYSTEM | EA alive. Tick=74000 Equity=47977.21 OpenPos=1 UTC=2026.03.03 14:06 DayOfWeek=2 WeekendCloseActive=NO NewTradeBlocked=NO | 74000.000000
OL	0	07:07:03.932	Cazyxio_v4.0 (EURUSD,M15)	2026.03.03 14:07:03 | HEARTBEAT | SYSTEM | EA alive. Tick=74100 Equity=48017.56 OpenPos=1 UTC=2026.03.03 14:07 DayOfWeek=2 WeekendCloseActive=NO NewTradeBlocked=NO | 74100.000000
HP	0	07:07:57.710	Cazyxio_v4.0 (EURUSD,M15)	2026.03.03 14:07:57 | HEARTBEAT | SYSTEM | EA alive. Tick=74200 Equity=48032.12 OpenPos=1 UTC=2026.03.03 14:07 DayOfWeek=2 WeekendCloseActive=NO NewTradeBlocked=NO | 74200.000000
DD	0	07:08:50.926	Cazyxio_v4.0 (EURUSD,M15)	2026.03.03 14:08:50 | HEARTBEAT | SYSTEM | EA alive. Tick=74300 Equity=48032.12 OpenPos=1 UTC=2026.03.03 14:08 DayOfWeek=2 WeekendCloseActive=NO NewTradeBlocked=NO | 74300.000000
CH	0	07:09:44.847	Cazyxio_v4.0 (EURUSD,M15)	2026.03.03 14:09:44 | HEARTBEAT | SYSTEM | EA alive. Tick=74400 Equity=48064.60 OpenPos=1 UTC=2026.03.03 14:09 DayOfWeek=2 WeekendCloseActive=NO NewTradeBlocked=NO | 74400.000000
JL	0	07:10:33.647	Cazyxio_v4.0 (EURUSD,M15)	2026.03.03 14:10:33 | HEARTBEAT | SYSTEM | EA alive. Tick=74500 Equity=48060.12 OpenPos=1 UTC=2026.03.03 14:10 DayOfWeek=2 WeekendCloseActive=NO NewTradeBlocked=NO | 74500.000000
LP	0	07:11:33.899	Cazyxio_v4.0 (EURUSD,M15)	2026.03.03 14:11:33 | HEARTBEAT | SYSTEM | EA alive. Tick=74600 Equity=48069.08 OpenPos=1 UTC=2026.03.03 14:11 DayOfWeek=2 WeekendCloseActive=NO NewTradeBlocked=NO | 74600.000000
FD	0	07:12:27.427	Cazyxio_v4.0 (EURUSD,M15)	2026.03.03 14:12:27 | HEARTBEAT | SYSTEM | EA alive. Tick=74700 Equity=48073.56 OpenPos=1 UTC=2026.03.03 14:12 DayOfWeek=2 WeekendCloseActive=NO NewTradeBlocked=NO | 74700.000000
MH	0	07:13:02.887	Cazyxio_v4.0 (EURUSD,M15)	2026.03.03 14:13:02 | HEARTBEAT | SYSTEM | EA alive. Tick=74800 Equity=48098.19 OpenPos=1 UTC=2026.03.03 14:13 DayOfWeek=2 WeekendCloseActive=NO NewTradeBlocked=NO | 74800.000000
GL	0	07:13:42.875	Cazyxio_v4.0 (EURUSD,M15)	2026.03.03 14:13:42 | HEARTBEAT | SYSTEM | EA alive. Tick=74900 Equity=48075.80 OpenPos=1 UTC=2026.03.03 14:13 DayOfWeek=2 WeekendCloseActive=NO NewTradeBlocked=NO | 74900.000000
NP	0	07:14:19.885	Cazyxio_v4.0 (EURUSD,M15)	2026.03.03 14:14:19 | HEARTBEAT | SYSTEM | EA alive. Tick=75000 Equity=48085.88 OpenPos=1 UTC=2026.03.03 14:14 DayOfWeek=2 WeekendCloseActive=NO NewTradeBlocked=NO | 75000.000000
HI	0	07:15:01.912	Cazyxio_v4.0 (EURUSD,M15)	2026.03.03 14:15:01 | BAR | GBPUSD | close=1.32994 h4ema200=1.35242 h4slope=DOWN ema50=1.33301 atr=0.001476 atrSma=0.001264 atrRatio=1.168 dir=SHORT spread=23.0 spreadOK=YES atrGate=PASS touch=PASS momCandle=momClosePos=0.500 momOk=N ema50Ok=Y barRange=0.000000 trigger=NO hasPos=NO portRisk=0.50% openPos=1 | 1.329940
PJ	0	07:15:01.912	Cazyxio_v4.0 (EURUSD,M15)	2026.03.03 14:15:01 | GATE_FAIL | GBPUSD | Momentum candle FAIL. dir=SHORT close=1.32994 ema50=1.33301 momClosePos=0.500 momOk=N ema50Ok=Y barRange=0.000000. Close not in 35% zone.
EG	0	07:15:01.912	Cazyxio_v4.0 (EURUSD,M15)	2026.03.03 14:15:01 | BAR | EURUSD | close=1.15841 h4ema200=1.17857 h4slope=DOWN ema50=1.16300 atr=0.001081 atrSma=0.000937 atrRatio=1.153 dir=SHORT spread=17.0 spreadOK=YES atrGate=PASS touch=FAIL momCandle=momClosePos=0.500 momOk=N ema50Ok=Y barRange=0.000000 trigger=NO hasPos=NO portRisk=0.50% openPos=1 | 1.158410
NR	0	07:15:01.912	Cazyxio_v4.0 (EURUSD,M15)	2026.03.03 14:15:01 | GATE_FAIL | EURUSD | Touch/pullback gate FAIL. Price has not approached EMA50 within last 12 bars (within 1.00 ATR). v4.0 tolerance=1.00x (widened from 0.40x).
HQ	0	07:15:01.912	Cazyxio_v4.0 (EURUSD,M15)	2026.03.03 14:15:01 | BAR | USDJPY | close=157.893 h4ema200=155.561 h4slope=UP ema50=157.587 atr=0.133357 atrSma=0.122231 atrRatio=1.091 dir=LONG spread=17.0 spreadOK=YES atrGate=PASS touch=PASS momCandle=momClosePos=1.000 momOk=Y ema50Ok=Y barRange=0.002000 trigger=YES hasPos=YES portRisk=0.50% openPos=1 | 157.893000
JM	0	07:15:01.912	Cazyxio_v4.0 (EURUSD,M15)	2026.03.03 14:15:01 | TRAIL_SKIP | USDJPY | Trail not yet active. ProfitDist=0.197 ActivateAt=0.321 (1.5R). ticket=4343339
CO	0	07:15:01.912	Cazyxio_v4.0 (EURUSD,M15)	2026.03.03 14:15:01 | BAR | AUDUSD | close=0.70038 h4ema200=0.69851 h4slope=UP ema50=0.70500 atr=0.001195 atrSma=0.001021 atrRatio=1.170 dir=LONG spread=20.0 spreadOK=YES atrGate=PASS touch=FAIL momCandle=momClosePos=0.500 momOk=N ema50Ok=Y barRange=0.000000 trigger=NO hasPos=NO portRisk=0.50% openPos=1 | 0.700380
RO	0	07:15:01.912	Cazyxio_v4.0 (EURUSD,M15)	2026.03.03 14:15:01 | GATE_FAIL | AUDUSD | Touch/pullback gate FAIL. Price has not approached EMA50 within last 12 bars (within 1.00 ATR). v4.0 tolerance=1.00x (widened from 0.40x).
OE	0	07:15:01.912	Cazyxio_v4.0 (EURUSD,M15)	2026.03.03 14:15:01 | BAR | GBPJPY | close=209.992 h4ema200=210.393 h4slope=DOWN ema50=210.069 atr=0.213143 atrSma=0.181489 atrRatio=1.174 dir=SHORT spread=45.0 spreadOK=NO atrGate=PASS touch=PASS momCandle=momClosePos=1.000 momOk=N ema50Ok=Y barRange=0.003000 trigger=NO hasPos=NO portRisk=0.50% openPos=1 | 209.992000
LE	0	07:15:01.912	Cazyxio_v4.0 (EURUSD,M15)	2026.03.03 14:15:01 | GATE_FAIL | GBPJPY | Spread too wide. Spread=45.0 Max=30 points.
RK	0	07:15:01.912	Cazyxio_v4.0 (EURUSD,M15)	2026.03.03 14:15:01 | BAR | USDCAD | close=1.37070 h4ema200=1.36889 h4slope=DOWN ema50=1.36897 atr=0.001004 atrSma=0.000865 atrRatio=1.161 dir=NONE spread=24.0 spreadOK=YES atrGate=PASS touch=FAIL momCandle= trigger=NO hasPos=NO portRisk=0.50% openPos=1 | 1.370700
GO	0	07:15:01.912	Cazyxio_v4.0 (EURUSD,M15)	2026.03.03 14:15:01 | GATE_FAIL | USDCAD | No directional bias. h4slope=DOWN closeNow=1.37070 h4ema200=1.36889. Need H4 slope + price on correct side of H4 EMA200.
HG	0	07:15:12.790	Cazyxio_v4.0 (EURUSD,M15)	2026.03.03 14:15:12 | HEARTBEAT | SYSTEM | EA alive. Tick=75100 Equity=48085.88 OpenPos=1 UTC=2026.03.03 14:15 DayOfWeek=2 WeekendCloseActive=NO NewTradeBlocked=NO | 75100.000000
KK	0	07:16:00.616	Cazyxio_v4.0 (EURUSD,M15)	2026.03.03 14:16:00 | HEARTBEAT | SYSTEM | EA alive. Tick=75200 Equity=48108.27 OpenPos=1 UTC=2026.03.03 14:16 DayOfWeek=2 WeekendCloseActive=NO NewTradeBlocked=NO | 75200.000000
FO	0	07:16:49.595	Cazyxio_v4.0 (EURUSD,M15)	2026.03.03 14:16:49 | HEARTBEAT | SYSTEM | EA alive. Tick=75300 Equity=48127.29 OpenPos=1 UTC=2026.03.03 14:16 DayOfWeek=2 WeekendCloseActive=NO NewTradeBlocked=NO | 75300.000000
KS	0	07:17:30.168	Cazyxio_v4.0 (EURUSD,M15)	2026.03.03 14:17:30 | HEARTBEAT | SYSTEM | EA alive. Tick=75400 Equity=48126.17 OpenPos=1 UTC=2026.03.03 14:17 DayOfWeek=2 WeekendCloseActive=NO NewTradeBlocked=NO | 75400.000000
CG	0	07:18:12.591	Cazyxio_v4.0 (EURUSD,M15)	2026.03.03 14:18:12 | HEARTBEAT | SYSTEM | EA alive. Tick=75500 Equity=48094.83 OpenPos=1 UTC=2026.03.03 14:18 DayOfWeek=2 WeekendCloseActive=NO NewTradeBlocked=NO | 75500.000000
LK	0	07:19:03.158	Cazyxio_v4.0 (EURUSD,M15)	2026.03.03 14:19:03 | HEARTBEAT | SYSTEM | EA alive. Tick=75600 Equity=48087.00 OpenPos=1 UTC=2026.03.03 14:19 DayOfWeek=2 WeekendCloseActive=NO NewTradeBlocked=NO | 75600.000000
QO	0	07:19:42.898	Cazyxio_v4.0 (EURUSD,M15)	2026.03.03 14:19:42 | HEARTBEAT | SYSTEM | EA alive. Tick=75700 Equity=48074.68 OpenPos=1 UTC=2026.03.03 14:19 DayOfWeek=2 WeekendCloseActive=NO NewTradeBlocked=NO | 75700.000000
NS	0	07:20:21.090	Cazyxio_v4.0 (EURUSD,M15)	2026.03.03 14:20:21 | HEARTBEAT | SYSTEM | EA alive. Tick=75800 Equity=48045.56 OpenPos=1 UTC=2026.03.03 14:20 DayOfWeek=2 WeekendCloseActive=NO NewTradeBlocked=NO | 75800.000000
JG	0	07:21:04.613	Cazyxio_v4.0 (EURUSD,M15)	2026.03.03 14:21:04 | HEARTBEAT | SYSTEM | EA alive. Tick=75900 Equity=48034.36 OpenPos=1 UTC=2026.03.03 14:21 DayOfWeek=2 WeekendCloseActive=NO NewTradeBlocked=NO | 75900.000000
NK	0	07:21:52.899	Cazyxio_v4.0 (EURUSD,M15)	2026.03.03 14:21:52 | HEARTBEAT | SYSTEM | EA alive. Tick=76000 Equity=48032.12 OpenPos=1 UTC=2026.03.03 14:21 DayOfWeek=2 WeekendCloseActive=NO NewTradeBlocked=NO | 76000.000000
FO	0	07:22:49.157	Cazyxio_v4.0 (EURUSD,M15)	2026.03.03 14:22:49 | HEARTBEAT | SYSTEM | EA alive. Tick=76100 Equity=48057.88 OpenPos=1 UTC=2026.03.03 14:22 DayOfWeek=2 WeekendCloseActive=NO NewTradeBlocked=NO | 76100.000000
ES	0	07:23:40.261	Cazyxio_v4.0 (EURUSD,M15)	2026.03.03 14:23:40 | HEARTBEAT | SYSTEM | EA alive. Tick=76200 Equity=48005.23 OpenPos=1 UTC=2026.03.03 14:23 DayOfWeek=2 WeekendCloseActive=NO NewTradeBlocked=NO | 76200.000000
LG	0	07:24:39.426	Cazyxio_v4.0 (EURUSD,M15)	2026.03.03 14:24:39 | HEARTBEAT | SYSTEM | EA alive. Tick=76300 Equity=48084.76 OpenPos=1 UTC=2026.03.03 14:24 DayOfWeek=2 WeekendCloseActive=NO NewTradeBlocked=NO | 76300.000000
EK	0	07:25:15.765	Cazyxio_v4.0 (EURUSD,M15)	2026.03.03 14:25:15 | HEARTBEAT | SYSTEM | EA alive. Tick=76400 Equity=48088.12 OpenPos=1 UTC=2026.03.03 14:25 DayOfWeek=2 WeekendCloseActive=NO NewTradeBlocked=NO | 76400.000000
RO	0	07:25:50.017	Cazyxio_v4.0 (EURUSD,M15)	2026.03.03 14:25:50 | HEARTBEAT | SYSTEM | EA alive. Tick=76500 Equity=48129.53 OpenPos=1 UTC=2026.03.03 14:25 DayOfWeek=2 WeekendCloseActive=NO NewTradeBlocked=NO | 76500.000000
PS	0	07:26:20.993	Cazyxio_v4.0 (EURUSD,M15)	2026.03.03 14:26:20 | HEARTBEAT | SYSTEM | EA alive. Tick=76600 Equity=48122.81 OpenPos=1 UTC=2026.03.03 14:26 DayOfWeek=2 WeekendCloseActive=NO NewTradeBlocked=NO | 76600.000000
DG	0	07:26:52.575	Cazyxio_v4.0 (EURUSD,M15)	2026.03.03 14:26:52 | HEARTBEAT | SYSTEM | EA alive. Tick=76700 Equity=48101.55 OpenPos=1 UTC=2026.03.03 14:26 DayOfWeek=2 WeekendCloseActive=NO NewTradeBlocked=NO | 76700.000000
FK	0	07:27:27.844	Cazyxio_v4.0 (EURUSD,M15)	2026.03.03 14:27:27 | HEARTBEAT | SYSTEM | EA alive. Tick=76800 Equity=48103.79 OpenPos=1 UTC=2026.03.03 14:27 DayOfWeek=2 WeekendCloseActive=NO NewTradeBlocked=NO | 76800.000000
PO	0	07:28:07.581	Cazyxio_v4.0 (EURUSD,M15)	2026.03.03 14:28:07 | HEARTBEAT | SYSTEM | EA alive. Tick=76900 Equity=48097.07 OpenPos=1 UTC=2026.03.03 14:28 DayOfWeek=2 WeekendCloseActive=NO NewTradeBlocked=NO | 76900.000000
MS	0	07:28:57.176	Cazyxio_v4.0 (EURUSD,M15)	2026.03.03 14:28:57 | HEARTBEAT | SYSTEM | EA alive. Tick=77000 Equity=48102.67 OpenPos=1 UTC=2026.03.03 14:28 DayOfWeek=2 WeekendCloseActive=NO NewTradeBlocked=NO | 77000.000000
JG	0	07:29:52.705	Cazyxio_v4.0 (EURUSD,M15)	2026.03.03 14:29:52 | HEARTBEAT | SYSTEM | EA alive. Tick=77100 Equity=48103.79 OpenPos=1 UTC=2026.03.03 14:29 DayOfWeek=2 WeekendCloseActive=NO NewTradeBlocked=NO | 77100.000000
OF	0	07:30:02.005	Cazyxio_v4.0 (EURUSD,M15)	2026.03.03 14:30:02 | BAR | GBPUSD | close=1.32990 h4ema200=1.35242 h4slope=DOWN ema50=1.33289 atr=0.001487 atrSma=0.001266 atrRatio=1.174 dir=SHORT spread=21.0 spreadOK=YES atrGate=PASS touch=PASS momCandle=momClosePos=0.500 momOk=N ema50Ok=Y barRange=0.000000 trigger=NO hasPos=NO portRisk=0.50% openPos=1 | 1.329900
CQ	0	07:30:02.006	Cazyxio_v4.0 (EURUSD,M15)	2026.03.03 14:30:02 | GATE_FAIL | GBPUSD | Momentum candle FAIL. dir=SHORT close=1.32990 ema50=1.33289 momClosePos=0.500 momOk=N ema50Ok=Y barRange=0.000000. Close not in 35% zone.
ML	0	07:30:02.006	Cazyxio_v4.0 (EURUSD,M15)	2026.03.03 14:30:02 | BAR | EURUSD | close=1.15742 h4ema200=1.17856 h4slope=DOWN ema50=1.16274 atr=0.001114 atrSma=0.000939 atrRatio=1.186 dir=SHORT spread=17.0 spreadOK=YES atrGate=PASS touch=FAIL momCandle=momClosePos=0.500 momOk=N ema50Ok=Y barRange=0.000000 trigger=NO hasPos=NO portRisk=0.50% openPos=1 | 1.157420
NL	0	07:30:02.006	Cazyxio_v4.0 (EURUSD,M15)	2026.03.03 14:30:02 | GATE_FAIL | EURUSD | Touch/pullback gate FAIL. Price has not approached EMA50 within last 12 bars (within 1.00 ATR). v4.0 tolerance=1.00x (widened from 0.40x).
QF	0	07:30:02.006	Cazyxio_v4.0 (EURUSD,M15)	2026.03.03 14:30:02 | BAR | USDJPY | close=157.909 h4ema200=155.561 h4slope=UP ema50=157.600 atr=0.132429 atrSma=0.122461 atrRatio=1.081 dir=LONG spread=18.0 spreadOK=YES atrGate=PASS touch=PASS momCandle=momClosePos=1.000 momOk=Y ema50Ok=Y barRange=0.007000 trigger=YES hasPos=YES portRisk=0.50% openPos=1 | 157.909000
KG	0	07:30:02.006	Cazyxio_v4.0 (EURUSD,M15)	2026.03.03 14:30:02 | TRAIL_SKIP | USDJPY | Trail not yet active. ProfitDist=0.213 ActivateAt=0.321 (1.5R). ticket=4343339
QE	0	07:30:02.006	Cazyxio_v4.0 (EURUSD,M15)	2026.03.03 14:30:02 | BAR | AUDUSD | close=0.69981 h4ema200=0.69850 h4slope=UP ema50=0.70477 atr=0.001183 atrSma=0.001025 atrRatio=1.154 dir=LONG spread=18.0 spreadOK=YES atrGate=PASS touch=FAIL momCandle=momClosePos=0.500 momOk=N ema50Ok=Y barRange=0.000000 trigger=NO hasPos=NO portRisk=0.50% openPos=1 | 0.699810
JH	0	07:30:02.006	Cazyxio_v4.0 (EURUSD,M15)	2026.03.03 14:30:02 | GATE_FAIL | AUDUSD | Touch/pullback gate FAIL. Price has not approached EMA50 within last 12 bars (within 1.00 ATR). v4.0 tolerance=1.00x (widened from 0.40x).
MG	0	07:30:02.006	Cazyxio_v4.0 (EURUSD,M15)	2026.03.03 14:30:02 | BAR | GBPJPY | close=210.004 h4ema200=210.393 h4slope=DOWN ema50=210.067 atr=0.212286 atrSma=0.181852 atrRatio=1.167 dir=SHORT spread=40.0 spreadOK=NO atrGate=PASS touch=PASS momCandle=momClosePos=0.000 momOk=Y ema50Ok=Y barRange=0.005000 trigger=YES hasPos=NO portRisk=0.50% openPos=1 | 210.004000
IN	0	07:30:02.006	Cazyxio_v4.0 (EURUSD,M15)	2026.03.03 14:30:02 | GATE_FAIL | GBPJPY | Spread too wide. Spread=40.0 Max=30 points.
HP	0	07:30:02.006	Cazyxio_v4.0 (EURUSD,M15)	2026.03.03 14:30:02 | BAR | USDCAD | close=1.37099 h4ema200=1.36889 h4slope=DOWN ema50=1.36906 atr=0.001064 atrSma=0.000867 atrRatio=1.228 dir=NONE spread=27.0 spreadOK=YES atrGate=PASS touch=FAIL momCandle= trigger=NO hasPos=NO portRisk=0.50% openPos=1 | 1.370990
DJ	0	07:30:02.006	Cazyxio_v4.0 (EURUSD,M15)	2026.03.03 14:30:02 | GATE_FAIL | USDCAD | No directional bias. h4slope=DOWN closeNow=1.37099 h4ema200=1.36889. Need H4 slope + price on correct side of H4 EMA200.
EJ	0	07:30:25.444	Cazyxio_v4.0 (EURUSD,M15)	2026.03.03 14:30:25 | HEARTBEAT | SYSTEM | EA alive. Tick=77200 Equity=48060.12 OpenPos=1 UTC=2026.03.03 14:30 DayOfWeek=2 WeekendCloseActive=NO NewTradeBlocked=NO | 77200.000000
GN	0	07:31:02.319	Cazyxio_v4.0 (EURUSD,M15)	2026.03.03 14:31:02 | HEARTBEAT | SYSTEM | EA alive. Tick=77300 Equity=48082.52 OpenPos=1 UTC=2026.03.03 14:31 DayOfWeek=2 WeekendCloseActive=NO NewTradeBlocked=NO | 77300.000000
HR	0	07:31:38.314	Cazyxio_v4.0 (EURUSD,M15)	2026.03.03 14:31:38 | HEARTBEAT | SYSTEM | EA alive. Tick=77400 Equity=48037.72 OpenPos=1 UTC=2026.03.03 14:31 DayOfWeek=2 WeekendCloseActive=NO NewTradeBlocked=NO | 77400.000000
JF	0	07:32:16.631	Cazyxio_v4.0 (EURUSD,M15)	2026.03.03 14:32:16 | HEARTBEAT | SYSTEM | EA alive. Tick=77500 Equity=48031.00 OpenPos=1 UTC=2026.03.03 14:32 DayOfWeek=2 WeekendCloseActive=NO NewTradeBlocked=NO | 77500.000000
JJ	0	07:32:53.150	Cazyxio_v4.0 (EURUSD,M15)	2026.03.03 14:32:53 | HEARTBEAT | SYSTEM | EA alive. Tick=77600 Equity=48034.36 OpenPos=1 UTC=2026.03.03 14:32 DayOfWeek=2 WeekendCloseActive=NO NewTradeBlocked=NO | 77600.000000
DN	0	07:33:37.197	Cazyxio_v4.0 (EURUSD,M15)	2026.03.03 14:33:37 | HEARTBEAT | SYSTEM | EA alive. Tick=77700 Equity=48001.87 OpenPos=1 UTC=2026.03.03 14:33 DayOfWeek=2 WeekendCloseActive=NO NewTradeBlocked=NO | 77700.000000
NR	0	07:34:23.178	Cazyxio_v4.0 (EURUSD,M15)	2026.03.03 14:34:23 | HEARTBEAT | SYSTEM | EA alive. Tick=77800 Equity=48031.00 OpenPos=1 UTC=2026.03.03 14:34 DayOfWeek=2 WeekendCloseActive=NO NewTradeBlocked=NO | 77800.000000
LF	0	07:35:00.953	Cazyxio_v4.0 (EURUSD,M15)	2026.03.03 14:35:00 | HEARTBEAT | SYSTEM | EA alive. Tick=77900 Equity=48019.80 OpenPos=1 UTC=2026.03.03 14:35 DayOfWeek=2 WeekendCloseActive=NO NewTradeBlocked=NO | 77900.000000
MJ	0	07:35:39.821	Cazyxio_v4.0 (EURUSD,M15)	2026.03.03 14:35:39 | HEARTBEAT | SYSTEM | EA alive. Tick=78000 Equity=48018.68 OpenPos=1 UTC=2026.03.03 14:35 DayOfWeek=2 WeekendCloseActive=NO NewTradeBlocked=NO | 78000.000000
KN	0	07:36:15.961	Cazyxio_v4.0 (EURUSD,M15)	2026.03.03 14:36:15 | HEARTBEAT | SYSTEM | EA alive. Tick=78100 Equity=48036.60 OpenPos=1 UTC=2026.03.03 14:36 DayOfWeek=2 WeekendCloseActive=NO NewTradeBlocked=NO | 78100.000000
QR	0	07:36:52.219	Cazyxio_v4.0 (EURUSD,M15)	2026.03.03 14:36:52 | HEARTBEAT | SYSTEM | EA alive. Tick=78200 Equity=48062.36 OpenPos=1 UTC=2026.03.03 14:36 DayOfWeek=2 WeekendCloseActive=NO NewTradeBlocked=NO | 78200.000000
LF	0	07:37:35.945	Cazyxio_v4.0 (EURUSD,M15)	2026.03.03 14:37:35 | HEARTBEAT | SYSTEM | EA alive. Tick=78300 Equity=48072.44 OpenPos=1 UTC=2026.03.03 14:37 DayOfWeek=2 WeekendCloseActive=NO NewTradeBlocked=NO | 78300.000000
CJ	0	07:38:17.242	Cazyxio_v4.0 (EURUSD,M15)	2026.03.03 14:38:17 | HEARTBEAT | SYSTEM | EA alive. Tick=78400 Equity=48087.00 OpenPos=1 UTC=2026.03.03 14:38 DayOfWeek=2 WeekendCloseActive=NO NewTradeBlocked=NO | 78400.000000
JN	0	07:38:57.964	Cazyxio_v4.0 (EURUSD,M15)	2026.03.03 14:38:57 | HEARTBEAT | SYSTEM | EA alive. Tick=78500 Equity=48073.56 OpenPos=1 UTC=2026.03.03 14:38 DayOfWeek=2 WeekendCloseActive=NO NewTradeBlocked=NO | 78500.000000
KR	0	07:39:39.624	Cazyxio_v4.0 (EURUSD,M15)	2026.03.03 14:39:39 | HEARTBEAT | SYSTEM | EA alive. Tick=78600 Equity=48045.56 OpenPos=1 UTC=2026.03.03 14:39 DayOfWeek=2 WeekendCloseActive=NO NewTradeBlocked=NO | 78600.000000
DF	0	07:40:15.011	Cazyxio_v4.0 (EURUSD,M15)	2026.03.03 14:40:15 | HEARTBEAT | SYSTEM | EA alive. Tick=78700 Equity=48060.12 OpenPos=1 UTC=2026.03.03 14:40 DayOfWeek=2 WeekendCloseActive=NO NewTradeBlocked=NO | 78700.000000
HJ	0	07:40:49.891	Cazyxio_v4.0 (EURUSD,M15)	2026.03.03 14:40:49 | HEARTBEAT | SYSTEM | EA alive. Tick=78800 Equity=48061.24 OpenPos=1 UTC=2026.03.03 14:40 DayOfWeek=2 WeekendCloseActive=NO NewTradeBlocked=NO | 78800.000000
KN	0	07:41:32.697	Cazyxio_v4.0 (EURUSD,M15)	2026.03.03 14:41:32 | HEARTBEAT | SYSTEM | EA alive. Tick=78900 Equity=48072.44 OpenPos=1 UTC=2026.03.03 14:41 DayOfWeek=2 WeekendCloseActive=NO NewTradeBlocked=NO | 78900.000000
IR	0	07:42:13.098	Cazyxio_v4.0 (EURUSD,M15)	2026.03.03 14:42:13 | HEARTBEAT | SYSTEM | EA alive. Tick=79000 Equity=48061.24 OpenPos=1 UTC=2026.03.03 14:42 DayOfWeek=2 WeekendCloseActive=NO NewTradeBlocked=NO | 79000.000000
EF	0	07:42:49.466	Cazyxio_v4.0 (EURUSD,M15)	2026.03.03 14:42:49 | HEARTBEAT | SYSTEM | EA alive. Tick=79100 Equity=48044.44 OpenPos=1 UTC=2026.03.03 14:42 DayOfWeek=2 WeekendCloseActive=NO NewTradeBlocked=NO | 79100.000000
KJ	0	07:43:27.002	Cazyxio_v4.0 (EURUSD,M15)	2026.03.03 14:43:27 | HEARTBEAT | SYSTEM | EA alive. Tick=79200 Equity=48084.76 OpenPos=1 UTC=2026.03.03 14:43 DayOfWeek=2 WeekendCloseActive=NO NewTradeBlocked=NO | 79200.000000
FN	0	07:44:02.273	Cazyxio_v4.0 (EURUSD,M15)	2026.03.03 14:44:02 | HEARTBEAT | SYSTEM | EA alive. Tick=79300 Equity=48111.62 OpenPos=1 UTC=2026.03.03 14:44 DayOfWeek=2 WeekendCloseActive=NO NewTradeBlocked=NO | 79300.000000
QR	0	07:44:43.337	Cazyxio_v4.0 (EURUSD,M15)	2026.03.03 14:44:43 | HEARTBEAT | SYSTEM | EA alive. Tick=79400 Equity=48079.16 OpenPos=1 UTC=2026.03.03 14:44 DayOfWeek=2 WeekendCloseActive=NO NewTradeBlocked=NO | 79400.000000
EF	0	07:45:02.147	Cazyxio_v4.0 (EURUSD,M15)	2026.03.03 14:45:02 | BAR | GBPUSD | close=1.32856 h4ema200=1.35240 h4slope=DOWN ema50=1.33267 atr=0.001541 atrSma=0.001269 atrRatio=1.214 dir=SHORT spread=24.0 spreadOK=YES atrGate=PASS touch=PASS momCandle=momClosePos=0.000 momOk=Y ema50Ok=Y barRange=0.000010 trigger=YES hasPos=NO portRisk=0.50% openPos=1 | 1.328560
OH	0	07:45:02.147	Cazyxio_v4.0 (EURUSD,M15)	2026.03.03 14:45:02 | SIGNAL | GBPUSD | VALID SIGNAL: SHORT entry=1.32856 sl=1.33103 tp=1.32240 stopDist=0.00247 lots=0.97 riskPct=0.50 R:R=2.50 trailActivatesAt=0.00370 profit | 1.328560
OS	0	07:45:02.286	Cazyxio_v4.0 (EURUSD,M15)	2026.03.03 14:45:02 | ORDER_PLACED | GBPUSD | SELL lots=0.97 entry=1.32856 sl=1.33103 tp=1.32240 ticket=4363213 | 0.970000
NK	0	07:45:02.286	Cazyxio_v4.0 (EURUSD,M15)	2026.03.03 14:45:02 | BAR | EURUSD | close=1.15708 h4ema200=1.17856 h4slope=DOWN ema50=1.16251 atr=0.001152 atrSma=0.000942 atrRatio=1.224 dir=SHORT spread=18.0 spreadOK=YES atrGate=PASS touch=FAIL momCandle=momClosePos=0.500 momOk=N ema50Ok=Y barRange=0.000000 trigger=NO hasPos=NO portRisk=1.00% openPos=1 | 1.157080
FE	0	07:45:02.286	Cazyxio_v4.0 (EURUSD,M15)	2026.03.03 14:45:02 | GATE_FAIL | EURUSD | Touch/pullback gate FAIL. Price has not approached EMA50 within last 12 bars (within 1.00 ATR). v4.0 tolerance=1.00x (widened from 0.40x).
GP	0	07:45:02.286	Cazyxio_v4.0 (EURUSD,M15)	2026.03.03 14:45:02 | BAR | USDJPY | close=157.896 h4ema200=155.561 h4slope=UP ema50=157.611 atr=0.135429 atrSma=0.122698 atrRatio=1.104 dir=LONG spread=19.0 spreadOK=YES atrGate=PASS touch=PASS momCandle=momClosePos=0.000 momOk=N ema50Ok=Y barRange=0.003000 trigger=NO hasPos=YES portRisk=1.00% openPos=1 | 157.896000
GN	0	07:45:02.286	Cazyxio_v4.0 (EURUSD,M15)	2026.03.03 14:45:02 | TRAIL_SKIP | USDJPY | Trail not yet active. ProfitDist=0.200 ActivateAt=0.321 (1.5R). ticket=4343339
LG	0	07:45:02.286	Cazyxio_v4.0 (EURUSD,M15)	2026.03.03 14:45:02 | BAR | AUDUSD | close=0.69818 h4ema200=0.69849 h4slope=UP ema50=0.70446 atr=0.001245 atrSma=0.001030 atrRatio=1.209 dir=NONE spread=20.0 spreadOK=YES atrGate=PASS touch=FAIL momCandle= trigger=NO hasPos=NO portRisk=1.00% openPos=1 | 0.698180
EK	0	07:45:02.286	Cazyxio_v4.0 (EURUSD,M15)	2026.03.03 14:45:02 | GATE_FAIL | AUDUSD | No directional bias. h4slope=UP closeNow=0.69818 h4ema200=0.69849. Need H4 slope + price on correct side of H4 EMA200.
JJ	0	07:45:02.286	Cazyxio_v4.0 (EURUSD,M15)	2026.03.03 14:45:02 | BAR | GBPJPY | close=209.784 h4ema200=210.391 h4slope=DOWN ema50=210.048 atr=0.212929 atrSma=0.182285 atrRatio=1.168 dir=SHORT spread=47.0 spreadOK=NO atrGate=PASS touch=PASS momCandle=momClosePos=1.000 momOk=N ema50Ok=Y barRange=0.002000 trigger=NO hasPos=NO portRisk=1.00% openPos=1 | 209.784000
FO	0	07:45:02.286	Cazyxio_v4.0 (EURUSD,M15)	2026.03.03 14:45:02 | GATE_FAIL | GBPJPY | Spread too wide. Spread=47.0 Max=30 points.
OP	0	07:45:02.286	Cazyxio_v4.0 (EURUSD,M15)	2026.03.03 14:45:02 | BAR | USDCAD | close=1.37272 h4ema200=1.36891 h4slope=DOWN ema50=1.36927 atr=0.001151 atrSma=0.000871 atrRatio=1.323 dir=NONE spread=28.0 spreadOK=YES atrGate=PASS touch=FAIL momCandle= trigger=NO hasPos=NO portRisk=1.00% openPos=1 | 1.372720
PI	0	07:45:02.286	Cazyxio_v4.0 (EURUSD,M15)	2026.03.03 14:45:02 | GATE_FAIL | USDCAD | No directional bias. h4slope=DOWN closeNow=1.37272 h4ema200=1.36891. Need H4 slope + price on correct side of H4 EMA200.
NJ	0	07:45:20.249	Cazyxio_v4.0 (EURUSD,M15)	2026.03.03 14:45:20 | HEARTBEAT | SYSTEM | EA alive. Tick=79500 Equity=48052.90 OpenPos=2 UTC=2026.03.03 14:45 DayOfWeek=2 WeekendCloseActive=NO NewTradeBlocked=NO | 79500.000000
QN	0	07:45:59.402	Cazyxio_v4.0 (EURUSD,M15)	2026.03.03 14:45:59 | HEARTBEAT | SYSTEM | EA alive. Tick=79600 Equity=47988.04 OpenPos=2 UTC=2026.03.03 14:45 DayOfWeek=2 WeekendCloseActive=NO NewTradeBlocked=NO | 79600.000000
ER	0	07:46:33.224	Cazyxio_v4.0 (EURUSD,M15)	2026.03.03 14:46:33 | HEARTBEAT | SYSTEM | EA alive. Tick=79700 Equity=47937.58 OpenPos=2 UTC=2026.03.03 14:46 DayOfWeek=2 WeekendCloseActive=NO NewTradeBlocked=NO | 79700.000000
CF	0	07:47:09.139	Cazyxio_v4.0 (EURUSD,M15)	2026.03.03 14:47:09 | HEARTBEAT | SYSTEM | EA alive. Tick=79800 Equity=47929.97 OpenPos=2 UTC=2026.03.03 14:47 DayOfWeek=2 WeekendCloseActive=NO NewTradeBlocked=NO | 79800.000000
IJ	0	07:47:50.843	Cazyxio_v4.0 (EURUSD,M15)	2026.03.03 14:47:50 | HEARTBEAT | SYSTEM | EA alive. Tick=79900 Equity=47930.26 OpenPos=2 UTC=2026.03.03 14:47 DayOfWeek=2 WeekendCloseActive=NO NewTradeBlocked=NO | 79900.000000
NN	0	07:48:34.284	Cazyxio_v4.0 (EURUSD,M15)	2026.03.03 14:48:34 | HEARTBEAT | SYSTEM | EA alive. Tick=80000 Equity=47831.43 OpenPos=2 UTC=2026.03.03 14:48 DayOfWeek=2 WeekendCloseActive=NO NewTradeBlocked=NO | 80000.000000
IR	0	07:49:08.228	Cazyxio_v4.0 (EURUSD,M15)	2026.03.03 14:49:08 | HEARTBEAT | SYSTEM | EA alive. Tick=80100 Equity=47824.18 OpenPos=2 UTC=2026.03.03 14:49 DayOfWeek=2 WeekendCloseActive=NO NewTradeBlocked=NO | 80100.000000
CF	0	07:49:55.984	Cazyxio_v4.0 (EURUSD,M15)	2026.03.03 14:49:55 | HEARTBEAT | SYSTEM | EA alive. Tick=80200 Equity=47862.22 OpenPos=2 UTC=2026.03.03 14:49 DayOfWeek=2 WeekendCloseActive=NO NewTradeBlocked=NO | 80200.000000
KJ	0	07:50:35.560	Cazyxio_v4.0 (EURUSD,M15)	2026.03.03 14:50:35 | HEARTBEAT | SYSTEM | EA alive. Tick=80300 Equity=47931.32 OpenPos=2 UTC=2026.03.03 14:50 DayOfWeek=2 WeekendCloseActive=NO NewTradeBlocked=NO | 80300.000000
QN	0	07:51:11.594	Cazyxio_v4.0 (EURUSD,M15)	2026.03.03 14:51:11 | HEARTBEAT | SYSTEM | EA alive. Tick=80400 Equity=47928.05 OpenPos=2 UTC=2026.03.03 14:51 DayOfWeek=2 WeekendCloseActive=NO NewTradeBlocked=NO | 80400.000000
GR	0	07:51:47.158	Cazyxio_v4.0 (EURUSD,M15)	2026.03.03 14:51:47 | HEARTBEAT | SYSTEM | EA alive. Tick=80500 Equity=47849.49 OpenPos=2 UTC=2026.03.03 14:51 DayOfWeek=2 WeekendCloseActive=NO NewTradeBlocked=NO | 80500.000000
RF	0	07:52:23.806	Cazyxio_v4.0 (EURUSD,M15)	2026.03.03 14:52:23 | HEARTBEAT | SYSTEM | EA alive. Tick=80600 Equity=47875.19 OpenPos=2 UTC=2026.03.03 14:52 DayOfWeek=2 WeekendCloseActive=NO NewTradeBlocked=NO | 80600.000000
DJ	0	07:53:02.678	Cazyxio_v4.0 (EURUSD,M15)	2026.03.03 14:53:02 | HEARTBEAT | SYSTEM | EA alive. Tick=80700 Equity=47876.03 OpenPos=2 UTC=2026.03.03 14:53 DayOfWeek=2 WeekendCloseActive=NO NewTradeBlocked=NO | 80700.000000
EN	0	07:53:42.814	Cazyxio_v4.0 (EURUSD,M15)	2026.03.03 14:53:42 | HEARTBEAT | SYSTEM | EA alive. Tick=80800 Equity=47843.20 OpenPos=2 UTC=2026.03.03 14:53 DayOfWeek=2 WeekendCloseActive=NO NewTradeBlocked=NO | 80800.000000
CR	0	07:54:27.760	Cazyxio_v4.0 (EURUSD,M15)	2026.03.03 14:54:27 | HEARTBEAT | SYSTEM | EA alive. Tick=80900 Equity=47880.15 OpenPos=2 UTC=2026.03.03 14:54 DayOfWeek=2 WeekendCloseActive=NO NewTradeBlocked=NO | 80900.000000
OF	0	07:55:05.867	Cazyxio_v4.0 (EURUSD,M15)	2026.03.03 14:55:05 | HEARTBEAT | SYSTEM | EA alive. Tick=81000 Equity=47892.46 OpenPos=2 UTC=2026.03.03 14:55 DayOfWeek=2 WeekendCloseActive=NO NewTradeBlocked=NO | 81000.000000
PJ	0	07:55:48.411	Cazyxio_v4.0 (EURUSD,M15)	2026.03.03 14:55:48 | HEARTBEAT | SYSTEM | EA alive. Tick=81100 Equity=47963.67 OpenPos=2 UTC=2026.03.03 14:55 DayOfWeek=2 WeekendCloseActive=NO NewTradeBlocked=NO | 81100.000000
CN	0	07:56:30.539	Cazyxio_v4.0 (EURUSD,M15)	2026.03.03 14:56:30 | HEARTBEAT | SYSTEM | EA alive. Tick=81200 Equity=47960.16 OpenPos=2 UTC=2026.03.03 14:56 DayOfWeek=2 WeekendCloseActive=NO NewTradeBlocked=NO | 81200.000000
RR	0	07:57:11.958	Cazyxio_v4.0 (EURUSD,M15)	2026.03.03 14:57:11 | HEARTBEAT | SYSTEM | EA alive. Tick=81300 Equity=48026.53 OpenPos=2 UTC=2026.03.03 14:57 DayOfWeek=2 WeekendCloseActive=NO NewTradeBlocked=NO | 81300.000000
RF	0	07:57:50.748	Cazyxio_v4.0 (EURUSD,M15)	2026.03.03 14:57:50 | HEARTBEAT | SYSTEM | EA alive. Tick=81400 Equity=48028.16 OpenPos=2 UTC=2026.03.03 14:57 DayOfWeek=2 WeekendCloseActive=NO NewTradeBlocked=NO | 81400.000000
RJ	0	07:58:30.438	Cazyxio_v4.0 (EURUSD,M15)	2026.03.03 14:58:30 | HEARTBEAT | SYSTEM | EA alive. Tick=81500 Equity=48006.66 OpenPos=2 UTC=2026.03.03 14:58 DayOfWeek=2 WeekendCloseActive=NO NewTradeBlocked=NO | 81500.000000
GN	0	07:59:08.136	Cazyxio_v4.0 (EURUSD,M15)	2026.03.03 14:59:08 | HEARTBEAT | SYSTEM | EA alive. Tick=81600 Equity=47919.09 OpenPos=2 UTC=2026.03.03 14:59 DayOfWeek=2 WeekendCloseActive=NO NewTradeBlocked=NO | 81600.000000
LR	0	07:59:46.552	Cazyxio_v4.0 (EURUSD,M15)	2026.03.03 14:59:46 | HEARTBEAT | SYSTEM | EA alive. Tick=81700 Equity=47912.90 OpenPos=2 UTC=2026.03.03 14:59 DayOfWeek=2 WeekendCloseActive=NO NewTradeBlocked=NO | 81700.000000
KG	0	08:00:01.768	Cazyxio_v4.0 (EURUSD,M15)	2026.03.03 15:00:01 | BAR | GBPUSD | close=1.32833 h4ema200=1.35240 h4slope=DOWN ema50=1.33249 atr=0.001541 atrSma=0.001270 atrRatio=1.213 dir=SHORT spread=24.0 spreadOK=YES atrGate=PASS touch=PASS momCandle=momClosePos=0.500 momOk=N ema50Ok=Y barRange=0.000000 trigger=NO hasPos=YES portRisk=1.00% openPos=2 | 1.328330
GE	0	08:00:01.768	Cazyxio_v4.0 (EURUSD,M15)	2026.03.03 15:00:01 | TRAIL_SKIP | GBPUSD | Trail not yet active. ProfitDist=0.00000 ActivateAt=0.00370 (1.5R). ticket=4363213
CH	0	08:00:01.768	Cazyxio_v4.0 (EURUSD,M15)	2026.03.03 15:00:01 | BAR | EURUSD | close=1.15667 h4ema200=1.17855 h4slope=DOWN ema50=1.16226 atr=0.001158 atrSma=0.000943 atrRatio=1.228 dir=SHORT spread=19.0 spreadOK=YES atrGate=PASS touch=FAIL momCandle=momClosePos=0.500 momOk=N ema50Ok=Y barRange=0.000000 trigger=NO hasPos=NO portRisk=1.00% openPos=2 | 1.156670
QH	0	08:00:01.768	Cazyxio_v4.0 (EURUSD,M15)	2026.03.03 15:00:01 | GATE_FAIL | EURUSD | Touch/pullback gate FAIL. Price has not approached EMA50 within last 12 bars (within 1.00 ATR). v4.0 tolerance=1.00x (widened from 0.40x).
PG	0	08:00:02.032	Cazyxio_v4.0 (EURUSD,M15)	2026.03.03 15:00:02 | BAR | USDJPY | close=157.710 h4ema200=155.559 h4slope=UP ema50=157.608 atr=0.141857 atrSma=0.123016 atrRatio=1.153 dir=LONG spread=21.0 spreadOK=YES atrGate=PASS touch=PASS momCandle=momClosePos=0.500 momOk=N ema50Ok=Y barRange=0.000000 trigger=NO hasPos=YES portRisk=1.00% openPos=2 | 157.710000
ES	0	08:00:02.032	Cazyxio_v4.0 (EURUSD,M15)	2026.03.03 15:00:02 | TRAIL_SKIP | USDJPY | Trail not yet active. ProfitDist=0.014 ActivateAt=0.321 (1.5R). ticket=4343339
DD	0	08:00:02.033	Cazyxio_v4.0 (EURUSD,M15)	2026.03.03 15:00:02 | BAR | AUDUSD | close=0.69746 h4ema200=0.69848 h4slope=UP ema50=0.70416 atr=0.001307 atrSma=0.001035 atrRatio=1.263 dir=NONE spread=21.0 spreadOK=YES atrGate=PASS touch=FAIL momCandle= trigger=NO hasPos=NO portRisk=1.00% openPos=2 | 0.697460
JN	0	08:00:02.033	Cazyxio_v4.0 (EURUSD,M15)	2026.03.03 15:00:02 | GATE_FAIL | AUDUSD | No directional bias. h4slope=UP closeNow=0.69746 h4ema200=0.69848. Need H4 slope + price on correct side of H4 EMA200.
RH	0	08:00:02.033	Cazyxio_v4.0 (EURUSD,M15)	2026.03.03 15:00:02 | BAR | GBPJPY | close=209.498 h4ema200=210.388 h4slope=DOWN ema50=210.016 atr=0.224929 atrSma=0.182651 atrRatio=1.231 dir=SHORT spread=42.0 spreadOK=NO atrGate=PASS touch=PASS momCandle=momClosePos=0.500 momOk=N ema50Ok=Y barRange=0.000000 trigger=NO hasPos=NO portRisk=1.00% openPos=2 | 209.498000
IH	0	08:00:02.033	Cazyxio_v4.0 (EURUSD,M15)	2026.03.03 15:00:02 | GATE_FAIL | GBPJPY | Spread too wide. Spread=42.0 Max=30 points.
QE	0	08:00:02.033	Cazyxio_v4.0 (EURUSD,M15)	2026.03.03 15:00:02 | BAR | USDCAD | close=1.37320 h4ema200=1.36891 h4slope=DOWN ema50=1.36944 atr=0.001160 atrSma=0.000873 atrRatio=1.329 dir=NONE spread=26.0 spreadOK=YES atrGate=PASS touch=FAIL momCandle= trigger=NO hasPos=NO portRisk=1.00% openPos=2 | 1.373200
NL	0	08:00:02.033	Cazyxio_v4.0 (EURUSD,M15)	2026.03.03 15:00:02 | GATE_FAIL | USDCAD | No directional bias. h4slope=DOWN closeNow=1.37320 h4ema200=1.36891. Need H4 slope + price on correct side of H4 EMA200.
RH	0	08:00:17.829	Cazyxio_v4.0 (EURUSD,M15)	2026.03.03 15:00:17 | HEARTBEAT | SYSTEM | EA alive. Tick=81800 Equity=47828.38 OpenPos=2 UTC=2026.03.03 15:00 DayOfWeek=2 WeekendCloseActive=NO NewTradeBlocked=NO | 81800.000000
ML	0	08:00:51.610	Cazyxio_v4.0 (EURUSD,M15)	2026.03.03 15:00:51 | HEARTBEAT | SYSTEM | EA alive. Tick=81900 Equity=47800.99 OpenPos=2 UTC=2026.03.03 15:00 DayOfWeek=2 WeekendCloseActive=NO NewTradeBlocked=NO | 81900.000000
RP	0	08:01:30.028	Cazyxio_v4.0 (EURUSD,M15)	2026.03.03 15:01:30 | HEARTBEAT | SYSTEM | EA alive. Tick=82000 Equity=47821.93 OpenPos=2 UTC=2026.03.03 15:01 DayOfWeek=2 WeekendCloseActive=NO NewTradeBlocked=NO | 82000.000000
MD	0	08:02:10.457	Cazyxio_v4.0 (EURUSD,M15)	2026.03.03 15:02:10 | HEARTBEAT | SYSTEM | EA alive. Tick=82100 Equity=47811.21 OpenPos=2 UTC=2026.03.03 15:02 DayOfWeek=2 WeekendCloseActive=NO NewTradeBlocked=NO | 82100.000000
CH	0	08:02:43.638	Cazyxio_v4.0 (EURUSD,M15)	2026.03.03 15:02:43 | HEARTBEAT | SYSTEM | EA alive. Tick=82200 Equity=47681.63 OpenPos=2 UTC=2026.03.03 15:02 DayOfWeek=2 WeekendCloseActive=NO NewTradeBlocked=NO | 82200.000000
NL	0	08:03:17.190	Cazyxio_v4.0 (EURUSD,M15)	2026.03.03 15:03:17 | HEARTBEAT | SYSTEM | EA alive. Tick=82300 Equity=47866.85 OpenPos=2 UTC=2026.03.03 15:03 DayOfWeek=2 WeekendCloseActive=NO NewTradeBlocked=NO | 82300.000000
OP	0	08:03:49.566	Cazyxio_v4.0 (EURUSD,M15)	2026.03.03 15:03:49 | HEARTBEAT | SYSTEM | EA alive. Tick=82400 Equity=47713.39 OpenPos=2 UTC=2026.03.03 15:03 DayOfWeek=2 WeekendCloseActive=NO NewTradeBlocked=NO | 82400.000000
OD	0	08:04:29.036	Cazyxio_v4.0 (EURUSD,M15)	2026.03.03 15:04:29 | HEARTBEAT | SYSTEM | EA alive. Tick=82500 Equity=47778.33 OpenPos=2 UTC=2026.03.03 15:04 DayOfWeek=2 WeekendCloseActive=NO NewTradeBlocked=NO | 82500.000000
RH	0	08:05:06.573	Cazyxio_v4.0 (EURUSD,M15)	2026.03.03 15:05:06 | HEARTBEAT | SYSTEM | EA alive. Tick=82600 Equity=47801.16 OpenPos=2 UTC=2026.03.03 15:05 DayOfWeek=2 WeekendCloseActive=NO NewTradeBlocked=NO | 82600.000000
LL	0	08:05:38.106	Cazyxio_v4.0 (EURUSD,M15)	2026.03.03 15:05:38 | HEARTBEAT | SYSTEM | EA alive. Tick=82700 Equity=47816.98 OpenPos=2 UTC=2026.03.03 15:05 DayOfWeek=2 WeekendCloseActive=NO NewTradeBlocked=NO | 82700.000000
NP	0	08:06:15.008	Cazyxio_v4.0 (EURUSD,M15)	2026.03.03 15:06:15 | HEARTBEAT | SYSTEM | EA alive. Tick=82800 Equity=47809.32 OpenPos=2 UTC=2026.03.03 15:06 DayOfWeek=2 WeekendCloseActive=NO NewTradeBlocked=NO | 82800.000000
RD	0	08:06:48.877	Cazyxio_v4.0 (EURUSD,M15)	2026.03.03 15:06:48 | HEARTBEAT | SYSTEM | EA alive. Tick=82900 Equity=47780.38 OpenPos=2 UTC=2026.03.03 15:06 DayOfWeek=2 WeekendCloseActive=NO NewTradeBlocked=NO | 82900.000000
JH	0	08:07:24.563	Cazyxio_v4.0 (EURUSD,M15)	2026.03.03 15:07:24 | HEARTBEAT | SYSTEM | EA alive. Tick=83000 Equity=47859.76 OpenPos=2 UTC=2026.03.03 15:07 DayOfWeek=2 WeekendCloseActive=NO NewTradeBlocked=NO | 83000.000000
HL	0	08:08:02.994	Cazyxio_v4.0 (EURUSD,M15)	2026.03.03 15:08:02 | HEARTBEAT | SYSTEM | EA alive. Tick=83100 Equity=47951.67 OpenPos=2 UTC=2026.03.03 15:08 DayOfWeek=2 WeekendCloseActive=NO NewTradeBlocked=NO | 83100.000000
DP	0	08:08:36.866	Cazyxio_v4.0 (EURUSD,M15)	2026.03.03 15:08:36 | HEARTBEAT | SYSTEM | EA alive. Tick=83200 Equity=47970.93 OpenPos=2 UTC=2026.03.03 15:08 DayOfWeek=2 WeekendCloseActive=NO NewTradeBlocked=NO | 83200.000000
KD	0	08:09:08.467	Cazyxio_v4.0 (EURUSD,M15)	2026.03.03 15:09:08 | HEARTBEAT | SYSTEM | EA alive. Tick=83300 Equity=47991.11 OpenPos=2 UTC=2026.03.03 15:09 DayOfWeek=2 WeekendCloseActive=NO NewTradeBlocked=NO | 83300.000000
NH	0	08:09:41.129	Cazyxio_v4.0 (EURUSD,M15)	2026.03.03 15:09:41 | HEARTBEAT | SYSTEM | EA alive. Tick=83400 Equity=47955.73 OpenPos=2 UTC=2026.03.03 15:09 DayOfWeek=2 WeekendCloseActive=NO NewTradeBlocked=NO | 83400.000000
ML	0	08:10:09.610	Cazyxio_v4.0 (EURUSD,M15)	2026.03.03 15:10:09 | HEARTBEAT | SYSTEM | EA alive. Tick=83500 Equity=47951.04 OpenPos=2 UTC=2026.03.03 15:10 DayOfWeek=2 WeekendCloseActive=NO NewTradeBlocked=NO | 83500.000000
GP	0	08:10:42.742	Cazyxio_v4.0 (EURUSD,M15)	2026.03.03 15:10:42 | HEARTBEAT | SYSTEM | EA alive. Tick=83600 Equity=47971.86 OpenPos=2 UTC=2026.03.03 15:10 DayOfWeek=2 WeekendCloseActive=NO NewTradeBlocked=NO | 83600.000000
CD	0	08:11:20.578	Cazyxio_v4.0 (EURUSD,M15)	2026.03.03 15:11:20 | HEARTBEAT | SYSTEM | EA alive. Tick=83700 Equity=47909.69 OpenPos=2 UTC=2026.03.03 15:11 DayOfWeek=2 WeekendCloseActive=NO NewTradeBlocked=NO | 83700.000000
KH	0	08:11:52.323	Cazyxio_v4.0 (EURUSD,M15)	2026.03.03 15:11:52 | HEARTBEAT | SYSTEM | EA alive. Tick=83800 Equity=47917.66 OpenPos=2 UTC=2026.03.03 15:11 DayOfWeek=2 WeekendCloseActive=NO NewTradeBlocked=NO | 83800.000000
CL	0	08:12:28.808	Cazyxio_v4.0 (EURUSD,M15)	2026.03.03 15:12:28 | HEARTBEAT | SYSTEM | EA alive. Tick=83900 Equity=47940.83 OpenPos=2 UTC=2026.03.03 15:12 DayOfWeek=2 WeekendCloseActive=NO NewTradeBlocked=NO | 83900.000000
DP	0	08:13:06.052	Cazyxio_v4.0 (EURUSD,M15)	2026.03.03 15:13:06 | HEARTBEAT | SYSTEM | EA alive. Tick=84000 Equity=47943.69 OpenPos=2 UTC=2026.03.03 15:13 DayOfWeek=2 WeekendCloseActive=NO NewTradeBlocked=NO | 84000.000000
OD	0	08:13:42.740	Cazyxio_v4.0 (EURUSD,M15)	2026.03.03 15:13:42 | HEARTBEAT | SYSTEM | EA alive. Tick=84100 Equity=47967.66 OpenPos=2 UTC=2026.03.03 15:13 DayOfWeek=2 WeekendCloseActive=NO NewTradeBlocked=NO | 84100.000000
DH	0	08:14:14.068	Cazyxio_v4.0 (EURUSD,M15)	2026.03.03 15:14:14 | HEARTBEAT | SYSTEM | EA alive. Tick=84200 Equity=48067.98 OpenPos=2 UTC=2026.03.03 15:14 DayOfWeek=2 WeekendCloseActive=NO NewTradeBlocked=NO | 84200.000000
FL	0	08:14:48.147	Cazyxio_v4.0 (EURUSD,M15)	2026.03.03 15:14:48 | HEARTBEAT | SYSTEM | EA alive. Tick=84300 Equity=48010.69 OpenPos=2 UTC=2026.03.03 15:14 DayOfWeek=2 WeekendCloseActive=NO NewTradeBlocked=NO | 84300.000000
NM	0	08:15:01.823	Cazyxio_v4.0 (EURUSD,M15)	2026.03.03 15:15:01 | BAR | EURUSD | close=1.15481 h4ema200=1.17853 h4slope=DOWN ema50=1.16190 atr=0.001301 atrSma=0.000947 atrRatio=1.373 dir=SHORT spread=20.0 spreadOK=YES atrGate=PASS touch=FAIL momCandle=momClosePos=0.500 momOk=N ema50Ok=Y barRange=0.000000 trigger=NO hasPos=NO portRisk=1.00% openPos=2 | 1.154810
EL	0	08:15:01.823	Cazyxio_v4.0 (EURUSD,M15)	2026.03.03 15:15:01 | GATE_FAIL | EURUSD | Touch/pullback gate FAIL. Price has not approached EMA50 within last 12 bars (within 1.00 ATR). v4.0 tolerance=1.00x (widened from 0.40x).
PG	0	08:15:02.069	Cazyxio_v4.0 (EURUSD,M15)	2026.03.03 15:15:02 | BAR | GBPUSD | close=1.32726 h4ema200=1.35239 h4slope=DOWN ema50=1.33224 atr=0.001619 atrSma=0.001272 atrRatio=1.272 dir=SHORT spread=25.0 spreadOK=YES atrGate=PASS touch=PASS momCandle=momClosePos=0.500 momOk=N ema50Ok=Y barRange=0.000000 trigger=NO hasPos=YES portRisk=1.00% openPos=2 | 1.327260
LF	0	08:15:02.069	Cazyxio_v4.0 (EURUSD,M15)	2026.03.03 15:15:02 | TRAIL_SKIP | GBPUSD | Trail not yet active. ProfitDist=0.00106 ActivateAt=0.00370 (1.5R). ticket=4363213
LI	0	08:15:02.069	Cazyxio_v4.0 (EURUSD,M15)	2026.03.03 15:15:02 | BAR | USDJPY | close=157.711 h4ema200=155.559 h4slope=UP ema50=157.612 atr=0.134286 atrSma=0.123238 atrRatio=1.090 dir=LONG spread=19.0 spreadOK=YES atrGate=PASS touch=PASS momCandle=momClosePos=0.500 momOk=N ema50Ok=Y barRange=0.000000 trigger=NO hasPos=YES portRisk=1.00% openPos=2 | 157.711000
FH	0	08:15:02.069	Cazyxio_v4.0 (EURUSD,M15)	2026.03.03 15:15:02 | TRAIL_SKIP | USDJPY | Trail not yet active. ProfitDist=0.015 ActivateAt=0.321 (1.5R). ticket=4343339
EM	0	08:15:02.069	Cazyxio_v4.0 (EURUSD,M15)	2026.03.03 15:15:02 | BAR | AUDUSD | close=0.69522 h4ema200=0.69846 h4slope=UP ema50=0.70372 atr=0.001497 atrSma=0.001043 atrRatio=1.436 dir=NONE spread=21.0 spreadOK=YES atrGate=PASS touch=FAIL momCandle= trigger=NO hasPos=NO portRisk=1.00% openPos=2 | 0.695220
KD	0	08:15:02.069	Cazyxio_v4.0 (EURUSD,M15)	2026.03.03 15:15:02 | GATE_FAIL | AUDUSD | No directional bias. h4slope=UP closeNow=0.69522 h4ema200=0.69846. Need H4 slope + price on correct side of H4 EMA200.
EQ	0	08:15:02.069	Cazyxio_v4.0 (EURUSD,M15)	2026.03.03 15:15:02 | BAR | GBPJPY | close=209.321 h4ema200=210.386 h4slope=DOWN ema50=209.982 atr=0.229857 atrSma=0.183159 atrRatio=1.255 dir=SHORT spread=49.0 spreadOK=NO atrGate=PASS touch=PASS momCandle=momClosePos=0.500 momOk=N ema50Ok=Y barRange=0.000000 trigger=NO hasPos=NO portRisk=1.00% openPos=2 | 209.321000
OQ	0	08:15:02.069	Cazyxio_v4.0 (EURUSD,M15)	2026.03.03 15:15:02 | GATE_FAIL | GBPJPY | Spread too wide. Spread=49.0 Max=30 points.
IO	0	08:15:02.069	Cazyxio_v4.0 (EURUSD,M15)	2026.03.03 15:15:02 | BAR | USDCAD | close=1.37445 h4ema200=1.36892 h4slope=DOWN ema50=1.36968 atr=0.001264 atrSma=0.000877 atrRatio=1.441 dir=NONE spread=28.0 spreadOK=YES atrGate=PASS touch=FAIL momCandle= trigger=NO hasPos=NO portRisk=1.00% openPos=2 | 1.374450
HS	0	08:15:02.069	Cazyxio_v4.0 (EURUSD,M15)	2026.03.03 15:15:02 | GATE_FAIL | USDCAD | No directional bias. h4slope=DOWN closeNow=1.37445 h4ema200=1.36892. Need H4 slope + price on correct side of H4 EMA200.
JS	0	08:15:21.145	Cazyxio_v4.0 (EURUSD,M15)	2026.03.03 15:15:21 | HEARTBEAT | SYSTEM | EA alive. Tick=84400 Equity=48004.87 OpenPos=2 UTC=2026.03.03 15:15 DayOfWeek=2 WeekendCloseActive=NO NewTradeBlocked=NO | 84400.000000
PG	0	08:15:54.751	Cazyxio_v4.0 (EURUSD,M15)	2026.03.03 15:15:54 | HEARTBEAT | SYSTEM | EA alive. Tick=84500 Equity=48041.70 OpenPos=2 UTC=2026.03.03 15:15 DayOfWeek=2 WeekendCloseActive=NO NewTradeBlocked=NO | 84500.000000
MK	0	08:16:29.047	Cazyxio_v4.0 (EURUSD,M15)	2026.03.03 15:16:29 | HEARTBEAT | SYSTEM | EA alive. Tick=84600 Equity=48054.52 OpenPos=2 UTC=2026.03.03 15:16 DayOfWeek=2 WeekendCloseActive=NO NewTradeBlocked=NO | 84600.000000
LO	0	08:17:08.034	Cazyxio_v4.0 (EURUSD,M15)	2026.03.03 15:17:08 | HEARTBEAT | SYSTEM | EA alive. Tick=84700 Equity=48115.27 OpenPos=2 UTC=2026.03.03 15:17 DayOfWeek=2 WeekendCloseActive=NO NewTradeBlocked=NO | 84700.000000
QS	0	08:17:47.374	Cazyxio_v4.0 (EURUSD,M15)	2026.03.03 15:17:47 | HEARTBEAT | SYSTEM | EA alive. Tick=84800 Equity=48187.86 OpenPos=2 UTC=2026.03.03 15:17 DayOfWeek=2 WeekendCloseActive=NO NewTradeBlocked=NO | 84800.000000
GG	0	08:18:21.375	Cazyxio_v4.0 (EURUSD,M15)	2026.03.03 15:18:21 | HEARTBEAT | SYSTEM | EA alive. Tick=84900 Equity=48266.71 OpenPos=2 UTC=2026.03.03 15:18 DayOfWeek=2 WeekendCloseActive=NO NewTradeBlocked=NO | 84900.000000
NK	0	08:18:54.649	Cazyxio_v4.0 (EURUSD,M15)	2026.03.03 15:18:54 | HEARTBEAT | SYSTEM | EA alive. Tick=85000 Equity=48298.20 OpenPos=2 UTC=2026.03.03 15:18 DayOfWeek=2 WeekendCloseActive=NO NewTradeBlocked=NO | 85000.000000
DO	0	08:19:27.098	Cazyxio_v4.0 (EURUSD,M15)	2026.03.03 15:19:27 | HEARTBEAT | SYSTEM | EA alive. Tick=85100 Equity=48288.57 OpenPos=2 UTC=2026.03.03 15:19 DayOfWeek=2 WeekendCloseActive=NO NewTradeBlocked=NO | 85100.000000
ES	0	08:20:02.526	Cazyxio_v4.0 (EURUSD,M15)	2026.03.03 15:20:02 | HEARTBEAT | SYSTEM | EA alive. Tick=85200 Equity=48308.57 OpenPos=2 UTC=2026.03.03 15:20 DayOfWeek=2 WeekendCloseActive=NO NewTradeBlocked=NO | 85200.000000
RG	0	08:20:39.474	Cazyxio_v4.0 (EURUSD,M15)	2026.03.03 15:20:39 | HEARTBEAT | SYSTEM | EA alive. Tick=85300 Equity=48344.32 OpenPos=2 UTC=2026.03.03 15:20 DayOfWeek=2 WeekendCloseActive=NO NewTradeBlocked=NO | 85300.000000
EK	0	08:21:19.555	Cazyxio_v4.0 (EURUSD,M15)	2026.03.03 15:21:19 | HEARTBEAT | SYSTEM | EA alive. Tick=85400 Equity=48196.13 OpenPos=2 UTC=2026.03.03 15:21 DayOfWeek=2 WeekendCloseActive=NO NewTradeBlocked=NO | 85400.000000
JO	0	08:21:58.700	Cazyxio_v4.0 (EURUSD,M15)	2026.03.03 15:21:58 | HEARTBEAT | SYSTEM | EA alive. Tick=85500 Equity=48183.76 OpenPos=2 UTC=2026.03.03 15:21 DayOfWeek=2 WeekendCloseActive=NO NewTradeBlocked=NO | 85500.000000
CS	0	08:22:34.056	Cazyxio_v4.0 (EURUSD,M15)	2026.03.03 15:22:34 | HEARTBEAT | SYSTEM | EA alive. Tick=85600 Equity=48232.08 OpenPos=2 UTC=2026.03.03 15:22 DayOfWeek=2 WeekendCloseActive=NO NewTradeBlocked=NO | 85600.000000
GG	0	08:23:11.891	Cazyxio_v4.0 (EURUSD,M15)	2026.03.03 15:23:11 | HEARTBEAT | SYSTEM | EA alive. Tick=85700 Equity=48236.93 OpenPos=2 UTC=2026.03.03 15:23 DayOfWeek=2 WeekendCloseActive=NO NewTradeBlocked=NO | 85700.000000
HK	0	08:23:48.772	Cazyxio_v4.0 (EURUSD,M15)	2026.03.03 15:23:48 | HEARTBEAT | SYSTEM | EA alive. Tick=85800 Equity=48176.86 OpenPos=2 UTC=2026.03.03 15:23 DayOfWeek=2 WeekendCloseActive=NO NewTradeBlocked=NO | 85800.000000
CO	0	08:24:24.669	Cazyxio_v4.0 (EURUSD,M15)	2026.03.03 15:24:24 | HEARTBEAT | SYSTEM | EA alive. Tick=85900 Equity=48133.17 OpenPos=2 UTC=2026.03.03 15:24 DayOfWeek=2 WeekendCloseActive=NO NewTradeBlocked=NO | 85900.000000
LS	0	08:24:58.429	Cazyxio_v4.0 (EURUSD,M15)	2026.03.03 15:24:58 | HEARTBEAT | SYSTEM | EA alive. Tick=86000 Equity=48165.28 OpenPos=2 UTC=2026.03.03 15:24 DayOfWeek=2 WeekendCloseActive=NO NewTradeBlocked=NO | 86000.000000
FG	0	08:25:30.684	Cazyxio_v4.0 (EURUSD,M15)	2026.03.03 15:25:30 | HEARTBEAT | SYSTEM | EA alive. Tick=86100 Equity=48104.74 OpenPos=2 UTC=2026.03.03 15:25 DayOfWeek=2 WeekendCloseActive=NO NewTradeBlocked=NO | 86100.000000
CK	0	08:26:04.672	Cazyxio_v4.0 (EURUSD,M15)	2026.03.03 15:26:04 | HEARTBEAT | SYSTEM | EA alive. Tick=86200 Equity=48067.86 OpenPos=2 UTC=2026.03.03 15:26 DayOfWeek=2 WeekendCloseActive=NO NewTradeBlocked=NO | 86200.000000
LO	0	08:26:37.755	Cazyxio_v4.0 (EURUSD,M15)	2026.03.03 15:26:37 | HEARTBEAT | SYSTEM | EA alive. Tick=86300 Equity=48068.59 OpenPos=2 UTC=2026.03.03 15:26 DayOfWeek=2 WeekendCloseActive=NO NewTradeBlocked=NO | 86300.000000
KS	0	08:27:11.463	Cazyxio_v4.0 (EURUSD,M15)	2026.03.03 15:27:11 | HEARTBEAT | SYSTEM | EA alive. Tick=86400 Equity=48110.26 OpenPos=2 UTC=2026.03.03 15:27 DayOfWeek=2 WeekendCloseActive=NO NewTradeBlocked=NO | 86400.000000
JG	0	08:27:47.773	Cazyxio_v4.0 (EURUSD,M15)	2026.03.03 15:27:47 | HEARTBEAT | SYSTEM | EA alive. Tick=86500 Equity=48096.24 OpenPos=2 UTC=2026.03.03 15:27 DayOfWeek=2 WeekendCloseActive=NO NewTradeBlocked=NO | 86500.000000
DK	0	08:28:24.846	Cazyxio_v4.0 (EURUSD,M15)	2026.03.03 15:28:24 | HEARTBEAT | SYSTEM | EA alive. Tick=86600 Equity=48119.99 OpenPos=2 UTC=2026.03.03 15:28 DayOfWeek=2 WeekendCloseActive=NO NewTradeBlocked=NO | 86600.000000
PO	0	08:29:11.907	Cazyxio_v4.0 (EURUSD,M15)	2026.03.03 15:29:11 | HEARTBEAT | SYSTEM | EA alive. Tick=86700 Equity=48129.93 OpenPos=2 UTC=2026.03.03 15:29 DayOfWeek=2 WeekendCloseActive=NO NewTradeBlocked=NO | 86700.000000
ES	0	08:29:50.304	Cazyxio_v4.0 (EURUSD,M15)	2026.03.03 15:29:50 | HEARTBEAT | SYSTEM | EA alive. Tick=86800 Equity=48209.58 OpenPos=2 UTC=2026.03.03 15:29 DayOfWeek=2 WeekendCloseActive=NO NewTradeBlocked=NO | 86800.000000
LF	0	08:30:01.817	Cazyxio_v4.0 (EURUSD,M15)	2026.03.03 15:30:01 | BAR | GBPUSD | close=1.32678 h4ema200=1.35238 h4slope=DOWN ema50=1.33201 atr=0.001579 atrSma=0.001272 atrRatio=1.241 dir=SHORT spread=22.0 spreadOK=YES atrGate=PASS touch=PASS momCandle=momClosePos=0.500 momOk=N ema50Ok=Y barRange=0.000000 trigger=NO hasPos=YES portRisk=0.99% openPos=2 | 1.326780
OG	0	08:30:01.817	Cazyxio_v4.0 (EURUSD,M15)	2026.03.03 15:30:01 | TRAIL_SKIP | GBPUSD | Trail not yet active. ProfitDist=0.00157 ActivateAt=0.00370 (1.5R). ticket=4363213
CO	0	08:30:01.817	Cazyxio_v4.0 (EURUSD,M15)	2026.03.03 15:30:01 | BAR | EURUSD | close=1.15512 h4ema200=1.17854 h4slope=DOWN ema50=1.16165 atr=0.001394 atrSma=0.000951 atrRatio=1.465 dir=SHORT spread=18.0 spreadOK=YES atrGate=PASS touch=FAIL momCandle=momClosePos=0.500 momOk=N ema50Ok=Y barRange=0.000000 trigger=NO hasPos=NO portRisk=0.99% openPos=2 | 1.155120
HJ	0	08:30:01.817	Cazyxio_v4.0 (EURUSD,M15)	2026.03.03 15:30:01 | GATE_FAIL | EURUSD | Touch/pullback gate FAIL. Price has not approached EMA50 within last 12 bars (within 1.00 ATR). v4.0 tolerance=1.00x (widened from 0.40x).
FE	0	08:30:01.817	Cazyxio_v4.0 (EURUSD,M15)	2026.03.03 15:30:01 | BAR | AUDUSD | close=0.69684 h4ema200=0.69847 h4slope=UP ema50=0.70351 atr=0.001608 atrSma=0.001050 atrRatio=1.531 dir=NONE spread=19.0 spreadOK=YES atrGate=PASS touch=FAIL momCandle= trigger=NO hasPos=NO portRisk=0.99% openPos=2 | 0.696840
PM	0	08:30:01.817	Cazyxio_v4.0 (EURUSD,M15)	2026.03.03 15:30:01 | GATE_FAIL | AUDUSD | No directional bias. h4slope=UP closeNow=0.69684 h4ema200=0.69847. Need H4 slope + price on correct side of H4 EMA200.
HH	0	08:30:01.817	Cazyxio_v4.0 (EURUSD,M15)	2026.03.03 15:30:01 | BAR | GBPJPY | close=209.481 h4ema200=210.388 h4slope=DOWN ema50=209.968 atr=0.232357 atrSma=0.183461 atrRatio=1.267 dir=SHORT spread=44.0 spreadOK=NO atrGate=PASS touch=PASS momCandle=momClosePos=0.500 momOk=N ema50Ok=Y barRange=0.000000 trigger=NO hasPos=NO portRisk=0.99% openPos=2 | 209.481000
MI	0	08:30:01.817	Cazyxio_v4.0 (EURUSD,M15)	2026.03.03 15:30:01 | GATE_FAIL | GBPJPY | Spread too wide. Spread=44.0 Max=30 points.
OJ	0	08:30:02.418	Cazyxio_v4.0 (EURUSD,M15)	2026.03.03 15:30:02 | BAR | USDJPY | close=157.888 h4ema200=155.561 h4slope=UP ema50=157.629 atr=0.136000 atrSma=0.123467 atrRatio=1.102 dir=LONG spread=16.0 spreadOK=YES atrGate=PASS touch=PASS momCandle=momClosePos=0.667 momOk=Y ema50Ok=Y barRange=0.003000 trigger=YES hasPos=YES portRisk=0.99% openPos=2 | 157.888000
JS	0	08:30:02.418	Cazyxio_v4.0 (EURUSD,M15)	2026.03.03 15:30:02 | TRAIL_SKIP | USDJPY | Trail not yet active. ProfitDist=0.192 ActivateAt=0.321 (1.5R). ticket=4343339
CD	0	08:30:02.418	Cazyxio_v4.0 (EURUSD,M15)	2026.03.03 15:30:02 | BAR | USDCAD | close=1.37304 h4ema200=1.36891 h4slope=DOWN ema50=1.36975 atr=0.001348 atrSma=0.000882 atrRatio=1.529 dir=NONE spread=28.0 spreadOK=YES atrGate=PASS touch=FAIL momCandle= trigger=NO hasPos=NO portRisk=0.99% openPos=2 | 1.373040
IN	0	08:30:02.418	Cazyxio_v4.0 (EURUSD,M15)	2026.03.03 15:30:02 | GATE_FAIL | USDCAD | No directional bias. h4slope=DOWN closeNow=1.37304 h4ema200=1.36891. Need H4 slope + price on correct side of H4 EMA200.
NF	0	08:30:23.629	Cazyxio_v4.0 (EURUSD,M15)	2026.03.03 15:30:23 | HEARTBEAT | SYSTEM | EA alive. Tick=86900 Equity=48215.92 OpenPos=2 UTC=2026.03.03 15:30 DayOfWeek=2 WeekendCloseActive=NO NewTradeBlocked=NO | 86900.000000
LJ	0	08:31:02.377	Cazyxio_v4.0 (EURUSD,M15)	2026.03.03 15:31:02 | HEARTBEAT | SYSTEM | EA alive. Tick=87000 Equity=48233.31 OpenPos=2 UTC=2026.03.03 15:31 DayOfWeek=2 WeekendCloseActive=NO NewTradeBlocked=NO | 87000.000000
LN	0	08:31:31.207	Cazyxio_v4.0 (EURUSD,M15)	2026.03.03 15:31:31 | HEARTBEAT | SYSTEM | EA alive. Tick=87100 Equity=48110.17 OpenPos=2 UTC=2026.03.03 15:31 DayOfWeek=2 WeekendCloseActive=NO NewTradeBlocked=NO | 87100.000000
IR	0	08:32:01.749	Cazyxio_v4.0 (EURUSD,M15)	2026.03.03 15:32:01 | HEARTBEAT | SYSTEM | EA alive. Tick=87200 Equity=48133.26 OpenPos=2 UTC=2026.03.03 15:32 DayOfWeek=2 WeekendCloseActive=NO NewTradeBlocked=NO | 87200.000000
HF	0	08:32:33.335	Cazyxio_v4.0 (EURUSD,M15)	2026.03.03 15:32:33 | HEARTBEAT | SYSTEM | EA alive. Tick=87300 Equity=48037.94 OpenPos=2 UTC=2026.03.03 15:32 DayOfWeek=2 WeekendCloseActive=NO NewTradeBlocked=NO | 87300.000000
KJ	0	08:33:08.794	Cazyxio_v4.0 (EURUSD,M15)	2026.03.03 15:33:08 | HEARTBEAT | SYSTEM | EA alive. Tick=87400 Equity=48053.84 OpenPos=2 UTC=2026.03.03 15:33 DayOfWeek=2 WeekendCloseActive=NO NewTradeBlocked=NO | 87400.000000
GN	0	08:33:43.471	Cazyxio_v4.0 (EURUSD,M15)	2026.03.03 15:33:43 | HEARTBEAT | SYSTEM | EA alive. Tick=87500 Equity=48071.08 OpenPos=2 UTC=2026.03.03 15:33 DayOfWeek=2 WeekendCloseActive=NO NewTradeBlocked=NO | 87500.000000
GR	0	08:34:21.234	Cazyxio_v4.0 (EURUSD,M15)	2026.03.03 15:34:21 | HEARTBEAT | SYSTEM | EA alive. Tick=87600 Equity=48020.48 OpenPos=2 UTC=2026.03.03 15:34 DayOfWeek=2 WeekendCloseActive=NO NewTradeBlocked=NO | 87600.000000
RF	0	08:34:58.417	Cazyxio_v4.0 (EURUSD,M15)	2026.03.03 15:34:58 | HEARTBEAT | SYSTEM | EA alive. Tick=87700 Equity=48057.88 OpenPos=2 UTC=2026.03.03 15:34 DayOfWeek=2 WeekendCloseActive=NO NewTradeBlocked=NO | 87700.000000
LJ	0	08:35:31.554	Cazyxio_v4.0 (EURUSD,M15)	2026.03.03 15:35:31 | HEARTBEAT | SYSTEM | EA alive. Tick=87800 Equity=48032.13 OpenPos=2 UTC=2026.03.03 15:35 DayOfWeek=2 WeekendCloseActive=NO NewTradeBlocked=NO | 87800.000000
NN	0	08:36:11.476	Cazyxio_v4.0 (EURUSD,M15)	2026.03.03 15:36:11 | HEARTBEAT | SYSTEM | EA alive. Tick=87900 Equity=48044.30 OpenPos=2 UTC=2026.03.03 15:36 DayOfWeek=2 WeekendCloseActive=NO NewTradeBlocked=NO | 87900.000000
GR	0	08:36:45.649	Cazyxio_v4.0 (EURUSD,M15)	2026.03.03 15:36:45 | HEARTBEAT | SYSTEM | EA alive. Tick=88000 Equity=47944.15 OpenPos=2 UTC=2026.03.03 15:36 DayOfWeek=2 WeekendCloseActive=NO NewTradeBlocked=NO | 88000.000000
GF	0	08:37:19.487	Cazyxio_v4.0 (EURUSD,M15)	2026.03.03 15:37:19 | HEARTBEAT | SYSTEM | EA alive. Tick=88100 Equity=48006.63 OpenPos=2 UTC=2026.03.03 15:37 DayOfWeek=2 WeekendCloseActive=NO NewTradeBlocked=NO | 88100.000000
FJ	0	08:37:58.438	Cazyxio_v4.0 (EURUSD,M15)	2026.03.03 15:37:58 | HEARTBEAT | SYSTEM | EA alive. Tick=88200 Equity=47946.62 OpenPos=2 UTC=2026.03.03 15:37 DayOfWeek=2 WeekendCloseActive=NO NewTradeBlocked=NO | 88200.000000
QN	0	08:38:35.627	Cazyxio_v4.0 (EURUSD,M15)	2026.03.03 15:38:35 | HEARTBEAT | SYSTEM | EA alive. Tick=88300 Equity=47966.19 OpenPos=2 UTC=2026.03.03 15:38 DayOfWeek=2 WeekendCloseActive=NO NewTradeBlocked=NO | 88300.000000
ER	0	08:39:13.087	Cazyxio_v4.0 (EURUSD,M15)	2026.03.03 15:39:13 | HEARTBEAT | SYSTEM | EA alive. Tick=88400 Equity=47949.62 OpenPos=2 UTC=2026.03.03 15:39 DayOfWeek=2 WeekendCloseActive=NO NewTradeBlocked=NO | 88400.000000
CF	0	08:39:50.649	Cazyxio_v4.0 (EURUSD,M15)	2026.03.03 15:39:50 | HEARTBEAT | SYSTEM | EA alive. Tick=88500 Equity=47979.32 OpenPos=2 UTC=2026.03.03 15:39 DayOfWeek=2 WeekendCloseActive=NO NewTradeBlocked=NO | 88500.000000
PJ	0	08:40:24.205	Cazyxio_v4.0 (EURUSD,M15)	2026.03.03 15:40:24 | HEARTBEAT | SYSTEM | EA alive. Tick=88600 Equity=47963.27 OpenPos=2 UTC=2026.03.03 15:40 DayOfWeek=2 WeekendCloseActive=NO NewTradeBlocked=NO | 88600.000000
RN	0	08:40:57.282	Cazyxio_v4.0 (EURUSD,M15)	2026.03.03 15:40:57 | HEARTBEAT | SYSTEM | EA alive. Tick=88700 Equity=47827.90 OpenPos=2 UTC=2026.03.03 15:40 DayOfWeek=2 WeekendCloseActive=NO NewTradeBlocked=NO | 88700.000000
FR	0	08:41:28.951	Cazyxio_v4.0 (EURUSD,M15)	2026.03.03 15:41:28 | HEARTBEAT | SYSTEM | EA alive. Tick=88800 Equity=47842.31 OpenPos=2 UTC=2026.03.03 15:41 DayOfWeek=2 WeekendCloseActive=NO NewTradeBlocked=NO | 88800.000000
FF	0	08:42:03.959	Cazyxio_v4.0 (EURUSD,M15)	2026.03.03 15:42:03 | HEARTBEAT | SYSTEM | EA alive. Tick=88900 Equity=47838.04 OpenPos=2 UTC=2026.03.03 15:42 DayOfWeek=2 WeekendCloseActive=NO NewTradeBlocked=NO | 88900.000000
LJ	0	08:42:43.660	Cazyxio_v4.0 (EURUSD,M15)	2026.03.03 15:42:43 | HEARTBEAT | SYSTEM | EA alive. Tick=89000 Equity=47843.61 OpenPos=2 UTC=2026.03.03 15:42 DayOfWeek=2 WeekendCloseActive=NO NewTradeBlocked=NO | 89000.000000
GN	0	08:43:25.223	Cazyxio_v4.0 (EURUSD,M15)	2026.03.03 15:43:25 | HEARTBEAT | SYSTEM | EA alive. Tick=89100 Equity=47859.03 OpenPos=2 UTC=2026.03.03 15:43 DayOfWeek=2 WeekendCloseActive=NO NewTradeBlocked=NO | 89100.000000
PR	0	08:44:05.070	Cazyxio_v4.0 (EURUSD,M15)	2026.03.03 15:44:05 | HEARTBEAT | SYSTEM | EA alive. Tick=89200 Equity=47920.24 OpenPos=2 UTC=2026.03.03 15:44 DayOfWeek=2 WeekendCloseActive=NO NewTradeBlocked=NO | 89200.000000
MF	0	08:44:40.746	Cazyxio_v4.0 (EURUSD,M15)	2026.03.03 15:44:40 | HEARTBEAT | SYSTEM | EA alive. Tick=89300 Equity=47882.82 OpenPos=2 UTC=2026.03.03 15:44 DayOfWeek=2 WeekendCloseActive=NO NewTradeBlocked=NO | 89300.000000
IJ	0	08:45:01.895	Cazyxio_v4.0 (EURUSD,M15)	2026.03.03 15:45:01 | BAR | GBPUSD | close=1.32927 h4ema200=1.35241 h4slope=DOWN ema50=1.33200 atr=0.001699 atrSma=0.001275 atrRatio=1.333 dir=SHORT spread=24.0 spreadOK=YES atrGate=PASS touch=FAIL momCandle=momClosePos=0.500 momOk=N ema50Ok=Y barRange=0.000000 trigger=NO hasPos=YES portRisk=1.00% openPos=2 | 1.329270
HP	0	08:45:01.895	Cazyxio_v4.0 (EURUSD,M15)	2026.03.03 15:45:01 | TRAIL_SKIP | GBPUSD | Trail not yet active. ProfitDist=-0.00094 ActivateAt=0.00370 (1.5R). ticket=4363213
JK	0	08:45:01.895	Cazyxio_v4.0 (EURUSD,M15)	2026.03.03 15:45:01 | BAR | EURUSD | close=1.15736 h4ema200=1.17856 h4slope=DOWN ema50=1.16156 atr=0.001511 atrSma=0.000957 atrRatio=1.579 dir=SHORT spread=19.0 spreadOK=YES atrGate=PASS touch=FAIL momCandle=momClosePos=0.500 momOk=N ema50Ok=Y barRange=0.000000 trigger=NO hasPos=NO portRisk=1.00% openPos=2 | 1.157360
DE	0	08:45:01.895	Cazyxio_v4.0 (EURUSD,M15)	2026.03.03 15:45:01 | GATE_FAIL | EURUSD | Touch/pullback gate FAIL. Price has not approached EMA50 within last 12 bars (within 1.00 ATR). v4.0 tolerance=1.00x (widened from 0.40x).
FS	0	08:45:01.895	Cazyxio_v4.0 (EURUSD,M15)	2026.03.03 15:45:01 | BAR | USDJPY | close=157.785 h4ema200=155.560 h4slope=UP ema50=157.632 atr=0.132143 atrSma=0.123603 atrRatio=1.069 dir=LONG spread=16.0 spreadOK=YES atrGate=PASS touch=PASS momCandle=momClosePos=0.500 momOk=N ema50Ok=Y barRange=0.000000 trigger=NO hasPos=YES portRisk=1.00% openPos=2 | 157.785000
PN	0	08:45:01.895	Cazyxio_v4.0 (EURUSD,M15)	2026.03.03 15:45:01 | TRAIL_SKIP | USDJPY | Trail not yet active. ProfitDist=0.089 ActivateAt=0.321 (1.5R). ticket=4343339
CG	0	08:45:01.895	Cazyxio_v4.0 (EURUSD,M15)	2026.03.03 15:45:01 | BAR | AUDUSD | close=0.69785 h4ema200=0.69848 h4slope=UP ema50=0.70333 atr=0.001633 atrSma=0.001058 atrRatio=1.544 dir=NONE spread=21.0 spreadOK=YES atrGate=PASS touch=FAIL momCandle= trigger=NO hasPos=NO portRisk=1.00% openPos=2 | 0.697850
EJ	0	08:45:01.895	Cazyxio_v4.0 (EURUSD,M15)	2026.03.03 15:45:01 | GATE_FAIL | AUDUSD | No directional bias. h4slope=UP closeNow=0.69785 h4ema200=0.69848. Need H4 slope + price on correct side of H4 EMA200.
NK	0	08:45:01.895	Cazyxio_v4.0 (EURUSD,M15)	2026.03.03 15:45:01 | BAR | GBPJPY | close=209.745 h4ema200=210.390 h4slope=DOWN ema50=209.970 atr=0.258071 atrSma=0.184199 atrRatio=1.401 dir=SHORT spread=47.0 spreadOK=NO atrGate=PASS touch=PASS momCandle=momClosePos=0.500 momOk=N ema50Ok=Y barRange=0.000000 trigger=NO hasPos=NO portRisk=1.00% openPos=2 | 209.745000
LO	0	08:45:01.895	Cazyxio_v4.0 (EURUSD,M15)	2026.03.03 15:45:01 | GATE_FAIL | GBPJPY | Spread too wide. Spread=47.0 Max=30 points.
JQ	0	08:45:01.895	Cazyxio_v4.0 (EURUSD,M15)	2026.03.03 15:45:01 | BAR | USDCAD | close=1.37116 h4ema200=1.36889 h4slope=DOWN ema50=1.36974 atr=0.001430 atrSma=0.000887 atrRatio=1.613 dir=NONE spread=28.0 spreadOK=YES atrGate=PASS touch=FAIL momCandle= trigger=NO hasPos=NO portRisk=1.00% openPos=2 | 1.371160
JI	0	08:45:01.895	Cazyxio_v4.0 (EURUSD,M15)	2026.03.03 15:45:01 | GATE_FAIL | USDCAD | No directional bias. h4slope=DOWN closeNow=1.37116 h4ema200=1.36889. Need H4 slope + price on correct side of H4 EMA200.
DM	0	08:45:13.947	Cazyxio_v4.0 (EURUSD,M15)	2026.03.03 15:45:13 | HEARTBEAT | SYSTEM | EA alive. Tick=89400 Equity=47841.33 OpenPos=2 UTC=2026.03.03 15:45 DayOfWeek=2 WeekendCloseActive=NO NewTradeBlocked=NO | 89400.000000
EQ	0	08:45:45.495	Cazyxio_v4.0 (EURUSD,M15)	2026.03.03 15:45:45 | HEARTBEAT | SYSTEM | EA alive. Tick=89500 Equity=47834.47 OpenPos=2 UTC=2026.03.03 15:45 DayOfWeek=2 WeekendCloseActive=NO NewTradeBlocked=NO | 89500.000000
OE	0	08:46:22.170	Cazyxio_v4.0 (EURUSD,M15)	2026.03.03 15:46:22 | HEARTBEAT | SYSTEM | EA alive. Tick=89600 Equity=47866.52 OpenPos=2 UTC=2026.03.03 15:46 DayOfWeek=2 WeekendCloseActive=NO NewTradeBlocked=NO | 89600.000000
KI	0	08:47:04.384	Cazyxio_v4.0 (EURUSD,M15)	2026.03.03 15:47:04 | HEARTBEAT | SYSTEM | EA alive. Tick=89700 Equity=47829.77 OpenPos=2 UTC=2026.03.03 15:47 DayOfWeek=2 WeekendCloseActive=NO NewTradeBlocked=NO | 89700.000000
NM	0	08:47:42.212	Cazyxio_v4.0 (EURUSD,M15)	2026.03.03 15:47:42 | HEARTBEAT | SYSTEM | EA alive. Tick=89800 Equity=47816.32 OpenPos=2 UTC=2026.03.03 15:47 DayOfWeek=2 WeekendCloseActive=NO NewTradeBlocked=NO | 89800.000000
HQ	0	08:48:21.814	Cazyxio_v4.0 (EURUSD,M15)	2026.03.03 15:48:21 | HEARTBEAT | SYSTEM | EA alive. Tick=89900 Equity=47858.06 OpenPos=2 UTC=2026.03.03 15:48 DayOfWeek=2 WeekendCloseActive=NO NewTradeBlocked=NO | 89900.000000
EE	0	08:48:56.925	Cazyxio_v4.0 (EURUSD,M15)	2026.03.03 15:48:56 | HEARTBEAT | SYSTEM | EA alive. Tick=90000 Equity=47921.58 OpenPos=2 UTC=2026.03.03 15:48 DayOfWeek=2 WeekendCloseActive=NO NewTradeBlocked=NO | 90000.000000
KI	0	08:49:33.631	Cazyxio_v4.0 (EURUSD,M15)	2026.03.03 15:49:33 | HEARTBEAT | SYSTEM | EA alive. Tick=90100 Equity=47881.70 OpenPos=2 UTC=2026.03.03 15:49 DayOfWeek=2 WeekendCloseActive=NO NewTradeBlocked=NO | 90100.000000
OM	0	08:50:05.667	Cazyxio_v4.0 (EURUSD,M15)	2026.03.03 15:50:05 | HEARTBEAT | SYSTEM | EA alive. Tick=90200 Equity=47876.33 OpenPos=2 UTC=2026.03.03 15:50 DayOfWeek=2 WeekendCloseActive=NO NewTradeBlocked=NO | 90200.000000
PQ	0	08:50:40.189	Cazyxio_v4.0 (EURUSD,M15)	2026.03.03 15:50:40 | HEARTBEAT | SYSTEM | EA alive. Tick=90300 Equity=47986.08 OpenPos=2 UTC=2026.03.03 15:50 DayOfWeek=2 WeekendCloseActive=NO NewTradeBlocked=NO | 90300.000000
JE	0	08:51:17.438	Cazyxio_v4.0 (EURUSD,M15)	2026.03.03 15:51:17 | HEARTBEAT | SYSTEM | EA alive. Tick=90400 Equity=47902.55 OpenPos=2 UTC=2026.03.03 15:51 DayOfWeek=2 WeekendCloseActive=NO NewTradeBlocked=NO | 90400.000000
PI	0	08:51:53.338	Cazyxio_v4.0 (EURUSD,M15)	2026.03.03 15:51:53 | HEARTBEAT | SYSTEM | EA alive. Tick=90500 Equity=47903.95 OpenPos=2 UTC=2026.03.03 15:51 DayOfWeek=2 WeekendCloseActive=NO NewTradeBlocked=NO | 90500.000000
IM	0	08:52:32.945	Cazyxio_v4.0 (EURUSD,M15)	2026.03.03 15:52:32 | HEARTBEAT | SYSTEM | EA alive. Tick=90600 Equity=47910.17 OpenPos=2 UTC=2026.03.03 15:52 DayOfWeek=2 WeekendCloseActive=NO NewTradeBlocked=NO | 90600.000000
NQ	0	08:53:14.005	Cazyxio_v4.0 (EURUSD,M15)	2026.03.03 15:53:14 | HEARTBEAT | SYSTEM | EA alive. Tick=90700 Equity=47912.72 OpenPos=2 UTC=2026.03.03 15:53 DayOfWeek=2 WeekendCloseActive=NO NewTradeBlocked=NO | 90700.000000
RE	0	08:53:49.695	Cazyxio_v4.0 (EURUSD,M15)	2026.03.03 15:53:49 | HEARTBEAT | SYSTEM | EA alive. Tick=90800 Equity=47911.58 OpenPos=2 UTC=2026.03.03 15:53 DayOfWeek=2 WeekendCloseActive=NO NewTradeBlocked=NO | 90800.000000
CI	0	08:54:35.268	Cazyxio_v4.0 (EURUSD,M15)	2026.03.03 15:54:35 | HEARTBEAT | SYSTEM | EA alive. Tick=90900 Equity=47779.65 OpenPos=2 UTC=2026.03.03 15:54 DayOfWeek=2 WeekendCloseActive=NO NewTradeBlocked=NO | 90900.000000
JM	0	08:55:14.902	Cazyxio_v4.0 (EURUSD,M15)	2026.03.03 15:55:14 | HEARTBEAT | SYSTEM | EA alive. Tick=91000 Equity=47785.89 OpenPos=2 UTC=2026.03.03 15:55 DayOfWeek=2 WeekendCloseActive=NO NewTradeBlocked=NO | 91000.000000
NQ	0	08:55:47.876	Cazyxio_v4.0 (EURUSD,M15)	2026.03.03 15:55:47 | HEARTBEAT | SYSTEM | EA alive. Tick=91100 Equity=47818.51 OpenPos=2 UTC=2026.03.03 15:55 DayOfWeek=2 WeekendCloseActive=NO NewTradeBlocked=NO | 91100.000000
JE	0	08:56:21.298	Cazyxio_v4.0 (EURUSD,M15)	2026.03.03 15:56:21 | HEARTBEAT | SYSTEM | EA alive. Tick=91200 Equity=47807.69 OpenPos=2 UTC=2026.03.03 15:56 DayOfWeek=2 WeekendCloseActive=NO NewTradeBlocked=NO | 91200.000000
JI	0	08:56:57.741	Cazyxio_v4.0 (EURUSD,M15)	2026.03.03 15:56:57 | HEARTBEAT | SYSTEM | EA alive. Tick=91300 Equity=47828.21 OpenPos=2 UTC=2026.03.03 15:56 DayOfWeek=2 WeekendCloseActive=NO NewTradeBlocked=NO | 91300.000000
CM	0	08:57:33.173	Cazyxio_v4.0 (EURUSD,M15)	2026.03.03 15:57:33 | HEARTBEAT | SYSTEM | EA alive. Tick=91400 Equity=47814.94 OpenPos=2 UTC=2026.03.03 15:57 DayOfWeek=2 WeekendCloseActive=NO NewTradeBlocked=NO | 91400.000000
DQ	0	08:58:03.773	Cazyxio_v4.0 (EURUSD,M15)	2026.03.03 15:58:03 | HEARTBEAT | SYSTEM | EA alive. Tick=91500 Equity=47787.22 OpenPos=2 UTC=2026.03.03 15:58 DayOfWeek=2 WeekendCloseActive=NO NewTradeBlocked=NO | 91500.000000
EE	0	08:58:42.016	Cazyxio_v4.0 (EURUSD,M15)	2026.03.03 15:58:42 | HEARTBEAT | SYSTEM | EA alive. Tick=91600 Equity=47826.65 OpenPos=2 UTC=2026.03.03 15:58 DayOfWeek=2 WeekendCloseActive=NO NewTradeBlocked=NO | 91600.000000
OI	0	08:59:19.846	Cazyxio_v4.0 (EURUSD,M15)	2026.03.03 15:59:19 | HEARTBEAT | SYSTEM | EA alive. Tick=91700 Equity=47846.52 OpenPos=2 UTC=2026.03.03 15:59 DayOfWeek=2 WeekendCloseActive=NO NewTradeBlocked=NO | 91700.000000
NM	0	09:00:00.420	Cazyxio_v4.0 (EURUSD,M15)	2026.03.03 16:00:00 | HEARTBEAT | SYSTEM | EA alive. Tick=91800 Equity=47841.24 OpenPos=2 UTC=2026.03.03 16:00 DayOfWeek=2 WeekendCloseActive=NO NewTradeBlocked=NO | 91800.000000
LQ	0	09:00:01.927	Cazyxio_v4.0 (EURUSD,M15)	2026.03.03 16:00:01 | BAR | GBPUSD | close=1.33009 h4ema200=1.35242 h4slope=DOWN ema50=1.33195 atr=0.001746 atrSma=0.001276 atrRatio=1.368 dir=SHORT spread=23.0 spreadOK=YES atrGate=PASS touch=FAIL momCandle=momClosePos=0.500 momOk=N ema50Ok=Y barRange=0.000000 trigger=NO hasPos=YES portRisk=1.00% openPos=2 | 1.330090
DO	0	09:00:01.927	Cazyxio_v4.0 (EURUSD,M15)	2026.03.03 16:00:01 | TRAIL_SKIP | GBPUSD | Trail not yet active. ProfitDist=-0.00175 ActivateAt=0.00370 (1.5R). ticket=4363213
CP	0	09:00:01.927	Cazyxio_v4.0 (EURUSD,M15)	2026.03.03 16:00:01 | BAR | EURUSD | close=1.15723 h4ema200=1.17856 h4slope=DOWN ema50=1.16139 atr=0.001529 atrSma=0.000961 atrRatio=1.590 dir=SHORT spread=14.0 spreadOK=YES atrGate=PASS touch=FAIL momCandle=momClosePos=0.500 momOk=N ema50Ok=Y barRange=0.000000 trigger=NO hasPos=NO portRisk=1.00% openPos=2 | 1.157230
NP	0	09:00:01.927	Cazyxio_v4.0 (EURUSD,M15)	2026.03.03 16:00:01 | GATE_FAIL | EURUSD | Touch/pullback gate FAIL. Price has not approached EMA50 within last 12 bars (within 1.00 ATR). v4.0 tolerance=1.00x (widened from 0.40x).
HN	0	09:00:01.927	Cazyxio_v4.0 (EURUSD,M15)	2026.03.03 16:00:01 | BAR | USDJPY | close=157.837 h4ema200=155.561 h4slope=UP ema50=157.642 atr=0.131143 atrSma=0.123664 atrRatio=1.060 dir=LONG spread=17.0 spreadOK=YES atrGate=PASS touch=PASS momCandle=momClosePos=0.500 momOk=N ema50Ok=Y barRange=0.000000 trigger=NO hasPos=YES portRisk=1.00% openPos=2 | 157.837000
EK	0	09:00:01.927	Cazyxio_v4.0 (EURUSD,M15)	2026.03.03 16:00:01 | TRAIL_SKIP | USDJPY | Trail not yet active. ProfitDist=0.141 ActivateAt=0.321 (1.5R). ticket=4343339
HQ	0	09:00:01.927	Cazyxio_v4.0 (EURUSD,M15)	2026.03.03 16:00:01 | BAR | AUDUSD | close=0.69945 h4ema200=0.69850 h4slope=UP ema50=0.70324 atr=0.001689 atrSma=0.001064 atrRatio=1.587 dir=LONG spread=19.0 spreadOK=YES atrGate=PASS touch=FAIL momCandle=momClosePos=0.500 momOk=N ema50Ok=Y barRange=0.000000 trigger=NO hasPos=NO portRisk=1.00% openPos=2 | 0.699450
LM	0	09:00:01.927	Cazyxio_v4.0 (EURUSD,M15)	2026.03.03 16:00:01 | GATE_FAIL | AUDUSD | Touch/pullback gate FAIL. Price has not approached EMA50 within last 12 bars (within 1.00 ATR). v4.0 tolerance=1.00x (widened from 0.40x).
JG	0	09:00:01.927	Cazyxio_v4.0 (EURUSD,M15)	2026.03.03 16:00:01 | BAR | GBPJPY | close=209.938 h4ema200=210.392 h4slope=DOWN ema50=209.976 atr=0.259643 atrSma=0.184721 atrRatio=1.406 dir=SHORT spread=43.0 spreadOK=NO atrGate=PASS touch=PASS momCandle=momClosePos=0.500 momOk=N ema50Ok=Y barRange=0.000000 trigger=NO hasPos=NO portRisk=1.00% openPos=2 | 209.938000
LK	0	09:00:01.927	Cazyxio_v4.0 (EURUSD,M15)	2026.03.03 16:00:01 | GATE_FAIL | GBPJPY | Spread too wide. Spread=43.0 Max=30 points.
JD	0	09:00:01.927	Cazyxio_v4.0 (EURUSD,M15)	2026.03.03 16:00:01 | BAR | USDCAD | close=1.37025 h4ema200=1.36888 h4slope=DOWN ema50=1.36972 atr=0.001493 atrSma=0.000891 atrRatio=1.675 dir=NONE spread=25.0 spreadOK=YES atrGate=PASS touch=FAIL momCandle= trigger=NO hasPos=NO portRisk=1.00% openPos=2 | 1.370250
NM	0	09:00:01.927	Cazyxio_v4.0 (EURUSD,M15)	2026.03.03 16:00:01 | GATE_FAIL | USDCAD | No directional bias. h4slope=DOWN closeNow=1.37025 h4ema200=1.36888. Need H4 slope + price on correct side of H4 EMA200.
FI	0	09:00:33.077	Cazyxio_v4.0 (EURUSD,M15)	2026.03.03 16:00:33 | HEARTBEAT | SYSTEM | EA alive. Tick=91900 Equity=47847.59 OpenPos=2 UTC=2026.03.03 16:00 DayOfWeek=2 WeekendCloseActive=NO NewTradeBlocked=NO | 91900.000000
HM	0	09:01:10.535	Cazyxio_v4.0 (EURUSD,M15)	2026.03.03 16:01:10 | HEARTBEAT | SYSTEM | EA alive. Tick=92000 Equity=47868.05 OpenPos=2 UTC=2026.03.03 16:01 DayOfWeek=2 WeekendCloseActive=NO NewTradeBlocked=NO | 92000.000000
DQ	0	09:01:48.635	Cazyxio_v4.0 (EURUSD,M15)	2026.03.03 16:01:48 | HEARTBEAT | SYSTEM | EA alive. Tick=92100 Equity=47888.95 OpenPos=2 UTC=2026.03.03 16:01 DayOfWeek=2 WeekendCloseActive=NO NewTradeBlocked=NO | 92100.000000
EE	0	09:02:22.321	Cazyxio_v4.0 (EURUSD,M15)	2026.03.03 16:02:22 | HEARTBEAT | SYSTEM | EA alive. Tick=92200 Equity=47911.94 OpenPos=2 UTC=2026.03.03 16:02 DayOfWeek=2 WeekendCloseActive=NO NewTradeBlocked=NO | 92200.000000
KI	0	09:02:54.242	Cazyxio_v4.0 (EURUSD,M15)	2026.03.03 16:02:54 | HEARTBEAT | SYSTEM | EA alive. Tick=92300 Equity=47936.42 OpenPos=2 UTC=2026.03.03 16:02 DayOfWeek=2 WeekendCloseActive=NO NewTradeBlocked=NO | 92300.000000
MM	0	09:03:32.910	Cazyxio_v4.0 (EURUSD,M15)	2026.03.03 16:03:32 | HEARTBEAT | SYSTEM | EA alive. Tick=92400 Equity=47885.00 OpenPos=2 UTC=2026.03.03 16:03 DayOfWeek=2 WeekendCloseActive=NO NewTradeBlocked=NO | 92400.000000
KQ	0	09:04:12.988	Cazyxio_v4.0 (EURUSD,M15)	2026.03.03 16:04:12 | HEARTBEAT | SYSTEM | EA alive. Tick=92500 Equity=47890.22 OpenPos=2 UTC=2026.03.03 16:04 DayOfWeek=2 WeekendCloseActive=NO NewTradeBlocked=NO | 92500.000000
CE	0	09:04:43.621	Cazyxio_v4.0 (EURUSD,M15)	2026.03.03 16:04:43 | HEARTBEAT | SYSTEM | EA alive. Tick=92600 Equity=47833.58 OpenPos=2 UTC=2026.03.03 16:04 DayOfWeek=2 WeekendCloseActive=NO NewTradeBlocked=NO | 92600.000000
II	0	09:05:17.392	Cazyxio_v4.0 (EURUSD,M15)	2026.03.03 16:05:17 | HEARTBEAT | SYSTEM | EA alive. Tick=92700 Equity=47830.61 OpenPos=1 UTC=2026.03.03 16:05 DayOfWeek=2 WeekendCloseActive=NO NewTradeBlocked=NO | 92700.000000
PM	0	09:05:53.798	Cazyxio_v4.0 (EURUSD,M15)	2026.03.03 16:05:53 | HEARTBEAT | SYSTEM | EA alive. Tick=92800 Equity=47777.97 OpenPos=1 UTC=2026.03.03 16:05 DayOfWeek=2 WeekendCloseActive=NO NewTradeBlocked=NO | 92800.000000
OQ	0	09:06:34.980	Cazyxio_v4.0 (EURUSD,M15)	2026.03.03 16:06:34 | HEARTBEAT | SYSTEM | EA alive. Tick=92900 Equity=47782.45 OpenPos=1 UTC=2026.03.03 16:06 DayOfWeek=2 WeekendCloseActive=NO NewTradeBlocked=NO | 92900.000000
OE	0	09:07:15.937	Cazyxio_v4.0 (EURUSD,M15)	2026.03.03 16:07:15 | HEARTBEAT | SYSTEM | EA alive. Tick=93000 Equity=47775.73 OpenPos=1 UTC=2026.03.03 16:07 DayOfWeek=2 WeekendCloseActive=NO NewTradeBlocked=NO | 93000.000000
PI	0	09:07:56.854	Cazyxio_v4.0 (EURUSD,M15)	2026.03.03 16:07:56 | HEARTBEAT | SYSTEM | EA alive. Tick=93100 Equity=47784.69 OpenPos=1 UTC=2026.03.03 16:07 DayOfWeek=2 WeekendCloseActive=NO NewTradeBlocked=NO | 93100.000000
DM	0	09:08:31.130	Cazyxio_v4.0 (EURUSD,M15)	2026.03.03 16:08:31 | HEARTBEAT | SYSTEM | EA alive. Tick=93200 Equity=47851.88 OpenPos=1 UTC=2026.03.03 16:08 DayOfWeek=2 WeekendCloseActive=NO NewTradeBlocked=NO | 93200.000000
EQ	0	09:09:14.716	Cazyxio_v4.0 (EURUSD,M15)	2026.03.03 16:09:14 | HEARTBEAT | SYSTEM | EA alive. Tick=93300 Equity=47851.88 OpenPos=1 UTC=2026.03.03 16:09 DayOfWeek=2 WeekendCloseActive=NO NewTradeBlocked=NO | 93300.000000
JE	0	09:09:52.498	Cazyxio_v4.0 (EURUSD,M15)	2026.03.03 16:09:52 | HEARTBEAT | SYSTEM | EA alive. Tick=93400 Equity=47851.88 OpenPos=1 UTC=2026.03.03 16:09 DayOfWeek=2 WeekendCloseActive=NO NewTradeBlocked=NO | 93400.000000
FI	0	09:10:23.575	Cazyxio_v4.0 (EURUSD,M15)	2026.03.03 16:10:23 | HEARTBEAT | SYSTEM | EA alive. Tick=93500 Equity=47838.45 OpenPos=1 UTC=2026.03.03 16:10 DayOfWeek=2 WeekendCloseActive=NO NewTradeBlocked=NO | 93500.000000
IM	0	09:11:01.084	Cazyxio_v4.0 (EURUSD,M15)	2026.03.03 16:11:01 | HEARTBEAT | SYSTEM | EA alive. Tick=93600 Equity=47850.77 OpenPos=1 UTC=2026.03.03 16:11 DayOfWeek=2 WeekendCloseActive=NO NewTradeBlocked=NO | 93600.000000
GQ	0	09:11:47.780	Cazyxio_v4.0 (EURUSD,M15)	2026.03.03 16:11:47 | HEARTBEAT | SYSTEM | EA alive. Tick=93700 Equity=47851.88 OpenPos=1 UTC=2026.03.03 16:11 DayOfWeek=2 WeekendCloseActive=NO NewTradeBlocked=NO | 93700.000000
GE	0	09:12:27.934	Cazyxio_v4.0 (EURUSD,M15)	2026.03.03 16:12:27 | HEARTBEAT | SYSTEM | EA alive. Tick=93800 Equity=47853.00 OpenPos=1 UTC=2026.03.03 16:12 DayOfWeek=2 WeekendCloseActive=NO NewTradeBlocked=NO | 93800.000000
KI	0	09:13:13.850	Cazyxio_v4.0 (EURUSD,M15)	2026.03.03 16:13:13 | HEARTBEAT | SYSTEM | EA alive. Tick=93900 Equity=47839.57 OpenPos=1 UTC=2026.03.03 16:13 DayOfWeek=2 WeekendCloseActive=NO NewTradeBlocked=NO | 93900.000000
EM	0	09:13:48.148	Cazyxio_v4.0 (EURUSD,M15)	2026.03.03 16:13:48 | HEARTBEAT | SYSTEM | EA alive. Tick=94000 Equity=47791.41 OpenPos=1 UTC=2026.03.03 16:13 DayOfWeek=2 WeekendCloseActive=NO NewTradeBlocked=NO | 94000.000000
CQ	0	09:14:32.958	Cazyxio_v4.0 (EURUSD,M15)	2026.03.03 16:14:32 | HEARTBEAT | SYSTEM | EA alive. Tick=94100 Equity=47749.95 OpenPos=1 UTC=2026.03.03 16:14 DayOfWeek=2 WeekendCloseActive=NO NewTradeBlocked=NO | 94100.000000
PH	0	09:15:01.824	Cazyxio_v4.0 (EURUSD,M15)	2026.03.03 16:15:01 | BAR | EURUSD | close=1.15883 h4ema200=1.17857 h4slope=DOWN ema50=1.16135 atr=0.001610 atrSma=0.000967 atrRatio=1.665 dir=SHORT spread=19.0 spreadOK=YES atrGate=PASS touch=FAIL momCandle=momClosePos=0.500 momOk=N ema50Ok=Y barRange=0.000000 trigger=NO hasPos=NO portRisk=0.50% openPos=1 | 1.158830
JI	0	09:15:01.824	Cazyxio_v4.0 (EURUSD,M15)	2026.03.03 16:15:01 | GATE_FAIL | EURUSD | Touch/pullback gate FAIL. Price has not approached EMA50 within last 12 bars (within 1.00 ATR). v4.0 tolerance=1.00x (widened from 0.40x).
KF	0	09:15:02.073	Cazyxio_v4.0 (EURUSD,M15)	2026.03.03 16:15:02 | BAR | GBPUSD | close=1.33099 h4ema200=1.35243 h4slope=DOWN ema50=1.33195 atr=0.001757 atrSma=0.001278 atrRatio=1.375 dir=SHORT spread=23.0 spreadOK=YES atrGate=PASS touch=PASS momCandle=momClosePos=0.500 momOk=N ema50Ok=Y barRange=0.000000 trigger=NO hasPos=NO portRisk=0.50% openPos=1 | 1.330990
JQ	0	09:15:02.073	Cazyxio_v4.0 (EURUSD,M15)	2026.03.03 16:15:02 | GATE_FAIL | GBPUSD | Momentum candle FAIL. dir=SHORT close=1.33099 ema50=1.33195 momClosePos=0.500 momOk=N ema50Ok=Y barRange=0.000000. Close not in 35% zone.
MM	0	09:15:02.073	Cazyxio_v4.0 (EURUSD,M15)	2026.03.03 16:15:02 | BAR | USDJPY | close=157.810 h4ema200=155.560 h4slope=UP ema50=157.647 atr=0.130071 atrSma=0.123731 atrRatio=1.051 dir=LONG spread=17.0 spreadOK=YES atrGate=PASS touch=PASS momCandle=momClosePos=0.500 momOk=N ema50Ok=Y barRange=0.000000 trigger=NO hasPos=YES portRisk=0.50% openPos=1 | 157.810000
OL	0	09:15:02.073	Cazyxio_v4.0 (EURUSD,M15)	2026.03.03 16:15:02 | TRAIL_SKIP | USDJPY | Trail not yet active. ProfitDist=0.114 ActivateAt=0.321 (1.5R). ticket=4343339
KL	0	09:15:02.073	Cazyxio_v4.0 (EURUSD,M15)	2026.03.03 16:15:02 | BAR | AUDUSD | close=0.70121 h4ema200=0.69852 h4slope=UP ema50=0.70322 atr=0.001771 atrSma=0.001072 atrRatio=1.652 dir=LONG spread=20.0 spreadOK=YES atrGate=PASS touch=FAIL momCandle=momClosePos=0.500 momOk=N ema50Ok=Y barRange=0.000000 trigger=NO hasPos=NO portRisk=0.50% openPos=1 | 0.701210
NN	0	09:15:02.073	Cazyxio_v4.0 (EURUSD,M15)	2026.03.03 16:15:02 | GATE_FAIL | AUDUSD | Touch/pullback gate FAIL. Price has not approached EMA50 within last 12 bars (within 1.00 ATR). v4.0 tolerance=1.00x (widened from 0.40x).
GD	0	09:15:02.073	Cazyxio_v4.0 (EURUSD,M15)	2026.03.03 16:15:02 | BAR | GBPJPY | close=210.044 h4ema200=210.393 h4slope=DOWN ema50=209.982 atr=0.263429 atrSma=0.185201 atrRatio=1.422 dir=SHORT spread=44.0 spreadOK=NO atrGate=PASS touch=PASS momCandle=momClosePos=0.500 momOk=N ema50Ok=Y barRange=0.000000 trigger=NO hasPos=NO portRisk=0.50% openPos=1 | 210.044000
OD	0	09:15:02.073	Cazyxio_v4.0 (EURUSD,M15)	2026.03.03 16:15:02 | GATE_FAIL | GBPJPY | Spread too wide. Spread=44.0 Max=30 points.
PK	0	09:15:02.073	Cazyxio_v4.0 (EURUSD,M15)	2026.03.03 16:15:02 | BAR | USDCAD | close=1.36736 h4ema200=1.36885 h4slope=DOWN ema50=1.36952 atr=0.001641 atrSma=0.000899 atrRatio=1.827 dir=SHORT spread=28.0 spreadOK=YES atrGate=PASS touch=PASS momCandle=momClosePos=0.500 momOk=N ema50Ok=Y barRange=0.000000 trigger=NO hasPos=NO portRisk=0.50% openPos=1 | 1.367360
FD	0	09:15:02.073	Cazyxio_v4.0 (EURUSD,M15)	2026.03.03 16:15:02 | GATE_FAIL | USDCAD | Momentum candle FAIL. dir=SHORT close=1.36736 ema50=1.36952 momClosePos=0.500 momOk=N ema50Ok=Y barRange=0.000000. Close not in 35% zone.
GM	0	09:15:11.379	Cazyxio_v4.0 (EURUSD,M15)	2026.03.03 16:15:11 | HEARTBEAT | SYSTEM | EA alive. Tick=94200 Equity=47739.87 OpenPos=1 UTC=2026.03.03 16:15 DayOfWeek=2 WeekendCloseActive=NO NewTradeBlocked=NO | 94200.000000
QQ	0	09:15:44.457	Cazyxio_v4.0 (EURUSD,M15)	2026.03.03 16:15:44 | HEARTBEAT | SYSTEM | EA alive. Tick=94300 Equity=47710.72 OpenPos=1 UTC=2026.03.03 16:15 DayOfWeek=2 WeekendCloseActive=NO NewTradeBlocked=NO | 94300.000000
GE	0	09:16:22.110	Cazyxio_v4.0 (EURUSD,M15)	2026.03.03 16:16:22 | HEARTBEAT | SYSTEM | EA alive. Tick=94400 Equity=47720.81 OpenPos=1 UTC=2026.03.03 16:16 DayOfWeek=2 WeekendCloseActive=NO NewTradeBlocked=NO | 94400.000000
DI	0	09:16:55.076	Cazyxio_v4.0 (EURUSD,M15)	2026.03.03 16:16:55 | HEARTBEAT | SYSTEM | EA alive. Tick=94500 Equity=47709.60 OpenPos=1 UTC=2026.03.03 16:16 DayOfWeek=2 WeekendCloseActive=NO NewTradeBlocked=NO | 94500.000000
GM	0	09:17:39.464	Cazyxio_v4.0 (EURUSD,M15)	2026.03.03 16:17:39 | HEARTBEAT | SYSTEM | EA alive. Tick=94600 Equity=47725.29 OpenPos=1 UTC=2026.03.03 16:17 DayOfWeek=2 WeekendCloseActive=NO NewTradeBlocked=NO | 94600.000000
QQ	0	09:18:17.793	Cazyxio_v4.0 (EURUSD,M15)	2026.03.03 16:18:17 | HEARTBEAT | SYSTEM | EA alive. Tick=94700 Equity=47726.42 OpenPos=1 UTC=2026.03.03 16:18 DayOfWeek=2 WeekendCloseActive=NO NewTradeBlocked=NO | 94700.000000
FE	0	09:18:59.570	Cazyxio_v4.0 (EURUSD,M15)	2026.03.03 16:18:59 | HEARTBEAT | SYSTEM | EA alive. Tick=94800 Equity=47761.16 OpenPos=1 UTC=2026.03.03 16:18 DayOfWeek=2 WeekendCloseActive=NO NewTradeBlocked=NO | 94800.000000
QI	0	09:19:32.279	Cazyxio_v4.0 (EURUSD,M15)	2026.03.03 16:19:32 | HEARTBEAT | SYSTEM | EA alive. Tick=94900 Equity=47745.47 OpenPos=1 UTC=2026.03.03 16:19 DayOfWeek=2 WeekendCloseActive=NO NewTradeBlocked=NO | 94900.000000
EM	0	09:20:16.416	Cazyxio_v4.0 (EURUSD,M15)	2026.03.03 16:20:16 | HEARTBEAT | SYSTEM | EA alive. Tick=95000 Equity=47780.21 OpenPos=1 UTC=2026.03.03 16:20 DayOfWeek=2 WeekendCloseActive=NO NewTradeBlocked=NO | 95000.000000
NQ	0	09:20:55.523	Cazyxio_v4.0 (EURUSD,M15)	2026.03.03 16:20:55 | HEARTBEAT | SYSTEM | EA alive. Tick=95100 Equity=47764.52 OpenPos=1 UTC=2026.03.03 16:20 DayOfWeek=2 WeekendCloseActive=NO NewTradeBlocked=NO | 95100.000000
OE	0	09:21:41.398	Cazyxio_v4.0 (EURUSD,M15)	2026.03.03 16:21:41 | HEARTBEAT | SYSTEM | EA alive. Tick=95200 Equity=47747.71 OpenPos=1 UTC=2026.03.03 16:21 DayOfWeek=2 WeekendCloseActive=NO NewTradeBlocked=NO | 95200.000000
II	0	09:22:24.910	Cazyxio_v4.0 (EURUSD,M15)	2026.03.03 16:22:24 | HEARTBEAT | SYSTEM | EA alive. Tick=95300 Equity=47742.11 OpenPos=1 UTC=2026.03.03 16:22 DayOfWeek=2 WeekendCloseActive=NO NewTradeBlocked=NO | 95300.000000
NM	0	09:22:59.511	Cazyxio_v4.0 (EURUSD,M15)	2026.03.03 16:22:59 | HEARTBEAT | SYSTEM | EA alive. Tick=95400 Equity=47758.92 OpenPos=1 UTC=2026.03.03 16:22 DayOfWeek=2 WeekendCloseActive=NO NewTradeBlocked=NO | 95400.000000
JQ	0	09:23:43.728	Cazyxio_v4.0 (EURUSD,M15)	2026.03.03 16:23:43 | HEARTBEAT | SYSTEM | EA alive. Tick=95500 Equity=47732.02 OpenPos=1 UTC=2026.03.03 16:23 DayOfWeek=2 WeekendCloseActive=NO NewTradeBlocked=NO | 95500.000000
LE	0	09:24:27.160	Cazyxio_v4.0 (EURUSD,M15)	2026.03.03 16:24:27 | HEARTBEAT | SYSTEM | EA alive. Tick=95600 Equity=47666.98 OpenPos=1 UTC=2026.03.03 16:24 DayOfWeek=2 WeekendCloseActive=NO NewTradeBlocked=NO | 95600.000000
NI	0	09:25:05.528	Cazyxio_v4.0 (EURUSD,M15)	2026.03.03 16:25:05 | HEARTBEAT | SYSTEM | EA alive. Tick=95700 Equity=47681.56 OpenPos=1 UTC=2026.03.03 16:25 DayOfWeek=2 WeekendCloseActive=NO NewTradeBlocked=NO | 95700.000000
LM	0	09:25:48.397	Cazyxio_v4.0 (EURUSD,M15)	2026.03.03 16:25:48 | HEARTBEAT | SYSTEM | EA alive. Tick=95800 Equity=47720.81 OpenPos=1 UTC=2026.03.03 16:25 DayOfWeek=2 WeekendCloseActive=NO NewTradeBlocked=NO | 95800.000000
CQ	0	09:26:38.811	Cazyxio_v4.0 (EURUSD,M15)	2026.03.03 16:26:38 | HEARTBEAT | SYSTEM | EA alive. Tick=95900 Equity=47723.05 OpenPos=1 UTC=2026.03.03 16:26 DayOfWeek=2 WeekendCloseActive=NO NewTradeBlocked=NO | 95900.000000
PE	0	09:27:24.745	Cazyxio_v4.0 (EURUSD,M15)	2026.03.03 16:27:24 | HEARTBEAT | SYSTEM | EA alive. Tick=96000 Equity=47744.35 OpenPos=1 UTC=2026.03.03 16:27 DayOfWeek=2 WeekendCloseActive=NO NewTradeBlocked=NO | 96000.000000
GI	0	09:28:10.209	Cazyxio_v4.0 (EURUSD,M15)	2026.03.03 16:28:10 | HEARTBEAT | SYSTEM | EA alive. Tick=96100 Equity=47735.38 OpenPos=1 UTC=2026.03.03 16:28 DayOfWeek=2 WeekendCloseActive=NO NewTradeBlocked=NO | 96100.000000
PM	0	09:28:55.095	Cazyxio_v4.0 (EURUSD,M15)	2026.03.03 16:28:55 | HEARTBEAT | SYSTEM | EA alive. Tick=96200 Equity=47751.07 OpenPos=1 UTC=2026.03.03 16:28 DayOfWeek=2 WeekendCloseActive=NO NewTradeBlocked=NO | 96200.000000
GQ	0	09:29:46.569	Cazyxio_v4.0 (EURUSD,M15)	2026.03.03 16:29:46 | HEARTBEAT | SYSTEM | EA alive. Tick=96300 Equity=47756.68 OpenPos=1 UTC=2026.03.03 16:29 DayOfWeek=2 WeekendCloseActive=NO NewTradeBlocked=NO | 96300.000000
FH	0	09:30:01.958	Cazyxio_v4.0 (EURUSD,M15)	2026.03.03 16:30:01 | BAR | GBPUSD | close=1.33096 h4ema200=1.35243 h4slope=DOWN ema50=1.33191 atr=0.001730 atrSma=0.001278 atrRatio=1.353 dir=SHORT spread=23.0 spreadOK=YES atrGate=PASS touch=PASS momCandle=momClosePos=0.500 momOk=N ema50Ok=Y barRange=0.000000 trigger=NO hasPos=NO portRisk=0.50% openPos=1 | 1.330960
IJ	0	09:30:01.958	Cazyxio_v4.0 (EURUSD,M15)	2026.03.03 16:30:01 | GATE_FAIL | GBPUSD | Momentum candle FAIL. dir=SHORT close=1.33096 ema50=1.33191 momClosePos=0.500 momOk=N ema50Ok=Y barRange=0.000000. Close not in 35% zone.
PF	0	09:30:01.958	Cazyxio_v4.0 (EURUSD,M15)	2026.03.03 16:30:01 | BAR | EURUSD | close=1.15861 h4ema200=1.17857 h4slope=DOWN ema50=1.16123 atr=0.001603 atrSma=0.000972 atrRatio=1.650 dir=SHORT spread=18.0 spreadOK=YES atrGate=PASS touch=FAIL momCandle=momClosePos=0.500 momOk=N ema50Ok=Y barRange=0.000000 trigger=NO hasPos=NO portRisk=0.50% openPos=1 | 1.158610
DR	0	09:30:01.958	Cazyxio_v4.0 (EURUSD,M15)	2026.03.03 16:30:01 | GATE_FAIL | EURUSD | Touch/pullback gate FAIL. Price has not approached EMA50 within last 12 bars (within 1.00 ATR). v4.0 tolerance=1.00x (widened from 0.40x).
NM	0	09:30:01.958	Cazyxio_v4.0 (EURUSD,M15)	2026.03.03 16:30:01 | BAR | USDJPY | close=157.823 h4ema200=155.560 h4slope=UP ema50=157.655 atr=0.128571 atrSma=0.123826 atrRatio=1.038 dir=LONG spread=17.0 spreadOK=YES atrGate=PASS touch=PASS momCandle=momClosePos=0.500 momOk=N ema50Ok=Y barRange=0.000000 trigger=NO hasPos=YES portRisk=0.50% openPos=1 | 157.823000
GM	0	09:30:01.958	Cazyxio_v4.0 (EURUSD,M15)	2026.03.03 16:30:01 | TRAIL_SKIP | USDJPY | Trail not yet active. ProfitDist=0.127 ActivateAt=0.321 (1.5R). ticket=4343339
GO	0	09:30:01.958	Cazyxio_v4.0 (EURUSD,M15)	2026.03.03 16:30:01 | BAR | AUDUSD | close=0.70112 h4ema200=0.69852 h4slope=UP ema50=0.70314 atr=0.001769 atrSma=0.001078 atrRatio=1.641 dir=LONG spread=20.0 spreadOK=YES atrGate=PASS touch=FAIL momCandle=momClosePos=0.500 momOk=N ema50Ok=Y barRange=0.000000 trigger=NO hasPos=NO portRisk=0.50% openPos=1 | 0.701120
FO	0	09:30:01.958	Cazyxio_v4.0 (EURUSD,M15)	2026.03.03 16:30:01 | GATE_FAIL | AUDUSD | Touch/pullback gate FAIL. Price has not approached EMA50 within last 12 bars (within 1.00 ATR). v4.0 tolerance=1.00x (widened from 0.40x).
KD	0	09:30:01.958	Cazyxio_v4.0 (EURUSD,M15)	2026.03.03 16:30:01 | BAR | GBPJPY | close=210.058 h4ema200=210.394 h4slope=DOWN ema50=209.986 atr=0.260786 atrSma=0.185571 atrRatio=1.405 dir=SHORT spread=43.0 spreadOK=NO atrGate=PASS touch=PASS momCandle=momClosePos=0.500 momOk=N ema50Ok=Y barRange=0.000000 trigger=NO hasPos=NO portRisk=0.50% openPos=1 | 210.058000
FE	0	09:30:01.958	Cazyxio_v4.0 (EURUSD,M15)	2026.03.03 16:30:01 | GATE_FAIL | GBPJPY | Spread too wide. Spread=43.0 Max=30 points.
PK	0	09:30:01.958	Cazyxio_v4.0 (EURUSD,M15)	2026.03.03 16:30:01 | BAR | USDCAD | close=1.36789 h4ema200=1.36886 h4slope=DOWN ema50=1.36948 atr=0.001675 atrSma=0.000904 atrRatio=1.852 dir=SHORT spread=28.0 spreadOK=YES atrGate=PASS touch=PASS momCandle=momClosePos=0.500 momOk=N ema50Ok=Y barRange=0.000000 trigger=NO hasPos=NO portRisk=0.50% openPos=1 | 1.367890
GE	0	09:30:01.958	Cazyxio_v4.0 (EURUSD,M15)	2026.03.03 16:30:01 | GATE_FAIL | USDCAD | Momentum candle FAIL. dir=SHORT close=1.36789 ema50=1.36948 momClosePos=0.500 momOk=N ema50Ok=Y barRange=0.000000. Close not in 35% zone.
FL	0	09:30:22.760	Cazyxio_v4.0 (EURUSD,M15)	2026.03.03 16:30:22 | HEARTBEAT | SYSTEM | EA alive. Tick=96400 Equity=47765.64 OpenPos=1 UTC=2026.03.03 16:30 DayOfWeek=2 WeekendCloseActive=NO NewTradeBlocked=NO | 96400.000000
HP	0	09:31:02.037	Cazyxio_v4.0 (EURUSD,M15)	2026.03.03 16:31:02 | HEARTBEAT | SYSTEM | EA alive. Tick=96500 Equity=47755.56 OpenPos=1 UTC=2026.03.03 16:31 DayOfWeek=2 WeekendCloseActive=NO NewTradeBlocked=NO | 96500.000000
PD	0	09:31:43.945	Cazyxio_v4.0 (EURUSD,M15)	2026.03.03 16:31:43 | HEARTBEAT | SYSTEM | EA alive. Tick=96600 Equity=47717.45 OpenPos=1 UTC=2026.03.03 16:31 DayOfWeek=2 WeekendCloseActive=NO NewTradeBlocked=NO | 96600.000000
PH	0	09:32:19.028	Cazyxio_v4.0 (EURUSD,M15)	2026.03.03 16:32:19 | HEARTBEAT | SYSTEM | EA alive. Tick=96700 Equity=47716.32 OpenPos=1 UTC=2026.03.03 16:32 DayOfWeek=2 WeekendCloseActive=NO NewTradeBlocked=NO | 96700.000000
NL	0	09:33:00.121	Cazyxio_v4.0 (EURUSD,M15)	2026.03.03 16:33:00 | HEARTBEAT | SYSTEM | EA alive. Tick=96800 Equity=47691.66 OpenPos=1 UTC=2026.03.03 16:33 DayOfWeek=2 WeekendCloseActive=NO NewTradeBlocked=NO | 96800.000000
RP	0	09:33:36.267	Cazyxio_v4.0 (EURUSD,M15)	2026.03.03 16:33:36 | HEARTBEAT | SYSTEM | EA alive. Tick=96900 Equity=47725.29 OpenPos=1 UTC=2026.03.03 16:33 DayOfWeek=2 WeekendCloseActive=NO NewTradeBlocked=NO | 96900.000000
JD	0	09:34:11.053	Cazyxio_v4.0 (EURUSD,M15)	2026.03.03 16:34:11 | HEARTBEAT | SYSTEM | EA alive. Tick=97000 Equity=47744.35 OpenPos=1 UTC=2026.03.03 16:34 DayOfWeek=2 WeekendCloseActive=NO NewTradeBlocked=NO | 97000.000000
FH	0	09:34:48.144	Cazyxio_v4.0 (EURUSD,M15)	2026.03.03 16:34:48 | HEARTBEAT | SYSTEM | EA alive. Tick=97100 Equity=47770.13 OpenPos=1 UTC=2026.03.03 16:34 DayOfWeek=2 WeekendCloseActive=NO NewTradeBlocked=NO | 97100.000000
HL	0	09:35:27.145	Cazyxio_v4.0 (EURUSD,M15)	2026.03.03 16:35:27 | HEARTBEAT | SYSTEM | EA alive. Tick=97200 Equity=47755.56 OpenPos=1 UTC=2026.03.03 16:35 DayOfWeek=2 WeekendCloseActive=NO NewTradeBlocked=NO | 97200.000000
FP	0	09:36:04.042	Cazyxio_v4.0 (EURUSD,M15)	2026.03.03 16:36:04 | HEARTBEAT | SYSTEM | EA alive. Tick=97300 Equity=47737.62 OpenPos=1 UTC=2026.03.03 16:36 DayOfWeek=2 WeekendCloseActive=NO NewTradeBlocked=NO | 97300.000000
QD	0	09:36:47.103	Cazyxio_v4.0 (EURUSD,M15)	2026.03.03 16:36:47 | HEARTBEAT | SYSTEM | EA alive. Tick=97400 Equity=47721.93 OpenPos=1 UTC=2026.03.03 16:36 DayOfWeek=2 WeekendCloseActive=NO NewTradeBlocked=NO | 97400.000000
RH	0	09:37:28.936	Cazyxio_v4.0 (EURUSD,M15)	2026.03.03 16:37:28 | HEARTBEAT | SYSTEM | EA alive. Tick=97500 Equity=47719.69 OpenPos=1 UTC=2026.03.03 16:37 DayOfWeek=2 WeekendCloseActive=NO NewTradeBlocked=NO | 97500.000000
CL	0	09:38:10.440	Cazyxio_v4.0 (EURUSD,M15)	2026.03.03 16:38:10 | HEARTBEAT | SYSTEM | EA alive. Tick=97600 Equity=47697.26 OpenPos=1 UTC=2026.03.03 16:38 DayOfWeek=2 WeekendCloseActive=NO NewTradeBlocked=NO | 97600.000000
IP	0	09:38:58.949	Cazyxio_v4.0 (EURUSD,M15)	2026.03.03 16:38:58 | HEARTBEAT | SYSTEM | EA alive. Tick=97700 Equity=47691.66 OpenPos=1 UTC=2026.03.03 16:38 DayOfWeek=2 WeekendCloseActive=NO NewTradeBlocked=NO | 97700.000000
HD	0	09:39:35.939	Cazyxio_v4.0 (EURUSD,M15)	2026.03.03 16:39:35 | HEARTBEAT | SYSTEM | EA alive. Tick=97800 Equity=47711.84 OpenPos=1 UTC=2026.03.03 16:39 DayOfWeek=2 WeekendCloseActive=NO NewTradeBlocked=NO | 97800.000000
DH	0	09:40:22.548	Cazyxio_v4.0 (EURUSD,M15)	2026.03.03 16:40:22 | HEARTBEAT | SYSTEM | EA alive. Tick=97900 Equity=47711.84 OpenPos=1 UTC=2026.03.03 16:40 DayOfWeek=2 WeekendCloseActive=NO NewTradeBlocked=NO | 97900.000000
FL	0	09:40:59.970	Cazyxio_v4.0 (EURUSD,M15)	2026.03.03 16:40:59 | HEARTBEAT | SYSTEM | EA alive. Tick=98000 Equity=47721.93 OpenPos=1 UTC=2026.03.03 16:40 DayOfWeek=2 WeekendCloseActive=NO NewTradeBlocked=NO | 98000.000000
OP	0	09:41:40.857	Cazyxio_v4.0 (EURUSD,M15)	2026.03.03 16:41:40 | HEARTBEAT | SYSTEM | EA alive. Tick=98100 Equity=47751.07 OpenPos=1 UTC=2026.03.03 16:41 DayOfWeek=2 WeekendCloseActive=NO NewTradeBlocked=NO | 98100.000000
ID	0	09:42:24.142	Cazyxio_v4.0 (EURUSD,M15)	2026.03.03 16:42:24 | HEARTBEAT | SYSTEM | EA alive. Tick=98200 Equity=47753.32 OpenPos=1 UTC=2026.03.03 16:42 DayOfWeek=2 WeekendCloseActive=NO NewTradeBlocked=NO | 98200.000000
MH	0	09:43:06.833	Cazyxio_v4.0 (EURUSD,M15)	2026.03.03 16:43:06 | HEARTBEAT | SYSTEM | EA alive. Tick=98300 Equity=47764.52 OpenPos=1 UTC=2026.03.03 16:43 DayOfWeek=2 WeekendCloseActive=NO NewTradeBlocked=NO | 98300.000000
FL	0	09:43:43.400	Cazyxio_v4.0 (EURUSD,M15)	2026.03.03 16:43:43 | HEARTBEAT | SYSTEM | EA alive. Tick=98400 Equity=47724.17 OpenPos=1 UTC=2026.03.03 16:43 DayOfWeek=2 WeekendCloseActive=NO NewTradeBlocked=NO | 98400.000000
OP	0	09:44:14.845	Cazyxio_v4.0 (EURUSD,M15)	2026.03.03 16:44:14 | HEARTBEAT | SYSTEM | EA alive. Tick=98500 Equity=47682.68 OpenPos=1 UTC=2026.03.03 16:44 DayOfWeek=2 WeekendCloseActive=NO NewTradeBlocked=NO | 98500.000000
OD	0	09:44:43.773	Cazyxio_v4.0 (EURUSD,M15)	2026.03.03 16:44:43 | HEARTBEAT | SYSTEM | EA alive. Tick=98600 Equity=47649.03 OpenPos=1 UTC=2026.03.03 16:44 DayOfWeek=2 WeekendCloseActive=NO NewTradeBlocked=NO | 98600.000000
KE	0	09:45:01.984	Cazyxio_v4.0 (EURUSD,M15)	2026.03.03 16:45:01 | BAR | GBPUSD | close=1.33182 h4ema200=1.35243 h4slope=DOWN ema50=1.33194 atr=0.001798 atrSma=0.001279 atrRatio=1.405 dir=SHORT spread=23.0 spreadOK=YES atrGate=PASS touch=PASS momCandle=momClosePos=0.500 momOk=N ema50Ok=Y barRange=0.000000 trigger=NO hasPos=NO portRisk=0.50% openPos=1 | 1.331820
QF	0	09:45:01.984	Cazyxio_v4.0 (EURUSD,M15)	2026.03.03 16:45:01 | GATE_FAIL | GBPUSD | Momentum candle FAIL. dir=SHORT close=1.33182 ema50=1.33194 momClosePos=0.500 momOk=N ema50Ok=Y barRange=0.000000. Close not in 35% zone.
KS	0	09:45:01.984	Cazyxio_v4.0 (EURUSD,M15)	2026.03.03 16:45:01 | BAR | EURUSD | close=1.15910 h4ema200=1.17858 h4slope=DOWN ema50=1.16117 atr=0.001661 atrSma=0.000977 atrRatio=1.701 dir=SHORT spread=18.0 spreadOK=YES atrGate=PASS touch=FAIL momCandle=momClosePos=0.500 momOk=N ema50Ok=Y barRange=0.000000 trigger=NO hasPos=NO portRisk=0.50% openPos=1 | 1.159100
KN	0	09:45:01.984	Cazyxio_v4.0 (EURUSD,M15)	2026.03.03 16:45:01 | GATE_FAIL | EURUSD | Touch/pullback gate FAIL. Price has not approached EMA50 within last 12 bars (within 1.00 ATR). v4.0 tolerance=1.00x (widened from 0.40x).
PH	0	09:45:01.984	Cazyxio_v4.0 (EURUSD,M15)	2026.03.03 16:45:01 | BAR | USDJPY | close=157.713 h4ema200=155.559 h4slope=UP ema50=157.653 atr=0.133286 atrSma=0.123996 atrRatio=1.075 dir=LONG spread=21.0 spreadOK=YES atrGate=PASS touch=PASS momCandle=momClosePos=0.500 momOk=N ema50Ok=Y barRange=0.000000 trigger=NO hasPos=YES portRisk=0.50% openPos=1 | 157.713000
RI	0	09:45:01.984	Cazyxio_v4.0 (EURUSD,M15)	2026.03.03 16:45:01 | TRAIL_SKIP | USDJPY | Trail not yet active. ProfitDist=0.017 ActivateAt=0.321 (1.5R). ticket=4343339
PR	0	09:45:01.984	Cazyxio_v4.0 (EURUSD,M15)	2026.03.03 16:45:01 | BAR | AUDUSD | close=0.70182 h4ema200=0.69852 h4slope=UP ema50=0.70311 atr=0.001814 atrSma=0.001085 atrRatio=1.672 dir=LONG spread=21.0 spreadOK=YES atrGate=PASS touch=PASS momCandle=momClosePos=0.500 momOk=N ema50Ok=Y barRange=0.000000 trigger=NO hasPos=NO portRisk=0.50% openPos=1 | 0.701820
KE	0	09:45:01.984	Cazyxio_v4.0 (EURUSD,M15)	2026.03.03 16:45:01 | GATE_FAIL | AUDUSD | Momentum candle FAIL. dir=LONG close=0.70182 ema50=0.70311 momClosePos=0.500 momOk=N ema50Ok=Y barRange=0.000000. Close not in 35% zone.
JI	0	09:45:01.984	Cazyxio_v4.0 (EURUSD,M15)	2026.03.03 16:45:01 | BAR | GBPJPY | close=210.055 h4ema200=210.394 h4slope=DOWN ema50=209.988 atr=0.266143 atrSma=0.185924 atrRatio=1.431 dir=SHORT spread=45.0 spreadOK=NO atrGate=PASS touch=PASS momCandle=momClosePos=0.500 momOk=N ema50Ok=Y barRange=0.000000 trigger=NO hasPos=NO portRisk=0.50% openPos=1 | 210.055000
CN	0	09:45:01.984	Cazyxio_v4.0 (EURUSD,M15)	2026.03.03 16:45:01 | GATE_FAIL | GBPJPY | Spread too wide. Spread=45.0 Max=30 points.
PF	0	09:45:02.234	Cazyxio_v4.0 (EURUSD,M15)	2026.03.03 16:45:02 | BAR | USDCAD | close=1.36648 h4ema200=1.36884 h4slope=DOWN ema50=1.36931 atr=0.001783 atrSma=0.000912 atrRatio=1.955 dir=SHORT spread=28.0 spreadOK=YES atrGate=PASS touch=PASS momCandle=momClosePos=0.500 momOk=N ema50Ok=Y barRange=0.000000 trigger=NO hasPos=NO portRisk=0.50% openPos=1 | 1.366480
FR	0	09:45:02.234	Cazyxio_v4.0 (EURUSD,M15)	2026.03.03 16:45:02 | GATE_FAIL | USDCAD | Momentum candle FAIL. dir=SHORT close=1.36648 ema50=1.36931 momClosePos=0.500 momOk=N ema50Ok=Y barRange=0.000000. Close not in 35% zone.
EP	0	09:45:13.324	Cazyxio_v4.0 (EURUSD,M15)	2026.03.03 16:45:13 | HEARTBEAT | SYSTEM | EA alive. Tick=98700 Equity=47585.05 OpenPos=1 UTC=2026.03.03 16:45 DayOfWeek=2 WeekendCloseActive=NO NewTradeBlocked=NO | 98700.000000
HD	0	09:45:46.318	Cazyxio_v4.0 (EURUSD,M15)	2026.03.03 16:45:46 | HEARTBEAT | SYSTEM | EA alive. Tick=98800 Equity=47589.54 OpenPos=1 UTC=2026.03.03 16:45 DayOfWeek=2 WeekendCloseActive=NO NewTradeBlocked=NO | 98800.000000
IH	0	09:46:23.717	Cazyxio_v4.0 (EURUSD,M15)	2026.03.03 16:46:23 | HEARTBEAT | SYSTEM | EA alive. Tick=98900 Equity=47580.56 OpenPos=1 UTC=2026.03.03 16:46 DayOfWeek=2 WeekendCloseActive=NO NewTradeBlocked=NO | 98900.000000
EL	0	09:46:56.663	Cazyxio_v4.0 (EURUSD,M15)	2026.03.03 16:46:56 | HEARTBEAT | SYSTEM | EA alive. Tick=99000 Equity=47556.97 OpenPos=1 UTC=2026.03.03 16:46 DayOfWeek=2 WeekendCloseActive=NO NewTradeBlocked=NO | 99000.000000
JP	0	09:47:31.651	Cazyxio_v4.0 (EURUSD,M15)	2026.03.03 16:47:31 | HEARTBEAT | SYSTEM | EA alive. Tick=99100 Equity=47577.19 OpenPos=1 UTC=2026.03.03 16:47 DayOfWeek=2 WeekendCloseActive=NO NewTradeBlocked=NO | 99100.000000
OD	0	09:48:02.132	Cazyxio_v4.0 (EURUSD,M15)	2026.03.03 16:48:02 | HEARTBEAT | SYSTEM | EA alive. Tick=99200 Equity=47606.38 OpenPos=1 UTC=2026.03.03 16:48 DayOfWeek=2 WeekendCloseActive=NO NewTradeBlocked=NO | 99200.000000
OH	0	09:48:35.408	Cazyxio_v4.0 (EURUSD,M15)	2026.03.03 16:48:35 | HEARTBEAT | SYSTEM | EA alive. Tick=99300 Equity=47617.61 OpenPos=1 UTC=2026.03.03 16:48 DayOfWeek=2 WeekendCloseActive=NO NewTradeBlocked=NO | 99300.000000
IL	0	09:49:16.010	Cazyxio_v4.0 (EURUSD,M15)	2026.03.03 16:49:16 | HEARTBEAT | SYSTEM | EA alive. Tick=99400 Equity=47550.23 OpenPos=1 UTC=2026.03.03 16:49 DayOfWeek=2 WeekendCloseActive=NO NewTradeBlocked=NO | 99400.000000
IP	0	09:49:52.528	Cazyxio_v4.0 (EURUSD,M15)	2026.03.03 16:49:52 | HEARTBEAT | SYSTEM | EA alive. Tick=99500 Equity=47543.49 OpenPos=1 UTC=2026.03.03 16:49 DayOfWeek=2 WeekendCloseActive=NO NewTradeBlocked=NO | 99500.000000
GD	0	09:50:27.729	Cazyxio_v4.0 (EURUSD,M15)	2026.03.03 16:50:27 | HEARTBEAT | SYSTEM | EA alive. Tick=99600 Equity=47547.99 OpenPos=1 UTC=2026.03.03 16:50 DayOfWeek=2 WeekendCloseActive=NO NewTradeBlocked=NO | 99600.000000
JH	0	09:51:03.786	Cazyxio_v4.0 (EURUSD,M15)	2026.03.03 16:51:03 | HEARTBEAT | SYSTEM | EA alive. Tick=99700 Equity=47561.47 OpenPos=1 UTC=2026.03.03 16:51 DayOfWeek=2 WeekendCloseActive=NO NewTradeBlocked=NO | 99700.000000
GL	0	09:51:40.508	Cazyxio_v4.0 (EURUSD,M15)	2026.03.03 16:51:40 | HEARTBEAT | SYSTEM | EA alive. Tick=99800 Equity=47563.71 OpenPos=1 UTC=2026.03.03 16:51 DayOfWeek=2 WeekendCloseActive=NO NewTradeBlocked=NO | 99800.000000
OP	0	09:52:24.646	Cazyxio_v4.0 (EURUSD,M15)	2026.03.03 16:52:24 | HEARTBEAT | SYSTEM | EA alive. Tick=99900 Equity=47603.01 OpenPos=1 UTC=2026.03.03 16:52 DayOfWeek=2 WeekendCloseActive=NO NewTradeBlocked=NO | 99900.000000
PD	0	09:53:01.128	Cazyxio_v4.0 (EURUSD,M15)	2026.03.03 16:53:01 | HEARTBEAT | SYSTEM | EA alive. Tick=100000 Equity=47606.38 OpenPos=1 UTC=2026.03.03 16:53 DayOfWeek=2 WeekendCloseActive=NO NewTradeBlocked=NO | 100000.000000
HH	0	09:53:35.542	Cazyxio_v4.0 (EURUSD,M15)	2026.03.03 16:53:35 | HEARTBEAT | SYSTEM | EA alive. Tick=100100 Equity=47626.58 OpenPos=1 UTC=2026.03.03 16:53 DayOfWeek=2 WeekendCloseActive=NO NewTradeBlocked=NO | 100100.000000
FL	0	09:54:16.183	Cazyxio_v4.0 (EURUSD,M15)	2026.03.03 16:54:16 | HEARTBEAT | SYSTEM | EA alive. Tick=100200 Equity=47608.63 OpenPos=1 UTC=2026.03.03 16:54 DayOfWeek=2 WeekendCloseActive=NO NewTradeBlocked=NO | 100200.000000
IP	0	09:55:02.829	Cazyxio_v4.0 (EURUSD,M15)	2026.03.03 16:55:02 | HEARTBEAT | SYSTEM | EA alive. Tick=100300 Equity=47581.68 OpenPos=1 UTC=2026.03.03 16:55 DayOfWeek=2 WeekendCloseActive=NO NewTradeBlocked=NO | 100300.000000
OE	0	09:55:38.953	Cazyxio_v4.0 (EURUSD,M15)	2026.03.03 16:55:38 | HEARTBEAT | SYSTEM | EA alive. Tick=100400 Equity=47610.87 OpenPos=1 UTC=2026.03.03 16:55 DayOfWeek=2 WeekendCloseActive=NO NewTradeBlocked=NO | 100400.000000
MI	0	09:56:27.445	Cazyxio_v4.0 (EURUSD,M15)	2026.03.03 16:56:27 | HEARTBEAT | SYSTEM | EA alive. Tick=100500 Equity=47625.46 OpenPos=1 UTC=2026.03.03 16:56 DayOfWeek=2 WeekendCloseActive=NO NewTradeBlocked=NO | 100500.000000
NM	0	09:57:10.378	Cazyxio_v4.0 (EURUSD,M15)	2026.03.03 16:57:10 | HEARTBEAT | SYSTEM | EA alive. Tick=100600 Equity=47611.99 OpenPos=1 UTC=2026.03.03 16:57 DayOfWeek=2 WeekendCloseActive=NO NewTradeBlocked=NO | 100600.000000
CQ	0	09:57:48.246	Cazyxio_v4.0 (EURUSD,M15)	2026.03.03 16:57:48 | HEARTBEAT | SYSTEM | EA alive. Tick=100700 Equity=47614.24 OpenPos=1 UTC=2026.03.03 16:57 DayOfWeek=2 WeekendCloseActive=NO NewTradeBlocked=NO | 100700.000000
CR	0	09:58:26.077	Cazyxio_v4.0 (EURUSD,M15)	2026.03.03 16:58:26 | HEARTBEAT | SYSTEM | EA alive. Tick=100800 Equity=47600.77 OpenPos=1 UTC=2026.03.03 16:58 DayOfWeek=2 WeekendCloseActive=NO NewTradeBlocked=NO | 100800.000000
HF	0	09:59:02.577	Cazyxio_v4.0 (EURUSD,M15)	2026.03.03 16:59:02 | HEARTBEAT | SYSTEM | EA alive. Tick=100900 Equity=47598.52 OpenPos=1 UTC=2026.03.03 16:59 DayOfWeek=2 WeekendCloseActive=NO NewTradeBlocked=NO | 100900.000000
JJ	0	09:59:37.906	Cazyxio_v4.0 (EURUSD,M15)	2026.03.03 16:59:37 | HEARTBEAT | SYSTEM | EA alive. Tick=101000 Equity=47624.34 OpenPos=1 UTC=2026.03.03 16:59 DayOfWeek=2 WeekendCloseActive=NO NewTradeBlocked=NO | 101000.000000
LR	0	10:00:01.907	Cazyxio_v4.0 (EURUSD,M15)	2026.03.03 17:00:01 | BAR | EURUSD | close=1.16023 h4ema200=1.17859 h4slope=DOWN ema50=1.16117 atr=0.001695 atrSma=0.000982 atrRatio=1.726 dir=SHORT spread=18.0 spreadOK=YES atrGate=PASS touch=PASS momCandle=momClosePos=0.500 momOk=N ema50Ok=Y barRange=0.000000 trigger=NO hasPos=NO portRisk=0.51% openPos=1 | 1.160230
MM	0	10:00:01.907	Cazyxio_v4.0 (EURUSD,M15)	2026.03.03 17:00:01 | GATE_FAIL | EURUSD | Momentum candle FAIL. dir=SHORT close=1.16023 ema50=1.16117 momClosePos=0.500 momOk=N ema50Ok=Y barRange=0.000000. Close not in 35% zone.
FH	0	10:00:01.907	Cazyxio_v4.0 (EURUSD,M15)	2026.03.03 17:00:01 | BAR | USDJPY | close=157.693 h4ema200=155.559 h4slope=UP ema50=157.654 atr=0.132357 atrSma=0.124111 atrRatio=1.066 dir=LONG spread=14.0 spreadOK=YES atrGate=PASS touch=PASS momCandle=momClosePos=0.500 momOk=N ema50Ok=Y barRange=0.000000 trigger=NO hasPos=YES portRisk=0.51% openPos=1 | 157.693000
JK	0	10:00:01.907	Cazyxio_v4.0 (EURUSD,M15)	2026.03.03 17:00:01 | TRAIL_SKIP | USDJPY | Trail not yet active. ProfitDist=-0.003 ActivateAt=0.321 (1.5R). ticket=4343339
KN	0	10:00:02.146	Cazyxio_v4.0 (EURUSD,M15)	2026.03.03 17:00:02 | BAR | GBPUSD | close=1.33266 h4ema200=1.35244 h4slope=DOWN ema50=1.33200 atr=0.001795 atrSma=0.001280 atrRatio=1.402 dir=SHORT spread=22.0 spreadOK=YES atrGate=PASS touch=PASS momCandle=momClosePos=0.500 momOk=N ema50Ok=Y barRange=0.000000 trigger=NO hasPos=NO portRisk=0.51% openPos=1 | 1.332660
OH	0	10:00:02.146	Cazyxio_v4.0 (EURUSD,M15)	2026.03.03 17:00:02 | GATE_FAIL | GBPUSD | Momentum candle FAIL. dir=SHORT close=1.33266 ema50=1.33200 momClosePos=0.500 momOk=N ema50Ok=Y barRange=0.000000. Close not in 35% zone.
RH	0	10:00:02.146	Cazyxio_v4.0 (EURUSD,M15)	2026.03.03 17:00:02 | BAR | AUDUSD | close=0.70238 h4ema200=0.69853 h4slope=UP ema50=0.70311 atr=0.001818 atrSma=0.001091 atrRatio=1.666 dir=LONG spread=20.0 spreadOK=YES atrGate=PASS touch=PASS momCandle=momClosePos=0.500 momOk=N ema50Ok=Y barRange=0.000000 trigger=NO hasPos=NO portRisk=0.51% openPos=1 | 0.702380
HK	0	10:00:02.146	Cazyxio_v4.0 (EURUSD,M15)	2026.03.03 17:00:02 | GATE_FAIL | AUDUSD | Momentum candle FAIL. dir=LONG close=0.70238 ema50=0.70311 momClosePos=0.500 momOk=N ema50Ok=Y barRange=0.000000. Close not in 35% zone.
GO	0	10:00:02.146	Cazyxio_v4.0 (EURUSD,M15)	2026.03.03 17:00:02 | BAR | GBPJPY | close=210.154 h4ema200=210.395 h4slope=DOWN ema50=209.999 atr=0.262214 atrSma=0.186239 atrRatio=1.408 dir=SHORT spread=42.0 spreadOK=NO atrGate=PASS touch=PASS momCandle=momClosePos=0.500 momOk=N ema50Ok=Y barRange=0.000000 trigger=NO hasPos=NO portRisk=0.51% openPos=1 | 210.154000
KP	0	10:00:02.146	Cazyxio_v4.0 (EURUSD,M15)	2026.03.03 17:00:02 | GATE_FAIL | GBPJPY | Spread too wide. Spread=42.0 Max=30 points.
CL	0	10:00:02.146	Cazyxio_v4.0 (EURUSD,M15)	2026.03.03 17:00:02 | BAR | USDCAD | close=1.36632 h4ema200=1.36884 h4slope=DOWN ema50=1.36918 atr=0.001742 atrSma=0.000918 atrRatio=1.898 dir=SHORT spread=27.0 spreadOK=YES atrGate=PASS touch=PASS momCandle=momClosePos=0.500 momOk=N ema50Ok=Y barRange=0.000000 trigger=NO hasPos=NO portRisk=0.51% openPos=1 | 1.366320
MH	0	10:00:02.146	Cazyxio_v4.0 (EURUSD,M15)	2026.03.03 17:00:02 | GATE_FAIL | USDCAD | Momentum candle FAIL. dir=SHORT close=1.36632 ema50=1.36918 momClosePos=0.500 momOk=N ema50Ok=Y barRange=0.000000. Close not in 35% zone.
QF	0	10:00:12.932	Cazyxio_v4.0 (EURUSD,M15)	2026.03.03 17:00:12 | HEARTBEAT | SYSTEM | EA alive. Tick=101100 Equity=47632.20 OpenPos=1 UTC=2026.03.03 17:00 DayOfWeek=2 WeekendCloseActive=NO NewTradeBlocked=NO | 101100.000000
MJ	0	10:00:50.145	Cazyxio_v4.0 (EURUSD,M15)	2026.03.03 17:00:50 | HEARTBEAT | SYSTEM | EA alive. Tick=101200 Equity=47616.48 OpenPos=1 UTC=2026.03.03 17:00 DayOfWeek=2 WeekendCloseActive=NO NewTradeBlocked=NO | 101200.000000
LN	0	10:01:19.949	Cazyxio_v4.0 (EURUSD,M15)	2026.03.03 17:01:19 | HEARTBEAT | SYSTEM | EA alive. Tick=101300 Equity=47624.34 OpenPos=1 UTC=2026.03.03 17:01 DayOfWeek=2 WeekendCloseActive=NO NewTradeBlocked=NO | 101300.000000
ER	0	10:01:55.791	Cazyxio_v4.0 (EURUSD,M15)	2026.03.03 17:01:55 | HEARTBEAT | SYSTEM | EA alive. Tick=101400 Equity=47598.52 OpenPos=1 UTC=2026.03.03 17:01 DayOfWeek=2 WeekendCloseActive=NO NewTradeBlocked=NO | 101400.000000
DG	0	10:02:35.711	Cazyxio_v4.0 (EURUSD,M15)	2026.03.03 17:02:35 | HEARTBEAT | SYSTEM | EA alive. Tick=101500 Equity=47624.34 OpenPos=1 UTC=2026.03.03 17:02 DayOfWeek=2 WeekendCloseActive=NO NewTradeBlocked=NO | 101500.000000
IK	0	10:03:17.475	Cazyxio_v4.0 (EURUSD,M15)	2026.03.03 17:03:17 | HEARTBEAT | SYSTEM | EA alive. Tick=101600 Equity=47603.01 OpenPos=1 UTC=2026.03.03 17:03 DayOfWeek=2 WeekendCloseActive=NO NewTradeBlocked=NO | 101600.000000
OO	0	10:04:01.264	Cazyxio_v4.0 (EURUSD,M15)	2026.03.03 17:04:01 | HEARTBEAT | SYSTEM | EA alive. Tick=101700 Equity=47598.52 OpenPos=1 UTC=2026.03.03 17:04 DayOfWeek=2 WeekendCloseActive=NO NewTradeBlocked=NO | 101700.000000
NS	0	10:04:38.302	Cazyxio_v4.0 (EURUSD,M15)	2026.03.03 17:04:38 | HEARTBEAT | SYSTEM | EA alive. Tick=101800 Equity=47629.95 OpenPos=1 UTC=2026.03.03 17:04 DayOfWeek=2 WeekendCloseActive=NO NewTradeBlocked=NO | 101800.000000
HD	0	10:05:24.037	Cazyxio_v4.0 (EURUSD,M15)	2026.03.03 17:05:24 | HEARTBEAT | SYSTEM | EA alive. Tick=101900 Equity=47644.54 OpenPos=1 UTC=2026.03.03 17:05 DayOfWeek=2 WeekendCloseActive=NO NewTradeBlocked=NO | 101900.000000
CH	0	10:06:06.464	Cazyxio_v4.0 (EURUSD,M15)	2026.03.03 17:06:06 | HEARTBEAT | SYSTEM | EA alive. Tick=102000 Equity=47655.76 OpenPos=1 UTC=2026.03.03 17:06 DayOfWeek=2 WeekendCloseActive=NO NewTradeBlocked=NO | 102000.000000
GL	0	10:06:48.820	Cazyxio_v4.0 (EURUSD,M15)	2026.03.03 17:06:48 | HEARTBEAT | SYSTEM | EA alive. Tick=102100 Equity=47642.30 OpenPos=1 UTC=2026.03.03 17:06 DayOfWeek=2 WeekendCloseActive=NO NewTradeBlocked=NO | 102100.000000
FP	0	10:07:33.758	Cazyxio_v4.0 (EURUSD,M15)	2026.03.03 17:07:33 | HEARTBEAT | SYSTEM | EA alive. Tick=102200 Equity=47629.95 OpenPos=1 UTC=2026.03.03 17:07 DayOfWeek=2 WeekendCloseActive=NO NewTradeBlocked=NO | 102200.000000
ME	0	10:08:16.381	Cazyxio_v4.0 (EURUSD,M15)	2026.03.03 17:08:16 | HEARTBEAT | SYSTEM | EA alive. Tick=102300 Equity=47637.81 OpenPos=1 UTC=2026.03.03 17:08 DayOfWeek=2 WeekendCloseActive=NO NewTradeBlocked=NO | 102300.000000
RI	0	10:09:03.204	Cazyxio_v4.0 (EURUSD,M15)	2026.03.03 17:09:03 | HEARTBEAT | SYSTEM | EA alive. Tick=102400 Equity=47643.42 OpenPos=1 UTC=2026.03.03 17:09 DayOfWeek=2 WeekendCloseActive=NO NewTradeBlocked=NO | 102400.000000
IM	0	10:09:45.881	Cazyxio_v4.0 (EURUSD,M15)	2026.03.03 17:09:45 | HEARTBEAT | SYSTEM | EA alive. Tick=102500 Equity=47656.88 OpenPos=1 UTC=2026.03.03 17:09 DayOfWeek=2 WeekendCloseActive=NO NewTradeBlocked=NO | 102500.000000
GQ	0	10:10:32.516	Cazyxio_v4.0 (EURUSD,M15)	2026.03.03 17:10:32 | HEARTBEAT | SYSTEM | EA alive. Tick=102600 Equity=47709.60 OpenPos=1 UTC=2026.03.03 17:10 DayOfWeek=2 WeekendCloseActive=NO NewTradeBlocked=NO | 102600.000000
IR	0	10:11:19.574	Cazyxio_v4.0 (EURUSD,M15)	2026.03.03 17:11:19 | HEARTBEAT | SYSTEM | EA alive. Tick=102700 Equity=47708.48 OpenPos=1 UTC=2026.03.03 17:11 DayOfWeek=2 WeekendCloseActive=NO NewTradeBlocked=NO | 102700.000000
EF	0	10:12:10.731	Cazyxio_v4.0 (EURUSD,M15)	2026.03.03 17:12:10 | HEARTBEAT | SYSTEM | EA alive. Tick=102800 Equity=47710.72 OpenPos=1 UTC=2026.03.03 17:12 DayOfWeek=2 WeekendCloseActive=NO NewTradeBlocked=NO | 102800.000000
RJ	0	10:12:58.124	Cazyxio_v4.0 (EURUSD,M15)	2026.03.03 17:12:58 | HEARTBEAT | SYSTEM | EA alive. Tick=102900 Equity=47684.93 OpenPos=1 UTC=2026.03.03 17:12 DayOfWeek=2 WeekendCloseActive=NO NewTradeBlocked=NO | 102900.000000
KN	0	10:13:54.724	Cazyxio_v4.0 (EURUSD,M15)	2026.03.03 17:13:54 | HEARTBEAT | SYSTEM | EA alive. Tick=103000 Equity=47703.99 OpenPos=1 UTC=2026.03.03 17:13 DayOfWeek=2 WeekendCloseActive=NO NewTradeBlocked=NO | 103000.000000
LS	0	10:15:01.940	Cazyxio_v4.0 (EURUSD,M15)	2026.03.03 17:15:01 | HEARTBEAT | SYSTEM | EA alive. Tick=103100 Equity=47710.72 OpenPos=1 UTC=2026.03.03 17:15 DayOfWeek=2 WeekendCloseActive=NO NewTradeBlocked=NO | 103100.000000
RK	0	10:15:01.940	Cazyxio_v4.0 (EURUSD,M15)	2026.03.03 17:15:01 | BAR | EURUSD | close=1.15902 h4ema200=1.17857 h4slope=DOWN ema50=1.16104 atr=0.001700 atrSma=0.000988 atrRatio=1.721 dir=SHORT spread=18.0 spreadOK=YES atrGate=PASS touch=PASS momCandle=momClosePos=0.500 momOk=N ema50Ok=Y barRange=0.000000 trigger=NO hasPos=NO portRisk=0.50% openPos=1 | 1.159020
ME	0	10:15:01.940	Cazyxio_v4.0 (EURUSD,M15)	2026.03.03 17:15:01 | GATE_FAIL | EURUSD | Momentum candle FAIL. dir=SHORT close=1.15902 ema50=1.16104 momClosePos=0.500 momOk=N ema50Ok=Y barRange=0.000000. Close not in 35% zone.
ML	0	10:15:01.940	Cazyxio_v4.0 (EURUSD,M15)	2026.03.03 17:15:01 | BAR | GBPJPY | close=210.048 h4ema200=210.393 h4slope=DOWN ema50=209.997 atr=0.269571 atrSma=0.186761 atrRatio=1.443 dir=SHORT spread=54.0 spreadOK=NO atrGate=PASS touch=PASS momCandle=momClosePos=0.500 momOk=N ema50Ok=Y barRange=0.000000 trigger=NO hasPos=NO portRisk=0.50% openPos=1 | 210.048000
FM	0	10:15:01.940	Cazyxio_v4.0 (EURUSD,M15)	2026.03.03 17:15:01 | GATE_FAIL | GBPJPY | Spread too wide. Spread=54.0 Max=30 points.
QO	0	10:15:02.441	Cazyxio_v4.0 (EURUSD,M15)	2026.03.03 17:15:02 | BAR | GBPUSD | close=1.33128 h4ema200=1.35243 h4slope=DOWN ema50=1.33192 atr=0.001834 atrSma=0.001282 atrRatio=1.431 dir=SHORT spread=23.0 spreadOK=YES atrGate=PASS touch=PASS momCandle=momClosePos=0.000 momOk=Y ema50Ok=Y barRange=0.000010 trigger=YES hasPos=NO portRisk=0.50% openPos=1 | 1.331280
DP	0	10:15:02.441	Cazyxio_v4.0 (EURUSD,M15)	2026.03.03 17:15:02 | SIGNAL | GBPUSD | VALID SIGNAL: SHORT entry=1.33128 sl=1.33421 tp=1.32394 stopDist=0.00293 lots=0.81 riskPct=0.50 R:R=2.50 trailActivatesAt=0.00440 profit | 1.331280
GL	0	10:15:02.593	Cazyxio_v4.0 (EURUSD,M15)	2026.03.03 17:15:02 | ORDER_PLACED | GBPUSD | SELL lots=0.81 entry=1.33128 sl=1.33421 tp=1.32394 ticket=4364551 | 0.810000
NN	0	10:15:02.593	Cazyxio_v4.0 (EURUSD,M15)	2026.03.03 17:15:02 | BAR | USDJPY | close=157.777 h4ema200=155.560 h4slope=UP ema50=157.662 atr=0.132714 atrSma=0.124263 atrRatio=1.068 dir=LONG spread=19.0 spreadOK=YES atrGate=PASS touch=PASS momCandle=momClosePos=1.000 momOk=Y ema50Ok=Y barRange=0.002000 trigger=YES hasPos=YES portRisk=1.00% openPos=1 | 157.777000
LO	0	10:15:02.593	Cazyxio_v4.0 (EURUSD,M15)	2026.03.03 17:15:02 | TRAIL_SKIP | USDJPY | Trail not yet active. ProfitDist=0.081 ActivateAt=0.321 (1.5R). ticket=4343339
RQ	0	10:15:02.593	Cazyxio_v4.0 (EURUSD,M15)	2026.03.03 17:15:02 | BAR | AUDUSD | close=0.70185 h4ema200=0.69852 h4slope=UP ema50=0.70304 atr=0.001814 atrSma=0.001097 atrRatio=1.654 dir=LONG spread=21.0 spreadOK=YES atrGate=PASS touch=PASS momCandle=momClosePos=1.000 momOk=Y ema50Ok=Y barRange=0.000010 trigger=YES hasPos=NO portRisk=1.00% openPos=1 | 0.701850
IS	0	10:15:02.593	Cazyxio_v4.0 (EURUSD,M15)	2026.03.03 17:15:02 | SIGNAL | AUDUSD | VALID SIGNAL: LONG entry=0.70206 sl=0.69916 tp=0.70932 stopDist=0.00290 lots=0.82 riskPct=0.50 R:R=2.50 trailActivatesAt=0.00435 profit | 0.702060
KP	0	10:15:02.738	Cazyxio_v4.0 (EURUSD,M15)	2026.03.03 17:15:02 | ORDER_PLACED | AUDUSD | BUY lots=0.82 entry=0.70206 sl=0.69916 tp=0.70932 ticket=4364552 | 0.820000
PP	0	10:15:02.738	Cazyxio_v4.0 (EURUSD,M15)	2026.03.03 17:15:02 | BAR | USDCAD | close=1.36710 h4ema200=1.36885 h4slope=DOWN ema50=1.36913 atr=0.001745 atrSma=0.000925 atrRatio=1.887 dir=SHORT spread=27.0 spreadOK=YES atrGate=PASS touch=PASS momCandle=momClosePos=1.000 momOk=N ema50Ok=Y barRange=0.000010 trigger=NO hasPos=NO portRisk=1.50% openPos=1 | 1.367100
CS	0	10:15:02.738	Cazyxio_v4.0 (EURUSD,M15)	2026.03.03 17:15:02 | GATE_FAIL | USDCAD | Momentum candle FAIL. dir=SHORT close=1.36710 ema50=1.36913 momClosePos=1.000 momOk=N ema50Ok=Y barRange=0.000010. Close not in 35% zone.
LR	0	10:15:55.221	Cazyxio_v4.0 (EURUSD,M15)	2026.03.03 17:15:55 | HEARTBEAT | SYSTEM | EA alive. Tick=103200 Equity=47685.48 OpenPos=3 UTC=2026.03.03 17:15 DayOfWeek=2 WeekendCloseActive=NO NewTradeBlocked=NO | 103200.000000
OF	0	10:16:44.631	Cazyxio_v4.0 (EURUSD,M15)	2026.03.03 17:16:44 | HEARTBEAT | SYSTEM | EA alive. Tick=103300 Equity=47701.60 OpenPos=3 UTC=2026.03.03 17:16 DayOfWeek=2 WeekendCloseActive=NO NewTradeBlocked=NO | 103300.000000
DK	0	10:17:38.018	Cazyxio_v4.0 (EURUSD,M15)	2026.03.03 17:17:38 | HEARTBEAT | SYSTEM | EA alive. Tick=103400 Equity=47664.09 OpenPos=3 UTC=2026.03.03 17:17 DayOfWeek=2 WeekendCloseActive=NO NewTradeBlocked=NO | 103400.000000
HO	0	10:18:25.183	Cazyxio_v4.0 (EURUSD,M15)	2026.03.03 17:18:25 | HEARTBEAT | SYSTEM | EA alive. Tick=103500 Equity=47658.82 OpenPos=3 UTC=2026.03.03 17:18 DayOfWeek=2 WeekendCloseActive=NO NewTradeBlocked=NO | 103500.000000
JS	0	10:19:16.471	Cazyxio_v4.0 (EURUSD,M15)	2026.03.03 17:19:16 | HEARTBEAT | SYSTEM | EA alive. Tick=103600 Equity=47652.61 OpenPos=3 UTC=2026.03.03 17:19 DayOfWeek=2 WeekendCloseActive=NO NewTradeBlocked=NO | 103600.000000
KG	0	10:20:17.395	Cazyxio_v4.0 (EURUSD,M15)	2026.03.03 17:20:17 | HEARTBEAT | SYSTEM | EA alive. Tick=103700 Equity=47624.82 OpenPos=3 UTC=2026.03.03 17:20 DayOfWeek=2 WeekendCloseActive=NO NewTradeBlocked=NO | 103700.000000
PH	0	10:21:02.483	Cazyxio_v4.0 (EURUSD,M15)	2026.03.03 17:21:02 | HEARTBEAT | SYSTEM | EA alive. Tick=103800 Equity=47622.04 OpenPos=3 UTC=2026.03.03 17:21 DayOfWeek=2 WeekendCloseActive=NO NewTradeBlocked=NO | 103800.000000
FL	0	10:21:49.562	Cazyxio_v4.0 (EURUSD,M15)	2026.03.03 17:21:49 | HEARTBEAT | SYSTEM | EA alive. Tick=103900 Equity=47649.49 OpenPos=3 UTC=2026.03.03 17:21 DayOfWeek=2 WeekendCloseActive=NO NewTradeBlocked=NO | 103900.000000
CP	0	10:22:39.036	Cazyxio_v4.0 (EURUSD,M15)	2026.03.03 17:22:39 | HEARTBEAT | SYSTEM | EA alive. Tick=104000 Equity=47668.06 OpenPos=3 UTC=2026.03.03 17:22 DayOfWeek=2 WeekendCloseActive=NO NewTradeBlocked=NO | 104000.000000
GD	0	10:23:29.868	Cazyxio_v4.0 (EURUSD,M15)	2026.03.03 17:23:29 | HEARTBEAT | SYSTEM | EA alive. Tick=104100 Equity=47656.90 OpenPos=3 UTC=2026.03.03 17:23 DayOfWeek=2 WeekendCloseActive=NO NewTradeBlocked=NO | 104100.000000
OI	0	10:24:12.086	Cazyxio_v4.0 (EURUSD,M15)	2026.03.03 17:24:12 | HEARTBEAT | SYSTEM | EA alive. Tick=104200 Equity=47710.45 OpenPos=3 UTC=2026.03.03 17:24 DayOfWeek=2 WeekendCloseActive=NO NewTradeBlocked=NO | 104200.000000
MM	0	10:24:54.018	Cazyxio_v4.0 (EURUSD,M15)	2026.03.03 17:24:54 | HEARTBEAT | SYSTEM | EA alive. Tick=104300 Equity=47704.98 OpenPos=3 UTC=2026.03.03 17:24 DayOfWeek=2 WeekendCloseActive=NO NewTradeBlocked=NO | 104300.000000
GQ	0	10:25:33.680	Cazyxio_v4.0 (EURUSD,M15)	2026.03.03 17:25:33 | HEARTBEAT | SYSTEM | EA alive. Tick=104400 Equity=47727.40 OpenPos=3 UTC=2026.03.03 17:25 DayOfWeek=2 WeekendCloseActive=NO NewTradeBlocked=NO | 104400.000000
LE	0	10:26:08.749	Cazyxio_v4.0 (EURUSD,M15)	2026.03.03 17:26:08 | HEARTBEAT | SYSTEM | EA alive. Tick=104500 Equity=47692.72 OpenPos=3 UTC=2026.03.03 17:26 DayOfWeek=2 WeekendCloseActive=NO NewTradeBlocked=NO | 104500.000000
CF	0	10:26:49.570	Cazyxio_v4.0 (EURUSD,M15)	2026.03.03 17:26:49 | HEARTBEAT | SYSTEM | EA alive. Tick=104600 Equity=47662.07 OpenPos=3 UTC=2026.03.03 17:26 DayOfWeek=2 WeekendCloseActive=NO NewTradeBlocked=NO | 104600.000000
JJ	0	10:27:26.047	Cazyxio_v4.0 (EURUSD,M15)	2026.03.03 17:27:26 | HEARTBEAT | SYSTEM | EA alive. Tick=104700 Equity=47656.30 OpenPos=3 UTC=2026.03.03 17:27 DayOfWeek=2 WeekendCloseActive=NO NewTradeBlocked=NO | 104700.000000
FN	0	10:28:09.986	Cazyxio_v4.0 (EURUSD,M15)	2026.03.03 17:28:09 | HEARTBEAT | SYSTEM | EA alive. Tick=104800 Equity=47625.40 OpenPos=3 UTC=2026.03.03 17:28 DayOfWeek=2 WeekendCloseActive=NO NewTradeBlocked=NO | 104800.000000
GR	0	10:28:55.952	Cazyxio_v4.0 (EURUSD,M15)	2026.03.03 17:28:55 | HEARTBEAT | SYSTEM | EA alive. Tick=104900 Equity=47643.79 OpenPos=3 UTC=2026.03.03 17:28 DayOfWeek=2 WeekendCloseActive=NO NewTradeBlocked=NO | 104900.000000
LG	0	10:29:39.120	Cazyxio_v4.0 (EURUSD,M15)	2026.03.03 17:29:39 | HEARTBEAT | SYSTEM | EA alive. Tick=105000 Equity=47613.06 OpenPos=3 UTC=2026.03.03 17:29 DayOfWeek=2 WeekendCloseActive=NO NewTradeBlocked=NO | 105000.000000
CG	0	10:30:02.762	Cazyxio_v4.0 (EURUSD,M15)	2026.03.03 17:30:02 | BAR | GBPUSD | close=1.33206 h4ema200=1.35244 h4slope=DOWN ema50=1.33195 atr=0.001834 atrSma=0.001283 atrRatio=1.430 dir=SHORT spread=22.0 spreadOK=YES atrGate=PASS touch=PASS momCandle=momClosePos=0.000 momOk=Y ema50Ok=Y barRange=0.000010 trigger=YES hasPos=YES portRisk=1.50% openPos=3 | 1.332060
CQ	0	10:30:02.762	Cazyxio_v4.0 (EURUSD,M15)	2026.03.03 17:30:02 | TRAIL_SKIP | GBPUSD | Trail not yet active. ProfitDist=-0.00099 ActivateAt=0.00440 (1.5R). ticket=4364551
EJ	0	10:30:02.762	Cazyxio_v4.0 (EURUSD,M15)	2026.03.03 17:30:02 | BAR | EURUSD | close=1.15966 h4ema200=1.17858 h4slope=DOWN ema50=1.16101 atr=0.001676 atrSma=0.000993 atrRatio=1.687 dir=SHORT spread=19.0 spreadOK=YES atrGate=PASS touch=PASS momCandle=momClosePos=0.500 momOk=N ema50Ok=Y barRange=0.000000 trigger=NO hasPos=NO portRisk=1.50% openPos=3 | 1.159660
RE	0	10:30:02.762	Cazyxio_v4.0 (EURUSD,M15)	2026.03.03 17:30:02 | GATE_FAIL | EURUSD | Momentum candle FAIL. dir=SHORT close=1.15966 ema50=1.16101 momClosePos=0.500 momOk=N ema50Ok=Y barRange=0.000000. Close not in 35% zone.
MM	0	10:30:02.762	Cazyxio_v4.0 (EURUSD,M15)	2026.03.03 17:30:02 | BAR | USDJPY | close=157.732 h4ema200=155.560 h4slope=UP ema50=157.662 atr=0.126571 atrSma=0.124239 atrRatio=1.019 dir=LONG spread=18.0 spreadOK=YES atrGate=PASS touch=PASS momCandle=momClosePos=1.000 momOk=Y ema50Ok=Y barRange=0.002000 trigger=YES hasPos=YES portRisk=1.50% openPos=3 | 157.732000
FQ	0	10:30:02.762	Cazyxio_v4.0 (EURUSD,M15)	2026.03.03 17:30:02 | TRAIL_SKIP | USDJPY | Trail not yet active. ProfitDist=0.036 ActivateAt=0.321 (1.5R). ticket=4343339
MF	0	10:30:02.762	Cazyxio_v4.0 (EURUSD,M15)	2026.03.03 17:30:02 | BAR | AUDUSD | close=0.70256 h4ema200=0.69853 h4slope=UP ema50=0.70304 atr=0.001799 atrSma=0.001103 atrRatio=1.631 dir=LONG spread=21.0 spreadOK=YES atrGate=PASS touch=PASS momCandle=momClosePos=0.500 momOk=N ema50Ok=Y barRange=0.000020 trigger=NO hasPos=YES portRisk=1.50% openPos=3 | 0.702560
KR	0	10:30:02.762	Cazyxio_v4.0 (EURUSD,M15)	2026.03.03 17:30:02 | TRAIL_SKIP | AUDUSD | Trail not yet active. ProfitDist=0.00050 ActivateAt=0.00435 (1.5R). ticket=4364552
JH	0	10:30:02.762	Cazyxio_v4.0 (EURUSD,M15)	2026.03.03 17:30:02 | BAR | GBPJPY | close=210.111 h4ema200=210.394 h4slope=DOWN ema50=210.003 atr=0.263714 atrSma=0.187097 atrRatio=1.410 dir=SHORT spread=41.0 spreadOK=NO atrGate=PASS touch=PASS momCandle=momClosePos=0.750 momOk=N ema50Ok=Y barRange=0.004000 trigger=NO hasPos=NO portRisk=1.50% openPos=3 | 210.111000
FH	0	10:30:02.762	Cazyxio_v4.0 (EURUSD,M15)	2026.03.03 17:30:02 | GATE_FAIL | GBPJPY | Spread too wide. Spread=41.0 Max=30 points.
MG	0	10:30:02.762	Cazyxio_v4.0 (EURUSD,M15)	2026.03.03 17:30:02 | BAR | USDCAD | close=1.36682 h4ema200=1.36885 h4slope=DOWN ema50=1.36903 atr=0.001756 atrSma=0.000931 atrRatio=1.887 dir=SHORT spread=28.0 spreadOK=YES atrGate=PASS touch=PASS momCandle=momClosePos=0.400 momOk=N ema50Ok=Y barRange=0.000050 trigger=NO hasPos=NO portRisk=1.50% openPos=3 | 1.366820
JP	0	10:30:02.762	Cazyxio_v4.0 (EURUSD,M15)	2026.03.03 17:30:02 | GATE_FAIL | USDCAD | Momentum candle FAIL. dir=SHORT close=1.36682 ema50=1.36903 momClosePos=0.400 momOk=N ema50Ok=Y barRange=0.000050. Close not in 35% zone.
EQ	0	10:30:18.579	Cazyxio_v4.0 (EURUSD,M15)	2026.03.03 17:30:18 | HEARTBEAT | SYSTEM | EA alive. Tick=105100 Equity=47619.85 OpenPos=3 UTC=2026.03.03 17:30 DayOfWeek=2 WeekendCloseActive=NO NewTradeBlocked=NO | 105100.000000
OE	0	10:31:00.960	Cazyxio_v4.0 (EURUSD,M15)	2026.03.03 17:31:00 | HEARTBEAT | SYSTEM | EA alive. Tick=105200 Equity=47628.33 OpenPos=3 UTC=2026.03.03 17:31 DayOfWeek=2 WeekendCloseActive=NO NewTradeBlocked=NO | 105200.000000
QF	0	10:31:46.151	Cazyxio_v4.0 (EURUSD,M15)	2026.03.03 17:31:46 | HEARTBEAT | SYSTEM | EA alive. Tick=105300 Equity=47613.59 OpenPos=3 UTC=2026.03.03 17:31 DayOfWeek=2 WeekendCloseActive=NO NewTradeBlocked=NO | 105300.000000
QJ	0	10:32:25.600	Cazyxio_v4.0 (EURUSD,M15)	2026.03.03 17:32:25 | HEARTBEAT | SYSTEM | EA alive. Tick=105400 Equity=47636.78 OpenPos=3 UTC=2026.03.03 17:32 DayOfWeek=2 WeekendCloseActive=NO NewTradeBlocked=NO | 105400.000000
ON	0	10:33:33.303	Cazyxio_v4.0 (EURUSD,M15)	2026.03.03 17:33:33 | HEARTBEAT | SYSTEM | EA alive. Tick=105500 Equity=47667.57 OpenPos=3 UTC=2026.03.03 17:33 DayOfWeek=2 WeekendCloseActive=NO NewTradeBlocked=NO | 105500.000000
ER	0	10:34:30.907	Cazyxio_v4.0 (EURUSD,M15)	2026.03.03 17:34:30 | HEARTBEAT | SYSTEM | EA alive. Tick=105600 Equity=47689.10 OpenPos=3 UTC=2026.03.03 17:34 DayOfWeek=2 WeekendCloseActive=NO NewTradeBlocked=NO | 105600.000000
KG	0	10:35:22.527	Cazyxio_v4.0 (EURUSD,M15)	2026.03.03 17:35:22 | HEARTBEAT | SYSTEM | EA alive. Tick=105700 Equity=47669.17 OpenPos=3 UTC=2026.03.03 17:35 DayOfWeek=2 WeekendCloseActive=NO NewTradeBlocked=NO | 105700.000000
DK	0	10:36:11.359	Cazyxio_v4.0 (EURUSD,M15)	2026.03.03 17:36:11 | HEARTBEAT | SYSTEM | EA alive. Tick=105800 Equity=47678.07 OpenPos=3 UTC=2026.03.03 17:36 DayOfWeek=2 WeekendCloseActive=NO NewTradeBlocked=NO | 105800.000000
EO	0	10:37:02.206	Cazyxio_v4.0 (EURUSD,M15)	2026.03.03 17:37:02 | HEARTBEAT | SYSTEM | EA alive. Tick=105900 Equity=47687.31 OpenPos=3 UTC=2026.03.03 17:37 DayOfWeek=2 WeekendCloseActive=NO NewTradeBlocked=NO | 105900.000000
OS	0	10:37:51.061	Cazyxio_v4.0 (EURUSD,M15)	2026.03.03 17:37:51 | HEARTBEAT | SYSTEM | EA alive. Tick=106000 Equity=47664.53 OpenPos=3 UTC=2026.03.03 17:37 DayOfWeek=2 WeekendCloseActive=NO NewTradeBlocked=NO | 106000.000000
FD	0	10:38:38.705	Cazyxio_v4.0 (EURUSD,M15)	2026.03.03 17:38:38 | HEARTBEAT | SYSTEM | EA alive. Tick=106100 Equity=47659.89 OpenPos=3 UTC=2026.03.03 17:38 DayOfWeek=2 WeekendCloseActive=NO NewTradeBlocked=NO | 106100.000000
MH	0	10:39:31.139	Cazyxio_v4.0 (EURUSD,M15)	2026.03.03 17:39:31 | HEARTBEAT | SYSTEM | EA alive. Tick=106200 Equity=47659.26 OpenPos=3 UTC=2026.03.03 17:39 DayOfWeek=2 WeekendCloseActive=NO NewTradeBlocked=NO | 106200.000000
QL	0	10:40:20.871	Cazyxio_v4.0 (EURUSD,M15)	2026.03.03 17:40:20 | HEARTBEAT | SYSTEM | EA alive. Tick=106300 Equity=47669.37 OpenPos=3 UTC=2026.03.03 17:40 DayOfWeek=2 WeekendCloseActive=NO NewTradeBlocked=NO | 106300.000000
GP	0	10:41:10.952	Cazyxio_v4.0 (EURUSD,M15)	2026.03.03 17:41:10 | HEARTBEAT | SYSTEM | EA alive. Tick=106400 Equity=47688.73 OpenPos=3 UTC=2026.03.03 17:41 DayOfWeek=2 WeekendCloseActive=NO NewTradeBlocked=NO | 106400.000000
KE	0	10:41:48.417	Cazyxio_v4.0 (EURUSD,M15)	2026.03.03 17:41:48 | HEARTBEAT | SYSTEM | EA alive. Tick=106500 Equity=47700.81 OpenPos=3 UTC=2026.03.03 17:41 DayOfWeek=2 WeekendCloseActive=NO NewTradeBlocked=NO | 106500.000000
KI	0	10:42:30.800	Cazyxio_v4.0 (EURUSD,M15)	2026.03.03 17:42:30 | HEARTBEAT | SYSTEM | EA alive. Tick=106600 Equity=47713.53 OpenPos=3 UTC=2026.03.03 17:42 DayOfWeek=2 WeekendCloseActive=NO NewTradeBlocked=NO | 106600.000000
PM	0	10:43:10.431	Cazyxio_v4.0 (EURUSD,M15)	2026.03.03 17:43:10 | HEARTBEAT | SYSTEM | EA alive. Tick=106700 Equity=47724.37 OpenPos=3 UTC=2026.03.03 17:43 DayOfWeek=2 WeekendCloseActive=NO NewTradeBlocked=NO | 106700.000000
EQ	0	10:43:48.518	Cazyxio_v4.0 (EURUSD,M15)	2026.03.03 17:43:48 | HEARTBEAT | SYSTEM | EA alive. Tick=106800 Equity=47744.56 OpenPos=3 UTC=2026.03.03 17:43 DayOfWeek=2 WeekendCloseActive=NO NewTradeBlocked=NO | 106800.000000
CR	0	10:44:36.640	Cazyxio_v4.0 (EURUSD,M15)	2026.03.03 17:44:36 | HEARTBEAT | SYSTEM | EA alive. Tick=106900 Equity=47727.23 OpenPos=3 UTC=2026.03.03 17:44 DayOfWeek=2 WeekendCloseActive=NO NewTradeBlocked=NO | 106900.000000
HG	0	10:45:02.071	Cazyxio_v4.0 (EURUSD,M15)	2026.03.03 17:45:02 | BAR | GBPUSD | close=1.33238 h4ema200=1.35244 h4slope=DOWN ema50=1.33198 atr=0.001804 atrSma=0.001284 atrRatio=1.405 dir=SHORT spread=22.0 spreadOK=YES atrGate=PASS touch=PASS momCandle=momClosePos=0.500 momOk=N ema50Ok=Y barRange=0.000000 trigger=NO hasPos=YES portRisk=1.50% openPos=3 | 1.332380
ID	0	10:45:02.071	Cazyxio_v4.0 (EURUSD,M15)	2026.03.03 17:45:02 | TRAIL_SKIP | GBPUSD | Trail not yet active. ProfitDist=-0.00131 ActivateAt=0.00440 (1.5R). ticket=4364551
GI	0	10:45:02.071	Cazyxio_v4.0 (EURUSD,M15)	2026.03.03 17:45:02 | BAR | EURUSD | close=1.15933 h4ema200=1.17858 h4slope=DOWN ema50=1.16093 atr=0.001614 atrSma=0.000998 atrRatio=1.617 dir=SHORT spread=16.0 spreadOK=YES atrGate=PASS touch=PASS momCandle=momClosePos=0.500 momOk=N ema50Ok=Y barRange=0.000000 trigger=NO hasPos=NO portRisk=1.50% openPos=3 | 1.159330
CJ	0	10:45:02.071	Cazyxio_v4.0 (EURUSD,M15)	2026.03.03 17:45:02 | GATE_FAIL | EURUSD | Momentum candle FAIL. dir=SHORT close=1.15933 ema50=1.16093 momClosePos=0.500 momOk=N ema50Ok=Y barRange=0.000000. Close not in 35% zone.
LG	0	10:45:02.072	Cazyxio_v4.0 (EURUSD,M15)	2026.03.03 17:45:02 | BAR | USDJPY | close=157.830 h4ema200=155.560 h4slope=UP ema50=157.673 atr=0.127571 atrSma=0.124222 atrRatio=1.027 dir=LONG spread=14.0 spreadOK=YES atrGate=PASS touch=PASS momCandle=momClosePos=0.500 momOk=N ema50Ok=Y barRange=0.000000 trigger=NO hasPos=YES portRisk=1.50% openPos=3 | 157.830000
KS	0	10:45:02.072	Cazyxio_v4.0 (EURUSD,M15)	2026.03.03 17:45:02 | TRAIL_SKIP | USDJPY | Trail not yet active. ProfitDist=0.134 ActivateAt=0.321 (1.5R). ticket=4343339
ME	0	10:45:02.072	Cazyxio_v4.0 (EURUSD,M15)	2026.03.03 17:45:02 | BAR | USDCAD | close=1.36686 h4ema200=1.36885 h4slope=DOWN ema50=1.36895 atr=0.001722 atrSma=0.000936 atrRatio=1.839 dir=SHORT spread=25.0 spreadOK=YES atrGate=PASS touch=PASS momCandle=momClosePos=0.500 momOk=N ema50Ok=Y barRange=0.000000 trigger=NO hasPos=NO portRisk=1.50% openPos=3 | 1.366860
RF	0	10:45:02.072	Cazyxio_v4.0 (EURUSD,M15)	2026.03.03 17:45:02 | GATE_FAIL | USDCAD | Momentum candle FAIL. dir=SHORT close=1.36686 ema50=1.36895 momClosePos=0.500 momOk=N ema50Ok=Y barRange=0.000000. Close not in 35% zone.
LR	0	10:45:02.324	Cazyxio_v4.0 (EURUSD,M15)	2026.03.03 17:45:02 | BAR | AUDUSD | close=0.70247 h4ema200=0.69853 h4slope=UP ema50=0.70302 atr=0.001834 atrSma=0.001109 atrRatio=1.654 dir=LONG spread=18.0 spreadOK=YES atrGate=PASS touch=PASS momCandle=momClosePos=0.500 momOk=N ema50Ok=Y barRange=0.000000 trigger=NO hasPos=YES portRisk=1.50% openPos=3 | 0.702470
GN	0	10:45:02.324	Cazyxio_v4.0 (EURUSD,M15)	2026.03.03 17:45:02 | TRAIL_SKIP | AUDUSD | Trail not yet active. ProfitDist=0.00041 ActivateAt=0.00435 (1.5R). ticket=4364552
IK	0	10:45:02.324	Cazyxio_v4.0 (EURUSD,M15)	2026.03.03 17:45:02 | BAR | GBPJPY | close=210.288 h4ema200=210.396 h4slope=UP ema50=210.021 atr=0.268500 atrSma=0.187564 atrRatio=1.432 dir=NONE spread=39.0 spreadOK=NO atrGate=PASS touch=FAIL momCandle= trigger=NO hasPos=NO portRisk=1.50% openPos=3 | 210.288000
EK	0	10:45:02.324	Cazyxio_v4.0 (EURUSD,M15)	2026.03.03 17:45:02 | GATE_FAIL | GBPJPY | No directional bias. h4slope=UP closeNow=210.288 h4ema200=210.396. Need H4 slope + price on correct side of H4 EMA200.
HJ	0	10:45:20.923	Cazyxio_v4.0 (EURUSD,M15)	2026.03.03 17:45:20 | HEARTBEAT | SYSTEM | EA alive. Tick=107000 Equity=47662.56 OpenPos=3 UTC=2026.03.03 17:45 DayOfWeek=2 WeekendCloseActive=NO NewTradeBlocked=NO | 107000.000000
JO	0	10:46:09.849	Cazyxio_v4.0 (EURUSD,M15)	2026.03.03 17:46:09 | HEARTBEAT | SYSTEM | EA alive. Tick=107100 Equity=47622.43 OpenPos=3 UTC=2026.03.03 17:46 DayOfWeek=2 WeekendCloseActive=NO NewTradeBlocked=NO | 107100.000000
JS	0	10:47:00.875	Cazyxio_v4.0 (EURUSD,M15)	2026.03.03 17:47:00 | HEARTBEAT | SYSTEM | EA alive. Tick=107200 Equity=47612.86 OpenPos=3 UTC=2026.03.03 17:47 DayOfWeek=2 WeekendCloseActive=NO NewTradeBlocked=NO | 107200.000000
LG	0	10:47:59.542	Cazyxio_v4.0 (EURUSD,M15)	2026.03.03 17:47:59 | HEARTBEAT | SYSTEM | EA alive. Tick=107300 Equity=47613.37 OpenPos=3 UTC=2026.03.03 17:47 DayOfWeek=2 WeekendCloseActive=NO NewTradeBlocked=NO | 107300.000000
GK	0	10:48:49.044	Cazyxio_v4.0 (EURUSD,M15)	2026.03.03 17:48:49 | HEARTBEAT | SYSTEM | EA alive. Tick=107400 Equity=47540.51 OpenPos=3 UTC=2026.03.03 17:48 DayOfWeek=2 WeekendCloseActive=NO NewTradeBlocked=NO | 107400.000000
QL	0	10:49:43.236	Cazyxio_v4.0 (EURUSD,M15)	2026.03.03 17:49:43 | HEARTBEAT | SYSTEM | EA alive. Tick=107500 Equity=47523.45 OpenPos=3 UTC=2026.03.03 17:49 DayOfWeek=2 WeekendCloseActive=NO NewTradeBlocked=NO | 107500.000000
DP	0	10:50:46.337	Cazyxio_v4.0 (EURUSD,M15)	2026.03.03 17:50:46 | HEARTBEAT | SYSTEM | EA alive. Tick=107600 Equity=47552.51 OpenPos=3 UTC=2026.03.03 17:50 DayOfWeek=2 WeekendCloseActive=NO NewTradeBlocked=NO | 107600.000000
ED	0	10:51:33.522	Cazyxio_v4.0 (EURUSD,M15)	2026.03.03 17:51:33 | HEARTBEAT | SYSTEM | EA alive. Tick=107700 Equity=47535.09 OpenPos=3 UTC=2026.03.03 17:51 DayOfWeek=2 WeekendCloseActive=NO NewTradeBlocked=NO | 107700.000000
JH	0	10:52:57.350	Cazyxio_v4.0 (EURUSD,M15)	2026.03.03 17:52:57 | HEARTBEAT | SYSTEM | EA alive. Tick=107800 Equity=47580.71 OpenPos=3 UTC=2026.03.03 17:52 DayOfWeek=2 WeekendCloseActive=NO NewTradeBlocked=NO | 107800.000000
GM	0	10:54:04.471	Cazyxio_v4.0 (EURUSD,M15)	2026.03.03 17:54:04 | HEARTBEAT | SYSTEM | EA alive. Tick=107900 Equity=47554.64 OpenPos=3 UTC=2026.03.03 17:54 DayOfWeek=2 WeekendCloseActive=NO NewTradeBlocked=NO | 107900.000000
DQ	0	10:56:02.411	Cazyxio_v4.0 (EURUSD,M15)	2026.03.03 17:56:02 | HEARTBEAT | SYSTEM | EA alive. Tick=108000 Equity=47655.05 OpenPos=3 UTC=2026.03.03 17:56 DayOfWeek=2 WeekendCloseActive=NO NewTradeBlocked=NO | 108000.000000
QE	0	10:57:05.181	Cazyxio_v4.0 (EURUSD,M15)	2026.03.03 17:57:05 | HEARTBEAT | SYSTEM | EA alive. Tick=108100 Equity=47648.34 OpenPos=3 UTC=2026.03.03 17:57 DayOfWeek=2 WeekendCloseActive=NO NewTradeBlocked=NO | 108100.000000
CI	0	10:58:09.458	Cazyxio_v4.0 (EURUSD,M15)	2026.03.03 17:58:09 | HEARTBEAT | SYSTEM | EA alive. Tick=108200 Equity=47645.86 OpenPos=3 UTC=2026.03.03 17:58 DayOfWeek=2 WeekendCloseActive=NO NewTradeBlocked=NO | 108200.000000
DJ	0	10:59:06.716	Cazyxio_v4.0 (EURUSD,M15)	2026.03.03 17:59:06 | HEARTBEAT | SYSTEM | EA alive. Tick=108300 Equity=47658.07 OpenPos=3 UTC=2026.03.03 17:59 DayOfWeek=2 WeekendCloseActive=NO NewTradeBlocked=NO | 108300.000000
GO	0	11:00:02.187	Cazyxio_v4.0 (EURUSD,M15)	2026.03.03 18:00:02 | BAR | GBPUSD | close=1.33224 h4ema200=1.35224 h4slope=DOWN ema50=1.33199 atr=0.001739 atrSma=0.001284 atrRatio=1.354 dir=SHORT spread=20.0 spreadOK=YES atrGate=PASS touch=PASS momCandle=momClosePos=0.500 momOk=N ema50Ok=Y barRange=0.000000 trigger=NO hasPos=YES portRisk=1.50% openPos=3 | 1.332240
IL	0	11:00:02.187	Cazyxio_v4.0 (EURUSD,M15)	2026.03.03 18:00:02 | TRAIL_SKIP | GBPUSD | Trail not yet active. ProfitDist=-0.00115 ActivateAt=0.00440 (1.5R). ticket=4364551
KQ	0	11:00:02.187	Cazyxio_v4.0 (EURUSD,M15)	2026.03.03 18:00:02 | BAR | EURUSD | close=1.15899 h4ema200=1.17838 h4slope=DOWN ema50=1.16084 atr=0.001603 atrSma=0.001003 atrRatio=1.598 dir=SHORT spread=14.0 spreadOK=YES atrGate=PASS touch=PASS momCandle=momClosePos=0.500 momOk=N ema50Ok=Y barRange=0.000000 trigger=NO hasPos=NO portRisk=1.50% openPos=3 | 1.158990
DR	0	11:00:02.187	Cazyxio_v4.0 (EURUSD,M15)	2026.03.03 18:00:02 | GATE_FAIL | EURUSD | Momentum candle FAIL. dir=SHORT close=1.15899 ema50=1.16084 momClosePos=0.500 momOk=N ema50Ok=Y barRange=0.000000. Close not in 35% zone.
CO	0	11:00:02.187	Cazyxio_v4.0 (EURUSD,M15)	2026.03.03 18:00:02 | BAR | USDJPY | close=157.831 h4ema200=155.583 h4slope=UP ema50=157.679 atr=0.127714 atrSma=0.124242 atrRatio=1.028 dir=LONG spread=17.0 spreadOK=YES atrGate=PASS touch=PASS momCandle=momClosePos=0.500 momOk=N ema50Ok=Y barRange=0.000000 trigger=NO hasPos=YES portRisk=1.50% openPos=3 | 157.831000
OK	0	11:00:02.187	Cazyxio_v4.0 (EURUSD,M15)	2026.03.03 18:00:02 | TRAIL_SKIP | USDJPY | Trail not yet active. ProfitDist=0.135 ActivateAt=0.321 (1.5R). ticket=4343339
RL	0	11:00:02.187	Cazyxio_v4.0 (EURUSD,M15)	2026.03.03 18:00:02 | BAR | AUDUSD | close=0.70205 h4ema200=0.69856 h4slope=UP ema50=0.70296 atr=0.001743 atrSma=0.001115 atrRatio=1.563 dir=LONG spread=20.0 spreadOK=YES atrGate=PASS touch=PASS momCandle=momClosePos=0.500 momOk=N ema50Ok=Y barRange=0.000000 trigger=NO hasPos=YES portRisk=1.50% openPos=3 | 0.702050
GO	0	11:00:02.187	Cazyxio_v4.0 (EURUSD,M15)	2026.03.03 18:00:02 | TRAIL_SKIP | AUDUSD | Trail not yet active. ProfitDist=-0.00001 ActivateAt=0.00435 (1.5R). ticket=4364552
MM	0	11:00:02.187	Cazyxio_v4.0 (EURUSD,M15)	2026.03.03 18:00:02 | BAR | GBPJPY | close=210.271 h4ema200=210.394 h4slope=DOWN ema50=210.030 atr=0.254143 atrSma=0.187746 atrRatio=1.354 dir=SHORT spread=40.0 spreadOK=NO atrGate=PASS touch=PASS momCandle=momClosePos=0.500 momOk=N ema50Ok=Y barRange=0.000000 trigger=NO hasPos=NO portRisk=1.50% openPos=3 | 210.271000
DM	0	11:00:02.187	Cazyxio_v4.0 (EURUSD,M15)	2026.03.03 18:00:02 | GATE_FAIL | GBPJPY | Spread too wide. Spread=40.0 Max=30 points.
LR	0	11:00:02.187	Cazyxio_v4.0 (EURUSD,M15)	2026.03.03 18:00:02 | BAR | USDCAD | close=1.36754 h4ema200=1.36884 h4slope=DOWN ema50=1.36892 atr=0.001642 atrSma=0.000942 atrRatio=1.744 dir=SHORT spread=24.0 spreadOK=YES atrGate=PASS touch=PASS momCandle=momClosePos=0.500 momOk=N ema50Ok=Y barRange=0.000000 trigger=NO hasPos=NO portRisk=1.50% openPos=3 | 1.367540
FM	0	11:00:02.187	Cazyxio_v4.0 (EURUSD,M15)	2026.03.03 18:00:02 | GATE_FAIL | USDCAD | Momentum candle FAIL. dir=SHORT close=1.36754 ema50=1.36892 momClosePos=0.500 momOk=N ema50Ok=Y barRange=0.000000. Close not in 35% zone.
QD	0	11:00:08.194	Cazyxio_v4.0 (EURUSD,M15)	2026.03.03 18:00:08 | HEARTBEAT | SYSTEM | EA alive. Tick=108400 Equity=47680.26 OpenPos=3 UTC=2026.03.03 18:00 DayOfWeek=2 WeekendCloseActive=NO NewTradeBlocked=NO | 108400.000000
KH	0	11:01:00.017	Cazyxio_v4.0 (EURUSD,M15)	2026.03.03 18:01:00 | HEARTBEAT | SYSTEM | EA alive. Tick=108500 Equity=47665.71 OpenPos=3 UTC=2026.03.03 18:01 DayOfWeek=2 WeekendCloseActive=NO NewTradeBlocked=NO | 108500.000000
NM	0	11:01:48.207	Cazyxio_v4.0 (EURUSD,M15)	2026.03.03 18:01:48 | HEARTBEAT | SYSTEM | EA alive. Tick=108600 Equity=47650.95 OpenPos=3 UTC=2026.03.03 18:01 DayOfWeek=2 WeekendCloseActive=NO NewTradeBlocked=NO | 108600.000000
HQ	0	11:02:31.262	Cazyxio_v4.0 (EURUSD,M15)	2026.03.03 18:02:31 | HEARTBEAT | SYSTEM | EA alive. Tick=108700 Equity=47674.00 OpenPos=3 UTC=2026.03.03 18:02 DayOfWeek=2 WeekendCloseActive=NO NewTradeBlocked=NO | 108700.000000
FE	0	11:03:21.445	Cazyxio_v4.0 (EURUSD,M15)	2026.03.03 18:03:21 | HEARTBEAT | SYSTEM | EA alive. Tick=108800 Equity=47611.38 OpenPos=3 UTC=2026.03.03 18:03 DayOfWeek=2 WeekendCloseActive=NO NewTradeBlocked=NO | 108800.000000
MI	0	11:04:14.446	Cazyxio_v4.0 (EURUSD,M15)	2026.03.03 18:04:14 | HEARTBEAT | SYSTEM | EA alive. Tick=108900 Equity=47632.21 OpenPos=3 UTC=2026.03.03 18:04 DayOfWeek=2 WeekendCloseActive=NO NewTradeBlocked=NO | 108900.000000
NJ	0	11:04:56.825	Cazyxio_v4.0 (EURUSD,M15)	2026.03.03 18:04:56 | HEARTBEAT | SYSTEM | EA alive. Tick=109000 Equity=47641.56 OpenPos=3 UTC=2026.03.03 18:04 DayOfWeek=2 WeekendCloseActive=NO NewTradeBlocked=NO | 109000.000000
CN	0	11:05:47.952	Cazyxio_v4.0 (EURUSD,M15)	2026.03.03 18:05:47 | HEARTBEAT | SYSTEM | EA alive. Tick=109100 Equity=47628.65 OpenPos=3 UTC=2026.03.03 18:05 DayOfWeek=2 WeekendCloseActive=NO NewTradeBlocked=NO | 109100.000000
KR	0	11:06:42.452	Cazyxio_v4.0 (EURUSD,M15)	2026.03.03 18:06:42 | HEARTBEAT | SYSTEM | EA alive. Tick=109200 Equity=47599.44 OpenPos=3 UTC=2026.03.03 18:06 DayOfWeek=2 WeekendCloseActive=NO NewTradeBlocked=NO | 109200.000000
OF	0	11:07:33.138	Cazyxio_v4.0 (EURUSD,M15)	2026.03.03 18:07:33 | HEARTBEAT | SYSTEM | EA alive. Tick=109300 Equity=47599.08 OpenPos=3 UTC=2026.03.03 18:07 DayOfWeek=2 WeekendCloseActive=NO NewTradeBlocked=NO | 109300.000000
PK	0	11:08:17.614	Cazyxio_v4.0 (EURUSD,M15)	2026.03.03 18:08:17 | HEARTBEAT | SYSTEM | EA alive. Tick=109400 Equity=47583.91 OpenPos=3 UTC=2026.03.03 18:08 DayOfWeek=2 WeekendCloseActive=NO NewTradeBlocked=NO | 109400.000000
GO	0	11:09:02.252	Cazyxio_v4.0 (EURUSD,M15)	2026.03.03 18:09:02 | HEARTBEAT | SYSTEM | EA alive. Tick=109500 Equity=47561.97 OpenPos=3 UTC=2026.03.03 18:09 DayOfWeek=2 WeekendCloseActive=NO NewTradeBlocked=NO | 109500.000000
ES	0	11:09:59.838	Cazyxio_v4.0 (EURUSD,M15)	2026.03.03 18:09:59 | HEARTBEAT | SYSTEM | EA alive. Tick=109600 Equity=47559.18 OpenPos=3 UTC=2026.03.03 18:09 DayOfWeek=2 WeekendCloseActive=NO NewTradeBlocked=NO | 109600.000000
FG	0	11:11:04.169	Cazyxio_v4.0 (EURUSD,M15)	2026.03.03 18:11:04 | HEARTBEAT | SYSTEM | EA alive. Tick=109700 Equity=47546.06 OpenPos=3 UTC=2026.03.03 18:11 DayOfWeek=2 WeekendCloseActive=NO NewTradeBlocked=NO | 109700.000000
HH	0	11:11:59.720	Cazyxio_v4.0 (EURUSD,M15)	2026.03.03 18:11:59 | HEARTBEAT | SYSTEM | EA alive. Tick=109800 Equity=47577.63 OpenPos=3 UTC=2026.03.03 18:11 DayOfWeek=2 WeekendCloseActive=NO NewTradeBlocked=NO | 109800.000000
QL	0	11:13:04.062	Cazyxio_v4.0 (EURUSD,M15)	2026.03.03 18:13:04 | HEARTBEAT | SYSTEM | EA alive. Tick=109900 Equity=47552.79 OpenPos=3 UTC=2026.03.03 18:13 DayOfWeek=2 WeekendCloseActive=NO NewTradeBlocked=NO | 109900.000000
OP	0	11:13:50.459	Cazyxio_v4.0 (EURUSD,M15)	2026.03.03 18:13:50 | HEARTBEAT | SYSTEM | EA alive. Tick=110000 Equity=47542.58 OpenPos=3 UTC=2026.03.03 18:13 DayOfWeek=2 WeekendCloseActive=NO NewTradeBlocked=NO | 110000.000000
HD	0	11:14:43.881	Cazyxio_v4.0 (EURUSD,M15)	2026.03.03 18:14:43 | HEARTBEAT | SYSTEM | EA alive. Tick=110100 Equity=47537.59 OpenPos=3 UTC=2026.03.03 18:14 DayOfWeek=2 WeekendCloseActive=NO NewTradeBlocked=NO | 110100.000000
HH	0	11:15:02.239	Cazyxio_v4.0 (EURUSD,M15)	2026.03.03 18:15:02 | BAR | GBPUSD | close=1.33348 h4ema200=1.35225 h4slope=DOWN ema50=1.33209 atr=0.001744 atrSma=0.001286 atrRatio=1.356 dir=SHORT spread=23.0 spreadOK=YES atrGate=PASS touch=PASS momCandle=momClosePos=0.500 momOk=N ema50Ok=Y barRange=0.000000 trigger=NO hasPos=YES portRisk=1.51% openPos=3 | 1.333480
PF	0	11:15:02.239	Cazyxio_v4.0 (EURUSD,M15)	2026.03.03 18:15:02 | TRAIL_SKIP | GBPUSD | Trail not yet active. ProfitDist=-0.00242 ActivateAt=0.00440 (1.5R). ticket=4364551
DH	0	11:15:02.239	Cazyxio_v4.0 (EURUSD,M15)	2026.03.03 18:15:02 | BAR | EURUSD | close=1.16032 h4ema200=1.17839 h4slope=DOWN ema50=1.16087 atr=0.001626 atrSma=0.001009 atrRatio=1.612 dir=SHORT spread=18.0 spreadOK=YES atrGate=PASS touch=PASS momCandle=momClosePos=0.500 momOk=N ema50Ok=Y barRange=0.000000 trigger=NO hasPos=NO portRisk=1.51% openPos=3 | 1.160320
ED	0	11:15:02.239	Cazyxio_v4.0 (EURUSD,M15)	2026.03.03 18:15:02 | GATE_FAIL | EURUSD | Momentum candle FAIL. dir=SHORT close=1.16032 ema50=1.16087 momClosePos=0.500 momOk=N ema50Ok=Y barRange=0.000000. Close not in 35% zone.
FG	0	11:15:02.239	Cazyxio_v4.0 (EURUSD,M15)	2026.03.03 18:15:02 | BAR | AUDUSD | close=0.70285 h4ema200=0.69857 h4slope=UP ema50=0.70299 atr=0.001724 atrSma=0.001120 atrRatio=1.538 dir=LONG spread=20.0 spreadOK=YES atrGate=PASS touch=PASS momCandle=momClosePos=0.500 momOk=N ema50Ok=Y barRange=0.000000 trigger=NO hasPos=YES portRisk=1.51% openPos=3 | 0.702850
GQ	0	11:15:02.239	Cazyxio_v4.0 (EURUSD,M15)	2026.03.03 18:15:02 | TRAIL_SKIP | AUDUSD | Trail not yet active. ProfitDist=0.00079 ActivateAt=0.00435 (1.5R). ticket=4364552
OD	0	11:15:02.239	Cazyxio_v4.0 (EURUSD,M15)	2026.03.03 18:15:02 | BAR | USDCAD | close=1.36599 h4ema200=1.36883 h4slope=DOWN ema50=1.36875 atr=0.001667 atrSma=0.000948 atrRatio=1.758 dir=SHORT spread=28.0 spreadOK=YES atrGate=PASS touch=PASS momCandle=momClosePos=0.500 momOk=N ema50Ok=Y barRange=0.000000 trigger=NO hasPos=NO portRisk=1.51% openPos=3 | 1.365990
RG	0	11:15:02.239	Cazyxio_v4.0 (EURUSD,M15)	2026.03.03 18:15:02 | GATE_FAIL | USDCAD | Momentum candle FAIL. dir=SHORT close=1.36599 ema50=1.36875 momClosePos=0.500 momOk=N ema50Ok=Y barRange=0.000000. Close not in 35% zone.
QR	0	11:15:02.397	Cazyxio_v4.0 (EURUSD,M15)	2026.03.03 18:15:02 | BAR | USDJPY | close=157.732 h4ema200=155.582 h4slope=UP ema50=157.677 atr=0.122643 atrSma=0.124275 atrRatio=0.987 dir=LONG spread=17.0 spreadOK=YES atrGate=PASS touch=PASS momCandle=momClosePos=0.500 momOk=N ema50Ok=Y barRange=0.000000 trigger=NO hasPos=YES portRisk=1.51% openPos=3 | 157.732000
DO	0	11:15:02.397	Cazyxio_v4.0 (EURUSD,M15)	2026.03.03 18:15:02 | TRAIL_SKIP | USDJPY | Trail not yet active. ProfitDist=0.036 ActivateAt=0.321 (1.5R). ticket=4343339
HL	0	11:15:02.397	Cazyxio_v4.0 (EURUSD,M15)	2026.03.03 18:15:02 | BAR | GBPJPY | close=210.340 h4ema200=210.395 h4slope=UP ema50=210.045 atr=0.238786 atrSma=0.187839 atrRatio=1.271 dir=NONE spread=42.0 spreadOK=NO atrGate=PASS touch=FAIL momCandle= trigger=NO hasPos=NO portRisk=1.51% openPos=3 | 210.340000
QI	0	11:15:02.397	Cazyxio_v4.0 (EURUSD,M15)	2026.03.03 18:15:02 | GATE_FAIL | GBPJPY | No directional bias. h4slope=UP closeNow=210.340 h4ema200=210.395. Need H4 slope + price on correct side of H4 EMA200.
CM	0	11:15:34.985	Cazyxio_v4.0 (EURUSD,M15)	2026.03.03 18:15:34 | HEARTBEAT | SYSTEM | EA alive. Tick=110200 Equity=47537.09 OpenPos=3 UTC=2026.03.03 18:15 DayOfWeek=2 WeekendCloseActive=NO NewTradeBlocked=NO | 110200.000000
OQ	0	11:17:06.739	Cazyxio_v4.0 (EURUSD,M15)	2026.03.03 18:17:06 | HEARTBEAT | SYSTEM | EA alive. Tick=110300 Equity=47543.81 OpenPos=3 UTC=2026.03.03 18:17 DayOfWeek=2 WeekendCloseActive=NO NewTradeBlocked=NO | 110300.000000
RR	0	11:18:15.306	Cazyxio_v4.0 (EURUSD,M15)	2026.03.03 18:18:15 | HEARTBEAT | SYSTEM | EA alive. Tick=110400 Equity=47540.13 OpenPos=3 UTC=2026.03.03 18:18 DayOfWeek=2 WeekendCloseActive=NO NewTradeBlocked=NO | 110400.000000
QF	0	11:19:09.776	Cazyxio_v4.0 (EURUSD,M15)	2026.03.03 18:19:09 | HEARTBEAT | SYSTEM | EA alive. Tick=110500 Equity=47546.30 OpenPos=3 UTC=2026.03.03 18:19 DayOfWeek=2 WeekendCloseActive=NO NewTradeBlocked=NO | 110500.000000
NJ	0	11:20:25.649	Cazyxio_v4.0 (EURUSD,M15)	2026.03.03 18:20:25 | HEARTBEAT | SYSTEM | EA alive. Tick=110600 Equity=47592.40 OpenPos=3 UTC=2026.03.03 18:20 DayOfWeek=2 WeekendCloseActive=NO NewTradeBlocked=NO | 110600.000000
MN	0	11:21:30.699	Cazyxio_v4.0 (EURUSD,M15)	2026.03.03 18:21:30 | HEARTBEAT | SYSTEM | EA alive. Tick=110700 Equity=47613.43 OpenPos=3 UTC=2026.03.03 18:21 DayOfWeek=2 WeekendCloseActive=NO NewTradeBlocked=NO | 110700.000000
IS	0	11:22:38.742	Cazyxio_v4.0 (EURUSD,M15)	2026.03.03 18:22:38 | HEARTBEAT | SYSTEM | EA alive. Tick=110800 Equity=47617.07 OpenPos=3 UTC=2026.03.03 18:22 DayOfWeek=2 WeekendCloseActive=NO NewTradeBlocked=NO | 110800.000000
MG	0	11:23:41.208	Cazyxio_v4.0 (EURUSD,M15)	2026.03.03 18:23:41 | HEARTBEAT | SYSTEM | EA alive. Tick=110900 Equity=47555.11 OpenPos=3 UTC=2026.03.03 18:23 DayOfWeek=2 WeekendCloseActive=NO NewTradeBlocked=NO | 110900.000000
EK	0	11:24:39.900	Cazyxio_v4.0 (EURUSD,M15)	2026.03.03 18:24:39 | HEARTBEAT | SYSTEM | EA alive. Tick=111000 Equity=47526.14 OpenPos=2 UTC=2026.03.03 18:24 DayOfWeek=2 WeekendCloseActive=NO NewTradeBlocked=NO | 111000.000000
MO	0	11:25:43.646	Cazyxio_v4.0 (EURUSD,M15)	2026.03.03 18:25:43 | HEARTBEAT | SYSTEM | EA alive. Tick=111100 Equity=47527.26 OpenPos=2 UTC=2026.03.03 18:25 DayOfWeek=2 WeekendCloseActive=NO NewTradeBlocked=NO | 111100.000000
JP	0	11:26:59.742	Cazyxio_v4.0 (EURUSD,M15)	2026.03.03 18:26:59 | HEARTBEAT | SYSTEM | EA alive. Tick=111200 Equity=47535.33 OpenPos=2 UTC=2026.03.03 18:26 DayOfWeek=2 WeekendCloseActive=NO NewTradeBlocked=NO | 111200.000000
JD	0	11:27:59.058	Cazyxio_v4.0 (EURUSD,M15)	2026.03.03 18:27:59 | HEARTBEAT | SYSTEM | EA alive. Tick=111300 Equity=47516.08 OpenPos=2 UTC=2026.03.03 18:27 DayOfWeek=2 WeekendCloseActive=NO NewTradeBlocked=NO | 111300.000000
NH	0	11:28:46.780	Cazyxio_v4.0 (EURUSD,M15)	2026.03.03 18:28:46 | HEARTBEAT | SYSTEM | EA alive. Tick=111400 Equity=47522.64 OpenPos=2 UTC=2026.03.03 18:28 DayOfWeek=2 WeekendCloseActive=NO NewTradeBlocked=NO | 111400.000000
FL	0	11:29:47.873	Cazyxio_v4.0 (EURUSD,M15)	2026.03.03 18:29:47 | HEARTBEAT | SYSTEM | EA alive. Tick=111500 Equity=47490.40 OpenPos=2 UTC=2026.03.03 18:29 DayOfWeek=2 WeekendCloseActive=NO NewTradeBlocked=NO | 111500.000000
KL	0	11:30:02.108	Cazyxio_v4.0 (EURUSD,M15)	2026.03.03 18:30:02 | BAR | GBPUSD | close=1.33406 h4ema200=1.35226 h4slope=DOWN ema50=1.33219 atr=0.001649 atrSma=0.001287 atrRatio=1.282 dir=SHORT spread=22.0 spreadOK=YES atrGate=PASS touch=PASS momCandle=momClosePos=0.500 momOk=N ema50Ok=Y barRange=0.000000 trigger=NO hasPos=NO portRisk=1.01% openPos=2 | 1.334060
IN	0	11:30:02.108	Cazyxio_v4.0 (EURUSD,M15)	2026.03.03 18:30:02 | GATE_FAIL | GBPUSD | Momentum candle FAIL. dir=SHORT close=1.33406 ema50=1.33219 momClosePos=0.500 momOk=N ema50Ok=Y barRange=0.000000. Close not in 35% zone.
QJ	0	11:30:02.108	Cazyxio_v4.0 (EURUSD,M15)	2026.03.03 18:30:02 | BAR | EURUSD | close=1.16037 h4ema200=1.17839 h4slope=DOWN ema50=1.16085 atr=0.001460 atrSma=0.001013 atrRatio=1.441 dir=SHORT spread=17.0 spreadOK=YES atrGate=PASS touch=PASS momCandle=momClosePos=0.500 momOk=N ema50Ok=Y barRange=0.000000 trigger=NO hasPos=NO portRisk=1.01% openPos=2 | 1.160370
OE	0	11:30:02.108	Cazyxio_v4.0 (EURUSD,M15)	2026.03.03 18:30:02 | GATE_FAIL | EURUSD | Momentum candle FAIL. dir=SHORT close=1.16037 ema50=1.16085 momClosePos=0.500 momOk=N ema50Ok=Y barRange=0.000000. Close not in 35% zone.
CQ	0	11:30:02.108	Cazyxio_v4.0 (EURUSD,M15)	2026.03.03 18:30:02 | BAR | AUDUSD | close=0.70333 h4ema200=0.69857 h4slope=UP ema50=0.70302 atr=0.001517 atrSma=0.001124 atrRatio=1.349 dir=LONG spread=18.0 spreadOK=YES atrGate=PASS touch=PASS momCandle=momClosePos=0.500 momOk=N ema50Ok=Y barRange=0.000000 trigger=NO hasPos=YES portRisk=1.01% openPos=2 | 0.703330
JO	0	11:30:02.108	Cazyxio_v4.0 (EURUSD,M15)	2026.03.03 18:30:02 | TRAIL_SKIP | AUDUSD | Trail not yet active. ProfitDist=0.00127 ActivateAt=0.00435 (1.5R). ticket=4364552
NJ	0	11:30:02.108	Cazyxio_v4.0 (EURUSD,M15)	2026.03.03 18:30:02 | BAR | GBPJPY | close=210.392 h4ema200=210.396 h4slope=UP ema50=210.060 atr=0.220571 atrSma=0.187932 atrRatio=1.174 dir=NONE spread=43.0 spreadOK=NO atrGate=PASS touch=FAIL momCandle= trigger=NO hasPos=NO portRisk=1.01% openPos=2 | 210.392000
ML	0	11:30:02.108	Cazyxio_v4.0 (EURUSD,M15)	2026.03.03 18:30:02 | GATE_FAIL | GBPJPY | No directional bias. h4slope=UP closeNow=210.392 h4ema200=210.396. Need H4 slope + price on correct side of H4 EMA200.
DG	0	11:30:02.366	Cazyxio_v4.0 (EURUSD,M15)	2026.03.03 18:30:02 | BAR | USDJPY | close=157.700 h4ema200=155.582 h4slope=UP ema50=157.677 atr=0.118714 atrSma=0.124316 atrRatio=0.955 dir=LONG spread=17.0 spreadOK=YES atrGate=PASS touch=PASS momCandle=momClosePos=0.500 momOk=N ema50Ok=Y barRange=0.000000 trigger=NO hasPos=YES portRisk=1.01% openPos=2 | 157.700000
MR	0	11:30:02.366	Cazyxio_v4.0 (EURUSD,M15)	2026.03.03 18:30:02 | TRAIL_SKIP | USDJPY | Trail not yet active. ProfitDist=0.004 ActivateAt=0.321 (1.5R). ticket=4343339
EJ	0	11:30:02.366	Cazyxio_v4.0 (EURUSD,M15)	2026.03.03 18:30:02 | BAR | USDCAD | close=1.36606 h4ema200=1.36883 h4slope=DOWN ema50=1.36864 atr=0.001556 atrSma=0.000953 atrRatio=1.633 dir=SHORT spread=26.0 spreadOK=YES atrGate=PASS touch=PASS momCandle=momClosePos=0.500 momOk=N ema50Ok=Y barRange=0.000000 trigger=NO hasPos=NO portRisk=1.01% openPos=2 | 1.366060
LF	0	11:30:02.366	Cazyxio_v4.0 (EURUSD,M15)	2026.03.03 18:30:02 | GATE_FAIL | USDCAD | Momentum candle FAIL. dir=SHORT close=1.36606 ema50=1.36864 momClosePos=0.500 momOk=N ema50Ok=Y barRange=0.000000. Close not in 35% zone.
OL	0	11:30:43.498	Cazyxio_v4.0 (EURUSD,M15)	2026.03.03 18:30:43 | HEARTBEAT | SYSTEM | EA alive. Tick=111600 Equity=47473.83 OpenPos=2 UTC=2026.03.03 18:30 DayOfWeek=2 WeekendCloseActive=NO NewTradeBlocked=NO | 111600.000000
QP	0	11:31:30.698	Cazyxio_v4.0 (EURUSD,M15)	2026.03.03 18:31:30 | HEARTBEAT | SYSTEM | EA alive. Tick=111700 Equity=47468.04 OpenPos=2 UTC=2026.03.03 18:31 DayOfWeek=2 WeekendCloseActive=NO NewTradeBlocked=NO | 111700.000000
HD	0	11:33:01.645	Cazyxio_v4.0 (EURUSD,M15)	2026.03.03 18:33:01 | HEARTBEAT | SYSTEM | EA alive. Tick=111800 Equity=47472.39 OpenPos=2 UTC=2026.03.03 18:33 DayOfWeek=2 WeekendCloseActive=NO NewTradeBlocked=NO | 111800.000000
FH	0	11:33:49.879	Cazyxio_v4.0 (EURUSD,M15)	2026.03.03 18:33:49 | HEARTBEAT | SYSTEM | EA alive. Tick=111900 Equity=47451.91 OpenPos=2 UTC=2026.03.03 18:33 DayOfWeek=2 WeekendCloseActive=NO NewTradeBlocked=NO | 111900.000000
JM	0	11:34:43.723	Cazyxio_v4.0 (EURUSD,M15)	2026.03.03 18:34:43 | HEARTBEAT | SYSTEM | EA alive. Tick=112000 Equity=47417.05 OpenPos=2 UTC=2026.03.03 18:34 DayOfWeek=2 WeekendCloseActive=NO NewTradeBlocked=NO | 112000.000000
DQ	0	11:35:47.796	Cazyxio_v4.0 (EURUSD,M15)	2026.03.03 18:35:47 | HEARTBEAT | SYSTEM | EA alive. Tick=112100 Equity=47402.84 OpenPos=2 UTC=2026.03.03 18:35 DayOfWeek=2 WeekendCloseActive=NO NewTradeBlocked=NO | 112100.000000
FE	0	11:36:33.117	Cazyxio_v4.0 (EURUSD,M15)	2026.03.03 18:36:33 | HEARTBEAT | SYSTEM | EA alive. Tick=112200 Equity=47449.54 OpenPos=2 UTC=2026.03.03 18:36 DayOfWeek=2 WeekendCloseActive=NO NewTradeBlocked=NO | 112200.000000
JI	0	11:37:13.384	Cazyxio_v4.0 (EURUSD,M15)	2026.03.03 18:37:13 | HEARTBEAT | SYSTEM | EA alive. Tick=112300 Equity=47452.46 OpenPos=2 UTC=2026.03.03 18:37 DayOfWeek=2 WeekendCloseActive=NO NewTradeBlocked=NO | 112300.000000
QJ	0	11:37:54.448	Cazyxio_v4.0 (EURUSD,M15)	2026.03.03 18:37:54 | HEARTBEAT | SYSTEM | EA alive. Tick=112400 Equity=47434.33 OpenPos=2 UTC=2026.03.03 18:37 DayOfWeek=2 WeekendCloseActive=NO NewTradeBlocked=NO | 112400.000000
GN	0	11:38:32.605	Cazyxio_v4.0 (EURUSD,M15)	2026.03.03 18:38:32 | HEARTBEAT | SYSTEM | EA alive. Tick=112500 Equity=47396.72 OpenPos=2 UTC=2026.03.03 18:38 DayOfWeek=2 WeekendCloseActive=NO NewTradeBlocked=NO | 112500.000000
PO	0	11:38:46.155	Cazyxio_v4.0 (EURUSD,M15)	2026.03.03 18:38:46 | DAILY_GUARD_TRIPPED | SYSTEM | Daily loss limit hit. DrawdownPct=3.03 Limit=3.00 No more trades today. | 3.026142
GS	0	11:38:46.155	Cazyxio_v4.0 (EURUSD,M15)	2026.03.03 18:38:46 | DAILY_GUARD_TRIPPED | SYSTEM | Daily loss guard active. No trading until next day. Tick=112527
MI	0	11:39:13.710	Cazyxio_v4.0 (EURUSD,M15)	2026.03.03 18:39:13 | HEARTBEAT | SYSTEM | EA alive. Tick=112600 Equity=47370.90 OpenPos=2 UTC=2026.03.03 18:39 DayOfWeek=2 WeekendCloseActive=NO NewTradeBlocked=NO | 112600.000000
CS	0	11:39:23.817	Cazyxio_v4.0 (EURUSD,M15)	2026.03.03 18:39:23 | DAILY_GUARD_TRIPPED | SYSTEM | Daily loss guard active. No trading until next day. Tick=112627
RF	0	11:39:49.898	Cazyxio_v4.0 (EURUSD,M15)	2026.03.03 18:39:49 | HEARTBEAT | SYSTEM | EA alive. Tick=112700 Equity=47369.47 OpenPos=2 UTC=2026.03.03 18:39 DayOfWeek=2 WeekendCloseActive=NO NewTradeBlocked=NO | 112700.000000
DD	0	11:40:01.042	Cazyxio_v4.0 (EURUSD,M15)	2026.03.03 18:40:01 | DAILY_GUARD_TRIPPED | SYSTEM | Daily loss guard active. No trading until next day. Tick=112727
EF	0	11:40:26.431	Cazyxio_v4.0 (EURUSD,M15)	2026.03.03 18:40:26 | HEARTBEAT | SYSTEM | EA alive. Tick=112800 Equity=47404.38 OpenPos=2 UTC=2026.03.03 18:40 DayOfWeek=2 WeekendCloseActive=NO NewTradeBlocked=NO | 112800.000000
ID	0	11:40:39.152	Cazyxio_v4.0 (EURUSD,M15)	2026.03.03 18:40:39 | DAILY_GUARD_TRIPPED | SYSTEM | Daily loss guard active. No trading until next day. Tick=112827
CG	0	11:41:16.327	Cazyxio_v4.0 (EURUSD,M15)	2026.03.03 18:41:16 | HEARTBEAT | SYSTEM | EA alive. Tick=112900 Equity=47390.93 OpenPos=2 UTC=2026.03.03 18:41 DayOfWeek=2 WeekendCloseActive=NO NewTradeBlocked=NO | 112900.000000
RE	0	11:41:25.161	Cazyxio_v4.0 (EURUSD,M15)	2026.03.03 18:41:25 | DAILY_GUARD_TRIPPED | SYSTEM | Daily loss guard active. No trading until next day. Tick=112927
PG	0	11:41:59.874	Cazyxio_v4.0 (EURUSD,M15)	2026.03.03 18:41:59 | HEARTBEAT | SYSTEM | EA alive. Tick=113000 Equity=47376.82 OpenPos=2 UTC=2026.03.03 18:41 DayOfWeek=2 WeekendCloseActive=NO NewTradeBlocked=NO | 113000.000000
CE	0	11:42:13.845	Cazyxio_v4.0 (EURUSD,M15)	2026.03.03 18:42:13 | DAILY_GUARD_TRIPPED | SYSTEM | Daily loss guard active. No trading until next day. Tick=113027
ID	0	11:42:57.176	Cazyxio_v4.0 (EURUSD,M15)	2026.03.03 18:42:57 | HEARTBEAT | SYSTEM | EA alive. Tick=113100 Equity=47401.24 OpenPos=2 UTC=2026.03.03 18:42 DayOfWeek=2 WeekendCloseActive=NO NewTradeBlocked=NO | 113100.000000
HF	0	11:43:09.775	Cazyxio_v4.0 (EURUSD,M15)	2026.03.03 18:43:09 | DAILY_GUARD_TRIPPED | SYSTEM | Daily loss guard active. No trading until next day. Tick=113127
RD	0	11:43:44.510	Cazyxio_v4.0 (EURUSD,M15)	2026.03.03 18:43:44 | HEARTBEAT | SYSTEM | EA alive. Tick=113200 Equity=47401.57 OpenPos=2 UTC=2026.03.03 18:43 DayOfWeek=2 WeekendCloseActive=NO NewTradeBlocked=NO | 113200.000000
CF	0	11:43:57.209	Cazyxio_v4.0 (EURUSD,M15)	2026.03.03 18:43:57 | DAILY_GUARD_TRIPPED | SYSTEM | Daily loss guard active. No trading until next day. Tick=113227
LE	0	11:44:31.973	Cazyxio_v4.0 (EURUSD,M15)	2026.03.03 18:44:31 | HEARTBEAT | SYSTEM | EA alive. Tick=113300 Equity=47411.74 OpenPos=2 UTC=2026.03.03 18:44 DayOfWeek=2 WeekendCloseActive=NO NewTradeBlocked=NO | 113300.000000
IG	0	11:44:49.958	Cazyxio_v4.0 (EURUSD,M15)	2026.03.03 18:44:49 | DAILY_GUARD_TRIPPED | SYSTEM | Daily loss guard active. No trading until next day. Tick=113327
HE	0	11:45:37.237	Cazyxio_v4.0 (EURUSD,M15)	2026.03.03 18:45:37 | HEARTBEAT | SYSTEM | EA alive. Tick=113400 Equity=47430.86 OpenPos=2 UTC=2026.03.03 18:45 DayOfWeek=2 WeekendCloseActive=NO NewTradeBlocked=NO | 113400.000000
GG	0	11:45:58.977	Cazyxio_v4.0 (EURUSD,M15)	2026.03.03 18:45:58 | DAILY_GUARD_TRIPPED | SYSTEM | Daily loss guard active. No trading until next day. Tick=113427
OR	0	11:46:50.181	Cazyxio_v4.0 (EURUSD,M15)	2026.03.03 18:46:50 | HEARTBEAT | SYSTEM | EA alive. Tick=113500 Equity=47437.72 OpenPos=2 UTC=2026.03.03 18:46 DayOfWeek=2 WeekendCloseActive=NO NewTradeBlocked=NO | 113500.000000
MH	0	11:47:10.349	Cazyxio_v4.0 (EURUSD,M15)	2026.03.03 18:47:10 | DAILY_GUARD_TRIPPED | SYSTEM | Daily loss guard active. No trading until next day. Tick=113527
LR	0	11:47:48.373	Cazyxio_v4.0 (EURUSD,M15)	2026.03.03 18:47:48 | HEARTBEAT | SYSTEM | EA alive. Tick=113600 Equity=47426.17 OpenPos=2 UTC=2026.03.03 18:47 DayOfWeek=2 WeekendCloseActive=NO NewTradeBlocked=NO | 113600.000000
CH	0	11:48:00.825	Cazyxio_v4.0 (EURUSD,M15)	2026.03.03 18:48:00 | DAILY_GUARD_TRIPPED | SYSTEM | Daily loss guard active. No trading until next day. Tick=113627
NS	0	11:48:51.755	Cazyxio_v4.0 (EURUSD,M15)	2026.03.03 18:48:51 | HEARTBEAT | SYSTEM | EA alive. Tick=113700 Equity=47417.01 OpenPos=2 UTC=2026.03.03 18:48 DayOfWeek=2 WeekendCloseActive=NO NewTradeBlocked=NO | 113700.000000
II	0	11:49:05.891	Cazyxio_v4.0 (EURUSD,M15)	2026.03.03 18:49:05 | DAILY_GUARD_TRIPPED | SYSTEM | Daily loss guard active. No trading until next day. Tick=113727
JS	0	11:49:49.321	Cazyxio_v4.0 (EURUSD,M15)	2026.03.03 18:49:49 | HEARTBEAT | SYSTEM | EA alive. Tick=113800 Equity=47461.20 OpenPos=2 UTC=2026.03.03 18:49 DayOfWeek=2 WeekendCloseActive=NO NewTradeBlocked=NO | 113800.000000
QI	0	11:50:03.395	Cazyxio_v4.0 (EURUSD,M15)	2026.03.03 18:50:03 | DAILY_GUARD_TRIPPED | SYSTEM | Daily loss guard active. No trading until next day. Tick=113827
PP	0	11:50:48.680	Cazyxio_v4.0 (EURUSD,M15)	2026.03.03 18:50:48 | HEARTBEAT | SYSTEM | EA alive. Tick=113900 Equity=47450.37 OpenPos=2 UTC=2026.03.03 18:50 DayOfWeek=2 WeekendCloseActive=NO NewTradeBlocked=NO | 113900.000000
HJ	0	11:51:03.739	Cazyxio_v4.0 (EURUSD,M15)	2026.03.03 18:51:03 | DAILY_GUARD_TRIPPED | SYSTEM | Daily loss guard active. No trading until next day. Tick=113927
MP	0	11:51:54.451	Cazyxio_v4.0 (EURUSD,M15)	2026.03.03 18:51:54 | HEARTBEAT | SYSTEM | EA alive. Tick=114000 Equity=47454.66 OpenPos=2 UTC=2026.03.03 18:51 DayOfWeek=2 WeekendCloseActive=NO NewTradeBlocked=NO | 114000.000000
NJ	0	11:52:11.261	Cazyxio_v4.0 (EURUSD,M15)	2026.03.03 18:52:11 | DAILY_GUARD_TRIPPED | SYSTEM | Daily loss guard active. No trading until next day. Tick=114027
LQ	0	11:52:57.548	Cazyxio_v4.0 (EURUSD,M15)	2026.03.03 18:52:57 | HEARTBEAT | SYSTEM | EA alive. Tick=114100 Equity=47443.70 OpenPos=2 UTC=2026.03.03 18:52 DayOfWeek=2 WeekendCloseActive=NO NewTradeBlocked=NO | 114100.000000
GK	0	11:53:13.210	Cazyxio_v4.0 (EURUSD,M15)	2026.03.03 18:53:13 | DAILY_GUARD_TRIPPED | SYSTEM | Daily loss guard active. No trading until next day. Tick=114127
EQ	0	11:53:59.152	Cazyxio_v4.0 (EURUSD,M15)	2026.03.03 18:53:59 | HEARTBEAT | SYSTEM | EA alive. Tick=114200 Equity=47472.08 OpenPos=2 UTC=2026.03.03 18:53 DayOfWeek=2 WeekendCloseActive=NO NewTradeBlocked=NO | 114200.000000
CK	0	11:54:12.491	Cazyxio_v4.0 (EURUSD,M15)	2026.03.03 18:54:12 | DAILY_GUARD_TRIPPED | SYSTEM | Daily loss guard active. No trading until next day. Tick=114227
IN	0	11:54:57.341	Cazyxio_v4.0 (EURUSD,M15)	2026.03.03 18:54:57 | HEARTBEAT | SYSTEM | EA alive. Tick=114300 Equity=47484.93 OpenPos=2 UTC=2026.03.03 18:54 DayOfWeek=2 WeekendCloseActive=NO NewTradeBlocked=NO | 114300.000000
EL	0	11:55:15.887	Cazyxio_v4.0 (EURUSD,M15)	2026.03.03 18:55:15 | DAILY_GUARD_TRIPPED | SYSTEM | Daily loss guard active. No trading until next day. Tick=114327
HN	0	11:56:01.616	Cazyxio_v4.0 (EURUSD,M15)	2026.03.03 18:56:01 | HEARTBEAT | SYSTEM | EA alive. Tick=114400 Equity=47481.67 OpenPos=2 UTC=2026.03.03 18:56 DayOfWeek=2 WeekendCloseActive=NO NewTradeBlocked=NO | 114400.000000
PL	0	11:56:16.979	Cazyxio_v4.0 (EURUSD,M15)	2026.03.03 18:56:16 | DAILY_GUARD_TRIPPED | SYSTEM | Daily loss guard active. No trading until next day. Tick=114427
PO	0	11:57:19.278	Cazyxio_v4.0 (EURUSD,M15)	2026.03.03 18:57:19 | HEARTBEAT | SYSTEM | EA alive. Tick=114500 Equity=47527.10 OpenPos=2 UTC=2026.03.03 18:57 DayOfWeek=2 WeekendCloseActive=NO NewTradeBlocked=NO | 114500.000000
GM	0	11:57:34.124	Cazyxio_v4.0 (EURUSD,M15)	2026.03.03 18:57:34 | DAILY_GUARD_TRIPPED | SYSTEM | Daily loss guard active. No trading until next day. Tick=114527
OO	0	11:58:13.254	Cazyxio_v4.0 (EURUSD,M15)	2026.03.03 18:58:13 | HEARTBEAT | SYSTEM | EA alive. Tick=114600 Equity=47518.72 OpenPos=2 UTC=2026.03.03 18:58 DayOfWeek=2 WeekendCloseActive=NO NewTradeBlocked=NO | 114600.000000
GM	0	11:58:35.095	Cazyxio_v4.0 (EURUSD,M15)	2026.03.03 18:58:35 | DAILY_GUARD_TRIPPED | SYSTEM | Daily loss guard active. No trading until next day. Tick=114627
HL	0	11:59:11.519	Cazyxio_v4.0 (EURUSD,M15)	2026.03.03 18:59:11 | HEARTBEAT | SYSTEM | EA alive. Tick=114700 Equity=47508.82 OpenPos=2 UTC=2026.03.03 18:59 DayOfWeek=2 WeekendCloseActive=NO NewTradeBlocked=NO | 114700.000000
PN	0	11:59:26.873	Cazyxio_v4.0 (EURUSD,M15)	2026.03.03 18:59:26 | DAILY_GUARD_TRIPPED | SYSTEM | Daily loss guard active. No trading until next day. Tick=114727
GL	0	12:00:06.079	Cazyxio_v4.0 (EURUSD,M15)	2026.03.03 19:00:06 | HEARTBEAT | SYSTEM | EA alive. Tick=114800 Equity=47502.05 OpenPos=2 UTC=2026.03.03 19:00 DayOfWeek=2 WeekendCloseActive=NO NewTradeBlocked=NO | 114800.000000
PN	0	12:00:24.898	Cazyxio_v4.0 (EURUSD,M15)	2026.03.03 19:00:24 | DAILY_GUARD_TRIPPED | SYSTEM | Daily loss guard active. No trading until next day. Tick=114827
EM	0	12:01:15.409	Cazyxio_v4.0 (EURUSD,M15)	2026.03.03 19:01:15 | HEARTBEAT | SYSTEM | EA alive. Tick=114900 Equity=47474.90 OpenPos=2 UTC=2026.03.03 19:01 DayOfWeek=2 WeekendCloseActive=NO NewTradeBlocked=NO | 114900.000000
MO	0	12:01:32.171	Cazyxio_v4.0 (EURUSD,M15)	2026.03.03 19:01:32 | DAILY_GUARD_TRIPPED | SYSTEM | Daily loss guard active. No trading until next day. Tick=114927
RM	0	12:02:19.656	Cazyxio_v4.0 (EURUSD,M15)	2026.03.03 19:02:19 | HEARTBEAT | SYSTEM | EA alive. Tick=115000 Equity=47500.41 OpenPos=2 UTC=2026.03.03 19:02 DayOfWeek=2 WeekendCloseActive=NO NewTradeBlocked=NO | 115000.000000
QO	0	12:02:33.982	Cazyxio_v4.0 (EURUSD,M15)	2026.03.03 19:02:33 | DAILY_GUARD_TRIPPED | SYSTEM | Daily loss guard active. No trading until next day. Tick=115027
IJ	0	12:03:12.204	Cazyxio_v4.0 (EURUSD,M15)	2026.03.03 19:03:12 | HEARTBEAT | SYSTEM | EA alive. Tick=115100 Equity=47486.90 OpenPos=2 UTC=2026.03.03 19:03 DayOfWeek=2 WeekendCloseActive=NO NewTradeBlocked=NO | 115100.000000
FP	0	12:03:45.142	Cazyxio_v4.0 (EURUSD,M15)	2026.03.03 19:03:45 | DAILY_GUARD_TRIPPED | SYSTEM | Daily loss guard active. No trading until next day. Tick=115127
JJ	0	12:04:25.250	Cazyxio_v4.0 (EURUSD,M15)	2026.03.03 19:04:25 | HEARTBEAT | SYSTEM | EA alive. Tick=115200 Equity=47518.77 OpenPos=2 UTC=2026.03.03 19:04 DayOfWeek=2 WeekendCloseActive=NO NewTradeBlocked=NO | 115200.000000
KP	0	12:04:45.667	Cazyxio_v4.0 (EURUSD,M15)	2026.03.03 19:04:45 | DAILY_GUARD_TRIPPED | SYSTEM | Daily loss guard active. No trading until next day. Tick=115227
RK	0	12:05:38.984	Cazyxio_v4.0 (EURUSD,M15)	2026.03.03 19:05:38 | HEARTBEAT | SYSTEM | EA alive. Tick=115300 Equity=47513.91 OpenPos=2 UTC=2026.03.03 19:05 DayOfWeek=2 WeekendCloseActive=NO NewTradeBlocked=NO | 115300.000000
CQ	0	12:05:53.240	Cazyxio_v4.0 (EURUSD,M15)	2026.03.03 19:05:53 | DAILY_GUARD_TRIPPED | SYSTEM | Daily loss guard active. No trading until next day. Tick=115327
PK	0	12:06:39.747	Cazyxio_v4.0 (EURUSD,M15)	2026.03.03 19:06:39 | HEARTBEAT | SYSTEM | EA alive. Tick=115400 Equity=47497.85 OpenPos=2 UTC=2026.03.03 19:06 DayOfWeek=2 WeekendCloseActive=NO NewTradeBlocked=NO | 115400.000000
IQ	0	12:06:57.528	Cazyxio_v4.0 (EURUSD,M15)	2026.03.03 19:06:57 | DAILY_GUARD_TRIPPED | SYSTEM | Daily loss guard active. No trading until next day. Tick=115427
GH	0	12:07:31.274	Cazyxio_v4.0 (EURUSD,M15)	2026.03.03 19:07:31 | HEARTBEAT | SYSTEM | EA alive. Tick=115500 Equity=47489.52 OpenPos=2 UTC=2026.03.03 19:07 DayOfWeek=2 WeekendCloseActive=NO NewTradeBlocked=NO | 115500.000000
HR	0	12:07:48.511	Cazyxio_v4.0 (EURUSD,M15)	2026.03.03 19:07:48 | DAILY_GUARD_TRIPPED | SYSTEM | Daily loss guard active. No trading until next day. Tick=115527
PH	0	12:08:27.320	Cazyxio_v4.0 (EURUSD,M15)	2026.03.03 19:08:27 | HEARTBEAT | SYSTEM | EA alive. Tick=115600 Equity=47494.63 OpenPos=2 UTC=2026.03.03 19:08 DayOfWeek=2 WeekendCloseActive=NO NewTradeBlocked=NO | 115600.000000
PR	0	12:08:47.341	Cazyxio_v4.0 (EURUSD,M15)	2026.03.03 19:08:47 | DAILY_GUARD_TRIPPED | SYSTEM | Daily loss guard active. No trading until next day. Tick=115627
QI	0	12:09:29.954	Cazyxio_v4.0 (EURUSD,M15)	2026.03.03 19:09:29 | HEARTBEAT | SYSTEM | EA alive. Tick=115700 Equity=47488.29 OpenPos=2 UTC=2026.03.03 19:09 DayOfWeek=2 WeekendCloseActive=NO NewTradeBlocked=NO | 115700.000000
FS	0	12:09:47.001	Cazyxio_v4.0 (EURUSD,M15)	2026.03.03 19:09:47 | DAILY_GUARD_TRIPPED | SYSTEM | Daily loss guard active. No trading until next day. Tick=115727
RI	0	12:10:31.450	Cazyxio_v4.0 (EURUSD,M15)	2026.03.03 19:10:31 | HEARTBEAT | SYSTEM | EA alive. Tick=115800 Equity=47496.84 OpenPos=2 UTC=2026.03.03 19:10 DayOfWeek=2 WeekendCloseActive=NO NewTradeBlocked=NO | 115800.000000
DS	0	12:10:49.400	Cazyxio_v4.0 (EURUSD,M15)	2026.03.03 19:10:49 | DAILY_GUARD_TRIPPED | SYSTEM | Daily loss guard active. No trading until next day. Tick=115827
EF	0	12:11:25.487	Cazyxio_v4.0 (EURUSD,M15)	2026.03.03 19:11:25 | HEARTBEAT | SYSTEM | EA alive. Tick=115900 Equity=47499.94 OpenPos=2 UTC=2026.03.03 19:11 DayOfWeek=2 WeekendCloseActive=NO NewTradeBlocked=NO | 115900.000000
ND	0	12:11:52.142	Cazyxio_v4.0 (EURUSD,M15)	2026.03.03 19:11:52 | DAILY_GUARD_TRIPPED | SYSTEM | Daily loss guard active. No trading until next day. Tick=115927
GF	0	12:12:47.910	Cazyxio_v4.0 (EURUSD,M15)	2026.03.03 19:12:47 | HEARTBEAT | SYSTEM | EA alive. Tick=116000 Equity=47489.02 OpenPos=2 UTC=2026.03.03 19:12 DayOfWeek=2 WeekendCloseActive=NO NewTradeBlocked=NO | 116000.000000
QD	0	12:13:12.451	Cazyxio_v4.0 (EURUSD,M15)	2026.03.03 19:13:12 | DAILY_GUARD_TRIPPED | SYSTEM | Daily loss guard active. No trading until next day. Tick=116027
KG	0	12:14:16.913	Cazyxio_v4.0 (EURUSD,M15)	2026.03.03 19:14:16 | HEARTBEAT | SYSTEM | EA alive. Tick=116100 Equity=47518.93 OpenPos=2 UTC=2026.03.03 19:14 DayOfWeek=2 WeekendCloseActive=NO NewTradeBlocked=NO | 116100.000000
RE	0	12:14:43.877	Cazyxio_v4.0 (EURUSD,M15)	2026.03.03 19:14:43 | DAILY_GUARD_TRIPPED | SYSTEM | Daily loss guard active. No trading until next day. Tick=116127
EG	0	12:15:35.480	Cazyxio_v4.0 (EURUSD,M15)	2026.03.03 19:15:35 | HEARTBEAT | SYSTEM | EA alive. Tick=116200 Equity=47524.89 OpenPos=2 UTC=2026.03.03 19:15 DayOfWeek=2 WeekendCloseActive=NO NewTradeBlocked=NO | 116200.000000
GE	0	12:15:51.392	Cazyxio_v4.0 (EURUSD,M15)	2026.03.03 19:15:51 | DAILY_GUARD_TRIPPED | SYSTEM | Daily loss guard active. No trading until next day. Tick=116227
ID	0	12:16:38.761	Cazyxio_v4.0 (EURUSD,M15)	2026.03.03 19:16:38 | HEARTBEAT | SYSTEM | EA alive. Tick=116300 Equity=47532.05 OpenPos=2 UTC=2026.03.03 19:16 DayOfWeek=2 WeekendCloseActive=NO NewTradeBlocked=NO | 116300.000000
IF	0	12:16:52.254	Cazyxio_v4.0 (EURUSD,M15)	2026.03.03 19:16:52 | DAILY_GUARD_TRIPPED | SYSTEM | Daily loss guard active. No trading until next day. Tick=116327
RD	0	12:18:05.282	Cazyxio_v4.0 (EURUSD,M15)	2026.03.03 19:18:05 | HEARTBEAT | SYSTEM | EA alive. Tick=116400 Equity=47530.11 OpenPos=2 UTC=2026.03.03 19:18 DayOfWeek=2 WeekendCloseActive=NO NewTradeBlocked=NO | 116400.000000
CF	0	12:18:34.749	Cazyxio_v4.0 (EURUSD,M15)	2026.03.03 19:18:34 | DAILY_GUARD_TRIPPED | SYSTEM | Daily loss guard active. No trading until next day. Tick=116427
DE	0	12:19:29.079	Cazyxio_v4.0 (EURUSD,M15)	2026.03.03 19:19:29 | HEARTBEAT | SYSTEM | EA alive. Tick=116500 Equity=47525.36 OpenPos=2 UTC=2026.03.03 19:19 DayOfWeek=2 WeekendCloseActive=NO NewTradeBlocked=NO | 116500.000000
KG	0	12:19:49.658	Cazyxio_v4.0 (EURUSD,M15)	2026.03.03 19:19:49 | DAILY_GUARD_TRIPPED | SYSTEM | Daily loss guard active. No trading until next day. Tick=116527
LE	0	12:20:35.091	Cazyxio_v4.0 (EURUSD,M15)	2026.03.03 19:20:35 | HEARTBEAT | SYSTEM | EA alive. Tick=116600 Equity=47542.19 OpenPos=2 UTC=2026.03.03 19:20 DayOfWeek=2 WeekendCloseActive=NO NewTradeBlocked=NO | 116600.000000
FG	0	12:20:52.685	Cazyxio_v4.0 (EURUSD,M15)	2026.03.03 19:20:52 | DAILY_GUARD_TRIPPED | SYSTEM | Daily loss guard active. No trading until next day. Tick=116627
DR	0	12:21:36.466	Cazyxio_v4.0 (EURUSD,M15)	2026.03.03 19:21:36 | HEARTBEAT | SYSTEM | EA alive. Tick=116700 Equity=47544.65 OpenPos=2 UTC=2026.03.03 19:21 DayOfWeek=2 WeekendCloseActive=NO NewTradeBlocked=NO | 116700.000000
DH	0	12:22:02.176	Cazyxio_v4.0 (EURUSD,M15)	2026.03.03 19:22:02 | DAILY_GUARD_TRIPPED | SYSTEM | Daily loss guard active. No trading until next day. Tick=116727
ER	0	12:22:39.209	Cazyxio_v4.0 (EURUSD,M15)	2026.03.03 19:22:39 | HEARTBEAT | SYSTEM | EA alive. Tick=116800 Equity=47536.76 OpenPos=2 UTC=2026.03.03 19:22 DayOfWeek=2 WeekendCloseActive=NO NewTradeBlocked=NO | 116800.000000
NH	0	12:23:05.904	Cazyxio_v4.0 (EURUSD,M15)	2026.03.03 19:23:05 | DAILY_GUARD_TRIPPED | SYSTEM | Daily loss guard active. No trading until next day. Tick=116827
RS	0	12:24:13.055	Cazyxio_v4.0 (EURUSD,M15)	2026.03.03 19:24:13 | HEARTBEAT | SYSTEM | EA alive. Tick=116900 Equity=47495.54 OpenPos=2 UTC=2026.03.03 19:24 DayOfWeek=2 WeekendCloseActive=NO NewTradeBlocked=NO | 116900.000000
QI	0	12:24:33.320	Cazyxio_v4.0 (EURUSD,M15)	2026.03.03 19:24:33 | DAILY_GUARD_TRIPPED | SYSTEM | Daily loss guard active. No trading until next day. Tick=116927
GS	0	12:25:15.887	Cazyxio_v4.0 (EURUSD,M15)	2026.03.03 19:25:15 | HEARTBEAT | SYSTEM | EA alive. Tick=117000 Equity=47492.65 OpenPos=2 UTC=2026.03.03 19:25 DayOfWeek=2 WeekendCloseActive=NO NewTradeBlocked=NO | 117000.000000
NI	0	12:25:37.105	Cazyxio_v4.0 (EURUSD,M15)	2026.03.03 19:25:37 | DAILY_GUARD_TRIPPED | SYSTEM | Daily loss guard active. No trading until next day. Tick=117027
PP	0	12:26:17.238	Cazyxio_v4.0 (EURUSD,M15)	2026.03.03 19:26:17 | HEARTBEAT | SYSTEM | EA alive. Tick=117100 Equity=47503.35 OpenPos=2 UTC=2026.03.03 19:26 DayOfWeek=2 WeekendCloseActive=NO NewTradeBlocked=NO | 117100.000000
EJ	0	12:26:33.073	Cazyxio_v4.0 (EURUSD,M15)	2026.03.03 19:26:33 | DAILY_GUARD_TRIPPED | SYSTEM | Daily loss guard active. No trading until next day. Tick=117127
NP	0	12:27:17.318	Cazyxio_v4.0 (EURUSD,M15)	2026.03.03 19:27:17 | HEARTBEAT | SYSTEM | EA alive. Tick=117200 Equity=47494.63 OpenPos=2 UTC=2026.03.03 19:27 DayOfWeek=2 WeekendCloseActive=NO NewTradeBlocked=NO | 117200.000000
DJ	0	12:27:32.941	Cazyxio_v4.0 (EURUSD,M15)	2026.03.03 19:27:32 | DAILY_GUARD_TRIPPED | SYSTEM | Daily loss guard active. No trading until next day. Tick=117227
HQ	0	12:28:13.057	Cazyxio_v4.0 (EURUSD,M15)	2026.03.03 19:28:13 | HEARTBEAT | SYSTEM | EA alive. Tick=117300 Equity=47508.44 OpenPos=2 UTC=2026.03.03 19:28 DayOfWeek=2 WeekendCloseActive=NO NewTradeBlocked=NO | 117300.000000
EK	0	12:28:27.273	Cazyxio_v4.0 (EURUSD,M15)	2026.03.03 19:28:27 | DAILY_GUARD_TRIPPED | SYSTEM | Daily loss guard active. No trading until next day. Tick=117327
CQ	0	12:29:15.348	Cazyxio_v4.0 (EURUSD,M15)	2026.03.03 19:29:15 | HEARTBEAT | SYSTEM | EA alive. Tick=117400 Equity=47529.46 OpenPos=2 UTC=2026.03.03 19:29 DayOfWeek=2 WeekendCloseActive=NO NewTradeBlocked=NO | 117400.000000
MK	0	12:29:28.436	Cazyxio_v4.0 (EURUSD,M15)	2026.03.03 19:29:28 | DAILY_GUARD_TRIPPED | SYSTEM | Daily loss guard active. No trading until next day. Tick=117427
NN	0	12:30:23.190	Cazyxio_v4.0 (EURUSD,M15)	2026.03.03 19:30:23 | HEARTBEAT | SYSTEM | EA alive. Tick=117500 Equity=47536.22 OpenPos=2 UTC=2026.03.03 19:30 DayOfWeek=2 WeekendCloseActive=NO NewTradeBlocked=NO | 117500.000000
FL	0	12:30:41.735	Cazyxio_v4.0 (EURUSD,M15)	2026.03.03 19:30:41 | DAILY_GUARD_TRIPPED | SYSTEM | Daily loss guard active. No trading until next day. Tick=117527
FN	0	12:31:19.911	Cazyxio_v4.0 (EURUSD,M15)	2026.03.03 19:31:19 | HEARTBEAT | SYSTEM | EA alive. Tick=117600 Equity=47551.54 OpenPos=2 UTC=2026.03.03 19:31 DayOfWeek=2 WeekendCloseActive=NO NewTradeBlocked=NO | 117600.000000
OL	0	12:31:38.261	Cazyxio_v4.0 (EURUSD,M15)	2026.03.03 19:31:38 | DAILY_GUARD_TRIPPED | SYSTEM | Daily loss guard active. No trading until next day. Tick=117627
KO	0	12:32:32.359	Cazyxio_v4.0 (EURUSD,M15)	2026.03.03 19:32:32 | HEARTBEAT | SYSTEM | EA alive. Tick=117700 Equity=47566.30 OpenPos=2 UTC=2026.03.03 19:32 DayOfWeek=2 WeekendCloseActive=NO NewTradeBlocked=NO | 117700.000000
QM	0	12:32:49.961	Cazyxio_v4.0 (EURUSD,M15)	2026.03.03 19:32:49 | DAILY_GUARD_TRIPPED | SYSTEM | Daily loss guard active. No trading until next day. Tick=117727
LO	0	12:33:42.000	Cazyxio_v4.0 (EURUSD,M15)	2026.03.03 19:33:41 | HEARTBEAT | SYSTEM | EA alive. Tick=117800 Equity=47546.36 OpenPos=2 UTC=2026.03.03 19:33 DayOfWeek=2 WeekendCloseActive=NO NewTradeBlocked=NO | 117800.000000
OM	0	12:33:59.029	Cazyxio_v4.0 (EURUSD,M15)	2026.03.03 19:33:59 | DAILY_GUARD_TRIPPED | SYSTEM | Daily loss guard active. No trading until next day. Tick=117827
KL	0	12:34:36.954	Cazyxio_v4.0 (EURUSD,M15)	2026.03.03 19:34:36 | HEARTBEAT | SYSTEM | EA alive. Tick=117900 Equity=47540.06 OpenPos=2 UTC=2026.03.03 19:34 DayOfWeek=2 WeekendCloseActive=NO NewTradeBlocked=NO | 117900.000000
DN	0	12:34:55.096	Cazyxio_v4.0 (EURUSD,M15)	2026.03.03 19:34:55 | DAILY_GUARD_TRIPPED | SYSTEM | Daily loss guard active. No trading until next day. Tick=117927
QL	0	12:35:53.987	Cazyxio_v4.0 (EURUSD,M15)	2026.03.03 19:35:53 | HEARTBEAT | SYSTEM | EA alive. Tick=118000 Equity=47547.22 OpenPos=2 UTC=2026.03.03 19:35 DayOfWeek=2 WeekendCloseActive=NO NewTradeBlocked=NO | 118000.000000
ON	0	12:36:10.826	Cazyxio_v4.0 (EURUSD,M15)	2026.03.03 19:36:10 | DAILY_GUARD_TRIPPED | SYSTEM | Daily loss guard active. No trading until next day. Tick=118027
NM	0	12:37:02.427	Cazyxio_v4.0 (EURUSD,M15)	2026.03.03 19:37:02 | HEARTBEAT | SYSTEM | EA alive. Tick=118100 Equity=47593.01 OpenPos=2 UTC=2026.03.03 19:37 DayOfWeek=2 WeekendCloseActive=NO NewTradeBlocked=NO | 118100.000000
KO	0	12:37:18.155	Cazyxio_v4.0 (EURUSD,M15)	2026.03.03 19:37:18 | DAILY_GUARD_TRIPPED | SYSTEM | Daily loss guard active. No trading until next day. Tick=118127
IM	0	12:37:39.901	Cazyxio_v4.0 (EURUSD,M15)	2026.03.03 19:37:39 | HEARTBEAT | SYSTEM | EA alive. Tick=118200 Equity=47592.84 OpenPos=2 UTC=2026.03.03 19:37 DayOfWeek=2 WeekendCloseActive=NO NewTradeBlocked=NO | 118200.000000
NO	0	12:37:48.283	Cazyxio_v4.0 (EURUSD,M15)	2026.03.03 19:37:48 | DAILY_GUARD_TRIPPED | SYSTEM | Daily loss guard active. No trading until next day. Tick=118227
PJ	0	12:38:11.875	Cazyxio_v4.0 (EURUSD,M15)	2026.03.03 19:38:11 | HEARTBEAT | SYSTEM | EA alive. Tick=118300 Equity=47575.29 OpenPos=2 UTC=2026.03.03 19:38 DayOfWeek=2 WeekendCloseActive=NO NewTradeBlocked=NO | 118300.000000
RP	0	12:38:19.703	Cazyxio_v4.0 (EURUSD,M15)	2026.03.03 19:38:19 | DAILY_GUARD_TRIPPED | SYSTEM | Daily loss guard active. No trading until next day. Tick=118327
EJ	0	12:38:42.923	Cazyxio_v4.0 (EURUSD,M15)	2026.03.03 19:38:42 | HEARTBEAT | SYSTEM | EA alive. Tick=118400 Equity=47559.99 OpenPos=2 UTC=2026.03.03 19:38 DayOfWeek=2 WeekendCloseActive=NO NewTradeBlocked=NO | 118400.000000
JP	0	12:38:51.982	Cazyxio_v4.0 (EURUSD,M15)	2026.03.03 19:38:51 | DAILY_GUARD_TRIPPED | SYSTEM | Daily loss guard active. No trading until next day. Tick=118427
IK	0	12:39:15.165	Cazyxio_v4.0 (EURUSD,M15)	2026.03.03 19:39:15 | HEARTBEAT | SYSTEM | EA alive. Tick=118500 Equity=47521.91 OpenPos=2 UTC=2026.03.03 19:39 DayOfWeek=2 WeekendCloseActive=NO NewTradeBlocked=NO | 118500.000000
EQ	0	12:39:24.843	Cazyxio_v4.0 (EURUSD,M15)	2026.03.03 19:39:24 | DAILY_GUARD_TRIPPED | SYSTEM | Daily loss guard active. No trading until next day. Tick=118527
KK	0	12:39:50.720	Cazyxio_v4.0 (EURUSD,M15)	2026.03.03 19:39:50 | HEARTBEAT | SYSTEM | EA alive. Tick=118600 Equity=47495.07 OpenPos=2 UTC=2026.03.03 19:39 DayOfWeek=2 WeekendCloseActive=NO NewTradeBlocked=NO | 118600.000000
RQ	0	12:39:58.494	Cazyxio_v4.0 (EURUSD,M15)	2026.03.03 19:39:58 | DAILY_GUARD_TRIPPED | SYSTEM | Daily loss guard active. No trading until next day. Tick=118627
MH	0	12:40:25.761	Cazyxio_v4.0 (EURUSD,M15)	2026.03.03 19:40:25 | HEARTBEAT | SYSTEM | EA alive. Tick=118700 Equity=47449.43 OpenPos=2 UTC=2026.03.03 19:40 DayOfWeek=2 WeekendCloseActive=NO NewTradeBlocked=NO | 118700.000000
DR	0	12:40:34.961	Cazyxio_v4.0 (EURUSD,M15)	2026.03.03 19:40:34 | DAILY_GUARD_TRIPPED | SYSTEM | Daily loss guard active. No trading until next day. Tick=118727
EH	0	12:40:58.378	Cazyxio_v4.0 (EURUSD,M15)	2026.03.03 19:40:58 | HEARTBEAT | SYSTEM | EA alive. Tick=118800 Equity=47453.11 OpenPos=2 UTC=2026.03.03 19:40 DayOfWeek=2 WeekendCloseActive=NO NewTradeBlocked=NO | 118800.000000
OR	0	12:41:08.756	Cazyxio_v4.0 (EURUSD,M15)	2026.03.03 19:41:08 | DAILY_GUARD_TRIPPED | SYSTEM | Daily loss guard active. No trading until next day. Tick=118827
NI	0	12:41:35.240	Cazyxio_v4.0 (EURUSD,M15)	2026.03.03 19:41:35 | HEARTBEAT | SYSTEM | EA alive. Tick=118900 Equity=47435.93 OpenPos=2 UTC=2026.03.03 19:41 DayOfWeek=2 WeekendCloseActive=NO NewTradeBlocked=NO | 118900.000000
RS	0	12:41:43.385	Cazyxio_v4.0 (EURUSD,M15)	2026.03.03 19:41:43 | DAILY_GUARD_TRIPPED | SYSTEM | Daily loss guard active. No trading until next day. Tick=118927
OI	0	12:42:09.822	Cazyxio_v4.0 (EURUSD,M15)	2026.03.03 19:42:09 | HEARTBEAT | SYSTEM | EA alive. Tick=119000 Equity=47396.05 OpenPos=1 UTC=2026.03.03 19:42 DayOfWeek=2 WeekendCloseActive=NO NewTradeBlocked=NO | 119000.000000
QS	0	12:42:21.492	Cazyxio_v4.0 (EURUSD,M15)	2026.03.03 19:42:21 | DAILY_GUARD_TRIPPED | SYSTEM | Daily loss guard active. No trading until next day. Tick=119027
KF	0	12:42:46.344	Cazyxio_v4.0 (EURUSD,M15)	2026.03.03 19:42:46 | HEARTBEAT | SYSTEM | EA alive. Tick=119100 Equity=47386.21 OpenPos=1 UTC=2026.03.03 19:42 DayOfWeek=2 WeekendCloseActive=NO NewTradeBlocked=NO | 119100.000000
LD	0	12:42:54.573	Cazyxio_v4.0 (EURUSD,M15)	2026.03.03 19:42:54 | DAILY_GUARD_TRIPPED | SYSTEM | Daily loss guard active. No trading until next day. Tick=119127
QF	0	12:43:20.978	Cazyxio_v4.0 (EURUSD,M15)	2026.03.03 19:43:20 | HEARTBEAT | SYSTEM | EA alive. Tick=119200 Equity=47374.73 OpenPos=1 UTC=2026.03.03 19:43 DayOfWeek=2 WeekendCloseActive=NO NewTradeBlocked=NO | 119200.000000
RD	0	12:43:34.914	Cazyxio_v4.0 (EURUSD,M15)	2026.03.03 19:43:34 | DAILY_GUARD_TRIPPED | SYSTEM | Daily loss guard active. No trading until next day. Tick=119227
DG	0	12:44:02.152	Cazyxio_v4.0 (EURUSD,M15)	2026.03.03 19:44:02 | HEARTBEAT | SYSTEM | EA alive. Tick=119300 Equity=47371.45 OpenPos=1 UTC=2026.03.03 19:44 DayOfWeek=2 WeekendCloseActive=NO NewTradeBlocked=NO | 119300.000000
DE	0	12:44:14.281	Cazyxio_v4.0 (EURUSD,M15)	2026.03.03 19:44:14 | DAILY_GUARD_TRIPPED | SYSTEM | Daily loss guard active. No trading until next day. Tick=119327
KG	0	12:44:43.723	Cazyxio_v4.0 (EURUSD,M15)	2026.03.03 19:44:43 | HEARTBEAT | SYSTEM | EA alive. Tick=119400 Equity=47393.59 OpenPos=1 UTC=2026.03.03 19:44 DayOfWeek=2 WeekendCloseActive=NO NewTradeBlocked=NO | 119400.000000
HE	0	12:44:53.099	Cazyxio_v4.0 (EURUSD,M15)	2026.03.03 19:44:53 | DAILY_GUARD_TRIPPED | SYSTEM | Daily loss guard active. No trading until next day. Tick=119427
HD	0	12:45:21.718	Cazyxio_v4.0 (EURUSD,M15)	2026.03.03 19:45:21 | HEARTBEAT | SYSTEM | EA alive. Tick=119500 Equity=47414.91 OpenPos=1 UTC=2026.03.03 19:45 DayOfWeek=2 WeekendCloseActive=NO NewTradeBlocked=NO | 119500.000000
NF	0	12:45:33.968	Cazyxio_v4.0 (EURUSD,M15)	2026.03.03 19:45:33 | DAILY_GUARD_TRIPPED | SYSTEM | Daily loss guard active. No trading until next day. Tick=119527
QD	0	12:46:03.403	Cazyxio_v4.0 (EURUSD,M15)	2026.03.03 19:46:03 | HEARTBEAT | SYSTEM | EA alive. Tick=119600 Equity=47405.89 OpenPos=1 UTC=2026.03.03 19:46 DayOfWeek=2 WeekendCloseActive=NO NewTradeBlocked=NO | 119600.000000
HF	0	12:46:14.277	Cazyxio_v4.0 (EURUSD,M15)	2026.03.03 19:46:14 | DAILY_GUARD_TRIPPED | SYSTEM | Daily loss guard active. No trading until next day. Tick=119627
NE	0	12:46:47.149	Cazyxio_v4.0 (EURUSD,M15)	2026.03.03 19:46:47 | HEARTBEAT | SYSTEM | EA alive. Tick=119700 Equity=47417.37 OpenPos=1 UTC=2026.03.03 19:46 DayOfWeek=2 WeekendCloseActive=NO NewTradeBlocked=NO | 119700.000000
EG	0	12:46:58.059	Cazyxio_v4.0 (EURUSD,M15)	2026.03.03 19:46:58 | DAILY_GUARD_TRIPPED | SYSTEM | Daily loss guard active. No trading until next day. Tick=119727
DE	0	12:47:30.637	Cazyxio_v4.0 (EURUSD,M15)	2026.03.03 19:47:30 | HEARTBEAT | SYSTEM | EA alive. Tick=119800 Equity=47394.41 OpenPos=1 UTC=2026.03.03 19:47 DayOfWeek=2 WeekendCloseActive=NO NewTradeBlocked=NO | 119800.000000
QG	0	12:47:40.766	Cazyxio_v4.0 (EURUSD,M15)	2026.03.03 19:47:40 | DAILY_GUARD_TRIPPED | SYSTEM | Daily loss guard active. No trading until next day. Tick=119827
LR	0	12:48:10.803	Cazyxio_v4.0 (EURUSD,M15)	2026.03.03 19:48:10 | HEARTBEAT | SYSTEM | EA alive. Tick=119900 Equity=47409.99 OpenPos=1 UTC=2026.03.03 19:48 DayOfWeek=2 WeekendCloseActive=NO NewTradeBlocked=NO | 119900.000000
CH	0	12:48:19.132	Cazyxio_v4.0 (EURUSD,M15)	2026.03.03 19:48:19 | DAILY_GUARD_TRIPPED | SYSTEM | Daily loss guard active. No trading until next day. Tick=119927
DR	0	12:48:43.140	Cazyxio_v4.0 (EURUSD,M15)	2026.03.03 19:48:43 | HEARTBEAT | SYSTEM | EA alive. Tick=120000 Equity=47382.93 OpenPos=1 UTC=2026.03.03 19:48 DayOfWeek=2 WeekendCloseActive=NO NewTradeBlocked=NO | 120000.000000
CH	0	12:48:53.182	Cazyxio_v4.0 (EURUSD,M15)	2026.03.03 19:48:53 | DAILY_GUARD_TRIPPED | SYSTEM | Daily loss guard active. No trading until next day. Tick=120027
MS	0	12:49:22.640	Cazyxio_v4.0 (EURUSD,M15)	2026.03.03 19:49:22 | HEARTBEAT | SYSTEM | EA alive. Tick=120100 Equity=47365.71 OpenPos=1 UTC=2026.03.03 19:49 DayOfWeek=2 WeekendCloseActive=NO NewTradeBlocked=NO | 120100.000000
NI	0	12:49:36.009	Cazyxio_v4.0 (EURUSD,M15)	2026.03.03 19:49:36 | DAILY_GUARD_TRIPPED | SYSTEM | Daily loss guard active. No trading until next day. Tick=120127
ES	0	12:50:04.828	Cazyxio_v4.0 (EURUSD,M15)	2026.03.03 19:50:04 | HEARTBEAT | SYSTEM | EA alive. Tick=120200 Equity=47386.21 OpenPos=1 UTC=2026.03.03 19:50 DayOfWeek=2 WeekendCloseActive=NO NewTradeBlocked=NO | 120200.000000
LI	0	12:50:13.176	Cazyxio_v4.0 (EURUSD,M15)	2026.03.03 19:50:13 | DAILY_GUARD_TRIPPED | SYSTEM | Daily loss guard active. No trading until next day. Tick=120227
IP	0	12:50:43.000	Cazyxio_v4.0 (EURUSD,M15)	2026.03.03 19:50:43 | HEARTBEAT | SYSTEM | EA alive. Tick=120300 Equity=47403.43 OpenPos=1 UTC=2026.03.03 19:50 DayOfWeek=2 WeekendCloseActive=NO NewTradeBlocked=NO | 120300.000000
HJ	0	12:50:55.063	Cazyxio_v4.0 (EURUSD,M15)	2026.03.03 19:50:55 | DAILY_GUARD_TRIPPED | SYSTEM | Daily loss guard active. No trading until next day. Tick=120327
KP	0	12:51:26.325	Cazyxio_v4.0 (EURUSD,M15)	2026.03.03 19:51:26 | HEARTBEAT | SYSTEM | EA alive. Tick=120400 Equity=47413.27 OpenPos=1 UTC=2026.03.03 19:51 DayOfWeek=2 WeekendCloseActive=NO NewTradeBlocked=NO | 120400.000000
DJ	0	12:51:37.428	Cazyxio_v4.0 (EURUSD,M15)	2026.03.03 19:51:37 | DAILY_GUARD_TRIPPED | SYSTEM | Daily loss guard active. No trading until next day. Tick=120427
JQ	0	12:52:03.237	Cazyxio_v4.0 (EURUSD,M15)	2026.03.03 19:52:03 | HEARTBEAT | SYSTEM | EA alive. Tick=120500 Equity=47393.59 OpenPos=1 UTC=2026.03.03 19:52 DayOfWeek=2 WeekendCloseActive=NO NewTradeBlocked=NO | 120500.000000
KK	0	12:52:13.086	Cazyxio_v4.0 (EURUSD,M15)	2026.03.03 19:52:13 | DAILY_GUARD_TRIPPED | SYSTEM | Daily loss guard active. No trading until next day. Tick=120527
CQ	0	12:52:47.294	Cazyxio_v4.0 (EURUSD,M15)	2026.03.03 19:52:47 | HEARTBEAT | SYSTEM | EA alive. Tick=120600 Equity=47372.27 OpenPos=1 UTC=2026.03.03 19:52 DayOfWeek=2 WeekendCloseActive=NO NewTradeBlocked=NO | 120600.000000
NK	0	12:53:00.262	Cazyxio_v4.0 (EURUSD,M15)	2026.03.03 19:53:00 | DAILY_GUARD_TRIPPED | SYSTEM | Daily loss guard active. No trading until next day. Tick=120627
MN	0	12:53:25.972	Cazyxio_v4.0 (EURUSD,M15)	2026.03.03 19:53:25 | HEARTBEAT | SYSTEM | EA alive. Tick=120700 Equity=47361.61 OpenPos=1 UTC=2026.03.03 19:53 DayOfWeek=2 WeekendCloseActive=NO NewTradeBlocked=NO | 120700.000000
OL	0	12:53:37.967	Cazyxio_v4.0 (EURUSD,M15)	2026.03.03 19:53:37 | DAILY_GUARD_TRIPPED | SYSTEM | Daily loss guard active. No trading until next day. Tick=120727
MN	0	12:54:10.300	Cazyxio_v4.0 (EURUSD,M15)	2026.03.03 19:54:10 | HEARTBEAT | SYSTEM | EA alive. Tick=120800 Equity=47354.23 OpenPos=1 UTC=2026.03.03 19:54 DayOfWeek=2 WeekendCloseActive=NO NewTradeBlocked=NO | 120800.000000
EL	0	12:54:21.230	Cazyxio_v4.0 (EURUSD,M15)	2026.03.03 19:54:21 | DAILY_GUARD_TRIPPED | SYSTEM | Daily loss guard active. No trading until next day. Tick=120827
JO	0	12:55:05.151	Cazyxio_v4.0 (EURUSD,M15)	2026.03.03 19:55:05 | HEARTBEAT | SYSTEM | EA alive. Tick=120900 Equity=47363.25 OpenPos=1 UTC=2026.03.03 19:55 DayOfWeek=2 WeekendCloseActive=NO NewTradeBlocked=NO | 120900.000000
MM	0	12:55:15.536	Cazyxio_v4.0 (EURUSD,M15)	2026.03.03 19:55:15 | DAILY_GUARD_TRIPPED | SYSTEM | Daily loss guard active. No trading until next day. Tick=120927
OO	0	12:55:48.133	Cazyxio_v4.0 (EURUSD,M15)	2026.03.03 19:55:48 | HEARTBEAT | SYSTEM | EA alive. Tick=121000 Equity=47341.11 OpenPos=1 UTC=2026.03.03 19:55 DayOfWeek=2 WeekendCloseActive=NO NewTradeBlocked=NO | 121000.000000
NM	0	12:56:03.045	Cazyxio_v4.0 (EURUSD,M15)	2026.03.03 19:56:03 | DAILY_GUARD_TRIPPED | SYSTEM | Daily loss guard active. No trading until next day. Tick=121027
NL	0	12:56:41.999	Cazyxio_v4.0 (EURUSD,M15)	2026.03.03 19:56:41 | HEARTBEAT | SYSTEM | EA alive. Tick=121100 Equity=47325.53 OpenPos=1 UTC=2026.03.03 19:56 DayOfWeek=2 WeekendCloseActive=NO NewTradeBlocked=NO | 121100.000000
HN	0	12:56:55.798	Cazyxio_v4.0 (EURUSD,M15)	2026.03.03 19:56:55 | DAILY_GUARD_TRIPPED | SYSTEM | Daily loss guard active. No trading until next day. Tick=121127
CL	0	12:57:31.287	Cazyxio_v4.0 (EURUSD,M15)	2026.03.03 19:57:31 | HEARTBEAT | SYSTEM | EA alive. Tick=121200 Equity=47322.25 OpenPos=1 UTC=2026.03.03 19:57 DayOfWeek=2 WeekendCloseActive=NO NewTradeBlocked=NO | 121200.000000
MN	0	12:57:43.929	Cazyxio_v4.0 (EURUSD,M15)	2026.03.03 19:57:43 | DAILY_GUARD_TRIPPED | SYSTEM | Daily loss guard active. No trading until next day. Tick=121227
RM	0	12:58:21.121	Cazyxio_v4.0 (EURUSD,M15)	2026.03.03 19:58:21 | HEARTBEAT | SYSTEM | EA alive. Tick=121300 Equity=47323.89 OpenPos=1 UTC=2026.03.03 19:58 DayOfWeek=2 WeekendCloseActive=NO NewTradeBlocked=NO | 121300.000000
EO	0	12:58:37.416	Cazyxio_v4.0 (EURUSD,M15)	2026.03.03 19:58:37 | DAILY_GUARD_TRIPPED | SYSTEM | Daily loss guard active. No trading until next day. Tick=121327
HM	0	12:59:27.729	Cazyxio_v4.0 (EURUSD,M15)	2026.03.03 19:59:27 | HEARTBEAT | SYSTEM | EA alive. Tick=121400 Equity=47318.15 OpenPos=1 UTC=2026.03.03 19:59 DayOfWeek=2 WeekendCloseActive=NO NewTradeBlocked=NO | 121400.000000
EO	0	12:59:39.628	Cazyxio_v4.0 (EURUSD,M15)	2026.03.03 19:59:39 | DAILY_GUARD_TRIPPED | SYSTEM | Daily loss guard active. No trading until next day. Tick=121427
OJ	0	13:00:09.368	Cazyxio_v4.0 (EURUSD,M15)	2026.03.03 20:00:09 | HEARTBEAT | SYSTEM | EA alive. Tick=121500 Equity=47314.05 OpenPos=1 UTC=2026.03.03 20:00 DayOfWeek=2 WeekendCloseActive=NO NewTradeBlocked=NO | 121500.000000
QP	0	13:00:18.323	Cazyxio_v4.0 (EURUSD,M15)	2026.03.03 20:00:18 | DAILY_GUARD_TRIPPED | SYSTEM | Daily loss guard active. No trading until next day. Tick=121527
KJ	0	13:00:52.765	Cazyxio_v4.0 (EURUSD,M15)	2026.03.03 20:00:52 | HEARTBEAT | SYSTEM | EA alive. Tick=121600 Equity=47309.95 OpenPos=1 UTC=2026.03.03 20:00 DayOfWeek=2 WeekendCloseActive=NO NewTradeBlocked=NO | 121600.000000
HP	0	13:01:04.471	Cazyxio_v4.0 (EURUSD,M15)	2026.03.03 20:01:04 | DAILY_GUARD_TRIPPED | SYSTEM | Daily loss guard active. No trading until next day. Tick=121627
CK	0	13:01:34.352	Cazyxio_v4.0 (EURUSD,M15)	2026.03.03 20:01:34 | HEARTBEAT | SYSTEM | EA alive. Tick=121700 Equity=47342.75 OpenPos=1 UTC=2026.03.03 20:01 DayOfWeek=2 WeekendCloseActive=NO NewTradeBlocked=NO | 121700.000000
NQ	0	13:01:45.151	Cazyxio_v4.0 (EURUSD,M15)	2026.03.03 20:01:45 | DAILY_GUARD_TRIPPED | SYSTEM | Daily loss guard active. No trading until next day. Tick=121727
OK	0	13:02:23.540	Cazyxio_v4.0 (EURUSD,M15)	2026.03.03 20:02:23 | HEARTBEAT | SYSTEM | EA alive. Tick=121800 Equity=47317.33 OpenPos=1 UTC=2026.03.03 20:02 DayOfWeek=2 WeekendCloseActive=NO NewTradeBlocked=NO | 121800.000000
OQ	0	13:02:37.270	Cazyxio_v4.0 (EURUSD,M15)	2026.03.03 20:02:37 | DAILY_GUARD_TRIPPED | SYSTEM | Daily loss guard active. No trading until next day. Tick=121827
LH	0	13:03:09.069	Cazyxio_v4.0 (EURUSD,M15)	2026.03.03 20:03:09 | HEARTBEAT | SYSTEM | EA alive. Tick=121900 Equity=47333.73 OpenPos=1 UTC=2026.03.03 20:03 DayOfWeek=2 WeekendCloseActive=NO NewTradeBlocked=NO | 121900.000000
NR	0	13:03:21.784	Cazyxio_v4.0 (EURUSD,M15)	2026.03.03 20:03:21 | DAILY_GUARD_TRIPPED | SYSTEM | Daily loss guard active. No trading until next day. Tick=121927
FH	0	13:04:02.865	Cazyxio_v4.0 (EURUSD,M15)	2026.03.03 20:04:02 | HEARTBEAT | SYSTEM | EA alive. Tick=122000 Equity=47320.61 OpenPos=1 UTC=2026.03.03 20:04 DayOfWeek=2 WeekendCloseActive=NO NewTradeBlocked=NO | 122000.000000
OR	0	13:04:17.806	Cazyxio_v4.0 (EURUSD,M15)	2026.03.03 20:04:17 | DAILY_GUARD_TRIPPED | SYSTEM | Daily loss guard active. No trading until next day. Tick=122027
LI	0	13:05:01.946	Cazyxio_v4.0 (EURUSD,M15)	2026.03.03 20:05:01 | HEARTBEAT | SYSTEM | EA alive. Tick=122100 Equity=47319.79 OpenPos=1 UTC=2026.03.03 20:05 DayOfWeek=2 WeekendCloseActive=NO NewTradeBlocked=NO | 122100.000000
NS	0	13:05:17.101	Cazyxio_v4.0 (EURUSD,M15)	2026.03.03 20:05:17 | DAILY_GUARD_TRIPPED | SYSTEM | Daily loss guard active. No trading until next day. Tick=122127
FI	0	13:05:58.448	Cazyxio_v4.0 (EURUSD,M15)	2026.03.03 20:05:58 | HEARTBEAT | SYSTEM | EA alive. Tick=122200 Equity=47334.55 OpenPos=1 UTC=2026.03.03 20:05 DayOfWeek=2 WeekendCloseActive=NO NewTradeBlocked=NO | 122200.000000
ES	0	13:06:13.516	Cazyxio_v4.0 (EURUSD,M15)	2026.03.03 20:06:13 | DAILY_GUARD_TRIPPED | SYSTEM | Daily loss guard active. No trading until next day. Tick=122227
GF	0	13:06:51.204	Cazyxio_v4.0 (EURUSD,M15)	2026.03.03 20:06:51 | HEARTBEAT | SYSTEM | EA alive. Tick=122300 Equity=47320.61 OpenPos=1 UTC=2026.03.03 20:06 DayOfWeek=2 WeekendCloseActive=NO NewTradeBlocked=NO | 122300.000000
OD	0	13:07:04.588	Cazyxio_v4.0 (EURUSD,M15)	2026.03.03 20:07:04 | DAILY_GUARD_TRIPPED | SYSTEM | Daily loss guard active. No trading until next day. Tick=122327
GF	0	13:07:33.177	Cazyxio_v4.0 (EURUSD,M15)	2026.03.03 20:07:33 | HEARTBEAT | SYSTEM | EA alive. Tick=122400 Equity=47352.59 OpenPos=1 UTC=2026.03.03 20:07 DayOfWeek=2 WeekendCloseActive=NO NewTradeBlocked=NO | 122400.000000
CD	0	13:07:41.987	Cazyxio_v4.0 (EURUSD,M15)	2026.03.03 20:07:41 | DAILY_GUARD_TRIPPED | SYSTEM | Daily loss guard active. No trading until next day. Tick=122427
RG	0	13:08:27.059	Cazyxio_v4.0 (EURUSD,M15)	2026.03.03 20:08:27 | HEARTBEAT | SYSTEM | EA alive. Tick=122500 Equity=47344.39 OpenPos=1 UTC=2026.03.03 20:08 DayOfWeek=2 WeekendCloseActive=NO NewTradeBlocked=NO | 122500.000000
QE	0	13:08:40.302	Cazyxio_v4.0 (EURUSD,M15)	2026.03.03 20:08:40 | DAILY_GUARD_TRIPPED | SYSTEM | Daily loss guard active. No trading until next day. Tick=122527
DG	0	13:09:14.673	Cazyxio_v4.0 (EURUSD,M15)	2026.03.03 20:09:14 | HEARTBEAT | SYSTEM | EA alive. Tick=122600 Equity=47353.41 OpenPos=1 UTC=2026.03.03 20:09 DayOfWeek=2 WeekendCloseActive=NO NewTradeBlocked=NO | 122600.000000
CE	0	13:09:23.136	Cazyxio_v4.0 (EURUSD,M15)	2026.03.03 20:09:23 | DAILY_GUARD_TRIPPED | SYSTEM | Daily loss guard active. No trading until next day. Tick=122627
HD	0	13:09:57.699	Cazyxio_v4.0 (EURUSD,M15)	2026.03.03 20:09:57 | HEARTBEAT | SYSTEM | EA alive. Tick=122700 Equity=47352.59 OpenPos=1 UTC=2026.03.03 20:09 DayOfWeek=2 WeekendCloseActive=NO NewTradeBlocked=NO | 122700.000000
EF	0	13:10:08.935	Cazyxio_v4.0 (EURUSD,M15)	2026.03.03 20:10:08 | DAILY_GUARD_TRIPPED | SYSTEM | Daily loss guard active. No trading until next day. Tick=122727
PD	0	13:10:41.154	Cazyxio_v4.0 (EURUSD,M15)	2026.03.03 20:10:41 | HEARTBEAT | SYSTEM | EA alive. Tick=122800 Equity=47364.07 OpenPos=1 UTC=2026.03.03 20:10 DayOfWeek=2 WeekendCloseActive=NO NewTradeBlocked=NO | 122800.000000
MF	0	13:10:53.011	Cazyxio_v4.0 (EURUSD,M15)	2026.03.03 20:10:53 | DAILY_GUARD_TRIPPED | SYSTEM | Daily loss guard active. No trading until next day. Tick=122827
HE	0	13:11:23.205	Cazyxio_v4.0 (EURUSD,M15)	2026.03.03 20:11:23 | HEARTBEAT | SYSTEM | EA alive. Tick=122900 Equity=47362.43 OpenPos=1 UTC=2026.03.03 20:11 DayOfWeek=2 WeekendCloseActive=NO NewTradeBlocked=NO | 122900.000000
OG	0	13:11:34.492	Cazyxio_v4.0 (EURUSD,M15)	2026.03.03 20:11:34 | DAILY_GUARD_TRIPPED | SYSTEM | Daily loss guard active. No trading until next day. Tick=122927
OE	0	13:12:14.850	Cazyxio_v4.0 (EURUSD,M15)	2026.03.03 20:12:14 | HEARTBEAT | SYSTEM | EA alive. Tick=123000 Equity=47352.59 OpenPos=1 UTC=2026.03.03 20:12 DayOfWeek=2 WeekendCloseActive=NO NewTradeBlocked=NO | 123000.000000
QG	0	13:12:26.973	Cazyxio_v4.0 (EURUSD,M15)	2026.03.03 20:12:26 | DAILY_GUARD_TRIPPED | SYSTEM | Daily loss guard active. No trading until next day. Tick=123027
CR	0	13:13:02.117	Cazyxio_v4.0 (EURUSD,M15)	2026.03.03 20:13:02 | HEARTBEAT | SYSTEM | EA alive. Tick=123100 Equity=47351.77 OpenPos=1 UTC=2026.03.03 20:13 DayOfWeek=2 WeekendCloseActive=NO NewTradeBlocked=NO | 123100.000000
IH	0	13:13:13.491	Cazyxio_v4.0 (EURUSD,M15)	2026.03.03 20:13:13 | DAILY_GUARD_TRIPPED | SYSTEM | Daily loss guard active. No trading until next day. Tick=123127
NR	0	13:13:59.112	Cazyxio_v4.0 (EURUSD,M15)	2026.03.03 20:13:59 | HEARTBEAT | SYSTEM | EA alive. Tick=123200 Equity=47359.97 OpenPos=1 UTC=2026.03.03 20:13 DayOfWeek=2 WeekendCloseActive=NO NewTradeBlocked=NO | 123200.000000
PH	0	13:14:19.419	Cazyxio_v4.0 (EURUSD,M15)	2026.03.03 20:14:19 | DAILY_GUARD_TRIPPED | SYSTEM | Daily loss guard active. No trading until next day. Tick=123227
IS	0	13:15:00.247	Cazyxio_v4.0 (EURUSD,M15)	2026.03.03 20:15:00 | HEARTBEAT | SYSTEM | EA alive. Tick=123300 Equity=47347.67 OpenPos=1 UTC=2026.03.03 20:15 DayOfWeek=2 WeekendCloseActive=NO NewTradeBlocked=NO | 123300.000000
LI	0	13:15:13.607	Cazyxio_v4.0 (EURUSD,M15)	2026.03.03 20:15:13 | DAILY_GUARD_TRIPPED | SYSTEM | Daily loss guard active. No trading until next day. Tick=123327
CS	0	13:15:55.459	Cazyxio_v4.0 (EURUSD,M15)	2026.03.03 20:15:55 | HEARTBEAT | SYSTEM | EA alive. Tick=123400 Equity=47355.05 OpenPos=1 UTC=2026.03.03 20:15 DayOfWeek=2 WeekendCloseActive=NO NewTradeBlocked=NO | 123400.000000
FI	0	13:16:10.004	Cazyxio_v4.0 (EURUSD,M15)	2026.03.03 20:16:10 | DAILY_GUARD_TRIPPED | SYSTEM | Daily loss guard active. No trading until next day. Tick=123427
KP	0	13:16:53.667	Cazyxio_v4.0 (EURUSD,M15)	2026.03.03 20:16:53 | HEARTBEAT | SYSTEM | EA alive. Tick=123500 Equity=47339.47 OpenPos=1 UTC=2026.03.03 20:16 DayOfWeek=2 WeekendCloseActive=NO NewTradeBlocked=NO | 123500.000000
NJ	0	13:17:05.162	Cazyxio_v4.0 (EURUSD,M15)	2026.03.03 20:17:05 | DAILY_GUARD_TRIPPED | SYSTEM | Daily loss guard active. No trading until next day. Tick=123527
LP	0	13:17:53.215	Cazyxio_v4.0 (EURUSD,M15)	2026.03.03 20:17:53 | HEARTBEAT | SYSTEM | EA alive. Tick=123600 Equity=47324.71 OpenPos=1 UTC=2026.03.03 20:17 DayOfWeek=2 WeekendCloseActive=NO NewTradeBlocked=NO | 123600.000000
RJ	0	13:18:12.831	Cazyxio_v4.0 (EURUSD,M15)	2026.03.03 20:18:12 | DAILY_GUARD_TRIPPED | SYSTEM | Daily loss guard active. No trading until next day. Tick=123627
PQ	0	13:18:59.593	Cazyxio_v4.0 (EURUSD,M15)	2026.03.03 20:18:59 | HEARTBEAT | SYSTEM | EA alive. Tick=123700 Equity=47344.39 OpenPos=1 UTC=2026.03.03 20:18 DayOfWeek=2 WeekendCloseActive=NO NewTradeBlocked=NO | 123700.000000
PK	0	13:19:31.436	Cazyxio_v4.0 (EURUSD,M15)	2026.03.03 20:19:31 | DAILY_GUARD_TRIPPED | SYSTEM | Daily loss guard active. No trading until next day. Tick=123727
OQ	0	13:20:20.577	Cazyxio_v4.0 (EURUSD,M15)	2026.03.03 20:20:20 | HEARTBEAT | SYSTEM | EA alive. Tick=123800 Equity=47359.97 OpenPos=1 UTC=2026.03.03 20:20 DayOfWeek=2 WeekendCloseActive=NO NewTradeBlocked=NO | 123800.000000
LK	0	13:20:42.103	Cazyxio_v4.0 (EURUSD,M15)	2026.03.03 20:20:42 | DAILY_GUARD_TRIPPED | SYSTEM | Daily loss guard active. No trading until next day. Tick=123827
JN	0	13:21:51.623	Cazyxio_v4.0 (EURUSD,M15)	2026.03.03 20:21:51 | HEARTBEAT | SYSTEM | EA alive. Tick=123900 Equity=47359.97 OpenPos=1 UTC=2026.03.03 20:21 DayOfWeek=2 WeekendCloseActive=NO NewTradeBlocked=NO | 123900.000000
GL	0	13:22:09.723	Cazyxio_v4.0 (EURUSD,M15)	2026.03.03 20:22:09 | DAILY_GUARD_TRIPPED | SYSTEM | Daily loss guard active. No trading until next day. Tick=123927
ON	0	13:22:59.514	Cazyxio_v4.0 (EURUSD,M15)	2026.03.03 20:22:59 | HEARTBEAT | SYSTEM | EA alive. Tick=124000 Equity=47355.05 OpenPos=1 UTC=2026.03.03 20:22 DayOfWeek=2 WeekendCloseActive=NO NewTradeBlocked=NO | 124000.000000
HL	0	13:23:21.427	Cazyxio_v4.0 (EURUSD,M15)	2026.03.03 20:23:21 | DAILY_GUARD_TRIPPED | SYSTEM | Daily loss guard active. No trading until next day. Tick=124027
CO	0	13:24:12.250	Cazyxio_v4.0 (EURUSD,M15)	2026.03.03 20:24:12 | HEARTBEAT | SYSTEM | EA alive. Tick=124100 Equity=47361.61 OpenPos=1 UTC=2026.03.03 20:24 DayOfWeek=2 WeekendCloseActive=NO NewTradeBlocked=NO | 124100.000000
QM	0	13:24:30.993	Cazyxio_v4.0 (EURUSD,M15)	2026.03.03 20:24:30 | DAILY_GUARD_TRIPPED | SYSTEM | Daily loss guard active. No trading until next day. Tick=124127
OO	0	13:25:20.307	Cazyxio_v4.0 (EURUSD,M15)	2026.03.03 20:25:20 | HEARTBEAT | SYSTEM | EA alive. Tick=124200 Equity=47357.51 OpenPos=1 UTC=2026.03.03 20:25 DayOfWeek=2 WeekendCloseActive=NO NewTradeBlocked=NO | 124200.000000
JM	0	13:25:56.111	Cazyxio_v4.0 (EURUSD,M15)	2026.03.03 20:25:56 | DAILY_GUARD_TRIPPED | SYSTEM | Daily loss guard active. No trading until next day. Tick=124227
CL	0	13:26:32.497	Cazyxio_v4.0 (EURUSD,M15)	2026.03.03 20:26:32 | HEARTBEAT | SYSTEM | EA alive. Tick=124300 Equity=47355.87 OpenPos=1 UTC=2026.03.03 20:26 DayOfWeek=2 WeekendCloseActive=NO NewTradeBlocked=NO | 124300.000000
ON	0	13:26:51.245	Cazyxio_v4.0 (EURUSD,M15)	2026.03.03 20:26:51 | DAILY_GUARD_TRIPPED | SYSTEM | Daily loss guard active. No trading until next day. Tick=124327
OL	0	13:27:52.264	Cazyxio_v4.0 (EURUSD,M15)	2026.03.03 20:27:52 | HEARTBEAT | SYSTEM | EA alive. Tick=124400 Equity=47354.23 OpenPos=1 UTC=2026.03.03 20:27 DayOfWeek=2 WeekendCloseActive=NO NewTradeBlocked=NO | 124400.000000
JN	0	13:28:19.968	Cazyxio_v4.0 (EURUSD,M15)	2026.03.03 20:28:19 | DAILY_GUARD_TRIPPED | SYSTEM | Daily loss guard active. No trading until next day. Tick=124427
EM	0	13:29:05.138	Cazyxio_v4.0 (EURUSD,M15)	2026.03.03 20:29:05 | HEARTBEAT | SYSTEM | EA alive. Tick=124500 Equity=47363.25 OpenPos=1 UTC=2026.03.03 20:29 DayOfWeek=2 WeekendCloseActive=NO NewTradeBlocked=NO | 124500.000000
FO	0	13:29:29.758	Cazyxio_v4.0 (EURUSD,M15)	2026.03.03 20:29:29 | DAILY_GUARD_TRIPPED | SYSTEM | Daily loss guard active. No trading until next day. Tick=124527
PM	0	13:30:25.424	Cazyxio_v4.0 (EURUSD,M15)	2026.03.03 20:30:25 | HEARTBEAT | SYSTEM | EA alive. Tick=124600 Equity=47364.07 OpenPos=1 UTC=2026.03.03 20:30 DayOfWeek=2 WeekendCloseActive=NO NewTradeBlocked=NO | 124600.000000
JO	0	13:30:46.360	Cazyxio_v4.0 (EURUSD,M15)	2026.03.03 20:30:46 | DAILY_GUARD_TRIPPED | SYSTEM | Daily loss guard active. No trading until next day. Tick=124627
DJ	0	13:31:38.194	Cazyxio_v4.0 (EURUSD,M15)	2026.03.03 20:31:38 | HEARTBEAT | SYSTEM | EA alive. Tick=124700 Equity=47384.57 OpenPos=1 UTC=2026.03.03 20:31 DayOfWeek=2 WeekendCloseActive=NO NewTradeBlocked=NO | 124700.000000
MP	0	13:31:55.414	Cazyxio_v4.0 (EURUSD,M15)	2026.03.03 20:31:55 | DAILY_GUARD_TRIPPED | SYSTEM | Daily loss guard active. No trading until next day. Tick=124727
JJ	0	13:32:44.194	Cazyxio_v4.0 (EURUSD,M15)	2026.03.03 20:32:44 | HEARTBEAT | SYSTEM | EA alive. Tick=124800 Equity=47362.43 OpenPos=1 UTC=2026.03.03 20:32 DayOfWeek=2 WeekendCloseActive=NO NewTradeBlocked=NO | 124800.000000
GP	0	13:33:12.866	Cazyxio_v4.0 (EURUSD,M15)	2026.03.03 20:33:12 | DAILY_GUARD_TRIPPED | SYSTEM | Daily loss guard active. No trading until next day. Tick=124827
MK	0	13:34:12.129	Cazyxio_v4.0 (EURUSD,M15)	2026.03.03 20:34:12 | HEARTBEAT | SYSTEM | EA alive. Tick=124900 Equity=47366.53 OpenPos=1 UTC=2026.03.03 20:34 DayOfWeek=2 WeekendCloseActive=NO NewTradeBlocked=NO | 124900.000000
EQ	0	13:34:34.689	Cazyxio_v4.0 (EURUSD,M15)	2026.03.03 20:34:34 | DAILY_GUARD_TRIPPED | SYSTEM | Daily loss guard active. No trading until next day. Tick=124927
JK	0	13:36:02.090	Cazyxio_v4.0 (EURUSD,M15)	2026.03.03 20:36:02 | HEARTBEAT | SYSTEM | EA alive. Tick=125000 Equity=47370.63 OpenPos=1 UTC=2026.03.03 20:36 DayOfWeek=2 WeekendCloseActive=NO NewTradeBlocked=NO | 125000.000000
GQ	0	13:36:35.742	Cazyxio_v4.0 (EURUSD,M15)	2026.03.03 20:36:35 | DAILY_GUARD_TRIPPED | SYSTEM | Daily loss guard active. No trading until next day. Tick=125027
QH	0	13:37:56.696	Cazyxio_v4.0 (EURUSD,M15)	2026.03.03 20:37:56 | HEARTBEAT | SYSTEM | EA alive. Tick=125100 Equity=47359.97 OpenPos=1 UTC=2026.03.03 20:37 DayOfWeek=2 WeekendCloseActive=NO NewTradeBlocked=NO | 125100.000000
DR	0	13:38:17.386	Cazyxio_v4.0 (EURUSD,M15)	2026.03.03 20:38:17 | DAILY_GUARD_TRIPPED | SYSTEM | Daily loss guard active. No trading until next day. Tick=125127
EH	0	13:39:14.702	Cazyxio_v4.0 (EURUSD,M15)	2026.03.03 20:39:14 | HEARTBEAT | SYSTEM | EA alive. Tick=125200 Equity=47342.75 OpenPos=1 UTC=2026.03.03 20:39 DayOfWeek=2 WeekendCloseActive=NO NewTradeBlocked=NO | 125200.000000
FR	0	13:39:33.532	Cazyxio_v4.0 (EURUSD,M15)	2026.03.03 20:39:33 | DAILY_GUARD_TRIPPED | SYSTEM | Daily loss guard active. No trading until next day. Tick=125227
DI	0	13:40:26.530	Cazyxio_v4.0 (EURUSD,M15)	2026.03.03 20:40:26 | HEARTBEAT | SYSTEM | EA alive. Tick=125300 Equity=47345.21 OpenPos=1 UTC=2026.03.03 20:40 DayOfWeek=2 WeekendCloseActive=NO NewTradeBlocked=NO | 125300.000000
JS	0	13:40:52.119	Cazyxio_v4.0 (EURUSD,M15)	2026.03.03 20:40:52 | DAILY_GUARD_TRIPPED | SYSTEM | Daily loss guard active. No trading until next day. Tick=125327
NI	0	13:41:47.214	Cazyxio_v4.0 (EURUSD,M15)	2026.03.03 20:41:47 | HEARTBEAT | SYSTEM | EA alive. Tick=125400 Equity=47314.05 OpenPos=1 UTC=2026.03.03 20:41 DayOfWeek=2 WeekendCloseActive=NO NewTradeBlocked=NO | 125400.000000
IS	0	13:42:06.667	Cazyxio_v4.0 (EURUSD,M15)	2026.03.03 20:42:06 | DAILY_GUARD_TRIPPED | SYSTEM | Daily loss guard active. No trading until next day. Tick=125427
IF	0	13:43:17.682	Cazyxio_v4.0 (EURUSD,M15)	2026.03.03 20:43:17 | HEARTBEAT | SYSTEM | EA alive. Tick=125500 Equity=47311.59 OpenPos=1 UTC=2026.03.03 20:43 DayOfWeek=2 WeekendCloseActive=NO NewTradeBlocked=NO | 125500.000000
KD	0	13:43:31.330	Cazyxio_v4.0 (EURUSD,M15)	2026.03.03 20:43:31 | DAILY_GUARD_TRIPPED | SYSTEM | Daily loss guard active. No trading until next day. Tick=125527
KF	0	13:45:03.741	Cazyxio_v4.0 (EURUSD,M15)	2026.03.03 20:45:03 | HEARTBEAT | SYSTEM | EA alive. Tick=125600 Equity=47326.35 OpenPos=1 UTC=2026.03.03 20:45 DayOfWeek=2 WeekendCloseActive=NO NewTradeBlocked=NO | 125600.000000
ID	0	13:45:22.511	Cazyxio_v4.0 (EURUSD,M15)	2026.03.03 20:45:22 | DAILY_GUARD_TRIPPED | SYSTEM | Daily loss guard active. No trading until next day. Tick=125627
GG	0	13:46:48.557	Cazyxio_v4.0 (EURUSD,M15)	2026.03.03 20:46:48 | HEARTBEAT | SYSTEM | EA alive. Tick=125700 Equity=47300.11 OpenPos=1 UTC=2026.03.03 20:46 DayOfWeek=2 WeekendCloseActive=NO NewTradeBlocked=NO | 125700.000000
KE	0	13:47:31.103	Cazyxio_v4.0 (EURUSD,M15)	2026.03.03 20:47:31 | DAILY_GUARD_TRIPPED | SYSTEM | Daily loss guard active. No trading until next day. Tick=125727
GG	0	13:48:47.364	Cazyxio_v4.0 (EURUSD,M15)	2026.03.03 20:48:47 | HEARTBEAT | SYSTEM | EA alive. Tick=125800 Equity=47291.09 OpenPos=1 UTC=2026.03.03 20:48 DayOfWeek=2 WeekendCloseActive=NO NewTradeBlocked=NO | 125800.000000
RE	0	13:49:09.561	Cazyxio_v4.0 (EURUSD,M15)	2026.03.03 20:49:09 | DAILY_GUARD_TRIPPED | SYSTEM | Daily loss guard active. No trading until next day. Tick=125827
OD	0	13:50:02.601	Cazyxio_v4.0 (EURUSD,M15)	2026.03.03 20:50:02 | HEARTBEAT | SYSTEM | EA alive. Tick=125900 Equity=47296.01 OpenPos=1 UTC=2026.03.03 20:50 DayOfWeek=2 WeekendCloseActive=NO NewTradeBlocked=NO | 125900.000000
IF	0	13:50:13.662	Cazyxio_v4.0 (EURUSD,M15)	2026.03.03 20:50:13 | DAILY_GUARD_TRIPPED | SYSTEM | Daily loss guard active. No trading until next day. Tick=125927
DD	0	13:51:03.561	Cazyxio_v4.0 (EURUSD,M15)	2026.03.03 20:51:03 | HEARTBEAT | SYSTEM | EA alive. Tick=126000 Equity=47280.43 OpenPos=1 UTC=2026.03.03 20:51 DayOfWeek=2 WeekendCloseActive=NO NewTradeBlocked=NO | 126000.000000
NF	0	13:51:26.937	Cazyxio_v4.0 (EURUSD,M15)	2026.03.03 20:51:26 | DAILY_GUARD_TRIPPED | SYSTEM | Daily loss guard active. No trading until next day. Tick=126027
NE	0	13:52:06.019	Cazyxio_v4.0 (EURUSD,M15)	2026.03.03 20:52:06 | HEARTBEAT | SYSTEM | EA alive. Tick=126100 Equity=47277.15 OpenPos=1 UTC=2026.03.03 20:52 DayOfWeek=2 WeekendCloseActive=NO NewTradeBlocked=NO | 126100.000000
KG	0	13:52:19.531	Cazyxio_v4.0 (EURUSD,M15)	2026.03.03 20:52:19 | DAILY_GUARD_TRIPPED | SYSTEM | Daily loss guard active. No trading until next day. Tick=126127
FE	0	13:53:05.344	Cazyxio_v4.0 (EURUSD,M15)	2026.03.03 20:53:05 | HEARTBEAT | SYSTEM | EA alive. Tick=126200 Equity=47281.25 OpenPos=1 UTC=2026.03.03 20:53 DayOfWeek=2 WeekendCloseActive=NO NewTradeBlocked=NO | 126200.000000
QG	0	13:53:21.802	Cazyxio_v4.0 (EURUSD,M15)	2026.03.03 20:53:21 | DAILY_GUARD_TRIPPED | SYSTEM | Daily loss guard active. No trading until next day. Tick=126227
IR	0	13:54:21.296	Cazyxio_v4.0 (EURUSD,M15)	2026.03.03 20:54:21 | HEARTBEAT | SYSTEM | EA alive. Tick=126300 Equity=47309.13 OpenPos=1 UTC=2026.03.03 20:54 DayOfWeek=2 WeekendCloseActive=NO NewTradeBlocked=NO | 126300.000000
KH	0	13:54:30.995	Cazyxio_v4.0 (EURUSD,M15)	2026.03.03 20:54:30 | DAILY_GUARD_TRIPPED | SYSTEM | Daily loss guard active. No trading until next day. Tick=126327
FR	0	13:55:13.390	Cazyxio_v4.0 (EURUSD,M15)	2026.03.03 20:55:13 | HEARTBEAT | SYSTEM | EA alive. Tick=126400 Equity=47302.57 OpenPos=1 UTC=2026.03.03 20:55 DayOfWeek=2 WeekendCloseActive=NO NewTradeBlocked=NO | 126400.000000
JH	0	13:55:31.894	Cazyxio_v4.0 (EURUSD,M15)	2026.03.03 20:55:31 | DAILY_GUARD_TRIPPED | SYSTEM | Daily loss guard active. No trading until next day. Tick=126427
ES	0	13:56:14.735	Cazyxio_v4.0 (EURUSD,M15)	2026.03.03 20:56:14 | HEARTBEAT | SYSTEM | EA alive. Tick=126500 Equity=47310.77 OpenPos=1 UTC=2026.03.03 20:56 DayOfWeek=2 WeekendCloseActive=NO NewTradeBlocked=NO | 126500.000000
MI	0	13:56:39.463	Cazyxio_v4.0 (EURUSD,M15)	2026.03.03 20:56:39 | DAILY_GUARD_TRIPPED | SYSTEM | Daily loss guard active. No trading until next day. Tick=126527
ES	0	13:57:40.249	Cazyxio_v4.0 (EURUSD,M15)	2026.03.03 20:57:40 | HEARTBEAT | SYSTEM | EA alive. Tick=126600 Equity=47317.33 OpenPos=1 UTC=2026.03.03 20:57 DayOfWeek=2 WeekendCloseActive=NO NewTradeBlocked=NO | 126600.000000
II	0	13:58:03.215	Cazyxio_v4.0 (EURUSD,M15)	2026.03.03 20:58:03 | DAILY_GUARD_TRIPPED | SYSTEM | Daily loss guard active. No trading until next day. Tick=126627
HP	0	13:58:49.284	Cazyxio_v4.0 (EURUSD,M15)	2026.03.03 20:58:49 | HEARTBEAT | SYSTEM | EA alive. Tick=126700 Equity=47318.97 OpenPos=1 UTC=2026.03.03 20:58 DayOfWeek=2 WeekendCloseActive=NO NewTradeBlocked=NO | 126700.000000
OJ	0	13:59:08.234	Cazyxio_v4.0 (EURUSD,M15)	2026.03.03 20:59:08 | DAILY_GUARD_TRIPPED | SYSTEM | Daily loss guard active. No trading until next day. Tick=126727
QP	0	13:59:51.866	Cazyxio_v4.0 (EURUSD,M15)	2026.03.03 20:59:51 | HEARTBEAT | SYSTEM | EA alive. Tick=126800 Equity=47316.51 OpenPos=1 UTC=2026.03.03 20:59 DayOfWeek=2 WeekendCloseActive=NO NewTradeBlocked=NO | 126800.000000
NJ	0	14:00:03.366	Cazyxio_v4.0 (EURUSD,M15)	2026.03.03 21:00:03 | DAILY_GUARD_TRIPPED | SYSTEM | Daily loss guard active. No trading until next day. Tick=126827
JQ	0	14:00:38.662	Cazyxio_v4.0 (EURUSD,M15)	2026.03.03 21:00:38 | HEARTBEAT | SYSTEM | EA alive. Tick=126900 Equity=47316.51 OpenPos=1 UTC=2026.03.03 21:00 DayOfWeek=2 WeekendCloseActive=NO NewTradeBlocked=NO | 126900.000000
CK	0	14:00:54.652	Cazyxio_v4.0 (EURUSD,M15)	2026.03.03 21:00:54 | DAILY_GUARD_TRIPPED | SYSTEM | Daily loss guard active. No trading until next day. Tick=126927
KQ	0	14:01:56.637	Cazyxio_v4.0 (EURUSD,M15)	2026.03.03 21:01:56 | HEARTBEAT | SYSTEM | EA alive. Tick=127000 Equity=47309.95 OpenPos=1 UTC=2026.03.03 21:01 DayOfWeek=2 WeekendCloseActive=NO NewTradeBlocked=NO | 127000.000000
HK	0	14:02:14.172	Cazyxio_v4.0 (EURUSD,M15)	2026.03.03 21:02:14 | DAILY_GUARD_TRIPPED | SYSTEM | Daily loss guard active. No trading until next day. Tick=127027
CN	0	14:03:00.314	Cazyxio_v4.0 (EURUSD,M15)	2026.03.03 21:03:00 | HEARTBEAT | SYSTEM | EA alive. Tick=127100 Equity=47301.75 OpenPos=1 UTC=2026.03.03 21:03 DayOfWeek=2 WeekendCloseActive=NO NewTradeBlocked=NO | 127100.000000
QL	0	14:03:49.475	Cazyxio_v4.0 (EURUSD,M15)	2026.03.03 21:03:49 | DAILY_GUARD_TRIPPED | SYSTEM | Daily loss guard active. No trading until next day. Tick=127127
LN	0	14:04:51.336	Cazyxio_v4.0 (EURUSD,M15)	2026.03.03 21:04:51 | HEARTBEAT | SYSTEM | EA alive. Tick=127200 Equity=47309.95 OpenPos=1 UTC=2026.03.03 21:04 DayOfWeek=2 WeekendCloseActive=NO NewTradeBlocked=NO | 127200.000000
QL	0	14:05:54.508	Cazyxio_v4.0 (EURUSD,M15)	2026.03.03 21:05:54 | DAILY_GUARD_TRIPPED | SYSTEM | Daily loss guard active. No trading until next day. Tick=127227
KO	0	14:08:04.498	Cazyxio_v4.0 (EURUSD,M15)	2026.03.03 21:08:04 | HEARTBEAT | SYSTEM | EA alive. Tick=127300 Equity=47316.51 OpenPos=1 UTC=2026.03.03 21:08 DayOfWeek=2 WeekendCloseActive=NO NewTradeBlocked=NO | 127300.000000
OM	0	14:09:02.710	Cazyxio_v4.0 (EURUSD,M15)	2026.03.03 21:09:02 | DAILY_GUARD_TRIPPED | SYSTEM | Daily loss guard active. No trading until next day. Tick=127327
KO	0	14:10:57.184	Cazyxio_v4.0 (EURUSD,M15)	2026.03.03 21:10:57 | HEARTBEAT | SYSTEM | EA alive. Tick=127400 Equity=47299.29 OpenPos=1 UTC=2026.03.03 21:10 DayOfWeek=2 WeekendCloseActive=NO NewTradeBlocked=NO | 127400.000000
JM	0	14:11:57.882	Cazyxio_v4.0 (EURUSD,M15)	2026.03.03 21:11:57 | DAILY_GUARD_TRIPPED | SYSTEM | Daily loss guard active. No trading until next day. Tick=127427
ML	0	14:13:11.619	Cazyxio_v4.0 (EURUSD,M15)	2026.03.03 21:13:11 | HEARTBEAT | SYSTEM | EA alive. Tick=127500 Equity=47302.57 OpenPos=1 UTC=2026.03.03 21:13 DayOfWeek=2 WeekendCloseActive=NO NewTradeBlocked=NO | 127500.000000
MN	0	14:14:02.512	Cazyxio_v4.0 (EURUSD,M15)	2026.03.03 21:14:02 | DAILY_GUARD_TRIPPED | SYSTEM | Daily loss guard active. No trading until next day. Tick=127527
DL	0	14:16:43.422	Cazyxio_v4.0 (EURUSD,M15)	2026.03.03 21:16:43 | HEARTBEAT | SYSTEM | EA alive. Tick=127600 Equity=47283.71 OpenPos=1 UTC=2026.03.03 21:16 DayOfWeek=2 WeekendCloseActive=NO NewTradeBlocked=NO | 127600.000000
RN	0	14:17:28.778	Cazyxio_v4.0 (EURUSD,M15)	2026.03.03 21:17:28 | DAILY_GUARD_TRIPPED | SYSTEM | Daily loss guard active. No trading until next day. Tick=127627
GM	0	14:19:26.774	Cazyxio_v4.0 (EURUSD,M15)	2026.03.03 21:19:26 | HEARTBEAT | SYSTEM | EA alive. Tick=127700 Equity=47269.77 OpenPos=1 UTC=2026.03.03 21:19 DayOfWeek=2 WeekendCloseActive=NO NewTradeBlocked=NO | 127700.000000
RO	0	14:20:00.450	Cazyxio_v4.0 (EURUSD,M15)	2026.03.03 21:20:00 | DAILY_GUARD_TRIPPED | SYSTEM | Daily loss guard active. No trading until next day. Tick=127727
DM	0	14:22:41.717	Cazyxio_v4.0 (EURUSD,M15)	2026.03.03 21:22:41 | HEARTBEAT | SYSTEM | EA alive. Tick=127800 Equity=47269.77 OpenPos=1 UTC=2026.03.03 21:22 DayOfWeek=2 WeekendCloseActive=NO NewTradeBlocked=NO | 127800.000000
RO	0	14:24:19.446	Cazyxio_v4.0 (EURUSD,M15)	2026.03.03 21:24:19 | DAILY_GUARD_TRIPPED | SYSTEM | Daily loss guard active. No trading until next day. Tick=127827
CJ	0	14:27:25.940	Cazyxio_v4.0 (EURUSD,M15)	2026.03.03 21:27:25 | HEARTBEAT | SYSTEM | EA alive. Tick=127900 Equity=47280.43 OpenPos=1 UTC=2026.03.03 21:27 DayOfWeek=2 WeekendCloseActive=NO NewTradeBlocked=NO | 127900.000000
RP	0	14:28:22.528	Cazyxio_v4.0 (EURUSD,M15)	2026.03.03 21:28:22 | DAILY_GUARD_TRIPPED | SYSTEM | Daily loss guard active. No trading until next day. Tick=127927
MJ	0	14:30:36.149	Cazyxio_v4.0 (EURUSD,M15)	2026.03.03 21:30:36 | HEARTBEAT | SYSTEM | EA alive. Tick=128000 Equity=47284.53 OpenPos=1 UTC=2026.03.03 21:30 DayOfWeek=2 WeekendCloseActive=NO NewTradeBlocked=NO | 128000.000000
IP	0	14:31:41.901	Cazyxio_v4.0 (EURUSD,M15)	2026.03.03 21:31:41 | DAILY_GUARD_TRIPPED | SYSTEM | Daily loss guard active. No trading until next day. Tick=128027
EK	0	14:34:52.730	Cazyxio_v4.0 (EURUSD,M15)	2026.03.03 21:34:52 | HEARTBEAT | SYSTEM | EA alive. Tick=128100 Equity=47287.81 OpenPos=1 UTC=2026.03.03 21:34 DayOfWeek=2 WeekendCloseActive=NO NewTradeBlocked=NO | 128100.000000
DQ	0	14:35:40.710	Cazyxio_v4.0 (EURUSD,M15)	2026.03.03 21:35:40 | DAILY_GUARD_TRIPPED | SYSTEM | Daily loss guard active. No trading until next day. Tick=128127
EK	0	14:39:22.838	Cazyxio_v4.0 (EURUSD,M15)	2026.03.03 21:39:22 | HEARTBEAT | SYSTEM | EA alive. Tick=128200 Equity=47295.19 OpenPos=1 UTC=2026.03.03 21:39 DayOfWeek=2 WeekendCloseActive=NO NewTradeBlocked=NO | 128200.000000
RQ	0	14:40:18.399	Cazyxio_v4.0 (EURUSD,M15)	2026.03.03 21:40:18 | DAILY_GUARD_TRIPPED | SYSTEM | Daily loss guard active. No trading until next day. Tick=128227
DH	0	14:42:41.089	Cazyxio_v4.0 (EURUSD,M15)	2026.03.03 21:42:41 | HEARTBEAT | SYSTEM | EA alive. Tick=128300 Equity=47302.57 OpenPos=1 UTC=2026.03.03 21:42 DayOfWeek=2 WeekendCloseActive=NO NewTradeBlocked=NO | 128300.000000
CR	0	14:44:28.665	Cazyxio_v4.0 (EURUSD,M15)	2026.03.03 21:44:28 | DAILY_GUARD_TRIPPED | SYSTEM | Daily loss guard active. No trading until next day. Tick=128327
EH	0	14:45:51.076	Cazyxio_v4.0 (EURUSD,M15)	2026.03.03 21:45:51 | HEARTBEAT | SYSTEM | EA alive. Tick=128400 Equity=47297.65 OpenPos=1 UTC=2026.03.03 21:45 DayOfWeek=2 WeekendCloseActive=NO NewTradeBlocked=NO | 128400.000000
PR	0	14:46:05.689	Cazyxio_v4.0 (EURUSD,M15)	2026.03.03 21:46:05 | DAILY_GUARD_TRIPPED | SYSTEM | Daily loss guard active. No trading until next day. Tick=128427
PI	0	14:46:45.056	Cazyxio_v4.0 (EURUSD,M15)	2026.03.03 21:46:45 | HEARTBEAT | SYSTEM | EA alive. Tick=128500 Equity=47282.89 OpenPos=1 UTC=2026.03.03 21:46 DayOfWeek=2 WeekendCloseActive=NO NewTradeBlocked=NO | 128500.000000
NS	0	14:47:02.967	Cazyxio_v4.0 (EURUSD,M15)	2026.03.03 21:47:02 | DAILY_GUARD_TRIPPED | SYSTEM | Daily loss guard active. No trading until next day. Tick=128527
MI	0	14:48:12.903	Cazyxio_v4.0 (EURUSD,M15)	2026.03.03 21:48:12 | HEARTBEAT | SYSTEM | EA alive. Tick=128600 Equity=47271.41 OpenPos=1 UTC=2026.03.03 21:48 DayOfWeek=2 WeekendCloseActive=NO NewTradeBlocked=NO | 128600.000000
PS	0	14:48:33.270	Cazyxio_v4.0 (EURUSD,M15)	2026.03.03 21:48:33 | DAILY_GUARD_TRIPPED | SYSTEM | Daily loss guard active. No trading until next day. Tick=128627
GF	0	14:49:24.935	Cazyxio_v4.0 (EURUSD,M15)	2026.03.03 21:49:24 | HEARTBEAT | SYSTEM | EA alive. Tick=128700 Equity=47276.33 OpenPos=1 UTC=2026.03.03 21:49 DayOfWeek=2 WeekendCloseActive=NO NewTradeBlocked=NO | 128700.000000
KD	0	14:49:48.678	Cazyxio_v4.0 (EURUSD,M15)	2026.03.03 21:49:48 | DAILY_GUARD_TRIPPED | SYSTEM | Daily loss guard active. No trading until next day. Tick=128727
HF	0	14:50:45.881	Cazyxio_v4.0 (EURUSD,M15)	2026.03.03 21:50:45 | HEARTBEAT | SYSTEM | EA alive. Tick=128800 Equity=47281.25 OpenPos=1 UTC=2026.03.03 21:50 DayOfWeek=2 WeekendCloseActive=NO NewTradeBlocked=NO | 128800.000000
DD	0	14:51:01.986	Cazyxio_v4.0 (EURUSD,M15)	2026.03.03 21:51:01 | DAILY_GUARD_TRIPPED | SYSTEM | Daily loss guard active. No trading until next day. Tick=128827
IG	0	14:51:53.127	Cazyxio_v4.0 (EURUSD,M15)	2026.03.03 21:51:53 | HEARTBEAT | SYSTEM | EA alive. Tick=128900 Equity=47276.33 OpenPos=1 UTC=2026.03.03 21:51 DayOfWeek=2 WeekendCloseActive=NO NewTradeBlocked=NO | 128900.000000
KE	0	14:52:32.799	Cazyxio_v4.0 (EURUSD,M15)	2026.03.03 21:52:32 | DAILY_GUARD_TRIPPED | SYSTEM | Daily loss guard active. No trading until next day. Tick=128927
IG	0	14:53:33.009	Cazyxio_v4.0 (EURUSD,M15)	2026.03.03 21:53:33 | HEARTBEAT | SYSTEM | EA alive. Tick=129000 Equity=47275.51 OpenPos=1 UTC=2026.03.03 21:53 DayOfWeek=2 WeekendCloseActive=NO NewTradeBlocked=NO | 129000.000000
OE	0	14:53:58.715	Cazyxio_v4.0 (EURUSD,M15)	2026.03.03 21:53:58 | DAILY_GUARD_TRIPPED | SYSTEM | Daily loss guard active. No trading until next day. Tick=129027
PD	0	14:54:48.179	Cazyxio_v4.0 (EURUSD,M15)	2026.03.03 21:54:48 | HEARTBEAT | SYSTEM | EA alive. Tick=129100 Equity=47272.23 OpenPos=1 UTC=2026.03.03 21:54 DayOfWeek=2 WeekendCloseActive=NO NewTradeBlocked=NO | 129100.000000
DF	0	14:55:04.421	Cazyxio_v4.0 (EURUSD,M15)	2026.03.03 21:55:04 | DAILY_GUARD_TRIPPED | SYSTEM | Daily loss guard active. No trading until next day. Tick=129127
LD	0	14:56:01.522	Cazyxio_v4.0 (EURUSD,M15)	2026.03.03 21:56:01 | HEARTBEAT | SYSTEM | EA alive. Tick=129200 Equity=47251.73 OpenPos=1 UTC=2026.03.03 21:56 DayOfWeek=2 WeekendCloseActive=NO NewTradeBlocked=NO | 129200.000000
IF	0	14:56:27.658	Cazyxio_v4.0 (EURUSD,M15)	2026.03.03 21:56:27 | DAILY_GUARD_TRIPPED | SYSTEM | Daily loss guard active. No trading until next day. Tick=129227
PE	0	14:57:31.970	Cazyxio_v4.0 (EURUSD,M15)	2026.03.03 21:57:31 | HEARTBEAT | SYSTEM | EA alive. Tick=129300 Equity=47247.63 OpenPos=1 UTC=2026.03.03 21:57 DayOfWeek=2 WeekendCloseActive=NO NewTradeBlocked=NO | 129300.000000
MG	0	14:57:44.349	Cazyxio_v4.0 (EURUSD,M15)	2026.03.03 21:57:44 | DAILY_GUARD_TRIPPED | SYSTEM | Daily loss guard active. No trading until next day. Tick=129327
IE	0	14:58:19.361	Cazyxio_v4.0 (EURUSD,M15)	2026.03.03 21:58:19 | HEARTBEAT | SYSTEM | EA alive. Tick=129400 Equity=47242.71 OpenPos=1 UTC=2026.03.03 21:58 DayOfWeek=2 WeekendCloseActive=NO NewTradeBlocked=NO | 129400.000000
KG	0	14:58:30.672	Cazyxio_v4.0 (EURUSD,M15)	2026.03.03 21:58:30 | DAILY_GUARD_TRIPPED | SYSTEM | Daily loss guard active. No trading until next day. Tick=129427
FR	0	14:59:07.886	Cazyxio_v4.0 (EURUSD,M15)	2026.03.03 21:59:07 | HEARTBEAT | SYSTEM | EA alive. Tick=129500 Equity=47232.87 OpenPos=1 UTC=2026.03.03 21:59 DayOfWeek=2 WeekendCloseActive=NO NewTradeBlocked=NO | 129500.000000
CH	0	14:59:30.165	Cazyxio_v4.0 (EURUSD,M15)	2026.03.03 21:59:30 | DAILY_GUARD_TRIPPED | SYSTEM | Daily loss guard active. No trading until next day. Tick=129527
DQ	0	15:00:28.510	Cazyxio_v4.0 (EURUSD,M15)	2026.03.03 22:00:28 | DAILY_GUARD_RESET | SYSTEM | New trading day. StartEquity=47234.51 MaxDailyLossPct=3.00 | 47234.510000
JN	0	15:00:28.510	Cazyxio_v4.0 (EURUSD,M15)	2026.03.03 22:00:28 | SESSION_WAIT | SYSTEM | Outside session. UTC_hour=22 Sessions: 7:00-17:00 and 12:00-21:00 UTC. Waiting.
DI	0	15:06:18.646	Cazyxio_v4.0 (EURUSD,M15)	2026.03.03 22:06:18 | HEARTBEAT | SYSTEM | EA alive. Tick=129600 Equity=47215.65 OpenPos=1 UTC=2026.03.03 22:06 DayOfWeek=2 WeekendCloseActive=NO NewTradeBlocked=NO | 129600.000000
IM	0	15:15:57.068	Cazyxio_v4.0 (EURUSD,M15)	2026.03.03 22:15:57 | HEARTBEAT | SYSTEM | EA alive. Tick=129700 Equity=47187.77 OpenPos=1 UTC=2026.03.03 22:15 DayOfWeek=2 WeekendCloseActive=NO NewTradeBlocked=NO | 129700.000000
JQ	0	15:21:06.876	Cazyxio_v4.0 (EURUSD,M15)	2026.03.03 22:21:06 | HEARTBEAT | SYSTEM | EA alive. Tick=129800 Equity=47180.39 OpenPos=1 UTC=2026.03.03 22:21 DayOfWeek=2 WeekendCloseActive=NO NewTradeBlocked=NO | 129800.000000
JE	0	15:24:18.245	Cazyxio_v4.0 (EURUSD,M15)	2026.03.03 22:24:18 | HEARTBEAT | SYSTEM | EA alive. Tick=129900 Equity=47195.05 OpenPos=1 UTC=2026.03.03 22:24 DayOfWeek=2 WeekendCloseActive=NO NewTradeBlocked=NO | 129900.000000
GF	0	15:29:30.997	Cazyxio_v4.0 (EURUSD,M15)	2026.03.03 22:29:30 | HEARTBEAT | SYSTEM | EA alive. Tick=130000 Equity=47193.41 OpenPos=1 UTC=2026.03.03 22:29 DayOfWeek=2 WeekendCloseActive=NO NewTradeBlocked=NO | 130000.000000
OJ	0	15:35:07.551	Cazyxio_v4.0 (EURUSD,M15)	2026.03.03 22:35:07 | HEARTBEAT | SYSTEM | EA alive. Tick=130100 Equity=47219.65 OpenPos=1 UTC=2026.03.03 22:35 DayOfWeek=2 WeekendCloseActive=NO NewTradeBlocked=NO | 130100.000000
PN	0	15:36:24.507	Cazyxio_v4.0 (EURUSD,M15)	2026.03.03 22:36:24 | HEARTBEAT | SYSTEM | EA alive. Tick=130200 Equity=47229.49 OpenPos=1 UTC=2026.03.03 22:36 DayOfWeek=2 WeekendCloseActive=NO NewTradeBlocked=NO | 130200.000000
JR	0	15:37:14.758	Cazyxio_v4.0 (EURUSD,M15)	2026.03.03 22:37:14 | HEARTBEAT | SYSTEM | EA alive. Tick=130300 Equity=47232.77 OpenPos=1 UTC=2026.03.03 22:37 DayOfWeek=2 WeekendCloseActive=NO NewTradeBlocked=NO | 130300.000000
JG	0	15:38:19.424	Cazyxio_v4.0 (EURUSD,M15)	2026.03.03 22:38:19 | HEARTBEAT | SYSTEM | EA alive. Tick=130400 Equity=47239.33 OpenPos=1 UTC=2026.03.03 22:38 DayOfWeek=2 WeekendCloseActive=NO NewTradeBlocked=NO | 130400.000000
HK	0	15:40:34.199	Cazyxio_v4.0 (EURUSD,M15)	2026.03.03 22:40:34 | HEARTBEAT | SYSTEM | EA alive. Tick=130500 Equity=47245.89 OpenPos=1 UTC=2026.03.03 22:40 DayOfWeek=2 WeekendCloseActive=NO NewTradeBlocked=NO | 130500.000000
DO	0	15:43:11.161	Cazyxio_v4.0 (EURUSD,M15)	2026.03.03 22:43:11 | HEARTBEAT | SYSTEM | EA alive. Tick=130600 Equity=47233.59 OpenPos=1 UTC=2026.03.03 22:43 DayOfWeek=2 WeekendCloseActive=NO NewTradeBlocked=NO | 130600.000000
GS	0	15:44:14.480	Cazyxio_v4.0 (EURUSD,M15)	2026.03.03 22:44:14 | HEARTBEAT | SYSTEM | EA alive. Tick=130700 Equity=47240.15 OpenPos=1 UTC=2026.03.03 22:44 DayOfWeek=2 WeekendCloseActive=NO NewTradeBlocked=NO | 130700.000000
GD	0	15:45:48.611	Cazyxio_v4.0 (EURUSD,M15)	2026.03.03 22:45:48 | HEARTBEAT | SYSTEM | EA alive. Tick=130800 Equity=47244.25 OpenPos=1 UTC=2026.03.03 22:45 DayOfWeek=2 WeekendCloseActive=NO NewTradeBlocked=NO | 130800.000000
NH	0	15:47:34.348	Cazyxio_v4.0 (EURUSD,M15)	2026.03.03 22:47:34 | HEARTBEAT | SYSTEM | EA alive. Tick=130900 Equity=47244.25 OpenPos=1 UTC=2026.03.03 22:47 DayOfWeek=2 WeekendCloseActive=NO NewTradeBlocked=NO | 130900.000000
CL	0	15:51:11.068	Cazyxio_v4.0 (EURUSD,M15)	2026.03.03 22:51:11 | HEARTBEAT | SYSTEM | EA alive. Tick=131000 Equity=47245.07 OpenPos=1 UTC=2026.03.03 22:51 DayOfWeek=2 WeekendCloseActive=NO NewTradeBlocked=NO | 131000.000000
OP	0	15:53:49.064	Cazyxio_v4.0 (EURUSD,M15)	2026.03.03 22:53:49 | HEARTBEAT | SYSTEM | EA alive. Tick=131100 Equity=47240.15 OpenPos=1 UTC=2026.03.03 22:53 DayOfWeek=2 WeekendCloseActive=NO NewTradeBlocked=NO | 131100.000000
ND	0	16:00:00.207	Cazyxio_v4.0 (EURUSD,M15)	2026.03.03 23:00:00 | SESSION_WAIT | SYSTEM | Outside session. UTC_hour=23 Sessions: 7:00-17:00 and 12:00-21:00 UTC. Waiting.
QN	0	16:00:03.650	Cazyxio_v4.0 (EURUSD,M15)	2026.03.03 23:00:03 | HEARTBEAT | SYSTEM | EA alive. Tick=131200 Equity=47264.75 OpenPos=1 UTC=2026.03.03 23:00 DayOfWeek=2 WeekendCloseActive=NO NewTradeBlocked=NO | 131200.000000
MR	0	16:01:42.318	Cazyxio_v4.0 (EURUSD,M15)	2026.03.03 23:01:42 | HEARTBEAT | SYSTEM | EA alive. Tick=131300 Equity=47280.33 OpenPos=1 UTC=2026.03.03 23:01 DayOfWeek=2 WeekendCloseActive=NO NewTradeBlocked=NO | 131300.000000
EG	0	16:03:40.373	Cazyxio_v4.0 (EURUSD,M15)	2026.03.03 23:03:40 | HEARTBEAT | SYSTEM | EA alive. Tick=131400 Equity=47253.27 OpenPos=1 UTC=2026.03.03 23:03 DayOfWeek=2 WeekendCloseActive=NO NewTradeBlocked=NO | 131400.000000
OK	0	16:08:18.628	Cazyxio_v4.0 (EURUSD,M15)	2026.03.03 23:08:18 | HEARTBEAT | SYSTEM | EA alive. Tick=131500 Equity=47254.91 OpenPos=1 UTC=2026.03.03 23:08 DayOfWeek=2 WeekendCloseActive=NO NewTradeBlocked=NO | 131500.000000
MO	0	16:09:51.921	Cazyxio_v4.0 (EURUSD,M15)	2026.03.03 23:09:51 | HEARTBEAT | SYSTEM | EA alive. Tick=131600 Equity=47261.47 OpenPos=1 UTC=2026.03.03 23:09 DayOfWeek=2 WeekendCloseActive=NO NewTradeBlocked=NO | 131600.000000
GS	0	16:11:41.551	Cazyxio_v4.0 (EURUSD,M15)	2026.03.03 23:11:41 | HEARTBEAT | SYSTEM | EA alive. Tick=131700 Equity=47283.61 OpenPos=1 UTC=2026.03.03 23:11 DayOfWeek=2 WeekendCloseActive=NO NewTradeBlocked=NO | 131700.000000
ED	0	16:13:05.162	Cazyxio_v4.0 (EURUSD,M15)	2026.03.03 23:13:05 | HEARTBEAT | SYSTEM | EA alive. Tick=131800 Equity=47302.47 OpenPos=1 UTC=2026.03.03 23:13 DayOfWeek=2 WeekendCloseActive=NO NewTradeBlocked=NO | 131800.000000
FH	0	16:14:39.260	Cazyxio_v4.0 (EURUSD,M15)	2026.03.03 23:14:39 | HEARTBEAT | SYSTEM | EA alive. Tick=131900 Equity=47316.41 OpenPos=1 UTC=2026.03.03 23:14 DayOfWeek=2 WeekendCloseActive=NO NewTradeBlocked=NO | 131900.000000
GL	0	16:15:42.781	Cazyxio_v4.0 (EURUSD,M15)	2026.03.03 23:15:42 | HEARTBEAT | SYSTEM | EA alive. Tick=132000 Equity=47331.99 OpenPos=1 UTC=2026.03.03 23:15 DayOfWeek=2 WeekendCloseActive=NO NewTradeBlocked=NO | 132000.000000
QP	0	16:17:48.034	Cazyxio_v4.0 (EURUSD,M15)	2026.03.03 23:17:48 | HEARTBEAT | SYSTEM | EA alive. Tick=132100 Equity=47319.69 OpenPos=1 UTC=2026.03.03 23:17 DayOfWeek=2 WeekendCloseActive=NO NewTradeBlocked=NO | 132100.000000
RE	0	16:20:30.961	Cazyxio_v4.0 (EURUSD,M15)	2026.03.03 23:20:30 | HEARTBEAT | SYSTEM | EA alive. Tick=132200 Equity=47319.69 OpenPos=1 UTC=2026.03.03 23:20 DayOfWeek=2 WeekendCloseActive=NO NewTradeBlocked=NO | 132200.000000
NI	0	16:23:01.755	Cazyxio_v4.0 (EURUSD,M15)	2026.03.03 23:23:01 | HEARTBEAT | SYSTEM | EA alive. Tick=132300 Equity=47283.61 OpenPos=1 UTC=2026.03.03 23:23 DayOfWeek=2 WeekendCloseActive=NO NewTradeBlocked=NO | 132300.000000
LM	0	16:24:42.418	Cazyxio_v4.0 (EURUSD,M15)	2026.03.03 23:24:42 | HEARTBEAT | SYSTEM | EA alive. Tick=132400 Equity=47274.59 OpenPos=1 UTC=2026.03.03 23:24 DayOfWeek=2 WeekendCloseActive=NO NewTradeBlocked=NO | 132400.000000
GQ	0	16:27:00.893	Cazyxio_v4.0 (EURUSD,M15)	2026.03.03 23:27:00 | HEARTBEAT | SYSTEM | EA alive. Tick=132500 Equity=47279.51 OpenPos=1 UTC=2026.03.03 23:27 DayOfWeek=2 WeekendCloseActive=NO NewTradeBlocked=NO | 132500.000000
LR	0	16:28:37.809	Cazyxio_v4.0 (EURUSD,M15)	2026.03.03 23:28:37 | HEARTBEAT | SYSTEM | EA alive. Tick=132600 Equity=47275.41 OpenPos=1 UTC=2026.03.03 23:28 DayOfWeek=2 WeekendCloseActive=NO NewTradeBlocked=NO | 132600.000000
PF	0	16:31:28.250	Cazyxio_v4.0 (EURUSD,M15)	2026.03.03 23:31:28 | HEARTBEAT | SYSTEM | EA alive. Tick=132700 Equity=47287.71 OpenPos=1 UTC=2026.03.03 23:31 DayOfWeek=2 WeekendCloseActive=NO NewTradeBlocked=NO | 132700.000000
KJ	0	16:35:58.535	Cazyxio_v4.0 (EURUSD,M15)	2026.03.03 23:35:58 | HEARTBEAT | SYSTEM | EA alive. Tick=132800 Equity=47276.23 OpenPos=1 UTC=2026.03.03 23:35 DayOfWeek=2 WeekendCloseActive=NO NewTradeBlocked=NO | 132800.000000
NN	0	16:40:26.424	Cazyxio_v4.0 (EURUSD,M15)	2026.03.03 23:40:26 | HEARTBEAT | SYSTEM | EA alive. Tick=132900 Equity=47282.79 OpenPos=1 UTC=2026.03.03 23:40 DayOfWeek=2 WeekendCloseActive=NO NewTradeBlocked=NO | 132900.000000
ES	0	16:45:15.309	Cazyxio_v4.0 (EURUSD,M15)	2026.03.03 23:45:15 | HEARTBEAT | SYSTEM | EA alive. Tick=133000 Equity=47283.61 OpenPos=1 UTC=2026.03.03 23:45 DayOfWeek=2 WeekendCloseActive=NO NewTradeBlocked=NO | 133000.000000
GG	0	16:48:17.167	Cazyxio_v4.0 (EURUSD,M15)	2026.03.03 23:48:17 | HEARTBEAT | SYSTEM | EA alive. Tick=133100 Equity=47287.71 OpenPos=1 UTC=2026.03.03 23:48 DayOfWeek=2 WeekendCloseActive=NO NewTradeBlocked=NO | 133100.000000
GK	0	16:50:40.476	Cazyxio_v4.0 (EURUSD,M15)	2026.03.03 23:50:40 | HEARTBEAT | SYSTEM | EA alive. Tick=133200 Equity=47286.07 OpenPos=1 UTC=2026.03.03 23:50 DayOfWeek=2 WeekendCloseActive=NO NewTradeBlocked=NO | 133200.000000
FO	0	16:52:42.893	Cazyxio_v4.0 (EURUSD,M15)	2026.03.03 23:52:42 | HEARTBEAT | SYSTEM | EA alive. Tick=133300 Equity=47277.87 OpenPos=1 UTC=2026.03.03 23:52 DayOfWeek=2 WeekendCloseActive=NO NewTradeBlocked=NO | 133300.000000
JP	0	16:56:11.393	Cazyxio_v4.0 (EURUSD,M15)	2026.03.03 23:56:11 | HEARTBEAT | SYSTEM | EA alive. Tick=133400 Equity=47294.27 OpenPos=1 UTC=2026.03.03 23:56 DayOfWeek=2 WeekendCloseActive=NO NewTradeBlocked=NO | 133400.000000
ED	0	16:59:02.079	Cazyxio_v4.0 (EURUSD,M15)	2026.03.03 23:59:02 | HEARTBEAT | SYSTEM | EA alive. Tick=133500 Equity=47291.81 OpenPos=1 UTC=2026.03.03 23:59 DayOfWeek=2 WeekendCloseActive=NO NewTradeBlocked=NO | 133500.000000
CJ	0	17:00:00.130	Cazyxio_v4.0 (EURUSD,M15)	2026.03.04 00:00:00 | SESSION_WAIT | SYSTEM | Outside session. UTC_hour=0 Sessions: 7:00-17:00 and 12:00-21:00 UTC. Waiting.
QE	0	17:00:38.602	Cazyxio_v4.0 (EURUSD,M15)	2026.03.04 00:00:38 | HEARTBEAT | SYSTEM | EA alive. Tick=133600 Equity=47268.85 OpenPos=1 UTC=2026.03.04 00:00 DayOfWeek=3 WeekendCloseActive=NO NewTradeBlocked=NO | 133600.000000
NF	0	17:01:25.961	Cazyxio_v4.0 (EURUSD,M15)	2026.03.04 00:01:25 | HEARTBEAT | SYSTEM | EA alive. Tick=133700 Equity=47230.31 OpenPos=1 UTC=2026.03.04 00:01 DayOfWeek=3 WeekendCloseActive=NO NewTradeBlocked=NO | 133700.000000
GJ	0	17:02:36.423	Cazyxio_v4.0 (EURUSD,M15)	2026.03.04 00:02:36 | HEARTBEAT | SYSTEM | EA alive. Tick=133800 Equity=47218.83 OpenPos=1 UTC=2026.03.04 00:02 DayOfWeek=3 WeekendCloseActive=NO NewTradeBlocked=NO | 133800.000000
RN	0	17:03:42.786	Cazyxio_v4.0 (EURUSD,M15)	2026.03.04 00:03:42 | HEARTBEAT | SYSTEM | EA alive. Tick=133900 Equity=47218.01 OpenPos=1 UTC=2026.03.04 00:03 DayOfWeek=3 WeekendCloseActive=NO NewTradeBlocked=NO | 133900.000000
PR	0	17:05:17.483	Cazyxio_v4.0 (EURUSD,M15)	2026.03.04 00:05:17 | HEARTBEAT | SYSTEM | EA alive. Tick=134000 Equity=47200.79 OpenPos=1 UTC=2026.03.04 00:05 DayOfWeek=3 WeekendCloseActive=NO NewTradeBlocked=NO | 134000.000000
NG	0	17:06:26.726	Cazyxio_v4.0 (EURUSD,M15)	2026.03.04 00:06:26 | HEARTBEAT | SYSTEM | EA alive. Tick=134100 Equity=47191.77 OpenPos=1 UTC=2026.03.04 00:06 DayOfWeek=3 WeekendCloseActive=NO NewTradeBlocked=NO | 134100.000000
MK	0	17:08:09.153	Cazyxio_v4.0 (EURUSD,M15)	2026.03.04 00:08:09 | HEARTBEAT | SYSTEM | EA alive. Tick=134200 Equity=47192.59 OpenPos=1 UTC=2026.03.04 00:08 DayOfWeek=3 WeekendCloseActive=NO NewTradeBlocked=NO | 134200.000000
LO	0	17:09:40.531	Cazyxio_v4.0 (EURUSD,M15)	2026.03.04 00:09:40 | HEARTBEAT | SYSTEM | EA alive. Tick=134300 Equity=47176.19 OpenPos=1 UTC=2026.03.04 00:09 DayOfWeek=3 WeekendCloseActive=NO NewTradeBlocked=NO | 134300.000000
IS	0	17:10:39.871	Cazyxio_v4.0 (EURUSD,M15)	2026.03.04 00:10:39 | HEARTBEAT | SYSTEM | EA alive. Tick=134400 Equity=47174.55 OpenPos=1 UTC=2026.03.04 00:10 DayOfWeek=3 WeekendCloseActive=NO NewTradeBlocked=NO | 134400.000000
DD	0	17:11:40.584	Cazyxio_v4.0 (EURUSD,M15)	2026.03.04 00:11:40 | HEARTBEAT | SYSTEM | EA alive. Tick=134500 Equity=47187.67 OpenPos=1 UTC=2026.03.04 00:11 DayOfWeek=3 WeekendCloseActive=NO NewTradeBlocked=NO | 134500.000000
LH	0	17:12:44.739	Cazyxio_v4.0 (EURUSD,M15)	2026.03.04 00:12:44 | HEARTBEAT | SYSTEM | EA alive. Tick=134600 Equity=47212.27 OpenPos=1 UTC=2026.03.04 00:12 DayOfWeek=3 WeekendCloseActive=NO NewTradeBlocked=NO | 134600.000000
ML	0	17:14:11.015	Cazyxio_v4.0 (EURUSD,M15)	2026.03.04 00:14:11 | HEARTBEAT | SYSTEM | EA alive. Tick=134700 Equity=47212.27 OpenPos=1 UTC=2026.03.04 00:14 DayOfWeek=3 WeekendCloseActive=NO NewTradeBlocked=NO | 134700.000000
KP	0	17:15:22.849	Cazyxio_v4.0 (EURUSD,M15)	2026.03.04 00:15:22 | HEARTBEAT | SYSTEM | EA alive. Tick=134800 Equity=47195.87 OpenPos=1 UTC=2026.03.04 00:15 DayOfWeek=3 WeekendCloseActive=NO NewTradeBlocked=NO | 134800.000000
EE	0	17:16:27.871	Cazyxio_v4.0 (EURUSD,M15)	2026.03.04 00:16:27 | HEARTBEAT | SYSTEM | EA alive. Tick=134900 Equity=47186.03 OpenPos=1 UTC=2026.03.04 00:16 DayOfWeek=3 WeekendCloseActive=NO NewTradeBlocked=NO | 134900.000000
GI	0	17:17:09.698	Cazyxio_v4.0 (EURUSD,M15)	2026.03.04 00:17:09 | HEARTBEAT | SYSTEM | EA alive. Tick=135000 Equity=47192.59 OpenPos=1 UTC=2026.03.04 00:17 DayOfWeek=3 WeekendCloseActive=NO NewTradeBlocked=NO | 135000.000000
NM	0	17:18:03.382	Cazyxio_v4.0 (EURUSD,M15)	2026.03.04 00:18:03 | HEARTBEAT | SYSTEM | EA alive. Tick=135100 Equity=47229.49 OpenPos=1 UTC=2026.03.04 00:18 DayOfWeek=3 WeekendCloseActive=NO NewTradeBlocked=NO | 135100.000000
LQ	0	17:19:08.046	Cazyxio_v4.0 (EURUSD,M15)	2026.03.04 00:19:08 | HEARTBEAT | SYSTEM | EA alive. Tick=135200 Equity=47236.87 OpenPos=1 UTC=2026.03.04 00:19 DayOfWeek=3 WeekendCloseActive=NO NewTradeBlocked=NO | 135200.000000
KR	0	17:20:09.757	Cazyxio_v4.0 (EURUSD,M15)	2026.03.04 00:20:09 | HEARTBEAT | SYSTEM | EA alive. Tick=135300 Equity=47240.97 OpenPos=1 UTC=2026.03.04 00:20 DayOfWeek=3 WeekendCloseActive=NO NewTradeBlocked=NO | 135300.000000
RF	0	17:21:03.336	Cazyxio_v4.0 (EURUSD,M15)	2026.03.04 00:21:03 | HEARTBEAT | SYSTEM | EA alive. Tick=135400 Equity=47241.79 OpenPos=1 UTC=2026.03.04 00:21 DayOfWeek=3 WeekendCloseActive=NO NewTradeBlocked=NO | 135400.000000
LJ	0	17:22:02.201	Cazyxio_v4.0 (EURUSD,M15)	2026.03.04 00:22:02 | HEARTBEAT | SYSTEM | EA alive. Tick=135500 Equity=47244.25 OpenPos=1 UTC=2026.03.04 00:22 DayOfWeek=3 WeekendCloseActive=NO NewTradeBlocked=NO | 135500.000000
ON	0	17:22:56.935	Cazyxio_v4.0 (EURUSD,M15)	2026.03.04 00:22:56 | HEARTBEAT | SYSTEM | EA alive. Tick=135600 Equity=47195.05 OpenPos=1 UTC=2026.03.04 00:22 DayOfWeek=3 WeekendCloseActive=NO NewTradeBlocked=NO | 135600.000000
LS	0	17:24:01.866	Cazyxio_v4.0 (EURUSD,M15)	2026.03.04 00:24:01 | HEARTBEAT | SYSTEM | EA alive. Tick=135700 Equity=47167.99 OpenPos=1 UTC=2026.03.04 00:24 DayOfWeek=3 WeekendCloseActive=NO NewTradeBlocked=NO | 135700.000000
IG	0	17:25:11.358	Cazyxio_v4.0 (EURUSD,M15)	2026.03.04 00:25:11 | HEARTBEAT | SYSTEM | EA alive. Tick=135800 Equity=47179.47 OpenPos=1 UTC=2026.03.04 00:25 DayOfWeek=3 WeekendCloseActive=NO NewTradeBlocked=NO | 135800.000000
QK	0	17:27:01.363	Cazyxio_v4.0 (EURUSD,M15)	2026.03.04 00:27:01 | HEARTBEAT | SYSTEM | EA alive. Tick=135900 Equity=47195.87 OpenPos=1 UTC=2026.03.04 00:27 DayOfWeek=3 WeekendCloseActive=NO NewTradeBlocked=NO | 135900.000000
FO	0	17:28:07.733	Cazyxio_v4.0 (EURUSD,M15)	2026.03.04 00:28:07 | HEARTBEAT | SYSTEM | EA alive. Tick=136000 Equity=47199.15 OpenPos=1 UTC=2026.03.04 00:28 DayOfWeek=3 WeekendCloseActive=NO NewTradeBlocked=NO | 136000.000000
FP	0	17:29:25.451	Cazyxio_v4.0 (EURUSD,M15)	2026.03.04 00:29:25 | HEARTBEAT | SYSTEM | EA alive. Tick=136100 Equity=47199.97 OpenPos=1 UTC=2026.03.04 00:29 DayOfWeek=3 WeekendCloseActive=NO NewTradeBlocked=NO | 136100.000000
QD	0	17:30:33.297	Cazyxio_v4.0 (EURUSD,M15)	2026.03.04 00:30:33 | HEARTBEAT | SYSTEM | EA alive. Tick=136200 Equity=47209.81 OpenPos=1 UTC=2026.03.04 00:30 DayOfWeek=3 WeekendCloseActive=NO NewTradeBlocked=NO | 136200.000000
RH	0	17:31:40.864	Cazyxio_v4.0 (EURUSD,M15)	2026.03.04 00:31:40 | HEARTBEAT | SYSTEM | EA alive. Tick=136300 Equity=47183.57 OpenPos=1 UTC=2026.03.04 00:31 DayOfWeek=3 WeekendCloseActive=NO NewTradeBlocked=NO | 136300.000000
OL	0	17:32:44.266	Cazyxio_v4.0 (EURUSD,M15)	2026.03.04 00:32:44 | HEARTBEAT | SYSTEM | EA alive. Tick=136400 Equity=47132.73 OpenPos=1 UTC=2026.03.04 00:32 DayOfWeek=3 WeekendCloseActive=NO NewTradeBlocked=NO | 136400.000000
IQ	0	17:33:51.994	Cazyxio_v4.0 (EURUSD,M15)	2026.03.04 00:33:51 | HEARTBEAT | SYSTEM | EA alive. Tick=136500 Equity=47142.57 OpenPos=1 UTC=2026.03.04 00:33 DayOfWeek=3 WeekendCloseActive=NO NewTradeBlocked=NO | 136500.000000
HE	0	17:34:50.203	Cazyxio_v4.0 (EURUSD,M15)	2026.03.04 00:34:50 | HEARTBEAT | SYSTEM | EA alive. Tick=136600 Equity=47122.89 OpenPos=1 UTC=2026.03.04 00:34 DayOfWeek=3 WeekendCloseActive=NO NewTradeBlocked=NO | 136600.000000
LI	0	17:36:04.152	Cazyxio_v4.0 (EURUSD,M15)	2026.03.04 00:36:04 | HEARTBEAT | SYSTEM | EA alive. Tick=136700 Equity=47105.67 OpenPos=1 UTC=2026.03.04 00:36 DayOfWeek=3 WeekendCloseActive=NO NewTradeBlocked=NO | 136700.000000
LM	0	17:37:15.047	Cazyxio_v4.0 (EURUSD,M15)	2026.03.04 00:37:15 | HEARTBEAT | SYSTEM | EA alive. Tick=136800 Equity=47105.67 OpenPos=1 UTC=2026.03.04 00:37 DayOfWeek=3 WeekendCloseActive=NO NewTradeBlocked=NO | 136800.000000
JN	0	17:38:07.067	Cazyxio_v4.0 (EURUSD,M15)	2026.03.04 00:38:07 | HEARTBEAT | SYSTEM | EA alive. Tick=136900 Equity=47084.35 OpenPos=1 UTC=2026.03.04 00:38 DayOfWeek=3 WeekendCloseActive=NO NewTradeBlocked=NO | 136900.000000
ER	0	17:39:03.361	Cazyxio_v4.0 (EURUSD,M15)	2026.03.04 00:39:03 | HEARTBEAT | SYSTEM | EA alive. Tick=137000 Equity=47076.97 OpenPos=1 UTC=2026.03.04 00:39 DayOfWeek=3 WeekendCloseActive=NO NewTradeBlocked=NO | 137000.000000
PF	0	17:40:04.709	Cazyxio_v4.0 (EURUSD,M15)	2026.03.04 00:40:04 | HEARTBEAT | SYSTEM | EA alive. Tick=137100 Equity=47063.85 OpenPos=1 UTC=2026.03.04 00:40 DayOfWeek=3 WeekendCloseActive=NO NewTradeBlocked=NO | 137100.000000
PJ	0	17:41:10.132	Cazyxio_v4.0 (EURUSD,M15)	2026.03.04 00:41:10 | HEARTBEAT | SYSTEM | EA alive. Tick=137200 Equity=47055.65 OpenPos=1 UTC=2026.03.04 00:41 DayOfWeek=3 WeekendCloseActive=NO NewTradeBlocked=NO | 137200.000000
HO	0	17:42:15.135	Cazyxio_v4.0 (EURUSD,M15)	2026.03.04 00:42:15 | HEARTBEAT | SYSTEM | EA alive. Tick=137300 Equity=47041.71 OpenPos=1 UTC=2026.03.04 00:42 DayOfWeek=3 WeekendCloseActive=NO NewTradeBlocked=NO | 137300.000000
CS	0	17:43:16.863	Cazyxio_v4.0 (EURUSD,M15)	2026.03.04 00:43:16 | HEARTBEAT | SYSTEM | EA alive. Tick=137400 Equity=47048.27 OpenPos=1 UTC=2026.03.04 00:43 DayOfWeek=3 WeekendCloseActive=NO NewTradeBlocked=NO | 137400.000000
CG	0	17:44:18.596	Cazyxio_v4.0 (EURUSD,M15)	2026.03.04 00:44:18 | HEARTBEAT | SYSTEM | EA alive. Tick=137500 Equity=47027.77 OpenPos=1 UTC=2026.03.04 00:44 DayOfWeek=3 WeekendCloseActive=NO NewTradeBlocked=NO | 137500.000000
IK	0	17:45:39.910	Cazyxio_v4.0 (EURUSD,M15)	2026.03.04 00:45:39 | HEARTBEAT | SYSTEM | EA alive. Tick=137600 Equity=47011.37 OpenPos=1 UTC=2026.03.04 00:45 DayOfWeek=3 WeekendCloseActive=NO NewTradeBlocked=NO | 137600.000000
NL	0	17:46:34.605	Cazyxio_v4.0 (EURUSD,M15)	2026.03.04 00:46:34 | HEARTBEAT | SYSTEM | EA alive. Tick=137700 Equity=47031.87 OpenPos=1 UTC=2026.03.04 00:46 DayOfWeek=3 WeekendCloseActive=NO NewTradeBlocked=NO | 137700.000000
QP	0	17:47:50.456	Cazyxio_v4.0 (EURUSD,M15)	2026.03.04 00:47:50 | HEARTBEAT | SYSTEM | EA alive. Tick=137800 Equity=46999.89 OpenPos=1 UTC=2026.03.04 00:47 DayOfWeek=3 WeekendCloseActive=NO NewTradeBlocked=NO | 137800.000000
HD	0	17:48:49.016	Cazyxio_v4.0 (EURUSD,M15)	2026.03.04 00:48:49 | HEARTBEAT | SYSTEM | EA alive. Tick=137900 Equity=47010.55 OpenPos=1 UTC=2026.03.04 00:48 DayOfWeek=3 WeekendCloseActive=NO NewTradeBlocked=NO | 137900.000000
MH	0	17:50:04.930	Cazyxio_v4.0 (EURUSD,M15)	2026.03.04 00:50:04 | HEARTBEAT | SYSTEM | EA alive. Tick=138000 Equity=46998.25 OpenPos=1 UTC=2026.03.04 00:50 DayOfWeek=3 WeekendCloseActive=NO NewTradeBlocked=NO | 138000.000000
MM	0	17:51:38.160	Cazyxio_v4.0 (EURUSD,M15)	2026.03.04 00:51:38 | HEARTBEAT | SYSTEM | EA alive. Tick=138100 Equity=47032.69 OpenPos=1 UTC=2026.03.04 00:51 DayOfWeek=3 WeekendCloseActive=NO NewTradeBlocked=NO | 138100.000000
QQ	0	17:53:06.846	Cazyxio_v4.0 (EURUSD,M15)	2026.03.04 00:53:06 | HEARTBEAT | SYSTEM | EA alive. Tick=138200 Equity=47043.35 OpenPos=1 UTC=2026.03.04 00:53 DayOfWeek=3 WeekendCloseActive=NO NewTradeBlocked=NO | 138200.000000
OE	0	17:54:16.065	Cazyxio_v4.0 (EURUSD,M15)	2026.03.04 00:54:16 | HEARTBEAT | SYSTEM | EA alive. Tick=138300 Equity=47050.73 OpenPos=1 UTC=2026.03.04 00:54 DayOfWeek=3 WeekendCloseActive=NO NewTradeBlocked=NO | 138300.000000
LI	0	17:55:14.755	Cazyxio_v4.0 (EURUSD,M15)	2026.03.04 00:55:14 | HEARTBEAT | SYSTEM | EA alive. Tick=138400 Equity=47040.89 OpenPos=1 UTC=2026.03.04 00:55 DayOfWeek=3 WeekendCloseActive=NO NewTradeBlocked=NO | 138400.000000
GJ	0	17:56:16.389	Cazyxio_v4.0 (EURUSD,M15)	2026.03.04 00:56:16 | HEARTBEAT | SYSTEM | EA alive. Tick=138500 Equity=47047.45 OpenPos=1 UTC=2026.03.04 00:56 DayOfWeek=3 WeekendCloseActive=NO NewTradeBlocked=NO | 138500.000000
IN	0	17:57:32.711	Cazyxio_v4.0 (EURUSD,M15)	2026.03.04 00:57:32 | HEARTBEAT | SYSTEM | EA alive. Tick=138600 Equity=47044.99 OpenPos=1 UTC=2026.03.04 00:57 DayOfWeek=3 WeekendCloseActive=NO NewTradeBlocked=NO | 138600.000000
CR	0	17:58:46.795	Cazyxio_v4.0 (EURUSD,M15)	2026.03.04 00:58:46 | HEARTBEAT | SYSTEM | EA alive. Tick=138700 Equity=47048.27 OpenPos=1 UTC=2026.03.04 00:58 DayOfWeek=3 WeekendCloseActive=NO NewTradeBlocked=NO | 138700.000000
PF	0	17:59:56.659	Cazyxio_v4.0 (EURUSD,M15)	2026.03.04 00:59:56 | HEARTBEAT | SYSTEM | EA alive. Tick=138800 Equity=47044.99 OpenPos=1 UTC=2026.03.04 00:59 DayOfWeek=3 WeekendCloseActive=NO NewTradeBlocked=NO | 138800.000000
JI	0	18:00:00.020	Cazyxio_v4.0 (EURUSD,M15)	2026.03.04 01:00:00 | SESSION_WAIT | SYSTEM | Outside session. UTC_hour=1 Sessions: 7:00-17:00 and 12:00-21:00 UTC. Waiting.
FD	0	18:00:32.837	Cazyxio_v4.0 (EURUSD,M15)	2026.03.04 01:00:32 | HEARTBEAT | SYSTEM | EA alive. Tick=138900 Equity=47069.59 OpenPos=1 UTC=2026.03.04 01:00 DayOfWeek=3 WeekendCloseActive=NO NewTradeBlocked=NO | 138900.000000
NH	0	18:01:22.802	Cazyxio_v4.0 (EURUSD,M15)	2026.03.04 01:01:22 | HEARTBEAT | SYSTEM | EA alive. Tick=139000 Equity=47044.99 OpenPos=1 UTC=2026.03.04 01:01 DayOfWeek=3 WeekendCloseActive=NO NewTradeBlocked=NO | 139000.000000
DL	0	18:02:07.000	Cazyxio_v4.0 (EURUSD,M15)	2026.03.04 01:02:07 | HEARTBEAT | SYSTEM | EA alive. Tick=139100 Equity=47071.23 OpenPos=1 UTC=2026.03.04 01:02 DayOfWeek=3 WeekendCloseActive=NO NewTradeBlocked=NO | 139100.000000
EQ	0	18:03:00.427	Cazyxio_v4.0 (EURUSD,M15)	2026.03.04 01:03:00 | HEARTBEAT | SYSTEM | EA alive. Tick=139200 Equity=47104.85 OpenPos=1 UTC=2026.03.04 01:03 DayOfWeek=3 WeekendCloseActive=NO NewTradeBlocked=NO | 139200.000000
RE	0	18:04:02.471	Cazyxio_v4.0 (EURUSD,M15)	2026.03.04 01:04:02 | HEARTBEAT | SYSTEM | EA alive. Tick=139300 Equity=47076.15 OpenPos=1 UTC=2026.03.04 01:04 DayOfWeek=3 WeekendCloseActive=NO NewTradeBlocked=NO | 139300.000000
NI	0	18:05:21.012	Cazyxio_v4.0 (EURUSD,M15)	2026.03.04 01:05:21 | HEARTBEAT | SYSTEM | EA alive. Tick=139400 Equity=47067.95 OpenPos=1 UTC=2026.03.04 01:05 DayOfWeek=3 WeekendCloseActive=NO NewTradeBlocked=NO | 139400.000000
NM	0	18:06:37.805	Cazyxio_v4.0 (EURUSD,M15)	2026.03.04 01:06:37 | HEARTBEAT | SYSTEM | EA alive. Tick=139500 Equity=47049.09 OpenPos=1 UTC=2026.03.04 01:06 DayOfWeek=3 WeekendCloseActive=NO NewTradeBlocked=NO | 139500.000000
EN	0	18:07:51.088	Cazyxio_v4.0 (EURUSD,M15)	2026.03.04 01:07:51 | HEARTBEAT | SYSTEM | EA alive. Tick=139600 Equity=47031.87 OpenPos=1 UTC=2026.03.04 01:07 DayOfWeek=3 WeekendCloseActive=NO NewTradeBlocked=NO | 139600.000000
OR	0	18:09:00.941	Cazyxio_v4.0 (EURUSD,M15)	2026.03.04 01:09:00 | HEARTBEAT | SYSTEM | EA alive. Tick=139700 Equity=47027.77 OpenPos=1 UTC=2026.03.04 01:09 DayOfWeek=3 WeekendCloseActive=NO NewTradeBlocked=NO | 139700.000000
QF	0	18:10:08.216	Cazyxio_v4.0 (EURUSD,M15)	2026.03.04 01:10:08 | HEARTBEAT | SYSTEM | EA alive. Tick=139800 Equity=47019.57 OpenPos=1 UTC=2026.03.04 01:10 DayOfWeek=3 WeekendCloseActive=NO NewTradeBlocked=NO | 139800.000000
EJ	0	18:11:17.842	Cazyxio_v4.0 (EURUSD,M15)	2026.03.04 01:11:17 | HEARTBEAT | SYSTEM | EA alive. Tick=139900 Equity=47035.97 OpenPos=1 UTC=2026.03.04 01:11 DayOfWeek=3 WeekendCloseActive=NO NewTradeBlocked=NO | 139900.000000
RO	0	18:12:30.143	Cazyxio_v4.0 (EURUSD,M15)	2026.03.04 01:12:30 | HEARTBEAT | SYSTEM | EA alive. Tick=140000 Equity=47030.23 OpenPos=1 UTC=2026.03.04 01:12 DayOfWeek=3 WeekendCloseActive=NO NewTradeBlocked=NO | 140000.000000
CS	0	18:14:12.616	Cazyxio_v4.0 (EURUSD,M15)	2026.03.04 01:14:12 | HEARTBEAT | SYSTEM | EA alive. Tick=140100 Equity=47020.39 OpenPos=1 UTC=2026.03.04 01:14 DayOfWeek=3 WeekendCloseActive=NO NewTradeBlocked=NO | 140100.000000
GG	0	18:15:18.479	Cazyxio_v4.0 (EURUSD,M15)	2026.03.04 01:15:18 | HEARTBEAT | SYSTEM | EA alive. Tick=140200 Equity=47019.57 OpenPos=1 UTC=2026.03.04 01:15 DayOfWeek=3 WeekendCloseActive=NO NewTradeBlocked=NO | 140200.000000
MK	0	18:16:13.816	Cazyxio_v4.0 (EURUSD,M15)	2026.03.04 01:16:13 | HEARTBEAT | SYSTEM | EA alive. Tick=140300 Equity=47000.71 OpenPos=1 UTC=2026.03.04 01:16 DayOfWeek=3 WeekendCloseActive=NO NewTradeBlocked=NO | 140300.000000
PL	0	18:17:46.974	Cazyxio_v4.0 (EURUSD,M15)	2026.03.04 01:17:46 | HEARTBEAT | SYSTEM | EA alive. Tick=140400 Equity=46976.11 OpenPos=1 UTC=2026.03.04 01:17 DayOfWeek=3 WeekendCloseActive=NO NewTradeBlocked=NO | 140400.000000
DP	0	18:18:37.061	Cazyxio_v4.0 (EURUSD,M15)	2026.03.04 01:18:37 | HEARTBEAT | SYSTEM | EA alive. Tick=140500 Equity=46942.49 OpenPos=1 UTC=2026.03.04 01:18 DayOfWeek=3 WeekendCloseActive=NO NewTradeBlocked=NO | 140500.000000
GD	0	18:19:20.042	Cazyxio_v4.0 (EURUSD,M15)	2026.03.04 01:19:20 | HEARTBEAT | SYSTEM | EA alive. Tick=140600 Equity=46962.17 OpenPos=1 UTC=2026.03.04 01:19 DayOfWeek=3 WeekendCloseActive=NO NewTradeBlocked=NO | 140600.000000
FH	0	18:20:22.019	Cazyxio_v4.0 (EURUSD,M15)	2026.03.04 01:20:22 | HEARTBEAT | SYSTEM | EA alive. Tick=140700 Equity=46943.31 OpenPos=1 UTC=2026.03.04 01:20 DayOfWeek=3 WeekendCloseActive=NO NewTradeBlocked=NO | 140700.000000
OM	0	18:21:08.727	Cazyxio_v4.0 (EURUSD,M15)	2026.03.04 01:21:08 | HEARTBEAT | SYSTEM | EA alive. Tick=140800 Equity=46894.11 OpenPos=0 UTC=2026.03.04 01:21 DayOfWeek=3 WeekendCloseActive=NO NewTradeBlocked=NO | 140800.000000
EQ	0	18:22:02.784	Cazyxio_v4.0 (EURUSD,M15)	2026.03.04 01:22:02 | HEARTBEAT | SYSTEM | EA alive. Tick=140900 Equity=46894.11 OpenPos=0 UTC=2026.03.04 01:22 DayOfWeek=3 WeekendCloseActive=NO NewTradeBlocked=NO | 140900.000000
EE	0	18:22:50.531	Cazyxio_v4.0 (EURUSD,M15)	2026.03.04 01:22:50 | HEARTBEAT | SYSTEM | EA alive. Tick=141000 Equity=46894.11 OpenPos=0 UTC=2026.03.04 01:22 DayOfWeek=3 WeekendCloseActive=NO NewTradeBlocked=NO | 141000.000000
II	0	18:24:02.573	Cazyxio_v4.0 (EURUSD,M15)	2026.03.04 01:24:02 | HEARTBEAT | SYSTEM | EA alive. Tick=141100 Equity=46894.11 OpenPos=0 UTC=2026.03.04 01:24 DayOfWeek=3 WeekendCloseActive=NO NewTradeBlocked=NO | 141100.000000
DJ	0	18:24:56.820	Cazyxio_v4.0 (EURUSD,M15)	2026.03.04 01:24:56 | HEARTBEAT | SYSTEM | EA alive. Tick=141200 Equity=46894.11 OpenPos=0 UTC=2026.03.04 01:24 DayOfWeek=3 WeekendCloseActive=NO NewTradeBlocked=NO | 141200.000000
MN	0	18:25:39.501	Cazyxio_v4.0 (EURUSD,M15)	2026.03.04 01:25:39 | HEARTBEAT | SYSTEM | EA alive. Tick=141300 Equity=46894.11 OpenPos=0 UTC=2026.03.04 01:25 DayOfWeek=3 WeekendCloseActive=NO NewTradeBlocked=NO | 141300.000000
MR	0	18:26:21.812	Cazyxio_v4.0 (EURUSD,M15)	2026.03.04 01:26:21 | HEARTBEAT | SYSTEM | EA alive. Tick=141400 Equity=46894.11 OpenPos=0 UTC=2026.03.04 01:26 DayOfWeek=3 WeekendCloseActive=NO NewTradeBlocked=NO | 141400.000000
DF	0	18:27:17.243	Cazyxio_v4.0 (EURUSD,M15)	2026.03.04 01:27:17 | HEARTBEAT | SYSTEM | EA alive. Tick=141500 Equity=46894.11 OpenPos=0 UTC=2026.03.04 01:27 DayOfWeek=3 WeekendCloseActive=NO NewTradeBlocked=NO | 141500.000000
IK	0	18:28:10.045	Cazyxio_v4.0 (EURUSD,M15)	2026.03.04 01:28:10 | HEARTBEAT | SYSTEM | EA alive. Tick=141600 Equity=46894.11 OpenPos=0 UTC=2026.03.04 01:28 DayOfWeek=3 WeekendCloseActive=NO NewTradeBlocked=NO | 141600.000000
NO	0	18:29:41.922	Cazyxio_v4.0 (EURUSD,M15)	2026.03.04 01:29:41 | HEARTBEAT | SYSTEM | EA alive. Tick=141700 Equity=46894.11 OpenPos=0 UTC=2026.03.04 01:29 DayOfWeek=3 WeekendCloseActive=NO NewTradeBlocked=NO | 141700.000000
DS	0	18:30:29.546	Cazyxio_v4.0 (EURUSD,M15)	2026.03.04 01:30:29 | HEARTBEAT | SYSTEM | EA alive. Tick=141800 Equity=46894.11 OpenPos=0 UTC=2026.03.04 01:30 DayOfWeek=3 WeekendCloseActive=NO NewTradeBlocked=NO | 141800.000000
DG	0	18:31:16.288	Cazyxio_v4.0 (EURUSD,M15)	2026.03.04 01:31:16 | HEARTBEAT | SYSTEM | EA alive. Tick=141900 Equity=46894.11 OpenPos=0 UTC=2026.03.04 01:31 DayOfWeek=3 WeekendCloseActive=NO NewTradeBlocked=NO | 141900.000000
DH	0	18:32:18.739	Cazyxio_v4.0 (EURUSD,M15)	2026.03.04 01:32:18 | HEARTBEAT | SYSTEM | EA alive. Tick=142000 Equity=46894.11 OpenPos=0 UTC=2026.03.04 01:32 DayOfWeek=3 WeekendCloseActive=NO NewTradeBlocked=NO | 142000.000000
OL	0	18:33:10.270	Cazyxio_v4.0 (EURUSD,M15)	2026.03.04 01:33:10 | HEARTBEAT | SYSTEM | EA alive. Tick=142100 Equity=46894.11 OpenPos=0 UTC=2026.03.04 01:33 DayOfWeek=3 WeekendCloseActive=NO NewTradeBlocked=NO | 142100.000000
FP	0	18:33:55.413	Cazyxio_v4.0 (EURUSD,M15)	2026.03.04 01:33:55 | HEARTBEAT | SYSTEM | EA alive. Tick=142200 Equity=46894.11 OpenPos=0 UTC=2026.03.04 01:33 DayOfWeek=3 WeekendCloseActive=NO NewTradeBlocked=NO | 142200.000000
ID	0	18:34:48.033	Cazyxio_v4.0 (EURUSD,M15)	2026.03.04 01:34:48 | HEARTBEAT | SYSTEM | EA alive. Tick=142300 Equity=46894.11 OpenPos=0 UTC=2026.03.04 01:34 DayOfWeek=3 WeekendCloseActive=NO NewTradeBlocked=NO | 142300.000000
PI	0	18:35:45.204	Cazyxio_v4.0 (EURUSD,M15)	2026.03.04 01:35:45 | HEARTBEAT | SYSTEM | EA alive. Tick=142400 Equity=46894.11 OpenPos=0 UTC=2026.03.04 01:35 DayOfWeek=3 WeekendCloseActive=NO NewTradeBlocked=NO | 142400.000000
KM	0	18:36:42.370	Cazyxio_v4.0 (EURUSD,M15)	2026.03.04 01:36:42 | HEARTBEAT | SYSTEM | EA alive. Tick=142500 Equity=46894.11 OpenPos=0 UTC=2026.03.04 01:36 DayOfWeek=3 WeekendCloseActive=NO NewTradeBlocked=NO | 142500.000000
MQ	0	18:37:28.931	Cazyxio_v4.0 (EURUSD,M15)	2026.03.04 01:37:28 | HEARTBEAT | SYSTEM | EA alive. Tick=142600 Equity=46894.11 OpenPos=0 UTC=2026.03.04 01:37 DayOfWeek=3 WeekendCloseActive=NO NewTradeBlocked=NO | 142600.000000
ME	0	18:38:15.088	Cazyxio_v4.0 (EURUSD,M15)	2026.03.04 01:38:15 | HEARTBEAT | SYSTEM | EA alive. Tick=142700 Equity=46894.11 OpenPos=0 UTC=2026.03.04 01:38 DayOfWeek=3 WeekendCloseActive=NO NewTradeBlocked=NO | 142700.000000
IF	0	18:39:02.010	Cazyxio_v4.0 (EURUSD,M15)	2026.03.04 01:39:02 | HEARTBEAT | SYSTEM | EA alive. Tick=142800 Equity=46894.11 OpenPos=0 UTC=2026.03.04 01:39 DayOfWeek=3 WeekendCloseActive=NO NewTradeBlocked=NO | 142800.000000
RJ	0	18:39:49.378	Cazyxio_v4.0 (EURUSD,M15)	2026.03.04 01:39:49 | HEARTBEAT | SYSTEM | EA alive. Tick=142900 Equity=46894.11 OpenPos=0 UTC=2026.03.04 01:39 DayOfWeek=3 WeekendCloseActive=NO NewTradeBlocked=NO | 142900.000000
GN	0	18:40:32.511	Cazyxio_v4.0 (EURUSD,M15)	2026.03.04 01:40:32 | HEARTBEAT | SYSTEM | EA alive. Tick=143000 Equity=46894.11 OpenPos=0 UTC=2026.03.04 01:40 DayOfWeek=3 WeekendCloseActive=NO NewTradeBlocked=NO | 143000.000000
DR	0	18:41:26.360	Cazyxio_v4.0 (EURUSD,M15)	2026.03.04 01:41:26 | HEARTBEAT | SYSTEM | EA alive. Tick=143100 Equity=46894.11 OpenPos=0 UTC=2026.03.04 01:41 DayOfWeek=3 WeekendCloseActive=NO NewTradeBlocked=NO | 143100.000000
DG	0	18:42:28.857	Cazyxio_v4.0 (EURUSD,M15)	2026.03.04 01:42:28 | HEARTBEAT | SYSTEM | EA alive. Tick=143200 Equity=46894.11 OpenPos=0 UTC=2026.03.04 01:42 DayOfWeek=3 WeekendCloseActive=NO NewTradeBlocked=NO | 143200.000000
MK	0	18:43:13.589	Cazyxio_v4.0 (EURUSD,M15)	2026.03.04 01:43:13 | HEARTBEAT | SYSTEM | EA alive. Tick=143300 Equity=46894.11 OpenPos=0 UTC=2026.03.04 01:43 DayOfWeek=3 WeekendCloseActive=NO NewTradeBlocked=NO | 143300.000000
DO	0	18:44:21.589	Cazyxio_v4.0 (EURUSD,M15)	2026.03.04 01:44:21 | HEARTBEAT | SYSTEM | EA alive. Tick=143400 Equity=46894.11 OpenPos=0 UTC=2026.03.04 01:44 DayOfWeek=3 WeekendCloseActive=NO NewTradeBlocked=NO | 143400.000000
DS	0	18:45:05.472	Cazyxio_v4.0 (EURUSD,M15)	2026.03.04 01:45:05 | HEARTBEAT | SYSTEM | EA alive. Tick=143500 Equity=46894.11 OpenPos=0 UTC=2026.03.04 01:45 DayOfWeek=3 WeekendCloseActive=NO NewTradeBlocked=NO | 143500.000000
KD	0	18:46:17.979	Cazyxio_v4.0 (EURUSD,M15)	2026.03.04 01:46:17 | HEARTBEAT | SYSTEM | EA alive. Tick=143600 Equity=46894.11 OpenPos=0 UTC=2026.03.04 01:46 DayOfWeek=3 WeekendCloseActive=NO NewTradeBlocked=NO | 143600.000000
EH	0	18:47:38.338	Cazyxio_v4.0 (EURUSD,M15)	2026.03.04 01:47:38 | HEARTBEAT | SYSTEM | EA alive. Tick=143700 Equity=46894.11 OpenPos=0 UTC=2026.03.04 01:47 DayOfWeek=3 WeekendCloseActive=NO NewTradeBlocked=NO | 143700.000000
IL	0	18:48:56.861	Cazyxio_v4.0 (EURUSD,M15)	2026.03.04 01:48:56 | HEARTBEAT | SYSTEM | EA alive. Tick=143800 Equity=46894.11 OpenPos=0 UTC=2026.03.04 01:48 DayOfWeek=3 WeekendCloseActive=NO NewTradeBlocked=NO | 143800.000000
CP	0	18:50:00.411	Cazyxio_v4.0 (EURUSD,M15)	2026.03.04 01:50:00 | HEARTBEAT | SYSTEM | EA alive. Tick=143900 Equity=46894.11 OpenPos=0 UTC=2026.03.04 01:50 DayOfWeek=3 WeekendCloseActive=NO NewTradeBlocked=NO | 143900.000000
RE	0	18:51:02.978	Cazyxio_v4.0 (EURUSD,M15)	2026.03.04 01:51:02 | HEARTBEAT | SYSTEM | EA alive. Tick=144000 Equity=46894.11 OpenPos=0 UTC=2026.03.04 01:51 DayOfWeek=3 WeekendCloseActive=NO NewTradeBlocked=NO | 144000.000000
LI	0	18:52:07.632	Cazyxio_v4.0 (EURUSD,M15)	2026.03.04 01:52:07 | HEARTBEAT | SYSTEM | EA alive. Tick=144100 Equity=46894.11 OpenPos=0 UTC=2026.03.04 01:52 DayOfWeek=3 WeekendCloseActive=NO NewTradeBlocked=NO | 144100.000000
GM	0	18:53:01.997	Cazyxio_v4.0 (EURUSD,M15)	2026.03.04 01:53:01 | HEARTBEAT | SYSTEM | EA alive. Tick=144200 Equity=46894.11 OpenPos=0 UTC=2026.03.04 01:53 DayOfWeek=3 WeekendCloseActive=NO NewTradeBlocked=NO | 144200.000000
MQ	0	18:54:15.039	Cazyxio_v4.0 (EURUSD,M15)	2026.03.04 01:54:15 | HEARTBEAT | SYSTEM | EA alive. Tick=144300 Equity=46894.11 OpenPos=0 UTC=2026.03.04 01:54 DayOfWeek=3 WeekendCloseActive=NO NewTradeBlocked=NO | 144300.000000
NR	0	18:55:24.978	Cazyxio_v4.0 (EURUSD,M15)	2026.03.04 01:55:24 | HEARTBEAT | SYSTEM | EA alive. Tick=144400 Equity=46894.11 OpenPos=0 UTC=2026.03.04 01:55 DayOfWeek=3 WeekendCloseActive=NO NewTradeBlocked=NO | 144400.000000
KF	0	18:56:40.020	Cazyxio_v4.0 (EURUSD,M15)	2026.03.04 01:56:40 | HEARTBEAT | SYSTEM | EA alive. Tick=144500 Equity=46894.11 OpenPos=0 UTC=2026.03.04 01:56 DayOfWeek=3 WeekendCloseActive=NO NewTradeBlocked=NO | 144500.000000
QJ	0	18:58:17.035	Cazyxio_v4.0 (EURUSD,M15)	2026.03.04 01:58:17 | HEARTBEAT | SYSTEM | EA alive. Tick=144600 Equity=46894.11 OpenPos=0 UTC=2026.03.04 01:58 DayOfWeek=3 WeekendCloseActive=NO NewTradeBlocked=NO | 144600.000000
JN	0	18:59:27.794	Cazyxio_v4.0 (EURUSD,M15)	2026.03.04 01:59:27 | HEARTBEAT | SYSTEM | EA alive. Tick=144700 Equity=46894.11 OpenPos=0 UTC=2026.03.04 01:59 DayOfWeek=3 WeekendCloseActive=NO NewTradeBlocked=NO | 144700.000000
QQ	0	19:00:00.648	Cazyxio_v4.0 (EURUSD,M15)	2026.03.04 02:00:00 | SESSION_WAIT | SYSTEM | Outside session. UTC_hour=2 Sessions: 7:00-17:00 and 12:00-21:00 UTC. Waiting.
LL	0	19:00:30.001	Cazyxio_v4.0 (EURUSD,M15)	2026.03.04 02:00:30 | HEARTBEAT | SYSTEM | EA alive. Tick=144800 Equity=46894.11 OpenPos=0 UTC=2026.03.04 02:00 DayOfWeek=3 WeekendCloseActive=NO NewTradeBlocked=NO | 144800.000000
EP	0	19:01:25.575	Cazyxio_v4.0 (EURUSD,M15)	2026.03.04 02:01:25 | HEARTBEAT | SYSTEM | EA alive. Tick=144900 Equity=46894.11 OpenPos=0 UTC=2026.03.04 02:01 DayOfWeek=3 WeekendCloseActive=NO NewTradeBlocked=NO | 144900.000000
QD	0	19:02:31.738	Cazyxio_v4.0 (EURUSD,M15)	2026.03.04 02:02:31 | HEARTBEAT | SYSTEM | EA alive. Tick=145000 Equity=46894.11 OpenPos=0 UTC=2026.03.04 02:02 DayOfWeek=3 WeekendCloseActive=NO NewTradeBlocked=NO | 145000.000000
OI	0	19:03:37.289	Cazyxio_v4.0 (EURUSD,M15)	2026.03.04 02:03:37 | HEARTBEAT | SYSTEM | EA alive. Tick=145100 Equity=46894.11 OpenPos=0 UTC=2026.03.04 02:03 DayOfWeek=3 WeekendCloseActive=NO NewTradeBlocked=NO | 145100.000000
IM	0	19:04:37.965	Cazyxio_v4.0 (EURUSD,M15)	2026.03.04 02:04:37 | HEARTBEAT | SYSTEM | EA alive. Tick=145200 Equity=46894.11 OpenPos=0 UTC=2026.03.04 02:04 DayOfWeek=3 WeekendCloseActive=NO NewTradeBlocked=NO | 145200.000000
FQ	0	19:05:53.626	Cazyxio_v4.0 (EURUSD,M15)	2026.03.04 02:05:53 | HEARTBEAT | SYSTEM | EA alive. Tick=145300 Equity=46894.11 OpenPos=0 UTC=2026.03.04 02:05 DayOfWeek=3 WeekendCloseActive=NO NewTradeBlocked=NO | 145300.000000
DE	0	19:07:00.204	Cazyxio_v4.0 (EURUSD,M15)	2026.03.04 02:07:00 | HEARTBEAT | SYSTEM | EA alive. Tick=145400 Equity=46894.11 OpenPos=0 UTC=2026.03.04 02:07 DayOfWeek=3 WeekendCloseActive=NO NewTradeBlocked=NO | 145400.000000
NF	0	19:07:59.365	Cazyxio_v4.0 (EURUSD,M15)	2026.03.04 02:07:59 | HEARTBEAT | SYSTEM | EA alive. Tick=145500 Equity=46894.11 OpenPos=0 UTC=2026.03.04 02:07 DayOfWeek=3 WeekendCloseActive=NO NewTradeBlocked=NO | 145500.000000
RJ	0	19:08:53.843	Cazyxio_v4.0 (EURUSD,M15)	2026.03.04 02:08:53 | HEARTBEAT | SYSTEM | EA alive. Tick=145600 Equity=46894.11 OpenPos=0 UTC=2026.03.04 02:08 DayOfWeek=3 WeekendCloseActive=NO NewTradeBlocked=NO | 145600.000000
GN	0	19:09:44.966	Cazyxio_v4.0 (EURUSD,M15)	2026.03.04 02:09:44 | HEARTBEAT | SYSTEM | EA alive. Tick=145700 Equity=46894.11 OpenPos=0 UTC=2026.03.04 02:09 DayOfWeek=3 WeekendCloseActive=NO NewTradeBlocked=NO | 145700.000000
HR	0	19:10:36.433	Cazyxio_v4.0 (EURUSD,M15)	2026.03.04 02:10:36 | HEARTBEAT | SYSTEM | EA alive. Tick=145800 Equity=46894.11 OpenPos=0 UTC=2026.03.04 02:10 DayOfWeek=3 WeekendCloseActive=NO NewTradeBlocked=NO | 145800.000000
KG	0	19:11:54.141	Cazyxio_v4.0 (EURUSD,M15)	2026.03.04 02:11:54 | HEARTBEAT | SYSTEM | EA alive. Tick=145900 Equity=46894.11 OpenPos=0 UTC=2026.03.04 02:11 DayOfWeek=3 WeekendCloseActive=NO NewTradeBlocked=NO | 145900.000000
KK	0	19:12:47.434	Cazyxio_v4.0 (EURUSD,M15)	2026.03.04 02:12:47 | HEARTBEAT | SYSTEM | EA alive. Tick=146000 Equity=46894.11 OpenPos=0 UTC=2026.03.04 02:12 DayOfWeek=3 WeekendCloseActive=NO NewTradeBlocked=NO | 146000.000000
FO	0	19:13:47.216	Cazyxio_v4.0 (EURUSD,M15)	2026.03.04 02:13:47 | HEARTBEAT | SYSTEM | EA alive. Tick=146100 Equity=46894.11 OpenPos=0 UTC=2026.03.04 02:13 DayOfWeek=3 WeekendCloseActive=NO NewTradeBlocked=NO | 146100.000000
NS	0	19:14:57.691	Cazyxio_v4.0 (EURUSD,M15)	2026.03.04 02:14:57 | HEARTBEAT | SYSTEM | EA alive. Tick=146200 Equity=46894.11 OpenPos=0 UTC=2026.03.04 02:14 DayOfWeek=3 WeekendCloseActive=NO NewTradeBlocked=NO | 146200.000000
ID	0	19:16:26.397	Cazyxio_v4.0 (EURUSD,M15)	2026.03.04 02:16:26 | HEARTBEAT | SYSTEM | EA alive. Tick=146300 Equity=46894.11 OpenPos=0 UTC=2026.03.04 02:16 DayOfWeek=3 WeekendCloseActive=NO NewTradeBlocked=NO | 146300.000000
HH	0	19:17:39.478	Cazyxio_v4.0 (EURUSD,M15)	2026.03.04 02:17:39 | HEARTBEAT | SYSTEM | EA alive. Tick=146400 Equity=46894.11 OpenPos=0 UTC=2026.03.04 02:17 DayOfWeek=3 WeekendCloseActive=NO NewTradeBlocked=NO | 146400.000000
KL	0	19:18:57.270	Cazyxio_v4.0 (EURUSD,M15)	2026.03.04 02:18:57 | HEARTBEAT | SYSTEM | EA alive. Tick=146500 Equity=46894.11 OpenPos=0 UTC=2026.03.04 02:18 DayOfWeek=3 WeekendCloseActive=NO NewTradeBlocked=NO | 146500.000000
CP	0	19:20:10.266	Cazyxio_v4.0 (EURUSD,M15)	2026.03.04 02:20:10 | HEARTBEAT | SYSTEM | EA alive. Tick=146600 Equity=46894.11 OpenPos=0 UTC=2026.03.04 02:20 DayOfWeek=3 WeekendCloseActive=NO NewTradeBlocked=NO | 146600.000000
QE	0	19:21:08.771	Cazyxio_v4.0 (EURUSD,M15)	2026.03.04 02:21:08 | HEARTBEAT | SYSTEM | EA alive. Tick=146700 Equity=46894.11 OpenPos=0 UTC=2026.03.04 02:21 DayOfWeek=3 WeekendCloseActive=NO NewTradeBlocked=NO | 146700.000000
GI	0	19:22:01.194	Cazyxio_v4.0 (EURUSD,M15)	2026.03.04 02:22:01 | HEARTBEAT | SYSTEM | EA alive. Tick=146800 Equity=46894.11 OpenPos=0 UTC=2026.03.04 02:22 DayOfWeek=3 WeekendCloseActive=NO NewTradeBlocked=NO | 146800.000000
LM	0	19:22:52.397	Cazyxio_v4.0 (EURUSD,M15)	2026.03.04 02:22:52 | HEARTBEAT | SYSTEM | EA alive. Tick=146900 Equity=46894.11 OpenPos=0 UTC=2026.03.04 02:22 DayOfWeek=3 WeekendCloseActive=NO NewTradeBlocked=NO | 146900.000000
EQ	0	19:23:39.021	Cazyxio_v4.0 (EURUSD,M15)	2026.03.04 02:23:39 | HEARTBEAT | SYSTEM | EA alive. Tick=147000 Equity=46894.11 OpenPos=0 UTC=2026.03.04 02:23 DayOfWeek=3 WeekendCloseActive=NO NewTradeBlocked=NO | 147000.000000
ER	0	19:24:45.967	Cazyxio_v4.0 (EURUSD,M15)	2026.03.04 02:24:45 | HEARTBEAT | SYSTEM | EA alive. Tick=147100 Equity=46894.11 OpenPos=0 UTC=2026.03.04 02:24 DayOfWeek=3 WeekendCloseActive=NO NewTradeBlocked=NO | 147100.000000
QF	0	19:25:39.375	Cazyxio_v4.0 (EURUSD,M15)	2026.03.04 02:25:39 | HEARTBEAT | SYSTEM | EA alive. Tick=147200 Equity=46894.11 OpenPos=0 UTC=2026.03.04 02:25 DayOfWeek=3 WeekendCloseActive=NO NewTradeBlocked=NO | 147200.000000
JJ	0	19:26:53.106	Cazyxio_v4.0 (EURUSD,M15)	2026.03.04 02:26:53 | HEARTBEAT | SYSTEM | EA alive. Tick=147300 Equity=46894.11 OpenPos=0 UTC=2026.03.04 02:26 DayOfWeek=3 WeekendCloseActive=NO NewTradeBlocked=NO | 147300.000000
JN	0	19:27:51.471	Cazyxio_v4.0 (EURUSD,M15)	2026.03.04 02:27:51 | HEARTBEAT | SYSTEM | EA alive. Tick=147400 Equity=46894.11 OpenPos=0 UTC=2026.03.04 02:27 DayOfWeek=3 WeekendCloseActive=NO NewTradeBlocked=NO | 147400.000000
LS	0	19:29:09.592	Cazyxio_v4.0 (EURUSD,M15)	2026.03.04 02:29:09 | HEARTBEAT | SYSTEM | EA alive. Tick=147500 Equity=46894.11 OpenPos=0 UTC=2026.03.04 02:29 DayOfWeek=3 WeekendCloseActive=NO NewTradeBlocked=NO | 147500.000000
PG	0	19:30:12.372	Cazyxio_v4.0 (EURUSD,M15)	2026.03.04 02:30:12 | HEARTBEAT | SYSTEM | EA alive. Tick=147600 Equity=46894.11 OpenPos=0 UTC=2026.03.04 02:30 DayOfWeek=3 WeekendCloseActive=NO NewTradeBlocked=NO | 147600.000000
GK	0	19:31:01.750	Cazyxio_v4.0 (EURUSD,M15)	2026.03.04 02:31:01 | HEARTBEAT | SYSTEM | EA alive. Tick=147700 Equity=46894.11 OpenPos=0 UTC=2026.03.04 02:31 DayOfWeek=3 WeekendCloseActive=NO NewTradeBlocked=NO | 147700.000000
NO	0	19:32:19.864	Cazyxio_v4.0 (EURUSD,M15)	2026.03.04 02:32:19 | HEARTBEAT | SYSTEM | EA alive. Tick=147800 Equity=46894.11 OpenPos=0 UTC=2026.03.04 02:32 DayOfWeek=3 WeekendCloseActive=NO NewTradeBlocked=NO | 147800.000000
GP	0	19:33:17.549	Cazyxio_v4.0 (EURUSD,M15)	2026.03.04 02:33:17 | HEARTBEAT | SYSTEM | EA alive. Tick=147900 Equity=46894.11 OpenPos=0 UTC=2026.03.04 02:33 DayOfWeek=3 WeekendCloseActive=NO NewTradeBlocked=NO | 147900.000000
MD	0	19:34:22.342	Cazyxio_v4.0 (EURUSD,M15)	2026.03.04 02:34:22 | HEARTBEAT | SYSTEM | EA alive. Tick=148000 Equity=46894.11 OpenPos=0 UTC=2026.03.04 02:34 DayOfWeek=3 WeekendCloseActive=NO NewTradeBlocked=NO | 148000.000000
RH	0	19:35:16.184	Cazyxio_v4.0 (EURUSD,M15)	2026.03.04 02:35:16 | HEARTBEAT | SYSTEM | EA alive. Tick=148100 Equity=46894.11 OpenPos=0 UTC=2026.03.04 02:35 DayOfWeek=3 WeekendCloseActive=NO NewTradeBlocked=NO | 148100.000000
FL	0	19:36:09.237	Cazyxio_v4.0 (EURUSD,M15)	2026.03.04 02:36:09 | HEARTBEAT | SYSTEM | EA alive. Tick=148200 Equity=46894.11 OpenPos=0 UTC=2026.03.04 02:36 DayOfWeek=3 WeekendCloseActive=NO NewTradeBlocked=NO | 148200.000000
IQ	0	19:37:12.592	Cazyxio_v4.0 (EURUSD,M15)	2026.03.04 02:37:12 | HEARTBEAT | SYSTEM | EA alive. Tick=148300 Equity=46894.11 OpenPos=0 UTC=2026.03.04 02:37 DayOfWeek=3 WeekendCloseActive=NO NewTradeBlocked=NO | 148300.000000
GE	0	19:38:14.733	Cazyxio_v4.0 (EURUSD,M15)	2026.03.04 02:38:14 | HEARTBEAT | SYSTEM | EA alive. Tick=148400 Equity=46894.11 OpenPos=0 UTC=2026.03.04 02:38 DayOfWeek=3 WeekendCloseActive=NO NewTradeBlocked=NO | 148400.000000
MI	0	19:39:42.242	Cazyxio_v4.0 (EURUSD,M15)	2026.03.04 02:39:42 | HEARTBEAT | SYSTEM | EA alive. Tick=148500 Equity=46894.11 OpenPos=0 UTC=2026.03.04 02:39 DayOfWeek=3 WeekendCloseActive=NO NewTradeBlocked=NO | 148500.000000
LM	0	19:40:36.287	Cazyxio_v4.0 (EURUSD,M15)	2026.03.04 02:40:36 | HEARTBEAT | SYSTEM | EA alive. Tick=148600 Equity=46894.11 OpenPos=0 UTC=2026.03.04 02:40 DayOfWeek=3 WeekendCloseActive=NO NewTradeBlocked=NO | 148600.000000
ON	0	19:41:31.270	Cazyxio_v4.0 (EURUSD,M15)	2026.03.04 02:41:31 | HEARTBEAT | SYSTEM | EA alive. Tick=148700 Equity=46894.11 OpenPos=0 UTC=2026.03.04 02:41 DayOfWeek=3 WeekendCloseActive=NO NewTradeBlocked=NO | 148700.000000
RR	0	19:42:20.450	Cazyxio_v4.0 (EURUSD,M15)	2026.03.04 02:42:20 | HEARTBEAT | SYSTEM | EA alive. Tick=148800 Equity=46894.11 OpenPos=0 UTC=2026.03.04 02:42 DayOfWeek=3 WeekendCloseActive=NO NewTradeBlocked=NO | 148800.000000
NF	0	19:43:20.228	Cazyxio_v4.0 (EURUSD,M15)	2026.03.04 02:43:20 | HEARTBEAT | SYSTEM | EA alive. Tick=148900 Equity=46894.11 OpenPos=0 UTC=2026.03.04 02:43 DayOfWeek=3 WeekendCloseActive=NO NewTradeBlocked=NO | 148900.000000
RJ	0	19:44:23.960	Cazyxio_v4.0 (EURUSD,M15)	2026.03.04 02:44:23 | HEARTBEAT | SYSTEM | EA alive. Tick=149000 Equity=46894.11 OpenPos=0 UTC=2026.03.04 02:44 DayOfWeek=3 WeekendCloseActive=NO NewTradeBlocked=NO | 149000.000000
OO	0	19:45:22.537	Cazyxio_v4.0 (EURUSD,M15)	2026.03.04 02:45:22 | HEARTBEAT | SYSTEM | EA alive. Tick=149100 Equity=46894.11 OpenPos=0 UTC=2026.03.04 02:45 DayOfWeek=3 WeekendCloseActive=NO NewTradeBlocked=NO | 149100.000000
FS	0	19:46:46.229	Cazyxio_v4.0 (EURUSD,M15)	2026.03.04 02:46:46 | HEARTBEAT | SYSTEM | EA alive. Tick=149200 Equity=46894.11 OpenPos=0 UTC=2026.03.04 02:46 DayOfWeek=3 WeekendCloseActive=NO NewTradeBlocked=NO | 149200.000000
LG	0	19:48:11.753	Cazyxio_v4.0 (EURUSD,M15)	2026.03.04 02:48:11 | HEARTBEAT | SYSTEM | EA alive. Tick=149300 Equity=46894.11 OpenPos=0 UTC=2026.03.04 02:48 DayOfWeek=3 WeekendCloseActive=NO NewTradeBlocked=NO | 149300.000000
GK	0	19:49:17.823	Cazyxio_v4.0 (EURUSD,M15)	2026.03.04 02:49:17 | HEARTBEAT | SYSTEM | EA alive. Tick=149400 Equity=46894.11 OpenPos=0 UTC=2026.03.04 02:49 DayOfWeek=3 WeekendCloseActive=NO NewTradeBlocked=NO | 149400.000000
FL	0	19:50:27.903	Cazyxio_v4.0 (EURUSD,M15)	2026.03.04 02:50:27 | HEARTBEAT | SYSTEM | EA alive. Tick=149500 Equity=46894.11 OpenPos=0 UTC=2026.03.04 02:50 DayOfWeek=3 WeekendCloseActive=NO NewTradeBlocked=NO | 149500.000000
JP	0	19:51:16.281	Cazyxio_v4.0 (EURUSD,M15)	2026.03.04 02:51:16 | HEARTBEAT | SYSTEM | EA alive. Tick=149600 Equity=46894.11 OpenPos=0 UTC=2026.03.04 02:51 DayOfWeek=3 WeekendCloseActive=NO NewTradeBlocked=NO | 149600.000000
LD	0	19:52:41.974	Cazyxio_v4.0 (EURUSD,M15)	2026.03.04 02:52:41 | HEARTBEAT | SYSTEM | EA alive. Tick=149700 Equity=46894.11 OpenPos=0 UTC=2026.03.04 02:52 DayOfWeek=3 WeekendCloseActive=NO NewTradeBlocked=NO | 149700.000000
RH	0	19:53:53.911	Cazyxio_v4.0 (EURUSD,M15)	2026.03.04 02:53:53 | HEARTBEAT | SYSTEM | EA alive. Tick=149800 Equity=46894.11 OpenPos=0 UTC=2026.03.04 02:53 DayOfWeek=3 WeekendCloseActive=NO NewTradeBlocked=NO | 149800.000000
EM	0	19:55:15.907	Cazyxio_v4.0 (EURUSD,M15)	2026.03.04 02:55:15 | HEARTBEAT | SYSTEM | EA alive. Tick=149900 Equity=46894.11 OpenPos=0 UTC=2026.03.04 02:55 DayOfWeek=3 WeekendCloseActive=NO NewTradeBlocked=NO | 149900.000000
RQ	0	19:56:13.217	Cazyxio_v4.0 (EURUSD,M15)	2026.03.04 02:56:13 | HEARTBEAT | SYSTEM | EA alive. Tick=150000 Equity=46894.11 OpenPos=0 UTC=2026.03.04 02:56 DayOfWeek=3 WeekendCloseActive=NO NewTradeBlocked=NO | 150000.000000
DE	0	19:57:21.250	Cazyxio_v4.0 (EURUSD,M15)	2026.03.04 02:57:21 | HEARTBEAT | SYSTEM | EA alive. Tick=150100 Equity=46894.11 OpenPos=0 UTC=2026.03.04 02:57 DayOfWeek=3 WeekendCloseActive=NO NewTradeBlocked=NO | 150100.000000
LI	0	19:59:06.173	Cazyxio_v4.0 (EURUSD,M15)	2026.03.04 02:59:06 | HEARTBEAT | SYSTEM | EA alive. Tick=150200 Equity=46894.11 OpenPos=0 UTC=2026.03.04 02:59 DayOfWeek=3 WeekendCloseActive=NO NewTradeBlocked=NO | 150200.000000
RH	0	20:00:01.375	Cazyxio_v4.0 (EURUSD,M15)	2026.03.04 03:00:01 | SESSION_WAIT | SYSTEM | Outside session. UTC_hour=3 Sessions: 7:00-17:00 and 12:00-21:00 UTC. Waiting.
IG	0	20:00:23.422	Cazyxio_v4.0 (EURUSD,M15)	2026.03.04 03:00:23 | HEARTBEAT | SYSTEM | EA alive. Tick=150300 Equity=46894.11 OpenPos=0 UTC=2026.03.04 03:00 DayOfWeek=3 WeekendCloseActive=NO NewTradeBlocked=NO | 150300.000000
JK	0	20:01:40.594	Cazyxio_v4.0 (EURUSD,M15)	2026.03.04 03:01:40 | HEARTBEAT | SYSTEM | EA alive. Tick=150400 Equity=46894.11 OpenPos=0 UTC=2026.03.04 03:01 DayOfWeek=3 WeekendCloseActive=NO NewTradeBlocked=NO | 150400.000000
PO	0	20:03:04.859	Cazyxio_v4.0 (EURUSD,M15)	2026.03.04 03:03:04 | HEARTBEAT | SYSTEM | EA alive. Tick=150500 Equity=46894.11 OpenPos=0 UTC=2026.03.04 03:03 DayOfWeek=3 WeekendCloseActive=NO NewTradeBlocked=NO | 150500.000000
KP	0	20:04:19.921	Cazyxio_v4.0 (EURUSD,M15)	2026.03.04 03:04:19 | HEARTBEAT | SYSTEM | EA alive. Tick=150600 Equity=46894.11 OpenPos=0 UTC=2026.03.04 03:04 DayOfWeek=3 WeekendCloseActive=NO NewTradeBlocked=NO | 150600.000000
MD	0	20:05:41.058	Cazyxio_v4.0 (EURUSD,M15)	2026.03.04 03:05:41 | HEARTBEAT | SYSTEM | EA alive. Tick=150700 Equity=46894.11 OpenPos=0 UTC=2026.03.04 03:05 DayOfWeek=3 WeekendCloseActive=NO NewTradeBlocked=NO | 150700.000000
NH	0	20:07:00.705	Cazyxio_v4.0 (EURUSD,M15)	2026.03.04 03:07:00 | HEARTBEAT | SYSTEM | EA alive. Tick=150800 Equity=46894.11 OpenPos=0 UTC=2026.03.04 03:07 DayOfWeek=3 WeekendCloseActive=NO NewTradeBlocked=NO | 150800.000000
LL	0	20:09:21.921	Cazyxio_v4.0 (EURUSD,M15)	2026.03.04 03:09:21 | HEARTBEAT | SYSTEM | EA alive. Tick=150900 Equity=46894.11 OpenPos=0 UTC=2026.03.04 03:09 DayOfWeek=3 WeekendCloseActive=NO NewTradeBlocked=NO | 150900.000000
OQ	0	20:10:38.083	Cazyxio_v4.0 (EURUSD,M15)	2026.03.04 03:10:38 | HEARTBEAT | SYSTEM | EA alive. Tick=151000 Equity=46894.11 OpenPos=0 UTC=2026.03.04 03:10 DayOfWeek=3 WeekendCloseActive=NO NewTradeBlocked=NO | 151000.000000
HE	0	20:12:19.477	Cazyxio_v4.0 (EURUSD,M15)	2026.03.04 03:12:19 | HEARTBEAT | SYSTEM | EA alive. Tick=151100 Equity=46894.11 OpenPos=0 UTC=2026.03.04 03:12 DayOfWeek=3 WeekendCloseActive=NO NewTradeBlocked=NO | 151100.000000
OI	0	20:13:39.635	Cazyxio_v4.0 (EURUSD,M15)	2026.03.04 03:13:39 | HEARTBEAT | SYSTEM | EA alive. Tick=151200 Equity=46894.11 OpenPos=0 UTC=2026.03.04 03:13 DayOfWeek=3 WeekendCloseActive=NO NewTradeBlocked=NO | 151200.000000
PM	0	20:15:58.232	Cazyxio_v4.0 (EURUSD,M15)	2026.03.04 03:15:58 | HEARTBEAT | SYSTEM | EA alive. Tick=151300 Equity=46894.11 OpenPos=0 UTC=2026.03.04 03:15 DayOfWeek=3 WeekendCloseActive=NO NewTradeBlocked=NO | 151300.000000
RN	0	20:18:13.275	Cazyxio_v4.0 (EURUSD,M15)	2026.03.04 03:18:13 | HEARTBEAT | SYSTEM | EA alive. Tick=151400 Equity=46894.11 OpenPos=0 UTC=2026.03.04 03:18 DayOfWeek=3 WeekendCloseActive=NO NewTradeBlocked=NO | 151400.000000
LR	0	20:19:52.762	Cazyxio_v4.0 (EURUSD,M15)	2026.03.04 03:19:52 | HEARTBEAT | SYSTEM | EA alive. Tick=151500 Equity=46894.11 OpenPos=0 UTC=2026.03.04 03:19 DayOfWeek=3 WeekendCloseActive=NO NewTradeBlocked=NO | 151500.000000
OF	0	20:21:15.717	Cazyxio_v4.0 (EURUSD,M15)	2026.03.04 03:21:15 | HEARTBEAT | SYSTEM | EA alive. Tick=151600 Equity=46894.11 OpenPos=0 UTC=2026.03.04 03:21 DayOfWeek=3 WeekendCloseActive=NO NewTradeBlocked=NO | 151600.000000
EJ	0	20:22:52.888	Cazyxio_v4.0 (EURUSD,M15)	2026.03.04 03:22:52 | HEARTBEAT | SYSTEM | EA alive. Tick=151700 Equity=46894.11 OpenPos=0 UTC=2026.03.04 03:22 DayOfWeek=3 WeekendCloseActive=NO NewTradeBlocked=NO | 151700.000000
DO	0	20:23:59.042	Cazyxio_v4.0 (EURUSD,M15)	2026.03.04 03:23:59 | HEARTBEAT | SYSTEM | EA alive. Tick=151800 Equity=46894.11 OpenPos=0 UTC=2026.03.04 03:23 DayOfWeek=3 WeekendCloseActive=NO NewTradeBlocked=NO | 151800.000000
HS	0	20:25:32.088	Cazyxio_v4.0 (EURUSD,M15)	2026.03.04 03:25:32 | HEARTBEAT | SYSTEM | EA alive. Tick=151900 Equity=46894.11 OpenPos=0 UTC=2026.03.04 03:25 DayOfWeek=3 WeekendCloseActive=NO NewTradeBlocked=NO | 151900.000000
RG	0	20:27:18.400	Cazyxio_v4.0 (EURUSD,M15)	2026.03.04 03:27:18 | HEARTBEAT | SYSTEM | EA alive. Tick=152000 Equity=46894.11 OpenPos=0 UTC=2026.03.04 03:27 DayOfWeek=3 WeekendCloseActive=NO NewTradeBlocked=NO | 152000.000000
PK	0	20:29:06.084	Cazyxio_v4.0 (EURUSD,M15)	2026.03.04 03:29:06 | HEARTBEAT | SYSTEM | EA alive. Tick=152100 Equity=46894.11 OpenPos=0 UTC=2026.03.04 03:29 DayOfWeek=3 WeekendCloseActive=NO NewTradeBlocked=NO | 152100.000000
OL	0	20:30:17.687	Cazyxio_v4.0 (EURUSD,M15)	2026.03.04 03:30:17 | HEARTBEAT | SYSTEM | EA alive. Tick=152200 Equity=46894.11 OpenPos=0 UTC=2026.03.04 03:30 DayOfWeek=3 WeekendCloseActive=NO NewTradeBlocked=NO | 152200.000000
GP	0	20:31:41.224	Cazyxio_v4.0 (EURUSD,M15)	2026.03.04 03:31:41 | HEARTBEAT | SYSTEM | EA alive. Tick=152300 Equity=46894.11 OpenPos=0 UTC=2026.03.04 03:31 DayOfWeek=3 WeekendCloseActive=NO NewTradeBlocked=NO | 152300.000000
GD	0	20:33:22.921	Cazyxio_v4.0 (EURUSD,M15)	2026.03.04 03:33:22 | HEARTBEAT | SYSTEM | EA alive. Tick=152400 Equity=46894.11 OpenPos=0 UTC=2026.03.04 03:33 DayOfWeek=3 WeekendCloseActive=NO NewTradeBlocked=NO | 152400.000000
QH	0	20:35:17.727	Cazyxio_v4.0 (EURUSD,M15)	2026.03.04 03:35:17 | HEARTBEAT | SYSTEM | EA alive. Tick=152500 Equity=46894.11 OpenPos=0 UTC=2026.03.04 03:35 DayOfWeek=3 WeekendCloseActive=NO NewTradeBlocked=NO | 152500.000000
JM	0	20:36:17.501	Cazyxio_v4.0 (EURUSD,M15)	2026.03.04 03:36:17 | HEARTBEAT | SYSTEM | EA alive. Tick=152600 Equity=46894.11 OpenPos=0 UTC=2026.03.04 03:36 DayOfWeek=3 WeekendCloseActive=NO NewTradeBlocked=NO | 152600.000000
EQ	0	20:37:39.433	Cazyxio_v4.0 (EURUSD,M15)	2026.03.04 03:37:39 | HEARTBEAT | SYSTEM | EA alive. Tick=152700 Equity=46894.11 OpenPos=0 UTC=2026.03.04 03:37 DayOfWeek=3 WeekendCloseActive=NO NewTradeBlocked=NO | 152700.000000
JE	0	20:38:51.882	Cazyxio_v4.0 (EURUSD,M15)	2026.03.04 03:38:51 | HEARTBEAT | SYSTEM | EA alive. Tick=152800 Equity=46894.11 OpenPos=0 UTC=2026.03.04 03:38 DayOfWeek=3 WeekendCloseActive=NO NewTradeBlocked=NO | 152800.000000
RI	0	20:40:07.364	Cazyxio_v4.0 (EURUSD,M15)	2026.03.04 03:40:07 | HEARTBEAT | SYSTEM | EA alive. Tick=152900 Equity=46894.11 OpenPos=0 UTC=2026.03.04 03:40 DayOfWeek=3 WeekendCloseActive=NO NewTradeBlocked=NO | 152900.000000
MJ	0	20:41:37.966	Cazyxio_v4.0 (EURUSD,M15)	2026.03.04 03:41:37 | HEARTBEAT | SYSTEM | EA alive. Tick=153000 Equity=46894.11 OpenPos=0 UTC=2026.03.04 03:41 DayOfWeek=3 WeekendCloseActive=NO NewTradeBlocked=NO | 153000.000000
DN	0	20:44:05.434	Cazyxio_v4.0 (EURUSD,M15)	2026.03.04 03:44:05 | HEARTBEAT | SYSTEM | EA alive. Tick=153100 Equity=46894.11 OpenPos=0 UTC=2026.03.04 03:44 DayOfWeek=3 WeekendCloseActive=NO NewTradeBlocked=NO | 153100.000000
HR	0	20:45:44.468	Cazyxio_v4.0 (EURUSD,M15)	2026.03.04 03:45:44 | HEARTBEAT | SYSTEM | EA alive. Tick=153200 Equity=46894.11 OpenPos=0 UTC=2026.03.04 03:45 DayOfWeek=3 WeekendCloseActive=NO NewTradeBlocked=NO | 153200.000000
EF	0	20:47:02.685	Cazyxio_v4.0 (EURUSD,M15)	2026.03.04 03:47:02 | HEARTBEAT | SYSTEM | EA alive. Tick=153300 Equity=46894.11 OpenPos=0 UTC=2026.03.04 03:47 DayOfWeek=3 WeekendCloseActive=NO NewTradeBlocked=NO | 153300.000000
JK	0	20:48:16.278	Cazyxio_v4.0 (EURUSD,M15)	2026.03.04 03:48:16 | HEARTBEAT | SYSTEM | EA alive. Tick=153400 Equity=46894.11 OpenPos=0 UTC=2026.03.04 03:48 DayOfWeek=3 WeekendCloseActive=NO NewTradeBlocked=NO | 153400.000000
EO	0	20:49:31.904	Cazyxio_v4.0 (EURUSD,M15)	2026.03.04 03:49:31 | HEARTBEAT | SYSTEM | EA alive. Tick=153500 Equity=46894.11 OpenPos=0 UTC=2026.03.04 03:49 DayOfWeek=3 WeekendCloseActive=NO NewTradeBlocked=NO | 153500.000000
ES	0	20:51:08.877	Cazyxio_v4.0 (EURUSD,M15)	2026.03.04 03:51:08 | HEARTBEAT | SYSTEM | EA alive. Tick=153600 Equity=46894.11 OpenPos=0 UTC=2026.03.04 03:51 DayOfWeek=3 WeekendCloseActive=NO NewTradeBlocked=NO | 153600.000000
MG	0	20:52:34.799	Cazyxio_v4.0 (EURUSD,M15)	2026.03.04 03:52:34 | HEARTBEAT | SYSTEM | EA alive. Tick=153700 Equity=46894.11 OpenPos=0 UTC=2026.03.04 03:52 DayOfWeek=3 WeekendCloseActive=NO NewTradeBlocked=NO | 153700.000000
PH	0	20:53:35.058	Cazyxio_v4.0 (EURUSD,M15)	2026.03.04 03:53:35 | HEARTBEAT | SYSTEM | EA alive. Tick=153800 Equity=46894.11 OpenPos=0 UTC=2026.03.04 03:53 DayOfWeek=3 WeekendCloseActive=NO NewTradeBlocked=NO | 153800.000000
IL	0	20:54:51.984	Cazyxio_v4.0 (EURUSD,M15)	2026.03.04 03:54:51 | HEARTBEAT | SYSTEM | EA alive. Tick=153900 Equity=46894.11 OpenPos=0 UTC=2026.03.04 03:54 DayOfWeek=3 WeekendCloseActive=NO NewTradeBlocked=NO | 153900.000000
RP	0	20:56:51.929	Cazyxio_v4.0 (EURUSD,M15)	2026.03.04 03:56:51 | HEARTBEAT | SYSTEM | EA alive. Tick=154000 Equity=46894.11 OpenPos=0 UTC=2026.03.04 03:56 DayOfWeek=3 WeekendCloseActive=NO NewTradeBlocked=NO | 154000.000000
HD	0	20:58:35.983	Cazyxio_v4.0 (EURUSD,M15)	2026.03.04 03:58:35 | HEARTBEAT | SYSTEM | EA alive. Tick=154100 Equity=46894.11 OpenPos=0 UTC=2026.03.04 03:58 DayOfWeek=3 WeekendCloseActive=NO NewTradeBlocked=NO | 154100.000000
LI	0	20:59:49.434	Cazyxio_v4.0 (EURUSD,M15)	2026.03.04 03:59:49 | HEARTBEAT | SYSTEM | EA alive. Tick=154200 Equity=46894.11 OpenPos=0 UTC=2026.03.04 03:59 DayOfWeek=3 WeekendCloseActive=NO NewTradeBlocked=NO | 154200.000000
CO	0	21:00:00.649	Cazyxio_v4.0 (EURUSD,M15)	2026.03.04 04:00:00 | SESSION_WAIT | SYSTEM | Outside session. UTC_hour=4 Sessions: 7:00-17:00 and 12:00-21:00 UTC. Waiting.
LF	0	21:01:34.000	Cazyxio_v4.0 (EURUSD,M15)	2026.03.04 04:01:33 | HEARTBEAT | SYSTEM | EA alive. Tick=154300 Equity=46894.11 OpenPos=0 UTC=2026.03.04 04:01 DayOfWeek=3 WeekendCloseActive=NO NewTradeBlocked=NO | 154300.000000
QJ	0	21:02:55.777	Cazyxio_v4.0 (EURUSD,M15)	2026.03.04 04:02:55 | HEARTBEAT | SYSTEM | EA alive. Tick=154400 Equity=46894.11 OpenPos=0 UTC=2026.03.04 04:02 DayOfWeek=3 WeekendCloseActive=NO NewTradeBlocked=NO | 154400.000000
KO	0	21:04:47.931	Cazyxio_v4.0 (EURUSD,M15)	2026.03.04 04:04:47 | HEARTBEAT | SYSTEM | EA alive. Tick=154500 Equity=46894.11 OpenPos=0 UTC=2026.03.04 04:04 DayOfWeek=3 WeekendCloseActive=NO NewTradeBlocked=NO | 154500.000000
GS	0	21:06:28.652	Cazyxio_v4.0 (EURUSD,M15)	2026.03.04 04:06:28 | HEARTBEAT | SYSTEM | EA alive. Tick=154600 Equity=46894.11 OpenPos=0 UTC=2026.03.04 04:06 DayOfWeek=3 WeekendCloseActive=NO NewTradeBlocked=NO | 154600.000000
FG	0	21:08:14.620	Cazyxio_v4.0 (EURUSD,M15)	2026.03.04 04:08:14 | HEARTBEAT | SYSTEM | EA alive. Tick=154700 Equity=46894.11 OpenPos=0 UTC=2026.03.04 04:08 DayOfWeek=3 WeekendCloseActive=NO NewTradeBlocked=NO | 154700.000000
NK	0	21:09:44.922	Cazyxio_v4.0 (EURUSD,M15)	2026.03.04 04:09:44 | HEARTBEAT | SYSTEM | EA alive. Tick=154800 Equity=46894.11 OpenPos=0 UTC=2026.03.04 04:09 DayOfWeek=3 WeekendCloseActive=NO NewTradeBlocked=NO | 154800.000000
QL	0	21:10:55.901	Cazyxio_v4.0 (EURUSD,M15)	2026.03.04 04:10:55 | HEARTBEAT | SYSTEM | EA alive. Tick=154900 Equity=46894.11 OpenPos=0 UTC=2026.03.04 04:10 DayOfWeek=3 WeekendCloseActive=NO NewTradeBlocked=NO | 154900.000000
GP	0	21:12:31.567	Cazyxio_v4.0 (EURUSD,M15)	2026.03.04 04:12:31 | HEARTBEAT | SYSTEM | EA alive. Tick=155000 Equity=46894.11 OpenPos=0 UTC=2026.03.04 04:12 DayOfWeek=3 WeekendCloseActive=NO NewTradeBlocked=NO | 155000.000000
RD	0	21:13:34.057	Cazyxio_v4.0 (EURUSD,M15)	2026.03.04 04:13:34 | HEARTBEAT | SYSTEM | EA alive. Tick=155100 Equity=46894.11 OpenPos=0 UTC=2026.03.04 04:13 DayOfWeek=3 WeekendCloseActive=NO NewTradeBlocked=NO | 155100.000000
DH	0	21:15:24.068	Cazyxio_v4.0 (EURUSD,M15)	2026.03.04 04:15:24 | HEARTBEAT | SYSTEM | EA alive. Tick=155200 Equity=46894.11 OpenPos=0 UTC=2026.03.04 04:15 DayOfWeek=3 WeekendCloseActive=NO NewTradeBlocked=NO | 155200.000000
PM	0	21:17:08.408	Cazyxio_v4.0 (EURUSD,M15)	2026.03.04 04:17:08 | HEARTBEAT | SYSTEM | EA alive. Tick=155300 Equity=46894.11 OpenPos=0 UTC=2026.03.04 04:17 DayOfWeek=3 WeekendCloseActive=NO NewTradeBlocked=NO | 155300.000000
EQ	0	21:19:17.696	Cazyxio_v4.0 (EURUSD,M15)	2026.03.04 04:19:17 | HEARTBEAT | SYSTEM | EA alive. Tick=155400 Equity=46894.11 OpenPos=0 UTC=2026.03.04 04:19 DayOfWeek=3 WeekendCloseActive=NO NewTradeBlocked=NO | 155400.000000
RE	0	21:20:57.626	Cazyxio_v4.0 (EURUSD,M15)	2026.03.04 04:20:57 | HEARTBEAT | SYSTEM | EA alive. Tick=155500 Equity=46894.11 OpenPos=0 UTC=2026.03.04 04:20 DayOfWeek=3 WeekendCloseActive=NO NewTradeBlocked=NO | 155500.000000
RI	0	21:22:31.015	Cazyxio_v4.0 (EURUSD,M15)	2026.03.04 04:22:31 | HEARTBEAT | SYSTEM | EA alive. Tick=155600 Equity=46894.11 OpenPos=0 UTC=2026.03.04 04:22 DayOfWeek=3 WeekendCloseActive=NO NewTradeBlocked=NO | 155600.000000
OJ	0	21:24:10.379	Cazyxio_v4.0 (EURUSD,M15)	2026.03.04 04:24:10 | HEARTBEAT | SYSTEM | EA alive. Tick=155700 Equity=46894.11 OpenPos=0 UTC=2026.03.04 04:24 DayOfWeek=3 WeekendCloseActive=NO NewTradeBlocked=NO | 155700.000000
EN	0	21:25:35.611	Cazyxio_v4.0 (EURUSD,M15)	2026.03.04 04:25:35 | HEARTBEAT | SYSTEM | EA alive. Tick=155800 Equity=46894.11 OpenPos=0 UTC=2026.03.04 04:25 DayOfWeek=3 WeekendCloseActive=NO NewTradeBlocked=NO | 155800.000000
CR	0	21:27:10.381	Cazyxio_v4.0 (EURUSD,M15)	2026.03.04 04:27:10 | HEARTBEAT | SYSTEM | EA alive. Tick=155900 Equity=46894.11 OpenPos=0 UTC=2026.03.04 04:27 DayOfWeek=3 WeekendCloseActive=NO NewTradeBlocked=NO | 155900.000000
LF	0	21:29:26.823	Cazyxio_v4.0 (EURUSD,M15)	2026.03.04 04:29:26 | HEARTBEAT | SYSTEM | EA alive. Tick=156000 Equity=46894.11 OpenPos=0 UTC=2026.03.04 04:29 DayOfWeek=3 WeekendCloseActive=NO NewTradeBlocked=NO | 156000.000000
KK	0	21:31:13.409	Cazyxio_v4.0 (EURUSD,M15)	2026.03.04 04:31:13 | HEARTBEAT | SYSTEM | EA alive. Tick=156100 Equity=46894.11 OpenPos=0 UTC=2026.03.04 04:31 DayOfWeek=3 WeekendCloseActive=NO NewTradeBlocked=NO | 156100.000000
FO	0	21:33:12.022	Cazyxio_v4.0 (EURUSD,M15)	2026.03.04 04:33:12 | HEARTBEAT | SYSTEM | EA alive. Tick=156200 Equity=46894.11 OpenPos=0 UTC=2026.03.04 04:33 DayOfWeek=3 WeekendCloseActive=NO NewTradeBlocked=NO | 156200.000000
LS	0	21:35:00.918	Cazyxio_v4.0 (EURUSD,M15)	2026.03.04 04:35:00 | HEARTBEAT | SYSTEM | EA alive. Tick=156300 Equity=46894.11 OpenPos=0 UTC=2026.03.04 04:35 DayOfWeek=3 WeekendCloseActive=NO NewTradeBlocked=NO | 156300.000000
IG	0	21:36:43.484	Cazyxio_v4.0 (EURUSD,M15)	2026.03.04 04:36:43 | HEARTBEAT | SYSTEM | EA alive. Tick=156400 Equity=46894.11 OpenPos=0 UTC=2026.03.04 04:36 DayOfWeek=3 WeekendCloseActive=NO NewTradeBlocked=NO | 156400.000000
PH	0	21:38:16.045	Cazyxio_v4.0 (EURUSD,M15)	2026.03.04 04:38:16 | HEARTBEAT | SYSTEM | EA alive. Tick=156500 Equity=46894.11 OpenPos=0 UTC=2026.03.04 04:38 DayOfWeek=3 WeekendCloseActive=NO NewTradeBlocked=NO | 156500.000000
HL	0	21:40:08.828	Cazyxio_v4.0 (EURUSD,M15)	2026.03.04 04:40:08 | HEARTBEAT | SYSTEM | EA alive. Tick=156600 Equity=46894.11 OpenPos=0 UTC=2026.03.04 04:40 DayOfWeek=3 WeekendCloseActive=NO NewTradeBlocked=NO | 156600.000000
EP	0	21:41:33.811	Cazyxio_v4.0 (EURUSD,M15)	2026.03.04 04:41:33 | HEARTBEAT | SYSTEM | EA alive. Tick=156700 Equity=46894.11 OpenPos=0 UTC=2026.03.04 04:41 DayOfWeek=3 WeekendCloseActive=NO NewTradeBlocked=NO | 156700.000000
ED	0	21:42:44.852	Cazyxio_v4.0 (EURUSD,M15)	2026.03.04 04:42:44 | HEARTBEAT | SYSTEM | EA alive. Tick=156800 Equity=46894.11 OpenPos=0 UTC=2026.03.04 04:42 DayOfWeek=3 WeekendCloseActive=NO NewTradeBlocked=NO | 156800.000000
MI	0	21:43:43.578	Cazyxio_v4.0 (EURUSD,M15)	2026.03.04 04:43:43 | HEARTBEAT | SYSTEM | EA alive. Tick=156900 Equity=46894.11 OpenPos=0 UTC=2026.03.04 04:43 DayOfWeek=3 WeekendCloseActive=NO NewTradeBlocked=NO | 156900.000000
LM	0	21:44:54.802	Cazyxio_v4.0 (EURUSD,M15)	2026.03.04 04:44:54 | HEARTBEAT | SYSTEM | EA alive. Tick=157000 Equity=46894.11 OpenPos=0 UTC=2026.03.04 04:44 DayOfWeek=3 WeekendCloseActive=NO NewTradeBlocked=NO | 157000.000000
KQ	0	21:46:06.261	Cazyxio_v4.0 (EURUSD,M15)	2026.03.04 04:46:06 | HEARTBEAT | SYSTEM | EA alive. Tick=157100 Equity=46894.11 OpenPos=0 UTC=2026.03.04 04:46 DayOfWeek=3 WeekendCloseActive=NO NewTradeBlocked=NO | 157100.000000
RE	0	21:47:03.373	Cazyxio_v4.0 (EURUSD,M15)	2026.03.04 04:47:03 | HEARTBEAT | SYSTEM | EA alive. Tick=157200 Equity=46894.11 OpenPos=0 UTC=2026.03.04 04:47 DayOfWeek=3 WeekendCloseActive=NO NewTradeBlocked=NO | 157200.000000
QF	0	21:48:39.063	Cazyxio_v4.0 (EURUSD,M15)	2026.03.04 04:48:39 | HEARTBEAT | SYSTEM | EA alive. Tick=157300 Equity=46894.11 OpenPos=0 UTC=2026.03.04 04:48 DayOfWeek=3 WeekendCloseActive=NO NewTradeBlocked=NO | 157300.000000
QJ	0	21:50:31.923	Cazyxio_v4.0 (EURUSD,M15)	2026.03.04 04:50:31 | HEARTBEAT | SYSTEM | EA alive. Tick=157400 Equity=46894.11 OpenPos=0 UTC=2026.03.04 04:50 DayOfWeek=3 WeekendCloseActive=NO NewTradeBlocked=NO | 157400.000000
DN	0	21:52:13.900	Cazyxio_v4.0 (EURUSD,M15)	2026.03.04 04:52:13 | HEARTBEAT | SYSTEM | EA alive. Tick=157500 Equity=46894.11 OpenPos=0 UTC=2026.03.04 04:52 DayOfWeek=3 WeekendCloseActive=NO NewTradeBlocked=NO | 157500.000000
MR	0	21:53:05.447	Cazyxio_v4.0 (EURUSD,M15)	2026.03.04 04:53:05 | HEARTBEAT | SYSTEM | EA alive. Tick=157600 Equity=46894.11 OpenPos=0 UTC=2026.03.04 04:53 DayOfWeek=3 WeekendCloseActive=NO NewTradeBlocked=NO | 157600.000000
QG	0	21:54:04.448	Cazyxio_v4.0 (EURUSD,M15)	2026.03.04 04:54:04 | HEARTBEAT | SYSTEM | EA alive. Tick=157700 Equity=46894.11 OpenPos=0 UTC=2026.03.04 04:54 DayOfWeek=3 WeekendCloseActive=NO NewTradeBlocked=NO | 157700.000000
HK	0	21:55:36.886	Cazyxio_v4.0 (EURUSD,M15)	2026.03.04 04:55:36 | HEARTBEAT | SYSTEM | EA alive. Tick=157800 Equity=46894.11 OpenPos=0 UTC=2026.03.04 04:55 DayOfWeek=3 WeekendCloseActive=NO NewTradeBlocked=NO | 157800.000000
CO	0	21:56:55.149	Cazyxio_v4.0 (EURUSD,M15)	2026.03.04 04:56:55 | HEARTBEAT | SYSTEM | EA alive. Tick=157900 Equity=46894.11 OpenPos=0 UTC=2026.03.04 04:56 DayOfWeek=3 WeekendCloseActive=NO NewTradeBlocked=NO | 157900.000000
IS	0	21:58:48.123	Cazyxio_v4.0 (EURUSD,M15)	2026.03.04 04:58:48 | HEARTBEAT | SYSTEM | EA alive. Tick=158000 Equity=46894.11 OpenPos=0 UTC=2026.03.04 04:58 DayOfWeek=3 WeekendCloseActive=NO NewTradeBlocked=NO | 158000.000000
EF	0	22:00:00.817	Cazyxio_v4.0 (EURUSD,M15)	2026.03.04 05:00:00 | SESSION_WAIT | SYSTEM | Outside session. UTC_hour=5 Sessions: 7:00-17:00 and 12:00-21:00 UTC. Waiting.
OQ	0	22:00:22.905	Cazyxio_v4.0 (EURUSD,M15)	2026.03.04 05:00:22 | HEARTBEAT | SYSTEM | EA alive. Tick=158100 Equity=46894.11 OpenPos=0 UTC=2026.03.04 05:00 DayOfWeek=3 WeekendCloseActive=NO NewTradeBlocked=NO | 158100.000000
NE	0	22:01:53.547	Cazyxio_v4.0 (EURUSD,M15)	2026.03.04 05:01:53 | HEARTBEAT | SYSTEM | EA alive. Tick=158200 Equity=46894.11 OpenPos=0 UTC=2026.03.04 05:01 DayOfWeek=3 WeekendCloseActive=NO NewTradeBlocked=NO | 158200.000000
KI	0	22:03:10.131	Cazyxio_v4.0 (EURUSD,M15)	2026.03.04 05:03:10 | HEARTBEAT | SYSTEM | EA alive. Tick=158300 Equity=46894.11 OpenPos=0 UTC=2026.03.04 05:03 DayOfWeek=3 WeekendCloseActive=NO NewTradeBlocked=NO | 158300.000000
FJ	0	22:04:39.267	Cazyxio_v4.0 (EURUSD,M15)	2026.03.04 05:04:39 | HEARTBEAT | SYSTEM | EA alive. Tick=158400 Equity=46894.11 OpenPos=0 UTC=2026.03.04 05:04 DayOfWeek=3 WeekendCloseActive=NO NewTradeBlocked=NO | 158400.000000
ON	0	22:06:36.129	Cazyxio_v4.0 (EURUSD,M15)	2026.03.04 05:06:36 | HEARTBEAT | SYSTEM | EA alive. Tick=158500 Equity=46894.11 OpenPos=0 UTC=2026.03.04 05:06 DayOfWeek=3 WeekendCloseActive=NO NewTradeBlocked=NO | 158500.000000
QR	0	22:07:59.335	Cazyxio_v4.0 (EURUSD,M15)	2026.03.04 05:07:59 | HEARTBEAT | SYSTEM | EA alive. Tick=158600 Equity=46894.11 OpenPos=0 UTC=2026.03.04 05:07 DayOfWeek=3 WeekendCloseActive=NO NewTradeBlocked=NO | 158600.000000
MF	0	22:09:16.874	Cazyxio_v4.0 (EURUSD,M15)	2026.03.04 05:09:16 | HEARTBEAT | SYSTEM | EA alive. Tick=158700 Equity=46894.11 OpenPos=0 UTC=2026.03.04 05:09 DayOfWeek=3 WeekendCloseActive=NO NewTradeBlocked=NO | 158700.000000
OK	0	22:10:39.559	Cazyxio_v4.0 (EURUSD,M15)	2026.03.04 05:10:39 | HEARTBEAT | SYSTEM | EA alive. Tick=158800 Equity=46894.11 OpenPos=0 UTC=2026.03.04 05:10 DayOfWeek=3 WeekendCloseActive=NO NewTradeBlocked=NO | 158800.000000
OO	0	22:12:25.492	Cazyxio_v4.0 (EURUSD,M15)	2026.03.04 05:12:25 | HEARTBEAT | SYSTEM | EA alive. Tick=158900 Equity=46894.11 OpenPos=0 UTC=2026.03.04 05:12 DayOfWeek=3 WeekendCloseActive=NO NewTradeBlocked=NO | 158900.000000
FS	0	22:13:19.386	Cazyxio_v4.0 (EURUSD,M15)	2026.03.04 05:13:19 | HEARTBEAT | SYSTEM | EA alive. Tick=159000 Equity=46894.11 OpenPos=0 UTC=2026.03.04 05:13 DayOfWeek=3 WeekendCloseActive=NO NewTradeBlocked=NO | 159000.000000
GG	0	22:14:45.944	Cazyxio_v4.0 (EURUSD,M15)	2026.03.04 05:14:45 | HEARTBEAT | SYSTEM | EA alive. Tick=159100 Equity=46894.11 OpenPos=0 UTC=2026.03.04 05:14 DayOfWeek=3 WeekendCloseActive=NO NewTradeBlocked=NO | 159100.000000
LH	0	22:16:31.309	Cazyxio_v4.0 (EURUSD,M15)	2026.03.04 05:16:31 | HEARTBEAT | SYSTEM | EA alive. Tick=159200 Equity=46894.11 OpenPos=0 UTC=2026.03.04 05:16 DayOfWeek=3 WeekendCloseActive=NO NewTradeBlocked=NO | 159200.000000
JL	0	22:17:47.375	Cazyxio_v4.0 (EURUSD,M15)	2026.03.04 05:17:47 | HEARTBEAT | SYSTEM | EA alive. Tick=159300 Equity=46894.11 OpenPos=0 UTC=2026.03.04 05:17 DayOfWeek=3 WeekendCloseActive=NO NewTradeBlocked=NO | 159300.000000
IP	0	22:19:15.615	Cazyxio_v4.0 (EURUSD,M15)	2026.03.04 05:19:15 | HEARTBEAT | SYSTEM | EA alive. Tick=159400 Equity=46894.11 OpenPos=0 UTC=2026.03.04 05:19 DayOfWeek=3 WeekendCloseActive=NO NewTradeBlocked=NO | 159400.000000
MD	0	22:20:41.312	Cazyxio_v4.0 (EURUSD,M15)	2026.03.04 05:20:41 | HEARTBEAT | SYSTEM | EA alive. Tick=159500 Equity=46894.11 OpenPos=0 UTC=2026.03.04 05:20 DayOfWeek=3 WeekendCloseActive=NO NewTradeBlocked=NO | 159500.000000
FI	0	22:22:03.610	Cazyxio_v4.0 (EURUSD,M15)	2026.03.04 05:22:03 | HEARTBEAT | SYSTEM | EA alive. Tick=159600 Equity=46894.11 OpenPos=0 UTC=2026.03.04 05:22 DayOfWeek=3 WeekendCloseActive=NO NewTradeBlocked=NO | 159600.000000
CM	0	22:23:46.724	Cazyxio_v4.0 (EURUSD,M15)	2026.03.04 05:23:46 | HEARTBEAT | SYSTEM | EA alive. Tick=159700 Equity=46894.11 OpenPos=0 UTC=2026.03.04 05:23 DayOfWeek=3 WeekendCloseActive=NO NewTradeBlocked=NO | 159700.000000
RQ	0	22:25:06.646	Cazyxio_v4.0 (EURUSD,M15)	2026.03.04 05:25:06 | HEARTBEAT | SYSTEM | EA alive. Tick=159800 Equity=46894.11 OpenPos=0 UTC=2026.03.04 05:25 DayOfWeek=3 WeekendCloseActive=NO NewTradeBlocked=NO | 159800.000000
HE	0	22:26:21.559	Cazyxio_v4.0 (EURUSD,M15)	2026.03.04 05:26:21 | HEARTBEAT | SYSTEM | EA alive. Tick=159900 Equity=46894.11 OpenPos=0 UTC=2026.03.04 05:26 DayOfWeek=3 WeekendCloseActive=NO NewTradeBlocked=NO | 159900.000000
CF	0	22:27:26.771	Cazyxio_v4.0 (EURUSD,M15)	2026.03.04 05:27:26 | HEARTBEAT | SYSTEM | EA alive. Tick=160000 Equity=46894.11 OpenPos=0 UTC=2026.03.04 05:27 DayOfWeek=3 WeekendCloseActive=NO NewTradeBlocked=NO | 160000.000000
KJ	0	22:29:30.704	Cazyxio_v4.0 (EURUSD,M15)	2026.03.04 05:29:30 | HEARTBEAT | SYSTEM | EA alive. Tick=160100 Equity=46894.11 OpenPos=0 UTC=2026.03.04 05:29 DayOfWeek=3 WeekendCloseActive=NO NewTradeBlocked=NO | 160100.000000
NN	0	22:30:41.859	Cazyxio_v4.0 (EURUSD,M15)	2026.03.04 05:30:41 | HEARTBEAT | SYSTEM | EA alive. Tick=160200 Equity=46894.11 OpenPos=0 UTC=2026.03.04 05:30 DayOfWeek=3 WeekendCloseActive=NO NewTradeBlocked=NO | 160200.000000
QR	0	22:32:27.878	Cazyxio_v4.0 (EURUSD,M15)	2026.03.04 05:32:27 | HEARTBEAT | SYSTEM | EA alive. Tick=160300 Equity=46894.11 OpenPos=0 UTC=2026.03.04 05:32 DayOfWeek=3 WeekendCloseActive=NO NewTradeBlocked=NO | 160300.000000
EG	0	22:33:54.978	Cazyxio_v4.0 (EURUSD,M15)	2026.03.04 05:33:54 | HEARTBEAT | SYSTEM | EA alive. Tick=160400 Equity=46894.11 OpenPos=0 UTC=2026.03.04 05:33 DayOfWeek=3 WeekendCloseActive=NO NewTradeBlocked=NO | 160400.000000
IK	0	22:36:06.416	Cazyxio_v4.0 (EURUSD,M15)	2026.03.04 05:36:06 | HEARTBEAT | SYSTEM | EA alive. Tick=160500 Equity=46894.11 OpenPos=0 UTC=2026.03.04 05:36 DayOfWeek=3 WeekendCloseActive=NO NewTradeBlocked=NO | 160500.000000
NO	0	22:37:37.201	Cazyxio_v4.0 (EURUSD,M15)	2026.03.04 05:37:37 | HEARTBEAT | SYSTEM | EA alive. Tick=160600 Equity=46894.11 OpenPos=0 UTC=2026.03.04 05:37 DayOfWeek=3 WeekendCloseActive=NO NewTradeBlocked=NO | 160600.000000
IS	0	22:38:40.360	Cazyxio_v4.0 (EURUSD,M15)	2026.03.04 05:38:40 | HEARTBEAT | SYSTEM | EA alive. Tick=160700 Equity=46894.11 OpenPos=0 UTC=2026.03.04 05:38 DayOfWeek=3 WeekendCloseActive=NO NewTradeBlocked=NO | 160700.000000
RD	0	22:39:50.111	Cazyxio_v4.0 (EURUSD,M15)	2026.03.04 05:39:50 | HEARTBEAT | SYSTEM | EA alive. Tick=160800 Equity=46894.11 OpenPos=0 UTC=2026.03.04 05:39 DayOfWeek=3 WeekendCloseActive=NO NewTradeBlocked=NO | 160800.000000
HH	0	22:41:09.761	Cazyxio_v4.0 (EURUSD,M15)	2026.03.04 05:41:09 | HEARTBEAT | SYSTEM | EA alive. Tick=160900 Equity=46894.11 OpenPos=0 UTC=2026.03.04 05:41 DayOfWeek=3 WeekendCloseActive=NO NewTradeBlocked=NO | 160900.000000
RL	0	22:42:28.702	Cazyxio_v4.0 (EURUSD,M15)	2026.03.04 05:42:28 | HEARTBEAT | SYSTEM | EA alive. Tick=161000 Equity=46894.11 OpenPos=0 UTC=2026.03.04 05:42 DayOfWeek=3 WeekendCloseActive=NO NewTradeBlocked=NO | 161000.000000
JP	0	22:43:38.697	Cazyxio_v4.0 (EURUSD,M15)	2026.03.04 05:43:38 | HEARTBEAT | SYSTEM | EA alive. Tick=161100 Equity=46894.11 OpenPos=0 UTC=2026.03.04 05:43 DayOfWeek=3 WeekendCloseActive=NO NewTradeBlocked=NO | 161100.000000
KE	0	22:44:55.693	Cazyxio_v4.0 (EURUSD,M15)	2026.03.04 05:44:55 | HEARTBEAT | SYSTEM | EA alive. Tick=161200 Equity=46894.11 OpenPos=0 UTC=2026.03.04 05:44 DayOfWeek=3 WeekendCloseActive=NO NewTradeBlocked=NO | 161200.000000
GI	0	22:46:26.574	Cazyxio_v4.0 (EURUSD,M15)	2026.03.04 05:46:26 | HEARTBEAT | SYSTEM | EA alive. Tick=161300 Equity=46894.11 OpenPos=0 UTC=2026.03.04 05:46 DayOfWeek=3 WeekendCloseActive=NO NewTradeBlocked=NO | 161300.000000
QM	0	22:47:33.144	Cazyxio_v4.0 (EURUSD,M15)	2026.03.04 05:47:33 | HEARTBEAT | SYSTEM | EA alive. Tick=161400 Equity=46894.11 OpenPos=0 UTC=2026.03.04 05:47 DayOfWeek=3 WeekendCloseActive=NO NewTradeBlocked=NO | 161400.000000
DQ	0	22:49:03.253	Cazyxio_v4.0 (EURUSD,M15)	2026.03.04 05:49:03 | HEARTBEAT | SYSTEM | EA alive. Tick=161500 Equity=46894.11 OpenPos=0 UTC=2026.03.04 05:49 DayOfWeek=3 WeekendCloseActive=NO NewTradeBlocked=NO | 161500.000000
JR	0	22:50:05.547	Cazyxio_v4.0 (EURUSD,M15)	2026.03.04 05:50:05 | HEARTBEAT | SYSTEM | EA alive. Tick=161600 Equity=46894.11 OpenPos=0 UTC=2026.03.04 05:50 DayOfWeek=3 WeekendCloseActive=NO NewTradeBlocked=NO | 161600.000000
HF	0	22:51:48.177	Cazyxio_v4.0 (EURUSD,M15)	2026.03.04 05:51:48 | HEARTBEAT | SYSTEM | EA alive. Tick=161700 Equity=46894.11 OpenPos=0 UTC=2026.03.04 05:51 DayOfWeek=3 WeekendCloseActive=NO NewTradeBlocked=NO | 161700.000000
DJ	0	22:53:16.649	Cazyxio_v4.0 (EURUSD,M15)	2026.03.04 05:53:16 | HEARTBEAT | SYSTEM | EA alive. Tick=161800 Equity=46894.11 OpenPos=0 UTC=2026.03.04 05:53 DayOfWeek=3 WeekendCloseActive=NO NewTradeBlocked=NO | 161800.000000
MN	0	22:54:55.298	Cazyxio_v4.0 (EURUSD,M15)	2026.03.04 05:54:55 | HEARTBEAT | SYSTEM | EA alive. Tick=161900 Equity=46894.11 OpenPos=0 UTC=2026.03.04 05:54 DayOfWeek=3 WeekendCloseActive=NO NewTradeBlocked=NO | 161900.000000
OS	0	22:56:03.759	Cazyxio_v4.0 (EURUSD,M15)	2026.03.04 05:56:03 | HEARTBEAT | SYSTEM | EA alive. Tick=162000 Equity=46894.11 OpenPos=0 UTC=2026.03.04 05:56 DayOfWeek=3 WeekendCloseActive=NO NewTradeBlocked=NO | 162000.000000
LG	0	22:57:00.218	Cazyxio_v4.0 (EURUSD,M15)	2026.03.04 05:57:00 | HEARTBEAT | SYSTEM | EA alive. Tick=162100 Equity=46894.11 OpenPos=0 UTC=2026.03.04 05:57 DayOfWeek=3 WeekendCloseActive=NO NewTradeBlocked=NO | 162100.000000
OK	0	22:58:17.058	Cazyxio_v4.0 (EURUSD,M15)	2026.03.04 05:58:17 | HEARTBEAT | SYSTEM | EA alive. Tick=162200 Equity=46894.11 OpenPos=0 UTC=2026.03.04 05:58 DayOfWeek=3 WeekendCloseActive=NO NewTradeBlocked=NO | 162200.000000
IO	0	22:59:27.882	Cazyxio_v4.0 (EURUSD,M15)	2026.03.04 05:59:27 | HEARTBEAT | SYSTEM | EA alive. Tick=162300 Equity=46894.11 OpenPos=0 UTC=2026.03.04 05:59 DayOfWeek=3 WeekendCloseActive=NO NewTradeBlocked=NO | 162300.000000
JR	0	23:00:00.903	Cazyxio_v4.0 (EURUSD,M15)	2026.03.04 06:00:00 | SESSION_WAIT | SYSTEM | Outside session. UTC_hour=6 Sessions: 7:00-17:00 and 12:00-21:00 UTC. Waiting.
CM	0	23:00:25.616	Cazyxio_v4.0 (EURUSD,M15)	2026.03.04 06:00:25 | HEARTBEAT | SYSTEM | EA alive. Tick=162400 Equity=46894.11 OpenPos=0 UTC=2026.03.04 06:00 DayOfWeek=3 WeekendCloseActive=NO NewTradeBlocked=NO | 162400.000000
FQ	0	23:01:50.078	Cazyxio_v4.0 (EURUSD,M15)	2026.03.04 06:01:50 | HEARTBEAT | SYSTEM | EA alive. Tick=162500 Equity=46894.11 OpenPos=0 UTC=2026.03.04 06:01 DayOfWeek=3 WeekendCloseActive=NO NewTradeBlocked=NO | 162500.000000
LE	0	23:03:33.074	Cazyxio_v4.0 (EURUSD,M15)	2026.03.04 06:03:33 | HEARTBEAT | SYSTEM | EA alive. Tick=162600 Equity=46894.11 OpenPos=0 UTC=2026.03.04 06:03 DayOfWeek=3 WeekendCloseActive=NO NewTradeBlocked=NO | 162600.000000
IF	0	23:04:43.645	Cazyxio_v4.0 (EURUSD,M15)	2026.03.04 06:04:43 | HEARTBEAT | SYSTEM | EA alive. Tick=162700 Equity=46894.11 OpenPos=0 UTC=2026.03.04 06:04 DayOfWeek=3 WeekendCloseActive=NO NewTradeBlocked=NO | 162700.000000
PJ	0	23:05:55.999	Cazyxio_v4.0 (EURUSD,M15)	2026.03.04 06:05:55 | HEARTBEAT | SYSTEM | EA alive. Tick=162800 Equity=46894.11 OpenPos=0 UTC=2026.03.04 06:05 DayOfWeek=3 WeekendCloseActive=NO NewTradeBlocked=NO | 162800.000000
GN	0	23:06:57.249	Cazyxio_v4.0 (EURUSD,M15)	2026.03.04 06:06:57 | HEARTBEAT | SYSTEM | EA alive. Tick=162900 Equity=46894.11 OpenPos=0 UTC=2026.03.04 06:06 DayOfWeek=3 WeekendCloseActive=NO NewTradeBlocked=NO | 162900.000000
IR	0	23:07:54.549	Cazyxio_v4.0 (EURUSD,M15)	2026.03.04 06:07:54 | HEARTBEAT | SYSTEM | EA alive. Tick=163000 Equity=46894.11 OpenPos=0 UTC=2026.03.04 06:07 DayOfWeek=3 WeekendCloseActive=NO NewTradeBlocked=NO | 163000.000000
KG	0	23:09:15.141	Cazyxio_v4.0 (EURUSD,M15)	2026.03.04 06:09:15 | HEARTBEAT | SYSTEM | EA alive. Tick=163100 Equity=46894.11 OpenPos=0 UTC=2026.03.04 06:09 DayOfWeek=3 WeekendCloseActive=NO NewTradeBlocked=NO | 163100.000000
DK	0	23:10:42.111	Cazyxio_v4.0 (EURUSD,M15)	2026.03.04 06:10:42 | HEARTBEAT | SYSTEM | EA alive. Tick=163200 Equity=46894.11 OpenPos=0 UTC=2026.03.04 06:10 DayOfWeek=3 WeekendCloseActive=NO NewTradeBlocked=NO | 163200.000000
QO	0	23:11:59.322	Cazyxio_v4.0 (EURUSD,M15)	2026.03.04 06:11:59 | HEARTBEAT | SYSTEM | EA alive. Tick=163300 Equity=46894.11 OpenPos=0 UTC=2026.03.04 06:11 DayOfWeek=3 WeekendCloseActive=NO NewTradeBlocked=NO | 163300.000000
PS	0	23:13:11.547	Cazyxio_v4.0 (EURUSD,M15)	2026.03.04 06:13:11 | HEARTBEAT | SYSTEM | EA alive. Tick=163400 Equity=46894.11 OpenPos=0 UTC=2026.03.04 06:13 DayOfWeek=3 WeekendCloseActive=NO NewTradeBlocked=NO | 163400.000000
MD	0	23:14:10.138	Cazyxio_v4.0 (EURUSD,M15)	2026.03.04 06:14:10 | HEARTBEAT | SYSTEM | EA alive. Tick=163500 Equity=46894.11 OpenPos=0 UTC=2026.03.04 06:14 DayOfWeek=3 WeekendCloseActive=NO NewTradeBlocked=NO | 163500.000000
JH	0	23:15:59.516	Cazyxio_v4.0 (EURUSD,M15)	2026.03.04 06:15:59 | HEARTBEAT | SYSTEM | EA alive. Tick=163600 Equity=46894.11 OpenPos=0 UTC=2026.03.04 06:15 DayOfWeek=3 WeekendCloseActive=NO NewTradeBlocked=NO | 163600.000000
NL	0	23:17:32.505	Cazyxio_v4.0 (EURUSD,M15)	2026.03.04 06:17:32 | HEARTBEAT | SYSTEM | EA alive. Tick=163700 Equity=46894.11 OpenPos=0 UTC=2026.03.04 06:17 DayOfWeek=3 WeekendCloseActive=NO NewTradeBlocked=NO | 163700.000000
FP	0	23:19:03.389	Cazyxio_v4.0 (EURUSD,M15)	2026.03.04 06:19:03 | HEARTBEAT | SYSTEM | EA alive. Tick=163800 Equity=46894.11 OpenPos=0 UTC=2026.03.04 06:19 DayOfWeek=3 WeekendCloseActive=NO NewTradeBlocked=NO | 163800.000000
FE	0	23:20:28.848	Cazyxio_v4.0 (EURUSD,M15)	2026.03.04 06:20:28 | HEARTBEAT | SYSTEM | EA alive. Tick=163900 Equity=46894.11 OpenPos=0 UTC=2026.03.04 06:20 DayOfWeek=3 WeekendCloseActive=NO NewTradeBlocked=NO | 163900.000000
LI	0	23:21:40.847	Cazyxio_v4.0 (EURUSD,M15)	2026.03.04 06:21:40 | HEARTBEAT | SYSTEM | EA alive. Tick=164000 Equity=46894.11 OpenPos=0 UTC=2026.03.04 06:21 DayOfWeek=3 WeekendCloseActive=NO NewTradeBlocked=NO | 164000.000000
NM	0	23:22:51.530	Cazyxio_v4.0 (EURUSD,M15)	2026.03.04 06:22:51 | HEARTBEAT | SYSTEM | EA alive. Tick=164100 Equity=46894.11 OpenPos=0 UTC=2026.03.04 06:22 DayOfWeek=3 WeekendCloseActive=NO NewTradeBlocked=NO | 164100.000000
OQ	0	23:24:08.892	Cazyxio_v4.0 (EURUSD,M15)	2026.03.04 06:24:08 | HEARTBEAT | SYSTEM | EA alive. Tick=164200 Equity=46894.11 OpenPos=0 UTC=2026.03.04 06:24 DayOfWeek=3 WeekendCloseActive=NO NewTradeBlocked=NO | 164200.000000
IR	0	23:25:36.664	Cazyxio_v4.0 (EURUSD,M15)	2026.03.04 06:25:36 | HEARTBEAT | SYSTEM | EA alive. Tick=164300 Equity=46894.11 OpenPos=0 UTC=2026.03.04 06:25 DayOfWeek=3 WeekendCloseActive=NO NewTradeBlocked=NO | 164300.000000
FF	0	23:26:34.251	Cazyxio_v4.0 (EURUSD,M15)	2026.03.04 06:26:34 | HEARTBEAT | SYSTEM | EA alive. Tick=164400 Equity=46894.11 OpenPos=0 UTC=2026.03.04 06:26 DayOfWeek=3 WeekendCloseActive=NO NewTradeBlocked=NO | 164400.000000
FJ	0	23:27:32.038	Cazyxio_v4.0 (EURUSD,M15)	2026.03.04 06:27:32 | HEARTBEAT | SYSTEM | EA alive. Tick=164500 Equity=46894.11 OpenPos=0 UTC=2026.03.04 06:27 DayOfWeek=3 WeekendCloseActive=NO NewTradeBlocked=NO | 164500.000000
KN	0	23:28:51.803	Cazyxio_v4.0 (EURUSD,M15)	2026.03.04 06:28:51 | HEARTBEAT | SYSTEM | EA alive. Tick=164600 Equity=46894.11 OpenPos=0 UTC=2026.03.04 06:28 DayOfWeek=3 WeekendCloseActive=NO NewTradeBlocked=NO | 164600.000000
KS	0	23:29:56.226	Cazyxio_v4.0 (EURUSD,M15)	2026.03.04 06:29:56 | HEARTBEAT | SYSTEM | EA alive. Tick=164700 Equity=46894.11 OpenPos=0 UTC=2026.03.04 06:29 DayOfWeek=3 WeekendCloseActive=NO NewTradeBlocked=NO | 164700.000000
CG	0	23:31:02.641	Cazyxio_v4.0 (EURUSD,M15)	2026.03.04 06:31:02 | HEARTBEAT | SYSTEM | EA alive. Tick=164800 Equity=46894.11 OpenPos=0 UTC=2026.03.04 06:31 DayOfWeek=3 WeekendCloseActive=NO NewTradeBlocked=NO | 164800.000000
OK	0	23:31:55.298	Cazyxio_v4.0 (EURUSD,M15)	2026.03.04 06:31:55 | HEARTBEAT | SYSTEM | EA alive. Tick=164900 Equity=46894.11 OpenPos=0 UTC=2026.03.04 06:31 DayOfWeek=3 WeekendCloseActive=NO NewTradeBlocked=NO | 164900.000000
QO	0	23:33:10.700	Cazyxio_v4.0 (EURUSD,M15)	2026.03.04 06:33:10 | HEARTBEAT | SYSTEM | EA alive. Tick=165000 Equity=46894.11 OpenPos=0 UTC=2026.03.04 06:33 DayOfWeek=3 WeekendCloseActive=NO NewTradeBlocked=NO | 165000.000000
JP	0	23:34:14.713	Cazyxio_v4.0 (EURUSD,M15)	2026.03.04 06:34:14 | HEARTBEAT | SYSTEM | EA alive. Tick=165100 Equity=46894.11 OpenPos=0 UTC=2026.03.04 06:34 DayOfWeek=3 WeekendCloseActive=NO NewTradeBlocked=NO | 165100.000000
DD	0	23:35:19.754	Cazyxio_v4.0 (EURUSD,M15)	2026.03.04 06:35:19 | HEARTBEAT | SYSTEM | EA alive. Tick=165200 Equity=46894.11 OpenPos=0 UTC=2026.03.04 06:35 DayOfWeek=3 WeekendCloseActive=NO NewTradeBlocked=NO | 165200.000000
FH	0	23:36:20.083	Cazyxio_v4.0 (EURUSD,M15)	2026.03.04 06:36:20 | HEARTBEAT | SYSTEM | EA alive. Tick=165300 Equity=46894.11 OpenPos=0 UTC=2026.03.04 06:36 DayOfWeek=3 WeekendCloseActive=NO NewTradeBlocked=NO | 165300.000000
RL	0	23:37:33.310	Cazyxio_v4.0 (EURUSD,M15)	2026.03.04 06:37:33 | HEARTBEAT | SYSTEM | EA alive. Tick=165400 Equity=46894.11 OpenPos=0 UTC=2026.03.04 06:37 DayOfWeek=3 WeekendCloseActive=NO NewTradeBlocked=NO | 165400.000000
CQ	0	23:38:39.439	Cazyxio_v4.0 (EURUSD,M15)	2026.03.04 06:38:39 | HEARTBEAT | SYSTEM | EA alive. Tick=165500 Equity=46894.11 OpenPos=0 UTC=2026.03.04 06:38 DayOfWeek=3 WeekendCloseActive=NO NewTradeBlocked=NO | 165500.000000
PE	0	23:39:36.060	Cazyxio_v4.0 (EURUSD,M15)	2026.03.04 06:39:36 | HEARTBEAT | SYSTEM | EA alive. Tick=165600 Equity=46894.11 OpenPos=0 UTC=2026.03.04 06:39 DayOfWeek=3 WeekendCloseActive=NO NewTradeBlocked=NO | 165600.000000
QI	0	23:40:50.025	Cazyxio_v4.0 (EURUSD,M15)	2026.03.04 06:40:50 | HEARTBEAT | SYSTEM | EA alive. Tick=165700 Equity=46894.11 OpenPos=0 UTC=2026.03.04 06:40 DayOfWeek=3 WeekendCloseActive=NO NewTradeBlocked=NO | 165700.000000
EM	0	23:42:04.368	Cazyxio_v4.0 (EURUSD,M15)	2026.03.04 06:42:04 | HEARTBEAT | SYSTEM | EA alive. Tick=165800 Equity=46894.11 OpenPos=0 UTC=2026.03.04 06:42 DayOfWeek=3 WeekendCloseActive=NO NewTradeBlocked=NO | 165800.000000
JN	0	23:43:32.342	Cazyxio_v4.0 (EURUSD,M15)	2026.03.04 06:43:32 | HEARTBEAT | SYSTEM | EA alive. Tick=165900 Equity=46894.11 OpenPos=0 UTC=2026.03.04 06:43 DayOfWeek=3 WeekendCloseActive=NO NewTradeBlocked=NO | 165900.000000
DR	0	23:44:39.572	Cazyxio_v4.0 (EURUSD,M15)	2026.03.04 06:44:39 | HEARTBEAT | SYSTEM | EA alive. Tick=166000 Equity=46894.11 OpenPos=0 UTC=2026.03.04 06:44 DayOfWeek=3 WeekendCloseActive=NO NewTradeBlocked=NO | 166000.000000
QF	0	23:45:49.983	Cazyxio_v4.0 (EURUSD,M15)	2026.03.04 06:45:49 | HEARTBEAT | SYSTEM | EA alive. Tick=166100 Equity=46894.11 OpenPos=0 UTC=2026.03.04 06:45 DayOfWeek=3 WeekendCloseActive=NO NewTradeBlocked=NO | 166100.000000
JJ	0	23:47:13.386	Cazyxio_v4.0 (EURUSD,M15)	2026.03.04 06:47:13 | HEARTBEAT | SYSTEM | EA alive. Tick=166200 Equity=46894.11 OpenPos=0 UTC=2026.03.04 06:47 DayOfWeek=3 WeekendCloseActive=NO NewTradeBlocked=NO | 166200.000000
GO	0	23:48:47.159	Cazyxio_v4.0 (EURUSD,M15)	2026.03.04 06:48:47 | HEARTBEAT | SYSTEM | EA alive. Tick=166300 Equity=46894.11 OpenPos=0 UTC=2026.03.04 06:48 DayOfWeek=3 WeekendCloseActive=NO NewTradeBlocked=NO | 166300.000000
CS	0	23:50:31.576	Cazyxio_v4.0 (EURUSD,M15)	2026.03.04 06:50:31 | HEARTBEAT | SYSTEM | EA alive. Tick=166400 Equity=46894.11 OpenPos=0 UTC=2026.03.04 06:50 DayOfWeek=3 WeekendCloseActive=NO NewTradeBlocked=NO | 166400.000000
CG	0	23:51:49.889	Cazyxio_v4.0 (EURUSD,M15)	2026.03.04 06:51:49 | HEARTBEAT | SYSTEM | EA alive. Tick=166500 Equity=46894.11 OpenPos=0 UTC=2026.03.04 06:51 DayOfWeek=3 WeekendCloseActive=NO NewTradeBlocked=NO | 166500.000000
MK	0	23:53:06.731	Cazyxio_v4.0 (EURUSD,M15)	2026.03.04 06:53:06 | HEARTBEAT | SYSTEM | EA alive. Tick=166600 Equity=46894.11 OpenPos=0 UTC=2026.03.04 06:53 DayOfWeek=3 WeekendCloseActive=NO NewTradeBlocked=NO | 166600.000000
FL	0	23:54:35.412	Cazyxio_v4.0 (EURUSD,M15)	2026.03.04 06:54:35 | HEARTBEAT | SYSTEM | EA alive. Tick=166700 Equity=46894.11 OpenPos=0 UTC=2026.03.04 06:54 DayOfWeek=3 WeekendCloseActive=NO NewTradeBlocked=NO | 166700.000000
GP	0	23:56:03.745	Cazyxio_v4.0 (EURUSD,M15)	2026.03.04 06:56:03 | HEARTBEAT | SYSTEM | EA alive. Tick=166800 Equity=46894.11 OpenPos=0 UTC=2026.03.04 06:56 DayOfWeek=3 WeekendCloseActive=NO NewTradeBlocked=NO | 166800.000000
OD	0	23:57:17.726	Cazyxio_v4.0 (EURUSD,M15)	2026.03.04 06:57:17 | HEARTBEAT | SYSTEM | EA alive. Tick=166900 Equity=46894.11 OpenPos=0 UTC=2026.03.04 06:57 DayOfWeek=3 WeekendCloseActive=NO NewTradeBlocked=NO | 166900.000000
JH	0	23:58:43.663	Cazyxio_v4.0 (EURUSD,M15)	2026.03.04 06:58:43 | HEARTBEAT | SYSTEM | EA alive. Tick=167000 Equity=46894.11 OpenPos=0 UTC=2026.03.04 06:58 DayOfWeek=3 WeekendCloseActive=NO NewTradeBlocked=NO | 167000.000000
EM	0	23:59:52.964	Cazyxio_v4.0 (EURUSD,M15)	2026.03.04 06:59:52 | HEARTBEAT | SYSTEM | EA alive. Tick=167100 Equity=46894.11 OpenPos=0 UTC=2026.03.04 06:59 DayOfWeek=3 WeekendCloseActive=NO NewTradeBlocked=NO | 167100.000000